D 20:13:59.9464708 GameState.DebugPrintPower() - CREATE_GAME
D 20:13:59.9464708 GameState.DebugPrintPower() -     GameEntity EntityID=1
D 20:13:59.9464708 GameState.DebugPrintPower() -         tag=CARDTYPE value=GAME
D 20:13:59.9464708 GameState.DebugPrintPower() -         tag=ZONE value=PLAY
D 20:13:59.9464708 GameState.DebugPrintPower() -         tag=ENTITY_ID value=1
D 20:13:59.9464708 GameState.DebugPrintPower() -         tag=937 value=2
D 20:13:59.9464708 GameState.DebugPrintPower() -         tag=SPAWN_TIME_COUNT value=1
D 20:13:59.9464708 GameState.DebugPrintPower() -         tag=GAME_SEED value=954198391
D 20:13:59.9464708 GameState.DebugPrintPower() -     Player EntityID=2 PlayerID=1 GameAccountId=[hi=144115211015832391 lo=83449896]
D 20:13:59.9464708 GameState.DebugPrintPower() -         tag=CONTROLLER value=1
D 20:13:59.9464708 GameState.DebugPrintPower() -         tag=CARDTYPE value=PLAYER
D 20:13:59.9464708 GameState.DebugPrintPower() -         tag=PLAYER_ID value=1
D 20:13:59.9464708 GameState.DebugPrintPower() -         tag=HERO_ENTITY value=67
D 20:13:59.9464708 GameState.DebugPrintPower() -         tag=MAXHANDSIZE value=10
D 20:13:59.9464708 GameState.DebugPrintPower() -         tag=STARTHANDSIZE value=4
D 20:13:59.9464708 GameState.DebugPrintPower() -         tag=TEAM_ID value=1
D 20:13:59.9464708 GameState.DebugPrintPower() -         tag=ZONE value=PLAY
D 20:13:59.9464708 GameState.DebugPrintPower() -         tag=ENTITY_ID value=2
D 20:13:59.9464708 GameState.DebugPrintPower() -         tag=MAXRESOURCES value=10
D 20:13:59.9464708 GameState.DebugPrintPower() -         tag=SPAWN_TIME_COUNT value=1
D 20:13:59.9464708 GameState.DebugPrintPower() -         tag=MAX_EXCAVATE_TIER value=2
D 20:13:59.9464708 GameState.DebugPrintPower() -     Player EntityID=3 PlayerID=2 GameAccountId=[hi=144115211015832391 lo=229314164]
D 20:13:59.9464708 GameState.DebugPrintPower() -         tag=CONTROLLER value=2
D 20:13:59.9464708 GameState.DebugPrintPower() -         tag=CARDTYPE value=PLAYER
D 20:13:59.9464708 GameState.DebugPrintPower() -         tag=PLAYER_ID value=2
D 20:13:59.9464708 GameState.DebugPrintPower() -         tag=HERO_ENTITY value=69
D 20:13:59.9464708 GameState.DebugPrintPower() -         tag=MAXHANDSIZE value=10
D 20:13:59.9464708 GameState.DebugPrintPower() -         tag=STARTHANDSIZE value=4
D 20:13:59.9464708 GameState.DebugPrintPower() -         tag=TEAM_ID value=2
D 20:13:59.9464708 GameState.DebugPrintPower() -         tag=ZONE value=PLAY
D 20:13:59.9464708 GameState.DebugPrintPower() -         tag=ENTITY_ID value=3
D 20:13:59.9464708 GameState.DebugPrintPower() -         tag=MAXRESOURCES value=10
D 20:13:59.9464708 GameState.DebugPrintPower() -         tag=SPAWN_TIME_COUNT value=1
D 20:13:59.9464708 GameState.DebugPrintPower() -         tag=MAX_EXCAVATE_TIER value=2
D 20:13:59.9464708 GameState.DebugPrintPower() -         tag=PET_ENTITY value=71
D 20:13:59.9464708 GameState.DebugPrintPower() -         tag=PET_VARIANT_ID value=9
D 20:13:59.9464708 GameState.DebugPrintPower() -         tag=PET_ID value=3
D 20:13:59.9464708 GameState.DebugPrintPower() - FULL_ENTITY - Creating ID=4 CardID=
D 20:13:59.9464708 GameState.DebugPrintPower() -     tag=ZONE value=DECK
D 20:13:59.9464708 GameState.DebugPrintPower() -     tag=CONTROLLER value=1
D 20:13:59.9464708 GameState.DebugPrintPower() -     tag=ENTITY_ID value=4
D 20:13:59.9464708 GameState.DebugPrintPower() - FULL_ENTITY - Creating ID=5 CardID=
D 20:13:59.9464708 GameState.DebugPrintPower() -     tag=ZONE value=DECK
D 20:13:59.9464708 GameState.DebugPrintPower() -     tag=CONTROLLER value=1
D 20:13:59.9464708 GameState.DebugPrintPower() -     tag=ENTITY_ID value=5
D 20:13:59.9464708 GameState.DebugPrintPower() - FULL_ENTITY - Creating ID=6 CardID=
D 20:13:59.9464708 GameState.DebugPrintPower() -     tag=ZONE value=DECK
D 20:13:59.9464708 GameState.DebugPrintPower() -     tag=CONTROLLER value=1
D 20:13:59.9464708 GameState.DebugPrintPower() -     tag=ENTITY_ID value=6
D 20:13:59.9464708 GameState.DebugPrintPower() - FULL_ENTITY - Creating ID=7 CardID=
D 20:13:59.9464708 GameState.DebugPrintPower() -     tag=ZONE value=SETASIDE
D 20:13:59.9464708 GameState.DebugPrintPower() -     tag=CONTROLLER value=1
D 20:13:59.9464708 GameState.DebugPrintPower() -     tag=ENTITY_ID value=7
D 20:13:59.9464708 GameState.DebugPrintPower() - FULL_ENTITY - Creating ID=8 CardID=
D 20:13:59.9464708 GameState.DebugPrintPower() -     tag=ZONE value=SETASIDE
D 20:13:59.9464708 GameState.DebugPrintPower() -     tag=CONTROLLER value=1
D 20:13:59.9464708 GameState.DebugPrintPower() -     tag=ENTITY_ID value=8
D 20:13:59.9464708 GameState.DebugPrintPower() - FULL_ENTITY - Creating ID=9 CardID=
D 20:13:59.9464708 GameState.DebugPrintPower() -     tag=ZONE value=DECK
D 20:13:59.9464708 GameState.DebugPrintPower() -     tag=CONTROLLER value=1
D 20:13:59.9464708 GameState.DebugPrintPower() -     tag=ENTITY_ID value=9
D 20:13:59.9464708 GameState.DebugPrintPower() - FULL_ENTITY - Creating ID=10 CardID=
D 20:13:59.9464708 GameState.DebugPrintPower() -     tag=ZONE value=DECK
D 20:13:59.9464708 GameState.DebugPrintPower() -     tag=CONTROLLER value=1
D 20:13:59.9464708 GameState.DebugPrintPower() -     tag=ENTITY_ID value=10
D 20:13:59.9464708 GameState.DebugPrintPower() - FULL_ENTITY - Creating ID=11 CardID=
D 20:13:59.9464708 GameState.DebugPrintPower() -     tag=ZONE value=DECK
D 20:13:59.9464708 GameState.DebugPrintPower() -     tag=CONTROLLER value=1
D 20:13:59.9464708 GameState.DebugPrintPower() -     tag=ENTITY_ID value=11
D 20:13:59.9464708 GameState.DebugPrintPower() - FULL_ENTITY - Creating ID=12 CardID=
D 20:13:59.9464708 GameState.DebugPrintPower() -     tag=ZONE value=DECK
D 20:13:59.9464708 GameState.DebugPrintPower() -     tag=CONTROLLER value=1
D 20:13:59.9464708 GameState.DebugPrintPower() -     tag=ENTITY_ID value=12
D 20:13:59.9464708 GameState.DebugPrintPower() - FULL_ENTITY - Creating ID=13 CardID=
D 20:13:59.9464708 GameState.DebugPrintPower() -     tag=ZONE value=DECK
D 20:13:59.9464708 GameState.DebugPrintPower() -     tag=CONTROLLER value=1
D 20:13:59.9464708 GameState.DebugPrintPower() -     tag=ENTITY_ID value=13
D 20:13:59.9464708 GameState.DebugPrintPower() - FULL_ENTITY - Creating ID=14 CardID=
D 20:13:59.9464708 GameState.DebugPrintPower() -     tag=ZONE value=DECK
D 20:13:59.9464708 GameState.DebugPrintPower() -     tag=CONTROLLER value=1
D 20:13:59.9464708 GameState.DebugPrintPower() -     tag=ENTITY_ID value=14
D 20:13:59.9464708 GameState.DebugPrintPower() - FULL_ENTITY - Creating ID=15 CardID=
D 20:13:59.9464708 GameState.DebugPrintPower() -     tag=ZONE value=DECK
D 20:13:59.9464708 GameState.DebugPrintPower() -     tag=CONTROLLER value=1
D 20:13:59.9464708 GameState.DebugPrintPower() -     tag=ENTITY_ID value=15
D 20:13:59.9464708 GameState.DebugPrintPower() - FULL_ENTITY - Creating ID=16 CardID=
D 20:13:59.9464708 GameState.DebugPrintPower() -     tag=ZONE value=DECK
D 20:13:59.9464708 GameState.DebugPrintPower() -     tag=CONTROLLER value=1
D 20:13:59.9464708 GameState.DebugPrintPower() -     tag=ENTITY_ID value=16
D 20:13:59.9464708 GameState.DebugPrintPower() - FULL_ENTITY - Creating ID=17 CardID=
D 20:13:59.9464708 GameState.DebugPrintPower() -     tag=ZONE value=DECK
D 20:13:59.9464708 GameState.DebugPrintPower() -     tag=CONTROLLER value=1
D 20:13:59.9464708 GameState.DebugPrintPower() -     tag=ENTITY_ID value=17
D 20:13:59.9464708 GameState.DebugPrintPower() - FULL_ENTITY - Creating ID=18 CardID=
D 20:13:59.9464708 GameState.DebugPrintPower() -     tag=ZONE value=DECK
D 20:13:59.9464708 GameState.DebugPrintPower() -     tag=CONTROLLER value=1
D 20:13:59.9464708 GameState.DebugPrintPower() -     tag=ENTITY_ID value=18
D 20:13:59.9464708 GameState.DebugPrintPower() - FULL_ENTITY - Creating ID=19 CardID=
D 20:13:59.9464708 GameState.DebugPrintPower() -     tag=ZONE value=DECK
D 20:13:59.9464708 GameState.DebugPrintPower() -     tag=CONTROLLER value=1
D 20:13:59.9464708 GameState.DebugPrintPower() -     tag=ENTITY_ID value=19
D 20:13:59.9464708 GameState.DebugPrintPower() - FULL_ENTITY - Creating ID=20 CardID=
D 20:13:59.9464708 GameState.DebugPrintPower() -     tag=ZONE value=DECK
D 20:13:59.9464708 GameState.DebugPrintPower() -     tag=CONTROLLER value=1
D 20:13:59.9464708 GameState.DebugPrintPower() -     tag=ENTITY_ID value=20
D 20:13:59.9464708 GameState.DebugPrintPower() - FULL_ENTITY - Creating ID=21 CardID=
D 20:13:59.9464708 GameState.DebugPrintPower() -     tag=ZONE value=DECK
D 20:13:59.9464708 GameState.DebugPrintPower() -     tag=CONTROLLER value=1
D 20:13:59.9464708 GameState.DebugPrintPower() -     tag=ENTITY_ID value=21
D 20:13:59.9464708 GameState.DebugPrintPower() - FULL_ENTITY - Creating ID=22 CardID=
D 20:13:59.9464708 GameState.DebugPrintPower() -     tag=ZONE value=DECK
D 20:13:59.9464708 GameState.DebugPrintPower() -     tag=CONTROLLER value=1
D 20:13:59.9464708 GameState.DebugPrintPower() -     tag=ENTITY_ID value=22
D 20:13:59.9464708 GameState.DebugPrintPower() - FULL_ENTITY - Creating ID=23 CardID=
D 20:13:59.9464708 GameState.DebugPrintPower() -     tag=ZONE value=DECK
D 20:13:59.9464708 GameState.DebugPrintPower() -     tag=CONTROLLER value=1
D 20:13:59.9464708 GameState.DebugPrintPower() -     tag=ENTITY_ID value=23
D 20:13:59.9464708 GameState.DebugPrintPower() - FULL_ENTITY - Creating ID=24 CardID=
D 20:13:59.9464708 GameState.DebugPrintPower() -     tag=ZONE value=SETASIDE
D 20:13:59.9464708 GameState.DebugPrintPower() -     tag=CONTROLLER value=1
D 20:13:59.9464708 GameState.DebugPrintPower() -     tag=ENTITY_ID value=24
D 20:13:59.9464708 GameState.DebugPrintPower() - FULL_ENTITY - Creating ID=25 CardID=
D 20:13:59.9464708 GameState.DebugPrintPower() -     tag=ZONE value=SETASIDE
D 20:13:59.9464708 GameState.DebugPrintPower() -     tag=CONTROLLER value=1
D 20:13:59.9464708 GameState.DebugPrintPower() -     tag=ENTITY_ID value=25
D 20:13:59.9464708 GameState.DebugPrintPower() - FULL_ENTITY - Creating ID=26 CardID=
D 20:13:59.9464708 GameState.DebugPrintPower() -     tag=ZONE value=DECK
D 20:13:59.9464708 GameState.DebugPrintPower() -     tag=CONTROLLER value=1
D 20:13:59.9464708 GameState.DebugPrintPower() -     tag=ENTITY_ID value=26
D 20:13:59.9464708 GameState.DebugPrintPower() - FULL_ENTITY - Creating ID=27 CardID=
D 20:13:59.9464708 GameState.DebugPrintPower() -     tag=ZONE value=DECK
D 20:13:59.9464708 GameState.DebugPrintPower() -     tag=CONTROLLER value=1
D 20:13:59.9464708 GameState.DebugPrintPower() -     tag=ENTITY_ID value=27
D 20:13:59.9464708 GameState.DebugPrintPower() - FULL_ENTITY - Creating ID=28 CardID=
D 20:13:59.9464708 GameState.DebugPrintPower() -     tag=ZONE value=SETASIDE
D 20:13:59.9464708 GameState.DebugPrintPower() -     tag=CONTROLLER value=1
D 20:13:59.9464708 GameState.DebugPrintPower() -     tag=ENTITY_ID value=28
D 20:13:59.9464708 GameState.DebugPrintPower() - FULL_ENTITY - Creating ID=29 CardID=
D 20:13:59.9464708 GameState.DebugPrintPower() -     tag=ZONE value=SETASIDE
D 20:13:59.9464708 GameState.DebugPrintPower() -     tag=CONTROLLER value=1
D 20:13:59.9464708 GameState.DebugPrintPower() -     tag=ENTITY_ID value=29
D 20:13:59.9464708 GameState.DebugPrintPower() - FULL_ENTITY - Creating ID=30 CardID=
D 20:13:59.9464708 GameState.DebugPrintPower() -     tag=ZONE value=DECK
D 20:13:59.9464708 GameState.DebugPrintPower() -     tag=CONTROLLER value=1
D 20:13:59.9464708 GameState.DebugPrintPower() -     tag=ENTITY_ID value=30
D 20:13:59.9464708 GameState.DebugPrintPower() - FULL_ENTITY - Creating ID=31 CardID=
D 20:13:59.9464708 GameState.DebugPrintPower() -     tag=ZONE value=DECK
D 20:13:59.9464708 GameState.DebugPrintPower() -     tag=CONTROLLER value=1
D 20:13:59.9464708 GameState.DebugPrintPower() -     tag=ENTITY_ID value=31
D 20:13:59.9464708 GameState.DebugPrintPower() - FULL_ENTITY - Creating ID=32 CardID=
D 20:13:59.9464708 GameState.DebugPrintPower() -     tag=ZONE value=DECK
D 20:13:59.9464708 GameState.DebugPrintPower() -     tag=CONTROLLER value=1
D 20:13:59.9464708 GameState.DebugPrintPower() -     tag=ENTITY_ID value=32
D 20:13:59.9464708 GameState.DebugPrintPower() - FULL_ENTITY - Creating ID=33 CardID=
D 20:13:59.9464708 GameState.DebugPrintPower() -     tag=ZONE value=DECK
D 20:13:59.9464708 GameState.DebugPrintPower() -     tag=CONTROLLER value=1
D 20:13:59.9464708 GameState.DebugPrintPower() -     tag=ENTITY_ID value=33
D 20:13:59.9464708 GameState.DebugPrintPower() - FULL_ENTITY - Creating ID=34 CardID=
D 20:13:59.9464708 GameState.DebugPrintPower() -     tag=ZONE value=DECK
D 20:13:59.9464708 GameState.DebugPrintPower() -     tag=CONTROLLER value=1
D 20:13:59.9464708 GameState.DebugPrintPower() -     tag=ENTITY_ID value=34
D 20:13:59.9464708 GameState.DebugPrintPower() - FULL_ENTITY - Creating ID=35 CardID=
D 20:13:59.9464708 GameState.DebugPrintPower() -     tag=ZONE value=DECK
D 20:13:59.9464708 GameState.DebugPrintPower() -     tag=CONTROLLER value=1
D 20:13:59.9464708 GameState.DebugPrintPower() -     tag=ENTITY_ID value=35
D 20:13:59.9464708 GameState.DebugPrintPower() - FULL_ENTITY - Creating ID=36 CardID=
D 20:13:59.9464708 GameState.DebugPrintPower() -     tag=ZONE value=DECK
D 20:13:59.9464708 GameState.DebugPrintPower() -     tag=CONTROLLER value=1
D 20:13:59.9464708 GameState.DebugPrintPower() -     tag=ENTITY_ID value=36
D 20:13:59.9464708 GameState.DebugPrintPower() - FULL_ENTITY - Creating ID=37 CardID=
D 20:13:59.9464708 GameState.DebugPrintPower() -     tag=ZONE value=SETASIDE
D 20:13:59.9464708 GameState.DebugPrintPower() -     tag=CONTROLLER value=1
D 20:13:59.9464708 GameState.DebugPrintPower() -     tag=ENTITY_ID value=37
D 20:13:59.9464708 GameState.DebugPrintPower() - FULL_ENTITY - Creating ID=38 CardID=
D 20:13:59.9464708 GameState.DebugPrintPower() -     tag=ZONE value=SETASIDE
D 20:13:59.9464708 GameState.DebugPrintPower() -     tag=CONTROLLER value=1
D 20:13:59.9464708 GameState.DebugPrintPower() -     tag=ENTITY_ID value=38
D 20:13:59.9464708 GameState.DebugPrintPower() - FULL_ENTITY - Creating ID=39 CardID=
D 20:13:59.9464708 GameState.DebugPrintPower() -     tag=ZONE value=DECK
D 20:13:59.9464708 GameState.DebugPrintPower() -     tag=CONTROLLER value=1
D 20:13:59.9464708 GameState.DebugPrintPower() -     tag=ENTITY_ID value=39
D 20:13:59.9464708 GameState.DebugPrintPower() - FULL_ENTITY - Creating ID=40 CardID=
D 20:13:59.9464708 GameState.DebugPrintPower() -     tag=ZONE value=DECK
D 20:13:59.9464708 GameState.DebugPrintPower() -     tag=CONTROLLER value=1
D 20:13:59.9464708 GameState.DebugPrintPower() -     tag=ENTITY_ID value=40
D 20:13:59.9464708 GameState.DebugPrintPower() - FULL_ENTITY - Creating ID=41 CardID=
D 20:13:59.9464708 GameState.DebugPrintPower() -     tag=ZONE value=SETASIDE
D 20:13:59.9464708 GameState.DebugPrintPower() -     tag=CONTROLLER value=1
D 20:13:59.9464708 GameState.DebugPrintPower() -     tag=ENTITY_ID value=41
D 20:13:59.9464708 GameState.DebugPrintPower() - FULL_ENTITY - Creating ID=42 CardID=
D 20:13:59.9464708 GameState.DebugPrintPower() -     tag=ZONE value=SETASIDE
D 20:13:59.9464708 GameState.DebugPrintPower() -     tag=CONTROLLER value=1
D 20:13:59.9464708 GameState.DebugPrintPower() -     tag=ENTITY_ID value=42
D 20:13:59.9464708 GameState.DebugPrintPower() - FULL_ENTITY - Creating ID=43 CardID=
D 20:13:59.9464708 GameState.DebugPrintPower() -     tag=ZONE value=DECK
D 20:13:59.9464708 GameState.DebugPrintPower() -     tag=CONTROLLER value=1
D 20:13:59.9464708 GameState.DebugPrintPower() -     tag=ENTITY_ID value=43
D 20:13:59.9464708 GameState.DebugPrintPower() - FULL_ENTITY - Creating ID=44 CardID=
D 20:13:59.9464708 GameState.DebugPrintPower() -     tag=ZONE value=DECK
D 20:13:59.9464708 GameState.DebugPrintPower() -     tag=CONTROLLER value=2
D 20:13:59.9464708 GameState.DebugPrintPower() -     tag=ENTITY_ID value=44
D 20:13:59.9464708 GameState.DebugPrintPower() - FULL_ENTITY - Creating ID=45 CardID=
D 20:13:59.9464708 GameState.DebugPrintPower() -     tag=ZONE value=DECK
D 20:13:59.9464708 GameState.DebugPrintPower() -     tag=CONTROLLER value=2
D 20:13:59.9464708 GameState.DebugPrintPower() -     tag=ENTITY_ID value=45
D 20:13:59.9464708 GameState.DebugPrintPower() - FULL_ENTITY - Creating ID=46 CardID=
D 20:13:59.9464708 GameState.DebugPrintPower() -     tag=ZONE value=DECK
D 20:13:59.9464708 GameState.DebugPrintPower() -     tag=CONTROLLER value=2
D 20:13:59.9464708 GameState.DebugPrintPower() -     tag=ENTITY_ID value=46
D 20:13:59.9464708 GameState.DebugPrintPower() - FULL_ENTITY - Creating ID=47 CardID=
D 20:13:59.9464708 GameState.DebugPrintPower() -     tag=ZONE value=DECK
D 20:13:59.9464708 GameState.DebugPrintPower() -     tag=CONTROLLER value=2
D 20:13:59.9464708 GameState.DebugPrintPower() -     tag=ENTITY_ID value=47
D 20:13:59.9464708 GameState.DebugPrintPower() - FULL_ENTITY - Creating ID=48 CardID=
D 20:13:59.9464708 GameState.DebugPrintPower() -     tag=ZONE value=DECK
D 20:13:59.9464708 GameState.DebugPrintPower() -     tag=CONTROLLER value=2
D 20:13:59.9464708 GameState.DebugPrintPower() -     tag=ENTITY_ID value=48
D 20:13:59.9464708 GameState.DebugPrintPower() - FULL_ENTITY - Creating ID=49 CardID=
D 20:13:59.9464708 GameState.DebugPrintPower() -     tag=ZONE value=DECK
D 20:13:59.9464708 GameState.DebugPrintPower() -     tag=CONTROLLER value=2
D 20:13:59.9464708 GameState.DebugPrintPower() -     tag=ENTITY_ID value=49
D 20:13:59.9464708 GameState.DebugPrintPower() - FULL_ENTITY - Creating ID=50 CardID=
D 20:13:59.9464708 GameState.DebugPrintPower() -     tag=ZONE value=DECK
D 20:13:59.9464708 GameState.DebugPrintPower() -     tag=CONTROLLER value=2
D 20:13:59.9464708 GameState.DebugPrintPower() -     tag=ENTITY_ID value=50
D 20:13:59.9464708 GameState.DebugPrintPower() - FULL_ENTITY - Creating ID=51 CardID=
D 20:13:59.9464708 GameState.DebugPrintPower() -     tag=ZONE value=DECK
D 20:13:59.9464708 GameState.DebugPrintPower() -     tag=CONTROLLER value=2
D 20:13:59.9464708 GameState.DebugPrintPower() -     tag=ENTITY_ID value=51
D 20:13:59.9464708 GameState.DebugPrintPower() - FULL_ENTITY - Creating ID=52 CardID=
D 20:13:59.9464708 GameState.DebugPrintPower() -     tag=ZONE value=DECK
D 20:13:59.9464708 GameState.DebugPrintPower() -     tag=CONTROLLER value=2
D 20:13:59.9464708 GameState.DebugPrintPower() -     tag=ENTITY_ID value=52
D 20:13:59.9464708 GameState.DebugPrintPower() - FULL_ENTITY - Creating ID=53 CardID=
D 20:13:59.9464708 GameState.DebugPrintPower() -     tag=ZONE value=DECK
D 20:13:59.9464708 GameState.DebugPrintPower() -     tag=CONTROLLER value=2
D 20:13:59.9464708 GameState.DebugPrintPower() -     tag=ENTITY_ID value=53
D 20:13:59.9464708 GameState.DebugPrintPower() - FULL_ENTITY - Creating ID=54 CardID=
D 20:13:59.9464708 GameState.DebugPrintPower() -     tag=ZONE value=DECK
D 20:13:59.9464708 GameState.DebugPrintPower() -     tag=CONTROLLER value=2
D 20:13:59.9464708 GameState.DebugPrintPower() -     tag=ENTITY_ID value=54
D 20:13:59.9464708 GameState.DebugPrintPower() - FULL_ENTITY - Creating ID=55 CardID=
D 20:13:59.9464708 GameState.DebugPrintPower() -     tag=ZONE value=DECK
D 20:13:59.9464708 GameState.DebugPrintPower() -     tag=CONTROLLER value=2
D 20:13:59.9464708 GameState.DebugPrintPower() -     tag=ENTITY_ID value=55
D 20:13:59.9464708 GameState.DebugPrintPower() - FULL_ENTITY - Creating ID=56 CardID=
D 20:13:59.9464708 GameState.DebugPrintPower() -     tag=ZONE value=DECK
D 20:13:59.9464708 GameState.DebugPrintPower() -     tag=CONTROLLER value=2
D 20:13:59.9464708 GameState.DebugPrintPower() -     tag=ENTITY_ID value=56
D 20:13:59.9464708 GameState.DebugPrintPower() - FULL_ENTITY - Creating ID=57 CardID=
D 20:13:59.9464708 GameState.DebugPrintPower() -     tag=ZONE value=DECK
D 20:13:59.9464708 GameState.DebugPrintPower() -     tag=CONTROLLER value=2
D 20:13:59.9464708 GameState.DebugPrintPower() -     tag=ENTITY_ID value=57
D 20:13:59.9464708 GameState.DebugPrintPower() - FULL_ENTITY - Creating ID=58 CardID=
D 20:13:59.9464708 GameState.DebugPrintPower() -     tag=ZONE value=DECK
D 20:13:59.9464708 GameState.DebugPrintPower() -     tag=CONTROLLER value=2
D 20:13:59.9464708 GameState.DebugPrintPower() -     tag=ENTITY_ID value=58
D 20:13:59.9464708 GameState.DebugPrintPower() - FULL_ENTITY - Creating ID=59 CardID=
D 20:13:59.9464708 GameState.DebugPrintPower() -     tag=ZONE value=DECK
D 20:13:59.9464708 GameState.DebugPrintPower() -     tag=CONTROLLER value=2
D 20:13:59.9464708 GameState.DebugPrintPower() -     tag=ENTITY_ID value=59
D 20:13:59.9464708 GameState.DebugPrintPower() - FULL_ENTITY - Creating ID=60 CardID=
D 20:13:59.9464708 GameState.DebugPrintPower() -     tag=ZONE value=DECK
D 20:13:59.9464708 GameState.DebugPrintPower() -     tag=CONTROLLER value=2
D 20:13:59.9464708 GameState.DebugPrintPower() -     tag=ENTITY_ID value=60
D 20:13:59.9464708 GameState.DebugPrintPower() - FULL_ENTITY - Creating ID=61 CardID=
D 20:13:59.9464708 GameState.DebugPrintPower() -     tag=ZONE value=DECK
D 20:13:59.9464708 GameState.DebugPrintPower() -     tag=CONTROLLER value=2
D 20:13:59.9464708 GameState.DebugPrintPower() -     tag=ENTITY_ID value=61
D 20:13:59.9464708 GameState.DebugPrintPower() - FULL_ENTITY - Creating ID=62 CardID=
D 20:13:59.9464708 GameState.DebugPrintPower() -     tag=ZONE value=DECK
D 20:13:59.9464708 GameState.DebugPrintPower() -     tag=CONTROLLER value=2
D 20:13:59.9464708 GameState.DebugPrintPower() -     tag=ENTITY_ID value=62
D 20:13:59.9464708 GameState.DebugPrintPower() - FULL_ENTITY - Creating ID=63 CardID=
D 20:13:59.9464708 GameState.DebugPrintPower() -     tag=ZONE value=DECK
D 20:13:59.9464708 GameState.DebugPrintPower() -     tag=CONTROLLER value=2
D 20:13:59.9464708 GameState.DebugPrintPower() -     tag=ENTITY_ID value=63
D 20:13:59.9464708 GameState.DebugPrintPower() - FULL_ENTITY - Creating ID=64 CardID=
D 20:13:59.9464708 GameState.DebugPrintPower() -     tag=ZONE value=SETASIDE
D 20:13:59.9464708 GameState.DebugPrintPower() -     tag=CONTROLLER value=2
D 20:13:59.9464708 GameState.DebugPrintPower() -     tag=ENTITY_ID value=64
D 20:13:59.9464708 GameState.DebugPrintPower() - FULL_ENTITY - Creating ID=65 CardID=
D 20:13:59.9464708 GameState.DebugPrintPower() -     tag=ZONE value=SETASIDE
D 20:13:59.9464708 GameState.DebugPrintPower() -     tag=CONTROLLER value=2
D 20:13:59.9464708 GameState.DebugPrintPower() -     tag=ENTITY_ID value=65
D 20:13:59.9464708 GameState.DebugPrintPower() - FULL_ENTITY - Creating ID=66 CardID=
D 20:13:59.9464708 GameState.DebugPrintPower() -     tag=ZONE value=SETASIDE
D 20:13:59.9464708 GameState.DebugPrintPower() -     tag=CONTROLLER value=2
D 20:13:59.9464708 GameState.DebugPrintPower() -     tag=ENTITY_ID value=66
D 20:13:59.9464708 GameState.DebugPrintPower() - FULL_ENTITY - Creating ID=67 CardID=HERO_06bi
D 20:13:59.9464708 GameState.DebugPrintPower() -     tag=CONTROLLER value=1
D 20:13:59.9464708 GameState.DebugPrintPower() -     tag=CARDTYPE value=HERO
D 20:13:59.9464708 GameState.DebugPrintPower() -     tag=HEALTH value=30
D 20:13:59.9464708 GameState.DebugPrintPower() -     tag=PREMIUM value=1
D 20:13:59.9464708 GameState.DebugPrintPower() -     tag=ZONE value=PLAY
D 20:13:59.9464708 GameState.DebugPrintPower() -     tag=ENTITY_ID value=67
D 20:13:59.9464708 GameState.DebugPrintPower() -     tag=CLASS value=DRUID
D 20:13:59.9464708 GameState.DebugPrintPower() -     tag=FACTION value=NEUTRAL
D 20:13:59.9464708 GameState.DebugPrintPower() -     tag=RARITY value=FREE
D 20:13:59.9464708 GameState.DebugPrintPower() -     tag=HERO_POWER value=66926
D 20:13:59.9464708 GameState.DebugPrintPower() -     tag=HIDE_WATERMARK value=1
D 20:13:59.9464708 GameState.DebugPrintPower() -     tag=SPAWN_TIME_COUNT value=1
D 20:13:59.9464708 GameState.DebugPrintPower() -     tag=EMOTECHARACTER value=20
D 20:13:59.9464708 GameState.DebugPrintPower() -     tag=HAS_ACTIVATE_POWER value=1
D 20:13:59.9464708 GameState.DebugPrintPower() -     tag=EMOTECLASS value=6
D 20:13:59.9464708 GameState.DebugPrintPower() -     tag=3085 value=30
D 20:13:59.9464708 GameState.DebugPrintPower() - FULL_ENTITY - Creating ID=68 CardID=HERO_06ebp
D 20:13:59.9464708 GameState.DebugPrintPower() -     tag=CONTROLLER value=1
D 20:13:59.9464708 GameState.DebugPrintPower() -     tag=CARDTYPE value=HERO_POWER
D 20:13:59.9464708 GameState.DebugPrintPower() -     tag=TAG_LAST_KNOWN_COST_IN_HAND value=2
D 20:13:59.9464708 GameState.DebugPrintPower() -     tag=COST value=2
D 20:13:59.9464708 GameState.DebugPrintPower() -     tag=PREMIUM value=1
D 20:13:59.9464708 GameState.DebugPrintPower() -     tag=ZONE value=PLAY
D 20:13:59.9464708 GameState.DebugPrintPower() -     tag=ENTITY_ID value=68
D 20:13:59.9464708 GameState.DebugPrintPower() -     tag=CLASS value=DRUID
D 20:13:59.9464708 GameState.DebugPrintPower() -     tag=FACTION value=NEUTRAL
D 20:13:59.9464708 GameState.DebugPrintPower() -     tag=RARITY value=FREE
D 20:13:59.9464708 GameState.DebugPrintPower() -     tag=CREATOR value=67
D 20:13:59.9464708 GameState.DebugPrintPower() -     tag=1037 value=1
D 20:13:59.9464708 GameState.DebugPrintPower() -     tag=1086 value=66928
D 20:13:59.9464708 GameState.DebugPrintPower() -     tag=CREATOR_DBID value=123761
D 20:13:59.9464708 GameState.DebugPrintPower() -     tag=SPAWN_TIME_COUNT value=1
D 20:13:59.9464708 GameState.DebugPrintPower() -     tag=HAS_ACTIVATE_POWER value=1
D 20:13:59.9464708 GameState.DebugPrintPower() - FULL_ENTITY - Creating ID=69 CardID=HERO_09b
D 20:13:59.9464708 GameState.DebugPrintPower() -     tag=CONTROLLER value=2
D 20:13:59.9464708 GameState.DebugPrintPower() -     tag=CARDTYPE value=HERO
D 20:13:59.9464708 GameState.DebugPrintPower() -     tag=HEALTH value=30
D 20:13:59.9464708 GameState.DebugPrintPower() -     tag=PREMIUM value=1
D 20:13:59.9464708 GameState.DebugPrintPower() -     tag=ZONE value=PLAY
D 20:13:59.9464708 GameState.DebugPrintPower() -     tag=ENTITY_ID value=69
D 20:13:59.9464708 GameState.DebugPrintPower() -     tag=CLASS value=PRIEST
D 20:13:59.9464708 GameState.DebugPrintPower() -     tag=FACTION value=NEUTRAL
D 20:13:59.9464708 GameState.DebugPrintPower() -     tag=RARITY value=EPIC
D 20:13:59.9464708 GameState.DebugPrintPower() -     tag=HERO_POWER value=54817
D 20:13:59.9464708 GameState.DebugPrintPower() -     tag=SPAWN_TIME_COUNT value=1
D 20:13:59.9464708 GameState.DebugPrintPower() -     tag=EMOTECHARACTER value=47
D 20:13:59.9464708 GameState.DebugPrintPower() -     tag=HAS_ACTIVATE_POWER value=1
D 20:13:59.9464708 GameState.DebugPrintPower() -     tag=EMOTECLASS value=9
D 20:13:59.9464708 GameState.DebugPrintPower() -     tag=3085 value=30
D 20:13:59.9464708 GameState.DebugPrintPower() - FULL_ENTITY - Creating ID=70 CardID=CS1h_001_H2
D 20:13:59.9464708 GameState.DebugPrintPower() -     tag=CONTROLLER value=2
D 20:13:59.9464708 GameState.DebugPrintPower() -     tag=CARDTYPE value=HERO_POWER
D 20:13:59.9464708 GameState.DebugPrintPower() -     tag=TAG_LAST_KNOWN_COST_IN_HAND value=2
D 20:13:59.9464708 GameState.DebugPrintPower() -     tag=COST value=2
D 20:13:59.9464708 GameState.DebugPrintPower() -     tag=PREMIUM value=1
D 20:13:59.9464708 GameState.DebugPrintPower() -     tag=ZONE value=PLAY
D 20:13:59.9464708 GameState.DebugPrintPower() -     tag=ENTITY_ID value=70
D 20:13:59.9464708 GameState.DebugPrintPower() -     tag=CLASS value=PRIEST
D 20:13:59.9464708 GameState.DebugPrintPower() -     tag=FACTION value=NEUTRAL
D 20:13:59.9464708 GameState.DebugPrintPower() -     tag=RARITY value=EPIC
D 20:13:59.9464708 GameState.DebugPrintPower() -     tag=CREATOR value=69
D 20:13:59.9464708 GameState.DebugPrintPower() -     tag=1037 value=2
D 20:13:59.9464708 GameState.DebugPrintPower() -     tag=1086 value=54818
D 20:13:59.9464708 GameState.DebugPrintPower() -     tag=CREATOR_DBID value=54816
D 20:13:59.9464708 GameState.DebugPrintPower() -     tag=SPAWN_TIME_COUNT value=1
D 20:13:59.9464708 GameState.DebugPrintPower() -     tag=HAS_ACTIVATE_POWER value=1
D 20:13:59.9464708 GameState.DebugPrintPower() - FULL_ENTITY - Creating ID=71 CardID=PET_3_3
D 20:13:59.9464708 GameState.DebugPrintPower() -     tag=CONTROLLER value=2
D 20:13:59.9464708 GameState.DebugPrintPower() -     tag=CARDTYPE value=PET
D 20:13:59.9464708 GameState.DebugPrintPower() -     tag=PLAYER_ID value=2
D 20:13:59.9464708 GameState.DebugPrintPower() -     tag=TRIGGER_VISUAL value=1
D 20:13:59.9464708 GameState.DebugPrintPower() -     tag=ZONE value=COSMETIC
D 20:13:59.9464708 GameState.DebugPrintPower() -     tag=ENTITY_ID value=71
D 20:13:59.9464708 GameState.DebugPrintPower() -     tag=CLASS value=NEUTRAL
D 20:13:59.9464708 GameState.DebugPrintPower() -     tag=858 value=122617
D 20:13:59.9464708 GameState.DebugPrintPower() -     tag=1413 value=122617
D 20:13:59.9464708 GameState.DebugPrintPower() -     tag=SPAWN_TIME_COUNT value=1
D 20:13:59.9464708 GameState.DebugPrintPower() -     tag=4018 value=1
D 20:13:59.9464708 GameState.DebugPrintPower() -     tag=PET_VARIANT_ID value=9
D 20:13:59.9464708 GameState.DebugPrintPower() -     tag=PET_ID value=3
D 20:13:59.9464708 GameState.DebugPrintPower() -     tag=PET_TREATS_GENERATED value=1
D 20:13:59.9464708 GameState.DebugPrintPower() - TAG_CHANGE Entity=1 tag=STATE value=RUNNING 
D 20:13:59.9464708 GameState.DebugPrintPower() - TAG_CHANGE Entity=2 tag=PLAYSTATE value=PLAYING 
D 20:13:59.9464708 GameState.DebugPrintPower() - TAG_CHANGE Entity=3 tag=PLAYSTATE value=PLAYING 
D 20:13:59.9464708 GameState.DebugPrintPower() - BLOCK_START BlockType=TRIGGER Entity=48 EffectCardId=System.Collections.Generic.List`1[System.String] EffectIndex=0 Target=0 SubOption=-1 TriggerKeyword=TAG_NOT_SET
D 20:13:59.9464708 GameState.DebugPrintPower() -     SHOW_ENTITY - Updating Entity=48 CardID=JAIL_430
D 20:13:59.9464708 GameState.DebugPrintPower() -         tag=CONTROLLER value=2
D 20:13:59.9464708 GameState.DebugPrintPower() -         tag=CARDTYPE value=MINION
D 20:13:59.9464708 GameState.DebugPrintPower() -         tag=TAG_LAST_KNOWN_COST_IN_HAND value=7
D 20:13:59.9464708 GameState.DebugPrintPower() -         tag=479 value=7
D 20:13:59.9464708 GameState.DebugPrintPower() -         tag=COST value=7
D 20:13:59.9464708 GameState.DebugPrintPower() -         tag=ATK value=7
D 20:13:59.9464708 GameState.DebugPrintPower() -         tag=HEALTH value=7
D 20:13:59.9464708 GameState.DebugPrintPower() -         tag=PREMIUM value=1
D 20:13:59.9464708 GameState.DebugPrintPower() -         tag=ZONE value=DECK
D 20:13:59.9464708 GameState.DebugPrintPower() -         tag=ENTITY_ID value=48
D 20:13:59.9464708 GameState.DebugPrintPower() -         tag=ELITE value=1
D 20:13:59.9464708 GameState.DebugPrintPower() -         tag=CLASS value=PRIEST
D 20:13:59.9464708 GameState.DebugPrintPower() -         tag=CARDRACE value=UNDEAD
D 20:13:59.9464708 GameState.DebugPrintPower() -         tag=RARITY value=LEGENDARY
D 20:13:59.9464708 GameState.DebugPrintPower() -         tag=BATTLECRY value=1
D 20:13:59.9464708 GameState.DebugPrintPower() -         tag=REVEALED value=1
D 20:13:59.9464708 GameState.DebugPrintPower() -         tag=478 value=2
D 20:13:59.9464708 GameState.DebugPrintPower() -         tag=START_OF_GAME_KEYWORD value=1
D 20:13:59.9464708 GameState.DebugPrintPower() -         tag=DECK_RULE_MOD_DECK_SIZE value=20
D 20:13:59.9464708 GameState.DebugPrintPower() -         tag=1043 value=1
D 20:13:59.9464708 GameState.DebugPrintPower() -         tag=1068 value=0
D 20:13:59.9464708 GameState.DebugPrintPower() -         tag=SPAWN_TIME_COUNT value=1
D 20:13:59.9464708 GameState.DebugPrintPower() -         tag=HAS_SIGNATURE_QUALITY value=1
D 20:13:59.9464708 GameState.DebugPrintPower() -         tag=HAS_ACTIVATE_POWER value=1
D 20:13:59.9464708 GameState.DebugPrintPower() -         tag=2936 value=1
D 20:13:59.9464708 GameState.DebugPrintPower() -         tag=3085 value=7
D 20:13:59.9464708 GameState.DebugPrintPower() -         tag=4472 value=7
D 20:13:59.9464708 GameState.DebugPrintPower() -         tag=4818 value=1
D 20:13:59.9464708 GameState.DebugPrintPower() -     FULL_ENTITY - Creating ID=72 CardID=
D 20:13:59.9464708 GameState.DebugPrintPower() -         tag=ZONE value=DECK
D 20:13:59.9464708 GameState.DebugPrintPower() -         tag=CONTROLLER value=2
D 20:13:59.9464708 GameState.DebugPrintPower() -         tag=ENTITY_ID value=72
D 20:13:59.9464708 GameState.DebugPrintPower() -     TAG_CHANGE Entity=72 tag=DISPLAYED_CREATOR value=48 
D 20:13:59.9464708 GameState.DebugPrintPower() -     FULL_ENTITY - Creating ID=73 CardID=
D 20:13:59.9464708 GameState.DebugPrintPower() -         tag=ZONE value=DECK
D 20:13:59.9464708 GameState.DebugPrintPower() -         tag=CONTROLLER value=2
D 20:13:59.9464708 GameState.DebugPrintPower() -         tag=ENTITY_ID value=73
D 20:13:59.9464708 GameState.DebugPrintPower() -     TAG_CHANGE Entity=73 tag=DISPLAYED_CREATOR value=48 
D 20:13:59.9464708 GameState.DebugPrintPower() -     FULL_ENTITY - Creating ID=74 CardID=
D 20:13:59.9464708 GameState.DebugPrintPower() -         tag=ZONE value=DECK
D 20:13:59.9464708 GameState.DebugPrintPower() -         tag=CONTROLLER value=2
D 20:13:59.9464708 GameState.DebugPrintPower() -         tag=ENTITY_ID value=74
D 20:13:59.9464708 GameState.DebugPrintPower() -     TAG_CHANGE Entity=74 tag=DISPLAYED_CREATOR value=48 
D 20:13:59.9464708 GameState.DebugPrintPower() -     FULL_ENTITY - Creating ID=75 CardID=
D 20:13:59.9464708 GameState.DebugPrintPower() -         tag=ZONE value=DECK
D 20:13:59.9464708 GameState.DebugPrintPower() -         tag=CONTROLLER value=2
D 20:13:59.9464708 GameState.DebugPrintPower() -         tag=ENTITY_ID value=75
D 20:13:59.9464708 GameState.DebugPrintPower() -     TAG_CHANGE Entity=75 tag=DISPLAYED_CREATOR value=48 
D 20:13:59.9464708 GameState.DebugPrintPower() -     FULL_ENTITY - Creating ID=76 CardID=
D 20:13:59.9464708 GameState.DebugPrintPower() -         tag=ZONE value=DECK
D 20:13:59.9464708 GameState.DebugPrintPower() -         tag=CONTROLLER value=2
D 20:13:59.9464708 GameState.DebugPrintPower() -         tag=ENTITY_ID value=76
D 20:13:59.9464708 GameState.DebugPrintPower() -     TAG_CHANGE Entity=76 tag=DISPLAYED_CREATOR value=48 
D 20:13:59.9464708 GameState.DebugPrintPower() -     FULL_ENTITY - Creating ID=77 CardID=
D 20:13:59.9464708 GameState.DebugPrintPower() -         tag=ZONE value=DECK
D 20:13:59.9464708 GameState.DebugPrintPower() -         tag=CONTROLLER value=2
D 20:13:59.9464708 GameState.DebugPrintPower() -         tag=ENTITY_ID value=77
D 20:13:59.9464708 GameState.DebugPrintPower() -     TAG_CHANGE Entity=77 tag=DISPLAYED_CREATOR value=48 
D 20:13:59.9464708 GameState.DebugPrintPower() -     FULL_ENTITY - Creating ID=78 CardID=
D 20:13:59.9464708 GameState.DebugPrintPower() -         tag=ZONE value=DECK
D 20:13:59.9464708 GameState.DebugPrintPower() -         tag=CONTROLLER value=2
D 20:13:59.9464708 GameState.DebugPrintPower() -         tag=ENTITY_ID value=78
D 20:13:59.9464708 GameState.DebugPrintPower() -     TAG_CHANGE Entity=78 tag=DISPLAYED_CREATOR value=48 
D 20:13:59.9464708 GameState.DebugPrintPower() -     FULL_ENTITY - Creating ID=79 CardID=
D 20:13:59.9464708 GameState.DebugPrintPower() -         tag=ZONE value=DECK
D 20:13:59.9464708 GameState.DebugPrintPower() -         tag=CONTROLLER value=2
D 20:13:59.9464708 GameState.DebugPrintPower() -         tag=ENTITY_ID value=79
D 20:13:59.9464708 GameState.DebugPrintPower() -     TAG_CHANGE Entity=79 tag=DISPLAYED_CREATOR value=48 
D 20:13:59.9464708 GameState.DebugPrintPower() -     FULL_ENTITY - Creating ID=80 CardID=
D 20:13:59.9464708 GameState.DebugPrintPower() -         tag=ZONE value=DECK
D 20:13:59.9464708 GameState.DebugPrintPower() -         tag=CONTROLLER value=2
D 20:13:59.9464708 GameState.DebugPrintPower() -         tag=ENTITY_ID value=80
D 20:13:59.9464708 GameState.DebugPrintPower() -     TAG_CHANGE Entity=80 tag=DISPLAYED_CREATOR value=48 
D 20:13:59.9464708 GameState.DebugPrintPower() -     FULL_ENTITY - Creating ID=81 CardID=
D 20:13:59.9464708 GameState.DebugPrintPower() -         tag=ZONE value=DECK
D 20:13:59.9464708 GameState.DebugPrintPower() -         tag=CONTROLLER value=2
D 20:13:59.9464708 GameState.DebugPrintPower() -         tag=ENTITY_ID value=81
D 20:13:59.9464708 GameState.DebugPrintPower() -     TAG_CHANGE Entity=81 tag=DISPLAYED_CREATOR value=48 
D 20:13:59.9464708 GameState.DebugPrintPower() -     FULL_ENTITY - Creating ID=82 CardID=
D 20:13:59.9464708 GameState.DebugPrintPower() -         tag=ZONE value=DECK
D 20:13:59.9464708 GameState.DebugPrintPower() -         tag=CONTROLLER value=2
D 20:13:59.9464708 GameState.DebugPrintPower() -         tag=ENTITY_ID value=82
D 20:13:59.9464708 GameState.DebugPrintPower() -     TAG_CHANGE Entity=82 tag=DISPLAYED_CREATOR value=48 
D 20:13:59.9464708 GameState.DebugPrintPower() -     FULL_ENTITY - Creating ID=83 CardID=
D 20:13:59.9464708 GameState.DebugPrintPower() -         tag=ZONE value=DECK
D 20:13:59.9464708 GameState.DebugPrintPower() -         tag=CONTROLLER value=2
D 20:13:59.9464708 GameState.DebugPrintPower() -         tag=ENTITY_ID value=83
D 20:13:59.9464708 GameState.DebugPrintPower() -     FULL_ENTITY - Creating ID=84 CardID=
D 20:13:59.9464708 GameState.DebugPrintPower() -         tag=ZONE value=SETASIDE
D 20:13:59.9464708 GameState.DebugPrintPower() -         tag=CONTROLLER value=2
D 20:13:59.9464708 GameState.DebugPrintPower() -         tag=ENTITY_ID value=84
D 20:13:59.9464708 GameState.DebugPrintPower() -     FULL_ENTITY - Creating ID=85 CardID=
D 20:13:59.9464708 GameState.DebugPrintPower() -         tag=ZONE value=SETASIDE
D 20:13:59.9464708 GameState.DebugPrintPower() -         tag=CONTROLLER value=2
D 20:13:59.9464708 GameState.DebugPrintPower() -         tag=ENTITY_ID value=85
D 20:13:59.9464708 GameState.DebugPrintPower() -     TAG_CHANGE Entity=83 tag=DISPLAYED_CREATOR value=48 
D 20:13:59.9464708 GameState.DebugPrintPower() -     FULL_ENTITY - Creating ID=86 CardID=
D 20:13:59.9464708 GameState.DebugPrintPower() -         tag=ZONE value=DECK
D 20:13:59.9464708 GameState.DebugPrintPower() -         tag=CONTROLLER value=2
D 20:13:59.9464708 GameState.DebugPrintPower() -         tag=ENTITY_ID value=86
D 20:13:59.9464708 GameState.DebugPrintPower() -     TAG_CHANGE Entity=86 tag=DISPLAYED_CREATOR value=48 
D 20:13:59.9464708 GameState.DebugPrintPower() -     FULL_ENTITY - Creating ID=87 CardID=
D 20:13:59.9464708 GameState.DebugPrintPower() -         tag=ZONE value=DECK
D 20:13:59.9464708 GameState.DebugPrintPower() -         tag=CONTROLLER value=2
D 20:13:59.9464708 GameState.DebugPrintPower() -         tag=ENTITY_ID value=87
D 20:13:59.9464708 GameState.DebugPrintPower() -     TAG_CHANGE Entity=87 tag=DISPLAYED_CREATOR value=48 
D 20:13:59.9464708 GameState.DebugPrintPower() -     FULL_ENTITY - Creating ID=88 CardID=
D 20:13:59.9464708 GameState.DebugPrintPower() -         tag=ZONE value=DECK
D 20:13:59.9464708 GameState.DebugPrintPower() -         tag=CONTROLLER value=2
D 20:13:59.9464708 GameState.DebugPrintPower() -         tag=ENTITY_ID value=88
D 20:13:59.9464708 GameState.DebugPrintPower() -     TAG_CHANGE Entity=88 tag=DISPLAYED_CREATOR value=48 
D 20:13:59.9464708 GameState.DebugPrintPower() -     FULL_ENTITY - Creating ID=89 CardID=
D 20:13:59.9464708 GameState.DebugPrintPower() -         tag=ZONE value=DECK
D 20:13:59.9464708 GameState.DebugPrintPower() -         tag=CONTROLLER value=2
D 20:13:59.9464708 GameState.DebugPrintPower() -         tag=ENTITY_ID value=89
D 20:13:59.9464708 GameState.DebugPrintPower() -     TAG_CHANGE Entity=89 tag=DISPLAYED_CREATOR value=48 
D 20:13:59.9464708 GameState.DebugPrintPower() -     FULL_ENTITY - Creating ID=90 CardID=
D 20:13:59.9464708 GameState.DebugPrintPower() -         tag=ZONE value=DECK
D 20:13:59.9464708 GameState.DebugPrintPower() -         tag=CONTROLLER value=2
D 20:13:59.9464708 GameState.DebugPrintPower() -         tag=ENTITY_ID value=90
D 20:13:59.9464708 GameState.DebugPrintPower() -     FULL_ENTITY - Creating ID=91 CardID=
D 20:13:59.9464708 GameState.DebugPrintPower() -         tag=ZONE value=SETASIDE
D 20:13:59.9464708 GameState.DebugPrintPower() -         tag=CONTROLLER value=2
D 20:13:59.9464708 GameState.DebugPrintPower() -         tag=ENTITY_ID value=91
D 20:13:59.9464708 GameState.DebugPrintPower() -     FULL_ENTITY - Creating ID=92 CardID=
D 20:13:59.9464708 GameState.DebugPrintPower() -         tag=ZONE value=SETASIDE
D 20:13:59.9464708 GameState.DebugPrintPower() -         tag=CONTROLLER value=2
D 20:13:59.9464708 GameState.DebugPrintPower() -         tag=ENTITY_ID value=92
D 20:13:59.9464708 GameState.DebugPrintPower() -     TAG_CHANGE Entity=90 tag=DISPLAYED_CREATOR value=48 
D 20:13:59.9464708 GameState.DebugPrintPower() -     FULL_ENTITY - Creating ID=93 CardID=
D 20:13:59.9464708 GameState.DebugPrintPower() -         tag=ZONE value=DECK
D 20:13:59.9464708 GameState.DebugPrintPower() -         tag=CONTROLLER value=2
D 20:13:59.9464708 GameState.DebugPrintPower() -         tag=ENTITY_ID value=93
D 20:13:59.9464708 GameState.DebugPrintPower() -     TAG_CHANGE Entity=93 tag=DISPLAYED_CREATOR value=48 
D 20:13:59.9464708 GameState.DebugPrintPower() -     FULL_ENTITY - Creating ID=94 CardID=
D 20:13:59.9464708 GameState.DebugPrintPower() -         tag=ZONE value=DECK
D 20:13:59.9464708 GameState.DebugPrintPower() -         tag=CONTROLLER value=2
D 20:13:59.9464708 GameState.DebugPrintPower() -         tag=ENTITY_ID value=94
D 20:13:59.9464708 GameState.DebugPrintPower() -     FULL_ENTITY - Creating ID=95 CardID=
D 20:13:59.9464708 GameState.DebugPrintPower() -         tag=ZONE value=SETASIDE
D 20:13:59.9464708 GameState.DebugPrintPower() -         tag=CONTROLLER value=2
D 20:13:59.9464708 GameState.DebugPrintPower() -         tag=ENTITY_ID value=95
D 20:13:59.9464708 GameState.DebugPrintPower() -     FULL_ENTITY - Creating ID=96 CardID=
D 20:13:59.9464708 GameState.DebugPrintPower() -         tag=ZONE value=SETASIDE
D 20:13:59.9464708 GameState.DebugPrintPower() -         tag=CONTROLLER value=2
D 20:13:59.9464708 GameState.DebugPrintPower() -         tag=ENTITY_ID value=96
D 20:13:59.9464708 GameState.DebugPrintPower() -     TAG_CHANGE Entity=94 tag=DISPLAYED_CREATOR value=48 
D 20:13:59.9464708 GameState.DebugPrintPower() -     FULL_ENTITY - Creating ID=97 CardID=
D 20:13:59.9464708 GameState.DebugPrintPower() -         tag=ZONE value=DECK
D 20:13:59.9464708 GameState.DebugPrintPower() -         tag=CONTROLLER value=2
D 20:13:59.9464708 GameState.DebugPrintPower() -         tag=ENTITY_ID value=97
D 20:13:59.9464708 GameState.DebugPrintPower() -     TAG_CHANGE Entity=97 tag=DISPLAYED_CREATOR value=48 
D 20:13:59.9464708 GameState.DebugPrintPower() -     FULL_ENTITY - Creating ID=98 CardID=
D 20:13:59.9464708 GameState.DebugPrintPower() -         tag=ZONE value=SETASIDE
D 20:13:59.9464708 GameState.DebugPrintPower() -         tag=CONTROLLER value=2
D 20:13:59.9464708 GameState.DebugPrintPower() -         tag=ENTITY_ID value=98
D 20:13:59.9464708 GameState.DebugPrintPower() -     SHOW_ENTITY - Updating Entity=98 CardID=JAIL_430e1
D 20:13:59.9464708 GameState.DebugPrintPower() -         tag=CONTROLLER value=2
D 20:13:59.9464708 GameState.DebugPrintPower() -         tag=CARDTYPE value=ENCHANTMENT
D 20:13:59.9464708 GameState.DebugPrintPower() -         tag=PREMIUM value=1
D 20:13:59.9464708 GameState.DebugPrintPower() -         tag=ATTACHED value=3
D 20:13:59.9464708 GameState.DebugPrintPower() -         tag=ZONE value=SETASIDE
D 20:13:59.9464708 GameState.DebugPrintPower() -         tag=ENTITY_ID value=98
D 20:13:59.9464708 GameState.DebugPrintPower() -         tag=CLASS value=PRIEST
D 20:13:59.9464708 GameState.DebugPrintPower() -         tag=CREATOR value=48
D 20:13:59.9464708 GameState.DebugPrintPower() -         tag=1037 value=2
D 20:13:59.9464708 GameState.DebugPrintPower() -         tag=1068 value=0
D 20:13:59.9464708 GameState.DebugPrintPower() -         tag=CREATOR_DBID value=126055
D 20:13:59.9464708 GameState.DebugPrintPower() -         tag=SPAWN_TIME_COUNT value=1
D 20:13:59.9464708 GameState.DebugPrintPower() -         tag=4901 value=0
D 20:13:59.9464708 GameState.DebugPrintPower() -     TAG_CHANGE Entity=98 tag=1068 value=1 
D 20:13:59.9464708 GameState.DebugPrintPower() -     TAG_CHANGE Entity=98 tag=1068 value=0 
D 20:13:59.9464708 GameState.DebugPrintPower() -     TAG_CHANGE Entity=98 tag=ZONE value=PLAY 
D 20:13:59.9464708 GameState.DebugPrintPower() -     TAG_CHANGE Entity=3 tag=4741 value=1 
D 20:13:59.9464708 GameState.DebugPrintPower() -     TAG_CHANGE Entity=3 tag=LAST_AFFECTED_BY value=48 
D 20:13:59.9464708 GameState.DebugPrintPower() -     META_DATA - Meta=TARGET Data=0 InfoCount=1
D 20:13:59.9464708 GameState.DebugPrintPower() -                 Info[0] = 48
D 20:13:59.9464708 GameState.DebugPrintPower() -     HIDE_ENTITY - Entity=48 tag=ZONE value=DECK
D 20:13:59.9464708 GameState.DebugPrintPower() -     TAG_CHANGE Entity=48 tag=REVEALED value=0 
D 20:13:59.9464708 GameState.DebugPrintPower() -     META_DATA - Meta=OVERRIDE_HISTORY Data=0 InfoCount=1
D 20:13:59.9464708 GameState.DebugPrintPower() -                 Info[0] = 48
D 20:13:59.9464708 GameState.DebugPrintPower() - BLOCK_END
D 20:13:59.9464708 GameState.DebugPrintPower() - BLOCK_START BlockType=TRIGGER Entity=1 EffectCardId=System.Collections.Generic.List`1[System.String] EffectIndex=6 Target=0 SubOption=-1 TriggerKeyword=TAG_NOT_SET
D 20:13:59.9464708 GameState.DebugPrintPower() - BLOCK_END
D 20:13:59.9464708 GameState.DebugPrintPower() - BLOCK_START BlockType=TRIGGER Entity=1 EffectCardId=System.Collections.Generic.List`1[System.String] EffectIndex=-1 Target=0 SubOption=-1 TriggerKeyword=TAG_NOT_SET
D 20:13:59.9464708 GameState.DebugPrintPower() -     TAG_CHANGE Entity=3 tag=CURRENT_PLAYER value=1 
D 20:13:59.9464708 GameState.DebugPrintPower() -     TAG_CHANGE Entity=3 tag=FIRST_PLAYER value=1 
D 20:13:59.9464708 GameState.DebugPrintPower() -     TAG_CHANGE Entity=1 tag=TURN value=1 
D 20:13:59.9464708 GameState.DebugPrintPower() -     TAG_CHANGE Entity=2 tag=2166 value=43 
D 20:13:59.9464708 GameState.DebugPrintPower() -     TAG_CHANGE Entity=2 tag=467 value=4 
D 20:13:59.9464708 GameState.DebugPrintPower() -     SHOW_ENTITY - Updating Entity=43 CardID=JAIL_718
D 20:13:59.9464708 GameState.DebugPrintPower() -         tag=CONTROLLER value=1
D 20:13:59.9464708 GameState.DebugPrintPower() -         tag=CARDTYPE value=MINION
D 20:13:59.9464708 GameState.DebugPrintPower() -         tag=TAG_LAST_KNOWN_COST_IN_HAND value=9
D 20:13:59.9464708 GameState.DebugPrintPower() -         tag=479 value=4
D 20:13:59.9464708 GameState.DebugPrintPower() -         tag=COST value=9
D 20:13:59.9464708 GameState.DebugPrintPower() -         tag=ATK value=4
D 20:13:59.9464708 GameState.DebugPrintPower() -         tag=HEALTH value=4
D 20:13:59.9464708 GameState.DebugPrintPower() -         tag=PREMIUM value=1
D 20:13:59.9464708 GameState.DebugPrintPower() -         tag=TRIGGER_VISUAL value=1
D 20:13:59.9464708 GameState.DebugPrintPower() -         tag=ZONE value=HAND
D 20:13:59.9464708 GameState.DebugPrintPower() -         tag=ENTITY_ID value=43
D 20:13:59.9464708 GameState.DebugPrintPower() -         tag=CLASS value=NEUTRAL
D 20:13:59.9464708 GameState.DebugPrintPower() -         tag=RARITY value=EPIC
D 20:13:59.9464708 GameState.DebugPrintPower() -         tag=478 value=1
D 20:13:59.9464708 GameState.DebugPrintPower() -         tag=1043 value=1
D 20:13:59.9464708 GameState.DebugPrintPower() -         tag=1068 value=0
D 20:13:59.9464708 GameState.DebugPrintPower() -         tag=SPAWN_TIME_COUNT value=1
D 20:13:59.9464708 GameState.DebugPrintPower() -         tag=DECK_ACTION_COST value=1
D 20:13:59.9464708 GameState.DebugPrintPower() -         tag=HAS_SIGNATURE_QUALITY value=1
D 20:13:59.9464708 GameState.DebugPrintPower() -         tag=HAS_ACTIVATE_POWER value=1
D 20:13:59.9464708 GameState.DebugPrintPower() -         tag=3085 value=4
D 20:13:59.9464708 GameState.DebugPrintPower() -         tag=PREPARE value=1
D 20:13:59.9464708 GameState.DebugPrintPower() -         tag=4472 value=4
D 20:13:59.9464708 GameState.DebugPrintPower() -     TAG_CHANGE Entity=43 tag=NUM_TURNS_IN_HAND value=1 
D 20:13:59.9464708 GameState.DebugPrintPower() -     TAG_CHANGE Entity=43 tag=ZONE_POSITION value=1 
D 20:13:59.9464708 GameState.DebugPrintPower() -     TAG_CHANGE Entity=43 tag=ZONE_POSITION value=0 
D 20:13:59.9464708 GameState.DebugPrintPower() -     TAG_CHANGE Entity=43 tag=ZONE_POSITION value=1 
D 20:13:59.9464708 GameState.DebugPrintPower() -     TAG_CHANGE Entity=2 tag=2166 value=21 
D 20:13:59.9464708 GameState.DebugPrintPower() -     TAG_CHANGE Entity=2 tag=467 value=3 
D 20:13:59.9464708 GameState.DebugPrintPower() -     SHOW_ENTITY - Updating Entity=21 CardID=TSC_654
D 20:13:59.9464708 GameState.DebugPrintPower() -         tag=CONTROLLER value=1
D 20:13:59.9464708 GameState.DebugPrintPower() -         tag=CARDTYPE value=SPELL
D 20:13:59.9464708 GameState.DebugPrintPower() -         tag=ZONE value=HAND
D 20:13:59.9464708 GameState.DebugPrintPower() -         tag=ENTITY_ID value=21
D 20:13:59.9464708 GameState.DebugPrintPower() -         tag=CLASS value=DRUID
D 20:13:59.9464708 GameState.DebugPrintPower() -         tag=RARITY value=RARE
D 20:13:59.9464708 GameState.DebugPrintPower() -         tag=478 value=1
D 20:13:59.9464708 GameState.DebugPrintPower() -         tag=1043 value=1
D 20:13:59.9464708 GameState.DebugPrintPower() -         tag=1068 value=0
D 20:13:59.9464708 GameState.DebugPrintPower() -         tag=SPAWN_TIME_COUNT value=1
D 20:13:59.9464708 GameState.DebugPrintPower() -         tag=DREDGE value=1
D 20:13:59.9464708 GameState.DebugPrintPower() -     TAG_CHANGE Entity=21 tag=NUM_TURNS_IN_HAND value=1 
D 20:13:59.9464708 GameState.DebugPrintPower() -     TAG_CHANGE Entity=21 tag=ZONE_POSITION value=2 
D 20:13:59.9464708 GameState.DebugPrintPower() -     TAG_CHANGE Entity=21 tag=ZONE_POSITION value=0 
D 20:13:59.9464708 GameState.DebugPrintPower() -     TAG_CHANGE Entity=21 tag=ZONE_POSITION value=2 
D 20:13:59.9464708 GameState.DebugPrintPower() -     TAG_CHANGE Entity=2 tag=2166 value=36 
D 20:13:59.9464708 GameState.DebugPrintPower() -     TAG_CHANGE Entity=2 tag=467 value=2 
D 20:13:59.9464708 GameState.DebugPrintPower() -     SHOW_ENTITY - Updating Entity=36 CardID=AV_295
D 20:13:59.9464708 GameState.DebugPrintPower() -         tag=CONTROLLER value=1
D 20:13:59.9464708 GameState.DebugPrintPower() -         tag=CARDTYPE value=SPELL
D 20:13:59.9464708 GameState.DebugPrintPower() -         tag=TAG_LAST_KNOWN_COST_IN_HAND value=2
D 20:13:59.9464708 GameState.DebugPrintPower() -         tag=COST value=2
D 20:13:59.9464708 GameState.DebugPrintPower() -         tag=ZONE value=HAND
D 20:13:59.9464708 GameState.DebugPrintPower() -         tag=ENTITY_ID value=36
D 20:13:59.9464708 GameState.DebugPrintPower() -         tag=CLASS value=DRUID
D 20:13:59.9464708 GameState.DebugPrintPower() -         tag=RARITY value=EPIC
D 20:13:59.9464708 GameState.DebugPrintPower() -         tag=CHOOSE_ONE value=1
D 20:13:59.9464708 GameState.DebugPrintPower() -         tag=478 value=1
D 20:13:59.9464708 GameState.DebugPrintPower() -         tag=1043 value=1
D 20:13:59.9464708 GameState.DebugPrintPower() -         tag=1068 value=0
D 20:13:59.9464708 GameState.DebugPrintPower() -         tag=SPAWN_TIME_COUNT value=1
D 20:13:59.9464708 GameState.DebugPrintPower() -     SHOW_ENTITY - Updating Entity=37 CardID=AV_295a
D 20:13:59.9464708 GameState.DebugPrintPower() -         tag=CONTROLLER value=1
D 20:13:59.9464708 GameState.DebugPrintPower() -         tag=CARDTYPE value=SPELL
D 20:13:59.9464708 GameState.DebugPrintPower() -         tag=TAG_LAST_KNOWN_COST_IN_HAND value=2
D 20:13:59.9464708 GameState.DebugPrintPower() -         tag=COST value=2
D 20:13:59.9464708 GameState.DebugPrintPower() -         tag=ZONE value=SETASIDE
D 20:13:59.9464708 GameState.DebugPrintPower() -         tag=ENTITY_ID value=37
D 20:13:59.9464708 GameState.DebugPrintPower() -         tag=CLASS value=DRUID
D 20:13:59.9464708 GameState.DebugPrintPower() -         tag=CREATOR value=36
D 20:13:59.9464708 GameState.DebugPrintPower() -         tag=PARENT_CARD value=36
D 20:13:59.9464708 GameState.DebugPrintPower() -         tag=1068 value=0
D 20:13:59.9464708 GameState.DebugPrintPower() -         tag=CREATOR_DBID value=70320
D 20:13:59.9464708 GameState.DebugPrintPower() -         tag=SPAWN_TIME_COUNT value=1
D 20:13:59.9464708 GameState.DebugPrintPower() -         tag=4901 value=0
D 20:13:59.9464708 GameState.DebugPrintPower() -     SHOW_ENTITY - Updating Entity=38 CardID=AV_295b
D 20:13:59.9464708 GameState.DebugPrintPower() -         tag=CONTROLLER value=1
D 20:13:59.9464708 GameState.DebugPrintPower() -         tag=CARDTYPE value=SPELL
D 20:13:59.9464708 GameState.DebugPrintPower() -         tag=TAG_LAST_KNOWN_COST_IN_HAND value=2
D 20:13:59.9464708 GameState.DebugPrintPower() -         tag=COST value=2
D 20:13:59.9464708 GameState.DebugPrintPower() -         tag=ZONE value=SETASIDE
D 20:13:59.9464708 GameState.DebugPrintPower() -         tag=ENTITY_ID value=38
D 20:13:59.9464708 GameState.DebugPrintPower() -         tag=CLASS value=DRUID
D 20:13:59.9464708 GameState.DebugPrintPower() -         tag=CREATOR value=36
D 20:13:59.9464708 GameState.DebugPrintPower() -         tag=PARENT_CARD value=36
D 20:13:59.9464708 GameState.DebugPrintPower() -         tag=1068 value=0
D 20:13:59.9464708 GameState.DebugPrintPower() -         tag=CREATOR_DBID value=70320
D 20:13:59.9464708 GameState.DebugPrintPower() -         tag=SPAWN_TIME_COUNT value=1
D 20:13:59.9464708 GameState.DebugPrintPower() -         tag=4901 value=0
D 20:13:59.9464708 GameState.DebugPrintPower() -     TAG_CHANGE Entity=36 tag=NUM_TURNS_IN_HAND value=1 
D 20:13:59.9464708 GameState.DebugPrintPower() -     TAG_CHANGE Entity=36 tag=ZONE_POSITION value=3 
D 20:13:59.9464708 GameState.DebugPrintPower() -     TAG_CHANGE Entity=36 tag=ZONE_POSITION value=0 
D 20:13:59.9464708 GameState.DebugPrintPower() -     TAG_CHANGE Entity=36 tag=ZONE_POSITION value=3 
D 20:13:59.9464708 GameState.DebugPrintPower() -     TAG_CHANGE Entity=2 tag=2166 value=15 
D 20:13:59.9464708 GameState.DebugPrintPower() -     TAG_CHANGE Entity=2 tag=467 value=1 
D 20:13:59.9464708 GameState.DebugPrintPower() -     SHOW_ENTITY - Updating Entity=15 CardID=BT_724
D 20:13:59.9464708 GameState.DebugPrintPower() -         tag=CONTROLLER value=1
D 20:13:59.9464708 GameState.DebugPrintPower() -         tag=CARDTYPE value=MINION
D 20:13:59.9464708 GameState.DebugPrintPower() -         tag=TAG_LAST_KNOWN_COST_IN_HAND value=1
D 20:13:59.9464708 GameState.DebugPrintPower() -         tag=479 value=2
D 20:13:59.9464708 GameState.DebugPrintPower() -         tag=COST value=1
D 20:13:59.9464708 GameState.DebugPrintPower() -         tag=ATK value=2
D 20:13:59.9464708 GameState.DebugPrintPower() -         tag=HEALTH value=1
D 20:13:59.9464708 GameState.DebugPrintPower() -         tag=ZONE value=HAND
D 20:13:59.9464708 GameState.DebugPrintPower() -         tag=ENTITY_ID value=15
D 20:13:59.9464708 GameState.DebugPrintPower() -         tag=CLASS value=NEUTRAL
D 20:13:59.9464708 GameState.DebugPrintPower() -         tag=RARITY value=COMMON
D 20:13:59.9464708 GameState.DebugPrintPower() -         tag=BATTLECRY value=1
D 20:13:59.9464708 GameState.DebugPrintPower() -         tag=478 value=1
D 20:13:59.9464708 GameState.DebugPrintPower() -         tag=1043 value=1
D 20:13:59.9464708 GameState.DebugPrintPower() -         tag=1068 value=0
D 20:13:59.9464708 GameState.DebugPrintPower() -         tag=SPAWN_TIME_COUNT value=1
D 20:13:59.9464708 GameState.DebugPrintPower() -         tag=HAS_ACTIVATE_POWER value=1
D 20:13:59.9464708 GameState.DebugPrintPower() -         tag=3085 value=1
D 20:13:59.9464708 GameState.DebugPrintPower() -         tag=4472 value=2
D 20:13:59.9464708 GameState.DebugPrintPower() -     TAG_CHANGE Entity=15 tag=NUM_TURNS_IN_HAND value=1 
D 20:13:59.9464708 GameState.DebugPrintPower() -     TAG_CHANGE Entity=15 tag=ZONE_POSITION value=4 
D 20:13:59.9464708 GameState.DebugPrintPower() -     TAG_CHANGE Entity=15 tag=ZONE_POSITION value=0 
D 20:13:59.9464708 GameState.DebugPrintPower() -     TAG_CHANGE Entity=15 tag=ZONE_POSITION value=4 
D 20:13:59.9464708 GameState.DebugPrintPower() -     TAG_CHANGE Entity=2 tag=467 value=0 
D 20:13:59.9464708 GameState.DebugPrintPower() -     TAG_CHANGE Entity=2 tag=NUM_TURNS_LEFT value=1 
D 20:13:59.9464708 GameState.DebugPrintPower() -     FULL_ENTITY - Creating ID=99 CardID=MUDAN_COIN1
D 20:13:59.9464708 GameState.DebugPrintPower() -         tag=CONTROLLER value=1
D 20:13:59.9464708 GameState.DebugPrintPower() -         tag=CARDTYPE value=SPELL
D 20:13:59.9464708 GameState.DebugPrintPower() -         tag=ZONE value=HAND
D 20:13:59.9464708 GameState.DebugPrintPower() -         tag=ENTITY_ID value=99
D 20:13:59.9464708 GameState.DebugPrintPower() -         tag=CLASS value=NEUTRAL
D 20:13:59.9464708 GameState.DebugPrintPower() -         tag=ZONE_POSITION value=5
D 20:13:59.9464708 GameState.DebugPrintPower() -         tag=NUM_TURNS_IN_HAND value=1
D 20:13:59.9464708 GameState.DebugPrintPower() -         tag=CREATOR value=1
D 20:13:59.9464708 GameState.DebugPrintPower() -         tag=SPAWN_TIME_COUNT value=1
D 20:13:59.9464708 GameState.DebugPrintPower() -         tag=COIN_CARD value=1
D 20:13:59.9464708 GameState.DebugPrintPower() -         tag=4901 value=1
D 20:13:59.9464708 GameState.DebugPrintPower() -     TAG_CHANGE Entity=99 tag=4901 value=0 
D 20:13:59.9464708 GameState.DebugPrintPower() -     TAG_CHANGE Entity=3 tag=2166 value=78 
D 20:13:59.9464708 GameState.DebugPrintPower() -     TAG_CHANGE Entity=3 tag=467 value=3 
D 20:13:59.9464708 GameState.DebugPrintPower() -     TAG_CHANGE Entity=78 tag=ZONE value=HAND 
D 20:13:59.9464708 GameState.DebugPrintPower() -     TAG_CHANGE Entity=78 tag=ZONE_POSITION value=1 
D 20:13:59.9464708 GameState.DebugPrintPower() -     TAG_CHANGE Entity=78 tag=ZONE_POSITION value=0 
D 20:13:59.9464708 GameState.DebugPrintPower() -     TAG_CHANGE Entity=78 tag=ZONE_POSITION value=1 
D 20:13:59.9464708 GameState.DebugPrintPower() -     TAG_CHANGE Entity=3 tag=2166 value=52 
D 20:13:59.9464708 GameState.DebugPrintPower() -     TAG_CHANGE Entity=3 tag=467 value=2 
D 20:13:59.9464708 GameState.DebugPrintPower() -     TAG_CHANGE Entity=52 tag=ZONE value=HAND 
D 20:13:59.9464708 GameState.DebugPrintPower() -     TAG_CHANGE Entity=52 tag=ZONE_POSITION value=2 
D 20:13:59.9464708 GameState.DebugPrintPower() -     TAG_CHANGE Entity=52 tag=ZONE_POSITION value=0 
D 20:13:59.9464708 GameState.DebugPrintPower() -     TAG_CHANGE Entity=52 tag=ZONE_POSITION value=2 
D 20:13:59.9464708 GameState.DebugPrintPower() -     TAG_CHANGE Entity=3 tag=2166 value=51 
D 20:13:59.9464708 GameState.DebugPrintPower() -     TAG_CHANGE Entity=3 tag=467 value=1 
D 20:13:59.9464708 GameState.DebugPrintPower() -     TAG_CHANGE Entity=51 tag=ZONE value=HAND 
D 20:13:59.9464708 GameState.DebugPrintPower() -     TAG_CHANGE Entity=51 tag=ZONE_POSITION value=3 
D 20:13:59.9464708 GameState.DebugPrintPower() -     TAG_CHANGE Entity=51 tag=ZONE_POSITION value=0 
D 20:13:59.9464708 GameState.DebugPrintPower() -     TAG_CHANGE Entity=51 tag=ZONE_POSITION value=3 
D 20:13:59.9464708 GameState.DebugPrintPower() -     TAG_CHANGE Entity=3 tag=467 value=0 
D 20:13:59.9464708 GameState.DebugPrintPower() -     TAG_CHANGE Entity=3 tag=NUM_TURNS_LEFT value=1 
D 20:13:59.9464708 GameState.DebugPrintPower() -     TAG_CHANGE Entity=2 tag=TIMEOUT value=45 
D 20:13:59.9464708 GameState.DebugPrintPower() -     TAG_CHANGE Entity=3 tag=TIMEOUT value=45 
D 20:13:59.9464708 GameState.DebugPrintPower() -     TAG_CHANGE Entity=1 tag=10 value=85 
D 20:13:59.9464708 GameState.DebugPrintPower() -     TAG_CHANGE Entity=1 tag=NEXT_STEP value=BEGIN_MULLIGAN 
D 20:13:59.9464708 GameState.DebugPrintPower() - BLOCK_END
D 20:13:59.9464708 GameState.DebugPrintGame() - BuildNumber=250339
D 20:13:59.9464708 GameState.DebugPrintGame() - GameType=GT_RANKED
D 20:13:59.9464708 GameState.DebugPrintGame() - FormatType=FT_WILD
D 20:13:59.9464708 GameState.DebugPrintGame() - ScenarioID=2
D 20:13:59.9464708 GameState.DebugPrintGame() - PlayerID=1, PlayerName=湫然#51704
D 20:13:59.9464708 GameState.DebugPrintGame() - PlayerID=2, PlayerName=UNKNOWN HUMAN PLAYER
D 20:13:59.9464708 GameState.DebugPrintEntityChoices() - id=1 Player=湫然#51704 TaskList= ChoiceType=MULLIGAN CountMin=0 CountMax=5
D 20:13:59.9464708 GameState.DebugPrintEntityChoices() -   Source=GameEntity
D 20:13:59.9464708 GameState.DebugPrintEntityChoices() -   Entities[0]=[entityName=UNKNOWN ENTITY [cardType=INVALID] id=43 zone=DECK zonePos=0 cardId= player=1]
D 20:13:59.9464708 GameState.DebugPrintEntityChoices() -   Entities[1]=[entityName=UNKNOWN ENTITY [cardType=INVALID] id=21 zone=DECK zonePos=0 cardId= player=1]
D 20:13:59.9464708 GameState.DebugPrintEntityChoices() -   Entities[2]=[entityName=UNKNOWN ENTITY [cardType=INVALID] id=36 zone=DECK zonePos=0 cardId= player=1]
D 20:13:59.9464708 GameState.DebugPrintEntityChoices() -   Entities[3]=[entityName=UNKNOWN ENTITY [cardType=INVALID] id=15 zone=DECK zonePos=0 cardId= player=1]
D 20:13:59.9464708 GameState.DebugPrintEntityChoices() -   Entities[4]=[entityName=幸运币 id=99 zone=HAND zonePos=5 cardId=MUDAN_COIN1 player=1]
D 20:13:59.9464708 GameState.DebugPrintPowerList() - Count=3
D 20:13:59.9464708 GameState.DebugPrintPower() - TAG_CHANGE Entity=GameEntity tag=STEP value=BEGIN_MULLIGAN 
D 20:13:59.9464708 GameState.DebugPrintPower() - BLOCK_START BlockType=TRIGGER Entity=GameEntity EffectCardId=System.Collections.Generic.List`1[System.String] EffectIndex=-1 Target=0 SubOption=-1 TriggerKeyword=TAG_NOT_SET
D 20:13:59.9464708 GameState.DebugPrintPower() -     TAG_CHANGE Entity=湫然#51704 tag=MULLIGAN_STATE value=INPUT 
D 20:13:59.9464708 GameState.DebugPrintPowerList() - Count=1
D 20:13:59.9464708 GameState.DebugPrintPower() - TAG_CHANGE Entity=两仪丨九月#5670 tag=MULLIGAN_STATE value=INPUT 
D 20:13:59.9464708 PowerTaskList.DebugDump() - ID=1 ParentID=0 PreviousID=0 TaskCount=72
D 20:13:59.9464708 PowerTaskList.DebugDump() - Block Start=(null)
D 20:13:59.9464708 PowerTaskList.DebugPrintPower() -     CREATE_GAME
D 20:13:59.9464708 PowerTaskList.DebugPrintPower() -         GameEntity EntityID=1
D 20:13:59.9464708 PowerTaskList.DebugPrintPower() -             tag=CARDTYPE value=GAME
D 20:13:59.9464708 PowerTaskList.DebugPrintPower() -             tag=ZONE value=PLAY
D 20:13:59.9464708 PowerTaskList.DebugPrintPower() -             tag=ENTITY_ID value=1
D 20:13:59.9464708 PowerTaskList.DebugPrintPower() -             tag=937 value=2
D 20:13:59.9464708 PowerTaskList.DebugPrintPower() -             tag=SPAWN_TIME_COUNT value=1
D 20:13:59.9464708 PowerTaskList.DebugPrintPower() -             tag=GAME_SEED value=954198391
D 20:13:59.9464708 PowerTaskList.DebugPrintPower() -         Player EntityID=2 PlayerID=1 GameAccountId=[hi=144115211015832391 lo=83449896]
D 20:13:59.9464708 PowerTaskList.DebugPrintPower() -             tag=CONTROLLER value=1
D 20:13:59.9464708 PowerTaskList.DebugPrintPower() -             tag=CARDTYPE value=PLAYER
D 20:13:59.9464708 PowerTaskList.DebugPrintPower() -             tag=PLAYER_ID value=1
D 20:13:59.9464708 PowerTaskList.DebugPrintPower() -             tag=HERO_ENTITY value=67
D 20:13:59.9464708 PowerTaskList.DebugPrintPower() -             tag=MAXHANDSIZE value=10
D 20:13:59.9464708 PowerTaskList.DebugPrintPower() -             tag=STARTHANDSIZE value=4
D 20:13:59.9464708 PowerTaskList.DebugPrintPower() -             tag=TEAM_ID value=1
D 20:13:59.9464708 PowerTaskList.DebugPrintPower() -             tag=ZONE value=PLAY
D 20:13:59.9464708 PowerTaskList.DebugPrintPower() -             tag=ENTITY_ID value=2
D 20:13:59.9464708 PowerTaskList.DebugPrintPower() -             tag=MAXRESOURCES value=10
D 20:13:59.9464708 PowerTaskList.DebugPrintPower() -             tag=SPAWN_TIME_COUNT value=1
D 20:13:59.9464708 PowerTaskList.DebugPrintPower() -             tag=MAX_EXCAVATE_TIER value=2
D 20:13:59.9464708 PowerTaskList.DebugPrintPower() -         Player EntityID=3 PlayerID=2 GameAccountId=[hi=144115211015832391 lo=229314164]
D 20:13:59.9464708 PowerTaskList.DebugPrintPower() -             tag=CONTROLLER value=2
D 20:13:59.9464708 PowerTaskList.DebugPrintPower() -             tag=CARDTYPE value=PLAYER
D 20:13:59.9464708 PowerTaskList.DebugPrintPower() -             tag=PLAYER_ID value=2
D 20:13:59.9464708 PowerTaskList.DebugPrintPower() -             tag=HERO_ENTITY value=69
D 20:13:59.9464708 PowerTaskList.DebugPrintPower() -             tag=MAXHANDSIZE value=10
D 20:13:59.9464708 PowerTaskList.DebugPrintPower() -             tag=STARTHANDSIZE value=4
D 20:13:59.9464708 PowerTaskList.DebugPrintPower() -             tag=TEAM_ID value=2
D 20:13:59.9464708 PowerTaskList.DebugPrintPower() -             tag=ZONE value=PLAY
D 20:13:59.9464708 PowerTaskList.DebugPrintPower() -             tag=ENTITY_ID value=3
D 20:13:59.9464708 PowerTaskList.DebugPrintPower() -             tag=MAXRESOURCES value=10
D 20:13:59.9464708 PowerTaskList.DebugPrintPower() -             tag=SPAWN_TIME_COUNT value=1
D 20:13:59.9464708 PowerTaskList.DebugPrintPower() -             tag=MAX_EXCAVATE_TIER value=2
D 20:13:59.9464708 PowerTaskList.DebugPrintPower() -             tag=PET_ENTITY value=71
D 20:13:59.9464708 PowerTaskList.DebugPrintPower() -             tag=PET_VARIANT_ID value=9
D 20:13:59.9464708 PowerTaskList.DebugPrintPower() -             tag=PET_ID value=3
D 20:13:59.9464708 PowerTaskList.DebugPrintPower() -     FULL_ENTITY - Updating [entityName=UNKNOWN ENTITY [cardType=INVALID] id=4 zone=DECK zonePos=0 cardId= player=1] CardID=
D 20:13:59.9464708 PowerTaskList.DebugPrintPower() -         tag=ZONE value=DECK
D 20:13:59.9464708 PowerTaskList.DebugPrintPower() -         tag=CONTROLLER value=1
D 20:13:59.9464708 PowerTaskList.DebugPrintPower() -         tag=ENTITY_ID value=4
D 20:13:59.9464708 PowerTaskList.DebugPrintPower() -     FULL_ENTITY - Updating [entityName=UNKNOWN ENTITY [cardType=INVALID] id=5 zone=DECK zonePos=0 cardId= player=1] CardID=
D 20:13:59.9464708 PowerTaskList.DebugPrintPower() -         tag=ZONE value=DECK
D 20:13:59.9464708 PowerTaskList.DebugPrintPower() -         tag=CONTROLLER value=1
D 20:13:59.9464708 PowerTaskList.DebugPrintPower() -         tag=ENTITY_ID value=5
D 20:13:59.9464708 PowerTaskList.DebugPrintPower() -     FULL_ENTITY - Updating [entityName=UNKNOWN ENTITY [cardType=INVALID] id=6 zone=DECK zonePos=0 cardId= player=1] CardID=
D 20:13:59.9464708 PowerTaskList.DebugPrintPower() -         tag=ZONE value=DECK
D 20:13:59.9464708 PowerTaskList.DebugPrintPower() -         tag=CONTROLLER value=1
D 20:13:59.9464708 PowerTaskList.DebugPrintPower() -         tag=ENTITY_ID value=6
D 20:13:59.9464708 PowerTaskList.DebugPrintPower() -     FULL_ENTITY - Updating [entityName=UNKNOWN ENTITY [cardType=INVALID] id=7 zone=SETASIDE zonePos=0 cardId= player=1] CardID=
D 20:13:59.9464708 PowerTaskList.DebugPrintPower() -         tag=ZONE value=SETASIDE
D 20:13:59.9464708 PowerTaskList.DebugPrintPower() -         tag=CONTROLLER value=1
D 20:13:59.9464708 PowerTaskList.DebugPrintPower() -         tag=ENTITY_ID value=7
D 20:13:59.9464708 PowerTaskList.DebugPrintPower() -     FULL_ENTITY - Updating [entityName=UNKNOWN ENTITY [cardType=INVALID] id=8 zone=SETASIDE zonePos=0 cardId= player=1] CardID=
D 20:13:59.9464708 PowerTaskList.DebugPrintPower() -         tag=ZONE value=SETASIDE
D 20:13:59.9464708 PowerTaskList.DebugPrintPower() -         tag=CONTROLLER value=1
D 20:13:59.9464708 PowerTaskList.DebugPrintPower() -         tag=ENTITY_ID value=8
D 20:13:59.9464708 PowerTaskList.DebugPrintPower() -     FULL_ENTITY - Updating [entityName=UNKNOWN ENTITY [cardType=INVALID] id=9 zone=DECK zonePos=0 cardId= player=1] CardID=
D 20:13:59.9464708 PowerTaskList.DebugPrintPower() -         tag=ZONE value=DECK
D 20:13:59.9464708 PowerTaskList.DebugPrintPower() -         tag=CONTROLLER value=1
D 20:13:59.9464708 PowerTaskList.DebugPrintPower() -         tag=ENTITY_ID value=9
D 20:13:59.9464708 PowerTaskList.DebugPrintPower() -     FULL_ENTITY - Updating [entityName=UNKNOWN ENTITY [cardType=INVALID] id=10 zone=DECK zonePos=0 cardId= player=1] CardID=
D 20:13:59.9464708 PowerTaskList.DebugPrintPower() -         tag=ZONE value=DECK
D 20:13:59.9464708 PowerTaskList.DebugPrintPower() -         tag=CONTROLLER value=1
D 20:13:59.9464708 PowerTaskList.DebugPrintPower() -         tag=ENTITY_ID value=10
D 20:13:59.9464708 PowerTaskList.DebugPrintPower() -     FULL_ENTITY - Updating [entityName=UNKNOWN ENTITY [cardType=INVALID] id=11 zone=DECK zonePos=0 cardId= player=1] CardID=
D 20:13:59.9464708 PowerTaskList.DebugPrintPower() -         tag=ZONE value=DECK
D 20:13:59.9464708 PowerTaskList.DebugPrintPower() -         tag=CONTROLLER value=1
D 20:13:59.9464708 PowerTaskList.DebugPrintPower() -         tag=ENTITY_ID value=11
D 20:13:59.9464708 PowerTaskList.DebugPrintPower() -     FULL_ENTITY - Updating [entityName=UNKNOWN ENTITY [cardType=INVALID] id=12 zone=DECK zonePos=0 cardId= player=1] CardID=
D 20:13:59.9464708 PowerTaskList.DebugPrintPower() -         tag=ZONE value=DECK
D 20:13:59.9464708 PowerTaskList.DebugPrintPower() -         tag=CONTROLLER value=1
D 20:13:59.9464708 PowerTaskList.DebugPrintPower() -         tag=ENTITY_ID value=12
D 20:13:59.9464708 PowerTaskList.DebugPrintPower() -     FULL_ENTITY - Updating [entityName=UNKNOWN ENTITY [cardType=INVALID] id=13 zone=DECK zonePos=0 cardId= player=1] CardID=
D 20:13:59.9464708 PowerTaskList.DebugPrintPower() -         tag=ZONE value=DECK
D 20:13:59.9464708 PowerTaskList.DebugPrintPower() -         tag=CONTROLLER value=1
D 20:13:59.9464708 PowerTaskList.DebugPrintPower() -         tag=ENTITY_ID value=13
D 20:13:59.9464708 PowerTaskList.DebugPrintPower() -     FULL_ENTITY - Updating [entityName=UNKNOWN ENTITY [cardType=INVALID] id=14 zone=DECK zonePos=0 cardId= player=1] CardID=
D 20:13:59.9464708 PowerTaskList.DebugPrintPower() -         tag=ZONE value=DECK
D 20:13:59.9464708 PowerTaskList.DebugPrintPower() -         tag=CONTROLLER value=1
D 20:13:59.9464708 PowerTaskList.DebugPrintPower() -         tag=ENTITY_ID value=14
D 20:13:59.9464708 PowerTaskList.DebugPrintPower() -     FULL_ENTITY - Updating [entityName=UNKNOWN ENTITY [cardType=INVALID] id=15 zone=DECK zonePos=0 cardId= player=1] CardID=
D 20:13:59.9464708 PowerTaskList.DebugPrintPower() -         tag=ZONE value=DECK
D 20:13:59.9464708 PowerTaskList.DebugPrintPower() -         tag=CONTROLLER value=1
D 20:13:59.9464708 PowerTaskList.DebugPrintPower() -         tag=ENTITY_ID value=15
D 20:13:59.9464708 PowerTaskList.DebugPrintPower() -     FULL_ENTITY - Updating [entityName=UNKNOWN ENTITY [cardType=INVALID] id=16 zone=DECK zonePos=0 cardId= player=1] CardID=
D 20:13:59.9464708 PowerTaskList.DebugPrintPower() -         tag=ZONE value=DECK
D 20:13:59.9464708 PowerTaskList.DebugPrintPower() -         tag=CONTROLLER value=1
D 20:13:59.9464708 PowerTaskList.DebugPrintPower() -         tag=ENTITY_ID value=16
D 20:13:59.9464708 PowerTaskList.DebugPrintPower() -     FULL_ENTITY - Updating [entityName=UNKNOWN ENTITY [cardType=INVALID] id=17 zone=DECK zonePos=0 cardId= player=1] CardID=
D 20:13:59.9464708 PowerTaskList.DebugPrintPower() -         tag=ZONE value=DECK
D 20:13:59.9464708 PowerTaskList.DebugPrintPower() -         tag=CONTROLLER value=1
D 20:13:59.9464708 PowerTaskList.DebugPrintPower() -         tag=ENTITY_ID value=17
D 20:13:59.9464708 PowerTaskList.DebugPrintPower() -     FULL_ENTITY - Updating [entityName=UNKNOWN ENTITY [cardType=INVALID] id=18 zone=DECK zonePos=0 cardId= player=1] CardID=
D 20:13:59.9464708 PowerTaskList.DebugPrintPower() -         tag=ZONE value=DECK
D 20:13:59.9464708 PowerTaskList.DebugPrintPower() -         tag=CONTROLLER value=1
D 20:13:59.9464708 PowerTaskList.DebugPrintPower() -         tag=ENTITY_ID value=18
D 20:13:59.9464708 PowerTaskList.DebugPrintPower() -     FULL_ENTITY - Updating [entityName=UNKNOWN ENTITY [cardType=INVALID] id=19 zone=DECK zonePos=0 cardId= player=1] CardID=
D 20:13:59.9464708 PowerTaskList.DebugPrintPower() -         tag=ZONE value=DECK
D 20:13:59.9464708 PowerTaskList.DebugPrintPower() -         tag=CONTROLLER value=1
D 20:13:59.9464708 PowerTaskList.DebugPrintPower() -         tag=ENTITY_ID value=19
D 20:13:59.9464708 PowerTaskList.DebugPrintPower() -     FULL_ENTITY - Updating [entityName=UNKNOWN ENTITY [cardType=INVALID] id=20 zone=DECK zonePos=0 cardId= player=1] CardID=
D 20:13:59.9464708 PowerTaskList.DebugPrintPower() -         tag=ZONE value=DECK
D 20:13:59.9464708 PowerTaskList.DebugPrintPower() -         tag=CONTROLLER value=1
D 20:13:59.9464708 PowerTaskList.DebugPrintPower() -         tag=ENTITY_ID value=20
D 20:13:59.9464708 PowerTaskList.DebugPrintPower() -     FULL_ENTITY - Updating [entityName=UNKNOWN ENTITY [cardType=INVALID] id=21 zone=DECK zonePos=0 cardId= player=1] CardID=
D 20:13:59.9464708 PowerTaskList.DebugPrintPower() -         tag=ZONE value=DECK
D 20:13:59.9464708 PowerTaskList.DebugPrintPower() -         tag=CONTROLLER value=1
D 20:13:59.9464708 PowerTaskList.DebugPrintPower() -         tag=ENTITY_ID value=21
D 20:13:59.9464708 PowerTaskList.DebugPrintPower() -     FULL_ENTITY - Updating [entityName=UNKNOWN ENTITY [cardType=INVALID] id=22 zone=DECK zonePos=0 cardId= player=1] CardID=
D 20:13:59.9464708 PowerTaskList.DebugPrintPower() -         tag=ZONE value=DECK
D 20:13:59.9464708 PowerTaskList.DebugPrintPower() -         tag=CONTROLLER value=1
D 20:13:59.9464708 PowerTaskList.DebugPrintPower() -         tag=ENTITY_ID value=22
D 20:13:59.9464708 PowerTaskList.DebugPrintPower() -     FULL_ENTITY - Updating [entityName=UNKNOWN ENTITY [cardType=INVALID] id=23 zone=DECK zonePos=0 cardId= player=1] CardID=
D 20:13:59.9464708 PowerTaskList.DebugPrintPower() -         tag=ZONE value=DECK
D 20:13:59.9464708 PowerTaskList.DebugPrintPower() -         tag=CONTROLLER value=1
D 20:13:59.9464708 PowerTaskList.DebugPrintPower() -         tag=ENTITY_ID value=23
D 20:13:59.9464708 PowerTaskList.DebugPrintPower() -     FULL_ENTITY - Updating [entityName=UNKNOWN ENTITY [cardType=INVALID] id=24 zone=SETASIDE zonePos=0 cardId= player=1] CardID=
D 20:13:59.9464708 PowerTaskList.DebugPrintPower() -         tag=ZONE value=SETASIDE
D 20:13:59.9464708 PowerTaskList.DebugPrintPower() -         tag=CONTROLLER value=1
D 20:13:59.9464708 PowerTaskList.DebugPrintPower() -         tag=ENTITY_ID value=24
D 20:13:59.9464708 PowerTaskList.DebugPrintPower() -     FULL_ENTITY - Updating [entityName=UNKNOWN ENTITY [cardType=INVALID] id=25 zone=SETASIDE zonePos=0 cardId= player=1] CardID=
D 20:13:59.9464708 PowerTaskList.DebugPrintPower() -         tag=ZONE value=SETASIDE
D 20:13:59.9464708 PowerTaskList.DebugPrintPower() -         tag=CONTROLLER value=1
D 20:13:59.9464708 PowerTaskList.DebugPrintPower() -         tag=ENTITY_ID value=25
D 20:13:59.9464708 PowerTaskList.DebugPrintPower() -     FULL_ENTITY - Updating [entityName=UNKNOWN ENTITY [cardType=INVALID] id=26 zone=DECK zonePos=0 cardId= player=1] CardID=
D 20:13:59.9464708 PowerTaskList.DebugPrintPower() -         tag=ZONE value=DECK
D 20:13:59.9464708 PowerTaskList.DebugPrintPower() -         tag=CONTROLLER value=1
D 20:13:59.9464708 PowerTaskList.DebugPrintPower() -         tag=ENTITY_ID value=26
D 20:13:59.9464708 PowerTaskList.DebugPrintPower() -     FULL_ENTITY - Updating [entityName=UNKNOWN ENTITY [cardType=INVALID] id=27 zone=DECK zonePos=0 cardId= player=1] CardID=
D 20:13:59.9464708 PowerTaskList.DebugPrintPower() -         tag=ZONE value=DECK
D 20:13:59.9464708 PowerTaskList.DebugPrintPower() -         tag=CONTROLLER value=1
D 20:13:59.9464708 PowerTaskList.DebugPrintPower() -         tag=ENTITY_ID value=27
D 20:13:59.9464708 PowerTaskList.DebugPrintPower() -     FULL_ENTITY - Updating [entityName=UNKNOWN ENTITY [cardType=INVALID] id=28 zone=SETASIDE zonePos=0 cardId= player=1] CardID=
D 20:13:59.9464708 PowerTaskList.DebugPrintPower() -         tag=ZONE value=SETASIDE
D 20:13:59.9464708 PowerTaskList.DebugPrintPower() -         tag=CONTROLLER value=1
D 20:13:59.9464708 PowerTaskList.DebugPrintPower() -         tag=ENTITY_ID value=28
D 20:13:59.9464708 PowerTaskList.DebugPrintPower() -     FULL_ENTITY - Updating [entityName=UNKNOWN ENTITY [cardType=INVALID] id=29 zone=SETASIDE zonePos=0 cardId= player=1] CardID=
D 20:13:59.9464708 PowerTaskList.DebugPrintPower() -         tag=ZONE value=SETASIDE
D 20:13:59.9464708 PowerTaskList.DebugPrintPower() -         tag=CONTROLLER value=1
D 20:13:59.9464708 PowerTaskList.DebugPrintPower() -         tag=ENTITY_ID value=29
D 20:13:59.9464708 PowerTaskList.DebugPrintPower() -     FULL_ENTITY - Updating [entityName=UNKNOWN ENTITY [cardType=INVALID] id=30 zone=DECK zonePos=0 cardId= player=1] CardID=
D 20:13:59.9464708 PowerTaskList.DebugPrintPower() -         tag=ZONE value=DECK
D 20:13:59.9464708 PowerTaskList.DebugPrintPower() -         tag=CONTROLLER value=1
D 20:13:59.9464708 PowerTaskList.DebugPrintPower() -         tag=ENTITY_ID value=30
D 20:13:59.9464708 PowerTaskList.DebugPrintPower() -     FULL_ENTITY - Updating [entityName=UNKNOWN ENTITY [cardType=INVALID] id=31 zone=DECK zonePos=0 cardId= player=1] CardID=
D 20:13:59.9464708 PowerTaskList.DebugPrintPower() -         tag=ZONE value=DECK
D 20:13:59.9464708 PowerTaskList.DebugPrintPower() -         tag=CONTROLLER value=1
D 20:13:59.9464708 PowerTaskList.DebugPrintPower() -         tag=ENTITY_ID value=31
D 20:13:59.9464708 PowerTaskList.DebugPrintPower() -     FULL_ENTITY - Updating [entityName=UNKNOWN ENTITY [cardType=INVALID] id=32 zone=DECK zonePos=0 cardId= player=1] CardID=
D 20:13:59.9464708 PowerTaskList.DebugPrintPower() -         tag=ZONE value=DECK
D 20:13:59.9464708 PowerTaskList.DebugPrintPower() -         tag=CONTROLLER value=1
D 20:13:59.9464708 PowerTaskList.DebugPrintPower() -         tag=ENTITY_ID value=32
D 20:13:59.9464708 PowerTaskList.DebugPrintPower() -     FULL_ENTITY - Updating [entityName=UNKNOWN ENTITY [cardType=INVALID] id=33 zone=DECK zonePos=0 cardId= player=1] CardID=
D 20:13:59.9464708 PowerTaskList.DebugPrintPower() -         tag=ZONE value=DECK
D 20:13:59.9464708 PowerTaskList.DebugPrintPower() -         tag=CONTROLLER value=1
D 20:13:59.9464708 PowerTaskList.DebugPrintPower() -         tag=ENTITY_ID value=33
D 20:13:59.9464708 PowerTaskList.DebugPrintPower() -     FULL_ENTITY - Updating [entityName=UNKNOWN ENTITY [cardType=INVALID] id=34 zone=DECK zonePos=0 cardId= player=1] CardID=
D 20:13:59.9464708 PowerTaskList.DebugPrintPower() -         tag=ZONE value=DECK
D 20:13:59.9464708 PowerTaskList.DebugPrintPower() -         tag=CONTROLLER value=1
D 20:13:59.9464708 PowerTaskList.DebugPrintPower() -         tag=ENTITY_ID value=34
D 20:13:59.9464708 PowerTaskList.DebugPrintPower() -     FULL_ENTITY - Updating [entityName=UNKNOWN ENTITY [cardType=INVALID] id=35 zone=DECK zonePos=0 cardId= player=1] CardID=
D 20:13:59.9464708 PowerTaskList.DebugPrintPower() -         tag=ZONE value=DECK
D 20:13:59.9464708 PowerTaskList.DebugPrintPower() -         tag=CONTROLLER value=1
D 20:13:59.9464708 PowerTaskList.DebugPrintPower() -         tag=ENTITY_ID value=35
D 20:13:59.9464708 PowerTaskList.DebugPrintPower() -     FULL_ENTITY - Updating [entityName=UNKNOWN ENTITY [cardType=INVALID] id=36 zone=DECK zonePos=0 cardId= player=1] CardID=
D 20:13:59.9464708 PowerTaskList.DebugPrintPower() -         tag=ZONE value=DECK
D 20:13:59.9464708 PowerTaskList.DebugPrintPower() -         tag=CONTROLLER value=1
D 20:13:59.9464708 PowerTaskList.DebugPrintPower() -         tag=ENTITY_ID value=36
D 20:13:59.9464708 PowerTaskList.DebugPrintPower() -     FULL_ENTITY - Updating [entityName=UNKNOWN ENTITY [cardType=INVALID] id=37 zone=SETASIDE zonePos=0 cardId= player=1] CardID=
D 20:13:59.9464708 PowerTaskList.DebugPrintPower() -         tag=ZONE value=SETASIDE
D 20:13:59.9464708 PowerTaskList.DebugPrintPower() -         tag=CONTROLLER value=1
D 20:13:59.9464708 PowerTaskList.DebugPrintPower() -         tag=ENTITY_ID value=37
D 20:13:59.9464708 PowerTaskList.DebugPrintPower() -     FULL_ENTITY - Updating [entityName=UNKNOWN ENTITY [cardType=INVALID] id=38 zone=SETASIDE zonePos=0 cardId= player=1] CardID=
D 20:13:59.9464708 PowerTaskList.DebugPrintPower() -         tag=ZONE value=SETASIDE
D 20:13:59.9464708 PowerTaskList.DebugPrintPower() -         tag=CONTROLLER value=1
D 20:13:59.9464708 PowerTaskList.DebugPrintPower() -         tag=ENTITY_ID value=38
D 20:13:59.9464708 PowerTaskList.DebugPrintPower() -     FULL_ENTITY - Updating [entityName=UNKNOWN ENTITY [cardType=INVALID] id=39 zone=DECK zonePos=0 cardId= player=1] CardID=
D 20:13:59.9464708 PowerTaskList.DebugPrintPower() -         tag=ZONE value=DECK
D 20:13:59.9464708 PowerTaskList.DebugPrintPower() -         tag=CONTROLLER value=1
D 20:13:59.9464708 PowerTaskList.DebugPrintPower() -         tag=ENTITY_ID value=39
D 20:13:59.9464708 PowerTaskList.DebugPrintPower() -     FULL_ENTITY - Updating [entityName=UNKNOWN ENTITY [cardType=INVALID] id=40 zone=DECK zonePos=0 cardId= player=1] CardID=
D 20:13:59.9464708 PowerTaskList.DebugPrintPower() -         tag=ZONE value=DECK
D 20:13:59.9464708 PowerTaskList.DebugPrintPower() -         tag=CONTROLLER value=1
D 20:13:59.9464708 PowerTaskList.DebugPrintPower() -         tag=ENTITY_ID value=40
D 20:13:59.9464708 PowerTaskList.DebugPrintPower() -     FULL_ENTITY - Updating [entityName=UNKNOWN ENTITY [cardType=INVALID] id=41 zone=SETASIDE zonePos=0 cardId= player=1] CardID=
D 20:13:59.9464708 PowerTaskList.DebugPrintPower() -         tag=ZONE value=SETASIDE
D 20:13:59.9464708 PowerTaskList.DebugPrintPower() -         tag=CONTROLLER value=1
D 20:13:59.9464708 PowerTaskList.DebugPrintPower() -         tag=ENTITY_ID value=41
D 20:13:59.9464708 PowerTaskList.DebugPrintPower() -     FULL_ENTITY - Updating [entityName=UNKNOWN ENTITY [cardType=INVALID] id=42 zone=SETASIDE zonePos=0 cardId= player=1] CardID=
D 20:13:59.9464708 PowerTaskList.DebugPrintPower() -         tag=ZONE value=SETASIDE
D 20:13:59.9464708 PowerTaskList.DebugPrintPower() -         tag=CONTROLLER value=1
D 20:13:59.9464708 PowerTaskList.DebugPrintPower() -         tag=ENTITY_ID value=42
D 20:13:59.9464708 PowerTaskList.DebugPrintPower() -     FULL_ENTITY - Updating [entityName=UNKNOWN ENTITY [cardType=INVALID] id=43 zone=DECK zonePos=0 cardId= player=1] CardID=
D 20:13:59.9464708 PowerTaskList.DebugPrintPower() -         tag=ZONE value=DECK
D 20:13:59.9464708 PowerTaskList.DebugPrintPower() -         tag=CONTROLLER value=1
D 20:13:59.9464708 PowerTaskList.DebugPrintPower() -         tag=ENTITY_ID value=43
D 20:13:59.9464708 PowerTaskList.DebugPrintPower() -     FULL_ENTITY - Updating [entityName=UNKNOWN ENTITY [cardType=INVALID] id=44 zone=DECK zonePos=0 cardId= player=2] CardID=
D 20:13:59.9464708 PowerTaskList.DebugPrintPower() -         tag=ZONE value=DECK
D 20:13:59.9464708 PowerTaskList.DebugPrintPower() -         tag=CONTROLLER value=2
D 20:13:59.9464708 PowerTaskList.DebugPrintPower() -         tag=ENTITY_ID value=44
D 20:13:59.9464708 PowerTaskList.DebugPrintPower() -     FULL_ENTITY - Updating [entityName=UNKNOWN ENTITY [cardType=INVALID] id=45 zone=DECK zonePos=0 cardId= player=2] CardID=
D 20:13:59.9464708 PowerTaskList.DebugPrintPower() -         tag=ZONE value=DECK
D 20:13:59.9464708 PowerTaskList.DebugPrintPower() -         tag=CONTROLLER value=2
D 20:13:59.9464708 PowerTaskList.DebugPrintPower() -         tag=ENTITY_ID value=45
D 20:13:59.9464708 PowerTaskList.DebugPrintPower() -     FULL_ENTITY - Updating [entityName=UNKNOWN ENTITY [cardType=INVALID] id=46 zone=DECK zonePos=0 cardId= player=2] CardID=
D 20:13:59.9464708 PowerTaskList.DebugPrintPower() -         tag=ZONE value=DECK
D 20:13:59.9464708 PowerTaskList.DebugPrintPower() -         tag=CONTROLLER value=2
D 20:13:59.9464708 PowerTaskList.DebugPrintPower() -         tag=ENTITY_ID value=46
D 20:13:59.9464708 PowerTaskList.DebugPrintPower() -     FULL_ENTITY - Updating [entityName=UNKNOWN ENTITY [cardType=INVALID] id=47 zone=DECK zonePos=0 cardId= player=2] CardID=
D 20:13:59.9464708 PowerTaskList.DebugPrintPower() -         tag=ZONE value=DECK
D 20:13:59.9464708 PowerTaskList.DebugPrintPower() -         tag=CONTROLLER value=2
D 20:13:59.9464708 PowerTaskList.DebugPrintPower() -         tag=ENTITY_ID value=47
D 20:13:59.9464708 PowerTaskList.DebugPrintPower() -     FULL_ENTITY - Updating [entityName=UNKNOWN ENTITY [cardType=INVALID] id=48 zone=DECK zonePos=0 cardId= player=2] CardID=
D 20:13:59.9464708 PowerTaskList.DebugPrintPower() -         tag=ZONE value=DECK
D 20:13:59.9464708 PowerTaskList.DebugPrintPower() -         tag=CONTROLLER value=2
D 20:13:59.9464708 PowerTaskList.DebugPrintPower() -         tag=ENTITY_ID value=48
D 20:13:59.9464708 PowerTaskList.DebugPrintPower() -     FULL_ENTITY - Updating [entityName=UNKNOWN ENTITY [cardType=INVALID] id=49 zone=DECK zonePos=0 cardId= player=2] CardID=
D 20:13:59.9464708 PowerTaskList.DebugPrintPower() -         tag=ZONE value=DECK
D 20:13:59.9464708 PowerTaskList.DebugPrintPower() -         tag=CONTROLLER value=2
D 20:13:59.9464708 PowerTaskList.DebugPrintPower() -         tag=ENTITY_ID value=49
D 20:13:59.9464708 PowerTaskList.DebugPrintPower() -     FULL_ENTITY - Updating [entityName=UNKNOWN ENTITY [cardType=INVALID] id=50 zone=DECK zonePos=0 cardId= player=2] CardID=
D 20:13:59.9464708 PowerTaskList.DebugPrintPower() -         tag=ZONE value=DECK
D 20:13:59.9464708 PowerTaskList.DebugPrintPower() -         tag=CONTROLLER value=2
D 20:13:59.9464708 PowerTaskList.DebugPrintPower() -         tag=ENTITY_ID value=50
D 20:13:59.9464708 PowerTaskList.DebugPrintPower() -     FULL_ENTITY - Updating [entityName=UNKNOWN ENTITY [cardType=INVALID] id=51 zone=DECK zonePos=0 cardId= player=2] CardID=
D 20:13:59.9464708 PowerTaskList.DebugPrintPower() -         tag=ZONE value=DECK
D 20:13:59.9464708 PowerTaskList.DebugPrintPower() -         tag=CONTROLLER value=2
D 20:13:59.9464708 PowerTaskList.DebugPrintPower() -         tag=ENTITY_ID value=51
D 20:13:59.9464708 PowerTaskList.DebugPrintPower() -     FULL_ENTITY - Updating [entityName=UNKNOWN ENTITY [cardType=INVALID] id=52 zone=DECK zonePos=0 cardId= player=2] CardID=
D 20:13:59.9464708 PowerTaskList.DebugPrintPower() -         tag=ZONE value=DECK
D 20:13:59.9464708 PowerTaskList.DebugPrintPower() -         tag=CONTROLLER value=2
D 20:13:59.9464708 PowerTaskList.DebugPrintPower() -         tag=ENTITY_ID value=52
D 20:13:59.9464708 PowerTaskList.DebugPrintPower() -     FULL_ENTITY - Updating [entityName=UNKNOWN ENTITY [cardType=INVALID] id=53 zone=DECK zonePos=0 cardId= player=2] CardID=
D 20:13:59.9464708 PowerTaskList.DebugPrintPower() -         tag=ZONE value=DECK
D 20:13:59.9464708 PowerTaskList.DebugPrintPower() -         tag=CONTROLLER value=2
D 20:13:59.9464708 PowerTaskList.DebugPrintPower() -         tag=ENTITY_ID value=53
D 20:13:59.9464708 PowerTaskList.DebugPrintPower() -     FULL_ENTITY - Updating [entityName=UNKNOWN ENTITY [cardType=INVALID] id=54 zone=DECK zonePos=0 cardId= player=2] CardID=
D 20:13:59.9464708 PowerTaskList.DebugPrintPower() -         tag=ZONE value=DECK
D 20:13:59.9464708 PowerTaskList.DebugPrintPower() -         tag=CONTROLLER value=2
D 20:13:59.9464708 PowerTaskList.DebugPrintPower() -         tag=ENTITY_ID value=54
D 20:13:59.9464708 PowerTaskList.DebugPrintPower() -     FULL_ENTITY - Updating [entityName=UNKNOWN ENTITY [cardType=INVALID] id=55 zone=DECK zonePos=0 cardId= player=2] CardID=
D 20:13:59.9464708 PowerTaskList.DebugPrintPower() -         tag=ZONE value=DECK
D 20:13:59.9464708 PowerTaskList.DebugPrintPower() -         tag=CONTROLLER value=2
D 20:13:59.9464708 PowerTaskList.DebugPrintPower() -         tag=ENTITY_ID value=55
D 20:13:59.9464708 PowerTaskList.DebugPrintPower() -     FULL_ENTITY - Updating [entityName=UNKNOWN ENTITY [cardType=INVALID] id=56 zone=DECK zonePos=0 cardId= player=2] CardID=
D 20:13:59.9464708 PowerTaskList.DebugPrintPower() -         tag=ZONE value=DECK
D 20:13:59.9464708 PowerTaskList.DebugPrintPower() -         tag=CONTROLLER value=2
D 20:13:59.9464708 PowerTaskList.DebugPrintPower() -         tag=ENTITY_ID value=56
D 20:13:59.9464708 PowerTaskList.DebugPrintPower() -     FULL_ENTITY - Updating [entityName=UNKNOWN ENTITY [cardType=INVALID] id=57 zone=DECK zonePos=0 cardId= player=2] CardID=
D 20:13:59.9464708 PowerTaskList.DebugPrintPower() -         tag=ZONE value=DECK
D 20:13:59.9464708 PowerTaskList.DebugPrintPower() -         tag=CONTROLLER value=2
D 20:13:59.9464708 PowerTaskList.DebugPrintPower() -         tag=ENTITY_ID value=57
D 20:13:59.9464708 PowerTaskList.DebugPrintPower() -     FULL_ENTITY - Updating [entityName=UNKNOWN ENTITY [cardType=INVALID] id=58 zone=DECK zonePos=0 cardId= player=2] CardID=
D 20:13:59.9464708 PowerTaskList.DebugPrintPower() -         tag=ZONE value=DECK
D 20:13:59.9464708 PowerTaskList.DebugPrintPower() -         tag=CONTROLLER value=2
D 20:13:59.9464708 PowerTaskList.DebugPrintPower() -         tag=ENTITY_ID value=58
D 20:13:59.9464708 PowerTaskList.DebugPrintPower() -     FULL_ENTITY - Updating [entityName=UNKNOWN ENTITY [cardType=INVALID] id=59 zone=DECK zonePos=0 cardId= player=2] CardID=
D 20:13:59.9464708 PowerTaskList.DebugPrintPower() -         tag=ZONE value=DECK
D 20:13:59.9464708 PowerTaskList.DebugPrintPower() -         tag=CONTROLLER value=2
D 20:13:59.9464708 PowerTaskList.DebugPrintPower() -         tag=ENTITY_ID value=59
D 20:13:59.9464708 PowerTaskList.DebugPrintPower() -     FULL_ENTITY - Updating [entityName=UNKNOWN ENTITY [cardType=INVALID] id=60 zone=DECK zonePos=0 cardId= player=2] CardID=
D 20:13:59.9464708 PowerTaskList.DebugPrintPower() -         tag=ZONE value=DECK
D 20:13:59.9464708 PowerTaskList.DebugPrintPower() -         tag=CONTROLLER value=2
D 20:13:59.9464708 PowerTaskList.DebugPrintPower() -         tag=ENTITY_ID value=60
D 20:13:59.9464708 PowerTaskList.DebugPrintPower() -     FULL_ENTITY - Updating [entityName=UNKNOWN ENTITY [cardType=INVALID] id=61 zone=DECK zonePos=0 cardId= player=2] CardID=
D 20:13:59.9464708 PowerTaskList.DebugPrintPower() -         tag=ZONE value=DECK
D 20:13:59.9464708 PowerTaskList.DebugPrintPower() -         tag=CONTROLLER value=2
D 20:13:59.9464708 PowerTaskList.DebugPrintPower() -         tag=ENTITY_ID value=61
D 20:13:59.9464708 PowerTaskList.DebugPrintPower() -     FULL_ENTITY - Updating [entityName=UNKNOWN ENTITY [cardType=INVALID] id=62 zone=DECK zonePos=0 cardId= player=2] CardID=
D 20:13:59.9464708 PowerTaskList.DebugPrintPower() -         tag=ZONE value=DECK
D 20:13:59.9464708 PowerTaskList.DebugPrintPower() -         tag=CONTROLLER value=2
D 20:13:59.9464708 PowerTaskList.DebugPrintPower() -         tag=ENTITY_ID value=62
D 20:13:59.9464708 PowerTaskList.DebugPrintPower() -     FULL_ENTITY - Updating [entityName=UNKNOWN ENTITY [cardType=INVALID] id=63 zone=DECK zonePos=0 cardId= player=2] CardID=
D 20:13:59.9464708 PowerTaskList.DebugPrintPower() -         tag=ZONE value=DECK
D 20:13:59.9464708 PowerTaskList.DebugPrintPower() -         tag=CONTROLLER value=2
D 20:13:59.9464708 PowerTaskList.DebugPrintPower() -         tag=ENTITY_ID value=63
D 20:13:59.9464708 PowerTaskList.DebugPrintPower() -     FULL_ENTITY - Updating [entityName=UNKNOWN ENTITY [cardType=INVALID] id=64 zone=SETASIDE zonePos=0 cardId= player=2] CardID=
D 20:13:59.9464708 PowerTaskList.DebugPrintPower() -         tag=ZONE value=SETASIDE
D 20:13:59.9464708 PowerTaskList.DebugPrintPower() -         tag=CONTROLLER value=2
D 20:13:59.9464708 PowerTaskList.DebugPrintPower() -         tag=ENTITY_ID value=64
D 20:13:59.9464708 PowerTaskList.DebugPrintPower() -     FULL_ENTITY - Updating [entityName=UNKNOWN ENTITY [cardType=INVALID] id=65 zone=SETASIDE zonePos=0 cardId= player=2] CardID=
D 20:13:59.9464708 PowerTaskList.DebugPrintPower() -         tag=ZONE value=SETASIDE
D 20:13:59.9464708 PowerTaskList.DebugPrintPower() -         tag=CONTROLLER value=2
D 20:13:59.9464708 PowerTaskList.DebugPrintPower() -         tag=ENTITY_ID value=65
D 20:13:59.9464708 PowerTaskList.DebugPrintPower() -     FULL_ENTITY - Updating [entityName=UNKNOWN ENTITY [cardType=INVALID] id=66 zone=SETASIDE zonePos=0 cardId= player=2] CardID=
D 20:13:59.9464708 PowerTaskList.DebugPrintPower() -         tag=ZONE value=SETASIDE
D 20:13:59.9464708 PowerTaskList.DebugPrintPower() -         tag=CONTROLLER value=2
D 20:13:59.9464708 PowerTaskList.DebugPrintPower() -         tag=ENTITY_ID value=66
D 20:13:59.9464708 PowerTaskList.DebugPrintPower() -     FULL_ENTITY - Updating [entityName=嘲风望月露娜拉 id=67 zone=PLAY zonePos=0 cardId=HERO_06bi player=1] CardID=HERO_06bi
D 20:13:59.9464708 PowerTaskList.DebugPrintPower() -         tag=CONTROLLER value=1
D 20:13:59.9464708 PowerTaskList.DebugPrintPower() -         tag=CARDTYPE value=HERO
D 20:13:59.9464708 PowerTaskList.DebugPrintPower() -         tag=HEALTH value=30
D 20:13:59.9464708 PowerTaskList.DebugPrintPower() -         tag=PREMIUM value=1
D 20:13:59.9464708 PowerTaskList.DebugPrintPower() -         tag=ZONE value=PLAY
D 20:13:59.9464708 PowerTaskList.DebugPrintPower() -         tag=ENTITY_ID value=67
D 20:13:59.9464708 PowerTaskList.DebugPrintPower() -         tag=CLASS value=DRUID
D 20:13:59.9464708 PowerTaskList.DebugPrintPower() -         tag=FACTION value=NEUTRAL
D 20:13:59.9464708 PowerTaskList.DebugPrintPower() -         tag=RARITY value=FREE
D 20:13:59.9464708 PowerTaskList.DebugPrintPower() -         tag=HERO_POWER value=66926
D 20:13:59.9464708 PowerTaskList.DebugPrintPower() -         tag=HIDE_WATERMARK value=1
D 20:13:59.9464708 PowerTaskList.DebugPrintPower() -         tag=SPAWN_TIME_COUNT value=1
D 20:13:59.9464708 PowerTaskList.DebugPrintPower() -         tag=EMOTECHARACTER value=20
D 20:13:59.9464708 PowerTaskList.DebugPrintPower() -         tag=HAS_ACTIVATE_POWER value=1
D 20:13:59.9464708 PowerTaskList.DebugPrintPower() -         tag=EMOTECLASS value=6
D 20:13:59.9464708 PowerTaskList.DebugPrintPower() -         tag=3085 value=30
D 20:13:59.9464708 PowerTaskList.DebugPrintPower() -     FULL_ENTITY - Updating [entityName=变形 id=68 zone=PLAY zonePos=0 cardId=HERO_06ebp player=1] CardID=HERO_06ebp
D 20:13:59.9464708 PowerTaskList.DebugPrintPower() -         tag=CONTROLLER value=1
D 20:13:59.9464708 PowerTaskList.DebugPrintPower() -         tag=CARDTYPE value=HERO_POWER
D 20:13:59.9464708 PowerTaskList.DebugPrintPower() -         tag=TAG_LAST_KNOWN_COST_IN_HAND value=2
D 20:13:59.9464708 PowerTaskList.DebugPrintPower() -         tag=COST value=2
D 20:13:59.9464708 PowerTaskList.DebugPrintPower() -         tag=PREMIUM value=1
D 20:13:59.9464708 PowerTaskList.DebugPrintPower() -         tag=ZONE value=PLAY
D 20:13:59.9464708 PowerTaskList.DebugPrintPower() -         tag=ENTITY_ID value=68
D 20:13:59.9464708 PowerTaskList.DebugPrintPower() -         tag=CLASS value=DRUID
D 20:13:59.9464708 PowerTaskList.DebugPrintPower() -         tag=FACTION value=NEUTRAL
D 20:13:59.9464708 PowerTaskList.DebugPrintPower() -         tag=RARITY value=FREE
D 20:13:59.9464708 PowerTaskList.DebugPrintPower() -         tag=CREATOR value=67
D 20:13:59.9464708 PowerTaskList.DebugPrintPower() -         tag=1037 value=1
D 20:13:59.9464708 PowerTaskList.DebugPrintPower() -         tag=1086 value=66928
D 20:13:59.9464708 PowerTaskList.DebugPrintPower() -         tag=CREATOR_DBID value=123761
D 20:13:59.9464708 PowerTaskList.DebugPrintPower() -         tag=SPAWN_TIME_COUNT value=1
D 20:13:59.9464708 PowerTaskList.DebugPrintPower() -         tag=HAS_ACTIVATE_POWER value=1
D 20:13:59.9464708 PowerTaskList.DebugPrintPower() -     FULL_ENTITY - Updating [entityName=拉祖尔女士 id=69 zone=PLAY zonePos=0 cardId=HERO_09b player=2] CardID=HERO_09b
D 20:13:59.9464708 PowerTaskList.DebugPrintPower() -         tag=CONTROLLER value=2
D 20:13:59.9464708 PowerTaskList.DebugPrintPower() -         tag=CARDTYPE value=HERO
D 20:13:59.9464708 PowerTaskList.DebugPrintPower() -         tag=HEALTH value=30
D 20:13:59.9464708 PowerTaskList.DebugPrintPower() -         tag=PREMIUM value=1
D 20:13:59.9464708 PowerTaskList.DebugPrintPower() -         tag=ZONE value=PLAY
D 20:13:59.9464708 PowerTaskList.DebugPrintPower() -         tag=ENTITY_ID value=69
D 20:13:59.9464708 PowerTaskList.DebugPrintPower() -         tag=CLASS value=PRIEST
D 20:13:59.9464708 PowerTaskList.DebugPrintPower() -         tag=FACTION value=NEUTRAL
D 20:13:59.9464708 PowerTaskList.DebugPrintPower() -         tag=RARITY value=EPIC
D 20:13:59.9464708 PowerTaskList.DebugPrintPower() -         tag=HERO_POWER value=54817
D 20:13:59.9464708 PowerTaskList.DebugPrintPower() -         tag=SPAWN_TIME_COUNT value=1
D 20:13:59.9464708 PowerTaskList.DebugPrintPower() -         tag=EMOTECHARACTER value=47
D 20:13:59.9464708 PowerTaskList.DebugPrintPower() -         tag=HAS_ACTIVATE_POWER value=1
D 20:13:59.9464708 PowerTaskList.DebugPrintPower() -         tag=EMOTECLASS value=9
D 20:13:59.9464708 PowerTaskList.DebugPrintPower() -         tag=3085 value=30
D 20:13:59.9464708 PowerTaskList.DebugPrintPower() -     FULL_ENTITY - Updating [entityName=次级治疗术 id=70 zone=PLAY zonePos=0 cardId=CS1h_001_H2 player=2] CardID=CS1h_001_H2
D 20:13:59.9464708 PowerTaskList.DebugPrintPower() -         tag=CONTROLLER value=2
D 20:13:59.9464708 PowerTaskList.DebugPrintPower() -         tag=CARDTYPE value=HERO_POWER
D 20:13:59.9464708 PowerTaskList.DebugPrintPower() -         tag=TAG_LAST_KNOWN_COST_IN_HAND value=2
D 20:13:59.9464708 PowerTaskList.DebugPrintPower() -         tag=COST value=2
D 20:13:59.9464708 PowerTaskList.DebugPrintPower() -         tag=PREMIUM value=1
D 20:13:59.9464708 PowerTaskList.DebugPrintPower() -         tag=ZONE value=PLAY
D 20:13:59.9464708 PowerTaskList.DebugPrintPower() -         tag=ENTITY_ID value=70
D 20:13:59.9464708 PowerTaskList.DebugPrintPower() -         tag=CLASS value=PRIEST
D 20:13:59.9464708 PowerTaskList.DebugPrintPower() -         tag=FACTION value=NEUTRAL
D 20:13:59.9464708 PowerTaskList.DebugPrintPower() -         tag=RARITY value=EPIC
D 20:13:59.9464708 PowerTaskList.DebugPrintPower() -         tag=CREATOR value=69
D 20:13:59.9464708 PowerTaskList.DebugPrintPower() -         tag=1037 value=2
D 20:13:59.9464708 PowerTaskList.DebugPrintPower() -         tag=1086 value=54818
D 20:13:59.9464708 PowerTaskList.DebugPrintPower() -         tag=CREATOR_DBID value=54816
D 20:13:59.9464708 PowerTaskList.DebugPrintPower() -         tag=SPAWN_TIME_COUNT value=1
D 20:13:59.9464708 PowerTaskList.DebugPrintPower() -         tag=HAS_ACTIVATE_POWER value=1
D 20:13:59.9464708 PowerTaskList.DebugPrintPower() -     FULL_ENTITY - Updating [entityName=抱龙王噗鲁什 id=71 zone=COSMETIC zonePos=0 cardId=PET_3_3 player=2] CardID=PET_3_3
D 20:13:59.9464708 PowerTaskList.DebugPrintPower() -         tag=CONTROLLER value=2
D 20:13:59.9464708 PowerTaskList.DebugPrintPower() -         tag=CARDTYPE value=PET
D 20:13:59.9464708 PowerTaskList.DebugPrintPower() -         tag=PLAYER_ID value=2
D 20:13:59.9464708 PowerTaskList.DebugPrintPower() -         tag=TRIGGER_VISUAL value=1
D 20:13:59.9464708 PowerTaskList.DebugPrintPower() -         tag=ZONE value=COSMETIC
D 20:13:59.9464708 PowerTaskList.DebugPrintPower() -         tag=ENTITY_ID value=71
D 20:13:59.9464708 PowerTaskList.DebugPrintPower() -         tag=CLASS value=NEUTRAL
D 20:13:59.9464708 PowerTaskList.DebugPrintPower() -         tag=858 value=122617
D 20:13:59.9464708 PowerTaskList.DebugPrintPower() -         tag=1413 value=122617
D 20:13:59.9464708 PowerTaskList.DebugPrintPower() -         tag=SPAWN_TIME_COUNT value=1
D 20:13:59.9464708 PowerTaskList.DebugPrintPower() -         tag=4018 value=1
D 20:13:59.9464708 PowerTaskList.DebugPrintPower() -         tag=PET_VARIANT_ID value=9
D 20:13:59.9464708 PowerTaskList.DebugPrintPower() -         tag=PET_ID value=3
D 20:13:59.9464708 PowerTaskList.DebugPrintPower() -         tag=PET_TREATS_GENERATED value=1
D 20:13:59.9464708 PowerTaskList.DebugPrintPower() -     TAG_CHANGE Entity=GameEntity tag=STATE value=RUNNING 
D 20:13:59.9464708 PowerTaskList.DebugPrintPower() -     TAG_CHANGE Entity=湫然#51704 tag=PLAYSTATE value=PLAYING 
D 20:13:59.9464708 PowerTaskList.DebugPrintPower() -     TAG_CHANGE Entity=两仪丨九月#5670 tag=PLAYSTATE value=PLAYING 
D 20:13:59.9464708 PowerTaskList.DebugDump() - Block End=(null)
D 20:13:59.9464708 PowerProcessor.PrepareHistoryForCurrentTaskList() - m_currentTaskList=1
D 20:14:00.0685672 GameState.DebugPrintEntityChoices() - id=2 Player=两仪丨九月#5670 TaskList=7 ChoiceType=MULLIGAN CountMin=0 CountMax=3
D 20:14:00.0685672 GameState.DebugPrintEntityChoices() -   Source=GameEntity
D 20:14:00.0685672 GameState.DebugPrintEntityChoices() -   Entities[0]=[entityName=UNKNOWN ENTITY [cardType=INVALID] id=78 zone=DECK zonePos=0 cardId= player=2]
D 20:14:00.0685672 GameState.DebugPrintEntityChoices() -   Entities[1]=[entityName=UNKNOWN ENTITY [cardType=INVALID] id=52 zone=DECK zonePos=0 cardId= player=2]
D 20:14:00.0685672 GameState.DebugPrintEntityChoices() -   Entities[2]=[entityName=UNKNOWN ENTITY [cardType=INVALID] id=51 zone=DECK zonePos=0 cardId= player=2]
D 20:14:00.8646088 GameState.DebugPrintPowerList() - Count=2
D 20:14:00.8646088 GameState.DebugPrintPower() - BLOCK_END
D 20:14:00.8646088 GameState.DebugPrintPower() - TAG_CHANGE Entity=[entityName=抱龙王噗鲁什 id=71 zone=COSMETIC zonePos=0 cardId=PET_3_3 player=2] tag=PET_TREATS_GENERATED value=2 
D 20:14:02.2190392 PowerProcessor.EndCurrentTaskList() - m_currentTaskList=1
D 20:14:02.2325921 PowerTaskList.DebugDump() - ID=2 ParentID=1 PreviousID=0 TaskCount=58
D 20:14:02.2325921 PowerTaskList.DebugPrintPower() - BLOCK_START BlockType=TRIGGER Entity=[entityName=UNKNOWN ENTITY [cardType=INVALID] id=48 zone=DECK zonePos=0 cardId= player=2] EffectCardId=System.Collections.Generic.List`1[System.String] EffectIndex=0 Target=0 SubOption=-1 TriggerKeyword=TAG_NOT_SET
D 20:14:02.2325921 PowerTaskList.DebugPrintPower() -     SHOW_ENTITY - Updating Entity=[entityName=UNKNOWN ENTITY [cardType=INVALID] id=48 zone=DECK zonePos=0 cardId= player=2] CardID=JAIL_430
D 20:14:02.2325921 PowerTaskList.DebugPrintPower() -         tag=CONTROLLER value=2
D 20:14:02.2325921 PowerTaskList.DebugPrintPower() -         tag=CARDTYPE value=MINION
D 20:14:02.2325921 PowerTaskList.DebugPrintPower() -         tag=TAG_LAST_KNOWN_COST_IN_HAND value=7
D 20:14:02.2325921 PowerTaskList.DebugPrintPower() -         tag=479 value=7
D 20:14:02.2325921 PowerTaskList.DebugPrintPower() -         tag=COST value=7
D 20:14:02.2325921 PowerTaskList.DebugPrintPower() -         tag=ATK value=7
D 20:14:02.2325921 PowerTaskList.DebugPrintPower() -         tag=HEALTH value=7
D 20:14:02.2325921 PowerTaskList.DebugPrintPower() -         tag=PREMIUM value=1
D 20:14:02.2325921 PowerTaskList.DebugPrintPower() -         tag=ZONE value=DECK
D 20:14:02.2325921 PowerTaskList.DebugPrintPower() -         tag=ENTITY_ID value=48
D 20:14:02.2325921 PowerTaskList.DebugPrintPower() -         tag=ELITE value=1
D 20:14:02.2325921 PowerTaskList.DebugPrintPower() -         tag=CLASS value=PRIEST
D 20:14:02.2325921 PowerTaskList.DebugPrintPower() -         tag=CARDRACE value=UNDEAD
D 20:14:02.2325921 PowerTaskList.DebugPrintPower() -         tag=RARITY value=LEGENDARY
D 20:14:02.2325921 PowerTaskList.DebugPrintPower() -         tag=BATTLECRY value=1
D 20:14:02.2325921 PowerTaskList.DebugPrintPower() -         tag=REVEALED value=1
D 20:14:02.2325921 PowerTaskList.DebugPrintPower() -         tag=478 value=2
D 20:14:02.2325921 PowerTaskList.DebugPrintPower() -         tag=START_OF_GAME_KEYWORD value=1
D 20:14:02.2325921 PowerTaskList.DebugPrintPower() -         tag=DECK_RULE_MOD_DECK_SIZE value=20
D 20:14:02.2325921 PowerTaskList.DebugPrintPower() -         tag=1043 value=1
D 20:14:02.2325921 PowerTaskList.DebugPrintPower() -         tag=1068 value=0
D 20:14:02.2325921 PowerTaskList.DebugPrintPower() -         tag=SPAWN_TIME_COUNT value=1
D 20:14:02.2325921 PowerTaskList.DebugPrintPower() -         tag=HAS_SIGNATURE_QUALITY value=1
D 20:14:02.2325921 PowerTaskList.DebugPrintPower() -         tag=HAS_ACTIVATE_POWER value=1
D 20:14:02.2325921 PowerTaskList.DebugPrintPower() -         tag=2936 value=1
D 20:14:02.2325921 PowerTaskList.DebugPrintPower() -         tag=3085 value=7
D 20:14:02.2325921 PowerTaskList.DebugPrintPower() -         tag=4472 value=7
D 20:14:02.2325921 PowerTaskList.DebugPrintPower() -         tag=4818 value=1
D 20:14:02.2325921 PowerTaskList.DebugPrintPower() -     FULL_ENTITY - Updating [entityName=UNKNOWN ENTITY [cardType=INVALID] id=72 zone=DECK zonePos=0 cardId= player=2] CardID=
D 20:14:02.2325921 PowerTaskList.DebugPrintPower() -         tag=ZONE value=DECK
D 20:14:02.2325921 PowerTaskList.DebugPrintPower() -         tag=CONTROLLER value=2
D 20:14:02.2325921 PowerTaskList.DebugPrintPower() -         tag=ENTITY_ID value=72
D 20:14:02.2325921 PowerTaskList.DebugPrintPower() -     TAG_CHANGE Entity=[entityName=UNKNOWN ENTITY [cardType=INVALID] id=72 zone=DECK zonePos=0 cardId= player=2] tag=DISPLAYED_CREATOR value=48 
D 20:14:02.2325921 PowerTaskList.DebugPrintPower() -     FULL_ENTITY - Updating [entityName=UNKNOWN ENTITY [cardType=INVALID] id=73 zone=DECK zonePos=0 cardId= player=2] CardID=
D 20:14:02.2325921 PowerTaskList.DebugPrintPower() -         tag=ZONE value=DECK
D 20:14:02.2325921 PowerTaskList.DebugPrintPower() -         tag=CONTROLLER value=2
D 20:14:02.2325921 PowerTaskList.DebugPrintPower() -         tag=ENTITY_ID value=73
D 20:14:02.2325921 PowerTaskList.DebugPrintPower() -     TAG_CHANGE Entity=[entityName=UNKNOWN ENTITY [cardType=INVALID] id=73 zone=DECK zonePos=0 cardId= player=2] tag=DISPLAYED_CREATOR value=48 
D 20:14:02.2325921 PowerTaskList.DebugPrintPower() -     FULL_ENTITY - Updating [entityName=UNKNOWN ENTITY [cardType=INVALID] id=74 zone=DECK zonePos=0 cardId= player=2] CardID=
D 20:14:02.2325921 PowerTaskList.DebugPrintPower() -         tag=ZONE value=DECK
D 20:14:02.2325921 PowerTaskList.DebugPrintPower() -         tag=CONTROLLER value=2
D 20:14:02.2325921 PowerTaskList.DebugPrintPower() -         tag=ENTITY_ID value=74
D 20:14:02.2325921 PowerTaskList.DebugPrintPower() -     TAG_CHANGE Entity=[entityName=UNKNOWN ENTITY [cardType=INVALID] id=74 zone=DECK zonePos=0 cardId= player=2] tag=DISPLAYED_CREATOR value=48 
D 20:14:02.2325921 PowerTaskList.DebugPrintPower() -     FULL_ENTITY - Updating [entityName=UNKNOWN ENTITY [cardType=INVALID] id=75 zone=DECK zonePos=0 cardId= player=2] CardID=
D 20:14:02.2325921 PowerTaskList.DebugPrintPower() -         tag=ZONE value=DECK
D 20:14:02.2325921 PowerTaskList.DebugPrintPower() -         tag=CONTROLLER value=2
D 20:14:02.2325921 PowerTaskList.DebugPrintPower() -         tag=ENTITY_ID value=75
D 20:14:02.2325921 PowerTaskList.DebugPrintPower() -     TAG_CHANGE Entity=[entityName=UNKNOWN ENTITY [cardType=INVALID] id=75 zone=DECK zonePos=0 cardId= player=2] tag=DISPLAYED_CREATOR value=48 
D 20:14:02.2325921 PowerTaskList.DebugPrintPower() -     FULL_ENTITY - Updating [entityName=UNKNOWN ENTITY [cardType=INVALID] id=76 zone=DECK zonePos=0 cardId= player=2] CardID=
D 20:14:02.2325921 PowerTaskList.DebugPrintPower() -         tag=ZONE value=DECK
D 20:14:02.2325921 PowerTaskList.DebugPrintPower() -         tag=CONTROLLER value=2
D 20:14:02.2325921 PowerTaskList.DebugPrintPower() -         tag=ENTITY_ID value=76
D 20:14:02.2325921 PowerTaskList.DebugPrintPower() -     TAG_CHANGE Entity=[entityName=UNKNOWN ENTITY [cardType=INVALID] id=76 zone=DECK zonePos=0 cardId= player=2] tag=DISPLAYED_CREATOR value=48 
D 20:14:02.2325921 PowerTaskList.DebugPrintPower() -     FULL_ENTITY - Updating [entityName=UNKNOWN ENTITY [cardType=INVALID] id=77 zone=DECK zonePos=0 cardId= player=2] CardID=
D 20:14:02.2325921 PowerTaskList.DebugPrintPower() -         tag=ZONE value=DECK
D 20:14:02.2325921 PowerTaskList.DebugPrintPower() -         tag=CONTROLLER value=2
D 20:14:02.2325921 PowerTaskList.DebugPrintPower() -         tag=ENTITY_ID value=77
D 20:14:02.2325921 PowerTaskList.DebugPrintPower() -     TAG_CHANGE Entity=[entityName=UNKNOWN ENTITY [cardType=INVALID] id=77 zone=DECK zonePos=0 cardId= player=2] tag=DISPLAYED_CREATOR value=48 
D 20:14:02.2325921 PowerTaskList.DebugPrintPower() -     FULL_ENTITY - Updating [entityName=UNKNOWN ENTITY [cardType=INVALID] id=78 zone=DECK zonePos=0 cardId= player=2] CardID=
D 20:14:02.2325921 PowerTaskList.DebugPrintPower() -         tag=ZONE value=DECK
D 20:14:02.2325921 PowerTaskList.DebugPrintPower() -         tag=CONTROLLER value=2
D 20:14:02.2325921 PowerTaskList.DebugPrintPower() -         tag=ENTITY_ID value=78
D 20:14:02.2325921 PowerTaskList.DebugPrintPower() -     TAG_CHANGE Entity=[entityName=UNKNOWN ENTITY [cardType=INVALID] id=78 zone=DECK zonePos=0 cardId= player=2] tag=DISPLAYED_CREATOR value=48 
D 20:14:02.2325921 PowerTaskList.DebugPrintPower() -     FULL_ENTITY - Updating [entityName=UNKNOWN ENTITY [cardType=INVALID] id=79 zone=DECK zonePos=0 cardId= player=2] CardID=
D 20:14:02.2325921 PowerTaskList.DebugPrintPower() -         tag=ZONE value=DECK
D 20:14:02.2325921 PowerTaskList.DebugPrintPower() -         tag=CONTROLLER value=2
D 20:14:02.2325921 PowerTaskList.DebugPrintPower() -         tag=ENTITY_ID value=79
D 20:14:02.2325921 PowerTaskList.DebugPrintPower() -     TAG_CHANGE Entity=[entityName=UNKNOWN ENTITY [cardType=INVALID] id=79 zone=DECK zonePos=0 cardId= player=2] tag=DISPLAYED_CREATOR value=48 
D 20:14:02.2325921 PowerTaskList.DebugPrintPower() -     FULL_ENTITY - Updating [entityName=UNKNOWN ENTITY [cardType=INVALID] id=80 zone=DECK zonePos=0 cardId= player=2] CardID=
D 20:14:02.2325921 PowerTaskList.DebugPrintPower() -         tag=ZONE value=DECK
D 20:14:02.2325921 PowerTaskList.DebugPrintPower() -         tag=CONTROLLER value=2
D 20:14:02.2325921 PowerTaskList.DebugPrintPower() -         tag=ENTITY_ID value=80
D 20:14:02.2325921 PowerTaskList.DebugPrintPower() -     TAG_CHANGE Entity=[entityName=UNKNOWN ENTITY [cardType=INVALID] id=80 zone=DECK zonePos=0 cardId= player=2] tag=DISPLAYED_CREATOR value=48 
D 20:14:02.2325921 PowerTaskList.DebugPrintPower() -     FULL_ENTITY - Updating [entityName=UNKNOWN ENTITY [cardType=INVALID] id=81 zone=DECK zonePos=0 cardId= player=2] CardID=
D 20:14:02.2325921 PowerTaskList.DebugPrintPower() -         tag=ZONE value=DECK
D 20:14:02.2325921 PowerTaskList.DebugPrintPower() -         tag=CONTROLLER value=2
D 20:14:02.2325921 PowerTaskList.DebugPrintPower() -         tag=ENTITY_ID value=81
D 20:14:02.2325921 PowerTaskList.DebugPrintPower() -     TAG_CHANGE Entity=[entityName=UNKNOWN ENTITY [cardType=INVALID] id=81 zone=DECK zonePos=0 cardId= player=2] tag=DISPLAYED_CREATOR value=48 
D 20:14:02.2325921 PowerTaskList.DebugPrintPower() -     FULL_ENTITY - Updating [entityName=UNKNOWN ENTITY [cardType=INVALID] id=82 zone=DECK zonePos=0 cardId= player=2] CardID=
D 20:14:02.2325921 PowerTaskList.DebugPrintPower() -         tag=ZONE value=DECK
D 20:14:02.2325921 PowerTaskList.DebugPrintPower() -         tag=CONTROLLER value=2
D 20:14:02.2325921 PowerTaskList.DebugPrintPower() -         tag=ENTITY_ID value=82
D 20:14:02.2325921 PowerTaskList.DebugPrintPower() -     TAG_CHANGE Entity=[entityName=UNKNOWN ENTITY [cardType=INVALID] id=82 zone=DECK zonePos=0 cardId= player=2] tag=DISPLAYED_CREATOR value=48 
D 20:14:02.2325921 PowerTaskList.DebugPrintPower() -     FULL_ENTITY - Updating [entityName=UNKNOWN ENTITY [cardType=INVALID] id=83 zone=DECK zonePos=0 cardId= player=2] CardID=
D 20:14:02.2325921 PowerTaskList.DebugPrintPower() -         tag=ZONE value=DECK
D 20:14:02.2325921 PowerTaskList.DebugPrintPower() -         tag=CONTROLLER value=2
D 20:14:02.2325921 PowerTaskList.DebugPrintPower() -         tag=ENTITY_ID value=83
D 20:14:02.2325921 PowerTaskList.DebugPrintPower() -     FULL_ENTITY - Updating [entityName=UNKNOWN ENTITY [cardType=INVALID] id=84 zone=SETASIDE zonePos=0 cardId= player=2] CardID=
D 20:14:02.2325921 PowerTaskList.DebugPrintPower() -         tag=ZONE value=SETASIDE
D 20:14:02.2325921 PowerTaskList.DebugPrintPower() -         tag=CONTROLLER value=2
D 20:14:02.2325921 PowerTaskList.DebugPrintPower() -         tag=ENTITY_ID value=84
D 20:14:02.2325921 PowerTaskList.DebugPrintPower() -     FULL_ENTITY - Updating [entityName=UNKNOWN ENTITY [cardType=INVALID] id=85 zone=SETASIDE zonePos=0 cardId= player=2] CardID=
D 20:14:02.2325921 PowerTaskList.DebugPrintPower() -         tag=ZONE value=SETASIDE
D 20:14:02.2325921 PowerTaskList.DebugPrintPower() -         tag=CONTROLLER value=2
D 20:14:02.2325921 PowerTaskList.DebugPrintPower() -         tag=ENTITY_ID value=85
D 20:14:02.2325921 PowerTaskList.DebugPrintPower() -     TAG_CHANGE Entity=[entityName=UNKNOWN ENTITY [cardType=INVALID] id=83 zone=DECK zonePos=0 cardId= player=2] tag=DISPLAYED_CREATOR value=48 
D 20:14:02.2325921 PowerTaskList.DebugPrintPower() -     FULL_ENTITY - Updating [entityName=UNKNOWN ENTITY [cardType=INVALID] id=86 zone=DECK zonePos=0 cardId= player=2] CardID=
D 20:14:02.2325921 PowerTaskList.DebugPrintPower() -         tag=ZONE value=DECK
D 20:14:02.2325921 PowerTaskList.DebugPrintPower() -         tag=CONTROLLER value=2
D 20:14:02.2325921 PowerTaskList.DebugPrintPower() -         tag=ENTITY_ID value=86
D 20:14:02.2325921 PowerTaskList.DebugPrintPower() -     TAG_CHANGE Entity=[entityName=UNKNOWN ENTITY [cardType=INVALID] id=86 zone=DECK zonePos=0 cardId= player=2] tag=DISPLAYED_CREATOR value=48 
D 20:14:02.2325921 PowerTaskList.DebugPrintPower() -     FULL_ENTITY - Updating [entityName=UNKNOWN ENTITY [cardType=INVALID] id=87 zone=DECK zonePos=0 cardId= player=2] CardID=
D 20:14:02.2325921 PowerTaskList.DebugPrintPower() -         tag=ZONE value=DECK
D 20:14:02.2325921 PowerTaskList.DebugPrintPower() -         tag=CONTROLLER value=2
D 20:14:02.2325921 PowerTaskList.DebugPrintPower() -         tag=ENTITY_ID value=87
D 20:14:02.2325921 PowerTaskList.DebugPrintPower() -     TAG_CHANGE Entity=[entityName=UNKNOWN ENTITY [cardType=INVALID] id=87 zone=DECK zonePos=0 cardId= player=2] tag=DISPLAYED_CREATOR value=48 
D 20:14:02.2325921 PowerTaskList.DebugPrintPower() -     FULL_ENTITY - Updating [entityName=UNKNOWN ENTITY [cardType=INVALID] id=88 zone=DECK zonePos=0 cardId= player=2] CardID=
D 20:14:02.2325921 PowerTaskList.DebugPrintPower() -         tag=ZONE value=DECK
D 20:14:02.2325921 PowerTaskList.DebugPrintPower() -         tag=CONTROLLER value=2
D 20:14:02.2325921 PowerTaskList.DebugPrintPower() -         tag=ENTITY_ID value=88
D 20:14:02.2325921 PowerTaskList.DebugPrintPower() -     TAG_CHANGE Entity=[entityName=UNKNOWN ENTITY [cardType=INVALID] id=88 zone=DECK zonePos=0 cardId= player=2] tag=DISPLAYED_CREATOR value=48 
D 20:14:02.2325921 PowerTaskList.DebugPrintPower() -     FULL_ENTITY - Updating [entityName=UNKNOWN ENTITY [cardType=INVALID] id=89 zone=DECK zonePos=0 cardId= player=2] CardID=
D 20:14:02.2325921 PowerTaskList.DebugPrintPower() -         tag=ZONE value=DECK
D 20:14:02.2325921 PowerTaskList.DebugPrintPower() -         tag=CONTROLLER value=2
D 20:14:02.2325921 PowerTaskList.DebugPrintPower() -         tag=ENTITY_ID value=89
D 20:14:02.2325921 PowerTaskList.DebugPrintPower() -     TAG_CHANGE Entity=[entityName=UNKNOWN ENTITY [cardType=INVALID] id=89 zone=DECK zonePos=0 cardId= player=2] tag=DISPLAYED_CREATOR value=48 
D 20:14:02.2325921 PowerTaskList.DebugPrintPower() -     FULL_ENTITY - Updating [entityName=UNKNOWN ENTITY [cardType=INVALID] id=90 zone=DECK zonePos=0 cardId= player=2] CardID=
D 20:14:02.2325921 PowerTaskList.DebugPrintPower() -         tag=ZONE value=DECK
D 20:14:02.2325921 PowerTaskList.DebugPrintPower() -         tag=CONTROLLER value=2
D 20:14:02.2325921 PowerTaskList.DebugPrintPower() -         tag=ENTITY_ID value=90
D 20:14:02.2325921 PowerTaskList.DebugPrintPower() -     FULL_ENTITY - Updating [entityName=UNKNOWN ENTITY [cardType=INVALID] id=91 zone=SETASIDE zonePos=0 cardId= player=2] CardID=
D 20:14:02.2325921 PowerTaskList.DebugPrintPower() -         tag=ZONE value=SETASIDE
D 20:14:02.2325921 PowerTaskList.DebugPrintPower() -         tag=CONTROLLER value=2
D 20:14:02.2325921 PowerTaskList.DebugPrintPower() -         tag=ENTITY_ID value=91
D 20:14:02.2325921 PowerTaskList.DebugPrintPower() -     FULL_ENTITY - Updating [entityName=UNKNOWN ENTITY [cardType=INVALID] id=92 zone=SETASIDE zonePos=0 cardId= player=2] CardID=
D 20:14:02.2325921 PowerTaskList.DebugPrintPower() -         tag=ZONE value=SETASIDE
D 20:14:02.2325921 PowerTaskList.DebugPrintPower() -         tag=CONTROLLER value=2
D 20:14:02.2325921 PowerTaskList.DebugPrintPower() -         tag=ENTITY_ID value=92
D 20:14:02.2325921 PowerTaskList.DebugPrintPower() -     TAG_CHANGE Entity=[entityName=UNKNOWN ENTITY [cardType=INVALID] id=90 zone=DECK zonePos=0 cardId= player=2] tag=DISPLAYED_CREATOR value=48 
D 20:14:02.2325921 PowerTaskList.DebugPrintPower() -     FULL_ENTITY - Updating [entityName=UNKNOWN ENTITY [cardType=INVALID] id=93 zone=DECK zonePos=0 cardId= player=2] CardID=
D 20:14:02.2325921 PowerTaskList.DebugPrintPower() -         tag=ZONE value=DECK
D 20:14:02.2325921 PowerTaskList.DebugPrintPower() -         tag=CONTROLLER value=2
D 20:14:02.2325921 PowerTaskList.DebugPrintPower() -         tag=ENTITY_ID value=93
D 20:14:02.2325921 PowerTaskList.DebugPrintPower() -     TAG_CHANGE Entity=[entityName=UNKNOWN ENTITY [cardType=INVALID] id=93 zone=DECK zonePos=0 cardId= player=2] tag=DISPLAYED_CREATOR value=48 
D 20:14:02.2325921 PowerTaskList.DebugPrintPower() -     FULL_ENTITY - Updating [entityName=UNKNOWN ENTITY [cardType=INVALID] id=94 zone=DECK zonePos=0 cardId= player=2] CardID=
D 20:14:02.2325921 PowerTaskList.DebugPrintPower() -         tag=ZONE value=DECK
D 20:14:02.2325921 PowerTaskList.DebugPrintPower() -         tag=CONTROLLER value=2
D 20:14:02.2325921 PowerTaskList.DebugPrintPower() -         tag=ENTITY_ID value=94
D 20:14:02.2325921 PowerTaskList.DebugPrintPower() -     FULL_ENTITY - Updating [entityName=UNKNOWN ENTITY [cardType=INVALID] id=95 zone=SETASIDE zonePos=0 cardId= player=2] CardID=
D 20:14:02.2325921 PowerTaskList.DebugPrintPower() -         tag=ZONE value=SETASIDE
D 20:14:02.2325921 PowerTaskList.DebugPrintPower() -         tag=CONTROLLER value=2
D 20:14:02.2325921 PowerTaskList.DebugPrintPower() -         tag=ENTITY_ID value=95
D 20:14:02.2325921 PowerTaskList.DebugPrintPower() -     FULL_ENTITY - Updating [entityName=UNKNOWN ENTITY [cardType=INVALID] id=96 zone=SETASIDE zonePos=0 cardId= player=2] CardID=
D 20:14:02.2325921 PowerTaskList.DebugPrintPower() -         tag=ZONE value=SETASIDE
D 20:14:02.2325921 PowerTaskList.DebugPrintPower() -         tag=CONTROLLER value=2
D 20:14:02.2325921 PowerTaskList.DebugPrintPower() -         tag=ENTITY_ID value=96
D 20:14:02.2325921 PowerTaskList.DebugPrintPower() -     TAG_CHANGE Entity=[entityName=UNKNOWN ENTITY [cardType=INVALID] id=94 zone=DECK zonePos=0 cardId= player=2] tag=DISPLAYED_CREATOR value=48 
D 20:14:02.2325921 PowerTaskList.DebugPrintPower() -     FULL_ENTITY - Updating [entityName=UNKNOWN ENTITY [cardType=INVALID] id=97 zone=DECK zonePos=0 cardId= player=2] CardID=
D 20:14:02.2325921 PowerTaskList.DebugPrintPower() -         tag=ZONE value=DECK
D 20:14:02.2325921 PowerTaskList.DebugPrintPower() -         tag=CONTROLLER value=2
D 20:14:02.2325921 PowerTaskList.DebugPrintPower() -         tag=ENTITY_ID value=97
D 20:14:02.2325921 PowerTaskList.DebugPrintPower() -     TAG_CHANGE Entity=[entityName=UNKNOWN ENTITY [cardType=INVALID] id=97 zone=DECK zonePos=0 cardId= player=2] tag=DISPLAYED_CREATOR value=48 
D 20:14:02.2325921 PowerTaskList.DebugPrintPower() -     FULL_ENTITY - Updating [entityName=UNKNOWN ENTITY [cardType=INVALID] id=98 zone=SETASIDE zonePos=0 cardId= player=2] CardID=
D 20:14:02.2325921 PowerTaskList.DebugPrintPower() -         tag=ZONE value=SETASIDE
D 20:14:02.2325921 PowerTaskList.DebugPrintPower() -         tag=CONTROLLER value=2
D 20:14:02.2325921 PowerTaskList.DebugPrintPower() -         tag=ENTITY_ID value=98
D 20:14:02.2325921 PowerTaskList.DebugPrintPower() -     SHOW_ENTITY - Updating Entity=[entityName=UNKNOWN ENTITY [cardType=INVALID] id=98 zone=SETASIDE zonePos=0 cardId= player=2] CardID=JAIL_430e1
D 20:14:02.2325921 PowerTaskList.DebugPrintPower() -         tag=CONTROLLER value=2
D 20:14:02.2325921 PowerTaskList.DebugPrintPower() -         tag=CARDTYPE value=ENCHANTMENT
D 20:14:02.2325921 PowerTaskList.DebugPrintPower() -         tag=PREMIUM value=1
D 20:14:02.2325921 PowerTaskList.DebugPrintPower() -         tag=ATTACHED value=3
D 20:14:02.2325921 PowerTaskList.DebugPrintPower() -         tag=ZONE value=SETASIDE
D 20:14:02.2325921 PowerTaskList.DebugPrintPower() -         tag=ENTITY_ID value=98
D 20:14:02.2325921 PowerTaskList.DebugPrintPower() -         tag=CLASS value=PRIEST
D 20:14:02.2325921 PowerTaskList.DebugPrintPower() -         tag=CREATOR value=48
D 20:14:02.2325921 PowerTaskList.DebugPrintPower() -         tag=1037 value=2
D 20:14:02.2325921 PowerTaskList.DebugPrintPower() -         tag=1068 value=0
D 20:14:02.2325921 PowerTaskList.DebugPrintPower() -         tag=CREATOR_DBID value=126055
D 20:14:02.2325921 PowerTaskList.DebugPrintPower() -         tag=SPAWN_TIME_COUNT value=1
D 20:14:02.2325921 PowerTaskList.DebugPrintPower() -         tag=4901 value=0
D 20:14:02.2325921 PowerTaskList.DebugPrintPower() -     TAG_CHANGE Entity=[entityName=UNKNOWN ENTITY [cardType=INVALID] id=98 zone=SETASIDE zonePos=0 cardId= player=2] tag=1068 value=1 
D 20:14:02.2325921 PowerTaskList.DebugPrintPower() -     TAG_CHANGE Entity=[entityName=UNKNOWN ENTITY [cardType=INVALID] id=98 zone=SETASIDE zonePos=0 cardId= player=2] tag=1068 value=0 
D 20:14:02.2325921 PowerTaskList.DebugPrintPower() -     TAG_CHANGE Entity=[entityName=UNKNOWN ENTITY [cardType=INVALID] id=98 zone=SETASIDE zonePos=0 cardId= player=2] tag=ZONE value=PLAY 
D 20:14:02.2325921 PowerTaskList.DebugPrintPower() -     TAG_CHANGE Entity=两仪丨九月#5670 tag=4741 value=1 
D 20:14:02.2325921 PowerTaskList.DebugPrintPower() -     TAG_CHANGE Entity=两仪丨九月#5670 tag=LAST_AFFECTED_BY value=48 
D 20:14:02.2325921 PowerTaskList.DebugPrintPower() -     META_DATA - Meta=TARGET Data=0 InfoCount=1
D 20:14:02.2325921 PowerTaskList.DebugPrintPower() -                 Info[0] = [entityName=UNKNOWN ENTITY [cardType=INVALID] id=48 zone=DECK zonePos=0 cardId= player=2]
D 20:14:02.2325921 PowerTaskList.DebugPrintPower() -     HIDE_ENTITY - Entity=[entityName=UNKNOWN ENTITY [cardType=INVALID] id=48 zone=DECK zonePos=0 cardId= player=2] tag=ZONE value=DECK
D 20:14:02.2325921 PowerTaskList.DebugPrintPower() -     TAG_CHANGE Entity=[entityName=UNKNOWN ENTITY [cardType=INVALID] id=48 zone=DECK zonePos=0 cardId= player=2] tag=REVEALED value=0 
D 20:14:02.2325921 PowerTaskList.DebugPrintPower() -     META_DATA - Meta=OVERRIDE_HISTORY Data=0 InfoCount=1
D 20:14:02.2325921 PowerTaskList.DebugPrintPower() -                 Info[0] = [entityName=UNKNOWN ENTITY [cardType=INVALID] id=48 zone=DECK zonePos=0 cardId= player=2]
D 20:14:02.2325921 PowerTaskList.DebugPrintPower() - BLOCK_END
D 20:14:02.2325921 PowerProcessor.PrepareHistoryForCurrentTaskList() - m_currentTaskList=2
D 20:14:02.9829661 PowerProcessor.EndCurrentTaskList() - m_currentTaskList=2
D 20:14:02.9894751 PowerTaskList.DebugDump() - ID=3 ParentID=0 PreviousID=0 TaskCount=0
D 20:14:02.9894751 PowerTaskList.DebugPrintPower() - BLOCK_START BlockType=TRIGGER Entity=GameEntity EffectCardId=System.Collections.Generic.List`1[System.String] EffectIndex=6 Target=0 SubOption=-1 TriggerKeyword=TAG_NOT_SET
D 20:14:02.9894751 PowerTaskList.DebugPrintPower() - BLOCK_END
D 20:14:02.9894751 PowerProcessor.PrepareHistoryForCurrentTaskList() - m_currentTaskList=3
D 20:14:02.9894751 PowerProcessor.EndCurrentTaskList() - m_currentTaskList=3
D 20:14:02.9894751 PowerTaskList.DebugDump() - ID=4 ParentID=0 PreviousID=0 TaskCount=61
D 20:14:02.9894751 PowerTaskList.DebugPrintPower() - BLOCK_START BlockType=TRIGGER Entity=GameEntity EffectCardId=System.Collections.Generic.List`1[System.String] EffectIndex=-1 Target=0 SubOption=-1 TriggerKeyword=TAG_NOT_SET
D 20:14:02.9894751 PowerTaskList.DebugPrintPower() -     TAG_CHANGE Entity=两仪丨九月#5670 tag=CURRENT_PLAYER value=1 
D 20:14:02.9894751 PowerTaskList.DebugPrintPower() -     TAG_CHANGE Entity=两仪丨九月#5670 tag=FIRST_PLAYER value=1 
D 20:14:02.9894751 PowerTaskList.DebugPrintPower() -     TAG_CHANGE Entity=GameEntity tag=TURN value=1 
D 20:14:02.9894751 PowerTaskList.DebugPrintPower() -     TAG_CHANGE Entity=湫然#51704 tag=2166 value=43 
D 20:14:02.9894751 PowerTaskList.DebugPrintPower() -     TAG_CHANGE Entity=湫然#51704 tag=467 value=4 
D 20:14:02.9894751 PowerTaskList.DebugPrintPower() -     SHOW_ENTITY - Updating Entity=[entityName=UNKNOWN ENTITY [cardType=INVALID] id=43 zone=DECK zonePos=0 cardId= player=1] CardID=JAIL_718
D 20:14:02.9894751 PowerTaskList.DebugPrintPower() -         tag=CONTROLLER value=1
D 20:14:02.9894751 PowerTaskList.DebugPrintPower() -         tag=CARDTYPE value=MINION
D 20:14:02.9894751 PowerTaskList.DebugPrintPower() -         tag=TAG_LAST_KNOWN_COST_IN_HAND value=9
D 20:14:02.9894751 PowerTaskList.DebugPrintPower() -         tag=479 value=4
D 20:14:02.9894751 PowerTaskList.DebugPrintPower() -         tag=COST value=9
D 20:14:02.9894751 PowerTaskList.DebugPrintPower() -         tag=ATK value=4
D 20:14:02.9894751 PowerTaskList.DebugPrintPower() -         tag=HEALTH value=4
D 20:14:02.9894751 PowerTaskList.DebugPrintPower() -         tag=PREMIUM value=1
D 20:14:02.9894751 PowerTaskList.DebugPrintPower() -         tag=TRIGGER_VISUAL value=1
D 20:14:02.9894751 PowerTaskList.DebugPrintPower() -         tag=ZONE value=HAND
D 20:14:02.9894751 PowerTaskList.DebugPrintPower() -         tag=ENTITY_ID value=43
D 20:14:02.9894751 PowerTaskList.DebugPrintPower() -         tag=CLASS value=NEUTRAL
D 20:14:02.9894751 PowerTaskList.DebugPrintPower() -         tag=RARITY value=EPIC
D 20:14:02.9894751 PowerTaskList.DebugPrintPower() -         tag=478 value=1
D 20:14:02.9894751 PowerTaskList.DebugPrintPower() -         tag=1043 value=1
D 20:14:02.9894751 PowerTaskList.DebugPrintPower() -         tag=1068 value=0
D 20:14:02.9894751 PowerTaskList.DebugPrintPower() -         tag=SPAWN_TIME_COUNT value=1
D 20:14:02.9894751 PowerTaskList.DebugPrintPower() -         tag=DECK_ACTION_COST value=1
D 20:14:02.9894751 PowerTaskList.DebugPrintPower() -         tag=HAS_SIGNATURE_QUALITY value=1
D 20:14:02.9894751 PowerTaskList.DebugPrintPower() -         tag=HAS_ACTIVATE_POWER value=1
D 20:14:02.9894751 PowerTaskList.DebugPrintPower() -         tag=3085 value=4
D 20:14:02.9894751 PowerTaskList.DebugPrintPower() -         tag=PREPARE value=1
D 20:14:02.9894751 PowerTaskList.DebugPrintPower() -         tag=4472 value=4
D 20:14:02.9894751 PowerTaskList.DebugPrintPower() -     TAG_CHANGE Entity=[entityName=UNKNOWN ENTITY [cardType=INVALID] id=43 zone=DECK zonePos=0 cardId= player=1] tag=NUM_TURNS_IN_HAND value=1 
D 20:14:02.9894751 PowerTaskList.DebugPrintPower() -     TAG_CHANGE Entity=[entityName=UNKNOWN ENTITY [cardType=INVALID] id=43 zone=DECK zonePos=0 cardId= player=1] tag=ZONE_POSITION value=1 
D 20:14:02.9894751 PowerTaskList.DebugPrintPower() -     TAG_CHANGE Entity=[entityName=UNKNOWN ENTITY [cardType=INVALID] id=43 zone=DECK zonePos=0 cardId= player=1] tag=ZONE_POSITION value=0 
D 20:14:02.9894751 PowerTaskList.DebugPrintPower() -     TAG_CHANGE Entity=[entityName=UNKNOWN ENTITY [cardType=INVALID] id=43 zone=DECK zonePos=0 cardId= player=1] tag=ZONE_POSITION value=1 
D 20:14:02.9894751 PowerTaskList.DebugPrintPower() -     TAG_CHANGE Entity=湫然#51704 tag=2166 value=21 
D 20:14:02.9894751 PowerTaskList.DebugPrintPower() -     TAG_CHANGE Entity=湫然#51704 tag=467 value=3 
D 20:14:02.9894751 PowerTaskList.DebugPrintPower() -     SHOW_ENTITY - Updating Entity=[entityName=UNKNOWN ENTITY [cardType=INVALID] id=21 zone=DECK zonePos=0 cardId= player=1] CardID=TSC_654
D 20:14:02.9894751 PowerTaskList.DebugPrintPower() -         tag=CONTROLLER value=1
D 20:14:02.9894751 PowerTaskList.DebugPrintPower() -         tag=CARDTYPE value=SPELL
D 20:14:02.9894751 PowerTaskList.DebugPrintPower() -         tag=ZONE value=HAND
D 20:14:02.9894751 PowerTaskList.DebugPrintPower() -         tag=ENTITY_ID value=21
D 20:14:02.9894751 PowerTaskList.DebugPrintPower() -         tag=CLASS value=DRUID
D 20:14:02.9894751 PowerTaskList.DebugPrintPower() -         tag=RARITY value=RARE
D 20:14:02.9894751 PowerTaskList.DebugPrintPower() -         tag=478 value=1
D 20:14:02.9894751 PowerTaskList.DebugPrintPower() -         tag=1043 value=1
D 20:14:02.9894751 PowerTaskList.DebugPrintPower() -         tag=1068 value=0
D 20:14:02.9894751 PowerTaskList.DebugPrintPower() -         tag=SPAWN_TIME_COUNT value=1
D 20:14:02.9894751 PowerTaskList.DebugPrintPower() -         tag=DREDGE value=1
D 20:14:02.9894751 PowerTaskList.DebugPrintPower() -     TAG_CHANGE Entity=[entityName=UNKNOWN ENTITY [cardType=INVALID] id=21 zone=DECK zonePos=0 cardId= player=1] tag=NUM_TURNS_IN_HAND value=1 
D 20:14:02.9894751 PowerTaskList.DebugPrintPower() -     TAG_CHANGE Entity=[entityName=UNKNOWN ENTITY [cardType=INVALID] id=21 zone=DECK zonePos=0 cardId= player=1] tag=ZONE_POSITION value=2 
D 20:14:02.9894751 PowerTaskList.DebugPrintPower() -     TAG_CHANGE Entity=[entityName=UNKNOWN ENTITY [cardType=INVALID] id=21 zone=DECK zonePos=0 cardId= player=1] tag=ZONE_POSITION value=0 
D 20:14:02.9894751 PowerTaskList.DebugPrintPower() -     TAG_CHANGE Entity=[entityName=UNKNOWN ENTITY [cardType=INVALID] id=21 zone=DECK zonePos=0 cardId= player=1] tag=ZONE_POSITION value=2 
D 20:14:02.9894751 PowerTaskList.DebugPrintPower() -     TAG_CHANGE Entity=湫然#51704 tag=2166 value=36 
D 20:14:02.9894751 PowerTaskList.DebugPrintPower() -     TAG_CHANGE Entity=湫然#51704 tag=467 value=2 
D 20:14:02.9894751 PowerTaskList.DebugPrintPower() -     SHOW_ENTITY - Updating Entity=[entityName=UNKNOWN ENTITY [cardType=INVALID] id=36 zone=DECK zonePos=0 cardId= player=1] CardID=AV_295
D 20:14:02.9894751 PowerTaskList.DebugPrintPower() -         tag=CONTROLLER value=1
D 20:14:02.9894751 PowerTaskList.DebugPrintPower() -         tag=CARDTYPE value=SPELL
D 20:14:02.9894751 PowerTaskList.DebugPrintPower() -         tag=TAG_LAST_KNOWN_COST_IN_HAND value=2
D 20:14:02.9894751 PowerTaskList.DebugPrintPower() -         tag=COST value=2
D 20:14:02.9894751 PowerTaskList.DebugPrintPower() -         tag=ZONE value=HAND
D 20:14:02.9894751 PowerTaskList.DebugPrintPower() -         tag=ENTITY_ID value=36
D 20:14:02.9894751 PowerTaskList.DebugPrintPower() -         tag=CLASS value=DRUID
D 20:14:02.9894751 PowerTaskList.DebugPrintPower() -         tag=RARITY value=EPIC
D 20:14:02.9894751 PowerTaskList.DebugPrintPower() -         tag=CHOOSE_ONE value=1
D 20:14:02.9894751 PowerTaskList.DebugPrintPower() -         tag=478 value=1
D 20:14:02.9894751 PowerTaskList.DebugPrintPower() -         tag=1043 value=1
D 20:14:02.9894751 PowerTaskList.DebugPrintPower() -         tag=1068 value=0
D 20:14:02.9894751 PowerTaskList.DebugPrintPower() -         tag=SPAWN_TIME_COUNT value=1
D 20:14:02.9894751 PowerTaskList.DebugPrintPower() -     SHOW_ENTITY - Updating Entity=[entityName=UNKNOWN ENTITY [cardType=INVALID] id=37 zone=SETASIDE zonePos=0 cardId= player=1] CardID=AV_295a
D 20:14:02.9894751 PowerTaskList.DebugPrintPower() -         tag=CONTROLLER value=1
D 20:14:02.9894751 PowerTaskList.DebugPrintPower() -         tag=CARDTYPE value=SPELL
D 20:14:02.9894751 PowerTaskList.DebugPrintPower() -         tag=TAG_LAST_KNOWN_COST_IN_HAND value=2
D 20:14:02.9894751 PowerTaskList.DebugPrintPower() -         tag=COST value=2
D 20:14:02.9894751 PowerTaskList.DebugPrintPower() -         tag=ZONE value=SETASIDE
D 20:14:02.9894751 PowerTaskList.DebugPrintPower() -         tag=ENTITY_ID value=37
D 20:14:02.9894751 PowerTaskList.DebugPrintPower() -         tag=CLASS value=DRUID
D 20:14:02.9894751 PowerTaskList.DebugPrintPower() -         tag=CREATOR value=36
D 20:14:02.9894751 PowerTaskList.DebugPrintPower() -         tag=PARENT_CARD value=36
D 20:14:02.9894751 PowerTaskList.DebugPrintPower() -         tag=1068 value=0
D 20:14:02.9894751 PowerTaskList.DebugPrintPower() -         tag=CREATOR_DBID value=70320
D 20:14:02.9894751 PowerTaskList.DebugPrintPower() -         tag=SPAWN_TIME_COUNT value=1
D 20:14:02.9894751 PowerTaskList.DebugPrintPower() -         tag=4901 value=0
D 20:14:02.9894751 PowerTaskList.DebugPrintPower() -     SHOW_ENTITY - Updating Entity=[entityName=UNKNOWN ENTITY [cardType=INVALID] id=38 zone=SETASIDE zonePos=0 cardId= player=1] CardID=AV_295b
D 20:14:02.9894751 PowerTaskList.DebugPrintPower() -         tag=CONTROLLER value=1
D 20:14:02.9894751 PowerTaskList.DebugPrintPower() -         tag=CARDTYPE value=SPELL
D 20:14:02.9894751 PowerTaskList.DebugPrintPower() -         tag=TAG_LAST_KNOWN_COST_IN_HAND value=2
D 20:14:02.9894751 PowerTaskList.DebugPrintPower() -         tag=COST value=2
D 20:14:02.9894751 PowerTaskList.DebugPrintPower() -         tag=ZONE value=SETASIDE
D 20:14:02.9894751 PowerTaskList.DebugPrintPower() -         tag=ENTITY_ID value=38
D 20:14:02.9894751 PowerTaskList.DebugPrintPower() -         tag=CLASS value=DRUID
D 20:14:02.9894751 PowerTaskList.DebugPrintPower() -         tag=CREATOR value=36
D 20:14:02.9894751 PowerTaskList.DebugPrintPower() -         tag=PARENT_CARD value=36
D 20:14:02.9894751 PowerTaskList.DebugPrintPower() -         tag=1068 value=0
D 20:14:02.9894751 PowerTaskList.DebugPrintPower() -         tag=CREATOR_DBID value=70320
D 20:14:02.9894751 PowerTaskList.DebugPrintPower() -         tag=SPAWN_TIME_COUNT value=1
D 20:14:02.9894751 PowerTaskList.DebugPrintPower() -         tag=4901 value=0
D 20:14:02.9894751 PowerTaskList.DebugPrintPower() -     TAG_CHANGE Entity=[entityName=UNKNOWN ENTITY [cardType=INVALID] id=36 zone=DECK zonePos=0 cardId= player=1] tag=NUM_TURNS_IN_HAND value=1 
D 20:14:02.9894751 PowerTaskList.DebugPrintPower() -     TAG_CHANGE Entity=[entityName=UNKNOWN ENTITY [cardType=INVALID] id=36 zone=DECK zonePos=0 cardId= player=1] tag=ZONE_POSITION value=3 
D 20:14:02.9894751 PowerTaskList.DebugPrintPower() -     TAG_CHANGE Entity=[entityName=UNKNOWN ENTITY [cardType=INVALID] id=36 zone=DECK zonePos=0 cardId= player=1] tag=ZONE_POSITION value=0 
D 20:14:02.9894751 PowerTaskList.DebugPrintPower() -     TAG_CHANGE Entity=[entityName=UNKNOWN ENTITY [cardType=INVALID] id=36 zone=DECK zonePos=0 cardId= player=1] tag=ZONE_POSITION value=3 
D 20:14:02.9894751 PowerTaskList.DebugPrintPower() -     TAG_CHANGE Entity=湫然#51704 tag=2166 value=15 
D 20:14:02.9894751 PowerTaskList.DebugPrintPower() -     TAG_CHANGE Entity=湫然#51704 tag=467 value=1 
D 20:14:02.9894751 PowerTaskList.DebugPrintPower() -     SHOW_ENTITY - Updating Entity=[entityName=UNKNOWN ENTITY [cardType=INVALID] id=15 zone=DECK zonePos=0 cardId= player=1] CardID=BT_724
D 20:14:02.9894751 PowerTaskList.DebugPrintPower() -         tag=CONTROLLER value=1
D 20:14:02.9894751 PowerTaskList.DebugPrintPower() -         tag=CARDTYPE value=MINION
D 20:14:02.9894751 PowerTaskList.DebugPrintPower() -         tag=TAG_LAST_KNOWN_COST_IN_HAND value=1
D 20:14:02.9894751 PowerTaskList.DebugPrintPower() -         tag=479 value=2
D 20:14:02.9894751 PowerTaskList.DebugPrintPower() -         tag=COST value=1
D 20:14:02.9894751 PowerTaskList.DebugPrintPower() -         tag=ATK value=2
D 20:14:02.9894751 PowerTaskList.DebugPrintPower() -         tag=HEALTH value=1
D 20:14:02.9894751 PowerTaskList.DebugPrintPower() -         tag=ZONE value=HAND
D 20:14:02.9894751 PowerTaskList.DebugPrintPower() -         tag=ENTITY_ID value=15
D 20:14:02.9894751 PowerTaskList.DebugPrintPower() -         tag=CLASS value=NEUTRAL
D 20:14:02.9894751 PowerTaskList.DebugPrintPower() -         tag=RARITY value=COMMON
D 20:14:02.9894751 PowerTaskList.DebugPrintPower() -         tag=BATTLECRY value=1
D 20:14:02.9894751 PowerTaskList.DebugPrintPower() -         tag=478 value=1
D 20:14:02.9894751 PowerTaskList.DebugPrintPower() -         tag=1043 value=1
D 20:14:02.9894751 PowerTaskList.DebugPrintPower() -         tag=1068 value=0
D 20:14:02.9894751 PowerTaskList.DebugPrintPower() -         tag=SPAWN_TIME_COUNT value=1
D 20:14:02.9894751 PowerTaskList.DebugPrintPower() -         tag=HAS_ACTIVATE_POWER value=1
D 20:14:02.9894751 PowerTaskList.DebugPrintPower() -         tag=3085 value=1
D 20:14:02.9894751 PowerTaskList.DebugPrintPower() -         tag=4472 value=2
D 20:14:02.9894751 PowerTaskList.DebugPrintPower() -     TAG_CHANGE Entity=[entityName=UNKNOWN ENTITY [cardType=INVALID] id=15 zone=DECK zonePos=0 cardId= player=1] tag=NUM_TURNS_IN_HAND value=1 
D 20:14:02.9894751 PowerTaskList.DebugPrintPower() -     TAG_CHANGE Entity=[entityName=UNKNOWN ENTITY [cardType=INVALID] id=15 zone=DECK zonePos=0 cardId= player=1] tag=ZONE_POSITION value=4 
D 20:14:02.9894751 PowerTaskList.DebugPrintPower() -     TAG_CHANGE Entity=[entityName=UNKNOWN ENTITY [cardType=INVALID] id=15 zone=DECK zonePos=0 cardId= player=1] tag=ZONE_POSITION value=0 
D 20:14:02.9894751 PowerTaskList.DebugPrintPower() -     TAG_CHANGE Entity=[entityName=UNKNOWN ENTITY [cardType=INVALID] id=15 zone=DECK zonePos=0 cardId= player=1] tag=ZONE_POSITION value=4 
D 20:14:02.9894751 PowerTaskList.DebugPrintPower() -     TAG_CHANGE Entity=湫然#51704 tag=467 value=0 
D 20:14:02.9894751 PowerTaskList.DebugPrintPower() -     TAG_CHANGE Entity=湫然#51704 tag=NUM_TURNS_LEFT value=1 
D 20:14:02.9894751 PowerTaskList.DebugPrintPower() -     FULL_ENTITY - Updating [entityName=幸运币 id=99 zone=HAND zonePos=5 cardId=MUDAN_COIN1 player=1] CardID=MUDAN_COIN1
D 20:14:02.9894751 PowerTaskList.DebugPrintPower() -         tag=CONTROLLER value=1
D 20:14:02.9894751 PowerTaskList.DebugPrintPower() -         tag=CARDTYPE value=SPELL
D 20:14:02.9894751 PowerTaskList.DebugPrintPower() -         tag=ZONE value=HAND
D 20:14:02.9894751 PowerTaskList.DebugPrintPower() -         tag=ENTITY_ID value=99
D 20:14:02.9894751 PowerTaskList.DebugPrintPower() -         tag=CLASS value=NEUTRAL
D 20:14:02.9894751 PowerTaskList.DebugPrintPower() -         tag=ZONE_POSITION value=5
D 20:14:02.9894751 PowerTaskList.DebugPrintPower() -         tag=NUM_TURNS_IN_HAND value=1
D 20:14:02.9894751 PowerTaskList.DebugPrintPower() -         tag=CREATOR value=1
D 20:14:02.9894751 PowerTaskList.DebugPrintPower() -         tag=SPAWN_TIME_COUNT value=1
D 20:14:02.9894751 PowerTaskList.DebugPrintPower() -         tag=COIN_CARD value=1
D 20:14:02.9894751 PowerTaskList.DebugPrintPower() -         tag=4901 value=1
D 20:14:02.9894751 PowerTaskList.DebugPrintPower() -     TAG_CHANGE Entity=[entityName=幸运币 id=99 zone=HAND zonePos=5 cardId=MUDAN_COIN1 player=1] tag=4901 value=0 
D 20:14:02.9894751 PowerTaskList.DebugPrintPower() -     TAG_CHANGE Entity=两仪丨九月#5670 tag=2166 value=78 
D 20:14:02.9894751 PowerTaskList.DebugPrintPower() -     TAG_CHANGE Entity=两仪丨九月#5670 tag=467 value=3 
D 20:14:02.9894751 PowerTaskList.DebugPrintPower() -     TAG_CHANGE Entity=[entityName=UNKNOWN ENTITY [cardType=INVALID] id=78 zone=DECK zonePos=0 cardId= player=2] tag=ZONE value=HAND 
D 20:14:02.9894751 PowerTaskList.DebugPrintPower() -     TAG_CHANGE Entity=[entityName=UNKNOWN ENTITY [cardType=INVALID] id=78 zone=DECK zonePos=0 cardId= player=2] tag=ZONE_POSITION value=1 
D 20:14:02.9894751 PowerTaskList.DebugPrintPower() -     TAG_CHANGE Entity=[entityName=UNKNOWN ENTITY [cardType=INVALID] id=78 zone=DECK zonePos=0 cardId= player=2] tag=ZONE_POSITION value=0 
D 20:14:02.9894751 PowerTaskList.DebugPrintPower() -     TAG_CHANGE Entity=[entityName=UNKNOWN ENTITY [cardType=INVALID] id=78 zone=DECK zonePos=0 cardId= player=2] tag=ZONE_POSITION value=1 
D 20:14:02.9894751 PowerTaskList.DebugPrintPower() -     TAG_CHANGE Entity=两仪丨九月#5670 tag=2166 value=52 
D 20:14:02.9894751 PowerTaskList.DebugPrintPower() -     TAG_CHANGE Entity=两仪丨九月#5670 tag=467 value=2 
D 20:14:02.9894751 PowerTaskList.DebugPrintPower() -     TAG_CHANGE Entity=[entityName=UNKNOWN ENTITY [cardType=INVALID] id=52 zone=DECK zonePos=0 cardId= player=2] tag=ZONE value=HAND 
D 20:14:02.9894751 PowerTaskList.DebugPrintPower() -     TAG_CHANGE Entity=[entityName=UNKNOWN ENTITY [cardType=INVALID] id=52 zone=DECK zonePos=0 cardId= player=2] tag=ZONE_POSITION value=2 
D 20:14:02.9894751 PowerTaskList.DebugPrintPower() -     TAG_CHANGE Entity=[entityName=UNKNOWN ENTITY [cardType=INVALID] id=52 zone=DECK zonePos=0 cardId= player=2] tag=ZONE_POSITION value=0 
D 20:14:02.9894751 PowerTaskList.DebugPrintPower() -     TAG_CHANGE Entity=[entityName=UNKNOWN ENTITY [cardType=INVALID] id=52 zone=DECK zonePos=0 cardId= player=2] tag=ZONE_POSITION value=2 
D 20:14:02.9894751 PowerTaskList.DebugPrintPower() -     TAG_CHANGE Entity=两仪丨九月#5670 tag=2166 value=51 
D 20:14:02.9894751 PowerTaskList.DebugPrintPower() -     TAG_CHANGE Entity=两仪丨九月#5670 tag=467 value=1 
D 20:14:02.9894751 PowerTaskList.DebugPrintPower() -     TAG_CHANGE Entity=[entityName=UNKNOWN ENTITY [cardType=INVALID] id=51 zone=DECK zonePos=0 cardId= player=2] tag=ZONE value=HAND 
D 20:14:02.9894751 PowerTaskList.DebugPrintPower() -     TAG_CHANGE Entity=[entityName=UNKNOWN ENTITY [cardType=INVALID] id=51 zone=DECK zonePos=0 cardId= player=2] tag=ZONE_POSITION value=3 
D 20:14:02.9894751 PowerTaskList.DebugPrintPower() -     TAG_CHANGE Entity=[entityName=UNKNOWN ENTITY [cardType=INVALID] id=51 zone=DECK zonePos=0 cardId= player=2] tag=ZONE_POSITION value=0 
D 20:14:02.9894751 PowerTaskList.DebugPrintPower() -     TAG_CHANGE Entity=[entityName=UNKNOWN ENTITY [cardType=INVALID] id=51 zone=DECK zonePos=0 cardId= player=2] tag=ZONE_POSITION value=3 
D 20:14:02.9894751 PowerTaskList.DebugPrintPower() -     TAG_CHANGE Entity=两仪丨九月#5670 tag=467 value=0 
D 20:14:02.9894751 PowerTaskList.DebugPrintPower() -     TAG_CHANGE Entity=两仪丨九月#5670 tag=NUM_TURNS_LEFT value=1 
D 20:14:02.9894751 PowerTaskList.DebugPrintPower() -     TAG_CHANGE Entity=湫然#51704 tag=TIMEOUT value=45 
D 20:14:02.9894751 PowerTaskList.DebugPrintPower() -     TAG_CHANGE Entity=两仪丨九月#5670 tag=TIMEOUT value=45 
D 20:14:02.9894751 PowerTaskList.DebugPrintPower() -     TAG_CHANGE Entity=GameEntity tag=10 value=85 
D 20:14:02.9894751 PowerTaskList.DebugPrintPower() -     TAG_CHANGE Entity=GameEntity tag=NEXT_STEP value=BEGIN_MULLIGAN 
D 20:14:02.9894751 PowerTaskList.DebugPrintPower() - BLOCK_END
D 20:14:02.9894751 PowerProcessor.PrepareHistoryForCurrentTaskList() - m_currentTaskList=4
D 20:14:03.3749412 PowerProcessor.EndCurrentTaskList() - m_currentTaskList=4
D 20:14:03.3834851 PowerTaskList.DebugDump() - ID=5 ParentID=0 PreviousID=0 TaskCount=1
D 20:14:03.3834851 PowerTaskList.DebugDump() - Block Start=(null)
D 20:14:03.3834851 PowerTaskList.DebugPrintPower() -     TAG_CHANGE Entity=GameEntity tag=STEP value=BEGIN_MULLIGAN 
D 20:14:03.3834851 PowerTaskList.DebugDump() - Block End=(null)
D 20:14:03.3834851 PowerProcessor.PrepareHistoryForCurrentTaskList() - m_currentTaskList=5
D 20:14:03.3834851 PowerProcessor.EndCurrentTaskList() - m_currentTaskList=5
D 20:14:03.3834851 PowerTaskList.DebugDump() - ID=6 ParentID=5 PreviousID=0 TaskCount=1
D 20:14:03.3834851 PowerTaskList.DebugPrintPower() - BLOCK_START BlockType=TRIGGER Entity=GameEntity EffectCardId=System.Collections.Generic.List`1[System.String] EffectIndex=-1 Target=0 SubOption=-1 TriggerKeyword=TAG_NOT_SET
D 20:14:03.3834851 PowerTaskList.DebugPrintPower() -     TAG_CHANGE Entity=湫然#51704 tag=MULLIGAN_STATE value=INPUT 
D 20:14:03.3834851 PowerTaskList.DebugDump() - Block End=(null)
D 20:14:03.3834851 PowerProcessor.PrepareHistoryForCurrentTaskList() - m_currentTaskList=6
D 20:14:03.3834851 PowerProcessor.EndCurrentTaskList() - m_currentTaskList=6
D 20:14:03.3834851 PowerTaskList.DebugDump() - ID=7 ParentID=0 PreviousID=6 TaskCount=1
D 20:14:03.3834851 PowerTaskList.DebugDump() - Block Start=(null)
D 20:14:03.3834851 PowerTaskList.DebugPrintPower() -     TAG_CHANGE Entity=两仪丨九月#5670 tag=MULLIGAN_STATE value=INPUT 
D 20:14:03.3834851 PowerTaskList.DebugDump() - Block End=(null)
D 20:14:03.3834851 PowerProcessor.PrepareHistoryForCurrentTaskList() - m_currentTaskList=7
D 20:14:03.3834851 PowerProcessor.EndCurrentTaskList() - m_currentTaskList=7
D 20:14:03.3834851 PowerTaskList.DebugDump() - ID=8 ParentID=0 PreviousID=7 TaskCount=0
D 20:14:03.3834851 PowerTaskList.DebugDump() - Block Start=(null)
D 20:14:03.3834851 PowerTaskList.DebugPrintPower() - BLOCK_END
D 20:14:03.3834851 PowerProcessor.PrepareHistoryForCurrentTaskList() - m_currentTaskList=8
D 20:14:03.3834851 PowerProcessor.EndCurrentTaskList() - m_currentTaskList=8
D 20:14:03.3834851 PowerTaskList.DebugDump() - ID=9 ParentID=0 PreviousID=0 TaskCount=1
D 20:14:03.3834851 PowerTaskList.DebugDump() - Block Start=(null)
D 20:14:03.3834851 PowerTaskList.DebugPrintPower() -     TAG_CHANGE Entity=[entityName=抱龙王噗鲁什 id=71 zone=COSMETIC zonePos=0 cardId=PET_3_3 player=2] tag=PET_TREATS_GENERATED value=2 
D 20:14:03.3834851 PowerTaskList.DebugDump() - Block End=(null)
D 20:14:03.3834851 PowerProcessor.PrepareHistoryForCurrentTaskList() - m_currentTaskList=9
D 20:14:03.3834851 PowerProcessor.EndCurrentTaskList() - m_currentTaskList=9
D 20:14:20.4770642 GameState.DebugPrintEntitiesChosen() - id=2 Player=两仪丨九月#5670 EntitiesCount=2
D 20:14:20.4770642 GameState.DebugPrintEntitiesChosen() -   Entities[0]=[entityName=UNKNOWN ENTITY [cardType=INVALID] id=78 zone=HAND zonePos=1 cardId= player=2]
D 20:14:20.4770642 GameState.DebugPrintEntitiesChosen() -   Entities[1]=[entityName=UNKNOWN ENTITY [cardType=INVALID] id=51 zone=HAND zonePos=3 cardId= player=2]
D 20:14:21.0534008 GameState.SendChoices() - id=1 ChoiceType=MULLIGAN
D 20:14:21.0534008 GameState.SendChoices() -   m_chosenEntities[0]=[entityName=黑市拍卖师 id=43 zone=HAND zonePos=1 cardId=JAIL_718 player=1]
D 20:14:21.0534008 GameState.SendChoices() -   m_chosenEntities[1]=[entityName=水栖形态 id=21 zone=HAND zonePos=2 cardId=TSC_654 player=1]
D 20:14:21.0534008 GameState.SendChoices() -   m_chosenEntities[2]=[entityName=占领冷齿矿洞 id=36 zone=HAND zonePos=3 cardId=AV_295 player=1]
D 20:14:21.3170852 GameState.DebugPrintEntitiesChosen() - id=1 Player=湫然#51704 EntitiesCount=3
D 20:14:21.3170852 GameState.DebugPrintEntitiesChosen() -   Entities[0]=[entityName=黑市拍卖师 id=43 zone=HAND zonePos=1 cardId=JAIL_718 player=1]
D 20:14:21.3170852 GameState.DebugPrintEntitiesChosen() -   Entities[1]=[entityName=水栖形态 id=21 zone=HAND zonePos=2 cardId=TSC_654 player=1]
D 20:14:21.3170852 GameState.DebugPrintEntitiesChosen() -   Entities[2]=[entityName=占领冷齿矿洞 id=36 zone=HAND zonePos=3 cardId=AV_295 player=1]
D 20:14:21.3597673 GameState.DebugPrintPowerList() - Count=86
D 20:14:21.3597673 GameState.DebugPrintPower() - TAG_CHANGE Entity=[entityName=抱龙王噗鲁什 id=71 zone=COSMETIC zonePos=0 cardId=PET_3_3 player=2] tag=PET_LEVELOVERRIDE value=4 
D 20:14:21.3597673 GameState.DebugPrintPower() - TAG_CHANGE Entity=两仪丨九月#5670 tag=MULLIGAN_STATE value=DEALING 
D 20:14:21.3597673 GameState.DebugPrintPower() - BLOCK_START BlockType=TRIGGER Entity=两仪丨九月#5670 EffectCardId=System.Collections.Generic.List`1[System.String] EffectIndex=-1 Target=0 SubOption=-1 TriggerKeyword=TAG_NOT_SET
D 20:14:21.3597673 GameState.DebugPrintPower() -     TAG_CHANGE Entity=[entityName=UNKNOWN ENTITY [cardType=INVALID] id=76 zone=DECK zonePos=0 cardId= player=2] tag=ZONE value=HAND 
D 20:14:21.3597673 GameState.DebugPrintPower() -     TAG_CHANGE Entity=[entityName=UNKNOWN ENTITY [cardType=INVALID] id=76 zone=DECK zonePos=0 cardId= player=2] tag=ZONE_POSITION value=2 
D 20:14:21.3597673 GameState.DebugPrintPower() -     TAG_CHANGE Entity=[entityName=UNKNOWN ENTITY [cardType=INVALID] id=52 zone=HAND zonePos=2 cardId= player=2] tag=ZONE_POSITION value=0 
D 20:14:21.3597673 GameState.DebugPrintPower() -     TAG_CHANGE Entity=[entityName=UNKNOWN ENTITY [cardType=INVALID] id=52 zone=HAND zonePos=2 cardId= player=2] tag=ZONE value=DECK 
D 20:14:21.3597673 GameState.DebugPrintPower() -     TAG_CHANGE Entity=两仪丨九月#5670 tag=MULLIGAN_STATE value=WAITING 
D 20:14:21.3597673 GameState.DebugPrintPower() - BLOCK_END
D 20:14:21.3597673 GameState.DebugPrintPower() - BLOCK_START BlockType=TRIGGER Entity=两仪丨九月#5670 EffectCardId=System.Collections.Generic.List`1[System.String] EffectIndex=-1 Target=0 SubOption=-1 TriggerKeyword=TAG_NOT_SET
D 20:14:21.3597673 GameState.DebugPrintPower() -     TAG_CHANGE Entity=两仪丨九月#5670 tag=MULLIGAN_STATE value=DONE 
D 20:14:21.3597673 GameState.DebugPrintPower() - BLOCK_END
D 20:14:21.3597673 GameState.DebugPrintPower() - TAG_CHANGE Entity=湫然#51704 tag=MULLIGAN_STATE value=DEALING 
D 20:14:21.3597673 GameState.DebugPrintPower() - BLOCK_START BlockType=TRIGGER Entity=湫然#51704 EffectCardId=System.Collections.Generic.List`1[System.String] EffectIndex=-1 Target=0 SubOption=-1 TriggerKeyword=TAG_NOT_SET
D 20:14:21.3597673 GameState.DebugPrintPower() -     SHOW_ENTITY - Updating Entity=[entityName=UNKNOWN ENTITY [cardType=INVALID] id=22 zone=DECK zonePos=0 cardId= player=1] CardID=JAIL_718
D 20:14:21.3597673 GameState.DebugPrintPower() -         tag=CONTROLLER value=1
D 20:14:21.3597673 GameState.DebugPrintPower() -         tag=CARDTYPE value=MINION
D 20:14:21.3597673 GameState.DebugPrintPower() -         tag=TAG_LAST_KNOWN_COST_IN_HAND value=9
D 20:14:21.3597673 GameState.DebugPrintPower() -         tag=479 value=4
D 20:14:21.3597673 GameState.DebugPrintPower() -         tag=COST value=9
D 20:14:21.3597673 GameState.DebugPrintPower() -         tag=ATK value=4
D 20:14:21.3597673 GameState.DebugPrintPower() -         tag=HEALTH value=4
D 20:14:21.3597673 GameState.DebugPrintPower() -         tag=TRIGGER_VISUAL value=1
D 20:14:21.3597673 GameState.DebugPrintPower() -         tag=ZONE value=HAND
D 20:14:21.3597673 GameState.DebugPrintPower() -         tag=ENTITY_ID value=22
D 20:14:21.3597673 GameState.DebugPrintPower() -         tag=CLASS value=NEUTRAL
D 20:14:21.3597673 GameState.DebugPrintPower() -         tag=RARITY value=EPIC
D 20:14:21.3597673 GameState.DebugPrintPower() -         tag=478 value=1
D 20:14:21.3597673 GameState.DebugPrintPower() -         tag=1037 value=1
D 20:14:21.3597673 GameState.DebugPrintPower() -         tag=1043 value=1
D 20:14:21.3597673 GameState.DebugPrintPower() -         tag=1068 value=0
D 20:14:21.3597673 GameState.DebugPrintPower() -         tag=SPAWN_TIME_COUNT value=1
D 20:14:21.3597673 GameState.DebugPrintPower() -         tag=DECK_ACTION_COST value=1
D 20:14:21.3597673 GameState.DebugPrintPower() -         tag=HAS_SIGNATURE_QUALITY value=1
D 20:14:21.3597673 GameState.DebugPrintPower() -         tag=HAS_ACTIVATE_POWER value=1
D 20:14:21.3597673 GameState.DebugPrintPower() -         tag=3085 value=4
D 20:14:21.3597673 GameState.DebugPrintPower() -         tag=PREPARE value=1
D 20:14:21.3597673 GameState.DebugPrintPower() -         tag=4472 value=4
D 20:14:21.3597673 GameState.DebugPrintPower() -     TAG_CHANGE Entity=[entityName=UNKNOWN ENTITY [cardType=INVALID] id=22 zone=DECK zonePos=0 cardId= player=1] tag=NUM_TURNS_IN_HAND value=1 
D 20:14:21.3597673 GameState.DebugPrintPower() -     TAG_CHANGE Entity=[entityName=UNKNOWN ENTITY [cardType=INVALID] id=22 zone=DECK zonePos=0 cardId= player=1] tag=ZONE_POSITION value=4 
D 20:14:21.3597673 GameState.DebugPrintPower() -     TAG_CHANGE Entity=[entityName=虚灵改装师 id=15 zone=HAND zonePos=4 cardId=BT_724 player=1] tag=1068 value=2 
D 20:14:21.3597673 GameState.DebugPrintPower() -     TAG_CHANGE Entity=[entityName=虚灵改装师 id=15 zone=HAND zonePos=4 cardId=BT_724 player=1] tag=1068 value=0 
D 20:14:21.3597673 GameState.DebugPrintPower() -     TAG_CHANGE Entity=[entityName=虚灵改装师 id=15 zone=HAND zonePos=4 cardId=BT_724 player=1] tag=1037 value=1 
D 20:14:21.3597673 GameState.DebugPrintPower() -     TAG_CHANGE Entity=[entityName=虚灵改装师 id=15 zone=HAND zonePos=4 cardId=BT_724 player=1] tag=ZONE_POSITION value=0 
D 20:14:21.3597673 GameState.DebugPrintPower() -     TAG_CHANGE Entity=[entityName=虚灵改装师 id=15 zone=HAND zonePos=4 cardId=BT_724 player=1] tag=1043 value=0 
D 20:14:21.3597673 GameState.DebugPrintPower() -     HIDE_ENTITY - Entity=[entityName=虚灵改装师 id=15 zone=HAND zonePos=4 cardId=BT_724 player=1] tag=ZONE value=DECK
D 20:14:21.3597673 GameState.DebugPrintPower() -     TAG_CHANGE Entity=[entityName=虚灵改装师 id=15 zone=HAND zonePos=4 cardId=BT_724 player=1] tag=ZONE value=DECK 
D 20:14:21.3597673 GameState.DebugPrintPower() -     TAG_CHANGE Entity=湫然#51704 tag=MULLIGAN_STATE value=WAITING 
D 20:14:21.3597673 GameState.DebugPrintPower() - BLOCK_END
D 20:14:21.3597673 GameState.DebugPrintPower() - BLOCK_START BlockType=TRIGGER Entity=湫然#51704 EffectCardId=System.Collections.Generic.List`1[System.String] EffectIndex=-1 Target=0 SubOption=-1 TriggerKeyword=TAG_NOT_SET
D 20:14:21.3597673 GameState.DebugPrintPower() -     TAG_CHANGE Entity=湫然#51704 tag=MULLIGAN_STATE value=DONE 
D 20:14:21.3597673 GameState.DebugPrintPower() -     SHUFFLE_DECK PlayerID=1
D 20:14:21.3597673 GameState.DebugPrintPower() -     SHUFFLE_DECK PlayerID=2
D 20:14:21.3597673 GameState.DebugPrintPower() -     TAG_CHANGE Entity=两仪丨九月#5670 tag=TURN value=1 
D 20:14:21.3597673 GameState.DebugPrintPower() -     TAG_CHANGE Entity=GameEntity tag=NEXT_STEP value=MAIN_READY 
D 20:14:21.3597673 GameState.DebugPrintPower() - BLOCK_END
D 20:14:21.3597673 GameState.DebugPrintPower() - BLOCK_START BlockType=TRIGGER Entity=[entityName=裂魂者阿扎莉娜 id=48 zone=DECK zonePos=0 cardId= player=2] EffectCardId=System.Collections.Generic.List`1[System.String] EffectIndex=2 Target=0 SubOption=-1 TriggerKeyword=START_OF_GAME_KEYWORD
D 20:14:21.3597673 GameState.DebugPrintPower() -     SHOW_ENTITY - Updating Entity=[entityName=裂魂者阿扎莉娜 id=48 zone=DECK zonePos=0 cardId= player=2] CardID=JAIL_430
D 20:14:21.3597673 GameState.DebugPrintPower() -         tag=CONTROLLER value=2
D 20:14:21.3597673 GameState.DebugPrintPower() -         tag=CARDTYPE value=MINION
D 20:14:21.3597673 GameState.DebugPrintPower() -         tag=TAG_LAST_KNOWN_COST_IN_HAND value=7
D 20:14:21.3597673 GameState.DebugPrintPower() -         tag=479 value=7
D 20:14:21.3597673 GameState.DebugPrintPower() -         tag=COST value=7
D 20:14:21.3597673 GameState.DebugPrintPower() -         tag=ATK value=7
D 20:14:21.3597673 GameState.DebugPrintPower() -         tag=HEALTH value=7
D 20:14:21.3597673 GameState.DebugPrintPower() -         tag=PREMIUM value=1
D 20:14:21.3597673 GameState.DebugPrintPower() -         tag=ZONE value=DECK
D 20:14:21.3597673 GameState.DebugPrintPower() -         tag=ENTITY_ID value=48
D 20:14:21.3597673 GameState.DebugPrintPower() -         tag=ELITE value=1
D 20:14:21.3597673 GameState.DebugPrintPower() -         tag=CLASS value=PRIEST
D 20:14:21.3597673 GameState.DebugPrintPower() -         tag=CARDRACE value=UNDEAD
D 20:14:21.3597673 GameState.DebugPrintPower() -         tag=RARITY value=LEGENDARY
D 20:14:21.3597673 GameState.DebugPrintPower() -         tag=BATTLECRY value=1
D 20:14:21.3597673 GameState.DebugPrintPower() -         tag=REVEALED value=1
D 20:14:21.3597673 GameState.DebugPrintPower() -         tag=478 value=2
D 20:14:21.3597673 GameState.DebugPrintPower() -         tag=START_OF_GAME_KEYWORD value=1
D 20:14:21.3597673 GameState.DebugPrintPower() -         tag=DECK_RULE_MOD_DECK_SIZE value=20
D 20:14:21.3597673 GameState.DebugPrintPower() -         tag=1043 value=1
D 20:14:21.3597673 GameState.DebugPrintPower() -         tag=1068 value=0
D 20:14:21.3597673 GameState.DebugPrintPower() -         tag=SPAWN_TIME_COUNT value=1
D 20:14:21.3597673 GameState.DebugPrintPower() -         tag=HAS_SIGNATURE_QUALITY value=1
D 20:14:21.3597673 GameState.DebugPrintPower() -         tag=HAS_ACTIVATE_POWER value=1
D 20:14:21.3597673 GameState.DebugPrintPower() -         tag=2936 value=1
D 20:14:21.3597673 GameState.DebugPrintPower() -         tag=3085 value=7
D 20:14:21.3597673 GameState.DebugPrintPower() -         tag=4472 value=7
D 20:14:21.3597673 GameState.DebugPrintPower() -         tag=4818 value=1
D 20:14:21.3597673 GameState.DebugPrintPower() -     SUB_SPELL_START - SpellPrefabGUID=JAIL_430_AzalinaSoulsever_FAB_StartOfGame_FX:347a09cdabd38b04c832ab44d9edc111 Source=0 TargetCount=0
D 20:14:21.3597673 GameState.DebugPrintPower() -         META_DATA - Meta=TARGET Data=0 InfoCount=1
D 20:14:21.3597673 GameState.DebugPrintPower() -                     Info[0] = [entityName=裂魂者阿扎莉娜 id=48 zone=DECK zonePos=0 cardId= player=2]
D 20:14:21.3597673 GameState.DebugPrintPower() -         META_DATA - Meta=OVERRIDE_HISTORY Data=0 InfoCount=1
D 20:14:21.3597673 GameState.DebugPrintPower() -                     Info[0] = [entityName=裂魂者阿扎莉娜 id=48 zone=DECK zonePos=0 cardId= player=2]
D 20:14:21.3597673 GameState.DebugPrintPower() -         HIDE_ENTITY - Entity=[entityName=裂魂者阿扎莉娜 id=48 zone=DECK zonePos=0 cardId= player=2] tag=ZONE value=DECK
D 20:14:21.3597673 GameState.DebugPrintPower() -         TAG_CHANGE Entity=[entityName=裂魂者阿扎莉娜 id=48 zone=DECK zonePos=0 cardId= player=2] tag=REVEALED value=0 
D 20:14:21.3597673 GameState.DebugPrintPower() -     SUB_SPELL_END
D 20:14:21.3597673 GameState.DebugPrintPower() -     SUB_SPELL_START - SpellPrefabGUID=ReuseFX_Shadow_BuffImpact_Super:9267a3b2b8b76654e85107553d70a58d Source=0 TargetCount=1
D 20:14:21.3597673 GameState.DebugPrintPower() -                       Targets[0] = [entityName=拉祖尔女士 id=69 zone=PLAY zonePos=0 cardId=HERO_09b player=2]
D 20:14:21.3597673 GameState.DebugPrintPower() -         META_DATA - Meta=TARGET Data=0 InfoCount=1
D 20:14:21.3597673 GameState.DebugPrintPower() -                     Info[0] = [entityName=拉祖尔女士 id=69 zone=PLAY zonePos=0 cardId=HERO_09b player=2]
D 20:14:21.3597673 GameState.DebugPrintPower() -         TAG_CHANGE Entity=两仪丨九月#5670 tag=1575 value=1 
D 20:14:21.3597673 GameState.DebugPrintPower() -         TAG_CHANGE Entity=两仪丨九月#5670 tag=1573 value=1 
D 20:14:21.3597673 GameState.DebugPrintPower() -         FULL_ENTITY - Creating ID=100 CardID=
D 20:14:21.3597673 GameState.DebugPrintPower() -             tag=ZONE value=SETASIDE
D 20:14:21.3597673 GameState.DebugPrintPower() -             tag=CONTROLLER value=2
D 20:14:21.3597673 GameState.DebugPrintPower() -             tag=ENTITY_ID value=100
D 20:14:21.3597673 GameState.DebugPrintPower() -         SHOW_ENTITY - Updating Entity=100 CardID=TLC_835e
D 20:14:21.3597673 GameState.DebugPrintPower() -             tag=CONTROLLER value=2
D 20:14:21.3597673 GameState.DebugPrintPower() -             tag=CARDTYPE value=ENCHANTMENT
D 20:14:21.3597673 GameState.DebugPrintPower() -             tag=TAG_SCRIPT_DATA_NUM_1 value=40
D 20:14:21.3597673 GameState.DebugPrintPower() -             tag=PREMIUM value=1
D 20:14:21.3597673 GameState.DebugPrintPower() -             tag=ATTACHED value=69
D 20:14:21.3597673 GameState.DebugPrintPower() -             tag=ZONE value=SETASIDE
D 20:14:21.3597673 GameState.DebugPrintPower() -             tag=ENTITY_ID value=100
D 20:14:21.3597673 GameState.DebugPrintPower() -             tag=CLASS value=PRIEST
D 20:14:21.3597673 GameState.DebugPrintPower() -             tag=CREATOR value=48
D 20:14:21.3597673 GameState.DebugPrintPower() -             tag=1037 value=2
D 20:14:21.3597673 GameState.DebugPrintPower() -             tag=1068 value=0
D 20:14:21.3597673 GameState.DebugPrintPower() -             tag=CREATOR_DBID value=126055
D 20:14:21.3597673 GameState.DebugPrintPower() -             tag=SPAWN_TIME_COUNT value=1
D 20:14:21.3597673 GameState.DebugPrintPower() -             tag=4901 value=0
D 20:14:21.3597673 GameState.DebugPrintPower() -         TAG_CHANGE Entity=100 tag=1068 value=1 
D 20:14:21.3597673 GameState.DebugPrintPower() -         TAG_CHANGE Entity=100 tag=1068 value=0 
D 20:14:21.3597673 GameState.DebugPrintPower() -         TAG_CHANGE Entity=100 tag=ZONE value=PLAY 
D 20:14:21.3597673 GameState.DebugPrintPower() -         TAG_CHANGE Entity=[entityName=拉祖尔女士 id=69 zone=PLAY zonePos=0 cardId=HERO_09b player=2] tag=3085 value=40 
D 20:14:21.3597673 GameState.DebugPrintPower() -         TAG_CHANGE Entity=[entityName=拉祖尔女士 id=69 zone=PLAY zonePos=0 cardId=HERO_09b player=2] tag=HEALTH value=40 
D 20:14:21.3597673 GameState.DebugPrintPower() -         TAG_CHANGE Entity=[entityName=拉祖尔女士 id=69 zone=PLAY zonePos=0 cardId=HERO_09b player=2] tag=4741 value=1 
D 20:14:21.3597673 GameState.DebugPrintPower() -         TAG_CHANGE Entity=[entityName=拉祖尔女士 id=69 zone=PLAY zonePos=0 cardId=HERO_09b player=2] tag=LAST_AFFECTED_BY value=48 
D 20:14:21.3597673 GameState.DebugPrintPower() -     SUB_SPELL_END
D 20:14:21.3597673 GameState.DebugPrintPower() - BLOCK_END
D 20:14:21.3597673 GameState.DebugPrintPower() - BLOCK_START BlockType=TRIGGER Entity=[entityName=UNKNOWN ENTITY [cardType=INVALID] id=35 zone=DECK zonePos=0 cardId= player=1] EffectCardId=System.Collections.Generic.List`1[System.String] EffectIndex=1 Target=0 SubOption=-1 TriggerKeyword=1724
D 20:14:21.3597673 GameState.DebugPrintPower() -     FULL_ENTITY - Creating ID=101 CardID=
D 20:14:21.3597673 GameState.DebugPrintPower() -         tag=ZONE value=SETASIDE
D 20:14:21.3597673 GameState.DebugPrintPower() -         tag=CONTROLLER value=1
D 20:14:21.3597673 GameState.DebugPrintPower() -         tag=ENTITY_ID value=101
D 20:14:21.3597673 GameState.DebugPrintPower() -     SHOW_ENTITY - Updating Entity=101 CardID=VAC_422e
D 20:14:21.3597673 GameState.DebugPrintPower() -         tag=CONTROLLER value=1
D 20:14:21.3597673 GameState.DebugPrintPower() -         tag=CARDTYPE value=ENCHANTMENT
D 20:14:21.3597673 GameState.DebugPrintPower() -         tag=ATTACHED value=2
D 20:14:21.3597673 GameState.DebugPrintPower() -         tag=ZONE value=SETASIDE
D 20:14:21.3597673 GameState.DebugPrintPower() -         tag=ENTITY_ID value=101
D 20:14:21.3597673 GameState.DebugPrintPower() -         tag=CLASS value=NEUTRAL
D 20:14:21.3597673 GameState.DebugPrintPower() -         tag=CREATOR value=35
D 20:14:21.3597673 GameState.DebugPrintPower() -         tag=1037 value=1
D 20:14:21.3597673 GameState.DebugPrintPower() -         tag=1068 value=0
D 20:14:21.3597673 GameState.DebugPrintPower() -         tag=CREATOR_DBID value=105893
D 20:14:21.3597673 GameState.DebugPrintPower() -         tag=SPAWN_TIME_COUNT value=1
D 20:14:21.3597673 GameState.DebugPrintPower() -         tag=4901 value=0
D 20:14:21.3597673 GameState.DebugPrintPower() -     TAG_CHANGE Entity=101 tag=1068 value=1 
D 20:14:21.3597673 GameState.DebugPrintPower() -     TAG_CHANGE Entity=101 tag=1068 value=0 
D 20:14:21.3597673 GameState.DebugPrintPower() -     TAG_CHANGE Entity=101 tag=ZONE value=PLAY 
D 20:14:21.3597673 GameState.DebugPrintPower() -     TAG_CHANGE Entity=湫然#51704 tag=4741 value=1 
D 20:14:21.3597673 GameState.DebugPrintPower() -     TAG_CHANGE Entity=湫然#51704 tag=LAST_AFFECTED_BY value=35 
D 20:14:21.3597673 GameState.DebugPrintPower() -     TAG_CHANGE Entity=101 tag=TAG_SCRIPT_DATA_NUM_1 value=105893 
D 20:14:21.3597673 GameState.DebugPrintPower() -     TAG_CHANGE Entity=101 tag=TAG_SCRIPT_DATA_NUM_2 value=4 
D 20:14:21.3597673 GameState.DebugPrintPower() - BLOCK_END
D 20:14:21.3597673 GameState.DebugPrintPower() - BLOCK_START BlockType=TRIGGER Entity=[entityName=UNKNOWN ENTITY [cardType=INVALID] id=57 zone=DECK zonePos=0 cardId= player=2] EffectCardId=System.Collections.Generic.List`1[System.String] EffectIndex=1 Target=0 SubOption=-1 TriggerKeyword=1724
D 20:14:21.3597673 GameState.DebugPrintPower() -     FULL_ENTITY - Creating ID=102 CardID=
D 20:14:21.3597673 GameState.DebugPrintPower() -         tag=ZONE value=SETASIDE
D 20:14:21.3597673 GameState.DebugPrintPower() -         tag=CONTROLLER value=2
D 20:14:21.3597673 GameState.DebugPrintPower() -         tag=ENTITY_ID value=102
D 20:14:21.3597673 GameState.DebugPrintPower() -     SHOW_ENTITY - Updating Entity=102 CardID=VAC_422e
D 20:14:21.3597673 GameState.DebugPrintPower() -         tag=CONTROLLER value=2
D 20:14:21.3597673 GameState.DebugPrintPower() -         tag=CARDTYPE value=ENCHANTMENT
D 20:14:21.3597673 GameState.DebugPrintPower() -         tag=PREMIUM value=1
D 20:14:21.3597673 GameState.DebugPrintPower() -         tag=ATTACHED value=3
D 20:14:21.3597673 GameState.DebugPrintPower() -         tag=ZONE value=SETASIDE
D 20:14:21.3597673 GameState.DebugPrintPower() -         tag=ENTITY_ID value=102
D 20:14:21.3597673 GameState.DebugPrintPower() -         tag=CLASS value=NEUTRAL
D 20:14:21.3597673 GameState.DebugPrintPower() -         tag=CREATOR value=57
D 20:14:21.3597673 GameState.DebugPrintPower() -         tag=1037 value=2
D 20:14:21.3597673 GameState.DebugPrintPower() -         tag=1068 value=0
D 20:14:21.3597673 GameState.DebugPrintPower() -         tag=CREATOR_DBID value=108887
D 20:14:21.3597673 GameState.DebugPrintPower() -         tag=SPAWN_TIME_COUNT value=1
D 20:14:21.3597673 GameState.DebugPrintPower() -         tag=4901 value=0
D 20:14:21.3597673 GameState.DebugPrintPower() -     TAG_CHANGE Entity=102 tag=1068 value=1 
D 20:14:21.3597673 GameState.DebugPrintPower() -     TAG_CHANGE Entity=102 tag=1068 value=0 
D 20:14:21.3597673 GameState.DebugPrintPower() -     TAG_CHANGE Entity=102 tag=ZONE value=PLAY 
D 20:14:21.3597673 GameState.DebugPrintPower() -     TAG_CHANGE Entity=两仪丨九月#5670 tag=4741 value=2 
D 20:14:21.3597673 GameState.DebugPrintPower() -     TAG_CHANGE Entity=两仪丨九月#5670 tag=LAST_AFFECTED_BY value=57 
D 20:14:21.3597673 GameState.DebugPrintPower() -     TAG_CHANGE Entity=102 tag=TAG_SCRIPT_DATA_NUM_1 value=108887 
D 20:14:21.3597673 GameState.DebugPrintPower() -     TAG_CHANGE Entity=102 tag=TAG_SCRIPT_DATA_NUM_2 value=3 
D 20:14:21.3597673 GameState.DebugPrintPower() -     TAG_CHANGE Entity=102 tag=TAG_SCRIPT_DATA_NUM_3 value=3 
D 20:14:21.3597673 GameState.DebugPrintPower() - BLOCK_END
D 20:14:21.3597673 GameState.DebugPrintPower() - BLOCK_START BlockType=TRIGGER Entity=[entityName=UNKNOWN ENTITY [cardType=INVALID] id=86 zone=DECK zonePos=0 cardId= player=2] EffectCardId=System.Collections.Generic.List`1[System.String] EffectIndex=1 Target=0 SubOption=-1 TriggerKeyword=1724
D 20:14:21.3597673 GameState.DebugPrintPower() -     TAG_CHANGE Entity=102 tag=TAG_SCRIPT_DATA_NUM_1 value=105893 
D 20:14:21.3597673 GameState.DebugPrintPower() -     TAG_CHANGE Entity=102 tag=TAG_SCRIPT_DATA_NUM_2 value=4 
D 20:14:21.3597673 GameState.DebugPrintPower() -     TAG_CHANGE Entity=102 tag=TAG_SCRIPT_DATA_NUM_3 value=1 
D 20:14:21.3597673 GameState.DebugPrintPower() - BLOCK_END
D 20:14:21.3597673 GameState.DebugPrintPower() - BLOCK_START BlockType=TRIGGER Entity=GameEntity EffectCardId=System.Collections.Generic.List`1[System.String] EffectIndex=4 Target=0 SubOption=-1 TriggerKeyword=TAG_NOT_SET
D 20:14:21.3597673 GameState.DebugPrintPower() - BLOCK_END
D 20:14:21.3597673 PowerTaskList.DebugDump() - ID=10 ParentID=0 PreviousID=0 TaskCount=2
D 20:14:21.3597673 PowerTaskList.DebugDump() - Block Start=(null)
D 20:14:21.3597673 PowerTaskList.DebugPrintPower() -     TAG_CHANGE Entity=[entityName=抱龙王噗鲁什 id=71 zone=COSMETIC zonePos=0 cardId=PET_3_3 player=2] tag=PET_LEVELOVERRIDE value=4 
D 20:14:21.3597673 PowerTaskList.DebugPrintPower() -     TAG_CHANGE Entity=两仪丨九月#5670 tag=MULLIGAN_STATE value=DEALING 
D 20:14:21.3597673 PowerTaskList.DebugDump() - Block End=(null)
D 20:14:21.3597673 PowerProcessor.PrepareHistoryForCurrentTaskList() - m_currentTaskList=10
D 20:14:21.3597673 PowerProcessor.EndCurrentTaskList() - m_currentTaskList=10
D 20:14:21.3597673 PowerTaskList.DebugDump() - ID=11 ParentID=10 PreviousID=0 TaskCount=5
D 20:14:21.3597673 PowerTaskList.DebugPrintPower() - BLOCK_START BlockType=TRIGGER Entity=两仪丨九月#5670 EffectCardId=System.Collections.Generic.List`1[System.String] EffectIndex=-1 Target=0 SubOption=-1 TriggerKeyword=TAG_NOT_SET
D 20:14:21.3597673 PowerTaskList.DebugPrintPower() -     TAG_CHANGE Entity=[entityName=UNKNOWN ENTITY [cardType=INVALID] id=76 zone=DECK zonePos=0 cardId= player=2] tag=ZONE value=HAND 
D 20:14:21.3597673 PowerTaskList.DebugPrintPower() -     TAG_CHANGE Entity=[entityName=UNKNOWN ENTITY [cardType=INVALID] id=76 zone=DECK zonePos=0 cardId= player=2] tag=ZONE_POSITION value=2 
D 20:14:21.3597673 PowerTaskList.DebugPrintPower() -     TAG_CHANGE Entity=[entityName=UNKNOWN ENTITY [cardType=INVALID] id=52 zone=HAND zonePos=2 cardId= player=2] tag=ZONE_POSITION value=0 
D 20:14:21.3597673 PowerTaskList.DebugPrintPower() -     TAG_CHANGE Entity=[entityName=UNKNOWN ENTITY [cardType=INVALID] id=52 zone=HAND zonePos=2 cardId= player=2] tag=ZONE value=DECK 
D 20:14:21.3597673 PowerTaskList.DebugPrintPower() -     TAG_CHANGE Entity=两仪丨九月#5670 tag=MULLIGAN_STATE value=WAITING 
D 20:14:21.3597673 PowerTaskList.DebugPrintPower() - BLOCK_END
D 20:14:21.3597673 PowerProcessor.PrepareHistoryForCurrentTaskList() - m_currentTaskList=11
D 20:14:21.7099711 GameState.DebugPrintPowerList() - Count=43
D 20:14:21.7099711 GameState.DebugPrintPower() - TAG_CHANGE Entity=GameEntity tag=STEP value=MAIN_READY 
D 20:14:21.7099711 GameState.DebugPrintPower() - BLOCK_START BlockType=TRIGGER Entity=两仪丨九月#5670 EffectCardId=System.Collections.Generic.List`1[System.String] EffectIndex=-1 Target=0 SubOption=-1 TriggerKeyword=TAG_NOT_SET
D 20:14:21.7099711 GameState.DebugPrintPower() -     TAG_CHANGE Entity=GameEntity tag=NUM_TURNS_IN_PLAY value=1 
D 20:14:21.7099711 GameState.DebugPrintPower() -     TAG_CHANGE Entity=湫然#51704 tag=NUM_TURNS_IN_PLAY value=1 
D 20:14:21.7099711 GameState.DebugPrintPower() -     TAG_CHANGE Entity=两仪丨九月#5670 tag=NUM_TURNS_IN_PLAY value=1 
D 20:14:21.7099711 GameState.DebugPrintPower() -     TAG_CHANGE Entity=[entityName=嘲风望月露娜拉 id=67 zone=PLAY zonePos=0 cardId=HERO_06bi player=1] tag=NUM_TURNS_IN_PLAY value=1 
D 20:14:21.7099711 GameState.DebugPrintPower() -     TAG_CHANGE Entity=[entityName=变形 id=68 zone=PLAY zonePos=0 cardId=HERO_06ebp player=1] tag=NUM_TURNS_IN_PLAY value=1 
D 20:14:21.7099711 GameState.DebugPrintPower() -     TAG_CHANGE Entity=[entityName=拉祖尔女士 id=69 zone=PLAY zonePos=0 cardId=HERO_09b player=2] tag=NUM_TURNS_IN_PLAY value=1 
D 20:14:21.7099711 GameState.DebugPrintPower() -     TAG_CHANGE Entity=[entityName=次级治疗术 id=70 zone=PLAY zonePos=0 cardId=CS1h_001_H2 player=2] tag=NUM_TURNS_IN_PLAY value=1 
D 20:14:21.7099711 GameState.DebugPrintPower() -     TAG_CHANGE Entity=两仪丨九月#5670 tag=RESOURCES value=1 
D 20:14:21.7099711 GameState.DebugPrintPower() -     TAG_CHANGE Entity=GameEntity tag=NEXT_STEP value=MAIN_START_TRIGGERS 
D 20:14:21.7099711 GameState.DebugPrintPower() -     TAG_CHANGE Entity=两仪丨九月#5670 tag=1575 value=0 
D 20:14:21.7099711 GameState.DebugPrintPower() - BLOCK_END
D 20:14:21.7099711 GameState.DebugPrintPower() - TAG_CHANGE Entity=GameEntity tag=STEP value=MAIN_START_TRIGGERS 
D 20:14:21.7099711 GameState.DebugPrintPower() - BLOCK_START BlockType=TRIGGER Entity=[entityName=抱龙王噗鲁什 id=71 zone=COSMETIC zonePos=0 cardId=PET_3_3 player=2] EffectCardId=System.Collections.Generic.List`1[System.String] EffectIndex=35 Target=0 SubOption=-1 TriggerKeyword=TAG_NOT_SET
D 20:14:21.7099711 GameState.DebugPrintPower() - BLOCK_END
D 20:14:21.7099711 GameState.DebugPrintPower() - BLOCK_START BlockType=TRIGGER Entity=[entityName=抱龙王噗鲁什 id=71 zone=COSMETIC zonePos=0 cardId=PET_3_3 player=2] EffectCardId=System.Collections.Generic.List`1[System.String] EffectIndex=5 Target=0 SubOption=-1 TriggerKeyword=TAG_NOT_SET
D 20:14:21.7099711 GameState.DebugPrintPower() -     TAG_CHANGE Entity=[entityName=抱龙王噗鲁什 id=71 zone=COSMETIC zonePos=0 cardId=PET_3_3 player=2] tag=PET_EVENT_ID value=12 
D 20:14:21.7099711 GameState.DebugPrintPower() - BLOCK_END
D 20:14:21.7099711 GameState.DebugPrintPower() - BLOCK_START BlockType=TRIGGER Entity=两仪丨九月#5670 EffectCardId=System.Collections.Generic.List`1[System.String] EffectIndex=-1 Target=0 SubOption=-1 TriggerKeyword=TAG_NOT_SET
D 20:14:21.7099711 GameState.DebugPrintPower() -     TAG_CHANGE Entity=GameEntity tag=NEXT_STEP value=MAIN_START 
D 20:14:21.7099711 GameState.DebugPrintPower() - BLOCK_END
D 20:14:21.7099711 GameState.DebugPrintPower() - TAG_CHANGE Entity=GameEntity tag=STEP value=MAIN_START 
D 20:14:21.7099711 GameState.DebugPrintPower() - BLOCK_START BlockType=TRIGGER Entity=两仪丨九月#5670 EffectCardId=System.Collections.Generic.List`1[System.String] EffectIndex=-1 Target=0 SubOption=-1 TriggerKeyword=TAG_NOT_SET
D 20:14:21.7099711 GameState.DebugPrintPower() -     TAG_CHANGE Entity=两仪丨九月#5670 tag=2166 value=77 
D 20:14:21.7099711 GameState.DebugPrintPower() -     TAG_CHANGE Entity=两仪丨九月#5670 tag=467 value=1 
D 20:14:21.7099711 GameState.DebugPrintPower() -     TAG_CHANGE Entity=[entityName=UNKNOWN ENTITY [cardType=INVALID] id=77 zone=DECK zonePos=0 cardId= player=2] tag=ZONE value=HAND 
D 20:14:21.7099711 GameState.DebugPrintPower() -     TAG_CHANGE Entity=[entityName=UNKNOWN ENTITY [cardType=INVALID] id=77 zone=DECK zonePos=0 cardId= player=2] tag=ZONE_POSITION value=4 
D 20:14:21.7099711 GameState.DebugPrintPower() -     TAG_CHANGE Entity=[entityName=UNKNOWN ENTITY [cardType=INVALID] id=77 zone=DECK zonePos=0 cardId= player=2] tag=ZONE_POSITION value=0 
D 20:14:21.7099711 GameState.DebugPrintPower() -     TAG_CHANGE Entity=[entityName=UNKNOWN ENTITY [cardType=INVALID] id=77 zone=DECK zonePos=0 cardId= player=2] tag=ZONE_POSITION value=4 
D 20:14:21.7099711 GameState.DebugPrintPower() -     TAG_CHANGE Entity=两仪丨九月#5670 tag=3242 value=1 
D 20:14:21.7099711 GameState.DebugPrintPower() -     TAG_CHANGE Entity=两仪丨九月#5670 tag=NUM_CARDS_DRAWN_THIS_TURN value=1 
D 20:14:21.7099711 GameState.DebugPrintPower() -     TAG_CHANGE Entity=两仪丨九月#5670 tag=995 value=1 
D 20:14:21.7099711 GameState.DebugPrintPower() -     BLOCK_START BlockType=TRIGGER Entity=[entityName=抱龙王噗鲁什 id=71 zone=COSMETIC zonePos=0 cardId=PET_3_3 player=2] EffectCardId=System.Collections.Generic.List`1[System.String] EffectIndex=28 Target=0 SubOption=-1 TriggerKeyword=TAG_NOT_SET
D 20:14:21.7099711 GameState.DebugPrintPower() -         TAG_CHANGE Entity=[entityName=抱龙王噗鲁什 id=71 zone=COSMETIC zonePos=0 cardId=PET_3_3 player=2] tag=PET_EVENT_ID value=0 
D 20:14:21.7099711 GameState.DebugPrintPower() -     BLOCK_END
D 20:14:21.7099711 GameState.DebugPrintPower() -     TAG_CHANGE Entity=两仪丨九月#5670 tag=467 value=0 
D 20:14:21.7099711 GameState.DebugPrintPower() -     TAG_CHANGE Entity=GameEntity tag=NEXT_STEP value=MAIN_ACTION 
D 20:14:21.7099711 GameState.DebugPrintPower() - BLOCK_END
D 20:14:21.7099711 GameState.DebugPrintPower() - TAG_CHANGE Entity=GameEntity tag=STEP value=MAIN_ACTION 
D 20:14:21.7099711 GameState.DebugPrintPower() - BLOCK_START BlockType=TRIGGER Entity=两仪丨九月#5670 EffectCardId=System.Collections.Generic.List`1[System.String] EffectIndex=-1 Target=0 SubOption=-1 TriggerKeyword=TAG_NOT_SET
D 20:14:21.7099711 GameState.DebugPrintPower() -     TAG_CHANGE Entity=GameEntity tag=NEXT_STEP value=MAIN_END 
D 20:14:21.7099711 GameState.DebugPrintPower() - BLOCK_END
D 20:14:22.9020855 PowerProcessor.EndCurrentTaskList() - m_currentTaskList=11
D 20:14:22.9085516 PowerTaskList.DebugDump() - ID=12 ParentID=0 PreviousID=0 TaskCount=1
D 20:14:22.9085516 PowerTaskList.DebugPrintPower() - BLOCK_START BlockType=TRIGGER Entity=两仪丨九月#5670 EffectCardId=System.Collections.Generic.List`1[System.String] EffectIndex=-1 Target=0 SubOption=-1 TriggerKeyword=TAG_NOT_SET
D 20:14:22.9085516 PowerTaskList.DebugPrintPower() -     TAG_CHANGE Entity=两仪丨九月#5670 tag=MULLIGAN_STATE value=DONE 
D 20:14:22.9085516 PowerTaskList.DebugPrintPower() - BLOCK_END
D 20:14:22.9085516 PowerProcessor.PrepareHistoryForCurrentTaskList() - m_currentTaskList=12
D 20:14:22.9085516 PowerProcessor.EndCurrentTaskList() - m_currentTaskList=12
D 20:14:22.9085516 PowerTaskList.DebugDump() - ID=13 ParentID=0 PreviousID=0 TaskCount=1
D 20:14:22.9085516 PowerTaskList.DebugDump() - Block Start=(null)
D 20:14:22.9085516 PowerTaskList.DebugPrintPower() -     TAG_CHANGE Entity=湫然#51704 tag=MULLIGAN_STATE value=DEALING 
D 20:14:22.9085516 PowerTaskList.DebugDump() - Block End=(null)
D 20:14:22.9085516 PowerProcessor.PrepareHistoryForCurrentTaskList() - m_currentTaskList=13
D 20:14:22.9085516 PowerProcessor.EndCurrentTaskList() - m_currentTaskList=13
D 20:14:22.9085516 PowerTaskList.DebugDump() - ID=14 ParentID=0 PreviousID=0 TaskCount=11
D 20:14:22.9085516 PowerTaskList.DebugPrintPower() - BLOCK_START BlockType=TRIGGER Entity=湫然#51704 EffectCardId=System.Collections.Generic.List`1[System.String] EffectIndex=-1 Target=0 SubOption=-1 TriggerKeyword=TAG_NOT_SET
D 20:14:22.9085516 PowerTaskList.DebugPrintPower() -     SHOW_ENTITY - Updating Entity=[entityName=UNKNOWN ENTITY [cardType=INVALID] id=22 zone=DECK zonePos=0 cardId= player=1] CardID=JAIL_718
D 20:14:22.9085516 PowerTaskList.DebugPrintPower() -         tag=CONTROLLER value=1
D 20:14:22.9085516 PowerTaskList.DebugPrintPower() -         tag=CARDTYPE value=MINION
D 20:14:22.9085516 PowerTaskList.DebugPrintPower() -         tag=TAG_LAST_KNOWN_COST_IN_HAND value=9
D 20:14:22.9085516 PowerTaskList.DebugPrintPower() -         tag=479 value=4
D 20:14:22.9085516 PowerTaskList.DebugPrintPower() -         tag=COST value=9
D 20:14:22.9085516 PowerTaskList.DebugPrintPower() -         tag=ATK value=4
D 20:14:22.9085516 PowerTaskList.DebugPrintPower() -         tag=HEALTH value=4
D 20:14:22.9085516 PowerTaskList.DebugPrintPower() -         tag=TRIGGER_VISUAL value=1
D 20:14:22.9085516 PowerTaskList.DebugPrintPower() -         tag=ZONE value=HAND
D 20:14:22.9085516 PowerTaskList.DebugPrintPower() -         tag=ENTITY_ID value=22
D 20:14:22.9085516 PowerTaskList.DebugPrintPower() -         tag=CLASS value=NEUTRAL
D 20:14:22.9085516 PowerTaskList.DebugPrintPower() -         tag=RARITY value=EPIC
D 20:14:22.9085516 PowerTaskList.DebugPrintPower() -         tag=478 value=1
D 20:14:22.9085516 PowerTaskList.DebugPrintPower() -         tag=1037 value=1
D 20:14:22.9085516 PowerTaskList.DebugPrintPower() -         tag=1043 value=1
D 20:14:22.9085516 PowerTaskList.DebugPrintPower() -         tag=1068 value=0
D 20:14:22.9085516 PowerTaskList.DebugPrintPower() -         tag=SPAWN_TIME_COUNT value=1
D 20:14:22.9085516 PowerTaskList.DebugPrintPower() -         tag=DECK_ACTION_COST value=1
D 20:14:22.9085516 PowerTaskList.DebugPrintPower() -         tag=HAS_SIGNATURE_QUALITY value=1
D 20:14:22.9085516 PowerTaskList.DebugPrintPower() -         tag=HAS_ACTIVATE_POWER value=1
D 20:14:22.9085516 PowerTaskList.DebugPrintPower() -         tag=3085 value=4
D 20:14:22.9085516 PowerTaskList.DebugPrintPower() -         tag=PREPARE value=1
D 20:14:22.9085516 PowerTaskList.DebugPrintPower() -         tag=4472 value=4
D 20:14:22.9085516 PowerTaskList.DebugPrintPower() -     TAG_CHANGE Entity=[entityName=UNKNOWN ENTITY [cardType=INVALID] id=22 zone=DECK zonePos=0 cardId= player=1] tag=NUM_TURNS_IN_HAND value=1 
D 20:14:22.9085516 PowerTaskList.DebugPrintPower() -     TAG_CHANGE Entity=[entityName=UNKNOWN ENTITY [cardType=INVALID] id=22 zone=DECK zonePos=0 cardId= player=1] tag=ZONE_POSITION value=4 
D 20:14:22.9085516 PowerTaskList.DebugPrintPower() -     TAG_CHANGE Entity=[entityName=虚灵改装师 id=15 zone=HAND zonePos=4 cardId=BT_724 player=1] tag=1068 value=2 
D 20:14:22.9085516 PowerTaskList.DebugPrintPower() -     TAG_CHANGE Entity=[entityName=虚灵改装师 id=15 zone=HAND zonePos=4 cardId=BT_724 player=1] tag=1068 value=0 
D 20:14:22.9085516 PowerTaskList.DebugPrintPower() -     TAG_CHANGE Entity=[entityName=虚灵改装师 id=15 zone=HAND zonePos=4 cardId=BT_724 player=1] tag=1037 value=1 
D 20:14:22.9085516 PowerTaskList.DebugPrintPower() -     TAG_CHANGE Entity=[entityName=虚灵改装师 id=15 zone=HAND zonePos=4 cardId=BT_724 player=1] tag=ZONE_POSITION value=0 
D 20:14:22.9085516 PowerTaskList.DebugPrintPower() -     TAG_CHANGE Entity=[entityName=虚灵改装师 id=15 zone=HAND zonePos=4 cardId=BT_724 player=1] tag=1043 value=0 
D 20:14:22.9085516 PowerTaskList.DebugPrintPower() -     HIDE_ENTITY - Entity=[entityName=虚灵改装师 id=15 zone=HAND zonePos=4 cardId=BT_724 player=1] tag=ZONE value=DECK
D 20:14:22.9085516 PowerTaskList.DebugPrintPower() -     TAG_CHANGE Entity=[entityName=虚灵改装师 id=15 zone=HAND zonePos=4 cardId=BT_724 player=1] tag=ZONE value=DECK 
D 20:14:22.9085516 PowerTaskList.DebugPrintPower() -     TAG_CHANGE Entity=湫然#51704 tag=MULLIGAN_STATE value=WAITING 
D 20:14:22.9085516 PowerTaskList.DebugPrintPower() - BLOCK_END
D 20:14:22.9085516 PowerProcessor.PrepareHistoryForCurrentTaskList() - m_currentTaskList=14
D 20:14:22.9513692 PowerProcessor.EndCurrentTaskList() - m_currentTaskList=14
D 20:14:22.9583722 PowerTaskList.DebugDump() - ID=15 ParentID=0 PreviousID=0 TaskCount=5
D 20:14:22.9583722 PowerTaskList.DebugPrintPower() - BLOCK_START BlockType=TRIGGER Entity=湫然#51704 EffectCardId=System.Collections.Generic.List`1[System.String] EffectIndex=-1 Target=0 SubOption=-1 TriggerKeyword=TAG_NOT_SET
D 20:14:22.9583722 PowerTaskList.DebugPrintPower() -     TAG_CHANGE Entity=湫然#51704 tag=MULLIGAN_STATE value=DONE 
D 20:14:22.9583722 PowerTaskList.DebugPrintPower() -     SHUFFLE_DECK PlayerID=1
D 20:14:22.9583722 PowerTaskList.DebugPrintPower() -     SHUFFLE_DECK PlayerID=2
D 20:14:22.9583722 PowerTaskList.DebugPrintPower() -     TAG_CHANGE Entity=两仪丨九月#5670 tag=TURN value=1 
D 20:14:22.9583722 PowerTaskList.DebugPrintPower() -     TAG_CHANGE Entity=GameEntity tag=NEXT_STEP value=MAIN_READY 
D 20:14:22.9583722 PowerTaskList.DebugPrintPower() - BLOCK_END
D 20:14:22.9583722 PowerProcessor.PrepareHistoryForCurrentTaskList() - m_currentTaskList=15
D 20:14:29.0900374 PowerProcessor.EndCurrentTaskList() - m_currentTaskList=15
D 20:14:29.0900374 PowerTaskList.DebugDump() - ID=16 ParentID=0 PreviousID=0 TaskCount=1
D 20:14:29.0900374 PowerTaskList.DebugPrintPower() - BLOCK_START BlockType=TRIGGER Entity=[entityName=裂魂者阿扎莉娜 id=48 zone=DECK zonePos=0 cardId= player=2] EffectCardId=System.Collections.Generic.List`1[System.String] EffectIndex=2 Target=0 SubOption=-1 TriggerKeyword=START_OF_GAME_KEYWORD
D 20:14:29.0900374 PowerTaskList.DebugPrintPower() -     SHOW_ENTITY - Updating Entity=[entityName=裂魂者阿扎莉娜 id=48 zone=DECK zonePos=0 cardId= player=2] CardID=JAIL_430
D 20:14:29.0900374 PowerTaskList.DebugPrintPower() -         tag=CONTROLLER value=2
D 20:14:29.0900374 PowerTaskList.DebugPrintPower() -         tag=CARDTYPE value=MINION
D 20:14:29.0900374 PowerTaskList.DebugPrintPower() -         tag=TAG_LAST_KNOWN_COST_IN_HAND value=7
D 20:14:29.0900374 PowerTaskList.DebugPrintPower() -         tag=479 value=7
D 20:14:29.0900374 PowerTaskList.DebugPrintPower() -         tag=COST value=7
D 20:14:29.0900374 PowerTaskList.DebugPrintPower() -         tag=ATK value=7
D 20:14:29.0900374 PowerTaskList.DebugPrintPower() -         tag=HEALTH value=7
D 20:14:29.0900374 PowerTaskList.DebugPrintPower() -         tag=PREMIUM value=1
D 20:14:29.0900374 PowerTaskList.DebugPrintPower() -         tag=ZONE value=DECK
D 20:14:29.0900374 PowerTaskList.DebugPrintPower() -         tag=ENTITY_ID value=48
D 20:14:29.0900374 PowerTaskList.DebugPrintPower() -         tag=ELITE value=1
D 20:14:29.0900374 PowerTaskList.DebugPrintPower() -         tag=CLASS value=PRIEST
D 20:14:29.0900374 PowerTaskList.DebugPrintPower() -         tag=CARDRACE value=UNDEAD
D 20:14:29.0900374 PowerTaskList.DebugPrintPower() -         tag=RARITY value=LEGENDARY
D 20:14:29.0900374 PowerTaskList.DebugPrintPower() -         tag=BATTLECRY value=1
D 20:14:29.0900374 PowerTaskList.DebugPrintPower() -         tag=REVEALED value=1
D 20:14:29.0900374 PowerTaskList.DebugPrintPower() -         tag=478 value=2
D 20:14:29.0900374 PowerTaskList.DebugPrintPower() -         tag=START_OF_GAME_KEYWORD value=1
D 20:14:29.0900374 PowerTaskList.DebugPrintPower() -         tag=DECK_RULE_MOD_DECK_SIZE value=20
D 20:14:29.0900374 PowerTaskList.DebugPrintPower() -         tag=1043 value=1
D 20:14:29.0900374 PowerTaskList.DebugPrintPower() -         tag=1068 value=0
D 20:14:29.0900374 PowerTaskList.DebugPrintPower() -         tag=SPAWN_TIME_COUNT value=1
D 20:14:29.0900374 PowerTaskList.DebugPrintPower() -         tag=HAS_SIGNATURE_QUALITY value=1
D 20:14:29.0900374 PowerTaskList.DebugPrintPower() -         tag=HAS_ACTIVATE_POWER value=1
D 20:14:29.0900374 PowerTaskList.DebugPrintPower() -         tag=2936 value=1
D 20:14:29.0900374 PowerTaskList.DebugPrintPower() -         tag=3085 value=7
D 20:14:29.0900374 PowerTaskList.DebugPrintPower() -         tag=4472 value=7
D 20:14:29.0900374 PowerTaskList.DebugPrintPower() -         tag=4818 value=1
D 20:14:29.0900374 PowerTaskList.DebugDump() - Block End=(null)
D 20:14:29.0900374 PowerProcessor.PrepareHistoryForCurrentTaskList() - m_currentTaskList=16
D 20:14:29.0966180 PowerProcessor.EndCurrentTaskList() - m_currentTaskList=16
D 20:14:29.1045811 PowerTaskList.DebugDump() - ID=17 ParentID=0 PreviousID=16 TaskCount=6
D 20:14:29.1045811 PowerTaskList.DebugDump() - Block Start=(null)
D 20:14:29.1045811 PowerTaskList.DebugPrintPower() -     SUB_SPELL_START - SpellPrefabGUID=JAIL_430_AzalinaSoulsever_FAB_StartOfGame_FX:347a09cdabd38b04c832ab44d9edc111 Source=0 TargetCount=0
D 20:14:29.1045811 PowerTaskList.DebugPrintPower() -         META_DATA - Meta=TARGET Data=0 InfoCount=1
D 20:14:29.1045811 PowerTaskList.DebugPrintPower() -                     Info[0] = [entityName=裂魂者阿扎莉娜 id=48 zone=DECK zonePos=0 cardId=JAIL_430 player=2]
D 20:14:29.1045811 PowerTaskList.DebugPrintPower() -         META_DATA - Meta=OVERRIDE_HISTORY Data=0 InfoCount=1
D 20:14:29.1045811 PowerTaskList.DebugPrintPower() -                     Info[0] = [entityName=裂魂者阿扎莉娜 id=48 zone=DECK zonePos=0 cardId=JAIL_430 player=2]
D 20:14:29.1045811 PowerTaskList.DebugPrintPower() -         HIDE_ENTITY - Entity=[entityName=裂魂者阿扎莉娜 id=48 zone=DECK zonePos=0 cardId=JAIL_430 player=2] tag=ZONE value=DECK
D 20:14:29.1045811 PowerTaskList.DebugPrintPower() -         TAG_CHANGE Entity=[entityName=裂魂者阿扎莉娜 id=48 zone=DECK zonePos=0 cardId=JAIL_430 player=2] tag=REVEALED value=0 
D 20:14:29.1045811 PowerTaskList.DebugPrintPower() -     SUB_SPELL_END
D 20:14:29.1045811 PowerTaskList.DebugDump() - Block End=(null)
D 20:14:29.1045811 PowerProcessor.PrepareHistoryForCurrentTaskList() - m_currentTaskList=17
D 20:14:31.8355429 PowerProcessor.EndCurrentTaskList() - m_currentTaskList=17
D 20:14:31.8468563 PowerTaskList.DebugDump() - ID=18 ParentID=0 PreviousID=17 TaskCount=1
D 20:14:31.8468563 PowerTaskList.DebugDump() - Block Start=(null)
D 20:14:31.8468563 PowerTaskList.DebugPrintPower() -     META_DATA - Meta=ARTIFICIAL_HISTORY_INTERRUPT Data=0 InfoCount=0
D 20:14:31.8468563 PowerTaskList.DebugDump() - Block End=(null)
D 20:14:31.8468563 PowerProcessor.PrepareHistoryForCurrentTaskList() - m_currentTaskList=18
D 20:14:31.8468563 PowerProcessor.EndCurrentTaskList() - m_currentTaskList=18
D 20:14:31.8468563 PowerTaskList.DebugDump() - ID=19 ParentID=0 PreviousID=18 TaskCount=14
D 20:14:31.8468563 PowerTaskList.DebugDump() - Block Start=(null)
D 20:14:31.8468563 PowerTaskList.DebugPrintPower() -     SUB_SPELL_START - SpellPrefabGUID=ReuseFX_Shadow_BuffImpact_Super:9267a3b2b8b76654e85107553d70a58d Source=0 TargetCount=1
D 20:14:31.8468563 PowerTaskList.DebugPrintPower() -                       Targets[0] = [entityName=拉祖尔女士 id=69 zone=PLAY zonePos=0 cardId=HERO_09b player=2]
D 20:14:31.8468563 PowerTaskList.DebugPrintPower() -         META_DATA - Meta=TARGET Data=0 InfoCount=1
D 20:14:31.8468563 PowerTaskList.DebugPrintPower() -                     Info[0] = [entityName=拉祖尔女士 id=69 zone=PLAY zonePos=0 cardId=HERO_09b player=2]
D 20:14:31.8468563 PowerTaskList.DebugPrintPower() -         TAG_CHANGE Entity=两仪丨九月#5670 tag=1575 value=1 
D 20:14:31.8468563 PowerTaskList.DebugPrintPower() -         TAG_CHANGE Entity=两仪丨九月#5670 tag=1573 value=1 
D 20:14:31.8468563 PowerTaskList.DebugPrintPower() -         FULL_ENTITY - Updating [entityName=UNKNOWN ENTITY [cardType=INVALID] id=100 zone=SETASIDE zonePos=0 cardId= player=2] CardID=
D 20:14:31.8468563 PowerTaskList.DebugPrintPower() -             tag=ZONE value=SETASIDE
D 20:14:31.8468563 PowerTaskList.DebugPrintPower() -             tag=CONTROLLER value=2
D 20:14:31.8468563 PowerTaskList.DebugPrintPower() -             tag=ENTITY_ID value=100
D 20:14:31.8468563 PowerTaskList.DebugPrintPower() -         SHOW_ENTITY - Updating Entity=[entityName=UNKNOWN ENTITY [cardType=INVALID] id=100 zone=SETASIDE zonePos=0 cardId= player=2] CardID=TLC_835e
D 20:14:31.8468563 PowerTaskList.DebugPrintPower() -             tag=CONTROLLER value=2
D 20:14:31.8468563 PowerTaskList.DebugPrintPower() -             tag=CARDTYPE value=ENCHANTMENT
D 20:14:31.8468563 PowerTaskList.DebugPrintPower() -             tag=TAG_SCRIPT_DATA_NUM_1 value=40
D 20:14:31.8468563 PowerTaskList.DebugPrintPower() -             tag=PREMIUM value=1
D 20:14:31.8468563 PowerTaskList.DebugPrintPower() -             tag=ATTACHED value=69
D 20:14:31.8468563 PowerTaskList.DebugPrintPower() -             tag=ZONE value=SETASIDE
D 20:14:31.8468563 PowerTaskList.DebugPrintPower() -             tag=ENTITY_ID value=100
D 20:14:31.8468563 PowerTaskList.DebugPrintPower() -             tag=CLASS value=PRIEST
D 20:14:31.8468563 PowerTaskList.DebugPrintPower() -             tag=CREATOR value=48
D 20:14:31.8468563 PowerTaskList.DebugPrintPower() -             tag=1037 value=2
D 20:14:31.8468563 PowerTaskList.DebugPrintPower() -             tag=1068 value=0
D 20:14:31.8468563 PowerTaskList.DebugPrintPower() -             tag=CREATOR_DBID value=126055
D 20:14:31.8468563 PowerTaskList.DebugPrintPower() -             tag=SPAWN_TIME_COUNT value=1
D 20:14:31.8468563 PowerTaskList.DebugPrintPower() -             tag=4901 value=0
D 20:14:31.8468563 PowerTaskList.DebugPrintPower() -         TAG_CHANGE Entity=[entityName=UNKNOWN ENTITY [cardType=INVALID] id=100 zone=SETASIDE zonePos=0 cardId= player=2] tag=1068 value=1 
D 20:14:31.8468563 PowerTaskList.DebugPrintPower() -         TAG_CHANGE Entity=[entityName=UNKNOWN ENTITY [cardType=INVALID] id=100 zone=SETASIDE zonePos=0 cardId= player=2] tag=1068 value=0 
D 20:14:31.8468563 PowerTaskList.DebugPrintPower() -         TAG_CHANGE Entity=[entityName=UNKNOWN ENTITY [cardType=INVALID] id=100 zone=SETASIDE zonePos=0 cardId= player=2] tag=ZONE value=PLAY 
D 20:14:31.8468563 PowerTaskList.DebugPrintPower() -         TAG_CHANGE Entity=[entityName=拉祖尔女士 id=69 zone=PLAY zonePos=0 cardId=HERO_09b player=2] tag=3085 value=40 
D 20:14:31.8468563 PowerTaskList.DebugPrintPower() -         TAG_CHANGE Entity=[entityName=拉祖尔女士 id=69 zone=PLAY zonePos=0 cardId=HERO_09b player=2] tag=HEALTH value=40 
D 20:14:31.8468563 PowerTaskList.DebugPrintPower() -         TAG_CHANGE Entity=[entityName=拉祖尔女士 id=69 zone=PLAY zonePos=0 cardId=HERO_09b player=2] tag=4741 value=1 
D 20:14:31.8468563 PowerTaskList.DebugPrintPower() -         TAG_CHANGE Entity=[entityName=拉祖尔女士 id=69 zone=PLAY zonePos=0 cardId=HERO_09b player=2] tag=LAST_AFFECTED_BY value=48 
D 20:14:31.8468563 PowerTaskList.DebugPrintPower() -     SUB_SPELL_END
D 20:14:31.8468563 PowerTaskList.DebugDump() - Block End=(null)
D 20:14:31.8468563 PowerProcessor.PrepareHistoryForCurrentTaskList() - m_currentTaskList=19
D 20:14:32.4678820 PowerProcessor.EndCurrentTaskList() - m_currentTaskList=19
D 20:14:32.4742324 PowerTaskList.DebugDump() - ID=20 ParentID=0 PreviousID=19 TaskCount=0
D 20:14:32.4742324 PowerTaskList.DebugDump() - Block Start=(null)
D 20:14:32.4742324 PowerTaskList.DebugPrintPower() - BLOCK_END
D 20:14:32.4742324 PowerProcessor.PrepareHistoryForCurrentTaskList() - m_currentTaskList=20
D 20:14:32.4742324 PowerProcessor.EndCurrentTaskList() - m_currentTaskList=20
D 20:14:32.4742324 PowerTaskList.DebugDump() - ID=21 ParentID=0 PreviousID=0 TaskCount=9
D 20:14:32.4742324 PowerTaskList.DebugPrintPower() - BLOCK_START BlockType=TRIGGER Entity=[entityName=UNKNOWN ENTITY [cardType=INVALID] id=35 zone=DECK zonePos=0 cardId= player=1] EffectCardId=System.Collections.Generic.List`1[System.String] EffectIndex=1 Target=0 SubOption=-1 TriggerKeyword=1724
D 20:14:32.4742324 PowerTaskList.DebugPrintPower() -     FULL_ENTITY - Updating [entityName=UNKNOWN ENTITY [cardType=INVALID] id=101 zone=SETASIDE zonePos=0 cardId= player=1] CardID=
D 20:14:32.4742324 PowerTaskList.DebugPrintPower() -         tag=ZONE value=SETASIDE
D 20:14:32.4742324 PowerTaskList.DebugPrintPower() -         tag=CONTROLLER value=1
D 20:14:32.4742324 PowerTaskList.DebugPrintPower() -         tag=ENTITY_ID value=101
D 20:14:32.4742324 PowerTaskList.DebugPrintPower() -     SHOW_ENTITY - Updating Entity=[entityName=UNKNOWN ENTITY [cardType=INVALID] id=101 zone=SETASIDE zonePos=0 cardId= player=1] CardID=VAC_422e
D 20:14:32.4742324 PowerTaskList.DebugPrintPower() -         tag=CONTROLLER value=1
D 20:14:32.4742324 PowerTaskList.DebugPrintPower() -         tag=CARDTYPE value=ENCHANTMENT
D 20:14:32.4742324 PowerTaskList.DebugPrintPower() -         tag=ATTACHED value=2
D 20:14:32.4742324 PowerTaskList.DebugPrintPower() -         tag=ZONE value=SETASIDE
D 20:14:32.4742324 PowerTaskList.DebugPrintPower() -         tag=ENTITY_ID value=101
D 20:14:32.4742324 PowerTaskList.DebugPrintPower() -         tag=CLASS value=NEUTRAL
D 20:14:32.4742324 PowerTaskList.DebugPrintPower() -         tag=CREATOR value=35
D 20:14:32.4742324 PowerTaskList.DebugPrintPower() -         tag=1037 value=1
D 20:14:32.4742324 PowerTaskList.DebugPrintPower() -         tag=1068 value=0
D 20:14:32.4742324 PowerTaskList.DebugPrintPower() -         tag=CREATOR_DBID value=105893
D 20:14:32.4742324 PowerTaskList.DebugPrintPower() -         tag=SPAWN_TIME_COUNT value=1
D 20:14:32.4742324 PowerTaskList.DebugPrintPower() -         tag=4901 value=0
D 20:14:32.4742324 PowerTaskList.DebugPrintPower() -     TAG_CHANGE Entity=[entityName=UNKNOWN ENTITY [cardType=INVALID] id=101 zone=SETASIDE zonePos=0 cardId= player=1] tag=1068 value=1 
D 20:14:32.4742324 PowerTaskList.DebugPrintPower() -     TAG_CHANGE Entity=[entityName=UNKNOWN ENTITY [cardType=INVALID] id=101 zone=SETASIDE zonePos=0 cardId= player=1] tag=1068 value=0 
D 20:14:32.4742324 PowerTaskList.DebugPrintPower() -     TAG_CHANGE Entity=[entityName=UNKNOWN ENTITY [cardType=INVALID] id=101 zone=SETASIDE zonePos=0 cardId= player=1] tag=ZONE value=PLAY 
D 20:14:32.4742324 PowerTaskList.DebugPrintPower() -     TAG_CHANGE Entity=湫然#51704 tag=4741 value=1 
D 20:14:32.4742324 PowerTaskList.DebugPrintPower() -     TAG_CHANGE Entity=湫然#51704 tag=LAST_AFFECTED_BY value=35 
D 20:14:32.4742324 PowerTaskList.DebugPrintPower() -     TAG_CHANGE Entity=[entityName=UNKNOWN ENTITY [cardType=INVALID] id=101 zone=SETASIDE zonePos=0 cardId= player=1] tag=TAG_SCRIPT_DATA_NUM_1 value=105893 
D 20:14:32.4742324 PowerTaskList.DebugPrintPower() -     TAG_CHANGE Entity=[entityName=UNKNOWN ENTITY [cardType=INVALID] id=101 zone=SETASIDE zonePos=0 cardId= player=1] tag=TAG_SCRIPT_DATA_NUM_2 value=4 
D 20:14:32.4742324 PowerTaskList.DebugPrintPower() - BLOCK_END
D 20:14:32.4742324 PowerProcessor.PrepareHistoryForCurrentTaskList() - m_currentTaskList=21
D 20:14:32.5070563 PowerProcessor.EndCurrentTaskList() - m_currentTaskList=21
D 20:14:32.5171212 PowerTaskList.DebugDump() - ID=22 ParentID=0 PreviousID=0 TaskCount=10
D 20:14:32.5171212 PowerTaskList.DebugPrintPower() - BLOCK_START BlockType=TRIGGER Entity=[entityName=UNKNOWN ENTITY [cardType=INVALID] id=57 zone=DECK zonePos=0 cardId= player=2] EffectCardId=System.Collections.Generic.List`1[System.String] EffectIndex=1 Target=0 SubOption=-1 TriggerKeyword=1724
D 20:14:32.5171212 PowerTaskList.DebugPrintPower() -     FULL_ENTITY - Updating [entityName=UNKNOWN ENTITY [cardType=INVALID] id=102 zone=SETASIDE zonePos=0 cardId= player=2] CardID=
D 20:14:32.5171212 PowerTaskList.DebugPrintPower() -         tag=ZONE value=SETASIDE
D 20:14:32.5171212 PowerTaskList.DebugPrintPower() -         tag=CONTROLLER value=2
D 20:14:32.5171212 PowerTaskList.DebugPrintPower() -         tag=ENTITY_ID value=102
D 20:14:32.5171212 PowerTaskList.DebugPrintPower() -     SHOW_ENTITY - Updating Entity=[entityName=UNKNOWN ENTITY [cardType=INVALID] id=102 zone=SETASIDE zonePos=0 cardId= player=2] CardID=VAC_422e
D 20:14:32.5171212 PowerTaskList.DebugPrintPower() -         tag=CONTROLLER value=2
D 20:14:32.5171212 PowerTaskList.DebugPrintPower() -         tag=CARDTYPE value=ENCHANTMENT
D 20:14:32.5171212 PowerTaskList.DebugPrintPower() -         tag=PREMIUM value=1
D 20:14:32.5171212 PowerTaskList.DebugPrintPower() -         tag=ATTACHED value=3
D 20:14:32.5171212 PowerTaskList.DebugPrintPower() -         tag=ZONE value=SETASIDE
D 20:14:32.5171212 PowerTaskList.DebugPrintPower() -         tag=ENTITY_ID value=102
D 20:14:32.5171212 PowerTaskList.DebugPrintPower() -         tag=CLASS value=NEUTRAL
D 20:14:32.5171212 PowerTaskList.DebugPrintPower() -         tag=CREATOR value=57
D 20:14:32.5171212 PowerTaskList.DebugPrintPower() -         tag=1037 value=2
D 20:14:32.5171212 PowerTaskList.DebugPrintPower() -         tag=1068 value=0
D 20:14:32.5171212 PowerTaskList.DebugPrintPower() -         tag=CREATOR_DBID value=108887
D 20:14:32.5171212 PowerTaskList.DebugPrintPower() -         tag=SPAWN_TIME_COUNT value=1
D 20:14:32.5171212 PowerTaskList.DebugPrintPower() -         tag=4901 value=0
D 20:14:32.5171212 PowerTaskList.DebugPrintPower() -     TAG_CHANGE Entity=[entityName=UNKNOWN ENTITY [cardType=INVALID] id=102 zone=SETASIDE zonePos=0 cardId= player=2] tag=1068 value=1 
D 20:14:32.5171212 PowerTaskList.DebugPrintPower() -     TAG_CHANGE Entity=[entityName=UNKNOWN ENTITY [cardType=INVALID] id=102 zone=SETASIDE zonePos=0 cardId= player=2] tag=1068 value=0 
D 20:14:32.5171212 PowerTaskList.DebugPrintPower() -     TAG_CHANGE Entity=[entityName=UNKNOWN ENTITY [cardType=INVALID] id=102 zone=SETASIDE zonePos=0 cardId= player=2] tag=ZONE value=PLAY 
D 20:14:32.5171212 PowerTaskList.DebugPrintPower() -     TAG_CHANGE Entity=两仪丨九月#5670 tag=4741 value=2 
D 20:14:32.5171212 PowerTaskList.DebugPrintPower() -     TAG_CHANGE Entity=两仪丨九月#5670 tag=LAST_AFFECTED_BY value=57 
D 20:14:32.5171212 PowerTaskList.DebugPrintPower() -     TAG_CHANGE Entity=[entityName=UNKNOWN ENTITY [cardType=INVALID] id=102 zone=SETASIDE zonePos=0 cardId= player=2] tag=TAG_SCRIPT_DATA_NUM_1 value=108887 
D 20:14:32.5171212 PowerTaskList.DebugPrintPower() -     TAG_CHANGE Entity=[entityName=UNKNOWN ENTITY [cardType=INVALID] id=102 zone=SETASIDE zonePos=0 cardId= player=2] tag=TAG_SCRIPT_DATA_NUM_2 value=3 
D 20:14:32.5171212 PowerTaskList.DebugPrintPower() -     TAG_CHANGE Entity=[entityName=UNKNOWN ENTITY [cardType=INVALID] id=102 zone=SETASIDE zonePos=0 cardId= player=2] tag=TAG_SCRIPT_DATA_NUM_3 value=3 
D 20:14:32.5171212 PowerTaskList.DebugPrintPower() - BLOCK_END
D 20:14:32.5171212 PowerProcessor.PrepareHistoryForCurrentTaskList() - m_currentTaskList=22
D 20:14:32.5430268 PowerProcessor.EndCurrentTaskList() - m_currentTaskList=22
D 20:14:32.5497915 PowerTaskList.DebugDump() - ID=23 ParentID=0 PreviousID=0 TaskCount=3
D 20:14:32.5497915 PowerTaskList.DebugPrintPower() - BLOCK_START BlockType=TRIGGER Entity=[entityName=UNKNOWN ENTITY [cardType=INVALID] id=86 zone=DECK zonePos=0 cardId= player=2] EffectCardId=System.Collections.Generic.List`1[System.String] EffectIndex=1 Target=0 SubOption=-1 TriggerKeyword=1724
D 20:14:32.5497915 PowerTaskList.DebugPrintPower() -     TAG_CHANGE Entity=[entityName=游客额外效果 id=102 zone=PLAY zonePos=0 cardId=VAC_422e player=2] tag=TAG_SCRIPT_DATA_NUM_1 value=105893 
D 20:14:32.5497915 PowerTaskList.DebugPrintPower() -     TAG_CHANGE Entity=[entityName=游客额外效果 id=102 zone=PLAY zonePos=0 cardId=VAC_422e player=2] tag=TAG_SCRIPT_DATA_NUM_2 value=4 
D 20:14:32.5497915 PowerTaskList.DebugPrintPower() -     TAG_CHANGE Entity=[entityName=游客额外效果 id=102 zone=PLAY zonePos=0 cardId=VAC_422e player=2] tag=TAG_SCRIPT_DATA_NUM_3 value=1 
D 20:14:32.5497915 PowerTaskList.DebugPrintPower() - BLOCK_END
D 20:14:32.5497915 PowerProcessor.PrepareHistoryForCurrentTaskList() - m_currentTaskList=23
D 20:14:32.5497915 PowerProcessor.EndCurrentTaskList() - m_currentTaskList=23
D 20:14:32.5497915 PowerTaskList.DebugDump() - ID=24 ParentID=0 PreviousID=0 TaskCount=0
D 20:14:32.5497915 PowerTaskList.DebugPrintPower() - BLOCK_START BlockType=TRIGGER Entity=GameEntity EffectCardId=System.Collections.Generic.List`1[System.String] EffectIndex=4 Target=0 SubOption=-1 TriggerKeyword=TAG_NOT_SET
D 20:14:32.5497915 PowerTaskList.DebugPrintPower() - BLOCK_END
D 20:14:32.5497915 PowerProcessor.PrepareHistoryForCurrentTaskList() - m_currentTaskList=24
D 20:14:32.5497915 PowerProcessor.EndCurrentTaskList() - m_currentTaskList=24
D 20:14:32.5497915 PowerTaskList.DebugDump() - ID=25 ParentID=0 PreviousID=0 TaskCount=1
D 20:14:32.5497915 PowerTaskList.DebugDump() - Block Start=(null)
D 20:14:32.5497915 PowerTaskList.DebugPrintPower() -     TAG_CHANGE Entity=GameEntity tag=STEP value=MAIN_READY 
D 20:14:32.5497915 PowerTaskList.DebugDump() - Block End=(null)
D 20:14:32.5497915 PowerProcessor.PrepareHistoryForCurrentTaskList() - m_currentTaskList=25
D 20:14:32.5497915 PowerProcessor.EndCurrentTaskList() - m_currentTaskList=25
D 20:14:32.5497915 PowerTaskList.DebugDump() - ID=26 ParentID=25 PreviousID=0 TaskCount=10
D 20:14:32.5497915 PowerTaskList.DebugPrintPower() - BLOCK_START BlockType=TRIGGER Entity=两仪丨九月#5670 EffectCardId=System.Collections.Generic.List`1[System.String] EffectIndex=-1 Target=0 SubOption=-1 TriggerKeyword=TAG_NOT_SET
D 20:14:32.5497915 PowerTaskList.DebugPrintPower() -     TAG_CHANGE Entity=GameEntity tag=NUM_TURNS_IN_PLAY value=1 
D 20:14:32.5497915 PowerTaskList.DebugPrintPower() -     TAG_CHANGE Entity=湫然#51704 tag=NUM_TURNS_IN_PLAY value=1 
D 20:14:32.5497915 PowerTaskList.DebugPrintPower() -     TAG_CHANGE Entity=两仪丨九月#5670 tag=NUM_TURNS_IN_PLAY value=1 
D 20:14:32.5497915 PowerTaskList.DebugPrintPower() -     TAG_CHANGE Entity=[entityName=嘲风望月露娜拉 id=67 zone=PLAY zonePos=0 cardId=HERO_06bi player=1] tag=NUM_TURNS_IN_PLAY value=1 
D 20:14:32.5497915 PowerTaskList.DebugPrintPower() -     TAG_CHANGE Entity=[entityName=变形 id=68 zone=PLAY zonePos=0 cardId=HERO_06ebp player=1] tag=NUM_TURNS_IN_PLAY value=1 
D 20:14:32.5497915 PowerTaskList.DebugPrintPower() -     TAG_CHANGE Entity=[entityName=拉祖尔女士 id=69 zone=PLAY zonePos=0 cardId=HERO_09b player=2] tag=NUM_TURNS_IN_PLAY value=1 
D 20:14:32.5497915 PowerTaskList.DebugPrintPower() -     TAG_CHANGE Entity=[entityName=次级治疗术 id=70 zone=PLAY zonePos=0 cardId=CS1h_001_H2 player=2] tag=NUM_TURNS_IN_PLAY value=1 
D 20:14:32.5497915 PowerTaskList.DebugPrintPower() -     TAG_CHANGE Entity=两仪丨九月#5670 tag=RESOURCES value=1 
D 20:14:32.5497915 PowerTaskList.DebugPrintPower() -     TAG_CHANGE Entity=GameEntity tag=NEXT_STEP value=MAIN_START_TRIGGERS 
D 20:14:32.5497915 PowerTaskList.DebugPrintPower() -     TAG_CHANGE Entity=两仪丨九月#5670 tag=1575 value=0 
D 20:14:32.5497915 PowerTaskList.DebugPrintPower() - BLOCK_END
D 20:14:32.5497915 PowerProcessor.PrepareHistoryForCurrentTaskList() - m_currentTaskList=26
D 20:14:32.5497915 PowerProcessor.EndCurrentTaskList() - m_currentTaskList=26
D 20:14:32.5497915 PowerTaskList.DebugDump() - ID=27 ParentID=0 PreviousID=0 TaskCount=1
D 20:14:32.5497915 PowerTaskList.DebugDump() - Block Start=(null)
D 20:14:32.5497915 PowerTaskList.DebugPrintPower() -     TAG_CHANGE Entity=GameEntity tag=STEP value=MAIN_START_TRIGGERS 
D 20:14:32.5497915 PowerTaskList.DebugDump() - Block End=(null)
D 20:14:32.5497915 PowerProcessor.PrepareHistoryForCurrentTaskList() - m_currentTaskList=27
D 20:14:32.5497915 PowerProcessor.EndCurrentTaskList() - m_currentTaskList=27
D 20:14:32.5497915 PowerTaskList.DebugDump() - ID=28 ParentID=0 PreviousID=0 TaskCount=0
D 20:14:32.5497915 PowerTaskList.DebugPrintPower() - BLOCK_START BlockType=TRIGGER Entity=[entityName=抱龙王噗鲁什 id=71 zone=COSMETIC zonePos=0 cardId=PET_3_3 player=2] EffectCardId=System.Collections.Generic.List`1[System.String] EffectIndex=35 Target=0 SubOption=-1 TriggerKeyword=TAG_NOT_SET
D 20:14:32.5497915 PowerTaskList.DebugPrintPower() - BLOCK_END
D 20:14:32.5497915 PowerProcessor.PrepareHistoryForCurrentTaskList() - m_currentTaskList=28
D 20:14:32.5497915 PowerProcessor.EndCurrentTaskList() - m_currentTaskList=28
D 20:14:32.5497915 PowerTaskList.DebugDump() - ID=29 ParentID=0 PreviousID=0 TaskCount=1
D 20:14:32.5497915 PowerTaskList.DebugPrintPower() - BLOCK_START BlockType=TRIGGER Entity=[entityName=抱龙王噗鲁什 id=71 zone=COSMETIC zonePos=0 cardId=PET_3_3 player=2] EffectCardId=System.Collections.Generic.List`1[System.String] EffectIndex=5 Target=0 SubOption=-1 TriggerKeyword=TAG_NOT_SET
D 20:14:32.5497915 PowerTaskList.DebugPrintPower() -     TAG_CHANGE Entity=[entityName=抱龙王噗鲁什 id=71 zone=COSMETIC zonePos=0 cardId=PET_3_3 player=2] tag=PET_EVENT_ID value=12 
D 20:14:32.5497915 PowerTaskList.DebugPrintPower() - BLOCK_END
D 20:14:32.5497915 PowerProcessor.PrepareHistoryForCurrentTaskList() - m_currentTaskList=29
D 20:14:32.5497915 PowerProcessor.EndCurrentTaskList() - m_currentTaskList=29
D 20:14:32.5497915 PowerTaskList.DebugDump() - ID=30 ParentID=0 PreviousID=0 TaskCount=1
D 20:14:32.5497915 PowerTaskList.DebugPrintPower() - BLOCK_START BlockType=TRIGGER Entity=两仪丨九月#5670 EffectCardId=System.Collections.Generic.List`1[System.String] EffectIndex=-1 Target=0 SubOption=-1 TriggerKeyword=TAG_NOT_SET
D 20:14:32.5497915 PowerTaskList.DebugPrintPower() -     TAG_CHANGE Entity=GameEntity tag=NEXT_STEP value=MAIN_START 
D 20:14:32.5497915 PowerTaskList.DebugPrintPower() - BLOCK_END
D 20:14:32.5497915 PowerProcessor.PrepareHistoryForCurrentTaskList() - m_currentTaskList=30
D 20:14:32.5497915 PowerProcessor.EndCurrentTaskList() - m_currentTaskList=30
D 20:14:32.5497915 PowerTaskList.DebugDump() - ID=31 ParentID=0 PreviousID=0 TaskCount=1
D 20:14:32.5497915 PowerTaskList.DebugDump() - Block Start=(null)
D 20:14:32.5497915 PowerTaskList.DebugPrintPower() -     TAG_CHANGE Entity=GameEntity tag=STEP value=MAIN_START 
D 20:14:32.5497915 PowerTaskList.DebugDump() - Block End=(null)
D 20:14:32.5497915 PowerProcessor.PrepareHistoryForCurrentTaskList() - m_currentTaskList=31
D 20:14:32.5497915 PowerProcessor.EndCurrentTaskList() - m_currentTaskList=31
D 20:14:32.5497915 PowerTaskList.DebugDump() - ID=32 ParentID=0 PreviousID=0 TaskCount=11
D 20:14:32.5497915 PowerTaskList.DebugPrintPower() - BLOCK_START BlockType=TRIGGER Entity=两仪丨九月#5670 EffectCardId=System.Collections.Generic.List`1[System.String] EffectIndex=-1 Target=0 SubOption=-1 TriggerKeyword=TAG_NOT_SET
D 20:14:32.5497915 PowerTaskList.DebugPrintPower() -     TAG_CHANGE Entity=两仪丨九月#5670 tag=2166 value=77 
D 20:14:32.5497915 PowerTaskList.DebugPrintPower() -     TAG_CHANGE Entity=两仪丨九月#5670 tag=467 value=1 
D 20:14:32.5497915 PowerTaskList.DebugPrintPower() -     TAG_CHANGE Entity=[entityName=UNKNOWN ENTITY [cardType=INVALID] id=77 zone=DECK zonePos=0 cardId= player=2] tag=ZONE value=HAND 
D 20:14:32.5497915 PowerTaskList.DebugPrintPower() -     TAG_CHANGE Entity=[entityName=UNKNOWN ENTITY [cardType=INVALID] id=77 zone=DECK zonePos=0 cardId= player=2] tag=ZONE_POSITION value=4 
D 20:14:32.5497915 PowerTaskList.DebugPrintPower() -     TAG_CHANGE Entity=[entityName=UNKNOWN ENTITY [cardType=INVALID] id=77 zone=DECK zonePos=0 cardId= player=2] tag=ZONE_POSITION value=0 
D 20:14:32.5497915 PowerTaskList.DebugPrintPower() -     TAG_CHANGE Entity=[entityName=UNKNOWN ENTITY [cardType=INVALID] id=77 zone=DECK zonePos=0 cardId= player=2] tag=ZONE_POSITION value=4 
D 20:14:32.5497915 PowerTaskList.DebugPrintPower() -     TAG_CHANGE Entity=两仪丨九月#5670 tag=3242 value=1 
D 20:14:32.5497915 PowerTaskList.DebugPrintPower() -     TAG_CHANGE Entity=两仪丨九月#5670 tag=NUM_CARDS_DRAWN_THIS_TURN value=1 
D 20:14:32.5497915 PowerTaskList.DebugPrintPower() -     TAG_CHANGE Entity=两仪丨九月#5670 tag=995 value=1 
D 20:14:32.5497915 PowerTaskList.DebugPrintPower() -     TAG_CHANGE Entity=两仪丨九月#5670 tag=467 value=0 
D 20:14:32.5497915 PowerTaskList.DebugPrintPower() -     TAG_CHANGE Entity=GameEntity tag=NEXT_STEP value=MAIN_ACTION 
D 20:14:32.5497915 PowerTaskList.DebugPrintPower() - BLOCK_END
D 20:14:32.5497915 PowerProcessor.PrepareHistoryForCurrentTaskList() - m_currentTaskList=32
D 20:14:34.1366089 PowerProcessor.EndCurrentTaskList() - m_currentTaskList=32
D 20:14:34.1436214 PowerTaskList.DebugDump() - ID=34 ParentID=32 PreviousID=0 TaskCount=1
D 20:14:34.1436214 PowerTaskList.DebugPrintPower() - BLOCK_START BlockType=TRIGGER Entity=[entityName=抱龙王噗鲁什 id=71 zone=COSMETIC zonePos=0 cardId=PET_3_3 player=2] EffectCardId=System.Collections.Generic.List`1[System.String] EffectIndex=28 Target=0 SubOption=-1 TriggerKeyword=TAG_NOT_SET
D 20:14:34.1436214 PowerTaskList.DebugPrintPower() -     TAG_CHANGE Entity=[entityName=抱龙王噗鲁什 id=71 zone=COSMETIC zonePos=0 cardId=PET_3_3 player=2] tag=PET_EVENT_ID value=0 
D 20:14:34.1436214 PowerTaskList.DebugPrintPower() - BLOCK_END
D 20:14:34.1436214 PowerProcessor.PrepareHistoryForCurrentTaskList() - m_currentTaskList=34
D 20:14:34.1436214 PowerProcessor.EndCurrentTaskList() - m_currentTaskList=34
D 20:14:34.1436214 PowerTaskList.DebugDump() - ID=35 ParentID=0 PreviousID=0 TaskCount=1
D 20:14:34.1436214 PowerTaskList.DebugDump() - Block Start=(null)
D 20:14:34.1436214 PowerTaskList.DebugPrintPower() -     TAG_CHANGE Entity=GameEntity tag=STEP value=MAIN_ACTION 
D 20:14:34.1436214 PowerTaskList.DebugDump() - Block End=(null)
D 20:14:34.1436214 PowerProcessor.PrepareHistoryForCurrentTaskList() - m_currentTaskList=35
D 20:14:34.1436214 PowerProcessor.EndCurrentTaskList() - m_currentTaskList=35
D 20:14:34.1436214 PowerTaskList.DebugDump() - ID=36 ParentID=0 PreviousID=0 TaskCount=1
D 20:14:34.1436214 PowerTaskList.DebugPrintPower() - BLOCK_START BlockType=TRIGGER Entity=两仪丨九月#5670 EffectCardId=System.Collections.Generic.List`1[System.String] EffectIndex=-1 Target=0 SubOption=-1 TriggerKeyword=TAG_NOT_SET
D 20:14:34.1436214 PowerTaskList.DebugPrintPower() -     TAG_CHANGE Entity=GameEntity tag=NEXT_STEP value=MAIN_END 
D 20:14:34.1436214 PowerTaskList.DebugPrintPower() - BLOCK_END
D 20:14:34.1436214 PowerProcessor.PrepareHistoryForCurrentTaskList() - m_currentTaskList=36
D 20:14:34.1436214 PowerProcessor.EndCurrentTaskList() - m_currentTaskList=36
D 20:14:55.9664169 GameState.DebugPrintPowerList() - Count=23
D 20:14:55.9664169 GameState.DebugPrintPower() - BLOCK_START BlockType=PLAY Entity=[entityName=UNKNOWN ENTITY [cardType=INVALID] id=78 zone=HAND zonePos=1 cardId= player=2] EffectCardId=System.Collections.Generic.List`1[System.String] EffectIndex=0 Target=0 SubOption=-1 
D 20:14:55.9664169 GameState.DebugPrintPower() -     TAG_CHANGE Entity=两仪丨九月#5670 tag=2245 value=1 
D 20:14:55.9664169 GameState.DebugPrintPower() -     TAG_CHANGE Entity=两仪丨九月#5670 tag=RESOURCES_USED value=1 
D 20:14:55.9664169 GameState.DebugPrintPower() -     TAG_CHANGE Entity=两仪丨九月#5670 tag=NUM_RESOURCES_SPENT_THIS_GAME value=1 
D 20:14:55.9664169 GameState.DebugPrintPower() -     TAG_CHANGE Entity=两仪丨九月#5670 tag=NUM_CARDS_PLAYED_THIS_TURN value=1 
D 20:14:55.9664169 GameState.DebugPrintPower() -     TAG_CHANGE Entity=两仪丨九月#5670 tag=430 value=1 
D 20:14:55.9664169 GameState.DebugPrintPower() -     TAG_CHANGE Entity=[entityName=UNKNOWN ENTITY [cardType=INVALID] id=77 zone=HAND zonePos=4 cardId= player=2] tag=ZONE_POSITION value=3 
D 20:14:55.9664169 GameState.DebugPrintPower() -     TAG_CHANGE Entity=[entityName=UNKNOWN ENTITY [cardType=INVALID] id=76 zone=HAND zonePos=2 cardId= player=2] tag=ZONE_POSITION value=1 
D 20:14:55.9664169 GameState.DebugPrintPower() -     TAG_CHANGE Entity=[entityName=UNKNOWN ENTITY [cardType=INVALID] id=51 zone=HAND zonePos=3 cardId= player=2] tag=ZONE_POSITION value=2 
D 20:14:55.9664169 GameState.DebugPrintPower() -     TAG_CHANGE Entity=[entityName=UNKNOWN ENTITY [cardType=INVALID] id=78 zone=HAND zonePos=1 cardId= player=2] tag=ZONE_POSITION value=0 
D 20:14:55.9664169 GameState.DebugPrintPower() -     SHOW_ENTITY - Updating Entity=[entityName=UNKNOWN ENTITY [cardType=INVALID] id=78 zone=HAND zonePos=1 cardId= player=2] CardID=TIME_701
D 20:14:55.9664169 GameState.DebugPrintPower() -         tag=CONTROLLER value=2
D 20:14:55.9664169 GameState.DebugPrintPower() -         tag=CARDTYPE value=SPELL
D 20:14:55.9664169 GameState.DebugPrintPower() -         tag=TAG_LAST_KNOWN_COST_IN_HAND value=1
D 20:14:55.9664169 GameState.DebugPrintPower() -         tag=COST value=1
D 20:14:55.9664169 GameState.DebugPrintPower() -         tag=TAG_SCRIPT_DATA_NUM_1 value=0
D 20:14:55.9664169 GameState.DebugPrintPower() -         tag=TAG_SCRIPT_DATA_NUM_2 value=0
D 20:14:55.9664169 GameState.DebugPrintPower() -         tag=TAG_SCRIPT_DATA_ENT_1 value=0
D 20:14:55.9664169 GameState.DebugPrintPower() -         tag=TAG_SCRIPT_DATA_ENT_2 value=0
D 20:14:55.9664169 GameState.DebugPrintPower() -         tag=PREMIUM value=1
D 20:14:55.9664169 GameState.DebugPrintPower() -         tag=LAST_AFFECTED_BY value=0
D 20:14:55.9664169 GameState.DebugPrintPower() -         tag=EXHAUSTED value=0
D 20:14:55.9664169 GameState.DebugPrintPower() -         tag=ZONE value=PLAY
D 20:14:55.9664169 GameState.DebugPrintPower() -         tag=ENTITY_ID value=78
D 20:14:55.9664169 GameState.DebugPrintPower() -         tag=STEALTH value=0
D 20:14:55.9664169 GameState.DebugPrintPower() -         tag=DIVINE_SHIELD value=0
D 20:14:55.9664169 GameState.DebugPrintPower() -         tag=CLASS value=DRUID
D 20:14:55.9664169 GameState.DebugPrintPower() -         tag=RARITY value=RARE
D 20:14:55.9664169 GameState.DebugPrintPower() -         tag=FROZEN value=0
D 20:14:55.9664169 GameState.DebugPrintPower() -         tag=JUST_PLAYED value=1
D 20:14:55.9664169 GameState.DebugPrintPower() -         tag=LINKED_ENTITY value=0
D 20:14:55.9664169 GameState.DebugPrintPower() -         tag=ZONE_POSITION value=0
D 20:14:55.9664169 GameState.DebugPrintPower() -         tag=NUM_TURNS_IN_HAND value=1
D 20:14:55.9664169 GameState.DebugPrintPower() -         tag=CREATOR value=48
D 20:14:55.9664169 GameState.DebugPrintPower() -         tag=CUSTOM_KEYWORD_EFFECT value=0
D 20:14:55.9664169 GameState.DebugPrintPower() -         tag=DEATHRATTLE_RETURN_ZONE value=0
D 20:14:55.9664169 GameState.DebugPrintPower() -         tag=DISPLAYED_CREATOR value=48
D 20:14:55.9664169 GameState.DebugPrintPower() -         tag=DISCOVER value=1
D 20:14:55.9664169 GameState.DebugPrintPower() -         tag=ONE_SIDED_GHOSTLY value=0
D 20:14:55.9664169 GameState.DebugPrintPower() -         tag=1037 value=0
D 20:14:55.9664169 GameState.DebugPrintPower() -         tag=1043 value=0
D 20:14:55.9664169 GameState.DebugPrintPower() -         tag=1068 value=0
D 20:14:55.9664169 GameState.DebugPrintPower() -         tag=REBORN value=0
D 20:14:55.9664169 GameState.DebugPrintPower() -         tag=CUSTOMTEXT1 value=0
D 20:14:55.9664169 GameState.DebugPrintPower() -         tag=CUSTOMTEXT2 value=0
D 20:14:55.9664169 GameState.DebugPrintPower() -         tag=CUSTOMTEXT3 value=0
D 20:14:55.9664169 GameState.DebugPrintPower() -         tag=1271 value=0
D 20:14:55.9664169 GameState.DebugPrintPower() -         tag=CREATOR_DBID value=126055
D 20:14:55.9664169 GameState.DebugPrintPower() -         tag=USE_DISCOVER_VISUALS value=1
D 20:14:55.9664169 GameState.DebugPrintPower() -         tag=1380 value=0
D 20:14:55.9664169 GameState.DebugPrintPower() -         tag=1449 value=0
D 20:14:55.9664169 GameState.DebugPrintPower() -         tag=SPAWN_TIME_COUNT value=1
D 20:14:55.9664169 GameState.DebugPrintPower() -         tag=COPIED_FROM_ENTITY_ID value=20
D 20:14:55.9664169 GameState.DebugPrintPower() -         tag=1570 value=0
D 20:14:55.9664169 GameState.DebugPrintPower() -         tag=OPPONENT_SIDE_GHOSTLY value=0
D 20:14:55.9664169 GameState.DebugPrintPower() -         tag=1627 value=0
D 20:14:55.9664169 GameState.DebugPrintPower() -         tag=SPELL_SCHOOL value=4
D 20:14:55.9664169 GameState.DebugPrintPower() -         tag=FRENZY value=0
D 20:14:55.9664169 GameState.DebugPrintPower() -         tag=2485 value=0
D 20:14:55.9664169 GameState.DebugPrintPower() -         tag=COPIED_HINT value=1
D 20:14:55.9664169 GameState.DebugPrintPower() -         tag=TAG_SCRIPT_DATA_NUM_3 value=0
D 20:14:55.9664169 GameState.DebugPrintPower() -         tag=TAG_SCRIPT_DATA_NUM_4 value=0
D 20:14:55.9664169 GameState.DebugPrintPower() -         tag=TAG_SCRIPT_DATA_NUM_5 value=0
D 20:14:55.9664169 GameState.DebugPrintPower() -         tag=TAG_SCRIPT_DATA_NUM_6 value=0
D 20:14:55.9664169 GameState.DebugPrintPower() -         tag=3085 value=0
D 20:14:55.9664169 GameState.DebugPrintPower() -         tag=TITAN_ABILITY_USED_1 value=0
D 20:14:55.9664169 GameState.DebugPrintPower() -         tag=TITAN_ABILITY_USED_2 value=0
D 20:14:55.9664169 GameState.DebugPrintPower() -         tag=TITAN_ABILITY_USED_3 value=0
D 20:14:55.9664169 GameState.DebugPrintPower() -         tag=3557 value=1
D 20:14:55.9664169 GameState.DebugPrintPower() -         tag=3669 value=0
D 20:14:55.9664169 GameState.DebugPrintPower() -         tag=DIVINE_SHIELD_DAMAGE value=0
D 20:14:55.9664169 GameState.DebugPrintPower() -         tag=3908 value=0
D 20:14:55.9664169 GameState.DebugPrintPower() -         tag=4163 value=0
D 20:14:55.9664169 GameState.DebugPrintPower() -         tag=PREPARE value=0
D 20:14:55.9664169 GameState.DebugPrintPower() -         tag=4472 value=0
D 20:14:55.9664169 GameState.DebugPrintPower() -         tag=4741 value=1
D 20:14:55.9664169 GameState.DebugPrintPower() -         tag=4901 value=0
D 20:14:55.9664169 GameState.DebugPrintPower() -         tag=4904 value=0
D 20:14:55.9664169 GameState.DebugPrintPower() -     META_DATA - Meta=SLUSH_TIME Data=3000 InfoCount=1
D 20:14:55.9664169 GameState.DebugPrintPower() -                 Info[0] = [entityName=UNKNOWN ENTITY [cardType=INVALID] id=78 zone=HAND zonePos=1 cardId= player=2]
D 20:14:55.9664169 GameState.DebugPrintPower() -     TAG_CHANGE Entity=两仪丨九月#5670 tag=NUM_SPELLS_PLAYED_THIS_GAME value=1 
D 20:14:55.9664169 GameState.DebugPrintPower() -     TAG_CHANGE Entity=[entityName=UNKNOWN ENTITY [cardType=INVALID] id=78 zone=HAND zonePos=1 cardId= player=2] tag=COPIED_HINT value=0 
D 20:14:55.9664169 GameState.DebugPrintPower() -     BLOCK_START BlockType=POWER Entity=[entityName=UNKNOWN ENTITY [cardType=INVALID] id=78 zone=HAND zonePos=1 cardId= player=2] EffectCardId=System.Collections.Generic.List`1[System.String] EffectIndex=0 Target=0 SubOption=-1 
D 20:14:55.9664169 GameState.DebugPrintPower() -         META_DATA - Meta=EFFECT_TIMING Data=0 InfoCount=1
D 20:14:55.9664169 GameState.DebugPrintPower() -                     Info[0] = [entityName=UNKNOWN ENTITY [cardType=INVALID] id=78 zone=HAND zonePos=1 cardId= player=2]
D 20:14:55.9664169 GameState.DebugPrintPower() -         META_DATA - Meta=SLUSH_TIME Data=7000 InfoCount=1
D 20:14:55.9664169 GameState.DebugPrintPower() -                     Info[0] = [entityName=UNKNOWN ENTITY [cardType=INVALID] id=78 zone=HAND zonePos=1 cardId= player=2]
D 20:14:55.9664169 GameState.DebugPrintPower() -         META_DATA - Meta=OVERRIDE_HISTORY Data=0 InfoCount=1
D 20:14:55.9664169 GameState.DebugPrintPower() -                     Info[0] = [entityName=UNKNOWN ENTITY [cardType=INVALID] id=78 zone=HAND zonePos=1 cardId= player=2]
D 20:14:55.9664169 GameState.DebugPrintPower() -         FULL_ENTITY - Creating ID=114 CardID=
D 20:14:55.9664169 GameState.DebugPrintPower() -             tag=ZONE value=SETASIDE
D 20:14:55.9664169 GameState.DebugPrintPower() -             tag=CONTROLLER value=2
D 20:14:55.9664169 GameState.DebugPrintPower() -             tag=ENTITY_ID value=114
D 20:14:55.9664169 GameState.DebugPrintPower() -         FULL_ENTITY - Creating ID=115 CardID=
D 20:14:55.9664169 GameState.DebugPrintPower() -             tag=ZONE value=SETASIDE
D 20:14:55.9664169 GameState.DebugPrintPower() -             tag=CONTROLLER value=2
D 20:14:55.9664169 GameState.DebugPrintPower() -             tag=ENTITY_ID value=115
D 20:14:55.9664169 GameState.DebugPrintPower() -         FULL_ENTITY - Creating ID=116 CardID=
D 20:14:55.9664169 GameState.DebugPrintPower() -             tag=ZONE value=SETASIDE
D 20:14:55.9664169 GameState.DebugPrintPower() -             tag=CONTROLLER value=2
D 20:14:55.9664169 GameState.DebugPrintPower() -             tag=ENTITY_ID value=116
D 20:14:55.9664169 GameState.DebugPrintPower() -         SUB_SPELL_START - SpellPrefabGUID=ReuseFX_Water_BuffImpact_Heal_Super:80e4fa2f87fa73a4c9702a5f6a666f59 Source=69 TargetCount=1
D 20:14:55.9664169 GameState.DebugPrintPower() -                           Source = [entityName=拉祖尔女士 id=69 zone=PLAY zonePos=0 cardId=HERO_09b player=2]
D 20:14:55.9664169 GameState.DebugPrintPower() -                           Targets[0] = [entityName=拉祖尔女士 id=69 zone=PLAY zonePos=0 cardId=HERO_09b player=2]
D 20:14:55.9664169 GameState.DebugPrintPower() -         SUB_SPELL_END
D 20:14:55.9664169 PowerTaskList.DebugDump() - ID=37 ParentID=0 PreviousID=0 TaskCount=13
D 20:14:55.9664169 PowerTaskList.DebugPrintPower() - BLOCK_START BlockType=PLAY Entity=[entityName=UNKNOWN ENTITY [cardType=INVALID] id=78 zone=HAND zonePos=1 cardId= player=2] EffectCardId=System.Collections.Generic.List`1[System.String] EffectIndex=0 Target=0 SubOption=-1 
D 20:14:55.9664169 PowerTaskList.DebugPrintPower() -     TAG_CHANGE Entity=两仪丨九月#5670 tag=2245 value=1 
D 20:14:55.9664169 PowerTaskList.DebugPrintPower() -     TAG_CHANGE Entity=两仪丨九月#5670 tag=RESOURCES_USED value=1 
D 20:14:55.9664169 PowerTaskList.DebugPrintPower() -     TAG_CHANGE Entity=两仪丨九月#5670 tag=NUM_RESOURCES_SPENT_THIS_GAME value=1 
D 20:14:55.9664169 PowerTaskList.DebugPrintPower() -     TAG_CHANGE Entity=两仪丨九月#5670 tag=NUM_CARDS_PLAYED_THIS_TURN value=1 
D 20:14:55.9664169 PowerTaskList.DebugPrintPower() -     TAG_CHANGE Entity=两仪丨九月#5670 tag=430 value=1 
D 20:14:55.9664169 PowerTaskList.DebugPrintPower() -     TAG_CHANGE Entity=[entityName=UNKNOWN ENTITY [cardType=INVALID] id=77 zone=HAND zonePos=4 cardId= player=2] tag=ZONE_POSITION value=3 
D 20:14:55.9664169 PowerTaskList.DebugPrintPower() -     TAG_CHANGE Entity=[entityName=UNKNOWN ENTITY [cardType=INVALID] id=76 zone=HAND zonePos=2 cardId= player=2] tag=ZONE_POSITION value=1 
D 20:14:55.9664169 PowerTaskList.DebugPrintPower() -     TAG_CHANGE Entity=[entityName=UNKNOWN ENTITY [cardType=INVALID] id=51 zone=HAND zonePos=3 cardId= player=2] tag=ZONE_POSITION value=2 
D 20:14:55.9664169 PowerTaskList.DebugPrintPower() -     TAG_CHANGE Entity=[entityName=UNKNOWN ENTITY [cardType=INVALID] id=78 zone=HAND zonePos=1 cardId= player=2] tag=ZONE_POSITION value=0 
D 20:14:55.9664169 PowerTaskList.DebugPrintPower() -     SHOW_ENTITY - Updating Entity=[entityName=UNKNOWN ENTITY [cardType=INVALID] id=78 zone=HAND zonePos=1 cardId= player=2] CardID=TIME_701
D 20:14:55.9664169 PowerTaskList.DebugPrintPower() -         tag=CONTROLLER value=2
D 20:14:55.9664169 PowerTaskList.DebugPrintPower() -         tag=CARDTYPE value=SPELL
D 20:14:55.9664169 PowerTaskList.DebugPrintPower() -         tag=TAG_LAST_KNOWN_COST_IN_HAND value=1
D 20:14:55.9664169 PowerTaskList.DebugPrintPower() -         tag=COST value=1
D 20:14:55.9664169 PowerTaskList.DebugPrintPower() -         tag=TAG_SCRIPT_DATA_NUM_1 value=0
D 20:14:55.9664169 PowerTaskList.DebugPrintPower() -         tag=TAG_SCRIPT_DATA_NUM_2 value=0
D 20:14:55.9664169 PowerTaskList.DebugPrintPower() -         tag=TAG_SCRIPT_DATA_ENT_1 value=0
D 20:14:55.9664169 PowerTaskList.DebugPrintPower() -         tag=TAG_SCRIPT_DATA_ENT_2 value=0
D 20:14:55.9664169 PowerTaskList.DebugPrintPower() -         tag=PREMIUM value=1
D 20:14:55.9664169 PowerTaskList.DebugPrintPower() -         tag=LAST_AFFECTED_BY value=0
D 20:14:55.9664169 PowerTaskList.DebugPrintPower() -         tag=EXHAUSTED value=0
D 20:14:55.9664169 PowerTaskList.DebugPrintPower() -         tag=ZONE value=PLAY
D 20:14:55.9664169 PowerTaskList.DebugPrintPower() -         tag=ENTITY_ID value=78
D 20:14:55.9664169 PowerTaskList.DebugPrintPower() -         tag=STEALTH value=0
D 20:14:55.9664169 PowerTaskList.DebugPrintPower() -         tag=DIVINE_SHIELD value=0
D 20:14:55.9664169 PowerTaskList.DebugPrintPower() -         tag=CLASS value=DRUID
D 20:14:55.9664169 PowerTaskList.DebugPrintPower() -         tag=RARITY value=RARE
D 20:14:55.9664169 PowerTaskList.DebugPrintPower() -         tag=FROZEN value=0
D 20:14:55.9664169 PowerTaskList.DebugPrintPower() -         tag=JUST_PLAYED value=1
D 20:14:55.9664169 PowerTaskList.DebugPrintPower() -         tag=LINKED_ENTITY value=0
D 20:14:55.9664169 PowerTaskList.DebugPrintPower() -         tag=ZONE_POSITION value=0
D 20:14:55.9664169 PowerTaskList.DebugPrintPower() -         tag=NUM_TURNS_IN_HAND value=1
D 20:14:55.9664169 PowerTaskList.DebugPrintPower() -         tag=CREATOR value=48
D 20:14:55.9664169 PowerTaskList.DebugPrintPower() -         tag=CUSTOM_KEYWORD_EFFECT value=0
D 20:14:55.9664169 PowerTaskList.DebugPrintPower() -         tag=DEATHRATTLE_RETURN_ZONE value=0
D 20:14:55.9664169 PowerTaskList.DebugPrintPower() -         tag=DISPLAYED_CREATOR value=48
D 20:14:55.9664169 PowerTaskList.DebugPrintPower() -         tag=DISCOVER value=1
D 20:14:55.9664169 PowerTaskList.DebugPrintPower() -         tag=ONE_SIDED_GHOSTLY value=0
D 20:14:55.9664169 PowerTaskList.DebugPrintPower() -         tag=1037 value=0
D 20:14:55.9664169 PowerTaskList.DebugPrintPower() -         tag=1043 value=0
D 20:14:55.9664169 PowerTaskList.DebugPrintPower() -         tag=1068 value=0
D 20:14:55.9664169 PowerTaskList.DebugPrintPower() -         tag=REBORN value=0
D 20:14:55.9664169 PowerTaskList.DebugPrintPower() -         tag=CUSTOMTEXT1 value=0
D 20:14:55.9664169 PowerTaskList.DebugPrintPower() -         tag=CUSTOMTEXT2 value=0
D 20:14:55.9664169 PowerTaskList.DebugPrintPower() -         tag=CUSTOMTEXT3 value=0
D 20:14:55.9664169 PowerTaskList.DebugPrintPower() -         tag=1271 value=0
D 20:14:55.9664169 PowerTaskList.DebugPrintPower() -         tag=CREATOR_DBID value=126055
D 20:14:55.9664169 PowerTaskList.DebugPrintPower() -         tag=USE_DISCOVER_VISUALS value=1
D 20:14:55.9664169 PowerTaskList.DebugPrintPower() -         tag=1380 value=0
D 20:14:55.9664169 PowerTaskList.DebugPrintPower() -         tag=1449 value=0
D 20:14:55.9664169 PowerTaskList.DebugPrintPower() -         tag=SPAWN_TIME_COUNT value=1
D 20:14:55.9664169 PowerTaskList.DebugPrintPower() -         tag=COPIED_FROM_ENTITY_ID value=20
D 20:14:55.9664169 PowerTaskList.DebugPrintPower() -         tag=1570 value=0
D 20:14:55.9664169 PowerTaskList.DebugPrintPower() -         tag=OPPONENT_SIDE_GHOSTLY value=0
D 20:14:55.9664169 PowerTaskList.DebugPrintPower() -         tag=1627 value=0
D 20:14:55.9664169 PowerTaskList.DebugPrintPower() -         tag=SPELL_SCHOOL value=4
D 20:14:55.9664169 PowerTaskList.DebugPrintPower() -         tag=FRENZY value=0
D 20:14:55.9664169 PowerTaskList.DebugPrintPower() -         tag=2485 value=0
D 20:14:55.9664169 PowerTaskList.DebugPrintPower() -         tag=COPIED_HINT value=1
D 20:14:55.9664169 PowerTaskList.DebugPrintPower() -         tag=TAG_SCRIPT_DATA_NUM_3 value=0
D 20:14:55.9664169 PowerTaskList.DebugPrintPower() -         tag=TAG_SCRIPT_DATA_NUM_4 value=0
D 20:14:55.9664169 PowerTaskList.DebugPrintPower() -         tag=TAG_SCRIPT_DATA_NUM_5 value=0
D 20:14:55.9664169 PowerTaskList.DebugPrintPower() -         tag=TAG_SCRIPT_DATA_NUM_6 value=0
D 20:14:55.9664169 PowerTaskList.DebugPrintPower() -         tag=3085 value=0
D 20:14:55.9664169 PowerTaskList.DebugPrintPower() -         tag=TITAN_ABILITY_USED_1 value=0
D 20:14:55.9664169 PowerTaskList.DebugPrintPower() -         tag=TITAN_ABILITY_USED_2 value=0
D 20:14:55.9664169 PowerTaskList.DebugPrintPower() -         tag=TITAN_ABILITY_USED_3 value=0
D 20:14:55.9664169 PowerTaskList.DebugPrintPower() -         tag=3557 value=1
D 20:14:55.9664169 PowerTaskList.DebugPrintPower() -         tag=3669 value=0
D 20:14:55.9664169 PowerTaskList.DebugPrintPower() -         tag=DIVINE_SHIELD_DAMAGE value=0
D 20:14:55.9664169 PowerTaskList.DebugPrintPower() -         tag=3908 value=0
D 20:14:55.9664169 PowerTaskList.DebugPrintPower() -         tag=4163 value=0
D 20:14:55.9664169 PowerTaskList.DebugPrintPower() -         tag=PREPARE value=0
D 20:14:55.9664169 PowerTaskList.DebugPrintPower() -         tag=4472 value=0
D 20:14:55.9664169 PowerTaskList.DebugPrintPower() -         tag=4741 value=1
D 20:14:55.9664169 PowerTaskList.DebugPrintPower() -         tag=4901 value=0
D 20:14:55.9664169 PowerTaskList.DebugPrintPower() -         tag=4904 value=0
D 20:14:55.9664169 PowerTaskList.DebugPrintPower() -     META_DATA - Meta=SLUSH_TIME Data=3000 InfoCount=1
D 20:14:55.9664169 PowerTaskList.DebugPrintPower() -                 Info[0] = [entityName=UNKNOWN ENTITY [cardType=INVALID] id=78 zone=HAND zonePos=1 cardId= player=2]
D 20:14:55.9664169 PowerTaskList.DebugPrintPower() -     TAG_CHANGE Entity=两仪丨九月#5670 tag=NUM_SPELLS_PLAYED_THIS_GAME value=1 
D 20:14:55.9664169 PowerTaskList.DebugPrintPower() -     TAG_CHANGE Entity=[entityName=UNKNOWN ENTITY [cardType=INVALID] id=78 zone=HAND zonePos=1 cardId= player=2] tag=COPIED_HINT value=0 
D 20:14:55.9664169 PowerTaskList.DebugDump() - Block End=(null)
D 20:14:55.9664169 PowerProcessor.PrepareHistoryForCurrentTaskList() - m_currentTaskList=37
D 20:14:55.9664169 PowerProcessor.DoTaskListForCard() - unhandled BlockType PLAY for sourceEntity [entityName=UNKNOWN ENTITY [cardType=INVALID] id=78 zone=HAND zonePos=1 cardId= player=2]
D 20:14:55.9850326 GameState.DebugPrintEntityChoices() - id=3 Player=两仪丨九月#5670 TaskList=40 ChoiceType=GENERAL CountMin=1 CountMax=1
D 20:14:55.9850326 GameState.DebugPrintEntityChoices() -   Source=[entityName=波涛形塑 id=78 zone=PLAY zonePos=0 cardId=TIME_701 player=2]
D 20:14:55.9850326 GameState.DebugPrintEntityChoices() -   Entities[0]=[entityName=UNKNOWN ENTITY [cardType=INVALID] id=116 zone=SETASIDE zonePos=0 cardId= player=2]
D 20:14:55.9850326 GameState.DebugPrintEntityChoices() -   Entities[1]=[entityName=UNKNOWN ENTITY [cardType=INVALID] id=115 zone=SETASIDE zonePos=0 cardId= player=2]
D 20:14:55.9850326 GameState.DebugPrintEntityChoices() -   Entities[2]=[entityName=UNKNOWN ENTITY [cardType=INVALID] id=114 zone=SETASIDE zonePos=0 cardId= player=2]
D 20:14:55.9850326 ChoiceCardMgr.WaitThenShowChoices() - id=3 WAIT for taskList 40
D 20:14:56.1933637 PowerProcessor.EndCurrentTaskList() - m_currentTaskList=37
D 20:14:57.0136464 PowerTaskList.DebugDump() - ID=38 ParentID=37 PreviousID=0 TaskCount=6
D 20:14:57.0136464 PowerTaskList.DebugPrintPower() - BLOCK_START BlockType=POWER Entity=[entityName=波涛形塑 id=78 zone=PLAY zonePos=0 cardId=TIME_701 player=2] EffectCardId=System.Collections.Generic.List`1[System.String] EffectIndex=0 Target=0 SubOption=-1 
D 20:14:57.0136464 PowerTaskList.DebugPrintPower() -     META_DATA - Meta=EFFECT_TIMING Data=0 InfoCount=1
D 20:14:57.0136464 PowerTaskList.DebugPrintPower() -                 Info[0] = [entityName=波涛形塑 id=78 zone=PLAY zonePos=0 cardId=TIME_701 player=2]
D 20:14:57.0136464 PowerTaskList.DebugPrintPower() -     META_DATA - Meta=SLUSH_TIME Data=7000 InfoCount=1
D 20:14:57.0136464 PowerTaskList.DebugPrintPower() -                 Info[0] = [entityName=波涛形塑 id=78 zone=PLAY zonePos=0 cardId=TIME_701 player=2]
D 20:14:57.0136464 PowerTaskList.DebugPrintPower() -     META_DATA - Meta=OVERRIDE_HISTORY Data=0 InfoCount=1
D 20:14:57.0136464 PowerTaskList.DebugPrintPower() -                 Info[0] = [entityName=波涛形塑 id=78 zone=PLAY zonePos=0 cardId=TIME_701 player=2]
D 20:14:57.0136464 PowerTaskList.DebugPrintPower() -     FULL_ENTITY - Updating [entityName=UNKNOWN ENTITY [cardType=INVALID] id=114 zone=SETASIDE zonePos=0 cardId= player=2] CardID=
D 20:14:57.0136464 PowerTaskList.DebugPrintPower() -         tag=ZONE value=SETASIDE
D 20:14:57.0136464 PowerTaskList.DebugPrintPower() -         tag=CONTROLLER value=2
D 20:14:57.0136464 PowerTaskList.DebugPrintPower() -         tag=ENTITY_ID value=114
D 20:14:57.0136464 PowerTaskList.DebugPrintPower() -     FULL_ENTITY - Updating [entityName=UNKNOWN ENTITY [cardType=INVALID] id=115 zone=SETASIDE zonePos=0 cardId= player=2] CardID=
D 20:14:57.0136464 PowerTaskList.DebugPrintPower() -         tag=ZONE value=SETASIDE
D 20:14:57.0136464 PowerTaskList.DebugPrintPower() -         tag=CONTROLLER value=2
D 20:14:57.0136464 PowerTaskList.DebugPrintPower() -         tag=ENTITY_ID value=115
D 20:14:57.0136464 PowerTaskList.DebugPrintPower() -     FULL_ENTITY - Updating [entityName=UNKNOWN ENTITY [cardType=INVALID] id=116 zone=SETASIDE zonePos=0 cardId= player=2] CardID=
D 20:14:57.0136464 PowerTaskList.DebugPrintPower() -         tag=ZONE value=SETASIDE
D 20:14:57.0136464 PowerTaskList.DebugPrintPower() -         tag=CONTROLLER value=2
D 20:14:57.0136464 PowerTaskList.DebugPrintPower() -         tag=ENTITY_ID value=116
D 20:14:57.0136464 PowerTaskList.DebugDump() - Block End=(null)
D 20:14:57.0136464 PowerProcessor.PrepareHistoryForCurrentTaskList() - m_currentTaskList=38
D 20:14:57.0317127 PowerProcessor.EndCurrentTaskList() - m_currentTaskList=38
D 20:14:57.0412591 PowerTaskList.DebugDump() - ID=40 ParentID=37 PreviousID=38 TaskCount=3
D 20:14:57.0412591 PowerTaskList.DebugDump() - Block Start=(null)
D 20:14:57.0412591 PowerTaskList.DebugPrintPower() -     SUB_SPELL_START - SpellPrefabGUID=ReuseFX_Water_BuffImpact_Heal_Super:80e4fa2f87fa73a4c9702a5f6a666f59 Source=69 TargetCount=1
D 20:14:57.0412591 PowerTaskList.DebugPrintPower() -                       Source = [entityName=拉祖尔女士 id=69 zone=PLAY zonePos=0 cardId=HERO_09b player=2]
D 20:14:57.0412591 PowerTaskList.DebugPrintPower() -                       Targets[0] = [entityName=拉祖尔女士 id=69 zone=PLAY zonePos=0 cardId=HERO_09b player=2]
D 20:14:57.0412591 PowerTaskList.DebugPrintPower() -     SUB_SPELL_END
D 20:14:57.0412591 PowerTaskList.DebugPrintPower() - SUB_SPELL_END
D 20:14:57.0412591 PowerTaskList.DebugDump() - Block End=(null)
D 20:14:57.0412591 PowerProcessor.PrepareHistoryForCurrentTaskList() - m_currentTaskList=40
D 20:14:57.1235565 PowerProcessor.EndCurrentTaskList() - m_currentTaskList=40
D 20:14:57.1235565 PowerTaskList.DebugDump() - ID=40 ParentID=37 PreviousID=38 TaskCount=3
D 20:14:57.1235565 PowerTaskList.DebugDump() - Block Start=(null)
D 20:14:57.1235565 PowerTaskList.DebugPrintPower() -     SUB_SPELL_START - SpellPrefabGUID=ReuseFX_Water_BuffImpact_Heal_Super:80e4fa2f87fa73a4c9702a5f6a666f59 Source=69 TargetCount=1
D 20:14:57.1235565 PowerTaskList.DebugPrintPower() -                       Source = [entityName=拉祖尔女士 id=69 zone=PLAY zonePos=0 cardId=HERO_09b player=2]
D 20:14:57.1235565 PowerTaskList.DebugPrintPower() -                       Targets[0] = [entityName=拉祖尔女士 id=69 zone=PLAY zonePos=0 cardId=HERO_09b player=2]
D 20:14:57.1235565 PowerTaskList.DebugPrintPower() -     SUB_SPELL_END
D 20:14:57.1235565 PowerTaskList.DebugPrintPower() - SUB_SPELL_END
D 20:14:57.1235565 PowerTaskList.DebugDump() - Block End=(null)
D 20:14:57.1235565 PowerProcessor.PrepareHistoryForCurrentTaskList() - m_currentTaskList=40
D 20:14:57.1791940 PowerProcessor.EndCurrentTaskList() - m_currentTaskList=40
D 20:14:57.1791940 ChoiceCardMgr.WaitThenShowChoices() - id=3 BEGIN
D 20:14:58.1652809 GameState.DebugPrintEntitiesChosen() - id=3 Player=两仪丨九月#5670 EntitiesCount=1
D 20:14:58.1652809 GameState.DebugPrintEntitiesChosen() -   Entities[0]=[entityName=UNKNOWN ENTITY [cardType=INVALID] id=115 zone=SETASIDE zonePos=0 cardId= player=2]
D 20:14:58.1652809 ChoiceCardMgr.DoesLocalChoiceMatchPacket(): Null list passed in! localChoices=, packetChoices=System.Collections.Generic.List`1[System.Int32].
D 20:14:58.1652809 ChoiceCardMgr.WaitThenHideChoicesFromPacket() - id=3 END WAIT
D 20:14:58.2658330 GameState.DebugPrintPowerList() - Count=34
D 20:14:58.2658330 GameState.DebugPrintPower() - SHOW_ENTITY - Updating Entity=[entityName=UNKNOWN ENTITY [cardType=INVALID] id=115 zone=SETASIDE zonePos=0 cardId= player=2] CardID=REV_253
D 20:14:58.2658330 GameState.DebugPrintPower() -     tag=CONTROLLER value=2
D 20:14:58.2658330 GameState.DebugPrintPower() -     tag=CARDTYPE value=SPELL
D 20:14:58.2658330 GameState.DebugPrintPower() -     tag=TAG_LAST_KNOWN_COST_IN_HAND value=3
D 20:14:58.2658330 GameState.DebugPrintPower() -     tag=COST value=3
D 20:14:58.2658330 GameState.DebugPrintPower() -     tag=PREMIUM value=1
D 20:14:58.2658330 GameState.DebugPrintPower() -     tag=LAST_AFFECTED_BY value=78
D 20:14:58.2658330 GameState.DebugPrintPower() -     tag=ZONE value=GRAVEYARD
D 20:14:58.2658330 GameState.DebugPrintPower() -     tag=ENTITY_ID value=115
D 20:14:58.2658330 GameState.DebugPrintPower() -     tag=CLASS value=PRIEST
D 20:14:58.2658330 GameState.DebugPrintPower() -     tag=RARITY value=COMMON
D 20:14:58.2658330 GameState.DebugPrintPower() -     tag=LINKED_ENTITY value=44
D 20:14:58.2658330 GameState.DebugPrintPower() -     tag=CREATOR value=78
D 20:14:58.2658330 GameState.DebugPrintPower() -     tag=DISCOVER value=1
D 20:14:58.2658330 GameState.DebugPrintPower() -     tag=1037 value=2
D 20:14:58.2658330 GameState.DebugPrintPower() -     tag=1068 value=0
D 20:14:58.2658330 GameState.DebugPrintPower() -     tag=CREATOR_DBID value=120746
D 20:14:58.2658330 GameState.DebugPrintPower() -     tag=USE_DISCOVER_VISUALS value=1
D 20:14:58.2658330 GameState.DebugPrintPower() -     tag=SPAWN_TIME_COUNT value=1
D 20:14:58.2658330 GameState.DebugPrintPower() -     tag=COPIED_FROM_ENTITY_ID value=44
D 20:14:58.2658330 GameState.DebugPrintPower() -     tag=SPELL_SCHOOL value=6
D 20:14:58.2658330 GameState.DebugPrintPower() -     tag=3669 value=1
D 20:14:58.2658330 GameState.DebugPrintPower() -     tag=4741 value=2
D 20:14:58.2658330 GameState.DebugPrintPower() -     tag=4901 value=0
D 20:14:58.2658330 GameState.DebugPrintPower() - TAG_CHANGE Entity=两仪丨九月#5670 tag=2166 value=44 
D 20:14:58.2658330 GameState.DebugPrintPower() - TAG_CHANGE Entity=两仪丨九月#5670 tag=467 value=1 
D 20:14:58.2658330 GameState.DebugPrintPower() - TAG_CHANGE Entity=[entityName=UNKNOWN ENTITY [cardType=INVALID] id=44 zone=DECK zonePos=0 cardId= player=2] tag=ZONE value=HAND 
D 20:14:58.2658330 GameState.DebugPrintPower() - TAG_CHANGE Entity=[entityName=UNKNOWN ENTITY [cardType=INVALID] id=44 zone=DECK zonePos=0 cardId= player=2] tag=ZONE_POSITION value=4 
D 20:14:58.2658330 GameState.DebugPrintPower() - TAG_CHANGE Entity=[entityName=UNKNOWN ENTITY [cardType=INVALID] id=44 zone=DECK zonePos=0 cardId= player=2] tag=ZONE_POSITION value=0 
D 20:14:58.2658330 GameState.DebugPrintPower() - TAG_CHANGE Entity=[entityName=UNKNOWN ENTITY [cardType=INVALID] id=44 zone=DECK zonePos=0 cardId= player=2] tag=ZONE_POSITION value=4 
D 20:14:58.2658330 GameState.DebugPrintPower() - TAG_CHANGE Entity=两仪丨九月#5670 tag=3242 value=2 
D 20:14:58.2658330 GameState.DebugPrintPower() - TAG_CHANGE Entity=两仪丨九月#5670 tag=NUM_CARDS_DRAWN_THIS_TURN value=2 
D 20:14:58.2658330 GameState.DebugPrintPower() - TAG_CHANGE Entity=两仪丨九月#5670 tag=995 value=2 
D 20:14:58.2658330 GameState.DebugPrintPower() - BLOCK_START BlockType=TRIGGER Entity=[entityName=抱龙王噗鲁什 id=71 zone=COSMETIC zonePos=0 cardId=PET_3_3 player=2] EffectCardId=System.Collections.Generic.List`1[System.String] EffectIndex=28 Target=0 SubOption=-1 TriggerKeyword=TAG_NOT_SET
D 20:14:58.2658330 GameState.DebugPrintPower() - BLOCK_END
D 20:14:58.2658330 GameState.DebugPrintPower() - TAG_CHANGE Entity=两仪丨九月#5670 tag=467 value=0 
D 20:14:58.2658330 GameState.DebugPrintPower() - META_DATA - Meta=HISTORY_TARGET Data=0 InfoCount=1
D 20:14:58.2658330 GameState.DebugPrintPower() -             Info[0] = [entityName=UNKNOWN ENTITY [cardType=INVALID] id=44 zone=DECK zonePos=0 cardId= player=2]
D 20:14:58.2658330 GameState.DebugPrintPower() - BLOCK_START BlockType=TRIGGER Entity=[entityName=抱龙王噗鲁什 id=71 zone=COSMETIC zonePos=0 cardId=PET_3_3 player=2] EffectCardId=System.Collections.Generic.List`1[System.String] EffectIndex=23 Target=0 SubOption=-1 TriggerKeyword=TAG_NOT_SET
D 20:14:58.2658330 GameState.DebugPrintPower() -     TAG_CHANGE Entity=[entityName=抱龙王噗鲁什 id=71 zone=COSMETIC zonePos=0 cardId=PET_3_3 player=2] tag=PET_EVENT_ID value=36 
D 20:14:58.2658330 GameState.DebugPrintPower() - BLOCK_END
D 20:14:58.2658330 GameState.DebugPrintPower() - BLOCK_END
D 20:14:58.2658330 GameState.DebugPrintPower() - TAG_CHANGE Entity=[entityName=波涛形塑 id=78 zone=PLAY zonePos=0 cardId=TIME_701 player=2] tag=1068 value=4 
D 20:14:58.2658330 GameState.DebugPrintPower() - TAG_CHANGE Entity=[entityName=波涛形塑 id=78 zone=PLAY zonePos=0 cardId=TIME_701 player=2] tag=1068 value=0 
D 20:14:58.2658330 GameState.DebugPrintPower() - TAG_CHANGE Entity=[entityName=波涛形塑 id=78 zone=PLAY zonePos=0 cardId=TIME_701 player=2] tag=ZONE value=GRAVEYARD 
D 20:14:58.2658330 GameState.DebugPrintPower() - TAG_CHANGE Entity=[entityName=UNKNOWN ENTITY [cardType=INVALID] id=115 zone=SETASIDE zonePos=0 cardId= player=2] tag=3669 value=0 
D 20:14:58.2658330 GameState.DebugPrintPower() - BLOCK_START BlockType=TRIGGER Entity=[entityName=抱龙王噗鲁什 id=71 zone=COSMETIC zonePos=0 cardId=PET_3_3 player=2] EffectCardId=System.Collections.Generic.List`1[System.String] EffectIndex=8 Target=0 SubOption=-1 TriggerKeyword=TAG_NOT_SET
D 20:14:58.2658330 GameState.DebugPrintPower() -     TAG_CHANGE Entity=[entityName=抱龙王噗鲁什 id=71 zone=COSMETIC zonePos=0 cardId=PET_3_3 player=2] tag=PET_EVENT_ID value=0 
D 20:14:58.2658330 GameState.DebugPrintPower() -     TAG_CHANGE Entity=[entityName=抱龙王噗鲁什 id=71 zone=COSMETIC zonePos=0 cardId=PET_3_3 player=2] tag=PET_EVENT_ID value=15 
D 20:14:58.2658330 GameState.DebugPrintPower() - BLOCK_END
D 20:14:58.2658330 GameState.DebugPrintPower() - BLOCK_START BlockType=TRIGGER Entity=[entityName=抱龙王噗鲁什 id=71 zone=COSMETIC zonePos=0 cardId=PET_3_3 player=2] EffectCardId=System.Collections.Generic.List`1[System.String] EffectIndex=29 Target=0 SubOption=-1 TriggerKeyword=TAG_NOT_SET
D 20:14:58.2658330 GameState.DebugPrintPower() -     TAG_CHANGE Entity=[entityName=抱龙王噗鲁什 id=71 zone=COSMETIC zonePos=0 cardId=PET_3_3 player=2] tag=PET_MEDIUM_XP_TRIGGER_COUNT value=1 
D 20:14:58.2658330 GameState.DebugPrintPower() - BLOCK_END
D 20:14:58.2658330 GameState.DebugPrintPower() - TAG_CHANGE Entity=两仪丨九月#5670 tag=COMBO_ACTIVE value=1 
D 20:14:58.2658330 GameState.DebugPrintPower() - TAG_CHANGE Entity=GameEntity tag=1323 value=1 
D 20:14:58.2658330 GameState.DebugPrintPower() - TAG_CHANGE Entity=两仪丨九月#5670 tag=NUM_OPTIONS_PLAYED_THIS_TURN value=1 
D 20:14:58.2658330 GameState.DebugPrintPower() - BLOCK_END
D 20:14:58.2658330 GameState.DebugPrintPower() - META_DATA - Meta=SLUSH_TIME Data=1000 InfoCount=1
D 20:14:58.2658330 GameState.DebugPrintPower() -             Info[0] = [entityName=波涛形塑 id=78 zone=PLAY zonePos=0 cardId=TIME_701 player=2]
D 20:14:58.2658330 PowerTaskList.DebugDump() - ID=41 ParentID=0 PreviousID=40 TaskCount=12
D 20:14:58.2658330 PowerTaskList.DebugDump() - Block Start=(null)
D 20:14:58.2658330 PowerTaskList.DebugPrintPower() -     SHOW_ENTITY - Updating Entity=[entityName=UNKNOWN ENTITY [cardType=INVALID] id=115 zone=SETASIDE zonePos=0 cardId= player=2] CardID=REV_253
D 20:14:58.2658330 PowerTaskList.DebugPrintPower() -         tag=CONTROLLER value=2
D 20:14:58.2658330 PowerTaskList.DebugPrintPower() -         tag=CARDTYPE value=SPELL
D 20:14:58.2658330 PowerTaskList.DebugPrintPower() -         tag=TAG_LAST_KNOWN_COST_IN_HAND value=3
D 20:14:58.2658330 PowerTaskList.DebugPrintPower() -         tag=COST value=3
D 20:14:58.2658330 PowerTaskList.DebugPrintPower() -         tag=PREMIUM value=1
D 20:14:58.2658330 PowerTaskList.DebugPrintPower() -         tag=LAST_AFFECTED_BY value=78
D 20:14:58.2658330 PowerTaskList.DebugPrintPower() -         tag=ZONE value=GRAVEYARD
D 20:14:58.2658330 PowerTaskList.DebugPrintPower() -         tag=ENTITY_ID value=115
D 20:14:58.2658330 PowerTaskList.DebugPrintPower() -         tag=CLASS value=PRIEST
D 20:14:58.2658330 PowerTaskList.DebugPrintPower() -         tag=RARITY value=COMMON
D 20:14:58.2658330 PowerTaskList.DebugPrintPower() -         tag=LINKED_ENTITY value=44
D 20:14:58.2658330 PowerTaskList.DebugPrintPower() -         tag=CREATOR value=78
D 20:14:58.2658330 PowerTaskList.DebugPrintPower() -         tag=DISCOVER value=1
D 20:14:58.2658330 PowerTaskList.DebugPrintPower() -         tag=1037 value=2
D 20:14:58.2658330 PowerTaskList.DebugPrintPower() -         tag=1068 value=0
D 20:14:58.2658330 PowerTaskList.DebugPrintPower() -         tag=CREATOR_DBID value=120746
D 20:14:58.2658330 PowerTaskList.DebugPrintPower() -         tag=USE_DISCOVER_VISUALS value=1
D 20:14:58.2658330 PowerTaskList.DebugPrintPower() -         tag=SPAWN_TIME_COUNT value=1
D 20:14:58.2658330 PowerTaskList.DebugPrintPower() -         tag=COPIED_FROM_ENTITY_ID value=44
D 20:14:58.2658330 PowerTaskList.DebugPrintPower() -         tag=SPELL_SCHOOL value=6
D 20:14:58.2658330 PowerTaskList.DebugPrintPower() -         tag=3669 value=1
D 20:14:58.2658330 PowerTaskList.DebugPrintPower() -         tag=4741 value=2
D 20:14:58.2658330 PowerTaskList.DebugPrintPower() -         tag=4901 value=0
D 20:14:58.2658330 PowerTaskList.DebugPrintPower() -     TAG_CHANGE Entity=两仪丨九月#5670 tag=2166 value=44 
D 20:14:58.2658330 PowerTaskList.DebugPrintPower() -     TAG_CHANGE Entity=两仪丨九月#5670 tag=467 value=1 
D 20:14:58.2658330 PowerTaskList.DebugPrintPower() -     TAG_CHANGE Entity=[entityName=UNKNOWN ENTITY [cardType=INVALID] id=44 zone=DECK zonePos=0 cardId= player=2] tag=ZONE value=HAND 
D 20:14:58.2658330 PowerTaskList.DebugPrintPower() -     TAG_CHANGE Entity=[entityName=UNKNOWN ENTITY [cardType=INVALID] id=44 zone=DECK zonePos=0 cardId= player=2] tag=ZONE_POSITION value=4 
D 20:14:58.2658330 PowerTaskList.DebugPrintPower() -     TAG_CHANGE Entity=[entityName=UNKNOWN ENTITY [cardType=INVALID] id=44 zone=DECK zonePos=0 cardId= player=2] tag=ZONE_POSITION value=0 
D 20:14:58.2658330 PowerTaskList.DebugPrintPower() -     TAG_CHANGE Entity=[entityName=UNKNOWN ENTITY [cardType=INVALID] id=44 zone=DECK zonePos=0 cardId= player=2] tag=ZONE_POSITION value=4 
D 20:14:58.2658330 PowerTaskList.DebugPrintPower() -     TAG_CHANGE Entity=两仪丨九月#5670 tag=3242 value=2 
D 20:14:58.2658330 PowerTaskList.DebugPrintPower() -     TAG_CHANGE Entity=两仪丨九月#5670 tag=NUM_CARDS_DRAWN_THIS_TURN value=2 
D 20:14:58.2658330 PowerTaskList.DebugPrintPower() -     TAG_CHANGE Entity=两仪丨九月#5670 tag=995 value=2 
D 20:14:58.2658330 PowerTaskList.DebugPrintPower() -     TAG_CHANGE Entity=两仪丨九月#5670 tag=467 value=0 
D 20:14:58.2658330 PowerTaskList.DebugPrintPower() -     META_DATA - Meta=HISTORY_TARGET Data=0 InfoCount=1
D 20:14:58.2658330 PowerTaskList.DebugPrintPower() -                 Info[0] = [entityName=UNKNOWN ENTITY [cardType=INVALID] id=44 zone=DECK zonePos=0 cardId= player=2]
D 20:14:58.2658330 PowerTaskList.DebugPrintPower() - BLOCK_END
D 20:14:58.2658330 PowerProcessor.PrepareHistoryForCurrentTaskList() - m_currentTaskList=41
D 20:14:59.8170922 PowerProcessor.EndCurrentTaskList() - m_currentTaskList=41
D 20:14:59.8271728 PowerTaskList.DebugDump() - ID=44 ParentID=38 PreviousID=0 TaskCount=1
D 20:14:59.8271728 PowerTaskList.DebugPrintPower() - BLOCK_START BlockType=TRIGGER Entity=[entityName=抱龙王噗鲁什 id=71 zone=COSMETIC zonePos=0 cardId=PET_3_3 player=2] EffectCardId=System.Collections.Generic.List`1[System.String] EffectIndex=28 Target=0 SubOption=-1 TriggerKeyword=TAG_NOT_SET
D 20:14:59.8271728 PowerTaskList.DebugPrintPower() -     TAG_CHANGE Entity=[entityName=抱龙王噗鲁什 id=71 zone=COSMETIC zonePos=0 cardId=PET_3_3 player=2] tag=PET_EVENT_ID value=36 
D 20:14:59.8271728 PowerTaskList.DebugPrintPower() - BLOCK_END
D 20:14:59.8271728 PowerProcessor.PrepareHistoryForCurrentTaskList() - m_currentTaskList=44
D 20:14:59.8271728 PowerProcessor.EndCurrentTaskList() - m_currentTaskList=44
D 20:14:59.8271728 PowerTaskList.DebugDump() - ID=45 ParentID=0 PreviousID=37 TaskCount=4
D 20:14:59.8271728 PowerTaskList.DebugDump() - Block Start=(null)
D 20:14:59.8271728 PowerTaskList.DebugPrintPower() -     TAG_CHANGE Entity=[entityName=波涛形塑 id=78 zone=PLAY zonePos=0 cardId=TIME_701 player=2] tag=1068 value=4 
D 20:14:59.8271728 PowerTaskList.DebugPrintPower() -     TAG_CHANGE Entity=[entityName=波涛形塑 id=78 zone=PLAY zonePos=0 cardId=TIME_701 player=2] tag=1068 value=0 
D 20:14:59.8271728 PowerTaskList.DebugPrintPower() -     TAG_CHANGE Entity=[entityName=波涛形塑 id=78 zone=PLAY zonePos=0 cardId=TIME_701 player=2] tag=ZONE value=GRAVEYARD 
D 20:14:59.8271728 PowerTaskList.DebugPrintPower() -     TAG_CHANGE Entity=[entityName=盗用身份 id=115 zone=GRAVEYARD zonePos=0 cardId=REV_253 player=2] tag=3669 value=0 
D 20:14:59.8271728 PowerTaskList.DebugDump() - Block End=(null)
D 20:14:59.8271728 PowerProcessor.PrepareHistoryForCurrentTaskList() - m_currentTaskList=45
D 20:14:59.8271728 PowerProcessor.DoTaskListForCard() - unhandled BlockType PLAY for sourceEntity [entityName=波涛形塑 id=78 zone=PLAY zonePos=0 cardId=TIME_701 player=2]
D 20:14:59.8493725 PowerProcessor.EndCurrentTaskList() - m_currentTaskList=45
D 20:14:59.8558946 PowerTaskList.DebugDump() - ID=47 ParentID=37 PreviousID=0 TaskCount=2
D 20:14:59.8558946 PowerTaskList.DebugPrintPower() - BLOCK_START BlockType=TRIGGER Entity=[entityName=抱龙王噗鲁什 id=71 zone=COSMETIC zonePos=0 cardId=PET_3_3 player=2] EffectCardId=System.Collections.Generic.List`1[System.String] EffectIndex=8 Target=0 SubOption=-1 TriggerKeyword=TAG_NOT_SET
D 20:14:59.8558946 PowerTaskList.DebugPrintPower() -     TAG_CHANGE Entity=[entityName=抱龙王噗鲁什 id=71 zone=COSMETIC zonePos=0 cardId=PET_3_3 player=2] tag=PET_EVENT_ID value=0 
D 20:14:59.8558946 PowerTaskList.DebugPrintPower() -     TAG_CHANGE Entity=[entityName=抱龙王噗鲁什 id=71 zone=COSMETIC zonePos=0 cardId=PET_3_3 player=2] tag=PET_EVENT_ID value=15 
D 20:14:59.8558946 PowerTaskList.DebugPrintPower() - BLOCK_END
D 20:14:59.8558946 PowerProcessor.PrepareHistoryForCurrentTaskList() - m_currentTaskList=47
D 20:14:59.8558946 PowerProcessor.EndCurrentTaskList() - m_currentTaskList=47
D 20:14:59.8558946 PowerTaskList.DebugDump() - ID=48 ParentID=37 PreviousID=0 TaskCount=1
D 20:14:59.8558946 PowerTaskList.DebugPrintPower() - BLOCK_START BlockType=TRIGGER Entity=[entityName=抱龙王噗鲁什 id=71 zone=COSMETIC zonePos=0 cardId=PET_3_3 player=2] EffectCardId=System.Collections.Generic.List`1[System.String] EffectIndex=29 Target=0 SubOption=-1 TriggerKeyword=TAG_NOT_SET
D 20:14:59.8558946 PowerTaskList.DebugPrintPower() -     TAG_CHANGE Entity=[entityName=抱龙王噗鲁什 id=71 zone=COSMETIC zonePos=0 cardId=PET_3_3 player=2] tag=PET_MEDIUM_XP_TRIGGER_COUNT value=1 
D 20:14:59.8558946 PowerTaskList.DebugPrintPower() - BLOCK_END
D 20:14:59.8558946 PowerProcessor.PrepareHistoryForCurrentTaskList() - m_currentTaskList=48
D 20:14:59.8558946 PowerProcessor.EndCurrentTaskList() - m_currentTaskList=48
D 20:14:59.8558946 PowerTaskList.DebugDump() - ID=49 ParentID=0 PreviousID=45 TaskCount=3
D 20:14:59.8558946 PowerTaskList.DebugDump() - Block Start=(null)
D 20:14:59.8558946 PowerTaskList.DebugPrintPower() -     TAG_CHANGE Entity=两仪丨九月#5670 tag=COMBO_ACTIVE value=1 
D 20:14:59.8558946 PowerTaskList.DebugPrintPower() -     TAG_CHANGE Entity=GameEntity tag=1323 value=1 
D 20:14:59.8558946 PowerTaskList.DebugPrintPower() -     TAG_CHANGE Entity=两仪丨九月#5670 tag=NUM_OPTIONS_PLAYED_THIS_TURN value=1 
D 20:14:59.8558946 PowerTaskList.DebugPrintPower() - BLOCK_END
D 20:14:59.8558946 PowerProcessor.PrepareHistoryForCurrentTaskList() - m_currentTaskList=49
D 20:14:59.8558946 PowerProcessor.DoTaskListForCard() - unhandled BlockType PLAY for sourceEntity [entityName=波涛形塑 id=78 zone=GRAVEYARD zonePos=0 cardId=TIME_701 player=2]
D 20:14:59.8558946 PowerProcessor.EndCurrentTaskList() - m_currentTaskList=49
D 20:14:59.8558946 PowerTaskList.DebugDump() - ID=50 ParentID=0 PreviousID=0 TaskCount=1
D 20:14:59.8558946 PowerTaskList.DebugDump() - Block Start=(null)
D 20:14:59.8558946 PowerTaskList.DebugPrintPower() -     META_DATA - Meta=SLUSH_TIME Data=1000 InfoCount=1
D 20:14:59.8558946 PowerTaskList.DebugPrintPower() -                 Info[0] = [entityName=波涛形塑 id=78 zone=GRAVEYARD zonePos=0 cardId=TIME_701 player=2]
D 20:14:59.8558946 PowerTaskList.DebugDump() - Block End=(null)
D 20:14:59.8558946 PowerProcessor.PrepareHistoryForCurrentTaskList() - m_currentTaskList=50
D 20:14:59.8558946 PowerProcessor.EndCurrentTaskList() - m_currentTaskList=50
D 20:14:59.9552385 GameState.DebugPrintPowerList() - Count=76
D 20:14:59.9552385 GameState.DebugPrintPower() - TAG_CHANGE Entity=GameEntity tag=STEP value=MAIN_END 
D 20:14:59.9552385 GameState.DebugPrintPower() - BLOCK_START BlockType=TRIGGER Entity=湫然#51704 EffectCardId=System.Collections.Generic.List`1[System.String] EffectIndex=-1 Target=0 SubOption=-1 TriggerKeyword=TAG_NOT_SET
D 20:14:59.9552385 GameState.DebugPrintPower() - BLOCK_END
D 20:14:59.9552385 GameState.DebugPrintPower() - BLOCK_START BlockType=TRIGGER Entity=两仪丨九月#5670 EffectCardId=System.Collections.Generic.List`1[System.String] EffectIndex=-1 Target=0 SubOption=-1 TriggerKeyword=TAG_NOT_SET
D 20:14:59.9552385 GameState.DebugPrintPower() -     TAG_CHANGE Entity=GameEntity tag=NEXT_STEP value=MAIN_CLEANUP 
D 20:14:59.9552385 GameState.DebugPrintPower() - BLOCK_END
D 20:14:59.9552385 GameState.DebugPrintPower() - BLOCK_START BlockType=TRIGGER Entity=两仪丨九月#5670 EffectCardId=System.Collections.Generic.List`1[System.String] EffectIndex=-1 Target=0 SubOption=-1 TriggerKeyword=TAG_NOT_SET
D 20:14:59.9552385 GameState.DebugPrintPower() - BLOCK_END
D 20:14:59.9552385 GameState.DebugPrintPower() - BLOCK_START BlockType=TRIGGER Entity=[entityName=抱龙王噗鲁什 id=71 zone=COSMETIC zonePos=0 cardId=PET_3_3 player=2] EffectCardId=System.Collections.Generic.List`1[System.String] EffectIndex=0 Target=0 SubOption=-1 TriggerKeyword=TAG_NOT_SET
D 20:14:59.9552385 GameState.DebugPrintPower() -     TAG_CHANGE Entity=[entityName=抱龙王噗鲁什 id=71 zone=COSMETIC zonePos=0 cardId=PET_3_3 player=2] tag=PET_EVENT_ID value=0 
D 20:14:59.9552385 GameState.DebugPrintPower() - BLOCK_END
D 20:14:59.9552385 GameState.DebugPrintPower() - TAG_CHANGE Entity=GameEntity tag=STEP value=MAIN_CLEANUP 
D 20:14:59.9552385 GameState.DebugPrintPower() - BLOCK_START BlockType=TRIGGER Entity=湫然#51704 EffectCardId=System.Collections.Generic.List`1[System.String] EffectIndex=-1 Target=0 SubOption=-1 TriggerKeyword=TAG_NOT_SET
D 20:14:59.9552385 GameState.DebugPrintPower() - BLOCK_END
D 20:14:59.9552385 GameState.DebugPrintPower() - BLOCK_START BlockType=TRIGGER Entity=两仪丨九月#5670 EffectCardId=System.Collections.Generic.List`1[System.String] EffectIndex=-1 Target=0 SubOption=-1 TriggerKeyword=TAG_NOT_SET
D 20:14:59.9552385 GameState.DebugPrintPower() -     TAG_CHANGE Entity=两仪丨九月#5670 tag=COMBO_ACTIVE value=0 
D 20:14:59.9552385 GameState.DebugPrintPower() -     TAG_CHANGE Entity=GameEntity tag=NEXT_STEP value=MAIN_NEXT 
D 20:14:59.9552385 GameState.DebugPrintPower() - BLOCK_END
D 20:14:59.9552385 GameState.DebugPrintPower() - TAG_CHANGE Entity=GameEntity tag=STEP value=MAIN_NEXT 
D 20:14:59.9552385 GameState.DebugPrintPower() - BLOCK_START BlockType=TRIGGER Entity=GameEntity EffectCardId=System.Collections.Generic.List`1[System.String] EffectIndex=-1 Target=0 SubOption=-1 TriggerKeyword=TAG_NOT_SET
D 20:14:59.9552385 GameState.DebugPrintPower() -     TAG_CHANGE Entity=两仪丨九月#5670 tag=1292 value=1 
D 20:14:59.9552385 GameState.DebugPrintPower() -     TAG_CHANGE Entity=两仪丨九月#5670 tag=1292 value=0 
D 20:14:59.9552385 GameState.DebugPrintPower() -     TAG_CHANGE Entity=湫然#51704 tag=1292 value=1 
D 20:14:59.9552385 GameState.DebugPrintPower() -     TAG_CHANGE Entity=两仪丨九月#5670 tag=TIMEOUT value=55 
D 20:14:59.9552385 GameState.DebugPrintPower() -     TAG_CHANGE Entity=[entityName=黑市拍卖师 id=43 zone=HAND zonePos=1 cardId=JAIL_718 player=1] tag=NUM_TURNS_IN_HAND value=2 
D 20:14:59.9552385 GameState.DebugPrintPower() -     TAG_CHANGE Entity=[entityName=水栖形态 id=21 zone=HAND zonePos=2 cardId=TSC_654 player=1] tag=NUM_TURNS_IN_HAND value=2 
D 20:14:59.9552385 GameState.DebugPrintPower() -     TAG_CHANGE Entity=[entityName=占领冷齿矿洞 id=36 zone=HAND zonePos=3 cardId=AV_295 player=1] tag=NUM_TURNS_IN_HAND value=2 
D 20:14:59.9552385 GameState.DebugPrintPower() -     TAG_CHANGE Entity=[entityName=幸运币 id=99 zone=HAND zonePos=5 cardId=MUDAN_COIN1 player=1] tag=NUM_TURNS_IN_HAND value=2 
D 20:14:59.9552385 GameState.DebugPrintPower() -     TAG_CHANGE Entity=[entityName=黑市拍卖师 id=22 zone=HAND zonePos=4 cardId=JAIL_718 player=1] tag=NUM_TURNS_IN_HAND value=2 
D 20:14:59.9552385 GameState.DebugPrintPower() -     TAG_CHANGE Entity=两仪丨九月#5670 tag=CURRENT_PLAYER value=0 
D 20:14:59.9552385 GameState.DebugPrintPower() -     TAG_CHANGE Entity=湫然#51704 tag=CURRENT_PLAYER value=1 
D 20:14:59.9552385 GameState.DebugPrintPower() -     TAG_CHANGE Entity=GameEntity tag=TURN value=2 
D 20:14:59.9552385 GameState.DebugPrintPower() -     TAG_CHANGE Entity=GameEntity tag=1882 value=1 
D 20:14:59.9552385 GameState.DebugPrintPower() -     TAG_CHANGE Entity=湫然#51704 tag=TURN value=1 
D 20:14:59.9552385 GameState.DebugPrintPower() -     TAG_CHANGE Entity=GameEntity tag=NEXT_STEP value=MAIN_READY 
D 20:14:59.9552385 GameState.DebugPrintPower() - BLOCK_END
D 20:14:59.9552385 GameState.DebugPrintPower() - TAG_CHANGE Entity=GameEntity tag=STEP value=MAIN_READY 
D 20:14:59.9552385 GameState.DebugPrintPower() - BLOCK_START BlockType=TRIGGER Entity=湫然#51704 EffectCardId=System.Collections.Generic.List`1[System.String] EffectIndex=-1 Target=0 SubOption=-1 TriggerKeyword=TAG_NOT_SET
D 20:14:59.9552385 GameState.DebugPrintPower() -     TAG_CHANGE Entity=GameEntity tag=NUM_TURNS_IN_PLAY value=2 
D 20:14:59.9552385 GameState.DebugPrintPower() -     TAG_CHANGE Entity=湫然#51704 tag=NUM_TURNS_IN_PLAY value=2 
D 20:14:59.9552385 GameState.DebugPrintPower() -     TAG_CHANGE Entity=两仪丨九月#5670 tag=NUM_TURNS_IN_PLAY value=2 
D 20:14:59.9552385 GameState.DebugPrintPower() -     TAG_CHANGE Entity=[entityName=嘲风望月露娜拉 id=67 zone=PLAY zonePos=0 cardId=HERO_06bi player=1] tag=NUM_TURNS_IN_PLAY value=2 
D 20:14:59.9552385 GameState.DebugPrintPower() -     TAG_CHANGE Entity=[entityName=变形 id=68 zone=PLAY zonePos=0 cardId=HERO_06ebp player=1] tag=NUM_TURNS_IN_PLAY value=2 
D 20:14:59.9552385 GameState.DebugPrintPower() -     TAG_CHANGE Entity=[entityName=拉祖尔女士 id=69 zone=PLAY zonePos=0 cardId=HERO_09b player=2] tag=NUM_TURNS_IN_PLAY value=2 
D 20:14:59.9552385 GameState.DebugPrintPower() -     TAG_CHANGE Entity=[entityName=次级治疗术 id=70 zone=PLAY zonePos=0 cardId=CS1h_001_H2 player=2] tag=NUM_TURNS_IN_PLAY value=2 
D 20:14:59.9552385 GameState.DebugPrintPower() -     TAG_CHANGE Entity=湫然#51704 tag=RESOURCES value=1 
D 20:14:59.9552385 GameState.DebugPrintPower() -     TAG_CHANGE Entity=两仪丨九月#5670 tag=NUM_CARDS_DRAWN_THIS_TURN value=0 
D 20:14:59.9552385 GameState.DebugPrintPower() -     TAG_CHANGE Entity=GameEntity tag=NEXT_STEP value=MAIN_START_TRIGGERS 
D 20:14:59.9552385 GameState.DebugPrintPower() - BLOCK_END
D 20:14:59.9552385 GameState.DebugPrintPower() - TAG_CHANGE Entity=GameEntity tag=STEP value=MAIN_START_TRIGGERS 
D 20:14:59.9552385 GameState.DebugPrintPower() - BLOCK_START BlockType=TRIGGER Entity=[entityName=抱龙王噗鲁什 id=71 zone=COSMETIC zonePos=0 cardId=PET_3_3 player=2] EffectCardId=System.Collections.Generic.List`1[System.String] EffectIndex=5 Target=0 SubOption=-1 TriggerKeyword=TAG_NOT_SET
D 20:14:59.9552385 GameState.DebugPrintPower() -     TAG_CHANGE Entity=[entityName=抱龙王噗鲁什 id=71 zone=COSMETIC zonePos=0 cardId=PET_3_3 player=2] tag=PET_EVENT_ID value=11 
D 20:14:59.9552385 GameState.DebugPrintPower() - BLOCK_END
D 20:14:59.9552385 GameState.DebugPrintPower() - BLOCK_START BlockType=TRIGGER Entity=湫然#51704 EffectCardId=System.Collections.Generic.List`1[System.String] EffectIndex=-1 Target=0 SubOption=-1 TriggerKeyword=TAG_NOT_SET
D 20:14:59.9552385 GameState.DebugPrintPower() -     TAG_CHANGE Entity=GameEntity tag=NEXT_STEP value=MAIN_START 
D 20:14:59.9552385 GameState.DebugPrintPower() - BLOCK_END
D 20:14:59.9552385 GameState.DebugPrintPower() - TAG_CHANGE Entity=GameEntity tag=STEP value=MAIN_START 
D 20:14:59.9552385 GameState.DebugPrintPower() - BLOCK_START BlockType=TRIGGER Entity=湫然#51704 EffectCardId=System.Collections.Generic.List`1[System.String] EffectIndex=-1 Target=0 SubOption=-1 TriggerKeyword=TAG_NOT_SET
D 20:14:59.9552385 GameState.DebugPrintPower() -     TAG_CHANGE Entity=湫然#51704 tag=2166 value=13 
D 20:14:59.9552385 GameState.DebugPrintPower() -     TAG_CHANGE Entity=湫然#51704 tag=467 value=1 
D 20:14:59.9552385 GameState.DebugPrintPower() -     SHOW_ENTITY - Updating Entity=[entityName=UNKNOWN ENTITY [cardType=INVALID] id=13 zone=DECK zonePos=0 cardId= player=1] CardID=TID_001
D 20:14:59.9552385 GameState.DebugPrintPower() -         tag=CONTROLLER value=1
D 20:14:59.9552385 GameState.DebugPrintPower() -         tag=CARDTYPE value=SPELL
D 20:14:59.9552385 GameState.DebugPrintPower() -         tag=TAG_LAST_KNOWN_COST_IN_HAND value=1
D 20:14:59.9552385 GameState.DebugPrintPower() -         tag=COST value=1
D 20:14:59.9552385 GameState.DebugPrintPower() -         tag=ZONE value=HAND
D 20:14:59.9552385 GameState.DebugPrintPower() -         tag=ENTITY_ID value=13
D 20:14:59.9552385 GameState.DebugPrintPower() -         tag=CLASS value=DRUID
D 20:14:59.9552385 GameState.DebugPrintPower() -         tag=FACTION value=NEUTRAL
D 20:14:59.9552385 GameState.DebugPrintPower() -         tag=RARITY value=COMMON
D 20:14:59.9552385 GameState.DebugPrintPower() -         tag=478 value=1
D 20:14:59.9552385 GameState.DebugPrintPower() -         tag=1037 value=1
D 20:14:59.9552385 GameState.DebugPrintPower() -         tag=1043 value=1
D 20:14:59.9552385 GameState.DebugPrintPower() -         tag=1068 value=0
D 20:14:59.9552385 GameState.DebugPrintPower() -         tag=SPAWN_TIME_COUNT value=1
D 20:14:59.9552385 GameState.DebugPrintPower() -         tag=SPELL_SCHOOL value=1
D 20:14:59.9552385 GameState.DebugPrintPower() -         tag=MINI_SET value=1
D 20:14:59.9552385 GameState.DebugPrintPower() -     TAG_CHANGE Entity=[entityName=UNKNOWN ENTITY [cardType=INVALID] id=13 zone=DECK zonePos=0 cardId= player=1] tag=NUM_TURNS_IN_HAND value=1 
D 20:14:59.9552385 GameState.DebugPrintPower() -     TAG_CHANGE Entity=[entityName=UNKNOWN ENTITY [cardType=INVALID] id=13 zone=DECK zonePos=0 cardId= player=1] tag=ZONE_POSITION value=6 
D 20:14:59.9552385 GameState.DebugPrintPower() -     TAG_CHANGE Entity=[entityName=UNKNOWN ENTITY [cardType=INVALID] id=13 zone=DECK zonePos=0 cardId= player=1] tag=ZONE_POSITION value=0 
D 20:14:59.9552385 GameState.DebugPrintPower() -     TAG_CHANGE Entity=[entityName=UNKNOWN ENTITY [cardType=INVALID] id=13 zone=DECK zonePos=0 cardId= player=1] tag=ZONE_POSITION value=6 
D 20:14:59.9552385 GameState.DebugPrintPower() -     TAG_CHANGE Entity=湫然#51704 tag=3242 value=1 
D 20:14:59.9552385 GameState.DebugPrintPower() -     TAG_CHANGE Entity=湫然#51704 tag=NUM_CARDS_DRAWN_THIS_TURN value=1 
D 20:14:59.9552385 GameState.DebugPrintPower() -     TAG_CHANGE Entity=湫然#51704 tag=995 value=1 
D 20:14:59.9552385 GameState.DebugPrintPower() -     TAG_CHANGE Entity=[entityName=UNKNOWN ENTITY [cardType=INVALID] id=13 zone=DECK zonePos=0 cardId= player=1] tag=1570 value=2 
D 20:14:59.9552385 GameState.DebugPrintPower() -     TAG_CHANGE Entity=湫然#51704 tag=467 value=0 
D 20:14:59.9552385 GameState.DebugPrintPower() -     TAG_CHANGE Entity=GameEntity tag=NEXT_STEP value=MAIN_ACTION 
D 20:14:59.9552385 GameState.DebugPrintPower() - BLOCK_END
D 20:14:59.9552385 GameState.DebugPrintPower() - TAG_CHANGE Entity=GameEntity tag=STEP value=MAIN_ACTION 
D 20:14:59.9552385 GameState.DebugPrintPower() - BLOCK_START BlockType=TRIGGER Entity=湫然#51704 EffectCardId=System.Collections.Generic.List`1[System.String] EffectIndex=-1 Target=0 SubOption=-1 TriggerKeyword=TAG_NOT_SET
D 20:14:59.9552385 GameState.DebugPrintPower() -     TAG_CHANGE Entity=GameEntity tag=NEXT_STEP value=MAIN_END 
D 20:14:59.9552385 GameState.DebugPrintPower() - BLOCK_END
D 20:14:59.9552385 PowerTaskList.DebugDump() - ID=51 ParentID=0 PreviousID=0 TaskCount=1
D 20:14:59.9552385 PowerTaskList.DebugDump() - Block Start=(null)
D 20:14:59.9552385 PowerTaskList.DebugPrintPower() -     TAG_CHANGE Entity=GameEntity tag=STEP value=MAIN_END 
D 20:14:59.9552385 PowerTaskList.DebugDump() - Block End=(null)
D 20:14:59.9552385 PowerProcessor.PrepareHistoryForCurrentTaskList() - m_currentTaskList=51
D 20:14:59.9552385 PowerProcessor.EndCurrentTaskList() - m_currentTaskList=51
D 20:14:59.9552385 PowerTaskList.DebugDump() - ID=52 ParentID=51 PreviousID=0 TaskCount=0
D 20:14:59.9552385 PowerTaskList.DebugPrintPower() - BLOCK_START BlockType=TRIGGER Entity=湫然#51704 EffectCardId=System.Collections.Generic.List`1[System.String] EffectIndex=-1 Target=0 SubOption=-1 TriggerKeyword=TAG_NOT_SET
D 20:14:59.9552385 PowerTaskList.DebugPrintPower() - BLOCK_END
D 20:14:59.9552385 PowerProcessor.PrepareHistoryForCurrentTaskList() - m_currentTaskList=52
D 20:14:59.9552385 PowerProcessor.EndCurrentTaskList() - m_currentTaskList=52
D 20:14:59.9552385 PowerTaskList.DebugDump() - ID=53 ParentID=0 PreviousID=0 TaskCount=1
D 20:14:59.9552385 PowerTaskList.DebugPrintPower() - BLOCK_START BlockType=TRIGGER Entity=两仪丨九月#5670 EffectCardId=System.Collections.Generic.List`1[System.String] EffectIndex=-1 Target=0 SubOption=-1 TriggerKeyword=TAG_NOT_SET
D 20:14:59.9552385 PowerTaskList.DebugPrintPower() -     TAG_CHANGE Entity=GameEntity tag=NEXT_STEP value=MAIN_CLEANUP 
D 20:14:59.9552385 PowerTaskList.DebugPrintPower() - BLOCK_END
D 20:14:59.9552385 PowerProcessor.PrepareHistoryForCurrentTaskList() - m_currentTaskList=53
D 20:14:59.9552385 PowerProcessor.EndCurrentTaskList() - m_currentTaskList=53
D 20:14:59.9552385 PowerTaskList.DebugDump() - ID=54 ParentID=0 PreviousID=0 TaskCount=0
D 20:14:59.9552385 PowerTaskList.DebugPrintPower() - BLOCK_START BlockType=TRIGGER Entity=两仪丨九月#5670 EffectCardId=System.Collections.Generic.List`1[System.String] EffectIndex=-1 Target=0 SubOption=-1 TriggerKeyword=TAG_NOT_SET
D 20:14:59.9552385 PowerTaskList.DebugPrintPower() - BLOCK_END
D 20:14:59.9552385 PowerProcessor.PrepareHistoryForCurrentTaskList() - m_currentTaskList=54
D 20:14:59.9552385 PowerProcessor.EndCurrentTaskList() - m_currentTaskList=54
D 20:14:59.9552385 PowerTaskList.DebugDump() - ID=55 ParentID=0 PreviousID=0 TaskCount=1
D 20:14:59.9552385 PowerTaskList.DebugPrintPower() - BLOCK_START BlockType=TRIGGER Entity=[entityName=抱龙王噗鲁什 id=71 zone=COSMETIC zonePos=0 cardId=PET_3_3 player=2] EffectCardId=System.Collections.Generic.List`1[System.String] EffectIndex=0 Target=0 SubOption=-1 TriggerKeyword=TAG_NOT_SET
D 20:14:59.9552385 PowerTaskList.DebugPrintPower() -     TAG_CHANGE Entity=[entityName=抱龙王噗鲁什 id=71 zone=COSMETIC zonePos=0 cardId=PET_3_3 player=2] tag=PET_EVENT_ID value=0 
D 20:14:59.9552385 PowerTaskList.DebugPrintPower() - BLOCK_END
D 20:14:59.9552385 PowerProcessor.PrepareHistoryForCurrentTaskList() - m_currentTaskList=55
D 20:14:59.9552385 PowerProcessor.EndCurrentTaskList() - m_currentTaskList=55
D 20:14:59.9552385 PowerTaskList.DebugDump() - ID=56 ParentID=0 PreviousID=0 TaskCount=1
D 20:14:59.9552385 PowerTaskList.DebugDump() - Block Start=(null)
D 20:14:59.9552385 PowerTaskList.DebugPrintPower() -     TAG_CHANGE Entity=GameEntity tag=STEP value=MAIN_CLEANUP 
D 20:14:59.9552385 PowerTaskList.DebugDump() - Block End=(null)
D 20:14:59.9552385 PowerProcessor.PrepareHistoryForCurrentTaskList() - m_currentTaskList=56
D 20:14:59.9552385 PowerProcessor.EndCurrentTaskList() - m_currentTaskList=56
D 20:14:59.9552385 PowerTaskList.DebugDump() - ID=57 ParentID=0 PreviousID=0 TaskCount=0
D 20:14:59.9552385 PowerTaskList.DebugPrintPower() - BLOCK_START BlockType=TRIGGER Entity=湫然#51704 EffectCardId=System.Collections.Generic.List`1[System.String] EffectIndex=-1 Target=0 SubOption=-1 TriggerKeyword=TAG_NOT_SET
D 20:14:59.9552385 PowerTaskList.DebugPrintPower() - BLOCK_END
D 20:14:59.9552385 PowerProcessor.PrepareHistoryForCurrentTaskList() - m_currentTaskList=57
D 20:14:59.9552385 PowerProcessor.EndCurrentTaskList() - m_currentTaskList=57
D 20:14:59.9552385 PowerTaskList.DebugDump() - ID=58 ParentID=0 PreviousID=0 TaskCount=2
D 20:14:59.9552385 PowerTaskList.DebugPrintPower() - BLOCK_START BlockType=TRIGGER Entity=两仪丨九月#5670 EffectCardId=System.Collections.Generic.List`1[System.String] EffectIndex=-1 Target=0 SubOption=-1 TriggerKeyword=TAG_NOT_SET
D 20:14:59.9552385 PowerTaskList.DebugPrintPower() -     TAG_CHANGE Entity=两仪丨九月#5670 tag=COMBO_ACTIVE value=0 
D 20:14:59.9552385 PowerTaskList.DebugPrintPower() -     TAG_CHANGE Entity=GameEntity tag=NEXT_STEP value=MAIN_NEXT 
D 20:14:59.9552385 PowerTaskList.DebugPrintPower() - BLOCK_END
D 20:14:59.9552385 PowerProcessor.PrepareHistoryForCurrentTaskList() - m_currentTaskList=58
D 20:14:59.9552385 PowerProcessor.EndCurrentTaskList() - m_currentTaskList=58
D 20:14:59.9552385 PowerTaskList.DebugDump() - ID=59 ParentID=0 PreviousID=0 TaskCount=1
D 20:14:59.9552385 PowerTaskList.DebugDump() - Block Start=(null)
D 20:14:59.9552385 PowerTaskList.DebugPrintPower() -     TAG_CHANGE Entity=GameEntity tag=STEP value=MAIN_NEXT 
D 20:14:59.9552385 PowerTaskList.DebugDump() - Block End=(null)
D 20:14:59.9552385 PowerProcessor.PrepareHistoryForCurrentTaskList() - m_currentTaskList=59
D 20:14:59.9552385 PowerProcessor.EndCurrentTaskList() - m_currentTaskList=59
D 20:14:59.9552385 PowerTaskList.DebugDump() - ID=60 ParentID=0 PreviousID=0 TaskCount=15
D 20:14:59.9552385 PowerTaskList.DebugPrintPower() - BLOCK_START BlockType=TRIGGER Entity=GameEntity EffectCardId=System.Collections.Generic.List`1[System.String] EffectIndex=-1 Target=0 SubOption=-1 TriggerKeyword=TAG_NOT_SET
D 20:14:59.9552385 PowerTaskList.DebugPrintPower() -     TAG_CHANGE Entity=两仪丨九月#5670 tag=1292 value=1 
D 20:14:59.9552385 PowerTaskList.DebugPrintPower() -     TAG_CHANGE Entity=两仪丨九月#5670 tag=1292 value=0 
D 20:14:59.9552385 PowerTaskList.DebugPrintPower() -     TAG_CHANGE Entity=湫然#51704 tag=1292 value=1 
D 20:14:59.9552385 PowerTaskList.DebugPrintPower() -     TAG_CHANGE Entity=两仪丨九月#5670 tag=TIMEOUT value=55 
D 20:14:59.9552385 PowerTaskList.DebugPrintPower() -     TAG_CHANGE Entity=[entityName=黑市拍卖师 id=43 zone=HAND zonePos=1 cardId=JAIL_718 player=1] tag=NUM_TURNS_IN_HAND value=2 
D 20:14:59.9552385 PowerTaskList.DebugPrintPower() -     TAG_CHANGE Entity=[entityName=水栖形态 id=21 zone=HAND zonePos=2 cardId=TSC_654 player=1] tag=NUM_TURNS_IN_HAND value=2 
D 20:14:59.9552385 PowerTaskList.DebugPrintPower() -     TAG_CHANGE Entity=[entityName=占领冷齿矿洞 id=36 zone=HAND zonePos=3 cardId=AV_295 player=1] tag=NUM_TURNS_IN_HAND value=2 
D 20:14:59.9552385 PowerTaskList.DebugPrintPower() -     TAG_CHANGE Entity=[entityName=幸运币 id=99 zone=HAND zonePos=5 cardId=MUDAN_COIN1 player=1] tag=NUM_TURNS_IN_HAND value=2 
D 20:14:59.9552385 PowerTaskList.DebugPrintPower() -     TAG_CHANGE Entity=[entityName=黑市拍卖师 id=22 zone=HAND zonePos=4 cardId=JAIL_718 player=1] tag=NUM_TURNS_IN_HAND value=2 
D 20:14:59.9552385 PowerTaskList.DebugPrintPower() -     TAG_CHANGE Entity=两仪丨九月#5670 tag=CURRENT_PLAYER value=0 
D 20:14:59.9552385 PowerTaskList.DebugPrintPower() -     TAG_CHANGE Entity=湫然#51704 tag=CURRENT_PLAYER value=1 
D 20:14:59.9552385 PowerTaskList.DebugPrintPower() -     TAG_CHANGE Entity=GameEntity tag=TURN value=2 
D 20:14:59.9552385 PowerTaskList.DebugPrintPower() -     TAG_CHANGE Entity=GameEntity tag=1882 value=1 
D 20:14:59.9552385 PowerTaskList.DebugPrintPower() -     TAG_CHANGE Entity=湫然#51704 tag=TURN value=1 
D 20:14:59.9552385 PowerTaskList.DebugPrintPower() -     TAG_CHANGE Entity=GameEntity tag=NEXT_STEP value=MAIN_READY 
D 20:14:59.9552385 PowerTaskList.DebugPrintPower() - BLOCK_END
D 20:14:59.9552385 PowerProcessor.PrepareHistoryForCurrentTaskList() - m_currentTaskList=60
D 20:14:59.9552385 PowerProcessor.EndCurrentTaskList() - m_currentTaskList=60
D 20:14:59.9552385 PowerTaskList.DebugDump() - ID=61 ParentID=0 PreviousID=0 TaskCount=1
D 20:14:59.9552385 PowerTaskList.DebugDump() - Block Start=(null)
D 20:14:59.9552385 PowerTaskList.DebugPrintPower() -     TAG_CHANGE Entity=GameEntity tag=STEP value=MAIN_READY 
D 20:14:59.9552385 PowerTaskList.DebugDump() - Block End=(null)
D 20:14:59.9552385 PowerProcessor.PrepareHistoryForCurrentTaskList() - m_currentTaskList=61
D 20:14:59.9552385 PowerProcessor.EndCurrentTaskList() - m_currentTaskList=61
D 20:14:59.9552385 PowerTaskList.DebugDump() - ID=62 ParentID=0 PreviousID=0 TaskCount=10
D 20:14:59.9552385 PowerTaskList.DebugPrintPower() - BLOCK_START BlockType=TRIGGER Entity=湫然#51704 EffectCardId=System.Collections.Generic.List`1[System.String] EffectIndex=-1 Target=0 SubOption=-1 TriggerKeyword=TAG_NOT_SET
D 20:14:59.9552385 PowerTaskList.DebugPrintPower() -     TAG_CHANGE Entity=GameEntity tag=NUM_TURNS_IN_PLAY value=2 
D 20:14:59.9552385 PowerTaskList.DebugPrintPower() -     TAG_CHANGE Entity=湫然#51704 tag=NUM_TURNS_IN_PLAY value=2 
D 20:14:59.9552385 PowerTaskList.DebugPrintPower() -     TAG_CHANGE Entity=两仪丨九月#5670 tag=NUM_TURNS_IN_PLAY value=2 
D 20:14:59.9552385 PowerTaskList.DebugPrintPower() -     TAG_CHANGE Entity=[entityName=嘲风望月露娜拉 id=67 zone=PLAY zonePos=0 cardId=HERO_06bi player=1] tag=NUM_TURNS_IN_PLAY value=2 
D 20:14:59.9552385 PowerTaskList.DebugPrintPower() -     TAG_CHANGE Entity=[entityName=变形 id=68 zone=PLAY zonePos=0 cardId=HERO_06ebp player=1] tag=NUM_TURNS_IN_PLAY value=2 
D 20:14:59.9552385 PowerTaskList.DebugPrintPower() -     TAG_CHANGE Entity=[entityName=拉祖尔女士 id=69 zone=PLAY zonePos=0 cardId=HERO_09b player=2] tag=NUM_TURNS_IN_PLAY value=2 
D 20:14:59.9552385 PowerTaskList.DebugPrintPower() -     TAG_CHANGE Entity=[entityName=次级治疗术 id=70 zone=PLAY zonePos=0 cardId=CS1h_001_H2 player=2] tag=NUM_TURNS_IN_PLAY value=2 
D 20:14:59.9552385 PowerTaskList.DebugPrintPower() -     TAG_CHANGE Entity=湫然#51704 tag=RESOURCES value=1 
D 20:14:59.9552385 PowerTaskList.DebugPrintPower() -     TAG_CHANGE Entity=两仪丨九月#5670 tag=NUM_CARDS_DRAWN_THIS_TURN value=0 
D 20:14:59.9552385 PowerTaskList.DebugPrintPower() -     TAG_CHANGE Entity=GameEntity tag=NEXT_STEP value=MAIN_START_TRIGGERS 
D 20:14:59.9552385 PowerTaskList.DebugPrintPower() - BLOCK_END
D 20:14:59.9552385 PowerProcessor.PrepareHistoryForCurrentTaskList() - m_currentTaskList=62
D 20:14:59.9552385 PowerProcessor.EndCurrentTaskList() - m_currentTaskList=62
D 20:14:59.9552385 PowerTaskList.DebugDump() - ID=63 ParentID=0 PreviousID=0 TaskCount=1
D 20:14:59.9552385 PowerTaskList.DebugDump() - Block Start=(null)
D 20:14:59.9552385 PowerTaskList.DebugPrintPower() -     TAG_CHANGE Entity=GameEntity tag=STEP value=MAIN_START_TRIGGERS 
D 20:14:59.9552385 PowerTaskList.DebugDump() - Block End=(null)
D 20:14:59.9552385 PowerProcessor.PrepareHistoryForCurrentTaskList() - m_currentTaskList=63
D 20:14:59.9552385 PowerProcessor.EndCurrentTaskList() - m_currentTaskList=63
D 20:14:59.9552385 PowerTaskList.DebugDump() - ID=64 ParentID=0 PreviousID=0 TaskCount=1
D 20:14:59.9552385 PowerTaskList.DebugPrintPower() - BLOCK_START BlockType=TRIGGER Entity=[entityName=抱龙王噗鲁什 id=71 zone=COSMETIC zonePos=0 cardId=PET_3_3 player=2] EffectCardId=System.Collections.Generic.List`1[System.String] EffectIndex=5 Target=0 SubOption=-1 TriggerKeyword=TAG_NOT_SET
D 20:14:59.9552385 PowerTaskList.DebugPrintPower() -     TAG_CHANGE Entity=[entityName=抱龙王噗鲁什 id=71 zone=COSMETIC zonePos=0 cardId=PET_3_3 player=2] tag=PET_EVENT_ID value=11 
D 20:14:59.9552385 PowerTaskList.DebugPrintPower() - BLOCK_END
D 20:14:59.9552385 PowerProcessor.PrepareHistoryForCurrentTaskList() - m_currentTaskList=64
D 20:15:00.0417718 GameState.DebugPrintOptions() - id=3
D 20:15:00.0417718 GameState.DebugPrintOptions() -   option 0 type=END_TURN mainEntity= error=INVALID errorParam=
D 20:15:00.0417718 GameState.DebugPrintOptions() -   option 1 type=POWER mainEntity=[entityName=黑市拍卖师 id=43 zone=HAND zonePos=1 cardId=JAIL_718 player=1] error=NONE errorParam=
D 20:15:00.0417718 GameState.DebugPrintOptions() -   option 2 type=POWER mainEntity=[entityName=水栖形态 id=21 zone=HAND zonePos=2 cardId=TSC_654 player=1] error=NONE errorParam=
D 20:15:00.0417718 GameState.DebugPrintOptions() -   option 3 type=POWER mainEntity=[entityName=幸运币 id=99 zone=HAND zonePos=5 cardId=MUDAN_COIN1 player=1] error=NONE errorParam=
D 20:15:00.0417718 GameState.DebugPrintOptions() -   option 4 type=POWER mainEntity=[entityName=黑市拍卖师 id=22 zone=HAND zonePos=4 cardId=JAIL_718 player=1] error=NONE errorParam=
D 20:15:00.0417718 GameState.DebugPrintOptions() -   option 5 type=POWER mainEntity=[entityName=UNKNOWN ENTITY [cardType=INVALID] id=13 zone=DECK zonePos=0 cardId= player=1] error=NONE errorParam=
D 20:15:00.0417718 GameState.DebugPrintOptions() -     target 0 entity=[entityName=拉祖尔女士 id=69 zone=PLAY zonePos=0 cardId=HERO_09b player=2] error=NONE errorParam=
D 20:15:00.0417718 GameState.DebugPrintOptions() -     target 1 entity=[entityName=嘲风望月露娜拉 id=67 zone=PLAY zonePos=0 cardId=HERO_06bi player=1] error=REQ_ENEMY_TARGET errorParam=
D 20:15:00.0417718 GameState.DebugPrintOptions() -   option 6 type=POWER mainEntity=[entityName=黑市拍卖师 id=43 zone=HAND zonePos=1 cardId=JAIL_718 player=1] error=REQ_ENOUGH_MANA errorParam=
D 20:15:00.0417718 GameState.DebugPrintOptions() -   option 7 type=POWER mainEntity=[entityName=占领冷齿矿洞 id=36 zone=HAND zonePos=3 cardId=AV_295 player=1] error=REQ_ENOUGH_MANA errorParam=
D 20:15:00.0417718 GameState.DebugPrintOptions() -   option 8 type=POWER mainEntity=[entityName=黑市拍卖师 id=22 zone=HAND zonePos=4 cardId=JAIL_718 player=1] error=REQ_ENOUGH_MANA errorParam=
D 20:15:00.0417718 GameState.DebugPrintOptions() -   option 9 type=POWER mainEntity=[entityName=嘲风望月露娜拉 id=67 zone=PLAY zonePos=0 cardId=HERO_06bi player=1] error=REQ_ATTACK_GREATER_THAN_0 errorParam=
D 20:15:00.0417718 GameState.DebugPrintOptions() -   option 10 type=POWER mainEntity=[entityName=变形 id=68 zone=PLAY zonePos=0 cardId=HERO_06ebp player=1] error=REQ_ENOUGH_MANA errorParam=
D 20:15:00.0417718 GameState.DebugPrintOptions() -   option 11 type=POWER mainEntity=[entityName=拉祖尔女士 id=69 zone=PLAY zonePos=0 cardId=HERO_09b player=2] error=REQ_YOUR_TURN errorParam=
D 20:15:00.0417718 GameState.DebugPrintOptions() -   option 12 type=POWER mainEntity=[entityName=次级治疗术 id=70 zone=PLAY zonePos=0 cardId=CS1h_001_H2 player=2] error=REQ_YOUR_TURN errorParam=
D 20:15:01.7209635 PowerProcessor.EndCurrentTaskList() - m_currentTaskList=64
D 20:15:01.7269991 PowerTaskList.DebugDump() - ID=65 ParentID=0 PreviousID=0 TaskCount=1
D 20:15:01.7269991 PowerTaskList.DebugPrintPower() - BLOCK_START BlockType=TRIGGER Entity=湫然#51704 EffectCardId=System.Collections.Generic.List`1[System.String] EffectIndex=-1 Target=0 SubOption=-1 TriggerKeyword=TAG_NOT_SET
D 20:15:01.7269991 PowerTaskList.DebugPrintPower() -     TAG_CHANGE Entity=GameEntity tag=NEXT_STEP value=MAIN_START 
D 20:15:01.7269991 PowerTaskList.DebugPrintPower() - BLOCK_END
D 20:15:01.7269991 PowerProcessor.PrepareHistoryForCurrentTaskList() - m_currentTaskList=65
D 20:15:01.7269991 PowerProcessor.EndCurrentTaskList() - m_currentTaskList=65
D 20:15:01.7269991 PowerTaskList.DebugDump() - ID=66 ParentID=0 PreviousID=0 TaskCount=1
D 20:15:01.7269991 PowerTaskList.DebugDump() - Block Start=(null)
D 20:15:01.7269991 PowerTaskList.DebugPrintPower() -     TAG_CHANGE Entity=GameEntity tag=STEP value=MAIN_START 
D 20:15:01.7269991 PowerTaskList.DebugDump() - Block End=(null)
D 20:15:01.7269991 PowerProcessor.PrepareHistoryForCurrentTaskList() - m_currentTaskList=66
D 20:15:01.7269991 PowerProcessor.EndCurrentTaskList() - m_currentTaskList=66
D 20:15:01.7269991 PowerTaskList.DebugDump() - ID=67 ParentID=0 PreviousID=0 TaskCount=13
D 20:15:01.7269991 PowerTaskList.DebugPrintPower() - BLOCK_START BlockType=TRIGGER Entity=湫然#51704 EffectCardId=System.Collections.Generic.List`1[System.String] EffectIndex=-1 Target=0 SubOption=-1 TriggerKeyword=TAG_NOT_SET
D 20:15:01.7269991 PowerTaskList.DebugPrintPower() -     TAG_CHANGE Entity=湫然#51704 tag=2166 value=13 
D 20:15:01.7269991 PowerTaskList.DebugPrintPower() -     TAG_CHANGE Entity=湫然#51704 tag=467 value=1 
D 20:15:01.7269991 PowerTaskList.DebugPrintPower() -     SHOW_ENTITY - Updating Entity=[entityName=UNKNOWN ENTITY [cardType=INVALID] id=13 zone=DECK zonePos=0 cardId= player=1] CardID=TID_001
D 20:15:01.7269991 PowerTaskList.DebugPrintPower() -         tag=CONTROLLER value=1
D 20:15:01.7269991 PowerTaskList.DebugPrintPower() -         tag=CARDTYPE value=SPELL
D 20:15:01.7269991 PowerTaskList.DebugPrintPower() -         tag=TAG_LAST_KNOWN_COST_IN_HAND value=1
D 20:15:01.7269991 PowerTaskList.DebugPrintPower() -         tag=COST value=1
D 20:15:01.7269991 PowerTaskList.DebugPrintPower() -         tag=ZONE value=HAND
D 20:15:01.7269991 PowerTaskList.DebugPrintPower() -         tag=ENTITY_ID value=13
D 20:15:01.7269991 PowerTaskList.DebugPrintPower() -         tag=CLASS value=DRUID
D 20:15:01.7269991 PowerTaskList.DebugPrintPower() -         tag=FACTION value=NEUTRAL
D 20:15:01.7269991 PowerTaskList.DebugPrintPower() -         tag=RARITY value=COMMON
D 20:15:01.7269991 PowerTaskList.DebugPrintPower() -         tag=478 value=1
D 20:15:01.7269991 PowerTaskList.DebugPrintPower() -         tag=1037 value=1
D 20:15:01.7269991 PowerTaskList.DebugPrintPower() -         tag=1043 value=1
D 20:15:01.7269991 PowerTaskList.DebugPrintPower() -         tag=1068 value=0
D 20:15:01.7269991 PowerTaskList.DebugPrintPower() -         tag=SPAWN_TIME_COUNT value=1
D 20:15:01.7269991 PowerTaskList.DebugPrintPower() -         tag=SPELL_SCHOOL value=1
D 20:15:01.7269991 PowerTaskList.DebugPrintPower() -         tag=MINI_SET value=1
D 20:15:01.7269991 PowerTaskList.DebugPrintPower() -     TAG_CHANGE Entity=[entityName=UNKNOWN ENTITY [cardType=INVALID] id=13 zone=DECK zonePos=0 cardId= player=1] tag=NUM_TURNS_IN_HAND value=1 
D 20:15:01.7269991 PowerTaskList.DebugPrintPower() -     TAG_CHANGE Entity=[entityName=UNKNOWN ENTITY [cardType=INVALID] id=13 zone=DECK zonePos=0 cardId= player=1] tag=ZONE_POSITION value=6 
D 20:15:01.7269991 PowerTaskList.DebugPrintPower() -     TAG_CHANGE Entity=[entityName=UNKNOWN ENTITY [cardType=INVALID] id=13 zone=DECK zonePos=0 cardId= player=1] tag=ZONE_POSITION value=0 
D 20:15:01.7269991 PowerTaskList.DebugPrintPower() -     TAG_CHANGE Entity=[entityName=UNKNOWN ENTITY [cardType=INVALID] id=13 zone=DECK zonePos=0 cardId= player=1] tag=ZONE_POSITION value=6 
D 20:15:01.7269991 PowerTaskList.DebugPrintPower() -     TAG_CHANGE Entity=湫然#51704 tag=3242 value=1 
D 20:15:01.7269991 PowerTaskList.DebugPrintPower() -     TAG_CHANGE Entity=湫然#51704 tag=NUM_CARDS_DRAWN_THIS_TURN value=1 
D 20:15:01.7269991 PowerTaskList.DebugPrintPower() -     TAG_CHANGE Entity=湫然#51704 tag=995 value=1 
D 20:15:01.7269991 PowerTaskList.DebugPrintPower() -     TAG_CHANGE Entity=[entityName=UNKNOWN ENTITY [cardType=INVALID] id=13 zone=DECK zonePos=0 cardId= player=1] tag=1570 value=2 
D 20:15:01.7269991 PowerTaskList.DebugPrintPower() -     TAG_CHANGE Entity=湫然#51704 tag=467 value=0 
D 20:15:01.7269991 PowerTaskList.DebugPrintPower() -     TAG_CHANGE Entity=GameEntity tag=NEXT_STEP value=MAIN_ACTION 
D 20:15:01.7269991 PowerTaskList.DebugPrintPower() - BLOCK_END
D 20:15:01.7269991 PowerProcessor.PrepareHistoryForCurrentTaskList() - m_currentTaskList=67
D 20:15:02.2665739 PowerProcessor.EndCurrentTaskList() - m_currentTaskList=67
D 20:15:02.2758463 PowerTaskList.DebugDump() - ID=68 ParentID=0 PreviousID=0 TaskCount=1
D 20:15:02.2758463 PowerTaskList.DebugDump() - Block Start=(null)
D 20:15:02.2758463 PowerTaskList.DebugPrintPower() -     TAG_CHANGE Entity=GameEntity tag=STEP value=MAIN_ACTION 
D 20:15:02.2758463 PowerTaskList.DebugDump() - Block End=(null)
D 20:15:02.2758463 PowerProcessor.PrepareHistoryForCurrentTaskList() - m_currentTaskList=68
D 20:15:02.2758463 PowerProcessor.EndCurrentTaskList() - m_currentTaskList=68
D 20:15:02.2758463 PowerTaskList.DebugDump() - ID=69 ParentID=0 PreviousID=0 TaskCount=1
D 20:15:02.2758463 PowerTaskList.DebugPrintPower() - BLOCK_START BlockType=TRIGGER Entity=湫然#51704 EffectCardId=System.Collections.Generic.List`1[System.String] EffectIndex=-1 Target=0 SubOption=-1 TriggerKeyword=TAG_NOT_SET
D 20:15:02.2758463 PowerTaskList.DebugPrintPower() -     TAG_CHANGE Entity=GameEntity tag=NEXT_STEP value=MAIN_END 
D 20:15:02.2758463 PowerTaskList.DebugPrintPower() - BLOCK_END
D 20:15:02.2758463 PowerProcessor.PrepareHistoryForCurrentTaskList() - m_currentTaskList=69
D 20:15:02.2758463 PowerProcessor.EndCurrentTaskList() - m_currentTaskList=69
D 20:15:05.2636107 GameState.SendOption() - selectedOption=0 selectedSubOption=-1 selectedTarget=0 selectedPosition=0
D 20:15:06.1334680 GameState.DebugPrintPowerList() - Count=84
D 20:15:06.1334680 GameState.DebugPrintPower() - TAG_CHANGE Entity=GameEntity tag=STEP value=MAIN_END 
D 20:15:06.1334680 GameState.DebugPrintPower() - BLOCK_START BlockType=TRIGGER Entity=湫然#51704 EffectCardId=System.Collections.Generic.List`1[System.String] EffectIndex=-1 Target=0 SubOption=-1 TriggerKeyword=TAG_NOT_SET
D 20:15:06.1334680 GameState.DebugPrintPower() -     TAG_CHANGE Entity=GameEntity tag=NEXT_STEP value=MAIN_CLEANUP 
D 20:15:06.1334680 GameState.DebugPrintPower() - BLOCK_END
D 20:15:06.1334680 GameState.DebugPrintPower() - BLOCK_START BlockType=TRIGGER Entity=湫然#51704 EffectCardId=System.Collections.Generic.List`1[System.String] EffectIndex=-1 Target=0 SubOption=-1 TriggerKeyword=TAG_NOT_SET
D 20:15:06.1334680 GameState.DebugPrintPower() - BLOCK_END
D 20:15:06.1334680 GameState.DebugPrintPower() - BLOCK_START BlockType=TRIGGER Entity=两仪丨九月#5670 EffectCardId=System.Collections.Generic.List`1[System.String] EffectIndex=-1 Target=0 SubOption=-1 TriggerKeyword=TAG_NOT_SET
D 20:15:06.1334680 GameState.DebugPrintPower() - BLOCK_END
D 20:15:06.1334680 GameState.DebugPrintPower() - BLOCK_START BlockType=TRIGGER Entity=[entityName=抱龙王噗鲁什 id=71 zone=COSMETIC zonePos=0 cardId=PET_3_3 player=2] EffectCardId=System.Collections.Generic.List`1[System.String] EffectIndex=0 Target=0 SubOption=-1 TriggerKeyword=TAG_NOT_SET
D 20:15:06.1334680 GameState.DebugPrintPower() -     TAG_CHANGE Entity=[entityName=抱龙王噗鲁什 id=71 zone=COSMETIC zonePos=0 cardId=PET_3_3 player=2] tag=PET_EVENT_ID value=0 
D 20:15:06.1334680 GameState.DebugPrintPower() - BLOCK_END
D 20:15:06.1334680 GameState.DebugPrintPower() - TAG_CHANGE Entity=GameEntity tag=STEP value=MAIN_CLEANUP 
D 20:15:06.1334680 GameState.DebugPrintPower() - BLOCK_START BlockType=TRIGGER Entity=湫然#51704 EffectCardId=System.Collections.Generic.List`1[System.String] EffectIndex=-1 Target=0 SubOption=-1 TriggerKeyword=TAG_NOT_SET
D 20:15:06.1334680 GameState.DebugPrintPower() -     TAG_CHANGE Entity=湫然#51704 tag=1854 value=1 
D 20:15:06.1334680 GameState.DebugPrintPower() -     TAG_CHANGE Entity=GameEntity tag=NEXT_STEP value=MAIN_NEXT 
D 20:15:06.1334680 GameState.DebugPrintPower() - BLOCK_END
D 20:15:06.1334680 GameState.DebugPrintPower() - BLOCK_START BlockType=TRIGGER Entity=两仪丨九月#5670 EffectCardId=System.Collections.Generic.List`1[System.String] EffectIndex=-1 Target=0 SubOption=-1 TriggerKeyword=TAG_NOT_SET
D 20:15:06.1334680 GameState.DebugPrintPower() - BLOCK_END
D 20:15:06.1334680 GameState.DebugPrintPower() - TAG_CHANGE Entity=GameEntity tag=STEP value=MAIN_NEXT 
D 20:15:06.1334680 GameState.DebugPrintPower() - BLOCK_START BlockType=TRIGGER Entity=GameEntity EffectCardId=System.Collections.Generic.List`1[System.String] EffectIndex=-1 Target=0 SubOption=-1 TriggerKeyword=TAG_NOT_SET
D 20:15:06.1334680 GameState.DebugPrintPower() -     TAG_CHANGE Entity=湫然#51704 tag=1292 value=0 
D 20:15:06.1334680 GameState.DebugPrintPower() -     TAG_CHANGE Entity=两仪丨九月#5670 tag=1292 value=1 
D 20:15:06.1334680 GameState.DebugPrintPower() -     TAG_CHANGE Entity=湫然#51704 tag=TIMEOUT value=55 
D 20:15:06.1334680 GameState.DebugPrintPower() -     TAG_CHANGE Entity=[entityName=黑市拍卖师 id=43 zone=HAND zonePos=1 cardId=JAIL_718 player=1] tag=NUM_TURNS_IN_HAND value=3 
D 20:15:06.1334680 GameState.DebugPrintPower() -     TAG_CHANGE Entity=[entityName=水栖形态 id=21 zone=HAND zonePos=2 cardId=TSC_654 player=1] tag=NUM_TURNS_IN_HAND value=3 
D 20:15:06.1334680 GameState.DebugPrintPower() -     TAG_CHANGE Entity=[entityName=占领冷齿矿洞 id=36 zone=HAND zonePos=3 cardId=AV_295 player=1] tag=NUM_TURNS_IN_HAND value=3 
D 20:15:06.1334680 GameState.DebugPrintPower() -     TAG_CHANGE Entity=[entityName=幸运币 id=99 zone=HAND zonePos=5 cardId=MUDAN_COIN1 player=1] tag=NUM_TURNS_IN_HAND value=3 
D 20:15:06.1334680 GameState.DebugPrintPower() -     TAG_CHANGE Entity=[entityName=黑市拍卖师 id=22 zone=HAND zonePos=4 cardId=JAIL_718 player=1] tag=NUM_TURNS_IN_HAND value=3 
D 20:15:06.1334680 GameState.DebugPrintPower() -     TAG_CHANGE Entity=[entityName=月光射线 id=13 zone=HAND zonePos=6 cardId=TID_001 player=1] tag=NUM_TURNS_IN_HAND value=2 
D 20:15:06.1334680 GameState.DebugPrintPower() -     TAG_CHANGE Entity=湫然#51704 tag=CURRENT_PLAYER value=0 
D 20:15:06.1334680 GameState.DebugPrintPower() -     TAG_CHANGE Entity=两仪丨九月#5670 tag=CURRENT_PLAYER value=1 
D 20:15:06.1334680 GameState.DebugPrintPower() -     TAG_CHANGE Entity=GameEntity tag=TURN value=3 
D 20:15:06.1334680 GameState.DebugPrintPower() -     TAG_CHANGE Entity=GameEntity tag=1882 value=2 
D 20:15:06.1334680 GameState.DebugPrintPower() -     TAG_CHANGE Entity=两仪丨九月#5670 tag=TURN value=2 
D 20:15:06.1334680 GameState.DebugPrintPower() -     TAG_CHANGE Entity=GameEntity tag=NEXT_STEP value=MAIN_READY 
D 20:15:06.1334680 GameState.DebugPrintPower() - BLOCK_END
D 20:15:06.1334680 GameState.DebugPrintPower() - TAG_CHANGE Entity=GameEntity tag=STEP value=MAIN_READY 
D 20:15:06.1334680 GameState.DebugPrintPower() - BLOCK_START BlockType=TRIGGER Entity=两仪丨九月#5670 EffectCardId=System.Collections.Generic.List`1[System.String] EffectIndex=-1 Target=0 SubOption=-1 TriggerKeyword=TAG_NOT_SET
D 20:15:06.1334680 GameState.DebugPrintPower() -     TAG_CHANGE Entity=GameEntity tag=NUM_TURNS_IN_PLAY value=3 
D 20:15:06.1334680 GameState.DebugPrintPower() -     TAG_CHANGE Entity=湫然#51704 tag=NUM_TURNS_IN_PLAY value=3 
D 20:15:06.1334680 GameState.DebugPrintPower() -     TAG_CHANGE Entity=两仪丨九月#5670 tag=NUM_TURNS_IN_PLAY value=3 
D 20:15:06.1334680 GameState.DebugPrintPower() -     TAG_CHANGE Entity=[entityName=嘲风望月露娜拉 id=67 zone=PLAY zonePos=0 cardId=HERO_06bi player=1] tag=NUM_TURNS_IN_PLAY value=3 
D 20:15:06.1334680 GameState.DebugPrintPower() -     TAG_CHANGE Entity=[entityName=变形 id=68 zone=PLAY zonePos=0 cardId=HERO_06ebp player=1] tag=NUM_TURNS_IN_PLAY value=3 
D 20:15:06.1334680 GameState.DebugPrintPower() -     TAG_CHANGE Entity=[entityName=拉祖尔女士 id=69 zone=PLAY zonePos=0 cardId=HERO_09b player=2] tag=NUM_TURNS_IN_PLAY value=3 
D 20:15:06.1334680 GameState.DebugPrintPower() -     TAG_CHANGE Entity=[entityName=次级治疗术 id=70 zone=PLAY zonePos=0 cardId=CS1h_001_H2 player=2] tag=NUM_TURNS_IN_PLAY value=3 
D 20:15:06.1334680 GameState.DebugPrintPower() -     TAG_CHANGE Entity=两仪丨九月#5670 tag=RESOURCES value=2 
D 20:15:06.1334680 GameState.DebugPrintPower() -     TAG_CHANGE Entity=两仪丨九月#5670 tag=RESOURCES_USED value=0 
D 20:15:06.1334680 GameState.DebugPrintPower() -     TAG_CHANGE Entity=两仪丨九月#5670 tag=NUM_CARDS_PLAYED_THIS_TURN value=0 
D 20:15:06.1334680 GameState.DebugPrintPower() -     TAG_CHANGE Entity=两仪丨九月#5670 tag=NUM_OPTIONS_PLAYED_THIS_TURN value=0 
D 20:15:06.1334680 GameState.DebugPrintPower() -     TAG_CHANGE Entity=两仪丨九月#5670 tag=430 value=0 
D 20:15:06.1334680 GameState.DebugPrintPower() -     TAG_CHANGE Entity=两仪丨九月#5670 tag=3242 value=0 
D 20:15:06.1334680 GameState.DebugPrintPower() -     TAG_CHANGE Entity=湫然#51704 tag=NUM_CARDS_DRAWN_THIS_TURN value=0 
D 20:15:06.1334680 GameState.DebugPrintPower() -     TAG_CHANGE Entity=GameEntity tag=NEXT_STEP value=MAIN_START_TRIGGERS 
D 20:15:06.1334680 GameState.DebugPrintPower() - BLOCK_END
D 20:15:06.1334680 GameState.DebugPrintPower() - TAG_CHANGE Entity=GameEntity tag=STEP value=MAIN_START_TRIGGERS 
D 20:15:06.1334680 GameState.DebugPrintPower() - BLOCK_START BlockType=TRIGGER Entity=[entityName=抱龙王噗鲁什 id=71 zone=COSMETIC zonePos=0 cardId=PET_3_3 player=2] EffectCardId=System.Collections.Generic.List`1[System.String] EffectIndex=35 Target=0 SubOption=-1 TriggerKeyword=TAG_NOT_SET
D 20:15:06.1334680 GameState.DebugPrintPower() - BLOCK_END
D 20:15:06.1334680 GameState.DebugPrintPower() - BLOCK_START BlockType=TRIGGER Entity=[entityName=抱龙王噗鲁什 id=71 zone=COSMETIC zonePos=0 cardId=PET_3_3 player=2] EffectCardId=System.Collections.Generic.List`1[System.String] EffectIndex=5 Target=0 SubOption=-1 TriggerKeyword=TAG_NOT_SET
D 20:15:06.1334680 GameState.DebugPrintPower() -     TAG_CHANGE Entity=[entityName=抱龙王噗鲁什 id=71 zone=COSMETIC zonePos=0 cardId=PET_3_3 player=2] tag=PET_EVENT_ID value=12 
D 20:15:06.1334680 GameState.DebugPrintPower() - BLOCK_END
D 20:15:06.1334680 GameState.DebugPrintPower() - BLOCK_START BlockType=TRIGGER Entity=两仪丨九月#5670 EffectCardId=System.Collections.Generic.List`1[System.String] EffectIndex=-1 Target=0 SubOption=-1 TriggerKeyword=TAG_NOT_SET
D 20:15:06.1334680 GameState.DebugPrintPower() -     TAG_CHANGE Entity=GameEntity tag=NEXT_STEP value=MAIN_START 
D 20:15:06.1334680 GameState.DebugPrintPower() - BLOCK_END
D 20:15:06.1334680 GameState.DebugPrintPower() - TAG_CHANGE Entity=GameEntity tag=STEP value=MAIN_START 
D 20:15:06.1334680 GameState.DebugPrintPower() - BLOCK_START BlockType=TRIGGER Entity=两仪丨九月#5670 EffectCardId=System.Collections.Generic.List`1[System.String] EffectIndex=-1 Target=0 SubOption=-1 TriggerKeyword=TAG_NOT_SET
D 20:15:06.1334680 GameState.DebugPrintPower() -     TAG_CHANGE Entity=两仪丨九月#5670 tag=2166 value=80 
D 20:15:06.1334680 GameState.DebugPrintPower() -     TAG_CHANGE Entity=两仪丨九月#5670 tag=467 value=1 
D 20:15:06.1334680 GameState.DebugPrintPower() -     TAG_CHANGE Entity=[entityName=UNKNOWN ENTITY [cardType=INVALID] id=80 zone=DECK zonePos=0 cardId= player=2] tag=ZONE value=HAND 
D 20:15:06.1334680 GameState.DebugPrintPower() -     TAG_CHANGE Entity=[entityName=UNKNOWN ENTITY [cardType=INVALID] id=80 zone=DECK zonePos=0 cardId= player=2] tag=ZONE_POSITION value=5 
D 20:15:06.1334680 GameState.DebugPrintPower() -     TAG_CHANGE Entity=[entityName=UNKNOWN ENTITY [cardType=INVALID] id=80 zone=DECK zonePos=0 cardId= player=2] tag=ZONE_POSITION value=0 
D 20:15:06.1334680 GameState.DebugPrintPower() -     TAG_CHANGE Entity=[entityName=UNKNOWN ENTITY [cardType=INVALID] id=80 zone=DECK zonePos=0 cardId= player=2] tag=ZONE_POSITION value=5 
D 20:15:06.1334680 GameState.DebugPrintPower() -     TAG_CHANGE Entity=两仪丨九月#5670 tag=3242 value=1 
D 20:15:06.1334680 GameState.DebugPrintPower() -     TAG_CHANGE Entity=两仪丨九月#5670 tag=NUM_CARDS_DRAWN_THIS_TURN value=1 
D 20:15:06.1334680 GameState.DebugPrintPower() -     TAG_CHANGE Entity=两仪丨九月#5670 tag=995 value=3 
D 20:15:06.1334680 GameState.DebugPrintPower() -     BLOCK_START BlockType=TRIGGER Entity=[entityName=抱龙王噗鲁什 id=71 zone=COSMETIC zonePos=0 cardId=PET_3_3 player=2] EffectCardId=System.Collections.Generic.List`1[System.String] EffectIndex=28 Target=0 SubOption=-1 TriggerKeyword=TAG_NOT_SET
D 20:15:06.1334680 GameState.DebugPrintPower() -         TAG_CHANGE Entity=[entityName=抱龙王噗鲁什 id=71 zone=COSMETIC zonePos=0 cardId=PET_3_3 player=2] tag=PET_EVENT_ID value=0 
D 20:15:06.1334680 GameState.DebugPrintPower() -     BLOCK_END
D 20:15:06.1334680 GameState.DebugPrintPower() -     TAG_CHANGE Entity=两仪丨九月#5670 tag=467 value=0 
D 20:15:06.1334680 GameState.DebugPrintPower() -     TAG_CHANGE Entity=GameEntity tag=NEXT_STEP value=MAIN_ACTION 
D 20:15:06.1334680 GameState.DebugPrintPower() - BLOCK_END
D 20:15:06.1334680 GameState.DebugPrintPower() - TAG_CHANGE Entity=GameEntity tag=STEP value=MAIN_ACTION 
D 20:15:06.1334680 GameState.DebugPrintPower() - BLOCK_START BlockType=TRIGGER Entity=两仪丨九月#5670 EffectCardId=System.Collections.Generic.List`1[System.String] EffectIndex=-1 Target=0 SubOption=-1 TriggerKeyword=TAG_NOT_SET
D 20:15:06.1334680 GameState.DebugPrintPower() -     TAG_CHANGE Entity=GameEntity tag=NEXT_STEP value=MAIN_END 
D 20:15:06.1334680 GameState.DebugPrintPower() - BLOCK_END
D 20:15:06.1334680 PowerTaskList.DebugDump() - ID=70 ParentID=0 PreviousID=0 TaskCount=1
D 20:15:06.1334680 PowerTaskList.DebugDump() - Block Start=(null)
D 20:15:06.1334680 PowerTaskList.DebugPrintPower() -     TAG_CHANGE Entity=GameEntity tag=STEP value=MAIN_END 
D 20:15:06.1334680 PowerTaskList.DebugDump() - Block End=(null)
D 20:15:06.1334680 PowerProcessor.PrepareHistoryForCurrentTaskList() - m_currentTaskList=70
D 20:15:06.1334680 PowerProcessor.EndCurrentTaskList() - m_currentTaskList=70
D 20:15:06.1334680 PowerTaskList.DebugDump() - ID=71 ParentID=70 PreviousID=0 TaskCount=1
D 20:15:06.1334680 PowerTaskList.DebugPrintPower() - BLOCK_START BlockType=TRIGGER Entity=湫然#51704 EffectCardId=System.Collections.Generic.List`1[System.String] EffectIndex=-1 Target=0 SubOption=-1 TriggerKeyword=TAG_NOT_SET
D 20:15:06.1334680 PowerTaskList.DebugPrintPower() -     TAG_CHANGE Entity=GameEntity tag=NEXT_STEP value=MAIN_CLEANUP 
D 20:15:06.1334680 PowerTaskList.DebugPrintPower() - BLOCK_END
D 20:15:06.1334680 PowerProcessor.PrepareHistoryForCurrentTaskList() - m_currentTaskList=71
D 20:15:06.1334680 PowerProcessor.EndCurrentTaskList() - m_currentTaskList=71
D 20:15:06.1334680 PowerTaskList.DebugDump() - ID=72 ParentID=0 PreviousID=0 TaskCount=0
D 20:15:06.1334680 PowerTaskList.DebugPrintPower() - BLOCK_START BlockType=TRIGGER Entity=湫然#51704 EffectCardId=System.Collections.Generic.List`1[System.String] EffectIndex=-1 Target=0 SubOption=-1 TriggerKeyword=TAG_NOT_SET
D 20:15:06.1334680 PowerTaskList.DebugPrintPower() - BLOCK_END
D 20:15:06.1334680 PowerProcessor.PrepareHistoryForCurrentTaskList() - m_currentTaskList=72
D 20:15:06.1334680 PowerProcessor.EndCurrentTaskList() - m_currentTaskList=72
D 20:15:06.1334680 PowerTaskList.DebugDump() - ID=73 ParentID=0 PreviousID=0 TaskCount=0
D 20:15:06.1334680 PowerTaskList.DebugPrintPower() - BLOCK_START BlockType=TRIGGER Entity=两仪丨九月#5670 EffectCardId=System.Collections.Generic.List`1[System.String] EffectIndex=-1 Target=0 SubOption=-1 TriggerKeyword=TAG_NOT_SET
D 20:15:06.1334680 PowerTaskList.DebugPrintPower() - BLOCK_END
D 20:15:06.1334680 PowerProcessor.PrepareHistoryForCurrentTaskList() - m_currentTaskList=73
D 20:15:06.1334680 PowerProcessor.EndCurrentTaskList() - m_currentTaskList=73
D 20:15:06.1334680 PowerTaskList.DebugDump() - ID=74 ParentID=0 PreviousID=0 TaskCount=1
D 20:15:06.1334680 PowerTaskList.DebugPrintPower() - BLOCK_START BlockType=TRIGGER Entity=[entityName=抱龙王噗鲁什 id=71 zone=COSMETIC zonePos=0 cardId=PET_3_3 player=2] EffectCardId=System.Collections.Generic.List`1[System.String] EffectIndex=0 Target=0 SubOption=-1 TriggerKeyword=TAG_NOT_SET
D 20:15:06.1334680 PowerTaskList.DebugPrintPower() -     TAG_CHANGE Entity=[entityName=抱龙王噗鲁什 id=71 zone=COSMETIC zonePos=0 cardId=PET_3_3 player=2] tag=PET_EVENT_ID value=0 
D 20:15:06.1334680 PowerTaskList.DebugPrintPower() - BLOCK_END
D 20:15:06.1334680 PowerProcessor.PrepareHistoryForCurrentTaskList() - m_currentTaskList=74
D 20:15:06.1334680 PowerProcessor.EndCurrentTaskList() - m_currentTaskList=74
D 20:15:06.1334680 PowerTaskList.DebugDump() - ID=75 ParentID=0 PreviousID=0 TaskCount=1
D 20:15:06.1334680 PowerTaskList.DebugDump() - Block Start=(null)
D 20:15:06.1334680 PowerTaskList.DebugPrintPower() -     TAG_CHANGE Entity=GameEntity tag=STEP value=MAIN_CLEANUP 
D 20:15:06.1334680 PowerTaskList.DebugDump() - Block End=(null)
D 20:15:06.1334680 PowerProcessor.PrepareHistoryForCurrentTaskList() - m_currentTaskList=75
D 20:15:06.1334680 PowerProcessor.EndCurrentTaskList() - m_currentTaskList=75
D 20:15:06.1334680 PowerTaskList.DebugDump() - ID=76 ParentID=0 PreviousID=0 TaskCount=2
D 20:15:06.1334680 PowerTaskList.DebugPrintPower() - BLOCK_START BlockType=TRIGGER Entity=湫然#51704 EffectCardId=System.Collections.Generic.List`1[System.String] EffectIndex=-1 Target=0 SubOption=-1 TriggerKeyword=TAG_NOT_SET
D 20:15:06.1334680 PowerTaskList.DebugPrintPower() -     TAG_CHANGE Entity=湫然#51704 tag=1854 value=1 
D 20:15:06.1334680 PowerTaskList.DebugPrintPower() -     TAG_CHANGE Entity=GameEntity tag=NEXT_STEP value=MAIN_NEXT 
D 20:15:06.1334680 PowerTaskList.DebugPrintPower() - BLOCK_END
D 20:15:06.1334680 PowerProcessor.PrepareHistoryForCurrentTaskList() - m_currentTaskList=76
D 20:15:06.1334680 PowerProcessor.EndCurrentTaskList() - m_currentTaskList=76
D 20:15:06.1334680 PowerTaskList.DebugDump() - ID=77 ParentID=0 PreviousID=0 TaskCount=0
D 20:15:06.1334680 PowerTaskList.DebugPrintPower() - BLOCK_START BlockType=TRIGGER Entity=两仪丨九月#5670 EffectCardId=System.Collections.Generic.List`1[System.String] EffectIndex=-1 Target=0 SubOption=-1 TriggerKeyword=TAG_NOT_SET
D 20:15:06.1334680 PowerTaskList.DebugPrintPower() - BLOCK_END
D 20:15:06.1334680 PowerProcessor.PrepareHistoryForCurrentTaskList() - m_currentTaskList=77
D 20:15:06.1334680 PowerProcessor.EndCurrentTaskList() - m_currentTaskList=77
D 20:15:06.1334680 PowerTaskList.DebugDump() - ID=78 ParentID=0 PreviousID=0 TaskCount=1
D 20:15:06.1334680 PowerTaskList.DebugDump() - Block Start=(null)
D 20:15:06.1334680 PowerTaskList.DebugPrintPower() -     TAG_CHANGE Entity=GameEntity tag=STEP value=MAIN_NEXT 
D 20:15:06.1334680 PowerTaskList.DebugDump() - Block End=(null)
D 20:15:06.1334680 PowerProcessor.PrepareHistoryForCurrentTaskList() - m_currentTaskList=78
D 20:15:06.1334680 PowerProcessor.EndCurrentTaskList() - m_currentTaskList=78
D 20:15:06.1334680 PowerTaskList.DebugDump() - ID=79 ParentID=0 PreviousID=0 TaskCount=15
D 20:15:06.1334680 PowerTaskList.DebugPrintPower() - BLOCK_START BlockType=TRIGGER Entity=GameEntity EffectCardId=System.Collections.Generic.List`1[System.String] EffectIndex=-1 Target=0 SubOption=-1 TriggerKeyword=TAG_NOT_SET
D 20:15:06.1334680 PowerTaskList.DebugPrintPower() -     TAG_CHANGE Entity=湫然#51704 tag=1292 value=0 
D 20:15:06.1334680 PowerTaskList.DebugPrintPower() -     TAG_CHANGE Entity=两仪丨九月#5670 tag=1292 value=1 
D 20:15:06.1334680 PowerTaskList.DebugPrintPower() -     TAG_CHANGE Entity=湫然#51704 tag=TIMEOUT value=55 
D 20:15:06.1334680 PowerTaskList.DebugPrintPower() -     TAG_CHANGE Entity=[entityName=黑市拍卖师 id=43 zone=HAND zonePos=1 cardId=JAIL_718 player=1] tag=NUM_TURNS_IN_HAND value=3 
D 20:15:06.1334680 PowerTaskList.DebugPrintPower() -     TAG_CHANGE Entity=[entityName=水栖形态 id=21 zone=HAND zonePos=2 cardId=TSC_654 player=1] tag=NUM_TURNS_IN_HAND value=3 
D 20:15:06.1334680 PowerTaskList.DebugPrintPower() -     TAG_CHANGE Entity=[entityName=占领冷齿矿洞 id=36 zone=HAND zonePos=3 cardId=AV_295 player=1] tag=NUM_TURNS_IN_HAND value=3 
D 20:15:06.1334680 PowerTaskList.DebugPrintPower() -     TAG_CHANGE Entity=[entityName=幸运币 id=99 zone=HAND zonePos=5 cardId=MUDAN_COIN1 player=1] tag=NUM_TURNS_IN_HAND value=3 
D 20:15:06.1334680 PowerTaskList.DebugPrintPower() -     TAG_CHANGE Entity=[entityName=黑市拍卖师 id=22 zone=HAND zonePos=4 cardId=JAIL_718 player=1] tag=NUM_TURNS_IN_HAND value=3 
D 20:15:06.1334680 PowerTaskList.DebugPrintPower() -     TAG_CHANGE Entity=[entityName=月光射线 id=13 zone=HAND zonePos=6 cardId=TID_001 player=1] tag=NUM_TURNS_IN_HAND value=2 
D 20:15:06.1334680 PowerTaskList.DebugPrintPower() -     TAG_CHANGE Entity=湫然#51704 tag=CURRENT_PLAYER value=0 
D 20:15:06.1334680 PowerTaskList.DebugPrintPower() -     TAG_CHANGE Entity=两仪丨九月#5670 tag=CURRENT_PLAYER value=1 
D 20:15:06.1334680 PowerTaskList.DebugPrintPower() -     TAG_CHANGE Entity=GameEntity tag=TURN value=3 
D 20:15:06.1334680 PowerTaskList.DebugPrintPower() -     TAG_CHANGE Entity=GameEntity tag=1882 value=2 
D 20:15:06.1334680 PowerTaskList.DebugPrintPower() -     TAG_CHANGE Entity=两仪丨九月#5670 tag=TURN value=2 
D 20:15:06.1334680 PowerTaskList.DebugPrintPower() -     TAG_CHANGE Entity=GameEntity tag=NEXT_STEP value=MAIN_READY 
D 20:15:06.1334680 PowerTaskList.DebugPrintPower() - BLOCK_END
D 20:15:06.1334680 PowerProcessor.PrepareHistoryForCurrentTaskList() - m_currentTaskList=79
D 20:15:06.1334680 PowerProcessor.EndCurrentTaskList() - m_currentTaskList=79
D 20:15:06.1334680 PowerTaskList.DebugDump() - ID=80 ParentID=0 PreviousID=0 TaskCount=1
D 20:15:06.1334680 PowerTaskList.DebugDump() - Block Start=(null)
D 20:15:06.1334680 PowerTaskList.DebugPrintPower() -     TAG_CHANGE Entity=GameEntity tag=STEP value=MAIN_READY 
D 20:15:06.1334680 PowerTaskList.DebugDump() - Block End=(null)
D 20:15:06.1334680 PowerProcessor.PrepareHistoryForCurrentTaskList() - m_currentTaskList=80
D 20:15:06.1334680 PowerProcessor.EndCurrentTaskList() - m_currentTaskList=80
D 20:15:06.1334680 PowerTaskList.DebugDump() - ID=81 ParentID=0 PreviousID=0 TaskCount=15
D 20:15:06.1334680 PowerTaskList.DebugPrintPower() - BLOCK_START BlockType=TRIGGER Entity=两仪丨九月#5670 EffectCardId=System.Collections.Generic.List`1[System.String] EffectIndex=-1 Target=0 SubOption=-1 TriggerKeyword=TAG_NOT_SET
D 20:15:06.1334680 PowerTaskList.DebugPrintPower() -     TAG_CHANGE Entity=GameEntity tag=NUM_TURNS_IN_PLAY value=3 
D 20:15:06.1334680 PowerTaskList.DebugPrintPower() -     TAG_CHANGE Entity=湫然#51704 tag=NUM_TURNS_IN_PLAY value=3 
D 20:15:06.1334680 PowerTaskList.DebugPrintPower() -     TAG_CHANGE Entity=两仪丨九月#5670 tag=NUM_TURNS_IN_PLAY value=3 
D 20:15:06.1334680 PowerTaskList.DebugPrintPower() -     TAG_CHANGE Entity=[entityName=嘲风望月露娜拉 id=67 zone=PLAY zonePos=0 cardId=HERO_06bi player=1] tag=NUM_TURNS_IN_PLAY value=3 
D 20:15:06.1334680 PowerTaskList.DebugPrintPower() -     TAG_CHANGE Entity=[entityName=变形 id=68 zone=PLAY zonePos=0 cardId=HERO_06ebp player=1] tag=NUM_TURNS_IN_PLAY value=3 
D 20:15:06.1334680 PowerTaskList.DebugPrintPower() -     TAG_CHANGE Entity=[entityName=拉祖尔女士 id=69 zone=PLAY zonePos=0 cardId=HERO_09b player=2] tag=NUM_TURNS_IN_PLAY value=3 
D 20:15:06.1334680 PowerTaskList.DebugPrintPower() -     TAG_CHANGE Entity=[entityName=次级治疗术 id=70 zone=PLAY zonePos=0 cardId=CS1h_001_H2 player=2] tag=NUM_TURNS_IN_PLAY value=3 
D 20:15:06.1334680 PowerTaskList.DebugPrintPower() -     TAG_CHANGE Entity=两仪丨九月#5670 tag=RESOURCES value=2 
D 20:15:06.1334680 PowerTaskList.DebugPrintPower() -     TAG_CHANGE Entity=两仪丨九月#5670 tag=RESOURCES_USED value=0 
D 20:15:06.1334680 PowerTaskList.DebugPrintPower() -     TAG_CHANGE Entity=两仪丨九月#5670 tag=NUM_CARDS_PLAYED_THIS_TURN value=0 
D 20:15:06.1334680 PowerTaskList.DebugPrintPower() -     TAG_CHANGE Entity=两仪丨九月#5670 tag=NUM_OPTIONS_PLAYED_THIS_TURN value=0 
D 20:15:06.1334680 PowerTaskList.DebugPrintPower() -     TAG_CHANGE Entity=两仪丨九月#5670 tag=430 value=0 
D 20:15:06.1334680 PowerTaskList.DebugPrintPower() -     TAG_CHANGE Entity=两仪丨九月#5670 tag=3242 value=0 
D 20:15:06.1334680 PowerTaskList.DebugPrintPower() -     TAG_CHANGE Entity=湫然#51704 tag=NUM_CARDS_DRAWN_THIS_TURN value=0 
D 20:15:06.1334680 PowerTaskList.DebugPrintPower() -     TAG_CHANGE Entity=GameEntity tag=NEXT_STEP value=MAIN_START_TRIGGERS 
D 20:15:06.1334680 PowerTaskList.DebugPrintPower() - BLOCK_END
D 20:15:06.1334680 PowerProcessor.PrepareHistoryForCurrentTaskList() - m_currentTaskList=81
D 20:15:06.1334680 PowerProcessor.EndCurrentTaskList() - m_currentTaskList=81
D 20:15:06.1334680 PowerTaskList.DebugDump() - ID=82 ParentID=0 PreviousID=0 TaskCount=1
D 20:15:06.1334680 PowerTaskList.DebugDump() - Block Start=(null)
D 20:15:06.1334680 PowerTaskList.DebugPrintPower() -     TAG_CHANGE Entity=GameEntity tag=STEP value=MAIN_START_TRIGGERS 
D 20:15:06.1334680 PowerTaskList.DebugDump() - Block End=(null)
D 20:15:06.1334680 PowerProcessor.PrepareHistoryForCurrentTaskList() - m_currentTaskList=82
D 20:15:06.1334680 PowerProcessor.EndCurrentTaskList() - m_currentTaskList=82
D 20:15:06.1334680 PowerTaskList.DebugDump() - ID=83 ParentID=0 PreviousID=0 TaskCount=0
D 20:15:06.1334680 PowerTaskList.DebugPrintPower() - BLOCK_START BlockType=TRIGGER Entity=[entityName=抱龙王噗鲁什 id=71 zone=COSMETIC zonePos=0 cardId=PET_3_3 player=2] EffectCardId=System.Collections.Generic.List`1[System.String] EffectIndex=35 Target=0 SubOption=-1 TriggerKeyword=TAG_NOT_SET
D 20:15:06.1334680 PowerTaskList.DebugPrintPower() - BLOCK_END
D 20:15:06.1334680 PowerProcessor.PrepareHistoryForCurrentTaskList() - m_currentTaskList=83
D 20:15:06.1334680 PowerProcessor.EndCurrentTaskList() - m_currentTaskList=83
D 20:15:06.1334680 PowerTaskList.DebugDump() - ID=84 ParentID=0 PreviousID=0 TaskCount=1
D 20:15:06.1334680 PowerTaskList.DebugPrintPower() - BLOCK_START BlockType=TRIGGER Entity=[entityName=抱龙王噗鲁什 id=71 zone=COSMETIC zonePos=0 cardId=PET_3_3 player=2] EffectCardId=System.Collections.Generic.List`1[System.String] EffectIndex=5 Target=0 SubOption=-1 TriggerKeyword=TAG_NOT_SET
D 20:15:06.1334680 PowerTaskList.DebugPrintPower() -     TAG_CHANGE Entity=[entityName=抱龙王噗鲁什 id=71 zone=COSMETIC zonePos=0 cardId=PET_3_3 player=2] tag=PET_EVENT_ID value=12 
D 20:15:06.1334680 PowerTaskList.DebugPrintPower() - BLOCK_END
D 20:15:06.1334680 PowerProcessor.PrepareHistoryForCurrentTaskList() - m_currentTaskList=84
D 20:15:06.1334680 PowerProcessor.EndCurrentTaskList() - m_currentTaskList=84
D 20:15:06.1334680 PowerTaskList.DebugDump() - ID=85 ParentID=0 PreviousID=0 TaskCount=1
D 20:15:06.1334680 PowerTaskList.DebugPrintPower() - BLOCK_START BlockType=TRIGGER Entity=两仪丨九月#5670 EffectCardId=System.Collections.Generic.List`1[System.String] EffectIndex=-1 Target=0 SubOption=-1 TriggerKeyword=TAG_NOT_SET
D 20:15:06.1334680 PowerTaskList.DebugPrintPower() -     TAG_CHANGE Entity=GameEntity tag=NEXT_STEP value=MAIN_START 
D 20:15:06.1334680 PowerTaskList.DebugPrintPower() - BLOCK_END
D 20:15:06.1334680 PowerProcessor.PrepareHistoryForCurrentTaskList() - m_currentTaskList=85
D 20:15:06.1334680 PowerProcessor.EndCurrentTaskList() - m_currentTaskList=85
D 20:15:06.1334680 PowerTaskList.DebugDump() - ID=86 ParentID=0 PreviousID=0 TaskCount=1
D 20:15:06.1334680 PowerTaskList.DebugDump() - Block Start=(null)
D 20:15:06.1334680 PowerTaskList.DebugPrintPower() -     TAG_CHANGE Entity=GameEntity tag=STEP value=MAIN_START 
D 20:15:06.1334680 PowerTaskList.DebugDump() - Block End=(null)
D 20:15:06.1334680 PowerProcessor.PrepareHistoryForCurrentTaskList() - m_currentTaskList=86
D 20:15:06.1334680 PowerProcessor.EndCurrentTaskList() - m_currentTaskList=86
D 20:15:06.1334680 PowerTaskList.DebugDump() - ID=87 ParentID=0 PreviousID=0 TaskCount=11
D 20:15:06.1334680 PowerTaskList.DebugPrintPower() - BLOCK_START BlockType=TRIGGER Entity=两仪丨九月#5670 EffectCardId=System.Collections.Generic.List`1[System.String] EffectIndex=-1 Target=0 SubOption=-1 TriggerKeyword=TAG_NOT_SET
D 20:15:06.1334680 PowerTaskList.DebugPrintPower() -     TAG_CHANGE Entity=两仪丨九月#5670 tag=2166 value=80 
D 20:15:06.1334680 PowerTaskList.DebugPrintPower() -     TAG_CHANGE Entity=两仪丨九月#5670 tag=467 value=1 
D 20:15:06.1334680 PowerTaskList.DebugPrintPower() -     TAG_CHANGE Entity=[entityName=UNKNOWN ENTITY [cardType=INVALID] id=80 zone=DECK zonePos=0 cardId= player=2] tag=ZONE value=HAND 
D 20:15:06.1334680 PowerTaskList.DebugPrintPower() -     TAG_CHANGE Entity=[entityName=UNKNOWN ENTITY [cardType=INVALID] id=80 zone=DECK zonePos=0 cardId= player=2] tag=ZONE_POSITION value=5 
D 20:15:06.1334680 PowerTaskList.DebugPrintPower() -     TAG_CHANGE Entity=[entityName=UNKNOWN ENTITY [cardType=INVALID] id=80 zone=DECK zonePos=0 cardId= player=2] tag=ZONE_POSITION value=0 
D 20:15:06.1334680 PowerTaskList.DebugPrintPower() -     TAG_CHANGE Entity=[entityName=UNKNOWN ENTITY [cardType=INVALID] id=80 zone=DECK zonePos=0 cardId= player=2] tag=ZONE_POSITION value=5 
D 20:15:06.1334680 PowerTaskList.DebugPrintPower() -     TAG_CHANGE Entity=两仪丨九月#5670 tag=3242 value=1 
D 20:15:06.1334680 PowerTaskList.DebugPrintPower() -     TAG_CHANGE Entity=两仪丨九月#5670 tag=NUM_CARDS_DRAWN_THIS_TURN value=1 
D 20:15:06.1334680 PowerTaskList.DebugPrintPower() -     TAG_CHANGE Entity=两仪丨九月#5670 tag=995 value=3 
D 20:15:06.1334680 PowerTaskList.DebugPrintPower() -     TAG_CHANGE Entity=两仪丨九月#5670 tag=467 value=0 
D 20:15:06.1334680 PowerTaskList.DebugPrintPower() -     TAG_CHANGE Entity=GameEntity tag=NEXT_STEP value=MAIN_ACTION 
D 20:15:06.1334680 PowerTaskList.DebugPrintPower() - BLOCK_END
D 20:15:06.1334680 PowerProcessor.PrepareHistoryForCurrentTaskList() - m_currentTaskList=87
D 20:15:07.6762076 PowerProcessor.EndCurrentTaskList() - m_currentTaskList=87
D 20:15:07.6823693 PowerTaskList.DebugDump() - ID=89 ParentID=87 PreviousID=0 TaskCount=1
D 20:15:07.6823693 PowerTaskList.DebugPrintPower() - BLOCK_START BlockType=TRIGGER Entity=[entityName=抱龙王噗鲁什 id=71 zone=COSMETIC zonePos=0 cardId=PET_3_3 player=2] EffectCardId=System.Collections.Generic.List`1[System.String] EffectIndex=28 Target=0 SubOption=-1 TriggerKeyword=TAG_NOT_SET
D 20:15:07.6823693 PowerTaskList.DebugPrintPower() -     TAG_CHANGE Entity=[entityName=抱龙王噗鲁什 id=71 zone=COSMETIC zonePos=0 cardId=PET_3_3 player=2] tag=PET_EVENT_ID value=0 
D 20:15:07.6823693 PowerTaskList.DebugPrintPower() - BLOCK_END
D 20:15:07.6823693 PowerProcessor.PrepareHistoryForCurrentTaskList() - m_currentTaskList=89
D 20:15:07.6823693 PowerProcessor.EndCurrentTaskList() - m_currentTaskList=89
D 20:15:07.6823693 PowerTaskList.DebugDump() - ID=90 ParentID=0 PreviousID=0 TaskCount=1
D 20:15:07.6823693 PowerTaskList.DebugDump() - Block Start=(null)
D 20:15:07.6823693 PowerTaskList.DebugPrintPower() -     TAG_CHANGE Entity=GameEntity tag=STEP value=MAIN_ACTION 
D 20:15:07.6823693 PowerTaskList.DebugDump() - Block End=(null)
D 20:15:07.6823693 PowerProcessor.PrepareHistoryForCurrentTaskList() - m_currentTaskList=90
D 20:15:07.6823693 PowerProcessor.EndCurrentTaskList() - m_currentTaskList=90
D 20:15:07.6823693 PowerTaskList.DebugDump() - ID=91 ParentID=0 PreviousID=0 TaskCount=1
D 20:15:07.6823693 PowerTaskList.DebugPrintPower() - BLOCK_START BlockType=TRIGGER Entity=两仪丨九月#5670 EffectCardId=System.Collections.Generic.List`1[System.String] EffectIndex=-1 Target=0 SubOption=-1 TriggerKeyword=TAG_NOT_SET
D 20:15:07.6823693 PowerTaskList.DebugPrintPower() -     TAG_CHANGE Entity=GameEntity tag=NEXT_STEP value=MAIN_END 
D 20:15:07.6823693 PowerTaskList.DebugPrintPower() - BLOCK_END
D 20:15:07.6823693 PowerProcessor.PrepareHistoryForCurrentTaskList() - m_currentTaskList=91
D 20:15:07.6823693 PowerProcessor.EndCurrentTaskList() - m_currentTaskList=91
D 20:15:16.4135042 GameState.DebugPrintPowerList() - Count=69
D 20:15:16.4135042 GameState.DebugPrintPower() - BLOCK_START BlockType=PLAY Entity=[entityName=UNKNOWN ENTITY [cardType=INVALID] id=51 zone=HAND zonePos=2 cardId= player=2] EffectCardId=System.Collections.Generic.List`1[System.String] EffectIndex=0 Target=0 SubOption=-1 
D 20:15:16.4135042 GameState.DebugPrintPower() -     TAG_CHANGE Entity=两仪丨九月#5670 tag=2245 value=3 
D 20:15:16.4135042 GameState.DebugPrintPower() -     TAG_CHANGE Entity=两仪丨九月#5670 tag=RESOURCES_USED value=2 
D 20:15:16.4135042 GameState.DebugPrintPower() -     TAG_CHANGE Entity=两仪丨九月#5670 tag=NUM_RESOURCES_SPENT_THIS_GAME value=3 
D 20:15:16.4135042 GameState.DebugPrintPower() -     TAG_CHANGE Entity=两仪丨九月#5670 tag=NUM_CARDS_PLAYED_THIS_TURN value=1 
D 20:15:16.4135042 GameState.DebugPrintPower() -     TAG_CHANGE Entity=两仪丨九月#5670 tag=NUM_MINIONS_PLAYED_THIS_TURN value=1 
D 20:15:16.4135042 GameState.DebugPrintPower() -     TAG_CHANGE Entity=[entityName=UNKNOWN ENTITY [cardType=INVALID] id=80 zone=HAND zonePos=5 cardId= player=2] tag=ZONE_POSITION value=4 
D 20:15:16.4135042 GameState.DebugPrintPower() -     TAG_CHANGE Entity=[entityName=UNKNOWN ENTITY [cardType=INVALID] id=44 zone=HAND zonePos=4 cardId= player=2] tag=ZONE_POSITION value=3 
D 20:15:16.4135042 GameState.DebugPrintPower() -     TAG_CHANGE Entity=[entityName=UNKNOWN ENTITY [cardType=INVALID] id=77 zone=HAND zonePos=3 cardId= player=2] tag=ZONE_POSITION value=2 
D 20:15:16.4135042 GameState.DebugPrintPower() -     TAG_CHANGE Entity=[entityName=UNKNOWN ENTITY [cardType=INVALID] id=51 zone=HAND zonePos=2 cardId= player=2] tag=ZONE_POSITION value=0 
D 20:15:16.4135042 GameState.DebugPrintPower() -     SHOW_ENTITY - Updating Entity=[entityName=UNKNOWN ENTITY [cardType=INVALID] id=51 zone=HAND zonePos=2 cardId= player=2] CardID=REV_246
D 20:15:16.4135042 GameState.DebugPrintPower() -         tag=CONTROLLER value=2
D 20:15:16.4135042 GameState.DebugPrintPower() -         tag=CARDTYPE value=MINION
D 20:15:16.4135042 GameState.DebugPrintPower() -         tag=TAG_LAST_KNOWN_COST_IN_HAND value=2
D 20:15:16.4135042 GameState.DebugPrintPower() -         tag=479 value=2
D 20:15:16.4135042 GameState.DebugPrintPower() -         tag=COST value=2
D 20:15:16.4135042 GameState.DebugPrintPower() -         tag=ATK value=2
D 20:15:16.4135042 GameState.DebugPrintPower() -         tag=HEALTH value=3
D 20:15:16.4135042 GameState.DebugPrintPower() -         tag=PREMIUM value=1
D 20:15:16.4135042 GameState.DebugPrintPower() -         tag=ZONE value=PLAY
D 20:15:16.4135042 GameState.DebugPrintPower() -         tag=ENTITY_ID value=51
D 20:15:16.4135042 GameState.DebugPrintPower() -         tag=CLASS value=PRIEST
D 20:15:16.4135042 GameState.DebugPrintPower() -         tag=RARITY value=EPIC
D 20:15:16.4135042 GameState.DebugPrintPower() -         tag=BATTLECRY value=1
D 20:15:16.4135042 GameState.DebugPrintPower() -         tag=JUST_PLAYED value=1
D 20:15:16.4135042 GameState.DebugPrintPower() -         tag=ZONE_POSITION value=0
D 20:15:16.4135042 GameState.DebugPrintPower() -         tag=NUM_TURNS_IN_HAND value=3
D 20:15:16.4135042 GameState.DebugPrintPower() -         tag=478 value=2
D 20:15:16.4135042 GameState.DebugPrintPower() -         tag=1043 value=1
D 20:15:16.4135042 GameState.DebugPrintPower() -         tag=1068 value=0
D 20:15:16.4135042 GameState.DebugPrintPower() -         tag=SPAWN_TIME_COUNT value=1
D 20:15:16.4135042 GameState.DebugPrintPower() -         tag=HAS_ACTIVATE_POWER value=1
D 20:15:16.4135042 GameState.DebugPrintPower() -         tag=3085 value=3
D 20:15:16.4135042 GameState.DebugPrintPower() -         tag=3557 value=2
D 20:15:16.4135042 GameState.DebugPrintPower() -         tag=4472 value=2
D 20:15:16.4135042 GameState.DebugPrintPower() -     TAG_CHANGE Entity=[entityName=UNKNOWN ENTITY [cardType=INVALID] id=51 zone=HAND zonePos=2 cardId= player=2] tag=ZONE_POSITION value=1 
D 20:15:16.4135042 GameState.DebugPrintPower() -     TAG_CHANGE Entity=[entityName=UNKNOWN ENTITY [cardType=INVALID] id=51 zone=HAND zonePos=2 cardId= player=2] tag=1196 value=1 
D 20:15:16.4135042 GameState.DebugPrintPower() -     TAG_CHANGE Entity=[entityName=UNKNOWN ENTITY [cardType=INVALID] id=51 zone=HAND zonePos=2 cardId= player=2] tag=EXHAUSTED value=1 
D 20:15:16.4135042 GameState.DebugPrintPower() -     META_DATA - Meta=SLUSH_TIME Data=3000 InfoCount=1
D 20:15:16.4135042 GameState.DebugPrintPower() -                 Info[0] = [entityName=UNKNOWN ENTITY [cardType=INVALID] id=51 zone=HAND zonePos=2 cardId= player=2]
D 20:15:16.4135042 GameState.DebugPrintPower() -     BLOCK_START BlockType=TRIGGER Entity=[entityName=抱龙王噗鲁什 id=71 zone=COSMETIC zonePos=0 cardId=PET_3_3 player=2] EffectCardId=System.Collections.Generic.List`1[System.String] EffectIndex=3 Target=0 SubOption=-1 TriggerKeyword=TAG_NOT_SET
D 20:15:16.4135042 GameState.DebugPrintPower() -         TAG_CHANGE Entity=[entityName=抱龙王噗鲁什 id=71 zone=COSMETIC zonePos=0 cardId=PET_3_3 player=2] tag=PET_EVENT_ID value=8 
D 20:15:16.4135042 GameState.DebugPrintPower() -     BLOCK_END
D 20:15:16.4135042 GameState.DebugPrintPower() -     BLOCK_START BlockType=POWER Entity=[entityName=UNKNOWN ENTITY [cardType=INVALID] id=51 zone=HAND zonePos=2 cardId= player=2] EffectCardId=System.Collections.Generic.List`1[System.String] EffectIndex=0 Target=0 SubOption=-1 
D 20:15:16.4135042 GameState.DebugPrintPower() -         META_DATA - Meta=EFFECT_TIMING Data=0 InfoCount=1
D 20:15:16.4135042 GameState.DebugPrintPower() -                     Info[0] = [entityName=UNKNOWN ENTITY [cardType=INVALID] id=51 zone=HAND zonePos=2 cardId= player=2]
D 20:15:16.4135042 GameState.DebugPrintPower() -         SUB_SPELL_START - SpellPrefabGUID=ReuseFX_Shadow_HandBuff_ScaleUp_Super:5f7cf1c62a5adff4aab0fabde6220034 Source=51 TargetCount=0
D 20:15:16.4135042 GameState.DebugPrintPower() -                           Source = [entityName=UNKNOWN ENTITY [cardType=INVALID] id=51 zone=HAND zonePos=2 cardId= player=2]
D 20:15:16.4135042 GameState.DebugPrintPower() -             META_DATA - Meta=TARGET Data=0 InfoCount=1
D 20:15:16.4135042 GameState.DebugPrintPower() -                         Info[0] = [entityName=UNKNOWN ENTITY [cardType=INVALID] id=76 zone=HAND zonePos=1 cardId= player=2]
D 20:15:16.4135042 GameState.DebugPrintPower() -             FULL_ENTITY - Creating ID=118 CardID=
D 20:15:16.4135042 GameState.DebugPrintPower() -                 tag=ZONE value=SETASIDE
D 20:15:16.4135042 GameState.DebugPrintPower() -                 tag=CONTROLLER value=2
D 20:15:16.4135042 GameState.DebugPrintPower() -                 tag=ENTITY_ID value=118
D 20:15:16.4135042 GameState.DebugPrintPower() -             TAG_CHANGE Entity=118 tag=ZONE value=PLAY 
D 20:15:16.4135042 GameState.DebugPrintPower() -             META_DATA - Meta=TARGET Data=0 InfoCount=1
D 20:15:16.4135042 GameState.DebugPrintPower() -                         Info[0] = [entityName=UNKNOWN ENTITY [cardType=INVALID] id=77 zone=HAND zonePos=3 cardId= player=2]
D 20:15:16.4135042 GameState.DebugPrintPower() -             FULL_ENTITY - Creating ID=119 CardID=
D 20:15:16.4135042 GameState.DebugPrintPower() -                 tag=ZONE value=SETASIDE
D 20:15:16.4135042 GameState.DebugPrintPower() -                 tag=CONTROLLER value=2
D 20:15:16.4135042 GameState.DebugPrintPower() -                 tag=ENTITY_ID value=119
D 20:15:16.4135042 GameState.DebugPrintPower() -             TAG_CHANGE Entity=119 tag=ZONE value=PLAY 
D 20:15:16.4135042 GameState.DebugPrintPower() -             META_DATA - Meta=TARGET Data=0 InfoCount=1
D 20:15:16.4135042 GameState.DebugPrintPower() -                         Info[0] = [entityName=UNKNOWN ENTITY [cardType=INVALID] id=80 zone=HAND zonePos=5 cardId= player=2]
D 20:15:16.4135042 GameState.DebugPrintPower() -             FULL_ENTITY - Creating ID=120 CardID=
D 20:15:16.4135042 GameState.DebugPrintPower() -                 tag=ZONE value=SETASIDE
D 20:15:16.4135042 GameState.DebugPrintPower() -                 tag=CONTROLLER value=2
D 20:15:16.4135042 GameState.DebugPrintPower() -                 tag=ENTITY_ID value=120
D 20:15:16.4135042 GameState.DebugPrintPower() -             TAG_CHANGE Entity=120 tag=ZONE value=PLAY 
D 20:15:16.4135042 GameState.DebugPrintPower() -         SUB_SPELL_END
D 20:15:16.4135042 GameState.DebugPrintPower() -         FULL_ENTITY - Creating ID=121 CardID=
D 20:15:16.4135042 GameState.DebugPrintPower() -             tag=ZONE value=SETASIDE
D 20:15:16.4135042 GameState.DebugPrintPower() -             tag=CONTROLLER value=2
D 20:15:16.4135042 GameState.DebugPrintPower() -             tag=ENTITY_ID value=121
D 20:15:16.4135042 GameState.DebugPrintPower() -         TAG_CHANGE Entity=121 tag=ZONE value=PLAY 
D 20:15:16.4135042 GameState.DebugPrintPower() -         FULL_ENTITY - Creating ID=122 CardID=
D 20:15:16.4135042 GameState.DebugPrintPower() -             tag=ZONE value=SETASIDE
D 20:15:16.4135042 GameState.DebugPrintPower() -             tag=CONTROLLER value=2
D 20:15:16.4135042 GameState.DebugPrintPower() -             tag=ENTITY_ID value=122
D 20:15:16.4135042 GameState.DebugPrintPower() -         TAG_CHANGE Entity=122 tag=ZONE value=PLAY 
D 20:15:16.4135042 GameState.DebugPrintPower() -         FULL_ENTITY - Creating ID=123 CardID=
D 20:15:16.4135042 GameState.DebugPrintPower() -             tag=ZONE value=SETASIDE
D 20:15:16.4135042 GameState.DebugPrintPower() -             tag=CONTROLLER value=2
D 20:15:16.4135042 GameState.DebugPrintPower() -             tag=ENTITY_ID value=123
D 20:15:16.4135042 GameState.DebugPrintPower() -         TAG_CHANGE Entity=123 tag=ZONE value=PLAY 
D 20:15:16.4135042 GameState.DebugPrintPower() -         FULL_ENTITY - Creating ID=124 CardID=
D 20:15:16.4135042 GameState.DebugPrintPower() -             tag=ZONE value=SETASIDE
D 20:15:16.4135042 GameState.DebugPrintPower() -             tag=CONTROLLER value=2
D 20:15:16.4135042 GameState.DebugPrintPower() -             tag=ENTITY_ID value=124
D 20:15:16.4135042 GameState.DebugPrintPower() -         TAG_CHANGE Entity=124 tag=ZONE value=PLAY 
D 20:15:16.4135042 GameState.DebugPrintPower() -         FULL_ENTITY - Creating ID=125 CardID=
D 20:15:16.4135042 GameState.DebugPrintPower() -             tag=ZONE value=SETASIDE
D 20:15:16.4135042 GameState.DebugPrintPower() -             tag=CONTROLLER value=2
D 20:15:16.4135042 GameState.DebugPrintPower() -             tag=ENTITY_ID value=125
D 20:15:16.4135042 GameState.DebugPrintPower() -         TAG_CHANGE Entity=125 tag=ZONE value=PLAY 
D 20:15:16.4135042 GameState.DebugPrintPower() -         FULL_ENTITY - Creating ID=126 CardID=
D 20:15:16.4135042 GameState.DebugPrintPower() -             tag=ZONE value=SETASIDE
D 20:15:16.4135042 GameState.DebugPrintPower() -             tag=CONTROLLER value=2
D 20:15:16.4135042 GameState.DebugPrintPower() -             tag=ENTITY_ID value=126
D 20:15:16.4135042 GameState.DebugPrintPower() -         TAG_CHANGE Entity=126 tag=ZONE value=PLAY 
D 20:15:16.4135042 GameState.DebugPrintPower() -         FULL_ENTITY - Creating ID=127 CardID=
D 20:15:16.4135042 GameState.DebugPrintPower() -             tag=ZONE value=SETASIDE
D 20:15:16.4135042 GameState.DebugPrintPower() -             tag=CONTROLLER value=2
D 20:15:16.4135042 GameState.DebugPrintPower() -             tag=ENTITY_ID value=127
D 20:15:16.4135042 GameState.DebugPrintPower() -         TAG_CHANGE Entity=127 tag=ZONE value=PLAY 
D 20:15:16.4135042 GameState.DebugPrintPower() -         FULL_ENTITY - Creating ID=128 CardID=
D 20:15:16.4135042 GameState.DebugPrintPower() -             tag=ZONE value=SETASIDE
D 20:15:16.4135042 GameState.DebugPrintPower() -             tag=CONTROLLER value=2
D 20:15:16.4135042 GameState.DebugPrintPower() -             tag=ENTITY_ID value=128
D 20:15:16.4135042 GameState.DebugPrintPower() -         TAG_CHANGE Entity=128 tag=ZONE value=PLAY 
D 20:15:16.4135042 GameState.DebugPrintPower() -         FULL_ENTITY - Creating ID=129 CardID=
D 20:15:16.4135042 GameState.DebugPrintPower() -             tag=ZONE value=SETASIDE
D 20:15:16.4135042 GameState.DebugPrintPower() -             tag=CONTROLLER value=2
D 20:15:16.4135042 GameState.DebugPrintPower() -             tag=ENTITY_ID value=129
D 20:15:16.4135042 GameState.DebugPrintPower() -         TAG_CHANGE Entity=129 tag=ZONE value=PLAY 
D 20:15:16.4135042 GameState.DebugPrintPower() -         FULL_ENTITY - Creating ID=130 CardID=
D 20:15:16.4135042 GameState.DebugPrintPower() -             tag=ZONE value=SETASIDE
D 20:15:16.4135042 GameState.DebugPrintPower() -             tag=CONTROLLER value=2
D 20:15:16.4135042 GameState.DebugPrintPower() -             tag=ENTITY_ID value=130
D 20:15:16.4135042 GameState.DebugPrintPower() -         TAG_CHANGE Entity=130 tag=ZONE value=PLAY 
D 20:15:16.4135042 GameState.DebugPrintPower() -         FULL_ENTITY - Creating ID=131 CardID=
D 20:15:16.4135042 GameState.DebugPrintPower() -             tag=ZONE value=SETASIDE
D 20:15:16.4135042 GameState.DebugPrintPower() -             tag=CONTROLLER value=2
D 20:15:16.4135042 GameState.DebugPrintPower() -             tag=ENTITY_ID value=131
D 20:15:16.4135042 GameState.DebugPrintPower() -         TAG_CHANGE Entity=131 tag=ZONE value=PLAY 
D 20:15:16.4135042 GameState.DebugPrintPower() -         FULL_ENTITY - Creating ID=132 CardID=
D 20:15:16.4135042 GameState.DebugPrintPower() -             tag=ZONE value=SETASIDE
D 20:15:16.4135042 GameState.DebugPrintPower() -             tag=CONTROLLER value=2
D 20:15:16.4135042 GameState.DebugPrintPower() -             tag=ENTITY_ID value=132
D 20:15:16.4135042 GameState.DebugPrintPower() -         TAG_CHANGE Entity=132 tag=ZONE value=PLAY 
D 20:15:16.4135042 GameState.DebugPrintPower() -         FULL_ENTITY - Creating ID=133 CardID=
D 20:15:16.4135042 GameState.DebugPrintPower() -             tag=ZONE value=SETASIDE
D 20:15:16.4135042 GameState.DebugPrintPower() -             tag=CONTROLLER value=2
D 20:15:16.4135042 GameState.DebugPrintPower() -             tag=ENTITY_ID value=133
D 20:15:16.4135042 GameState.DebugPrintPower() -         TAG_CHANGE Entity=133 tag=ZONE value=PLAY 
D 20:15:16.4135042 GameState.DebugPrintPower() -         FULL_ENTITY - Creating ID=134 CardID=
D 20:15:16.4135042 GameState.DebugPrintPower() -             tag=ZONE value=SETASIDE
D 20:15:16.4135042 GameState.DebugPrintPower() -             tag=CONTROLLER value=2
D 20:15:16.4135042 GameState.DebugPrintPower() -             tag=ENTITY_ID value=134
D 20:15:16.4135042 GameState.DebugPrintPower() -         TAG_CHANGE Entity=134 tag=ZONE value=PLAY 
D 20:15:16.4135042 GameState.DebugPrintPower() -         FULL_ENTITY - Creating ID=135 CardID=
D 20:15:16.4135042 GameState.DebugPrintPower() -             tag=ZONE value=SETASIDE
D 20:15:16.4135042 GameState.DebugPrintPower() -             tag=CONTROLLER value=2
D 20:15:16.4135042 GameState.DebugPrintPower() -             tag=ENTITY_ID value=135
D 20:15:16.4135042 GameState.DebugPrintPower() -         TAG_CHANGE Entity=135 tag=ZONE value=PLAY 
D 20:15:16.4135042 GameState.DebugPrintPower() -         FULL_ENTITY - Creating ID=136 CardID=
D 20:15:16.4135042 GameState.DebugPrintPower() -             tag=ZONE value=SETASIDE
D 20:15:16.4135042 GameState.DebugPrintPower() -             tag=CONTROLLER value=2
D 20:15:16.4135042 GameState.DebugPrintPower() -             tag=ENTITY_ID value=136
D 20:15:16.4135042 GameState.DebugPrintPower() -         TAG_CHANGE Entity=136 tag=ZONE value=PLAY 
D 20:15:16.4135042 GameState.DebugPrintPower() -     BLOCK_END
D 20:15:16.4135042 GameState.DebugPrintPower() -     TAG_CHANGE Entity=两仪丨九月#5670 tag=COMBO_ACTIVE value=1 
D 20:15:16.4135042 GameState.DebugPrintPower() -     TAG_CHANGE Entity=GameEntity tag=1323 value=2 
D 20:15:16.4135042 GameState.DebugPrintPower() -     TAG_CHANGE Entity=两仪丨九月#5670 tag=NUM_OPTIONS_PLAYED_THIS_TURN value=1 
D 20:15:16.4135042 GameState.DebugPrintPower() - BLOCK_END
D 20:15:16.4135042 GameState.DebugPrintPower() - META_DATA - Meta=SLUSH_TIME Data=1000 InfoCount=1
D 20:15:16.4135042 GameState.DebugPrintPower() -             Info[0] = [entityName=UNKNOWN ENTITY [cardType=INVALID] id=51 zone=HAND zonePos=2 cardId= player=2]
D 20:15:16.4135042 PowerTaskList.DebugDump() - ID=92 ParentID=0 PreviousID=0 TaskCount=14
D 20:15:16.4135042 PowerTaskList.DebugPrintPower() - BLOCK_START BlockType=PLAY Entity=[entityName=UNKNOWN ENTITY [cardType=INVALID] id=51 zone=HAND zonePos=2 cardId= player=2] EffectCardId=System.Collections.Generic.List`1[System.String] EffectIndex=0 Target=0 SubOption=-1 
D 20:15:16.4135042 PowerTaskList.DebugPrintPower() -     TAG_CHANGE Entity=两仪丨九月#5670 tag=2245 value=3 
D 20:15:16.4135042 PowerTaskList.DebugPrintPower() -     TAG_CHANGE Entity=两仪丨九月#5670 tag=RESOURCES_USED value=2 
D 20:15:16.4135042 PowerTaskList.DebugPrintPower() -     TAG_CHANGE Entity=两仪丨九月#5670 tag=NUM_RESOURCES_SPENT_THIS_GAME value=3 
D 20:15:16.4135042 PowerTaskList.DebugPrintPower() -     TAG_CHANGE Entity=两仪丨九月#5670 tag=NUM_CARDS_PLAYED_THIS_TURN value=1 
D 20:15:16.4135042 PowerTaskList.DebugPrintPower() -     TAG_CHANGE Entity=两仪丨九月#5670 tag=NUM_MINIONS_PLAYED_THIS_TURN value=1 
D 20:15:16.4135042 PowerTaskList.DebugPrintPower() -     TAG_CHANGE Entity=[entityName=UNKNOWN ENTITY [cardType=INVALID] id=80 zone=HAND zonePos=5 cardId= player=2] tag=ZONE_POSITION value=4 
D 20:15:16.4135042 PowerTaskList.DebugPrintPower() -     TAG_CHANGE Entity=[entityName=UNKNOWN ENTITY [cardType=INVALID] id=44 zone=HAND zonePos=4 cardId= player=2] tag=ZONE_POSITION value=3 
D 20:15:16.4135042 PowerTaskList.DebugPrintPower() -     TAG_CHANGE Entity=[entityName=UNKNOWN ENTITY [cardType=INVALID] id=77 zone=HAND zonePos=3 cardId= player=2] tag=ZONE_POSITION value=2 
D 20:15:16.4135042 PowerTaskList.DebugPrintPower() -     TAG_CHANGE Entity=[entityName=UNKNOWN ENTITY [cardType=INVALID] id=51 zone=HAND zonePos=2 cardId= player=2] tag=ZONE_POSITION value=0 
D 20:15:16.4135042 PowerTaskList.DebugPrintPower() -     SHOW_ENTITY - Updating Entity=[entityName=UNKNOWN ENTITY [cardType=INVALID] id=51 zone=HAND zonePos=2 cardId= player=2] CardID=REV_246
D 20:15:16.4135042 PowerTaskList.DebugPrintPower() -         tag=CONTROLLER value=2
D 20:15:16.4135042 PowerTaskList.DebugPrintPower() -         tag=CARDTYPE value=MINION
D 20:15:16.4135042 PowerTaskList.DebugPrintPower() -         tag=TAG_LAST_KNOWN_COST_IN_HAND value=2
D 20:15:16.4135042 PowerTaskList.DebugPrintPower() -         tag=479 value=2
D 20:15:16.4135042 PowerTaskList.DebugPrintPower() -         tag=COST value=2
D 20:15:16.4135042 PowerTaskList.DebugPrintPower() -         tag=ATK value=2
D 20:15:16.4135042 PowerTaskList.DebugPrintPower() -         tag=HEALTH value=3
D 20:15:16.4135042 PowerTaskList.DebugPrintPower() -         tag=PREMIUM value=1
D 20:15:16.4135042 PowerTaskList.DebugPrintPower() -         tag=ZONE value=PLAY
D 20:15:16.4135042 PowerTaskList.DebugPrintPower() -         tag=ENTITY_ID value=51
D 20:15:16.4135042 PowerTaskList.DebugPrintPower() -         tag=CLASS value=PRIEST
D 20:15:16.4135042 PowerTaskList.DebugPrintPower() -         tag=RARITY value=EPIC
D 20:15:16.4135042 PowerTaskList.DebugPrintPower() -         tag=BATTLECRY value=1
D 20:15:16.4135042 PowerTaskList.DebugPrintPower() -         tag=JUST_PLAYED value=1
D 20:15:16.4135042 PowerTaskList.DebugPrintPower() -         tag=ZONE_POSITION value=0
D 20:15:16.4135042 PowerTaskList.DebugPrintPower() -         tag=NUM_TURNS_IN_HAND value=3
D 20:15:16.4135042 PowerTaskList.DebugPrintPower() -         tag=478 value=2
D 20:15:16.4135042 PowerTaskList.DebugPrintPower() -         tag=1043 value=1
D 20:15:16.4135042 PowerTaskList.DebugPrintPower() -         tag=1068 value=0
D 20:15:16.4135042 PowerTaskList.DebugPrintPower() -         tag=SPAWN_TIME_COUNT value=1
D 20:15:16.4135042 PowerTaskList.DebugPrintPower() -         tag=HAS_ACTIVATE_POWER value=1
D 20:15:16.4135042 PowerTaskList.DebugPrintPower() -         tag=3085 value=3
D 20:15:16.4135042 PowerTaskList.DebugPrintPower() -         tag=3557 value=2
D 20:15:16.4135042 PowerTaskList.DebugPrintPower() -         tag=4472 value=2
D 20:15:16.4135042 PowerTaskList.DebugPrintPower() -     TAG_CHANGE Entity=[entityName=UNKNOWN ENTITY [cardType=INVALID] id=51 zone=HAND zonePos=2 cardId= player=2] tag=ZONE_POSITION value=1 
D 20:15:16.4135042 PowerTaskList.DebugPrintPower() -     TAG_CHANGE Entity=[entityName=UNKNOWN ENTITY [cardType=INVALID] id=51 zone=HAND zonePos=2 cardId= player=2] tag=1196 value=1 
D 20:15:16.4135042 PowerTaskList.DebugPrintPower() -     TAG_CHANGE Entity=[entityName=UNKNOWN ENTITY [cardType=INVALID] id=51 zone=HAND zonePos=2 cardId= player=2] tag=EXHAUSTED value=1 
D 20:15:16.4135042 PowerTaskList.DebugPrintPower() -     META_DATA - Meta=SLUSH_TIME Data=3000 InfoCount=1
D 20:15:16.4135042 PowerTaskList.DebugPrintPower() -                 Info[0] = [entityName=UNKNOWN ENTITY [cardType=INVALID] id=51 zone=HAND zonePos=2 cardId= player=2]
D 20:15:16.4135042 PowerTaskList.DebugDump() - Block End=(null)
D 20:15:16.4135042 PowerProcessor.PrepareHistoryForCurrentTaskList() - m_currentTaskList=92
D 20:15:16.4135042 PowerProcessor.DoTaskListForCard() - unhandled BlockType PLAY for sourceEntity [entityName=UNKNOWN ENTITY [cardType=INVALID] id=51 zone=HAND zonePos=2 cardId= player=2]
D 20:15:17.5022857 PowerProcessor.EndCurrentTaskList() - m_currentTaskList=92
D 20:15:17.9394826 PowerTaskList.DebugDump() - ID=94 ParentID=92 PreviousID=0 TaskCount=1
D 20:15:17.9394826 PowerTaskList.DebugPrintPower() - BLOCK_START BlockType=POWER Entity=[entityName=神秘访客 id=51 zone=PLAY zonePos=1 cardId=REV_246 player=2] EffectCardId=System.Collections.Generic.List`1[System.String] EffectIndex=0 Target=0 SubOption=-1 
D 20:15:17.9394826 PowerTaskList.DebugPrintPower() -     META_DATA - Meta=EFFECT_TIMING Data=0 InfoCount=1
D 20:15:17.9394826 PowerTaskList.DebugPrintPower() -                 Info[0] = [entityName=神秘访客 id=51 zone=PLAY zonePos=1 cardId=REV_246 player=2]
D 20:15:17.9394826 PowerTaskList.DebugDump() - Block End=(null)
D 20:15:17.9394826 PowerProcessor.PrepareHistoryForCurrentTaskList() - m_currentTaskList=94
D 20:15:18.1792873 PowerProcessor.EndCurrentTaskList() - m_currentTaskList=94
D 20:15:18.1792873 PowerTaskList.DebugDump() - ID=95 ParentID=92 PreviousID=94 TaskCount=11
D 20:15:18.1792873 PowerTaskList.DebugDump() - Block Start=(null)
D 20:15:18.1792873 PowerTaskList.DebugPrintPower() -     SUB_SPELL_START - SpellPrefabGUID=ReuseFX_Shadow_HandBuff_ScaleUp_Super:5f7cf1c62a5adff4aab0fabde6220034 Source=51 TargetCount=0
D 20:15:18.1792873 PowerTaskList.DebugPrintPower() -                       Source = [entityName=神秘访客 id=51 zone=PLAY zonePos=1 cardId=REV_246 player=2]
D 20:15:18.1792873 PowerTaskList.DebugPrintPower() -         META_DATA - Meta=TARGET Data=0 InfoCount=1
D 20:15:18.1792873 PowerTaskList.DebugPrintPower() -                     Info[0] = [entityName=UNKNOWN ENTITY [cardType=INVALID] id=76 zone=HAND zonePos=1 cardId= player=2]
D 20:15:18.1792873 PowerTaskList.DebugPrintPower() -         FULL_ENTITY - Updating [entityName=UNKNOWN ENTITY [cardType=INVALID] id=118 zone=SETASIDE zonePos=0 cardId= player=2] CardID=
D 20:15:18.1792873 PowerTaskList.DebugPrintPower() -             tag=ZONE value=SETASIDE
D 20:15:18.1792873 PowerTaskList.DebugPrintPower() -             tag=CONTROLLER value=2
D 20:15:18.1792873 PowerTaskList.DebugPrintPower() -             tag=ENTITY_ID value=118
D 20:15:18.1792873 PowerTaskList.DebugPrintPower() -         TAG_CHANGE Entity=[entityName=UNKNOWN ENTITY [cardType=INVALID] id=118 zone=SETASIDE zonePos=0 cardId= player=2] tag=ZONE value=PLAY 
D 20:15:18.1792873 PowerTaskList.DebugPrintPower() -         META_DATA - Meta=TARGET Data=0 InfoCount=1
D 20:15:18.1792873 PowerTaskList.DebugPrintPower() -                     Info[0] = [entityName=UNKNOWN ENTITY [cardType=INVALID] id=77 zone=HAND zonePos=2 cardId= player=2]
D 20:15:18.1792873 PowerTaskList.DebugPrintPower() -         FULL_ENTITY - Updating [entityName=UNKNOWN ENTITY [cardType=INVALID] id=119 zone=SETASIDE zonePos=0 cardId= player=2] CardID=
D 20:15:18.1792873 PowerTaskList.DebugPrintPower() -             tag=ZONE value=SETASIDE
D 20:15:18.1792873 PowerTaskList.DebugPrintPower() -             tag=CONTROLLER value=2
D 20:15:18.1792873 PowerTaskList.DebugPrintPower() -             tag=ENTITY_ID value=119
D 20:15:18.1792873 PowerTaskList.DebugPrintPower() -         TAG_CHANGE Entity=[entityName=UNKNOWN ENTITY [cardType=INVALID] id=119 zone=SETASIDE zonePos=0 cardId= player=2] tag=ZONE value=PLAY 
D 20:15:18.1792873 PowerTaskList.DebugPrintPower() -         META_DATA - Meta=TARGET Data=0 InfoCount=1
D 20:15:18.1792873 PowerTaskList.DebugPrintPower() -                     Info[0] = [entityName=UNKNOWN ENTITY [cardType=INVALID] id=80 zone=HAND zonePos=4 cardId= player=2]
D 20:15:18.1792873 PowerTaskList.DebugPrintPower() -         FULL_ENTITY - Updating [entityName=UNKNOWN ENTITY [cardType=INVALID] id=120 zone=SETASIDE zonePos=0 cardId= player=2] CardID=
D 20:15:18.1792873 PowerTaskList.DebugPrintPower() -             tag=ZONE value=SETASIDE
D 20:15:18.1792873 PowerTaskList.DebugPrintPower() -             tag=CONTROLLER value=2
D 20:15:18.1792873 PowerTaskList.DebugPrintPower() -             tag=ENTITY_ID value=120
D 20:15:18.1792873 PowerTaskList.DebugPrintPower() -         TAG_CHANGE Entity=[entityName=UNKNOWN ENTITY [cardType=INVALID] id=120 zone=SETASIDE zonePos=0 cardId= player=2] tag=ZONE value=PLAY 
D 20:15:18.1792873 PowerTaskList.DebugPrintPower() -     SUB_SPELL_END
D 20:15:18.1792873 PowerTaskList.DebugDump() - Block End=(null)
D 20:15:18.1792873 PowerProcessor.PrepareHistoryForCurrentTaskList() - m_currentTaskList=95
D 20:15:18.7603566 PowerProcessor.EndCurrentTaskList() - m_currentTaskList=95
D 20:15:18.7713829 PowerTaskList.DebugDump() - ID=96 ParentID=92 PreviousID=95 TaskCount=32
D 20:15:18.7713829 PowerTaskList.DebugDump() - Block Start=(null)
D 20:15:18.7713829 PowerTaskList.DebugPrintPower() -     FULL_ENTITY - Updating [entityName=UNKNOWN ENTITY [cardType=INVALID] id=121 zone=SETASIDE zonePos=0 cardId= player=2] CardID=
D 20:15:18.7713829 PowerTaskList.DebugPrintPower() -         tag=ZONE value=SETASIDE
D 20:15:18.7713829 PowerTaskList.DebugPrintPower() -         tag=CONTROLLER value=2
D 20:15:18.7713829 PowerTaskList.DebugPrintPower() -         tag=ENTITY_ID value=121
D 20:15:18.7713829 PowerTaskList.DebugPrintPower() -     TAG_CHANGE Entity=[entityName=UNKNOWN ENTITY [cardType=INVALID] id=121 zone=SETASIDE zonePos=0 cardId= player=2] tag=ZONE value=PLAY 
D 20:15:18.7713829 PowerTaskList.DebugPrintPower() -     FULL_ENTITY - Updating [entityName=UNKNOWN ENTITY [cardType=INVALID] id=122 zone=SETASIDE zonePos=0 cardId= player=2] CardID=
D 20:15:18.7713829 PowerTaskList.DebugPrintPower() -         tag=ZONE value=SETASIDE
D 20:15:18.7713829 PowerTaskList.DebugPrintPower() -         tag=CONTROLLER value=2
D 20:15:18.7713829 PowerTaskList.DebugPrintPower() -         tag=ENTITY_ID value=122
D 20:15:18.7713829 PowerTaskList.DebugPrintPower() -     TAG_CHANGE Entity=[entityName=UNKNOWN ENTITY [cardType=INVALID] id=122 zone=SETASIDE zonePos=0 cardId= player=2] tag=ZONE value=PLAY 
D 20:15:18.7713829 PowerTaskList.DebugPrintPower() -     FULL_ENTITY - Updating [entityName=UNKNOWN ENTITY [cardType=INVALID] id=123 zone=SETASIDE zonePos=0 cardId= player=2] CardID=
D 20:15:18.7713829 PowerTaskList.DebugPrintPower() -         tag=ZONE value=SETASIDE
D 20:15:18.7713829 PowerTaskList.DebugPrintPower() -         tag=CONTROLLER value=2
D 20:15:18.7713829 PowerTaskList.DebugPrintPower() -         tag=ENTITY_ID value=123
D 20:15:18.7713829 PowerTaskList.DebugPrintPower() -     TAG_CHANGE Entity=[entityName=UNKNOWN ENTITY [cardType=INVALID] id=123 zone=SETASIDE zonePos=0 cardId= player=2] tag=ZONE value=PLAY 
D 20:15:18.7713829 PowerTaskList.DebugPrintPower() -     FULL_ENTITY - Updating [entityName=UNKNOWN ENTITY [cardType=INVALID] id=124 zone=SETASIDE zonePos=0 cardId= player=2] CardID=
D 20:15:18.7713829 PowerTaskList.DebugPrintPower() -         tag=ZONE value=SETASIDE
D 20:15:18.7713829 PowerTaskList.DebugPrintPower() -         tag=CONTROLLER value=2
D 20:15:18.7713829 PowerTaskList.DebugPrintPower() -         tag=ENTITY_ID value=124
D 20:15:18.7713829 PowerTaskList.DebugPrintPower() -     TAG_CHANGE Entity=[entityName=UNKNOWN ENTITY [cardType=INVALID] id=124 zone=SETASIDE zonePos=0 cardId= player=2] tag=ZONE value=PLAY 
D 20:15:18.7713829 PowerTaskList.DebugPrintPower() -     FULL_ENTITY - Updating [entityName=UNKNOWN ENTITY [cardType=INVALID] id=125 zone=SETASIDE zonePos=0 cardId= player=2] CardID=
D 20:15:18.7713829 PowerTaskList.DebugPrintPower() -         tag=ZONE value=SETASIDE
D 20:15:18.7713829 PowerTaskList.DebugPrintPower() -         tag=CONTROLLER value=2
D 20:15:18.7713829 PowerTaskList.DebugPrintPower() -         tag=ENTITY_ID value=125
D 20:15:18.7713829 PowerTaskList.DebugPrintPower() -     TAG_CHANGE Entity=[entityName=UNKNOWN ENTITY [cardType=INVALID] id=125 zone=SETASIDE zonePos=0 cardId= player=2] tag=ZONE value=PLAY 
D 20:15:18.7713829 PowerTaskList.DebugPrintPower() -     FULL_ENTITY - Updating [entityName=UNKNOWN ENTITY [cardType=INVALID] id=126 zone=SETASIDE zonePos=0 cardId= player=2] CardID=
D 20:15:18.7713829 PowerTaskList.DebugPrintPower() -         tag=ZONE value=SETASIDE
D 20:15:18.7713829 PowerTaskList.DebugPrintPower() -         tag=CONTROLLER value=2
D 20:15:18.7713829 PowerTaskList.DebugPrintPower() -         tag=ENTITY_ID value=126
D 20:15:18.7713829 PowerTaskList.DebugPrintPower() -     TAG_CHANGE Entity=[entityName=UNKNOWN ENTITY [cardType=INVALID] id=126 zone=SETASIDE zonePos=0 cardId= player=2] tag=ZONE value=PLAY 
D 20:15:18.7713829 PowerTaskList.DebugPrintPower() -     FULL_ENTITY - Updating [entityName=UNKNOWN ENTITY [cardType=INVALID] id=127 zone=SETASIDE zonePos=0 cardId= player=2] CardID=
D 20:15:18.7713829 PowerTaskList.DebugPrintPower() -         tag=ZONE value=SETASIDE
D 20:15:18.7713829 PowerTaskList.DebugPrintPower() -         tag=CONTROLLER value=2
D 20:15:18.7713829 PowerTaskList.DebugPrintPower() -         tag=ENTITY_ID value=127
D 20:15:18.7713829 PowerTaskList.DebugPrintPower() -     TAG_CHANGE Entity=[entityName=UNKNOWN ENTITY [cardType=INVALID] id=127 zone=SETASIDE zonePos=0 cardId= player=2] tag=ZONE value=PLAY 
D 20:15:18.7713829 PowerTaskList.DebugPrintPower() -     FULL_ENTITY - Updating [entityName=UNKNOWN ENTITY [cardType=INVALID] id=128 zone=SETASIDE zonePos=0 cardId= player=2] CardID=
D 20:15:18.7713829 PowerTaskList.DebugPrintPower() -         tag=ZONE value=SETASIDE
D 20:15:18.7713829 PowerTaskList.DebugPrintPower() -         tag=CONTROLLER value=2
D 20:15:18.7713829 PowerTaskList.DebugPrintPower() -         tag=ENTITY_ID value=128
D 20:15:18.7713829 PowerTaskList.DebugPrintPower() -     TAG_CHANGE Entity=[entityName=UNKNOWN ENTITY [cardType=INVALID] id=128 zone=SETASIDE zonePos=0 cardId= player=2] tag=ZONE value=PLAY 
D 20:15:18.7713829 PowerTaskList.DebugPrintPower() -     FULL_ENTITY - Updating [entityName=UNKNOWN ENTITY [cardType=INVALID] id=129 zone=SETASIDE zonePos=0 cardId= player=2] CardID=
D 20:15:18.7713829 PowerTaskList.DebugPrintPower() -         tag=ZONE value=SETASIDE
D 20:15:18.7713829 PowerTaskList.DebugPrintPower() -         tag=CONTROLLER value=2
D 20:15:18.7713829 PowerTaskList.DebugPrintPower() -         tag=ENTITY_ID value=129
D 20:15:18.7713829 PowerTaskList.DebugPrintPower() -     TAG_CHANGE Entity=[entityName=UNKNOWN ENTITY [cardType=INVALID] id=129 zone=SETASIDE zonePos=0 cardId= player=2] tag=ZONE value=PLAY 
D 20:15:18.7713829 PowerTaskList.DebugPrintPower() -     FULL_ENTITY - Updating [entityName=UNKNOWN ENTITY [cardType=INVALID] id=130 zone=SETASIDE zonePos=0 cardId= player=2] CardID=
D 20:15:18.7713829 PowerTaskList.DebugPrintPower() -         tag=ZONE value=SETASIDE
D 20:15:18.7713829 PowerTaskList.DebugPrintPower() -         tag=CONTROLLER value=2
D 20:15:18.7713829 PowerTaskList.DebugPrintPower() -         tag=ENTITY_ID value=130
D 20:15:18.7713829 PowerTaskList.DebugPrintPower() -     TAG_CHANGE Entity=[entityName=UNKNOWN ENTITY [cardType=INVALID] id=130 zone=SETASIDE zonePos=0 cardId= player=2] tag=ZONE value=PLAY 
D 20:15:18.7713829 PowerTaskList.DebugPrintPower() -     FULL_ENTITY - Updating [entityName=UNKNOWN ENTITY [cardType=INVALID] id=131 zone=SETASIDE zonePos=0 cardId= player=2] CardID=
D 20:15:18.7713829 PowerTaskList.DebugPrintPower() -         tag=ZONE value=SETASIDE
D 20:15:18.7713829 PowerTaskList.DebugPrintPower() -         tag=CONTROLLER value=2
D 20:15:18.7713829 PowerTaskList.DebugPrintPower() -         tag=ENTITY_ID value=131
D 20:15:18.7713829 PowerTaskList.DebugPrintPower() -     TAG_CHANGE Entity=[entityName=UNKNOWN ENTITY [cardType=INVALID] id=131 zone=SETASIDE zonePos=0 cardId= player=2] tag=ZONE value=PLAY 
D 20:15:18.7713829 PowerTaskList.DebugPrintPower() -     FULL_ENTITY - Updating [entityName=UNKNOWN ENTITY [cardType=INVALID] id=132 zone=SETASIDE zonePos=0 cardId= player=2] CardID=
D 20:15:18.7713829 PowerTaskList.DebugPrintPower() -         tag=ZONE value=SETASIDE
D 20:15:18.7713829 PowerTaskList.DebugPrintPower() -         tag=CONTROLLER value=2
D 20:15:18.7713829 PowerTaskList.DebugPrintPower() -         tag=ENTITY_ID value=132
D 20:15:18.7713829 PowerTaskList.DebugPrintPower() -     TAG_CHANGE Entity=[entityName=UNKNOWN ENTITY [cardType=INVALID] id=132 zone=SETASIDE zonePos=0 cardId= player=2] tag=ZONE value=PLAY 
D 20:15:18.7713829 PowerTaskList.DebugPrintPower() -     FULL_ENTITY - Updating [entityName=UNKNOWN ENTITY [cardType=INVALID] id=133 zone=SETASIDE zonePos=0 cardId= player=2] CardID=
D 20:15:18.7713829 PowerTaskList.DebugPrintPower() -         tag=ZONE value=SETASIDE
D 20:15:18.7713829 PowerTaskList.DebugPrintPower() -         tag=CONTROLLER value=2
D 20:15:18.7713829 PowerTaskList.DebugPrintPower() -         tag=ENTITY_ID value=133
D 20:15:18.7713829 PowerTaskList.DebugPrintPower() -     TAG_CHANGE Entity=[entityName=UNKNOWN ENTITY [cardType=INVALID] id=133 zone=SETASIDE zonePos=0 cardId= player=2] tag=ZONE value=PLAY 
D 20:15:18.7713829 PowerTaskList.DebugPrintPower() -     FULL_ENTITY - Updating [entityName=UNKNOWN ENTITY [cardType=INVALID] id=134 zone=SETASIDE zonePos=0 cardId= player=2] CardID=
D 20:15:18.7713829 PowerTaskList.DebugPrintPower() -         tag=ZONE value=SETASIDE
D 20:15:18.7713829 PowerTaskList.DebugPrintPower() -         tag=CONTROLLER value=2
D 20:15:18.7713829 PowerTaskList.DebugPrintPower() -         tag=ENTITY_ID value=134
D 20:15:18.7713829 PowerTaskList.DebugPrintPower() -     TAG_CHANGE Entity=[entityName=UNKNOWN ENTITY [cardType=INVALID] id=134 zone=SETASIDE zonePos=0 cardId= player=2] tag=ZONE value=PLAY 
D 20:15:18.7713829 PowerTaskList.DebugPrintPower() -     FULL_ENTITY - Updating [entityName=UNKNOWN ENTITY [cardType=INVALID] id=135 zone=SETASIDE zonePos=0 cardId= player=2] CardID=
D 20:15:18.7713829 PowerTaskList.DebugPrintPower() -         tag=ZONE value=SETASIDE
D 20:15:18.7713829 PowerTaskList.DebugPrintPower() -         tag=CONTROLLER value=2
D 20:15:18.7713829 PowerTaskList.DebugPrintPower() -         tag=ENTITY_ID value=135
D 20:15:18.7713829 PowerTaskList.DebugPrintPower() -     TAG_CHANGE Entity=[entityName=UNKNOWN ENTITY [cardType=INVALID] id=135 zone=SETASIDE zonePos=0 cardId= player=2] tag=ZONE value=PLAY 
D 20:15:18.7713829 PowerTaskList.DebugPrintPower() -     FULL_ENTITY - Updating [entityName=UNKNOWN ENTITY [cardType=INVALID] id=136 zone=SETASIDE zonePos=0 cardId= player=2] CardID=
D 20:15:18.7713829 PowerTaskList.DebugPrintPower() -         tag=ZONE value=SETASIDE
D 20:15:18.7713829 PowerTaskList.DebugPrintPower() -         tag=CONTROLLER value=2
D 20:15:18.7713829 PowerTaskList.DebugPrintPower() -         tag=ENTITY_ID value=136
D 20:15:18.7713829 PowerTaskList.DebugPrintPower() -     TAG_CHANGE Entity=[entityName=UNKNOWN ENTITY [cardType=INVALID] id=136 zone=SETASIDE zonePos=0 cardId= player=2] tag=ZONE value=PLAY 
D 20:15:18.7713829 PowerTaskList.DebugPrintPower() - BLOCK_END
D 20:15:18.7713829 PowerProcessor.PrepareHistoryForCurrentTaskList() - m_currentTaskList=96
D 20:15:18.7713829 PowerSpellController [taskListId=96].InitPowerSpell() - FAILED to attach task list to spell ReuseFX_Shadow_DeckAE_DeckBuff_Super(Clone) (SuperSpell) for Card [entityName=神秘访客 id=51 zone=PLAY zonePos=1 cardId=REV_246 player=2]
D 20:15:19.0743986 PowerProcessor.EndCurrentTaskList() - m_currentTaskList=96
D 20:15:19.0853629 PowerTaskList.DebugDump() - ID=97 ParentID=0 PreviousID=92 TaskCount=3
D 20:15:19.0853629 PowerTaskList.DebugDump() - Block Start=(null)
D 20:15:19.0853629 PowerTaskList.DebugPrintPower() -     TAG_CHANGE Entity=两仪丨九月#5670 tag=COMBO_ACTIVE value=1 
D 20:15:19.0853629 PowerTaskList.DebugPrintPower() -     TAG_CHANGE Entity=GameEntity tag=1323 value=2 
D 20:15:19.0853629 PowerTaskList.DebugPrintPower() -     TAG_CHANGE Entity=两仪丨九月#5670 tag=NUM_OPTIONS_PLAYED_THIS_TURN value=1 
D 20:15:19.0853629 PowerTaskList.DebugPrintPower() - BLOCK_END
D 20:15:19.0853629 PowerProcessor.PrepareHistoryForCurrentTaskList() - m_currentTaskList=97
D 20:15:19.0853629 PowerProcessor.DoTaskListForCard() - unhandled BlockType PLAY for sourceEntity [entityName=神秘访客 id=51 zone=PLAY zonePos=1 cardId=REV_246 player=2]
D 20:15:19.0853629 PowerProcessor.EndCurrentTaskList() - m_currentTaskList=97
D 20:15:19.0853629 PowerTaskList.DebugDump() - ID=98 ParentID=92 PreviousID=0 TaskCount=1
D 20:15:19.0853629 PowerTaskList.DebugPrintPower() - BLOCK_START BlockType=TRIGGER Entity=[entityName=抱龙王噗鲁什 id=71 zone=COSMETIC zonePos=0 cardId=PET_3_3 player=2] EffectCardId=System.Collections.Generic.List`1[System.String] EffectIndex=3 Target=0 SubOption=-1 TriggerKeyword=TAG_NOT_SET
D 20:15:19.0853629 PowerTaskList.DebugPrintPower() -     TAG_CHANGE Entity=[entityName=抱龙王噗鲁什 id=71 zone=COSMETIC zonePos=0 cardId=PET_3_3 player=2] tag=PET_EVENT_ID value=8 
D 20:15:19.0853629 PowerTaskList.DebugPrintPower() - BLOCK_END
D 20:15:19.0853629 PowerProcessor.PrepareHistoryForCurrentTaskList() - m_currentTaskList=98
D 20:15:19.0853629 PowerProcessor.EndCurrentTaskList() - m_currentTaskList=98
D 20:15:19.0853629 PowerTaskList.DebugDump() - ID=99 ParentID=0 PreviousID=0 TaskCount=1
D 20:15:19.0853629 PowerTaskList.DebugDump() - Block Start=(null)
D 20:15:19.0853629 PowerTaskList.DebugPrintPower() -     META_DATA - Meta=SLUSH_TIME Data=1000 InfoCount=1
D 20:15:19.0853629 PowerTaskList.DebugPrintPower() -                 Info[0] = [entityName=神秘访客 id=51 zone=PLAY zonePos=1 cardId=REV_246 player=2]
D 20:15:19.0853629 PowerTaskList.DebugDump() - Block End=(null)
D 20:15:19.0853629 PowerProcessor.PrepareHistoryForCurrentTaskList() - m_currentTaskList=99
D 20:15:19.0853629 PowerProcessor.EndCurrentTaskList() - m_currentTaskList=99
D 20:15:20.6033729 GameState.DebugPrintPowerList() - Count=80
D 20:15:20.6033729 GameState.DebugPrintPower() - TAG_CHANGE Entity=[entityName=神秘访客 id=51 zone=PLAY zonePos=1 cardId=REV_246 player=2] tag=1196 value=0 
D 20:15:20.6033729 GameState.DebugPrintPower() - TAG_CHANGE Entity=GameEntity tag=STEP value=MAIN_END 
D 20:15:20.6033729 GameState.DebugPrintPower() - BLOCK_START BlockType=TRIGGER Entity=湫然#51704 EffectCardId=System.Collections.Generic.List`1[System.String] EffectIndex=-1 Target=0 SubOption=-1 TriggerKeyword=TAG_NOT_SET
D 20:15:20.6033729 GameState.DebugPrintPower() - BLOCK_END
D 20:15:20.6033729 GameState.DebugPrintPower() - BLOCK_START BlockType=TRIGGER Entity=两仪丨九月#5670 EffectCardId=System.Collections.Generic.List`1[System.String] EffectIndex=-1 Target=0 SubOption=-1 TriggerKeyword=TAG_NOT_SET
D 20:15:20.6033729 GameState.DebugPrintPower() -     TAG_CHANGE Entity=GameEntity tag=NEXT_STEP value=MAIN_CLEANUP 
D 20:15:20.6033729 GameState.DebugPrintPower() - BLOCK_END
D 20:15:20.6033729 GameState.DebugPrintPower() - BLOCK_START BlockType=TRIGGER Entity=两仪丨九月#5670 EffectCardId=System.Collections.Generic.List`1[System.String] EffectIndex=-1 Target=0 SubOption=-1 TriggerKeyword=TAG_NOT_SET
D 20:15:20.6033729 GameState.DebugPrintPower() - BLOCK_END
D 20:15:20.6033729 GameState.DebugPrintPower() - BLOCK_START BlockType=TRIGGER Entity=[entityName=抱龙王噗鲁什 id=71 zone=COSMETIC zonePos=0 cardId=PET_3_3 player=2] EffectCardId=System.Collections.Generic.List`1[System.String] EffectIndex=0 Target=0 SubOption=-1 TriggerKeyword=TAG_NOT_SET
D 20:15:20.6033729 GameState.DebugPrintPower() -     TAG_CHANGE Entity=[entityName=抱龙王噗鲁什 id=71 zone=COSMETIC zonePos=0 cardId=PET_3_3 player=2] tag=PET_EVENT_ID value=0 
D 20:15:20.6033729 GameState.DebugPrintPower() - BLOCK_END
D 20:15:20.6033729 GameState.DebugPrintPower() - TAG_CHANGE Entity=GameEntity tag=STEP value=MAIN_CLEANUP 
D 20:15:20.6033729 GameState.DebugPrintPower() - BLOCK_START BlockType=TRIGGER Entity=湫然#51704 EffectCardId=System.Collections.Generic.List`1[System.String] EffectIndex=-1 Target=0 SubOption=-1 TriggerKeyword=TAG_NOT_SET
D 20:15:20.6033729 GameState.DebugPrintPower() - BLOCK_END
D 20:15:20.6033729 GameState.DebugPrintPower() - BLOCK_START BlockType=TRIGGER Entity=两仪丨九月#5670 EffectCardId=System.Collections.Generic.List`1[System.String] EffectIndex=-1 Target=0 SubOption=-1 TriggerKeyword=TAG_NOT_SET
D 20:15:20.6033729 GameState.DebugPrintPower() -     TAG_CHANGE Entity=[entityName=神秘访客 id=51 zone=PLAY zonePos=1 cardId=REV_246 player=2] tag=JUST_PLAYED value=0 
D 20:15:20.6033729 GameState.DebugPrintPower() -     TAG_CHANGE Entity=两仪丨九月#5670 tag=COMBO_ACTIVE value=0 
D 20:15:20.6033729 GameState.DebugPrintPower() -     TAG_CHANGE Entity=GameEntity tag=NEXT_STEP value=MAIN_NEXT 
D 20:15:20.6033729 GameState.DebugPrintPower() - BLOCK_END
D 20:15:20.6033729 GameState.DebugPrintPower() - TAG_CHANGE Entity=GameEntity tag=STEP value=MAIN_NEXT 
D 20:15:20.6033729 GameState.DebugPrintPower() - BLOCK_START BlockType=TRIGGER Entity=GameEntity EffectCardId=System.Collections.Generic.List`1[System.String] EffectIndex=-1 Target=0 SubOption=-1 TriggerKeyword=TAG_NOT_SET
D 20:15:20.6033729 GameState.DebugPrintPower() -     TAG_CHANGE Entity=两仪丨九月#5670 tag=1292 value=0 
D 20:15:20.6033729 GameState.DebugPrintPower() -     TAG_CHANGE Entity=湫然#51704 tag=1292 value=1 
D 20:15:20.6033729 GameState.DebugPrintPower() -     TAG_CHANGE Entity=两仪丨九月#5670 tag=TIMEOUT value=75 
D 20:15:20.6033729 GameState.DebugPrintPower() -     TAG_CHANGE Entity=[entityName=黑市拍卖师 id=43 zone=HAND zonePos=1 cardId=JAIL_718 player=1] tag=NUM_TURNS_IN_HAND value=4 
D 20:15:20.6033729 GameState.DebugPrintPower() -     TAG_CHANGE Entity=[entityName=水栖形态 id=21 zone=HAND zonePos=2 cardId=TSC_654 player=1] tag=NUM_TURNS_IN_HAND value=4 
D 20:15:20.6033729 GameState.DebugPrintPower() -     TAG_CHANGE Entity=[entityName=占领冷齿矿洞 id=36 zone=HAND zonePos=3 cardId=AV_295 player=1] tag=NUM_TURNS_IN_HAND value=4 
D 20:15:20.6033729 GameState.DebugPrintPower() -     TAG_CHANGE Entity=[entityName=幸运币 id=99 zone=HAND zonePos=5 cardId=MUDAN_COIN1 player=1] tag=NUM_TURNS_IN_HAND value=4 
D 20:15:20.6033729 GameState.DebugPrintPower() -     TAG_CHANGE Entity=[entityName=黑市拍卖师 id=22 zone=HAND zonePos=4 cardId=JAIL_718 player=1] tag=NUM_TURNS_IN_HAND value=4 
D 20:15:20.6033729 GameState.DebugPrintPower() -     TAG_CHANGE Entity=[entityName=月光射线 id=13 zone=HAND zonePos=6 cardId=TID_001 player=1] tag=NUM_TURNS_IN_HAND value=3 
D 20:15:20.6033729 GameState.DebugPrintPower() -     TAG_CHANGE Entity=两仪丨九月#5670 tag=CURRENT_PLAYER value=0 
D 20:15:20.6033729 GameState.DebugPrintPower() -     TAG_CHANGE Entity=湫然#51704 tag=CURRENT_PLAYER value=1 
D 20:15:20.6033729 GameState.DebugPrintPower() -     TAG_CHANGE Entity=GameEntity tag=TURN value=4 
D 20:15:20.6033729 GameState.DebugPrintPower() -     TAG_CHANGE Entity=GameEntity tag=1882 value=3 
D 20:15:20.6033729 GameState.DebugPrintPower() -     TAG_CHANGE Entity=湫然#51704 tag=TURN value=2 
D 20:15:20.6033729 GameState.DebugPrintPower() -     TAG_CHANGE Entity=GameEntity tag=NEXT_STEP value=MAIN_READY 
D 20:15:20.6033729 GameState.DebugPrintPower() - BLOCK_END
D 20:15:20.6033729 GameState.DebugPrintPower() - TAG_CHANGE Entity=GameEntity tag=STEP value=MAIN_READY 
D 20:15:20.6033729 GameState.DebugPrintPower() - BLOCK_START BlockType=TRIGGER Entity=湫然#51704 EffectCardId=System.Collections.Generic.List`1[System.String] EffectIndex=-1 Target=0 SubOption=-1 TriggerKeyword=TAG_NOT_SET
D 20:15:20.6033729 GameState.DebugPrintPower() -     TAG_CHANGE Entity=GameEntity tag=NUM_TURNS_IN_PLAY value=4 
D 20:15:20.6033729 GameState.DebugPrintPower() -     TAG_CHANGE Entity=湫然#51704 tag=NUM_TURNS_IN_PLAY value=4 
D 20:15:20.6033729 GameState.DebugPrintPower() -     TAG_CHANGE Entity=两仪丨九月#5670 tag=NUM_TURNS_IN_PLAY value=4 
D 20:15:20.6033729 GameState.DebugPrintPower() -     TAG_CHANGE Entity=[entityName=嘲风望月露娜拉 id=67 zone=PLAY zonePos=0 cardId=HERO_06bi player=1] tag=NUM_TURNS_IN_PLAY value=4 
D 20:15:20.6033729 GameState.DebugPrintPower() -     TAG_CHANGE Entity=[entityName=变形 id=68 zone=PLAY zonePos=0 cardId=HERO_06ebp player=1] tag=NUM_TURNS_IN_PLAY value=4 
D 20:15:20.6033729 GameState.DebugPrintPower() -     TAG_CHANGE Entity=[entityName=拉祖尔女士 id=69 zone=PLAY zonePos=0 cardId=HERO_09b player=2] tag=NUM_TURNS_IN_PLAY value=4 
D 20:15:20.6033729 GameState.DebugPrintPower() -     TAG_CHANGE Entity=[entityName=次级治疗术 id=70 zone=PLAY zonePos=0 cardId=CS1h_001_H2 player=2] tag=NUM_TURNS_IN_PLAY value=4 
D 20:15:20.6033729 GameState.DebugPrintPower() -     TAG_CHANGE Entity=[entityName=神秘访客 id=51 zone=PLAY zonePos=1 cardId=REV_246 player=2] tag=NUM_TURNS_IN_PLAY value=1 
D 20:15:20.6033729 GameState.DebugPrintPower() -     TAG_CHANGE Entity=湫然#51704 tag=RESOURCES value=2 
D 20:15:20.6033729 GameState.DebugPrintPower() -     TAG_CHANGE Entity=湫然#51704 tag=3242 value=0 
D 20:15:20.6033729 GameState.DebugPrintPower() -     TAG_CHANGE Entity=两仪丨九月#5670 tag=NUM_CARDS_DRAWN_THIS_TURN value=0 
D 20:15:20.6033729 GameState.DebugPrintPower() -     TAG_CHANGE Entity=GameEntity tag=NEXT_STEP value=MAIN_START_TRIGGERS 
D 20:15:20.6033729 GameState.DebugPrintPower() - BLOCK_END
D 20:15:20.6033729 GameState.DebugPrintPower() - TAG_CHANGE Entity=GameEntity tag=STEP value=MAIN_START_TRIGGERS 
D 20:15:20.6033729 GameState.DebugPrintPower() - BLOCK_START BlockType=TRIGGER Entity=[entityName=抱龙王噗鲁什 id=71 zone=COSMETIC zonePos=0 cardId=PET_3_3 player=2] EffectCardId=System.Collections.Generic.List`1[System.String] EffectIndex=5 Target=0 SubOption=-1 TriggerKeyword=TAG_NOT_SET
D 20:15:20.6033729 GameState.DebugPrintPower() -     TAG_CHANGE Entity=[entityName=抱龙王噗鲁什 id=71 zone=COSMETIC zonePos=0 cardId=PET_3_3 player=2] tag=PET_EVENT_ID value=11 
D 20:15:20.6033729 GameState.DebugPrintPower() - BLOCK_END
D 20:15:20.6033729 GameState.DebugPrintPower() - BLOCK_START BlockType=TRIGGER Entity=湫然#51704 EffectCardId=System.Collections.Generic.List`1[System.String] EffectIndex=-1 Target=0 SubOption=-1 TriggerKeyword=TAG_NOT_SET
D 20:15:20.6033729 GameState.DebugPrintPower() -     TAG_CHANGE Entity=GameEntity tag=NEXT_STEP value=MAIN_START 
D 20:15:20.6033729 GameState.DebugPrintPower() - BLOCK_END
D 20:15:20.6033729 GameState.DebugPrintPower() - TAG_CHANGE Entity=GameEntity tag=STEP value=MAIN_START 
D 20:15:20.6033729 GameState.DebugPrintPower() - BLOCK_START BlockType=TRIGGER Entity=湫然#51704 EffectCardId=System.Collections.Generic.List`1[System.String] EffectIndex=-1 Target=0 SubOption=-1 TriggerKeyword=TAG_NOT_SET
D 20:15:20.6033729 GameState.DebugPrintPower() -     TAG_CHANGE Entity=湫然#51704 tag=2166 value=11 
D 20:15:20.6033729 GameState.DebugPrintPower() -     TAG_CHANGE Entity=湫然#51704 tag=467 value=1 
D 20:15:20.6033729 GameState.DebugPrintPower() -     SHOW_ENTITY - Updating Entity=[entityName=UNKNOWN ENTITY [cardType=INVALID] id=11 zone=DECK zonePos=0 cardId= player=1] CardID=BOT_054
D 20:15:20.6033729 GameState.DebugPrintPower() -         tag=CONTROLLER value=1
D 20:15:20.6033729 GameState.DebugPrintPower() -         tag=CARDTYPE value=SPELL
D 20:15:20.6033729 GameState.DebugPrintPower() -         tag=TAG_LAST_KNOWN_COST_IN_HAND value=1
D 20:15:20.6033729 GameState.DebugPrintPower() -         tag=COST value=1
D 20:15:20.6033729 GameState.DebugPrintPower() -         tag=ZONE value=HAND
D 20:15:20.6033729 GameState.DebugPrintPower() -         tag=ENTITY_ID value=11
D 20:15:20.6033729 GameState.DebugPrintPower() -         tag=CLASS value=DRUID
D 20:15:20.6033729 GameState.DebugPrintPower() -         tag=RARITY value=COMMON
D 20:15:20.6033729 GameState.DebugPrintPower() -         tag=478 value=1
D 20:15:20.6033729 GameState.DebugPrintPower() -         tag=1037 value=1
D 20:15:20.6033729 GameState.DebugPrintPower() -         tag=1043 value=1
D 20:15:20.6033729 GameState.DebugPrintPower() -         tag=1068 value=0
D 20:15:20.6033729 GameState.DebugPrintPower() -         tag=SPAWN_TIME_COUNT value=1
D 20:15:20.6033729 GameState.DebugPrintPower() -         tag=SPELL_SCHOOL value=4
D 20:15:20.6033729 GameState.DebugPrintPower() -     TAG_CHANGE Entity=[entityName=UNKNOWN ENTITY [cardType=INVALID] id=11 zone=DECK zonePos=0 cardId= player=1] tag=NUM_TURNS_IN_HAND value=1 
D 20:15:20.6033729 GameState.DebugPrintPower() -     TAG_CHANGE Entity=[entityName=UNKNOWN ENTITY [cardType=INVALID] id=11 zone=DECK zonePos=0 cardId= player=1] tag=ZONE_POSITION value=7 
D 20:15:20.6033729 GameState.DebugPrintPower() -     TAG_CHANGE Entity=[entityName=UNKNOWN ENTITY [cardType=INVALID] id=11 zone=DECK zonePos=0 cardId= player=1] tag=ZONE_POSITION value=0 
D 20:15:20.6033729 GameState.DebugPrintPower() -     TAG_CHANGE Entity=[entityName=UNKNOWN ENTITY [cardType=INVALID] id=11 zone=DECK zonePos=0 cardId= player=1] tag=ZONE_POSITION value=7 
D 20:15:20.6033729 GameState.DebugPrintPower() -     TAG_CHANGE Entity=湫然#51704 tag=3242 value=1 
D 20:15:20.6033729 GameState.DebugPrintPower() -     TAG_CHANGE Entity=湫然#51704 tag=NUM_CARDS_DRAWN_THIS_TURN value=1 
D 20:15:20.6033729 GameState.DebugPrintPower() -     TAG_CHANGE Entity=湫然#51704 tag=995 value=2 
D 20:15:20.6033729 GameState.DebugPrintPower() -     TAG_CHANGE Entity=[entityName=UNKNOWN ENTITY [cardType=INVALID] id=11 zone=DECK zonePos=0 cardId= player=1] tag=1570 value=4 
D 20:15:20.6033729 GameState.DebugPrintPower() -     TAG_CHANGE Entity=湫然#51704 tag=467 value=0 
D 20:15:20.6033729 GameState.DebugPrintPower() -     TAG_CHANGE Entity=GameEntity tag=NEXT_STEP value=MAIN_ACTION 
D 20:15:20.6033729 GameState.DebugPrintPower() - BLOCK_END
D 20:15:20.6033729 GameState.DebugPrintPower() - TAG_CHANGE Entity=GameEntity tag=STEP value=MAIN_ACTION 
D 20:15:20.6033729 GameState.DebugPrintPower() - BLOCK_START BlockType=TRIGGER Entity=湫然#51704 EffectCardId=System.Collections.Generic.List`1[System.String] EffectIndex=-1 Target=0 SubOption=-1 TriggerKeyword=TAG_NOT_SET
D 20:15:20.6033729 GameState.DebugPrintPower() -     TAG_CHANGE Entity=GameEntity tag=NEXT_STEP value=MAIN_END 
D 20:15:20.6033729 GameState.DebugPrintPower() - BLOCK_END
D 20:15:20.6033729 PowerTaskList.DebugDump() - ID=100 ParentID=0 PreviousID=0 TaskCount=2
D 20:15:20.6033729 PowerTaskList.DebugDump() - Block Start=(null)
D 20:15:20.6033729 PowerTaskList.DebugPrintPower() -     TAG_CHANGE Entity=[entityName=神秘访客 id=51 zone=PLAY zonePos=1 cardId=REV_246 player=2] tag=1196 value=0 
D 20:15:20.6033729 PowerTaskList.DebugPrintPower() -     TAG_CHANGE Entity=GameEntity tag=STEP value=MAIN_END 
D 20:15:20.6033729 PowerTaskList.DebugDump() - Block End=(null)
D 20:15:20.6033729 PowerProcessor.PrepareHistoryForCurrentTaskList() - m_currentTaskList=100
D 20:15:20.6033729 PowerProcessor.EndCurrentTaskList() - m_currentTaskList=100
D 20:15:20.6033729 PowerTaskList.DebugDump() - ID=101 ParentID=100 PreviousID=0 TaskCount=0
D 20:15:20.6033729 PowerTaskList.DebugPrintPower() - BLOCK_START BlockType=TRIGGER Entity=湫然#51704 EffectCardId=System.Collections.Generic.List`1[System.String] EffectIndex=-1 Target=0 SubOption=-1 TriggerKeyword=TAG_NOT_SET
D 20:15:20.6033729 PowerTaskList.DebugPrintPower() - BLOCK_END
D 20:15:20.6033729 PowerProcessor.PrepareHistoryForCurrentTaskList() - m_currentTaskList=101
D 20:15:20.6033729 PowerProcessor.EndCurrentTaskList() - m_currentTaskList=101
D 20:15:20.6033729 PowerTaskList.DebugDump() - ID=102 ParentID=0 PreviousID=0 TaskCount=1
D 20:15:20.6033729 PowerTaskList.DebugPrintPower() - BLOCK_START BlockType=TRIGGER Entity=两仪丨九月#5670 EffectCardId=System.Collections.Generic.List`1[System.String] EffectIndex=-1 Target=0 SubOption=-1 TriggerKeyword=TAG_NOT_SET
D 20:15:20.6033729 PowerTaskList.DebugPrintPower() -     TAG_CHANGE Entity=GameEntity tag=NEXT_STEP value=MAIN_CLEANUP 
D 20:15:20.6033729 PowerTaskList.DebugPrintPower() - BLOCK_END
D 20:15:20.6033729 PowerProcessor.PrepareHistoryForCurrentTaskList() - m_currentTaskList=102
D 20:15:20.6033729 PowerProcessor.EndCurrentTaskList() - m_currentTaskList=102
D 20:15:20.6033729 PowerTaskList.DebugDump() - ID=103 ParentID=0 PreviousID=0 TaskCount=0
D 20:15:20.6033729 PowerTaskList.DebugPrintPower() - BLOCK_START BlockType=TRIGGER Entity=两仪丨九月#5670 EffectCardId=System.Collections.Generic.List`1[System.String] EffectIndex=-1 Target=0 SubOption=-1 TriggerKeyword=TAG_NOT_SET
D 20:15:20.6033729 PowerTaskList.DebugPrintPower() - BLOCK_END
D 20:15:20.6033729 PowerProcessor.PrepareHistoryForCurrentTaskList() - m_currentTaskList=103
D 20:15:20.6033729 PowerProcessor.EndCurrentTaskList() - m_currentTaskList=103
D 20:15:20.6033729 PowerTaskList.DebugDump() - ID=104 ParentID=0 PreviousID=0 TaskCount=1
D 20:15:20.6033729 PowerTaskList.DebugPrintPower() - BLOCK_START BlockType=TRIGGER Entity=[entityName=抱龙王噗鲁什 id=71 zone=COSMETIC zonePos=0 cardId=PET_3_3 player=2] EffectCardId=System.Collections.Generic.List`1[System.String] EffectIndex=0 Target=0 SubOption=-1 TriggerKeyword=TAG_NOT_SET
D 20:15:20.6033729 PowerTaskList.DebugPrintPower() -     TAG_CHANGE Entity=[entityName=抱龙王噗鲁什 id=71 zone=COSMETIC zonePos=0 cardId=PET_3_3 player=2] tag=PET_EVENT_ID value=0 
D 20:15:20.6033729 PowerTaskList.DebugPrintPower() - BLOCK_END
D 20:15:20.6033729 PowerProcessor.PrepareHistoryForCurrentTaskList() - m_currentTaskList=104
D 20:15:20.6033729 PowerProcessor.EndCurrentTaskList() - m_currentTaskList=104
D 20:15:20.6033729 PowerTaskList.DebugDump() - ID=105 ParentID=0 PreviousID=0 TaskCount=1
D 20:15:20.6033729 PowerTaskList.DebugDump() - Block Start=(null)
D 20:15:20.6033729 PowerTaskList.DebugPrintPower() -     TAG_CHANGE Entity=GameEntity tag=STEP value=MAIN_CLEANUP 
D 20:15:20.6033729 PowerTaskList.DebugDump() - Block End=(null)
D 20:15:20.6033729 PowerProcessor.PrepareHistoryForCurrentTaskList() - m_currentTaskList=105
D 20:15:20.6033729 PowerProcessor.EndCurrentTaskList() - m_currentTaskList=105
D 20:15:20.6033729 PowerTaskList.DebugDump() - ID=106 ParentID=0 PreviousID=0 TaskCount=0
D 20:15:20.6033729 PowerTaskList.DebugPrintPower() - BLOCK_START BlockType=TRIGGER Entity=湫然#51704 EffectCardId=System.Collections.Generic.List`1[System.String] EffectIndex=-1 Target=0 SubOption=-1 TriggerKeyword=TAG_NOT_SET
D 20:15:20.6033729 PowerTaskList.DebugPrintPower() - BLOCK_END
D 20:15:20.6033729 PowerProcessor.PrepareHistoryForCurrentTaskList() - m_currentTaskList=106
D 20:15:20.6033729 PowerProcessor.EndCurrentTaskList() - m_currentTaskList=106
D 20:15:20.6033729 PowerTaskList.DebugDump() - ID=107 ParentID=0 PreviousID=0 TaskCount=3
D 20:15:20.6033729 PowerTaskList.DebugPrintPower() - BLOCK_START BlockType=TRIGGER Entity=两仪丨九月#5670 EffectCardId=System.Collections.Generic.List`1[System.String] EffectIndex=-1 Target=0 SubOption=-1 TriggerKeyword=TAG_NOT_SET
D 20:15:20.6033729 PowerTaskList.DebugPrintPower() -     TAG_CHANGE Entity=[entityName=神秘访客 id=51 zone=PLAY zonePos=1 cardId=REV_246 player=2] tag=JUST_PLAYED value=0 
D 20:15:20.6033729 PowerTaskList.DebugPrintPower() -     TAG_CHANGE Entity=两仪丨九月#5670 tag=COMBO_ACTIVE value=0 
D 20:15:20.6033729 PowerTaskList.DebugPrintPower() -     TAG_CHANGE Entity=GameEntity tag=NEXT_STEP value=MAIN_NEXT 
D 20:15:20.6033729 PowerTaskList.DebugPrintPower() - BLOCK_END
D 20:15:20.6033729 PowerProcessor.PrepareHistoryForCurrentTaskList() - m_currentTaskList=107
D 20:15:20.6033729 PowerProcessor.EndCurrentTaskList() - m_currentTaskList=107
D 20:15:20.6033729 PowerTaskList.DebugDump() - ID=108 ParentID=0 PreviousID=0 TaskCount=1
D 20:15:20.6033729 PowerTaskList.DebugDump() - Block Start=(null)
D 20:15:20.6033729 PowerTaskList.DebugPrintPower() -     TAG_CHANGE Entity=GameEntity tag=STEP value=MAIN_NEXT 
D 20:15:20.6033729 PowerTaskList.DebugDump() - Block End=(null)
D 20:15:20.6033729 PowerProcessor.PrepareHistoryForCurrentTaskList() - m_currentTaskList=108
D 20:15:20.6033729 PowerProcessor.EndCurrentTaskList() - m_currentTaskList=108
D 20:15:20.6033729 PowerTaskList.DebugDump() - ID=109 ParentID=0 PreviousID=0 TaskCount=15
D 20:15:20.6033729 PowerTaskList.DebugPrintPower() - BLOCK_START BlockType=TRIGGER Entity=GameEntity EffectCardId=System.Collections.Generic.List`1[System.String] EffectIndex=-1 Target=0 SubOption=-1 TriggerKeyword=TAG_NOT_SET
D 20:15:20.6033729 PowerTaskList.DebugPrintPower() -     TAG_CHANGE Entity=两仪丨九月#5670 tag=1292 value=0 
D 20:15:20.6033729 PowerTaskList.DebugPrintPower() -     TAG_CHANGE Entity=湫然#51704 tag=1292 value=1 
D 20:15:20.6033729 PowerTaskList.DebugPrintPower() -     TAG_CHANGE Entity=两仪丨九月#5670 tag=TIMEOUT value=75 
D 20:15:20.6033729 PowerTaskList.DebugPrintPower() -     TAG_CHANGE Entity=[entityName=黑市拍卖师 id=43 zone=HAND zonePos=1 cardId=JAIL_718 player=1] tag=NUM_TURNS_IN_HAND value=4 
D 20:15:20.6033729 PowerTaskList.DebugPrintPower() -     TAG_CHANGE Entity=[entityName=水栖形态 id=21 zone=HAND zonePos=2 cardId=TSC_654 player=1] tag=NUM_TURNS_IN_HAND value=4 
D 20:15:20.6033729 PowerTaskList.DebugPrintPower() -     TAG_CHANGE Entity=[entityName=占领冷齿矿洞 id=36 zone=HAND zonePos=3 cardId=AV_295 player=1] tag=NUM_TURNS_IN_HAND value=4 
D 20:15:20.6033729 PowerTaskList.DebugPrintPower() -     TAG_CHANGE Entity=[entityName=幸运币 id=99 zone=HAND zonePos=5 cardId=MUDAN_COIN1 player=1] tag=NUM_TURNS_IN_HAND value=4 
D 20:15:20.6033729 PowerTaskList.DebugPrintPower() -     TAG_CHANGE Entity=[entityName=黑市拍卖师 id=22 zone=HAND zonePos=4 cardId=JAIL_718 player=1] tag=NUM_TURNS_IN_HAND value=4 
D 20:15:20.6033729 PowerTaskList.DebugPrintPower() -     TAG_CHANGE Entity=[entityName=月光射线 id=13 zone=HAND zonePos=6 cardId=TID_001 player=1] tag=NUM_TURNS_IN_HAND value=3 
D 20:15:20.6033729 PowerTaskList.DebugPrintPower() -     TAG_CHANGE Entity=两仪丨九月#5670 tag=CURRENT_PLAYER value=0 
D 20:15:20.6033729 PowerTaskList.DebugPrintPower() -     TAG_CHANGE Entity=湫然#51704 tag=CURRENT_PLAYER value=1 
D 20:15:20.6033729 PowerTaskList.DebugPrintPower() -     TAG_CHANGE Entity=GameEntity tag=TURN value=4 
D 20:15:20.6033729 PowerTaskList.DebugPrintPower() -     TAG_CHANGE Entity=GameEntity tag=1882 value=3 
D 20:15:20.6033729 PowerTaskList.DebugPrintPower() -     TAG_CHANGE Entity=湫然#51704 tag=TURN value=2 
D 20:15:20.6033729 PowerTaskList.DebugPrintPower() -     TAG_CHANGE Entity=GameEntity tag=NEXT_STEP value=MAIN_READY 
D 20:15:20.6033729 PowerTaskList.DebugPrintPower() - BLOCK_END
D 20:15:20.6033729 PowerProcessor.PrepareHistoryForCurrentTaskList() - m_currentTaskList=109
D 20:15:20.6033729 PowerProcessor.EndCurrentTaskList() - m_currentTaskList=109
D 20:15:20.6033729 PowerTaskList.DebugDump() - ID=110 ParentID=0 PreviousID=0 TaskCount=1
D 20:15:20.6033729 PowerTaskList.DebugDump() - Block Start=(null)
D 20:15:20.6033729 PowerTaskList.DebugPrintPower() -     TAG_CHANGE Entity=GameEntity tag=STEP value=MAIN_READY 
D 20:15:20.6033729 PowerTaskList.DebugDump() - Block End=(null)
D 20:15:20.6033729 PowerProcessor.PrepareHistoryForCurrentTaskList() - m_currentTaskList=110
D 20:15:20.6033729 PowerProcessor.EndCurrentTaskList() - m_currentTaskList=110
D 20:15:20.6033729 PowerTaskList.DebugDump() - ID=111 ParentID=0 PreviousID=0 TaskCount=12
D 20:15:20.6033729 PowerTaskList.DebugPrintPower() - BLOCK_START BlockType=TRIGGER Entity=湫然#51704 EffectCardId=System.Collections.Generic.List`1[System.String] EffectIndex=-1 Target=0 SubOption=-1 TriggerKeyword=TAG_NOT_SET
D 20:15:20.6033729 PowerTaskList.DebugPrintPower() -     TAG_CHANGE Entity=GameEntity tag=NUM_TURNS_IN_PLAY value=4 
D 20:15:20.6033729 PowerTaskList.DebugPrintPower() -     TAG_CHANGE Entity=湫然#51704 tag=NUM_TURNS_IN_PLAY value=4 
D 20:15:20.6033729 PowerTaskList.DebugPrintPower() -     TAG_CHANGE Entity=两仪丨九月#5670 tag=NUM_TURNS_IN_PLAY value=4 
D 20:15:20.6033729 PowerTaskList.DebugPrintPower() -     TAG_CHANGE Entity=[entityName=嘲风望月露娜拉 id=67 zone=PLAY zonePos=0 cardId=HERO_06bi player=1] tag=NUM_TURNS_IN_PLAY value=4 
D 20:15:20.6033729 PowerTaskList.DebugPrintPower() -     TAG_CHANGE Entity=[entityName=变形 id=68 zone=PLAY zonePos=0 cardId=HERO_06ebp player=1] tag=NUM_TURNS_IN_PLAY value=4 
D 20:15:20.6033729 PowerTaskList.DebugPrintPower() -     TAG_CHANGE Entity=[entityName=拉祖尔女士 id=69 zone=PLAY zonePos=0 cardId=HERO_09b player=2] tag=NUM_TURNS_IN_PLAY value=4 
D 20:15:20.6033729 PowerTaskList.DebugPrintPower() -     TAG_CHANGE Entity=[entityName=次级治疗术 id=70 zone=PLAY zonePos=0 cardId=CS1h_001_H2 player=2] tag=NUM_TURNS_IN_PLAY value=4 
D 20:15:20.6033729 PowerTaskList.DebugPrintPower() -     TAG_CHANGE Entity=[entityName=神秘访客 id=51 zone=PLAY zonePos=1 cardId=REV_246 player=2] tag=NUM_TURNS_IN_PLAY value=1 
D 20:15:20.6033729 PowerTaskList.DebugPrintPower() -     TAG_CHANGE Entity=湫然#51704 tag=RESOURCES value=2 
D 20:15:20.6033729 PowerTaskList.DebugPrintPower() -     TAG_CHANGE Entity=湫然#51704 tag=3242 value=0 
D 20:15:20.6033729 PowerTaskList.DebugPrintPower() -     TAG_CHANGE Entity=两仪丨九月#5670 tag=NUM_CARDS_DRAWN_THIS_TURN value=0 
D 20:15:20.6033729 PowerTaskList.DebugPrintPower() -     TAG_CHANGE Entity=GameEntity tag=NEXT_STEP value=MAIN_START_TRIGGERS 
D 20:15:20.6033729 PowerTaskList.DebugPrintPower() - BLOCK_END
D 20:15:20.6033729 PowerProcessor.PrepareHistoryForCurrentTaskList() - m_currentTaskList=111
D 20:15:20.6033729 PowerProcessor.EndCurrentTaskList() - m_currentTaskList=111
D 20:15:20.6033729 PowerTaskList.DebugDump() - ID=112 ParentID=0 PreviousID=0 TaskCount=1
D 20:15:20.6033729 PowerTaskList.DebugDump() - Block Start=(null)
D 20:15:20.6033729 PowerTaskList.DebugPrintPower() -     TAG_CHANGE Entity=GameEntity tag=STEP value=MAIN_START_TRIGGERS 
D 20:15:20.6033729 PowerTaskList.DebugDump() - Block End=(null)
D 20:15:20.6033729 PowerProcessor.PrepareHistoryForCurrentTaskList() - m_currentTaskList=112
D 20:15:20.6033729 PowerProcessor.EndCurrentTaskList() - m_currentTaskList=112
D 20:15:20.6033729 PowerTaskList.DebugDump() - ID=113 ParentID=0 PreviousID=0 TaskCount=1
D 20:15:20.6033729 PowerTaskList.DebugPrintPower() - BLOCK_START BlockType=TRIGGER Entity=[entityName=抱龙王噗鲁什 id=71 zone=COSMETIC zonePos=0 cardId=PET_3_3 player=2] EffectCardId=System.Collections.Generic.List`1[System.String] EffectIndex=5 Target=0 SubOption=-1 TriggerKeyword=TAG_NOT_SET
D 20:15:20.6033729 PowerTaskList.DebugPrintPower() -     TAG_CHANGE Entity=[entityName=抱龙王噗鲁什 id=71 zone=COSMETIC zonePos=0 cardId=PET_3_3 player=2] tag=PET_EVENT_ID value=11 
D 20:15:20.6033729 PowerTaskList.DebugPrintPower() - BLOCK_END
D 20:15:20.6033729 PowerProcessor.PrepareHistoryForCurrentTaskList() - m_currentTaskList=113
D 20:15:20.6339105 GameState.DebugPrintOptions() - id=6
D 20:15:20.6339105 GameState.DebugPrintOptions() -   option 0 type=END_TURN mainEntity= error=INVALID errorParam=
D 20:15:20.6339105 GameState.DebugPrintOptions() -   option 1 type=POWER mainEntity=[entityName=黑市拍卖师 id=43 zone=HAND zonePos=1 cardId=JAIL_718 player=1] error=NONE errorParam=
D 20:15:20.6339105 GameState.DebugPrintOptions() -   option 2 type=POWER mainEntity=[entityName=水栖形态 id=21 zone=HAND zonePos=2 cardId=TSC_654 player=1] error=NONE errorParam=
D 20:15:20.6339105 GameState.DebugPrintOptions() -   option 3 type=POWER mainEntity=[entityName=占领冷齿矿洞 id=36 zone=HAND zonePos=3 cardId=AV_295 player=1] error=NONE errorParam=
D 20:15:20.6339105 GameState.DebugPrintOptions() -     subOption 0 entity=[entityName=更多资源 id=37 zone=SETASIDE zonePos=0 cardId=AV_295a player=1] error=NONE errorParam=
D 20:15:20.6339105 GameState.DebugPrintOptions() -     subOption 1 entity=[entityName=更多补给 id=38 zone=SETASIDE zonePos=0 cardId=AV_295b player=1] error=NONE errorParam=
D 20:15:20.6339105 GameState.DebugPrintOptions() -   option 4 type=POWER mainEntity=[entityName=幸运币 id=99 zone=HAND zonePos=5 cardId=MUDAN_COIN1 player=1] error=NONE errorParam=
D 20:15:20.6339105 GameState.DebugPrintOptions() -   option 5 type=POWER mainEntity=[entityName=黑市拍卖师 id=22 zone=HAND zonePos=4 cardId=JAIL_718 player=1] error=NONE errorParam=
D 20:15:20.6339105 GameState.DebugPrintOptions() -   option 6 type=POWER mainEntity=[entityName=月光射线 id=13 zone=HAND zonePos=6 cardId=TID_001 player=1] error=NONE errorParam=
D 20:15:20.6339105 GameState.DebugPrintOptions() -     target 0 entity=[entityName=拉祖尔女士 id=69 zone=PLAY zonePos=0 cardId=HERO_09b player=2] error=NONE errorParam=
D 20:15:20.6339105 GameState.DebugPrintOptions() -     target 1 entity=[entityName=神秘访客 id=51 zone=PLAY zonePos=1 cardId=REV_246 player=2] error=NONE errorParam=
D 20:15:20.6339105 GameState.DebugPrintOptions() -     target 2 entity=[entityName=嘲风望月露娜拉 id=67 zone=PLAY zonePos=0 cardId=HERO_06bi player=1] error=REQ_ENEMY_TARGET errorParam=
D 20:15:20.6339105 GameState.DebugPrintOptions() -   option 7 type=POWER mainEntity=[entityName=UNKNOWN ENTITY [cardType=INVALID] id=11 zone=DECK zonePos=0 cardId= player=1] error=NONE errorParam=
D 20:15:20.6339105 GameState.DebugPrintOptions() -   option 8 type=POWER mainEntity=[entityName=变形 id=68 zone=PLAY zonePos=0 cardId=HERO_06ebp player=1] error=NONE errorParam=
D 20:15:20.6339105 GameState.DebugPrintOptions() -   option 9 type=POWER mainEntity=[entityName=黑市拍卖师 id=43 zone=HAND zonePos=1 cardId=JAIL_718 player=1] error=REQ_ENOUGH_MANA errorParam=
D 20:15:20.6339105 GameState.DebugPrintOptions() -   option 10 type=POWER mainEntity=[entityName=黑市拍卖师 id=22 zone=HAND zonePos=4 cardId=JAIL_718 player=1] error=REQ_ENOUGH_MANA errorParam=
D 20:15:20.6339105 GameState.DebugPrintOptions() -   option 11 type=POWER mainEntity=[entityName=嘲风望月露娜拉 id=67 zone=PLAY zonePos=0 cardId=HERO_06bi player=1] error=REQ_ATTACK_GREATER_THAN_0 errorParam=
D 20:15:20.6339105 GameState.DebugPrintOptions() -   option 12 type=POWER mainEntity=[entityName=拉祖尔女士 id=69 zone=PLAY zonePos=0 cardId=HERO_09b player=2] error=REQ_YOUR_TURN errorParam=
D 20:15:20.6339105 GameState.DebugPrintOptions() -   option 13 type=POWER mainEntity=[entityName=次级治疗术 id=70 zone=PLAY zonePos=0 cardId=CS1h_001_H2 player=2] error=REQ_YOUR_TURN errorParam=
D 20:15:20.6339105 GameState.DebugPrintOptions() -   option 14 type=POWER mainEntity=[entityName=神秘访客 id=51 zone=PLAY zonePos=1 cardId=REV_246 player=2] error=REQ_YOUR_TURN errorParam=
D 20:15:22.3725022 PowerProcessor.EndCurrentTaskList() - m_currentTaskList=113
D 20:15:22.3800790 PowerTaskList.DebugDump() - ID=114 ParentID=0 PreviousID=0 TaskCount=1
D 20:15:22.3800790 PowerTaskList.DebugPrintPower() - BLOCK_START BlockType=TRIGGER Entity=湫然#51704 EffectCardId=System.Collections.Generic.List`1[System.String] EffectIndex=-1 Target=0 SubOption=-1 TriggerKeyword=TAG_NOT_SET
D 20:15:22.3800790 PowerTaskList.DebugPrintPower() -     TAG_CHANGE Entity=GameEntity tag=NEXT_STEP value=MAIN_START 
D 20:15:22.3800790 PowerTaskList.DebugPrintPower() - BLOCK_END
D 20:15:22.3800790 PowerProcessor.PrepareHistoryForCurrentTaskList() - m_currentTaskList=114
D 20:15:22.3800790 PowerProcessor.EndCurrentTaskList() - m_currentTaskList=114
D 20:15:22.3800790 PowerTaskList.DebugDump() - ID=115 ParentID=0 PreviousID=0 TaskCount=1
D 20:15:22.3800790 PowerTaskList.DebugDump() - Block Start=(null)
D 20:15:22.3800790 PowerTaskList.DebugPrintPower() -     TAG_CHANGE Entity=GameEntity tag=STEP value=MAIN_START 
D 20:15:22.3800790 PowerTaskList.DebugDump() - Block End=(null)
D 20:15:22.3800790 PowerProcessor.PrepareHistoryForCurrentTaskList() - m_currentTaskList=115
D 20:15:22.3800790 PowerProcessor.EndCurrentTaskList() - m_currentTaskList=115
D 20:15:22.3800790 PowerTaskList.DebugDump() - ID=116 ParentID=0 PreviousID=0 TaskCount=13
D 20:15:22.3800790 PowerTaskList.DebugPrintPower() - BLOCK_START BlockType=TRIGGER Entity=湫然#51704 EffectCardId=System.Collections.Generic.List`1[System.String] EffectIndex=-1 Target=0 SubOption=-1 TriggerKeyword=TAG_NOT_SET
D 20:15:22.3800790 PowerTaskList.DebugPrintPower() -     TAG_CHANGE Entity=湫然#51704 tag=2166 value=11 
D 20:15:22.3800790 PowerTaskList.DebugPrintPower() -     TAG_CHANGE Entity=湫然#51704 tag=467 value=1 
D 20:15:22.3800790 PowerTaskList.DebugPrintPower() -     SHOW_ENTITY - Updating Entity=[entityName=UNKNOWN ENTITY [cardType=INVALID] id=11 zone=DECK zonePos=0 cardId= player=1] CardID=BOT_054
D 20:15:22.3800790 PowerTaskList.DebugPrintPower() -         tag=CONTROLLER value=1
D 20:15:22.3800790 PowerTaskList.DebugPrintPower() -         tag=CARDTYPE value=SPELL
D 20:15:22.3800790 PowerTaskList.DebugPrintPower() -         tag=TAG_LAST_KNOWN_COST_IN_HAND value=1
D 20:15:22.3800790 PowerTaskList.DebugPrintPower() -         tag=COST value=1
D 20:15:22.3800790 PowerTaskList.DebugPrintPower() -         tag=ZONE value=HAND
D 20:15:22.3800790 PowerTaskList.DebugPrintPower() -         tag=ENTITY_ID value=11
D 20:15:22.3800790 PowerTaskList.DebugPrintPower() -         tag=CLASS value=DRUID
D 20:15:22.3800790 PowerTaskList.DebugPrintPower() -         tag=RARITY value=COMMON
D 20:15:22.3800790 PowerTaskList.DebugPrintPower() -         tag=478 value=1
D 20:15:22.3800790 PowerTaskList.DebugPrintPower() -         tag=1037 value=1
D 20:15:22.3800790 PowerTaskList.DebugPrintPower() -         tag=1043 value=1
D 20:15:22.3800790 PowerTaskList.DebugPrintPower() -         tag=1068 value=0
D 20:15:22.3800790 PowerTaskList.DebugPrintPower() -         tag=SPAWN_TIME_COUNT value=1
D 20:15:22.3800790 PowerTaskList.DebugPrintPower() -         tag=SPELL_SCHOOL value=4
D 20:15:22.3800790 PowerTaskList.DebugPrintPower() -     TAG_CHANGE Entity=[entityName=UNKNOWN ENTITY [cardType=INVALID] id=11 zone=DECK zonePos=0 cardId= player=1] tag=NUM_TURNS_IN_HAND value=1 
D 20:15:22.3800790 PowerTaskList.DebugPrintPower() -     TAG_CHANGE Entity=[entityName=UNKNOWN ENTITY [cardType=INVALID] id=11 zone=DECK zonePos=0 cardId= player=1] tag=ZONE_POSITION value=7 
D 20:15:22.3800790 PowerTaskList.DebugPrintPower() -     TAG_CHANGE Entity=[entityName=UNKNOWN ENTITY [cardType=INVALID] id=11 zone=DECK zonePos=0 cardId= player=1] tag=ZONE_POSITION value=0 
D 20:15:22.3800790 PowerTaskList.DebugPrintPower() -     TAG_CHANGE Entity=[entityName=UNKNOWN ENTITY [cardType=INVALID] id=11 zone=DECK zonePos=0 cardId= player=1] tag=ZONE_POSITION value=7 
D 20:15:22.3800790 PowerTaskList.DebugPrintPower() -     TAG_CHANGE Entity=湫然#51704 tag=3242 value=1 
D 20:15:22.3800790 PowerTaskList.DebugPrintPower() -     TAG_CHANGE Entity=湫然#51704 tag=NUM_CARDS_DRAWN_THIS_TURN value=1 
D 20:15:22.3800790 PowerTaskList.DebugPrintPower() -     TAG_CHANGE Entity=湫然#51704 tag=995 value=2 
D 20:15:22.3800790 PowerTaskList.DebugPrintPower() -     TAG_CHANGE Entity=[entityName=UNKNOWN ENTITY [cardType=INVALID] id=11 zone=DECK zonePos=0 cardId= player=1] tag=1570 value=4 
D 20:15:22.3800790 PowerTaskList.DebugPrintPower() -     TAG_CHANGE Entity=湫然#51704 tag=467 value=0 
D 20:15:22.3800790 PowerTaskList.DebugPrintPower() -     TAG_CHANGE Entity=GameEntity tag=NEXT_STEP value=MAIN_ACTION 
D 20:15:22.3800790 PowerTaskList.DebugPrintPower() - BLOCK_END
D 20:15:22.3800790 PowerProcessor.PrepareHistoryForCurrentTaskList() - m_currentTaskList=116
D 20:15:22.9162932 PowerProcessor.EndCurrentTaskList() - m_currentTaskList=116
D 20:15:22.9243407 PowerTaskList.DebugDump() - ID=117 ParentID=0 PreviousID=0 TaskCount=1
D 20:15:22.9243407 PowerTaskList.DebugDump() - Block Start=(null)
D 20:15:22.9243407 PowerTaskList.DebugPrintPower() -     TAG_CHANGE Entity=GameEntity tag=STEP value=MAIN_ACTION 
D 20:15:22.9243407 PowerTaskList.DebugDump() - Block End=(null)
D 20:15:22.9243407 PowerProcessor.PrepareHistoryForCurrentTaskList() - m_currentTaskList=117
D 20:15:22.9243407 PowerProcessor.EndCurrentTaskList() - m_currentTaskList=117
D 20:15:22.9243407 PowerTaskList.DebugDump() - ID=118 ParentID=0 PreviousID=0 TaskCount=1
D 20:15:22.9243407 PowerTaskList.DebugPrintPower() - BLOCK_START BlockType=TRIGGER Entity=湫然#51704 EffectCardId=System.Collections.Generic.List`1[System.String] EffectIndex=-1 Target=0 SubOption=-1 TriggerKeyword=TAG_NOT_SET
D 20:15:22.9243407 PowerTaskList.DebugPrintPower() -     TAG_CHANGE Entity=GameEntity tag=NEXT_STEP value=MAIN_END 
D 20:15:22.9243407 PowerTaskList.DebugPrintPower() - BLOCK_END
D 20:15:22.9243407 PowerProcessor.PrepareHistoryForCurrentTaskList() - m_currentTaskList=118
D 20:15:22.9243407 PowerProcessor.EndCurrentTaskList() - m_currentTaskList=118
D 20:15:24.6621697 GameState.SendOption() - selectedOption=3 selectedSubOption=0 selectedTarget=0 selectedPosition=0
D 20:15:25.1749554 GameState.DebugPrintPowerList() - Count=48
D 20:15:25.1749554 GameState.DebugPrintPower() - BLOCK_START BlockType=PLAY Entity=[entityName=占领冷齿矿洞 id=36 zone=HAND zonePos=3 cardId=AV_295 player=1] EffectCardId=System.Collections.Generic.List`1[System.String] EffectIndex=0 Target=0 SubOption=0 
D 20:15:25.1749554 GameState.DebugPrintPower() -     TAG_CHANGE Entity=湫然#51704 tag=2245 value=2 
D 20:15:25.1749554 GameState.DebugPrintPower() -     TAG_CHANGE Entity=湫然#51704 tag=RESOURCES_USED value=2 
D 20:15:25.1749554 GameState.DebugPrintPower() -     TAG_CHANGE Entity=湫然#51704 tag=NUM_RESOURCES_SPENT_THIS_GAME value=2 
D 20:15:25.1749554 GameState.DebugPrintPower() -     TAG_CHANGE Entity=湫然#51704 tag=NUM_CARDS_PLAYED_THIS_TURN value=1 
D 20:15:25.1749554 GameState.DebugPrintPower() -     TAG_CHANGE Entity=湫然#51704 tag=430 value=1 
D 20:15:25.1749554 GameState.DebugPrintPower() -     TAG_CHANGE Entity=[entityName=占领冷齿矿洞 id=36 zone=HAND zonePos=3 cardId=AV_295 player=1] tag=JUST_PLAYED value=1 
D 20:15:25.1749554 GameState.DebugPrintPower() -     TAG_CHANGE Entity=[entityName=占领冷齿矿洞 id=36 zone=HAND zonePos=3 cardId=AV_295 player=1] tag=3557 value=3 
D 20:15:25.1749554 GameState.DebugPrintPower() -     TAG_CHANGE Entity=[entityName=占领冷齿矿洞 id=36 zone=HAND zonePos=3 cardId=AV_295 player=1] tag=1068 value=1 
D 20:15:25.1749554 GameState.DebugPrintPower() -     TAG_CHANGE Entity=[entityName=占领冷齿矿洞 id=36 zone=HAND zonePos=3 cardId=AV_295 player=1] tag=1068 value=0 
D 20:15:25.1749554 GameState.DebugPrintPower() -     TAG_CHANGE Entity=[entityName=生物计划 id=11 zone=HAND zonePos=7 cardId=BOT_054 player=1] tag=ZONE_POSITION value=6 
D 20:15:25.1749554 GameState.DebugPrintPower() -     TAG_CHANGE Entity=[entityName=月光射线 id=13 zone=HAND zonePos=6 cardId=TID_001 player=1] tag=ZONE_POSITION value=5 
D 20:15:25.1749554 GameState.DebugPrintPower() -     TAG_CHANGE Entity=[entityName=黑市拍卖师 id=22 zone=HAND zonePos=4 cardId=JAIL_718 player=1] tag=ZONE_POSITION value=3 
D 20:15:25.1749554 GameState.DebugPrintPower() -     TAG_CHANGE Entity=[entityName=幸运币 id=99 zone=HAND zonePos=5 cardId=MUDAN_COIN1 player=1] tag=ZONE_POSITION value=4 
D 20:15:25.1749554 GameState.DebugPrintPower() -     TAG_CHANGE Entity=[entityName=占领冷齿矿洞 id=36 zone=HAND zonePos=3 cardId=AV_295 player=1] tag=ZONE_POSITION value=0 
D 20:15:25.1749554 GameState.DebugPrintPower() -     TAG_CHANGE Entity=[entityName=占领冷齿矿洞 id=36 zone=HAND zonePos=3 cardId=AV_295 player=1] tag=SPAWN_TIME_COUNT value=0 
D 20:15:25.1749554 GameState.DebugPrintPower() -     TAG_CHANGE Entity=[entityName=占领冷齿矿洞 id=36 zone=HAND zonePos=3 cardId=AV_295 player=1] tag=SPAWN_TIME_COUNT value=1 
D 20:15:25.1749554 GameState.DebugPrintPower() -     TAG_CHANGE Entity=[entityName=占领冷齿矿洞 id=36 zone=HAND zonePos=3 cardId=AV_295 player=1] tag=ZONE value=PLAY 
D 20:15:25.1749554 GameState.DebugPrintPower() -     META_DATA - Meta=SLUSH_TIME Data=3000 InfoCount=1
D 20:15:25.1749554 GameState.DebugPrintPower() -                 Info[0] = [entityName=占领冷齿矿洞 id=36 zone=HAND zonePos=3 cardId=AV_295 player=1]
D 20:15:25.1749554 GameState.DebugPrintPower() -     TAG_CHANGE Entity=湫然#51704 tag=NUM_SPELLS_PLAYED_THIS_GAME value=1 
D 20:15:25.1749554 GameState.DebugPrintPower() -     BLOCK_START BlockType=POWER Entity=[entityName=占领冷齿矿洞 id=36 zone=HAND zonePos=3 cardId=AV_295 player=1] EffectCardId=System.Collections.Generic.List`1[System.String] EffectIndex=0 Target=0 SubOption=0 
D 20:15:25.1749554 GameState.DebugPrintPower() -         SUB_SPELL_START - SpellPrefabGUID=ReuseFX_Nature_Untargeted_WildGrowth:457ccffdfa378e64e83f3a81e789300e Source=67 TargetCount=1
D 20:15:25.1749554 GameState.DebugPrintPower() -                           Source = [entityName=嘲风望月露娜拉 id=67 zone=PLAY zonePos=0 cardId=HERO_06bi player=1]
D 20:15:25.1749554 GameState.DebugPrintPower() -                           Targets[0] = [entityName=嘲风望月露娜拉 id=67 zone=PLAY zonePos=0 cardId=HERO_06bi player=1]
D 20:15:25.1749554 GameState.DebugPrintPower() -             TAG_CHANGE Entity=湫然#51704 tag=2166 value=30 
D 20:15:25.1749554 GameState.DebugPrintPower() -             TAG_CHANGE Entity=湫然#51704 tag=467 value=1 
D 20:15:25.1749554 GameState.DebugPrintPower() -             SHOW_ENTITY - Updating Entity=[entityName=UNKNOWN ENTITY [cardType=INVALID] id=30 zone=DECK zonePos=0 cardId= player=1] CardID=EX1_169
D 20:15:25.1749554 GameState.DebugPrintPower() -                 tag=CONTROLLER value=1
D 20:15:25.1749554 GameState.DebugPrintPower() -                 tag=CARDTYPE value=SPELL
D 20:15:25.1749554 GameState.DebugPrintPower() -                 tag=PREMIUM value=1
D 20:15:25.1749554 GameState.DebugPrintPower() -                 tag=ZONE value=HAND
D 20:15:25.1749554 GameState.DebugPrintPower() -                 tag=ENTITY_ID value=30
D 20:15:25.1749554 GameState.DebugPrintPower() -                 tag=CLASS value=DRUID
D 20:15:25.1749554 GameState.DebugPrintPower() -                 tag=FACTION value=NEUTRAL
D 20:15:25.1749554 GameState.DebugPrintPower() -                 tag=RARITY value=FREE
D 20:15:25.1749554 GameState.DebugPrintPower() -                 tag=478 value=1
D 20:15:25.1749554 GameState.DebugPrintPower() -                 tag=1037 value=1
D 20:15:25.1749554 GameState.DebugPrintPower() -                 tag=1043 value=1
D 20:15:25.1749554 GameState.DebugPrintPower() -                 tag=1068 value=0
D 20:15:25.1749554 GameState.DebugPrintPower() -                 tag=SPAWN_TIME_COUNT value=1
D 20:15:25.1749554 GameState.DebugPrintPower() -                 tag=SPELL_SCHOOL value=4
D 20:15:25.1749554 GameState.DebugPrintPower() -                 tag=HAS_SIGNATURE_QUALITY value=1
D 20:15:25.1749554 GameState.DebugPrintPower() -             TAG_CHANGE Entity=[entityName=UNKNOWN ENTITY [cardType=INVALID] id=30 zone=DECK zonePos=0 cardId= player=1] tag=NUM_TURNS_IN_HAND value=1 
D 20:15:25.1749554 GameState.DebugPrintPower() -             TAG_CHANGE Entity=[entityName=UNKNOWN ENTITY [cardType=INVALID] id=30 zone=DECK zonePos=0 cardId= player=1] tag=ZONE_POSITION value=7 
D 20:15:25.1749554 GameState.DebugPrintPower() -             TAG_CHANGE Entity=[entityName=UNKNOWN ENTITY [cardType=INVALID] id=30 zone=DECK zonePos=0 cardId= player=1] tag=ZONE_POSITION value=0 
D 20:15:25.1749554 GameState.DebugPrintPower() -             TAG_CHANGE Entity=[entityName=UNKNOWN ENTITY [cardType=INVALID] id=30 zone=DECK zonePos=0 cardId= player=1] tag=ZONE_POSITION value=7 
D 20:15:25.1749554 GameState.DebugPrintPower() -             TAG_CHANGE Entity=湫然#51704 tag=3242 value=2 
D 20:15:25.1749554 GameState.DebugPrintPower() -             TAG_CHANGE Entity=湫然#51704 tag=NUM_CARDS_DRAWN_THIS_TURN value=2 
D 20:15:25.1749554 GameState.DebugPrintPower() -             TAG_CHANGE Entity=湫然#51704 tag=995 value=3 
D 20:15:25.1749554 GameState.DebugPrintPower() -             TAG_CHANGE Entity=[entityName=UNKNOWN ENTITY [cardType=INVALID] id=30 zone=DECK zonePos=0 cardId= player=1] tag=1570 value=4 
D 20:15:25.1749554 GameState.DebugPrintPower() -             TAG_CHANGE Entity=湫然#51704 tag=467 value=0 
D 20:15:25.1749554 GameState.DebugPrintPower() -         SUB_SPELL_END
D 20:15:25.1749554 GameState.DebugPrintPower() -     BLOCK_END
D 20:15:25.1749554 GameState.DebugPrintPower() -     TAG_CHANGE Entity=[entityName=占领冷齿矿洞 id=36 zone=HAND zonePos=3 cardId=AV_295 player=1] tag=1068 value=4 
D 20:15:25.1749554 GameState.DebugPrintPower() -     TAG_CHANGE Entity=[entityName=占领冷齿矿洞 id=36 zone=HAND zonePos=3 cardId=AV_295 player=1] tag=1068 value=0 
D 20:15:25.1749554 GameState.DebugPrintPower() -     TAG_CHANGE Entity=[entityName=占领冷齿矿洞 id=36 zone=HAND zonePos=3 cardId=AV_295 player=1] tag=ZONE value=GRAVEYARD 
D 20:15:25.1749554 GameState.DebugPrintPower() -     BLOCK_START BlockType=TRIGGER Entity=[entityName=抱龙王噗鲁什 id=71 zone=COSMETIC zonePos=0 cardId=PET_3_3 player=2] EffectCardId=System.Collections.Generic.List`1[System.String] EffectIndex=6 Target=0 SubOption=-1 TriggerKeyword=TAG_NOT_SET
D 20:15:25.1749554 GameState.DebugPrintPower() -         TAG_CHANGE Entity=[entityName=抱龙王噗鲁什 id=71 zone=COSMETIC zonePos=0 cardId=PET_3_3 player=2] tag=PET_EVENT_ID value=0 
D 20:15:25.1749554 GameState.DebugPrintPower() -         TAG_CHANGE Entity=[entityName=抱龙王噗鲁什 id=71 zone=COSMETIC zonePos=0 cardId=PET_3_3 player=2] tag=PET_EVENT_ID value=13 
D 20:15:25.1749554 GameState.DebugPrintPower() -     BLOCK_END
D 20:15:25.1749554 GameState.DebugPrintPower() -     TAG_CHANGE Entity=湫然#51704 tag=COMBO_ACTIVE value=1 
D 20:15:25.1749554 GameState.DebugPrintPower() -     TAG_CHANGE Entity=GameEntity tag=1323 value=3 
D 20:15:25.1749554 GameState.DebugPrintPower() -     TAG_CHANGE Entity=湫然#51704 tag=NUM_OPTIONS_PLAYED_THIS_TURN value=1 
D 20:15:25.1749554 GameState.DebugPrintPower() - BLOCK_END
D 20:15:25.1749554 GameState.DebugPrintPower() - META_DATA - Meta=SLUSH_TIME Data=1000 InfoCount=1
D 20:15:25.1749554 GameState.DebugPrintPower() -             Info[0] = [entityName=占领冷齿矿洞 id=36 zone=HAND zonePos=3 cardId=AV_295 player=1]
D 20:15:25.1749554 PowerTaskList.DebugDump() - ID=119 ParentID=0 PreviousID=0 TaskCount=19
D 20:15:25.1749554 PowerTaskList.DebugPrintPower() - BLOCK_START BlockType=PLAY Entity=[entityName=占领冷齿矿洞 id=36 zone=HAND zonePos=3 cardId=AV_295 player=1] EffectCardId=System.Collections.Generic.List`1[System.String] EffectIndex=0 Target=0 SubOption=0 
D 20:15:25.1749554 PowerTaskList.DebugPrintPower() -     TAG_CHANGE Entity=湫然#51704 tag=2245 value=2 
D 20:15:25.1749554 PowerTaskList.DebugPrintPower() -     TAG_CHANGE Entity=湫然#51704 tag=RESOURCES_USED value=2 
D 20:15:25.1749554 PowerTaskList.DebugPrintPower() -     TAG_CHANGE Entity=湫然#51704 tag=NUM_RESOURCES_SPENT_THIS_GAME value=2 
D 20:15:25.1749554 PowerTaskList.DebugPrintPower() -     TAG_CHANGE Entity=湫然#51704 tag=NUM_CARDS_PLAYED_THIS_TURN value=1 
D 20:15:25.1749554 PowerTaskList.DebugPrintPower() -     TAG_CHANGE Entity=湫然#51704 tag=430 value=1 
D 20:15:25.1749554 PowerTaskList.DebugPrintPower() -     TAG_CHANGE Entity=[entityName=占领冷齿矿洞 id=36 zone=HAND zonePos=3 cardId=AV_295 player=1] tag=JUST_PLAYED value=1 
D 20:15:25.1749554 PowerTaskList.DebugPrintPower() -     TAG_CHANGE Entity=[entityName=占领冷齿矿洞 id=36 zone=HAND zonePos=3 cardId=AV_295 player=1] tag=3557 value=3 
D 20:15:25.1749554 PowerTaskList.DebugPrintPower() -     TAG_CHANGE Entity=[entityName=占领冷齿矿洞 id=36 zone=HAND zonePos=3 cardId=AV_295 player=1] tag=1068 value=1 
D 20:15:25.1749554 PowerTaskList.DebugPrintPower() -     TAG_CHANGE Entity=[entityName=占领冷齿矿洞 id=36 zone=HAND zonePos=3 cardId=AV_295 player=1] tag=1068 value=0 
D 20:15:25.1749554 PowerTaskList.DebugPrintPower() -     TAG_CHANGE Entity=[entityName=生物计划 id=11 zone=HAND zonePos=7 cardId=BOT_054 player=1] tag=ZONE_POSITION value=6 
D 20:15:25.1749554 PowerTaskList.DebugPrintPower() -     TAG_CHANGE Entity=[entityName=月光射线 id=13 zone=HAND zonePos=6 cardId=TID_001 player=1] tag=ZONE_POSITION value=5 
D 20:15:25.1749554 PowerTaskList.DebugPrintPower() -     TAG_CHANGE Entity=[entityName=黑市拍卖师 id=22 zone=HAND zonePos=4 cardId=JAIL_718 player=1] tag=ZONE_POSITION value=3 
D 20:15:25.1749554 PowerTaskList.DebugPrintPower() -     TAG_CHANGE Entity=[entityName=幸运币 id=99 zone=HAND zonePos=5 cardId=MUDAN_COIN1 player=1] tag=ZONE_POSITION value=4 
D 20:15:25.1749554 PowerTaskList.DebugPrintPower() -     TAG_CHANGE Entity=[entityName=占领冷齿矿洞 id=36 zone=HAND zonePos=3 cardId=AV_295 player=1] tag=ZONE_POSITION value=0 
D 20:15:25.1749554 PowerTaskList.DebugPrintPower() -     TAG_CHANGE Entity=[entityName=占领冷齿矿洞 id=36 zone=HAND zonePos=3 cardId=AV_295 player=1] tag=SPAWN_TIME_COUNT value=0 
D 20:15:25.1749554 PowerTaskList.DebugPrintPower() -     TAG_CHANGE Entity=[entityName=占领冷齿矿洞 id=36 zone=HAND zonePos=3 cardId=AV_295 player=1] tag=SPAWN_TIME_COUNT value=1 
D 20:15:25.1749554 PowerTaskList.DebugPrintPower() -     TAG_CHANGE Entity=[entityName=占领冷齿矿洞 id=36 zone=HAND zonePos=3 cardId=AV_295 player=1] tag=ZONE value=PLAY 
D 20:15:25.1749554 PowerTaskList.DebugPrintPower() -     META_DATA - Meta=SLUSH_TIME Data=3000 InfoCount=1
