D 22:09:45.2426695 GameState.DebugPrintPower() - CREATE_GAME
D 22:09:45.2426695 GameState.DebugPrintPower() -     GameEntity EntityID=1
D 22:09:45.2426695 GameState.DebugPrintPower() -         tag=CARDTYPE value=GAME
D 22:09:45.2426695 GameState.DebugPrintPower() -         tag=ZONE value=PLAY
D 22:09:45.2426695 GameState.DebugPrintPower() -         tag=ENTITY_ID value=1
D 22:09:45.2426695 GameState.DebugPrintPower() -         tag=937 value=2
D 22:09:45.2426695 GameState.DebugPrintPower() -         tag=SPAWN_TIME_COUNT value=1
D 22:09:45.2426695 GameState.DebugPrintPower() -         tag=GAME_SEED value=1911325859
D 22:09:45.2426695 GameState.DebugPrintPower() -     Player EntityID=2 PlayerID=1 GameAccountId=[hi=144115211015832391 lo=83449896]
D 22:09:45.2426695 GameState.DebugPrintPower() -         tag=CONTROLLER value=1
D 22:09:45.2426695 GameState.DebugPrintPower() -         tag=CARDTYPE value=PLAYER
D 22:09:45.2426695 GameState.DebugPrintPower() -         tag=PLAYER_ID value=1
D 22:09:45.2426695 GameState.DebugPrintPower() -         tag=HERO_ENTITY value=90
D 22:09:45.2426695 GameState.DebugPrintPower() -         tag=MAXHANDSIZE value=10
D 22:09:45.2426695 GameState.DebugPrintPower() -         tag=STARTHANDSIZE value=4
D 22:09:45.2426695 GameState.DebugPrintPower() -         tag=TEAM_ID value=1
D 22:09:45.2426695 GameState.DebugPrintPower() -         tag=ZONE value=PLAY
D 22:09:45.2426695 GameState.DebugPrintPower() -         tag=ENTITY_ID value=2
D 22:09:45.2426695 GameState.DebugPrintPower() -         tag=MAXRESOURCES value=10
D 22:09:45.2426695 GameState.DebugPrintPower() -         tag=SPAWN_TIME_COUNT value=1
D 22:09:45.2426695 GameState.DebugPrintPower() -         tag=MAX_EXCAVATE_TIER value=2
D 22:09:45.2426695 GameState.DebugPrintPower() -     Player EntityID=3 PlayerID=2 GameAccountId=[hi=144115211015832391 lo=1696694832]
D 22:09:45.2426695 GameState.DebugPrintPower() -         tag=CONTROLLER value=2
D 22:09:45.2426695 GameState.DebugPrintPower() -         tag=CARDTYPE value=PLAYER
D 22:09:45.2426695 GameState.DebugPrintPower() -         tag=PLAYER_ID value=2
D 22:09:45.2426695 GameState.DebugPrintPower() -         tag=HERO_ENTITY value=92
D 22:09:45.2426695 GameState.DebugPrintPower() -         tag=MAXHANDSIZE value=10
D 22:09:45.2426695 GameState.DebugPrintPower() -         tag=STARTHANDSIZE value=4
D 22:09:45.2426695 GameState.DebugPrintPower() -         tag=TEAM_ID value=2
D 22:09:45.2426695 GameState.DebugPrintPower() -         tag=ZONE value=PLAY
D 22:09:45.2426695 GameState.DebugPrintPower() -         tag=ENTITY_ID value=3
D 22:09:45.2426695 GameState.DebugPrintPower() -         tag=MAXRESOURCES value=10
D 22:09:45.2426695 GameState.DebugPrintPower() -         tag=SPAWN_TIME_COUNT value=1
D 22:09:45.2426695 GameState.DebugPrintPower() -         tag=MAX_EXCAVATE_TIER value=3
D 22:09:45.2426695 GameState.DebugPrintPower() - FULL_ENTITY - Creating ID=4 CardID=
D 22:09:45.2426695 GameState.DebugPrintPower() -     tag=ZONE value=DECK
D 22:09:45.2426695 GameState.DebugPrintPower() -     tag=CONTROLLER value=1
D 22:09:45.2426695 GameState.DebugPrintPower() -     tag=ENTITY_ID value=4
D 22:09:45.2426695 GameState.DebugPrintPower() - FULL_ENTITY - Creating ID=5 CardID=
D 22:09:45.2426695 GameState.DebugPrintPower() -     tag=ZONE value=DECK
D 22:09:45.2426695 GameState.DebugPrintPower() -     tag=CONTROLLER value=1
D 22:09:45.2426695 GameState.DebugPrintPower() -     tag=ENTITY_ID value=5
D 22:09:45.2426695 GameState.DebugPrintPower() - FULL_ENTITY - Creating ID=6 CardID=
D 22:09:45.2426695 GameState.DebugPrintPower() -     tag=ZONE value=DECK
D 22:09:45.2426695 GameState.DebugPrintPower() -     tag=CONTROLLER value=1
D 22:09:45.2426695 GameState.DebugPrintPower() -     tag=ENTITY_ID value=6
D 22:09:45.2426695 GameState.DebugPrintPower() - FULL_ENTITY - Creating ID=7 CardID=
D 22:09:45.2426695 GameState.DebugPrintPower() -     tag=ZONE value=SETASIDE
D 22:09:45.2426695 GameState.DebugPrintPower() -     tag=CONTROLLER value=1
D 22:09:45.2426695 GameState.DebugPrintPower() -     tag=ENTITY_ID value=7
D 22:09:45.2426695 GameState.DebugPrintPower() - FULL_ENTITY - Creating ID=8 CardID=
D 22:09:45.2426695 GameState.DebugPrintPower() -     tag=ZONE value=SETASIDE
D 22:09:45.2426695 GameState.DebugPrintPower() -     tag=CONTROLLER value=1
D 22:09:45.2426695 GameState.DebugPrintPower() -     tag=ENTITY_ID value=8
D 22:09:45.2426695 GameState.DebugPrintPower() - FULL_ENTITY - Creating ID=9 CardID=
D 22:09:45.2426695 GameState.DebugPrintPower() -     tag=ZONE value=DECK
D 22:09:45.2426695 GameState.DebugPrintPower() -     tag=CONTROLLER value=1
D 22:09:45.2426695 GameState.DebugPrintPower() -     tag=ENTITY_ID value=9
D 22:09:45.2426695 GameState.DebugPrintPower() - FULL_ENTITY - Creating ID=10 CardID=
D 22:09:45.2426695 GameState.DebugPrintPower() -     tag=ZONE value=DECK
D 22:09:45.2426695 GameState.DebugPrintPower() -     tag=CONTROLLER value=1
D 22:09:45.2426695 GameState.DebugPrintPower() -     tag=ENTITY_ID value=10
D 22:09:45.2426695 GameState.DebugPrintPower() - FULL_ENTITY - Creating ID=11 CardID=
D 22:09:45.2426695 GameState.DebugPrintPower() -     tag=ZONE value=DECK
D 22:09:45.2426695 GameState.DebugPrintPower() -     tag=CONTROLLER value=1
D 22:09:45.2426695 GameState.DebugPrintPower() -     tag=ENTITY_ID value=11
D 22:09:45.2426695 GameState.DebugPrintPower() - FULL_ENTITY - Creating ID=12 CardID=
D 22:09:45.2426695 GameState.DebugPrintPower() -     tag=ZONE value=DECK
D 22:09:45.2426695 GameState.DebugPrintPower() -     tag=CONTROLLER value=1
D 22:09:45.2426695 GameState.DebugPrintPower() -     tag=ENTITY_ID value=12
D 22:09:45.2426695 GameState.DebugPrintPower() - FULL_ENTITY - Creating ID=13 CardID=
D 22:09:45.2426695 GameState.DebugPrintPower() -     tag=ZONE value=DECK
D 22:09:45.2426695 GameState.DebugPrintPower() -     tag=CONTROLLER value=1
D 22:09:45.2426695 GameState.DebugPrintPower() -     tag=ENTITY_ID value=13
D 22:09:45.2426695 GameState.DebugPrintPower() - FULL_ENTITY - Creating ID=14 CardID=
D 22:09:45.2426695 GameState.DebugPrintPower() -     tag=ZONE value=DECK
D 22:09:45.2426695 GameState.DebugPrintPower() -     tag=CONTROLLER value=1
D 22:09:45.2426695 GameState.DebugPrintPower() -     tag=ENTITY_ID value=14
D 22:09:45.2426695 GameState.DebugPrintPower() - FULL_ENTITY - Creating ID=15 CardID=
D 22:09:45.2426695 GameState.DebugPrintPower() -     tag=ZONE value=DECK
D 22:09:45.2426695 GameState.DebugPrintPower() -     tag=CONTROLLER value=1
D 22:09:45.2426695 GameState.DebugPrintPower() -     tag=ENTITY_ID value=15
D 22:09:45.2426695 GameState.DebugPrintPower() - FULL_ENTITY - Creating ID=16 CardID=
D 22:09:45.2426695 GameState.DebugPrintPower() -     tag=ZONE value=DECK
D 22:09:45.2426695 GameState.DebugPrintPower() -     tag=CONTROLLER value=1
D 22:09:45.2426695 GameState.DebugPrintPower() -     tag=ENTITY_ID value=16
D 22:09:45.2426695 GameState.DebugPrintPower() - FULL_ENTITY - Creating ID=17 CardID=
D 22:09:45.2426695 GameState.DebugPrintPower() -     tag=ZONE value=SETASIDE
D 22:09:45.2426695 GameState.DebugPrintPower() -     tag=CONTROLLER value=1
D 22:09:45.2426695 GameState.DebugPrintPower() -     tag=ENTITY_ID value=17
D 22:09:45.2426695 GameState.DebugPrintPower() - FULL_ENTITY - Creating ID=18 CardID=
D 22:09:45.2426695 GameState.DebugPrintPower() -     tag=ZONE value=SETASIDE
D 22:09:45.2426695 GameState.DebugPrintPower() -     tag=CONTROLLER value=1
D 22:09:45.2426695 GameState.DebugPrintPower() -     tag=ENTITY_ID value=18
D 22:09:45.2426695 GameState.DebugPrintPower() - FULL_ENTITY - Creating ID=19 CardID=
D 22:09:45.2426695 GameState.DebugPrintPower() -     tag=ZONE value=DECK
D 22:09:45.2426695 GameState.DebugPrintPower() -     tag=CONTROLLER value=1
D 22:09:45.2426695 GameState.DebugPrintPower() -     tag=ENTITY_ID value=19
D 22:09:45.2426695 GameState.DebugPrintPower() - FULL_ENTITY - Creating ID=20 CardID=
D 22:09:45.2426695 GameState.DebugPrintPower() -     tag=ZONE value=DECK
D 22:09:45.2426695 GameState.DebugPrintPower() -     tag=CONTROLLER value=1
D 22:09:45.2426695 GameState.DebugPrintPower() -     tag=ENTITY_ID value=20
D 22:09:45.2426695 GameState.DebugPrintPower() - FULL_ENTITY - Creating ID=21 CardID=
D 22:09:45.2426695 GameState.DebugPrintPower() -     tag=ZONE value=DECK
D 22:09:45.2426695 GameState.DebugPrintPower() -     tag=CONTROLLER value=1
D 22:09:45.2426695 GameState.DebugPrintPower() -     tag=ENTITY_ID value=21
D 22:09:45.2426695 GameState.DebugPrintPower() - FULL_ENTITY - Creating ID=22 CardID=
D 22:09:45.2426695 GameState.DebugPrintPower() -     tag=ZONE value=DECK
D 22:09:45.2426695 GameState.DebugPrintPower() -     tag=CONTROLLER value=1
D 22:09:45.2426695 GameState.DebugPrintPower() -     tag=ENTITY_ID value=22
D 22:09:45.2426695 GameState.DebugPrintPower() - FULL_ENTITY - Creating ID=23 CardID=
D 22:09:45.2426695 GameState.DebugPrintPower() -     tag=ZONE value=DECK
D 22:09:45.2426695 GameState.DebugPrintPower() -     tag=CONTROLLER value=1
D 22:09:45.2426695 GameState.DebugPrintPower() -     tag=ENTITY_ID value=23
D 22:09:45.2426695 GameState.DebugPrintPower() - FULL_ENTITY - Creating ID=24 CardID=
D 22:09:45.2426695 GameState.DebugPrintPower() -     tag=ZONE value=SETASIDE
D 22:09:45.2426695 GameState.DebugPrintPower() -     tag=CONTROLLER value=1
D 22:09:45.2426695 GameState.DebugPrintPower() -     tag=ENTITY_ID value=24
D 22:09:45.2426695 GameState.DebugPrintPower() - FULL_ENTITY - Creating ID=25 CardID=
D 22:09:45.2426695 GameState.DebugPrintPower() -     tag=ZONE value=SETASIDE
D 22:09:45.2426695 GameState.DebugPrintPower() -     tag=CONTROLLER value=1
D 22:09:45.2426695 GameState.DebugPrintPower() -     tag=ENTITY_ID value=25
D 22:09:45.2426695 GameState.DebugPrintPower() - FULL_ENTITY - Creating ID=26 CardID=
D 22:09:45.2426695 GameState.DebugPrintPower() -     tag=ZONE value=DECK
D 22:09:45.2426695 GameState.DebugPrintPower() -     tag=CONTROLLER value=1
D 22:09:45.2426695 GameState.DebugPrintPower() -     tag=ENTITY_ID value=26
D 22:09:45.2426695 GameState.DebugPrintPower() - FULL_ENTITY - Creating ID=27 CardID=
D 22:09:45.2426695 GameState.DebugPrintPower() -     tag=ZONE value=DECK
D 22:09:45.2426695 GameState.DebugPrintPower() -     tag=CONTROLLER value=1
D 22:09:45.2426695 GameState.DebugPrintPower() -     tag=ENTITY_ID value=27
D 22:09:45.2426695 GameState.DebugPrintPower() - FULL_ENTITY - Creating ID=28 CardID=
D 22:09:45.2426695 GameState.DebugPrintPower() -     tag=ZONE value=DECK
D 22:09:45.2426695 GameState.DebugPrintPower() -     tag=CONTROLLER value=1
D 22:09:45.2426695 GameState.DebugPrintPower() -     tag=ENTITY_ID value=28
D 22:09:45.2426695 GameState.DebugPrintPower() - FULL_ENTITY - Creating ID=29 CardID=
D 22:09:45.2426695 GameState.DebugPrintPower() -     tag=ZONE value=DECK
D 22:09:45.2426695 GameState.DebugPrintPower() -     tag=CONTROLLER value=1
D 22:09:45.2426695 GameState.DebugPrintPower() -     tag=ENTITY_ID value=29
D 22:09:45.2426695 GameState.DebugPrintPower() - FULL_ENTITY - Creating ID=30 CardID=
D 22:09:45.2426695 GameState.DebugPrintPower() -     tag=ZONE value=DECK
D 22:09:45.2426695 GameState.DebugPrintPower() -     tag=CONTROLLER value=1
D 22:09:45.2426695 GameState.DebugPrintPower() -     tag=ENTITY_ID value=30
D 22:09:45.2426695 GameState.DebugPrintPower() - FULL_ENTITY - Creating ID=31 CardID=
D 22:09:45.2426695 GameState.DebugPrintPower() -     tag=ZONE value=DECK
D 22:09:45.2426695 GameState.DebugPrintPower() -     tag=CONTROLLER value=1
D 22:09:45.2426695 GameState.DebugPrintPower() -     tag=ENTITY_ID value=31
D 22:09:45.2426695 GameState.DebugPrintPower() - FULL_ENTITY - Creating ID=32 CardID=
D 22:09:45.2426695 GameState.DebugPrintPower() -     tag=ZONE value=SETASIDE
D 22:09:45.2426695 GameState.DebugPrintPower() -     tag=CONTROLLER value=1
D 22:09:45.2426695 GameState.DebugPrintPower() -     tag=ENTITY_ID value=32
D 22:09:45.2426695 GameState.DebugPrintPower() - FULL_ENTITY - Creating ID=33 CardID=
D 22:09:45.2426695 GameState.DebugPrintPower() -     tag=ZONE value=SETASIDE
D 22:09:45.2426695 GameState.DebugPrintPower() -     tag=CONTROLLER value=1
D 22:09:45.2426695 GameState.DebugPrintPower() -     tag=ENTITY_ID value=33
D 22:09:45.2426695 GameState.DebugPrintPower() - FULL_ENTITY - Creating ID=34 CardID=
D 22:09:45.2426695 GameState.DebugPrintPower() -     tag=ZONE value=DECK
D 22:09:45.2426695 GameState.DebugPrintPower() -     tag=CONTROLLER value=1
D 22:09:45.2426695 GameState.DebugPrintPower() -     tag=ENTITY_ID value=34
D 22:09:45.2426695 GameState.DebugPrintPower() - FULL_ENTITY - Creating ID=35 CardID=
D 22:09:45.2426695 GameState.DebugPrintPower() -     tag=ZONE value=DECK
D 22:09:45.2426695 GameState.DebugPrintPower() -     tag=CONTROLLER value=1
D 22:09:45.2426695 GameState.DebugPrintPower() -     tag=ENTITY_ID value=35
D 22:09:45.2426695 GameState.DebugPrintPower() - FULL_ENTITY - Creating ID=36 CardID=
D 22:09:45.2426695 GameState.DebugPrintPower() -     tag=ZONE value=DECK
D 22:09:45.2426695 GameState.DebugPrintPower() -     tag=CONTROLLER value=1
D 22:09:45.2426695 GameState.DebugPrintPower() -     tag=ENTITY_ID value=36
D 22:09:45.2426695 GameState.DebugPrintPower() - FULL_ENTITY - Creating ID=37 CardID=
D 22:09:45.2426695 GameState.DebugPrintPower() -     tag=ZONE value=DECK
D 22:09:45.2426695 GameState.DebugPrintPower() -     tag=CONTROLLER value=1
D 22:09:45.2426695 GameState.DebugPrintPower() -     tag=ENTITY_ID value=37
D 22:09:45.2426695 GameState.DebugPrintPower() - FULL_ENTITY - Creating ID=38 CardID=
D 22:09:45.2426695 GameState.DebugPrintPower() -     tag=ZONE value=DECK
D 22:09:45.2426695 GameState.DebugPrintPower() -     tag=CONTROLLER value=1
D 22:09:45.2426695 GameState.DebugPrintPower() -     tag=ENTITY_ID value=38
D 22:09:45.2426695 GameState.DebugPrintPower() - FULL_ENTITY - Creating ID=39 CardID=
D 22:09:45.2426695 GameState.DebugPrintPower() -     tag=ZONE value=DECK
D 22:09:45.2426695 GameState.DebugPrintPower() -     tag=CONTROLLER value=1
D 22:09:45.2426695 GameState.DebugPrintPower() -     tag=ENTITY_ID value=39
D 22:09:45.2426695 GameState.DebugPrintPower() - FULL_ENTITY - Creating ID=40 CardID=
D 22:09:45.2426695 GameState.DebugPrintPower() -     tag=ZONE value=DECK
D 22:09:45.2426695 GameState.DebugPrintPower() -     tag=CONTROLLER value=1
D 22:09:45.2426695 GameState.DebugPrintPower() -     tag=ENTITY_ID value=40
D 22:09:45.2426695 GameState.DebugPrintPower() - FULL_ENTITY - Creating ID=41 CardID=
D 22:09:45.2426695 GameState.DebugPrintPower() -     tag=ZONE value=SETASIDE
D 22:09:45.2426695 GameState.DebugPrintPower() -     tag=CONTROLLER value=1
D 22:09:45.2426695 GameState.DebugPrintPower() -     tag=ENTITY_ID value=41
D 22:09:45.2426695 GameState.DebugPrintPower() - FULL_ENTITY - Creating ID=42 CardID=
D 22:09:45.2426695 GameState.DebugPrintPower() -     tag=ZONE value=SETASIDE
D 22:09:45.2426695 GameState.DebugPrintPower() -     tag=CONTROLLER value=1
D 22:09:45.2426695 GameState.DebugPrintPower() -     tag=ENTITY_ID value=42
D 22:09:45.2426695 GameState.DebugPrintPower() - FULL_ENTITY - Creating ID=43 CardID=
D 22:09:45.2426695 GameState.DebugPrintPower() -     tag=ZONE value=DECK
D 22:09:45.2426695 GameState.DebugPrintPower() -     tag=CONTROLLER value=1
D 22:09:45.2426695 GameState.DebugPrintPower() -     tag=ENTITY_ID value=43
D 22:09:45.2426695 GameState.DebugPrintPower() - FULL_ENTITY - Creating ID=44 CardID=
D 22:09:45.2426695 GameState.DebugPrintPower() -     tag=ZONE value=DECK
D 22:09:45.2426695 GameState.DebugPrintPower() -     tag=CONTROLLER value=2
D 22:09:45.2426695 GameState.DebugPrintPower() -     tag=ENTITY_ID value=44
D 22:09:45.2426695 GameState.DebugPrintPower() - FULL_ENTITY - Creating ID=45 CardID=
D 22:09:45.2426695 GameState.DebugPrintPower() -     tag=ZONE value=SETASIDE
D 22:09:45.2426695 GameState.DebugPrintPower() -     tag=CONTROLLER value=2
D 22:09:45.2426695 GameState.DebugPrintPower() -     tag=ENTITY_ID value=45
D 22:09:45.2426695 GameState.DebugPrintPower() - FULL_ENTITY - Creating ID=46 CardID=
D 22:09:45.2426695 GameState.DebugPrintPower() -     tag=ZONE value=SETASIDE
D 22:09:45.2426695 GameState.DebugPrintPower() -     tag=CONTROLLER value=2
D 22:09:45.2426695 GameState.DebugPrintPower() -     tag=ENTITY_ID value=46
D 22:09:45.2426695 GameState.DebugPrintPower() - FULL_ENTITY - Creating ID=47 CardID=
D 22:09:45.2426695 GameState.DebugPrintPower() -     tag=ZONE value=SETASIDE
D 22:09:45.2426695 GameState.DebugPrintPower() -     tag=CONTROLLER value=2
D 22:09:45.2426695 GameState.DebugPrintPower() -     tag=ENTITY_ID value=47
D 22:09:45.2426695 GameState.DebugPrintPower() - FULL_ENTITY - Creating ID=48 CardID=
D 22:09:45.2426695 GameState.DebugPrintPower() -     tag=ZONE value=DECK
D 22:09:45.2426695 GameState.DebugPrintPower() -     tag=CONTROLLER value=2
D 22:09:45.2426695 GameState.DebugPrintPower() -     tag=ENTITY_ID value=48
D 22:09:45.2426695 GameState.DebugPrintPower() - FULL_ENTITY - Creating ID=49 CardID=
D 22:09:45.2426695 GameState.DebugPrintPower() -     tag=ZONE value=DECK
D 22:09:45.2426695 GameState.DebugPrintPower() -     tag=CONTROLLER value=2
D 22:09:45.2426695 GameState.DebugPrintPower() -     tag=ENTITY_ID value=49
D 22:09:45.2426695 GameState.DebugPrintPower() - FULL_ENTITY - Creating ID=50 CardID=
D 22:09:45.2426695 GameState.DebugPrintPower() -     tag=ZONE value=DECK
D 22:09:45.2426695 GameState.DebugPrintPower() -     tag=CONTROLLER value=2
D 22:09:45.2426695 GameState.DebugPrintPower() -     tag=ENTITY_ID value=50
D 22:09:45.2426695 GameState.DebugPrintPower() - FULL_ENTITY - Creating ID=51 CardID=
D 22:09:45.2426695 GameState.DebugPrintPower() -     tag=ZONE value=DECK
D 22:09:45.2426695 GameState.DebugPrintPower() -     tag=CONTROLLER value=2
D 22:09:45.2426695 GameState.DebugPrintPower() -     tag=ENTITY_ID value=51
D 22:09:45.2426695 GameState.DebugPrintPower() - FULL_ENTITY - Creating ID=52 CardID=
D 22:09:45.2426695 GameState.DebugPrintPower() -     tag=ZONE value=DECK
D 22:09:45.2426695 GameState.DebugPrintPower() -     tag=CONTROLLER value=2
D 22:09:45.2426695 GameState.DebugPrintPower() -     tag=ENTITY_ID value=52
D 22:09:45.2426695 GameState.DebugPrintPower() - FULL_ENTITY - Creating ID=53 CardID=
D 22:09:45.2426695 GameState.DebugPrintPower() -     tag=ZONE value=DECK
D 22:09:45.2426695 GameState.DebugPrintPower() -     tag=CONTROLLER value=2
D 22:09:45.2426695 GameState.DebugPrintPower() -     tag=ENTITY_ID value=53
D 22:09:45.2426695 GameState.DebugPrintPower() - FULL_ENTITY - Creating ID=54 CardID=
D 22:09:45.2426695 GameState.DebugPrintPower() -     tag=ZONE value=DECK
D 22:09:45.2426695 GameState.DebugPrintPower() -     tag=CONTROLLER value=2
D 22:09:45.2426695 GameState.DebugPrintPower() -     tag=ENTITY_ID value=54
D 22:09:45.2426695 GameState.DebugPrintPower() - FULL_ENTITY - Creating ID=55 CardID=
D 22:09:45.2426695 GameState.DebugPrintPower() -     tag=ZONE value=DECK
D 22:09:45.2426695 GameState.DebugPrintPower() -     tag=CONTROLLER value=2
D 22:09:45.2426695 GameState.DebugPrintPower() -     tag=ENTITY_ID value=55
D 22:09:45.2426695 GameState.DebugPrintPower() - FULL_ENTITY - Creating ID=56 CardID=
D 22:09:45.2426695 GameState.DebugPrintPower() -     tag=ZONE value=DECK
D 22:09:45.2426695 GameState.DebugPrintPower() -     tag=CONTROLLER value=2
D 22:09:45.2426695 GameState.DebugPrintPower() -     tag=ENTITY_ID value=56
D 22:09:45.2426695 GameState.DebugPrintPower() - FULL_ENTITY - Creating ID=57 CardID=
D 22:09:45.2426695 GameState.DebugPrintPower() -     tag=ZONE value=DECK
D 22:09:45.2426695 GameState.DebugPrintPower() -     tag=CONTROLLER value=2
D 22:09:45.2426695 GameState.DebugPrintPower() -     tag=ENTITY_ID value=57
D 22:09:45.2426695 GameState.DebugPrintPower() - FULL_ENTITY - Creating ID=58 CardID=
D 22:09:45.2426695 GameState.DebugPrintPower() -     tag=ZONE value=DECK
D 22:09:45.2426695 GameState.DebugPrintPower() -     tag=CONTROLLER value=2
D 22:09:45.2426695 GameState.DebugPrintPower() -     tag=ENTITY_ID value=58
D 22:09:45.2426695 GameState.DebugPrintPower() - FULL_ENTITY - Creating ID=59 CardID=
D 22:09:45.2426695 GameState.DebugPrintPower() -     tag=ZONE value=DECK
D 22:09:45.2426695 GameState.DebugPrintPower() -     tag=CONTROLLER value=2
D 22:09:45.2426695 GameState.DebugPrintPower() -     tag=ENTITY_ID value=59
D 22:09:45.2426695 GameState.DebugPrintPower() - FULL_ENTITY - Creating ID=60 CardID=
D 22:09:45.2426695 GameState.DebugPrintPower() -     tag=ZONE value=DECK
D 22:09:45.2426695 GameState.DebugPrintPower() -     tag=CONTROLLER value=2
D 22:09:45.2426695 GameState.DebugPrintPower() -     tag=ENTITY_ID value=60
D 22:09:45.2426695 GameState.DebugPrintPower() - FULL_ENTITY - Creating ID=61 CardID=
D 22:09:45.2426695 GameState.DebugPrintPower() -     tag=ZONE value=DECK
D 22:09:45.2426695 GameState.DebugPrintPower() -     tag=CONTROLLER value=2
D 22:09:45.2426695 GameState.DebugPrintPower() -     tag=ENTITY_ID value=61
D 22:09:45.2426695 GameState.DebugPrintPower() - FULL_ENTITY - Creating ID=62 CardID=
D 22:09:45.2426695 GameState.DebugPrintPower() -     tag=ZONE value=DECK
D 22:09:45.2426695 GameState.DebugPrintPower() -     tag=CONTROLLER value=2
D 22:09:45.2426695 GameState.DebugPrintPower() -     tag=ENTITY_ID value=62
D 22:09:45.2426695 GameState.DebugPrintPower() - FULL_ENTITY - Creating ID=63 CardID=
D 22:09:45.2426695 GameState.DebugPrintPower() -     tag=ZONE value=DECK
D 22:09:45.2426695 GameState.DebugPrintPower() -     tag=CONTROLLER value=2
D 22:09:45.2426695 GameState.DebugPrintPower() -     tag=ENTITY_ID value=63
D 22:09:45.2426695 GameState.DebugPrintPower() - FULL_ENTITY - Creating ID=64 CardID=
D 22:09:45.2426695 GameState.DebugPrintPower() -     tag=ZONE value=DECK
D 22:09:45.2426695 GameState.DebugPrintPower() -     tag=CONTROLLER value=2
D 22:09:45.2426695 GameState.DebugPrintPower() -     tag=ENTITY_ID value=64
D 22:09:45.2426695 GameState.DebugPrintPower() - FULL_ENTITY - Creating ID=65 CardID=
D 22:09:45.2426695 GameState.DebugPrintPower() -     tag=ZONE value=DECK
D 22:09:45.2426695 GameState.DebugPrintPower() -     tag=CONTROLLER value=2
D 22:09:45.2426695 GameState.DebugPrintPower() -     tag=ENTITY_ID value=65
D 22:09:45.2426695 GameState.DebugPrintPower() - FULL_ENTITY - Creating ID=66 CardID=
D 22:09:45.2426695 GameState.DebugPrintPower() -     tag=ZONE value=DECK
D 22:09:45.2426695 GameState.DebugPrintPower() -     tag=CONTROLLER value=2
D 22:09:45.2426695 GameState.DebugPrintPower() -     tag=ENTITY_ID value=66
D 22:09:45.2426695 GameState.DebugPrintPower() - FULL_ENTITY - Creating ID=67 CardID=
D 22:09:45.2426695 GameState.DebugPrintPower() -     tag=ZONE value=DECK
D 22:09:45.2426695 GameState.DebugPrintPower() -     tag=CONTROLLER value=2
D 22:09:45.2426695 GameState.DebugPrintPower() -     tag=ENTITY_ID value=67
D 22:09:45.2426695 GameState.DebugPrintPower() - FULL_ENTITY - Creating ID=68 CardID=
D 22:09:45.2426695 GameState.DebugPrintPower() -     tag=ZONE value=DECK
D 22:09:45.2426695 GameState.DebugPrintPower() -     tag=CONTROLLER value=2
D 22:09:45.2426695 GameState.DebugPrintPower() -     tag=ENTITY_ID value=68
D 22:09:45.2426695 GameState.DebugPrintPower() - FULL_ENTITY - Creating ID=69 CardID=
D 22:09:45.2426695 GameState.DebugPrintPower() -     tag=ZONE value=DECK
D 22:09:45.2426695 GameState.DebugPrintPower() -     tag=CONTROLLER value=2
D 22:09:45.2426695 GameState.DebugPrintPower() -     tag=ENTITY_ID value=69
D 22:09:45.2426695 GameState.DebugPrintPower() - FULL_ENTITY - Creating ID=70 CardID=
D 22:09:45.2426695 GameState.DebugPrintPower() -     tag=ZONE value=DECK
D 22:09:45.2426695 GameState.DebugPrintPower() -     tag=CONTROLLER value=2
D 22:09:45.2426695 GameState.DebugPrintPower() -     tag=ENTITY_ID value=70
D 22:09:45.2426695 GameState.DebugPrintPower() - FULL_ENTITY - Creating ID=71 CardID=
D 22:09:45.2426695 GameState.DebugPrintPower() -     tag=ZONE value=DECK
D 22:09:45.2426695 GameState.DebugPrintPower() -     tag=CONTROLLER value=2
D 22:09:45.2426695 GameState.DebugPrintPower() -     tag=ENTITY_ID value=71
D 22:09:45.2426695 GameState.DebugPrintPower() - FULL_ENTITY - Creating ID=72 CardID=
D 22:09:45.2426695 GameState.DebugPrintPower() -     tag=ZONE value=DECK
D 22:09:45.2426695 GameState.DebugPrintPower() -     tag=CONTROLLER value=2
D 22:09:45.2426695 GameState.DebugPrintPower() -     tag=ENTITY_ID value=72
D 22:09:45.2426695 GameState.DebugPrintPower() - FULL_ENTITY - Creating ID=73 CardID=
D 22:09:45.2426695 GameState.DebugPrintPower() -     tag=ZONE value=DECK
D 22:09:45.2426695 GameState.DebugPrintPower() -     tag=CONTROLLER value=2
D 22:09:45.2426695 GameState.DebugPrintPower() -     tag=ENTITY_ID value=73
D 22:09:45.2426695 GameState.DebugPrintPower() - FULL_ENTITY - Creating ID=74 CardID=
D 22:09:45.2426695 GameState.DebugPrintPower() -     tag=ZONE value=DECK
D 22:09:45.2426695 GameState.DebugPrintPower() -     tag=CONTROLLER value=2
D 22:09:45.2426695 GameState.DebugPrintPower() -     tag=ENTITY_ID value=74
D 22:09:45.2426695 GameState.DebugPrintPower() - FULL_ENTITY - Creating ID=75 CardID=
D 22:09:45.2426695 GameState.DebugPrintPower() -     tag=ZONE value=DECK
D 22:09:45.2426695 GameState.DebugPrintPower() -     tag=CONTROLLER value=2
D 22:09:45.2426695 GameState.DebugPrintPower() -     tag=ENTITY_ID value=75
D 22:09:45.2426695 GameState.DebugPrintPower() - FULL_ENTITY - Creating ID=76 CardID=
D 22:09:45.2426695 GameState.DebugPrintPower() -     tag=ZONE value=DECK
D 22:09:45.2426695 GameState.DebugPrintPower() -     tag=CONTROLLER value=2
D 22:09:45.2426695 GameState.DebugPrintPower() -     tag=ENTITY_ID value=76
D 22:09:45.2426695 GameState.DebugPrintPower() - FULL_ENTITY - Creating ID=77 CardID=
D 22:09:45.2426695 GameState.DebugPrintPower() -     tag=ZONE value=DECK
D 22:09:45.2426695 GameState.DebugPrintPower() -     tag=CONTROLLER value=2
D 22:09:45.2426695 GameState.DebugPrintPower() -     tag=ENTITY_ID value=77
D 22:09:45.2426695 GameState.DebugPrintPower() - FULL_ENTITY - Creating ID=78 CardID=
D 22:09:45.2426695 GameState.DebugPrintPower() -     tag=ZONE value=DECK
D 22:09:45.2426695 GameState.DebugPrintPower() -     tag=CONTROLLER value=2
D 22:09:45.2426695 GameState.DebugPrintPower() -     tag=ENTITY_ID value=78
D 22:09:45.2426695 GameState.DebugPrintPower() - FULL_ENTITY - Creating ID=79 CardID=
D 22:09:45.2426695 GameState.DebugPrintPower() -     tag=ZONE value=DECK
D 22:09:45.2426695 GameState.DebugPrintPower() -     tag=CONTROLLER value=2
D 22:09:45.2426695 GameState.DebugPrintPower() -     tag=ENTITY_ID value=79
D 22:09:45.2426695 GameState.DebugPrintPower() - FULL_ENTITY - Creating ID=80 CardID=
D 22:09:45.2426695 GameState.DebugPrintPower() -     tag=ZONE value=DECK
D 22:09:45.2426695 GameState.DebugPrintPower() -     tag=CONTROLLER value=2
D 22:09:45.2426695 GameState.DebugPrintPower() -     tag=ENTITY_ID value=80
D 22:09:45.2426695 GameState.DebugPrintPower() - FULL_ENTITY - Creating ID=81 CardID=
D 22:09:45.2426695 GameState.DebugPrintPower() -     tag=ZONE value=DECK
D 22:09:45.2426695 GameState.DebugPrintPower() -     tag=CONTROLLER value=2
D 22:09:45.2426695 GameState.DebugPrintPower() -     tag=ENTITY_ID value=81
D 22:09:45.2426695 GameState.DebugPrintPower() - FULL_ENTITY - Creating ID=82 CardID=
D 22:09:45.2426695 GameState.DebugPrintPower() -     tag=ZONE value=DECK
D 22:09:45.2426695 GameState.DebugPrintPower() -     tag=CONTROLLER value=2
D 22:09:45.2426695 GameState.DebugPrintPower() -     tag=ENTITY_ID value=82
D 22:09:45.2426695 GameState.DebugPrintPower() - FULL_ENTITY - Creating ID=83 CardID=
D 22:09:45.2426695 GameState.DebugPrintPower() -     tag=ZONE value=DECK
D 22:09:45.2426695 GameState.DebugPrintPower() -     tag=CONTROLLER value=2
D 22:09:45.2426695 GameState.DebugPrintPower() -     tag=ENTITY_ID value=83
D 22:09:45.2426695 GameState.DebugPrintPower() - FULL_ENTITY - Creating ID=84 CardID=
D 22:09:45.2426695 GameState.DebugPrintPower() -     tag=ZONE value=DECK
D 22:09:45.2426695 GameState.DebugPrintPower() -     tag=CONTROLLER value=2
D 22:09:45.2426695 GameState.DebugPrintPower() -     tag=ENTITY_ID value=84
D 22:09:45.2426695 GameState.DebugPrintPower() - FULL_ENTITY - Creating ID=85 CardID=
D 22:09:45.2426695 GameState.DebugPrintPower() -     tag=ZONE value=DECK
D 22:09:45.2426695 GameState.DebugPrintPower() -     tag=CONTROLLER value=2
D 22:09:45.2426695 GameState.DebugPrintPower() -     tag=ENTITY_ID value=85
D 22:09:45.2426695 GameState.DebugPrintPower() - FULL_ENTITY - Creating ID=86 CardID=
D 22:09:45.2426695 GameState.DebugPrintPower() -     tag=ZONE value=DECK
D 22:09:45.2426695 GameState.DebugPrintPower() -     tag=CONTROLLER value=2
D 22:09:45.2426695 GameState.DebugPrintPower() -     tag=ENTITY_ID value=86
D 22:09:45.2426695 GameState.DebugPrintPower() - FULL_ENTITY - Creating ID=87 CardID=
D 22:09:45.2426695 GameState.DebugPrintPower() -     tag=ZONE value=SETASIDE
D 22:09:45.2426695 GameState.DebugPrintPower() -     tag=CONTROLLER value=2
D 22:09:45.2426695 GameState.DebugPrintPower() -     tag=ENTITY_ID value=87
D 22:09:45.2426695 GameState.DebugPrintPower() - FULL_ENTITY - Creating ID=88 CardID=
D 22:09:45.2426695 GameState.DebugPrintPower() -     tag=ZONE value=SETASIDE
D 22:09:45.2426695 GameState.DebugPrintPower() -     tag=CONTROLLER value=2
D 22:09:45.2426695 GameState.DebugPrintPower() -     tag=ENTITY_ID value=88
D 22:09:45.2426695 GameState.DebugPrintPower() - FULL_ENTITY - Creating ID=89 CardID=
D 22:09:45.2426695 GameState.DebugPrintPower() -     tag=ZONE value=SETASIDE
D 22:09:45.2426695 GameState.DebugPrintPower() -     tag=CONTROLLER value=2
D 22:09:45.2426695 GameState.DebugPrintPower() -     tag=ENTITY_ID value=89
D 22:09:45.2426695 GameState.DebugPrintPower() - FULL_ENTITY - Creating ID=90 CardID=HERO_06bi
D 22:09:45.2426695 GameState.DebugPrintPower() -     tag=CONTROLLER value=1
D 22:09:45.2426695 GameState.DebugPrintPower() -     tag=CARDTYPE value=HERO
D 22:09:45.2426695 GameState.DebugPrintPower() -     tag=HEALTH value=30
D 22:09:45.2426695 GameState.DebugPrintPower() -     tag=PREMIUM value=1
D 22:09:45.2426695 GameState.DebugPrintPower() -     tag=ZONE value=PLAY
D 22:09:45.2426695 GameState.DebugPrintPower() -     tag=ENTITY_ID value=90
D 22:09:45.2426695 GameState.DebugPrintPower() -     tag=CLASS value=DRUID
D 22:09:45.2426695 GameState.DebugPrintPower() -     tag=FACTION value=NEUTRAL
D 22:09:45.2426695 GameState.DebugPrintPower() -     tag=RARITY value=FREE
D 22:09:45.2426695 GameState.DebugPrintPower() -     tag=HERO_POWER value=66926
D 22:09:45.2426695 GameState.DebugPrintPower() -     tag=HIDE_WATERMARK value=1
D 22:09:45.2426695 GameState.DebugPrintPower() -     tag=SPAWN_TIME_COUNT value=1
D 22:09:45.2426695 GameState.DebugPrintPower() -     tag=EMOTECHARACTER value=20
D 22:09:45.2426695 GameState.DebugPrintPower() -     tag=HAS_ACTIVATE_POWER value=1
D 22:09:45.2426695 GameState.DebugPrintPower() -     tag=EMOTECLASS value=6
D 22:09:45.2426695 GameState.DebugPrintPower() -     tag=3085 value=30
D 22:09:45.2426695 GameState.DebugPrintPower() - FULL_ENTITY - Creating ID=91 CardID=HERO_06ebp
D 22:09:45.2426695 GameState.DebugPrintPower() -     tag=CONTROLLER value=1
D 22:09:45.2426695 GameState.DebugPrintPower() -     tag=CARDTYPE value=HERO_POWER
D 22:09:45.2426695 GameState.DebugPrintPower() -     tag=TAG_LAST_KNOWN_COST_IN_HAND value=2
D 22:09:45.2426695 GameState.DebugPrintPower() -     tag=COST value=2
D 22:09:45.2426695 GameState.DebugPrintPower() -     tag=PREMIUM value=1
D 22:09:45.2426695 GameState.DebugPrintPower() -     tag=ZONE value=PLAY
D 22:09:45.2426695 GameState.DebugPrintPower() -     tag=ENTITY_ID value=91
D 22:09:45.2426695 GameState.DebugPrintPower() -     tag=CLASS value=DRUID
D 22:09:45.2426695 GameState.DebugPrintPower() -     tag=FACTION value=NEUTRAL
D 22:09:45.2426695 GameState.DebugPrintPower() -     tag=RARITY value=FREE
D 22:09:45.2426695 GameState.DebugPrintPower() -     tag=CREATOR value=90
D 22:09:45.2426695 GameState.DebugPrintPower() -     tag=1037 value=1
D 22:09:45.2426695 GameState.DebugPrintPower() -     tag=1086 value=66928
D 22:09:45.2426695 GameState.DebugPrintPower() -     tag=CREATOR_DBID value=123761
D 22:09:45.2426695 GameState.DebugPrintPower() -     tag=SPAWN_TIME_COUNT value=1
D 22:09:45.2426695 GameState.DebugPrintPower() -     tag=HAS_ACTIVATE_POWER value=1
D 22:09:45.2426695 GameState.DebugPrintPower() - FULL_ENTITY - Creating ID=92 CardID=HERO_07at
D 22:09:45.2426695 GameState.DebugPrintPower() -     tag=CONTROLLER value=2
D 22:09:45.2426695 GameState.DebugPrintPower() -     tag=CARDTYPE value=HERO
D 22:09:45.2426695 GameState.DebugPrintPower() -     tag=HEALTH value=30
D 22:09:45.2426695 GameState.DebugPrintPower() -     tag=ZONE value=PLAY
D 22:09:45.2426695 GameState.DebugPrintPower() -     tag=ENTITY_ID value=92
D 22:09:45.2426695 GameState.DebugPrintPower() -     tag=CLASS value=WARLOCK
D 22:09:45.2426695 GameState.DebugPrintPower() -     tag=FACTION value=NEUTRAL
D 22:09:45.2426695 GameState.DebugPrintPower() -     tag=RARITY value=FREE
D 22:09:45.2426695 GameState.DebugPrintPower() -     tag=HERO_POWER value=66935
D 22:09:45.2426695 GameState.DebugPrintPower() -     tag=HIDE_WATERMARK value=1
D 22:09:45.2426695 GameState.DebugPrintPower() -     tag=SPAWN_TIME_COUNT value=1
D 22:09:45.2426695 GameState.DebugPrintPower() -     tag=EMOTECHARACTER value=49
D 22:09:45.2426695 GameState.DebugPrintPower() -     tag=HAS_ACTIVATE_POWER value=1
D 22:09:45.2426695 GameState.DebugPrintPower() -     tag=EMOTECLASS value=7
D 22:09:45.2426695 GameState.DebugPrintPower() -     tag=3085 value=30
D 22:09:45.2426695 GameState.DebugPrintPower() - FULL_ENTITY - Creating ID=93 CardID=HERO_07ebp
D 22:09:45.2426695 GameState.DebugPrintPower() -     tag=CONTROLLER value=2
D 22:09:45.2426695 GameState.DebugPrintPower() -     tag=CARDTYPE value=HERO_POWER
D 22:09:45.2426695 GameState.DebugPrintPower() -     tag=TAG_LAST_KNOWN_COST_IN_HAND value=2
D 22:09:45.2426695 GameState.DebugPrintPower() -     tag=COST value=2
D 22:09:45.2426695 GameState.DebugPrintPower() -     tag=ZONE value=PLAY
D 22:09:45.2426695 GameState.DebugPrintPower() -     tag=ENTITY_ID value=93
D 22:09:45.2426695 GameState.DebugPrintPower() -     tag=CLASS value=WARLOCK
D 22:09:45.2426695 GameState.DebugPrintPower() -     tag=FACTION value=NEUTRAL
D 22:09:45.2426695 GameState.DebugPrintPower() -     tag=RARITY value=FREE
D 22:09:45.2426695 GameState.DebugPrintPower() -     tag=CREATOR value=92
D 22:09:45.2426695 GameState.DebugPrintPower() -     tag=1037 value=2
D 22:09:45.2426695 GameState.DebugPrintPower() -     tag=1086 value=66936
D 22:09:45.2426695 GameState.DebugPrintPower() -     tag=CREATOR_DBID value=114324
D 22:09:45.2426695 GameState.DebugPrintPower() -     tag=SPAWN_TIME_COUNT value=1
D 22:09:45.2426695 GameState.DebugPrintPower() -     tag=HAS_ACTIVATE_POWER value=1
D 22:09:45.2426695 GameState.DebugPrintPower() - TAG_CHANGE Entity=1 tag=STATE value=RUNNING 
D 22:09:45.2426695 GameState.DebugPrintPower() - TAG_CHANGE Entity=2 tag=PLAYSTATE value=PLAYING 
D 22:09:45.2426695 GameState.DebugPrintPower() - TAG_CHANGE Entity=3 tag=PLAYSTATE value=PLAYING 
D 22:09:45.2426695 GameState.DebugPrintPower() - BLOCK_START BlockType=TRIGGER Entity=1 EffectCardId=System.Collections.Generic.List`1[System.String] EffectIndex=6 Target=0 SubOption=-1 TriggerKeyword=TAG_NOT_SET
D 22:09:45.2426695 GameState.DebugPrintPower() - BLOCK_END
D 22:09:45.2426695 GameState.DebugPrintPower() - BLOCK_START BlockType=TRIGGER Entity=1 EffectCardId=System.Collections.Generic.List`1[System.String] EffectIndex=-1 Target=0 SubOption=-1 TriggerKeyword=TAG_NOT_SET
D 22:09:45.2426695 GameState.DebugPrintPower() -     TAG_CHANGE Entity=2 tag=CURRENT_PLAYER value=1 
D 22:09:45.2426695 GameState.DebugPrintPower() -     TAG_CHANGE Entity=2 tag=FIRST_PLAYER value=1 
D 22:09:45.2426695 GameState.DebugPrintPower() -     TAG_CHANGE Entity=1 tag=TURN value=1 
D 22:09:45.2426695 GameState.DebugPrintPower() -     TAG_CHANGE Entity=2 tag=2166 value=28 
D 22:09:45.2426695 GameState.DebugPrintPower() -     TAG_CHANGE Entity=2 tag=467 value=3 
D 22:09:45.2426695 GameState.DebugPrintPower() -     SHOW_ENTITY - Updating Entity=28 CardID=CS2_008
D 22:09:45.2426695 GameState.DebugPrintPower() -         tag=CONTROLLER value=1
D 22:09:45.2426695 GameState.DebugPrintPower() -         tag=CARDTYPE value=SPELL
D 22:09:45.2426695 GameState.DebugPrintPower() -         tag=PREMIUM value=1
D 22:09:45.2426695 GameState.DebugPrintPower() -         tag=ZONE value=HAND
D 22:09:45.2426695 GameState.DebugPrintPower() -         tag=ENTITY_ID value=28
D 22:09:45.2426695 GameState.DebugPrintPower() -         tag=CLASS value=DRUID
D 22:09:45.2426695 GameState.DebugPrintPower() -         tag=FACTION value=NEUTRAL
D 22:09:45.2426695 GameState.DebugPrintPower() -         tag=RARITY value=FREE
D 22:09:45.2426695 GameState.DebugPrintPower() -         tag=478 value=1
D 22:09:45.2426695 GameState.DebugPrintPower() -         tag=1043 value=1
D 22:09:45.2426695 GameState.DebugPrintPower() -         tag=1068 value=0
D 22:09:45.2426695 GameState.DebugPrintPower() -         tag=SPAWN_TIME_COUNT value=1
D 22:09:45.2426695 GameState.DebugPrintPower() -         tag=SPELL_SCHOOL value=1
D 22:09:45.2426695 GameState.DebugPrintPower() -     TAG_CHANGE Entity=28 tag=NUM_TURNS_IN_HAND value=1 
D 22:09:45.2426695 GameState.DebugPrintPower() -     TAG_CHANGE Entity=28 tag=ZONE_POSITION value=1 
D 22:09:45.2426695 GameState.DebugPrintPower() -     TAG_CHANGE Entity=28 tag=ZONE_POSITION value=0 
D 22:09:45.2426695 GameState.DebugPrintPower() -     TAG_CHANGE Entity=28 tag=ZONE_POSITION value=1 
D 22:09:45.2426695 GameState.DebugPrintPower() -     TAG_CHANGE Entity=2 tag=2166 value=31 
D 22:09:45.2426695 GameState.DebugPrintPower() -     TAG_CHANGE Entity=2 tag=467 value=2 
D 22:09:45.2426695 GameState.DebugPrintPower() -     SHOW_ENTITY - Updating Entity=31 CardID=CORE_AT_037
D 22:09:45.2426695 GameState.DebugPrintPower() -         tag=CONTROLLER value=1
D 22:09:45.2426695 GameState.DebugPrintPower() -         tag=CARDTYPE value=SPELL
D 22:09:45.2426695 GameState.DebugPrintPower() -         tag=TAG_LAST_KNOWN_COST_IN_HAND value=1
D 22:09:45.2426695 GameState.DebugPrintPower() -         tag=COST value=1
D 22:09:45.2426695 GameState.DebugPrintPower() -         tag=PREMIUM value=1
D 22:09:45.2426695 GameState.DebugPrintPower() -         tag=ZONE value=HAND
D 22:09:45.2426695 GameState.DebugPrintPower() -         tag=ENTITY_ID value=31
D 22:09:45.2426695 GameState.DebugPrintPower() -         tag=CLASS value=DRUID
D 22:09:45.2426695 GameState.DebugPrintPower() -         tag=RARITY value=COMMON
D 22:09:45.2426695 GameState.DebugPrintPower() -         tag=CHOOSE_ONE value=1
D 22:09:45.2426695 GameState.DebugPrintPower() -         tag=478 value=1
D 22:09:45.2426695 GameState.DebugPrintPower() -         tag=858 value=2792
D 22:09:45.2426695 GameState.DebugPrintPower() -         tag=1043 value=1
D 22:09:45.2426695 GameState.DebugPrintPower() -         tag=1068 value=0
D 22:09:45.2426695 GameState.DebugPrintPower() -         tag=SPAWN_TIME_COUNT value=1
D 22:09:45.2426695 GameState.DebugPrintPower() -         tag=SPELL_SCHOOL value=4
D 22:09:45.2426695 GameState.DebugPrintPower() -     SHOW_ENTITY - Updating Entity=32 CardID=AT_037a
D 22:09:45.2426695 GameState.DebugPrintPower() -         tag=CONTROLLER value=1
D 22:09:45.2426695 GameState.DebugPrintPower() -         tag=CARDTYPE value=SPELL
D 22:09:45.2426695 GameState.DebugPrintPower() -         tag=TAG_LAST_KNOWN_COST_IN_HAND value=1
D 22:09:45.2426695 GameState.DebugPrintPower() -         tag=COST value=1
D 22:09:45.2426695 GameState.DebugPrintPower() -         tag=PREMIUM value=1
D 22:09:45.2426695 GameState.DebugPrintPower() -         tag=ZONE value=SETASIDE
D 22:09:45.2426695 GameState.DebugPrintPower() -         tag=ENTITY_ID value=32
D 22:09:45.2426695 GameState.DebugPrintPower() -         tag=CLASS value=DRUID
D 22:09:45.2426695 GameState.DebugPrintPower() -         tag=CREATOR value=31
D 22:09:45.2426695 GameState.DebugPrintPower() -         tag=PARENT_CARD value=31
D 22:09:45.2426695 GameState.DebugPrintPower() -         tag=1068 value=0
D 22:09:45.2426695 GameState.DebugPrintPower() -         tag=CREATOR_DBID value=76289
D 22:09:45.2426695 GameState.DebugPrintPower() -         tag=SPAWN_TIME_COUNT value=1
D 22:09:45.2426695 GameState.DebugPrintPower() -         tag=SPELL_SCHOOL value=4
D 22:09:45.2426695 GameState.DebugPrintPower() -         tag=4901 value=0
D 22:09:45.2426695 GameState.DebugPrintPower() -     SHOW_ENTITY - Updating Entity=33 CardID=AT_037b
D 22:09:45.2426695 GameState.DebugPrintPower() -         tag=CONTROLLER value=1
D 22:09:45.2426695 GameState.DebugPrintPower() -         tag=CARDTYPE value=SPELL
D 22:09:45.2426695 GameState.DebugPrintPower() -         tag=TAG_LAST_KNOWN_COST_IN_HAND value=1
D 22:09:45.2426695 GameState.DebugPrintPower() -         tag=COST value=1
D 22:09:45.2426695 GameState.DebugPrintPower() -         tag=PREMIUM value=1
D 22:09:45.2426695 GameState.DebugPrintPower() -         tag=ZONE value=SETASIDE
D 22:09:45.2426695 GameState.DebugPrintPower() -         tag=ENTITY_ID value=33
D 22:09:45.2426695 GameState.DebugPrintPower() -         tag=CLASS value=DRUID
D 22:09:45.2426695 GameState.DebugPrintPower() -         tag=CREATOR value=31
D 22:09:45.2426695 GameState.DebugPrintPower() -         tag=PARENT_CARD value=31
D 22:09:45.2426695 GameState.DebugPrintPower() -         tag=1068 value=0
D 22:09:45.2426695 GameState.DebugPrintPower() -         tag=CREATOR_DBID value=76289
D 22:09:45.2426695 GameState.DebugPrintPower() -         tag=SPAWN_TIME_COUNT value=1
D 22:09:45.2426695 GameState.DebugPrintPower() -         tag=SPELL_SCHOOL value=4
D 22:09:45.2426695 GameState.DebugPrintPower() -         tag=4901 value=0
D 22:09:45.2426695 GameState.DebugPrintPower() -     TAG_CHANGE Entity=31 tag=NUM_TURNS_IN_HAND value=1 
D 22:09:45.2426695 GameState.DebugPrintPower() -     TAG_CHANGE Entity=31 tag=ZONE_POSITION value=2 
D 22:09:45.2426695 GameState.DebugPrintPower() -     TAG_CHANGE Entity=31 tag=ZONE_POSITION value=0 
D 22:09:45.2426695 GameState.DebugPrintPower() -     TAG_CHANGE Entity=31 tag=ZONE_POSITION value=2 
D 22:09:45.2426695 GameState.DebugPrintPower() -     TAG_CHANGE Entity=2 tag=2166 value=39 
D 22:09:45.2426695 GameState.DebugPrintPower() -     TAG_CHANGE Entity=2 tag=467 value=1 
D 22:09:45.2426695 GameState.DebugPrintPower() -     SHOW_ENTITY - Updating Entity=39 CardID=TIME_701
D 22:09:45.2426695 GameState.DebugPrintPower() -         tag=CONTROLLER value=1
D 22:09:45.2426695 GameState.DebugPrintPower() -         tag=CARDTYPE value=SPELL
D 22:09:45.2426695 GameState.DebugPrintPower() -         tag=TAG_LAST_KNOWN_COST_IN_HAND value=1
D 22:09:45.2426695 GameState.DebugPrintPower() -         tag=COST value=1
D 22:09:45.2426695 GameState.DebugPrintPower() -         tag=ZONE value=HAND
D 22:09:45.2426695 GameState.DebugPrintPower() -         tag=ENTITY_ID value=39
D 22:09:45.2426695 GameState.DebugPrintPower() -         tag=CLASS value=DRUID
D 22:09:45.2426695 GameState.DebugPrintPower() -         tag=RARITY value=RARE
D 22:09:45.2426695 GameState.DebugPrintPower() -         tag=DISCOVER value=1
D 22:09:45.2426695 GameState.DebugPrintPower() -         tag=478 value=1
D 22:09:45.2426695 GameState.DebugPrintPower() -         tag=1043 value=1
D 22:09:45.2426695 GameState.DebugPrintPower() -         tag=1068 value=0
D 22:09:45.2426695 GameState.DebugPrintPower() -         tag=USE_DISCOVER_VISUALS value=1
D 22:09:45.2426695 GameState.DebugPrintPower() -         tag=SPAWN_TIME_COUNT value=1
D 22:09:45.2426695 GameState.DebugPrintPower() -         tag=SPELL_SCHOOL value=4
D 22:09:45.2426695 GameState.DebugPrintPower() -     TAG_CHANGE Entity=39 tag=NUM_TURNS_IN_HAND value=1 
D 22:09:45.2426695 GameState.DebugPrintPower() -     TAG_CHANGE Entity=39 tag=ZONE_POSITION value=3 
D 22:09:45.2426695 GameState.DebugPrintPower() -     TAG_CHANGE Entity=39 tag=ZONE_POSITION value=0 
D 22:09:45.2426695 GameState.DebugPrintPower() -     TAG_CHANGE Entity=39 tag=ZONE_POSITION value=3 
D 22:09:45.2426695 GameState.DebugPrintPower() -     TAG_CHANGE Entity=2 tag=467 value=0 
D 22:09:45.2426695 GameState.DebugPrintPower() -     TAG_CHANGE Entity=2 tag=NUM_TURNS_LEFT value=1 
D 22:09:45.2426695 GameState.DebugPrintPower() -     TAG_CHANGE Entity=3 tag=2166 value=49 
D 22:09:45.2426695 GameState.DebugPrintPower() -     TAG_CHANGE Entity=3 tag=467 value=4 
D 22:09:45.2426695 GameState.DebugPrintPower() -     TAG_CHANGE Entity=49 tag=ZONE value=HAND 
D 22:09:45.2426695 GameState.DebugPrintPower() -     TAG_CHANGE Entity=49 tag=ZONE_POSITION value=1 
D 22:09:45.2426695 GameState.DebugPrintPower() -     TAG_CHANGE Entity=49 tag=ZONE_POSITION value=0 
D 22:09:45.2426695 GameState.DebugPrintPower() -     TAG_CHANGE Entity=49 tag=ZONE_POSITION value=1 
D 22:09:45.2426695 GameState.DebugPrintPower() -     TAG_CHANGE Entity=3 tag=2166 value=51 
D 22:09:45.2426695 GameState.DebugPrintPower() -     TAG_CHANGE Entity=3 tag=467 value=3 
D 22:09:45.2426695 GameState.DebugPrintPower() -     TAG_CHANGE Entity=51 tag=ZONE value=HAND 
D 22:09:45.2426695 GameState.DebugPrintPower() -     TAG_CHANGE Entity=51 tag=ZONE_POSITION value=2 
D 22:09:45.2426695 GameState.DebugPrintPower() -     TAG_CHANGE Entity=51 tag=ZONE_POSITION value=0 
D 22:09:45.2426695 GameState.DebugPrintPower() -     TAG_CHANGE Entity=51 tag=ZONE_POSITION value=2 
D 22:09:45.2426695 GameState.DebugPrintPower() -     TAG_CHANGE Entity=3 tag=2166 value=81 
D 22:09:45.2426695 GameState.DebugPrintPower() -     TAG_CHANGE Entity=3 tag=467 value=2 
D 22:09:45.2426695 GameState.DebugPrintPower() -     TAG_CHANGE Entity=81 tag=ZONE value=HAND 
D 22:09:45.2426695 GameState.DebugPrintPower() -     TAG_CHANGE Entity=81 tag=ZONE_POSITION value=3 
D 22:09:45.2426695 GameState.DebugPrintPower() -     TAG_CHANGE Entity=81 tag=ZONE_POSITION value=0 
D 22:09:45.2426695 GameState.DebugPrintPower() -     TAG_CHANGE Entity=81 tag=ZONE_POSITION value=3 
D 22:09:45.2426695 GameState.DebugPrintPower() -     TAG_CHANGE Entity=3 tag=2166 value=80 
D 22:09:45.2426695 GameState.DebugPrintPower() -     TAG_CHANGE Entity=3 tag=467 value=1 
D 22:09:45.2426695 GameState.DebugPrintPower() -     TAG_CHANGE Entity=80 tag=ZONE value=HAND 
D 22:09:45.2426695 GameState.DebugPrintPower() -     TAG_CHANGE Entity=80 tag=ZONE_POSITION value=4 
D 22:09:45.2426695 GameState.DebugPrintPower() -     TAG_CHANGE Entity=80 tag=ZONE_POSITION value=0 
D 22:09:45.2426695 GameState.DebugPrintPower() -     TAG_CHANGE Entity=80 tag=ZONE_POSITION value=4 
D 22:09:45.2426695 GameState.DebugPrintPower() -     TAG_CHANGE Entity=3 tag=467 value=0 
D 22:09:45.2426695 GameState.DebugPrintPower() -     TAG_CHANGE Entity=3 tag=NUM_TURNS_LEFT value=1 
D 22:09:45.2426695 GameState.DebugPrintPower() -     FULL_ENTITY - Creating ID=94 CardID=
D 22:09:45.2426695 GameState.DebugPrintPower() -         tag=ZONE value=HAND
D 22:09:45.2426695 GameState.DebugPrintPower() -         tag=CONTROLLER value=2
D 22:09:45.2426695 GameState.DebugPrintPower() -         tag=ENTITY_ID value=94
D 22:09:45.2426695 GameState.DebugPrintPower() -         tag=ZONE_POSITION value=5
D 22:09:45.2426695 GameState.DebugPrintPower() -     TAG_CHANGE Entity=2 tag=TIMEOUT value=45 
D 22:09:45.2426695 GameState.DebugPrintPower() -     TAG_CHANGE Entity=3 tag=TIMEOUT value=45 
D 22:09:45.2426695 GameState.DebugPrintPower() -     TAG_CHANGE Entity=1 tag=10 value=85 
D 22:09:45.2426695 GameState.DebugPrintPower() -     TAG_CHANGE Entity=1 tag=NEXT_STEP value=BEGIN_MULLIGAN 
D 22:09:45.2426695 GameState.DebugPrintPower() - BLOCK_END
D 22:09:45.2426695 GameState.DebugPrintGame() - BuildNumber=250339
D 22:09:45.2426695 GameState.DebugPrintGame() - GameType=GT_RANKED
D 22:09:45.2426695 GameState.DebugPrintGame() - FormatType=FT_WILD
D 22:09:45.2426695 GameState.DebugPrintGame() - ScenarioID=2
D 22:09:45.2426695 GameState.DebugPrintGame() - PlayerID=1, PlayerName=湫然#51704
D 22:09:45.2426695 GameState.DebugPrintGame() - PlayerID=2, PlayerName=UNKNOWN HUMAN PLAYER
D 22:09:45.2426695 PowerTaskList.DebugDump() - ID=1 ParentID=0 PreviousID=0 TaskCount=94
D 22:09:45.2426695 PowerTaskList.DebugDump() - Block Start=(null)
D 22:09:45.2426695 PowerTaskList.DebugPrintPower() -     CREATE_GAME
D 22:09:45.2426695 PowerTaskList.DebugPrintPower() -         GameEntity EntityID=1
D 22:09:45.2426695 PowerTaskList.DebugPrintPower() -             tag=CARDTYPE value=GAME
D 22:09:45.2426695 PowerTaskList.DebugPrintPower() -             tag=ZONE value=PLAY
D 22:09:45.2426695 PowerTaskList.DebugPrintPower() -             tag=ENTITY_ID value=1
D 22:09:45.2426695 PowerTaskList.DebugPrintPower() -             tag=937 value=2
D 22:09:45.2426695 PowerTaskList.DebugPrintPower() -             tag=SPAWN_TIME_COUNT value=1
D 22:09:45.2426695 PowerTaskList.DebugPrintPower() -             tag=GAME_SEED value=1911325859
D 22:09:45.2426695 PowerTaskList.DebugPrintPower() -         Player EntityID=2 PlayerID=1 GameAccountId=[hi=144115211015832391 lo=83449896]
D 22:09:45.2426695 PowerTaskList.DebugPrintPower() -             tag=CONTROLLER value=1
D 22:09:45.2426695 PowerTaskList.DebugPrintPower() -             tag=CARDTYPE value=PLAYER
D 22:09:45.2426695 PowerTaskList.DebugPrintPower() -             tag=PLAYER_ID value=1
D 22:09:45.2426695 PowerTaskList.DebugPrintPower() -             tag=HERO_ENTITY value=90
D 22:09:45.2426695 PowerTaskList.DebugPrintPower() -             tag=MAXHANDSIZE value=10
D 22:09:45.2426695 PowerTaskList.DebugPrintPower() -             tag=STARTHANDSIZE value=4
D 22:09:45.2426695 PowerTaskList.DebugPrintPower() -             tag=TEAM_ID value=1
D 22:09:45.2426695 PowerTaskList.DebugPrintPower() -             tag=ZONE value=PLAY
D 22:09:45.2426695 PowerTaskList.DebugPrintPower() -             tag=ENTITY_ID value=2
D 22:09:45.2426695 PowerTaskList.DebugPrintPower() -             tag=MAXRESOURCES value=10
D 22:09:45.2426695 PowerTaskList.DebugPrintPower() -             tag=SPAWN_TIME_COUNT value=1
D 22:09:45.2426695 PowerTaskList.DebugPrintPower() -             tag=MAX_EXCAVATE_TIER value=2
D 22:09:45.2426695 PowerTaskList.DebugPrintPower() -         Player EntityID=3 PlayerID=2 GameAccountId=[hi=144115211015832391 lo=1696694832]
D 22:09:45.2426695 PowerTaskList.DebugPrintPower() -             tag=CONTROLLER value=2
D 22:09:45.2426695 PowerTaskList.DebugPrintPower() -             tag=CARDTYPE value=PLAYER
D 22:09:45.2426695 PowerTaskList.DebugPrintPower() -             tag=PLAYER_ID value=2
D 22:09:45.2426695 PowerTaskList.DebugPrintPower() -             tag=HERO_ENTITY value=92
D 22:09:45.2426695 PowerTaskList.DebugPrintPower() -             tag=MAXHANDSIZE value=10
D 22:09:45.2426695 PowerTaskList.DebugPrintPower() -             tag=STARTHANDSIZE value=4
D 22:09:45.2426695 PowerTaskList.DebugPrintPower() -             tag=TEAM_ID value=2
D 22:09:45.2426695 PowerTaskList.DebugPrintPower() -             tag=ZONE value=PLAY
D 22:09:45.2426695 PowerTaskList.DebugPrintPower() -             tag=ENTITY_ID value=3
D 22:09:45.2426695 PowerTaskList.DebugPrintPower() -             tag=MAXRESOURCES value=10
D 22:09:45.2426695 PowerTaskList.DebugPrintPower() -             tag=SPAWN_TIME_COUNT value=1
D 22:09:45.2426695 PowerTaskList.DebugPrintPower() -             tag=MAX_EXCAVATE_TIER value=3
D 22:09:45.2426695 PowerTaskList.DebugPrintPower() -     FULL_ENTITY - Updating [entityName=UNKNOWN ENTITY [cardType=INVALID] id=4 zone=DECK zonePos=0 cardId= player=1] CardID=
D 22:09:45.2426695 PowerTaskList.DebugPrintPower() -         tag=ZONE value=DECK
D 22:09:45.2426695 PowerTaskList.DebugPrintPower() -         tag=CONTROLLER value=1
D 22:09:45.2426695 PowerTaskList.DebugPrintPower() -         tag=ENTITY_ID value=4
D 22:09:45.2426695 PowerTaskList.DebugPrintPower() -     FULL_ENTITY - Updating [entityName=UNKNOWN ENTITY [cardType=INVALID] id=5 zone=DECK zonePos=0 cardId= player=1] CardID=
D 22:09:45.2426695 PowerTaskList.DebugPrintPower() -         tag=ZONE value=DECK
D 22:09:45.2426695 PowerTaskList.DebugPrintPower() -         tag=CONTROLLER value=1
D 22:09:45.2426695 PowerTaskList.DebugPrintPower() -         tag=ENTITY_ID value=5
D 22:09:45.2426695 PowerTaskList.DebugPrintPower() -     FULL_ENTITY - Updating [entityName=UNKNOWN ENTITY [cardType=INVALID] id=6 zone=DECK zonePos=0 cardId= player=1] CardID=
D 22:09:45.2426695 PowerTaskList.DebugPrintPower() -         tag=ZONE value=DECK
D 22:09:45.2426695 PowerTaskList.DebugPrintPower() -         tag=CONTROLLER value=1
D 22:09:45.2426695 PowerTaskList.DebugPrintPower() -         tag=ENTITY_ID value=6
D 22:09:45.2426695 PowerTaskList.DebugPrintPower() -     FULL_ENTITY - Updating [entityName=UNKNOWN ENTITY [cardType=INVALID] id=7 zone=SETASIDE zonePos=0 cardId= player=1] CardID=
D 22:09:45.2426695 PowerTaskList.DebugPrintPower() -         tag=ZONE value=SETASIDE
D 22:09:45.2426695 PowerTaskList.DebugPrintPower() -         tag=CONTROLLER value=1
D 22:09:45.2426695 PowerTaskList.DebugPrintPower() -         tag=ENTITY_ID value=7
D 22:09:45.2426695 PowerTaskList.DebugPrintPower() -     FULL_ENTITY - Updating [entityName=UNKNOWN ENTITY [cardType=INVALID] id=8 zone=SETASIDE zonePos=0 cardId= player=1] CardID=
D 22:09:45.2426695 PowerTaskList.DebugPrintPower() -         tag=ZONE value=SETASIDE
D 22:09:45.2426695 PowerTaskList.DebugPrintPower() -         tag=CONTROLLER value=1
D 22:09:45.2426695 PowerTaskList.DebugPrintPower() -         tag=ENTITY_ID value=8
D 22:09:45.2426695 PowerTaskList.DebugPrintPower() -     FULL_ENTITY - Updating [entityName=UNKNOWN ENTITY [cardType=INVALID] id=9 zone=DECK zonePos=0 cardId= player=1] CardID=
D 22:09:45.2426695 PowerTaskList.DebugPrintPower() -         tag=ZONE value=DECK
D 22:09:45.2426695 PowerTaskList.DebugPrintPower() -         tag=CONTROLLER value=1
D 22:09:45.2426695 PowerTaskList.DebugPrintPower() -         tag=ENTITY_ID value=9
D 22:09:45.2426695 PowerTaskList.DebugPrintPower() -     FULL_ENTITY - Updating [entityName=UNKNOWN ENTITY [cardType=INVALID] id=10 zone=DECK zonePos=0 cardId= player=1] CardID=
D 22:09:45.2426695 PowerTaskList.DebugPrintPower() -         tag=ZONE value=DECK
D 22:09:45.2426695 PowerTaskList.DebugPrintPower() -         tag=CONTROLLER value=1
D 22:09:45.2426695 PowerTaskList.DebugPrintPower() -         tag=ENTITY_ID value=10
D 22:09:45.2426695 PowerTaskList.DebugPrintPower() -     FULL_ENTITY - Updating [entityName=UNKNOWN ENTITY [cardType=INVALID] id=11 zone=DECK zonePos=0 cardId= player=1] CardID=
D 22:09:45.2426695 PowerTaskList.DebugPrintPower() -         tag=ZONE value=DECK
D 22:09:45.2426695 PowerTaskList.DebugPrintPower() -         tag=CONTROLLER value=1
D 22:09:45.2426695 PowerTaskList.DebugPrintPower() -         tag=ENTITY_ID value=11
D 22:09:45.2426695 PowerTaskList.DebugPrintPower() -     FULL_ENTITY - Updating [entityName=UNKNOWN ENTITY [cardType=INVALID] id=12 zone=DECK zonePos=0 cardId= player=1] CardID=
D 22:09:45.2426695 PowerTaskList.DebugPrintPower() -         tag=ZONE value=DECK
D 22:09:45.2426695 PowerTaskList.DebugPrintPower() -         tag=CONTROLLER value=1
D 22:09:45.2426695 PowerTaskList.DebugPrintPower() -         tag=ENTITY_ID value=12
D 22:09:45.2426695 PowerTaskList.DebugPrintPower() -     FULL_ENTITY - Updating [entityName=UNKNOWN ENTITY [cardType=INVALID] id=13 zone=DECK zonePos=0 cardId= player=1] CardID=
D 22:09:45.2426695 PowerTaskList.DebugPrintPower() -         tag=ZONE value=DECK
D 22:09:45.2426695 PowerTaskList.DebugPrintPower() -         tag=CONTROLLER value=1
D 22:09:45.2426695 PowerTaskList.DebugPrintPower() -         tag=ENTITY_ID value=13
D 22:09:45.2426695 PowerTaskList.DebugPrintPower() -     FULL_ENTITY - Updating [entityName=UNKNOWN ENTITY [cardType=INVALID] id=14 zone=DECK zonePos=0 cardId= player=1] CardID=
D 22:09:45.2426695 PowerTaskList.DebugPrintPower() -         tag=ZONE value=DECK
D 22:09:45.2426695 PowerTaskList.DebugPrintPower() -         tag=CONTROLLER value=1
D 22:09:45.2426695 PowerTaskList.DebugPrintPower() -         tag=ENTITY_ID value=14
D 22:09:45.2426695 PowerTaskList.DebugPrintPower() -     FULL_ENTITY - Updating [entityName=UNKNOWN ENTITY [cardType=INVALID] id=15 zone=DECK zonePos=0 cardId= player=1] CardID=
D 22:09:45.2426695 PowerTaskList.DebugPrintPower() -         tag=ZONE value=DECK
D 22:09:45.2426695 PowerTaskList.DebugPrintPower() -         tag=CONTROLLER value=1
D 22:09:45.2426695 PowerTaskList.DebugPrintPower() -         tag=ENTITY_ID value=15
D 22:09:45.2426695 PowerTaskList.DebugPrintPower() -     FULL_ENTITY - Updating [entityName=UNKNOWN ENTITY [cardType=INVALID] id=16 zone=DECK zonePos=0 cardId= player=1] CardID=
D 22:09:45.2426695 PowerTaskList.DebugPrintPower() -         tag=ZONE value=DECK
D 22:09:45.2426695 PowerTaskList.DebugPrintPower() -         tag=CONTROLLER value=1
D 22:09:45.2426695 PowerTaskList.DebugPrintPower() -         tag=ENTITY_ID value=16
D 22:09:45.2426695 PowerTaskList.DebugPrintPower() -     FULL_ENTITY - Updating [entityName=UNKNOWN ENTITY [cardType=INVALID] id=17 zone=SETASIDE zonePos=0 cardId= player=1] CardID=
D 22:09:45.2426695 PowerTaskList.DebugPrintPower() -         tag=ZONE value=SETASIDE
D 22:09:45.2426695 PowerTaskList.DebugPrintPower() -         tag=CONTROLLER value=1
D 22:09:45.2426695 PowerTaskList.DebugPrintPower() -         tag=ENTITY_ID value=17
D 22:09:45.2426695 PowerTaskList.DebugPrintPower() -     FULL_ENTITY - Updating [entityName=UNKNOWN ENTITY [cardType=INVALID] id=18 zone=SETASIDE zonePos=0 cardId= player=1] CardID=
D 22:09:45.2426695 PowerTaskList.DebugPrintPower() -         tag=ZONE value=SETASIDE
D 22:09:45.2426695 PowerTaskList.DebugPrintPower() -         tag=CONTROLLER value=1
D 22:09:45.2426695 PowerTaskList.DebugPrintPower() -         tag=ENTITY_ID value=18
D 22:09:45.2426695 PowerTaskList.DebugPrintPower() -     FULL_ENTITY - Updating [entityName=UNKNOWN ENTITY [cardType=INVALID] id=19 zone=DECK zonePos=0 cardId= player=1] CardID=
D 22:09:45.2426695 PowerTaskList.DebugPrintPower() -         tag=ZONE value=DECK
D 22:09:45.2426695 PowerTaskList.DebugPrintPower() -         tag=CONTROLLER value=1
D 22:09:45.2426695 PowerTaskList.DebugPrintPower() -         tag=ENTITY_ID value=19
D 22:09:45.2426695 PowerTaskList.DebugPrintPower() -     FULL_ENTITY - Updating [entityName=UNKNOWN ENTITY [cardType=INVALID] id=20 zone=DECK zonePos=0 cardId= player=1] CardID=
D 22:09:45.2426695 PowerTaskList.DebugPrintPower() -         tag=ZONE value=DECK
D 22:09:45.2426695 PowerTaskList.DebugPrintPower() -         tag=CONTROLLER value=1
D 22:09:45.2426695 PowerTaskList.DebugPrintPower() -         tag=ENTITY_ID value=20
D 22:09:45.2426695 PowerTaskList.DebugPrintPower() -     FULL_ENTITY - Updating [entityName=UNKNOWN ENTITY [cardType=INVALID] id=21 zone=DECK zonePos=0 cardId= player=1] CardID=
D 22:09:45.2426695 PowerTaskList.DebugPrintPower() -         tag=ZONE value=DECK
D 22:09:45.2426695 PowerTaskList.DebugPrintPower() -         tag=CONTROLLER value=1
D 22:09:45.2426695 PowerTaskList.DebugPrintPower() -         tag=ENTITY_ID value=21
D 22:09:45.2426695 PowerTaskList.DebugPrintPower() -     FULL_ENTITY - Updating [entityName=UNKNOWN ENTITY [cardType=INVALID] id=22 zone=DECK zonePos=0 cardId= player=1] CardID=
D 22:09:45.2426695 PowerTaskList.DebugPrintPower() -         tag=ZONE value=DECK
D 22:09:45.2426695 PowerTaskList.DebugPrintPower() -         tag=CONTROLLER value=1
D 22:09:45.2426695 PowerTaskList.DebugPrintPower() -         tag=ENTITY_ID value=22
D 22:09:45.2426695 PowerTaskList.DebugPrintPower() -     FULL_ENTITY - Updating [entityName=UNKNOWN ENTITY [cardType=INVALID] id=23 zone=DECK zonePos=0 cardId= player=1] CardID=
D 22:09:45.2426695 PowerTaskList.DebugPrintPower() -         tag=ZONE value=DECK
D 22:09:45.2426695 PowerTaskList.DebugPrintPower() -         tag=CONTROLLER value=1
D 22:09:45.2426695 PowerTaskList.DebugPrintPower() -         tag=ENTITY_ID value=23
D 22:09:45.2426695 PowerTaskList.DebugPrintPower() -     FULL_ENTITY - Updating [entityName=UNKNOWN ENTITY [cardType=INVALID] id=24 zone=SETASIDE zonePos=0 cardId= player=1] CardID=
D 22:09:45.2426695 PowerTaskList.DebugPrintPower() -         tag=ZONE value=SETASIDE
D 22:09:45.2426695 PowerTaskList.DebugPrintPower() -         tag=CONTROLLER value=1
D 22:09:45.2426695 PowerTaskList.DebugPrintPower() -         tag=ENTITY_ID value=24
D 22:09:45.2426695 PowerTaskList.DebugPrintPower() -     FULL_ENTITY - Updating [entityName=UNKNOWN ENTITY [cardType=INVALID] id=25 zone=SETASIDE zonePos=0 cardId= player=1] CardID=
D 22:09:45.2426695 PowerTaskList.DebugPrintPower() -         tag=ZONE value=SETASIDE
D 22:09:45.2426695 PowerTaskList.DebugPrintPower() -         tag=CONTROLLER value=1
D 22:09:45.2426695 PowerTaskList.DebugPrintPower() -         tag=ENTITY_ID value=25
D 22:09:45.2426695 PowerTaskList.DebugPrintPower() -     FULL_ENTITY - Updating [entityName=UNKNOWN ENTITY [cardType=INVALID] id=26 zone=DECK zonePos=0 cardId= player=1] CardID=
D 22:09:45.2426695 PowerTaskList.DebugPrintPower() -         tag=ZONE value=DECK
D 22:09:45.2426695 PowerTaskList.DebugPrintPower() -         tag=CONTROLLER value=1
D 22:09:45.2426695 PowerTaskList.DebugPrintPower() -         tag=ENTITY_ID value=26
D 22:09:45.2426695 PowerTaskList.DebugPrintPower() -     FULL_ENTITY - Updating [entityName=UNKNOWN ENTITY [cardType=INVALID] id=27 zone=DECK zonePos=0 cardId= player=1] CardID=
D 22:09:45.2426695 PowerTaskList.DebugPrintPower() -         tag=ZONE value=DECK
D 22:09:45.2426695 PowerTaskList.DebugPrintPower() -         tag=CONTROLLER value=1
D 22:09:45.2426695 PowerTaskList.DebugPrintPower() -         tag=ENTITY_ID value=27
D 22:09:45.2426695 PowerTaskList.DebugPrintPower() -     FULL_ENTITY - Updating [entityName=UNKNOWN ENTITY [cardType=INVALID] id=28 zone=DECK zonePos=0 cardId= player=1] CardID=
D 22:09:45.2426695 PowerTaskList.DebugPrintPower() -         tag=ZONE value=DECK
D 22:09:45.2426695 PowerTaskList.DebugPrintPower() -         tag=CONTROLLER value=1
D 22:09:45.2426695 PowerTaskList.DebugPrintPower() -         tag=ENTITY_ID value=28
D 22:09:45.2426695 PowerTaskList.DebugPrintPower() -     FULL_ENTITY - Updating [entityName=UNKNOWN ENTITY [cardType=INVALID] id=29 zone=DECK zonePos=0 cardId= player=1] CardID=
D 22:09:45.2426695 PowerTaskList.DebugPrintPower() -         tag=ZONE value=DECK
D 22:09:45.2426695 PowerTaskList.DebugPrintPower() -         tag=CONTROLLER value=1
D 22:09:45.2426695 PowerTaskList.DebugPrintPower() -         tag=ENTITY_ID value=29
D 22:09:45.2426695 PowerTaskList.DebugPrintPower() -     FULL_ENTITY - Updating [entityName=UNKNOWN ENTITY [cardType=INVALID] id=30 zone=DECK zonePos=0 cardId= player=1] CardID=
D 22:09:45.2426695 PowerTaskList.DebugPrintPower() -         tag=ZONE value=DECK
D 22:09:45.2426695 PowerTaskList.DebugPrintPower() -         tag=CONTROLLER value=1
D 22:09:45.2426695 PowerTaskList.DebugPrintPower() -         tag=ENTITY_ID value=30
D 22:09:45.2426695 PowerTaskList.DebugPrintPower() -     FULL_ENTITY - Updating [entityName=UNKNOWN ENTITY [cardType=INVALID] id=31 zone=DECK zonePos=0 cardId= player=1] CardID=
D 22:09:45.2426695 PowerTaskList.DebugPrintPower() -         tag=ZONE value=DECK
D 22:09:45.2426695 PowerTaskList.DebugPrintPower() -         tag=CONTROLLER value=1
D 22:09:45.2426695 PowerTaskList.DebugPrintPower() -         tag=ENTITY_ID value=31
D 22:09:45.2426695 PowerTaskList.DebugPrintPower() -     FULL_ENTITY - Updating [entityName=UNKNOWN ENTITY [cardType=INVALID] id=32 zone=SETASIDE zonePos=0 cardId= player=1] CardID=
D 22:09:45.2426695 PowerTaskList.DebugPrintPower() -         tag=ZONE value=SETASIDE
D 22:09:45.2426695 PowerTaskList.DebugPrintPower() -         tag=CONTROLLER value=1
D 22:09:45.2426695 PowerTaskList.DebugPrintPower() -         tag=ENTITY_ID value=32
D 22:09:45.2426695 PowerTaskList.DebugPrintPower() -     FULL_ENTITY - Updating [entityName=UNKNOWN ENTITY [cardType=INVALID] id=33 zone=SETASIDE zonePos=0 cardId= player=1] CardID=
D 22:09:45.2426695 PowerTaskList.DebugPrintPower() -         tag=ZONE value=SETASIDE
D 22:09:45.2426695 PowerTaskList.DebugPrintPower() -         tag=CONTROLLER value=1
D 22:09:45.2426695 PowerTaskList.DebugPrintPower() -         tag=ENTITY_ID value=33
D 22:09:45.2426695 PowerTaskList.DebugPrintPower() -     FULL_ENTITY - Updating [entityName=UNKNOWN ENTITY [cardType=INVALID] id=34 zone=DECK zonePos=0 cardId= player=1] CardID=
D 22:09:45.2426695 PowerTaskList.DebugPrintPower() -         tag=ZONE value=DECK
D 22:09:45.2426695 PowerTaskList.DebugPrintPower() -         tag=CONTROLLER value=1
D 22:09:45.2426695 PowerTaskList.DebugPrintPower() -         tag=ENTITY_ID value=34
D 22:09:45.2426695 PowerTaskList.DebugPrintPower() -     FULL_ENTITY - Updating [entityName=UNKNOWN ENTITY [cardType=INVALID] id=35 zone=DECK zonePos=0 cardId= player=1] CardID=
D 22:09:45.2426695 PowerTaskList.DebugPrintPower() -         tag=ZONE value=DECK
D 22:09:45.2426695 PowerTaskList.DebugPrintPower() -         tag=CONTROLLER value=1
D 22:09:45.2426695 PowerTaskList.DebugPrintPower() -         tag=ENTITY_ID value=35
D 22:09:45.2426695 PowerTaskList.DebugPrintPower() -     FULL_ENTITY - Updating [entityName=UNKNOWN ENTITY [cardType=INVALID] id=36 zone=DECK zonePos=0 cardId= player=1] CardID=
D 22:09:45.2426695 PowerTaskList.DebugPrintPower() -         tag=ZONE value=DECK
D 22:09:45.2426695 PowerTaskList.DebugPrintPower() -         tag=CONTROLLER value=1
D 22:09:45.2426695 PowerTaskList.DebugPrintPower() -         tag=ENTITY_ID value=36
D 22:09:45.2426695 PowerTaskList.DebugPrintPower() -     FULL_ENTITY - Updating [entityName=UNKNOWN ENTITY [cardType=INVALID] id=37 zone=DECK zonePos=0 cardId= player=1] CardID=
D 22:09:45.2426695 PowerTaskList.DebugPrintPower() -         tag=ZONE value=DECK
D 22:09:45.2426695 PowerTaskList.DebugPrintPower() -         tag=CONTROLLER value=1
D 22:09:45.2426695 PowerTaskList.DebugPrintPower() -         tag=ENTITY_ID value=37
D 22:09:45.2426695 PowerTaskList.DebugPrintPower() -     FULL_ENTITY - Updating [entityName=UNKNOWN ENTITY [cardType=INVALID] id=38 zone=DECK zonePos=0 cardId= player=1] CardID=
D 22:09:45.2426695 PowerTaskList.DebugPrintPower() -         tag=ZONE value=DECK
D 22:09:45.2426695 PowerTaskList.DebugPrintPower() -         tag=CONTROLLER value=1
D 22:09:45.2426695 PowerTaskList.DebugPrintPower() -         tag=ENTITY_ID value=38
D 22:09:45.2426695 PowerTaskList.DebugPrintPower() -     FULL_ENTITY - Updating [entityName=UNKNOWN ENTITY [cardType=INVALID] id=39 zone=DECK zonePos=0 cardId= player=1] CardID=
D 22:09:45.2426695 PowerTaskList.DebugPrintPower() -         tag=ZONE value=DECK
D 22:09:45.2426695 PowerTaskList.DebugPrintPower() -         tag=CONTROLLER value=1
D 22:09:45.2426695 PowerTaskList.DebugPrintPower() -         tag=ENTITY_ID value=39
D 22:09:45.2426695 PowerTaskList.DebugPrintPower() -     FULL_ENTITY - Updating [entityName=UNKNOWN ENTITY [cardType=INVALID] id=40 zone=DECK zonePos=0 cardId= player=1] CardID=
D 22:09:45.2426695 PowerTaskList.DebugPrintPower() -         tag=ZONE value=DECK
D 22:09:45.2426695 PowerTaskList.DebugPrintPower() -         tag=CONTROLLER value=1
D 22:09:45.2426695 PowerTaskList.DebugPrintPower() -         tag=ENTITY_ID value=40
D 22:09:45.2426695 PowerTaskList.DebugPrintPower() -     FULL_ENTITY - Updating [entityName=UNKNOWN ENTITY [cardType=INVALID] id=41 zone=SETASIDE zonePos=0 cardId= player=1] CardID=
D 22:09:45.2426695 PowerTaskList.DebugPrintPower() -         tag=ZONE value=SETASIDE
D 22:09:45.2426695 PowerTaskList.DebugPrintPower() -         tag=CONTROLLER value=1
D 22:09:45.2426695 PowerTaskList.DebugPrintPower() -         tag=ENTITY_ID value=41
D 22:09:45.2426695 PowerTaskList.DebugPrintPower() -     FULL_ENTITY - Updating [entityName=UNKNOWN ENTITY [cardType=INVALID] id=42 zone=SETASIDE zonePos=0 cardId= player=1] CardID=
D 22:09:45.2426695 PowerTaskList.DebugPrintPower() -         tag=ZONE value=SETASIDE
D 22:09:45.2426695 PowerTaskList.DebugPrintPower() -         tag=CONTROLLER value=1
D 22:09:45.2426695 PowerTaskList.DebugPrintPower() -         tag=ENTITY_ID value=42
D 22:09:45.2426695 PowerTaskList.DebugPrintPower() -     FULL_ENTITY - Updating [entityName=UNKNOWN ENTITY [cardType=INVALID] id=43 zone=DECK zonePos=0 cardId= player=1] CardID=
D 22:09:45.2426695 PowerTaskList.DebugPrintPower() -         tag=ZONE value=DECK
D 22:09:45.2426695 PowerTaskList.DebugPrintPower() -         tag=CONTROLLER value=1
D 22:09:45.2426695 PowerTaskList.DebugPrintPower() -         tag=ENTITY_ID value=43
D 22:09:45.2426695 PowerTaskList.DebugPrintPower() -     FULL_ENTITY - Updating [entityName=UNKNOWN ENTITY [cardType=INVALID] id=44 zone=DECK zonePos=0 cardId= player=2] CardID=
D 22:09:45.2426695 PowerTaskList.DebugPrintPower() -         tag=ZONE value=DECK
D 22:09:45.2426695 PowerTaskList.DebugPrintPower() -         tag=CONTROLLER value=2
D 22:09:45.2426695 PowerTaskList.DebugPrintPower() -         tag=ENTITY_ID value=44
D 22:09:45.2426695 PowerTaskList.DebugPrintPower() -     FULL_ENTITY - Updating [entityName=UNKNOWN ENTITY [cardType=INVALID] id=45 zone=SETASIDE zonePos=0 cardId= player=2] CardID=
D 22:09:45.2426695 PowerTaskList.DebugPrintPower() -         tag=ZONE value=SETASIDE
D 22:09:45.2426695 PowerTaskList.DebugPrintPower() -         tag=CONTROLLER value=2
D 22:09:45.2426695 PowerTaskList.DebugPrintPower() -         tag=ENTITY_ID value=45
D 22:09:45.2426695 PowerTaskList.DebugPrintPower() -     FULL_ENTITY - Updating [entityName=UNKNOWN ENTITY [cardType=INVALID] id=46 zone=SETASIDE zonePos=0 cardId= player=2] CardID=
D 22:09:45.2426695 PowerTaskList.DebugPrintPower() -         tag=ZONE value=SETASIDE
D 22:09:45.2426695 PowerTaskList.DebugPrintPower() -         tag=CONTROLLER value=2
D 22:09:45.2426695 PowerTaskList.DebugPrintPower() -         tag=ENTITY_ID value=46
D 22:09:45.2426695 PowerTaskList.DebugPrintPower() -     FULL_ENTITY - Updating [entityName=UNKNOWN ENTITY [cardType=INVALID] id=47 zone=SETASIDE zonePos=0 cardId= player=2] CardID=
D 22:09:45.2426695 PowerTaskList.DebugPrintPower() -         tag=ZONE value=SETASIDE
D 22:09:45.2426695 PowerTaskList.DebugPrintPower() -         tag=CONTROLLER value=2
D 22:09:45.2426695 PowerTaskList.DebugPrintPower() -         tag=ENTITY_ID value=47
D 22:09:45.2426695 PowerTaskList.DebugPrintPower() -     FULL_ENTITY - Updating [entityName=UNKNOWN ENTITY [cardType=INVALID] id=48 zone=DECK zonePos=0 cardId= player=2] CardID=
D 22:09:45.2426695 PowerTaskList.DebugPrintPower() -         tag=ZONE value=DECK
D 22:09:45.2426695 PowerTaskList.DebugPrintPower() -         tag=CONTROLLER value=2
D 22:09:45.2426695 PowerTaskList.DebugPrintPower() -         tag=ENTITY_ID value=48
D 22:09:45.2426695 PowerTaskList.DebugPrintPower() -     FULL_ENTITY - Updating [entityName=UNKNOWN ENTITY [cardType=INVALID] id=49 zone=DECK zonePos=0 cardId= player=2] CardID=
D 22:09:45.2426695 PowerTaskList.DebugPrintPower() -         tag=ZONE value=DECK
D 22:09:45.2426695 PowerTaskList.DebugPrintPower() -         tag=CONTROLLER value=2
D 22:09:45.2426695 PowerTaskList.DebugPrintPower() -         tag=ENTITY_ID value=49
D 22:09:45.2426695 PowerTaskList.DebugPrintPower() -     FULL_ENTITY - Updating [entityName=UNKNOWN ENTITY [cardType=INVALID] id=50 zone=DECK zonePos=0 cardId= player=2] CardID=
D 22:09:45.2426695 PowerTaskList.DebugPrintPower() -         tag=ZONE value=DECK
D 22:09:45.2426695 PowerTaskList.DebugPrintPower() -         tag=CONTROLLER value=2
D 22:09:45.2426695 PowerTaskList.DebugPrintPower() -         tag=ENTITY_ID value=50
D 22:09:45.2426695 PowerTaskList.DebugPrintPower() -     FULL_ENTITY - Updating [entityName=UNKNOWN ENTITY [cardType=INVALID] id=51 zone=DECK zonePos=0 cardId= player=2] CardID=
D 22:09:45.2426695 PowerTaskList.DebugPrintPower() -         tag=ZONE value=DECK
D 22:09:45.2426695 PowerTaskList.DebugPrintPower() -         tag=CONTROLLER value=2
D 22:09:45.2426695 PowerTaskList.DebugPrintPower() -         tag=ENTITY_ID value=51
D 22:09:45.2426695 PowerTaskList.DebugPrintPower() -     FULL_ENTITY - Updating [entityName=UNKNOWN ENTITY [cardType=INVALID] id=52 zone=DECK zonePos=0 cardId= player=2] CardID=
D 22:09:45.2426695 PowerTaskList.DebugPrintPower() -         tag=ZONE value=DECK
D 22:09:45.2426695 PowerTaskList.DebugPrintPower() -         tag=CONTROLLER value=2
D 22:09:45.2426695 PowerTaskList.DebugPrintPower() -         tag=ENTITY_ID value=52
D 22:09:45.2426695 PowerTaskList.DebugPrintPower() -     FULL_ENTITY - Updating [entityName=UNKNOWN ENTITY [cardType=INVALID] id=53 zone=DECK zonePos=0 cardId= player=2] CardID=
D 22:09:45.2426695 PowerTaskList.DebugPrintPower() -         tag=ZONE value=DECK
D 22:09:45.2426695 PowerTaskList.DebugPrintPower() -         tag=CONTROLLER value=2
D 22:09:45.2426695 PowerTaskList.DebugPrintPower() -         tag=ENTITY_ID value=53
D 22:09:45.2426695 PowerTaskList.DebugPrintPower() -     FULL_ENTITY - Updating [entityName=UNKNOWN ENTITY [cardType=INVALID] id=54 zone=DECK zonePos=0 cardId= player=2] CardID=
D 22:09:45.2426695 PowerTaskList.DebugPrintPower() -         tag=ZONE value=DECK
D 22:09:45.2426695 PowerTaskList.DebugPrintPower() -         tag=CONTROLLER value=2
D 22:09:45.2426695 PowerTaskList.DebugPrintPower() -         tag=ENTITY_ID value=54
D 22:09:45.2426695 PowerTaskList.DebugPrintPower() -     FULL_ENTITY - Updating [entityName=UNKNOWN ENTITY [cardType=INVALID] id=55 zone=DECK zonePos=0 cardId= player=2] CardID=
D 22:09:45.2426695 PowerTaskList.DebugPrintPower() -         tag=ZONE value=DECK
D 22:09:45.2426695 PowerTaskList.DebugPrintPower() -         tag=CONTROLLER value=2
D 22:09:45.2426695 PowerTaskList.DebugPrintPower() -         tag=ENTITY_ID value=55
D 22:09:45.2426695 PowerTaskList.DebugPrintPower() -     FULL_ENTITY - Updating [entityName=UNKNOWN ENTITY [cardType=INVALID] id=56 zone=DECK zonePos=0 cardId= player=2] CardID=
D 22:09:45.2426695 PowerTaskList.DebugPrintPower() -         tag=ZONE value=DECK
D 22:09:45.2426695 PowerTaskList.DebugPrintPower() -         tag=CONTROLLER value=2
D 22:09:45.2426695 PowerTaskList.DebugPrintPower() -         tag=ENTITY_ID value=56
D 22:09:45.2426695 PowerTaskList.DebugPrintPower() -     FULL_ENTITY - Updating [entityName=UNKNOWN ENTITY [cardType=INVALID] id=57 zone=DECK zonePos=0 cardId= player=2] CardID=
D 22:09:45.2426695 PowerTaskList.DebugPrintPower() -         tag=ZONE value=DECK
D 22:09:45.2426695 PowerTaskList.DebugPrintPower() -         tag=CONTROLLER value=2
D 22:09:45.2426695 PowerTaskList.DebugPrintPower() -         tag=ENTITY_ID value=57
D 22:09:45.2426695 PowerTaskList.DebugPrintPower() -     FULL_ENTITY - Updating [entityName=UNKNOWN ENTITY [cardType=INVALID] id=58 zone=DECK zonePos=0 cardId= player=2] CardID=
D 22:09:45.2426695 PowerTaskList.DebugPrintPower() -         tag=ZONE value=DECK
D 22:09:45.2426695 PowerTaskList.DebugPrintPower() -         tag=CONTROLLER value=2
D 22:09:45.2426695 PowerTaskList.DebugPrintPower() -         tag=ENTITY_ID value=58
D 22:09:45.2426695 PowerTaskList.DebugPrintPower() -     FULL_ENTITY - Updating [entityName=UNKNOWN ENTITY [cardType=INVALID] id=59 zone=DECK zonePos=0 cardId= player=2] CardID=
D 22:09:45.2426695 PowerTaskList.DebugPrintPower() -         tag=ZONE value=DECK
D 22:09:45.2426695 PowerTaskList.DebugPrintPower() -         tag=CONTROLLER value=2
D 22:09:45.2426695 PowerTaskList.DebugPrintPower() -         tag=ENTITY_ID value=59
D 22:09:45.2426695 PowerTaskList.DebugPrintPower() -     FULL_ENTITY - Updating [entityName=UNKNOWN ENTITY [cardType=INVALID] id=60 zone=DECK zonePos=0 cardId= player=2] CardID=
D 22:09:45.2426695 PowerTaskList.DebugPrintPower() -         tag=ZONE value=DECK
D 22:09:45.2426695 PowerTaskList.DebugPrintPower() -         tag=CONTROLLER value=2
D 22:09:45.2426695 PowerTaskList.DebugPrintPower() -         tag=ENTITY_ID value=60
D 22:09:45.2426695 PowerTaskList.DebugPrintPower() -     FULL_ENTITY - Updating [entityName=UNKNOWN ENTITY [cardType=INVALID] id=61 zone=DECK zonePos=0 cardId= player=2] CardID=
D 22:09:45.2426695 PowerTaskList.DebugPrintPower() -         tag=ZONE value=DECK
D 22:09:45.2426695 PowerTaskList.DebugPrintPower() -         tag=CONTROLLER value=2
D 22:09:45.2426695 PowerTaskList.DebugPrintPower() -         tag=ENTITY_ID value=61
D 22:09:45.2426695 PowerTaskList.DebugPrintPower() -     FULL_ENTITY - Updating [entityName=UNKNOWN ENTITY [cardType=INVALID] id=62 zone=DECK zonePos=0 cardId= player=2] CardID=
D 22:09:45.2426695 PowerTaskList.DebugPrintPower() -         tag=ZONE value=DECK
D 22:09:45.2426695 PowerTaskList.DebugPrintPower() -         tag=CONTROLLER value=2
D 22:09:45.2426695 PowerTaskList.DebugPrintPower() -         tag=ENTITY_ID value=62
D 22:09:45.2426695 PowerTaskList.DebugPrintPower() -     FULL_ENTITY - Updating [entityName=UNKNOWN ENTITY [cardType=INVALID] id=63 zone=DECK zonePos=0 cardId= player=2] CardID=
D 22:09:45.2426695 PowerTaskList.DebugPrintPower() -         tag=ZONE value=DECK
D 22:09:45.2426695 PowerTaskList.DebugPrintPower() -         tag=CONTROLLER value=2
D 22:09:45.2426695 PowerTaskList.DebugPrintPower() -         tag=ENTITY_ID value=63
D 22:09:45.2426695 PowerTaskList.DebugPrintPower() -     FULL_ENTITY - Updating [entityName=UNKNOWN ENTITY [cardType=INVALID] id=64 zone=DECK zonePos=0 cardId= player=2] CardID=
D 22:09:45.2426695 PowerTaskList.DebugPrintPower() -         tag=ZONE value=DECK
D 22:09:45.2426695 PowerTaskList.DebugPrintPower() -         tag=CONTROLLER value=2
D 22:09:45.2426695 PowerTaskList.DebugPrintPower() -         tag=ENTITY_ID value=64
D 22:09:45.2426695 PowerTaskList.DebugPrintPower() -     FULL_ENTITY - Updating [entityName=UNKNOWN ENTITY [cardType=INVALID] id=65 zone=DECK zonePos=0 cardId= player=2] CardID=
D 22:09:45.2426695 PowerTaskList.DebugPrintPower() -         tag=ZONE value=DECK
D 22:09:45.2426695 PowerTaskList.DebugPrintPower() -         tag=CONTROLLER value=2
D 22:09:45.2426695 PowerTaskList.DebugPrintPower() -         tag=ENTITY_ID value=65
D 22:09:45.2426695 PowerTaskList.DebugPrintPower() -     FULL_ENTITY - Updating [entityName=UNKNOWN ENTITY [cardType=INVALID] id=66 zone=DECK zonePos=0 cardId= player=2] CardID=
D 22:09:45.2426695 PowerTaskList.DebugPrintPower() -         tag=ZONE value=DECK
D 22:09:45.2426695 PowerTaskList.DebugPrintPower() -         tag=CONTROLLER value=2
D 22:09:45.2426695 PowerTaskList.DebugPrintPower() -         tag=ENTITY_ID value=66
D 22:09:45.2426695 PowerTaskList.DebugPrintPower() -     FULL_ENTITY - Updating [entityName=UNKNOWN ENTITY [cardType=INVALID] id=67 zone=DECK zonePos=0 cardId= player=2] CardID=
D 22:09:45.2426695 PowerTaskList.DebugPrintPower() -         tag=ZONE value=DECK
D 22:09:45.2426695 PowerTaskList.DebugPrintPower() -         tag=CONTROLLER value=2
D 22:09:45.2426695 PowerTaskList.DebugPrintPower() -         tag=ENTITY_ID value=67
D 22:09:45.2426695 PowerTaskList.DebugPrintPower() -     FULL_ENTITY - Updating [entityName=UNKNOWN ENTITY [cardType=INVALID] id=68 zone=DECK zonePos=0 cardId= player=2] CardID=
D 22:09:45.2426695 PowerTaskList.DebugPrintPower() -         tag=ZONE value=DECK
D 22:09:45.2426695 PowerTaskList.DebugPrintPower() -         tag=CONTROLLER value=2
D 22:09:45.2426695 PowerTaskList.DebugPrintPower() -         tag=ENTITY_ID value=68
D 22:09:45.2426695 PowerTaskList.DebugPrintPower() -     FULL_ENTITY - Updating [entityName=UNKNOWN ENTITY [cardType=INVALID] id=69 zone=DECK zonePos=0 cardId= player=2] CardID=
D 22:09:45.2426695 PowerTaskList.DebugPrintPower() -         tag=ZONE value=DECK
D 22:09:45.2426695 PowerTaskList.DebugPrintPower() -         tag=CONTROLLER value=2
D 22:09:45.2426695 PowerTaskList.DebugPrintPower() -         tag=ENTITY_ID value=69
D 22:09:45.2426695 PowerTaskList.DebugPrintPower() -     FULL_ENTITY - Updating [entityName=UNKNOWN ENTITY [cardType=INVALID] id=70 zone=DECK zonePos=0 cardId= player=2] CardID=
D 22:09:45.2426695 PowerTaskList.DebugPrintPower() -         tag=ZONE value=DECK
D 22:09:45.2426695 PowerTaskList.DebugPrintPower() -         tag=CONTROLLER value=2
D 22:09:45.2426695 PowerTaskList.DebugPrintPower() -         tag=ENTITY_ID value=70
D 22:09:45.2426695 PowerTaskList.DebugPrintPower() -     FULL_ENTITY - Updating [entityName=UNKNOWN ENTITY [cardType=INVALID] id=71 zone=DECK zonePos=0 cardId= player=2] CardID=
D 22:09:45.2426695 PowerTaskList.DebugPrintPower() -         tag=ZONE value=DECK
D 22:09:45.2426695 PowerTaskList.DebugPrintPower() -         tag=CONTROLLER value=2
D 22:09:45.2426695 PowerTaskList.DebugPrintPower() -         tag=ENTITY_ID value=71
D 22:09:45.2426695 PowerTaskList.DebugPrintPower() -     FULL_ENTITY - Updating [entityName=UNKNOWN ENTITY [cardType=INVALID] id=72 zone=DECK zonePos=0 cardId= player=2] CardID=
D 22:09:45.2426695 PowerTaskList.DebugPrintPower() -         tag=ZONE value=DECK
D 22:09:45.2426695 PowerTaskList.DebugPrintPower() -         tag=CONTROLLER value=2
D 22:09:45.2426695 PowerTaskList.DebugPrintPower() -         tag=ENTITY_ID value=72
D 22:09:45.2426695 PowerTaskList.DebugPrintPower() -     FULL_ENTITY - Updating [entityName=UNKNOWN ENTITY [cardType=INVALID] id=73 zone=DECK zonePos=0 cardId= player=2] CardID=
D 22:09:45.2426695 PowerTaskList.DebugPrintPower() -         tag=ZONE value=DECK
D 22:09:45.2426695 PowerTaskList.DebugPrintPower() -         tag=CONTROLLER value=2
D 22:09:45.2426695 PowerTaskList.DebugPrintPower() -         tag=ENTITY_ID value=73
D 22:09:45.2426695 PowerTaskList.DebugPrintPower() -     FULL_ENTITY - Updating [entityName=UNKNOWN ENTITY [cardType=INVALID] id=74 zone=DECK zonePos=0 cardId= player=2] CardID=
D 22:09:45.2426695 PowerTaskList.DebugPrintPower() -         tag=ZONE value=DECK
D 22:09:45.2426695 PowerTaskList.DebugPrintPower() -         tag=CONTROLLER value=2
D 22:09:45.2426695 PowerTaskList.DebugPrintPower() -         tag=ENTITY_ID value=74
D 22:09:45.2426695 PowerTaskList.DebugPrintPower() -     FULL_ENTITY - Updating [entityName=UNKNOWN ENTITY [cardType=INVALID] id=75 zone=DECK zonePos=0 cardId= player=2] CardID=
D 22:09:45.2426695 PowerTaskList.DebugPrintPower() -         tag=ZONE value=DECK
D 22:09:45.2426695 PowerTaskList.DebugPrintPower() -         tag=CONTROLLER value=2
D 22:09:45.2426695 PowerTaskList.DebugPrintPower() -         tag=ENTITY_ID value=75
D 22:09:45.2426695 PowerTaskList.DebugPrintPower() -     FULL_ENTITY - Updating [entityName=UNKNOWN ENTITY [cardType=INVALID] id=76 zone=DECK zonePos=0 cardId= player=2] CardID=
D 22:09:45.2426695 PowerTaskList.DebugPrintPower() -         tag=ZONE value=DECK
D 22:09:45.2426695 PowerTaskList.DebugPrintPower() -         tag=CONTROLLER value=2
D 22:09:45.2426695 PowerTaskList.DebugPrintPower() -         tag=ENTITY_ID value=76
D 22:09:45.2426695 PowerTaskList.DebugPrintPower() -     FULL_ENTITY - Updating [entityName=UNKNOWN ENTITY [cardType=INVALID] id=77 zone=DECK zonePos=0 cardId= player=2] CardID=
D 22:09:45.2426695 PowerTaskList.DebugPrintPower() -         tag=ZONE value=DECK
D 22:09:45.2426695 PowerTaskList.DebugPrintPower() -         tag=CONTROLLER value=2
D 22:09:45.2426695 PowerTaskList.DebugPrintPower() -         tag=ENTITY_ID value=77
D 22:09:45.2426695 PowerTaskList.DebugPrintPower() -     FULL_ENTITY - Updating [entityName=UNKNOWN ENTITY [cardType=INVALID] id=78 zone=DECK zonePos=0 cardId= player=2] CardID=
D 22:09:45.2426695 PowerTaskList.DebugPrintPower() -         tag=ZONE value=DECK
D 22:09:45.2426695 PowerTaskList.DebugPrintPower() -         tag=CONTROLLER value=2
D 22:09:45.2426695 PowerTaskList.DebugPrintPower() -         tag=ENTITY_ID value=78
D 22:09:45.2426695 PowerTaskList.DebugPrintPower() -     FULL_ENTITY - Updating [entityName=UNKNOWN ENTITY [cardType=INVALID] id=79 zone=DECK zonePos=0 cardId= player=2] CardID=
D 22:09:45.2426695 PowerTaskList.DebugPrintPower() -         tag=ZONE value=DECK
D 22:09:45.2426695 PowerTaskList.DebugPrintPower() -         tag=CONTROLLER value=2
D 22:09:45.2426695 PowerTaskList.DebugPrintPower() -         tag=ENTITY_ID value=79
D 22:09:45.2426695 PowerTaskList.DebugPrintPower() -     FULL_ENTITY - Updating [entityName=UNKNOWN ENTITY [cardType=INVALID] id=80 zone=DECK zonePos=0 cardId= player=2] CardID=
D 22:09:45.2426695 PowerTaskList.DebugPrintPower() -         tag=ZONE value=DECK
D 22:09:45.2426695 PowerTaskList.DebugPrintPower() -         tag=CONTROLLER value=2
D 22:09:45.2426695 PowerTaskList.DebugPrintPower() -         tag=ENTITY_ID value=80
D 22:09:45.2426695 PowerTaskList.DebugPrintPower() -     FULL_ENTITY - Updating [entityName=UNKNOWN ENTITY [cardType=INVALID] id=81 zone=DECK zonePos=0 cardId= player=2] CardID=
D 22:09:45.2426695 PowerTaskList.DebugPrintPower() -         tag=ZONE value=DECK
D 22:09:45.2426695 PowerTaskList.DebugPrintPower() -         tag=CONTROLLER value=2
D 22:09:45.2426695 PowerTaskList.DebugPrintPower() -         tag=ENTITY_ID value=81
D 22:09:45.2426695 PowerTaskList.DebugPrintPower() -     FULL_ENTITY - Updating [entityName=UNKNOWN ENTITY [cardType=INVALID] id=82 zone=DECK zonePos=0 cardId= player=2] CardID=
D 22:09:45.2426695 PowerTaskList.DebugPrintPower() -         tag=ZONE value=DECK
D 22:09:45.2426695 PowerTaskList.DebugPrintPower() -         tag=CONTROLLER value=2
D 22:09:45.2426695 PowerTaskList.DebugPrintPower() -         tag=ENTITY_ID value=82
D 22:09:45.2426695 PowerTaskList.DebugPrintPower() -     FULL_ENTITY - Updating [entityName=UNKNOWN ENTITY [cardType=INVALID] id=83 zone=DECK zonePos=0 cardId= player=2] CardID=
D 22:09:45.2426695 PowerTaskList.DebugPrintPower() -         tag=ZONE value=DECK
D 22:09:45.2426695 PowerTaskList.DebugPrintPower() -         tag=CONTROLLER value=2
D 22:09:45.2426695 PowerTaskList.DebugPrintPower() -         tag=ENTITY_ID value=83
D 22:09:45.2426695 PowerTaskList.DebugPrintPower() -     FULL_ENTITY - Updating [entityName=UNKNOWN ENTITY [cardType=INVALID] id=84 zone=DECK zonePos=0 cardId= player=2] CardID=
D 22:09:45.2426695 PowerTaskList.DebugPrintPower() -         tag=ZONE value=DECK
D 22:09:45.2426695 PowerTaskList.DebugPrintPower() -         tag=CONTROLLER value=2
D 22:09:45.2426695 PowerTaskList.DebugPrintPower() -         tag=ENTITY_ID value=84
D 22:09:45.2426695 PowerTaskList.DebugPrintPower() -     FULL_ENTITY - Updating [entityName=UNKNOWN ENTITY [cardType=INVALID] id=85 zone=DECK zonePos=0 cardId= player=2] CardID=
D 22:09:45.2426695 PowerTaskList.DebugPrintPower() -         tag=ZONE value=DECK
D 22:09:45.2426695 PowerTaskList.DebugPrintPower() -         tag=CONTROLLER value=2
D 22:09:45.2426695 PowerTaskList.DebugPrintPower() -         tag=ENTITY_ID value=85
D 22:09:45.2426695 PowerTaskList.DebugPrintPower() -     FULL_ENTITY - Updating [entityName=UNKNOWN ENTITY [cardType=INVALID] id=86 zone=DECK zonePos=0 cardId= player=2] CardID=
D 22:09:45.2426695 PowerTaskList.DebugPrintPower() -         tag=ZONE value=DECK
D 22:09:45.2426695 PowerTaskList.DebugPrintPower() -         tag=CONTROLLER value=2
D 22:09:45.2426695 PowerTaskList.DebugPrintPower() -         tag=ENTITY_ID value=86
D 22:09:45.2426695 PowerTaskList.DebugPrintPower() -     FULL_ENTITY - Updating [entityName=UNKNOWN ENTITY [cardType=INVALID] id=87 zone=SETASIDE zonePos=0 cardId= player=2] CardID=
D 22:09:45.2426695 PowerTaskList.DebugPrintPower() -         tag=ZONE value=SETASIDE
D 22:09:45.2426695 PowerTaskList.DebugPrintPower() -         tag=CONTROLLER value=2
D 22:09:45.2426695 PowerTaskList.DebugPrintPower() -         tag=ENTITY_ID value=87
D 22:09:45.2426695 PowerTaskList.DebugPrintPower() -     FULL_ENTITY - Updating [entityName=UNKNOWN ENTITY [cardType=INVALID] id=88 zone=SETASIDE zonePos=0 cardId= player=2] CardID=
D 22:09:45.2426695 PowerTaskList.DebugPrintPower() -         tag=ZONE value=SETASIDE
D 22:09:45.2426695 PowerTaskList.DebugPrintPower() -         tag=CONTROLLER value=2
D 22:09:45.2426695 PowerTaskList.DebugPrintPower() -         tag=ENTITY_ID value=88
D 22:09:45.2426695 PowerTaskList.DebugPrintPower() -     FULL_ENTITY - Updating [entityName=UNKNOWN ENTITY [cardType=INVALID] id=89 zone=SETASIDE zonePos=0 cardId= player=2] CardID=
D 22:09:45.2426695 PowerTaskList.DebugPrintPower() -         tag=ZONE value=SETASIDE
D 22:09:45.2426695 PowerTaskList.DebugPrintPower() -         tag=CONTROLLER value=2
D 22:09:45.2426695 PowerTaskList.DebugPrintPower() -         tag=ENTITY_ID value=89
D 22:09:45.2426695 PowerTaskList.DebugPrintPower() -     FULL_ENTITY - Updating [entityName=嘲风望月露娜拉 id=90 zone=PLAY zonePos=0 cardId=HERO_06bi player=1] CardID=HERO_06bi
D 22:09:45.2426695 PowerTaskList.DebugPrintPower() -         tag=CONTROLLER value=1
D 22:09:45.2426695 PowerTaskList.DebugPrintPower() -         tag=CARDTYPE value=HERO
D 22:09:45.2426695 PowerTaskList.DebugPrintPower() -         tag=HEALTH value=30
D 22:09:45.2426695 PowerTaskList.DebugPrintPower() -         tag=PREMIUM value=1
D 22:09:45.2426695 PowerTaskList.DebugPrintPower() -         tag=ZONE value=PLAY
D 22:09:45.2426695 PowerTaskList.DebugPrintPower() -         tag=ENTITY_ID value=90
D 22:09:45.2426695 PowerTaskList.DebugPrintPower() -         tag=CLASS value=DRUID
D 22:09:45.2426695 PowerTaskList.DebugPrintPower() -         tag=FACTION value=NEUTRAL
D 22:09:45.2426695 PowerTaskList.DebugPrintPower() -         tag=RARITY value=FREE
D 22:09:45.2426695 PowerTaskList.DebugPrintPower() -         tag=HERO_POWER value=66926
D 22:09:45.2426695 PowerTaskList.DebugPrintPower() -         tag=HIDE_WATERMARK value=1
D 22:09:45.2426695 PowerTaskList.DebugPrintPower() -         tag=SPAWN_TIME_COUNT value=1
D 22:09:45.2426695 PowerTaskList.DebugPrintPower() -         tag=EMOTECHARACTER value=20
D 22:09:45.2426695 PowerTaskList.DebugPrintPower() -         tag=HAS_ACTIVATE_POWER value=1
D 22:09:45.2426695 PowerTaskList.DebugPrintPower() -         tag=EMOTECLASS value=6
D 22:09:45.2426695 PowerTaskList.DebugPrintPower() -         tag=3085 value=30
D 22:09:45.2426695 PowerTaskList.DebugPrintPower() -     FULL_ENTITY - Updating [entityName=变形 id=91 zone=PLAY zonePos=0 cardId=HERO_06ebp player=1] CardID=HERO_06ebp
D 22:09:45.2426695 PowerTaskList.DebugPrintPower() -         tag=CONTROLLER value=1
D 22:09:45.2426695 PowerTaskList.DebugPrintPower() -         tag=CARDTYPE value=HERO_POWER
D 22:09:45.2426695 PowerTaskList.DebugPrintPower() -         tag=TAG_LAST_KNOWN_COST_IN_HAND value=2
D 22:09:45.2426695 PowerTaskList.DebugPrintPower() -         tag=COST value=2
D 22:09:45.2426695 PowerTaskList.DebugPrintPower() -         tag=PREMIUM value=1
D 22:09:45.2426695 PowerTaskList.DebugPrintPower() -         tag=ZONE value=PLAY
D 22:09:45.2426695 PowerTaskList.DebugPrintPower() -         tag=ENTITY_ID value=91
D 22:09:45.2426695 PowerTaskList.DebugPrintPower() -         tag=CLASS value=DRUID
D 22:09:45.2426695 PowerTaskList.DebugPrintPower() -         tag=FACTION value=NEUTRAL
D 22:09:45.2426695 PowerTaskList.DebugPrintPower() -         tag=RARITY value=FREE
D 22:09:45.2426695 PowerTaskList.DebugPrintPower() -         tag=CREATOR value=90
D 22:09:45.2426695 PowerTaskList.DebugPrintPower() -         tag=1037 value=1
D 22:09:45.2426695 PowerTaskList.DebugPrintPower() -         tag=1086 value=66928
D 22:09:45.2426695 PowerTaskList.DebugPrintPower() -         tag=CREATOR_DBID value=123761
D 22:09:45.2426695 PowerTaskList.DebugPrintPower() -         tag=SPAWN_TIME_COUNT value=1
D 22:09:45.2426695 PowerTaskList.DebugPrintPower() -         tag=HAS_ACTIVATE_POWER value=1
D 22:09:45.2426695 PowerTaskList.DebugPrintPower() -     FULL_ENTITY - Updating [entityName=胜地古神恩佐斯 id=92 zone=PLAY zonePos=0 cardId=HERO_07at player=2] CardID=HERO_07at
D 22:09:45.2426695 PowerTaskList.DebugPrintPower() -         tag=CONTROLLER value=2
D 22:09:45.2426695 PowerTaskList.DebugPrintPower() -         tag=CARDTYPE value=HERO
D 22:09:45.2426695 PowerTaskList.DebugPrintPower() -         tag=HEALTH value=30
D 22:09:45.2426695 PowerTaskList.DebugPrintPower() -         tag=ZONE value=PLAY
D 22:09:45.2426695 PowerTaskList.DebugPrintPower() -         tag=ENTITY_ID value=92
D 22:09:45.2426695 PowerTaskList.DebugPrintPower() -         tag=CLASS value=WARLOCK
D 22:09:45.2426695 PowerTaskList.DebugPrintPower() -         tag=FACTION value=NEUTRAL
D 22:09:45.2426695 PowerTaskList.DebugPrintPower() -         tag=RARITY value=FREE
D 22:09:45.2426695 PowerTaskList.DebugPrintPower() -         tag=HERO_POWER value=66935
D 22:09:45.2426695 PowerTaskList.DebugPrintPower() -         tag=HIDE_WATERMARK value=1
D 22:09:45.2426695 PowerTaskList.DebugPrintPower() -         tag=SPAWN_TIME_COUNT value=1
D 22:09:45.2426695 PowerTaskList.DebugPrintPower() -         tag=EMOTECHARACTER value=49
D 22:09:45.2426695 PowerTaskList.DebugPrintPower() -         tag=HAS_ACTIVATE_POWER value=1
D 22:09:45.2426695 PowerTaskList.DebugPrintPower() -         tag=EMOTECLASS value=7
D 22:09:45.2426695 PowerTaskList.DebugPrintPower() -         tag=3085 value=30
D 22:09:45.2426695 PowerTaskList.DebugPrintPower() -     FULL_ENTITY - Updating [entityName=生命分流 id=93 zone=PLAY zonePos=0 cardId=HERO_07ebp player=2] CardID=HERO_07ebp
D 22:09:45.2426695 PowerTaskList.DebugPrintPower() -         tag=CONTROLLER value=2
D 22:09:45.2426695 PowerTaskList.DebugPrintPower() -         tag=CARDTYPE value=HERO_POWER
D 22:09:45.2426695 PowerTaskList.DebugPrintPower() -         tag=TAG_LAST_KNOWN_COST_IN_HAND value=2
D 22:09:45.2426695 PowerTaskList.DebugPrintPower() -         tag=COST value=2
D 22:09:45.2426695 PowerTaskList.DebugPrintPower() -         tag=ZONE value=PLAY
D 22:09:45.2426695 PowerTaskList.DebugPrintPower() -         tag=ENTITY_ID value=93
D 22:09:45.2426695 PowerTaskList.DebugPrintPower() -         tag=CLASS value=WARLOCK
D 22:09:45.2426695 PowerTaskList.DebugPrintPower() -         tag=FACTION value=NEUTRAL
D 22:09:45.2426695 PowerTaskList.DebugPrintPower() -         tag=RARITY value=FREE
D 22:09:45.2426695 PowerTaskList.DebugPrintPower() -         tag=CREATOR value=92
D 22:09:45.2426695 PowerTaskList.DebugPrintPower() -         tag=1037 value=2
D 22:09:45.2426695 PowerTaskList.DebugPrintPower() -         tag=1086 value=66936
D 22:09:45.2426695 PowerTaskList.DebugPrintPower() -         tag=CREATOR_DBID value=114324
D 22:09:45.2426695 PowerTaskList.DebugPrintPower() -         tag=SPAWN_TIME_COUNT value=1
D 22:09:45.2426695 PowerTaskList.DebugPrintPower() -         tag=HAS_ACTIVATE_POWER value=1
D 22:09:45.2426695 PowerTaskList.DebugPrintPower() -     TAG_CHANGE Entity=GameEntity tag=STATE value=RUNNING 
D 22:09:45.2426695 PowerTaskList.DebugPrintPower() -     TAG_CHANGE Entity=湫然#51704 tag=PLAYSTATE value=PLAYING 
D 22:09:45.2426695 PowerTaskList.DebugPrintPower() -     TAG_CHANGE Entity=UNKNOWN HUMAN PLAYER tag=PLAYSTATE value=PLAYING 
D 22:09:45.2426695 PowerTaskList.DebugDump() - Block End=(null)
D 22:09:45.2426695 PowerProcessor.PrepareHistoryForCurrentTaskList() - m_currentTaskList=1
D 22:09:45.3243081 GameState.DebugPrintPowerList() - Count=3
D 22:09:45.3243081 GameState.DebugPrintPower() - TAG_CHANGE Entity=GameEntity tag=STEP value=BEGIN_MULLIGAN 
D 22:09:45.3243081 GameState.DebugPrintPower() - BLOCK_START BlockType=TRIGGER Entity=GameEntity EffectCardId=System.Collections.Generic.List`1[System.String] EffectIndex=-1 Target=0 SubOption=-1 TriggerKeyword=TAG_NOT_SET
D 22:09:45.3243081 GameState.DebugPrintPower() -     TAG_CHANGE Entity=湫然#51704 tag=MULLIGAN_STATE value=INPUT 
D 22:09:45.3300847 GameState.DebugPrintEntityChoices() - id=1 Player=湫然#51704 TaskList=5 ChoiceType=MULLIGAN CountMin=0 CountMax=3
D 22:09:45.3300847 GameState.DebugPrintEntityChoices() -   Source=GameEntity
D 22:09:45.3300847 GameState.DebugPrintEntityChoices() -   Entities[0]=[entityName=UNKNOWN ENTITY [cardType=INVALID] id=28 zone=DECK zonePos=0 cardId= player=1]
D 22:09:45.3300847 GameState.DebugPrintEntityChoices() -   Entities[1]=[entityName=UNKNOWN ENTITY [cardType=INVALID] id=31 zone=DECK zonePos=0 cardId= player=1]
D 22:09:45.3300847 GameState.DebugPrintEntityChoices() -   Entities[2]=[entityName=UNKNOWN ENTITY [cardType=INVALID] id=39 zone=DECK zonePos=0 cardId= player=1]
D 22:09:45.3371073 GameState.DebugPrintPowerList() - Count=1
D 22:09:45.3371073 GameState.DebugPrintPower() - TAG_CHANGE Entity=加斯帕的礼物#5438 tag=MULLIGAN_STATE value=INPUT 
D 22:09:45.3444935 GameState.DebugPrintEntityChoices() - id=2 Player=加斯帕的礼物#5438 TaskList=6 ChoiceType=MULLIGAN CountMin=0 CountMax=5
D 22:09:45.3444935 GameState.DebugPrintEntityChoices() -   Source=GameEntity
D 22:09:45.3444935 GameState.DebugPrintEntityChoices() -   Entities[0]=[entityName=UNKNOWN ENTITY [cardType=INVALID] id=49 zone=DECK zonePos=0 cardId= player=2]
D 22:09:45.3444935 GameState.DebugPrintEntityChoices() -   Entities[1]=[entityName=UNKNOWN ENTITY [cardType=INVALID] id=51 zone=DECK zonePos=0 cardId= player=2]
D 22:09:45.3444935 GameState.DebugPrintEntityChoices() -   Entities[2]=[entityName=UNKNOWN ENTITY [cardType=INVALID] id=81 zone=DECK zonePos=0 cardId= player=2]
D 22:09:45.3444935 GameState.DebugPrintEntityChoices() -   Entities[3]=[entityName=UNKNOWN ENTITY [cardType=INVALID] id=80 zone=DECK zonePos=0 cardId= player=2]
D 22:09:45.3444935 GameState.DebugPrintEntityChoices() -   Entities[4]=[entityName=UNKNOWN ENTITY [cardType=INVALID] id=94 zone=HAND zonePos=5 cardId= player=2]
D 22:09:47.4439498 PowerProcessor.EndCurrentTaskList() - m_currentTaskList=1
D 22:09:47.4502599 PowerTaskList.DebugDump() - ID=2 ParentID=1 PreviousID=0 TaskCount=0
D 22:09:47.4502599 PowerTaskList.DebugPrintPower() - BLOCK_START BlockType=TRIGGER Entity=GameEntity EffectCardId=System.Collections.Generic.List`1[System.String] EffectIndex=6 Target=0 SubOption=-1 TriggerKeyword=TAG_NOT_SET
D 22:09:47.4502599 PowerTaskList.DebugPrintPower() - BLOCK_END
D 22:09:47.4502599 PowerProcessor.PrepareHistoryForCurrentTaskList() - m_currentTaskList=2
D 22:09:47.4502599 PowerProcessor.EndCurrentTaskList() - m_currentTaskList=2
D 22:09:47.4502599 PowerTaskList.DebugDump() - ID=3 ParentID=0 PreviousID=0 TaskCount=59
D 22:09:47.4502599 PowerTaskList.DebugPrintPower() - BLOCK_START BlockType=TRIGGER Entity=GameEntity EffectCardId=System.Collections.Generic.List`1[System.String] EffectIndex=-1 Target=0 SubOption=-1 TriggerKeyword=TAG_NOT_SET
D 22:09:47.4502599 PowerTaskList.DebugPrintPower() -     TAG_CHANGE Entity=湫然#51704 tag=CURRENT_PLAYER value=1 
D 22:09:47.4502599 PowerTaskList.DebugPrintPower() -     TAG_CHANGE Entity=湫然#51704 tag=FIRST_PLAYER value=1 
D 22:09:47.4502599 PowerTaskList.DebugPrintPower() -     TAG_CHANGE Entity=GameEntity tag=TURN value=1 
D 22:09:47.4502599 PowerTaskList.DebugPrintPower() -     TAG_CHANGE Entity=湫然#51704 tag=2166 value=28 
D 22:09:47.4502599 PowerTaskList.DebugPrintPower() -     TAG_CHANGE Entity=湫然#51704 tag=467 value=3 
D 22:09:47.4502599 PowerTaskList.DebugPrintPower() -     SHOW_ENTITY - Updating Entity=[entityName=UNKNOWN ENTITY [cardType=INVALID] id=28 zone=DECK zonePos=0 cardId= player=1] CardID=CS2_008
D 22:09:47.4502599 PowerTaskList.DebugPrintPower() -         tag=CONTROLLER value=1
D 22:09:47.4502599 PowerTaskList.DebugPrintPower() -         tag=CARDTYPE value=SPELL
D 22:09:47.4502599 PowerTaskList.DebugPrintPower() -         tag=PREMIUM value=1
D 22:09:47.4502599 PowerTaskList.DebugPrintPower() -         tag=ZONE value=HAND
D 22:09:47.4502599 PowerTaskList.DebugPrintPower() -         tag=ENTITY_ID value=28
D 22:09:47.4502599 PowerTaskList.DebugPrintPower() -         tag=CLASS value=DRUID
D 22:09:47.4502599 PowerTaskList.DebugPrintPower() -         tag=FACTION value=NEUTRAL
D 22:09:47.4502599 PowerTaskList.DebugPrintPower() -         tag=RARITY value=FREE
D 22:09:47.4502599 PowerTaskList.DebugPrintPower() -         tag=478 value=1
D 22:09:47.4502599 PowerTaskList.DebugPrintPower() -         tag=1043 value=1
D 22:09:47.4502599 PowerTaskList.DebugPrintPower() -         tag=1068 value=0
D 22:09:47.4502599 PowerTaskList.DebugPrintPower() -         tag=SPAWN_TIME_COUNT value=1
D 22:09:47.4502599 PowerTaskList.DebugPrintPower() -         tag=SPELL_SCHOOL value=1
D 22:09:47.4502599 PowerTaskList.DebugPrintPower() -     TAG_CHANGE Entity=[entityName=UNKNOWN ENTITY [cardType=INVALID] id=28 zone=DECK zonePos=0 cardId= player=1] tag=NUM_TURNS_IN_HAND value=1 
D 22:09:47.4502599 PowerTaskList.DebugPrintPower() -     TAG_CHANGE Entity=[entityName=UNKNOWN ENTITY [cardType=INVALID] id=28 zone=DECK zonePos=0 cardId= player=1] tag=ZONE_POSITION value=1 
D 22:09:47.4502599 PowerTaskList.DebugPrintPower() -     TAG_CHANGE Entity=[entityName=UNKNOWN ENTITY [cardType=INVALID] id=28 zone=DECK zonePos=0 cardId= player=1] tag=ZONE_POSITION value=0 
D 22:09:47.4502599 PowerTaskList.DebugPrintPower() -     TAG_CHANGE Entity=[entityName=UNKNOWN ENTITY [cardType=INVALID] id=28 zone=DECK zonePos=0 cardId= player=1] tag=ZONE_POSITION value=1 
D 22:09:47.4502599 PowerTaskList.DebugPrintPower() -     TAG_CHANGE Entity=湫然#51704 tag=2166 value=31 
D 22:09:47.4502599 PowerTaskList.DebugPrintPower() -     TAG_CHANGE Entity=湫然#51704 tag=467 value=2 
D 22:09:47.4502599 PowerTaskList.DebugPrintPower() -     SHOW_ENTITY - Updating Entity=[entityName=UNKNOWN ENTITY [cardType=INVALID] id=31 zone=DECK zonePos=0 cardId= player=1] CardID=CORE_AT_037
D 22:09:47.4502599 PowerTaskList.DebugPrintPower() -         tag=CONTROLLER value=1
D 22:09:47.4502599 PowerTaskList.DebugPrintPower() -         tag=CARDTYPE value=SPELL
D 22:09:47.4502599 PowerTaskList.DebugPrintPower() -         tag=TAG_LAST_KNOWN_COST_IN_HAND value=1
D 22:09:47.4502599 PowerTaskList.DebugPrintPower() -         tag=COST value=1
D 22:09:47.4502599 PowerTaskList.DebugPrintPower() -         tag=PREMIUM value=1
D 22:09:47.4502599 PowerTaskList.DebugPrintPower() -         tag=ZONE value=HAND
D 22:09:47.4502599 PowerTaskList.DebugPrintPower() -         tag=ENTITY_ID value=31
D 22:09:47.4502599 PowerTaskList.DebugPrintPower() -         tag=CLASS value=DRUID
D 22:09:47.4502599 PowerTaskList.DebugPrintPower() -         tag=RARITY value=COMMON
D 22:09:47.4502599 PowerTaskList.DebugPrintPower() -         tag=CHOOSE_ONE value=1
D 22:09:47.4502599 PowerTaskList.DebugPrintPower() -         tag=478 value=1
D 22:09:47.4502599 PowerTaskList.DebugPrintPower() -         tag=858 value=2792
D 22:09:47.4502599 PowerTaskList.DebugPrintPower() -         tag=1043 value=1
D 22:09:47.4502599 PowerTaskList.DebugPrintPower() -         tag=1068 value=0
D 22:09:47.4502599 PowerTaskList.DebugPrintPower() -         tag=SPAWN_TIME_COUNT value=1
D 22:09:47.4502599 PowerTaskList.DebugPrintPower() -         tag=SPELL_SCHOOL value=4
D 22:09:47.4502599 PowerTaskList.DebugPrintPower() -     SHOW_ENTITY - Updating Entity=[entityName=UNKNOWN ENTITY [cardType=INVALID] id=32 zone=SETASIDE zonePos=0 cardId= player=1] CardID=AT_037a
D 22:09:47.4502599 PowerTaskList.DebugPrintPower() -         tag=CONTROLLER value=1
D 22:09:47.4502599 PowerTaskList.DebugPrintPower() -         tag=CARDTYPE value=SPELL
D 22:09:47.4502599 PowerTaskList.DebugPrintPower() -         tag=TAG_LAST_KNOWN_COST_IN_HAND value=1
D 22:09:47.4502599 PowerTaskList.DebugPrintPower() -         tag=COST value=1
D 22:09:47.4502599 PowerTaskList.DebugPrintPower() -         tag=PREMIUM value=1
D 22:09:47.4502599 PowerTaskList.DebugPrintPower() -         tag=ZONE value=SETASIDE
D 22:09:47.4502599 PowerTaskList.DebugPrintPower() -         tag=ENTITY_ID value=32
D 22:09:47.4502599 PowerTaskList.DebugPrintPower() -         tag=CLASS value=DRUID
D 22:09:47.4502599 PowerTaskList.DebugPrintPower() -         tag=CREATOR value=31
D 22:09:47.4502599 PowerTaskList.DebugPrintPower() -         tag=PARENT_CARD value=31
D 22:09:47.4502599 PowerTaskList.DebugPrintPower() -         tag=1068 value=0
D 22:09:47.4502599 PowerTaskList.DebugPrintPower() -         tag=CREATOR_DBID value=76289
D 22:09:47.4502599 PowerTaskList.DebugPrintPower() -         tag=SPAWN_TIME_COUNT value=1
D 22:09:47.4502599 PowerTaskList.DebugPrintPower() -         tag=SPELL_SCHOOL value=4
D 22:09:47.4502599 PowerTaskList.DebugPrintPower() -         tag=4901 value=0
D 22:09:47.4502599 PowerTaskList.DebugPrintPower() -     SHOW_ENTITY - Updating Entity=[entityName=UNKNOWN ENTITY [cardType=INVALID] id=33 zone=SETASIDE zonePos=0 cardId= player=1] CardID=AT_037b
D 22:09:47.4502599 PowerTaskList.DebugPrintPower() -         tag=CONTROLLER value=1
D 22:09:47.4502599 PowerTaskList.DebugPrintPower() -         tag=CARDTYPE value=SPELL
D 22:09:47.4502599 PowerTaskList.DebugPrintPower() -         tag=TAG_LAST_KNOWN_COST_IN_HAND value=1
D 22:09:47.4502599 PowerTaskList.DebugPrintPower() -         tag=COST value=1
D 22:09:47.4502599 PowerTaskList.DebugPrintPower() -         tag=PREMIUM value=1
D 22:09:47.4502599 PowerTaskList.DebugPrintPower() -         tag=ZONE value=SETASIDE
D 22:09:47.4502599 PowerTaskList.DebugPrintPower() -         tag=ENTITY_ID value=33
D 22:09:47.4502599 PowerTaskList.DebugPrintPower() -         tag=CLASS value=DRUID
D 22:09:47.4502599 PowerTaskList.DebugPrintPower() -         tag=CREATOR value=31
D 22:09:47.4502599 PowerTaskList.DebugPrintPower() -         tag=PARENT_CARD value=31
D 22:09:47.4502599 PowerTaskList.DebugPrintPower() -         tag=1068 value=0
D 22:09:47.4502599 PowerTaskList.DebugPrintPower() -         tag=CREATOR_DBID value=76289
D 22:09:47.4502599 PowerTaskList.DebugPrintPower() -         tag=SPAWN_TIME_COUNT value=1
D 22:09:47.4502599 PowerTaskList.DebugPrintPower() -         tag=SPELL_SCHOOL value=4
D 22:09:47.4502599 PowerTaskList.DebugPrintPower() -         tag=4901 value=0
D 22:09:47.4502599 PowerTaskList.DebugPrintPower() -     TAG_CHANGE Entity=[entityName=UNKNOWN ENTITY [cardType=INVALID] id=31 zone=DECK zonePos=0 cardId= player=1] tag=NUM_TURNS_IN_HAND value=1 
D 22:09:47.4502599 PowerTaskList.DebugPrintPower() -     TAG_CHANGE Entity=[entityName=UNKNOWN ENTITY [cardType=INVALID] id=31 zone=DECK zonePos=0 cardId= player=1] tag=ZONE_POSITION value=2 
D 22:09:47.4502599 PowerTaskList.DebugPrintPower() -     TAG_CHANGE Entity=[entityName=UNKNOWN ENTITY [cardType=INVALID] id=31 zone=DECK zonePos=0 cardId= player=1] tag=ZONE_POSITION value=0 
D 22:09:47.4502599 PowerTaskList.DebugPrintPower() -     TAG_CHANGE Entity=[entityName=UNKNOWN ENTITY [cardType=INVALID] id=31 zone=DECK zonePos=0 cardId= player=1] tag=ZONE_POSITION value=2 
D 22:09:47.4502599 PowerTaskList.DebugPrintPower() -     TAG_CHANGE Entity=湫然#51704 tag=2166 value=39 
D 22:09:47.4502599 PowerTaskList.DebugPrintPower() -     TAG_CHANGE Entity=湫然#51704 tag=467 value=1 
D 22:09:47.4502599 PowerTaskList.DebugPrintPower() -     SHOW_ENTITY - Updating Entity=[entityName=UNKNOWN ENTITY [cardType=INVALID] id=39 zone=DECK zonePos=0 cardId= player=1] CardID=TIME_701
D 22:09:47.4502599 PowerTaskList.DebugPrintPower() -         tag=CONTROLLER value=1
D 22:09:47.4502599 PowerTaskList.DebugPrintPower() -         tag=CARDTYPE value=SPELL
D 22:09:47.4502599 PowerTaskList.DebugPrintPower() -         tag=TAG_LAST_KNOWN_COST_IN_HAND value=1
D 22:09:47.4502599 PowerTaskList.DebugPrintPower() -         tag=COST value=1
D 22:09:47.4502599 PowerTaskList.DebugPrintPower() -         tag=ZONE value=HAND
D 22:09:47.4502599 PowerTaskList.DebugPrintPower() -         tag=ENTITY_ID value=39
D 22:09:47.4502599 PowerTaskList.DebugPrintPower() -         tag=CLASS value=DRUID
D 22:09:47.4502599 PowerTaskList.DebugPrintPower() -         tag=RARITY value=RARE
D 22:09:47.4502599 PowerTaskList.DebugPrintPower() -         tag=DISCOVER value=1
D 22:09:47.4502599 PowerTaskList.DebugPrintPower() -         tag=478 value=1
D 22:09:47.4502599 PowerTaskList.DebugPrintPower() -         tag=1043 value=1
D 22:09:47.4502599 PowerTaskList.DebugPrintPower() -         tag=1068 value=0
D 22:09:47.4502599 PowerTaskList.DebugPrintPower() -         tag=USE_DISCOVER_VISUALS value=1
D 22:09:47.4502599 PowerTaskList.DebugPrintPower() -         tag=SPAWN_TIME_COUNT value=1
D 22:09:47.4502599 PowerTaskList.DebugPrintPower() -         tag=SPELL_SCHOOL value=4
D 22:09:47.4502599 PowerTaskList.DebugPrintPower() -     TAG_CHANGE Entity=[entityName=UNKNOWN ENTITY [cardType=INVALID] id=39 zone=DECK zonePos=0 cardId= player=1] tag=NUM_TURNS_IN_HAND value=1 
D 22:09:47.4502599 PowerTaskList.DebugPrintPower() -     TAG_CHANGE Entity=[entityName=UNKNOWN ENTITY [cardType=INVALID] id=39 zone=DECK zonePos=0 cardId= player=1] tag=ZONE_POSITION value=3 
D 22:09:47.4502599 PowerTaskList.DebugPrintPower() -     TAG_CHANGE Entity=[entityName=UNKNOWN ENTITY [cardType=INVALID] id=39 zone=DECK zonePos=0 cardId= player=1] tag=ZONE_POSITION value=0 
D 22:09:47.4502599 PowerTaskList.DebugPrintPower() -     TAG_CHANGE Entity=[entityName=UNKNOWN ENTITY [cardType=INVALID] id=39 zone=DECK zonePos=0 cardId= player=1] tag=ZONE_POSITION value=3 
D 22:09:47.4502599 PowerTaskList.DebugPrintPower() -     TAG_CHANGE Entity=湫然#51704 tag=467 value=0 
D 22:09:47.4502599 PowerTaskList.DebugPrintPower() -     TAG_CHANGE Entity=湫然#51704 tag=NUM_TURNS_LEFT value=1 
D 22:09:47.4502599 PowerTaskList.DebugPrintPower() -     TAG_CHANGE Entity=加斯帕的礼物#5438 tag=2166 value=49 
D 22:09:47.4502599 PowerTaskList.DebugPrintPower() -     TAG_CHANGE Entity=加斯帕的礼物#5438 tag=467 value=4 
D 22:09:47.4502599 PowerTaskList.DebugPrintPower() -     TAG_CHANGE Entity=[entityName=UNKNOWN ENTITY [cardType=INVALID] id=49 zone=DECK zonePos=0 cardId= player=2] tag=ZONE value=HAND 
D 22:09:47.4502599 PowerTaskList.DebugPrintPower() -     TAG_CHANGE Entity=[entityName=UNKNOWN ENTITY [cardType=INVALID] id=49 zone=DECK zonePos=0 cardId= player=2] tag=ZONE_POSITION value=1 
D 22:09:47.4502599 PowerTaskList.DebugPrintPower() -     TAG_CHANGE Entity=[entityName=UNKNOWN ENTITY [cardType=INVALID] id=49 zone=DECK zonePos=0 cardId= player=2] tag=ZONE_POSITION value=0 
D 22:09:47.4502599 PowerTaskList.DebugPrintPower() -     TAG_CHANGE Entity=[entityName=UNKNOWN ENTITY [cardType=INVALID] id=49 zone=DECK zonePos=0 cardId= player=2] tag=ZONE_POSITION value=1 
D 22:09:47.4502599 PowerTaskList.DebugPrintPower() -     TAG_CHANGE Entity=加斯帕的礼物#5438 tag=2166 value=51 
D 22:09:47.4502599 PowerTaskList.DebugPrintPower() -     TAG_CHANGE Entity=加斯帕的礼物#5438 tag=467 value=3 
D 22:09:47.4502599 PowerTaskList.DebugPrintPower() -     TAG_CHANGE Entity=[entityName=UNKNOWN ENTITY [cardType=INVALID] id=51 zone=DECK zonePos=0 cardId= player=2] tag=ZONE value=HAND 
D 22:09:47.4502599 PowerTaskList.DebugPrintPower() -     TAG_CHANGE Entity=[entityName=UNKNOWN ENTITY [cardType=INVALID] id=51 zone=DECK zonePos=0 cardId= player=2] tag=ZONE_POSITION value=2 
D 22:09:47.4502599 PowerTaskList.DebugPrintPower() -     TAG_CHANGE Entity=[entityName=UNKNOWN ENTITY [cardType=INVALID] id=51 zone=DECK zonePos=0 cardId= player=2] tag=ZONE_POSITION value=0 
D 22:09:47.4502599 PowerTaskList.DebugPrintPower() -     TAG_CHANGE Entity=[entityName=UNKNOWN ENTITY [cardType=INVALID] id=51 zone=DECK zonePos=0 cardId= player=2] tag=ZONE_POSITION value=2 
D 22:09:47.4502599 PowerTaskList.DebugPrintPower() -     TAG_CHANGE Entity=加斯帕的礼物#5438 tag=2166 value=81 
D 22:09:47.4502599 PowerTaskList.DebugPrintPower() -     TAG_CHANGE Entity=加斯帕的礼物#5438 tag=467 value=2 
D 22:09:47.4502599 PowerTaskList.DebugPrintPower() -     TAG_CHANGE Entity=[entityName=UNKNOWN ENTITY [cardType=INVALID] id=81 zone=DECK zonePos=0 cardId= player=2] tag=ZONE value=HAND 
D 22:09:47.4502599 PowerTaskList.DebugPrintPower() -     TAG_CHANGE Entity=[entityName=UNKNOWN ENTITY [cardType=INVALID] id=81 zone=DECK zonePos=0 cardId= player=2] tag=ZONE_POSITION value=3 
D 22:09:47.4502599 PowerTaskList.DebugPrintPower() -     TAG_CHANGE Entity=[entityName=UNKNOWN ENTITY [cardType=INVALID] id=81 zone=DECK zonePos=0 cardId= player=2] tag=ZONE_POSITION value=0 
D 22:09:47.4502599 PowerTaskList.DebugPrintPower() -     TAG_CHANGE Entity=[entityName=UNKNOWN ENTITY [cardType=INVALID] id=81 zone=DECK zonePos=0 cardId= player=2] tag=ZONE_POSITION value=3 
D 22:09:47.4502599 PowerTaskList.DebugPrintPower() -     TAG_CHANGE Entity=加斯帕的礼物#5438 tag=2166 value=80 
D 22:09:47.4502599 PowerTaskList.DebugPrintPower() -     TAG_CHANGE Entity=加斯帕的礼物#5438 tag=467 value=1 
D 22:09:47.4502599 PowerTaskList.DebugPrintPower() -     TAG_CHANGE Entity=[entityName=UNKNOWN ENTITY [cardType=INVALID] id=80 zone=DECK zonePos=0 cardId= player=2] tag=ZONE value=HAND 
D 22:09:47.4502599 PowerTaskList.DebugPrintPower() -     TAG_CHANGE Entity=[entityName=UNKNOWN ENTITY [cardType=INVALID] id=80 zone=DECK zonePos=0 cardId= player=2] tag=ZONE_POSITION value=4 
D 22:09:47.4502599 PowerTaskList.DebugPrintPower() -     TAG_CHANGE Entity=[entityName=UNKNOWN ENTITY [cardType=INVALID] id=80 zone=DECK zonePos=0 cardId= player=2] tag=ZONE_POSITION value=0 
D 22:09:47.4502599 PowerTaskList.DebugPrintPower() -     TAG_CHANGE Entity=[entityName=UNKNOWN ENTITY [cardType=INVALID] id=80 zone=DECK zonePos=0 cardId= player=2] tag=ZONE_POSITION value=4 
D 22:09:47.4502599 PowerTaskList.DebugPrintPower() -     TAG_CHANGE Entity=加斯帕的礼物#5438 tag=467 value=0 
D 22:09:47.4502599 PowerTaskList.DebugPrintPower() -     TAG_CHANGE Entity=加斯帕的礼物#5438 tag=NUM_TURNS_LEFT value=1 
D 22:09:47.4502599 PowerTaskList.DebugPrintPower() -     FULL_ENTITY - Updating [entityName=UNKNOWN ENTITY [cardType=INVALID] id=94 zone=HAND zonePos=5 cardId= player=2] CardID=
D 22:09:47.4502599 PowerTaskList.DebugPrintPower() -         tag=ZONE value=HAND
D 22:09:47.4502599 PowerTaskList.DebugPrintPower() -         tag=CONTROLLER value=2
D 22:09:47.4502599 PowerTaskList.DebugPrintPower() -         tag=ENTITY_ID value=94
D 22:09:47.4502599 PowerTaskList.DebugPrintPower() -         tag=ZONE_POSITION value=5
D 22:09:47.4502599 PowerTaskList.DebugPrintPower() -     TAG_CHANGE Entity=湫然#51704 tag=TIMEOUT value=45 
D 22:09:47.4502599 PowerTaskList.DebugPrintPower() -     TAG_CHANGE Entity=加斯帕的礼物#5438 tag=TIMEOUT value=45 
D 22:09:47.4502599 PowerTaskList.DebugPrintPower() -     TAG_CHANGE Entity=GameEntity tag=10 value=85 
D 22:09:47.4502599 PowerTaskList.DebugPrintPower() -     TAG_CHANGE Entity=GameEntity tag=NEXT_STEP value=BEGIN_MULLIGAN 
D 22:09:47.4502599 PowerTaskList.DebugPrintPower() - BLOCK_END
D 22:09:47.4502599 PowerProcessor.PrepareHistoryForCurrentTaskList() - m_currentTaskList=3
D 22:09:47.6800818 PowerProcessor.EndCurrentTaskList() - m_currentTaskList=3
D 22:09:47.6876198 PowerTaskList.DebugDump() - ID=4 ParentID=0 PreviousID=0 TaskCount=1
D 22:09:47.6876198 PowerTaskList.DebugDump() - Block Start=(null)
D 22:09:47.6876198 PowerTaskList.DebugPrintPower() -     TAG_CHANGE Entity=GameEntity tag=STEP value=BEGIN_MULLIGAN 
D 22:09:47.6876198 PowerTaskList.DebugDump() - Block End=(null)
D 22:09:47.6876198 PowerProcessor.PrepareHistoryForCurrentTaskList() - m_currentTaskList=4
D 22:09:47.6876198 PowerProcessor.EndCurrentTaskList() - m_currentTaskList=4
D 22:09:47.6876198 PowerTaskList.DebugDump() - ID=5 ParentID=4 PreviousID=0 TaskCount=1
D 22:09:47.6876198 PowerTaskList.DebugPrintPower() - BLOCK_START BlockType=TRIGGER Entity=GameEntity EffectCardId=System.Collections.Generic.List`1[System.String] EffectIndex=-1 Target=0 SubOption=-1 TriggerKeyword=TAG_NOT_SET
D 22:09:47.6876198 PowerTaskList.DebugPrintPower() -     TAG_CHANGE Entity=湫然#51704 tag=MULLIGAN_STATE value=INPUT 
D 22:09:47.6876198 PowerTaskList.DebugDump() - Block End=(null)
D 22:09:47.6876198 PowerProcessor.PrepareHistoryForCurrentTaskList() - m_currentTaskList=5
D 22:09:47.6876198 PowerProcessor.EndCurrentTaskList() - m_currentTaskList=5
D 22:09:47.6876198 PowerTaskList.DebugDump() - ID=6 ParentID=0 PreviousID=5 TaskCount=1
D 22:09:47.6876198 PowerTaskList.DebugDump() - Block Start=(null)
D 22:09:47.6876198 PowerTaskList.DebugPrintPower() -     TAG_CHANGE Entity=加斯帕的礼物#5438 tag=MULLIGAN_STATE value=INPUT 
D 22:09:47.6876198 PowerTaskList.DebugDump() - Block End=(null)
D 22:09:47.6876198 PowerProcessor.PrepareHistoryForCurrentTaskList() - m_currentTaskList=6
D 22:09:47.6876198 PowerProcessor.EndCurrentTaskList() - m_currentTaskList=6
D 22:10:05.3195708 GameState.SendChoices() - id=1 ChoiceType=MULLIGAN
D 22:10:05.3195708 GameState.SendChoices() -   m_chosenEntities[0]=[entityName=波涛形塑 id=39 zone=HAND zonePos=3 cardId=TIME_701 player=1]
D 22:10:05.5201596 GameState.DebugPrintEntitiesChosen() - id=1 Player=湫然#51704 EntitiesCount=1
D 22:10:05.5201596 GameState.DebugPrintEntitiesChosen() -   Entities[0]=[entityName=波涛形塑 id=39 zone=HAND zonePos=3 cardId=TIME_701 player=1]
D 22:10:05.6102211 GameState.DebugPrintPowerList() - Count=30
D 22:10:05.6102211 GameState.DebugPrintPower() - BLOCK_END
D 22:10:05.6102211 GameState.DebugPrintPower() - TAG_CHANGE Entity=湫然#51704 tag=MULLIGAN_STATE value=DEALING 
D 22:10:05.6102211 GameState.DebugPrintPower() - BLOCK_START BlockType=TRIGGER Entity=湫然#51704 EffectCardId=System.Collections.Generic.List`1[System.String] EffectIndex=-1 Target=0 SubOption=-1 TriggerKeyword=TAG_NOT_SET
D 22:10:05.6102211 GameState.DebugPrintPower() -     SHOW_ENTITY - Updating Entity=[entityName=UNKNOWN ENTITY [cardType=INVALID] id=10 zone=DECK zonePos=0 cardId= player=1] CardID=TSC_654
D 22:10:05.6102211 GameState.DebugPrintPower() -         tag=CONTROLLER value=1
D 22:10:05.6102211 GameState.DebugPrintPower() -         tag=CARDTYPE value=SPELL
D 22:10:05.6102211 GameState.DebugPrintPower() -         tag=ZONE value=HAND
D 22:10:05.6102211 GameState.DebugPrintPower() -         tag=ENTITY_ID value=10
D 22:10:05.6102211 GameState.DebugPrintPower() -         tag=CLASS value=DRUID
D 22:10:05.6102211 GameState.DebugPrintPower() -         tag=RARITY value=RARE
D 22:10:05.6102211 GameState.DebugPrintPower() -         tag=478 value=1
D 22:10:05.6102211 GameState.DebugPrintPower() -         tag=1037 value=1
D 22:10:05.6102211 GameState.DebugPrintPower() -         tag=1043 value=1
D 22:10:05.6102211 GameState.DebugPrintPower() -         tag=1068 value=0
D 22:10:05.6102211 GameState.DebugPrintPower() -         tag=SPAWN_TIME_COUNT value=1
D 22:10:05.6102211 GameState.DebugPrintPower() -         tag=DREDGE value=1
D 22:10:05.6102211 GameState.DebugPrintPower() -     TAG_CHANGE Entity=[entityName=UNKNOWN ENTITY [cardType=INVALID] id=10 zone=DECK zonePos=0 cardId= player=1] tag=NUM_TURNS_IN_HAND value=1 
D 22:10:05.6102211 GameState.DebugPrintPower() -     TAG_CHANGE Entity=[entityName=UNKNOWN ENTITY [cardType=INVALID] id=10 zone=DECK zonePos=0 cardId= player=1] tag=ZONE_POSITION value=1 
D 22:10:05.6102211 GameState.DebugPrintPower() -     TAG_CHANGE Entity=[entityName=月火术 id=28 zone=HAND zonePos=1 cardId=CS2_008 player=1] tag=1068 value=2 
D 22:10:05.6102211 GameState.DebugPrintPower() -     TAG_CHANGE Entity=[entityName=月火术 id=28 zone=HAND zonePos=1 cardId=CS2_008 player=1] tag=1068 value=0 
D 22:10:05.6102211 GameState.DebugPrintPower() -     TAG_CHANGE Entity=[entityName=月火术 id=28 zone=HAND zonePos=1 cardId=CS2_008 player=1] tag=1037 value=1 
D 22:10:05.6102211 GameState.DebugPrintPower() -     TAG_CHANGE Entity=[entityName=月火术 id=28 zone=HAND zonePos=1 cardId=CS2_008 player=1] tag=ZONE_POSITION value=0 
D 22:10:05.6102211 GameState.DebugPrintPower() -     TAG_CHANGE Entity=[entityName=月火术 id=28 zone=HAND zonePos=1 cardId=CS2_008 player=1] tag=1043 value=0 
D 22:10:05.6102211 GameState.DebugPrintPower() -     HIDE_ENTITY - Entity=[entityName=月火术 id=28 zone=HAND zonePos=1 cardId=CS2_008 player=1] tag=ZONE value=DECK
D 22:10:05.6102211 GameState.DebugPrintPower() -     TAG_CHANGE Entity=[entityName=月火术 id=28 zone=HAND zonePos=1 cardId=CS2_008 player=1] tag=ZONE value=DECK 
D 22:10:05.6102211 GameState.DebugPrintPower() -     SHOW_ENTITY - Updating Entity=[entityName=UNKNOWN ENTITY [cardType=INVALID] id=26 zone=DECK zonePos=0 cardId= player=1] CardID=EX1_169
D 22:10:05.6102211 GameState.DebugPrintPower() -         tag=CONTROLLER value=1
D 22:10:05.6102211 GameState.DebugPrintPower() -         tag=CARDTYPE value=SPELL
D 22:10:05.6102211 GameState.DebugPrintPower() -         tag=PREMIUM value=1
D 22:10:05.6102211 GameState.DebugPrintPower() -         tag=ZONE value=HAND
D 22:10:05.6102211 GameState.DebugPrintPower() -         tag=ENTITY_ID value=26
D 22:10:05.6102211 GameState.DebugPrintPower() -         tag=CLASS value=DRUID
D 22:10:05.6102211 GameState.DebugPrintPower() -         tag=FACTION value=NEUTRAL
D 22:10:05.6102211 GameState.DebugPrintPower() -         tag=RARITY value=FREE
D 22:10:05.6102211 GameState.DebugPrintPower() -         tag=478 value=1
D 22:10:05.6102211 GameState.DebugPrintPower() -         tag=1037 value=1
D 22:10:05.6102211 GameState.DebugPrintPower() -         tag=1043 value=1
D 22:10:05.6102211 GameState.DebugPrintPower() -         tag=1068 value=0
D 22:10:05.6102211 GameState.DebugPrintPower() -         tag=SPAWN_TIME_COUNT value=1
D 22:10:05.6102211 GameState.DebugPrintPower() -         tag=SPELL_SCHOOL value=4
D 22:10:05.6102211 GameState.DebugPrintPower() -         tag=HAS_SIGNATURE_QUALITY value=1
D 22:10:05.6102211 GameState.DebugPrintPower() -     TAG_CHANGE Entity=[entityName=UNKNOWN ENTITY [cardType=INVALID] id=26 zone=DECK zonePos=0 cardId= player=1] tag=NUM_TURNS_IN_HAND value=1 
D 22:10:05.6102211 GameState.DebugPrintPower() -     TAG_CHANGE Entity=[entityName=UNKNOWN ENTITY [cardType=INVALID] id=26 zone=DECK zonePos=0 cardId= player=1] tag=ZONE_POSITION value=2 
D 22:10:05.6102211 GameState.DebugPrintPower() -     TAG_CHANGE Entity=[entityName=活体根须 id=31 zone=HAND zonePos=2 cardId=CORE_AT_037 player=1] tag=1068 value=2 
D 22:10:05.6102211 GameState.DebugPrintPower() -     TAG_CHANGE Entity=[entityName=活体根须 id=31 zone=HAND zonePos=2 cardId=CORE_AT_037 player=1] tag=1068 value=0 
D 22:10:05.6102211 GameState.DebugPrintPower() -     TAG_CHANGE Entity=[entityName=活体根须 id=31 zone=HAND zonePos=2 cardId=CORE_AT_037 player=1] tag=1037 value=1 
D 22:10:05.6102211 GameState.DebugPrintPower() -     TAG_CHANGE Entity=[entityName=活体根须 id=31 zone=HAND zonePos=2 cardId=CORE_AT_037 player=1] tag=ZONE_POSITION value=0 
D 22:10:05.6102211 GameState.DebugPrintPower() -     TAG_CHANGE Entity=[entityName=活体根须 id=31 zone=HAND zonePos=2 cardId=CORE_AT_037 player=1] tag=1043 value=0 
D 22:10:05.6102211 GameState.DebugPrintPower() -     HIDE_ENTITY - Entity=[entityName=活体根须 id=31 zone=HAND zonePos=2 cardId=CORE_AT_037 player=1] tag=ZONE value=DECK
D 22:10:05.6102211 GameState.DebugPrintPower() -     HIDE_ENTITY - Entity=[entityName=缠人根须 id=32 zone=SETASIDE zonePos=0 cardId=AT_037a player=1] tag=ZONE value=SETASIDE
D 22:10:05.6102211 GameState.DebugPrintPower() -     HIDE_ENTITY - Entity=[entityName=并蒂树苗 id=33 zone=SETASIDE zonePos=0 cardId=AT_037b player=1] tag=ZONE value=SETASIDE
D 22:10:05.6102211 GameState.DebugPrintPower() -     TAG_CHANGE Entity=[entityName=活体根须 id=31 zone=HAND zonePos=2 cardId=CORE_AT_037 player=1] tag=ZONE value=DECK 
D 22:10:05.6102211 GameState.DebugPrintPower() -     TAG_CHANGE Entity=湫然#51704 tag=MULLIGAN_STATE value=WAITING 
D 22:10:05.6102211 GameState.DebugPrintPower() - BLOCK_END
D 22:10:05.6102211 GameState.DebugPrintPower() - BLOCK_START BlockType=TRIGGER Entity=湫然#51704 EffectCardId=System.Collections.Generic.List`1[System.String] EffectIndex=-1 Target=0 SubOption=-1 TriggerKeyword=TAG_NOT_SET
D 22:10:05.6102211 GameState.DebugPrintPower() -     TAG_CHANGE Entity=湫然#51704 tag=MULLIGAN_STATE value=DONE 
D 22:10:05.6102211 GameState.DebugPrintPower() - BLOCK_END
D 22:10:05.6102211 PowerTaskList.DebugDump() - ID=7 ParentID=0 PreviousID=6 TaskCount=0
D 22:10:05.6102211 PowerTaskList.DebugDump() - Block Start=(null)
D 22:10:05.6102211 PowerTaskList.DebugPrintPower() - BLOCK_END
D 22:10:05.6102211 PowerProcessor.PrepareHistoryForCurrentTaskList() - m_currentTaskList=7
D 22:10:05.6102211 PowerProcessor.EndCurrentTaskList() - m_currentTaskList=7
D 22:10:05.6102211 PowerTaskList.DebugDump() - ID=8 ParentID=0 PreviousID=0 TaskCount=1
D 22:10:05.6102211 PowerTaskList.DebugDump() - Block Start=(null)
D 22:10:05.6102211 PowerTaskList.DebugPrintPower() -     TAG_CHANGE Entity=湫然#51704 tag=MULLIGAN_STATE value=DEALING 
D 22:10:05.6102211 PowerTaskList.DebugDump() - Block End=(null)
D 22:10:05.6102211 PowerProcessor.PrepareHistoryForCurrentTaskList() - m_currentTaskList=8
D 22:10:05.6102211 PowerProcessor.EndCurrentTaskList() - m_currentTaskList=8
D 22:10:05.6102211 PowerTaskList.DebugDump() - ID=9 ParentID=0 PreviousID=0 TaskCount=23
D 22:10:05.6102211 PowerTaskList.DebugPrintPower() - BLOCK_START BlockType=TRIGGER Entity=湫然#51704 EffectCardId=System.Collections.Generic.List`1[System.String] EffectIndex=-1 Target=0 SubOption=-1 TriggerKeyword=TAG_NOT_SET
D 22:10:05.6102211 PowerTaskList.DebugPrintPower() -     SHOW_ENTITY - Updating Entity=[entityName=UNKNOWN ENTITY [cardType=INVALID] id=10 zone=DECK zonePos=0 cardId= player=1] CardID=TSC_654
D 22:10:05.6102211 PowerTaskList.DebugPrintPower() -         tag=CONTROLLER value=1
D 22:10:05.6102211 PowerTaskList.DebugPrintPower() -         tag=CARDTYPE value=SPELL
D 22:10:05.6102211 PowerTaskList.DebugPrintPower() -         tag=ZONE value=HAND
D 22:10:05.6102211 PowerTaskList.DebugPrintPower() -         tag=ENTITY_ID value=10
D 22:10:05.6102211 PowerTaskList.DebugPrintPower() -         tag=CLASS value=DRUID
D 22:10:05.6102211 PowerTaskList.DebugPrintPower() -         tag=RARITY value=RARE
D 22:10:05.6102211 PowerTaskList.DebugPrintPower() -         tag=478 value=1
D 22:10:05.6102211 PowerTaskList.DebugPrintPower() -         tag=1037 value=1
D 22:10:05.6102211 PowerTaskList.DebugPrintPower() -         tag=1043 value=1
D 22:10:05.6102211 PowerTaskList.DebugPrintPower() -         tag=1068 value=0
D 22:10:05.6102211 PowerTaskList.DebugPrintPower() -         tag=SPAWN_TIME_COUNT value=1
D 22:10:05.6102211 PowerTaskList.DebugPrintPower() -         tag=DREDGE value=1
D 22:10:05.6102211 PowerTaskList.DebugPrintPower() -     TAG_CHANGE Entity=[entityName=UNKNOWN ENTITY [cardType=INVALID] id=10 zone=DECK zonePos=0 cardId= player=1] tag=NUM_TURNS_IN_HAND value=1 
D 22:10:05.6102211 PowerTaskList.DebugPrintPower() -     TAG_CHANGE Entity=[entityName=UNKNOWN ENTITY [cardType=INVALID] id=10 zone=DECK zonePos=0 cardId= player=1] tag=ZONE_POSITION value=1 
D 22:10:05.6102211 PowerTaskList.DebugPrintPower() -     TAG_CHANGE Entity=[entityName=月火术 id=28 zone=HAND zonePos=1 cardId=CS2_008 player=1] tag=1068 value=2 
D 22:10:05.6102211 PowerTaskList.DebugPrintPower() -     TAG_CHANGE Entity=[entityName=月火术 id=28 zone=HAND zonePos=1 cardId=CS2_008 player=1] tag=1068 value=0 
D 22:10:05.6102211 PowerTaskList.DebugPrintPower() -     TAG_CHANGE Entity=[entityName=月火术 id=28 zone=HAND zonePos=1 cardId=CS2_008 player=1] tag=1037 value=1 
D 22:10:05.6102211 PowerTaskList.DebugPrintPower() -     TAG_CHANGE Entity=[entityName=月火术 id=28 zone=HAND zonePos=1 cardId=CS2_008 player=1] tag=ZONE_POSITION value=0 
D 22:10:05.6102211 PowerTaskList.DebugPrintPower() -     TAG_CHANGE Entity=[entityName=月火术 id=28 zone=HAND zonePos=1 cardId=CS2_008 player=1] tag=1043 value=0 
D 22:10:05.6102211 PowerTaskList.DebugPrintPower() -     HIDE_ENTITY - Entity=[entityName=月火术 id=28 zone=HAND zonePos=1 cardId=CS2_008 player=1] tag=ZONE value=DECK
D 22:10:05.6102211 PowerTaskList.DebugPrintPower() -     TAG_CHANGE Entity=[entityName=月火术 id=28 zone=HAND zonePos=1 cardId=CS2_008 player=1] tag=ZONE value=DECK 
D 22:10:05.6102211 PowerTaskList.DebugPrintPower() -     SHOW_ENTITY - Updating Entity=[entityName=UNKNOWN ENTITY [cardType=INVALID] id=26 zone=DECK zonePos=0 cardId= player=1] CardID=EX1_169
D 22:10:05.6102211 PowerTaskList.DebugPrintPower() -         tag=CONTROLLER value=1
D 22:10:05.6102211 PowerTaskList.DebugPrintPower() -         tag=CARDTYPE value=SPELL
D 22:10:05.6102211 PowerTaskList.DebugPrintPower() -         tag=PREMIUM value=1
D 22:10:05.6102211 PowerTaskList.DebugPrintPower() -         tag=ZONE value=HAND
D 22:10:05.6102211 PowerTaskList.DebugPrintPower() -         tag=ENTITY_ID value=26
D 22:10:05.6102211 PowerTaskList.DebugPrintPower() -         tag=CLASS value=DRUID
D 22:10:05.6102211 PowerTaskList.DebugPrintPower() -         tag=FACTION value=NEUTRAL
D 22:10:05.6102211 PowerTaskList.DebugPrintPower() -         tag=RARITY value=FREE
D 22:10:05.6102211 PowerTaskList.DebugPrintPower() -         tag=478 value=1
D 22:10:05.6102211 PowerTaskList.DebugPrintPower() -         tag=1037 value=1
D 22:10:05.6102211 PowerTaskList.DebugPrintPower() -         tag=1043 value=1
D 22:10:05.6102211 PowerTaskList.DebugPrintPower() -         tag=1068 value=0
D 22:10:05.6102211 PowerTaskList.DebugPrintPower() -         tag=SPAWN_TIME_COUNT value=1
D 22:10:05.6102211 PowerTaskList.DebugPrintPower() -         tag=SPELL_SCHOOL value=4
D 22:10:05.6102211 PowerTaskList.DebugPrintPower() -         tag=HAS_SIGNATURE_QUALITY value=1
D 22:10:05.6102211 PowerTaskList.DebugPrintPower() -     TAG_CHANGE Entity=[entityName=UNKNOWN ENTITY [cardType=INVALID] id=26 zone=DECK zonePos=0 cardId= player=1] tag=NUM_TURNS_IN_HAND value=1 
D 22:10:05.6102211 PowerTaskList.DebugPrintPower() -     TAG_CHANGE Entity=[entityName=UNKNOWN ENTITY [cardType=INVALID] id=26 zone=DECK zonePos=0 cardId= player=1] tag=ZONE_POSITION value=2 
D 22:10:05.6102211 PowerTaskList.DebugPrintPower() -     TAG_CHANGE Entity=[entityName=活体根须 id=31 zone=HAND zonePos=2 cardId=CORE_AT_037 player=1] tag=1068 value=2 
D 22:10:05.6102211 PowerTaskList.DebugPrintPower() -     TAG_CHANGE Entity=[entityName=活体根须 id=31 zone=HAND zonePos=2 cardId=CORE_AT_037 player=1] tag=1068 value=0 
D 22:10:05.6102211 PowerTaskList.DebugPrintPower() -     TAG_CHANGE Entity=[entityName=活体根须 id=31 zone=HAND zonePos=2 cardId=CORE_AT_037 player=1] tag=1037 value=1 
D 22:10:05.6102211 PowerTaskList.DebugPrintPower() -     TAG_CHANGE Entity=[entityName=活体根须 id=31 zone=HAND zonePos=2 cardId=CORE_AT_037 player=1] tag=ZONE_POSITION value=0 
D 22:10:05.6102211 PowerTaskList.DebugPrintPower() -     TAG_CHANGE Entity=[entityName=活体根须 id=31 zone=HAND zonePos=2 cardId=CORE_AT_037 player=1] tag=1043 value=0 
D 22:10:05.6102211 PowerTaskList.DebugPrintPower() -     HIDE_ENTITY - Entity=[entityName=活体根须 id=31 zone=HAND zonePos=2 cardId=CORE_AT_037 player=1] tag=ZONE value=DECK
D 22:10:05.6102211 PowerTaskList.DebugPrintPower() -     HIDE_ENTITY - Entity=[entityName=缠人根须 id=32 zone=SETASIDE zonePos=0 cardId=AT_037a player=1] tag=ZONE value=SETASIDE
D 22:10:05.6102211 PowerTaskList.DebugPrintPower() -     HIDE_ENTITY - Entity=[entityName=并蒂树苗 id=33 zone=SETASIDE zonePos=0 cardId=AT_037b player=1] tag=ZONE value=SETASIDE
D 22:10:05.6102211 PowerTaskList.DebugPrintPower() -     TAG_CHANGE Entity=[entityName=活体根须 id=31 zone=HAND zonePos=2 cardId=CORE_AT_037 player=1] tag=ZONE value=DECK 
D 22:10:05.6102211 PowerTaskList.DebugPrintPower() -     TAG_CHANGE Entity=湫然#51704 tag=MULLIGAN_STATE value=WAITING 
D 22:10:05.6102211 PowerTaskList.DebugPrintPower() - BLOCK_END
D 22:10:05.6102211 PowerProcessor.PrepareHistoryForCurrentTaskList() - m_currentTaskList=9
D 22:10:05.6837943 PowerProcessor.EndCurrentTaskList() - m_currentTaskList=9
D 22:10:05.6902654 PowerTaskList.DebugDump() - ID=10 ParentID=0 PreviousID=0 TaskCount=1
D 22:10:05.6902654 PowerTaskList.DebugPrintPower() - BLOCK_START BlockType=TRIGGER Entity=湫然#51704 EffectCardId=System.Collections.Generic.List`1[System.String] EffectIndex=-1 Target=0 SubOption=-1 TriggerKeyword=TAG_NOT_SET
D 22:10:05.6902654 PowerTaskList.DebugPrintPower() -     TAG_CHANGE Entity=湫然#51704 tag=MULLIGAN_STATE value=DONE 
D 22:10:05.6902654 PowerTaskList.DebugPrintPower() - BLOCK_END
D 22:10:05.6902654 PowerProcessor.PrepareHistoryForCurrentTaskList() - m_currentTaskList=10
D 22:10:05.6902654 PowerProcessor.EndCurrentTaskList() - m_currentTaskList=10
D 22:10:14.5937293 GameState.DebugPrintEntitiesChosen() - id=2 Player=加斯帕的礼物#5438 EntitiesCount=2
D 22:10:14.5937293 GameState.DebugPrintEntitiesChosen() -   Entities[0]=[entityName=UNKNOWN ENTITY [cardType=INVALID] id=49 zone=HAND zonePos=1 cardId= player=2]
D 22:10:14.5937293 GameState.DebugPrintEntitiesChosen() -   Entities[1]=[entityName=UNKNOWN ENTITY [cardType=INVALID] id=80 zone=HAND zonePos=4 cardId= player=2]
D 22:10:14.8993196 GameState.DebugPrintPowerList() - Count=85
D 22:10:14.8993196 GameState.DebugPrintPower() - TAG_CHANGE Entity=加斯帕的礼物#5438 tag=MULLIGAN_STATE value=DEALING 
D 22:10:14.8993196 GameState.DebugPrintPower() - BLOCK_START BlockType=TRIGGER Entity=加斯帕的礼物#5438 EffectCardId=System.Collections.Generic.List`1[System.String] EffectIndex=-1 Target=0 SubOption=-1 TriggerKeyword=TAG_NOT_SET
D 22:10:14.8993196 GameState.DebugPrintPower() -     TAG_CHANGE Entity=[entityName=UNKNOWN ENTITY [cardType=INVALID] id=83 zone=DECK zonePos=0 cardId= player=2] tag=ZONE value=HAND 
D 22:10:14.8993196 GameState.DebugPrintPower() -     TAG_CHANGE Entity=[entityName=UNKNOWN ENTITY [cardType=INVALID] id=83 zone=DECK zonePos=0 cardId= player=2] tag=ZONE_POSITION value=2 
D 22:10:14.8993196 GameState.DebugPrintPower() -     TAG_CHANGE Entity=[entityName=UNKNOWN ENTITY [cardType=INVALID] id=51 zone=HAND zonePos=2 cardId= player=2] tag=ZONE_POSITION value=0 
D 22:10:14.8993196 GameState.DebugPrintPower() -     TAG_CHANGE Entity=[entityName=UNKNOWN ENTITY [cardType=INVALID] id=51 zone=HAND zonePos=2 cardId= player=2] tag=ZONE value=DECK 
D 22:10:14.8993196 GameState.DebugPrintPower() -     TAG_CHANGE Entity=[entityName=UNKNOWN ENTITY [cardType=INVALID] id=85 zone=DECK zonePos=0 cardId= player=2] tag=ZONE value=HAND 
D 22:10:14.8993196 GameState.DebugPrintPower() -     TAG_CHANGE Entity=[entityName=UNKNOWN ENTITY [cardType=INVALID] id=85 zone=DECK zonePos=0 cardId= player=2] tag=ZONE_POSITION value=3 
D 22:10:14.8993196 GameState.DebugPrintPower() -     TAG_CHANGE Entity=[entityName=UNKNOWN ENTITY [cardType=INVALID] id=81 zone=HAND zonePos=3 cardId= player=2] tag=ZONE_POSITION value=0 
D 22:10:14.8993196 GameState.DebugPrintPower() -     TAG_CHANGE Entity=[entityName=UNKNOWN ENTITY [cardType=INVALID] id=81 zone=HAND zonePos=3 cardId= player=2] tag=ZONE value=DECK 
D 22:10:14.8993196 GameState.DebugPrintPower() -     TAG_CHANGE Entity=加斯帕的礼物#5438 tag=MULLIGAN_STATE value=WAITING 
D 22:10:14.8993196 GameState.DebugPrintPower() - BLOCK_END
D 22:10:14.8993196 GameState.DebugPrintPower() - BLOCK_START BlockType=TRIGGER Entity=加斯帕的礼物#5438 EffectCardId=System.Collections.Generic.List`1[System.String] EffectIndex=-1 Target=0 SubOption=-1 TriggerKeyword=TAG_NOT_SET
D 22:10:14.8993196 GameState.DebugPrintPower() -     TAG_CHANGE Entity=加斯帕的礼物#5438 tag=MULLIGAN_STATE value=DONE 
D 22:10:14.8993196 GameState.DebugPrintPower() -     SHUFFLE_DECK PlayerID=1
D 22:10:14.8993196 GameState.DebugPrintPower() -     SHUFFLE_DECK PlayerID=2
D 22:10:14.8993196 GameState.DebugPrintPower() -     TAG_CHANGE Entity=湫然#51704 tag=TURN value=1 
D 22:10:14.8993196 GameState.DebugPrintPower() -     TAG_CHANGE Entity=GameEntity tag=NEXT_STEP value=MAIN_READY 
D 22:10:14.8993196 GameState.DebugPrintPower() - BLOCK_END
D 22:10:14.8993196 GameState.DebugPrintPower() - BLOCK_START BlockType=TRIGGER Entity=[entityName=UNKNOWN ENTITY [cardType=INVALID] id=78 zone=DECK zonePos=0 cardId= player=2] EffectCardId=System.Collections.Generic.List`1[System.String] EffectIndex=2 Target=0 SubOption=-1 TriggerKeyword=TAG_NOT_SET
D 22:10:14.8993196 GameState.DebugPrintPower() -     SHOW_ENTITY - Updating Entity=[entityName=UNKNOWN ENTITY [cardType=INVALID] id=78 zone=DECK zonePos=0 cardId= player=2] CardID=REV_018
D 22:10:14.8993196 GameState.DebugPrintPower() -         tag=CONTROLLER value=2
D 22:10:14.8993196 GameState.DebugPrintPower() -         tag=CARDTYPE value=MINION
D 22:10:14.8993196 GameState.DebugPrintPower() -         tag=TAG_LAST_KNOWN_COST_IN_HAND value=3
D 22:10:14.8993196 GameState.DebugPrintPower() -         tag=479 value=3
D 22:10:14.8993196 GameState.DebugPrintPower() -         tag=COST value=3
D 22:10:14.8993196 GameState.DebugPrintPower() -         tag=ATK value=3
D 22:10:14.8993196 GameState.DebugPrintPower() -         tag=HEALTH value=4
D 22:10:14.8993196 GameState.DebugPrintPower() -         tag=ZONE value=DECK
D 22:10:14.8993196 GameState.DebugPrintPower() -         tag=ENTITY_ID value=78
D 22:10:14.8993196 GameState.DebugPrintPower() -         tag=ELITE value=1
D 22:10:14.8993196 GameState.DebugPrintPower() -         tag=CLASS value=NEUTRAL
D 22:10:14.8993196 GameState.DebugPrintPower() -         tag=RARITY value=LEGENDARY
D 22:10:14.8993196 GameState.DebugPrintPower() -         tag=REVEALED value=1
D 22:10:14.8993196 GameState.DebugPrintPower() -         tag=478 value=2
D 22:10:14.8993196 GameState.DebugPrintPower() -         tag=DECK_RULE_MOD_DECK_SIZE value=40
D 22:10:14.8993196 GameState.DebugPrintPower() -         tag=1043 value=1
D 22:10:14.8993196 GameState.DebugPrintPower() -         tag=1068 value=0
D 22:10:14.8993196 GameState.DebugPrintPower() -         tag=SPAWN_TIME_COUNT value=1
D 22:10:14.8993196 GameState.DebugPrintPower() -         tag=HAS_SIGNATURE_QUALITY value=1
D 22:10:14.8993196 GameState.DebugPrintPower() -         tag=HAS_ACTIVATE_POWER value=1
D 22:10:14.8993196 GameState.DebugPrintPower() -         tag=2936 value=1
D 22:10:14.8993196 GameState.DebugPrintPower() -         tag=3085 value=4
D 22:10:14.8993196 GameState.DebugPrintPower() -         tag=4472 value=3
D 22:10:14.8993196 GameState.DebugPrintPower() - BLOCK_END
D 22:10:14.8993196 GameState.DebugPrintPower() - BLOCK_START BlockType=TRIGGER Entity=[entityName=UNKNOWN ENTITY [cardType=INVALID] id=15 zone=DECK zonePos=0 cardId= player=1] EffectCardId=System.Collections.Generic.List`1[System.String] EffectIndex=1 Target=0 SubOption=-1 TriggerKeyword=1724
D 22:10:14.8993196 GameState.DebugPrintPower() -     FULL_ENTITY - Creating ID=95 CardID=
D 22:10:14.8993196 GameState.DebugPrintPower() -         tag=ZONE value=SETASIDE
D 22:10:14.8993196 GameState.DebugPrintPower() -         tag=CONTROLLER value=1
D 22:10:14.8993196 GameState.DebugPrintPower() -         tag=ENTITY_ID value=95
D 22:10:14.8993196 GameState.DebugPrintPower() -     SHOW_ENTITY - Updating Entity=95 CardID=VAC_422e
D 22:10:14.8993196 GameState.DebugPrintPower() -         tag=CONTROLLER value=1
D 22:10:14.8993196 GameState.DebugPrintPower() -         tag=CARDTYPE value=ENCHANTMENT
D 22:10:14.8993196 GameState.DebugPrintPower() -         tag=ATTACHED value=2
D 22:10:14.8993196 GameState.DebugPrintPower() -         tag=ZONE value=SETASIDE
D 22:10:14.8993196 GameState.DebugPrintPower() -         tag=ENTITY_ID value=95
D 22:10:14.8993196 GameState.DebugPrintPower() -         tag=CLASS value=NEUTRAL
D 22:10:14.8993196 GameState.DebugPrintPower() -         tag=CREATOR value=15
D 22:10:14.8993196 GameState.DebugPrintPower() -         tag=1037 value=1
D 22:10:14.8993196 GameState.DebugPrintPower() -         tag=1068 value=0
D 22:10:14.8993196 GameState.DebugPrintPower() -         tag=CREATOR_DBID value=105893
D 22:10:14.8993196 GameState.DebugPrintPower() -         tag=SPAWN_TIME_COUNT value=1
D 22:10:14.8993196 GameState.DebugPrintPower() -         tag=4901 value=0
D 22:10:14.8993196 GameState.DebugPrintPower() -     TAG_CHANGE Entity=95 tag=1068 value=1 
D 22:10:14.8993196 GameState.DebugPrintPower() -     TAG_CHANGE Entity=95 tag=1068 value=0 
D 22:10:14.8993196 GameState.DebugPrintPower() -     TAG_CHANGE Entity=95 tag=ZONE value=PLAY 
D 22:10:14.8993196 GameState.DebugPrintPower() -     TAG_CHANGE Entity=湫然#51704 tag=4741 value=1 
D 22:10:14.8993196 GameState.DebugPrintPower() -     TAG_CHANGE Entity=湫然#51704 tag=LAST_AFFECTED_BY value=15 
D 22:10:14.8993196 GameState.DebugPrintPower() -     TAG_CHANGE Entity=95 tag=TAG_SCRIPT_DATA_NUM_1 value=105893 
D 22:10:14.8993196 GameState.DebugPrintPower() -     TAG_CHANGE Entity=95 tag=TAG_SCRIPT_DATA_NUM_2 value=4 
D 22:10:14.8993196 GameState.DebugPrintPower() - BLOCK_END
D 22:10:14.8993196 GameState.DebugPrintPower() - BLOCK_START BlockType=TRIGGER Entity=[entityName=UNKNOWN ENTITY [cardType=INVALID] id=78 zone=DECK zonePos=0 cardId= player=2] EffectCardId=System.Collections.Generic.List`1[System.String] EffectIndex=0 Target=0 SubOption=-1 TriggerKeyword=TAG_NOT_SET
D 22:10:14.8993196 GameState.DebugPrintPower() -     TAG_CHANGE Entity=[entityName=UNKNOWN ENTITY [cardType=INVALID] id=78 zone=DECK zonePos=0 cardId= player=2] tag=TAG_SCRIPT_DATA_NUM_1 value=1 
D 22:10:14.8993196 GameState.DebugPrintPower() -     HIDE_ENTITY - Entity=[entityName=UNKNOWN ENTITY [cardType=INVALID] id=78 zone=DECK zonePos=0 cardId= player=2] tag=ZONE value=DECK
D 22:10:14.8993196 GameState.DebugPrintPower() -     TAG_CHANGE Entity=[entityName=UNKNOWN ENTITY [cardType=INVALID] id=78 zone=DECK zonePos=0 cardId= player=2] tag=REVEALED value=0 
D 22:10:14.8993196 GameState.DebugPrintPower() -     FULL_ENTITY - Creating ID=96 CardID=
D 22:10:14.8993196 GameState.DebugPrintPower() -         tag=ZONE value=SETASIDE
D 22:10:14.8993196 GameState.DebugPrintPower() -         tag=CONTROLLER value=2
D 22:10:14.8993196 GameState.DebugPrintPower() -         tag=ENTITY_ID value=96
D 22:10:14.8993196 GameState.DebugPrintPower() -     SHOW_ENTITY - Updating Entity=96 CardID=REV_018e
D 22:10:14.8993196 GameState.DebugPrintPower() -         tag=CONTROLLER value=2
D 22:10:14.8993196 GameState.DebugPrintPower() -         tag=CARDTYPE value=ENCHANTMENT
D 22:10:14.8993196 GameState.DebugPrintPower() -         tag=ATTACHED value=92
D 22:10:14.8993196 GameState.DebugPrintPower() -         tag=ZONE value=SETASIDE
D 22:10:14.8993196 GameState.DebugPrintPower() -         tag=ENTITY_ID value=96
D 22:10:14.8993196 GameState.DebugPrintPower() -         tag=CLASS value=NEUTRAL
D 22:10:14.8993196 GameState.DebugPrintPower() -         tag=CREATOR value=78
D 22:10:14.8993196 GameState.DebugPrintPower() -         tag=1037 value=2
D 22:10:14.8993196 GameState.DebugPrintPower() -         tag=1068 value=0
D 22:10:14.8993196 GameState.DebugPrintPower() -         tag=CREATOR_DBID value=79767
D 22:10:14.8993196 GameState.DebugPrintPower() -         tag=SPAWN_TIME_COUNT value=1
D 22:10:14.8993196 GameState.DebugPrintPower() -         tag=4901 value=0
D 22:10:14.8993196 GameState.DebugPrintPower() -     TAG_CHANGE Entity=96 tag=1068 value=1 
D 22:10:14.8993196 GameState.DebugPrintPower() -     TAG_CHANGE Entity=96 tag=1068 value=0 
D 22:10:14.8993196 GameState.DebugPrintPower() -     TAG_CHANGE Entity=96 tag=ZONE value=PLAY 
D 22:10:14.8993196 GameState.DebugPrintPower() -     TAG_CHANGE Entity=[entityName=胜地古神恩佐斯 id=92 zone=PLAY zonePos=0 cardId=HERO_07at player=2] tag=3085 value=40 
D 22:10:14.8993196 GameState.DebugPrintPower() -     TAG_CHANGE Entity=[entityName=胜地古神恩佐斯 id=92 zone=PLAY zonePos=0 cardId=HERO_07at player=2] tag=HEALTH value=40 
D 22:10:14.8993196 GameState.DebugPrintPower() -     TAG_CHANGE Entity=[entityName=胜地古神恩佐斯 id=92 zone=PLAY zonePos=0 cardId=HERO_07at player=2] tag=4741 value=1 
D 22:10:14.8993196 GameState.DebugPrintPower() -     TAG_CHANGE Entity=[entityName=胜地古神恩佐斯 id=92 zone=PLAY zonePos=0 cardId=HERO_07at player=2] tag=LAST_AFFECTED_BY value=78 
D 22:10:14.8993196 GameState.DebugPrintPower() -     META_DATA - Meta=OVERRIDE_HISTORY Data=0 InfoCount=1
D 22:10:14.8993196 GameState.DebugPrintPower() -                 Info[0] = [entityName=UNKNOWN ENTITY [cardType=INVALID] id=78 zone=DECK zonePos=0 cardId= player=2]
D 22:10:14.8993196 GameState.DebugPrintPower() - BLOCK_END
D 22:10:14.8993196 GameState.DebugPrintPower() - BLOCK_START BlockType=TRIGGER Entity=GameEntity EffectCardId=System.Collections.Generic.List`1[System.String] EffectIndex=4 Target=0 SubOption=-1 TriggerKeyword=TAG_NOT_SET
D 22:10:14.8993196 GameState.DebugPrintPower() - BLOCK_END
D 22:10:14.8993196 GameState.DebugPrintPower() - TAG_CHANGE Entity=GameEntity tag=STEP value=MAIN_READY 
D 22:10:14.8993196 GameState.DebugPrintPower() - BLOCK_START BlockType=TRIGGER Entity=湫然#51704 EffectCardId=System.Collections.Generic.List`1[System.String] EffectIndex=-1 Target=0 SubOption=-1 TriggerKeyword=TAG_NOT_SET
D 22:10:14.8993196 GameState.DebugPrintPower() -     TAG_CHANGE Entity=GameEntity tag=NUM_TURNS_IN_PLAY value=1 
D 22:10:14.8993196 GameState.DebugPrintPower() -     TAG_CHANGE Entity=湫然#51704 tag=NUM_TURNS_IN_PLAY value=1 
D 22:10:14.8993196 GameState.DebugPrintPower() -     TAG_CHANGE Entity=加斯帕的礼物#5438 tag=NUM_TURNS_IN_PLAY value=1 
D 22:10:14.8993196 GameState.DebugPrintPower() -     TAG_CHANGE Entity=[entityName=嘲风望月露娜拉 id=90 zone=PLAY zonePos=0 cardId=HERO_06bi player=1] tag=NUM_TURNS_IN_PLAY value=1 
D 22:10:14.8993196 GameState.DebugPrintPower() -     TAG_CHANGE Entity=[entityName=变形 id=91 zone=PLAY zonePos=0 cardId=HERO_06ebp player=1] tag=NUM_TURNS_IN_PLAY value=1 
D 22:10:14.8993196 GameState.DebugPrintPower() -     TAG_CHANGE Entity=[entityName=胜地古神恩佐斯 id=92 zone=PLAY zonePos=0 cardId=HERO_07at player=2] tag=NUM_TURNS_IN_PLAY value=1 
D 22:10:14.8993196 GameState.DebugPrintPower() -     TAG_CHANGE Entity=[entityName=生命分流 id=93 zone=PLAY zonePos=0 cardId=HERO_07ebp player=2] tag=NUM_TURNS_IN_PLAY value=1 
D 22:10:14.8993196 GameState.DebugPrintPower() -     TAG_CHANGE Entity=湫然#51704 tag=RESOURCES value=1 
D 22:10:14.8993196 GameState.DebugPrintPower() -     TAG_CHANGE Entity=GameEntity tag=NEXT_STEP value=MAIN_START_TRIGGERS 
D 22:10:14.8993196 GameState.DebugPrintPower() - BLOCK_END
D 22:10:14.8993196 GameState.DebugPrintPower() - TAG_CHANGE Entity=GameEntity tag=STEP value=MAIN_START_TRIGGERS 
D 22:10:14.8993196 GameState.DebugPrintPower() - BLOCK_START BlockType=TRIGGER Entity=湫然#51704 EffectCardId=System.Collections.Generic.List`1[System.String] EffectIndex=-1 Target=0 SubOption=-1 TriggerKeyword=TAG_NOT_SET
D 22:10:14.8993196 GameState.DebugPrintPower() -     TAG_CHANGE Entity=GameEntity tag=NEXT_STEP value=MAIN_START 
D 22:10:14.8993196 GameState.DebugPrintPower() - BLOCK_END
D 22:10:14.8993196 GameState.DebugPrintPower() - TAG_CHANGE Entity=GameEntity tag=STEP value=MAIN_START 
D 22:10:14.8993196 GameState.DebugPrintPower() - BLOCK_START BlockType=TRIGGER Entity=湫然#51704 EffectCardId=System.Collections.Generic.List`1[System.String] EffectIndex=-1 Target=0 SubOption=-1 TriggerKeyword=TAG_NOT_SET
D 22:10:14.8993196 GameState.DebugPrintPower() -     TAG_CHANGE Entity=湫然#51704 tag=2166 value=11 
D 22:10:14.8993196 GameState.DebugPrintPower() -     TAG_CHANGE Entity=湫然#51704 tag=467 value=1 
D 22:10:14.8993196 GameState.DebugPrintPower() -     SHOW_ENTITY - Updating Entity=[entityName=UNKNOWN ENTITY [cardType=INVALID] id=11 zone=DECK zonePos=0 cardId= player=1] CardID=BT_724
D 22:10:14.8993196 GameState.DebugPrintPower() -         tag=CONTROLLER value=1
D 22:10:14.8993196 GameState.DebugPrintPower() -         tag=CARDTYPE value=MINION
D 22:10:14.8993196 GameState.DebugPrintPower() -         tag=TAG_LAST_KNOWN_COST_IN_HAND value=1
D 22:10:14.8993196 GameState.DebugPrintPower() -         tag=479 value=2
D 22:10:14.8993196 GameState.DebugPrintPower() -         tag=COST value=1
D 22:10:14.8993196 GameState.DebugPrintPower() -         tag=ATK value=2
D 22:10:14.8993196 GameState.DebugPrintPower() -         tag=HEALTH value=1
D 22:10:14.8993196 GameState.DebugPrintPower() -         tag=ZONE value=HAND
D 22:10:14.8993196 GameState.DebugPrintPower() -         tag=ENTITY_ID value=11
D 22:10:14.8993196 GameState.DebugPrintPower() -         tag=CLASS value=NEUTRAL
D 22:10:14.8993196 GameState.DebugPrintPower() -         tag=RARITY value=COMMON
D 22:10:14.8993196 GameState.DebugPrintPower() -         tag=BATTLECRY value=1
D 22:10:14.8993196 GameState.DebugPrintPower() -         tag=478 value=1
D 22:10:14.8993196 GameState.DebugPrintPower() -         tag=1037 value=1
D 22:10:14.8993196 GameState.DebugPrintPower() -         tag=1043 value=1
D 22:10:14.8993196 GameState.DebugPrintPower() -         tag=1068 value=0
D 22:10:14.8993196 GameState.DebugPrintPower() -         tag=SPAWN_TIME_COUNT value=1
D 22:10:14.8993196 GameState.DebugPrintPower() -         tag=HAS_ACTIVATE_POWER value=1
D 22:10:14.8993196 GameState.DebugPrintPower() -         tag=3085 value=1
D 22:10:14.8993196 GameState.DebugPrintPower() -         tag=4472 value=2
D 22:10:14.8993196 GameState.DebugPrintPower() -     TAG_CHANGE Entity=[entityName=UNKNOWN ENTITY [cardType=INVALID] id=11 zone=DECK zonePos=0 cardId= player=1] tag=NUM_TURNS_IN_HAND value=1 
D 22:10:14.8993196 GameState.DebugPrintPower() -     TAG_CHANGE Entity=[entityName=UNKNOWN ENTITY [cardType=INVALID] id=11 zone=DECK zonePos=0 cardId= player=1] tag=ZONE_POSITION value=4 
D 22:10:14.8993196 GameState.DebugPrintPower() -     TAG_CHANGE Entity=[entityName=UNKNOWN ENTITY [cardType=INVALID] id=11 zone=DECK zonePos=0 cardId= player=1] tag=ZONE_POSITION value=0 
D 22:10:14.8993196 GameState.DebugPrintPower() -     TAG_CHANGE Entity=[entityName=UNKNOWN ENTITY [cardType=INVALID] id=11 zone=DECK zonePos=0 cardId= player=1] tag=ZONE_POSITION value=4 
D 22:10:14.8993196 GameState.DebugPrintPower() -     TAG_CHANGE Entity=湫然#51704 tag=NUM_CARDS_DRAWN_THIS_TURN value=1 
D 22:10:14.8993196 GameState.DebugPrintPower() -     TAG_CHANGE Entity=湫然#51704 tag=995 value=1 
D 22:10:14.8993196 GameState.DebugPrintPower() -     TAG_CHANGE Entity=[entityName=UNKNOWN ENTITY [cardType=INVALID] id=11 zone=DECK zonePos=0 cardId= player=1] tag=1570 value=1 
D 22:10:14.8993196 GameState.DebugPrintPower() -     TAG_CHANGE Entity=湫然#51704 tag=467 value=0 
D 22:10:14.8993196 GameState.DebugPrintPower() -     TAG_CHANGE Entity=GameEntity tag=NEXT_STEP value=MAIN_ACTION 
D 22:10:14.8993196 GameState.DebugPrintPower() - BLOCK_END
D 22:10:14.8993196 GameState.DebugPrintPower() - TAG_CHANGE Entity=GameEntity tag=STEP value=MAIN_ACTION 
D 22:10:14.8993196 GameState.DebugPrintPower() - BLOCK_START BlockType=TRIGGER Entity=湫然#51704 EffectCardId=System.Collections.Generic.List`1[System.String] EffectIndex=-1 Target=0 SubOption=-1 TriggerKeyword=TAG_NOT_SET
D 22:10:14.8993196 GameState.DebugPrintPower() -     TAG_CHANGE Entity=GameEntity tag=NEXT_STEP value=MAIN_END 
D 22:10:14.8993196 GameState.DebugPrintPower() - BLOCK_END
D 22:10:14.8993196 PowerTaskList.DebugDump() - ID=11 ParentID=0 PreviousID=0 TaskCount=1
D 22:10:14.8993196 PowerTaskList.DebugDump() - Block Start=(null)
D 22:10:14.8993196 PowerTaskList.DebugPrintPower() -     TAG_CHANGE Entity=加斯帕的礼物#5438 tag=MULLIGAN_STATE value=DEALING 
D 22:10:14.8993196 PowerTaskList.DebugDump() - Block End=(null)
D 22:10:14.8993196 PowerProcessor.PrepareHistoryForCurrentTaskList() - m_currentTaskList=11
D 22:10:14.8993196 PowerProcessor.EndCurrentTaskList() - m_currentTaskList=11
D 22:10:14.8993196 PowerTaskList.DebugDump() - ID=12 ParentID=11 PreviousID=0 TaskCount=9
D 22:10:14.8993196 PowerTaskList.DebugPrintPower() - BLOCK_START BlockType=TRIGGER Entity=加斯帕的礼物#5438 EffectCardId=System.Collections.Generic.List`1[System.String] EffectIndex=-1 Target=0 SubOption=-1 TriggerKeyword=TAG_NOT_SET
D 22:10:14.8993196 PowerTaskList.DebugPrintPower() -     TAG_CHANGE Entity=[entityName=UNKNOWN ENTITY [cardType=INVALID] id=83 zone=DECK zonePos=0 cardId= player=2] tag=ZONE value=HAND 
D 22:10:14.8993196 PowerTaskList.DebugPrintPower() -     TAG_CHANGE Entity=[entityName=UNKNOWN ENTITY [cardType=INVALID] id=83 zone=DECK zonePos=0 cardId= player=2] tag=ZONE_POSITION value=2 
D 22:10:14.8993196 PowerTaskList.DebugPrintPower() -     TAG_CHANGE Entity=[entityName=UNKNOWN ENTITY [cardType=INVALID] id=51 zone=HAND zonePos=2 cardId= player=2] tag=ZONE_POSITION value=0 
D 22:10:14.8993196 PowerTaskList.DebugPrintPower() -     TAG_CHANGE Entity=[entityName=UNKNOWN ENTITY [cardType=INVALID] id=51 zone=HAND zonePos=2 cardId= player=2] tag=ZONE value=DECK 
D 22:10:14.8993196 PowerTaskList.DebugPrintPower() -     TAG_CHANGE Entity=[entityName=UNKNOWN ENTITY [cardType=INVALID] id=85 zone=DECK zonePos=0 cardId= player=2] tag=ZONE value=HAND 
D 22:10:14.8993196 PowerTaskList.DebugPrintPower() -     TAG_CHANGE Entity=[entityName=UNKNOWN ENTITY [cardType=INVALID] id=85 zone=DECK zonePos=0 cardId= player=2] tag=ZONE_POSITION value=3 
D 22:10:14.8993196 PowerTaskList.DebugPrintPower() -     TAG_CHANGE Entity=[entityName=UNKNOWN ENTITY [cardType=INVALID] id=81 zone=HAND zonePos=3 cardId= player=2] tag=ZONE_POSITION value=0 
D 22:10:14.8993196 PowerTaskList.DebugPrintPower() -     TAG_CHANGE Entity=[entityName=UNKNOWN ENTITY [cardType=INVALID] id=81 zone=HAND zonePos=3 cardId= player=2] tag=ZONE value=DECK 
D 22:10:14.8993196 PowerTaskList.DebugPrintPower() -     TAG_CHANGE Entity=加斯帕的礼物#5438 tag=MULLIGAN_STATE value=WAITING 
D 22:10:14.8993196 PowerTaskList.DebugPrintPower() - BLOCK_END
D 22:10:14.8993196 PowerProcessor.PrepareHistoryForCurrentTaskList() - m_currentTaskList=12
D 22:10:14.9361121 GameState.DebugPrintOptions() - id=1
D 22:10:14.9361121 GameState.DebugPrintOptions() -   option 0 type=END_TURN mainEntity= error=INVALID errorParam=
D 22:10:14.9361121 GameState.DebugPrintOptions() -   option 1 type=POWER mainEntity=[entityName=波涛形塑 id=39 zone=HAND zonePos=3 cardId=TIME_701 player=1] error=NONE errorParam=
D 22:10:14.9361121 GameState.DebugPrintOptions() -   option 2 type=POWER mainEntity=[entityName=水栖形态 id=10 zone=HAND zonePos=1 cardId=TSC_654 player=1] error=NONE errorParam=
D 22:10:14.9361121 GameState.DebugPrintOptions() -   option 3 type=POWER mainEntity=[entityName=激活 id=26 zone=HAND zonePos=2 cardId=EX1_169 player=1] error=NONE errorParam=
D 22:10:14.9361121 GameState.DebugPrintOptions() -   option 4 type=POWER mainEntity=[entityName=UNKNOWN ENTITY [cardType=INVALID] id=11 zone=DECK zonePos=0 cardId= player=1] error=NONE errorParam=
D 22:10:14.9361121 GameState.DebugPrintOptions() -   option 5 type=POWER mainEntity=[entityName=嘲风望月露娜拉 id=90 zone=PLAY zonePos=0 cardId=HERO_06bi player=1] error=REQ_ATTACK_GREATER_THAN_0 errorParam=
D 22:10:14.9361121 GameState.DebugPrintOptions() -   option 6 type=POWER mainEntity=[entityName=变形 id=91 zone=PLAY zonePos=0 cardId=HERO_06ebp player=1] error=REQ_ENOUGH_MANA errorParam=
D 22:10:14.9361121 GameState.DebugPrintOptions() -   option 7 type=POWER mainEntity=[entityName=胜地古神恩佐斯 id=92 zone=PLAY zonePos=0 cardId=HERO_07at player=2] error=REQ_YOUR_TURN errorParam=
D 22:10:14.9361121 GameState.DebugPrintOptions() -   option 8 type=POWER mainEntity=[entityName=生命分流 id=93 zone=PLAY zonePos=0 cardId=HERO_07ebp player=2] error=REQ_YOUR_TURN errorParam=
D 22:10:16.4503302 PowerProcessor.EndCurrentTaskList() - m_currentTaskList=12
D 22:10:16.4573613 PowerTaskList.DebugDump() - ID=13 ParentID=0 PreviousID=0 TaskCount=5
D 22:10:16.4573613 PowerTaskList.DebugPrintPower() - BLOCK_START BlockType=TRIGGER Entity=加斯帕的礼物#5438 EffectCardId=System.Collections.Generic.List`1[System.String] EffectIndex=-1 Target=0 SubOption=-1 TriggerKeyword=TAG_NOT_SET
D 22:10:16.4573613 PowerTaskList.DebugPrintPower() -     TAG_CHANGE Entity=加斯帕的礼物#5438 tag=MULLIGAN_STATE value=DONE 
D 22:10:16.4573613 PowerTaskList.DebugPrintPower() -     SHUFFLE_DECK PlayerID=1
D 22:10:16.4573613 PowerTaskList.DebugPrintPower() -     SHUFFLE_DECK PlayerID=2
D 22:10:16.4573613 PowerTaskList.DebugPrintPower() -     TAG_CHANGE Entity=湫然#51704 tag=TURN value=1 
D 22:10:16.4573613 PowerTaskList.DebugPrintPower() -     TAG_CHANGE Entity=GameEntity tag=NEXT_STEP value=MAIN_READY 
D 22:10:16.4573613 PowerTaskList.DebugPrintPower() - BLOCK_END
D 22:10:16.4573613 PowerProcessor.PrepareHistoryForCurrentTaskList() - m_currentTaskList=13
D 22:10:17.9744987 PowerProcessor.EndCurrentTaskList() - m_currentTaskList=13
D 22:10:17.9744987 PowerTaskList.DebugDump() - ID=14 ParentID=0 PreviousID=0 TaskCount=1
D 22:10:17.9744987 PowerTaskList.DebugPrintPower() - BLOCK_START BlockType=TRIGGER Entity=[entityName=UNKNOWN ENTITY [cardType=INVALID] id=78 zone=DECK zonePos=0 cardId= player=2] EffectCardId=System.Collections.Generic.List`1[System.String] EffectIndex=2 Target=0 SubOption=-1 TriggerKeyword=TAG_NOT_SET
D 22:10:17.9744987 PowerTaskList.DebugPrintPower() -     SHOW_ENTITY - Updating Entity=[entityName=UNKNOWN ENTITY [cardType=INVALID] id=78 zone=DECK zonePos=0 cardId= player=2] CardID=REV_018
D 22:10:17.9744987 PowerTaskList.DebugPrintPower() -         tag=CONTROLLER value=2
D 22:10:17.9744987 PowerTaskList.DebugPrintPower() -         tag=CARDTYPE value=MINION
D 22:10:17.9744987 PowerTaskList.DebugPrintPower() -         tag=TAG_LAST_KNOWN_COST_IN_HAND value=3
D 22:10:17.9744987 PowerTaskList.DebugPrintPower() -         tag=479 value=3
D 22:10:17.9744987 PowerTaskList.DebugPrintPower() -         tag=COST value=3
D 22:10:17.9744987 PowerTaskList.DebugPrintPower() -         tag=ATK value=3
D 22:10:17.9744987 PowerTaskList.DebugPrintPower() -         tag=HEALTH value=4
D 22:10:17.9744987 PowerTaskList.DebugPrintPower() -         tag=ZONE value=DECK
D 22:10:17.9744987 PowerTaskList.DebugPrintPower() -         tag=ENTITY_ID value=78
D 22:10:17.9744987 PowerTaskList.DebugPrintPower() -         tag=ELITE value=1
D 22:10:17.9744987 PowerTaskList.DebugPrintPower() -         tag=CLASS value=NEUTRAL
D 22:10:17.9744987 PowerTaskList.DebugPrintPower() -         tag=RARITY value=LEGENDARY
D 22:10:17.9744987 PowerTaskList.DebugPrintPower() -         tag=REVEALED value=1
D 22:10:17.9744987 PowerTaskList.DebugPrintPower() -         tag=478 value=2
D 22:10:17.9744987 PowerTaskList.DebugPrintPower() -         tag=DECK_RULE_MOD_DECK_SIZE value=40
D 22:10:17.9744987 PowerTaskList.DebugPrintPower() -         tag=1043 value=1
D 22:10:17.9744987 PowerTaskList.DebugPrintPower() -         tag=1068 value=0
D 22:10:17.9744987 PowerTaskList.DebugPrintPower() -         tag=SPAWN_TIME_COUNT value=1
D 22:10:17.9744987 PowerTaskList.DebugPrintPower() -         tag=HAS_SIGNATURE_QUALITY value=1
D 22:10:17.9744987 PowerTaskList.DebugPrintPower() -         tag=HAS_ACTIVATE_POWER value=1
D 22:10:17.9744987 PowerTaskList.DebugPrintPower() -         tag=2936 value=1
D 22:10:17.9744987 PowerTaskList.DebugPrintPower() -         tag=3085 value=4
D 22:10:17.9744987 PowerTaskList.DebugPrintPower() -         tag=4472 value=3
D 22:10:17.9744987 PowerTaskList.DebugPrintPower() - BLOCK_END
D 22:10:17.9744987 PowerProcessor.PrepareHistoryForCurrentTaskList() - m_currentTaskList=14
D 22:10:17.9850474 PowerProcessor.EndCurrentTaskList() - m_currentTaskList=14
D 22:10:17.9915772 PowerTaskList.DebugDump() - ID=15 ParentID=0 PreviousID=0 TaskCount=9
D 22:10:17.9915772 PowerTaskList.DebugPrintPower() - BLOCK_START BlockType=TRIGGER Entity=[entityName=UNKNOWN ENTITY [cardType=INVALID] id=15 zone=DECK zonePos=0 cardId= player=1] EffectCardId=System.Collections.Generic.List`1[System.String] EffectIndex=1 Target=0 SubOption=-1 TriggerKeyword=1724
D 22:10:17.9915772 PowerTaskList.DebugPrintPower() -     FULL_ENTITY - Updating [entityName=UNKNOWN ENTITY [cardType=INVALID] id=95 zone=SETASIDE zonePos=0 cardId= player=1] CardID=
D 22:10:17.9915772 PowerTaskList.DebugPrintPower() -         tag=ZONE value=SETASIDE
D 22:10:17.9915772 PowerTaskList.DebugPrintPower() -         tag=CONTROLLER value=1
D 22:10:17.9915772 PowerTaskList.DebugPrintPower() -         tag=ENTITY_ID value=95
D 22:10:17.9915772 PowerTaskList.DebugPrintPower() -     SHOW_ENTITY - Updating Entity=[entityName=UNKNOWN ENTITY [cardType=INVALID] id=95 zone=SETASIDE zonePos=0 cardId= player=1] CardID=VAC_422e
D 22:10:17.9915772 PowerTaskList.DebugPrintPower() -         tag=CONTROLLER value=1
D 22:10:17.9915772 PowerTaskList.DebugPrintPower() -         tag=CARDTYPE value=ENCHANTMENT
D 22:10:17.9915772 PowerTaskList.DebugPrintPower() -         tag=ATTACHED value=2
D 22:10:17.9915772 PowerTaskList.DebugPrintPower() -         tag=ZONE value=SETASIDE
D 22:10:17.9915772 PowerTaskList.DebugPrintPower() -         tag=ENTITY_ID value=95
D 22:10:17.9915772 PowerTaskList.DebugPrintPower() -         tag=CLASS value=NEUTRAL
D 22:10:17.9915772 PowerTaskList.DebugPrintPower() -         tag=CREATOR value=15
D 22:10:17.9915772 PowerTaskList.DebugPrintPower() -         tag=1037 value=1
D 22:10:17.9915772 PowerTaskList.DebugPrintPower() -         tag=1068 value=0
D 22:10:17.9915772 PowerTaskList.DebugPrintPower() -         tag=CREATOR_DBID value=105893
D 22:10:17.9915772 PowerTaskList.DebugPrintPower() -         tag=SPAWN_TIME_COUNT value=1
D 22:10:17.9915772 PowerTaskList.DebugPrintPower() -         tag=4901 value=0
D 22:10:17.9915772 PowerTaskList.DebugPrintPower() -     TAG_CHANGE Entity=[entityName=UNKNOWN ENTITY [cardType=INVALID] id=95 zone=SETASIDE zonePos=0 cardId= player=1] tag=1068 value=1 
D 22:10:17.9915772 PowerTaskList.DebugPrintPower() -     TAG_CHANGE Entity=[entityName=UNKNOWN ENTITY [cardType=INVALID] id=95 zone=SETASIDE zonePos=0 cardId= player=1] tag=1068 value=0 
D 22:10:17.9915772 PowerTaskList.DebugPrintPower() -     TAG_CHANGE Entity=[entityName=UNKNOWN ENTITY [cardType=INVALID] id=95 zone=SETASIDE zonePos=0 cardId= player=1] tag=ZONE value=PLAY 
D 22:10:17.9915772 PowerTaskList.DebugPrintPower() -     TAG_CHANGE Entity=湫然#51704 tag=4741 value=1 
D 22:10:17.9915772 PowerTaskList.DebugPrintPower() -     TAG_CHANGE Entity=湫然#51704 tag=LAST_AFFECTED_BY value=15 
D 22:10:17.9915772 PowerTaskList.DebugPrintPower() -     TAG_CHANGE Entity=[entityName=UNKNOWN ENTITY [cardType=INVALID] id=95 zone=SETASIDE zonePos=0 cardId= player=1] tag=TAG_SCRIPT_DATA_NUM_1 value=105893 
D 22:10:17.9915772 PowerTaskList.DebugPrintPower() -     TAG_CHANGE Entity=[entityName=UNKNOWN ENTITY [cardType=INVALID] id=95 zone=SETASIDE zonePos=0 cardId= player=1] tag=TAG_SCRIPT_DATA_NUM_2 value=4 
D 22:10:17.9915772 PowerTaskList.DebugPrintPower() - BLOCK_END
D 22:10:17.9915772 PowerProcessor.PrepareHistoryForCurrentTaskList() - m_currentTaskList=15
D 22:10:18.0098900 PowerProcessor.EndCurrentTaskList() - m_currentTaskList=15
D 22:10:18.0144056 PowerTaskList.DebugDump() - ID=16 ParentID=0 PreviousID=0 TaskCount=13
D 22:10:18.0144056 PowerTaskList.DebugPrintPower() - BLOCK_START BlockType=TRIGGER Entity=[entityName=雷纳索尔王子 id=78 zone=DECK zonePos=0 cardId=REV_018 player=2] EffectCardId=System.Collections.Generic.List`1[System.String] EffectIndex=0 Target=0 SubOption=-1 TriggerKeyword=TAG_NOT_SET
D 22:10:18.0144056 PowerTaskList.DebugPrintPower() -     TAG_CHANGE Entity=[entityName=雷纳索尔王子 id=78 zone=DECK zonePos=0 cardId=REV_018 player=2] tag=TAG_SCRIPT_DATA_NUM_1 value=1 
D 22:10:18.0144056 PowerTaskList.DebugPrintPower() -     HIDE_ENTITY - Entity=[entityName=雷纳索尔王子 id=78 zone=DECK zonePos=0 cardId=REV_018 player=2] tag=ZONE value=DECK
D 22:10:18.0144056 PowerTaskList.DebugPrintPower() -     TAG_CHANGE Entity=[entityName=雷纳索尔王子 id=78 zone=DECK zonePos=0 cardId=REV_018 player=2] tag=REVEALED value=0 
D 22:10:18.0144056 PowerTaskList.DebugPrintPower() -     FULL_ENTITY - Updating [entityName=UNKNOWN ENTITY [cardType=INVALID] id=96 zone=SETASIDE zonePos=0 cardId= player=2] CardID=
D 22:10:18.0144056 PowerTaskList.DebugPrintPower() -         tag=ZONE value=SETASIDE
D 22:10:18.0144056 PowerTaskList.DebugPrintPower() -         tag=CONTROLLER value=2
D 22:10:18.0144056 PowerTaskList.DebugPrintPower() -         tag=ENTITY_ID value=96
D 22:10:18.0144056 PowerTaskList.DebugPrintPower() -     SHOW_ENTITY - Updating Entity=[entityName=UNKNOWN ENTITY [cardType=INVALID] id=96 zone=SETASIDE zonePos=0 cardId= player=2] CardID=REV_018e
D 22:10:18.0144056 PowerTaskList.DebugPrintPower() -         tag=CONTROLLER value=2
D 22:10:18.0144056 PowerTaskList.DebugPrintPower() -         tag=CARDTYPE value=ENCHANTMENT
D 22:10:18.0144056 PowerTaskList.DebugPrintPower() -         tag=ATTACHED value=92
D 22:10:18.0144056 PowerTaskList.DebugPrintPower() -         tag=ZONE value=SETASIDE
D 22:10:18.0144056 PowerTaskList.DebugPrintPower() -         tag=ENTITY_ID value=96
D 22:10:18.0144056 PowerTaskList.DebugPrintPower() -         tag=CLASS value=NEUTRAL
D 22:10:18.0144056 PowerTaskList.DebugPrintPower() -         tag=CREATOR value=78
D 22:10:18.0144056 PowerTaskList.DebugPrintPower() -         tag=1037 value=2
D 22:10:18.0144056 PowerTaskList.DebugPrintPower() -         tag=1068 value=0
D 22:10:18.0144056 PowerTaskList.DebugPrintPower() -         tag=CREATOR_DBID value=79767
D 22:10:18.0144056 PowerTaskList.DebugPrintPower() -         tag=SPAWN_TIME_COUNT value=1
D 22:10:18.0144056 PowerTaskList.DebugPrintPower() -         tag=4901 value=0
D 22:10:18.0144056 PowerTaskList.DebugPrintPower() -     TAG_CHANGE Entity=[entityName=UNKNOWN ENTITY [cardType=INVALID] id=96 zone=SETASIDE zonePos=0 cardId= player=2] tag=1068 value=1 
D 22:10:18.0144056 PowerTaskList.DebugPrintPower() -     TAG_CHANGE Entity=[entityName=UNKNOWN ENTITY [cardType=INVALID] id=96 zone=SETASIDE zonePos=0 cardId= player=2] tag=1068 value=0 
D 22:10:18.0144056 PowerTaskList.DebugPrintPower() -     TAG_CHANGE Entity=[entityName=UNKNOWN ENTITY [cardType=INVALID] id=96 zone=SETASIDE zonePos=0 cardId= player=2] tag=ZONE value=PLAY 
D 22:10:18.0144056 PowerTaskList.DebugPrintPower() -     TAG_CHANGE Entity=[entityName=胜地古神恩佐斯 id=92 zone=PLAY zonePos=0 cardId=HERO_07at player=2] tag=3085 value=40 
D 22:10:18.0144056 PowerTaskList.DebugPrintPower() -     TAG_CHANGE Entity=[entityName=胜地古神恩佐斯 id=92 zone=PLAY zonePos=0 cardId=HERO_07at player=2] tag=HEALTH value=40 
D 22:10:18.0144056 PowerTaskList.DebugPrintPower() -     TAG_CHANGE Entity=[entityName=胜地古神恩佐斯 id=92 zone=PLAY zonePos=0 cardId=HERO_07at player=2] tag=4741 value=1 
D 22:10:18.0144056 PowerTaskList.DebugPrintPower() -     TAG_CHANGE Entity=[entityName=胜地古神恩佐斯 id=92 zone=PLAY zonePos=0 cardId=HERO_07at player=2] tag=LAST_AFFECTED_BY value=78 
D 22:10:18.0144056 PowerTaskList.DebugPrintPower() -     META_DATA - Meta=OVERRIDE_HISTORY Data=0 InfoCount=1
D 22:10:18.0144056 PowerTaskList.DebugPrintPower() -                 Info[0] = [entityName=雷纳索尔王子 id=78 zone=DECK zonePos=0 cardId=REV_018 player=2]
D 22:10:18.0144056 PowerTaskList.DebugPrintPower() - BLOCK_END
D 22:10:18.0144056 PowerProcessor.PrepareHistoryForCurrentTaskList() - m_currentTaskList=16
D 22:10:22.2193348 PowerProcessor.EndCurrentTaskList() - m_currentTaskList=16
D 22:10:22.2248483 PowerTaskList.DebugDump() - ID=17 ParentID=0 PreviousID=0 TaskCount=0
D 22:10:22.2248483 PowerTaskList.DebugPrintPower() - BLOCK_START BlockType=TRIGGER Entity=GameEntity EffectCardId=System.Collections.Generic.List`1[System.String] EffectIndex=4 Target=0 SubOption=-1 TriggerKeyword=TAG_NOT_SET
D 22:10:22.2248483 PowerTaskList.DebugPrintPower() - BLOCK_END
D 22:10:22.2248483 PowerProcessor.PrepareHistoryForCurrentTaskList() - m_currentTaskList=17
D 22:10:22.2248483 PowerProcessor.EndCurrentTaskList() - m_currentTaskList=17
D 22:10:22.2248483 PowerTaskList.DebugDump() - ID=18 ParentID=0 PreviousID=0 TaskCount=1
D 22:10:22.2248483 PowerTaskList.DebugDump() - Block Start=(null)
D 22:10:22.2248483 PowerTaskList.DebugPrintPower() -     TAG_CHANGE Entity=GameEntity tag=STEP value=MAIN_READY 
D 22:10:22.2248483 PowerTaskList.DebugDump() - Block End=(null)
D 22:10:22.2248483 PowerProcessor.PrepareHistoryForCurrentTaskList() - m_currentTaskList=18
D 22:10:22.2248483 PowerProcessor.EndCurrentTaskList() - m_currentTaskList=18
D 22:10:22.2248483 PowerTaskList.DebugDump() - ID=19 ParentID=0 PreviousID=0 TaskCount=9
D 22:10:22.2248483 PowerTaskList.DebugPrintPower() - BLOCK_START BlockType=TRIGGER Entity=湫然#51704 EffectCardId=System.Collections.Generic.List`1[System.String] EffectIndex=-1 Target=0 SubOption=-1 TriggerKeyword=TAG_NOT_SET
D 22:10:22.2248483 PowerTaskList.DebugPrintPower() -     TAG_CHANGE Entity=GameEntity tag=NUM_TURNS_IN_PLAY value=1 
D 22:10:22.2248483 PowerTaskList.DebugPrintPower() -     TAG_CHANGE Entity=湫然#51704 tag=NUM_TURNS_IN_PLAY value=1 
D 22:10:22.2248483 PowerTaskList.DebugPrintPower() -     TAG_CHANGE Entity=加斯帕的礼物#5438 tag=NUM_TURNS_IN_PLAY value=1 
D 22:10:22.2248483 PowerTaskList.DebugPrintPower() -     TAG_CHANGE Entity=[entityName=嘲风望月露娜拉 id=90 zone=PLAY zonePos=0 cardId=HERO_06bi player=1] tag=NUM_TURNS_IN_PLAY value=1 
D 22:10:22.2248483 PowerTaskList.DebugPrintPower() -     TAG_CHANGE Entity=[entityName=变形 id=91 zone=PLAY zonePos=0 cardId=HERO_06ebp player=1] tag=NUM_TURNS_IN_PLAY value=1 
D 22:10:22.2248483 PowerTaskList.DebugPrintPower() -     TAG_CHANGE Entity=[entityName=胜地古神恩佐斯 id=92 zone=PLAY zonePos=0 cardId=HERO_07at player=2] tag=NUM_TURNS_IN_PLAY value=1 
D 22:10:22.2248483 PowerTaskList.DebugPrintPower() -     TAG_CHANGE Entity=[entityName=生命分流 id=93 zone=PLAY zonePos=0 cardId=HERO_07ebp player=2] tag=NUM_TURNS_IN_PLAY value=1 
D 22:10:22.2248483 PowerTaskList.DebugPrintPower() -     TAG_CHANGE Entity=湫然#51704 tag=RESOURCES value=1 
D 22:10:22.2248483 PowerTaskList.DebugPrintPower() -     TAG_CHANGE Entity=GameEntity tag=NEXT_STEP value=MAIN_START_TRIGGERS 
D 22:10:22.2248483 PowerTaskList.DebugPrintPower() - BLOCK_END
D 22:10:22.2248483 PowerProcessor.PrepareHistoryForCurrentTaskList() - m_currentTaskList=19
D 22:10:22.2248483 PowerProcessor.EndCurrentTaskList() - m_currentTaskList=19
D 22:10:22.2248483 PowerTaskList.DebugDump() - ID=20 ParentID=0 PreviousID=0 TaskCount=1
D 22:10:22.2248483 PowerTaskList.DebugDump() - Block Start=(null)
D 22:10:22.2248483 PowerTaskList.DebugPrintPower() -     TAG_CHANGE Entity=GameEntity tag=STEP value=MAIN_START_TRIGGERS 
D 22:10:22.2248483 PowerTaskList.DebugDump() - Block End=(null)
D 22:10:22.2248483 PowerProcessor.PrepareHistoryForCurrentTaskList() - m_currentTaskList=20
D 22:10:22.2248483 PowerProcessor.EndCurrentTaskList() - m_currentTaskList=20
D 22:10:22.2248483 PowerTaskList.DebugDump() - ID=21 ParentID=0 PreviousID=0 TaskCount=1
D 22:10:22.2248483 PowerTaskList.DebugPrintPower() - BLOCK_START BlockType=TRIGGER Entity=湫然#51704 EffectCardId=System.Collections.Generic.List`1[System.String] EffectIndex=-1 Target=0 SubOption=-1 TriggerKeyword=TAG_NOT_SET
D 22:10:22.2248483 PowerTaskList.DebugPrintPower() -     TAG_CHANGE Entity=GameEntity tag=NEXT_STEP value=MAIN_START 
D 22:10:22.2248483 PowerTaskList.DebugPrintPower() - BLOCK_END
D 22:10:22.2248483 PowerProcessor.PrepareHistoryForCurrentTaskList() - m_currentTaskList=21
D 22:10:22.2248483 PowerProcessor.EndCurrentTaskList() - m_currentTaskList=21
D 22:10:22.2248483 PowerTaskList.DebugDump() - ID=22 ParentID=0 PreviousID=0 TaskCount=1
D 22:10:22.2248483 PowerTaskList.DebugDump() - Block Start=(null)
D 22:10:22.2248483 PowerTaskList.DebugPrintPower() -     TAG_CHANGE Entity=GameEntity tag=STEP value=MAIN_START 
D 22:10:22.2248483 PowerTaskList.DebugDump() - Block End=(null)
D 22:10:22.2248483 PowerProcessor.PrepareHistoryForCurrentTaskList() - m_currentTaskList=22
D 22:10:22.2248483 PowerProcessor.EndCurrentTaskList() - m_currentTaskList=22
D 22:10:22.2248483 PowerTaskList.DebugDump() - ID=23 ParentID=0 PreviousID=0 TaskCount=12
D 22:10:22.2248483 PowerTaskList.DebugPrintPower() - BLOCK_START BlockType=TRIGGER Entity=湫然#51704 EffectCardId=System.Collections.Generic.List`1[System.String] EffectIndex=-1 Target=0 SubOption=-1 TriggerKeyword=TAG_NOT_SET
D 22:10:22.2248483 PowerTaskList.DebugPrintPower() -     TAG_CHANGE Entity=湫然#51704 tag=2166 value=11 
D 22:10:22.2248483 PowerTaskList.DebugPrintPower() -     TAG_CHANGE Entity=湫然#51704 tag=467 value=1 
D 22:10:22.2248483 PowerTaskList.DebugPrintPower() -     SHOW_ENTITY - Updating Entity=[entityName=UNKNOWN ENTITY [cardType=INVALID] id=11 zone=DECK zonePos=0 cardId= player=1] CardID=BT_724
D 22:10:22.2248483 PowerTaskList.DebugPrintPower() -         tag=CONTROLLER value=1
D 22:10:22.2248483 PowerTaskList.DebugPrintPower() -         tag=CARDTYPE value=MINION
D 22:10:22.2248483 PowerTaskList.DebugPrintPower() -         tag=TAG_LAST_KNOWN_COST_IN_HAND value=1
D 22:10:22.2248483 PowerTaskList.DebugPrintPower() -         tag=479 value=2
D 22:10:22.2248483 PowerTaskList.DebugPrintPower() -         tag=COST value=1
D 22:10:22.2248483 PowerTaskList.DebugPrintPower() -         tag=ATK value=2
D 22:10:22.2248483 PowerTaskList.DebugPrintPower() -         tag=HEALTH value=1
D 22:10:22.2248483 PowerTaskList.DebugPrintPower() -         tag=ZONE value=HAND
D 22:10:22.2248483 PowerTaskList.DebugPrintPower() -         tag=ENTITY_ID value=11
D 22:10:22.2248483 PowerTaskList.DebugPrintPower() -         tag=CLASS value=NEUTRAL
D 22:10:22.2248483 PowerTaskList.DebugPrintPower() -         tag=RARITY value=COMMON
D 22:10:22.2248483 PowerTaskList.DebugPrintPower() -         tag=BATTLECRY value=1
D 22:10:22.2248483 PowerTaskList.DebugPrintPower() -         tag=478 value=1
D 22:10:22.2248483 PowerTaskList.DebugPrintPower() -         tag=1037 value=1
D 22:10:22.2248483 PowerTaskList.DebugPrintPower() -         tag=1043 value=1
D 22:10:22.2248483 PowerTaskList.DebugPrintPower() -         tag=1068 value=0
D 22:10:22.2248483 PowerTaskList.DebugPrintPower() -         tag=SPAWN_TIME_COUNT value=1
D 22:10:22.2248483 PowerTaskList.DebugPrintPower() -         tag=HAS_ACTIVATE_POWER value=1
D 22:10:22.2248483 PowerTaskList.DebugPrintPower() -         tag=3085 value=1
D 22:10:22.2248483 PowerTaskList.DebugPrintPower() -         tag=4472 value=2
D 22:10:22.2248483 PowerTaskList.DebugPrintPower() -     TAG_CHANGE Entity=[entityName=UNKNOWN ENTITY [cardType=INVALID] id=11 zone=DECK zonePos=0 cardId= player=1] tag=NUM_TURNS_IN_HAND value=1 
D 22:10:22.2248483 PowerTaskList.DebugPrintPower() -     TAG_CHANGE Entity=[entityName=UNKNOWN ENTITY [cardType=INVALID] id=11 zone=DECK zonePos=0 cardId= player=1] tag=ZONE_POSITION value=4 
D 22:10:22.2248483 PowerTaskList.DebugPrintPower() -     TAG_CHANGE Entity=[entityName=UNKNOWN ENTITY [cardType=INVALID] id=11 zone=DECK zonePos=0 cardId= player=1] tag=ZONE_POSITION value=0 
D 22:10:22.2248483 PowerTaskList.DebugPrintPower() -     TAG_CHANGE Entity=[entityName=UNKNOWN ENTITY [cardType=INVALID] id=11 zone=DECK zonePos=0 cardId= player=1] tag=ZONE_POSITION value=4 
D 22:10:22.2248483 PowerTaskList.DebugPrintPower() -     TAG_CHANGE Entity=湫然#51704 tag=NUM_CARDS_DRAWN_THIS_TURN value=1 
D 22:10:22.2248483 PowerTaskList.DebugPrintPower() -     TAG_CHANGE Entity=湫然#51704 tag=995 value=1 
D 22:10:22.2248483 PowerTaskList.DebugPrintPower() -     TAG_CHANGE Entity=[entityName=UNKNOWN ENTITY [cardType=INVALID] id=11 zone=DECK zonePos=0 cardId= player=1] tag=1570 value=1 
D 22:10:22.2248483 PowerTaskList.DebugPrintPower() -     TAG_CHANGE Entity=湫然#51704 tag=467 value=0 
D 22:10:22.2248483 PowerTaskList.DebugPrintPower() -     TAG_CHANGE Entity=GameEntity tag=NEXT_STEP value=MAIN_ACTION 
D 22:10:22.2248483 PowerTaskList.DebugPrintPower() - BLOCK_END
D 22:10:22.2248483 PowerProcessor.PrepareHistoryForCurrentTaskList() - m_currentTaskList=23
D 22:10:22.7938869 PowerProcessor.EndCurrentTaskList() - m_currentTaskList=23
D 22:10:22.8009320 PowerTaskList.DebugDump() - ID=24 ParentID=0 PreviousID=0 TaskCount=1
D 22:10:22.8009320 PowerTaskList.DebugDump() - Block Start=(null)
D 22:10:22.8009320 PowerTaskList.DebugPrintPower() -     TAG_CHANGE Entity=GameEntity tag=STEP value=MAIN_ACTION 
D 22:10:22.8009320 PowerTaskList.DebugDump() - Block End=(null)
D 22:10:22.8009320 PowerProcessor.PrepareHistoryForCurrentTaskList() - m_currentTaskList=24
D 22:10:22.8009320 PowerProcessor.EndCurrentTaskList() - m_currentTaskList=24
D 22:10:22.8009320 PowerTaskList.DebugDump() - ID=25 ParentID=0 PreviousID=0 TaskCount=1
D 22:10:22.8009320 PowerTaskList.DebugPrintPower() - BLOCK_START BlockType=TRIGGER Entity=湫然#51704 EffectCardId=System.Collections.Generic.List`1[System.String] EffectIndex=-1 Target=0 SubOption=-1 TriggerKeyword=TAG_NOT_SET
D 22:10:22.8009320 PowerTaskList.DebugPrintPower() -     TAG_CHANGE Entity=GameEntity tag=NEXT_STEP value=MAIN_END 
D 22:10:22.8009320 PowerTaskList.DebugPrintPower() - BLOCK_END
D 22:10:22.8009320 PowerProcessor.PrepareHistoryForCurrentTaskList() - m_currentTaskList=25
D 22:10:22.8009320 PowerProcessor.EndCurrentTaskList() - m_currentTaskList=25
D 22:10:24.4097808 GameState.SendOption() - selectedOption=1 selectedSubOption=-1 selectedTarget=0 selectedPosition=0
D 22:10:24.7574301 GameState.DebugPrintPowerList() - Count=53
D 22:10:24.7574301 GameState.DebugPrintPower() - BLOCK_START BlockType=PLAY Entity=[entityName=波涛形塑 id=39 zone=HAND zonePos=3 cardId=TIME_701 player=1] EffectCardId=System.Collections.Generic.List`1[System.String] EffectIndex=0 Target=0 SubOption=-1 
D 22:10:24.7574301 GameState.DebugPrintPower() -     TAG_CHANGE Entity=湫然#51704 tag=2245 value=1 
D 22:10:24.7574301 GameState.DebugPrintPower() -     TAG_CHANGE Entity=湫然#51704 tag=RESOURCES_USED value=1 
D 22:10:24.7574301 GameState.DebugPrintPower() -     TAG_CHANGE Entity=湫然#51704 tag=NUM_RESOURCES_SPENT_THIS_GAME value=1 
D 22:10:24.7574301 GameState.DebugPrintPower() -     TAG_CHANGE Entity=湫然#51704 tag=NUM_CARDS_PLAYED_THIS_TURN value=1 
D 22:10:24.7574301 GameState.DebugPrintPower() -     TAG_CHANGE Entity=湫然#51704 tag=430 value=1 
D 22:10:24.7574301 GameState.DebugPrintPower() -     TAG_CHANGE Entity=[entityName=波涛形塑 id=39 zone=HAND zonePos=3 cardId=TIME_701 player=1] tag=JUST_PLAYED value=1 
D 22:10:24.7574301 GameState.DebugPrintPower() -     TAG_CHANGE Entity=[entityName=波涛形塑 id=39 zone=HAND zonePos=3 cardId=TIME_701 player=1] tag=3557 value=3 
D 22:10:24.7574301 GameState.DebugPrintPower() -     TAG_CHANGE Entity=[entityName=波涛形塑 id=39 zone=HAND zonePos=3 cardId=TIME_701 player=1] tag=1068 value=1 
D 22:10:24.7574301 GameState.DebugPrintPower() -     TAG_CHANGE Entity=[entityName=波涛形塑 id=39 zone=HAND zonePos=3 cardId=TIME_701 player=1] tag=1068 value=0 
D 22:10:24.7574301 GameState.DebugPrintPower() -     TAG_CHANGE Entity=[entityName=虚灵改装师 id=11 zone=HAND zonePos=4 cardId=BT_724 player=1] tag=ZONE_POSITION value=3 
D 22:10:24.7574301 GameState.DebugPrintPower() -     TAG_CHANGE Entity=[entityName=波涛形塑 id=39 zone=HAND zonePos=3 cardId=TIME_701 player=1] tag=ZONE_POSITION value=0 
D 22:10:24.7574301 GameState.DebugPrintPower() -     TAG_CHANGE Entity=[entityName=波涛形塑 id=39 zone=HAND zonePos=3 cardId=TIME_701 player=1] tag=SPAWN_TIME_COUNT value=0 
D 22:10:24.7574301 GameState.DebugPrintPower() -     TAG_CHANGE Entity=[entityName=波涛形塑 id=39 zone=HAND zonePos=3 cardId=TIME_701 player=1] tag=SPAWN_TIME_COUNT value=1 
D 22:10:24.7574301 GameState.DebugPrintPower() -     TAG_CHANGE Entity=[entityName=波涛形塑 id=39 zone=HAND zonePos=3 cardId=TIME_701 player=1] tag=ZONE value=PLAY 
D 22:10:24.7574301 GameState.DebugPrintPower() -     META_DATA - Meta=SLUSH_TIME Data=3000 InfoCount=1
D 22:10:24.7574301 GameState.DebugPrintPower() -                 Info[0] = [entityName=波涛形塑 id=39 zone=HAND zonePos=3 cardId=TIME_701 player=1]
D 22:10:24.7574301 GameState.DebugPrintPower() -     TAG_CHANGE Entity=湫然#51704 tag=NUM_SPELLS_PLAYED_THIS_GAME value=1 
D 22:10:24.7574301 GameState.DebugPrintPower() -     BLOCK_START BlockType=POWER Entity=[entityName=波涛形塑 id=39 zone=HAND zonePos=3 cardId=TIME_701 player=1] EffectCardId=System.Collections.Generic.List`1[System.String] EffectIndex=0 Target=0 SubOption=-1 
D 22:10:24.7574301 GameState.DebugPrintPower() -         META_DATA - Meta=EFFECT_TIMING Data=0 InfoCount=1
D 22:10:24.7574301 GameState.DebugPrintPower() -                     Info[0] = [entityName=波涛形塑 id=39 zone=HAND zonePos=3 cardId=TIME_701 player=1]
D 22:10:24.7574301 GameState.DebugPrintPower() -         META_DATA - Meta=SLUSH_TIME Data=7000 InfoCount=1
D 22:10:24.7574301 GameState.DebugPrintPower() -                     Info[0] = [entityName=波涛形塑 id=39 zone=HAND zonePos=3 cardId=TIME_701 player=1]
D 22:10:24.7574301 GameState.DebugPrintPower() -         META_DATA - Meta=OVERRIDE_HISTORY Data=0 InfoCount=1
D 22:10:24.7574301 GameState.DebugPrintPower() -                     Info[0] = [entityName=波涛形塑 id=39 zone=HAND zonePos=3 cardId=TIME_701 player=1]
D 22:10:24.7574301 GameState.DebugPrintPower() -         FULL_ENTITY - Creating ID=106 CardID=VAC_428
D 22:10:24.7574301 GameState.DebugPrintPower() -             tag=CONTROLLER value=1
D 22:10:24.7574301 GameState.DebugPrintPower() -             tag=CARDTYPE value=SPELL
D 22:10:24.7574301 GameState.DebugPrintPower() -             tag=TAG_LAST_KNOWN_COST_IN_HAND value=1
D 22:10:24.7574301 GameState.DebugPrintPower() -             tag=COST value=1
D 22:10:24.7574301 GameState.DebugPrintPower() -             tag=ZONE value=SETASIDE
D 22:10:24.7574301 GameState.DebugPrintPower() -             tag=ENTITY_ID value=106
D 22:10:24.7574301 GameState.DebugPrintPower() -             tag=CLASS value=MAGE
D 22:10:24.7574301 GameState.DebugPrintPower() -             tag=RARITY value=EPIC
D 22:10:24.7574301 GameState.DebugPrintPower() -             tag=CREATOR value=39
D 22:10:24.7574301 GameState.DebugPrintPower() -             tag=1037 value=1
D 22:10:24.7574301 GameState.DebugPrintPower() -             tag=CREATOR_DBID value=120746
D 22:10:24.7574301 GameState.DebugPrintPower() -             tag=SPAWN_TIME_COUNT value=1
D 22:10:24.7574301 GameState.DebugPrintPower() -             tag=4901 value=1
D 22:10:24.7574301 GameState.DebugPrintPower() -         TAG_CHANGE Entity=106 tag=4901 value=0 
D 22:10:24.7574301 GameState.DebugPrintPower() -         TAG_CHANGE Entity=106 tag=4741 value=1 
D 22:10:24.7574301 GameState.DebugPrintPower() -         TAG_CHANGE Entity=106 tag=COPIED_FROM_ENTITY_ID value=29 
D 22:10:24.7574301 GameState.DebugPrintPower() -         TAG_CHANGE Entity=106 tag=3669 value=1 
D 22:10:24.7574301 GameState.DebugPrintPower() -         TAG_CHANGE Entity=106 tag=LINKED_ENTITY value=29 
D 22:10:24.7574301 GameState.DebugPrintPower() -         FULL_ENTITY - Creating ID=107 CardID=AV_295
D 22:10:24.7574301 GameState.DebugPrintPower() -             tag=CONTROLLER value=1
D 22:10:24.7574301 GameState.DebugPrintPower() -             tag=CARDTYPE value=SPELL
D 22:10:24.7574301 GameState.DebugPrintPower() -             tag=TAG_LAST_KNOWN_COST_IN_HAND value=2
D 22:10:24.7574301 GameState.DebugPrintPower() -             tag=COST value=2
D 22:10:24.7574301 GameState.DebugPrintPower() -             tag=ZONE value=SETASIDE
D 22:10:24.7574301 GameState.DebugPrintPower() -             tag=ENTITY_ID value=107
D 22:10:24.7574301 GameState.DebugPrintPower() -             tag=CLASS value=DRUID
D 22:10:24.7574301 GameState.DebugPrintPower() -             tag=RARITY value=EPIC
D 22:10:24.7574301 GameState.DebugPrintPower() -             tag=CREATOR value=39
D 22:10:24.7574301 GameState.DebugPrintPower() -             tag=CHOOSE_ONE value=1
D 22:10:24.7574301 GameState.DebugPrintPower() -             tag=1037 value=1
D 22:10:24.7574301 GameState.DebugPrintPower() -             tag=CREATOR_DBID value=120746
D 22:10:24.7574301 GameState.DebugPrintPower() -             tag=SPAWN_TIME_COUNT value=1
D 22:10:24.7574301 GameState.DebugPrintPower() -             tag=4901 value=1
D 22:10:24.7574301 GameState.DebugPrintPower() -         TAG_CHANGE Entity=107 tag=4901 value=0 
D 22:10:24.7574301 GameState.DebugPrintPower() -         FULL_ENTITY - Creating ID=108 CardID=AV_295a
D 22:10:24.7574301 GameState.DebugPrintPower() -             tag=CONTROLLER value=1
D 22:10:24.7574301 GameState.DebugPrintPower() -             tag=CARDTYPE value=SPELL
D 22:10:24.7574301 GameState.DebugPrintPower() -             tag=TAG_LAST_KNOWN_COST_IN_HAND value=2
D 22:10:24.7574301 GameState.DebugPrintPower() -             tag=COST value=2
D 22:10:24.7574301 GameState.DebugPrintPower() -             tag=ZONE value=SETASIDE
D 22:10:24.7574301 GameState.DebugPrintPower() -             tag=ENTITY_ID value=108
D 22:10:24.7574301 GameState.DebugPrintPower() -             tag=CLASS value=DRUID
D 22:10:24.7574301 GameState.DebugPrintPower() -             tag=CREATOR value=107
D 22:10:24.7574301 GameState.DebugPrintPower() -             tag=1037 value=1
D 22:10:24.7574301 GameState.DebugPrintPower() -             tag=CREATOR_DBID value=70320
D 22:10:24.7574301 GameState.DebugPrintPower() -             tag=SPAWN_TIME_COUNT value=1
D 22:10:24.7574301 GameState.DebugPrintPower() -             tag=4901 value=1
D 22:10:24.7574301 GameState.DebugPrintPower() -         TAG_CHANGE Entity=108 tag=4901 value=0 
D 22:10:24.7574301 GameState.DebugPrintPower() -         TAG_CHANGE Entity=108 tag=PARENT_CARD value=107 
D 22:10:24.7574301 GameState.DebugPrintPower() -         FULL_ENTITY - Creating ID=109 CardID=AV_295b
D 22:10:24.7574301 GameState.DebugPrintPower() -             tag=CONTROLLER value=1
D 22:10:24.7574301 GameState.DebugPrintPower() -             tag=CARDTYPE value=SPELL
D 22:10:24.7574301 GameState.DebugPrintPower() -             tag=TAG_LAST_KNOWN_COST_IN_HAND value=2
D 22:10:24.7574301 GameState.DebugPrintPower() -             tag=COST value=2
D 22:10:24.7574301 GameState.DebugPrintPower() -             tag=ZONE value=SETASIDE
D 22:10:24.7574301 GameState.DebugPrintPower() -             tag=ENTITY_ID value=109
D 22:10:24.7574301 GameState.DebugPrintPower() -             tag=CLASS value=DRUID
D 22:10:24.7574301 GameState.DebugPrintPower() -             tag=CREATOR value=107
D 22:10:24.7574301 GameState.DebugPrintPower() -             tag=1037 value=1
D 22:10:24.7574301 GameState.DebugPrintPower() -             tag=CREATOR_DBID value=70320
D 22:10:24.7574301 GameState.DebugPrintPower() -             tag=SPAWN_TIME_COUNT value=1
D 22:10:24.7574301 GameState.DebugPrintPower() -             tag=4901 value=1
D 22:10:24.7574301 GameState.DebugPrintPower() -         TAG_CHANGE Entity=109 tag=4901 value=0 
D 22:10:24.7574301 GameState.DebugPrintPower() -         TAG_CHANGE Entity=109 tag=PARENT_CARD value=107 
D 22:10:24.7574301 GameState.DebugPrintPower() -         TAG_CHANGE Entity=107 tag=4741 value=1 
D 22:10:24.7574301 GameState.DebugPrintPower() -         TAG_CHANGE Entity=107 tag=COPIED_FROM_ENTITY_ID value=16 
D 22:10:24.7574301 GameState.DebugPrintPower() -         TAG_CHANGE Entity=107 tag=3669 value=1 
D 22:10:24.7574301 GameState.DebugPrintPower() -         TAG_CHANGE Entity=107 tag=LINKED_ENTITY value=16 
D 22:10:24.7574301 GameState.DebugPrintPower() -         FULL_ENTITY - Creating ID=110 CardID=TTN_955
D 22:10:24.7574301 GameState.DebugPrintPower() -             tag=CONTROLLER value=1
D 22:10:24.7574301 GameState.DebugPrintPower() -             tag=CARDTYPE value=SPELL
D 22:10:24.7574301 GameState.DebugPrintPower() -             tag=TAG_LAST_KNOWN_COST_IN_HAND value=2
D 22:10:24.7574301 GameState.DebugPrintPower() -             tag=COST value=2
D 22:10:24.7574301 GameState.DebugPrintPower() -             tag=PREMIUM value=1
D 22:10:24.7574301 GameState.DebugPrintPower() -             tag=ZONE value=SETASIDE
D 22:10:24.7574301 GameState.DebugPrintPower() -             tag=ENTITY_ID value=110
D 22:10:24.7574301 GameState.DebugPrintPower() -             tag=CLASS value=DRUID
D 22:10:24.7574301 GameState.DebugPrintPower() -             tag=RARITY value=COMMON
D 22:10:24.7574301 GameState.DebugPrintPower() -             tag=CREATOR value=39
D 22:10:24.7574301 GameState.DebugPrintPower() -             tag=CHOOSE_ONE value=1
D 22:10:24.7574301 GameState.DebugPrintPower() -             tag=1037 value=1
D 22:10:24.7574301 GameState.DebugPrintPower() -             tag=CREATOR_DBID value=120746
D 22:10:24.7574301 GameState.DebugPrintPower() -             tag=SPAWN_TIME_COUNT value=1
D 22:10:24.7574301 GameState.DebugPrintPower() -             tag=SPELL_SCHOOL value=4
D 22:10:24.7574301 GameState.DebugPrintPower() -             tag=4901 value=1
D 22:10:24.7574301 GameState.DebugPrintPower() -         TAG_CHANGE Entity=110 tag=4901 value=0 
D 22:10:24.7574301 GameState.DebugPrintPower() -         FULL_ENTITY - Creating ID=111 CardID=TTN_955A
D 22:10:24.7574301 GameState.DebugPrintPower() -             tag=CONTROLLER value=1
D 22:10:24.7574301 GameState.DebugPrintPower() -             tag=CARDTYPE value=SPELL
D 22:10:24.7574301 GameState.DebugPrintPower() -             tag=TAG_LAST_KNOWN_COST_IN_HAND value=2
D 22:10:24.7574301 GameState.DebugPrintPower() -             tag=COST value=2
D 22:10:24.7574301 GameState.DebugPrintPower() -             tag=PREMIUM value=1
D 22:10:24.7574301 GameState.DebugPrintPower() -             tag=ZONE value=SETASIDE
D 22:10:24.7574301 GameState.DebugPrintPower() -             tag=ENTITY_ID value=111
D 22:10:24.7574301 GameState.DebugPrintPower() -             tag=CLASS value=DRUID
D 22:10:24.7574301 GameState.DebugPrintPower() -             tag=CREATOR value=110
D 22:10:24.7574301 GameState.DebugPrintPower() -             tag=1037 value=1
D 22:10:24.7574301 GameState.DebugPrintPower() -             tag=CREATOR_DBID value=100093
D 22:10:24.7574301 GameState.DebugPrintPower() -             tag=SPAWN_TIME_COUNT value=1
D 22:10:24.7574301 GameState.DebugPrintPower() -             tag=SPELL_SCHOOL value=4
D 22:10:24.7574301 GameState.DebugPrintPower() -             tag=4901 value=1
D 22:10:24.7574301 GameState.DebugPrintPower() -         TAG_CHANGE Entity=111 tag=4901 value=0 
D 22:10:24.7574301 GameState.DebugPrintPower() -         TAG_CHANGE Entity=111 tag=PARENT_CARD value=110 
D 22:10:24.7574301 GameState.DebugPrintPower() -         FULL_ENTITY - Creating ID=112 CardID=TTN_955B
D 22:10:24.7574301 GameState.DebugPrintPower() -             tag=CONTROLLER value=1
D 22:10:24.7574301 GameState.DebugPrintPower() -             tag=CARDTYPE value=SPELL
D 22:10:24.7574301 GameState.DebugPrintPower() -             tag=TAG_LAST_KNOWN_COST_IN_HAND value=2
D 22:10:24.7574301 GameState.DebugPrintPower() -             tag=COST value=2
D 22:10:24.7574301 GameState.DebugPrintPower() -             tag=PREMIUM value=1
D 22:10:24.7574301 GameState.DebugPrintPower() -             tag=ZONE value=SETASIDE
D 22:10:24.7574301 GameState.DebugPrintPower() -             tag=ENTITY_ID value=112
D 22:10:24.7574301 GameState.DebugPrintPower() -             tag=CLASS value=DRUID
D 22:10:24.7574301 GameState.DebugPrintPower() -             tag=CREATOR value=110
D 22:10:24.7574301 GameState.DebugPrintPower() -             tag=1037 value=1
D 22:10:24.7574301 GameState.DebugPrintPower() -             tag=CREATOR_DBID value=100093
D 22:10:24.7574301 GameState.DebugPrintPower() -             tag=SPAWN_TIME_COUNT value=1
D 22:10:24.7574301 GameState.DebugPrintPower() -             tag=SPELL_SCHOOL value=4
D 22:10:24.7574301 GameState.DebugPrintPower() -             tag=4901 value=1
D 22:10:24.7574301 GameState.DebugPrintPower() -         TAG_CHANGE Entity=112 tag=4901 value=0 
D 22:10:24.7574301 GameState.DebugPrintPower() -         TAG_CHANGE Entity=112 tag=PARENT_CARD value=110 
D 22:10:24.7574301 GameState.DebugPrintPower() -         TAG_CHANGE Entity=110 tag=4741 value=1 
D 22:10:24.7574301 GameState.DebugPrintPower() -         TAG_CHANGE Entity=110 tag=COPIED_FROM_ENTITY_ID value=6 
D 22:10:24.7574301 GameState.DebugPrintPower() -         TAG_CHANGE Entity=110 tag=3669 value=1 
D 22:10:24.7574301 GameState.DebugPrintPower() -         TAG_CHANGE Entity=110 tag=LINKED_ENTITY value=6 
D 22:10:24.7574301 GameState.DebugPrintPower() -         SUB_SPELL_START - SpellPrefabGUID=ReuseFX_Water_BuffImpact_Heal_Super:80e4fa2f87fa73a4c9702a5f6a666f59 Source=90 TargetCount=1
D 22:10:24.7574301 GameState.DebugPrintPower() -                           Source = [entityName=嘲风望月露娜拉 id=90 zone=PLAY zonePos=0 cardId=HERO_06bi player=1]
D 22:10:24.7574301 GameState.DebugPrintPower() -                           Targets[0] = [entityName=嘲风望月露娜拉 id=90 zone=PLAY zonePos=0 cardId=HERO_06bi player=1]
D 22:10:24.7574301 GameState.DebugPrintPower() -         SUB_SPELL_END
D 22:10:24.7574301 PowerTaskList.DebugDump() - ID=26 ParentID=0 PreviousID=0 TaskCount=16
D 22:10:24.7574301 PowerTaskList.DebugPrintPower() - BLOCK_START BlockType=PLAY Entity=[entityName=波涛形塑 id=39 zone=HAND zonePos=3 cardId=TIME_701 player=1] EffectCardId=System.Collections.Generic.List`1[System.String] EffectIndex=0 Target=0 SubOption=-1 
D 22:10:24.7574301 PowerTaskList.DebugPrintPower() -     TAG_CHANGE Entity=湫然#51704 tag=2245 value=1 
D 22:10:24.7574301 PowerTaskList.DebugPrintPower() -     TAG_CHANGE Entity=湫然#51704 tag=RESOURCES_USED value=1 
D 22:10:24.7574301 PowerTaskList.DebugPrintPower() -     TAG_CHANGE Entity=湫然#51704 tag=NUM_RESOURCES_SPENT_THIS_GAME value=1 
D 22:10:24.7574301 PowerTaskList.DebugPrintPower() -     TAG_CHANGE Entity=湫然#51704 tag=NUM_CARDS_PLAYED_THIS_TURN value=1 
D 22:10:24.7574301 PowerTaskList.DebugPrintPower() -     TAG_CHANGE Entity=湫然#51704 tag=430 value=1 
D 22:10:24.7574301 PowerTaskList.DebugPrintPower() -     TAG_CHANGE Entity=[entityName=波涛形塑 id=39 zone=HAND zonePos=3 cardId=TIME_701 player=1] tag=JUST_PLAYED value=1 
D 22:10:24.7574301 PowerTaskList.DebugPrintPower() -     TAG_CHANGE Entity=[entityName=波涛形塑 id=39 zone=HAND zonePos=3 cardId=TIME_701 player=1] tag=3557 value=3 
D 22:10:24.7574301 PowerTaskList.DebugPrintPower() -     TAG_CHANGE Entity=[entityName=波涛形塑 id=39 zone=HAND zonePos=3 cardId=TIME_701 player=1] tag=1068 value=1 
D 22:10:24.7574301 PowerTaskList.DebugPrintPower() -     TAG_CHANGE Entity=[entityName=波涛形塑 id=39 zone=HAND zonePos=3 cardId=TIME_701 player=1] tag=1068 value=0 
D 22:10:24.7574301 PowerTaskList.DebugPrintPower() -     TAG_CHANGE Entity=[entityName=虚灵改装师 id=11 zone=HAND zonePos=4 cardId=BT_724 player=1] tag=ZONE_POSITION value=3 
D 22:10:24.7574301 PowerTaskList.DebugPrintPower() -     TAG_CHANGE Entity=[entityName=波涛形塑 id=39 zone=HAND zonePos=3 cardId=TIME_701 player=1] tag=ZONE_POSITION value=0 
D 22:10:24.7574301 PowerTaskList.DebugPrintPower() -     TAG_CHANGE Entity=[entityName=波涛形塑 id=39 zone=HAND zonePos=3 cardId=TIME_701 player=1] tag=SPAWN_TIME_COUNT value=0 
D 22:10:24.7574301 PowerTaskList.DebugPrintPower() -     TAG_CHANGE Entity=[entityName=波涛形塑 id=39 zone=HAND zonePos=3 cardId=TIME_701 player=1] tag=SPAWN_TIME_COUNT value=1 
D 22:10:24.7574301 PowerTaskList.DebugPrintPower() -     TAG_CHANGE Entity=[entityName=波涛形塑 id=39 zone=HAND zonePos=3 cardId=TIME_701 player=1] tag=ZONE value=PLAY 
D 22:10:24.7574301 PowerTaskList.DebugPrintPower() -     META_DATA - Meta=SLUSH_TIME Data=3000 InfoCount=1
D 22:10:24.7574301 PowerTaskList.DebugPrintPower() -                 Info[0] = [entityName=波涛形塑 id=39 zone=HAND zonePos=3 cardId=TIME_701 player=1]
D 22:10:24.7574301 PowerTaskList.DebugPrintPower() -     TAG_CHANGE Entity=湫然#51704 tag=NUM_SPELLS_PLAYED_THIS_GAME value=1 
D 22:10:24.7574301 PowerTaskList.DebugDump() - Block End=(null)
D 22:10:24.7574301 PowerProcessor.PrepareHistoryForCurrentTaskList() - m_currentTaskList=26
D 22:10:24.7574301 PowerProcessor.DoTaskListForCard() - unhandled BlockType PLAY for sourceEntity [entityName=波涛形塑 id=39 zone=HAND zonePos=3 cardId=TIME_701 player=1]
D 22:10:24.7695516 GameState.DebugPrintEntityChoices() - id=3 Player=湫然#51704 TaskList=29 ChoiceType=GENERAL CountMin=1 CountMax=1
D 22:10:24.7695516 GameState.DebugPrintEntityChoices() -   Source=[entityName=波涛形塑 id=39 zone=PLAY zonePos=0 cardId=TIME_701 player=1]
D 22:10:24.7695516 GameState.DebugPrintEntityChoices() -   Entities[0]=[entityName=顺水漂流 id=106 zone=SETASIDE zonePos=0 cardId=VAC_428 player=1]
D 22:10:24.7695516 GameState.DebugPrintEntityChoices() -   Entities[1]=[entityName=占领冷齿矿洞 id=107 zone=SETASIDE zonePos=0 cardId=AV_295 player=1]
D 22:10:24.7695516 GameState.DebugPrintEntityChoices() -   Entities[2]=[entityName=生命缚誓者的礼物 id=110 zone=SETASIDE zonePos=0 cardId=TTN_955 player=1]
D 22:10:24.7695516 ChoiceCardMgr.WaitThenShowChoices() - id=3 WAIT for taskList 29
D 22:10:24.7695516 PowerProcessor.EndCurrentTaskList() - m_currentTaskList=26
D 22:10:24.7770730 PowerTaskList.DebugDump() - ID=27 ParentID=26 PreviousID=0 TaskCount=33
D 22:10:24.7770730 PowerTaskList.DebugPrintPower() - BLOCK_START BlockType=POWER Entity=[entityName=波涛形塑 id=39 zone=PLAY zonePos=0 cardId=TIME_701 player=1] EffectCardId=System.Collections.Generic.List`1[System.String] EffectIndex=0 Target=0 SubOption=-1 
D 22:10:24.7770730 PowerTaskList.DebugPrintPower() -     META_DATA - Meta=EFFECT_TIMING Data=0 InfoCount=1
D 22:10:24.7770730 PowerTaskList.DebugPrintPower() -                 Info[0] = [entityName=波涛形塑 id=39 zone=PLAY zonePos=0 cardId=TIME_701 player=1]
D 22:10:24.7770730 PowerTaskList.DebugPrintPower() -     META_DATA - Meta=SLUSH_TIME Data=7000 InfoCount=1
D 22:10:24.7770730 PowerTaskList.DebugPrintPower() -                 Info[0] = [entityName=波涛形塑 id=39 zone=PLAY zonePos=0 cardId=TIME_701 player=1]
D 22:10:24.7770730 PowerTaskList.DebugPrintPower() -     META_DATA - Meta=OVERRIDE_HISTORY Data=0 InfoCount=1
D 22:10:24.7770730 PowerTaskList.DebugPrintPower() -                 Info[0] = [entityName=波涛形塑 id=39 zone=PLAY zonePos=0 cardId=TIME_701 player=1]
D 22:10:24.7770730 PowerTaskList.DebugPrintPower() -     FULL_ENTITY - Updating [entityName=顺水漂流 id=106 zone=SETASIDE zonePos=0 cardId=VAC_428 player=1] CardID=VAC_428
D 22:10:24.7770730 PowerTaskList.DebugPrintPower() -         tag=CONTROLLER value=1
D 22:10:24.7770730 PowerTaskList.DebugPrintPower() -         tag=CARDTYPE value=SPELL
D 22:10:24.7770730 PowerTaskList.DebugPrintPower() -         tag=TAG_LAST_KNOWN_COST_IN_HAND value=1
D 22:10:24.7770730 PowerTaskList.DebugPrintPower() -         tag=COST value=1
D 22:10:24.7770730 PowerTaskList.DebugPrintPower() -         tag=ZONE value=SETASIDE
D 22:10:24.7770730 PowerTaskList.DebugPrintPower() -         tag=ENTITY_ID value=106
D 22:10:24.7770730 PowerTaskList.DebugPrintPower() -         tag=CLASS value=MAGE
D 22:10:24.7770730 PowerTaskList.DebugPrintPower() -         tag=RARITY value=EPIC
D 22:10:24.7770730 PowerTaskList.DebugPrintPower() -         tag=CREATOR value=39
D 22:10:24.7770730 PowerTaskList.DebugPrintPower() -         tag=1037 value=1
D 22:10:24.7770730 PowerTaskList.DebugPrintPower() -         tag=CREATOR_DBID value=120746
D 22:10:24.7770730 PowerTaskList.DebugPrintPower() -         tag=SPAWN_TIME_COUNT value=1
D 22:10:24.7770730 PowerTaskList.DebugPrintPower() -         tag=4901 value=1
D 22:10:24.7770730 PowerTaskList.DebugPrintPower() -     TAG_CHANGE Entity=[entityName=顺水漂流 id=106 zone=SETASIDE zonePos=0 cardId=VAC_428 player=1] tag=4901 value=0 
D 22:10:24.7770730 PowerTaskList.DebugPrintPower() -     TAG_CHANGE Entity=[entityName=顺水漂流 id=106 zone=SETASIDE zonePos=0 cardId=VAC_428 player=1] tag=4741 value=1 
D 22:10:24.7770730 PowerTaskList.DebugPrintPower() -     TAG_CHANGE Entity=[entityName=顺水漂流 id=106 zone=SETASIDE zonePos=0 cardId=VAC_428 player=1] tag=COPIED_FROM_ENTITY_ID value=29 
D 22:10:24.7770730 PowerTaskList.DebugPrintPower() -     TAG_CHANGE Entity=[entityName=顺水漂流 id=106 zone=SETASIDE zonePos=0 cardId=VAC_428 player=1] tag=3669 value=1 
D 22:10:24.7770730 PowerTaskList.DebugPrintPower() -     TAG_CHANGE Entity=[entityName=顺水漂流 id=106 zone=SETASIDE zonePos=0 cardId=VAC_428 player=1] tag=LINKED_ENTITY value=29 
D 22:10:24.7770730 PowerTaskList.DebugPrintPower() -     FULL_ENTITY - Updating [entityName=占领冷齿矿洞 id=107 zone=SETASIDE zonePos=0 cardId=AV_295 player=1] CardID=AV_295
D 22:10:24.7770730 PowerTaskList.DebugPrintPower() -         tag=CONTROLLER value=1
D 22:10:24.7770730 PowerTaskList.DebugPrintPower() -         tag=CARDTYPE value=SPELL
D 22:10:24.7770730 PowerTaskList.DebugPrintPower() -         tag=TAG_LAST_KNOWN_COST_IN_HAND value=2
D 22:10:24.7770730 PowerTaskList.DebugPrintPower() -         tag=COST value=2
D 22:10:24.7770730 PowerTaskList.DebugPrintPower() -         tag=ZONE value=SETASIDE
D 22:10:24.7770730 PowerTaskList.DebugPrintPower() -         tag=ENTITY_ID value=107
D 22:10:24.7770730 PowerTaskList.DebugPrintPower() -         tag=CLASS value=DRUID
D 22:10:24.7770730 PowerTaskList.DebugPrintPower() -         tag=RARITY value=EPIC
D 22:10:24.7770730 PowerTaskList.DebugPrintPower() -         tag=CREATOR value=39
D 22:10:24.7770730 PowerTaskList.DebugPrintPower() -         tag=CHOOSE_ONE value=1
D 22:10:24.7770730 PowerTaskList.DebugPrintPower() -         tag=1037 value=1
D 22:10:24.7770730 PowerTaskList.DebugPrintPower() -         tag=CREATOR_DBID value=120746
D 22:10:24.7770730 PowerTaskList.DebugPrintPower() -         tag=SPAWN_TIME_COUNT value=1
D 22:10:24.7770730 PowerTaskList.DebugPrintPower() -         tag=4901 value=1
D 22:10:24.7770730 PowerTaskList.DebugPrintPower() -     TAG_CHANGE Entity=[entityName=占领冷齿矿洞 id=107 zone=SETASIDE zonePos=0 cardId=AV_295 player=1] tag=4901 value=0 
D 22:10:24.7770730 PowerTaskList.DebugPrintPower() -     FULL_ENTITY - Updating [entityName=更多资源 id=108 zone=SETASIDE zonePos=0 cardId=AV_295a player=1] CardID=AV_295a
D 22:10:24.7770730 PowerTaskList.DebugPrintPower() -         tag=CONTROLLER value=1
D 22:10:24.7770730 PowerTaskList.DebugPrintPower() -         tag=CARDTYPE value=SPELL
D 22:10:24.7770730 PowerTaskList.DebugPrintPower() -         tag=TAG_LAST_KNOWN_COST_IN_HAND value=2
D 22:10:24.7770730 PowerTaskList.DebugPrintPower() -         tag=COST value=2
D 22:10:24.7770730 PowerTaskList.DebugPrintPower() -         tag=ZONE value=SETASIDE
D 22:10:24.7770730 PowerTaskList.DebugPrintPower() -         tag=ENTITY_ID value=108
D 22:10:24.7770730 PowerTaskList.DebugPrintPower() -         tag=CLASS value=DRUID
D 22:10:24.7770730 PowerTaskList.DebugPrintPower() -         tag=CREATOR value=107
D 22:10:24.7770730 PowerTaskList.DebugPrintPower() -         tag=1037 value=1
D 22:10:24.7770730 PowerTaskList.DebugPrintPower() -         tag=CREATOR_DBID value=70320
D 22:10:24.7770730 PowerTaskList.DebugPrintPower() -         tag=SPAWN_TIME_COUNT value=1
D 22:10:24.7770730 PowerTaskList.DebugPrintPower() -         tag=4901 value=1
D 22:10:24.7770730 PowerTaskList.DebugPrintPower() -     TAG_CHANGE Entity=[entityName=更多资源 id=108 zone=SETASIDE zonePos=0 cardId=AV_295a player=1] tag=4901 value=0 
D 22:10:24.7770730 PowerTaskList.DebugPrintPower() -     TAG_CHANGE Entity=[entityName=更多资源 id=108 zone=SETASIDE zonePos=0 cardId=AV_295a player=1] tag=PARENT_CARD value=107 
D 22:10:24.7770730 PowerTaskList.DebugPrintPower() -     FULL_ENTITY - Updating [entityName=更多补给 id=109 zone=SETASIDE zonePos=0 cardId=AV_295b player=1] CardID=AV_295b
D 22:10:24.7770730 PowerTaskList.DebugPrintPower() -         tag=CONTROLLER value=1
D 22:10:24.7770730 PowerTaskList.DebugPrintPower() -         tag=CARDTYPE value=SPELL
D 22:10:24.7770730 PowerTaskList.DebugPrintPower() -         tag=TAG_LAST_KNOWN_COST_IN_HAND value=2
D 22:10:24.7770730 PowerTaskList.DebugPrintPower() -         tag=COST value=2
D 22:10:24.7770730 PowerTaskList.DebugPrintPower() -         tag=ZONE value=SETASIDE
D 22:10:24.7770730 PowerTaskList.DebugPrintPower() -         tag=ENTITY_ID value=109
D 22:10:24.7770730 PowerTaskList.DebugPrintPower() -         tag=CLASS value=DRUID
D 22:10:24.7770730 PowerTaskList.DebugPrintPower() -         tag=CREATOR value=107
D 22:10:24.7770730 PowerTaskList.DebugPrintPower() -         tag=1037 value=1
D 22:10:24.7770730 PowerTaskList.DebugPrintPower() -         tag=CREATOR_DBID value=70320
D 22:10:24.7770730 PowerTaskList.DebugPrintPower() -         tag=SPAWN_TIME_COUNT value=1
D 22:10:24.7770730 PowerTaskList.DebugPrintPower() -         tag=4901 value=1
D 22:10:24.7770730 PowerTaskList.DebugPrintPower() -     TAG_CHANGE Entity=[entityName=更多补给 id=109 zone=SETASIDE zonePos=0 cardId=AV_295b player=1] tag=4901 value=0 
D 22:10:24.7770730 PowerTaskList.DebugPrintPower() -     TAG_CHANGE Entity=[entityName=更多补给 id=109 zone=SETASIDE zonePos=0 cardId=AV_295b player=1] tag=PARENT_CARD value=107 
D 22:10:24.7770730 PowerTaskList.DebugPrintPower() -     TAG_CHANGE Entity=[entityName=占领冷齿矿洞 id=107 zone=SETASIDE zonePos=0 cardId=AV_295 player=1] tag=4741 value=1 
D 22:10:24.7770730 PowerTaskList.DebugPrintPower() -     TAG_CHANGE Entity=[entityName=占领冷齿矿洞 id=107 zone=SETASIDE zonePos=0 cardId=AV_295 player=1] tag=COPIED_FROM_ENTITY_ID value=16 
D 22:10:24.7770730 PowerTaskList.DebugPrintPower() -     TAG_CHANGE Entity=[entityName=占领冷齿矿洞 id=107 zone=SETASIDE zonePos=0 cardId=AV_295 player=1] tag=3669 value=1 
D 22:10:24.7770730 PowerTaskList.DebugPrintPower() -     TAG_CHANGE Entity=[entityName=占领冷齿矿洞 id=107 zone=SETASIDE zonePos=0 cardId=AV_295 player=1] tag=LINKED_ENTITY value=16 
D 22:10:24.7770730 PowerTaskList.DebugPrintPower() -     FULL_ENTITY - Updating [entityName=生命缚誓者的礼物 id=110 zone=SETASIDE zonePos=0 cardId=TTN_955 player=1] CardID=TTN_955
D 22:10:24.7770730 PowerTaskList.DebugPrintPower() -         tag=CONTROLLER value=1
D 22:10:24.7770730 PowerTaskList.DebugPrintPower() -         tag=CARDTYPE value=SPELL
D 22:10:24.7770730 PowerTaskList.DebugPrintPower() -         tag=TAG_LAST_KNOWN_COST_IN_HAND value=2
D 22:10:24.7770730 PowerTaskList.DebugPrintPower() -         tag=COST value=2
D 22:10:24.7770730 PowerTaskList.DebugPrintPower() -         tag=PREMIUM value=1
D 22:10:24.7770730 PowerTaskList.DebugPrintPower() -         tag=ZONE value=SETASIDE
D 22:10:24.7770730 PowerTaskList.DebugPrintPower() -         tag=ENTITY_ID value=110
D 22:10:24.7770730 PowerTaskList.DebugPrintPower() -         tag=CLASS value=DRUID
D 22:10:24.7770730 PowerTaskList.DebugPrintPower() -         tag=RARITY value=COMMON
D 22:10:24.7770730 PowerTaskList.DebugPrintPower() -         tag=CREATOR value=39
D 22:10:24.7770730 PowerTaskList.DebugPrintPower() -         tag=CHOOSE_ONE value=1
D 22:10:24.7770730 PowerTaskList.DebugPrintPower() -         tag=1037 value=1
D 22:10:24.7770730 PowerTaskList.DebugPrintPower() -         tag=CREATOR_DBID value=120746
D 22:10:24.7770730 PowerTaskList.DebugPrintPower() -         tag=SPAWN_TIME_COUNT value=1
D 22:10:24.7770730 PowerTaskList.DebugPrintPower() -         tag=SPELL_SCHOOL value=4
D 22:10:24.7770730 PowerTaskList.DebugPrintPower() -         tag=4901 value=1
D 22:10:24.7770730 PowerTaskList.DebugPrintPower() -     TAG_CHANGE Entity=[entityName=生命缚誓者的礼物 id=110 zone=SETASIDE zonePos=0 cardId=TTN_955 player=1] tag=4901 value=0 
D 22:10:24.7770730 PowerTaskList.DebugPrintPower() -     FULL_ENTITY - Updating [entityName=生命缚誓者的绽放 id=111 zone=SETASIDE zonePos=0 cardId=TTN_955A player=1] CardID=TTN_955A
D 22:10:24.7770730 PowerTaskList.DebugPrintPower() -         tag=CONTROLLER value=1
D 22:10:24.7770730 PowerTaskList.DebugPrintPower() -         tag=CARDTYPE value=SPELL
D 22:10:24.7770730 PowerTaskList.DebugPrintPower() -         tag=TAG_LAST_KNOWN_COST_IN_HAND value=2
D 22:10:24.7770730 PowerTaskList.DebugPrintPower() -         tag=COST value=2
D 22:10:24.7770730 PowerTaskList.DebugPrintPower() -         tag=PREMIUM value=1
D 22:10:24.7770730 PowerTaskList.DebugPrintPower() -         tag=ZONE value=SETASIDE
D 22:10:24.7770730 PowerTaskList.DebugPrintPower() -         tag=ENTITY_ID value=111
D 22:10:24.7770730 PowerTaskList.DebugPrintPower() -         tag=CLASS value=DRUID
D 22:10:24.7770730 PowerTaskList.DebugPrintPower() -         tag=CREATOR value=110
D 22:10:24.7770730 PowerTaskList.DebugPrintPower() -         tag=1037 value=1
D 22:10:24.7770730 PowerTaskList.DebugPrintPower() -         tag=CREATOR_DBID value=100093
D 22:10:24.7770730 PowerTaskList.DebugPrintPower() -         tag=SPAWN_TIME_COUNT value=1
D 22:10:24.7770730 PowerTaskList.DebugPrintPower() -         tag=SPELL_SCHOOL value=4
D 22:10:24.7770730 PowerTaskList.DebugPrintPower() -         tag=4901 value=1
D 22:10:24.7770730 PowerTaskList.DebugPrintPower() -     TAG_CHANGE Entity=[entityName=生命缚誓者的绽放 id=111 zone=SETASIDE zonePos=0 cardId=TTN_955A player=1] tag=4901 value=0 
D 22:10:24.7770730 PowerTaskList.DebugPrintPower() -     TAG_CHANGE Entity=[entityName=生命缚誓者的绽放 id=111 zone=SETASIDE zonePos=0 cardId=TTN_955A player=1] tag=PARENT_CARD value=110 
D 22:10:24.7770730 PowerTaskList.DebugPrintPower() -     FULL_ENTITY - Updating [entityName=生命缚誓者的生长 id=112 zone=SETASIDE zonePos=0 cardId=TTN_955B player=1] CardID=TTN_955B
D 22:10:24.7770730 PowerTaskList.DebugPrintPower() -         tag=CONTROLLER value=1
D 22:10:24.7770730 PowerTaskList.DebugPrintPower() -         tag=CARDTYPE value=SPELL
D 22:10:24.7770730 PowerTaskList.DebugPrintPower() -         tag=TAG_LAST_KNOWN_COST_IN_HAND value=2
D 22:10:24.7770730 PowerTaskList.DebugPrintPower() -         tag=COST value=2
D 22:10:24.7770730 PowerTaskList.DebugPrintPower() -         tag=PREMIUM value=1
D 22:10:24.7770730 PowerTaskList.DebugPrintPower() -         tag=ZONE value=SETASIDE
D 22:10:24.7770730 PowerTaskList.DebugPrintPower() -         tag=ENTITY_ID value=112
D 22:10:24.7770730 PowerTaskList.DebugPrintPower() -         tag=CLASS value=DRUID
D 22:10:24.7770730 PowerTaskList.DebugPrintPower() -         tag=CREATOR value=110
D 22:10:24.7770730 PowerTaskList.DebugPrintPower() -         tag=1037 value=1
D 22:10:24.7770730 PowerTaskList.DebugPrintPower() -         tag=CREATOR_DBID value=100093
D 22:10:24.7770730 PowerTaskList.DebugPrintPower() -         tag=SPAWN_TIME_COUNT value=1
D 22:10:24.7770730 PowerTaskList.DebugPrintPower() -         tag=SPELL_SCHOOL value=4
D 22:10:24.7770730 PowerTaskList.DebugPrintPower() -         tag=4901 value=1
D 22:10:24.7770730 PowerTaskList.DebugPrintPower() -     TAG_CHANGE Entity=[entityName=生命缚誓者的生长 id=112 zone=SETASIDE zonePos=0 cardId=TTN_955B player=1] tag=4901 value=0 
D 22:10:24.7770730 PowerTaskList.DebugPrintPower() -     TAG_CHANGE Entity=[entityName=生命缚誓者的生长 id=112 zone=SETASIDE zonePos=0 cardId=TTN_955B player=1] tag=PARENT_CARD value=110 
D 22:10:24.7770730 PowerTaskList.DebugPrintPower() -     TAG_CHANGE Entity=[entityName=生命缚誓者的礼物 id=110 zone=SETASIDE zonePos=0 cardId=TTN_955 player=1] tag=4741 value=1 
D 22:10:24.7770730 PowerTaskList.DebugPrintPower() -     TAG_CHANGE Entity=[entityName=生命缚誓者的礼物 id=110 zone=SETASIDE zonePos=0 cardId=TTN_955 player=1] tag=COPIED_FROM_ENTITY_ID value=6 
D 22:10:24.7770730 PowerTaskList.DebugPrintPower() -     TAG_CHANGE Entity=[entityName=生命缚誓者的礼物 id=110 zone=SETASIDE zonePos=0 cardId=TTN_955 player=1] tag=3669 value=1 
D 22:10:24.7770730 PowerTaskList.DebugPrintPower() -     TAG_CHANGE Entity=[entityName=生命缚誓者的礼物 id=110 zone=SETASIDE zonePos=0 cardId=TTN_955 player=1] tag=LINKED_ENTITY value=6 
D 22:10:24.7770730 PowerTaskList.DebugDump() - Block End=(null)
D 22:10:24.7770730 PowerProcessor.PrepareHistoryForCurrentTaskList() - m_currentTaskList=27
D 22:10:24.9255749 PowerProcessor.EndCurrentTaskList() - m_currentTaskList=27
D 22:10:24.9325981 PowerTaskList.DebugDump() - ID=29 ParentID=26 PreviousID=27 TaskCount=3
D 22:10:24.9325981 PowerTaskList.DebugDump() - Block Start=(null)
D 22:10:24.9325981 PowerTaskList.DebugPrintPower() -     SUB_SPELL_START - SpellPrefabGUID=ReuseFX_Water_BuffImpact_Heal_Super:80e4fa2f87fa73a4c9702a5f6a666f59 Source=90 TargetCount=1
D 22:10:24.9325981 PowerTaskList.DebugPrintPower() -                       Source = [entityName=嘲风望月露娜拉 id=90 zone=PLAY zonePos=0 cardId=HERO_06bi player=1]
D 22:10:24.9325981 PowerTaskList.DebugPrintPower() -                       Targets[0] = [entityName=嘲风望月露娜拉 id=90 zone=PLAY zonePos=0 cardId=HERO_06bi player=1]
D 22:10:24.9325981 PowerTaskList.DebugPrintPower() -     SUB_SPELL_END
D 22:10:24.9325981 PowerTaskList.DebugPrintPower() - SUB_SPELL_END
D 22:10:24.9325981 PowerTaskList.DebugDump() - Block End=(null)
D 22:10:24.9325981 PowerProcessor.PrepareHistoryForCurrentTaskList() - m_currentTaskList=29
D 22:10:24.9830801 PowerProcessor.EndCurrentTaskList() - m_currentTaskList=29
D 22:10:24.9830801 PowerTaskList.DebugDump() - ID=29 ParentID=26 PreviousID=27 TaskCount=3
D 22:10:24.9830801 PowerTaskList.DebugDump() - Block Start=(null)
D 22:10:24.9830801 PowerTaskList.DebugPrintPower() -     SUB_SPELL_START - SpellPrefabGUID=ReuseFX_Water_BuffImpact_Heal_Super:80e4fa2f87fa73a4c9702a5f6a666f59 Source=90 TargetCount=1
D 22:10:24.9830801 PowerTaskList.DebugPrintPower() -                       Source = [entityName=嘲风望月露娜拉 id=90 zone=PLAY zonePos=0 cardId=HERO_06bi player=1]
D 22:10:24.9830801 PowerTaskList.DebugPrintPower() -                       Targets[0] = [entityName=嘲风望月露娜拉 id=90 zone=PLAY zonePos=0 cardId=HERO_06bi player=1]
D 22:10:24.9830801 PowerTaskList.DebugPrintPower() -     SUB_SPELL_END
D 22:10:24.9830801 PowerTaskList.DebugPrintPower() - SUB_SPELL_END
D 22:10:24.9830801 PowerTaskList.DebugDump() - Block End=(null)
D 22:10:24.9830801 PowerProcessor.PrepareHistoryForCurrentTaskList() - m_currentTaskList=29
D 22:10:25.0243709 PowerProcessor.EndCurrentTaskList() - m_currentTaskList=29
D 22:10:25.0243709 ChoiceCardMgr.WaitThenShowChoices() - id=3 BEGIN
D 22:10:26.7153713 GameState.SendChoices() - id=3 ChoiceType=GENERAL
D 22:10:26.7153713 GameState.SendChoices() -   m_chosenEntities[0]=[entityName=占领冷齿矿洞 id=107 zone=SETASIDE zonePos=0 cardId=AV_295 player=1]
D 22:10:26.9572119 GameState.DebugPrintEntitiesChosen() - id=3 Player=湫然#51704 EntitiesCount=1
D 22:10:26.9572119 GameState.DebugPrintEntitiesChosen() -   Entities[0]=[entityName=占领冷齿矿洞 id=107 zone=SETASIDE zonePos=0 cardId=AV_295 player=1]
D 22:10:26.9572119 ChoiceCardMgr.WaitThenHideChoicesFromPacket() - id=3 END WAIT
D 22:10:27.0752415 GameState.DebugPrintPowerList() - Count=32
D 22:10:27.0752415 GameState.DebugPrintPower() - TAG_CHANGE Entity=[entityName=占领冷齿矿洞 id=107 zone=SETASIDE zonePos=0 cardId=AV_295 player=1] tag=4741 value=2 
D 22:10:27.0752415 GameState.DebugPrintPower() - TAG_CHANGE Entity=[entityName=占领冷齿矿洞 id=107 zone=SETASIDE zonePos=0 cardId=AV_295 player=1] tag=LAST_AFFECTED_BY value=39 
D 22:10:27.0752415 GameState.DebugPrintPower() - TAG_CHANGE Entity=[entityName=占领冷齿矿洞 id=107 zone=SETASIDE zonePos=0 cardId=AV_295 player=1] tag=1068 value=4 
D 22:10:27.0752415 GameState.DebugPrintPower() - TAG_CHANGE Entity=[entityName=占领冷齿矿洞 id=107 zone=SETASIDE zonePos=0 cardId=AV_295 player=1] tag=1068 value=0 
D 22:10:27.0752415 GameState.DebugPrintPower() - TAG_CHANGE Entity=[entityName=占领冷齿矿洞 id=107 zone=SETASIDE zonePos=0 cardId=AV_295 player=1] tag=ZONE value=GRAVEYARD 
D 22:10:27.0752415 GameState.DebugPrintPower() - TAG_CHANGE Entity=湫然#51704 tag=2166 value=16 
D 22:10:27.0752415 GameState.DebugPrintPower() - TAG_CHANGE Entity=湫然#51704 tag=467 value=1 
D 22:10:27.0752415 GameState.DebugPrintPower() - SHOW_ENTITY - Updating Entity=[entityName=UNKNOWN ENTITY [cardType=INVALID] id=16 zone=DECK zonePos=0 cardId= player=1] CardID=AV_295
D 22:10:27.0752415 GameState.DebugPrintPower() -     tag=CONTROLLER value=1
D 22:10:27.0752415 GameState.DebugPrintPower() -     tag=CARDTYPE value=SPELL
D 22:10:27.0752415 GameState.DebugPrintPower() -     tag=TAG_LAST_KNOWN_COST_IN_HAND value=2
D 22:10:27.0752415 GameState.DebugPrintPower() -     tag=COST value=2
D 22:10:27.0752415 GameState.DebugPrintPower() -     tag=ZONE value=HAND
D 22:10:27.0752415 GameState.DebugPrintPower() -     tag=ENTITY_ID value=16
D 22:10:27.0752415 GameState.DebugPrintPower() -     tag=CLASS value=DRUID
D 22:10:27.0752415 GameState.DebugPrintPower() -     tag=RARITY value=EPIC
D 22:10:27.0752415 GameState.DebugPrintPower() -     tag=CHOOSE_ONE value=1
D 22:10:27.0752415 GameState.DebugPrintPower() -     tag=478 value=1
D 22:10:27.0752415 GameState.DebugPrintPower() -     tag=1037 value=1
D 22:10:27.0752415 GameState.DebugPrintPower() -     tag=1043 value=1
D 22:10:27.0752415 GameState.DebugPrintPower() -     tag=1068 value=0
D 22:10:27.0752415 GameState.DebugPrintPower() -     tag=SPAWN_TIME_COUNT value=1
D 22:10:27.0752415 GameState.DebugPrintPower() - SHOW_ENTITY - Updating Entity=[entityName=UNKNOWN ENTITY [cardType=INVALID] id=17 zone=SETASIDE zonePos=0 cardId= player=1] CardID=AV_295a
D 22:10:27.0752415 GameState.DebugPrintPower() -     tag=CONTROLLER value=1
D 22:10:27.0752415 GameState.DebugPrintPower() -     tag=CARDTYPE value=SPELL
D 22:10:27.0752415 GameState.DebugPrintPower() -     tag=TAG_LAST_KNOWN_COST_IN_HAND value=2
D 22:10:27.0752415 GameState.DebugPrintPower() -     tag=COST value=2
D 22:10:27.0752415 GameState.DebugPrintPower() -     tag=ZONE value=SETASIDE
D 22:10:27.0752415 GameState.DebugPrintPower() -     tag=ENTITY_ID value=17
D 22:10:27.0752415 GameState.DebugPrintPower() -     tag=CLASS value=DRUID
D 22:10:27.0752415 GameState.DebugPrintPower() -     tag=CREATOR value=16
D 22:10:27.0752415 GameState.DebugPrintPower() -     tag=PARENT_CARD value=16
D 22:10:27.0752415 GameState.DebugPrintPower() -     tag=1068 value=0
D 22:10:27.0752415 GameState.DebugPrintPower() -     tag=CREATOR_DBID value=70320
D 22:10:27.0752415 GameState.DebugPrintPower() -     tag=SPAWN_TIME_COUNT value=1
D 22:10:27.0752415 GameState.DebugPrintPower() -     tag=4901 value=0
D 22:10:27.0752415 GameState.DebugPrintPower() - SHOW_ENTITY - Updating Entity=[entityName=UNKNOWN ENTITY [cardType=INVALID] id=18 zone=SETASIDE zonePos=0 cardId= player=1] CardID=AV_295b
D 22:10:27.0752415 GameState.DebugPrintPower() -     tag=CONTROLLER value=1
D 22:10:27.0752415 GameState.DebugPrintPower() -     tag=CARDTYPE value=SPELL
D 22:10:27.0752415 GameState.DebugPrintPower() -     tag=TAG_LAST_KNOWN_COST_IN_HAND value=2
D 22:10:27.0752415 GameState.DebugPrintPower() -     tag=COST value=2
D 22:10:27.0752415 GameState.DebugPrintPower() -     tag=ZONE value=SETASIDE
D 22:10:27.0752415 GameState.DebugPrintPower() -     tag=ENTITY_ID value=18
D 22:10:27.0752415 GameState.DebugPrintPower() -     tag=CLASS value=DRUID
D 22:10:27.0752415 GameState.DebugPrintPower() -     tag=CREATOR value=16
D 22:10:27.0752415 GameState.DebugPrintPower() -     tag=PARENT_CARD value=16
D 22:10:27.0752415 GameState.DebugPrintPower() -     tag=1068 value=0
D 22:10:27.0752415 GameState.DebugPrintPower() -     tag=CREATOR_DBID value=70320
D 22:10:27.0752415 GameState.DebugPrintPower() -     tag=SPAWN_TIME_COUNT value=1
D 22:10:27.0752415 GameState.DebugPrintPower() -     tag=4901 value=0
D 22:10:27.0752415 GameState.DebugPrintPower() - TAG_CHANGE Entity=[entityName=UNKNOWN ENTITY [cardType=INVALID] id=16 zone=DECK zonePos=0 cardId= player=1] tag=NUM_TURNS_IN_HAND value=1 
D 22:10:27.0752415 GameState.DebugPrintPower() - TAG_CHANGE Entity=[entityName=UNKNOWN ENTITY [cardType=INVALID] id=16 zone=DECK zonePos=0 cardId= player=1] tag=ZONE_POSITION value=4 
D 22:10:27.0752415 GameState.DebugPrintPower() - TAG_CHANGE Entity=[entityName=UNKNOWN ENTITY [cardType=INVALID] id=16 zone=DECK zonePos=0 cardId= player=1] tag=ZONE_POSITION value=0 
D 22:10:27.0752415 GameState.DebugPrintPower() - TAG_CHANGE Entity=[entityName=UNKNOWN ENTITY [cardType=INVALID] id=16 zone=DECK zonePos=0 cardId= player=1] tag=ZONE_POSITION value=4 
D 22:10:27.0752415 GameState.DebugPrintPower() - TAG_CHANGE Entity=湫然#51704 tag=3242 value=1 
D 22:10:27.0752415 GameState.DebugPrintPower() - TAG_CHANGE Entity=湫然#51704 tag=NUM_CARDS_DRAWN_THIS_TURN value=2 
D 22:10:27.0752415 GameState.DebugPrintPower() - TAG_CHANGE Entity=湫然#51704 tag=995 value=2 
D 22:10:27.0752415 GameState.DebugPrintPower() - TAG_CHANGE Entity=[entityName=UNKNOWN ENTITY [cardType=INVALID] id=16 zone=DECK zonePos=0 cardId= player=1] tag=1570 value=1 
D 22:10:27.0752415 GameState.DebugPrintPower() - TAG_CHANGE Entity=湫然#51704 tag=467 value=0 
D 22:10:27.0752415 GameState.DebugPrintPower() - META_DATA - Meta=HISTORY_TARGET Data=0 InfoCount=1
D 22:10:27.0752415 GameState.DebugPrintPower() -             Info[0] = [entityName=UNKNOWN ENTITY [cardType=INVALID] id=16 zone=DECK zonePos=0 cardId= player=1]
D 22:10:27.0752415 GameState.DebugPrintPower() - BLOCK_END
D 22:10:27.0752415 GameState.DebugPrintPower() - TAG_CHANGE Entity=[entityName=波涛形塑 id=39 zone=PLAY zonePos=0 cardId=TIME_701 player=1] tag=1068 value=4 
D 22:10:27.0752415 GameState.DebugPrintPower() - TAG_CHANGE Entity=[entityName=波涛形塑 id=39 zone=PLAY zonePos=0 cardId=TIME_701 player=1] tag=1068 value=0 
D 22:10:27.0752415 GameState.DebugPrintPower() - TAG_CHANGE Entity=[entityName=波涛形塑 id=39 zone=PLAY zonePos=0 cardId=TIME_701 player=1] tag=ZONE value=GRAVEYARD 
D 22:10:27.0752415 GameState.DebugPrintPower() - TAG_CHANGE Entity=[entityName=顺水漂流 id=106 zone=SETASIDE zonePos=0 cardId=VAC_428 player=1] tag=3669 value=0 
D 22:10:27.0752415 GameState.DebugPrintPower() - TAG_CHANGE Entity=[entityName=占领冷齿矿洞 id=107 zone=SETASIDE zonePos=0 cardId=AV_295 player=1] tag=3669 value=0 
D 22:10:27.0752415 GameState.DebugPrintPower() - TAG_CHANGE Entity=[entityName=生命缚誓者的礼物 id=110 zone=SETASIDE zonePos=0 cardId=TTN_955 player=1] tag=3669 value=0 
D 22:10:27.0752415 GameState.DebugPrintPower() - TAG_CHANGE Entity=湫然#51704 tag=COMBO_ACTIVE value=1 
D 22:10:27.0752415 GameState.DebugPrintPower() - TAG_CHANGE Entity=GameEntity tag=1323 value=1 
D 22:10:27.0752415 GameState.DebugPrintPower() - TAG_CHANGE Entity=湫然#51704 tag=NUM_OPTIONS_PLAYED_THIS_TURN value=1 
D 22:10:27.0752415 GameState.DebugPrintPower() - BLOCK_END
D 22:10:27.0752415 GameState.DebugPrintPower() - META_DATA - Meta=SLUSH_TIME Data=1000 InfoCount=1
D 22:10:27.0752415 GameState.DebugPrintPower() -             Info[0] = [entityName=波涛形塑 id=39 zone=PLAY zonePos=0 cardId=TIME_701 player=1]
D 22:10:27.0752415 PowerTaskList.DebugDump() - ID=30 ParentID=0 PreviousID=29 TaskCount=20
D 22:10:27.0752415 PowerTaskList.DebugDump() - Block Start=(null)
D 22:10:27.0752415 PowerTaskList.DebugPrintPower() -     TAG_CHANGE Entity=[entityName=占领冷齿矿洞 id=107 zone=SETASIDE zonePos=0 cardId=AV_295 player=1] tag=4741 value=2 
D 22:10:27.0752415 PowerTaskList.DebugPrintPower() -     TAG_CHANGE Entity=[entityName=占领冷齿矿洞 id=107 zone=SETASIDE zonePos=0 cardId=AV_295 player=1] tag=LAST_AFFECTED_BY value=39 
D 22:10:27.0752415 PowerTaskList.DebugPrintPower() -     TAG_CHANGE Entity=[entityName=占领冷齿矿洞 id=107 zone=SETASIDE zonePos=0 cardId=AV_295 player=1] tag=1068 value=4 
D 22:10:27.0752415 PowerTaskList.DebugPrintPower() -     TAG_CHANGE Entity=[entityName=占领冷齿矿洞 id=107 zone=SETASIDE zonePos=0 cardId=AV_295 player=1] tag=1068 value=0 
D 22:10:27.0752415 PowerTaskList.DebugPrintPower() -     TAG_CHANGE Entity=[entityName=占领冷齿矿洞 id=107 zone=SETASIDE zonePos=0 cardId=AV_295 player=1] tag=ZONE value=GRAVEYARD 
D 22:10:27.0752415 PowerTaskList.DebugPrintPower() -     TAG_CHANGE Entity=湫然#51704 tag=2166 value=16 
D 22:10:27.0752415 PowerTaskList.DebugPrintPower() -     TAG_CHANGE Entity=湫然#51704 tag=467 value=1 
D 22:10:27.0752415 PowerTaskList.DebugPrintPower() -     SHOW_ENTITY - Updating Entity=[entityName=UNKNOWN ENTITY [cardType=INVALID] id=16 zone=DECK zonePos=0 cardId= player=1] CardID=AV_295
D 22:10:27.0752415 PowerTaskList.DebugPrintPower() -         tag=CONTROLLER value=1
D 22:10:27.0752415 PowerTaskList.DebugPrintPower() -         tag=CARDTYPE value=SPELL
D 22:10:27.0752415 PowerTaskList.DebugPrintPower() -         tag=TAG_LAST_KNOWN_COST_IN_HAND value=2
D 22:10:27.0752415 PowerTaskList.DebugPrintPower() -         tag=COST value=2
D 22:10:27.0752415 PowerTaskList.DebugPrintPower() -         tag=ZONE value=HAND
D 22:10:27.0752415 PowerTaskList.DebugPrintPower() -         tag=ENTITY_ID value=16
D 22:10:27.0752415 PowerTaskList.DebugPrintPower() -         tag=CLASS value=DRUID
D 22:10:27.0752415 PowerTaskList.DebugPrintPower() -         tag=RARITY value=EPIC
D 22:10:27.0752415 PowerTaskList.DebugPrintPower() -         tag=CHOOSE_ONE value=1
D 22:10:27.0752415 PowerTaskList.DebugPrintPower() -         tag=478 value=1
D 22:10:27.0752415 PowerTaskList.DebugPrintPower() -         tag=1037 value=1
D 22:10:27.0752415 PowerTaskList.DebugPrintPower() -         tag=1043 value=1
D 22:10:27.0752415 PowerTaskList.DebugPrintPower() -         tag=1068 value=0
D 22:10:27.0752415 PowerTaskList.DebugPrintPower() -         tag=SPAWN_TIME_COUNT value=1
D 22:10:27.0752415 PowerTaskList.DebugPrintPower() -     SHOW_ENTITY - Updating Entity=[entityName=UNKNOWN ENTITY [cardType=INVALID] id=17 zone=SETASIDE zonePos=0 cardId= player=1] CardID=AV_295a
D 22:10:27.0752415 PowerTaskList.DebugPrintPower() -         tag=CONTROLLER value=1
D 22:10:27.0752415 PowerTaskList.DebugPrintPower() -         tag=CARDTYPE value=SPELL
D 22:10:27.0752415 PowerTaskList.DebugPrintPower() -         tag=TAG_LAST_KNOWN_COST_IN_HAND value=2
D 22:10:27.0752415 PowerTaskList.DebugPrintPower() -         tag=COST value=2
D 22:10:27.0752415 PowerTaskList.DebugPrintPower() -         tag=ZONE value=SETASIDE
D 22:10:27.0752415 PowerTaskList.DebugPrintPower() -         tag=ENTITY_ID value=17
D 22:10:27.0752415 PowerTaskList.DebugPrintPower() -         tag=CLASS value=DRUID
D 22:10:27.0752415 PowerTaskList.DebugPrintPower() -         tag=CREATOR value=16
D 22:10:27.0752415 PowerTaskList.DebugPrintPower() -         tag=PARENT_CARD value=16
D 22:10:27.0752415 PowerTaskList.DebugPrintPower() -         tag=1068 value=0
D 22:10:27.0752415 PowerTaskList.DebugPrintPower() -         tag=CREATOR_DBID value=70320
D 22:10:27.0752415 PowerTaskList.DebugPrintPower() -         tag=SPAWN_TIME_COUNT value=1
D 22:10:27.0752415 PowerTaskList.DebugPrintPower() -         tag=4901 value=0
D 22:10:27.0752415 PowerTaskList.DebugPrintPower() -     SHOW_ENTITY - Updating Entity=[entityName=UNKNOWN ENTITY [cardType=INVALID] id=18 zone=SETASIDE zonePos=0 cardId= player=1] CardID=AV_295b
D 22:10:27.0752415 PowerTaskList.DebugPrintPower() -         tag=CONTROLLER value=1
D 22:10:27.0752415 PowerTaskList.DebugPrintPower() -         tag=CARDTYPE value=SPELL
D 22:10:27.0752415 PowerTaskList.DebugPrintPower() -         tag=TAG_LAST_KNOWN_COST_IN_HAND value=2
D 22:10:27.0752415 PowerTaskList.DebugPrintPower() -         tag=COST value=2
D 22:10:27.0752415 PowerTaskList.DebugPrintPower() -         tag=ZONE value=SETASIDE
D 22:10:27.0752415 PowerTaskList.DebugPrintPower() -         tag=ENTITY_ID value=18
D 22:10:27.0752415 PowerTaskList.DebugPrintPower() -         tag=CLASS value=DRUID
D 22:10:27.0752415 PowerTaskList.DebugPrintPower() -         tag=CREATOR value=16
D 22:10:27.0752415 PowerTaskList.DebugPrintPower() -         tag=PARENT_CARD value=16
D 22:10:27.0752415 PowerTaskList.DebugPrintPower() -         tag=1068 value=0
D 22:10:27.0752415 PowerTaskList.DebugPrintPower() -         tag=CREATOR_DBID value=70320
D 22:10:27.0752415 PowerTaskList.DebugPrintPower() -         tag=SPAWN_TIME_COUNT value=1
D 22:10:27.0752415 PowerTaskList.DebugPrintPower() -         tag=4901 value=0
D 22:10:27.0752415 PowerTaskList.DebugPrintPower() -     TAG_CHANGE Entity=[entityName=UNKNOWN ENTITY [cardType=INVALID] id=16 zone=DECK zonePos=0 cardId= player=1] tag=NUM_TURNS_IN_HAND value=1 
D 22:10:27.0752415 PowerTaskList.DebugPrintPower() -     TAG_CHANGE Entity=[entityName=UNKNOWN ENTITY [cardType=INVALID] id=16 zone=DECK zonePos=0 cardId= player=1] tag=ZONE_POSITION value=4 
D 22:10:27.0752415 PowerTaskList.DebugPrintPower() -     TAG_CHANGE Entity=[entityName=UNKNOWN ENTITY [cardType=INVALID] id=16 zone=DECK zonePos=0 cardId= player=1] tag=ZONE_POSITION value=0 
D 22:10:27.0752415 PowerTaskList.DebugPrintPower() -     TAG_CHANGE Entity=[entityName=UNKNOWN ENTITY [cardType=INVALID] id=16 zone=DECK zonePos=0 cardId= player=1] tag=ZONE_POSITION value=4 
D 22:10:27.0752415 PowerTaskList.DebugPrintPower() -     TAG_CHANGE Entity=湫然#51704 tag=3242 value=1 
D 22:10:27.0752415 PowerTaskList.DebugPrintPower() -     TAG_CHANGE Entity=湫然#51704 tag=NUM_CARDS_DRAWN_THIS_TURN value=2 
D 22:10:27.0752415 PowerTaskList.DebugPrintPower() -     TAG_CHANGE Entity=湫然#51704 tag=995 value=2 
D 22:10:27.0752415 PowerTaskList.DebugPrintPower() -     TAG_CHANGE Entity=[entityName=UNKNOWN ENTITY [cardType=INVALID] id=16 zone=DECK zonePos=0 cardId= player=1] tag=1570 value=1 
D 22:10:27.0752415 PowerTaskList.DebugPrintPower() -     TAG_CHANGE Entity=湫然#51704 tag=467 value=0 
D 22:10:27.0752415 PowerTaskList.DebugPrintPower() -     META_DATA - Meta=HISTORY_TARGET Data=0 InfoCount=1
D 22:10:27.0752415 PowerTaskList.DebugPrintPower() -                 Info[0] = [entityName=UNKNOWN ENTITY [cardType=INVALID] id=16 zone=DECK zonePos=0 cardId= player=1]
D 22:10:27.0752415 PowerTaskList.DebugPrintPower() - BLOCK_END
D 22:10:27.0752415 PowerProcessor.PrepareHistoryForCurrentTaskList() - m_currentTaskList=30
D 22:10:27.0852824 GameState.DebugPrintOptions() - id=2
D 22:10:27.0852824 GameState.DebugPrintOptions() -   option 0 type=END_TURN mainEntity= error=INVALID errorParam=
D 22:10:27.0852824 GameState.DebugPrintOptions() -   option 1 type=POWER mainEntity=[entityName=水栖形态 id=10 zone=HAND zonePos=1 cardId=TSC_654 player=1] error=NONE errorParam=
D 22:10:27.0852824 GameState.DebugPrintOptions() -   option 2 type=POWER mainEntity=[entityName=激活 id=26 zone=HAND zonePos=2 cardId=EX1_169 player=1] error=NONE errorParam=
D 22:10:27.0852824 GameState.DebugPrintOptions() -   option 3 type=POWER mainEntity=[entityName=虚灵改装师 id=11 zone=HAND zonePos=3 cardId=BT_724 player=1] error=REQ_ENOUGH_MANA errorParam=
D 22:10:27.0852824 GameState.DebugPrintOptions() -   option 4 type=POWER mainEntity=[entityName=占领冷齿矿洞 id=16 zone=HAND zonePos=0 cardId=AV_295 player=1] error=REQ_ENOUGH_MANA errorParam=
D 22:10:27.0852824 GameState.DebugPrintOptions() -   option 5 type=POWER mainEntity=[entityName=嘲风望月露娜拉 id=90 zone=PLAY zonePos=0 cardId=HERO_06bi player=1] error=REQ_ATTACK_GREATER_THAN_0 errorParam=
D 22:10:27.0852824 GameState.DebugPrintOptions() -   option 6 type=POWER mainEntity=[entityName=变形 id=91 zone=PLAY zonePos=0 cardId=HERO_06ebp player=1] error=REQ_ENOUGH_MANA errorParam=
D 22:10:27.0852824 GameState.DebugPrintOptions() -   option 7 type=POWER mainEntity=[entityName=胜地古神恩佐斯 id=92 zone=PLAY zonePos=0 cardId=HERO_07at player=2] error=REQ_YOUR_TURN errorParam=
D 22:10:27.0852824 GameState.DebugPrintOptions() -   option 8 type=POWER mainEntity=[entityName=生命分流 id=93 zone=PLAY zonePos=0 cardId=HERO_07ebp player=2] error=REQ_YOUR_TURN errorParam=
D 22:10:27.1195340 PowerProcessor.EndCurrentTaskList() - m_currentTaskList=30
D 22:10:27.1270512 PowerTaskList.DebugDump() - ID=31 ParentID=0 PreviousID=26 TaskCount=9
D 22:10:27.1270512 PowerTaskList.DebugDump() - Block Start=(null)
D 22:10:27.1270512 PowerTaskList.DebugPrintPower() -     TAG_CHANGE Entity=[entityName=波涛形塑 id=39 zone=PLAY zonePos=0 cardId=TIME_701 player=1] tag=1068 value=4 
D 22:10:27.1270512 PowerTaskList.DebugPrintPower() -     TAG_CHANGE Entity=[entityName=波涛形塑 id=39 zone=PLAY zonePos=0 cardId=TIME_701 player=1] tag=1068 value=0 
D 22:10:27.1270512 PowerTaskList.DebugPrintPower() -     TAG_CHANGE Entity=[entityName=波涛形塑 id=39 zone=PLAY zonePos=0 cardId=TIME_701 player=1] tag=ZONE value=GRAVEYARD 
D 22:10:27.1270512 PowerTaskList.DebugPrintPower() -     TAG_CHANGE Entity=[entityName=顺水漂流 id=106 zone=SETASIDE zonePos=0 cardId=VAC_428 player=1] tag=3669 value=0 
D 22:10:27.1270512 PowerTaskList.DebugPrintPower() -     TAG_CHANGE Entity=[entityName=占领冷齿矿洞 id=107 zone=GRAVEYARD zonePos=0 cardId=AV_295 player=1] tag=3669 value=0 
D 22:10:27.1270512 PowerTaskList.DebugPrintPower() -     TAG_CHANGE Entity=[entityName=生命缚誓者的礼物 id=110 zone=SETASIDE zonePos=0 cardId=TTN_955 player=1] tag=3669 value=0 
D 22:10:27.1270512 PowerTaskList.DebugPrintPower() -     TAG_CHANGE Entity=湫然#51704 tag=COMBO_ACTIVE value=1 
D 22:10:27.1270512 PowerTaskList.DebugPrintPower() -     TAG_CHANGE Entity=GameEntity tag=1323 value=1 
D 22:10:27.1270512 PowerTaskList.DebugPrintPower() -     TAG_CHANGE Entity=湫然#51704 tag=NUM_OPTIONS_PLAYED_THIS_TURN value=1 
D 22:10:27.1270512 PowerTaskList.DebugPrintPower() - BLOCK_END
D 22:10:27.1270512 PowerProcessor.PrepareHistoryForCurrentTaskList() - m_currentTaskList=31
D 22:10:27.1270512 PowerProcessor.DoTaskListForCard() - unhandled BlockType PLAY for sourceEntity [entityName=波涛形塑 id=39 zone=PLAY zonePos=0 cardId=TIME_701 player=1]
D 22:10:27.1340925 PowerProcessor.EndCurrentTaskList() - m_currentTaskList=31
D 22:10:27.1411189 PowerTaskList.DebugDump() - ID=32 ParentID=0 PreviousID=0 TaskCount=1
D 22:10:27.1411189 PowerTaskList.DebugDump() - Block Start=(null)
D 22:10:27.1411189 PowerTaskList.DebugPrintPower() -     META_DATA - Meta=SLUSH_TIME Data=1000 InfoCount=1
D 22:10:27.1411189 PowerTaskList.DebugPrintPower() -                 Info[0] = [entityName=波涛形塑 id=39 zone=GRAVEYARD zonePos=0 cardId=TIME_701 player=1]
D 22:10:27.1411189 PowerTaskList.DebugDump() - Block End=(null)
D 22:10:27.1411189 PowerProcessor.PrepareHistoryForCurrentTaskList() - m_currentTaskList=32
D 22:10:27.1411189 PowerProcessor.EndCurrentTaskList() - m_currentTaskList=32
D 22:10:27.2066230 GameState.SendOption() - selectedOption=0 selectedSubOption=-1 selectedTarget=0 selectedPosition=0
D 22:10:28.0498916 GameState.DebugPrintPowerList() - Count=67
D 22:10:28.0498916 GameState.DebugPrintPower() - TAG_CHANGE Entity=GameEntity tag=STEP value=MAIN_END 
D 22:10:28.0498916 GameState.DebugPrintPower() - BLOCK_START BlockType=TRIGGER Entity=湫然#51704 EffectCardId=System.Collections.Generic.List`1[System.String] EffectIndex=-1 Target=0 SubOption=-1 TriggerKeyword=TAG_NOT_SET
D 22:10:28.0498916 GameState.DebugPrintPower() -     TAG_CHANGE Entity=GameEntity tag=NEXT_STEP value=MAIN_CLEANUP 
D 22:10:28.0498916 GameState.DebugPrintPower() - BLOCK_END
D 22:10:28.0498916 GameState.DebugPrintPower() - BLOCK_START BlockType=TRIGGER Entity=湫然#51704 EffectCardId=System.Collections.Generic.List`1[System.String] EffectIndex=-1 Target=0 SubOption=-1 TriggerKeyword=TAG_NOT_SET
D 22:10:28.0498916 GameState.DebugPrintPower() - BLOCK_END
D 22:10:28.0498916 GameState.DebugPrintPower() - BLOCK_START BlockType=TRIGGER Entity=加斯帕的礼物#5438 EffectCardId=System.Collections.Generic.List`1[System.String] EffectIndex=-1 Target=0 SubOption=-1 TriggerKeyword=TAG_NOT_SET
D 22:10:28.0498916 GameState.DebugPrintPower() - BLOCK_END
D 22:10:28.0498916 GameState.DebugPrintPower() - TAG_CHANGE Entity=GameEntity tag=STEP value=MAIN_CLEANUP 
D 22:10:28.0498916 GameState.DebugPrintPower() - BLOCK_START BlockType=TRIGGER Entity=湫然#51704 EffectCardId=System.Collections.Generic.List`1[System.String] EffectIndex=-1 Target=0 SubOption=-1 TriggerKeyword=TAG_NOT_SET
D 22:10:28.0498916 GameState.DebugPrintPower() -     TAG_CHANGE Entity=湫然#51704 tag=COMBO_ACTIVE value=0 
D 22:10:28.0498916 GameState.DebugPrintPower() -     TAG_CHANGE Entity=GameEntity tag=NEXT_STEP value=MAIN_NEXT 
D 22:10:28.0498916 GameState.DebugPrintPower() - BLOCK_END
D 22:10:28.0498916 GameState.DebugPrintPower() - BLOCK_START BlockType=TRIGGER Entity=加斯帕的礼物#5438 EffectCardId=System.Collections.Generic.List`1[System.String] EffectIndex=-1 Target=0 SubOption=-1 TriggerKeyword=TAG_NOT_SET
D 22:10:28.0498916 GameState.DebugPrintPower() - BLOCK_END
D 22:10:28.0498916 GameState.DebugPrintPower() - TAG_CHANGE Entity=GameEntity tag=STEP value=MAIN_NEXT 
D 22:10:28.0498916 GameState.DebugPrintPower() - BLOCK_START BlockType=TRIGGER Entity=GameEntity EffectCardId=System.Collections.Generic.List`1[System.String] EffectIndex=-1 Target=0 SubOption=-1 TriggerKeyword=TAG_NOT_SET
D 22:10:28.0498916 GameState.DebugPrintPower() -     TAG_CHANGE Entity=湫然#51704 tag=1292 value=1 
D 22:10:28.0498916 GameState.DebugPrintPower() -     TAG_CHANGE Entity=湫然#51704 tag=1292 value=0 
D 22:10:28.0498916 GameState.DebugPrintPower() -     TAG_CHANGE Entity=加斯帕的礼物#5438 tag=1292 value=1 
D 22:10:28.0498916 GameState.DebugPrintPower() -     TAG_CHANGE Entity=湫然#51704 tag=TIMEOUT value=55 
D 22:10:28.0498916 GameState.DebugPrintPower() -     TAG_CHANGE Entity=[entityName=水栖形态 id=10 zone=HAND zonePos=1 cardId=TSC_654 player=1] tag=NUM_TURNS_IN_HAND value=2 
D 22:10:28.0498916 GameState.DebugPrintPower() -     TAG_CHANGE Entity=[entityName=激活 id=26 zone=HAND zonePos=2 cardId=EX1_169 player=1] tag=NUM_TURNS_IN_HAND value=2 
D 22:10:28.0498916 GameState.DebugPrintPower() -     TAG_CHANGE Entity=[entityName=虚灵改装师 id=11 zone=HAND zonePos=3 cardId=BT_724 player=1] tag=NUM_TURNS_IN_HAND value=2 
D 22:10:28.0498916 GameState.DebugPrintPower() -     TAG_CHANGE Entity=[entityName=占领冷齿矿洞 id=16 zone=HAND zonePos=4 cardId=AV_295 player=1] tag=NUM_TURNS_IN_HAND value=2 
D 22:10:28.0498916 GameState.DebugPrintPower() -     TAG_CHANGE Entity=湫然#51704 tag=CURRENT_PLAYER value=0 
D 22:10:28.0498916 GameState.DebugPrintPower() -     TAG_CHANGE Entity=加斯帕的礼物#5438 tag=CURRENT_PLAYER value=1 
D 22:10:28.0498916 GameState.DebugPrintPower() -     TAG_CHANGE Entity=GameEntity tag=TURN value=2 
D 22:10:28.0498916 GameState.DebugPrintPower() -     TAG_CHANGE Entity=GameEntity tag=1882 value=1 
D 22:10:28.0498916 GameState.DebugPrintPower() -     TAG_CHANGE Entity=加斯帕的礼物#5438 tag=TURN value=1 
D 22:10:28.0498916 GameState.DebugPrintPower() -     TAG_CHANGE Entity=GameEntity tag=NEXT_STEP value=MAIN_READY 
D 22:10:28.0498916 GameState.DebugPrintPower() - BLOCK_END
D 22:10:28.0498916 GameState.DebugPrintPower() - TAG_CHANGE Entity=GameEntity tag=STEP value=MAIN_READY 
D 22:10:28.0498916 GameState.DebugPrintPower() - BLOCK_START BlockType=TRIGGER Entity=加斯帕的礼物#5438 EffectCardId=System.Collections.Generic.List`1[System.String] EffectIndex=-1 Target=0 SubOption=-1 TriggerKeyword=TAG_NOT_SET
D 22:10:28.0498916 GameState.DebugPrintPower() -     TAG_CHANGE Entity=GameEntity tag=NUM_TURNS_IN_PLAY value=2 
D 22:10:28.0498916 GameState.DebugPrintPower() -     TAG_CHANGE Entity=湫然#51704 tag=NUM_TURNS_IN_PLAY value=2 
D 22:10:28.0498916 GameState.DebugPrintPower() -     TAG_CHANGE Entity=加斯帕的礼物#5438 tag=NUM_TURNS_IN_PLAY value=2 
D 22:10:28.0498916 GameState.DebugPrintPower() -     TAG_CHANGE Entity=[entityName=嘲风望月露娜拉 id=90 zone=PLAY zonePos=0 cardId=HERO_06bi player=1] tag=NUM_TURNS_IN_PLAY value=2 
D 22:10:28.0498916 GameState.DebugPrintPower() -     TAG_CHANGE Entity=[entityName=变形 id=91 zone=PLAY zonePos=0 cardId=HERO_06ebp player=1] tag=NUM_TURNS_IN_PLAY value=2 
D 22:10:28.0498916 GameState.DebugPrintPower() -     TAG_CHANGE Entity=[entityName=胜地古神恩佐斯 id=92 zone=PLAY zonePos=0 cardId=HERO_07at player=2] tag=NUM_TURNS_IN_PLAY value=2 
D 22:10:28.0498916 GameState.DebugPrintPower() -     TAG_CHANGE Entity=[entityName=生命分流 id=93 zone=PLAY zonePos=0 cardId=HERO_07ebp player=2] tag=NUM_TURNS_IN_PLAY value=2 
D 22:10:28.0498916 GameState.DebugPrintPower() -     TAG_CHANGE Entity=加斯帕的礼物#5438 tag=RESOURCES value=1 
D 22:10:28.0498916 GameState.DebugPrintPower() -     TAG_CHANGE Entity=湫然#51704 tag=NUM_CARDS_DRAWN_THIS_TURN value=0 
D 22:10:28.0498916 GameState.DebugPrintPower() -     TAG_CHANGE Entity=GameEntity tag=NEXT_STEP value=MAIN_START_TRIGGERS 
D 22:10:28.0498916 GameState.DebugPrintPower() - BLOCK_END
D 22:10:28.0498916 GameState.DebugPrintPower() - TAG_CHANGE Entity=GameEntity tag=STEP value=MAIN_START_TRIGGERS 
D 22:10:28.0498916 GameState.DebugPrintPower() - BLOCK_START BlockType=TRIGGER Entity=加斯帕的礼物#5438 EffectCardId=System.Collections.Generic.List`1[System.String] EffectIndex=-1 Target=0 SubOption=-1 TriggerKeyword=TAG_NOT_SET
D 22:10:28.0498916 GameState.DebugPrintPower() -     TAG_CHANGE Entity=GameEntity tag=NEXT_STEP value=MAIN_START 
D 22:10:28.0498916 GameState.DebugPrintPower() - BLOCK_END
D 22:10:28.0498916 GameState.DebugPrintPower() - TAG_CHANGE Entity=GameEntity tag=STEP value=MAIN_START 
D 22:10:28.0498916 GameState.DebugPrintPower() - BLOCK_START BlockType=TRIGGER Entity=加斯帕的礼物#5438 EffectCardId=System.Collections.Generic.List`1[System.String] EffectIndex=-1 Target=0 SubOption=-1 TriggerKeyword=TAG_NOT_SET
D 22:10:28.0498916 GameState.DebugPrintPower() -     TAG_CHANGE Entity=加斯帕的礼物#5438 tag=2166 value=66 
D 22:10:28.0498916 GameState.DebugPrintPower() -     TAG_CHANGE Entity=加斯帕的礼物#5438 tag=467 value=1 
D 22:10:28.0498916 GameState.DebugPrintPower() -     TAG_CHANGE Entity=[entityName=UNKNOWN ENTITY [cardType=INVALID] id=66 zone=DECK zonePos=0 cardId= player=2] tag=ZONE value=HAND 
D 22:10:28.0498916 GameState.DebugPrintPower() -     TAG_CHANGE Entity=[entityName=UNKNOWN ENTITY [cardType=INVALID] id=66 zone=DECK zonePos=0 cardId= player=2] tag=ZONE_POSITION value=6 
D 22:10:28.0498916 GameState.DebugPrintPower() -     TAG_CHANGE Entity=[entityName=UNKNOWN ENTITY [cardType=INVALID] id=66 zone=DECK zonePos=0 cardId= player=2] tag=ZONE_POSITION value=0 
D 22:10:28.0498916 GameState.DebugPrintPower() -     TAG_CHANGE Entity=[entityName=UNKNOWN ENTITY [cardType=INVALID] id=66 zone=DECK zonePos=0 cardId= player=2] tag=ZONE_POSITION value=6 
D 22:10:28.0498916 GameState.DebugPrintPower() -     TAG_CHANGE Entity=加斯帕的礼物#5438 tag=3242 value=1 
D 22:10:28.0498916 GameState.DebugPrintPower() -     TAG_CHANGE Entity=加斯帕的礼物#5438 tag=NUM_CARDS_DRAWN_THIS_TURN value=1 
D 22:10:28.0498916 GameState.DebugPrintPower() -     TAG_CHANGE Entity=加斯帕的礼物#5438 tag=995 value=1 
D 22:10:28.0498916 GameState.DebugPrintPower() -     TAG_CHANGE Entity=加斯帕的礼物#5438 tag=467 value=0 
D 22:10:28.0498916 GameState.DebugPrintPower() -     TAG_CHANGE Entity=GameEntity tag=NEXT_STEP value=MAIN_ACTION 
D 22:10:28.0498916 GameState.DebugPrintPower() - BLOCK_END
D 22:10:28.0498916 GameState.DebugPrintPower() - TAG_CHANGE Entity=GameEntity tag=STEP value=MAIN_ACTION 
D 22:10:28.0498916 GameState.DebugPrintPower() - BLOCK_START BlockType=TRIGGER Entity=加斯帕的礼物#5438 EffectCardId=System.Collections.Generic.List`1[System.String] EffectIndex=-1 Target=0 SubOption=-1 TriggerKeyword=TAG_NOT_SET
D 22:10:28.0498916 GameState.DebugPrintPower() -     TAG_CHANGE Entity=GameEntity tag=NEXT_STEP value=MAIN_END 
D 22:10:28.0498916 GameState.DebugPrintPower() - BLOCK_END
D 22:10:28.0498916 PowerTaskList.DebugDump() - ID=33 ParentID=0 PreviousID=0 TaskCount=1
D 22:10:28.0498916 PowerTaskList.DebugDump() - Block Start=(null)
D 22:10:28.0498916 PowerTaskList.DebugPrintPower() -     TAG_CHANGE Entity=GameEntity tag=STEP value=MAIN_END 
D 22:10:28.0498916 PowerTaskList.DebugDump() - Block End=(null)
D 22:10:28.0498916 PowerProcessor.PrepareHistoryForCurrentTaskList() - m_currentTaskList=33
D 22:10:28.0498916 PowerProcessor.EndCurrentTaskList() - m_currentTaskList=33
D 22:10:28.0498916 PowerTaskList.DebugDump() - ID=34 ParentID=33 PreviousID=0 TaskCount=1
D 22:10:28.0498916 PowerTaskList.DebugPrintPower() - BLOCK_START BlockType=TRIGGER Entity=湫然#51704 EffectCardId=System.Collections.Generic.List`1[System.String] EffectIndex=-1 Target=0 SubOption=-1 TriggerKeyword=TAG_NOT_SET
D 22:10:28.0498916 PowerTaskList.DebugPrintPower() -     TAG_CHANGE Entity=GameEntity tag=NEXT_STEP value=MAIN_CLEANUP 
D 22:10:28.0498916 PowerTaskList.DebugPrintPower() - BLOCK_END
D 22:10:28.0498916 PowerProcessor.PrepareHistoryForCurrentTaskList() - m_currentTaskList=34
D 22:10:28.0498916 PowerProcessor.EndCurrentTaskList() - m_currentTaskList=34
D 22:10:28.0498916 PowerTaskList.DebugDump() - ID=35 ParentID=0 PreviousID=0 TaskCount=0
D 22:10:28.0498916 PowerTaskList.DebugPrintPower() - BLOCK_START BlockType=TRIGGER Entity=湫然#51704 EffectCardId=System.Collections.Generic.List`1[System.String] EffectIndex=-1 Target=0 SubOption=-1 TriggerKeyword=TAG_NOT_SET
D 22:10:28.0498916 PowerTaskList.DebugPrintPower() - BLOCK_END
D 22:10:28.0498916 PowerProcessor.PrepareHistoryForCurrentTaskList() - m_currentTaskList=35
D 22:10:28.0498916 PowerProcessor.EndCurrentTaskList() - m_currentTaskList=35
D 22:10:28.0498916 PowerTaskList.DebugDump() - ID=36 ParentID=0 PreviousID=0 TaskCount=0
D 22:10:28.0498916 PowerTaskList.DebugPrintPower() - BLOCK_START BlockType=TRIGGER Entity=加斯帕的礼物#5438 EffectCardId=System.Collections.Generic.List`1[System.String] EffectIndex=-1 Target=0 SubOption=-1 TriggerKeyword=TAG_NOT_SET
D 22:10:28.0498916 PowerTaskList.DebugPrintPower() - BLOCK_END
D 22:10:28.0498916 PowerProcessor.PrepareHistoryForCurrentTaskList() - m_currentTaskList=36
D 22:10:28.0498916 PowerProcessor.EndCurrentTaskList() - m_currentTaskList=36
D 22:10:28.0498916 PowerTaskList.DebugDump() - ID=37 ParentID=0 PreviousID=0 TaskCount=1
D 22:10:28.0498916 PowerTaskList.DebugDump() - Block Start=(null)
D 22:10:28.0498916 PowerTaskList.DebugPrintPower() -     TAG_CHANGE Entity=GameEntity tag=STEP value=MAIN_CLEANUP 
D 22:10:28.0498916 PowerTaskList.DebugDump() - Block End=(null)
D 22:10:28.0498916 PowerProcessor.PrepareHistoryForCurrentTaskList() - m_currentTaskList=37
D 22:10:28.0498916 PowerProcessor.EndCurrentTaskList() - m_currentTaskList=37
D 22:10:28.0498916 PowerTaskList.DebugDump() - ID=38 ParentID=0 PreviousID=0 TaskCount=2
D 22:10:28.0498916 PowerTaskList.DebugPrintPower() - BLOCK_START BlockType=TRIGGER Entity=湫然#51704 EffectCardId=System.Collections.Generic.List`1[System.String] EffectIndex=-1 Target=0 SubOption=-1 TriggerKeyword=TAG_NOT_SET
D 22:10:28.0498916 PowerTaskList.DebugPrintPower() -     TAG_CHANGE Entity=湫然#51704 tag=COMBO_ACTIVE value=0 
D 22:10:28.0498916 PowerTaskList.DebugPrintPower() -     TAG_CHANGE Entity=GameEntity tag=NEXT_STEP value=MAIN_NEXT 
D 22:10:28.0498916 PowerTaskList.DebugPrintPower() - BLOCK_END
D 22:10:28.0498916 PowerProcessor.PrepareHistoryForCurrentTaskList() - m_currentTaskList=38
D 22:10:28.0498916 PowerProcessor.EndCurrentTaskList() - m_currentTaskList=38
D 22:10:28.0498916 PowerTaskList.DebugDump() - ID=39 ParentID=0 PreviousID=0 TaskCount=0
D 22:10:28.0498916 PowerTaskList.DebugPrintPower() - BLOCK_START BlockType=TRIGGER Entity=加斯帕的礼物#5438 EffectCardId=System.Collections.Generic.List`1[System.String] EffectIndex=-1 Target=0 SubOption=-1 TriggerKeyword=TAG_NOT_SET
D 22:10:28.0498916 PowerTaskList.DebugPrintPower() - BLOCK_END
D 22:10:28.0498916 PowerProcessor.PrepareHistoryForCurrentTaskList() - m_currentTaskList=39
D 22:10:28.0498916 PowerProcessor.EndCurrentTaskList() - m_currentTaskList=39
D 22:10:28.0498916 PowerTaskList.DebugDump() - ID=40 ParentID=0 PreviousID=0 TaskCount=1
D 22:10:28.0498916 PowerTaskList.DebugDump() - Block Start=(null)
D 22:10:28.0498916 PowerTaskList.DebugPrintPower() -     TAG_CHANGE Entity=GameEntity tag=STEP value=MAIN_NEXT 
D 22:10:28.0498916 PowerTaskList.DebugDump() - Block End=(null)
D 22:10:28.0498916 PowerProcessor.PrepareHistoryForCurrentTaskList() - m_currentTaskList=40
D 22:10:28.0498916 PowerProcessor.EndCurrentTaskList() - m_currentTaskList=40
D 22:10:28.0498916 PowerTaskList.DebugDump() - ID=41 ParentID=0 PreviousID=0 TaskCount=14
D 22:10:28.0498916 PowerTaskList.DebugPrintPower() - BLOCK_START BlockType=TRIGGER Entity=GameEntity EffectCardId=System.Collections.Generic.List`1[System.String] EffectIndex=-1 Target=0 SubOption=-1 TriggerKeyword=TAG_NOT_SET
D 22:10:28.0498916 PowerTaskList.DebugPrintPower() -     TAG_CHANGE Entity=湫然#51704 tag=1292 value=1 
D 22:10:28.0498916 PowerTaskList.DebugPrintPower() -     TAG_CHANGE Entity=湫然#51704 tag=1292 value=0 
D 22:10:28.0498916 PowerTaskList.DebugPrintPower() -     TAG_CHANGE Entity=加斯帕的礼物#5438 tag=1292 value=1 
D 22:10:28.0498916 PowerTaskList.DebugPrintPower() -     TAG_CHANGE Entity=湫然#51704 tag=TIMEOUT value=55 
D 22:10:28.0498916 PowerTaskList.DebugPrintPower() -     TAG_CHANGE Entity=[entityName=水栖形态 id=10 zone=HAND zonePos=1 cardId=TSC_654 player=1] tag=NUM_TURNS_IN_HAND value=2 
D 22:10:28.0498916 PowerTaskList.DebugPrintPower() -     TAG_CHANGE Entity=[entityName=激活 id=26 zone=HAND zonePos=2 cardId=EX1_169 player=1] tag=NUM_TURNS_IN_HAND value=2 
D 22:10:28.0498916 PowerTaskList.DebugPrintPower() -     TAG_CHANGE Entity=[entityName=虚灵改装师 id=11 zone=HAND zonePos=3 cardId=BT_724 player=1] tag=NUM_TURNS_IN_HAND value=2 
D 22:10:28.0498916 PowerTaskList.DebugPrintPower() -     TAG_CHANGE Entity=[entityName=占领冷齿矿洞 id=16 zone=HAND zonePos=4 cardId=AV_295 player=1] tag=NUM_TURNS_IN_HAND value=2 
D 22:10:28.0498916 PowerTaskList.DebugPrintPower() -     TAG_CHANGE Entity=湫然#51704 tag=CURRENT_PLAYER value=0 
D 22:10:28.0498916 PowerTaskList.DebugPrintPower() -     TAG_CHANGE Entity=加斯帕的礼物#5438 tag=CURRENT_PLAYER value=1 
D 22:10:28.0498916 PowerTaskList.DebugPrintPower() -     TAG_CHANGE Entity=GameEntity tag=TURN value=2 
D 22:10:28.0498916 PowerTaskList.DebugPrintPower() -     TAG_CHANGE Entity=GameEntity tag=1882 value=1 
D 22:10:28.0498916 PowerTaskList.DebugPrintPower() -     TAG_CHANGE Entity=加斯帕的礼物#5438 tag=TURN value=1 
D 22:10:28.0498916 PowerTaskList.DebugPrintPower() -     TAG_CHANGE Entity=GameEntity tag=NEXT_STEP value=MAIN_READY 
D 22:10:28.0498916 PowerTaskList.DebugPrintPower() - BLOCK_END
D 22:10:28.0498916 PowerProcessor.PrepareHistoryForCurrentTaskList() - m_currentTaskList=41
D 22:10:28.0498916 PowerProcessor.EndCurrentTaskList() - m_currentTaskList=41
D 22:10:28.0498916 PowerTaskList.DebugDump() - ID=42 ParentID=0 PreviousID=0 TaskCount=1
D 22:10:28.0498916 PowerTaskList.DebugDump() - Block Start=(null)
D 22:10:28.0498916 PowerTaskList.DebugPrintPower() -     TAG_CHANGE Entity=GameEntity tag=STEP value=MAIN_READY 
D 22:10:28.0498916 PowerTaskList.DebugDump() - Block End=(null)
D 22:10:28.0498916 PowerProcessor.PrepareHistoryForCurrentTaskList() - m_currentTaskList=42
D 22:10:28.0498916 PowerProcessor.EndCurrentTaskList() - m_currentTaskList=42
D 22:10:28.0498916 PowerTaskList.DebugDump() - ID=43 ParentID=0 PreviousID=0 TaskCount=10
D 22:10:28.0498916 PowerTaskList.DebugPrintPower() - BLOCK_START BlockType=TRIGGER Entity=加斯帕的礼物#5438 EffectCardId=System.Collections.Generic.List`1[System.String] EffectIndex=-1 Target=0 SubOption=-1 TriggerKeyword=TAG_NOT_SET
D 22:10:28.0498916 PowerTaskList.DebugPrintPower() -     TAG_CHANGE Entity=GameEntity tag=NUM_TURNS_IN_PLAY value=2 
D 22:10:28.0498916 PowerTaskList.DebugPrintPower() -     TAG_CHANGE Entity=湫然#51704 tag=NUM_TURNS_IN_PLAY value=2 
D 22:10:28.0498916 PowerTaskList.DebugPrintPower() -     TAG_CHANGE Entity=加斯帕的礼物#5438 tag=NUM_TURNS_IN_PLAY value=2 
D 22:10:28.0498916 PowerTaskList.DebugPrintPower() -     TAG_CHANGE Entity=[entityName=嘲风望月露娜拉 id=90 zone=PLAY zonePos=0 cardId=HERO_06bi player=1] tag=NUM_TURNS_IN_PLAY value=2 
D 22:10:28.0498916 PowerTaskList.DebugPrintPower() -     TAG_CHANGE Entity=[entityName=变形 id=91 zone=PLAY zonePos=0 cardId=HERO_06ebp player=1] tag=NUM_TURNS_IN_PLAY value=2 
D 22:10:28.0498916 PowerTaskList.DebugPrintPower() -     TAG_CHANGE Entity=[entityName=胜地古神恩佐斯 id=92 zone=PLAY zonePos=0 cardId=HERO_07at player=2] tag=NUM_TURNS_IN_PLAY value=2 
D 22:10:28.0498916 PowerTaskList.DebugPrintPower() -     TAG_CHANGE Entity=[entityName=生命分流 id=93 zone=PLAY zonePos=0 cardId=HERO_07ebp player=2] tag=NUM_TURNS_IN_PLAY value=2 
D 22:10:28.0498916 PowerTaskList.DebugPrintPower() -     TAG_CHANGE Entity=加斯帕的礼物#5438 tag=RESOURCES value=1 
D 22:10:28.0498916 PowerTaskList.DebugPrintPower() -     TAG_CHANGE Entity=湫然#51704 tag=NUM_CARDS_DRAWN_THIS_TURN value=0 
D 22:10:28.0498916 PowerTaskList.DebugPrintPower() -     TAG_CHANGE Entity=GameEntity tag=NEXT_STEP value=MAIN_START_TRIGGERS 
D 22:10:28.0498916 PowerTaskList.DebugPrintPower() - BLOCK_END
D 22:10:28.0498916 PowerProcessor.PrepareHistoryForCurrentTaskList() - m_currentTaskList=43
D 22:10:28.0498916 PowerProcessor.EndCurrentTaskList() - m_currentTaskList=43
D 22:10:28.0498916 PowerTaskList.DebugDump() - ID=44 ParentID=0 PreviousID=0 TaskCount=1
D 22:10:28.0498916 PowerTaskList.DebugDump() - Block Start=(null)
D 22:10:28.0498916 PowerTaskList.DebugPrintPower() -     TAG_CHANGE Entity=GameEntity tag=STEP value=MAIN_START_TRIGGERS 
D 22:10:28.0498916 PowerTaskList.DebugDump() - Block End=(null)
D 22:10:28.0498916 PowerProcessor.PrepareHistoryForCurrentTaskList() - m_currentTaskList=44
D 22:10:28.0498916 PowerProcessor.EndCurrentTaskList() - m_currentTaskList=44
D 22:10:28.0498916 PowerTaskList.DebugDump() - ID=45 ParentID=0 PreviousID=0 TaskCount=1
D 22:10:28.0498916 PowerTaskList.DebugPrintPower() - BLOCK_START BlockType=TRIGGER Entity=加斯帕的礼物#5438 EffectCardId=System.Collections.Generic.List`1[System.String] EffectIndex=-1 Target=0 SubOption=-1 TriggerKeyword=TAG_NOT_SET
D 22:10:28.0498916 PowerTaskList.DebugPrintPower() -     TAG_CHANGE Entity=GameEntity tag=NEXT_STEP value=MAIN_START 
D 22:10:28.0498916 PowerTaskList.DebugPrintPower() - BLOCK_END
D 22:10:28.0498916 PowerProcessor.PrepareHistoryForCurrentTaskList() - m_currentTaskList=45
D 22:10:28.0498916 PowerProcessor.EndCurrentTaskList() - m_currentTaskList=45
D 22:10:28.0498916 PowerTaskList.DebugDump() - ID=46 ParentID=0 PreviousID=0 TaskCount=1
D 22:10:28.0498916 PowerTaskList.DebugDump() - Block Start=(null)
D 22:10:28.0498916 PowerTaskList.DebugPrintPower() -     TAG_CHANGE Entity=GameEntity tag=STEP value=MAIN_START 
D 22:10:28.0498916 PowerTaskList.DebugDump() - Block End=(null)
D 22:10:28.0498916 PowerProcessor.PrepareHistoryForCurrentTaskList() - m_currentTaskList=46
D 22:10:28.0498916 PowerProcessor.EndCurrentTaskList() - m_currentTaskList=46
D 22:10:28.0498916 PowerTaskList.DebugDump() - ID=47 ParentID=0 PreviousID=0 TaskCount=11
D 22:10:28.0498916 PowerTaskList.DebugPrintPower() - BLOCK_START BlockType=TRIGGER Entity=加斯帕的礼物#5438 EffectCardId=System.Collections.Generic.List`1[System.String] EffectIndex=-1 Target=0 SubOption=-1 TriggerKeyword=TAG_NOT_SET
D 22:10:28.0498916 PowerTaskList.DebugPrintPower() -     TAG_CHANGE Entity=加斯帕的礼物#5438 tag=2166 value=66 
D 22:10:28.0498916 PowerTaskList.DebugPrintPower() -     TAG_CHANGE Entity=加斯帕的礼物#5438 tag=467 value=1 
D 22:10:28.0498916 PowerTaskList.DebugPrintPower() -     TAG_CHANGE Entity=[entityName=UNKNOWN ENTITY [cardType=INVALID] id=66 zone=DECK zonePos=0 cardId= player=2] tag=ZONE value=HAND 
D 22:10:28.0498916 PowerTaskList.DebugPrintPower() -     TAG_CHANGE Entity=[entityName=UNKNOWN ENTITY [cardType=INVALID] id=66 zone=DECK zonePos=0 cardId= player=2] tag=ZONE_POSITION value=6 
D 22:10:28.0498916 PowerTaskList.DebugPrintPower() -     TAG_CHANGE Entity=[entityName=UNKNOWN ENTITY [cardType=INVALID] id=66 zone=DECK zonePos=0 cardId= player=2] tag=ZONE_POSITION value=0 
D 22:10:28.0498916 PowerTaskList.DebugPrintPower() -     TAG_CHANGE Entity=[entityName=UNKNOWN ENTITY [cardType=INVALID] id=66 zone=DECK zonePos=0 cardId= player=2] tag=ZONE_POSITION value=6 
D 22:10:28.0498916 PowerTaskList.DebugPrintPower() -     TAG_CHANGE Entity=加斯帕的礼物#5438 tag=3242 value=1 
D 22:10:28.0498916 PowerTaskList.DebugPrintPower() -     TAG_CHANGE Entity=加斯帕的礼物#5438 tag=NUM_CARDS_DRAWN_THIS_TURN value=1 
D 22:10:28.0498916 PowerTaskList.DebugPrintPower() -     TAG_CHANGE Entity=加斯帕的礼物#5438 tag=995 value=1 
D 22:10:28.0498916 PowerTaskList.DebugPrintPower() -     TAG_CHANGE Entity=加斯帕的礼物#5438 tag=467 value=0 
D 22:10:28.0498916 PowerTaskList.DebugPrintPower() -     TAG_CHANGE Entity=GameEntity tag=NEXT_STEP value=MAIN_ACTION 
D 22:10:28.0498916 PowerTaskList.DebugPrintPower() - BLOCK_END
D 22:10:28.0498916 PowerProcessor.PrepareHistoryForCurrentTaskList() - m_currentTaskList=47
D 22:10:29.5705752 PowerProcessor.EndCurrentTaskList() - m_currentTaskList=47
D 22:10:29.5776354 PowerTaskList.DebugDump() - ID=48 ParentID=0 PreviousID=0 TaskCount=1
D 22:10:29.5776354 PowerTaskList.DebugDump() - Block Start=(null)
D 22:10:29.5776354 PowerTaskList.DebugPrintPower() -     TAG_CHANGE Entity=GameEntity tag=STEP value=MAIN_ACTION 
D 22:10:29.5776354 PowerTaskList.DebugDump() - Block End=(null)
D 22:10:29.5776354 PowerProcessor.PrepareHistoryForCurrentTaskList() - m_currentTaskList=48
D 22:10:29.5776354 PowerProcessor.EndCurrentTaskList() - m_currentTaskList=48
D 22:10:29.5776354 PowerTaskList.DebugDump() - ID=49 ParentID=0 PreviousID=0 TaskCount=1
D 22:10:29.5776354 PowerTaskList.DebugPrintPower() - BLOCK_START BlockType=TRIGGER Entity=加斯帕的礼物#5438 EffectCardId=System.Collections.Generic.List`1[System.String] EffectIndex=-1 Target=0 SubOption=-1 TriggerKeyword=TAG_NOT_SET
D 22:10:29.5776354 PowerTaskList.DebugPrintPower() -     TAG_CHANGE Entity=GameEntity tag=NEXT_STEP value=MAIN_END 
D 22:10:29.5776354 PowerTaskList.DebugPrintPower() - BLOCK_END
D 22:10:29.5776354 PowerProcessor.PrepareHistoryForCurrentTaskList() - m_currentTaskList=49
D 22:10:29.5776354 PowerProcessor.EndCurrentTaskList() - m_currentTaskList=49
D 22:10:33.1135214 GameState.DebugPrintPowerList() - Count=29
D 22:10:33.1135214 GameState.DebugPrintPower() - BLOCK_START BlockType=PLAY Entity=[entityName=UNKNOWN ENTITY [cardType=INVALID] id=49 zone=HAND zonePos=1 cardId= player=2] EffectCardId=System.Collections.Generic.List`1[System.String] EffectIndex=0 Target=0 SubOption=-1 
D 22:10:33.1135214 GameState.DebugPrintPower() -     TAG_CHANGE Entity=加斯帕的礼物#5438 tag=2245 value=1 
D 22:10:33.1135214 GameState.DebugPrintPower() -     TAG_CHANGE Entity=加斯帕的礼物#5438 tag=RESOURCES_USED value=1 
D 22:10:33.1135214 GameState.DebugPrintPower() -     TAG_CHANGE Entity=加斯帕的礼物#5438 tag=NUM_RESOURCES_SPENT_THIS_GAME value=1 
D 22:10:33.1135214 GameState.DebugPrintPower() -     TAG_CHANGE Entity=加斯帕的礼物#5438 tag=NUM_CARDS_PLAYED_THIS_TURN value=1 
D 22:10:33.1135214 GameState.DebugPrintPower() -     TAG_CHANGE Entity=加斯帕的礼物#5438 tag=430 value=1 
D 22:10:33.1135214 GameState.DebugPrintPower() -     TAG_CHANGE Entity=[entityName=UNKNOWN ENTITY [cardType=INVALID] id=66 zone=HAND zonePos=6 cardId= player=2] tag=ZONE_POSITION value=5 
D 22:10:33.1135214 GameState.DebugPrintPower() -     TAG_CHANGE Entity=[entityName=UNKNOWN ENTITY [cardType=INVALID] id=85 zone=HAND zonePos=3 cardId= player=2] tag=ZONE_POSITION value=2 
D 22:10:33.1135214 GameState.DebugPrintPower() -     TAG_CHANGE Entity=[entityName=UNKNOWN ENTITY [cardType=INVALID] id=83 zone=HAND zonePos=2 cardId= player=2] tag=ZONE_POSITION value=1 
D 22:10:33.1135214 GameState.DebugPrintPower() -     TAG_CHANGE Entity=[entityName=UNKNOWN ENTITY [cardType=INVALID] id=94 zone=HAND zonePos=5 cardId= player=2] tag=ZONE_POSITION value=4 
D 22:10:33.1135214 GameState.DebugPrintPower() -     TAG_CHANGE Entity=[entityName=UNKNOWN ENTITY [cardType=INVALID] id=80 zone=HAND zonePos=4 cardId= player=2] tag=ZONE_POSITION value=3 
D 22:10:33.1135214 GameState.DebugPrintPower() -     TAG_CHANGE Entity=[entityName=UNKNOWN ENTITY [cardType=INVALID] id=49 zone=HAND zonePos=1 cardId= player=2] tag=ZONE_POSITION value=0 
D 22:10:33.1135214 GameState.DebugPrintPower() -     TAG_CHANGE Entity=[entityName=UNKNOWN ENTITY [cardType=INVALID] id=49 zone=HAND zonePos=1 cardId= player=2] tag=EXHAUSTED value=0 
D 22:10:33.1135214 GameState.DebugPrintPower() -     TAG_CHANGE Entity=[entityName=UNKNOWN ENTITY [cardType=INVALID] id=49 zone=HAND zonePos=1 cardId= player=2] tag=SECRET value=0 
D 22:10:33.1135214 GameState.DebugPrintPower() -     TAG_CHANGE Entity=[entityName=UNKNOWN ENTITY [cardType=INVALID] id=49 zone=HAND zonePos=1 cardId= player=2] tag=CLASS value=NEUTRAL 
D 22:10:33.1135214 GameState.DebugPrintPower() -     TAG_CHANGE Entity=[entityName=UNKNOWN ENTITY [cardType=INVALID] id=49 zone=HAND zonePos=1 cardId= player=2] tag=MULTIPLE_CLASSES value=260 
D 22:10:33.1135214 GameState.DebugPrintPower() -     TAG_CHANGE Entity=[entityName=UNKNOWN ENTITY [cardType=INVALID] id=49 zone=HAND zonePos=1 cardId= player=2] tag=COST value=1 
D 22:10:33.1135214 GameState.DebugPrintPower() -     TAG_CHANGE Entity=[entityName=UNKNOWN ENTITY [cardType=INVALID] id=49 zone=HAND zonePos=1 cardId= player=2] tag=TAG_LAST_KNOWN_COST_IN_HAND value=1 
D 22:10:33.1135214 GameState.DebugPrintPower() -     TAG_CHANGE Entity=[entityName=UNKNOWN ENTITY [cardType=INVALID] id=49 zone=HAND zonePos=1 cardId= player=2] tag=SECRET_LOCKED value=0 
D 22:10:33.1135214 GameState.DebugPrintPower() -     SHOW_ENTITY - Updating Entity=[entityName=UNKNOWN ENTITY [cardType=INVALID] id=49 zone=HAND zonePos=1 cardId= player=2] CardID=END_017
D 22:10:33.1135214 GameState.DebugPrintPower() -         tag=CONTROLLER value=2
D 22:10:33.1135214 GameState.DebugPrintPower() -         tag=CARDTYPE value=SPELL
D 22:10:33.1135214 GameState.DebugPrintPower() -         tag=TAG_LAST_KNOWN_COST_IN_HAND value=1
D 22:10:33.1135214 GameState.DebugPrintPower() -         tag=COST value=1
D 22:10:33.1135214 GameState.DebugPrintPower() -         tag=ZONE value=SECRET
D 22:10:33.1135214 GameState.DebugPrintPower() -         tag=ENTITY_ID value=49
D 22:10:33.1135214 GameState.DebugPrintPower() -         tag=ELITE value=1
D 22:10:33.1135214 GameState.DebugPrintPower() -         tag=RARITY value=LEGENDARY
D 22:10:33.1135214 GameState.DebugPrintPower() -         tag=JUST_PLAYED value=1
D 22:10:33.1135214 GameState.DebugPrintPower() -         tag=ZONE_POSITION value=0
D 22:10:33.1135214 GameState.DebugPrintPower() -         tag=NUM_TURNS_IN_HAND value=2
D 22:10:33.1135214 GameState.DebugPrintPower() -         tag=QUEST value=1
D 22:10:33.1135214 GameState.DebugPrintPower() -         tag=MULTIPLE_CLASSES value=260
D 22:10:33.1135214 GameState.DebugPrintPower() -         tag=478 value=2
D 22:10:33.1135214 GameState.DebugPrintPower() -         tag=QUEST_PROGRESS_TOTAL value=2
D 22:10:33.1135214 GameState.DebugPrintPower() -         tag=DONT_PICK_FROM_SUBSETS value=1
D 22:10:33.1135214 GameState.DebugPrintPower() -         tag=839 value=1
D 22:10:33.1135214 GameState.DebugPrintPower() -         tag=1043 value=1
D 22:10:33.1135214 GameState.DebugPrintPower() -         tag=1068 value=0
D 22:10:33.1135214 GameState.DebugPrintPower() -         tag=QUEST_REWARD_DATABASE_ID value=121160
D 22:10:33.1135214 GameState.DebugPrintPower() -         tag=SPAWN_TIME_COUNT value=1
D 22:10:33.1135214 GameState.DebugPrintPower() -         tag=MINI_SET value=1
D 22:10:33.1135214 GameState.DebugPrintPower() -         tag=HAS_SIGNATURE_QUALITY value=1
D 22:10:33.1135214 GameState.DebugPrintPower() -         tag=3557 value=1
D 22:10:33.1135214 GameState.DebugPrintPower() -     TAG_CHANGE Entity=[entityName=UNKNOWN ENTITY [cardType=INVALID] id=49 zone=HAND zonePos=1 cardId= player=2] tag=3736 value=1 
D 22:10:33.1135214 GameState.DebugPrintPower() -     META_DATA - Meta=SLUSH_TIME Data=3000 InfoCount=1
D 22:10:33.1135214 GameState.DebugPrintPower() -                 Info[0] = [entityName=UNKNOWN ENTITY [cardType=INVALID] id=49 zone=HAND zonePos=1 cardId= player=2]
D 22:10:33.1135214 GameState.DebugPrintPower() -     TAG_CHANGE Entity=加斯帕的礼物#5438 tag=NUM_SPELLS_PLAYED_THIS_GAME value=1 
D 22:10:33.1135214 GameState.DebugPrintPower() -     TAG_CHANGE Entity=[entityName=UNKNOWN ENTITY [cardType=INVALID] id=49 zone=HAND zonePos=1 cardId= player=2] tag=4297 value=1 
D 22:10:33.1135214 GameState.DebugPrintPower() -     TAG_CHANGE Entity=加斯帕的礼物#5438 tag=COMBO_ACTIVE value=1 
D 22:10:33.1135214 GameState.DebugPrintPower() -     TAG_CHANGE Entity=GameEntity tag=1323 value=2 
D 22:10:33.1135214 GameState.DebugPrintPower() -     TAG_CHANGE Entity=加斯帕的礼物#5438 tag=NUM_OPTIONS_PLAYED_THIS_TURN value=1 
D 22:10:33.1135214 GameState.DebugPrintPower() - BLOCK_END
D 22:10:33.1135214 GameState.DebugPrintPower() - META_DATA - Meta=SLUSH_TIME Data=1000 InfoCount=1
D 22:10:33.1135214 GameState.DebugPrintPower() -             Info[0] = [entityName=UNKNOWN ENTITY [cardType=INVALID] id=49 zone=HAND zonePos=1 cardId= player=2]
D 22:10:33.1135214 PowerTaskList.DebugDump() - ID=50 ParentID=0 PreviousID=0 TaskCount=26
D 22:10:33.1135214 PowerTaskList.DebugPrintPower() - BLOCK_START BlockType=PLAY Entity=[entityName=UNKNOWN ENTITY [cardType=INVALID] id=49 zone=HAND zonePos=1 cardId= player=2] EffectCardId=System.Collections.Generic.List`1[System.String] EffectIndex=0 Target=0 SubOption=-1 
D 22:10:33.1135214 PowerTaskList.DebugPrintPower() -     TAG_CHANGE Entity=加斯帕的礼物#5438 tag=2245 value=1 
D 22:10:33.1135214 PowerTaskList.DebugPrintPower() -     TAG_CHANGE Entity=加斯帕的礼物#5438 tag=RESOURCES_USED value=1 
D 22:10:33.1135214 PowerTaskList.DebugPrintPower() -     TAG_CHANGE Entity=加斯帕的礼物#5438 tag=NUM_RESOURCES_SPENT_THIS_GAME value=1 
D 22:10:33.1135214 PowerTaskList.DebugPrintPower() -     TAG_CHANGE Entity=加斯帕的礼物#5438 tag=NUM_CARDS_PLAYED_THIS_TURN value=1 
D 22:10:33.1135214 PowerTaskList.DebugPrintPower() -     TAG_CHANGE Entity=加斯帕的礼物#5438 tag=430 value=1 
D 22:10:33.1135214 PowerTaskList.DebugPrintPower() -     TAG_CHANGE Entity=[entityName=UNKNOWN ENTITY [cardType=INVALID] id=66 zone=HAND zonePos=6 cardId= player=2] tag=ZONE_POSITION value=5 
D 22:10:33.1135214 PowerTaskList.DebugPrintPower() -     TAG_CHANGE Entity=[entityName=UNKNOWN ENTITY [cardType=INVALID] id=85 zone=HAND zonePos=3 cardId= player=2] tag=ZONE_POSITION value=2 
D 22:10:33.1135214 PowerTaskList.DebugPrintPower() -     TAG_CHANGE Entity=[entityName=UNKNOWN ENTITY [cardType=INVALID] id=83 zone=HAND zonePos=2 cardId= player=2] tag=ZONE_POSITION value=1 
D 22:10:33.1135214 PowerTaskList.DebugPrintPower() -     TAG_CHANGE Entity=[entityName=UNKNOWN ENTITY [cardType=INVALID] id=94 zone=HAND zonePos=5 cardId= player=2] tag=ZONE_POSITION value=4 
D 22:10:33.1135214 PowerTaskList.DebugPrintPower() -     TAG_CHANGE Entity=[entityName=UNKNOWN ENTITY [cardType=INVALID] id=80 zone=HAND zonePos=4 cardId= player=2] tag=ZONE_POSITION value=3 
D 22:10:33.1135214 PowerTaskList.DebugPrintPower() -     TAG_CHANGE Entity=[entityName=UNKNOWN ENTITY [cardType=INVALID] id=49 zone=HAND zonePos=1 cardId= player=2] tag=ZONE_POSITION value=0 
D 22:10:33.1135214 PowerTaskList.DebugPrintPower() -     TAG_CHANGE Entity=[entityName=UNKNOWN ENTITY [cardType=INVALID] id=49 zone=HAND zonePos=1 cardId= player=2] tag=EXHAUSTED value=0 
D 22:10:33.1135214 PowerTaskList.DebugPrintPower() -     TAG_CHANGE Entity=[entityName=UNKNOWN ENTITY [cardType=INVALID] id=49 zone=HAND zonePos=1 cardId= player=2] tag=SECRET value=0 
D 22:10:33.1135214 PowerTaskList.DebugPrintPower() -     TAG_CHANGE Entity=[entityName=UNKNOWN ENTITY [cardType=INVALID] id=49 zone=HAND zonePos=1 cardId= player=2] tag=CLASS value=NEUTRAL 
D 22:10:33.1135214 PowerTaskList.DebugPrintPower() -     TAG_CHANGE Entity=[entityName=UNKNOWN ENTITY [cardType=INVALID] id=49 zone=HAND zonePos=1 cardId= player=2] tag=MULTIPLE_CLASSES value=260 
D 22:10:33.1135214 PowerTaskList.DebugPrintPower() -     TAG_CHANGE Entity=[entityName=UNKNOWN ENTITY [cardType=INVALID] id=49 zone=HAND zonePos=1 cardId= player=2] tag=COST value=1 
D 22:10:33.1135214 PowerTaskList.DebugPrintPower() -     TAG_CHANGE Entity=[entityName=UNKNOWN ENTITY [cardType=INVALID] id=49 zone=HAND zonePos=1 cardId= player=2] tag=TAG_LAST_KNOWN_COST_IN_HAND value=1 
D 22:10:33.1135214 PowerTaskList.DebugPrintPower() -     TAG_CHANGE Entity=[entityName=UNKNOWN ENTITY [cardType=INVALID] id=49 zone=HAND zonePos=1 cardId= player=2] tag=SECRET_LOCKED value=0 
D 22:10:33.1135214 PowerTaskList.DebugPrintPower() -     SHOW_ENTITY - Updating Entity=[entityName=UNKNOWN ENTITY [cardType=INVALID] id=49 zone=HAND zonePos=1 cardId= player=2] CardID=END_017
D 22:10:33.1135214 PowerTaskList.DebugPrintPower() -         tag=CONTROLLER value=2
D 22:10:33.1135214 PowerTaskList.DebugPrintPower() -         tag=CARDTYPE value=SPELL
D 22:10:33.1135214 PowerTaskList.DebugPrintPower() -         tag=TAG_LAST_KNOWN_COST_IN_HAND value=1
D 22:10:33.1135214 PowerTaskList.DebugPrintPower() -         tag=COST value=1
D 22:10:33.1135214 PowerTaskList.DebugPrintPower() -         tag=ZONE value=SECRET
D 22:10:33.1135214 PowerTaskList.DebugPrintPower() -         tag=ENTITY_ID value=49
D 22:10:33.1135214 PowerTaskList.DebugPrintPower() -         tag=ELITE value=1
D 22:10:33.1135214 PowerTaskList.DebugPrintPower() -         tag=RARITY value=LEGENDARY
D 22:10:33.1135214 PowerTaskList.DebugPrintPower() -         tag=JUST_PLAYED value=1
D 22:10:33.1135214 PowerTaskList.DebugPrintPower() -         tag=ZONE_POSITION value=0
D 22:10:33.1135214 PowerTaskList.DebugPrintPower() -         tag=NUM_TURNS_IN_HAND value=2
D 22:10:33.1135214 PowerTaskList.DebugPrintPower() -         tag=QUEST value=1
D 22:10:33.1135214 PowerTaskList.DebugPrintPower() -         tag=MULTIPLE_CLASSES value=260
D 22:10:33.1135214 PowerTaskList.DebugPrintPower() -         tag=478 value=2
D 22:10:33.1135214 PowerTaskList.DebugPrintPower() -         tag=QUEST_PROGRESS_TOTAL value=2
D 22:10:33.1135214 PowerTaskList.DebugPrintPower() -         tag=DONT_PICK_FROM_SUBSETS value=1
D 22:10:33.1135214 PowerTaskList.DebugPrintPower() -         tag=839 value=1
D 22:10:33.1135214 PowerTaskList.DebugPrintPower() -         tag=1043 value=1
D 22:10:33.1135214 PowerTaskList.DebugPrintPower() -         tag=1068 value=0
D 22:10:33.1135214 PowerTaskList.DebugPrintPower() -         tag=QUEST_REWARD_DATABASE_ID value=121160
D 22:10:33.1135214 PowerTaskList.DebugPrintPower() -         tag=SPAWN_TIME_COUNT value=1
D 22:10:33.1135214 PowerTaskList.DebugPrintPower() -         tag=MINI_SET value=1
D 22:10:33.1135214 PowerTaskList.DebugPrintPower() -         tag=HAS_SIGNATURE_QUALITY value=1
D 22:10:33.1135214 PowerTaskList.DebugPrintPower() -         tag=3557 value=1
D 22:10:33.1135214 PowerTaskList.DebugPrintPower() -     TAG_CHANGE Entity=[entityName=UNKNOWN ENTITY [cardType=INVALID] id=49 zone=HAND zonePos=1 cardId= player=2] tag=3736 value=1 
D 22:10:33.1135214 PowerTaskList.DebugPrintPower() -     META_DATA - Meta=SLUSH_TIME Data=3000 InfoCount=1
D 22:10:33.1135214 PowerTaskList.DebugPrintPower() -                 Info[0] = [entityName=UNKNOWN ENTITY [cardType=INVALID] id=49 zone=HAND zonePos=1 cardId= player=2]
D 22:10:33.1135214 PowerTaskList.DebugPrintPower() -     TAG_CHANGE Entity=加斯帕的礼物#5438 tag=NUM_SPELLS_PLAYED_THIS_GAME value=1 
D 22:10:33.1135214 PowerTaskList.DebugPrintPower() -     TAG_CHANGE Entity=[entityName=UNKNOWN ENTITY [cardType=INVALID] id=49 zone=HAND zonePos=1 cardId= player=2] tag=4297 value=1 
D 22:10:33.1135214 PowerTaskList.DebugPrintPower() -     TAG_CHANGE Entity=加斯帕的礼物#5438 tag=COMBO_ACTIVE value=1 
D 22:10:33.1135214 PowerTaskList.DebugPrintPower() -     TAG_CHANGE Entity=GameEntity tag=1323 value=2 
D 22:10:33.1135214 PowerTaskList.DebugPrintPower() -     TAG_CHANGE Entity=加斯帕的礼物#5438 tag=NUM_OPTIONS_PLAYED_THIS_TURN value=1 
D 22:10:33.1135214 PowerTaskList.DebugPrintPower() - BLOCK_END
D 22:10:33.1135214 PowerProcessor.PrepareHistoryForCurrentTaskList() - m_currentTaskList=50
D 22:10:33.1135214 PowerProcessor.DoTaskListForCard() - unhandled BlockType PLAY for sourceEntity [entityName=UNKNOWN ENTITY [cardType=INVALID] id=49 zone=HAND zonePos=1 cardId= player=2]
D 22:10:34.5250976 GameState.DebugPrintPowerList() - Count=74
D 22:10:34.5250976 GameState.DebugPrintPower() - TAG_CHANGE Entity=GameEntity tag=STEP value=MAIN_END 
D 22:10:34.5250976 GameState.DebugPrintPower() - BLOCK_START BlockType=TRIGGER Entity=湫然#51704 EffectCardId=System.Collections.Generic.List`1[System.String] EffectIndex=-1 Target=0 SubOption=-1 TriggerKeyword=TAG_NOT_SET
D 22:10:34.5250976 GameState.DebugPrintPower() - BLOCK_END
D 22:10:34.5250976 GameState.DebugPrintPower() - BLOCK_START BlockType=TRIGGER Entity=加斯帕的礼物#5438 EffectCardId=System.Collections.Generic.List`1[System.String] EffectIndex=-1 Target=0 SubOption=-1 TriggerKeyword=TAG_NOT_SET
D 22:10:34.5250976 GameState.DebugPrintPower() -     TAG_CHANGE Entity=GameEntity tag=NEXT_STEP value=MAIN_CLEANUP 
D 22:10:34.5250976 GameState.DebugPrintPower() - BLOCK_END
D 22:10:34.5250976 GameState.DebugPrintPower() - BLOCK_START BlockType=TRIGGER Entity=加斯帕的礼物#5438 EffectCardId=System.Collections.Generic.List`1[System.String] EffectIndex=-1 Target=0 SubOption=-1 TriggerKeyword=TAG_NOT_SET
D 22:10:34.5250976 GameState.DebugPrintPower() - BLOCK_END
D 22:10:34.5250976 GameState.DebugPrintPower() - TAG_CHANGE Entity=GameEntity tag=STEP value=MAIN_CLEANUP 
D 22:10:34.5250976 GameState.DebugPrintPower() - BLOCK_START BlockType=TRIGGER Entity=湫然#51704 EffectCardId=System.Collections.Generic.List`1[System.String] EffectIndex=-1 Target=0 SubOption=-1 TriggerKeyword=TAG_NOT_SET
D 22:10:34.5250976 GameState.DebugPrintPower() - BLOCK_END
D 22:10:34.5250976 GameState.DebugPrintPower() - BLOCK_START BlockType=TRIGGER Entity=加斯帕的礼物#5438 EffectCardId=System.Collections.Generic.List`1[System.String] EffectIndex=-1 Target=0 SubOption=-1 TriggerKeyword=TAG_NOT_SET
D 22:10:34.5250976 GameState.DebugPrintPower() -     TAG_CHANGE Entity=加斯帕的礼物#5438 tag=COMBO_ACTIVE value=0 
D 22:10:34.5250976 GameState.DebugPrintPower() -     TAG_CHANGE Entity=GameEntity tag=NEXT_STEP value=MAIN_NEXT 
D 22:10:34.5250976 GameState.DebugPrintPower() - BLOCK_END
D 22:10:34.5250976 GameState.DebugPrintPower() - TAG_CHANGE Entity=GameEntity tag=STEP value=MAIN_NEXT 
D 22:10:34.5250976 GameState.DebugPrintPower() - BLOCK_START BlockType=TRIGGER Entity=GameEntity EffectCardId=System.Collections.Generic.List`1[System.String] EffectIndex=-1 Target=0 SubOption=-1 TriggerKeyword=TAG_NOT_SET
D 22:10:34.5250976 GameState.DebugPrintPower() -     TAG_CHANGE Entity=加斯帕的礼物#5438 tag=1292 value=0 
D 22:10:34.5250976 GameState.DebugPrintPower() -     TAG_CHANGE Entity=湫然#51704 tag=1292 value=1 
D 22:10:34.5250976 GameState.DebugPrintPower() -     TAG_CHANGE Entity=加斯帕的礼物#5438 tag=TIMEOUT value=55 
D 22:10:34.5250976 GameState.DebugPrintPower() -     TAG_CHANGE Entity=[entityName=水栖形态 id=10 zone=HAND zonePos=1 cardId=TSC_654 player=1] tag=NUM_TURNS_IN_HAND value=3 
D 22:10:34.5250976 GameState.DebugPrintPower() -     TAG_CHANGE Entity=[entityName=激活 id=26 zone=HAND zonePos=2 cardId=EX1_169 player=1] tag=NUM_TURNS_IN_HAND value=3 
D 22:10:34.5250976 GameState.DebugPrintPower() -     TAG_CHANGE Entity=[entityName=虚灵改装师 id=11 zone=HAND zonePos=3 cardId=BT_724 player=1] tag=NUM_TURNS_IN_HAND value=3 
D 22:10:34.5250976 GameState.DebugPrintPower() -     TAG_CHANGE Entity=[entityName=占领冷齿矿洞 id=16 zone=HAND zonePos=4 cardId=AV_295 player=1] tag=NUM_TURNS_IN_HAND value=3 
D 22:10:34.5250976 GameState.DebugPrintPower() -     TAG_CHANGE Entity=加斯帕的礼物#5438 tag=CURRENT_PLAYER value=0 
D 22:10:34.5250976 GameState.DebugPrintPower() -     TAG_CHANGE Entity=湫然#51704 tag=CURRENT_PLAYER value=1 
D 22:10:34.5250976 GameState.DebugPrintPower() -     TAG_CHANGE Entity=GameEntity tag=TURN value=3 
D 22:10:34.5250976 GameState.DebugPrintPower() -     TAG_CHANGE Entity=GameEntity tag=1882 value=2 
D 22:10:34.5250976 GameState.DebugPrintPower() -     TAG_CHANGE Entity=湫然#51704 tag=TURN value=2 
D 22:10:34.5250976 GameState.DebugPrintPower() -     TAG_CHANGE Entity=GameEntity tag=NEXT_STEP value=MAIN_READY 
D 22:10:34.5250976 GameState.DebugPrintPower() - BLOCK_END
D 22:10:34.5250976 GameState.DebugPrintPower() - TAG_CHANGE Entity=GameEntity tag=STEP value=MAIN_READY 
D 22:10:34.5250976 GameState.DebugPrintPower() - BLOCK_START BlockType=TRIGGER Entity=湫然#51704 EffectCardId=System.Collections.Generic.List`1[System.String] EffectIndex=-1 Target=0 SubOption=-1 TriggerKeyword=TAG_NOT_SET
D 22:10:34.5250976 GameState.DebugPrintPower() -     TAG_CHANGE Entity=GameEntity tag=NUM_TURNS_IN_PLAY value=3 
D 22:10:34.5250976 GameState.DebugPrintPower() -     TAG_CHANGE Entity=湫然#51704 tag=NUM_TURNS_IN_PLAY value=3 
D 22:10:34.5250976 GameState.DebugPrintPower() -     TAG_CHANGE Entity=加斯帕的礼物#5438 tag=NUM_TURNS_IN_PLAY value=3 
D 22:10:34.5250976 GameState.DebugPrintPower() -     TAG_CHANGE Entity=[entityName=嘲风望月露娜拉 id=90 zone=PLAY zonePos=0 cardId=HERO_06bi player=1] tag=NUM_TURNS_IN_PLAY value=3 
D 22:10:34.5250976 GameState.DebugPrintPower() -     TAG_CHANGE Entity=[entityName=变形 id=91 zone=PLAY zonePos=0 cardId=HERO_06ebp player=1] tag=NUM_TURNS_IN_PLAY value=3 
D 22:10:34.5250976 GameState.DebugPrintPower() -     TAG_CHANGE Entity=[entityName=胜地古神恩佐斯 id=92 zone=PLAY zonePos=0 cardId=HERO_07at player=2] tag=NUM_TURNS_IN_PLAY value=3 
D 22:10:34.5250976 GameState.DebugPrintPower() -     TAG_CHANGE Entity=[entityName=生命分流 id=93 zone=PLAY zonePos=0 cardId=HERO_07ebp player=2] tag=NUM_TURNS_IN_PLAY value=3 
D 22:10:34.5250976 GameState.DebugPrintPower() -     TAG_CHANGE Entity=[entityName=征战时光之末 id=49 zone=SECRET zonePos=0 cardId=END_017 player=2] tag=NUM_TURNS_IN_PLAY value=1 
D 22:10:34.5250976 GameState.DebugPrintPower() -     TAG_CHANGE Entity=湫然#51704 tag=RESOURCES value=2 
D 22:10:34.5250976 GameState.DebugPrintPower() -     TAG_CHANGE Entity=湫然#51704 tag=RESOURCES_USED value=0 
D 22:10:34.5250976 GameState.DebugPrintPower() -     TAG_CHANGE Entity=湫然#51704 tag=NUM_CARDS_PLAYED_THIS_TURN value=0 
D 22:10:34.5250976 GameState.DebugPrintPower() -     TAG_CHANGE Entity=湫然#51704 tag=NUM_OPTIONS_PLAYED_THIS_TURN value=0 
D 22:10:34.5250976 GameState.DebugPrintPower() -     TAG_CHANGE Entity=湫然#51704 tag=430 value=0 
D 22:10:34.5250976 GameState.DebugPrintPower() -     TAG_CHANGE Entity=湫然#51704 tag=3242 value=0 
D 22:10:34.5250976 GameState.DebugPrintPower() -     TAG_CHANGE Entity=加斯帕的礼物#5438 tag=NUM_CARDS_DRAWN_THIS_TURN value=0 
D 22:10:34.5250976 GameState.DebugPrintPower() -     TAG_CHANGE Entity=GameEntity tag=NEXT_STEP value=MAIN_START_TRIGGERS 
D 22:10:34.5250976 GameState.DebugPrintPower() - BLOCK_END
D 22:10:34.5250976 GameState.DebugPrintPower() - TAG_CHANGE Entity=GameEntity tag=STEP value=MAIN_START_TRIGGERS 
D 22:10:34.5250976 GameState.DebugPrintPower() - BLOCK_START BlockType=TRIGGER Entity=湫然#51704 EffectCardId=System.Collections.Generic.List`1[System.String] EffectIndex=-1 Target=0 SubOption=-1 TriggerKeyword=TAG_NOT_SET
D 22:10:34.5250976 GameState.DebugPrintPower() -     TAG_CHANGE Entity=GameEntity tag=NEXT_STEP value=MAIN_START 
D 22:10:34.5250976 GameState.DebugPrintPower() - BLOCK_END
D 22:10:34.5250976 GameState.DebugPrintPower() - TAG_CHANGE Entity=GameEntity tag=STEP value=MAIN_START 
D 22:10:34.5250976 GameState.DebugPrintPower() - BLOCK_START BlockType=TRIGGER Entity=湫然#51704 EffectCardId=System.Collections.Generic.List`1[System.String] EffectIndex=-1 Target=0 SubOption=-1 TriggerKeyword=TAG_NOT_SET
D 22:10:34.5250976 GameState.DebugPrintPower() -     TAG_CHANGE Entity=湫然#51704 tag=2166 value=4 
D 22:10:34.5250976 GameState.DebugPrintPower() -     TAG_CHANGE Entity=湫然#51704 tag=467 value=1 
D 22:10:34.5250976 GameState.DebugPrintPower() -     SHOW_ENTITY - Updating Entity=[entityName=UNKNOWN ENTITY [cardType=INVALID] id=4 zone=DECK zonePos=0 cardId= player=1] CardID=EX1_169
D 22:10:34.5250976 GameState.DebugPrintPower() -         tag=CONTROLLER value=1
D 22:10:34.5250976 GameState.DebugPrintPower() -         tag=CARDTYPE value=SPELL
D 22:10:34.5250976 GameState.DebugPrintPower() -         tag=PREMIUM value=1
D 22:10:34.5250976 GameState.DebugPrintPower() -         tag=ZONE value=HAND
D 22:10:34.5250976 GameState.DebugPrintPower() -         tag=ENTITY_ID value=4
D 22:10:34.5250976 GameState.DebugPrintPower() -         tag=CLASS value=DRUID
D 22:10:34.5250976 GameState.DebugPrintPower() -         tag=FACTION value=NEUTRAL
D 22:10:34.5250976 GameState.DebugPrintPower() -         tag=RARITY value=FREE
D 22:10:34.5250976 GameState.DebugPrintPower() -         tag=478 value=1
D 22:10:34.5250976 GameState.DebugPrintPower() -         tag=1037 value=1
D 22:10:34.5250976 GameState.DebugPrintPower() -         tag=1043 value=1
D 22:10:34.5250976 GameState.DebugPrintPower() -         tag=1068 value=0
D 22:10:34.5250976 GameState.DebugPrintPower() -         tag=SPAWN_TIME_COUNT value=1
D 22:10:34.5250976 GameState.DebugPrintPower() -         tag=SPELL_SCHOOL value=4
D 22:10:34.5250976 GameState.DebugPrintPower() -         tag=HAS_SIGNATURE_QUALITY value=1
D 22:10:34.5250976 GameState.DebugPrintPower() -     TAG_CHANGE Entity=[entityName=UNKNOWN ENTITY [cardType=INVALID] id=4 zone=DECK zonePos=0 cardId= player=1] tag=NUM_TURNS_IN_HAND value=1 
D 22:10:34.5250976 GameState.DebugPrintPower() -     TAG_CHANGE Entity=[entityName=UNKNOWN ENTITY [cardType=INVALID] id=4 zone=DECK zonePos=0 cardId= player=1] tag=ZONE_POSITION value=5 
D 22:10:34.5250976 GameState.DebugPrintPower() -     TAG_CHANGE Entity=[entityName=UNKNOWN ENTITY [cardType=INVALID] id=4 zone=DECK zonePos=0 cardId= player=1] tag=ZONE_POSITION value=0 
D 22:10:34.5250976 GameState.DebugPrintPower() -     TAG_CHANGE Entity=[entityName=UNKNOWN ENTITY [cardType=INVALID] id=4 zone=DECK zonePos=0 cardId= player=1] tag=ZONE_POSITION value=5 
D 22:10:34.5250976 GameState.DebugPrintPower() -     TAG_CHANGE Entity=湫然#51704 tag=3242 value=1 
D 22:10:34.5250976 GameState.DebugPrintPower() -     TAG_CHANGE Entity=湫然#51704 tag=NUM_CARDS_DRAWN_THIS_TURN value=1 
D 22:10:34.5250976 GameState.DebugPrintPower() -     TAG_CHANGE Entity=湫然#51704 tag=995 value=3 
D 22:10:34.5250976 GameState.DebugPrintPower() -     TAG_CHANGE Entity=[entityName=UNKNOWN ENTITY [cardType=INVALID] id=4 zone=DECK zonePos=0 cardId= player=1] tag=1570 value=3 
D 22:10:34.5250976 GameState.DebugPrintPower() -     TAG_CHANGE Entity=湫然#51704 tag=467 value=0 
D 22:10:34.5250976 GameState.DebugPrintPower() -     TAG_CHANGE Entity=GameEntity tag=NEXT_STEP value=MAIN_ACTION 
D 22:10:34.5250976 GameState.DebugPrintPower() - BLOCK_END
D 22:10:34.5250976 GameState.DebugPrintPower() - TAG_CHANGE Entity=GameEntity tag=STEP value=MAIN_ACTION 
D 22:10:34.5250976 GameState.DebugPrintPower() - BLOCK_START BlockType=TRIGGER Entity=湫然#51704 EffectCardId=System.Collections.Generic.List`1[System.String] EffectIndex=-1 Target=0 SubOption=-1 TriggerKeyword=TAG_NOT_SET
D 22:10:34.5250976 GameState.DebugPrintPower() -     TAG_CHANGE Entity=GameEntity tag=NEXT_STEP value=MAIN_END 
D 22:10:34.5250976 GameState.DebugPrintPower() - BLOCK_END
D 22:10:34.5535971 PowerProcessor.EndCurrentTaskList() - m_currentTaskList=50
D 22:10:34.5606231 PowerTaskList.DebugDump() - ID=51 ParentID=0 PreviousID=0 TaskCount=1
D 22:10:34.5606231 PowerTaskList.DebugDump() - Block Start=(null)
D 22:10:34.5606231 PowerTaskList.DebugPrintPower() -     META_DATA - Meta=SLUSH_TIME Data=1000 InfoCount=1
D 22:10:34.5606231 PowerTaskList.DebugPrintPower() -                 Info[0] = [entityName=征战时光之末 id=49 zone=SECRET zonePos=0 cardId=END_017 player=2]
D 22:10:34.5606231 PowerTaskList.DebugDump() - Block End=(null)
D 22:10:34.5606231 PowerProcessor.PrepareHistoryForCurrentTaskList() - m_currentTaskList=51
D 22:10:34.5606231 PowerProcessor.EndCurrentTaskList() - m_currentTaskList=51
D 22:10:34.5606231 PowerTaskList.DebugDump() - ID=52 ParentID=0 PreviousID=0 TaskCount=1
D 22:10:34.5606231 PowerTaskList.DebugDump() - Block Start=(null)
D 22:10:34.5606231 PowerTaskList.DebugPrintPower() -     TAG_CHANGE Entity=GameEntity tag=STEP value=MAIN_END 
D 22:10:34.5606231 PowerTaskList.DebugDump() - Block End=(null)
D 22:10:34.5606231 PowerProcessor.PrepareHistoryForCurrentTaskList() - m_currentTaskList=52
D 22:10:34.5606231 PowerProcessor.EndCurrentTaskList() - m_currentTaskList=52
D 22:10:34.5606231 PowerTaskList.DebugDump() - ID=53 ParentID=52 PreviousID=0 TaskCount=0
D 22:10:34.5606231 PowerTaskList.DebugPrintPower() - BLOCK_START BlockType=TRIGGER Entity=湫然#51704 EffectCardId=System.Collections.Generic.List`1[System.String] EffectIndex=-1 Target=0 SubOption=-1 TriggerKeyword=TAG_NOT_SET
D 22:10:34.5606231 PowerTaskList.DebugPrintPower() - BLOCK_END
D 22:10:34.5606231 PowerProcessor.PrepareHistoryForCurrentTaskList() - m_currentTaskList=53
D 22:10:34.5606231 PowerProcessor.EndCurrentTaskList() - m_currentTaskList=53
D 22:10:34.5606231 PowerTaskList.DebugDump() - ID=54 ParentID=0 PreviousID=0 TaskCount=1
D 22:10:34.5606231 PowerTaskList.DebugPrintPower() - BLOCK_START BlockType=TRIGGER Entity=加斯帕的礼物#5438 EffectCardId=System.Collections.Generic.List`1[System.String] EffectIndex=-1 Target=0 SubOption=-1 TriggerKeyword=TAG_NOT_SET
D 22:10:34.5606231 PowerTaskList.DebugPrintPower() -     TAG_CHANGE Entity=GameEntity tag=NEXT_STEP value=MAIN_CLEANUP 
D 22:10:34.5606231 PowerTaskList.DebugPrintPower() - BLOCK_END
D 22:10:34.5606231 PowerProcessor.PrepareHistoryForCurrentTaskList() - m_currentTaskList=54
D 22:10:34.5606231 PowerProcessor.EndCurrentTaskList() - m_currentTaskList=54
D 22:10:34.5606231 PowerTaskList.DebugDump() - ID=55 ParentID=0 PreviousID=0 TaskCount=0
D 22:10:34.5606231 PowerTaskList.DebugPrintPower() - BLOCK_START BlockType=TRIGGER Entity=加斯帕的礼物#5438 EffectCardId=System.Collections.Generic.List`1[System.String] EffectIndex=-1 Target=0 SubOption=-1 TriggerKeyword=TAG_NOT_SET
D 22:10:34.5606231 PowerTaskList.DebugPrintPower() - BLOCK_END
D 22:10:34.5606231 PowerProcessor.PrepareHistoryForCurrentTaskList() - m_currentTaskList=55
D 22:10:34.5606231 PowerProcessor.EndCurrentTaskList() - m_currentTaskList=55
D 22:10:34.5606231 PowerTaskList.DebugDump() - ID=56 ParentID=0 PreviousID=0 TaskCount=1
D 22:10:34.5606231 PowerTaskList.DebugDump() - Block Start=(null)
D 22:10:34.5606231 PowerTaskList.DebugPrintPower() -     TAG_CHANGE Entity=GameEntity tag=STEP value=MAIN_CLEANUP 
D 22:10:34.5606231 PowerTaskList.DebugDump() - Block End=(null)
D 22:10:34.5606231 PowerProcessor.PrepareHistoryForCurrentTaskList() - m_currentTaskList=56
D 22:10:34.5606231 PowerProcessor.EndCurrentTaskList() - m_currentTaskList=56
D 22:10:34.5606231 PowerTaskList.DebugDump() - ID=57 ParentID=0 PreviousID=0 TaskCount=0
D 22:10:34.5606231 PowerTaskList.DebugPrintPower() - BLOCK_START BlockType=TRIGGER Entity=湫然#51704 EffectCardId=System.Collections.Generic.List`1[System.String] EffectIndex=-1 Target=0 SubOption=-1 TriggerKeyword=TAG_NOT_SET
D 22:10:34.5606231 PowerTaskList.DebugPrintPower() - BLOCK_END
D 22:10:34.5606231 PowerProcessor.PrepareHistoryForCurrentTaskList() - m_currentTaskList=57
D 22:10:34.5606231 PowerProcessor.EndCurrentTaskList() - m_currentTaskList=57
D 22:10:34.5606231 PowerTaskList.DebugDump() - ID=58 ParentID=0 PreviousID=0 TaskCount=2
D 22:10:34.5606231 PowerTaskList.DebugPrintPower() - BLOCK_START BlockType=TRIGGER Entity=加斯帕的礼物#5438 EffectCardId=System.Collections.Generic.List`1[System.String] EffectIndex=-1 Target=0 SubOption=-1 TriggerKeyword=TAG_NOT_SET
D 22:10:34.5606231 PowerTaskList.DebugPrintPower() -     TAG_CHANGE Entity=加斯帕的礼物#5438 tag=COMBO_ACTIVE value=0 
D 22:10:34.5606231 PowerTaskList.DebugPrintPower() -     TAG_CHANGE Entity=GameEntity tag=NEXT_STEP value=MAIN_NEXT 
D 22:10:34.5606231 PowerTaskList.DebugPrintPower() - BLOCK_END
D 22:10:34.5606231 PowerProcessor.PrepareHistoryForCurrentTaskList() - m_currentTaskList=58
D 22:10:34.5606231 PowerProcessor.EndCurrentTaskList() - m_currentTaskList=58
D 22:10:34.5606231 PowerTaskList.DebugDump() - ID=59 ParentID=0 PreviousID=0 TaskCount=1
D 22:10:34.5606231 PowerTaskList.DebugDump() - Block Start=(null)
D 22:10:34.5606231 PowerTaskList.DebugPrintPower() -     TAG_CHANGE Entity=GameEntity tag=STEP value=MAIN_NEXT 
D 22:10:34.5606231 PowerTaskList.DebugDump() - Block End=(null)
D 22:10:34.5606231 PowerProcessor.PrepareHistoryForCurrentTaskList() - m_currentTaskList=59
D 22:10:34.5606231 PowerProcessor.EndCurrentTaskList() - m_currentTaskList=59
D 22:10:34.5606231 PowerTaskList.DebugDump() - ID=60 ParentID=0 PreviousID=0 TaskCount=13
D 22:10:34.5606231 PowerTaskList.DebugPrintPower() - BLOCK_START BlockType=TRIGGER Entity=GameEntity EffectCardId=System.Collections.Generic.List`1[System.String] EffectIndex=-1 Target=0 SubOption=-1 TriggerKeyword=TAG_NOT_SET
D 22:10:34.5606231 PowerTaskList.DebugPrintPower() -     TAG_CHANGE Entity=加斯帕的礼物#5438 tag=1292 value=0 
D 22:10:34.5606231 PowerTaskList.DebugPrintPower() -     TAG_CHANGE Entity=湫然#51704 tag=1292 value=1 
D 22:10:34.5606231 PowerTaskList.DebugPrintPower() -     TAG_CHANGE Entity=加斯帕的礼物#5438 tag=TIMEOUT value=55 
D 22:10:34.5606231 PowerTaskList.DebugPrintPower() -     TAG_CHANGE Entity=[entityName=水栖形态 id=10 zone=HAND zonePos=1 cardId=TSC_654 player=1] tag=NUM_TURNS_IN_HAND value=3 
D 22:10:34.5606231 PowerTaskList.DebugPrintPower() -     TAG_CHANGE Entity=[entityName=激活 id=26 zone=HAND zonePos=2 cardId=EX1_169 player=1] tag=NUM_TURNS_IN_HAND value=3 
D 22:10:34.5606231 PowerTaskList.DebugPrintPower() -     TAG_CHANGE Entity=[entityName=虚灵改装师 id=11 zone=HAND zonePos=3 cardId=BT_724 player=1] tag=NUM_TURNS_IN_HAND value=3 
D 22:10:34.5606231 PowerTaskList.DebugPrintPower() -     TAG_CHANGE Entity=[entityName=占领冷齿矿洞 id=16 zone=HAND zonePos=4 cardId=AV_295 player=1] tag=NUM_TURNS_IN_HAND value=3 
D 22:10:34.5606231 PowerTaskList.DebugPrintPower() -     TAG_CHANGE Entity=加斯帕的礼物#5438 tag=CURRENT_PLAYER value=0 
D 22:10:34.5606231 PowerTaskList.DebugPrintPower() -     TAG_CHANGE Entity=湫然#51704 tag=CURRENT_PLAYER value=1 
D 22:10:34.5606231 PowerTaskList.DebugPrintPower() -     TAG_CHANGE Entity=GameEntity tag=TURN value=3 
D 22:10:34.5606231 PowerTaskList.DebugPrintPower() -     TAG_CHANGE Entity=GameEntity tag=1882 value=2 
D 22:10:34.5606231 PowerTaskList.DebugPrintPower() -     TAG_CHANGE Entity=湫然#51704 tag=TURN value=2 
D 22:10:34.5606231 PowerTaskList.DebugPrintPower() -     TAG_CHANGE Entity=GameEntity tag=NEXT_STEP value=MAIN_READY 
D 22:10:34.5606231 PowerTaskList.DebugPrintPower() - BLOCK_END
D 22:10:34.5606231 PowerProcessor.PrepareHistoryForCurrentTaskList() - m_currentTaskList=60
D 22:10:34.5606231 PowerProcessor.EndCurrentTaskList() - m_currentTaskList=60
D 22:10:34.5606231 PowerTaskList.DebugDump() - ID=61 ParentID=0 PreviousID=0 TaskCount=1
D 22:10:34.5606231 PowerTaskList.DebugDump() - Block Start=(null)
D 22:10:34.5606231 PowerTaskList.DebugPrintPower() -     TAG_CHANGE Entity=GameEntity tag=STEP value=MAIN_READY 
D 22:10:34.5606231 PowerTaskList.DebugDump() - Block End=(null)
D 22:10:34.5606231 PowerProcessor.PrepareHistoryForCurrentTaskList() - m_currentTaskList=61
D 22:10:34.5606231 PowerProcessor.EndCurrentTaskList() - m_currentTaskList=61
D 22:10:34.5606231 PowerTaskList.DebugDump() - ID=62 ParentID=0 PreviousID=0 TaskCount=16
D 22:10:34.5606231 PowerTaskList.DebugPrintPower() - BLOCK_START BlockType=TRIGGER Entity=湫然#51704 EffectCardId=System.Collections.Generic.List`1[System.String] EffectIndex=-1 Target=0 SubOption=-1 TriggerKeyword=TAG_NOT_SET
D 22:10:34.5606231 PowerTaskList.DebugPrintPower() -     TAG_CHANGE Entity=GameEntity tag=NUM_TURNS_IN_PLAY value=3 
D 22:10:34.5606231 PowerTaskList.DebugPrintPower() -     TAG_CHANGE Entity=湫然#51704 tag=NUM_TURNS_IN_PLAY value=3 
D 22:10:34.5606231 PowerTaskList.DebugPrintPower() -     TAG_CHANGE Entity=加斯帕的礼物#5438 tag=NUM_TURNS_IN_PLAY value=3 
D 22:10:34.5606231 PowerTaskList.DebugPrintPower() -     TAG_CHANGE Entity=[entityName=嘲风望月露娜拉 id=90 zone=PLAY zonePos=0 cardId=HERO_06bi player=1] tag=NUM_TURNS_IN_PLAY value=3 
D 22:10:34.5606231 PowerTaskList.DebugPrintPower() -     TAG_CHANGE Entity=[entityName=变形 id=91 zone=PLAY zonePos=0 cardId=HERO_06ebp player=1] tag=NUM_TURNS_IN_PLAY value=3 
D 22:10:34.5606231 PowerTaskList.DebugPrintPower() -     TAG_CHANGE Entity=[entityName=胜地古神恩佐斯 id=92 zone=PLAY zonePos=0 cardId=HERO_07at player=2] tag=NUM_TURNS_IN_PLAY value=3 
D 22:10:34.5606231 PowerTaskList.DebugPrintPower() -     TAG_CHANGE Entity=[entityName=生命分流 id=93 zone=PLAY zonePos=0 cardId=HERO_07ebp player=2] tag=NUM_TURNS_IN_PLAY value=3 
D 22:10:34.5606231 PowerTaskList.DebugPrintPower() -     TAG_CHANGE Entity=[entityName=征战时光之末 id=49 zone=SECRET zonePos=0 cardId=END_017 player=2] tag=NUM_TURNS_IN_PLAY value=1 
D 22:10:34.5606231 PowerTaskList.DebugPrintPower() -     TAG_CHANGE Entity=湫然#51704 tag=RESOURCES value=2 
D 22:10:34.5606231 PowerTaskList.DebugPrintPower() -     TAG_CHANGE Entity=湫然#51704 tag=RESOURCES_USED value=0 
D 22:10:34.5606231 PowerTaskList.DebugPrintPower() -     TAG_CHANGE Entity=湫然#51704 tag=NUM_CARDS_PLAYED_THIS_TURN value=0 
D 22:10:34.5606231 PowerTaskList.DebugPrintPower() -     TAG_CHANGE Entity=湫然#51704 tag=NUM_OPTIONS_PLAYED_THIS_TURN value=0 
D 22:10:34.5606231 PowerTaskList.DebugPrintPower() -     TAG_CHANGE Entity=湫然#51704 tag=430 value=0 
D 22:10:34.5606231 PowerTaskList.DebugPrintPower() -     TAG_CHANGE Entity=湫然#51704 tag=3242 value=0 
D 22:10:34.5606231 PowerTaskList.DebugPrintPower() -     TAG_CHANGE Entity=加斯帕的礼物#5438 tag=NUM_CARDS_DRAWN_THIS_TURN value=0 
D 22:10:34.5606231 PowerTaskList.DebugPrintPower() -     TAG_CHANGE Entity=GameEntity tag=NEXT_STEP value=MAIN_START_TRIGGERS 
D 22:10:34.5606231 PowerTaskList.DebugPrintPower() - BLOCK_END
D 22:10:34.5606231 PowerProcessor.PrepareHistoryForCurrentTaskList() - m_currentTaskList=62
D 22:10:34.5606231 PowerProcessor.EndCurrentTaskList() - m_currentTaskList=62
D 22:10:34.5606231 PowerTaskList.DebugDump() - ID=63 ParentID=0 PreviousID=0 TaskCount=1
D 22:10:34.5606231 PowerTaskList.DebugDump() - Block Start=(null)
D 22:10:34.5606231 PowerTaskList.DebugPrintPower() -     TAG_CHANGE Entity=GameEntity tag=STEP value=MAIN_START_TRIGGERS 
D 22:10:34.5606231 PowerTaskList.DebugDump() - Block End=(null)
D 22:10:34.5606231 PowerProcessor.PrepareHistoryForCurrentTaskList() - m_currentTaskList=63
D 22:10:34.5606231 PowerProcessor.EndCurrentTaskList() - m_currentTaskList=63
D 22:10:34.5606231 PowerTaskList.DebugDump() - ID=64 ParentID=0 PreviousID=0 TaskCount=1
D 22:10:34.5606231 PowerTaskList.DebugPrintPower() - BLOCK_START BlockType=TRIGGER Entity=湫然#51704 EffectCardId=System.Collections.Generic.List`1[System.String] EffectIndex=-1 Target=0 SubOption=-1 TriggerKeyword=TAG_NOT_SET
D 22:10:34.5606231 PowerTaskList.DebugPrintPower() -     TAG_CHANGE Entity=GameEntity tag=NEXT_STEP value=MAIN_START 
D 22:10:34.5606231 PowerTaskList.DebugPrintPower() - BLOCK_END
D 22:10:34.5606231 PowerProcessor.PrepareHistoryForCurrentTaskList() - m_currentTaskList=64
D 22:10:34.5606231 PowerProcessor.EndCurrentTaskList() - m_currentTaskList=64
D 22:10:34.5606231 PowerTaskList.DebugDump() - ID=65 ParentID=0 PreviousID=0 TaskCount=1
D 22:10:34.5606231 PowerTaskList.DebugDump() - Block Start=(null)
D 22:10:34.5606231 PowerTaskList.DebugPrintPower() -     TAG_CHANGE Entity=GameEntity tag=STEP value=MAIN_START 
D 22:10:34.5606231 PowerTaskList.DebugDump() - Block End=(null)
D 22:10:34.5606231 PowerProcessor.PrepareHistoryForCurrentTaskList() - m_currentTaskList=65
D 22:10:34.5606231 PowerProcessor.EndCurrentTaskList() - m_currentTaskList=65
D 22:10:34.5606231 PowerTaskList.DebugDump() - ID=66 ParentID=0 PreviousID=0 TaskCount=13
D 22:10:34.5606231 PowerTaskList.DebugPrintPower() - BLOCK_START BlockType=TRIGGER Entity=湫然#51704 EffectCardId=System.Collections.Generic.List`1[System.String] EffectIndex=-1 Target=0 SubOption=-1 TriggerKeyword=TAG_NOT_SET
D 22:10:34.5606231 PowerTaskList.DebugPrintPower() -     TAG_CHANGE Entity=湫然#51704 tag=2166 value=4 
D 22:10:34.5606231 PowerTaskList.DebugPrintPower() -     TAG_CHANGE Entity=湫然#51704 tag=467 value=1 
D 22:10:34.5606231 PowerTaskList.DebugPrintPower() -     SHOW_ENTITY - Updating Entity=[entityName=UNKNOWN ENTITY [cardType=INVALID] id=4 zone=DECK zonePos=0 cardId= player=1] CardID=EX1_169
D 22:10:34.5606231 PowerTaskList.DebugPrintPower() -         tag=CONTROLLER value=1
D 22:10:34.5606231 PowerTaskList.DebugPrintPower() -         tag=CARDTYPE value=SPELL
D 22:10:34.5606231 PowerTaskList.DebugPrintPower() -         tag=PREMIUM value=1
D 22:10:34.5606231 PowerTaskList.DebugPrintPower() -         tag=ZONE value=HAND
D 22:10:34.5606231 PowerTaskList.DebugPrintPower() -         tag=ENTITY_ID value=4
D 22:10:34.5606231 PowerTaskList.DebugPrintPower() -         tag=CLASS value=DRUID
D 22:10:34.5606231 PowerTaskList.DebugPrintPower() -         tag=FACTION value=NEUTRAL
D 22:10:34.5606231 PowerTaskList.DebugPrintPower() -         tag=RARITY value=FREE
D 22:10:34.5606231 PowerTaskList.DebugPrintPower() -         tag=478 value=1
D 22:10:34.5606231 PowerTaskList.DebugPrintPower() -         tag=1037 value=1
D 22:10:34.5606231 PowerTaskList.DebugPrintPower() -         tag=1043 value=1
D 22:10:34.5606231 PowerTaskList.DebugPrintPower() -         tag=1068 value=0
D 22:10:34.5606231 PowerTaskList.DebugPrintPower() -         tag=SPAWN_TIME_COUNT value=1
D 22:10:34.5606231 PowerTaskList.DebugPrintPower() -         tag=SPELL_SCHOOL value=4
D 22:10:34.5606231 PowerTaskList.DebugPrintPower() -         tag=HAS_SIGNATURE_QUALITY value=1
D 22:10:34.5606231 PowerTaskList.DebugPrintPower() -     TAG_CHANGE Entity=[entityName=UNKNOWN ENTITY [cardType=INVALID] id=4 zone=DECK zonePos=0 cardId= player=1] tag=NUM_TURNS_IN_HAND value=1 
D 22:10:34.5606231 PowerTaskList.DebugPrintPower() -     TAG_CHANGE Entity=[entityName=UNKNOWN ENTITY [cardType=INVALID] id=4 zone=DECK zonePos=0 cardId= player=1] tag=ZONE_POSITION value=5 
D 22:10:34.5606231 PowerTaskList.DebugPrintPower() -     TAG_CHANGE Entity=[entityName=UNKNOWN ENTITY [cardType=INVALID] id=4 zone=DECK zonePos=0 cardId= player=1] tag=ZONE_POSITION value=0 
D 22:10:34.5606231 PowerTaskList.DebugPrintPower() -     TAG_CHANGE Entity=[entityName=UNKNOWN ENTITY [cardType=INVALID] id=4 zone=DECK zonePos=0 cardId= player=1] tag=ZONE_POSITION value=5 
D 22:10:34.5606231 PowerTaskList.DebugPrintPower() -     TAG_CHANGE Entity=湫然#51704 tag=3242 value=1 
D 22:10:34.5606231 PowerTaskList.DebugPrintPower() -     TAG_CHANGE Entity=湫然#51704 tag=NUM_CARDS_DRAWN_THIS_TURN value=1 
D 22:10:34.5606231 PowerTaskList.DebugPrintPower() -     TAG_CHANGE Entity=湫然#51704 tag=995 value=3 
D 22:10:34.5606231 PowerTaskList.DebugPrintPower() -     TAG_CHANGE Entity=[entityName=UNKNOWN ENTITY [cardType=INVALID] id=4 zone=DECK zonePos=0 cardId= player=1] tag=1570 value=3 
D 22:10:34.5606231 PowerTaskList.DebugPrintPower() -     TAG_CHANGE Entity=湫然#51704 tag=467 value=0 
D 22:10:34.5606231 PowerTaskList.DebugPrintPower() -     TAG_CHANGE Entity=GameEntity tag=NEXT_STEP value=MAIN_ACTION 
D 22:10:34.5606231 PowerTaskList.DebugPrintPower() - BLOCK_END
D 22:10:34.5606231 PowerProcessor.PrepareHistoryForCurrentTaskList() - m_currentTaskList=66
D 22:10:34.6088122 GameState.DebugPrintOptions() - id=5
D 22:10:34.6088122 GameState.DebugPrintOptions() -   option 0 type=END_TURN mainEntity= error=INVALID errorParam=
D 22:10:34.6088122 GameState.DebugPrintOptions() -   option 1 type=POWER mainEntity=[entityName=水栖形态 id=10 zone=HAND zonePos=1 cardId=TSC_654 player=1] error=NONE errorParam=
D 22:10:34.6088122 GameState.DebugPrintOptions() -   option 2 type=POWER mainEntity=[entityName=激活 id=26 zone=HAND zonePos=2 cardId=EX1_169 player=1] error=NONE errorParam=
D 22:10:34.6088122 GameState.DebugPrintOptions() -   option 3 type=POWER mainEntity=[entityName=虚灵改装师 id=11 zone=HAND zonePos=3 cardId=BT_724 player=1] error=NONE errorParam=
D 22:10:34.6088122 GameState.DebugPrintOptions() -   option 4 type=POWER mainEntity=[entityName=占领冷齿矿洞 id=16 zone=HAND zonePos=4 cardId=AV_295 player=1] error=NONE errorParam=
D 22:10:34.6088122 GameState.DebugPrintOptions() -     subOption 0 entity=[entityName=更多资源 id=17 zone=SETASIDE zonePos=0 cardId=AV_295a player=1] error=NONE errorParam=
D 22:10:34.6088122 GameState.DebugPrintOptions() -     subOption 1 entity=[entityName=更多补给 id=18 zone=SETASIDE zonePos=0 cardId=AV_295b player=1] error=NONE errorParam=
D 22:10:34.6088122 GameState.DebugPrintOptions() -   option 5 type=POWER mainEntity=[entityName=激活 id=4 zone=HAND zonePos=5 cardId=EX1_169 player=1] error=NONE errorParam=
D 22:10:34.6088122 GameState.DebugPrintOptions() -   option 6 type=POWER mainEntity=[entityName=变形 id=91 zone=PLAY zonePos=0 cardId=HERO_06ebp player=1] error=NONE errorParam=
D 22:10:34.6088122 GameState.DebugPrintOptions() -   option 7 type=POWER mainEntity=[entityName=嘲风望月露娜拉 id=90 zone=PLAY zonePos=0 cardId=HERO_06bi player=1] error=REQ_ATTACK_GREATER_THAN_0 errorParam=
D 22:10:34.6088122 GameState.DebugPrintOptions() -   option 8 type=POWER mainEntity=[entityName=胜地古神恩佐斯 id=92 zone=PLAY zonePos=0 cardId=HERO_07at player=2] error=REQ_YOUR_TURN errorParam=
D 22:10:34.6088122 GameState.DebugPrintOptions() -   option 9 type=POWER mainEntity=[entityName=生命分流 id=93 zone=PLAY zonePos=0 cardId=HERO_07ebp player=2] error=REQ_YOUR_TURN errorParam=
D 22:10:35.1040465 PowerProcessor.EndCurrentTaskList() - m_currentTaskList=66
D 22:10:35.1106623 PowerTaskList.DebugDump() - ID=67 ParentID=0 PreviousID=0 TaskCount=1
D 22:10:35.1106623 PowerTaskList.DebugDump() - Block Start=(null)
D 22:10:35.1106623 PowerTaskList.DebugPrintPower() -     TAG_CHANGE Entity=GameEntity tag=STEP value=MAIN_ACTION 
D 22:10:35.1106623 PowerTaskList.DebugDump() - Block End=(null)
D 22:10:35.1106623 PowerProcessor.PrepareHistoryForCurrentTaskList() - m_currentTaskList=67
D 22:10:35.1106623 PowerProcessor.EndCurrentTaskList() - m_currentTaskList=67
D 22:10:35.1106623 PowerTaskList.DebugDump() - ID=68 ParentID=0 PreviousID=0 TaskCount=1
D 22:10:35.1106623 PowerTaskList.DebugPrintPower() - BLOCK_START BlockType=TRIGGER Entity=湫然#51704 EffectCardId=System.Collections.Generic.List`1[System.String] EffectIndex=-1 Target=0 SubOption=-1 TriggerKeyword=TAG_NOT_SET
D 22:10:35.1106623 PowerTaskList.DebugPrintPower() -     TAG_CHANGE Entity=GameEntity tag=NEXT_STEP value=MAIN_END 
D 22:10:35.1106623 PowerTaskList.DebugPrintPower() - BLOCK_END
D 22:10:35.1106623 PowerProcessor.PrepareHistoryForCurrentTaskList() - m_currentTaskList=68
D 22:10:35.1106623 PowerProcessor.EndCurrentTaskList() - m_currentTaskList=68
D 22:10:37.6590432 GameState.SendOption() - selectedOption=4 selectedSubOption=1 selectedTarget=0 selectedPosition=0
D 22:10:38.0332616 GameState.DebugPrintPowerList() - Count=41
D 22:10:38.0332616 GameState.DebugPrintPower() - BLOCK_START BlockType=PLAY Entity=[entityName=占领冷齿矿洞 id=16 zone=HAND zonePos=4 cardId=AV_295 player=1] EffectCardId=System.Collections.Generic.List`1[System.String] EffectIndex=0 Target=0 SubOption=1 
D 22:10:38.0332616 GameState.DebugPrintPower() -     TAG_CHANGE Entity=湫然#51704 tag=2245 value=3 
D 22:10:38.0332616 GameState.DebugPrintPower() -     TAG_CHANGE Entity=湫然#51704 tag=RESOURCES_USED value=2 
D 22:10:38.0332616 GameState.DebugPrintPower() -     TAG_CHANGE Entity=湫然#51704 tag=NUM_RESOURCES_SPENT_THIS_GAME value=3 
D 22:10:38.0332616 GameState.DebugPrintPower() -     TAG_CHANGE Entity=湫然#51704 tag=NUM_CARDS_PLAYED_THIS_TURN value=1 
D 22:10:38.0332616 GameState.DebugPrintPower() -     TAG_CHANGE Entity=湫然#51704 tag=430 value=1 
D 22:10:38.0332616 GameState.DebugPrintPower() -     TAG_CHANGE Entity=[entityName=占领冷齿矿洞 id=16 zone=HAND zonePos=4 cardId=AV_295 player=1] tag=JUST_PLAYED value=1 
D 22:10:38.0332616 GameState.DebugPrintPower() -     TAG_CHANGE Entity=[entityName=占领冷齿矿洞 id=16 zone=HAND zonePos=4 cardId=AV_295 player=1] tag=3557 value=4 
D 22:10:38.0332616 GameState.DebugPrintPower() -     TAG_CHANGE Entity=[entityName=占领冷齿矿洞 id=16 zone=HAND zonePos=4 cardId=AV_295 player=1] tag=1068 value=1 
D 22:10:38.0332616 GameState.DebugPrintPower() -     TAG_CHANGE Entity=[entityName=占领冷齿矿洞 id=16 zone=HAND zonePos=4 cardId=AV_295 player=1] tag=1068 value=0 
D 22:10:38.0332616 GameState.DebugPrintPower() -     TAG_CHANGE Entity=[entityName=激活 id=4 zone=HAND zonePos=5 cardId=EX1_169 player=1] tag=ZONE_POSITION value=4 
D 22:10:38.0332616 GameState.DebugPrintPower() -     TAG_CHANGE Entity=[entityName=占领冷齿矿洞 id=16 zone=HAND zonePos=4 cardId=AV_295 player=1] tag=1037 value=0 
D 22:10:38.0332616 GameState.DebugPrintPower() -     TAG_CHANGE Entity=[entityName=占领冷齿矿洞 id=16 zone=HAND zonePos=4 cardId=AV_295 player=1] tag=ZONE_POSITION value=0 
D 22:10:38.0332616 GameState.DebugPrintPower() -     TAG_CHANGE Entity=[entityName=占领冷齿矿洞 id=16 zone=HAND zonePos=4 cardId=AV_295 player=1] tag=SPAWN_TIME_COUNT value=0 
D 22:10:38.0332616 GameState.DebugPrintPower() -     TAG_CHANGE Entity=[entityName=占领冷齿矿洞 id=16 zone=HAND zonePos=4 cardId=AV_295 player=1] tag=SPAWN_TIME_COUNT value=1 
D 22:10:38.0332616 GameState.DebugPrintPower() -     TAG_CHANGE Entity=[entityName=占领冷齿矿洞 id=16 zone=HAND zonePos=4 cardId=AV_295 player=1] tag=ZONE value=PLAY 
D 22:10:38.0332616 GameState.DebugPrintPower() -     META_DATA - Meta=SLUSH_TIME Data=3000 InfoCount=1
D 22:10:38.0332616 GameState.DebugPrintPower() -                 Info[0] = [entityName=占领冷齿矿洞 id=16 zone=HAND zonePos=4 cardId=AV_295 player=1]
D 22:10:38.0332616 GameState.DebugPrintPower() -     TAG_CHANGE Entity=湫然#51704 tag=NUM_SPELLS_PLAYED_THIS_GAME value=2 
D 22:10:38.0332616 GameState.DebugPrintPower() -     BLOCK_START BlockType=POWER Entity=[entityName=占领冷齿矿洞 id=16 zone=HAND zonePos=4 cardId=AV_295 player=1] EffectCardId=System.Collections.Generic.List`1[System.String] EffectIndex=0 Target=0 SubOption=1 
D 22:10:38.0332616 GameState.DebugPrintPower() -         SUB_SPELL_START - SpellPrefabGUID=ReuseFX_Nature_Untargeted_WildGrowth:457ccffdfa378e64e83f3a81e789300e Source=90 TargetCount=1
D 22:10:38.0332616 GameState.DebugPrintPower() -                           Source = [entityName=嘲风望月露娜拉 id=90 zone=PLAY zonePos=0 cardId=HERO_06bi player=1]
D 22:10:38.0332616 GameState.DebugPrintPower() -                           Targets[0] = [entityName=嘲风望月露娜拉 id=90 zone=PLAY zonePos=0 cardId=HERO_06bi player=1]
D 22:10:38.0332616 GameState.DebugPrintPower() -             TAG_CHANGE Entity=湫然#51704 tag=2166 value=43 
D 22:10:38.0332616 GameState.DebugPrintPower() -             TAG_CHANGE Entity=湫然#51704 tag=467 value=1 
D 22:10:38.0332616 GameState.DebugPrintPower() -             SHOW_ENTITY - Updating Entity=[entityName=UNKNOWN ENTITY [cardType=INVALID] id=43 zone=DECK zonePos=0 cardId= player=1] CardID=JAIL_718
D 22:10:38.0332616 GameState.DebugPrintPower() -                 tag=CONTROLLER value=1
D 22:10:38.0332616 GameState.DebugPrintPower() -                 tag=CARDTYPE value=MINION
D 22:10:38.0332616 GameState.DebugPrintPower() -                 tag=TAG_LAST_KNOWN_COST_IN_HAND value=9
D 22:10:38.0332616 GameState.DebugPrintPower() -                 tag=479 value=4
D 22:10:38.0332616 GameState.DebugPrintPower() -                 tag=COST value=9
D 22:10:38.0332616 GameState.DebugPrintPower() -                 tag=ATK value=4
D 22:10:38.0332616 GameState.DebugPrintPower() -                 tag=HEALTH value=4
D 22:10:38.0332616 GameState.DebugPrintPower() -                 tag=TRIGGER_VISUAL value=1
D 22:10:38.0332616 GameState.DebugPrintPower() -                 tag=ZONE value=HAND
D 22:10:38.0332616 GameState.DebugPrintPower() -                 tag=ENTITY_ID value=43
D 22:10:38.0332616 GameState.DebugPrintPower() -                 tag=CLASS value=NEUTRAL
D 22:10:38.0332616 GameState.DebugPrintPower() -                 tag=RARITY value=EPIC
D 22:10:38.0332616 GameState.DebugPrintPower() -                 tag=478 value=1
D 22:10:38.0332616 GameState.DebugPrintPower() -                 tag=1037 value=1
D 22:10:38.0332616 GameState.DebugPrintPower() -                 tag=1043 value=1
D 22:10:38.0332616 GameState.DebugPrintPower() -                 tag=1068 value=0
D 22:10:38.0332616 GameState.DebugPrintPower() -                 tag=SPAWN_TIME_COUNT value=1
D 22:10:38.0332616 GameState.DebugPrintPower() -                 tag=DECK_ACTION_COST value=1
D 22:10:38.0332616 GameState.DebugPrintPower() -                 tag=HAS_SIGNATURE_QUALITY value=1
D 22:10:38.0332616 GameState.DebugPrintPower() -                 tag=HAS_ACTIVATE_POWER value=1
D 22:10:38.0332616 GameState.DebugPrintPower() -                 tag=3085 value=4
D 22:10:38.0332616 GameState.DebugPrintPower() -                 tag=PREPARE value=1
D 22:10:38.0332616 GameState.DebugPrintPower() -                 tag=4472 value=4
D 22:10:38.0332616 GameState.DebugPrintPower() -             TAG_CHANGE Entity=[entityName=UNKNOWN ENTITY [cardType=INVALID] id=43 zone=DECK zonePos=0 cardId= player=1] tag=NUM_TURNS_IN_HAND value=1 
D 22:10:38.0332616 GameState.DebugPrintPower() -             TAG_CHANGE Entity=[entityName=UNKNOWN ENTITY [cardType=INVALID] id=43 zone=DECK zonePos=0 cardId= player=1] tag=ZONE_POSITION value=5 
D 22:10:38.0332616 GameState.DebugPrintPower() -             TAG_CHANGE Entity=[entityName=UNKNOWN ENTITY [cardType=INVALID] id=43 zone=DECK zonePos=0 cardId= player=1] tag=ZONE_POSITION value=0 
D 22:10:38.0332616 GameState.DebugPrintPower() -             TAG_CHANGE Entity=[entityName=UNKNOWN ENTITY [cardType=INVALID] id=43 zone=DECK zonePos=0 cardId= player=1] tag=ZONE_POSITION value=5 
D 22:10:38.0332616 GameState.DebugPrintPower() -             TAG_CHANGE Entity=湫然#51704 tag=NUM_CARDS_DRAWN_THIS_TURN value=2 
D 22:10:38.0332616 GameState.DebugPrintPower() -             TAG_CHANGE Entity=湫然#51704 tag=995 value=4 
D 22:10:38.0332616 GameState.DebugPrintPower() -             TAG_CHANGE Entity=[entityName=UNKNOWN ENTITY [cardType=INVALID] id=43 zone=DECK zonePos=0 cardId= player=1] tag=1570 value=3 
D 22:10:38.0332616 GameState.DebugPrintPower() -             TAG_CHANGE Entity=湫然#51704 tag=467 value=0 
D 22:10:38.0332616 GameState.DebugPrintPower() -         SUB_SPELL_END
D 22:10:38.0332616 GameState.DebugPrintPower() -     BLOCK_END
D 22:10:38.0332616 GameState.DebugPrintPower() -     TAG_CHANGE Entity=[entityName=占领冷齿矿洞 id=16 zone=HAND zonePos=4 cardId=AV_295 player=1] tag=1068 value=4 
D 22:10:38.0332616 GameState.DebugPrintPower() -     TAG_CHANGE Entity=[entityName=占领冷齿矿洞 id=16 zone=HAND zonePos=4 cardId=AV_295 player=1] tag=1068 value=0 
D 22:10:38.0332616 GameState.DebugPrintPower() -     TAG_CHANGE Entity=[entityName=占领冷齿矿洞 id=16 zone=HAND zonePos=4 cardId=AV_295 player=1] tag=ZONE value=GRAVEYARD 
D 22:10:38.0332616 GameState.DebugPrintPower() -     TAG_CHANGE Entity=湫然#51704 tag=COMBO_ACTIVE value=1 
D 22:10:38.0332616 GameState.DebugPrintPower() -     TAG_CHANGE Entity=GameEntity tag=1323 value=3 
D 22:10:38.0332616 GameState.DebugPrintPower() -     TAG_CHANGE Entity=湫然#51704 tag=NUM_OPTIONS_PLAYED_THIS_TURN value=1 
D 22:10:38.0332616 GameState.DebugPrintPower() - BLOCK_END
D 22:10:38.0332616 GameState.DebugPrintPower() - META_DATA - Meta=SLUSH_TIME Data=1000 InfoCount=1
D 22:10:38.0332616 GameState.DebugPrintPower() -             Info[0] = [entityName=占领冷齿矿洞 id=16 zone=HAND zonePos=4 cardId=AV_295 player=1]
D 22:10:38.0332616 PowerTaskList.DebugDump() - ID=69 ParentID=0 PreviousID=0 TaskCount=17
D 22:10:38.0332616 PowerTaskList.DebugPrintPower() - BLOCK_START BlockType=PLAY Entity=[entityName=占领冷齿矿洞 id=16 zone=HAND zonePos=4 cardId=AV_295 player=1] EffectCardId=System.Collections.Generic.List`1[System.String] EffectIndex=0 Target=0 SubOption=1 
D 22:10:38.0332616 PowerTaskList.DebugPrintPower() -     TAG_CHANGE Entity=湫然#51704 tag=2245 value=3 
D 22:10:38.0332616 PowerTaskList.DebugPrintPower() -     TAG_CHANGE Entity=湫然#51704 tag=RESOURCES_USED value=2 
D 22:10:38.0332616 PowerTaskList.DebugPrintPower() -     TAG_CHANGE Entity=湫然#51704 tag=NUM_RESOURCES_SPENT_THIS_GAME value=3 
D 22:10:38.0332616 PowerTaskList.DebugPrintPower() -     TAG_CHANGE Entity=湫然#51704 tag=NUM_CARDS_PLAYED_THIS_TURN value=1 
D 22:10:38.0332616 PowerTaskList.DebugPrintPower() -     TAG_CHANGE Entity=湫然#51704 tag=430 value=1 
D 22:10:38.0332616 PowerTaskList.DebugPrintPower() -     TAG_CHANGE Entity=[entityName=占领冷齿矿洞 id=16 zone=HAND zonePos=4 cardId=AV_295 player=1] tag=JUST_PLAYED value=1 
D 22:10:38.0332616 PowerTaskList.DebugPrintPower() -     TAG_CHANGE Entity=[entityName=占领冷齿矿洞 id=16 zone=HAND zonePos=4 cardId=AV_295 player=1] tag=3557 value=4 
D 22:10:38.0332616 PowerTaskList.DebugPrintPower() -     TAG_CHANGE Entity=[entityName=占领冷齿矿洞 id=16 zone=HAND zonePos=4 cardId=AV_295 player=1] tag=1068 value=1 
D 22:10:38.0332616 PowerTaskList.DebugPrintPower() -     TAG_CHANGE Entity=[entityName=占领冷齿矿洞 id=16 zone=HAND zonePos=4 cardId=AV_295 player=1] tag=1068 value=0 
D 22:10:38.0332616 PowerTaskList.DebugPrintPower() -     TAG_CHANGE Entity=[entityName=激活 id=4 zone=HAND zonePos=5 cardId=EX1_169 player=1] tag=ZONE_POSITION value=4 
D 22:10:38.0332616 PowerTaskList.DebugPrintPower() -     TAG_CHANGE Entity=[entityName=占领冷齿矿洞 id=16 zone=HAND zonePos=4 cardId=AV_295 player=1] tag=1037 value=0 
D 22:10:38.0332616 PowerTaskList.DebugPrintPower() -     TAG_CHANGE Entity=[entityName=占领冷齿矿洞 id=16 zone=HAND zonePos=4 cardId=AV_295 player=1] tag=ZONE_POSITION value=0 
D 22:10:38.0332616 PowerTaskList.DebugPrintPower() -     TAG_CHANGE Entity=[entityName=占领冷齿矿洞 id=16 zone=HAND zonePos=4 cardId=AV_295 player=1] tag=SPAWN_TIME_COUNT value=0 
D 22:10:38.0332616 PowerTaskList.DebugPrintPower() -     TAG_CHANGE Entity=[entityName=占领冷齿矿洞 id=16 zone=HAND zonePos=4 cardId=AV_295 player=1] tag=SPAWN_TIME_COUNT value=1 
D 22:10:38.0332616 PowerTaskList.DebugPrintPower() -     TAG_CHANGE Entity=[entityName=占领冷齿矿洞 id=16 zone=HAND zonePos=4 cardId=AV_295 player=1] tag=ZONE value=PLAY 
D 22:10:38.0332616 PowerTaskList.DebugPrintPower() -     META_DATA - Meta=SLUSH_TIME Data=3000 InfoCount=1
D 22:10:38.0332616 PowerTaskList.DebugPrintPower() -                 Info[0] = [entityName=占领冷齿矿洞 id=16 zone=HAND zonePos=4 cardId=AV_295 player=1]
D 22:10:38.0332616 PowerTaskList.DebugPrintPower() -     TAG_CHANGE Entity=湫然#51704 tag=NUM_SPELLS_PLAYED_THIS_GAME value=2 
D 22:10:38.0332616 PowerTaskList.DebugDump() - Block End=(null)
D 22:10:38.0332616 PowerProcessor.PrepareHistoryForCurrentTaskList() - m_currentTaskList=69
D 22:10:38.0332616 PowerProcessor.DoTaskListForCard() - unhandled BlockType PLAY for sourceEntity [entityName=占领冷齿矿洞 id=16 zone=HAND zonePos=4 cardId=AV_295 player=1]
D 22:10:38.0403877 GameState.DebugPrintOptions() - id=6
D 22:10:38.0403877 GameState.DebugPrintOptions() -   option 0 type=END_TURN mainEntity= error=INVALID errorParam=
D 22:10:38.0403877 GameState.DebugPrintOptions() -   option 1 type=POWER mainEntity=[entityName=水栖形态 id=10 zone=HAND zonePos=1 cardId=TSC_654 player=1] error=NONE errorParam=
D 22:10:38.0403877 GameState.DebugPrintOptions() -   option 2 type=POWER mainEntity=[entityName=激活 id=26 zone=HAND zonePos=2 cardId=EX1_169 player=1] error=NONE errorParam=
D 22:10:38.0403877 GameState.DebugPrintOptions() -   option 3 type=POWER mainEntity=[entityName=激活 id=4 zone=HAND zonePos=4 cardId=EX1_169 player=1] error=NONE errorParam=
D 22:10:38.0403877 GameState.DebugPrintOptions() -   option 4 type=POWER mainEntity=[entityName=虚灵改装师 id=11 zone=HAND zonePos=3 cardId=BT_724 player=1] error=REQ_ENOUGH_MANA errorParam=
D 22:10:38.0403877 GameState.DebugPrintOptions() -   option 5 type=POWER mainEntity=[entityName=UNKNOWN ENTITY [cardType=INVALID] id=43 zone=DECK zonePos=0 cardId= player=1] error=REQ_ENOUGH_MANA errorParam=
D 22:10:38.0403877 GameState.DebugPrintOptions() -   option 6 type=POWER mainEntity=[entityName=UNKNOWN ENTITY [cardType=INVALID] id=43 zone=DECK zonePos=0 cardId= player=1] error=REQ_ENOUGH_MANA errorParam=
D 22:10:38.0403877 GameState.DebugPrintOptions() -   option 7 type=POWER mainEntity=[entityName=嘲风望月露娜拉 id=90 zone=PLAY zonePos=0 cardId=HERO_06bi player=1] error=REQ_ATTACK_GREATER_THAN_0 errorParam=
D 22:10:38.0403877 GameState.DebugPrintOptions() -   option 8 type=POWER mainEntity=[entityName=变形 id=91 zone=PLAY zonePos=0 cardId=HERO_06ebp player=1] error=REQ_ENOUGH_MANA errorParam=
D 22:10:38.0403877 GameState.DebugPrintOptions() -   option 9 type=POWER mainEntity=[entityName=胜地古神恩佐斯 id=92 zone=PLAY zonePos=0 cardId=HERO_07at player=2] error=REQ_YOUR_TURN errorParam=
D 22:10:38.0403877 GameState.DebugPrintOptions() -   option 10 type=POWER mainEntity=[entityName=生命分流 id=93 zone=PLAY zonePos=0 cardId=HERO_07ebp player=2] error=REQ_YOUR_TURN errorParam=
D 22:10:38.0403877 PowerProcessor.EndCurrentTaskList() - m_currentTaskList=69
D 22:10:38.0469513 PowerTaskList.DebugDump() - ID=70 ParentID=69 PreviousID=0 TaskCount=1
D 22:10:38.0469513 PowerTaskList.DebugPrintPower() - BLOCK_START BlockType=POWER Entity=[entityName=占领冷齿矿洞 id=16 zone=PLAY zonePos=0 cardId=AV_295 player=1] EffectCardId=System.Collections.Generic.List`1[System.String] EffectIndex=0 Target=0 SubOption=1 
D 22:10:38.0469513 PowerTaskList.DebugPrintPower() -     META_DATA - Meta=ARTIFICIAL_HISTORY_INTERRUPT Data=0 InfoCount=0
D 22:10:38.0469513 PowerTaskList.DebugDump() - Block End=(null)
D 22:10:38.0469513 PowerProcessor.PrepareHistoryForCurrentTaskList() - m_currentTaskList=70
D 22:10:38.0469513 PowerProcessor.EndCurrentTaskList() - m_currentTaskList=70
D 22:10:38.0469513 PowerTaskList.DebugDump() - ID=71 ParentID=69 PreviousID=70 TaskCount=13
D 22:10:38.0469513 PowerTaskList.DebugDump() - Block Start=(null)
D 22:10:38.0469513 PowerTaskList.DebugPrintPower() -     SUB_SPELL_START - SpellPrefabGUID=ReuseFX_Nature_Untargeted_WildGrowth:457ccffdfa378e64e83f3a81e789300e Source=90 TargetCount=1
D 22:10:38.0469513 PowerTaskList.DebugPrintPower() -                       Source = [entityName=嘲风望月露娜拉 id=90 zone=PLAY zonePos=0 cardId=HERO_06bi player=1]
D 22:10:38.0469513 PowerTaskList.DebugPrintPower() -                       Targets[0] = [entityName=嘲风望月露娜拉 id=90 zone=PLAY zonePos=0 cardId=HERO_06bi player=1]
D 22:10:38.0469513 PowerTaskList.DebugPrintPower() -         TAG_CHANGE Entity=湫然#51704 tag=2166 value=43 
D 22:10:38.0469513 PowerTaskList.DebugPrintPower() -         TAG_CHANGE Entity=湫然#51704 tag=467 value=1 
D 22:10:38.0469513 PowerTaskList.DebugPrintPower() -         SHOW_ENTITY - Updating Entity=[entityName=UNKNOWN ENTITY [cardType=INVALID] id=43 zone=DECK zonePos=0 cardId= player=1] CardID=JAIL_718
D 22:10:38.0469513 PowerTaskList.DebugPrintPower() -             tag=CONTROLLER value=1
D 22:10:38.0469513 PowerTaskList.DebugPrintPower() -             tag=CARDTYPE value=MINION
D 22:10:38.0469513 PowerTaskList.DebugPrintPower() -             tag=TAG_LAST_KNOWN_COST_IN_HAND value=9
D 22:10:38.0469513 PowerTaskList.DebugPrintPower() -             tag=479 value=4
D 22:10:38.0469513 PowerTaskList.DebugPrintPower() -             tag=COST value=9
D 22:10:38.0469513 PowerTaskList.DebugPrintPower() -             tag=ATK value=4
D 22:10:38.0469513 PowerTaskList.DebugPrintPower() -             tag=HEALTH value=4
D 22:10:38.0469513 PowerTaskList.DebugPrintPower() -             tag=TRIGGER_VISUAL value=1
D 22:10:38.0469513 PowerTaskList.DebugPrintPower() -             tag=ZONE value=HAND
D 22:10:38.0469513 PowerTaskList.DebugPrintPower() -             tag=ENTITY_ID value=43
D 22:10:38.0469513 PowerTaskList.DebugPrintPower() -             tag=CLASS value=NEUTRAL
D 22:10:38.0469513 PowerTaskList.DebugPrintPower() -             tag=RARITY value=EPIC
D 22:10:38.0469513 PowerTaskList.DebugPrintPower() -             tag=478 value=1
D 22:10:38.0469513 PowerTaskList.DebugPrintPower() -             tag=1037 value=1
D 22:10:38.0469513 PowerTaskList.DebugPrintPower() -             tag=1043 value=1
D 22:10:38.0469513 PowerTaskList.DebugPrintPower() -             tag=1068 value=0
D 22:10:38.0469513 PowerTaskList.DebugPrintPower() -             tag=SPAWN_TIME_COUNT value=1
D 22:10:38.0469513 PowerTaskList.DebugPrintPower() -             tag=DECK_ACTION_COST value=1
D 22:10:38.0469513 PowerTaskList.DebugPrintPower() -             tag=HAS_SIGNATURE_QUALITY value=1
D 22:10:38.0469513 PowerTaskList.DebugPrintPower() -             tag=HAS_ACTIVATE_POWER value=1
D 22:10:38.0469513 PowerTaskList.DebugPrintPower() -             tag=3085 value=4
D 22:10:38.0469513 PowerTaskList.DebugPrintPower() -             tag=PREPARE value=1
D 22:10:38.0469513 PowerTaskList.DebugPrintPower() -             tag=4472 value=4
D 22:10:38.0469513 PowerTaskList.DebugPrintPower() -         TAG_CHANGE Entity=[entityName=UNKNOWN ENTITY [cardType=INVALID] id=43 zone=DECK zonePos=0 cardId= player=1] tag=NUM_TURNS_IN_HAND value=1 
D 22:10:38.0469513 PowerTaskList.DebugPrintPower() -         TAG_CHANGE Entity=[entityName=UNKNOWN ENTITY [cardType=INVALID] id=43 zone=DECK zonePos=0 cardId= player=1] tag=ZONE_POSITION value=5 
D 22:10:38.0469513 PowerTaskList.DebugPrintPower() -         TAG_CHANGE Entity=[entityName=UNKNOWN ENTITY [cardType=INVALID] id=43 zone=DECK zonePos=0 cardId= player=1] tag=ZONE_POSITION value=0 
D 22:10:38.0469513 PowerTaskList.DebugPrintPower() -         TAG_CHANGE Entity=[entityName=UNKNOWN ENTITY [cardType=INVALID] id=43 zone=DECK zonePos=0 cardId= player=1] tag=ZONE_POSITION value=5 
D 22:10:38.0469513 PowerTaskList.DebugPrintPower() -         TAG_CHANGE Entity=湫然#51704 tag=NUM_CARDS_DRAWN_THIS_TURN value=2 
D 22:10:38.0469513 PowerTaskList.DebugPrintPower() -         TAG_CHANGE Entity=湫然#51704 tag=995 value=4 
D 22:10:38.0469513 PowerTaskList.DebugPrintPower() -         TAG_CHANGE Entity=[entityName=UNKNOWN ENTITY [cardType=INVALID] id=43 zone=DECK zonePos=0 cardId= player=1] tag=1570 value=3 
D 22:10:38.0469513 PowerTaskList.DebugPrintPower() -         TAG_CHANGE Entity=湫然#51704 tag=467 value=0 
D 22:10:38.0469513 PowerTaskList.DebugPrintPower() -     SUB_SPELL_END
D 22:10:38.0469513 PowerTaskList.DebugDump() - Block End=(null)
D 22:10:38.0469513 PowerProcessor.PrepareHistoryForCurrentTaskList() - m_currentTaskList=71
D 22:10:38.2155872 GameState.SendOption() - selectedOption=0 selectedSubOption=-1 selectedTarget=0 selectedPosition=0
D 22:10:39.1124492 GameState.DebugPrintPowerList() - Count=73
D 22:10:39.1124492 GameState.DebugPrintPower() - TAG_CHANGE Entity=GameEntity tag=STEP value=MAIN_END 
D 22:10:39.1124492 GameState.DebugPrintPower() - BLOCK_START BlockType=TRIGGER Entity=湫然#51704 EffectCardId=System.Collections.Generic.List`1[System.String] EffectIndex=-1 Target=0 SubOption=-1 TriggerKeyword=TAG_NOT_SET
D 22:10:39.1124492 GameState.DebugPrintPower() -     TAG_CHANGE Entity=GameEntity tag=NEXT_STEP value=MAIN_CLEANUP 
D 22:10:39.1124492 GameState.DebugPrintPower() - BLOCK_END
D 22:10:39.1124492 GameState.DebugPrintPower() - BLOCK_START BlockType=TRIGGER Entity=湫然#51704 EffectCardId=System.Collections.Generic.List`1[System.String] EffectIndex=-1 Target=0 SubOption=-1 TriggerKeyword=TAG_NOT_SET
D 22:10:39.1124492 GameState.DebugPrintPower() - BLOCK_END
D 22:10:39.1124492 GameState.DebugPrintPower() - BLOCK_START BlockType=TRIGGER Entity=加斯帕的礼物#5438 EffectCardId=System.Collections.Generic.List`1[System.String] EffectIndex=-1 Target=0 SubOption=-1 TriggerKeyword=TAG_NOT_SET
D 22:10:39.1124492 GameState.DebugPrintPower() - BLOCK_END
D 22:10:39.1124492 GameState.DebugPrintPower() - TAG_CHANGE Entity=GameEntity tag=STEP value=MAIN_CLEANUP 
D 22:10:39.1124492 GameState.DebugPrintPower() - BLOCK_START BlockType=TRIGGER Entity=湫然#51704 EffectCardId=System.Collections.Generic.List`1[System.String] EffectIndex=-1 Target=0 SubOption=-1 TriggerKeyword=TAG_NOT_SET
D 22:10:39.1124492 GameState.DebugPrintPower() -     TAG_CHANGE Entity=湫然#51704 tag=COMBO_ACTIVE value=0 
D 22:10:39.1124492 GameState.DebugPrintPower() -     TAG_CHANGE Entity=GameEntity tag=NEXT_STEP value=MAIN_NEXT 
D 22:10:39.1124492 GameState.DebugPrintPower() - BLOCK_END
D 22:10:39.1124492 GameState.DebugPrintPower() - BLOCK_START BlockType=TRIGGER Entity=加斯帕的礼物#5438 EffectCardId=System.Collections.Generic.List`1[System.String] EffectIndex=-1 Target=0 SubOption=-1 TriggerKeyword=TAG_NOT_SET
D 22:10:39.1124492 GameState.DebugPrintPower() - BLOCK_END
D 22:10:39.1124492 GameState.DebugPrintPower() - TAG_CHANGE Entity=GameEntity tag=STEP value=MAIN_NEXT 
D 22:10:39.1124492 GameState.DebugPrintPower() - BLOCK_START BlockType=TRIGGER Entity=GameEntity EffectCardId=System.Collections.Generic.List`1[System.String] EffectIndex=-1 Target=0 SubOption=-1 TriggerKeyword=TAG_NOT_SET
D 22:10:39.1124492 GameState.DebugPrintPower() -     TAG_CHANGE Entity=湫然#51704 tag=1292 value=0 
D 22:10:39.1124492 GameState.DebugPrintPower() -     TAG_CHANGE Entity=加斯帕的礼物#5438 tag=1292 value=1 
D 22:10:39.1124492 GameState.DebugPrintPower() -     TAG_CHANGE Entity=湫然#51704 tag=TIMEOUT value=75 
D 22:10:39.1124492 GameState.DebugPrintPower() -     TAG_CHANGE Entity=[entityName=水栖形态 id=10 zone=HAND zonePos=1 cardId=TSC_654 player=1] tag=NUM_TURNS_IN_HAND value=4 
D 22:10:39.1124492 GameState.DebugPrintPower() -     TAG_CHANGE Entity=[entityName=激活 id=26 zone=HAND zonePos=2 cardId=EX1_169 player=1] tag=NUM_TURNS_IN_HAND value=4 
D 22:10:39.1124492 GameState.DebugPrintPower() -     TAG_CHANGE Entity=[entityName=虚灵改装师 id=11 zone=HAND zonePos=3 cardId=BT_724 player=1] tag=NUM_TURNS_IN_HAND value=4 
D 22:10:39.1124492 GameState.DebugPrintPower() -     TAG_CHANGE Entity=[entityName=激活 id=4 zone=HAND zonePos=4 cardId=EX1_169 player=1] tag=NUM_TURNS_IN_HAND value=2 
D 22:10:39.1124492 GameState.DebugPrintPower() -     TAG_CHANGE Entity=[entityName=黑市拍卖师 id=43 zone=HAND zonePos=5 cardId=JAIL_718 player=1] tag=NUM_TURNS_IN_HAND value=2 
D 22:10:39.1124492 GameState.DebugPrintPower() -     TAG_CHANGE Entity=湫然#51704 tag=CURRENT_PLAYER value=0 
D 22:10:39.1124492 GameState.DebugPrintPower() -     TAG_CHANGE Entity=加斯帕的礼物#5438 tag=CURRENT_PLAYER value=1 
D 22:10:39.1124492 GameState.DebugPrintPower() -     TAG_CHANGE Entity=GameEntity tag=TURN value=4 
D 22:10:39.1124492 GameState.DebugPrintPower() -     TAG_CHANGE Entity=GameEntity tag=1882 value=3 
D 22:10:39.1124492 GameState.DebugPrintPower() -     TAG_CHANGE Entity=加斯帕的礼物#5438 tag=TURN value=2 
D 22:10:39.1124492 GameState.DebugPrintPower() -     TAG_CHANGE Entity=GameEntity tag=NEXT_STEP value=MAIN_READY 
D 22:10:39.1124492 GameState.DebugPrintPower() - BLOCK_END
D 22:10:39.1124492 GameState.DebugPrintPower() - TAG_CHANGE Entity=GameEntity tag=STEP value=MAIN_READY 
D 22:10:39.1124492 GameState.DebugPrintPower() - BLOCK_START BlockType=TRIGGER Entity=加斯帕的礼物#5438 EffectCardId=System.Collections.Generic.List`1[System.String] EffectIndex=-1 Target=0 SubOption=-1 TriggerKeyword=TAG_NOT_SET
D 22:10:39.1124492 GameState.DebugPrintPower() -     TAG_CHANGE Entity=GameEntity tag=NUM_TURNS_IN_PLAY value=4 
D 22:10:39.1124492 GameState.DebugPrintPower() -     TAG_CHANGE Entity=湫然#51704 tag=NUM_TURNS_IN_PLAY value=4 
D 22:10:39.1124492 GameState.DebugPrintPower() -     TAG_CHANGE Entity=加斯帕的礼物#5438 tag=NUM_TURNS_IN_PLAY value=4 
D 22:10:39.1124492 GameState.DebugPrintPower() -     TAG_CHANGE Entity=[entityName=嘲风望月露娜拉 id=90 zone=PLAY zonePos=0 cardId=HERO_06bi player=1] tag=NUM_TURNS_IN_PLAY value=4 
D 22:10:39.1124492 GameState.DebugPrintPower() -     TAG_CHANGE Entity=[entityName=变形 id=91 zone=PLAY zonePos=0 cardId=HERO_06ebp player=1] tag=NUM_TURNS_IN_PLAY value=4 
D 22:10:39.1124492 GameState.DebugPrintPower() -     TAG_CHANGE Entity=[entityName=胜地古神恩佐斯 id=92 zone=PLAY zonePos=0 cardId=HERO_07at player=2] tag=NUM_TURNS_IN_PLAY value=4 
D 22:10:39.1124492 GameState.DebugPrintPower() -     TAG_CHANGE Entity=[entityName=生命分流 id=93 zone=PLAY zonePos=0 cardId=HERO_07ebp player=2] tag=NUM_TURNS_IN_PLAY value=4 
D 22:10:39.1124492 GameState.DebugPrintPower() -     TAG_CHANGE Entity=[entityName=征战时光之末 id=49 zone=SECRET zonePos=0 cardId=END_017 player=2] tag=NUM_TURNS_IN_PLAY value=2 
D 22:10:39.1124492 GameState.DebugPrintPower() -     TAG_CHANGE Entity=加斯帕的礼物#5438 tag=RESOURCES value=2 
D 22:10:39.1124492 GameState.DebugPrintPower() -     TAG_CHANGE Entity=加斯帕的礼物#5438 tag=RESOURCES_USED value=0 
D 22:10:39.1124492 GameState.DebugPrintPower() -     TAG_CHANGE Entity=加斯帕的礼物#5438 tag=NUM_CARDS_PLAYED_THIS_TURN value=0 
D 22:10:39.1124492 GameState.DebugPrintPower() -     TAG_CHANGE Entity=加斯帕的礼物#5438 tag=NUM_OPTIONS_PLAYED_THIS_TURN value=0 
D 22:10:39.1124492 GameState.DebugPrintPower() -     TAG_CHANGE Entity=加斯帕的礼物#5438 tag=430 value=0 
D 22:10:39.1124492 GameState.DebugPrintPower() -     TAG_CHANGE Entity=加斯帕的礼物#5438 tag=3242 value=0 
D 22:10:39.1124492 GameState.DebugPrintPower() -     TAG_CHANGE Entity=[entityName=征战时光之末 id=49 zone=SECRET zonePos=0 cardId=END_017 player=2] tag=EXHAUSTED value=1 
D 22:10:39.1124492 GameState.DebugPrintPower() -     TAG_CHANGE Entity=湫然#51704 tag=NUM_CARDS_DRAWN_THIS_TURN value=0 
D 22:10:39.1124492 GameState.DebugPrintPower() -     TAG_CHANGE Entity=GameEntity tag=NEXT_STEP value=MAIN_START_TRIGGERS 
D 22:10:39.1124492 GameState.DebugPrintPower() - BLOCK_END
D 22:10:39.1124492 GameState.DebugPrintPower() - TAG_CHANGE Entity=GameEntity tag=STEP value=MAIN_START_TRIGGERS 
D 22:10:39.1124492 GameState.DebugPrintPower() - BLOCK_START BlockType=TRIGGER Entity=加斯帕的礼物#5438 EffectCardId=System.Collections.Generic.List`1[System.String] EffectIndex=-1 Target=0 SubOption=-1 TriggerKeyword=TAG_NOT_SET
D 22:10:39.1124492 GameState.DebugPrintPower() -     TAG_CHANGE Entity=GameEntity tag=NEXT_STEP value=MAIN_START 
D 22:10:39.1124492 GameState.DebugPrintPower() - BLOCK_END
D 22:10:39.1124492 GameState.DebugPrintPower() - TAG_CHANGE Entity=GameEntity tag=STEP value=MAIN_START 
D 22:10:39.1124492 GameState.DebugPrintPower() - BLOCK_START BlockType=TRIGGER Entity=加斯帕的礼物#5438 EffectCardId=System.Collections.Generic.List`1[System.String] EffectIndex=-1 Target=0 SubOption=-1 TriggerKeyword=TAG_NOT_SET
D 22:10:39.1124492 GameState.DebugPrintPower() -     TAG_CHANGE Entity=加斯帕的礼物#5438 tag=2166 value=61 
D 22:10:39.1124492 GameState.DebugPrintPower() -     TAG_CHANGE Entity=加斯帕的礼物#5438 tag=467 value=1 
D 22:10:39.1124492 GameState.DebugPrintPower() -     TAG_CHANGE Entity=[entityName=UNKNOWN ENTITY [cardType=INVALID] id=61 zone=DECK zonePos=0 cardId= player=2] tag=ZONE value=HAND 
D 22:10:39.1124492 GameState.DebugPrintPower() -     TAG_CHANGE Entity=[entityName=UNKNOWN ENTITY [cardType=INVALID] id=61 zone=DECK zonePos=0 cardId= player=2] tag=ZONE_POSITION value=6 
D 22:10:39.1124492 GameState.DebugPrintPower() -     TAG_CHANGE Entity=[entityName=UNKNOWN ENTITY [cardType=INVALID] id=61 zone=DECK zonePos=0 cardId= player=2] tag=ZONE_POSITION value=0 
D 22:10:39.1124492 GameState.DebugPrintPower() -     TAG_CHANGE Entity=[entityName=UNKNOWN ENTITY [cardType=INVALID] id=61 zone=DECK zonePos=0 cardId= player=2] tag=ZONE_POSITION value=6 
D 22:10:39.1124492 GameState.DebugPrintPower() -     TAG_CHANGE Entity=加斯帕的礼物#5438 tag=NUM_CARDS_DRAWN_THIS_TURN value=1 
D 22:10:39.1124492 GameState.DebugPrintPower() -     TAG_CHANGE Entity=加斯帕的礼物#5438 tag=995 value=2 
D 22:10:39.1124492 GameState.DebugPrintPower() -     TAG_CHANGE Entity=加斯帕的礼物#5438 tag=467 value=0 
D 22:10:39.1124492 GameState.DebugPrintPower() -     TAG_CHANGE Entity=GameEntity tag=NEXT_STEP value=MAIN_ACTION 
D 22:10:39.1124492 GameState.DebugPrintPower() - BLOCK_END
D 22:10:39.1124492 GameState.DebugPrintPower() - TAG_CHANGE Entity=GameEntity tag=STEP value=MAIN_ACTION 
D 22:10:39.1124492 GameState.DebugPrintPower() - BLOCK_START BlockType=TRIGGER Entity=加斯帕的礼物#5438 EffectCardId=System.Collections.Generic.List`1[System.String] EffectIndex=-1 Target=0 SubOption=-1 TriggerKeyword=TAG_NOT_SET
D 22:10:39.1124492 GameState.DebugPrintPower() -     TAG_CHANGE Entity=GameEntity tag=NEXT_STEP value=MAIN_END 
D 22:10:39.1124492 GameState.DebugPrintPower() - BLOCK_END
D 22:10:39.2657415 PowerProcessor.EndCurrentTaskList() - m_currentTaskList=71
D 22:10:39.2726965 PowerTaskList.DebugDump() - ID=72 ParentID=69 PreviousID=71 TaskCount=0
D 22:10:39.2726965 PowerTaskList.DebugDump() - Block Start=(null)
D 22:10:39.2726965 PowerTaskList.DebugPrintPower() - BLOCK_END
D 22:10:39.2726965 PowerProcessor.PrepareHistoryForCurrentTaskList() - m_currentTaskList=72
D 22:10:39.2726965 PowerProcessor.EndCurrentTaskList() - m_currentTaskList=72
D 22:10:39.2726965 PowerTaskList.DebugDump() - ID=73 ParentID=0 PreviousID=69 TaskCount=6
D 22:10:39.2726965 PowerTaskList.DebugDump() - Block Start=(null)
D 22:10:39.2726965 PowerTaskList.DebugPrintPower() -     TAG_CHANGE Entity=[entityName=占领冷齿矿洞 id=16 zone=PLAY zonePos=0 cardId=AV_295 player=1] tag=1068 value=4 
D 22:10:39.2726965 PowerTaskList.DebugPrintPower() -     TAG_CHANGE Entity=[entityName=占领冷齿矿洞 id=16 zone=PLAY zonePos=0 cardId=AV_295 player=1] tag=1068 value=0 
D 22:10:39.2726965 PowerTaskList.DebugPrintPower() -     TAG_CHANGE Entity=[entityName=占领冷齿矿洞 id=16 zone=PLAY zonePos=0 cardId=AV_295 player=1] tag=ZONE value=GRAVEYARD 
D 22:10:39.2726965 PowerTaskList.DebugPrintPower() -     TAG_CHANGE Entity=湫然#51704 tag=COMBO_ACTIVE value=1 
D 22:10:39.2726965 PowerTaskList.DebugPrintPower() -     TAG_CHANGE Entity=GameEntity tag=1323 value=3 
D 22:10:39.2726965 PowerTaskList.DebugPrintPower() -     TAG_CHANGE Entity=湫然#51704 tag=NUM_OPTIONS_PLAYED_THIS_TURN value=1 
D 22:10:39.2726965 PowerTaskList.DebugPrintPower() - BLOCK_END
D 22:10:39.2726965 PowerProcessor.PrepareHistoryForCurrentTaskList() - m_currentTaskList=73
D 22:10:39.2726965 PowerProcessor.DoTaskListForCard() - unhandled BlockType PLAY for sourceEntity [entityName=占领冷齿矿洞 id=16 zone=PLAY zonePos=0 cardId=AV_295 player=1]
D 22:10:39.2802225 PowerProcessor.EndCurrentTaskList() - m_currentTaskList=73
D 22:10:39.2879136 PowerTaskList.DebugDump() - ID=74 ParentID=0 PreviousID=0 TaskCount=1
D 22:10:39.2879136 PowerTaskList.DebugDump() - Block Start=(null)
D 22:10:39.2879136 PowerTaskList.DebugPrintPower() -     META_DATA - Meta=SLUSH_TIME Data=1000 InfoCount=1
D 22:10:39.2879136 PowerTaskList.DebugPrintPower() -                 Info[0] = [entityName=占领冷齿矿洞 id=16 zone=GRAVEYARD zonePos=0 cardId=AV_295 player=1]
D 22:10:39.2879136 PowerTaskList.DebugDump() - Block End=(null)
D 22:10:39.2879136 PowerProcessor.PrepareHistoryForCurrentTaskList() - m_currentTaskList=74
D 22:10:39.2879136 PowerProcessor.EndCurrentTaskList() - m_currentTaskList=74
D 22:10:39.2879136 PowerTaskList.DebugDump() - ID=75 ParentID=0 PreviousID=0 TaskCount=1
D 22:10:39.2879136 PowerTaskList.DebugDump() - Block Start=(null)
D 22:10:39.2879136 PowerTaskList.DebugPrintPower() -     TAG_CHANGE Entity=GameEntity tag=STEP value=MAIN_END 
D 22:10:39.2879136 PowerTaskList.DebugDump() - Block End=(null)
D 22:10:39.2879136 PowerProcessor.PrepareHistoryForCurrentTaskList() - m_currentTaskList=75
D 22:10:39.2879136 PowerProcessor.EndCurrentTaskList() - m_currentTaskList=75
D 22:10:39.2879136 PowerTaskList.DebugDump() - ID=76 ParentID=75 PreviousID=0 TaskCount=1
D 22:10:39.2879136 PowerTaskList.DebugPrintPower() - BLOCK_START BlockType=TRIGGER Entity=湫然#51704 EffectCardId=System.Collections.Generic.List`1[System.String] EffectIndex=-1 Target=0 SubOption=-1 TriggerKeyword=TAG_NOT_SET
D 22:10:39.2879136 PowerTaskList.DebugPrintPower() -     TAG_CHANGE Entity=GameEntity tag=NEXT_STEP value=MAIN_CLEANUP 
D 22:10:39.2879136 PowerTaskList.DebugPrintPower() - BLOCK_END
D 22:10:39.2879136 PowerProcessor.PrepareHistoryForCurrentTaskList() - m_currentTaskList=76
D 22:10:39.2879136 PowerProcessor.EndCurrentTaskList() - m_currentTaskList=76
D 22:10:39.2879136 PowerTaskList.DebugDump() - ID=77 ParentID=0 PreviousID=0 TaskCount=0
D 22:10:39.2879136 PowerTaskList.DebugPrintPower() - BLOCK_START BlockType=TRIGGER Entity=湫然#51704 EffectCardId=System.Collections.Generic.List`1[System.String] EffectIndex=-1 Target=0 SubOption=-1 TriggerKeyword=TAG_NOT_SET
D 22:10:39.2879136 PowerTaskList.DebugPrintPower() - BLOCK_END
D 22:10:39.2879136 PowerProcessor.PrepareHistoryForCurrentTaskList() - m_currentTaskList=77
D 22:10:39.2879136 PowerProcessor.EndCurrentTaskList() - m_currentTaskList=77
D 22:10:39.2879136 PowerTaskList.DebugDump() - ID=78 ParentID=0 PreviousID=0 TaskCount=0
D 22:10:39.2879136 PowerTaskList.DebugPrintPower() - BLOCK_START BlockType=TRIGGER Entity=加斯帕的礼物#5438 EffectCardId=System.Collections.Generic.List`1[System.String] EffectIndex=-1 Target=0 SubOption=-1 TriggerKeyword=TAG_NOT_SET
D 22:10:39.2879136 PowerTaskList.DebugPrintPower() - BLOCK_END
D 22:10:39.2879136 PowerProcessor.PrepareHistoryForCurrentTaskList() - m_currentTaskList=78
D 22:10:39.2879136 PowerProcessor.EndCurrentTaskList() - m_currentTaskList=78
D 22:10:39.2879136 PowerTaskList.DebugDump() - ID=79 ParentID=0 PreviousID=0 TaskCount=1
D 22:10:39.2879136 PowerTaskList.DebugDump() - Block Start=(null)
D 22:10:39.2879136 PowerTaskList.DebugPrintPower() -     TAG_CHANGE Entity=GameEntity tag=STEP value=MAIN_CLEANUP 
D 22:10:39.2879136 PowerTaskList.DebugDump() - Block End=(null)
D 22:10:39.2879136 PowerProcessor.PrepareHistoryForCurrentTaskList() - m_currentTaskList=79
D 22:10:39.2879136 PowerProcessor.EndCurrentTaskList() - m_currentTaskList=79
D 22:10:39.2879136 PowerTaskList.DebugDump() - ID=80 ParentID=0 PreviousID=0 TaskCount=2
D 22:10:39.2879136 PowerTaskList.DebugPrintPower() - BLOCK_START BlockType=TRIGGER Entity=湫然#51704 EffectCardId=System.Collections.Generic.List`1[System.String] EffectIndex=-1 Target=0 SubOption=-1 TriggerKeyword=TAG_NOT_SET
D 22:10:39.2879136 PowerTaskList.DebugPrintPower() -     TAG_CHANGE Entity=湫然#51704 tag=COMBO_ACTIVE value=0 
D 22:10:39.2879136 PowerTaskList.DebugPrintPower() -     TAG_CHANGE Entity=GameEntity tag=NEXT_STEP value=MAIN_NEXT 
D 22:10:39.2879136 PowerTaskList.DebugPrintPower() - BLOCK_END
D 22:10:39.2879136 PowerProcessor.PrepareHistoryForCurrentTaskList() - m_currentTaskList=80
D 22:10:39.2879136 PowerProcessor.EndCurrentTaskList() - m_currentTaskList=80
D 22:10:39.2879136 PowerTaskList.DebugDump() - ID=81 ParentID=0 PreviousID=0 TaskCount=0
D 22:10:39.2879136 PowerTaskList.DebugPrintPower() - BLOCK_START BlockType=TRIGGER Entity=加斯帕的礼物#5438 EffectCardId=System.Collections.Generic.List`1[System.String] EffectIndex=-1 Target=0 SubOption=-1 TriggerKeyword=TAG_NOT_SET
D 22:10:39.2879136 PowerTaskList.DebugPrintPower() - BLOCK_END
D 22:10:39.2879136 PowerProcessor.PrepareHistoryForCurrentTaskList() - m_currentTaskList=81
D 22:10:39.2879136 PowerProcessor.EndCurrentTaskList() - m_currentTaskList=81
D 22:10:39.2879136 PowerTaskList.DebugDump() - ID=82 ParentID=0 PreviousID=0 TaskCount=1
D 22:10:39.2879136 PowerTaskList.DebugDump() - Block Start=(null)
D 22:10:39.2879136 PowerTaskList.DebugPrintPower() -     TAG_CHANGE Entity=GameEntity tag=STEP value=MAIN_NEXT 
D 22:10:39.2879136 PowerTaskList.DebugDump() - Block End=(null)
D 22:10:39.2879136 PowerProcessor.PrepareHistoryForCurrentTaskList() - m_currentTaskList=82
D 22:10:39.2879136 PowerProcessor.EndCurrentTaskList() - m_currentTaskList=82
D 22:10:39.2879136 PowerTaskList.DebugDump() - ID=83 ParentID=0 PreviousID=0 TaskCount=14
D 22:10:39.2879136 PowerTaskList.DebugPrintPower() - BLOCK_START BlockType=TRIGGER Entity=GameEntity EffectCardId=System.Collections.Generic.List`1[System.String] EffectIndex=-1 Target=0 SubOption=-1 TriggerKeyword=TAG_NOT_SET
D 22:10:39.2879136 PowerTaskList.DebugPrintPower() -     TAG_CHANGE Entity=湫然#51704 tag=1292 value=0 
D 22:10:39.2879136 PowerTaskList.DebugPrintPower() -     TAG_CHANGE Entity=加斯帕的礼物#5438 tag=1292 value=1 
D 22:10:39.2879136 PowerTaskList.DebugPrintPower() -     TAG_CHANGE Entity=湫然#51704 tag=TIMEOUT value=75 
D 22:10:39.2879136 PowerTaskList.DebugPrintPower() -     TAG_CHANGE Entity=[entityName=水栖形态 id=10 zone=HAND zonePos=1 cardId=TSC_654 player=1] tag=NUM_TURNS_IN_HAND value=4 
D 22:10:39.2879136 PowerTaskList.DebugPrintPower() -     TAG_CHANGE Entity=[entityName=激活 id=26 zone=HAND zonePos=2 cardId=EX1_169 player=1] tag=NUM_TURNS_IN_HAND value=4 
D 22:10:39.2879136 PowerTaskList.DebugPrintPower() -     TAG_CHANGE Entity=[entityName=虚灵改装师 id=11 zone=HAND zonePos=3 cardId=BT_724 player=1] tag=NUM_TURNS_IN_HAND value=4 
D 22:10:39.2879136 PowerTaskList.DebugPrintPower() -     TAG_CHANGE Entity=[entityName=激活 id=4 zone=HAND zonePos=4 cardId=EX1_169 player=1] tag=NUM_TURNS_IN_HAND value=2 
D 22:10:39.2879136 PowerTaskList.DebugPrintPower() -     TAG_CHANGE Entity=[entityName=黑市拍卖师 id=43 zone=HAND zonePos=5 cardId=JAIL_718 player=1] tag=NUM_TURNS_IN_HAND value=2 
D 22:10:39.2879136 PowerTaskList.DebugPrintPower() -     TAG_CHANGE Entity=湫然#51704 tag=CURRENT_PLAYER value=0 
D 22:10:39.2879136 PowerTaskList.DebugPrintPower() -     TAG_CHANGE Entity=加斯帕的礼物#5438 tag=CURRENT_PLAYER value=1 
D 22:10:39.2879136 PowerTaskList.DebugPrintPower() -     TAG_CHANGE Entity=GameEntity tag=TURN value=4 
D 22:10:39.2879136 PowerTaskList.DebugPrintPower() -     TAG_CHANGE Entity=GameEntity tag=1882 value=3 
D 22:10:39.2879136 PowerTaskList.DebugPrintPower() -     TAG_CHANGE Entity=加斯帕的礼物#5438 tag=TURN value=2 
D 22:10:39.2879136 PowerTaskList.DebugPrintPower() -     TAG_CHANGE Entity=GameEntity tag=NEXT_STEP value=MAIN_READY 
D 22:10:39.2879136 PowerTaskList.DebugPrintPower() - BLOCK_END
D 22:10:39.2879136 PowerProcessor.PrepareHistoryForCurrentTaskList() - m_currentTaskList=83
D 22:10:39.2879136 PowerProcessor.EndCurrentTaskList() - m_currentTaskList=83
D 22:10:39.2879136 PowerTaskList.DebugDump() - ID=84 ParentID=0 PreviousID=0 TaskCount=1
D 22:10:39.2879136 PowerTaskList.DebugDump() - Block Start=(null)
D 22:10:39.2879136 PowerTaskList.DebugPrintPower() -     TAG_CHANGE Entity=GameEntity tag=STEP value=MAIN_READY 
D 22:10:39.2879136 PowerTaskList.DebugDump() - Block End=(null)
D 22:10:39.2879136 PowerProcessor.PrepareHistoryForCurrentTaskList() - m_currentTaskList=84
D 22:10:39.2879136 PowerProcessor.EndCurrentTaskList() - m_currentTaskList=84
D 22:10:39.2879136 PowerTaskList.DebugDump() - ID=85 ParentID=0 PreviousID=0 TaskCount=17
D 22:10:39.2879136 PowerTaskList.DebugPrintPower() - BLOCK_START BlockType=TRIGGER Entity=加斯帕的礼物#5438 EffectCardId=System.Collections.Generic.List`1[System.String] EffectIndex=-1 Target=0 SubOption=-1 TriggerKeyword=TAG_NOT_SET
D 22:10:39.2879136 PowerTaskList.DebugPrintPower() -     TAG_CHANGE Entity=GameEntity tag=NUM_TURNS_IN_PLAY value=4 
D 22:10:39.2879136 PowerTaskList.DebugPrintPower() -     TAG_CHANGE Entity=湫然#51704 tag=NUM_TURNS_IN_PLAY value=4 
D 22:10:39.2879136 PowerTaskList.DebugPrintPower() -     TAG_CHANGE Entity=加斯帕的礼物#5438 tag=NUM_TURNS_IN_PLAY value=4 
D 22:10:39.2879136 PowerTaskList.DebugPrintPower() -     TAG_CHANGE Entity=[entityName=嘲风望月露娜拉 id=90 zone=PLAY zonePos=0 cardId=HERO_06bi player=1] tag=NUM_TURNS_IN_PLAY value=4 
D 22:10:39.2879136 PowerTaskList.DebugPrintPower() -     TAG_CHANGE Entity=[entityName=变形 id=91 zone=PLAY zonePos=0 cardId=HERO_06ebp player=1] tag=NUM_TURNS_IN_PLAY value=4 
D 22:10:39.2879136 PowerTaskList.DebugPrintPower() -     TAG_CHANGE Entity=[entityName=胜地古神恩佐斯 id=92 zone=PLAY zonePos=0 cardId=HERO_07at player=2] tag=NUM_TURNS_IN_PLAY value=4 
D 22:10:39.2879136 PowerTaskList.DebugPrintPower() -     TAG_CHANGE Entity=[entityName=生命分流 id=93 zone=PLAY zonePos=0 cardId=HERO_07ebp player=2] tag=NUM_TURNS_IN_PLAY value=4 
D 22:10:39.2879136 PowerTaskList.DebugPrintPower() -     TAG_CHANGE Entity=[entityName=征战时光之末 id=49 zone=SECRET zonePos=0 cardId=END_017 player=2] tag=NUM_TURNS_IN_PLAY value=2 
D 22:10:39.2879136 PowerTaskList.DebugPrintPower() -     TAG_CHANGE Entity=加斯帕的礼物#5438 tag=RESOURCES value=2 
D 22:10:39.2879136 PowerTaskList.DebugPrintPower() -     TAG_CHANGE Entity=加斯帕的礼物#5438 tag=RESOURCES_USED value=0 
D 22:10:39.2879136 PowerTaskList.DebugPrintPower() -     TAG_CHANGE Entity=加斯帕的礼物#5438 tag=NUM_CARDS_PLAYED_THIS_TURN value=0 
D 22:10:39.2879136 PowerTaskList.DebugPrintPower() -     TAG_CHANGE Entity=加斯帕的礼物#5438 tag=NUM_OPTIONS_PLAYED_THIS_TURN value=0 
D 22:10:39.2879136 PowerTaskList.DebugPrintPower() -     TAG_CHANGE Entity=加斯帕的礼物#5438 tag=430 value=0 
D 22:10:39.2879136 PowerTaskList.DebugPrintPower() -     TAG_CHANGE Entity=加斯帕的礼物#5438 tag=3242 value=0 
D 22:10:39.2879136 PowerTaskList.DebugPrintPower() -     TAG_CHANGE Entity=[entityName=征战时光之末 id=49 zone=SECRET zonePos=0 cardId=END_017 player=2] tag=EXHAUSTED value=1 
D 22:10:39.2879136 PowerTaskList.DebugPrintPower() -     TAG_CHANGE Entity=湫然#51704 tag=NUM_CARDS_DRAWN_THIS_TURN value=0 
D 22:10:39.2879136 PowerTaskList.DebugPrintPower() -     TAG_CHANGE Entity=GameEntity tag=NEXT_STEP value=MAIN_START_TRIGGERS 
D 22:10:39.2879136 PowerTaskList.DebugPrintPower() - BLOCK_END
D 22:10:39.2879136 PowerProcessor.PrepareHistoryForCurrentTaskList() - m_currentTaskList=85
D 22:10:39.2879136 PowerProcessor.EndCurrentTaskList() - m_currentTaskList=85
D 22:10:39.2879136 PowerTaskList.DebugDump() - ID=86 ParentID=0 PreviousID=0 TaskCount=1
D 22:10:39.2879136 PowerTaskList.DebugDump() - Block Start=(null)
D 22:10:39.2879136 PowerTaskList.DebugPrintPower() -     TAG_CHANGE Entity=GameEntity tag=STEP value=MAIN_START_TRIGGERS 
D 22:10:39.2879136 PowerTaskList.DebugDump() - Block End=(null)
D 22:10:39.2879136 PowerProcessor.PrepareHistoryForCurrentTaskList() - m_currentTaskList=86
D 22:10:39.2879136 PowerProcessor.EndCurrentTaskList() - m_currentTaskList=86
D 22:10:39.2879136 PowerTaskList.DebugDump() - ID=87 ParentID=0 PreviousID=0 TaskCount=1
D 22:10:39.2879136 PowerTaskList.DebugPrintPower() - BLOCK_START BlockType=TRIGGER Entity=加斯帕的礼物#5438 EffectCardId=System.Collections.Generic.List`1[System.String] EffectIndex=-1 Target=0 SubOption=-1 TriggerKeyword=TAG_NOT_SET
D 22:10:39.2879136 PowerTaskList.DebugPrintPower() -     TAG_CHANGE Entity=GameEntity tag=NEXT_STEP value=MAIN_START 
D 22:10:39.2879136 PowerTaskList.DebugPrintPower() - BLOCK_END
D 22:10:39.2879136 PowerProcessor.PrepareHistoryForCurrentTaskList() - m_currentTaskList=87
D 22:10:39.2879136 PowerProcessor.EndCurrentTaskList() - m_currentTaskList=87
D 22:10:39.2879136 PowerTaskList.DebugDump() - ID=88 ParentID=0 PreviousID=0 TaskCount=1
D 22:10:39.2879136 PowerTaskList.DebugDump() - Block Start=(null)
D 22:10:39.2879136 PowerTaskList.DebugPrintPower() -     TAG_CHANGE Entity=GameEntity tag=STEP value=MAIN_START 
D 22:10:39.2879136 PowerTaskList.DebugDump() - Block End=(null)
D 22:10:39.2879136 PowerProcessor.PrepareHistoryForCurrentTaskList() - m_currentTaskList=88
D 22:10:39.2879136 PowerProcessor.EndCurrentTaskList() - m_currentTaskList=88
D 22:10:39.2879136 PowerTaskList.DebugDump() - ID=89 ParentID=0 PreviousID=0 TaskCount=10
D 22:10:39.2879136 PowerTaskList.DebugPrintPower() - BLOCK_START BlockType=TRIGGER Entity=加斯帕的礼物#5438 EffectCardId=System.Collections.Generic.List`1[System.String] EffectIndex=-1 Target=0 SubOption=-1 TriggerKeyword=TAG_NOT_SET
D 22:10:39.2879136 PowerTaskList.DebugPrintPower() -     TAG_CHANGE Entity=加斯帕的礼物#5438 tag=2166 value=61 
D 22:10:39.2879136 PowerTaskList.DebugPrintPower() -     TAG_CHANGE Entity=加斯帕的礼物#5438 tag=467 value=1 
D 22:10:39.2879136 PowerTaskList.DebugPrintPower() -     TAG_CHANGE Entity=[entityName=UNKNOWN ENTITY [cardType=INVALID] id=61 zone=DECK zonePos=0 cardId= player=2] tag=ZONE value=HAND 
D 22:10:39.2879136 PowerTaskList.DebugPrintPower() -     TAG_CHANGE Entity=[entityName=UNKNOWN ENTITY [cardType=INVALID] id=61 zone=DECK zonePos=0 cardId= player=2] tag=ZONE_POSITION value=6 
D 22:10:39.2879136 PowerTaskList.DebugPrintPower() -     TAG_CHANGE Entity=[entityName=UNKNOWN ENTITY [cardType=INVALID] id=61 zone=DECK zonePos=0 cardId= player=2] tag=ZONE_POSITION value=0 
D 22:10:39.2879136 PowerTaskList.DebugPrintPower() -     TAG_CHANGE Entity=[entityName=UNKNOWN ENTITY [cardType=INVALID] id=61 zone=DECK zonePos=0 cardId= player=2] tag=ZONE_POSITION value=6 
D 22:10:39.2879136 PowerTaskList.DebugPrintPower() -     TAG_CHANGE Entity=加斯帕的礼物#5438 tag=NUM_CARDS_DRAWN_THIS_TURN value=1 
D 22:10:39.2879136 PowerTaskList.DebugPrintPower() -     TAG_CHANGE Entity=加斯帕的礼物#5438 tag=995 value=2 
D 22:10:39.2879136 PowerTaskList.DebugPrintPower() -     TAG_CHANGE Entity=加斯帕的礼物#5438 tag=467 value=0 
D 22:10:39.2879136 PowerTaskList.DebugPrintPower() -     TAG_CHANGE Entity=GameEntity tag=NEXT_STEP value=MAIN_ACTION 
D 22:10:39.2879136 PowerTaskList.DebugPrintPower() - BLOCK_END
D 22:10:39.2879136 PowerProcessor.PrepareHistoryForCurrentTaskList() - m_currentTaskList=89
D 22:10:40.8197569 PowerProcessor.EndCurrentTaskList() - m_currentTaskList=89
D 22:10:40.8263088 PowerTaskList.DebugDump() - ID=90 ParentID=0 PreviousID=0 TaskCount=1
D 22:10:40.8263088 PowerTaskList.DebugDump() - Block Start=(null)
D 22:10:40.8263088 PowerTaskList.DebugPrintPower() -     TAG_CHANGE Entity=GameEntity tag=STEP value=MAIN_ACTION 
D 22:10:40.8263088 PowerTaskList.DebugDump() - Block End=(null)
D 22:10:40.8263088 PowerProcessor.PrepareHistoryForCurrentTaskList() - m_currentTaskList=90
D 22:10:40.8263088 PowerProcessor.EndCurrentTaskList() - m_currentTaskList=90
D 22:10:40.8263088 PowerTaskList.DebugDump() - ID=91 ParentID=0 PreviousID=0 TaskCount=1
D 22:10:40.8263088 PowerTaskList.DebugPrintPower() - BLOCK_START BlockType=TRIGGER Entity=加斯帕的礼物#5438 EffectCardId=System.Collections.Generic.List`1[System.String] EffectIndex=-1 Target=0 SubOption=-1 TriggerKeyword=TAG_NOT_SET
D 22:10:40.8263088 PowerTaskList.DebugPrintPower() -     TAG_CHANGE Entity=GameEntity tag=NEXT_STEP value=MAIN_END 
D 22:10:40.8263088 PowerTaskList.DebugPrintPower() - BLOCK_END
D 22:10:40.8263088 PowerProcessor.PrepareHistoryForCurrentTaskList() - m_currentTaskList=91
D 22:10:40.8263088 PowerProcessor.EndCurrentTaskList() - m_currentTaskList=91
D 22:10:45.3966491 GameState.DebugPrintPowerList() - Count=46
D 22:10:45.3966491 GameState.DebugPrintPower() - BLOCK_START BlockType=PLAY Entity=[entityName=生命分流 id=93 zone=PLAY zonePos=0 cardId=HERO_07ebp player=2] EffectCardId=System.Collections.Generic.List`1[System.String] EffectIndex=0 Target=0 SubOption=-1 
D 22:10:45.3966491 GameState.DebugPrintPower() -     TAG_CHANGE Entity=加斯帕的礼物#5438 tag=2245 value=3 
D 22:10:45.3966491 GameState.DebugPrintPower() -     TAG_CHANGE Entity=加斯帕的礼物#5438 tag=RESOURCES_USED value=2 
D 22:10:45.3966491 GameState.DebugPrintPower() -     TAG_CHANGE Entity=加斯帕的礼物#5438 tag=NUM_RESOURCES_SPENT_THIS_GAME value=3 
D 22:10:45.3966491 GameState.DebugPrintPower() -     META_DATA - Meta=SLUSH_TIME Data=2000 InfoCount=1
D 22:10:45.3966491 GameState.DebugPrintPower() -                 Info[0] = [entityName=生命分流 id=93 zone=PLAY zonePos=0 cardId=HERO_07ebp player=2]
D 22:10:45.3966491 GameState.DebugPrintPower() -     BLOCK_START BlockType=POWER Entity=[entityName=生命分流 id=93 zone=PLAY zonePos=0 cardId=HERO_07ebp player=2] EffectCardId=System.Collections.Generic.List`1[System.String] EffectIndex=0 Target=0 SubOption=-1 
D 22:10:45.3966491 GameState.DebugPrintPower() -         META_DATA - Meta=TARGET Data=0 InfoCount=1
D 22:10:45.3966491 GameState.DebugPrintPower() -                     Info[0] = [entityName=胜地古神恩佐斯 id=92 zone=PLAY zonePos=0 cardId=HERO_07at player=2]
D 22:10:45.3966491 GameState.DebugPrintPower() -         TAG_CHANGE Entity=[entityName=胜地古神恩佐斯 id=92 zone=PLAY zonePos=0 cardId=HERO_07at player=2] tag=2187 value=93 
D 22:10:45.3966491 GameState.DebugPrintPower() -         TAG_CHANGE Entity=[entityName=胜地古神恩佐斯 id=92 zone=PLAY zonePos=0 cardId=HERO_07at player=2] tag=PREDAMAGE value=2 
D 22:10:45.3966491 GameState.DebugPrintPower() -         TAG_CHANGE Entity=[entityName=胜地古神恩佐斯 id=92 zone=PLAY zonePos=0 cardId=HERO_07at player=2] tag=1173 value=92 
D 22:10:45.3966491 GameState.DebugPrintPower() -         TAG_CHANGE Entity=[entityName=胜地古神恩佐斯 id=92 zone=PLAY zonePos=0 cardId=HERO_07at player=2] tag=2187 value=0 
D 22:10:45.3966491 GameState.DebugPrintPower() -         TAG_CHANGE Entity=[entityName=胜地古神恩佐斯 id=92 zone=PLAY zonePos=0 cardId=HERO_07at player=2] tag=PREDAMAGE value=0 
D 22:10:45.3966491 GameState.DebugPrintPower() -         TAG_CHANGE Entity=[entityName=胜地古神恩佐斯 id=92 zone=PLAY zonePos=0 cardId=HERO_07at player=2] tag=1173 value=0 
D 22:10:45.3966491 GameState.DebugPrintPower() -         TAG_CHANGE Entity=[entityName=胜地古神恩佐斯 id=92 zone=PLAY zonePos=0 cardId=HERO_07at player=2] tag=PREDAMAGE value=2 
D 22:10:45.3966491 GameState.DebugPrintPower() -         TAG_CHANGE Entity=[entityName=胜地古神恩佐斯 id=92 zone=PLAY zonePos=0 cardId=HERO_07at player=2] tag=PREDAMAGE value=0 
D 22:10:45.3966491 GameState.DebugPrintPower() -         META_DATA - Meta=DAMAGE Data=2 InfoCount=1
D 22:10:45.3966491 GameState.DebugPrintPower() -                     Info[0] = [entityName=胜地古神恩佐斯 id=92 zone=PLAY zonePos=0 cardId=HERO_07at player=2]
D 22:10:45.3966491 GameState.DebugPrintPower() -         TAG_CHANGE Entity=[entityName=胜地古神恩佐斯 id=92 zone=PLAY zonePos=0 cardId=HERO_07at player=2] tag=4741 value=2 
D 22:10:45.3966491 GameState.DebugPrintPower() -         TAG_CHANGE Entity=[entityName=胜地古神恩佐斯 id=92 zone=PLAY zonePos=0 cardId=HERO_07at player=2] tag=LAST_AFFECTED_BY value=93 
D 22:10:45.3966491 GameState.DebugPrintPower() -         TAG_CHANGE Entity=[entityName=胜地古神恩佐斯 id=92 zone=PLAY zonePos=0 cardId=HERO_07at player=2] tag=DAMAGE value=2 
D 22:10:45.3966491 GameState.DebugPrintPower() -         TAG_CHANGE Entity=加斯帕的礼物#5438 tag=NUM_HERO_POWER_DAMAGE_THIS_GAME value=2 
D 22:10:45.3966491 GameState.DebugPrintPower() -         TAG_CHANGE Entity=加斯帕的礼物#5438 tag=464 value=2 
D 22:10:45.3966491 GameState.DebugPrintPower() -         TAG_CHANGE Entity=加斯帕的礼物#5438 tag=1853 value=2 
D 22:10:45.3966491 GameState.DebugPrintPower() -         TAG_CHANGE Entity=加斯帕的礼物#5438 tag=4453 value=1 
D 22:10:45.3966491 GameState.DebugPrintPower() -         TAG_CHANGE Entity=加斯帕的礼物#5438 tag=3110 value=2 
D 22:10:45.3966491 GameState.DebugPrintPower() -         TAG_CHANGE Entity=加斯帕的礼物#5438 tag=3687 value=1 
D 22:10:45.3966491 GameState.DebugPrintPower() -         TAG_CHANGE Entity=加斯帕的礼物#5438 tag=1575 value=1 
D 22:10:45.3966491 GameState.DebugPrintPower() -         TAG_CHANGE Entity=加斯帕的礼物#5438 tag=1573 value=1 
D 22:10:45.3966491 GameState.DebugPrintPower() -         TAG_CHANGE Entity=加斯帕的礼物#5438 tag=2166 value=79 
D 22:10:45.3966491 GameState.DebugPrintPower() -         TAG_CHANGE Entity=加斯帕的礼物#5438 tag=467 value=1 
D 22:10:45.3966491 GameState.DebugPrintPower() -         TAG_CHANGE Entity=[entityName=UNKNOWN ENTITY [cardType=INVALID] id=79 zone=DECK zonePos=0 cardId= player=2] tag=ZONE value=HAND 
D 22:10:45.3966491 GameState.DebugPrintPower() -         TAG_CHANGE Entity=[entityName=UNKNOWN ENTITY [cardType=INVALID] id=79 zone=DECK zonePos=0 cardId= player=2] tag=ZONE_POSITION value=7 
D 22:10:45.3966491 GameState.DebugPrintPower() -         TAG_CHANGE Entity=[entityName=UNKNOWN ENTITY [cardType=INVALID] id=79 zone=DECK zonePos=0 cardId= player=2] tag=ZONE_POSITION value=0 
D 22:10:45.3966491 GameState.DebugPrintPower() -         TAG_CHANGE Entity=[entityName=UNKNOWN ENTITY [cardType=INVALID] id=79 zone=DECK zonePos=0 cardId= player=2] tag=ZONE_POSITION value=7 
D 22:10:45.3966491 GameState.DebugPrintPower() -         TAG_CHANGE Entity=加斯帕的礼物#5438 tag=NUM_CARDS_DRAWN_THIS_TURN value=2 
D 22:10:45.3966491 GameState.DebugPrintPower() -         TAG_CHANGE Entity=加斯帕的礼物#5438 tag=995 value=3 
D 22:10:45.3966491 GameState.DebugPrintPower() -         TAG_CHANGE Entity=加斯帕的礼物#5438 tag=467 value=0 
D 22:10:45.3966491 GameState.DebugPrintPower() -     BLOCK_END
D 22:10:45.3966491 GameState.DebugPrintPower() -     TAG_CHANGE Entity=加斯帕的礼物#5438 tag=HEROPOWER_ACTIVATIONS_THIS_TURN value=1 
D 22:10:45.3966491 GameState.DebugPrintPower() -     TAG_CHANGE Entity=加斯帕的礼物#5438 tag=1739 value=1 
D 22:10:45.3966491 GameState.DebugPrintPower() -     TAG_CHANGE Entity=加斯帕的礼物#5438 tag=NUM_TIMES_HERO_POWER_USED_THIS_GAME value=1 
D 22:10:45.3966491 GameState.DebugPrintPower() -     TAG_CHANGE Entity=[entityName=生命分流 id=93 zone=PLAY zonePos=0 cardId=HERO_07ebp player=2] tag=HEROPOWER_ACTIVATIONS_THIS_TURN value=1 
D 22:10:45.3966491 GameState.DebugPrintPower() -     TAG_CHANGE Entity=[entityName=生命分流 id=93 zone=PLAY zonePos=0 cardId=HERO_07ebp player=2] tag=EXHAUSTED value=1 
D 22:10:45.3966491 GameState.DebugPrintPower() -     TAG_CHANGE Entity=GameEntity tag=1323 value=4 
D 22:10:45.3966491 GameState.DebugPrintPower() -     TAG_CHANGE Entity=加斯帕的礼物#5438 tag=NUM_OPTIONS_PLAYED_THIS_TURN value=1 
D 22:10:45.3966491 GameState.DebugPrintPower() - BLOCK_END
D 22:10:45.3966491 GameState.DebugPrintPower() - META_DATA - Meta=SLUSH_TIME Data=1000 InfoCount=1
D 22:10:45.3966491 GameState.DebugPrintPower() -             Info[0] = [entityName=生命分流 id=93 zone=PLAY zonePos=0 cardId=HERO_07ebp player=2]
D 22:10:45.3966491 PowerTaskList.DebugDump() - ID=92 ParentID=0 PreviousID=0 TaskCount=4
D 22:10:45.3966491 PowerTaskList.DebugPrintPower() - BLOCK_START BlockType=PLAY Entity=[entityName=生命分流 id=93 zone=PLAY zonePos=0 cardId=HERO_07ebp player=2] EffectCardId=System.Collections.Generic.List`1[System.String] EffectIndex=0 Target=0 SubOption=-1 
D 22:10:45.3966491 PowerTaskList.DebugPrintPower() -     TAG_CHANGE Entity=加斯帕的礼物#5438 tag=2245 value=3 
D 22:10:45.3966491 PowerTaskList.DebugPrintPower() -     TAG_CHANGE Entity=加斯帕的礼物#5438 tag=RESOURCES_USED value=2 
D 22:10:45.3966491 PowerTaskList.DebugPrintPower() -     TAG_CHANGE Entity=加斯帕的礼物#5438 tag=NUM_RESOURCES_SPENT_THIS_GAME value=3 
D 22:10:45.3966491 PowerTaskList.DebugPrintPower() -     META_DATA - Meta=SLUSH_TIME Data=2000 InfoCount=1
D 22:10:45.3966491 PowerTaskList.DebugPrintPower() -                 Info[0] = [entityName=生命分流 id=93 zone=PLAY zonePos=0 cardId=HERO_07ebp player=2]
D 22:10:45.3966491 PowerTaskList.DebugDump() - Block End=(null)
D 22:10:45.3966491 PowerProcessor.PrepareHistoryForCurrentTaskList() - m_currentTaskList=92
D 22:10:45.3966491 PowerProcessor.DoTaskListForCard() - unhandled BlockType PLAY for sourceEntity [entityName=生命分流 id=93 zone=PLAY zonePos=0 cardId=HERO_07ebp player=2]
D 22:10:45.3966491 PowerProcessor.EndCurrentTaskList() - m_currentTaskList=92
D 22:10:46.4122198 PowerTaskList.DebugDump() - ID=93 ParentID=92 PreviousID=0 TaskCount=30
D 22:10:46.4122198 PowerTaskList.DebugPrintPower() - BLOCK_START BlockType=POWER Entity=[entityName=生命分流 id=93 zone=PLAY zonePos=0 cardId=HERO_07ebp player=2] EffectCardId=System.Collections.Generic.List`1[System.String] EffectIndex=0 Target=0 SubOption=-1 
D 22:10:46.4122198 PowerTaskList.DebugPrintPower() -     META_DATA - Meta=TARGET Data=0 InfoCount=1
D 22:10:46.4122198 PowerTaskList.DebugPrintPower() -                 Info[0] = [entityName=胜地古神恩佐斯 id=92 zone=PLAY zonePos=0 cardId=HERO_07at player=2]
D 22:10:46.4122198 PowerTaskList.DebugPrintPower() -     TAG_CHANGE Entity=[entityName=胜地古神恩佐斯 id=92 zone=PLAY zonePos=0 cardId=HERO_07at player=2] tag=2187 value=93 
D 22:10:46.4122198 PowerTaskList.DebugPrintPower() -     TAG_CHANGE Entity=[entityName=胜地古神恩佐斯 id=92 zone=PLAY zonePos=0 cardId=HERO_07at player=2] tag=PREDAMAGE value=2 
D 22:10:46.4122198 PowerTaskList.DebugPrintPower() -     TAG_CHANGE Entity=[entityName=胜地古神恩佐斯 id=92 zone=PLAY zonePos=0 cardId=HERO_07at player=2] tag=1173 value=92 
D 22:10:46.4122198 PowerTaskList.DebugPrintPower() -     TAG_CHANGE Entity=[entityName=胜地古神恩佐斯 id=92 zone=PLAY zonePos=0 cardId=HERO_07at player=2] tag=2187 value=0 
D 22:10:46.4122198 PowerTaskList.DebugPrintPower() -     TAG_CHANGE Entity=[entityName=胜地古神恩佐斯 id=92 zone=PLAY zonePos=0 cardId=HERO_07at player=2] tag=PREDAMAGE value=0 
D 22:10:46.4122198 PowerTaskList.DebugPrintPower() -     TAG_CHANGE Entity=[entityName=胜地古神恩佐斯 id=92 zone=PLAY zonePos=0 cardId=HERO_07at player=2] tag=1173 value=0 
D 22:10:46.4122198 PowerTaskList.DebugPrintPower() -     TAG_CHANGE Entity=[entityName=胜地古神恩佐斯 id=92 zone=PLAY zonePos=0 cardId=HERO_07at player=2] tag=PREDAMAGE value=2 
D 22:10:46.4122198 PowerTaskList.DebugPrintPower() -     TAG_CHANGE Entity=[entityName=胜地古神恩佐斯 id=92 zone=PLAY zonePos=0 cardId=HERO_07at player=2] tag=PREDAMAGE value=0 
D 22:10:46.4122198 PowerTaskList.DebugPrintPower() -     META_DATA - Meta=DAMAGE Data=2 InfoCount=1
D 22:10:46.4122198 PowerTaskList.DebugPrintPower() -                 Info[0] = [entityName=胜地古神恩佐斯 id=92 zone=PLAY zonePos=0 cardId=HERO_07at player=2]
D 22:10:46.4122198 PowerTaskList.DebugPrintPower() -     TAG_CHANGE Entity=[entityName=胜地古神恩佐斯 id=92 zone=PLAY zonePos=0 cardId=HERO_07at player=2] tag=4741 value=2 
D 22:10:46.4122198 PowerTaskList.DebugPrintPower() -     TAG_CHANGE Entity=[entityName=胜地古神恩佐斯 id=92 zone=PLAY zonePos=0 cardId=HERO_07at player=2] tag=LAST_AFFECTED_BY value=93 
D 22:10:46.4122198 PowerTaskList.DebugPrintPower() -     TAG_CHANGE Entity=[entityName=胜地古神恩佐斯 id=92 zone=PLAY zonePos=0 cardId=HERO_07at player=2] tag=DAMAGE value=2 
D 22:10:46.4122198 PowerTaskList.DebugPrintPower() -     TAG_CHANGE Entity=加斯帕的礼物#5438 tag=NUM_HERO_POWER_DAMAGE_THIS_GAME value=2 
D 22:10:46.4122198 PowerTaskList.DebugPrintPower() -     TAG_CHANGE Entity=加斯帕的礼物#5438 tag=464 value=2 
D 22:10:46.4122198 PowerTaskList.DebugPrintPower() -     TAG_CHANGE Entity=加斯帕的礼物#5438 tag=1853 value=2 
D 22:10:46.4122198 PowerTaskList.DebugPrintPower() -     TAG_CHANGE Entity=加斯帕的礼物#5438 tag=4453 value=1 
D 22:10:46.4122198 PowerTaskList.DebugPrintPower() -     TAG_CHANGE Entity=加斯帕的礼物#5438 tag=3110 value=2 
D 22:10:46.4122198 PowerTaskList.DebugPrintPower() -     TAG_CHANGE Entity=加斯帕的礼物#5438 tag=3687 value=1 
D 22:10:46.4122198 PowerTaskList.DebugPrintPower() -     TAG_CHANGE Entity=加斯帕的礼物#5438 tag=1575 value=1 
D 22:10:46.4122198 PowerTaskList.DebugPrintPower() -     TAG_CHANGE Entity=加斯帕的礼物#5438 tag=1573 value=1 
D 22:10:46.4122198 PowerTaskList.DebugPrintPower() -     TAG_CHANGE Entity=加斯帕的礼物#5438 tag=2166 value=79 
D 22:10:46.4122198 PowerTaskList.DebugPrintPower() -     TAG_CHANGE Entity=加斯帕的礼物#5438 tag=467 value=1 
D 22:10:46.4122198 PowerTaskList.DebugPrintPower() -     TAG_CHANGE Entity=[entityName=UNKNOWN ENTITY [cardType=INVALID] id=79 zone=DECK zonePos=0 cardId= player=2] tag=ZONE value=HAND 
D 22:10:46.4122198 PowerTaskList.DebugPrintPower() -     TAG_CHANGE Entity=[entityName=UNKNOWN ENTITY [cardType=INVALID] id=79 zone=DECK zonePos=0 cardId= player=2] tag=ZONE_POSITION value=7 
D 22:10:46.4122198 PowerTaskList.DebugPrintPower() -     TAG_CHANGE Entity=[entityName=UNKNOWN ENTITY [cardType=INVALID] id=79 zone=DECK zonePos=0 cardId= player=2] tag=ZONE_POSITION value=0 
D 22:10:46.4122198 PowerTaskList.DebugPrintPower() -     TAG_CHANGE Entity=[entityName=UNKNOWN ENTITY [cardType=INVALID] id=79 zone=DECK zonePos=0 cardId= player=2] tag=ZONE_POSITION value=7 
D 22:10:46.4122198 PowerTaskList.DebugPrintPower() -     TAG_CHANGE Entity=加斯帕的礼物#5438 tag=NUM_CARDS_DRAWN_THIS_TURN value=2 
D 22:10:46.4122198 PowerTaskList.DebugPrintPower() -     TAG_CHANGE Entity=加斯帕的礼物#5438 tag=995 value=3 
D 22:10:46.4122198 PowerTaskList.DebugPrintPower() -     TAG_CHANGE Entity=加斯帕的礼物#5438 tag=467 value=0 
D 22:10:46.4122198 PowerTaskList.DebugPrintPower() - BLOCK_END
D 22:10:46.4122198 PowerProcessor.PrepareHistoryForCurrentTaskList() - m_currentTaskList=93
D 22:10:47.8881183 GameState.DebugPrintPowerList() - Count=78
D 22:10:47.8881183 GameState.DebugPrintPower() - TAG_CHANGE Entity=GameEntity tag=STEP value=MAIN_END 
D 22:10:47.8881183 GameState.DebugPrintPower() - BLOCK_START BlockType=TRIGGER Entity=湫然#51704 EffectCardId=System.Collections.Generic.List`1[System.String] EffectIndex=-1 Target=0 SubOption=-1 TriggerKeyword=TAG_NOT_SET
D 22:10:47.8881183 GameState.DebugPrintPower() - BLOCK_END
D 22:10:47.8881183 GameState.DebugPrintPower() - BLOCK_START BlockType=TRIGGER Entity=加斯帕的礼物#5438 EffectCardId=System.Collections.Generic.List`1[System.String] EffectIndex=-1 Target=0 SubOption=-1 TriggerKeyword=TAG_NOT_SET
D 22:10:47.8881183 GameState.DebugPrintPower() -     TAG_CHANGE Entity=GameEntity tag=NEXT_STEP value=MAIN_CLEANUP 
D 22:10:47.8881183 GameState.DebugPrintPower() - BLOCK_END
D 22:10:47.8881183 GameState.DebugPrintPower() - BLOCK_START BlockType=TRIGGER Entity=加斯帕的礼物#5438 EffectCardId=System.Collections.Generic.List`1[System.String] EffectIndex=-1 Target=0 SubOption=-1 TriggerKeyword=TAG_NOT_SET
D 22:10:47.8881183 GameState.DebugPrintPower() - BLOCK_END
D 22:10:47.8881183 GameState.DebugPrintPower() - TAG_CHANGE Entity=GameEntity tag=STEP value=MAIN_CLEANUP 
D 22:10:47.8881183 GameState.DebugPrintPower() - BLOCK_START BlockType=TRIGGER Entity=湫然#51704 EffectCardId=System.Collections.Generic.List`1[System.String] EffectIndex=-1 Target=0 SubOption=-1 TriggerKeyword=TAG_NOT_SET
D 22:10:47.8881183 GameState.DebugPrintPower() - BLOCK_END
D 22:10:47.8881183 GameState.DebugPrintPower() - BLOCK_START BlockType=TRIGGER Entity=加斯帕的礼物#5438 EffectCardId=System.Collections.Generic.List`1[System.String] EffectIndex=-1 Target=0 SubOption=-1 TriggerKeyword=TAG_NOT_SET
D 22:10:47.8881183 GameState.DebugPrintPower() -     TAG_CHANGE Entity=GameEntity tag=NEXT_STEP value=MAIN_NEXT 
D 22:10:47.8881183 GameState.DebugPrintPower() -     TAG_CHANGE Entity=[entityName=征战时光之末 id=49 zone=SECRET zonePos=0 cardId=END_017 player=2] tag=EXHAUSTED value=0 
D 22:10:47.8881183 GameState.DebugPrintPower() - BLOCK_END
D 22:10:47.8881183 GameState.DebugPrintPower() - TAG_CHANGE Entity=GameEntity tag=STEP value=MAIN_NEXT 
D 22:10:47.8881183 GameState.DebugPrintPower() - BLOCK_START BlockType=TRIGGER Entity=GameEntity EffectCardId=System.Collections.Generic.List`1[System.String] EffectIndex=-1 Target=0 SubOption=-1 TriggerKeyword=TAG_NOT_SET
D 22:10:47.8881183 GameState.DebugPrintPower() -     TAG_CHANGE Entity=加斯帕的礼物#5438 tag=1292 value=0 
D 22:10:47.8881183 GameState.DebugPrintPower() -     TAG_CHANGE Entity=湫然#51704 tag=1292 value=1 
D 22:10:47.8881183 GameState.DebugPrintPower() -     TAG_CHANGE Entity=加斯帕的礼物#5438 tag=TIMEOUT value=75 
D 22:10:47.8881183 GameState.DebugPrintPower() -     TAG_CHANGE Entity=[entityName=水栖形态 id=10 zone=HAND zonePos=1 cardId=TSC_654 player=1] tag=NUM_TURNS_IN_HAND value=5 
D 22:10:47.8881183 GameState.DebugPrintPower() -     TAG_CHANGE Entity=[entityName=激活 id=26 zone=HAND zonePos=2 cardId=EX1_169 player=1] tag=NUM_TURNS_IN_HAND value=5 
D 22:10:47.8881183 GameState.DebugPrintPower() -     TAG_CHANGE Entity=[entityName=虚灵改装师 id=11 zone=HAND zonePos=3 cardId=BT_724 player=1] tag=NUM_TURNS_IN_HAND value=5 
D 22:10:47.8881183 GameState.DebugPrintPower() -     TAG_CHANGE Entity=[entityName=激活 id=4 zone=HAND zonePos=4 cardId=EX1_169 player=1] tag=NUM_TURNS_IN_HAND value=3 
D 22:10:47.8881183 GameState.DebugPrintPower() -     TAG_CHANGE Entity=[entityName=黑市拍卖师 id=43 zone=HAND zonePos=5 cardId=JAIL_718 player=1] tag=NUM_TURNS_IN_HAND value=3 
D 22:10:47.8881183 GameState.DebugPrintPower() -     TAG_CHANGE Entity=加斯帕的礼物#5438 tag=CURRENT_PLAYER value=0 
D 22:10:47.8881183 GameState.DebugPrintPower() -     TAG_CHANGE Entity=湫然#51704 tag=CURRENT_PLAYER value=1 
D 22:10:47.8881183 GameState.DebugPrintPower() -     TAG_CHANGE Entity=GameEntity tag=TURN value=5 
D 22:10:47.8881183 GameState.DebugPrintPower() -     TAG_CHANGE Entity=GameEntity tag=1882 value=4 
D 22:10:47.8881183 GameState.DebugPrintPower() -     TAG_CHANGE Entity=湫然#51704 tag=TURN value=3 
D 22:10:47.8881183 GameState.DebugPrintPower() -     TAG_CHANGE Entity=GameEntity tag=NEXT_STEP value=MAIN_READY 
D 22:10:47.8881183 GameState.DebugPrintPower() - BLOCK_END
D 22:10:47.8881183 GameState.DebugPrintPower() - TAG_CHANGE Entity=GameEntity tag=STEP value=MAIN_READY 
D 22:10:47.8881183 GameState.DebugPrintPower() - BLOCK_START BlockType=TRIGGER Entity=湫然#51704 EffectCardId=System.Collections.Generic.List`1[System.String] EffectIndex=-1 Target=0 SubOption=-1 TriggerKeyword=TAG_NOT_SET
D 22:10:47.8881183 GameState.DebugPrintPower() -     TAG_CHANGE Entity=GameEntity tag=NUM_TURNS_IN_PLAY value=5 
D 22:10:47.8881183 GameState.DebugPrintPower() -     TAG_CHANGE Entity=湫然#51704 tag=NUM_TURNS_IN_PLAY value=5 
D 22:10:47.8881183 GameState.DebugPrintPower() -     TAG_CHANGE Entity=加斯帕的礼物#5438 tag=NUM_TURNS_IN_PLAY value=5 
D 22:10:47.8881183 GameState.DebugPrintPower() -     TAG_CHANGE Entity=[entityName=嘲风望月露娜拉 id=90 zone=PLAY zonePos=0 cardId=HERO_06bi player=1] tag=NUM_TURNS_IN_PLAY value=5 
D 22:10:47.8881183 GameState.DebugPrintPower() -     TAG_CHANGE Entity=[entityName=变形 id=91 zone=PLAY zonePos=0 cardId=HERO_06ebp player=1] tag=NUM_TURNS_IN_PLAY value=5 
D 22:10:47.8881183 GameState.DebugPrintPower() -     TAG_CHANGE Entity=[entityName=胜地古神恩佐斯 id=92 zone=PLAY zonePos=0 cardId=HERO_07at player=2] tag=NUM_TURNS_IN_PLAY value=5 
D 22:10:47.8881183 GameState.DebugPrintPower() -     TAG_CHANGE Entity=[entityName=生命分流 id=93 zone=PLAY zonePos=0 cardId=HERO_07ebp player=2] tag=NUM_TURNS_IN_PLAY value=5 
D 22:10:47.8881183 GameState.DebugPrintPower() -     TAG_CHANGE Entity=[entityName=征战时光之末 id=49 zone=SECRET zonePos=0 cardId=END_017 player=2] tag=NUM_TURNS_IN_PLAY value=3 
D 22:10:47.8881183 GameState.DebugPrintPower() -     TAG_CHANGE Entity=湫然#51704 tag=RESOURCES value=3 
D 22:10:47.8881183 GameState.DebugPrintPower() -     TAG_CHANGE Entity=湫然#51704 tag=RESOURCES_USED value=0 
D 22:10:47.8881183 GameState.DebugPrintPower() -     TAG_CHANGE Entity=湫然#51704 tag=NUM_CARDS_PLAYED_THIS_TURN value=0 
D 22:10:47.8881183 GameState.DebugPrintPower() -     TAG_CHANGE Entity=湫然#51704 tag=NUM_OPTIONS_PLAYED_THIS_TURN value=0 
D 22:10:47.8881183 GameState.DebugPrintPower() -     TAG_CHANGE Entity=湫然#51704 tag=430 value=0 
D 22:10:47.8881183 GameState.DebugPrintPower() -     TAG_CHANGE Entity=湫然#51704 tag=3242 value=0 
D 22:10:47.8881183 GameState.DebugPrintPower() -     TAG_CHANGE Entity=加斯帕的礼物#5438 tag=NUM_CARDS_DRAWN_THIS_TURN value=0 
D 22:10:47.8881183 GameState.DebugPrintPower() -     TAG_CHANGE Entity=GameEntity tag=NEXT_STEP value=MAIN_START_TRIGGERS 
D 22:10:47.8881183 GameState.DebugPrintPower() -     TAG_CHANGE Entity=加斯帕的礼物#5438 tag=464 value=0 
D 22:10:47.8881183 GameState.DebugPrintPower() -     TAG_CHANGE Entity=加斯帕的礼物#5438 tag=4453 value=0 
D 22:10:47.8881183 GameState.DebugPrintPower() -     TAG_CHANGE Entity=加斯帕的礼物#5438 tag=1575 value=0 
D 22:10:47.8881183 GameState.DebugPrintPower() - BLOCK_END
D 22:10:47.8881183 GameState.DebugPrintPower() - TAG_CHANGE Entity=GameEntity tag=STEP value=MAIN_START_TRIGGERS 
D 22:10:47.8881183 GameState.DebugPrintPower() - BLOCK_START BlockType=TRIGGER Entity=湫然#51704 EffectCardId=System.Collections.Generic.List`1[System.String] EffectIndex=-1 Target=0 SubOption=-1 TriggerKeyword=TAG_NOT_SET
D 22:10:47.8881183 GameState.DebugPrintPower() -     TAG_CHANGE Entity=GameEntity tag=NEXT_STEP value=MAIN_START 
D 22:10:47.8881183 GameState.DebugPrintPower() - BLOCK_END
D 22:10:47.8881183 GameState.DebugPrintPower() - TAG_CHANGE Entity=GameEntity tag=STEP value=MAIN_START 
D 22:10:47.8881183 GameState.DebugPrintPower() - BLOCK_START BlockType=TRIGGER Entity=湫然#51704 EffectCardId=System.Collections.Generic.List`1[System.String] EffectIndex=-1 Target=0 SubOption=-1 TriggerKeyword=TAG_NOT_SET
D 22:10:47.8881183 GameState.DebugPrintPower() -     TAG_CHANGE Entity=湫然#51704 tag=2166 value=35 
D 22:10:47.8881183 GameState.DebugPrintPower() -     TAG_CHANGE Entity=湫然#51704 tag=467 value=1 
D 22:10:47.8881183 GameState.DebugPrintPower() -     SHOW_ENTITY - Updating Entity=[entityName=UNKNOWN ENTITY [cardType=INVALID] id=35 zone=DECK zonePos=0 cardId= player=1] CardID=SC_753
D 22:10:47.8881183 GameState.DebugPrintPower() -         tag=CONTROLLER value=1
D 22:10:47.8881183 GameState.DebugPrintPower() -         tag=CARDTYPE value=SPELL
D 22:10:47.8881183 GameState.DebugPrintPower() -         tag=TAG_LAST_KNOWN_COST_IN_HAND value=2
D 22:10:47.8881183 GameState.DebugPrintPower() -         tag=COST value=2
D 22:10:47.8881183 GameState.DebugPrintPower() -         tag=PREMIUM value=1
D 22:10:47.8881183 GameState.DebugPrintPower() -         tag=ZONE value=HAND
D 22:10:47.8881183 GameState.DebugPrintPower() -         tag=ENTITY_ID value=35
D 22:10:47.8881183 GameState.DebugPrintPower() -         tag=RARITY value=COMMON
D 22:10:47.8881183 GameState.DebugPrintPower() -         tag=MULTIPLE_CLASSES value=106
D 22:10:47.8881183 GameState.DebugPrintPower() -         tag=478 value=1
D 22:10:47.8881183 GameState.DebugPrintPower() -         tag=1037 value=1
D 22:10:47.8881183 GameState.DebugPrintPower() -         tag=1043 value=1
D 22:10:47.8881183 GameState.DebugPrintPower() -         tag=1068 value=0
D 22:10:47.8881183 GameState.DebugPrintPower() -         tag=SPAWN_TIME_COUNT value=1
D 22:10:47.8881183 GameState.DebugPrintPower() -         tag=1724 value=1
D 22:10:47.8881183 GameState.DebugPrintPower() -         tag=MINI_SET value=1
D 22:10:47.8881183 GameState.DebugPrintPower() -         tag=PROTOSS value=1
D 22:10:47.8881183 GameState.DebugPrintPower() -     TAG_CHANGE Entity=[entityName=UNKNOWN ENTITY [cardType=INVALID] id=35 zone=DECK zonePos=0 cardId= player=1] tag=NUM_TURNS_IN_HAND value=1 
D 22:10:47.8881183 GameState.DebugPrintPower() -     TAG_CHANGE Entity=[entityName=UNKNOWN ENTITY [cardType=INVALID] id=35 zone=DECK zonePos=0 cardId= player=1] tag=ZONE_POSITION value=6 
D 22:10:47.8881183 GameState.DebugPrintPower() -     TAG_CHANGE Entity=[entityName=UNKNOWN ENTITY [cardType=INVALID] id=35 zone=DECK zonePos=0 cardId= player=1] tag=ZONE_POSITION value=0 
D 22:10:47.8881183 GameState.DebugPrintPower() -     TAG_CHANGE Entity=[entityName=UNKNOWN ENTITY [cardType=INVALID] id=35 zone=DECK zonePos=0 cardId= player=1] tag=ZONE_POSITION value=6 
D 22:10:47.8881183 GameState.DebugPrintPower() -     TAG_CHANGE Entity=湫然#51704 tag=3242 value=1 
D 22:10:47.8881183 GameState.DebugPrintPower() -     TAG_CHANGE Entity=湫然#51704 tag=NUM_CARDS_DRAWN_THIS_TURN value=1 
D 22:10:47.8881183 GameState.DebugPrintPower() -     TAG_CHANGE Entity=湫然#51704 tag=995 value=5 
D 22:10:47.8881183 GameState.DebugPrintPower() -     TAG_CHANGE Entity=[entityName=UNKNOWN ENTITY [cardType=INVALID] id=35 zone=DECK zonePos=0 cardId= player=1] tag=1570 value=5 
D 22:10:47.8881183 GameState.DebugPrintPower() -     TAG_CHANGE Entity=湫然#51704 tag=467 value=0 
D 22:10:47.8881183 GameState.DebugPrintPower() -     TAG_CHANGE Entity=GameEntity tag=NEXT_STEP value=MAIN_ACTION 
D 22:10:47.8881183 GameState.DebugPrintPower() - BLOCK_END
D 22:10:47.8881183 GameState.DebugPrintPower() - TAG_CHANGE Entity=GameEntity tag=STEP value=MAIN_ACTION 
D 22:10:47.8881183 GameState.DebugPrintPower() - BLOCK_START BlockType=TRIGGER Entity=湫然#51704 EffectCardId=System.Collections.Generic.List`1[System.String] EffectIndex=-1 Target=0 SubOption=-1 TriggerKeyword=TAG_NOT_SET
D 22:10:47.8881183 GameState.DebugPrintPower() -     TAG_CHANGE Entity=GameEntity tag=NEXT_STEP value=MAIN_END 
D 22:10:47.8881183 GameState.DebugPrintPower() - BLOCK_END
D 22:10:47.9781521 GameState.DebugPrintOptions() - id=9
D 22:10:47.9781521 GameState.DebugPrintOptions() -   option 0 type=END_TURN mainEntity= error=INVALID errorParam=
D 22:10:47.9781521 GameState.DebugPrintOptions() -   option 1 type=POWER mainEntity=[entityName=水栖形态 id=10 zone=HAND zonePos=1 cardId=TSC_654 player=1] error=NONE errorParam=
D 22:10:47.9781521 GameState.DebugPrintOptions() -   option 2 type=POWER mainEntity=[entityName=激活 id=26 zone=HAND zonePos=2 cardId=EX1_169 player=1] error=NONE errorParam=
D 22:10:47.9781521 GameState.DebugPrintOptions() -   option 3 type=POWER mainEntity=[entityName=虚灵改装师 id=11 zone=HAND zonePos=3 cardId=BT_724 player=1] error=NONE errorParam=
D 22:10:47.9781521 GameState.DebugPrintOptions() -   option 4 type=POWER mainEntity=[entityName=激活 id=4 zone=HAND zonePos=4 cardId=EX1_169 player=1] error=NONE errorParam=
D 22:10:47.9781521 GameState.DebugPrintOptions() -   option 5 type=POWER mainEntity=[entityName=黑市拍卖师 id=43 zone=HAND zonePos=5 cardId=JAIL_718 player=1] error=NONE errorParam=
D 22:10:47.9781521 GameState.DebugPrintOptions() -   option 6 type=POWER mainEntity=[entityName=UNKNOWN ENTITY [cardType=INVALID] id=35 zone=DECK zonePos=0 cardId= player=1] error=NONE errorParam=
D 22:10:47.9781521 GameState.DebugPrintOptions() -     target 0 entity=[entityName=嘲风望月露娜拉 id=90 zone=PLAY zonePos=0 cardId=HERO_06bi player=1] error=NONE errorParam=
D 22:10:47.9781521 GameState.DebugPrintOptions() -     target 1 entity=[entityName=胜地古神恩佐斯 id=92 zone=PLAY zonePos=0 cardId=HERO_07at player=2] error=NONE errorParam=
D 22:10:47.9781521 GameState.DebugPrintOptions() -   option 7 type=POWER mainEntity=[entityName=变形 id=91 zone=PLAY zonePos=0 cardId=HERO_06ebp player=1] error=NONE errorParam=
D 22:10:47.9781521 GameState.DebugPrintOptions() -   option 8 type=POWER mainEntity=[entityName=黑市拍卖师 id=43 zone=HAND zonePos=5 cardId=JAIL_718 player=1] error=REQ_ENOUGH_MANA errorParam=
D 22:10:47.9781521 GameState.DebugPrintOptions() -   option 9 type=POWER mainEntity=[entityName=嘲风望月露娜拉 id=90 zone=PLAY zonePos=0 cardId=HERO_06bi player=1] error=REQ_ATTACK_GREATER_THAN_0 errorParam=
D 22:10:47.9781521 GameState.DebugPrintOptions() -   option 10 type=POWER mainEntity=[entityName=胜地古神恩佐斯 id=92 zone=PLAY zonePos=0 cardId=HERO_07at player=2] error=REQ_YOUR_TURN errorParam=
D 22:10:47.9781521 GameState.DebugPrintOptions() -   option 11 type=POWER mainEntity=[entityName=生命分流 id=93 zone=PLAY zonePos=0 cardId=HERO_07ebp player=2] error=REQ_YOUR_TURN errorParam=
D 22:10:48.4667245 PowerProcessor.EndCurrentTaskList() - m_currentTaskList=93
D 22:10:48.4742411 PowerTaskList.DebugDump() - ID=94 ParentID=0 PreviousID=92 TaskCount=7
D 22:10:48.4742411 PowerTaskList.DebugDump() - Block Start=(null)
D 22:10:48.4742411 PowerTaskList.DebugPrintPower() -     TAG_CHANGE Entity=加斯帕的礼物#5438 tag=HEROPOWER_ACTIVATIONS_THIS_TURN value=1 
D 22:10:48.4742411 PowerTaskList.DebugPrintPower() -     TAG_CHANGE Entity=加斯帕的礼物#5438 tag=1739 value=1 
D 22:10:48.4742411 PowerTaskList.DebugPrintPower() -     TAG_CHANGE Entity=加斯帕的礼物#5438 tag=NUM_TIMES_HERO_POWER_USED_THIS_GAME value=1 
D 22:10:48.4742411 PowerTaskList.DebugPrintPower() -     TAG_CHANGE Entity=[entityName=生命分流 id=93 zone=PLAY zonePos=0 cardId=HERO_07ebp player=2] tag=HEROPOWER_ACTIVATIONS_THIS_TURN value=1 
D 22:10:48.4742411 PowerTaskList.DebugPrintPower() -     TAG_CHANGE Entity=[entityName=生命分流 id=93 zone=PLAY zonePos=0 cardId=HERO_07ebp player=2] tag=EXHAUSTED value=1 
D 22:10:48.4742411 PowerTaskList.DebugPrintPower() -     TAG_CHANGE Entity=GameEntity tag=1323 value=4 
D 22:10:48.4742411 PowerTaskList.DebugPrintPower() -     TAG_CHANGE Entity=加斯帕的礼物#5438 tag=NUM_OPTIONS_PLAYED_THIS_TURN value=1 
D 22:10:48.4742411 PowerTaskList.DebugPrintPower() - BLOCK_END
D 22:10:48.4742411 PowerProcessor.PrepareHistoryForCurrentTaskList() - m_currentTaskList=94
D 22:10:48.4742411 PowerProcessor.DoTaskListForCard() - unhandled BlockType PLAY for sourceEntity [entityName=生命分流 id=93 zone=PLAY zonePos=0 cardId=HERO_07ebp player=2]
D 22:10:48.4742411 PowerProcessor.EndCurrentTaskList() - m_currentTaskList=94
D 22:10:48.4742411 PowerTaskList.DebugDump() - ID=95 ParentID=0 PreviousID=0 TaskCount=1
D 22:10:48.4742411 PowerTaskList.DebugDump() - Block Start=(null)
D 22:10:48.4742411 PowerTaskList.DebugPrintPower() -     META_DATA - Meta=SLUSH_TIME Data=1000 InfoCount=1
D 22:10:48.4742411 PowerTaskList.DebugPrintPower() -                 Info[0] = [entityName=生命分流 id=93 zone=PLAY zonePos=0 cardId=HERO_07ebp player=2]
D 22:10:48.4742411 PowerTaskList.DebugDump() - Block End=(null)
D 22:10:48.4742411 PowerProcessor.PrepareHistoryForCurrentTaskList() - m_currentTaskList=95
D 22:10:48.4742411 PowerProcessor.EndCurrentTaskList() - m_currentTaskList=95
D 22:10:48.4742411 PowerTaskList.DebugDump() - ID=96 ParentID=0 PreviousID=0 TaskCount=1
D 22:10:48.4742411 PowerTaskList.DebugDump() - Block Start=(null)
D 22:10:48.4742411 PowerTaskList.DebugPrintPower() -     TAG_CHANGE Entity=GameEntity tag=STEP value=MAIN_END 
D 22:10:48.4742411 PowerTaskList.DebugDump() - Block End=(null)
D 22:10:48.4742411 PowerProcessor.PrepareHistoryForCurrentTaskList() - m_currentTaskList=96
D 22:10:48.4742411 PowerProcessor.EndCurrentTaskList() - m_currentTaskList=96
D 22:10:48.4742411 PowerTaskList.DebugDump() - ID=97 ParentID=96 PreviousID=0 TaskCount=0
D 22:10:48.4742411 PowerTaskList.DebugPrintPower() - BLOCK_START BlockType=TRIGGER Entity=湫然#51704 EffectCardId=System.Collections.Generic.List`1[System.String] EffectIndex=-1 Target=0 SubOption=-1 TriggerKeyword=TAG_NOT_SET
D 22:10:48.4742411 PowerTaskList.DebugPrintPower() - BLOCK_END
D 22:10:48.4742411 PowerProcessor.PrepareHistoryForCurrentTaskList() - m_currentTaskList=97
D 22:10:48.4742411 PowerProcessor.EndCurrentTaskList() - m_currentTaskList=97
D 22:10:48.4742411 PowerTaskList.DebugDump() - ID=98 ParentID=0 PreviousID=0 TaskCount=1
D 22:10:48.4742411 PowerTaskList.DebugPrintPower() - BLOCK_START BlockType=TRIGGER Entity=加斯帕的礼物#5438 EffectCardId=System.Collections.Generic.List`1[System.String] EffectIndex=-1 Target=0 SubOption=-1 TriggerKeyword=TAG_NOT_SET
D 22:10:48.4742411 PowerTaskList.DebugPrintPower() -     TAG_CHANGE Entity=GameEntity tag=NEXT_STEP value=MAIN_CLEANUP 
D 22:10:48.4742411 PowerTaskList.DebugPrintPower() - BLOCK_END
D 22:10:48.4742411 PowerProcessor.PrepareHistoryForCurrentTaskList() - m_currentTaskList=98
D 22:10:48.4742411 PowerProcessor.EndCurrentTaskList() - m_currentTaskList=98
D 22:10:48.4742411 PowerTaskList.DebugDump() - ID=99 ParentID=0 PreviousID=0 TaskCount=0
D 22:10:48.4742411 PowerTaskList.DebugPrintPower() - BLOCK_START BlockType=TRIGGER Entity=加斯帕的礼物#5438 EffectCardId=System.Collections.Generic.List`1[System.String] EffectIndex=-1 Target=0 SubOption=-1 TriggerKeyword=TAG_NOT_SET
D 22:10:48.4742411 PowerTaskList.DebugPrintPower() - BLOCK_END
D 22:10:48.4742411 PowerProcessor.PrepareHistoryForCurrentTaskList() - m_currentTaskList=99
D 22:10:48.4742411 PowerProcessor.EndCurrentTaskList() - m_currentTaskList=99
D 22:10:48.4742411 PowerTaskList.DebugDump() - ID=100 ParentID=0 PreviousID=0 TaskCount=1
D 22:10:48.4742411 PowerTaskList.DebugDump() - Block Start=(null)
D 22:10:48.4742411 PowerTaskList.DebugPrintPower() -     TAG_CHANGE Entity=GameEntity tag=STEP value=MAIN_CLEANUP 
D 22:10:48.4742411 PowerTaskList.DebugDump() - Block End=(null)
D 22:10:48.4742411 PowerProcessor.PrepareHistoryForCurrentTaskList() - m_currentTaskList=100
D 22:10:48.4742411 PowerProcessor.EndCurrentTaskList() - m_currentTaskList=100
D 22:10:48.4742411 PowerTaskList.DebugDump() - ID=101 ParentID=0 PreviousID=0 TaskCount=0
D 22:10:48.4742411 PowerTaskList.DebugPrintPower() - BLOCK_START BlockType=TRIGGER Entity=湫然#51704 EffectCardId=System.Collections.Generic.List`1[System.String] EffectIndex=-1 Target=0 SubOption=-1 TriggerKeyword=TAG_NOT_SET
D 22:10:48.4742411 PowerTaskList.DebugPrintPower() - BLOCK_END
D 22:10:48.4742411 PowerProcessor.PrepareHistoryForCurrentTaskList() - m_currentTaskList=101
D 22:10:48.4742411 PowerProcessor.EndCurrentTaskList() - m_currentTaskList=101
D 22:10:48.4742411 PowerTaskList.DebugDump() - ID=102 ParentID=0 PreviousID=0 TaskCount=2
D 22:10:48.4742411 PowerTaskList.DebugPrintPower() - BLOCK_START BlockType=TRIGGER Entity=加斯帕的礼物#5438 EffectCardId=System.Collections.Generic.List`1[System.String] EffectIndex=-1 Target=0 SubOption=-1 TriggerKeyword=TAG_NOT_SET
D 22:10:48.4742411 PowerTaskList.DebugPrintPower() -     TAG_CHANGE Entity=GameEntity tag=NEXT_STEP value=MAIN_NEXT 
D 22:10:48.4742411 PowerTaskList.DebugPrintPower() -     TAG_CHANGE Entity=[entityName=征战时光之末 id=49 zone=SECRET zonePos=0 cardId=END_017 player=2] tag=EXHAUSTED value=0 
D 22:10:48.4742411 PowerTaskList.DebugPrintPower() - BLOCK_END
D 22:10:48.4742411 PowerProcessor.PrepareHistoryForCurrentTaskList() - m_currentTaskList=102
D 22:10:48.4742411 PowerProcessor.EndCurrentTaskList() - m_currentTaskList=102
D 22:10:48.4742411 PowerTaskList.DebugDump() - ID=103 ParentID=0 PreviousID=0 TaskCount=1
D 22:10:48.4742411 PowerTaskList.DebugDump() - Block Start=(null)
D 22:10:48.4742411 PowerTaskList.DebugPrintPower() -     TAG_CHANGE Entity=GameEntity tag=STEP value=MAIN_NEXT 
D 22:10:48.4742411 PowerTaskList.DebugDump() - Block End=(null)
D 22:10:48.4742411 PowerProcessor.PrepareHistoryForCurrentTaskList() - m_currentTaskList=103
D 22:10:48.4742411 PowerProcessor.EndCurrentTaskList() - m_currentTaskList=103
D 22:10:48.4742411 PowerTaskList.DebugDump() - ID=104 ParentID=0 PreviousID=0 TaskCount=14
D 22:10:48.4742411 PowerTaskList.DebugPrintPower() - BLOCK_START BlockType=TRIGGER Entity=GameEntity EffectCardId=System.Collections.Generic.List`1[System.String] EffectIndex=-1 Target=0 SubOption=-1 TriggerKeyword=TAG_NOT_SET
D 22:10:48.4742411 PowerTaskList.DebugPrintPower() -     TAG_CHANGE Entity=加斯帕的礼物#5438 tag=1292 value=0 
D 22:10:48.4742411 PowerTaskList.DebugPrintPower() -     TAG_CHANGE Entity=湫然#51704 tag=1292 value=1 
D 22:10:48.4742411 PowerTaskList.DebugPrintPower() -     TAG_CHANGE Entity=加斯帕的礼物#5438 tag=TIMEOUT value=75 
D 22:10:48.4742411 PowerTaskList.DebugPrintPower() -     TAG_CHANGE Entity=[entityName=水栖形态 id=10 zone=HAND zonePos=1 cardId=TSC_654 player=1] tag=NUM_TURNS_IN_HAND value=5 
D 22:10:48.4742411 PowerTaskList.DebugPrintPower() -     TAG_CHANGE Entity=[entityName=激活 id=26 zone=HAND zonePos=2 cardId=EX1_169 player=1] tag=NUM_TURNS_IN_HAND value=5 
D 22:10:48.4742411 PowerTaskList.DebugPrintPower() -     TAG_CHANGE Entity=[entityName=虚灵改装师 id=11 zone=HAND zonePos=3 cardId=BT_724 player=1] tag=NUM_TURNS_IN_HAND value=5 
D 22:10:48.4742411 PowerTaskList.DebugPrintPower() -     TAG_CHANGE Entity=[entityName=激活 id=4 zone=HAND zonePos=4 cardId=EX1_169 player=1] tag=NUM_TURNS_IN_HAND value=3 
D 22:10:48.4742411 PowerTaskList.DebugPrintPower() -     TAG_CHANGE Entity=[entityName=黑市拍卖师 id=43 zone=HAND zonePos=5 cardId=JAIL_718 player=1] tag=NUM_TURNS_IN_HAND value=3 
D 22:10:48.4742411 PowerTaskList.DebugPrintPower() -     TAG_CHANGE Entity=加斯帕的礼物#5438 tag=CURRENT_PLAYER value=0 
D 22:10:48.4742411 PowerTaskList.DebugPrintPower() -     TAG_CHANGE Entity=湫然#51704 tag=CURRENT_PLAYER value=1 
D 22:10:48.4742411 PowerTaskList.DebugPrintPower() -     TAG_CHANGE Entity=GameEntity tag=TURN value=5 
D 22:10:48.4742411 PowerTaskList.DebugPrintPower() -     TAG_CHANGE Entity=GameEntity tag=1882 value=4 
D 22:10:48.4742411 PowerTaskList.DebugPrintPower() -     TAG_CHANGE Entity=湫然#51704 tag=TURN value=3 
D 22:10:48.4742411 PowerTaskList.DebugPrintPower() -     TAG_CHANGE Entity=GameEntity tag=NEXT_STEP value=MAIN_READY 
D 22:10:48.4742411 PowerTaskList.DebugPrintPower() - BLOCK_END
D 22:10:48.4742411 PowerProcessor.PrepareHistoryForCurrentTaskList() - m_currentTaskList=104
D 22:10:48.4742411 PowerProcessor.EndCurrentTaskList() - m_currentTaskList=104
D 22:10:48.4742411 PowerTaskList.DebugDump() - ID=105 ParentID=0 PreviousID=0 TaskCount=1
D 22:10:48.4742411 PowerTaskList.DebugDump() - Block Start=(null)
D 22:10:48.4742411 PowerTaskList.DebugPrintPower() -     TAG_CHANGE Entity=GameEntity tag=STEP value=MAIN_READY 
D 22:10:48.4742411 PowerTaskList.DebugDump() - Block End=(null)
D 22:10:48.4742411 PowerProcessor.PrepareHistoryForCurrentTaskList() - m_currentTaskList=105
D 22:10:48.4742411 PowerProcessor.EndCurrentTaskList() - m_currentTaskList=105
D 22:10:48.4742411 PowerTaskList.DebugDump() - ID=106 ParentID=0 PreviousID=0 TaskCount=19
D 22:10:48.4742411 PowerTaskList.DebugPrintPower() - BLOCK_START BlockType=TRIGGER Entity=湫然#51704 EffectCardId=System.Collections.Generic.List`1[System.String] EffectIndex=-1 Target=0 SubOption=-1 TriggerKeyword=TAG_NOT_SET
D 22:10:48.4742411 PowerTaskList.DebugPrintPower() -     TAG_CHANGE Entity=GameEntity tag=NUM_TURNS_IN_PLAY value=5 
D 22:10:48.4742411 PowerTaskList.DebugPrintPower() -     TAG_CHANGE Entity=湫然#51704 tag=NUM_TURNS_IN_PLAY value=5 
D 22:10:48.4742411 PowerTaskList.DebugPrintPower() -     TAG_CHANGE Entity=加斯帕的礼物#5438 tag=NUM_TURNS_IN_PLAY value=5 
D 22:10:48.4742411 PowerTaskList.DebugPrintPower() -     TAG_CHANGE Entity=[entityName=嘲风望月露娜拉 id=90 zone=PLAY zonePos=0 cardId=HERO_06bi player=1] tag=NUM_TURNS_IN_PLAY value=5 
D 22:10:48.4742411 PowerTaskList.DebugPrintPower() -     TAG_CHANGE Entity=[entityName=变形 id=91 zone=PLAY zonePos=0 cardId=HERO_06ebp player=1] tag=NUM_TURNS_IN_PLAY value=5 
D 22:10:48.4742411 PowerTaskList.DebugPrintPower() -     TAG_CHANGE Entity=[entityName=胜地古神恩佐斯 id=92 zone=PLAY zonePos=0 cardId=HERO_07at player=2] tag=NUM_TURNS_IN_PLAY value=5 
D 22:10:48.4742411 PowerTaskList.DebugPrintPower() -     TAG_CHANGE Entity=[entityName=生命分流 id=93 zone=PLAY zonePos=0 cardId=HERO_07ebp player=2] tag=NUM_TURNS_IN_PLAY value=5 
D 22:10:48.4742411 PowerTaskList.DebugPrintPower() -     TAG_CHANGE Entity=[entityName=征战时光之末 id=49 zone=SECRET zonePos=0 cardId=END_017 player=2] tag=NUM_TURNS_IN_PLAY value=3 
D 22:10:48.4742411 PowerTaskList.DebugPrintPower() -     TAG_CHANGE Entity=湫然#51704 tag=RESOURCES value=3 
D 22:10:48.4742411 PowerTaskList.DebugPrintPower() -     TAG_CHANGE Entity=湫然#51704 tag=RESOURCES_USED value=0 
D 22:10:48.4742411 PowerTaskList.DebugPrintPower() -     TAG_CHANGE Entity=湫然#51704 tag=NUM_CARDS_PLAYED_THIS_TURN value=0 
D 22:10:48.4742411 PowerTaskList.DebugPrintPower() -     TAG_CHANGE Entity=湫然#51704 tag=NUM_OPTIONS_PLAYED_THIS_TURN value=0 
D 22:10:48.4742411 PowerTaskList.DebugPrintPower() -     TAG_CHANGE Entity=湫然#51704 tag=430 value=0 
D 22:10:48.4742411 PowerTaskList.DebugPrintPower() -     TAG_CHANGE Entity=湫然#51704 tag=3242 value=0 
D 22:10:48.4742411 PowerTaskList.DebugPrintPower() -     TAG_CHANGE Entity=加斯帕的礼物#5438 tag=NUM_CARDS_DRAWN_THIS_TURN value=0 
D 22:10:48.4742411 PowerTaskList.DebugPrintPower() -     TAG_CHANGE Entity=GameEntity tag=NEXT_STEP value=MAIN_START_TRIGGERS 
D 22:10:48.4742411 PowerTaskList.DebugPrintPower() -     TAG_CHANGE Entity=加斯帕的礼物#5438 tag=464 value=0 
D 22:10:48.4742411 PowerTaskList.DebugPrintPower() -     TAG_CHANGE Entity=加斯帕的礼物#5438 tag=4453 value=0 
D 22:10:48.4742411 PowerTaskList.DebugPrintPower() -     TAG_CHANGE Entity=加斯帕的礼物#5438 tag=1575 value=0 
D 22:10:48.4742411 PowerTaskList.DebugPrintPower() - BLOCK_END
D 22:10:48.4742411 PowerProcessor.PrepareHistoryForCurrentTaskList() - m_currentTaskList=106
D 22:10:48.4742411 PowerProcessor.EndCurrentTaskList() - m_currentTaskList=106
D 22:10:48.4742411 PowerTaskList.DebugDump() - ID=107 ParentID=0 PreviousID=0 TaskCount=1
D 22:10:48.4742411 PowerTaskList.DebugDump() - Block Start=(null)
D 22:10:48.4742411 PowerTaskList.DebugPrintPower() -     TAG_CHANGE Entity=GameEntity tag=STEP value=MAIN_START_TRIGGERS 
D 22:10:48.4742411 PowerTaskList.DebugDump() - Block End=(null)
D 22:10:48.4742411 PowerProcessor.PrepareHistoryForCurrentTaskList() - m_currentTaskList=107
D 22:10:48.4742411 PowerProcessor.EndCurrentTaskList() - m_currentTaskList=107
D 22:10:48.4742411 PowerTaskList.DebugDump() - ID=108 ParentID=0 PreviousID=0 TaskCount=1
D 22:10:48.4742411 PowerTaskList.DebugPrintPower() - BLOCK_START BlockType=TRIGGER Entity=湫然#51704 EffectCardId=System.Collections.Generic.List`1[System.String] EffectIndex=-1 Target=0 SubOption=-1 TriggerKeyword=TAG_NOT_SET
D 22:10:48.4742411 PowerTaskList.DebugPrintPower() -     TAG_CHANGE Entity=GameEntity tag=NEXT_STEP value=MAIN_START 
D 22:10:48.4742411 PowerTaskList.DebugPrintPower() - BLOCK_END
D 22:10:48.4742411 PowerProcessor.PrepareHistoryForCurrentTaskList() - m_currentTaskList=108
D 22:10:48.4742411 PowerProcessor.EndCurrentTaskList() - m_currentTaskList=108
D 22:10:48.4742411 PowerTaskList.DebugDump() - ID=109 ParentID=0 PreviousID=0 TaskCount=1
D 22:10:48.4742411 PowerTaskList.DebugDump() - Block Start=(null)
D 22:10:48.4742411 PowerTaskList.DebugPrintPower() -     TAG_CHANGE Entity=GameEntity tag=STEP value=MAIN_START 
D 22:10:48.4742411 PowerTaskList.DebugDump() - Block End=(null)
D 22:10:48.4742411 PowerProcessor.PrepareHistoryForCurrentTaskList() - m_currentTaskList=109
D 22:10:48.4742411 PowerProcessor.EndCurrentTaskList() - m_currentTaskList=109
D 22:10:48.4742411 PowerTaskList.DebugDump() - ID=110 ParentID=0 PreviousID=0 TaskCount=13
D 22:10:48.4742411 PowerTaskList.DebugPrintPower() - BLOCK_START BlockType=TRIGGER Entity=湫然#51704 EffectCardId=System.Collections.Generic.List`1[System.String] EffectIndex=-1 Target=0 SubOption=-1 TriggerKeyword=TAG_NOT_SET
D 22:10:48.4742411 PowerTaskList.DebugPrintPower() -     TAG_CHANGE Entity=湫然#51704 tag=2166 value=35 
D 22:10:48.4742411 PowerTaskList.DebugPrintPower() -     TAG_CHANGE Entity=湫然#51704 tag=467 value=1 
D 22:10:48.4742411 PowerTaskList.DebugPrintPower() -     SHOW_ENTITY - Updating Entity=[entityName=UNKNOWN ENTITY [cardType=INVALID] id=35 zone=DECK zonePos=0 cardId= player=1] CardID=SC_753
D 22:10:48.4742411 PowerTaskList.DebugPrintPower() -         tag=CONTROLLER value=1
D 22:10:48.4742411 PowerTaskList.DebugPrintPower() -         tag=CARDTYPE value=SPELL
D 22:10:48.4742411 PowerTaskList.DebugPrintPower() -         tag=TAG_LAST_KNOWN_COST_IN_HAND value=2
D 22:10:48.4742411 PowerTaskList.DebugPrintPower() -         tag=COST value=2
D 22:10:48.4742411 PowerTaskList.DebugPrintPower() -         tag=PREMIUM value=1
D 22:10:48.4742411 PowerTaskList.DebugPrintPower() -         tag=ZONE value=HAND
D 22:10:48.4742411 PowerTaskList.DebugPrintPower() -         tag=ENTITY_ID value=35
D 22:10:48.4742411 PowerTaskList.DebugPrintPower() -         tag=RARITY value=COMMON
D 22:10:48.4742411 PowerTaskList.DebugPrintPower() -         tag=MULTIPLE_CLASSES value=106
D 22:10:48.4742411 PowerTaskList.DebugPrintPower() -         tag=478 value=1
D 22:10:48.4742411 PowerTaskList.DebugPrintPower() -         tag=1037 value=1
D 22:10:48.4742411 PowerTaskList.DebugPrintPower() -         tag=1043 value=1
D 22:10:48.4742411 PowerTaskList.DebugPrintPower() -         tag=1068 value=0
D 22:10:48.4742411 PowerTaskList.DebugPrintPower() -         tag=SPAWN_TIME_COUNT value=1
D 22:10:48.4742411 PowerTaskList.DebugPrintPower() -         tag=1724 value=1
D 22:10:48.4742411 PowerTaskList.DebugPrintPower() -         tag=MINI_SET value=1
D 22:10:48.4742411 PowerTaskList.DebugPrintPower() -         tag=PROTOSS value=1
D 22:10:48.4742411 PowerTaskList.DebugPrintPower() -     TAG_CHANGE Entity=[entityName=UNKNOWN ENTITY [cardType=INVALID] id=35 zone=DECK zonePos=0 cardId= player=1] tag=NUM_TURNS_IN_HAND value=1 
D 22:10:48.4742411 PowerTaskList.DebugPrintPower() -     TAG_CHANGE Entity=[entityName=UNKNOWN ENTITY [cardType=INVALID] id=35 zone=DECK zonePos=0 cardId= player=1] tag=ZONE_POSITION value=6 
D 22:10:48.4742411 PowerTaskList.DebugPrintPower() -     TAG_CHANGE Entity=[entityName=UNKNOWN ENTITY [cardType=INVALID] id=35 zone=DECK zonePos=0 cardId= player=1] tag=ZONE_POSITION value=0 
D 22:10:48.4742411 PowerTaskList.DebugPrintPower() -     TAG_CHANGE Entity=[entityName=UNKNOWN ENTITY [cardType=INVALID] id=35 zone=DECK zonePos=0 cardId= player=1] tag=ZONE_POSITION value=6 
D 22:10:48.4742411 PowerTaskList.DebugPrintPower() -     TAG_CHANGE Entity=湫然#51704 tag=3242 value=1 
D 22:10:48.4742411 PowerTaskList.DebugPrintPower() -     TAG_CHANGE Entity=湫然#51704 tag=NUM_CARDS_DRAWN_THIS_TURN value=1 
D 22:10:48.4742411 PowerTaskList.DebugPrintPower() -     TAG_CHANGE Entity=湫然#51704 tag=995 value=5 
D 22:10:48.4742411 PowerTaskList.DebugPrintPower() -     TAG_CHANGE Entity=[entityName=UNKNOWN ENTITY [cardType=INVALID] id=35 zone=DECK zonePos=0 cardId= player=1] tag=1570 value=5 
D 22:10:48.4742411 PowerTaskList.DebugPrintPower() -     TAG_CHANGE Entity=湫然#51704 tag=467 value=0 
D 22:10:48.4742411 PowerTaskList.DebugPrintPower() -     TAG_CHANGE Entity=GameEntity tag=NEXT_STEP value=MAIN_ACTION 
D 22:10:48.4742411 PowerTaskList.DebugPrintPower() - BLOCK_END
D 22:10:48.4742411 PowerProcessor.PrepareHistoryForCurrentTaskList() - m_currentTaskList=110
D 22:10:49.0004031 PowerProcessor.EndCurrentTaskList() - m_currentTaskList=110
D 22:10:49.0074897 PowerTaskList.DebugDump() - ID=111 ParentID=0 PreviousID=0 TaskCount=1
D 22:10:49.0074897 PowerTaskList.DebugDump() - Block Start=(null)
D 22:10:49.0074897 PowerTaskList.DebugPrintPower() -     TAG_CHANGE Entity=GameEntity tag=STEP value=MAIN_ACTION 
D 22:10:49.0074897 PowerTaskList.DebugDump() - Block End=(null)
D 22:10:49.0074897 PowerProcessor.PrepareHistoryForCurrentTaskList() - m_currentTaskList=111
D 22:10:49.0074897 PowerProcessor.EndCurrentTaskList() - m_currentTaskList=111
D 22:10:49.0074897 PowerTaskList.DebugDump() - ID=112 ParentID=0 PreviousID=0 TaskCount=1
D 22:10:49.0074897 PowerTaskList.DebugPrintPower() - BLOCK_START BlockType=TRIGGER Entity=湫然#51704 EffectCardId=System.Collections.Generic.List`1[System.String] EffectIndex=-1 Target=0 SubOption=-1 TriggerKeyword=TAG_NOT_SET
D 22:10:49.0074897 PowerTaskList.DebugPrintPower() -     TAG_CHANGE Entity=GameEntity tag=NEXT_STEP value=MAIN_END 
D 22:10:49.0074897 PowerTaskList.DebugPrintPower() - BLOCK_END
D 22:10:49.0074897 PowerProcessor.PrepareHistoryForCurrentTaskList() - m_currentTaskList=112
D 22:10:49.0074897 PowerProcessor.EndCurrentTaskList() - m_currentTaskList=112
D 22:10:51.3103246 GameState.SendOption() - selectedOption=5 selectedSubOption=-1 selectedTarget=0 selectedPosition=0
D 22:10:51.5837900 GameState.DebugPrintPowerList() - Count=54
D 22:10:51.5837900 GameState.DebugPrintPower() - BLOCK_START BlockType=DECK_ACTION Entity=[entityName=黑市拍卖师 id=43 zone=HAND zonePos=5 cardId=JAIL_718 player=1] EffectCardId=System.Collections.Generic.List`1[System.String] EffectIndex=0 Target=0 SubOption=-1 
D 22:10:51.5837900 GameState.DebugPrintPower() -     TAG_CHANGE Entity=湫然#51704 tag=2245 value=4 
D 22:10:51.5837900 GameState.DebugPrintPower() -     TAG_CHANGE Entity=湫然#51704 tag=RESOURCES_USED value=1 
D 22:10:51.5837900 GameState.DebugPrintPower() -     TAG_CHANGE Entity=湫然#51704 tag=NUM_RESOURCES_SPENT_THIS_GAME value=4 
D 22:10:51.5837900 GameState.DebugPrintPower() -     TAG_CHANGE Entity=[entityName=黑市拍卖师 id=43 zone=HAND zonePos=5 cardId=JAIL_718 player=1] tag=JUST_PLAYED value=1 
D 22:10:51.5837900 GameState.DebugPrintPower() -     TAG_CHANGE Entity=[entityName=黑市拍卖师 id=43 zone=HAND zonePos=5 cardId=JAIL_718 player=1] tag=3557 value=5 
D 22:10:51.5837900 GameState.DebugPrintPower() -     TAG_CHANGE Entity=[entityName=黑市拍卖师 id=43 zone=HAND zonePos=5 cardId=JAIL_718 player=1] tag=IS_USING_PREPARE_OPTION value=1 
D 22:10:51.5837900 GameState.DebugPrintPower() -     TAG_CHANGE Entity=[entityName=黑市拍卖师 id=43 zone=HAND zonePos=5 cardId=JAIL_718 player=1] tag=PREPARE_REVEALED value=3 
D 22:10:51.5837900 GameState.DebugPrintPower() -     META_DATA - Meta=SLUSH_TIME Data=3000 InfoCount=1
D 22:10:51.5837900 GameState.DebugPrintPower() -                 Info[0] = [entityName=黑市拍卖师 id=43 zone=HAND zonePos=5 cardId=JAIL_718 player=1]
D 22:10:51.5837900 GameState.DebugPrintPower() -     BLOCK_START BlockType=POWER Entity=[entityName=黑市拍卖师 id=43 zone=HAND zonePos=5 cardId=JAIL_718 player=1] EffectCardId=System.Collections.Generic.List`1[System.String] EffectIndex=0 Target=0 SubOption=-1 
D 22:10:51.5837900 GameState.DebugPrintPower() -         TAG_CHANGE Entity=湫然#51704 tag=2245 value=6 
D 22:10:51.5837900 GameState.DebugPrintPower() -         TAG_CHANGE Entity=湫然#51704 tag=RESOURCES_USED value=3 
D 22:10:51.5837900 GameState.DebugPrintPower() -         TAG_CHANGE Entity=湫然#51704 tag=NUM_RESOURCES_SPENT_THIS_GAME value=6 
D 22:10:51.5837900 GameState.DebugPrintPower() -         FULL_ENTITY - Creating ID=118 CardID=JAIL_718
D 22:10:51.5837900 GameState.DebugPrintPower() -             tag=CONTROLLER value=1
D 22:10:51.5837900 GameState.DebugPrintPower() -             tag=CARDTYPE value=MINION
D 22:10:51.5837900 GameState.DebugPrintPower() -             tag=TAG_LAST_KNOWN_COST_IN_HAND value=9
D 22:10:51.5837900 GameState.DebugPrintPower() -             tag=479 value=4
D 22:10:51.5837900 GameState.DebugPrintPower() -             tag=COST value=9
D 22:10:51.5837900 GameState.DebugPrintPower() -             tag=ATK value=4
D 22:10:51.5837900 GameState.DebugPrintPower() -             tag=HEALTH value=4
D 22:10:51.5837900 GameState.DebugPrintPower() -             tag=TRIGGER_VISUAL value=1
D 22:10:51.5837900 GameState.DebugPrintPower() -             tag=ZONE value=SETASIDE
D 22:10:51.5837900 GameState.DebugPrintPower() -             tag=ENTITY_ID value=118
D 22:10:51.5837900 GameState.DebugPrintPower() -             tag=CLASS value=NEUTRAL
D 22:10:51.5837900 GameState.DebugPrintPower() -             tag=RARITY value=EPIC
D 22:10:51.5837900 GameState.DebugPrintPower() -             tag=CREATOR value=43
D 22:10:51.5837900 GameState.DebugPrintPower() -             tag=1037 value=1
D 22:10:51.5837900 GameState.DebugPrintPower() -             tag=CREATOR_DBID value=126210
D 22:10:51.5837900 GameState.DebugPrintPower() -             tag=SPAWN_TIME_COUNT value=1
D 22:10:51.5837900 GameState.DebugPrintPower() -             tag=DECK_ACTION_COST value=1
D 22:10:51.5837900 GameState.DebugPrintPower() -             tag=HAS_SIGNATURE_QUALITY value=1
D 22:10:51.5837900 GameState.DebugPrintPower() -             tag=HAS_ACTIVATE_POWER value=1
D 22:10:51.5837900 GameState.DebugPrintPower() -             tag=3085 value=4
D 22:10:51.5837900 GameState.DebugPrintPower() -             tag=PREPARE value=1
D 22:10:51.5837900 GameState.DebugPrintPower() -             tag=4901 value=1
D 22:10:51.5837900 GameState.DebugPrintPower() -         TAG_CHANGE Entity=118 tag=4901 value=0 
D 22:10:51.5837900 GameState.DebugPrintPower() -         TAG_CHANGE Entity=118 tag=4741 value=1 
D 22:10:51.5837900 GameState.DebugPrintPower() -         TAG_CHANGE Entity=118 tag=1570 value=3 
D 22:10:51.5837900 GameState.DebugPrintPower() -         TAG_CHANGE Entity=118 tag=COPIED_FROM_ENTITY_ID value=43 
D 22:10:51.5837900 GameState.DebugPrintPower() -         TAG_CHANGE Entity=118 tag=3669 value=1 
D 22:10:51.5837900 GameState.DebugPrintPower() -         FULL_ENTITY - Creating ID=119 CardID=
D 22:10:51.5837900 GameState.DebugPrintPower() -             tag=ZONE value=SETASIDE
D 22:10:51.5837900 GameState.DebugPrintPower() -             tag=CONTROLLER value=1
D 22:10:51.5837900 GameState.DebugPrintPower() -             tag=ENTITY_ID value=119
D 22:10:51.5837900 GameState.DebugPrintPower() -         SHOW_ENTITY - Updating Entity=119 CardID=JAIL_907e02
D 22:10:51.5837900 GameState.DebugPrintPower() -             tag=CONTROLLER value=1
D 22:10:51.5837900 GameState.DebugPrintPower() -             tag=CARDTYPE value=ENCHANTMENT
D 22:10:51.5837900 GameState.DebugPrintPower() -             tag=ATTACHED value=43
D 22:10:51.5837900 GameState.DebugPrintPower() -             tag=ZONE value=SETASIDE
D 22:10:51.5837900 GameState.DebugPrintPower() -             tag=ENTITY_ID value=119
D 22:10:51.5837900 GameState.DebugPrintPower() -             tag=CLASS value=NEUTRAL
D 22:10:51.5837900 GameState.DebugPrintPower() -             tag=CREATOR value=43
D 22:10:51.5837900 GameState.DebugPrintPower() -             tag=1037 value=1
D 22:10:51.5837900 GameState.DebugPrintPower() -             tag=1068 value=0
D 22:10:51.5837900 GameState.DebugPrintPower() -             tag=CREATOR_DBID value=126210
D 22:10:51.5837900 GameState.DebugPrintPower() -             tag=SPAWN_TIME_COUNT value=1
D 22:10:51.5837900 GameState.DebugPrintPower() -             tag=4901 value=0
D 22:10:51.5837900 GameState.DebugPrintPower() -         TAG_CHANGE Entity=119 tag=1068 value=1 
D 22:10:51.5837900 GameState.DebugPrintPower() -         TAG_CHANGE Entity=119 tag=1068 value=0 
D 22:10:51.5837900 GameState.DebugPrintPower() -         TAG_CHANGE Entity=119 tag=ZONE value=PLAY 
D 22:10:51.5837900 GameState.DebugPrintPower() -         TAG_CHANGE Entity=[entityName=黑市拍卖师 id=43 zone=HAND zonePos=5 cardId=JAIL_718 player=1] tag=LITERALLY_UNPLAYABLE value=1 
D 22:10:51.5837900 GameState.DebugPrintPower() -         TAG_CHANGE Entity=[entityName=黑市拍卖师 id=43 zone=HAND zonePos=5 cardId=JAIL_718 player=1] tag=UNPLAYABLE_VISUALS value=1 
D 22:10:51.5837900 GameState.DebugPrintPower() -         TAG_CHANGE Entity=[entityName=黑市拍卖师 id=43 zone=HAND zonePos=5 cardId=JAIL_718 player=1] tag=PREPARING value=1 
D 22:10:51.5837900 GameState.DebugPrintPower() -         TAG_CHANGE Entity=[entityName=黑市拍卖师 id=43 zone=HAND zonePos=5 cardId=JAIL_718 player=1] tag=4741 value=1 
D 22:10:51.5837900 GameState.DebugPrintPower() -         TAG_CHANGE Entity=[entityName=黑市拍卖师 id=43 zone=HAND zonePos=5 cardId=JAIL_718 player=1] tag=LAST_AFFECTED_BY value=43 
D 22:10:51.5837900 GameState.DebugPrintPower() -         FULL_ENTITY - Creating ID=120 CardID=
D 22:10:51.5837900 GameState.DebugPrintPower() -             tag=ZONE value=SETASIDE
D 22:10:51.5837900 GameState.DebugPrintPower() -             tag=CONTROLLER value=1
D 22:10:51.5837900 GameState.DebugPrintPower() -             tag=ENTITY_ID value=120
D 22:10:51.5837900 GameState.DebugPrintPower() -         SHOW_ENTITY - Updating Entity=120 CardID=JAIL_907e
D 22:10:51.5837900 GameState.DebugPrintPower() -             tag=CONTROLLER value=1
D 22:10:51.5837900 GameState.DebugPrintPower() -             tag=CARDTYPE value=ENCHANTMENT
D 22:10:51.5837900 GameState.DebugPrintPower() -             tag=TAG_SCRIPT_DATA_NUM_1 value=4
D 22:10:51.5837900 GameState.DebugPrintPower() -             tag=ATTACHED value=43
D 22:10:51.5837900 GameState.DebugPrintPower() -             tag=ZONE value=SETASIDE
D 22:10:51.5837900 GameState.DebugPrintPower() -             tag=ENTITY_ID value=120
D 22:10:51.5837900 GameState.DebugPrintPower() -             tag=CLASS value=NEUTRAL
D 22:10:51.5837900 GameState.DebugPrintPower() -             tag=CREATOR value=43
D 22:10:51.5837900 GameState.DebugPrintPower() -             tag=1037 value=1
D 22:10:51.5837900 GameState.DebugPrintPower() -             tag=1068 value=0
D 22:10:51.5837900 GameState.DebugPrintPower() -             tag=CREATOR_DBID value=126210
D 22:10:51.5837900 GameState.DebugPrintPower() -             tag=SPAWN_TIME_COUNT value=1
D 22:10:51.5837900 GameState.DebugPrintPower() -             tag=4901 value=0
D 22:10:51.5837900 GameState.DebugPrintPower() -         TAG_CHANGE Entity=120 tag=1068 value=1 
D 22:10:51.5837900 GameState.DebugPrintPower() -         TAG_CHANGE Entity=120 tag=1068 value=0 
D 22:10:51.5837900 GameState.DebugPrintPower() -         TAG_CHANGE Entity=120 tag=ZONE value=PLAY 
D 22:10:51.5837900 GameState.DebugPrintPower() -         TAG_CHANGE Entity=[entityName=黑市拍卖师 id=43 zone=HAND zonePos=5 cardId=JAIL_718 player=1] tag=TAG_LAST_KNOWN_COST_IN_HAND value=5 
D 22:10:51.5837900 GameState.DebugPrintPower() -         TAG_CHANGE Entity=[entityName=黑市拍卖师 id=43 zone=HAND zonePos=5 cardId=JAIL_718 player=1] tag=COST value=5 
D 22:10:51.5837900 GameState.DebugPrintPower() -         TAG_CHANGE Entity=[entityName=黑市拍卖师 id=43 zone=HAND zonePos=5 cardId=JAIL_718 player=1] tag=PREPARED value=4 
D 22:10:51.5837900 GameState.DebugPrintPower() -         TAG_CHANGE Entity=[entityName=黑市拍卖师 id=43 zone=HAND zonePos=5 cardId=JAIL_718 player=1] tag=4741 value=2 
D 22:10:51.5837900 GameState.DebugPrintPower() -         TAG_CHANGE Entity=[entityName=黑市拍卖师 id=43 zone=HAND zonePos=5 cardId=JAIL_718 player=1] tag=PREPARE value=0 
D 22:10:51.5837900 GameState.DebugPrintPower() -         TAG_CHANGE Entity=[entityName=黑市拍卖师 id=43 zone=HAND zonePos=5 cardId=JAIL_718 player=1] tag=4843 value=1 
D 22:10:51.5837900 GameState.DebugPrintPower() -         META_DATA - Meta=OVERRIDE_HISTORY Data=0 InfoCount=1
D 22:10:51.5837900 GameState.DebugPrintPower() -                     Info[0] = [entityName=黑市拍卖师 id=43 zone=HAND zonePos=5 cardId=JAIL_718 player=1]
D 22:10:51.5837900 GameState.DebugPrintPower() -         META_DATA - Meta=HISTORY_TRIGGER_SOURCE Data=0 InfoCount=1
D 22:10:51.5837900 GameState.DebugPrintPower() -                     Info[0] = 118
D 22:10:51.5837900 GameState.DebugPrintPower() -         META_DATA - Meta=HISTORY_TARGET_DONT_DUPLICATE_UNTIL_END Data=0 InfoCount=1
D 22:10:51.5837900 GameState.DebugPrintPower() -                     Info[0] = [entityName=黑市拍卖师 id=43 zone=HAND zonePos=5 cardId=JAIL_718 player=1]
D 22:10:51.5837900 GameState.DebugPrintPower() -         META_DATA - Meta=END_ARTIFICIAL_HISTORY_TILE Data=0 InfoCount=1
D 22:10:51.5837900 GameState.DebugPrintPower() -                     Info[0] = GameEntity
D 22:10:51.5837900 GameState.DebugPrintPower() -     BLOCK_END
D 22:10:51.5837900 GameState.DebugPrintPower() -     TAG_CHANGE Entity=[entityName=黑市拍卖师 id=43 zone=HAND zonePos=5 cardId=JAIL_718 player=1] tag=IS_USING_PREPARE_OPTION value=0 
D 22:10:51.5837900 GameState.DebugPrintPower() -     TAG_CHANGE Entity=[entityName=黑市拍卖师 id=43 zone=HAND zonePos=5 cardId=JAIL_718 player=1] tag=PREPARE_REVEALED value=1 
D 22:10:51.5837900 GameState.DebugPrintPower() -     TAG_CHANGE Entity=[entityName=黑市拍卖师 id=43 zone=HAND zonePos=5 cardId=JAIL_718 player=1] tag=JUST_PLAYED value=0 
D 22:10:51.5837900 GameState.DebugPrintPower() -     TAG_CHANGE Entity=118 tag=3669 value=0 
D 22:10:51.5837900 GameState.DebugPrintPower() -     TAG_CHANGE Entity=[entityName=黑市拍卖师 id=43 zone=HAND zonePos=5 cardId=JAIL_718 player=1] tag=PREPARE_REVEALED value=0 
D 22:10:51.5837900 GameState.DebugPrintPower() -     TAG_CHANGE Entity=GameEntity tag=1323 value=5 
D 22:10:51.5837900 GameState.DebugPrintPower() -     TAG_CHANGE Entity=湫然#51704 tag=NUM_OPTIONS_PLAYED_THIS_TURN value=1 
D 22:10:51.5837900 GameState.DebugPrintPower() - BLOCK_END
D 22:10:51.5837900 GameState.DebugPrintPower() - META_DATA - Meta=SLUSH_TIME Data=1000 InfoCount=1
D 22:10:51.5837900 GameState.DebugPrintPower() -             Info[0] = [entityName=黑市拍卖师 id=43 zone=HAND zonePos=5 cardId=JAIL_718 player=1]
D 22:10:51.5837900 PowerTaskList.DebugDump() - ID=113 ParentID=0 PreviousID=0 TaskCount=8
D 22:10:51.5837900 PowerTaskList.DebugPrintPower() - BLOCK_START BlockType=DECK_ACTION Entity=[entityName=黑市拍卖师 id=43 zone=HAND zonePos=5 cardId=JAIL_718 player=1] EffectCardId=System.Collections.Generic.List`1[System.String] EffectIndex=0 Target=0 SubOption=-1 
D 22:10:51.5837900 PowerTaskList.DebugPrintPower() -     TAG_CHANGE Entity=湫然#51704 tag=2245 value=4 
D 22:10:51.5837900 PowerTaskList.DebugPrintPower() -     TAG_CHANGE Entity=湫然#51704 tag=RESOURCES_USED value=1 
D 22:10:51.5837900 PowerTaskList.DebugPrintPower() -     TAG_CHANGE Entity=湫然#51704 tag=NUM_RESOURCES_SPENT_THIS_GAME value=4 
D 22:10:51.5837900 PowerTaskList.DebugPrintPower() -     TAG_CHANGE Entity=[entityName=黑市拍卖师 id=43 zone=HAND zonePos=5 cardId=JAIL_718 player=1] tag=JUST_PLAYED value=1 
D 22:10:51.5837900 PowerTaskList.DebugPrintPower() -     TAG_CHANGE Entity=[entityName=黑市拍卖师 id=43 zone=HAND zonePos=5 cardId=JAIL_718 player=1] tag=3557 value=5 
D 22:10:51.5837900 PowerTaskList.DebugPrintPower() -     TAG_CHANGE Entity=[entityName=黑市拍卖师 id=43 zone=HAND zonePos=5 cardId=JAIL_718 player=1] tag=IS_USING_PREPARE_OPTION value=1 
D 22:10:51.5837900 PowerTaskList.DebugPrintPower() -     TAG_CHANGE Entity=[entityName=黑市拍卖师 id=43 zone=HAND zonePos=5 cardId=JAIL_718 player=1] tag=PREPARE_REVEALED value=3 
D 22:10:51.5837900 PowerTaskList.DebugPrintPower() -     META_DATA - Meta=SLUSH_TIME Data=3000 InfoCount=1
D 22:10:51.5837900 PowerTaskList.DebugPrintPower() -                 Info[0] = [entityName=黑市拍卖师 id=43 zone=HAND zonePos=5 cardId=JAIL_718 player=1]
D 22:10:51.5837900 PowerTaskList.DebugDump() - Block End=(null)
D 22:10:51.5837900 PowerProcessor.PrepareHistoryForCurrentTaskList() - m_currentTaskList=113
D 22:10:51.5837900 PowerProcessor.DoTaskListForCard() - unhandled BlockType DECK_ACTION for sourceEntity [entityName=黑市拍卖师 id=43 zone=HAND zonePos=5 cardId=JAIL_718 player=1]
D 22:10:51.5837900 PowerProcessor.EndCurrentTaskList() - m_currentTaskList=113
D 22:10:51.5837900 PowerTaskList.DebugDump() - ID=114 ParentID=113 PreviousID=0 TaskCount=34
D 22:10:51.5837900 PowerTaskList.DebugPrintPower() - BLOCK_START BlockType=POWER Entity=[entityName=黑市拍卖师 id=43 zone=HAND zonePos=5 cardId=JAIL_718 player=1] EffectCardId=System.Collections.Generic.List`1[System.String] EffectIndex=0 Target=0 SubOption=-1 
D 22:10:51.5837900 PowerTaskList.DebugPrintPower() -     TAG_CHANGE Entity=湫然#51704 tag=2245 value=6 
D 22:10:51.5837900 PowerTaskList.DebugPrintPower() -     TAG_CHANGE Entity=湫然#51704 tag=RESOURCES_USED value=3 
D 22:10:51.5837900 PowerTaskList.DebugPrintPower() -     TAG_CHANGE Entity=湫然#51704 tag=NUM_RESOURCES_SPENT_THIS_GAME value=6 
D 22:10:51.5837900 PowerTaskList.DebugPrintPower() -     FULL_ENTITY - Updating [entityName=黑市拍卖师 id=118 zone=SETASIDE zonePos=0 cardId=JAIL_718 player=1] CardID=JAIL_718
D 22:10:51.5837900 PowerTaskList.DebugPrintPower() -         tag=CONTROLLER value=1
D 22:10:51.5837900 PowerTaskList.DebugPrintPower() -         tag=CARDTYPE value=MINION
D 22:10:51.5837900 PowerTaskList.DebugPrintPower() -         tag=TAG_LAST_KNOWN_COST_IN_HAND value=9
D 22:10:51.5837900 PowerTaskList.DebugPrintPower() -         tag=479 value=4
D 22:10:51.5837900 PowerTaskList.DebugPrintPower() -         tag=COST value=9
D 22:10:51.5837900 PowerTaskList.DebugPrintPower() -         tag=ATK value=4
D 22:10:51.5837900 PowerTaskList.DebugPrintPower() -         tag=HEALTH value=4
D 22:10:51.5837900 PowerTaskList.DebugPrintPower() -         tag=TRIGGER_VISUAL value=1
D 22:10:51.5837900 PowerTaskList.DebugPrintPower() -         tag=ZONE value=SETASIDE
D 22:10:51.5837900 PowerTaskList.DebugPrintPower() -         tag=ENTITY_ID value=118
D 22:10:51.5837900 PowerTaskList.DebugPrintPower() -         tag=CLASS value=NEUTRAL
D 22:10:51.5837900 PowerTaskList.DebugPrintPower() -         tag=RARITY value=EPIC
D 22:10:51.5837900 PowerTaskList.DebugPrintPower() -         tag=CREATOR value=43
D 22:10:51.5837900 PowerTaskList.DebugPrintPower() -         tag=1037 value=1
D 22:10:51.5837900 PowerTaskList.DebugPrintPower() -         tag=CREATOR_DBID value=126210
D 22:10:51.5837900 PowerTaskList.DebugPrintPower() -         tag=SPAWN_TIME_COUNT value=1
D 22:10:51.5837900 PowerTaskList.DebugPrintPower() -         tag=DECK_ACTION_COST value=1
D 22:10:51.5837900 PowerTaskList.DebugPrintPower() -         tag=HAS_SIGNATURE_QUALITY value=1
D 22:10:51.5837900 PowerTaskList.DebugPrintPower() -         tag=HAS_ACTIVATE_POWER value=1
D 22:10:51.5837900 PowerTaskList.DebugPrintPower() -         tag=3085 value=4
D 22:10:51.5837900 PowerTaskList.DebugPrintPower() -         tag=PREPARE value=1
D 22:10:51.5837900 PowerTaskList.DebugPrintPower() -         tag=4901 value=1
D 22:10:51.5837900 PowerTaskList.DebugPrintPower() -     TAG_CHANGE Entity=[entityName=黑市拍卖师 id=118 zone=SETASIDE zonePos=0 cardId=JAIL_718 player=1] tag=4901 value=0 
D 22:10:51.5837900 PowerTaskList.DebugPrintPower() -     TAG_CHANGE Entity=[entityName=黑市拍卖师 id=118 zone=SETASIDE zonePos=0 cardId=JAIL_718 player=1] tag=4741 value=1 
D 22:10:51.5837900 PowerTaskList.DebugPrintPower() -     TAG_CHANGE Entity=[entityName=黑市拍卖师 id=118 zone=SETASIDE zonePos=0 cardId=JAIL_718 player=1] tag=1570 value=3 
D 22:10:51.5837900 PowerTaskList.DebugPrintPower() -     TAG_CHANGE Entity=[entityName=黑市拍卖师 id=118 zone=SETASIDE zonePos=0 cardId=JAIL_718 player=1] tag=COPIED_FROM_ENTITY_ID value=43 
D 22:10:51.5837900 PowerTaskList.DebugPrintPower() -     TAG_CHANGE Entity=[entityName=黑市拍卖师 id=118 zone=SETASIDE zonePos=0 cardId=JAIL_718 player=1] tag=3669 value=1 
D 22:10:51.5837900 PowerTaskList.DebugPrintPower() -     FULL_ENTITY - Updating [entityName=UNKNOWN ENTITY [cardType=INVALID] id=119 zone=SETASIDE zonePos=0 cardId= player=1] CardID=
D 22:10:51.5837900 PowerTaskList.DebugPrintPower() -         tag=ZONE value=SETASIDE
D 22:10:51.5837900 PowerTaskList.DebugPrintPower() -         tag=CONTROLLER value=1
D 22:10:51.5837900 PowerTaskList.DebugPrintPower() -         tag=ENTITY_ID value=119
D 22:10:51.5837900 PowerTaskList.DebugPrintPower() -     SHOW_ENTITY - Updating Entity=[entityName=UNKNOWN ENTITY [cardType=INVALID] id=119 zone=SETASIDE zonePos=0 cardId= player=1] CardID=JAIL_907e02
D 22:10:51.5837900 PowerTaskList.DebugPrintPower() -         tag=CONTROLLER value=1
D 22:10:51.5837900 PowerTaskList.DebugPrintPower() -         tag=CARDTYPE value=ENCHANTMENT
D 22:10:51.5837900 PowerTaskList.DebugPrintPower() -         tag=ATTACHED value=43
D 22:10:51.5837900 PowerTaskList.DebugPrintPower() -         tag=ZONE value=SETASIDE
D 22:10:51.5837900 PowerTaskList.DebugPrintPower() -         tag=ENTITY_ID value=119
D 22:10:51.5837900 PowerTaskList.DebugPrintPower() -         tag=CLASS value=NEUTRAL
D 22:10:51.5837900 PowerTaskList.DebugPrintPower() -         tag=CREATOR value=43
D 22:10:51.5837900 PowerTaskList.DebugPrintPower() -         tag=1037 value=1
D 22:10:51.5837900 PowerTaskList.DebugPrintPower() -         tag=1068 value=0
D 22:10:51.5837900 PowerTaskList.DebugPrintPower() -         tag=CREATOR_DBID value=126210
D 22:10:51.5837900 PowerTaskList.DebugPrintPower() -         tag=SPAWN_TIME_COUNT value=1
D 22:10:51.5837900 PowerTaskList.DebugPrintPower() -         tag=4901 value=0
D 22:10:51.5837900 PowerTaskList.DebugPrintPower() -     TAG_CHANGE Entity=[entityName=UNKNOWN ENTITY [cardType=INVALID] id=119 zone=SETASIDE zonePos=0 cardId= player=1] tag=1068 value=1 
D 22:10:51.5837900 PowerTaskList.DebugPrintPower() -     TAG_CHANGE Entity=[entityName=UNKNOWN ENTITY [cardType=INVALID] id=119 zone=SETASIDE zonePos=0 cardId= player=1] tag=1068 value=0 
D 22:10:51.5837900 PowerTaskList.DebugPrintPower() -     TAG_CHANGE Entity=[entityName=UNKNOWN ENTITY [cardType=INVALID] id=119 zone=SETASIDE zonePos=0 cardId= player=1] tag=ZONE value=PLAY 
D 22:10:51.5837900 PowerTaskList.DebugPrintPower() -     TAG_CHANGE Entity=[entityName=黑市拍卖师 id=43 zone=HAND zonePos=5 cardId=JAIL_718 player=1] tag=LITERALLY_UNPLAYABLE value=1 
D 22:10:51.5837900 PowerTaskList.DebugPrintPower() -     TAG_CHANGE Entity=[entityName=黑市拍卖师 id=43 zone=HAND zonePos=5 cardId=JAIL_718 player=1] tag=UNPLAYABLE_VISUALS value=1 
D 22:10:51.5837900 PowerTaskList.DebugPrintPower() -     TAG_CHANGE Entity=[entityName=黑市拍卖师 id=43 zone=HAND zonePos=5 cardId=JAIL_718 player=1] tag=PREPARING value=1 
D 22:10:51.5837900 PowerTaskList.DebugPrintPower() -     TAG_CHANGE Entity=[entityName=黑市拍卖师 id=43 zone=HAND zonePos=5 cardId=JAIL_718 player=1] tag=4741 value=1 
D 22:10:51.5837900 PowerTaskList.DebugPrintPower() -     TAG_CHANGE Entity=[entityName=黑市拍卖师 id=43 zone=HAND zonePos=5 cardId=JAIL_718 player=1] tag=LAST_AFFECTED_BY value=43 
D 22:10:51.5837900 PowerTaskList.DebugPrintPower() -     FULL_ENTITY - Updating [entityName=UNKNOWN ENTITY [cardType=INVALID] id=120 zone=SETASIDE zonePos=0 cardId= player=1] CardID=
D 22:10:51.5837900 PowerTaskList.DebugPrintPower() -         tag=ZONE value=SETASIDE
D 22:10:51.5837900 PowerTaskList.DebugPrintPower() -         tag=CONTROLLER value=1
D 22:10:51.5837900 PowerTaskList.DebugPrintPower() -         tag=ENTITY_ID value=120
D 22:10:51.5837900 PowerTaskList.DebugPrintPower() -     SHOW_ENTITY - Updating Entity=[entityName=UNKNOWN ENTITY [cardType=INVALID] id=120 zone=SETASIDE zonePos=0 cardId= player=1] CardID=JAIL_907e
D 22:10:51.5837900 PowerTaskList.DebugPrintPower() -         tag=CONTROLLER value=1
D 22:10:51.5837900 PowerTaskList.DebugPrintPower() -         tag=CARDTYPE value=ENCHANTMENT
D 22:10:51.5837900 PowerTaskList.DebugPrintPower() -         tag=TAG_SCRIPT_DATA_NUM_1 value=4
D 22:10:51.5837900 PowerTaskList.DebugPrintPower() -         tag=ATTACHED value=43
D 22:10:51.5837900 PowerTaskList.DebugPrintPower() -         tag=ZONE value=SETASIDE
D 22:10:51.5837900 PowerTaskList.DebugPrintPower() -         tag=ENTITY_ID value=120
D 22:10:51.5837900 PowerTaskList.DebugPrintPower() -         tag=CLASS value=NEUTRAL
D 22:10:51.5837900 PowerTaskList.DebugPrintPower() -         tag=CREATOR value=43
D 22:10:51.5837900 PowerTaskList.DebugPrintPower() -         tag=1037 value=1
D 22:10:51.5837900 PowerTaskList.DebugPrintPower() -         tag=1068 value=0
D 22:10:51.5837900 PowerTaskList.DebugPrintPower() -         tag=CREATOR_DBID value=126210
D 22:10:51.5837900 PowerTaskList.DebugPrintPower() -         tag=SPAWN_TIME_COUNT value=1
D 22:10:51.5837900 PowerTaskList.DebugPrintPower() -         tag=4901 value=0
D 22:10:51.5837900 PowerTaskList.DebugPrintPower() -     TAG_CHANGE Entity=[entityName=UNKNOWN ENTITY [cardType=INVALID] id=120 zone=SETASIDE zonePos=0 cardId= player=1] tag=1068 value=1 
D 22:10:51.5837900 PowerTaskList.DebugPrintPower() -     TAG_CHANGE Entity=[entityName=UNKNOWN ENTITY [cardType=INVALID] id=120 zone=SETASIDE zonePos=0 cardId= player=1] tag=1068 value=0 
D 22:10:51.5837900 PowerTaskList.DebugPrintPower() -     TAG_CHANGE Entity=[entityName=UNKNOWN ENTITY [cardType=INVALID] id=120 zone=SETASIDE zonePos=0 cardId= player=1] tag=ZONE value=PLAY 
D 22:10:51.5837900 PowerTaskList.DebugPrintPower() -     TAG_CHANGE Entity=[entityName=黑市拍卖师 id=43 zone=HAND zonePos=5 cardId=JAIL_718 player=1] tag=TAG_LAST_KNOWN_COST_IN_HAND value=5 
D 22:10:51.5837900 PowerTaskList.DebugPrintPower() -     TAG_CHANGE Entity=[entityName=黑市拍卖师 id=43 zone=HAND zonePos=5 cardId=JAIL_718 player=1] tag=COST value=5 
D 22:10:51.5837900 PowerTaskList.DebugPrintPower() -     TAG_CHANGE Entity=[entityName=黑市拍卖师 id=43 zone=HAND zonePos=5 cardId=JAIL_718 player=1] tag=PREPARED value=4 
D 22:10:51.5837900 PowerTaskList.DebugPrintPower() -     TAG_CHANGE Entity=[entityName=黑市拍卖师 id=43 zone=HAND zonePos=5 cardId=JAIL_718 player=1] tag=4741 value=2 
D 22:10:51.5837900 PowerTaskList.DebugPrintPower() -     TAG_CHANGE Entity=[entityName=黑市拍卖师 id=43 zone=HAND zonePos=5 cardId=JAIL_718 player=1] tag=PREPARE value=0 
D 22:10:51.5837900 PowerTaskList.DebugPrintPower() -     TAG_CHANGE Entity=[entityName=黑市拍卖师 id=43 zone=HAND zonePos=5 cardId=JAIL_718 player=1] tag=4843 value=1 
D 22:10:51.5837900 PowerTaskList.DebugPrintPower() -     META_DATA - Meta=OVERRIDE_HISTORY Data=0 InfoCount=1
D 22:10:51.5837900 PowerTaskList.DebugPrintPower() -                 Info[0] = [entityName=黑市拍卖师 id=43 zone=HAND zonePos=5 cardId=JAIL_718 player=1]
D 22:10:51.5837900 PowerTaskList.DebugPrintPower() -     META_DATA - Meta=HISTORY_TRIGGER_SOURCE Data=0 InfoCount=1
D 22:10:51.5837900 PowerTaskList.DebugPrintPower() -                 Info[0] = [entityName=黑市拍卖师 id=118 zone=SETASIDE zonePos=0 cardId=JAIL_718 player=1]
D 22:10:51.5837900 PowerTaskList.DebugPrintPower() -     META_DATA - Meta=HISTORY_TARGET_DONT_DUPLICATE_UNTIL_END Data=0 InfoCount=1
D 22:10:51.5837900 PowerTaskList.DebugPrintPower() -                 Info[0] = [entityName=黑市拍卖师 id=43 zone=HAND zonePos=5 cardId=JAIL_718 player=1]
D 22:10:51.5837900 PowerTaskList.DebugPrintPower() -     META_DATA - Meta=END_ARTIFICIAL_HISTORY_TILE Data=0 InfoCount=1
D 22:10:51.5837900 PowerTaskList.DebugPrintPower() -                 Info[0] = GameEntity
D 22:10:51.5837900 PowerTaskList.DebugPrintPower() - BLOCK_END
D 22:10:51.5837900 PowerProcessor.PrepareHistoryForCurrentTaskList() - m_currentTaskList=114
D 22:10:51.5951515 GameState.DebugPrintOptions() - id=10
D 22:10:51.5951515 GameState.DebugPrintOptions() -   option 0 type=END_TURN mainEntity= error=INVALID errorParam=
D 22:10:51.5951515 GameState.DebugPrintOptions() -   option 1 type=POWER mainEntity=[entityName=水栖形态 id=10 zone=HAND zonePos=1 cardId=TSC_654 player=1] error=NONE errorParam=
D 22:10:51.5951515 GameState.DebugPrintOptions() -   option 2 type=POWER mainEntity=[entityName=激活 id=26 zone=HAND zonePos=2 cardId=EX1_169 player=1] error=NONE errorParam=
D 22:10:51.5951515 GameState.DebugPrintOptions() -   option 3 type=POWER mainEntity=[entityName=激活 id=4 zone=HAND zonePos=4 cardId=EX1_169 player=1] error=NONE errorParam=
D 22:10:51.5951515 GameState.DebugPrintOptions() -   option 4 type=POWER mainEntity=[entityName=虚灵改装师 id=11 zone=HAND zonePos=3 cardId=BT_724 player=1] error=REQ_ENOUGH_MANA errorParam=
D 22:10:51.5951515 GameState.DebugPrintOptions() -   option 5 type=POWER mainEntity=[entityName=黑市拍卖师 id=43 zone=HAND zonePos=5 cardId=JAIL_718 player=1] error=REQ_LITERALLY_UNPLAYABLE errorParam=
D 22:10:51.5951515 GameState.DebugPrintOptions() -   option 6 type=POWER mainEntity=[entityName=光子炮台 id=35 zone=HAND zonePos=6 cardId=SC_753 player=1] error=REQ_ENOUGH_MANA errorParam=
D 22:10:51.5951515 GameState.DebugPrintOptions() -   option 7 type=POWER mainEntity=[entityName=嘲风望月露娜拉 id=90 zone=PLAY zonePos=0 cardId=HERO_06bi player=1] error=REQ_ATTACK_GREATER_THAN_0 errorParam=
D 22:10:51.5951515 GameState.DebugPrintOptions() -   option 8 type=POWER mainEntity=[entityName=变形 id=91 zone=PLAY zonePos=0 cardId=HERO_06ebp player=1] error=REQ_ENOUGH_MANA errorParam=
D 22:10:51.5951515 GameState.DebugPrintOptions() -   option 9 type=POWER mainEntity=[entityName=胜地古神恩佐斯 id=92 zone=PLAY zonePos=0 cardId=HERO_07at player=2] error=REQ_YOUR_TURN errorParam=
D 22:10:51.5951515 GameState.DebugPrintOptions() -   option 10 type=POWER mainEntity=[entityName=生命分流 id=93 zone=PLAY zonePos=0 cardId=HERO_07ebp player=2] error=REQ_YOUR_TURN errorParam=
D 22:10:51.6449740 PowerProcessor.EndCurrentTaskList() - m_currentTaskList=114
D 22:10:51.6535284 PowerTaskList.DebugDump() - ID=115 ParentID=0 PreviousID=113 TaskCount=7
D 22:10:51.6535284 PowerTaskList.DebugDump() - Block Start=(null)
D 22:10:51.6535284 PowerTaskList.DebugPrintPower() -     TAG_CHANGE Entity=[entityName=黑市拍卖师 id=43 zone=HAND zonePos=5 cardId=JAIL_718 player=1] tag=IS_USING_PREPARE_OPTION value=0 
D 22:10:51.6535284 PowerTaskList.DebugPrintPower() -     TAG_CHANGE Entity=[entityName=黑市拍卖师 id=43 zone=HAND zonePos=5 cardId=JAIL_718 player=1] tag=PREPARE_REVEALED value=1 
D 22:10:51.6535284 PowerTaskList.DebugPrintPower() -     TAG_CHANGE Entity=[entityName=黑市拍卖师 id=43 zone=HAND zonePos=5 cardId=JAIL_718 player=1] tag=JUST_PLAYED value=0 
D 22:10:51.6535284 PowerTaskList.DebugPrintPower() -     TAG_CHANGE Entity=[entityName=黑市拍卖师 id=118 zone=SETASIDE zonePos=0 cardId=JAIL_718 player=1] tag=3669 value=0 
D 22:10:51.6535284 PowerTaskList.DebugPrintPower() -     TAG_CHANGE Entity=[entityName=黑市拍卖师 id=43 zone=HAND zonePos=5 cardId=JAIL_718 player=1] tag=PREPARE_REVEALED value=0 
D 22:10:51.6535284 PowerTaskList.DebugPrintPower() -     TAG_CHANGE Entity=GameEntity tag=1323 value=5 
D 22:10:51.6535284 PowerTaskList.DebugPrintPower() -     TAG_CHANGE Entity=湫然#51704 tag=NUM_OPTIONS_PLAYED_THIS_TURN value=1 
D 22:10:51.6535284 PowerTaskList.DebugPrintPower() - BLOCK_END
D 22:10:51.6535284 PowerProcessor.PrepareHistoryForCurrentTaskList() - m_currentTaskList=115
D 22:10:51.6535284 PowerProcessor.DoTaskListForCard() - unhandled BlockType DECK_ACTION for sourceEntity [entityName=黑市拍卖师 id=43 zone=HAND zonePos=5 cardId=JAIL_718 player=1]
D 22:10:51.6535284 PowerProcessor.EndCurrentTaskList() - m_currentTaskList=115
D 22:10:51.6535284 PowerTaskList.DebugDump() - ID=116 ParentID=0 PreviousID=0 TaskCount=1
D 22:10:51.6535284 PowerTaskList.DebugDump() - Block Start=(null)
D 22:10:51.6535284 PowerTaskList.DebugPrintPower() -     META_DATA - Meta=SLUSH_TIME Data=1000 InfoCount=1
D 22:10:51.6535284 PowerTaskList.DebugPrintPower() -                 Info[0] = [entityName=黑市拍卖师 id=43 zone=HAND zonePos=5 cardId=JAIL_718 player=1]
D 22:10:51.6535284 PowerTaskList.DebugDump() - Block End=(null)
D 22:10:51.6535284 PowerProcessor.PrepareHistoryForCurrentTaskList() - m_currentTaskList=116
D 22:10:51.6535284 PowerProcessor.EndCurrentTaskList() - m_currentTaskList=116
D 22:10:52.0291393 GameState.SendOption() - selectedOption=0 selectedSubOption=-1 selectedTarget=0 selectedPosition=0
D 22:10:52.8815893 GameState.DebugPrintPowerList() - Count=87
D 22:10:52.8815893 GameState.DebugPrintPower() - TAG_CHANGE Entity=GameEntity tag=STEP value=MAIN_END 
D 22:10:52.8815893 GameState.DebugPrintPower() - BLOCK_START BlockType=TRIGGER Entity=湫然#51704 EffectCardId=System.Collections.Generic.List`1[System.String] EffectIndex=-1 Target=0 SubOption=-1 TriggerKeyword=TAG_NOT_SET
D 22:10:52.8815893 GameState.DebugPrintPower() -     TAG_CHANGE Entity=GameEntity tag=NEXT_STEP value=MAIN_CLEANUP 
D 22:10:52.8815893 GameState.DebugPrintPower() - BLOCK_END
D 22:10:52.8815893 GameState.DebugPrintPower() - BLOCK_START BlockType=TRIGGER Entity=湫然#51704 EffectCardId=System.Collections.Generic.List`1[System.String] EffectIndex=-1 Target=0 SubOption=-1 TriggerKeyword=TAG_NOT_SET
D 22:10:52.8815893 GameState.DebugPrintPower() - BLOCK_END
D 22:10:52.8815893 GameState.DebugPrintPower() - BLOCK_START BlockType=TRIGGER Entity=加斯帕的礼物#5438 EffectCardId=System.Collections.Generic.List`1[System.String] EffectIndex=-1 Target=0 SubOption=-1 TriggerKeyword=TAG_NOT_SET
D 22:10:52.8815893 GameState.DebugPrintPower() - BLOCK_END
D 22:10:52.8815893 GameState.DebugPrintPower() - BLOCK_START BlockType=TRIGGER Entity=[entityName=正在预备 id=119 zone=PLAY zonePos=0 cardId=JAIL_907e02 player=1] EffectCardId=System.Collections.Generic.List`1[System.String] EffectIndex=2 Target=0 SubOption=-1 TriggerKeyword=TAG_NOT_SET
D 22:10:52.8815893 GameState.DebugPrintPower() -     TAG_CHANGE Entity=[entityName=正在预备 id=119 zone=PLAY zonePos=0 cardId=JAIL_907e02 player=1] tag=2747 value=119 
D 22:10:52.8815893 GameState.DebugPrintPower() -     TAG_CHANGE Entity=[entityName=正在预备 id=119 zone=PLAY zonePos=0 cardId=JAIL_907e02 player=1] tag=4741 value=1 
D 22:10:52.8815893 GameState.DebugPrintPower() -     TAG_CHANGE Entity=[entityName=正在预备 id=119 zone=PLAY zonePos=0 cardId=JAIL_907e02 player=1] tag=LAST_AFFECTED_BY value=119 
D 22:10:52.8815893 GameState.DebugPrintPower() -     TAG_CHANGE Entity=[entityName=正在预备 id=119 zone=PLAY zonePos=0 cardId=JAIL_907e02 player=1] tag=1068 value=4 
D 22:10:52.8815893 GameState.DebugPrintPower() -     TAG_CHANGE Entity=[entityName=正在预备 id=119 zone=PLAY zonePos=0 cardId=JAIL_907e02 player=1] tag=1068 value=0 
D 22:10:52.8815893 GameState.DebugPrintPower() -     TAG_CHANGE Entity=[entityName=正在预备 id=119 zone=PLAY zonePos=0 cardId=JAIL_907e02 player=1] tag=ZONE value=GRAVEYARD 
D 22:10:52.8815893 GameState.DebugPrintPower() -     TAG_CHANGE Entity=[entityName=正在预备 id=119 zone=PLAY zonePos=0 cardId=JAIL_907e02 player=1] tag=1234 value=43 
D 22:10:52.8815893 GameState.DebugPrintPower() -     HIDE_ENTITY - Entity=[entityName=正在预备 id=119 zone=PLAY zonePos=0 cardId=JAIL_907e02 player=1] tag=ZONE value=GRAVEYARD
D 22:10:52.8815893 GameState.DebugPrintPower() -     TAG_CHANGE Entity=[entityName=黑市拍卖师 id=43 zone=HAND zonePos=5 cardId=JAIL_718 player=1] tag=LITERALLY_UNPLAYABLE value=0 
D 22:10:52.8815893 GameState.DebugPrintPower() -     TAG_CHANGE Entity=[entityName=黑市拍卖师 id=43 zone=HAND zonePos=5 cardId=JAIL_718 player=1] tag=UNPLAYABLE_VISUALS value=0 
D 22:10:52.8815893 GameState.DebugPrintPower() -     TAG_CHANGE Entity=[entityName=黑市拍卖师 id=43 zone=HAND zonePos=5 cardId=JAIL_718 player=1] tag=PREPARING value=0 
D 22:10:52.8815893 GameState.DebugPrintPower() - BLOCK_END
D 22:10:52.8815893 GameState.DebugPrintPower() - TAG_CHANGE Entity=GameEntity tag=STEP value=MAIN_CLEANUP 
D 22:10:52.8815893 GameState.DebugPrintPower() - BLOCK_START BlockType=TRIGGER Entity=湫然#51704 EffectCardId=System.Collections.Generic.List`1[System.String] EffectIndex=-1 Target=0 SubOption=-1 TriggerKeyword=TAG_NOT_SET
D 22:10:52.8815893 GameState.DebugPrintPower() -     TAG_CHANGE Entity=GameEntity tag=NEXT_STEP value=MAIN_NEXT 
D 22:10:52.8815893 GameState.DebugPrintPower() - BLOCK_END
D 22:10:52.8815893 GameState.DebugPrintPower() - BLOCK_START BlockType=TRIGGER Entity=加斯帕的礼物#5438 EffectCardId=System.Collections.Generic.List`1[System.String] EffectIndex=-1 Target=0 SubOption=-1 TriggerKeyword=TAG_NOT_SET
D 22:10:52.8815893 GameState.DebugPrintPower() - BLOCK_END
D 22:10:52.8815893 GameState.DebugPrintPower() - TAG_CHANGE Entity=GameEntity tag=STEP value=MAIN_NEXT 
D 22:10:52.8815893 GameState.DebugPrintPower() - BLOCK_START BlockType=TRIGGER Entity=GameEntity EffectCardId=System.Collections.Generic.List`1[System.String] EffectIndex=-1 Target=0 SubOption=-1 TriggerKeyword=TAG_NOT_SET
D 22:10:52.8815893 GameState.DebugPrintPower() -     TAG_CHANGE Entity=湫然#51704 tag=1292 value=0 
D 22:10:52.8815893 GameState.DebugPrintPower() -     TAG_CHANGE Entity=加斯帕的礼物#5438 tag=1292 value=1 
D 22:10:52.8815893 GameState.DebugPrintPower() -     TAG_CHANGE Entity=[entityName=水栖形态 id=10 zone=HAND zonePos=1 cardId=TSC_654 player=1] tag=NUM_TURNS_IN_HAND value=6 
D 22:10:52.8815893 GameState.DebugPrintPower() -     TAG_CHANGE Entity=[entityName=激活 id=26 zone=HAND zonePos=2 cardId=EX1_169 player=1] tag=NUM_TURNS_IN_HAND value=6 
D 22:10:52.8815893 GameState.DebugPrintPower() -     TAG_CHANGE Entity=[entityName=虚灵改装师 id=11 zone=HAND zonePos=3 cardId=BT_724 player=1] tag=NUM_TURNS_IN_HAND value=6 
D 22:10:52.8815893 GameState.DebugPrintPower() -     TAG_CHANGE Entity=[entityName=激活 id=4 zone=HAND zonePos=4 cardId=EX1_169 player=1] tag=NUM_TURNS_IN_HAND value=4 
D 22:10:52.8815893 GameState.DebugPrintPower() -     TAG_CHANGE Entity=[entityName=黑市拍卖师 id=43 zone=HAND zonePos=5 cardId=JAIL_718 player=1] tag=NUM_TURNS_IN_HAND value=4 
D 22:10:52.8815893 GameState.DebugPrintPower() -     TAG_CHANGE Entity=[entityName=光子炮台 id=35 zone=HAND zonePos=6 cardId=SC_753 player=1] tag=NUM_TURNS_IN_HAND value=2 
D 22:10:52.8815893 GameState.DebugPrintPower() -     TAG_CHANGE Entity=湫然#51704 tag=CURRENT_PLAYER value=0 
D 22:10:52.8815893 GameState.DebugPrintPower() -     TAG_CHANGE Entity=加斯帕的礼物#5438 tag=CURRENT_PLAYER value=1 
D 22:10:52.8815893 GameState.DebugPrintPower() -     TAG_CHANGE Entity=GameEntity tag=TURN value=6 
D 22:10:52.8815893 GameState.DebugPrintPower() -     TAG_CHANGE Entity=GameEntity tag=1882 value=5 
D 22:10:52.8815893 GameState.DebugPrintPower() -     TAG_CHANGE Entity=加斯帕的礼物#5438 tag=TURN value=3 
D 22:10:52.8815893 GameState.DebugPrintPower() -     TAG_CHANGE Entity=GameEntity tag=NEXT_STEP value=MAIN_READY 
D 22:10:52.8815893 GameState.DebugPrintPower() - BLOCK_END
D 22:10:52.8815893 GameState.DebugPrintPower() - TAG_CHANGE Entity=GameEntity tag=STEP value=MAIN_READY 
D 22:10:52.8815893 GameState.DebugPrintPower() - BLOCK_START BlockType=TRIGGER Entity=加斯帕的礼物#5438 EffectCardId=System.Collections.Generic.List`1[System.String] EffectIndex=-1 Target=0 SubOption=-1 TriggerKeyword=TAG_NOT_SET
D 22:10:52.8815893 GameState.DebugPrintPower() -     TAG_CHANGE Entity=GameEntity tag=NUM_TURNS_IN_PLAY value=6 
D 22:10:52.8815893 GameState.DebugPrintPower() -     TAG_CHANGE Entity=湫然#51704 tag=NUM_TURNS_IN_PLAY value=6 
D 22:10:52.8815893 GameState.DebugPrintPower() -     TAG_CHANGE Entity=加斯帕的礼物#5438 tag=NUM_TURNS_IN_PLAY value=6 
D 22:10:52.8815893 GameState.DebugPrintPower() -     TAG_CHANGE Entity=[entityName=嘲风望月露娜拉 id=90 zone=PLAY zonePos=0 cardId=HERO_06bi player=1] tag=NUM_TURNS_IN_PLAY value=6 
D 22:10:52.8815893 GameState.DebugPrintPower() -     TAG_CHANGE Entity=[entityName=变形 id=91 zone=PLAY zonePos=0 cardId=HERO_06ebp player=1] tag=NUM_TURNS_IN_PLAY value=6 
D 22:10:52.8815893 GameState.DebugPrintPower() -     TAG_CHANGE Entity=[entityName=胜地古神恩佐斯 id=92 zone=PLAY zonePos=0 cardId=HERO_07at player=2] tag=NUM_TURNS_IN_PLAY value=6 
D 22:10:52.8815893 GameState.DebugPrintPower() -     TAG_CHANGE Entity=[entityName=生命分流 id=93 zone=PLAY zonePos=0 cardId=HERO_07ebp player=2] tag=NUM_TURNS_IN_PLAY value=6 
D 22:10:52.8815893 GameState.DebugPrintPower() -     TAG_CHANGE Entity=[entityName=征战时光之末 id=49 zone=SECRET zonePos=0 cardId=END_017 player=2] tag=NUM_TURNS_IN_PLAY value=4 
D 22:10:52.8815893 GameState.DebugPrintPower() -     TAG_CHANGE Entity=加斯帕的礼物#5438 tag=RESOURCES value=3 
D 22:10:52.8815893 GameState.DebugPrintPower() -     TAG_CHANGE Entity=加斯帕的礼物#5438 tag=RESOURCES_USED value=0 
D 22:10:52.8815893 GameState.DebugPrintPower() -     TAG_CHANGE Entity=加斯帕的礼物#5438 tag=NUM_OPTIONS_PLAYED_THIS_TURN value=0 
D 22:10:52.8815893 GameState.DebugPrintPower() -     TAG_CHANGE Entity=[entityName=生命分流 id=93 zone=PLAY zonePos=0 cardId=HERO_07ebp player=2] tag=EXHAUSTED value=0 
D 22:10:52.8815893 GameState.DebugPrintPower() -     TAG_CHANGE Entity=[entityName=征战时光之末 id=49 zone=SECRET zonePos=0 cardId=END_017 player=2] tag=EXHAUSTED value=1 
D 22:10:52.8815893 GameState.DebugPrintPower() -     TAG_CHANGE Entity=湫然#51704 tag=NUM_CARDS_DRAWN_THIS_TURN value=0 
D 22:10:52.8815893 GameState.DebugPrintPower() -     TAG_CHANGE Entity=GameEntity tag=NEXT_STEP value=MAIN_START_TRIGGERS 
D 22:10:52.8815893 GameState.DebugPrintPower() -     TAG_CHANGE Entity=加斯帕的礼物#5438 tag=HEROPOWER_ACTIVATIONS_THIS_TURN value=0 
D 22:10:52.8815893 GameState.DebugPrintPower() -     TAG_CHANGE Entity=[entityName=生命分流 id=93 zone=PLAY zonePos=0 cardId=HERO_07ebp player=2] tag=HEROPOWER_ACTIVATIONS_THIS_TURN value=0 
D 22:10:52.8815893 GameState.DebugPrintPower() -     TAG_CHANGE Entity=加斯帕的礼物#5438 tag=1739 value=0 
D 22:10:52.8815893 GameState.DebugPrintPower() - BLOCK_END
D 22:10:52.8815893 GameState.DebugPrintPower() - TAG_CHANGE Entity=GameEntity tag=STEP value=MAIN_START_TRIGGERS 
D 22:10:52.8815893 GameState.DebugPrintPower() - BLOCK_START BlockType=TRIGGER Entity=加斯帕的礼物#5438 EffectCardId=System.Collections.Generic.List`1[System.String] EffectIndex=-1 Target=0 SubOption=-1 TriggerKeyword=TAG_NOT_SET
D 22:10:52.8815893 GameState.DebugPrintPower() -     TAG_CHANGE Entity=GameEntity tag=NEXT_STEP value=MAIN_START 
D 22:10:52.8815893 GameState.DebugPrintPower() - BLOCK_END
D 22:10:52.8815893 GameState.DebugPrintPower() - TAG_CHANGE Entity=GameEntity tag=STEP value=MAIN_START 
D 22:10:52.8815893 GameState.DebugPrintPower() - BLOCK_START BlockType=TRIGGER Entity=加斯帕的礼物#5438 EffectCardId=System.Collections.Generic.List`1[System.String] EffectIndex=-1 Target=0 SubOption=-1 TriggerKeyword=TAG_NOT_SET
D 22:10:52.8815893 GameState.DebugPrintPower() -     TAG_CHANGE Entity=加斯帕的礼物#5438 tag=2166 value=76 
D 22:10:52.8815893 GameState.DebugPrintPower() -     TAG_CHANGE Entity=加斯帕的礼物#5438 tag=467 value=1 
D 22:10:52.8815893 GameState.DebugPrintPower() -     TAG_CHANGE Entity=[entityName=UNKNOWN ENTITY [cardType=INVALID] id=76 zone=DECK zonePos=0 cardId= player=2] tag=ZONE value=HAND 
D 22:10:52.8815893 GameState.DebugPrintPower() -     TAG_CHANGE Entity=[entityName=UNKNOWN ENTITY [cardType=INVALID] id=76 zone=DECK zonePos=0 cardId= player=2] tag=ZONE_POSITION value=8 
D 22:10:52.8815893 GameState.DebugPrintPower() -     TAG_CHANGE Entity=[entityName=UNKNOWN ENTITY [cardType=INVALID] id=76 zone=DECK zonePos=0 cardId= player=2] tag=ZONE_POSITION value=0 
D 22:10:52.8815893 GameState.DebugPrintPower() -     TAG_CHANGE Entity=[entityName=UNKNOWN ENTITY [cardType=INVALID] id=76 zone=DECK zonePos=0 cardId= player=2] tag=ZONE_POSITION value=8 
D 22:10:52.8815893 GameState.DebugPrintPower() -     TAG_CHANGE Entity=加斯帕的礼物#5438 tag=3242 value=1 
D 22:10:52.8815893 GameState.DebugPrintPower() -     TAG_CHANGE Entity=加斯帕的礼物#5438 tag=NUM_CARDS_DRAWN_THIS_TURN value=1 
D 22:10:52.8815893 GameState.DebugPrintPower() -     TAG_CHANGE Entity=加斯帕的礼物#5438 tag=995 value=4 
D 22:10:52.8815893 GameState.DebugPrintPower() -     TAG_CHANGE Entity=加斯帕的礼物#5438 tag=467 value=0 
D 22:10:52.8815893 GameState.DebugPrintPower() -     TAG_CHANGE Entity=GameEntity tag=NEXT_STEP value=MAIN_ACTION 
D 22:10:52.8815893 GameState.DebugPrintPower() - BLOCK_END
D 22:10:52.8815893 GameState.DebugPrintPower() - TAG_CHANGE Entity=GameEntity tag=STEP value=MAIN_ACTION 
D 22:10:52.8815893 GameState.DebugPrintPower() - BLOCK_START BlockType=TRIGGER Entity=加斯帕的礼物#5438 EffectCardId=System.Collections.Generic.List`1[System.String] EffectIndex=-1 Target=0 SubOption=-1 TriggerKeyword=TAG_NOT_SET
D 22:10:52.8815893 GameState.DebugPrintPower() -     TAG_CHANGE Entity=GameEntity tag=NEXT_STEP value=MAIN_END 
D 22:10:52.8815893 GameState.DebugPrintPower() - BLOCK_END
D 22:10:52.8815893 PowerTaskList.DebugDump() - ID=117 ParentID=0 PreviousID=0 TaskCount=1
D 22:10:52.8815893 PowerTaskList.DebugDump() - Block Start=(null)
D 22:10:52.8815893 PowerTaskList.DebugPrintPower() -     TAG_CHANGE Entity=GameEntity tag=STEP value=MAIN_END 
D 22:10:52.8815893 PowerTaskList.DebugDump() - Block End=(null)
D 22:10:52.8815893 PowerProcessor.PrepareHistoryForCurrentTaskList() - m_currentTaskList=117
D 22:10:52.8815893 PowerProcessor.EndCurrentTaskList() - m_currentTaskList=117
D 22:10:52.8815893 PowerTaskList.DebugDump() - ID=118 ParentID=117 PreviousID=0 TaskCount=1
D 22:10:52.8815893 PowerTaskList.DebugPrintPower() - BLOCK_START BlockType=TRIGGER Entity=湫然#51704 EffectCardId=System.Collections.Generic.List`1[System.String] EffectIndex=-1 Target=0 SubOption=-1 TriggerKeyword=TAG_NOT_SET
D 22:10:52.8815893 PowerTaskList.DebugPrintPower() -     TAG_CHANGE Entity=GameEntity tag=NEXT_STEP value=MAIN_CLEANUP 
D 22:10:52.8815893 PowerTaskList.DebugPrintPower() - BLOCK_END
D 22:10:52.8815893 PowerProcessor.PrepareHistoryForCurrentTaskList() - m_currentTaskList=118
D 22:10:52.8815893 PowerProcessor.EndCurrentTaskList() - m_currentTaskList=118
D 22:10:52.8815893 PowerTaskList.DebugDump() - ID=119 ParentID=0 PreviousID=0 TaskCount=0
D 22:10:52.8815893 PowerTaskList.DebugPrintPower() - BLOCK_START BlockType=TRIGGER Entity=湫然#51704 EffectCardId=System.Collections.Generic.List`1[System.String] EffectIndex=-1 Target=0 SubOption=-1 TriggerKeyword=TAG_NOT_SET
D 22:10:52.8815893 PowerTaskList.DebugPrintPower() - BLOCK_END
D 22:10:52.8815893 PowerProcessor.PrepareHistoryForCurrentTaskList() - m_currentTaskList=119
D 22:10:52.8815893 PowerProcessor.EndCurrentTaskList() - m_currentTaskList=119
D 22:10:52.8815893 PowerTaskList.DebugDump() - ID=120 ParentID=0 PreviousID=0 TaskCount=0
D 22:10:52.8815893 PowerTaskList.DebugPrintPower() - BLOCK_START BlockType=TRIGGER Entity=加斯帕的礼物#5438 EffectCardId=System.Collections.Generic.List`1[System.String] EffectIndex=-1 Target=0 SubOption=-1 TriggerKeyword=TAG_NOT_SET
D 22:10:52.8815893 PowerTaskList.DebugPrintPower() - BLOCK_END
D 22:10:52.8815893 PowerProcessor.PrepareHistoryForCurrentTaskList() - m_currentTaskList=120
D 22:10:52.8815893 PowerProcessor.EndCurrentTaskList() - m_currentTaskList=120
D 22:10:52.8815893 PowerTaskList.DebugDump() - ID=121 ParentID=0 PreviousID=0 TaskCount=11
D 22:10:52.8815893 PowerTaskList.DebugPrintPower() - BLOCK_START BlockType=TRIGGER Entity=[entityName=正在预备 id=119 zone=PLAY zonePos=0 cardId=JAIL_907e02 player=1] EffectCardId=System.Collections.Generic.List`1[System.String] EffectIndex=2 Target=0 SubOption=-1 TriggerKeyword=TAG_NOT_SET
D 22:10:52.8815893 PowerTaskList.DebugPrintPower() -     TAG_CHANGE Entity=[entityName=正在预备 id=119 zone=PLAY zonePos=0 cardId=JAIL_907e02 player=1] tag=2747 value=119 
D 22:10:52.8815893 PowerTaskList.DebugPrintPower() -     TAG_CHANGE Entity=[entityName=正在预备 id=119 zone=PLAY zonePos=0 cardId=JAIL_907e02 player=1] tag=4741 value=1 
D 22:10:52.8815893 PowerTaskList.DebugPrintPower() -     TAG_CHANGE Entity=[entityName=正在预备 id=119 zone=PLAY zonePos=0 cardId=JAIL_907e02 player=1] tag=LAST_AFFECTED_BY value=119 
D 22:10:52.8815893 PowerTaskList.DebugPrintPower() -     TAG_CHANGE Entity=[entityName=正在预备 id=119 zone=PLAY zonePos=0 cardId=JAIL_907e02 player=1] tag=1068 value=4 
D 22:10:52.8815893 PowerTaskList.DebugPrintPower() -     TAG_CHANGE Entity=[entityName=正在预备 id=119 zone=PLAY zonePos=0 cardId=JAIL_907e02 player=1] tag=1068 value=0 
D 22:10:52.8815893 PowerTaskList.DebugPrintPower() -     TAG_CHANGE Entity=[entityName=正在预备 id=119 zone=PLAY zonePos=0 cardId=JAIL_907e02 player=1] tag=ZONE value=GRAVEYARD 
D 22:10:52.8815893 PowerTaskList.DebugPrintPower() -     TAG_CHANGE Entity=[entityName=正在预备 id=119 zone=PLAY zonePos=0 cardId=JAIL_907e02 player=1] tag=1234 value=43 
D 22:10:52.8815893 PowerTaskList.DebugPrintPower() -     HIDE_ENTITY - Entity=[entityName=正在预备 id=119 zone=PLAY zonePos=0 cardId=JAIL_907e02 player=1] tag=ZONE value=GRAVEYARD
D 22:10:52.8815893 PowerTaskList.DebugPrintPower() -     TAG_CHANGE Entity=[entityName=黑市拍卖师 id=43 zone=HAND zonePos=5 cardId=JAIL_718 player=1] tag=LITERALLY_UNPLAYABLE value=0 
D 22:10:52.8815893 PowerTaskList.DebugPrintPower() -     TAG_CHANGE Entity=[entityName=黑市拍卖师 id=43 zone=HAND zonePos=5 cardId=JAIL_718 player=1] tag=UNPLAYABLE_VISUALS value=0 
D 22:10:52.8815893 PowerTaskList.DebugPrintPower() -     TAG_CHANGE Entity=[entityName=黑市拍卖师 id=43 zone=HAND zonePos=5 cardId=JAIL_718 player=1] tag=PREPARING value=0 
D 22:10:52.8815893 PowerTaskList.DebugPrintPower() - BLOCK_END
D 22:10:52.8815893 PowerProcessor.PrepareHistoryForCurrentTaskList() - m_currentTaskList=121
D 22:10:52.8896090 PowerProcessor.EndCurrentTaskList() - m_currentTaskList=121
D 22:10:52.8956128 PowerTaskList.DebugDump() - ID=122 ParentID=0 PreviousID=0 TaskCount=1
D 22:10:52.8956128 PowerTaskList.DebugDump() - Block Start=(null)
D 22:10:52.8956128 PowerTaskList.DebugPrintPower() -     TAG_CHANGE Entity=GameEntity tag=STEP value=MAIN_CLEANUP 
D 22:10:52.8956128 PowerTaskList.DebugDump() - Block End=(null)
D 22:10:52.8956128 PowerProcessor.PrepareHistoryForCurrentTaskList() - m_currentTaskList=122
D 22:10:52.8956128 PowerProcessor.EndCurrentTaskList() - m_currentTaskList=122
D 22:10:52.8956128 PowerTaskList.DebugDump() - ID=123 ParentID=0 PreviousID=0 TaskCount=1
D 22:10:52.8956128 PowerTaskList.DebugPrintPower() - BLOCK_START BlockType=TRIGGER Entity=湫然#51704 EffectCardId=System.Collections.Generic.List`1[System.String] EffectIndex=-1 Target=0 SubOption=-1 TriggerKeyword=TAG_NOT_SET
D 22:10:52.8956128 PowerTaskList.DebugPrintPower() -     TAG_CHANGE Entity=GameEntity tag=NEXT_STEP value=MAIN_NEXT 
D 22:10:52.8956128 PowerTaskList.DebugPrintPower() - BLOCK_END
D 22:10:52.8956128 PowerProcessor.PrepareHistoryForCurrentTaskList() - m_currentTaskList=123
D 22:10:52.8956128 PowerProcessor.EndCurrentTaskList() - m_currentTaskList=123
D 22:10:52.8956128 PowerTaskList.DebugDump() - ID=124 ParentID=0 PreviousID=0 TaskCount=0
D 22:10:52.8956128 PowerTaskList.DebugPrintPower() - BLOCK_START BlockType=TRIGGER Entity=加斯帕的礼物#5438 EffectCardId=System.Collections.Generic.List`1[System.String] EffectIndex=-1 Target=0 SubOption=-1 TriggerKeyword=TAG_NOT_SET
D 22:10:52.8956128 PowerTaskList.DebugPrintPower() - BLOCK_END
D 22:10:52.8956128 PowerProcessor.PrepareHistoryForCurrentTaskList() - m_currentTaskList=124
D 22:10:52.8956128 PowerProcessor.EndCurrentTaskList() - m_currentTaskList=124
D 22:10:52.8956128 PowerTaskList.DebugDump() - ID=125 ParentID=0 PreviousID=0 TaskCount=1
D 22:10:52.8956128 PowerTaskList.DebugDump() - Block Start=(null)
D 22:10:52.8956128 PowerTaskList.DebugPrintPower() -     TAG_CHANGE Entity=GameEntity tag=STEP value=MAIN_NEXT 
D 22:10:52.8956128 PowerTaskList.DebugDump() - Block End=(null)
D 22:10:52.8956128 PowerProcessor.PrepareHistoryForCurrentTaskList() - m_currentTaskList=125
D 22:10:52.8956128 PowerProcessor.EndCurrentTaskList() - m_currentTaskList=125
D 22:10:52.8956128 PowerTaskList.DebugDump() - ID=126 ParentID=0 PreviousID=0 TaskCount=14
D 22:10:52.8956128 PowerTaskList.DebugPrintPower() - BLOCK_START BlockType=TRIGGER Entity=GameEntity EffectCardId=System.Collections.Generic.List`1[System.String] EffectIndex=-1 Target=0 SubOption=-1 TriggerKeyword=TAG_NOT_SET
D 22:10:52.8956128 PowerTaskList.DebugPrintPower() -     TAG_CHANGE Entity=湫然#51704 tag=1292 value=0 
D 22:10:52.8956128 PowerTaskList.DebugPrintPower() -     TAG_CHANGE Entity=加斯帕的礼物#5438 tag=1292 value=1 
D 22:10:52.8956128 PowerTaskList.DebugPrintPower() -     TAG_CHANGE Entity=[entityName=水栖形态 id=10 zone=HAND zonePos=1 cardId=TSC_654 player=1] tag=NUM_TURNS_IN_HAND value=6 
D 22:10:52.8956128 PowerTaskList.DebugPrintPower() -     TAG_CHANGE Entity=[entityName=激活 id=26 zone=HAND zonePos=2 cardId=EX1_169 player=1] tag=NUM_TURNS_IN_HAND value=6 
D 22:10:52.8956128 PowerTaskList.DebugPrintPower() -     TAG_CHANGE Entity=[entityName=虚灵改装师 id=11 zone=HAND zonePos=3 cardId=BT_724 player=1] tag=NUM_TURNS_IN_HAND value=6 
D 22:10:52.8956128 PowerTaskList.DebugPrintPower() -     TAG_CHANGE Entity=[entityName=激活 id=4 zone=HAND zonePos=4 cardId=EX1_169 player=1] tag=NUM_TURNS_IN_HAND value=4 
D 22:10:52.8956128 PowerTaskList.DebugPrintPower() -     TAG_CHANGE Entity=[entityName=黑市拍卖师 id=43 zone=HAND zonePos=5 cardId=JAIL_718 player=1] tag=NUM_TURNS_IN_HAND value=4 
D 22:10:52.8956128 PowerTaskList.DebugPrintPower() -     TAG_CHANGE Entity=[entityName=光子炮台 id=35 zone=HAND zonePos=6 cardId=SC_753 player=1] tag=NUM_TURNS_IN_HAND value=2 
D 22:10:52.8956128 PowerTaskList.DebugPrintPower() -     TAG_CHANGE Entity=湫然#51704 tag=CURRENT_PLAYER value=0 
D 22:10:52.8956128 PowerTaskList.DebugPrintPower() -     TAG_CHANGE Entity=加斯帕的礼物#5438 tag=CURRENT_PLAYER value=1 
D 22:10:52.8956128 PowerTaskList.DebugPrintPower() -     TAG_CHANGE Entity=GameEntity tag=TURN value=6 
D 22:10:52.8956128 PowerTaskList.DebugPrintPower() -     TAG_CHANGE Entity=GameEntity tag=1882 value=5 
D 22:10:52.8956128 PowerTaskList.DebugPrintPower() -     TAG_CHANGE Entity=加斯帕的礼物#5438 tag=TURN value=3 
D 22:10:52.8956128 PowerTaskList.DebugPrintPower() -     TAG_CHANGE Entity=GameEntity tag=NEXT_STEP value=MAIN_READY 
D 22:10:52.8956128 PowerTaskList.DebugPrintPower() - BLOCK_END
D 22:10:52.8956128 PowerProcessor.PrepareHistoryForCurrentTaskList() - m_currentTaskList=126
D 22:10:52.8956128 PowerProcessor.EndCurrentTaskList() - m_currentTaskList=126
D 22:10:52.8956128 PowerTaskList.DebugDump() - ID=127 ParentID=0 PreviousID=0 TaskCount=1
D 22:10:52.8956128 PowerTaskList.DebugDump() - Block Start=(null)
D 22:10:52.8956128 PowerTaskList.DebugPrintPower() -     TAG_CHANGE Entity=GameEntity tag=STEP value=MAIN_READY 
D 22:10:52.8956128 PowerTaskList.DebugDump() - Block End=(null)
D 22:10:52.8956128 PowerProcessor.PrepareHistoryForCurrentTaskList() - m_currentTaskList=127
D 22:10:52.8956128 PowerProcessor.EndCurrentTaskList() - m_currentTaskList=127
D 22:10:52.8956128 PowerTaskList.DebugDump() - ID=128 ParentID=0 PreviousID=0 TaskCount=18
D 22:10:52.8956128 PowerTaskList.DebugPrintPower() - BLOCK_START BlockType=TRIGGER Entity=加斯帕的礼物#5438 EffectCardId=System.Collections.Generic.List`1[System.String] EffectIndex=-1 Target=0 SubOption=-1 TriggerKeyword=TAG_NOT_SET
D 22:10:52.8956128 PowerTaskList.DebugPrintPower() -     TAG_CHANGE Entity=GameEntity tag=NUM_TURNS_IN_PLAY value=6 
D 22:10:52.8956128 PowerTaskList.DebugPrintPower() -     TAG_CHANGE Entity=湫然#51704 tag=NUM_TURNS_IN_PLAY value=6 
D 22:10:52.8956128 PowerTaskList.DebugPrintPower() -     TAG_CHANGE Entity=加斯帕的礼物#5438 tag=NUM_TURNS_IN_PLAY value=6 
D 22:10:52.8956128 PowerTaskList.DebugPrintPower() -     TAG_CHANGE Entity=[entityName=嘲风望月露娜拉 id=90 zone=PLAY zonePos=0 cardId=HERO_06bi player=1] tag=NUM_TURNS_IN_PLAY value=6 
D 22:10:52.8956128 PowerTaskList.DebugPrintPower() -     TAG_CHANGE Entity=[entityName=变形 id=91 zone=PLAY zonePos=0 cardId=HERO_06ebp player=1] tag=NUM_TURNS_IN_PLAY value=6 
D 22:10:52.8956128 PowerTaskList.DebugPrintPower() -     TAG_CHANGE Entity=[entityName=胜地古神恩佐斯 id=92 zone=PLAY zonePos=0 cardId=HERO_07at player=2] tag=NUM_TURNS_IN_PLAY value=6 
D 22:10:52.8956128 PowerTaskList.DebugPrintPower() -     TAG_CHANGE Entity=[entityName=生命分流 id=93 zone=PLAY zonePos=0 cardId=HERO_07ebp player=2] tag=NUM_TURNS_IN_PLAY value=6 
D 22:10:52.8956128 PowerTaskList.DebugPrintPower() -     TAG_CHANGE Entity=[entityName=征战时光之末 id=49 zone=SECRET zonePos=0 cardId=END_017 player=2] tag=NUM_TURNS_IN_PLAY value=4 
D 22:10:52.8956128 PowerTaskList.DebugPrintPower() -     TAG_CHANGE Entity=加斯帕的礼物#5438 tag=RESOURCES value=3 
D 22:10:52.8956128 PowerTaskList.DebugPrintPower() -     TAG_CHANGE Entity=加斯帕的礼物#5438 tag=RESOURCES_USED value=0 
D 22:10:52.8956128 PowerTaskList.DebugPrintPower() -     TAG_CHANGE Entity=加斯帕的礼物#5438 tag=NUM_OPTIONS_PLAYED_THIS_TURN value=0 
D 22:10:52.8956128 PowerTaskList.DebugPrintPower() -     TAG_CHANGE Entity=[entityName=生命分流 id=93 zone=PLAY zonePos=0 cardId=HERO_07ebp player=2] tag=EXHAUSTED value=0 
D 22:10:52.8956128 PowerTaskList.DebugPrintPower() -     TAG_CHANGE Entity=[entityName=征战时光之末 id=49 zone=SECRET zonePos=0 cardId=END_017 player=2] tag=EXHAUSTED value=1 
D 22:10:52.8956128 PowerTaskList.DebugPrintPower() -     TAG_CHANGE Entity=湫然#51704 tag=NUM_CARDS_DRAWN_THIS_TURN value=0 
D 22:10:52.8956128 PowerTaskList.DebugPrintPower() -     TAG_CHANGE Entity=GameEntity tag=NEXT_STEP value=MAIN_START_TRIGGERS 
D 22:10:52.8956128 PowerTaskList.DebugPrintPower() -     TAG_CHANGE Entity=加斯帕的礼物#5438 tag=HEROPOWER_ACTIVATIONS_THIS_TURN value=0 
D 22:10:52.8956128 PowerTaskList.DebugPrintPower() -     TAG_CHANGE Entity=[entityName=生命分流 id=93 zone=PLAY zonePos=0 cardId=HERO_07ebp player=2] tag=HEROPOWER_ACTIVATIONS_THIS_TURN value=0 
D 22:10:52.8956128 PowerTaskList.DebugPrintPower() -     TAG_CHANGE Entity=加斯帕的礼物#5438 tag=1739 value=0 
D 22:10:52.8956128 PowerTaskList.DebugPrintPower() - BLOCK_END
D 22:10:52.8956128 PowerProcessor.PrepareHistoryForCurrentTaskList() - m_currentTaskList=128
D 22:10:52.8956128 PowerProcessor.EndCurrentTaskList() - m_currentTaskList=128
D 22:10:52.8956128 PowerTaskList.DebugDump() - ID=129 ParentID=0 PreviousID=0 TaskCount=1
D 22:10:52.8956128 PowerTaskList.DebugDump() - Block Start=(null)
D 22:10:52.8956128 PowerTaskList.DebugPrintPower() -     TAG_CHANGE Entity=GameEntity tag=STEP value=MAIN_START_TRIGGERS 
D 22:10:52.8956128 PowerTaskList.DebugDump() - Block End=(null)
D 22:10:52.8956128 PowerProcessor.PrepareHistoryForCurrentTaskList() - m_currentTaskList=129
D 22:10:52.8956128 PowerProcessor.EndCurrentTaskList() - m_currentTaskList=129
D 22:10:52.8956128 PowerTaskList.DebugDump() - ID=130 ParentID=0 PreviousID=0 TaskCount=1
D 22:10:52.8956128 PowerTaskList.DebugPrintPower() - BLOCK_START BlockType=TRIGGER Entity=加斯帕的礼物#5438 EffectCardId=System.Collections.Generic.List`1[System.String] EffectIndex=-1 Target=0 SubOption=-1 TriggerKeyword=TAG_NOT_SET
D 22:10:52.8956128 PowerTaskList.DebugPrintPower() -     TAG_CHANGE Entity=GameEntity tag=NEXT_STEP value=MAIN_START 
D 22:10:52.8956128 PowerTaskList.DebugPrintPower() - BLOCK_END
D 22:10:52.8956128 PowerProcessor.PrepareHistoryForCurrentTaskList() - m_currentTaskList=130
D 22:10:52.8956128 PowerProcessor.EndCurrentTaskList() - m_currentTaskList=130
D 22:10:52.8956128 PowerTaskList.DebugDump() - ID=131 ParentID=0 PreviousID=0 TaskCount=1
D 22:10:52.8956128 PowerTaskList.DebugDump() - Block Start=(null)
D 22:10:52.8956128 PowerTaskList.DebugPrintPower() -     TAG_CHANGE Entity=GameEntity tag=STEP value=MAIN_START 
D 22:10:52.8956128 PowerTaskList.DebugDump() - Block End=(null)
D 22:10:52.8956128 PowerProcessor.PrepareHistoryForCurrentTaskList() - m_currentTaskList=131
D 22:10:52.8956128 PowerProcessor.EndCurrentTaskList() - m_currentTaskList=131
D 22:10:52.8956128 PowerTaskList.DebugDump() - ID=132 ParentID=0 PreviousID=0 TaskCount=11
D 22:10:52.8956128 PowerTaskList.DebugPrintPower() - BLOCK_START BlockType=TRIGGER Entity=加斯帕的礼物#5438 EffectCardId=System.Collections.Generic.List`1[System.String] EffectIndex=-1 Target=0 SubOption=-1 TriggerKeyword=TAG_NOT_SET
D 22:10:52.8956128 PowerTaskList.DebugPrintPower() -     TAG_CHANGE Entity=加斯帕的礼物#5438 tag=2166 value=76 
D 22:10:52.8956128 PowerTaskList.DebugPrintPower() -     TAG_CHANGE Entity=加斯帕的礼物#5438 tag=467 value=1 
D 22:10:52.8956128 PowerTaskList.DebugPrintPower() -     TAG_CHANGE Entity=[entityName=UNKNOWN ENTITY [cardType=INVALID] id=76 zone=DECK zonePos=0 cardId= player=2] tag=ZONE value=HAND 
D 22:10:52.8956128 PowerTaskList.DebugPrintPower() -     TAG_CHANGE Entity=[entityName=UNKNOWN ENTITY [cardType=INVALID] id=76 zone=DECK zonePos=0 cardId= player=2] tag=ZONE_POSITION value=8 
D 22:10:52.8956128 PowerTaskList.DebugPrintPower() -     TAG_CHANGE Entity=[entityName=UNKNOWN ENTITY [cardType=INVALID] id=76 zone=DECK zonePos=0 cardId= player=2] tag=ZONE_POSITION value=0 
D 22:10:52.8956128 PowerTaskList.DebugPrintPower() -     TAG_CHANGE Entity=[entityName=UNKNOWN ENTITY [cardType=INVALID] id=76 zone=DECK zonePos=0 cardId= player=2] tag=ZONE_POSITION value=8 
D 22:10:52.8956128 PowerTaskList.DebugPrintPower() -     TAG_CHANGE Entity=加斯帕的礼物#5438 tag=3242 value=1 
D 22:10:52.8956128 PowerTaskList.DebugPrintPower() -     TAG_CHANGE Entity=加斯帕的礼物#5438 tag=NUM_CARDS_DRAWN_THIS_TURN value=1 
D 22:10:52.8956128 PowerTaskList.DebugPrintPower() -     TAG_CHANGE Entity=加斯帕的礼物#5438 tag=995 value=4 
D 22:10:52.8956128 PowerTaskList.DebugPrintPower() -     TAG_CHANGE Entity=加斯帕的礼物#5438 tag=467 value=0 
D 22:10:52.8956128 PowerTaskList.DebugPrintPower() -     TAG_CHANGE Entity=GameEntity tag=NEXT_STEP value=MAIN_ACTION 
D 22:10:52.8956128 PowerTaskList.DebugPrintPower() - BLOCK_END
D 22:10:52.8956128 PowerProcessor.PrepareHistoryForCurrentTaskList() - m_currentTaskList=132
D 22:10:54.4235587 PowerProcessor.EndCurrentTaskList() - m_currentTaskList=132
D 22:10:54.4296114 PowerTaskList.DebugDump() - ID=133 ParentID=0 PreviousID=0 TaskCount=1
D 22:10:54.4296114 PowerTaskList.DebugDump() - Block Start=(null)
D 22:10:54.4296114 PowerTaskList.DebugPrintPower() -     TAG_CHANGE Entity=GameEntity tag=STEP value=MAIN_ACTION 
D 22:10:54.4296114 PowerTaskList.DebugDump() - Block End=(null)
D 22:10:54.4296114 PowerProcessor.PrepareHistoryForCurrentTaskList() - m_currentTaskList=133
D 22:10:54.4296114 PowerProcessor.EndCurrentTaskList() - m_currentTaskList=133
D 22:10:54.4296114 PowerTaskList.DebugDump() - ID=134 ParentID=0 PreviousID=0 TaskCount=1
D 22:10:54.4296114 PowerTaskList.DebugPrintPower() - BLOCK_START BlockType=TRIGGER Entity=加斯帕的礼物#5438 EffectCardId=System.Collections.Generic.List`1[System.String] EffectIndex=-1 Target=0 SubOption=-1 TriggerKeyword=TAG_NOT_SET
D 22:10:54.4296114 PowerTaskList.DebugPrintPower() -     TAG_CHANGE Entity=GameEntity tag=NEXT_STEP value=MAIN_END 
D 22:10:54.4296114 PowerTaskList.DebugPrintPower() - BLOCK_END
D 22:10:54.4296114 PowerProcessor.PrepareHistoryForCurrentTaskList() - m_currentTaskList=134
D 22:10:54.4296114 PowerProcessor.EndCurrentTaskList() - m_currentTaskList=134
D 22:11:00.5627570 GameState.DebugPrintPowerList() - Count=17
D 22:11:00.5627570 GameState.DebugPrintPower() - BLOCK_START BlockType=PLAY Entity=[entityName=UNKNOWN ENTITY [cardType=INVALID] id=66 zone=HAND zonePos=5 cardId= player=2] EffectCardId=System.Collections.Generic.List`1[System.String] EffectIndex=0 Target=0 SubOption=-1 
D 22:11:00.5627570 GameState.DebugPrintPower() -     TAG_CHANGE Entity=加斯帕的礼物#5438 tag=NUM_CARDS_PLAYED_THIS_TURN value=1 
D 22:11:00.5627570 GameState.DebugPrintPower() -     TAG_CHANGE Entity=加斯帕的礼物#5438 tag=430 value=1 
D 22:11:00.5627570 GameState.DebugPrintPower() -     TAG_CHANGE Entity=[entityName=UNKNOWN ENTITY [cardType=INVALID] id=76 zone=HAND zonePos=8 cardId= player=2] tag=ZONE_POSITION value=7 
D 22:11:00.5627570 GameState.DebugPrintPower() -     TAG_CHANGE Entity=[entityName=UNKNOWN ENTITY [cardType=INVALID] id=79 zone=HAND zonePos=7 cardId= player=2] tag=ZONE_POSITION value=6 
D 22:11:00.5627570 GameState.DebugPrintPower() -     TAG_CHANGE Entity=[entityName=UNKNOWN ENTITY [cardType=INVALID] id=61 zone=HAND zonePos=6 cardId= player=2] tag=ZONE_POSITION value=5 
D 22:11:00.5627570 GameState.DebugPrintPower() -     TAG_CHANGE Entity=[entityName=UNKNOWN ENTITY [cardType=INVALID] id=66 zone=HAND zonePos=5 cardId= player=2] tag=ZONE_POSITION value=0 
D 22:11:00.5627570 GameState.DebugPrintPower() -     SHOW_ENTITY - Updating Entity=[entityName=UNKNOWN ENTITY [cardType=INVALID] id=66 zone=HAND zonePos=5 cardId= player=2] CardID=TLC_451
D 22:11:00.5627570 GameState.DebugPrintPower() -         tag=CONTROLLER value=2
D 22:11:00.5627570 GameState.DebugPrintPower() -         tag=CARDTYPE value=SPELL
D 22:11:00.5627570 GameState.DebugPrintPower() -         tag=ZONE value=PLAY
D 22:11:00.5627570 GameState.DebugPrintPower() -         tag=ENTITY_ID value=66
D 22:11:00.5627570 GameState.DebugPrintPower() -         tag=CLASS value=WARLOCK
D 22:11:00.5627570 GameState.DebugPrintPower() -         tag=RARITY value=EPIC
D 22:11:00.5627570 GameState.DebugPrintPower() -         tag=JUST_PLAYED value=1
D 22:11:00.5627570 GameState.DebugPrintPower() -         tag=ZONE_POSITION value=0
D 22:11:00.5627570 GameState.DebugPrintPower() -         tag=NUM_TURNS_IN_HAND value=5
D 22:11:00.5627570 GameState.DebugPrintPower() -         tag=DISCOVER value=1
D 22:11:00.5627570 GameState.DebugPrintPower() -         tag=478 value=2
D 22:11:00.5627570 GameState.DebugPrintPower() -         tag=1037 value=0
D 22:11:00.5627570 GameState.DebugPrintPower() -         tag=1043 value=1
D 22:11:00.5627570 GameState.DebugPrintPower() -         tag=1068 value=0
D 22:11:00.5627570 GameState.DebugPrintPower() -         tag=USE_DISCOVER_VISUALS value=1
D 22:11:00.5627570 GameState.DebugPrintPower() -         tag=SPAWN_TIME_COUNT value=1
D 22:11:00.5627570 GameState.DebugPrintPower() -         tag=1570 value=2
D 22:11:00.5627570 GameState.DebugPrintPower() -         tag=SPELL_SCHOOL value=7
D 22:11:00.5627570 GameState.DebugPrintPower() -         tag=3557 value=5
D 22:11:00.5627570 GameState.DebugPrintPower() -     META_DATA - Meta=SLUSH_TIME Data=3000 InfoCount=1
D 22:11:00.5627570 GameState.DebugPrintPower() -                 Info[0] = [entityName=UNKNOWN ENTITY [cardType=INVALID] id=66 zone=HAND zonePos=5 cardId= player=2]
D 22:11:00.5627570 GameState.DebugPrintPower() -     TAG_CHANGE Entity=加斯帕的礼物#5438 tag=NUM_SPELLS_PLAYED_THIS_GAME value=2 
D 22:11:00.5627570 GameState.DebugPrintPower() -     BLOCK_START BlockType=POWER Entity=[entityName=UNKNOWN ENTITY [cardType=INVALID] id=66 zone=HAND zonePos=5 cardId= player=2] EffectCardId=System.Collections.Generic.List`1[System.String] EffectIndex=0 Target=0 SubOption=-1 
D 22:11:00.5627570 GameState.DebugPrintPower() -         META_DATA - Meta=EFFECT_TIMING Data=0 InfoCount=1
D 22:11:00.5627570 GameState.DebugPrintPower() -                     Info[0] = [entityName=UNKNOWN ENTITY [cardType=INVALID] id=66 zone=HAND zonePos=5 cardId= player=2]
D 22:11:00.5627570 GameState.DebugPrintPower() -         META_DATA - Meta=SLUSH_TIME Data=7000 InfoCount=1
D 22:11:00.5627570 GameState.DebugPrintPower() -                     Info[0] = [entityName=UNKNOWN ENTITY [cardType=INVALID] id=66 zone=HAND zonePos=5 cardId= player=2]
D 22:11:00.5627570 GameState.DebugPrintPower() -         META_DATA - Meta=OVERRIDE_HISTORY Data=0 InfoCount=1
D 22:11:00.5627570 GameState.DebugPrintPower() -                     Info[0] = [entityName=UNKNOWN ENTITY [cardType=INVALID] id=66 zone=HAND zonePos=5 cardId= player=2]
D 22:11:00.5627570 GameState.DebugPrintPower() -         FULL_ENTITY - Creating ID=122 CardID=
D 22:11:00.5627570 GameState.DebugPrintPower() -             tag=ZONE value=SETASIDE
D 22:11:00.5627570 GameState.DebugPrintPower() -             tag=CONTROLLER value=2
D 22:11:00.5627570 GameState.DebugPrintPower() -             tag=ENTITY_ID value=122
D 22:11:00.5627570 GameState.DebugPrintPower() -         FULL_ENTITY - Creating ID=123 CardID=
D 22:11:00.5627570 GameState.DebugPrintPower() -             tag=ZONE value=SETASIDE
D 22:11:00.5627570 GameState.DebugPrintPower() -             tag=CONTROLLER value=2
D 22:11:00.5627570 GameState.DebugPrintPower() -             tag=ENTITY_ID value=123
D 22:11:00.5627570 GameState.DebugPrintPower() -         FULL_ENTITY - Creating ID=124 CardID=
D 22:11:00.5627570 GameState.DebugPrintPower() -             tag=ZONE value=SETASIDE
D 22:11:00.5627570 GameState.DebugPrintPower() -             tag=CONTROLLER value=2
D 22:11:00.5627570 GameState.DebugPrintPower() -             tag=ENTITY_ID value=124
D 22:11:00.5627570 PowerTaskList.DebugDump() - ID=135 ParentID=0 PreviousID=0 TaskCount=9
D 22:11:00.5627570 PowerTaskList.DebugPrintPower() - BLOCK_START BlockType=PLAY Entity=[entityName=UNKNOWN ENTITY [cardType=INVALID] id=66 zone=HAND zonePos=5 cardId= player=2] EffectCardId=System.Collections.Generic.List`1[System.String] EffectIndex=0 Target=0 SubOption=-1 
D 22:11:00.5627570 PowerTaskList.DebugPrintPower() -     TAG_CHANGE Entity=加斯帕的礼物#5438 tag=NUM_CARDS_PLAYED_THIS_TURN value=1 
D 22:11:00.5627570 PowerTaskList.DebugPrintPower() -     TAG_CHANGE Entity=加斯帕的礼物#5438 tag=430 value=1 
D 22:11:00.5627570 PowerTaskList.DebugPrintPower() -     TAG_CHANGE Entity=[entityName=UNKNOWN ENTITY [cardType=INVALID] id=76 zone=HAND zonePos=8 cardId= player=2] tag=ZONE_POSITION value=7 
D 22:11:00.5627570 PowerTaskList.DebugPrintPower() -     TAG_CHANGE Entity=[entityName=UNKNOWN ENTITY [cardType=INVALID] id=79 zone=HAND zonePos=7 cardId= player=2] tag=ZONE_POSITION value=6 
D 22:11:00.5627570 PowerTaskList.DebugPrintPower() -     TAG_CHANGE Entity=[entityName=UNKNOWN ENTITY [cardType=INVALID] id=61 zone=HAND zonePos=6 cardId= player=2] tag=ZONE_POSITION value=5 
D 22:11:00.5627570 PowerTaskList.DebugPrintPower() -     TAG_CHANGE Entity=[entityName=UNKNOWN ENTITY [cardType=INVALID] id=66 zone=HAND zonePos=5 cardId= player=2] tag=ZONE_POSITION value=0 
D 22:11:00.5627570 PowerTaskList.DebugPrintPower() -     SHOW_ENTITY - Updating Entity=[entityName=UNKNOWN ENTITY [cardType=INVALID] id=66 zone=HAND zonePos=5 cardId= player=2] CardID=TLC_451
D 22:11:00.5627570 PowerTaskList.DebugPrintPower() -         tag=CONTROLLER value=2
D 22:11:00.5627570 PowerTaskList.DebugPrintPower() -         tag=CARDTYPE value=SPELL
D 22:11:00.5627570 PowerTaskList.DebugPrintPower() -         tag=ZONE value=PLAY
D 22:11:00.5627570 PowerTaskList.DebugPrintPower() -         tag=ENTITY_ID value=66
D 22:11:00.5627570 PowerTaskList.DebugPrintPower() -         tag=CLASS value=WARLOCK
D 22:11:00.5627570 PowerTaskList.DebugPrintPower() -         tag=RARITY value=EPIC
D 22:11:00.5627570 PowerTaskList.DebugPrintPower() -         tag=JUST_PLAYED value=1
D 22:11:00.5627570 PowerTaskList.DebugPrintPower() -         tag=ZONE_POSITION value=0
D 22:11:00.5627570 PowerTaskList.DebugPrintPower() -         tag=NUM_TURNS_IN_HAND value=5
D 22:11:00.5627570 PowerTaskList.DebugPrintPower() -         tag=DISCOVER value=1
D 22:11:00.5627570 PowerTaskList.DebugPrintPower() -         tag=478 value=2
D 22:11:00.5627570 PowerTaskList.DebugPrintPower() -         tag=1037 value=0
D 22:11:00.5627570 PowerTaskList.DebugPrintPower() -         tag=1043 value=1
D 22:11:00.5627570 PowerTaskList.DebugPrintPower() -         tag=1068 value=0
D 22:11:00.5627570 PowerTaskList.DebugPrintPower() -         tag=USE_DISCOVER_VISUALS value=1
D 22:11:00.5627570 PowerTaskList.DebugPrintPower() -         tag=SPAWN_TIME_COUNT value=1
D 22:11:00.5627570 PowerTaskList.DebugPrintPower() -         tag=1570 value=2
D 22:11:00.5627570 PowerTaskList.DebugPrintPower() -         tag=SPELL_SCHOOL value=7
D 22:11:00.5627570 PowerTaskList.DebugPrintPower() -         tag=3557 value=5
D 22:11:00.5627570 PowerTaskList.DebugPrintPower() -     META_DATA - Meta=SLUSH_TIME Data=3000 InfoCount=1
D 22:11:00.5627570 PowerTaskList.DebugPrintPower() -                 Info[0] = [entityName=UNKNOWN ENTITY [cardType=INVALID] id=66 zone=HAND zonePos=5 cardId= player=2]
D 22:11:00.5627570 PowerTaskList.DebugPrintPower() -     TAG_CHANGE Entity=加斯帕的礼物#5438 tag=NUM_SPELLS_PLAYED_THIS_GAME value=2 
D 22:11:00.5627570 PowerTaskList.DebugDump() - Block End=(null)
D 22:11:00.5627570 PowerProcessor.PrepareHistoryForCurrentTaskList() - m_currentTaskList=135
D 22:11:00.5627570 PowerProcessor.DoTaskListForCard() - unhandled BlockType PLAY for sourceEntity [entityName=UNKNOWN ENTITY [cardType=INVALID] id=66 zone=HAND zonePos=5 cardId= player=2]
D 22:11:00.6465236 GameState.DebugPrintEntityChoices() - id=4 Player=加斯帕的礼物#5438 TaskList=136 ChoiceType=GENERAL CountMin=1 CountMax=1
D 22:11:00.6465236 GameState.DebugPrintEntityChoices() -   Source=[entityName=咒怨之墓 id=66 zone=PLAY zonePos=0 cardId=TLC_451 player=2]
D 22:11:00.6465236 GameState.DebugPrintEntityChoices() -   Entities[0]=[entityName=UNKNOWN ENTITY [cardType=INVALID] id=124 zone=SETASIDE zonePos=0 cardId= player=2]
D 22:11:00.6465236 GameState.DebugPrintEntityChoices() -   Entities[1]=[entityName=UNKNOWN ENTITY [cardType=INVALID] id=122 zone=SETASIDE zonePos=0 cardId= player=2]
D 22:11:00.6465236 GameState.DebugPrintEntityChoices() -   Entities[2]=[entityName=UNKNOWN ENTITY [cardType=INVALID] id=123 zone=SETASIDE zonePos=0 cardId= player=2]
D 22:11:00.6465236 ChoiceCardMgr.WaitThenShowChoices() - id=4 WAIT for taskList 136
D 22:11:01.8615035 PowerProcessor.EndCurrentTaskList() - m_currentTaskList=135
D 22:11:01.8686463 PowerTaskList.DebugDump() - ID=136 ParentID=135 PreviousID=0 TaskCount=6
D 22:11:01.8686463 PowerTaskList.DebugPrintPower() - BLOCK_START BlockType=POWER Entity=[entityName=咒怨之墓 id=66 zone=PLAY zonePos=0 cardId=TLC_451 player=2] EffectCardId=System.Collections.Generic.List`1[System.String] EffectIndex=0 Target=0 SubOption=-1 
D 22:11:01.8686463 PowerTaskList.DebugPrintPower() -     META_DATA - Meta=EFFECT_TIMING Data=0 InfoCount=1
D 22:11:01.8686463 PowerTaskList.DebugPrintPower() -                 Info[0] = [entityName=咒怨之墓 id=66 zone=PLAY zonePos=0 cardId=TLC_451 player=2]
D 22:11:01.8686463 PowerTaskList.DebugPrintPower() -     META_DATA - Meta=SLUSH_TIME Data=7000 InfoCount=1
D 22:11:01.8686463 PowerTaskList.DebugPrintPower() -                 Info[0] = [entityName=咒怨之墓 id=66 zone=PLAY zonePos=0 cardId=TLC_451 player=2]
D 22:11:01.8686463 PowerTaskList.DebugPrintPower() -     META_DATA - Meta=OVERRIDE_HISTORY Data=0 InfoCount=1
D 22:11:01.8686463 PowerTaskList.DebugPrintPower() -                 Info[0] = [entityName=咒怨之墓 id=66 zone=PLAY zonePos=0 cardId=TLC_451 player=2]
D 22:11:01.8686463 PowerTaskList.DebugPrintPower() -     FULL_ENTITY - Updating [entityName=UNKNOWN ENTITY [cardType=INVALID] id=122 zone=SETASIDE zonePos=0 cardId= player=2] CardID=
D 22:11:01.8686463 PowerTaskList.DebugPrintPower() -         tag=ZONE value=SETASIDE
D 22:11:01.8686463 PowerTaskList.DebugPrintPower() -         tag=CONTROLLER value=2
D 22:11:01.8686463 PowerTaskList.DebugPrintPower() -         tag=ENTITY_ID value=122
D 22:11:01.8686463 PowerTaskList.DebugPrintPower() -     FULL_ENTITY - Updating [entityName=UNKNOWN ENTITY [cardType=INVALID] id=123 zone=SETASIDE zonePos=0 cardId= player=2] CardID=
D 22:11:01.8686463 PowerTaskList.DebugPrintPower() -         tag=ZONE value=SETASIDE
D 22:11:01.8686463 PowerTaskList.DebugPrintPower() -         tag=CONTROLLER value=2
D 22:11:01.8686463 PowerTaskList.DebugPrintPower() -         tag=ENTITY_ID value=123
D 22:11:01.8686463 PowerTaskList.DebugPrintPower() -     FULL_ENTITY - Updating [entityName=UNKNOWN ENTITY [cardType=INVALID] id=124 zone=SETASIDE zonePos=0 cardId= player=2] CardID=
D 22:11:01.8686463 PowerTaskList.DebugPrintPower() -         tag=ZONE value=SETASIDE
D 22:11:01.8686463 PowerTaskList.DebugPrintPower() -         tag=CONTROLLER value=2
D 22:11:01.8686463 PowerTaskList.DebugPrintPower() -         tag=ENTITY_ID value=124
D 22:11:01.8686463 PowerTaskList.DebugDump() - Block End=(null)
D 22:11:01.8686463 PowerProcessor.PrepareHistoryForCurrentTaskList() - m_currentTaskList=136
D 22:11:01.8830525 PowerProcessor.EndCurrentTaskList() - m_currentTaskList=136
D 22:11:01.8830525 ChoiceCardMgr.WaitThenShowChoices() - id=4 BEGIN
D 22:11:02.8478793 GameState.DebugPrintEntitiesChosen() - id=4 Player=加斯帕的礼物#5438 EntitiesCount=1
D 22:11:02.8478793 GameState.DebugPrintEntitiesChosen() -   Entities[0]=[entityName=UNKNOWN ENTITY [cardType=INVALID] id=124 zone=SETASIDE zonePos=0 cardId= player=2]
D 22:11:02.8478793 ChoiceCardMgr.DoesLocalChoiceMatchPacket(): Null list passed in! localChoices=, packetChoices=System.Collections.Generic.List`1[System.Int32].
D 22:11:02.8478793 ChoiceCardMgr.WaitThenHideChoicesFromPacket() - id=4 END WAIT
D 22:11:02.9319029 GameState.DebugPrintPowerList() - Count=25
D 22:11:02.9319029 GameState.DebugPrintPower() - SHOW_ENTITY - Updating Entity=[entityName=UNKNOWN ENTITY [cardType=INVALID] id=124 zone=SETASIDE zonePos=0 cardId= player=2] CardID=CORE_SCH_713
D 22:11:02.9319029 GameState.DebugPrintPower() -     tag=CONTROLLER value=2
D 22:11:02.9319029 GameState.DebugPrintPower() -     tag=CARDTYPE value=MINION
D 22:11:02.9319029 GameState.DebugPrintPower() -     tag=TAG_LAST_KNOWN_COST_IN_HAND value=2
D 22:11:02.9319029 GameState.DebugPrintPower() -     tag=479 value=3
D 22:11:02.9319029 GameState.DebugPrintPower() -     tag=COST value=2
D 22:11:02.9319029 GameState.DebugPrintPower() -     tag=ATK value=3
D 22:11:02.9319029 GameState.DebugPrintPower() -     tag=HEALTH value=2
D 22:11:02.9319029 GameState.DebugPrintPower() -     tag=PREMIUM value=1
D 22:11:02.9319029 GameState.DebugPrintPower() -     tag=LAST_AFFECTED_BY value=66
D 22:11:02.9319029 GameState.DebugPrintPower() -     tag=ZONE value=GRAVEYARD
D 22:11:02.9319029 GameState.DebugPrintPower() -     tag=ENTITY_ID value=124
D 22:11:02.9319029 GameState.DebugPrintPower() -     tag=CLASS value=NEUTRAL
D 22:11:02.9319029 GameState.DebugPrintPower() -     tag=RARITY value=RARE
D 22:11:02.9319029 GameState.DebugPrintPower() -     tag=BATTLECRY value=1
D 22:11:02.9319029 GameState.DebugPrintPower() -     tag=LINKED_ENTITY value=71
D 22:11:02.9319029 GameState.DebugPrintPower() -     tag=CREATOR value=66
D 22:11:02.9319029 GameState.DebugPrintPower() -     tag=858 value=60043
D 22:11:02.9319029 GameState.DebugPrintPower() -     tag=1037 value=2
D 22:11:02.9319029 GameState.DebugPrintPower() -     tag=1068 value=0
D 22:11:02.9319029 GameState.DebugPrintPower() -     tag=CREATOR_DBID value=117892
D 22:11:02.9319029 GameState.DebugPrintPower() -     tag=SPAWN_TIME_COUNT value=1
D 22:11:02.9319029 GameState.DebugPrintPower() -     tag=COPIED_FROM_ENTITY_ID value=71
D 22:11:02.9319029 GameState.DebugPrintPower() -     tag=HAS_ACTIVATE_POWER value=1
D 22:11:02.9319029 GameState.DebugPrintPower() -     tag=3085 value=2
D 22:11:02.9319029 GameState.DebugPrintPower() -     tag=3669 value=1
D 22:11:02.9319029 GameState.DebugPrintPower() -     tag=4741 value=2
D 22:11:02.9319029 GameState.DebugPrintPower() -     tag=4901 value=0
D 22:11:02.9319029 GameState.DebugPrintPower() - SUB_SPELL_START - SpellPrefabGUID=ReuseFX_Fel_DeckAE_Super:887fb3c616675404782cd073b97330df Source=0 TargetCount=0
D 22:11:02.9319029 GameState.DebugPrintPower() -     TAG_CHANGE Entity=加斯帕的礼物#5438 tag=2166 value=71 
D 22:11:02.9319029 GameState.DebugPrintPower() -     TAG_CHANGE Entity=加斯帕的礼物#5438 tag=467 value=1 
D 22:11:02.9319029 GameState.DebugPrintPower() -     TAG_CHANGE Entity=[entityName=UNKNOWN ENTITY [cardType=INVALID] id=71 zone=DECK zonePos=0 cardId= player=2] tag=ZONE value=HAND 
D 22:11:02.9319029 GameState.DebugPrintPower() -     TAG_CHANGE Entity=[entityName=UNKNOWN ENTITY [cardType=INVALID] id=71 zone=DECK zonePos=0 cardId= player=2] tag=ZONE_POSITION value=8 
D 22:11:02.9319029 GameState.DebugPrintPower() -     TAG_CHANGE Entity=[entityName=UNKNOWN ENTITY [cardType=INVALID] id=71 zone=DECK zonePos=0 cardId= player=2] tag=ZONE_POSITION value=0 
D 22:11:02.9319029 GameState.DebugPrintPower() -     TAG_CHANGE Entity=[entityName=UNKNOWN ENTITY [cardType=INVALID] id=71 zone=DECK zonePos=0 cardId= player=2] tag=ZONE_POSITION value=8 
D 22:11:02.9319029 GameState.DebugPrintPower() -     TAG_CHANGE Entity=加斯帕的礼物#5438 tag=NUM_CARDS_DRAWN_THIS_TURN value=2 
D 22:11:02.9319029 GameState.DebugPrintPower() -     TAG_CHANGE Entity=加斯帕的礼物#5438 tag=995 value=5 
D 22:11:02.9319029 GameState.DebugPrintPower() -     TAG_CHANGE Entity=加斯帕的礼物#5438 tag=467 value=0 
D 22:11:02.9319029 GameState.DebugPrintPower() -     META_DATA - Meta=HISTORY_TARGET Data=0 InfoCount=1
D 22:11:02.9319029 GameState.DebugPrintPower() -                 Info[0] = [entityName=UNKNOWN ENTITY [cardType=INVALID] id=71 zone=DECK zonePos=0 cardId= player=2]
D 22:11:02.9319029 GameState.DebugPrintPower() -     FULL_ENTITY - Creating ID=125 CardID=
D 22:11:02.9319029 GameState.DebugPrintPower() -         tag=ZONE value=SETASIDE
D 22:11:02.9319029 GameState.DebugPrintPower() -         tag=CONTROLLER value=2
D 22:11:02.9319029 GameState.DebugPrintPower() -         tag=ENTITY_ID value=125
D 22:11:02.9319029 GameState.DebugPrintPower() -     TAG_CHANGE Entity=125 tag=ZONE value=PLAY 
D 22:11:02.9319029 GameState.DebugPrintPower() - SUB_SPELL_END
D 22:11:02.9319029 GameState.DebugPrintPower() - BLOCK_END
D 22:11:02.9319029 GameState.DebugPrintPower() - TAG_CHANGE Entity=[entityName=咒怨之墓 id=66 zone=PLAY zonePos=0 cardId=TLC_451 player=2] tag=1068 value=4 
D 22:11:02.9319029 GameState.DebugPrintPower() - TAG_CHANGE Entity=[entityName=咒怨之墓 id=66 zone=PLAY zonePos=0 cardId=TLC_451 player=2] tag=1068 value=0 
D 22:11:02.9319029 GameState.DebugPrintPower() - TAG_CHANGE Entity=[entityName=咒怨之墓 id=66 zone=PLAY zonePos=0 cardId=TLC_451 player=2] tag=ZONE value=GRAVEYARD 
D 22:11:02.9319029 GameState.DebugPrintPower() - TAG_CHANGE Entity=[entityName=UNKNOWN ENTITY [cardType=INVALID] id=124 zone=SETASIDE zonePos=0 cardId= player=2] tag=3669 value=0 
D 22:11:02.9319029 GameState.DebugPrintPower() - TAG_CHANGE Entity=加斯帕的礼物#5438 tag=COMBO_ACTIVE value=1 
D 22:11:02.9319029 GameState.DebugPrintPower() - TAG_CHANGE Entity=GameEntity tag=1323 value=6 
D 22:11:02.9319029 GameState.DebugPrintPower() - TAG_CHANGE Entity=加斯帕的礼物#5438 tag=NUM_OPTIONS_PLAYED_THIS_TURN value=1 
D 22:11:02.9319029 GameState.DebugPrintPower() - BLOCK_END
D 22:11:02.9319029 GameState.DebugPrintPower() - META_DATA - Meta=SLUSH_TIME Data=1000 InfoCount=1
D 22:11:02.9319029 GameState.DebugPrintPower() -             Info[0] = [entityName=咒怨之墓 id=66 zone=PLAY zonePos=0 cardId=TLC_451 player=2]
D 22:11:02.9319029 PowerTaskList.DebugDump() - ID=137 ParentID=0 PreviousID=136 TaskCount=1
D 22:11:02.9319029 PowerTaskList.DebugDump() - Block Start=(null)
D 22:11:02.9319029 PowerTaskList.DebugPrintPower() -     SHOW_ENTITY - Updating Entity=[entityName=UNKNOWN ENTITY [cardType=INVALID] id=124 zone=SETASIDE zonePos=0 cardId= player=2] CardID=CORE_SCH_713
D 22:11:02.9319029 PowerTaskList.DebugPrintPower() -         tag=CONTROLLER value=2
D 22:11:02.9319029 PowerTaskList.DebugPrintPower() -         tag=CARDTYPE value=MINION
D 22:11:02.9319029 PowerTaskList.DebugPrintPower() -         tag=TAG_LAST_KNOWN_COST_IN_HAND value=2
D 22:11:02.9319029 PowerTaskList.DebugPrintPower() -         tag=479 value=3
D 22:11:02.9319029 PowerTaskList.DebugPrintPower() -         tag=COST value=2
D 22:11:02.9319029 PowerTaskList.DebugPrintPower() -         tag=ATK value=3
D 22:11:02.9319029 PowerTaskList.DebugPrintPower() -         tag=HEALTH value=2
D 22:11:02.9319029 PowerTaskList.DebugPrintPower() -         tag=PREMIUM value=1
D 22:11:02.9319029 PowerTaskList.DebugPrintPower() -         tag=LAST_AFFECTED_BY value=66
D 22:11:02.9319029 PowerTaskList.DebugPrintPower() -         tag=ZONE value=GRAVEYARD
D 22:11:02.9319029 PowerTaskList.DebugPrintPower() -         tag=ENTITY_ID value=124
D 22:11:02.9319029 PowerTaskList.DebugPrintPower() -         tag=CLASS value=NEUTRAL
D 22:11:02.9319029 PowerTaskList.DebugPrintPower() -         tag=RARITY value=RARE
D 22:11:02.9319029 PowerTaskList.DebugPrintPower() -         tag=BATTLECRY value=1
D 22:11:02.9319029 PowerTaskList.DebugPrintPower() -         tag=LINKED_ENTITY value=71
D 22:11:02.9319029 PowerTaskList.DebugPrintPower() -         tag=CREATOR value=66
D 22:11:02.9319029 PowerTaskList.DebugPrintPower() -         tag=858 value=60043
D 22:11:02.9319029 PowerTaskList.DebugPrintPower() -         tag=1037 value=2
D 22:11:02.9319029 PowerTaskList.DebugPrintPower() -         tag=1068 value=0
D 22:11:02.9319029 PowerTaskList.DebugPrintPower() -         tag=CREATOR_DBID value=117892
D 22:11:02.9319029 PowerTaskList.DebugPrintPower() -         tag=SPAWN_TIME_COUNT value=1
D 22:11:02.9319029 PowerTaskList.DebugPrintPower() -         tag=COPIED_FROM_ENTITY_ID value=71
D 22:11:02.9319029 PowerTaskList.DebugPrintPower() -         tag=HAS_ACTIVATE_POWER value=1
D 22:11:02.9319029 PowerTaskList.DebugPrintPower() -         tag=3085 value=2
D 22:11:02.9319029 PowerTaskList.DebugPrintPower() -         tag=3669 value=1
D 22:11:02.9319029 PowerTaskList.DebugPrintPower() -         tag=4741 value=2
D 22:11:02.9319029 PowerTaskList.DebugPrintPower() -         tag=4901 value=0
D 22:11:02.9319029 PowerTaskList.DebugDump() - Block End=(null)
D 22:11:02.9319029 PowerProcessor.PrepareHistoryForCurrentTaskList() - m_currentTaskList=137
D 22:11:02.9953708 PowerProcessor.EndCurrentTaskList() - m_currentTaskList=137
D 22:11:03.0022814 PowerTaskList.DebugDump() - ID=138 ParentID=135 PreviousID=137 TaskCount=14
D 22:11:03.0022814 PowerTaskList.DebugDump() - Block Start=(null)
D 22:11:03.0022814 PowerTaskList.DebugPrintPower() -     SUB_SPELL_START - SpellPrefabGUID=ReuseFX_Fel_DeckAE_Super:887fb3c616675404782cd073b97330df Source=0 TargetCount=0
D 22:11:03.0022814 PowerTaskList.DebugPrintPower() -         TAG_CHANGE Entity=加斯帕的礼物#5438 tag=2166 value=71 
D 22:11:03.0022814 PowerTaskList.DebugPrintPower() -         TAG_CHANGE Entity=加斯帕的礼物#5438 tag=467 value=1 
D 22:11:03.0022814 PowerTaskList.DebugPrintPower() -         TAG_CHANGE Entity=[entityName=UNKNOWN ENTITY [cardType=INVALID] id=71 zone=DECK zonePos=0 cardId= player=2] tag=ZONE value=HAND 
D 22:11:03.0022814 PowerTaskList.DebugPrintPower() -         TAG_CHANGE Entity=[entityName=UNKNOWN ENTITY [cardType=INVALID] id=71 zone=DECK zonePos=0 cardId= player=2] tag=ZONE_POSITION value=8 
D 22:11:03.0022814 PowerTaskList.DebugPrintPower() -         TAG_CHANGE Entity=[entityName=UNKNOWN ENTITY [cardType=INVALID] id=71 zone=DECK zonePos=0 cardId= player=2] tag=ZONE_POSITION value=0 
D 22:11:03.0022814 PowerTaskList.DebugPrintPower() -         TAG_CHANGE Entity=[entityName=UNKNOWN ENTITY [cardType=INVALID] id=71 zone=DECK zonePos=0 cardId= player=2] tag=ZONE_POSITION value=8 
D 22:11:03.0022814 PowerTaskList.DebugPrintPower() -         TAG_CHANGE Entity=加斯帕的礼物#5438 tag=NUM_CARDS_DRAWN_THIS_TURN value=2 
D 22:11:03.0022814 PowerTaskList.DebugPrintPower() -         TAG_CHANGE Entity=加斯帕的礼物#5438 tag=995 value=5 
D 22:11:03.0022814 PowerTaskList.DebugPrintPower() -         TAG_CHANGE Entity=加斯帕的礼物#5438 tag=467 value=0 
D 22:11:03.0022814 PowerTaskList.DebugPrintPower() -         META_DATA - Meta=HISTORY_TARGET Data=0 InfoCount=1
D 22:11:03.0022814 PowerTaskList.DebugPrintPower() -                     Info[0] = [entityName=UNKNOWN ENTITY [cardType=INVALID] id=71 zone=DECK zonePos=0 cardId= player=2]
D 22:11:03.0022814 PowerTaskList.DebugPrintPower() -         FULL_ENTITY - Updating [entityName=UNKNOWN ENTITY [cardType=INVALID] id=125 zone=SETASIDE zonePos=0 cardId= player=2] CardID=
D 22:11:03.0022814 PowerTaskList.DebugPrintPower() -             tag=ZONE value=SETASIDE
D 22:11:03.0022814 PowerTaskList.DebugPrintPower() -             tag=CONTROLLER value=2
D 22:11:03.0022814 PowerTaskList.DebugPrintPower() -             tag=ENTITY_ID value=125
D 22:11:03.0022814 PowerTaskList.DebugPrintPower() -         TAG_CHANGE Entity=[entityName=UNKNOWN ENTITY [cardType=INVALID] id=125 zone=SETASIDE zonePos=0 cardId= player=2] tag=ZONE value=PLAY 
D 22:11:03.0022814 PowerTaskList.DebugPrintPower() -     SUB_SPELL_END
D 22:11:03.0022814 PowerTaskList.DebugDump() - Block End=(null)
D 22:11:03.0022814 PowerProcessor.PrepareHistoryForCurrentTaskList() - m_currentTaskList=138
D 22:11:04.5767965 PowerProcessor.EndCurrentTaskList() - m_currentTaskList=138
D 22:11:04.5833409 PowerTaskList.DebugDump() - ID=139 ParentID=135 PreviousID=138 TaskCount=0
D 22:11:04.5833409 PowerTaskList.DebugDump() - Block Start=(null)
D 22:11:04.5833409 PowerTaskList.DebugPrintPower() - BLOCK_END
D 22:11:04.5833409 PowerProcessor.PrepareHistoryForCurrentTaskList() - m_currentTaskList=139
D 22:11:04.5833409 PowerProcessor.EndCurrentTaskList() - m_currentTaskList=139
D 22:11:04.5833409 PowerTaskList.DebugDump() - ID=140 ParentID=0 PreviousID=135 TaskCount=7
D 22:11:04.5833409 PowerTaskList.DebugDump() - Block Start=(null)
D 22:11:04.5833409 PowerTaskList.DebugPrintPower() -     TAG_CHANGE Entity=[entityName=咒怨之墓 id=66 zone=PLAY zonePos=0 cardId=TLC_451 player=2] tag=1068 value=4 
D 22:11:04.5833409 PowerTaskList.DebugPrintPower() -     TAG_CHANGE Entity=[entityName=咒怨之墓 id=66 zone=PLAY zonePos=0 cardId=TLC_451 player=2] tag=1068 value=0 
D 22:11:04.5833409 PowerTaskList.DebugPrintPower() -     TAG_CHANGE Entity=[entityName=咒怨之墓 id=66 zone=PLAY zonePos=0 cardId=TLC_451 player=2] tag=ZONE value=GRAVEYARD 
D 22:11:04.5833409 PowerTaskList.DebugPrintPower() -     TAG_CHANGE Entity=[entityName=异教低阶牧师 id=124 zone=GRAVEYARD zonePos=0 cardId=CORE_SCH_713 player=2] tag=3669 value=0 
D 22:11:04.5833409 PowerTaskList.DebugPrintPower() -     TAG_CHANGE Entity=加斯帕的礼物#5438 tag=COMBO_ACTIVE value=1 
D 22:11:04.5833409 PowerTaskList.DebugPrintPower() -     TAG_CHANGE Entity=GameEntity tag=1323 value=6 
D 22:11:04.5833409 PowerTaskList.DebugPrintPower() -     TAG_CHANGE Entity=加斯帕的礼物#5438 tag=NUM_OPTIONS_PLAYED_THIS_TURN value=1 
D 22:11:04.5833409 PowerTaskList.DebugPrintPower() - BLOCK_END
D 22:11:04.5833409 PowerProcessor.PrepareHistoryForCurrentTaskList() - m_currentTaskList=140
D 22:11:04.5833409 PowerProcessor.DoTaskListForCard() - unhandled BlockType PLAY for sourceEntity [entityName=咒怨之墓 id=66 zone=PLAY zonePos=0 cardId=TLC_451 player=2]
D 22:11:04.5969538 PowerProcessor.EndCurrentTaskList() - m_currentTaskList=140
D 22:11:04.6037149 PowerTaskList.DebugDump() - ID=141 ParentID=0 PreviousID=0 TaskCount=1
D 22:11:04.6037149 PowerTaskList.DebugDump() - Block Start=(null)
D 22:11:04.6037149 PowerTaskList.DebugPrintPower() -     META_DATA - Meta=SLUSH_TIME Data=1000 InfoCount=1
D 22:11:04.6037149 PowerTaskList.DebugPrintPower() -                 Info[0] = [entityName=咒怨之墓 id=66 zone=GRAVEYARD zonePos=0 cardId=TLC_451 player=2]
D 22:11:04.6037149 PowerTaskList.DebugDump() - Block End=(null)
D 22:11:04.6037149 PowerProcessor.PrepareHistoryForCurrentTaskList() - m_currentTaskList=141
D 22:11:04.6037149 PowerProcessor.EndCurrentTaskList() - m_currentTaskList=141
D 22:11:06.2402689 GameState.DebugPrintPowerList() - Count=41
D 22:11:06.2402689 GameState.DebugPrintPower() - BLOCK_START BlockType=PLAY Entity=[entityName=UNKNOWN ENTITY [cardType=INVALID] id=71 zone=HAND zonePos=8 cardId= player=2] EffectCardId=System.Collections.Generic.List`1[System.String] EffectIndex=0 Target=0 SubOption=-1 
D 22:11:06.2402689 GameState.DebugPrintPower() -     TAG_CHANGE Entity=加斯帕的礼物#5438 tag=2245 value=5 
D 22:11:06.2402689 GameState.DebugPrintPower() -     TAG_CHANGE Entity=加斯帕的礼物#5438 tag=RESOURCES_USED value=2 
D 22:11:06.2402689 GameState.DebugPrintPower() -     TAG_CHANGE Entity=加斯帕的礼物#5438 tag=NUM_RESOURCES_SPENT_THIS_GAME value=5 
D 22:11:06.2402689 GameState.DebugPrintPower() -     TAG_CHANGE Entity=加斯帕的礼物#5438 tag=NUM_CARDS_PLAYED_THIS_TURN value=2 
D 22:11:06.2402689 GameState.DebugPrintPower() -     TAG_CHANGE Entity=加斯帕的礼物#5438 tag=NUM_MINIONS_PLAYED_THIS_TURN value=1 
D 22:11:06.2402689 GameState.DebugPrintPower() -     TAG_CHANGE Entity=[entityName=UNKNOWN ENTITY [cardType=INVALID] id=71 zone=HAND zonePos=8 cardId= player=2] tag=ZONE_POSITION value=0 
D 22:11:06.2402689 GameState.DebugPrintPower() -     SHOW_ENTITY - Updating Entity=[entityName=UNKNOWN ENTITY [cardType=INVALID] id=71 zone=HAND zonePos=8 cardId= player=2] CardID=CORE_SCH_713
D 22:11:06.2402689 GameState.DebugPrintPower() -         tag=CONTROLLER value=2
D 22:11:06.2402689 GameState.DebugPrintPower() -         tag=CARDTYPE value=MINION
D 22:11:06.2402689 GameState.DebugPrintPower() -         tag=TAG_LAST_KNOWN_COST_IN_HAND value=2
D 22:11:06.2402689 GameState.DebugPrintPower() -         tag=479 value=3
D 22:11:06.2402689 GameState.DebugPrintPower() -         tag=COST value=2
D 22:11:06.2402689 GameState.DebugPrintPower() -         tag=ATK value=3
D 22:11:06.2402689 GameState.DebugPrintPower() -         tag=HEALTH value=2
D 22:11:06.2402689 GameState.DebugPrintPower() -         tag=PREMIUM value=1
D 22:11:06.2402689 GameState.DebugPrintPower() -         tag=LAST_AFFECTED_BY value=66
D 22:11:06.2402689 GameState.DebugPrintPower() -         tag=ZONE value=PLAY
D 22:11:06.2402689 GameState.DebugPrintPower() -         tag=ENTITY_ID value=71
D 22:11:06.2402689 GameState.DebugPrintPower() -         tag=CLASS value=NEUTRAL
D 22:11:06.2402689 GameState.DebugPrintPower() -         tag=RARITY value=RARE
D 22:11:06.2402689 GameState.DebugPrintPower() -         tag=BATTLECRY value=1
D 22:11:06.2402689 GameState.DebugPrintPower() -         tag=JUST_PLAYED value=1
D 22:11:06.2402689 GameState.DebugPrintPower() -         tag=ZONE_POSITION value=0
D 22:11:06.2402689 GameState.DebugPrintPower() -         tag=NUM_TURNS_IN_HAND value=1
D 22:11:06.2402689 GameState.DebugPrintPower() -         tag=478 value=2
D 22:11:06.2402689 GameState.DebugPrintPower() -         tag=VALEERASHADOW value=1
D 22:11:06.2402689 GameState.DebugPrintPower() -         tag=858 value=60043
D 22:11:06.2402689 GameState.DebugPrintPower() -         tag=1037 value=0
D 22:11:06.2402689 GameState.DebugPrintPower() -         tag=1043 value=1
D 22:11:06.2402689 GameState.DebugPrintPower() -         tag=1068 value=0
D 22:11:06.2402689 GameState.DebugPrintPower() -         tag=1271 value=0
D 22:11:06.2402689 GameState.DebugPrintPower() -         tag=COPIED_BY_KHADGAR value=0
D 22:11:06.2402689 GameState.DebugPrintPower() -         tag=1380 value=0
D 22:11:06.2402689 GameState.DebugPrintPower() -         tag=SPAWN_TIME_COUNT value=1
D 22:11:06.2402689 GameState.DebugPrintPower() -         tag=1570 value=6
D 22:11:06.2402689 GameState.DebugPrintPower() -         tag=2485 value=0
D 22:11:06.2402689 GameState.DebugPrintPower() -         tag=HAS_ACTIVATE_POWER value=1
D 22:11:06.2402689 GameState.DebugPrintPower() -         tag=3085 value=2
D 22:11:06.2402689 GameState.DebugPrintPower() -         tag=3557 value=8
D 22:11:06.2402689 GameState.DebugPrintPower() -         tag=3630 value=1
D 22:11:06.2402689 GameState.DebugPrintPower() -         tag=3669 value=0
D 22:11:06.2402689 GameState.DebugPrintPower() -         tag=3908 value=0
D 22:11:06.2402689 GameState.DebugPrintPower() -         tag=4472 value=3
D 22:11:06.2402689 GameState.DebugPrintPower() -         tag=4741 value=1
D 22:11:06.2402689 GameState.DebugPrintPower() -         tag=4904 value=0
D 22:11:06.2402689 GameState.DebugPrintPower() -     SHOW_ENTITY - Updating Entity=[entityName=UNKNOWN ENTITY [cardType=INVALID] id=125 zone=PLAY zonePos=0 cardId= player=2] CardID=GBL_999e
D 22:11:06.2402689 GameState.DebugPrintPower() -         tag=CONTROLLER value=2
D 22:11:06.2402689 GameState.DebugPrintPower() -         tag=CARDTYPE value=ENCHANTMENT
D 22:11:06.2402689 GameState.DebugPrintPower() -         tag=PREMIUM value=1
D 22:11:06.2402689 GameState.DebugPrintPower() -         tag=ATTACHED value=71
D 22:11:06.2402689 GameState.DebugPrintPower() -         tag=ZONE value=PLAY
D 22:11:06.2402689 GameState.DebugPrintPower() -         tag=ENTITY_ID value=125
D 22:11:06.2402689 GameState.DebugPrintPower() -         tag=CLASS value=NEUTRAL
D 22:11:06.2402689 GameState.DebugPrintPower() -         tag=CREATOR value=66
D 22:11:06.2402689 GameState.DebugPrintPower() -         tag=ENCHANTMENT_INVISIBLE value=1
D 22:11:06.2402689 GameState.DebugPrintPower() -         tag=1037 value=2
D 22:11:06.2402689 GameState.DebugPrintPower() -         tag=1068 value=0
D 22:11:06.2402689 GameState.DebugPrintPower() -         tag=CREATOR_DBID value=117892
D 22:11:06.2402689 GameState.DebugPrintPower() -         tag=SPAWN_TIME_COUNT value=1
D 22:11:06.2402689 GameState.DebugPrintPower() -         tag=4901 value=0
D 22:11:06.2402689 GameState.DebugPrintPower() -     TAG_CHANGE Entity=[entityName=UNKNOWN ENTITY [cardType=INVALID] id=71 zone=HAND zonePos=8 cardId= player=2] tag=ZONE_POSITION value=1 
D 22:11:06.2402689 GameState.DebugPrintPower() -     TAG_CHANGE Entity=[entityName=UNKNOWN ENTITY [cardType=INVALID] id=71 zone=HAND zonePos=8 cardId= player=2] tag=1196 value=1 
D 22:11:06.2402689 GameState.DebugPrintPower() -     TAG_CHANGE Entity=[entityName=UNKNOWN ENTITY [cardType=INVALID] id=71 zone=HAND zonePos=8 cardId= player=2] tag=EXHAUSTED value=1 
D 22:11:06.2402689 GameState.DebugPrintPower() -     BLOCK_START BlockType=TRIGGER Entity=[entityName=UNKNOWN ENTITY [cardType=INVALID] id=125 zone=PLAY zonePos=0 cardId= player=2] EffectCardId=System.Collections.Generic.List`1[System.String] EffectIndex=2 Target=0 SubOption=-1 TriggerKeyword=TAG_NOT_SET
D 22:11:06.2402689 GameState.DebugPrintPower() -         TAG_CHANGE Entity=[entityName=UNKNOWN ENTITY [cardType=INVALID] id=71 zone=HAND zonePos=8 cardId= player=2] tag=4108 value=1 
D 22:11:06.2402689 GameState.DebugPrintPower() -     BLOCK_END
D 22:11:06.2402689 GameState.DebugPrintPower() -     BLOCK_START BlockType=TRIGGER Entity=[entityName=UNKNOWN ENTITY [cardType=INVALID] id=125 zone=PLAY zonePos=0 cardId= player=2] EffectCardId=System.Collections.Generic.List`1[System.String] EffectIndex=-1 Target=0 SubOption=-1 TriggerKeyword=TAG_NOT_SET
D 22:11:06.2402689 GameState.DebugPrintPower() -         TAG_CHANGE Entity=[entityName=UNKNOWN ENTITY [cardType=INVALID] id=125 zone=PLAY zonePos=0 cardId= player=2] tag=2747 value=125 
D 22:11:06.2402689 GameState.DebugPrintPower() -         TAG_CHANGE Entity=[entityName=UNKNOWN ENTITY [cardType=INVALID] id=125 zone=PLAY zonePos=0 cardId= player=2] tag=4741 value=1 
D 22:11:06.2402689 GameState.DebugPrintPower() -         TAG_CHANGE Entity=[entityName=UNKNOWN ENTITY [cardType=INVALID] id=125 zone=PLAY zonePos=0 cardId= player=2] tag=LAST_AFFECTED_BY value=125 
D 22:11:06.2402689 GameState.DebugPrintPower() -         TAG_CHANGE Entity=[entityName=UNKNOWN ENTITY [cardType=INVALID] id=125 zone=PLAY zonePos=0 cardId= player=2] tag=1068 value=4 
D 22:11:06.2402689 GameState.DebugPrintPower() -         TAG_CHANGE Entity=[entityName=UNKNOWN ENTITY [cardType=INVALID] id=125 zone=PLAY zonePos=0 cardId= player=2] tag=1068 value=0 
D 22:11:06.2402689 GameState.DebugPrintPower() -         TAG_CHANGE Entity=[entityName=UNKNOWN ENTITY [cardType=INVALID] id=125 zone=PLAY zonePos=0 cardId= player=2] tag=ZONE value=GRAVEYARD 
D 22:11:06.2402689 GameState.DebugPrintPower() -         TAG_CHANGE Entity=[entityName=UNKNOWN ENTITY [cardType=INVALID] id=125 zone=PLAY zonePos=0 cardId= player=2] tag=1234 value=71 
D 22:11:06.2402689 GameState.DebugPrintPower() -         HIDE_ENTITY - Entity=[entityName=UNKNOWN ENTITY [cardType=INVALID] id=125 zone=PLAY zonePos=0 cardId= player=2] tag=ZONE value=GRAVEYARD
D 22:11:06.2402689 GameState.DebugPrintPower() -         TAG_CHANGE Entity=[entityName=UNKNOWN ENTITY [cardType=INVALID] id=71 zone=HAND zonePos=8 cardId= player=2] tag=VALEERASHADOW value=0 
D 22:11:06.2402689 GameState.DebugPrintPower() -         TAG_CHANGE Entity=[entityName=UNKNOWN ENTITY [cardType=INVALID] id=71 zone=HAND zonePos=8 cardId= player=2] tag=3630 value=0 
D 22:11:06.2402689 GameState.DebugPrintPower() -     BLOCK_END
D 22:11:06.2402689 GameState.DebugPrintPower() -     META_DATA - Meta=SLUSH_TIME Data=3000 InfoCount=1
D 22:11:06.2402689 GameState.DebugPrintPower() -                 Info[0] = [entityName=UNKNOWN ENTITY [cardType=INVALID] id=71 zone=HAND zonePos=8 cardId= player=2]
D 22:11:06.2402689 GameState.DebugPrintPower() -     BLOCK_START BlockType=POWER Entity=[entityName=UNKNOWN ENTITY [cardType=INVALID] id=71 zone=HAND zonePos=8 cardId= player=2] EffectCardId=System.Collections.Generic.List`1[System.String] EffectIndex=0 Target=0 SubOption=-1 
D 22:11:06.2402689 GameState.DebugPrintPower() -         FULL_ENTITY - Creating ID=127 CardID=
D 22:11:06.2402689 GameState.DebugPrintPower() -             tag=ZONE value=SETASIDE
D 22:11:06.2402689 GameState.DebugPrintPower() -             tag=CONTROLLER value=2
D 22:11:06.2402689 GameState.DebugPrintPower() -             tag=ENTITY_ID value=127
D 22:11:06.2402689 GameState.DebugPrintPower() -         SHOW_ENTITY - Updating Entity=127 CardID=SCH_713e
D 22:11:06.2402689 GameState.DebugPrintPower() -             tag=CONTROLLER value=2
D 22:11:06.2402689 GameState.DebugPrintPower() -             tag=CARDTYPE value=ENCHANTMENT
D 22:11:06.2402689 GameState.DebugPrintPower() -             tag=PREMIUM value=1
D 22:11:06.2402689 GameState.DebugPrintPower() -             tag=ATTACHED value=2
D 22:11:06.2402689 GameState.DebugPrintPower() -             tag=ZONE value=SETASIDE
D 22:11:06.2402689 GameState.DebugPrintPower() -             tag=ENTITY_ID value=127
D 22:11:06.2402689 GameState.DebugPrintPower() -             tag=CLASS value=NEUTRAL
D 22:11:06.2402689 GameState.DebugPrintPower() -             tag=CREATOR value=71
D 22:11:06.2402689 GameState.DebugPrintPower() -             tag=AURA value=1
D 22:11:06.2402689 GameState.DebugPrintPower() -             tag=1037 value=2
D 22:11:06.2402689 GameState.DebugPrintPower() -             tag=1068 value=0
D 22:11:06.2402689 GameState.DebugPrintPower() -             tag=CREATOR_DBID value=102224
D 22:11:06.2402689 GameState.DebugPrintPower() -             tag=SPAWN_TIME_COUNT value=1
D 22:11:06.2402689 GameState.DebugPrintPower() -             tag=4901 value=0
D 22:11:06.2402689 GameState.DebugPrintPower() -         TAG_CHANGE Entity=127 tag=1068 value=1 
D 22:11:06.2402689 GameState.DebugPrintPower() -         TAG_CHANGE Entity=127 tag=1068 value=0 
D 22:11:06.2402689 GameState.DebugPrintPower() -         TAG_CHANGE Entity=127 tag=ZONE value=PLAY 
D 22:11:06.2402689 GameState.DebugPrintPower() -         TAG_CHANGE Entity=湫然#51704 tag=4741 value=2 
D 22:11:06.2402689 GameState.DebugPrintPower() -         TAG_CHANGE Entity=湫然#51704 tag=LAST_AFFECTED_BY value=71 
D 22:11:06.2402689 GameState.DebugPrintPower() -     BLOCK_END
D 22:11:06.2402689 GameState.DebugPrintPower() -     TAG_CHANGE Entity=GameEntity tag=1323 value=7 
D 22:11:06.2402689 GameState.DebugPrintPower() -     TAG_CHANGE Entity=加斯帕的礼物#5438 tag=NUM_OPTIONS_PLAYED_THIS_TURN value=2 
D 22:11:06.2402689 GameState.DebugPrintPower() - BLOCK_END
D 22:11:06.2402689 GameState.DebugPrintPower() - META_DATA - Meta=SLUSH_TIME Data=1000 InfoCount=1
D 22:11:06.2402689 GameState.DebugPrintPower() -             Info[0] = [entityName=UNKNOWN ENTITY [cardType=INVALID] id=71 zone=HAND zonePos=8 cardId= player=2]
D 22:11:06.2402689 PowerTaskList.DebugDump() - ID=142 ParentID=0 PreviousID=0 TaskCount=12
D 22:11:06.2402689 PowerTaskList.DebugPrintPower() - BLOCK_START BlockType=PLAY Entity=[entityName=UNKNOWN ENTITY [cardType=INVALID] id=71 zone=HAND zonePos=8 cardId= player=2] EffectCardId=System.Collections.Generic.List`1[System.String] EffectIndex=0 Target=0 SubOption=-1 
D 22:11:06.2402689 PowerTaskList.DebugPrintPower() -     TAG_CHANGE Entity=加斯帕的礼物#5438 tag=2245 value=5 
D 22:11:06.2402689 PowerTaskList.DebugPrintPower() -     TAG_CHANGE Entity=加斯帕的礼物#5438 tag=RESOURCES_USED value=2 
D 22:11:06.2402689 PowerTaskList.DebugPrintPower() -     TAG_CHANGE Entity=加斯帕的礼物#5438 tag=NUM_RESOURCES_SPENT_THIS_GAME value=5 
D 22:11:06.2402689 PowerTaskList.DebugPrintPower() -     TAG_CHANGE Entity=加斯帕的礼物#5438 tag=NUM_CARDS_PLAYED_THIS_TURN value=2 
D 22:11:06.2402689 PowerTaskList.DebugPrintPower() -     TAG_CHANGE Entity=加斯帕的礼物#5438 tag=NUM_MINIONS_PLAYED_THIS_TURN value=1 
D 22:11:06.2402689 PowerTaskList.DebugPrintPower() -     TAG_CHANGE Entity=[entityName=UNKNOWN ENTITY [cardType=INVALID] id=71 zone=HAND zonePos=8 cardId= player=2] tag=ZONE_POSITION value=0 
D 22:11:06.2402689 PowerTaskList.DebugPrintPower() -     SHOW_ENTITY - Updating Entity=[entityName=UNKNOWN ENTITY [cardType=INVALID] id=71 zone=HAND zonePos=8 cardId= player=2] CardID=CORE_SCH_713
D 22:11:06.2402689 PowerTaskList.DebugPrintPower() -         tag=CONTROLLER value=2
D 22:11:06.2402689 PowerTaskList.DebugPrintPower() -         tag=CARDTYPE value=MINION
D 22:11:06.2402689 PowerTaskList.DebugPrintPower() -         tag=TAG_LAST_KNOWN_COST_IN_HAND value=2
D 22:11:06.2402689 PowerTaskList.DebugPrintPower() -         tag=479 value=3
D 22:11:06.2402689 PowerTaskList.DebugPrintPower() -         tag=COST value=2
D 22:11:06.2402689 PowerTaskList.DebugPrintPower() -         tag=ATK value=3
D 22:11:06.2402689 PowerTaskList.DebugPrintPower() -         tag=HEALTH value=2
D 22:11:06.2402689 PowerTaskList.DebugPrintPower() -         tag=PREMIUM value=1
D 22:11:06.2402689 PowerTaskList.DebugPrintPower() -         tag=LAST_AFFECTED_BY value=66
D 22:11:06.2402689 PowerTaskList.DebugPrintPower() -         tag=ZONE value=PLAY
D 22:11:06.2402689 PowerTaskList.DebugPrintPower() -         tag=ENTITY_ID value=71
D 22:11:06.2402689 PowerTaskList.DebugPrintPower() -         tag=CLASS value=NEUTRAL
D 22:11:06.2402689 PowerTaskList.DebugPrintPower() -         tag=RARITY value=RARE
D 22:11:06.2402689 PowerTaskList.DebugPrintPower() -         tag=BATTLECRY value=1
D 22:11:06.2402689 PowerTaskList.DebugPrintPower() -         tag=JUST_PLAYED value=1
D 22:11:06.2402689 PowerTaskList.DebugPrintPower() -         tag=ZONE_POSITION value=0
D 22:11:06.2402689 PowerTaskList.DebugPrintPower() -         tag=NUM_TURNS_IN_HAND value=1
D 22:11:06.2402689 PowerTaskList.DebugPrintPower() -         tag=478 value=2
D 22:11:06.2402689 PowerTaskList.DebugPrintPower() -         tag=VALEERASHADOW value=1
D 22:11:06.2402689 PowerTaskList.DebugPrintPower() -         tag=858 value=60043
D 22:11:06.2402689 PowerTaskList.DebugPrintPower() -         tag=1037 value=0
D 22:11:06.2402689 PowerTaskList.DebugPrintPower() -         tag=1043 value=1
D 22:11:06.2402689 PowerTaskList.DebugPrintPower() -         tag=1068 value=0
D 22:11:06.2402689 PowerTaskList.DebugPrintPower() -         tag=1271 value=0
D 22:11:06.2402689 PowerTaskList.DebugPrintPower() -         tag=COPIED_BY_KHADGAR value=0
D 22:11:06.2402689 PowerTaskList.DebugPrintPower() -         tag=1380 value=0
D 22:11:06.2402689 PowerTaskList.DebugPrintPower() -         tag=SPAWN_TIME_COUNT value=1
D 22:11:06.2402689 PowerTaskList.DebugPrintPower() -         tag=1570 value=6
D 22:11:06.2402689 PowerTaskList.DebugPrintPower() -         tag=2485 value=0
D 22:11:06.2402689 PowerTaskList.DebugPrintPower() -         tag=HAS_ACTIVATE_POWER value=1
D 22:11:06.2402689 PowerTaskList.DebugPrintPower() -         tag=3085 value=2
D 22:11:06.2402689 PowerTaskList.DebugPrintPower() -         tag=3557 value=8
D 22:11:06.2402689 PowerTaskList.DebugPrintPower() -         tag=3630 value=1
D 22:11:06.2402689 PowerTaskList.DebugPrintPower() -         tag=3669 value=0
D 22:11:06.2402689 PowerTaskList.DebugPrintPower() -         tag=3908 value=0
D 22:11:06.2402689 PowerTaskList.DebugPrintPower() -         tag=4472 value=3
D 22:11:06.2402689 PowerTaskList.DebugPrintPower() -         tag=4741 value=1
D 22:11:06.2402689 PowerTaskList.DebugPrintPower() -         tag=4904 value=0
D 22:11:06.2402689 PowerTaskList.DebugPrintPower() -     SHOW_ENTITY - Updating Entity=[entityName=UNKNOWN ENTITY [cardType=INVALID] id=125 zone=PLAY zonePos=0 cardId= player=2] CardID=GBL_999e
D 22:11:06.2402689 PowerTaskList.DebugPrintPower() -         tag=CONTROLLER value=2
D 22:11:06.2402689 PowerTaskList.DebugPrintPower() -         tag=CARDTYPE value=ENCHANTMENT
D 22:11:06.2402689 PowerTaskList.DebugPrintPower() -         tag=PREMIUM value=1
D 22:11:06.2402689 PowerTaskList.DebugPrintPower() -         tag=ATTACHED value=71
D 22:11:06.2402689 PowerTaskList.DebugPrintPower() -         tag=ZONE value=PLAY
D 22:11:06.2402689 PowerTaskList.DebugPrintPower() -         tag=ENTITY_ID value=125
D 22:11:06.2402689 PowerTaskList.DebugPrintPower() -         tag=CLASS value=NEUTRAL
D 22:11:06.2402689 PowerTaskList.DebugPrintPower() -         tag=CREATOR value=66
D 22:11:06.2402689 PowerTaskList.DebugPrintPower() -         tag=ENCHANTMENT_INVISIBLE value=1
D 22:11:06.2402689 PowerTaskList.DebugPrintPower() -         tag=1037 value=2
D 22:11:06.2402689 PowerTaskList.DebugPrintPower() -         tag=1068 value=0
D 22:11:06.2402689 PowerTaskList.DebugPrintPower() -         tag=CREATOR_DBID value=117892
D 22:11:06.2402689 PowerTaskList.DebugPrintPower() -         tag=SPAWN_TIME_COUNT value=1
D 22:11:06.2402689 PowerTaskList.DebugPrintPower() -         tag=4901 value=0
D 22:11:06.2402689 PowerTaskList.DebugPrintPower() -     TAG_CHANGE Entity=[entityName=UNKNOWN ENTITY [cardType=INVALID] id=71 zone=HAND zonePos=8 cardId= player=2] tag=ZONE_POSITION value=1 
D 22:11:06.2402689 PowerTaskList.DebugPrintPower() -     TAG_CHANGE Entity=[entityName=UNKNOWN ENTITY [cardType=INVALID] id=71 zone=HAND zonePos=8 cardId= player=2] tag=1196 value=1 
D 22:11:06.2402689 PowerTaskList.DebugPrintPower() -     TAG_CHANGE Entity=[entityName=UNKNOWN ENTITY [cardType=INVALID] id=71 zone=HAND zonePos=8 cardId= player=2] tag=EXHAUSTED value=1 
D 22:11:06.2402689 PowerTaskList.DebugPrintPower() -     META_DATA - Meta=SLUSH_TIME Data=3000 InfoCount=1
D 22:11:06.2402689 PowerTaskList.DebugPrintPower() -                 Info[0] = [entityName=UNKNOWN ENTITY [cardType=INVALID] id=71 zone=HAND zonePos=8 cardId= player=2]
D 22:11:06.2402689 PowerTaskList.DebugDump() - Block End=(null)
D 22:11:06.2402689 PowerProcessor.PrepareHistoryForCurrentTaskList() - m_currentTaskList=142
D 22:11:06.2402689 PowerProcessor.DoTaskListForCard() - unhandled BlockType PLAY for sourceEntity [entityName=UNKNOWN ENTITY [cardType=INVALID] id=71 zone=HAND zonePos=8 cardId= player=2]
D 22:11:07.2796692 PowerProcessor.EndCurrentTaskList() - m_currentTaskList=142
D 22:11:07.6025752 PowerTaskList.DebugDump() - ID=145 ParentID=142 PreviousID=0 TaskCount=7
D 22:11:07.6025752 PowerTaskList.DebugPrintPower() - BLOCK_START BlockType=POWER Entity=[entityName=异教低阶牧师 id=71 zone=PLAY zonePos=1 cardId=CORE_SCH_713 player=2] EffectCardId=System.Collections.Generic.List`1[System.String] EffectIndex=0 Target=0 SubOption=-1 
D 22:11:07.6025752 PowerTaskList.DebugPrintPower() -     FULL_ENTITY - Updating [entityName=UNKNOWN ENTITY [cardType=INVALID] id=127 zone=SETASIDE zonePos=0 cardId= player=2] CardID=
D 22:11:07.6025752 PowerTaskList.DebugPrintPower() -         tag=ZONE value=SETASIDE
D 22:11:07.6025752 PowerTaskList.DebugPrintPower() -         tag=CONTROLLER value=2
D 22:11:07.6025752 PowerTaskList.DebugPrintPower() -         tag=ENTITY_ID value=127
D 22:11:07.6025752 PowerTaskList.DebugPrintPower() -     SHOW_ENTITY - Updating Entity=[entityName=UNKNOWN ENTITY [cardType=INVALID] id=127 zone=SETASIDE zonePos=0 cardId= player=2] CardID=SCH_713e
D 22:11:07.6025752 PowerTaskList.DebugPrintPower() -         tag=CONTROLLER value=2
D 22:11:07.6025752 PowerTaskList.DebugPrintPower() -         tag=CARDTYPE value=ENCHANTMENT
D 22:11:07.6025752 PowerTaskList.DebugPrintPower() -         tag=PREMIUM value=1
D 22:11:07.6025752 PowerTaskList.DebugPrintPower() -         tag=ATTACHED value=2
D 22:11:07.6025752 PowerTaskList.DebugPrintPower() -         tag=ZONE value=SETASIDE
D 22:11:07.6025752 PowerTaskList.DebugPrintPower() -         tag=ENTITY_ID value=127
D 22:11:07.6025752 PowerTaskList.DebugPrintPower() -         tag=CLASS value=NEUTRAL
D 22:11:07.6025752 PowerTaskList.DebugPrintPower() -         tag=CREATOR value=71
D 22:11:07.6025752 PowerTaskList.DebugPrintPower() -         tag=AURA value=1
D 22:11:07.6025752 PowerTaskList.DebugPrintPower() -         tag=1037 value=2
D 22:11:07.6025752 PowerTaskList.DebugPrintPower() -         tag=1068 value=0
D 22:11:07.6025752 PowerTaskList.DebugPrintPower() -         tag=CREATOR_DBID value=102224
D 22:11:07.6025752 PowerTaskList.DebugPrintPower() -         tag=SPAWN_TIME_COUNT value=1
D 22:11:07.6025752 PowerTaskList.DebugPrintPower() -         tag=4901 value=0
D 22:11:07.6025752 PowerTaskList.DebugPrintPower() -     TAG_CHANGE Entity=[entityName=UNKNOWN ENTITY [cardType=INVALID] id=127 zone=SETASIDE zonePos=0 cardId= player=2] tag=1068 value=1 
D 22:11:07.6025752 PowerTaskList.DebugPrintPower() -     TAG_CHANGE Entity=[entityName=UNKNOWN ENTITY [cardType=INVALID] id=127 zone=SETASIDE zonePos=0 cardId= player=2] tag=1068 value=0 
D 22:11:07.6025752 PowerTaskList.DebugPrintPower() -     TAG_CHANGE Entity=[entityName=UNKNOWN ENTITY [cardType=INVALID] id=127 zone=SETASIDE zonePos=0 cardId= player=2] tag=ZONE value=PLAY 
D 22:11:07.6025752 PowerTaskList.DebugPrintPower() -     TAG_CHANGE Entity=湫然#51704 tag=4741 value=2 
D 22:11:07.6025752 PowerTaskList.DebugPrintPower() -     TAG_CHANGE Entity=湫然#51704 tag=LAST_AFFECTED_BY value=71 
D 22:11:07.6025752 PowerTaskList.DebugPrintPower() - BLOCK_END
D 22:11:07.6025752 PowerProcessor.PrepareHistoryForCurrentTaskList() - m_currentTaskList=145
D 22:11:07.8603353 PowerProcessor.EndCurrentTaskList() - m_currentTaskList=145
D 22:11:07.8639608 PowerTaskList.DebugDump() - ID=146 ParentID=0 PreviousID=142 TaskCount=2
D 22:11:07.8639608 PowerTaskList.DebugDump() - Block Start=(null)
D 22:11:07.8639608 PowerTaskList.DebugPrintPower() -     TAG_CHANGE Entity=GameEntity tag=1323 value=7 
D 22:11:07.8639608 PowerTaskList.DebugPrintPower() -     TAG_CHANGE Entity=加斯帕的礼物#5438 tag=NUM_OPTIONS_PLAYED_THIS_TURN value=2 
D 22:11:07.8639608 PowerTaskList.DebugPrintPower() - BLOCK_END
D 22:11:07.8639608 PowerProcessor.PrepareHistoryForCurrentTaskList() - m_currentTaskList=146
D 22:11:07.8639608 PowerProcessor.DoTaskListForCard() - unhandled BlockType PLAY for sourceEntity [entityName=异教低阶牧师 id=71 zone=PLAY zonePos=1 cardId=CORE_SCH_713 player=2]
D 22:11:07.8639608 PowerProcessor.EndCurrentTaskList() - m_currentTaskList=146
D 22:11:07.8639608 PowerTaskList.DebugDump() - ID=147 ParentID=142 PreviousID=0 TaskCount=11
D 22:11:07.8639608 PowerTaskList.DebugPrintPower() - BLOCK_START BlockType=TRIGGER Entity=[entityName= id=125 zone=PLAY zonePos=0 cardId=GBL_999e player=2] EffectCardId=System.Collections.Generic.List`1[System.String] EffectIndex=2 Target=0 SubOption=-1 TriggerKeyword=TAG_NOT_SET
D 22:11:07.8639608 PowerTaskList.DebugPrintPower() -     TAG_CHANGE Entity=[entityName=异教低阶牧师 id=71 zone=PLAY zonePos=1 cardId=CORE_SCH_713 player=2] tag=4108 value=1 
D 22:11:07.8639608 PowerTaskList.DebugPrintPower() -     TAG_CHANGE Entity=[entityName= id=125 zone=PLAY zonePos=0 cardId=GBL_999e player=2] tag=2747 value=125 
D 22:11:07.8639608 PowerTaskList.DebugPrintPower() -     TAG_CHANGE Entity=[entityName= id=125 zone=PLAY zonePos=0 cardId=GBL_999e player=2] tag=4741 value=1 
D 22:11:07.8639608 PowerTaskList.DebugPrintPower() -     TAG_CHANGE Entity=[entityName= id=125 zone=PLAY zonePos=0 cardId=GBL_999e player=2] tag=LAST_AFFECTED_BY value=125 
D 22:11:07.8639608 PowerTaskList.DebugPrintPower() -     TAG_CHANGE Entity=[entityName= id=125 zone=PLAY zonePos=0 cardId=GBL_999e player=2] tag=1068 value=4 
D 22:11:07.8639608 PowerTaskList.DebugPrintPower() -     TAG_CHANGE Entity=[entityName= id=125 zone=PLAY zonePos=0 cardId=GBL_999e player=2] tag=1068 value=0 
D 22:11:07.8639608 PowerTaskList.DebugPrintPower() -     TAG_CHANGE Entity=[entityName= id=125 zone=PLAY zonePos=0 cardId=GBL_999e player=2] tag=ZONE value=GRAVEYARD 
D 22:11:07.8639608 PowerTaskList.DebugPrintPower() -     TAG_CHANGE Entity=[entityName= id=125 zone=PLAY zonePos=0 cardId=GBL_999e player=2] tag=1234 value=71 
D 22:11:07.8639608 PowerTaskList.DebugPrintPower() -     HIDE_ENTITY - Entity=[entityName= id=125 zone=PLAY zonePos=0 cardId=GBL_999e player=2] tag=ZONE value=GRAVEYARD
D 22:11:07.8639608 PowerTaskList.DebugPrintPower() -     TAG_CHANGE Entity=[entityName=异教低阶牧师 id=71 zone=PLAY zonePos=1 cardId=CORE_SCH_713 player=2] tag=VALEERASHADOW value=0 
D 22:11:07.8639608 PowerTaskList.DebugPrintPower() -     TAG_CHANGE Entity=[entityName=异教低阶牧师 id=71 zone=PLAY zonePos=1 cardId=CORE_SCH_713 player=2] tag=3630 value=0 
D 22:11:07.8639608 PowerTaskList.DebugPrintPower() - BLOCK_END
D 22:11:07.8639608 PowerProcessor.PrepareHistoryForCurrentTaskList() - m_currentTaskList=147
D 22:11:07.8718614 PowerProcessor.EndCurrentTaskList() - m_currentTaskList=147
D 22:11:07.8787710 PowerTaskList.DebugDump() - ID=148 ParentID=0 PreviousID=0 TaskCount=1
D 22:11:07.8787710 PowerTaskList.DebugDump() - Block Start=(null)
D 22:11:07.8787710 PowerTaskList.DebugPrintPower() -     META_DATA - Meta=SLUSH_TIME Data=1000 InfoCount=1
D 22:11:07.8787710 PowerTaskList.DebugPrintPower() -                 Info[0] = [entityName=异教低阶牧师 id=71 zone=PLAY zonePos=1 cardId=CORE_SCH_713 player=2]
D 22:11:07.8787710 PowerTaskList.DebugDump() - Block End=(null)
D 22:11:07.8787710 PowerProcessor.PrepareHistoryForCurrentTaskList() - m_currentTaskList=148
D 22:11:07.8787710 PowerProcessor.EndCurrentTaskList() - m_currentTaskList=148
D 22:11:08.3376691 GameState.DebugPrintPowerList() - Count=85
D 22:11:08.3376691 GameState.DebugPrintPower() - TAG_CHANGE Entity=[entityName=异教低阶牧师 id=71 zone=PLAY zonePos=1 cardId=CORE_SCH_713 player=2] tag=1196 value=0 
D 22:11:08.3376691 GameState.DebugPrintPower() - TAG_CHANGE Entity=GameEntity tag=STEP value=MAIN_END 
D 22:11:08.3376691 GameState.DebugPrintPower() - BLOCK_START BlockType=TRIGGER Entity=湫然#51704 EffectCardId=System.Collections.Generic.List`1[System.String] EffectIndex=-1 Target=0 SubOption=-1 TriggerKeyword=TAG_NOT_SET
D 22:11:08.3376691 GameState.DebugPrintPower() - BLOCK_END
D 22:11:08.3376691 GameState.DebugPrintPower() - BLOCK_START BlockType=TRIGGER Entity=加斯帕的礼物#5438 EffectCardId=System.Collections.Generic.List`1[System.String] EffectIndex=-1 Target=0 SubOption=-1 TriggerKeyword=TAG_NOT_SET
D 22:11:08.3376691 GameState.DebugPrintPower() -     TAG_CHANGE Entity=GameEntity tag=NEXT_STEP value=MAIN_CLEANUP 
D 22:11:08.3376691 GameState.DebugPrintPower() - BLOCK_END
D 22:11:08.3376691 GameState.DebugPrintPower() - BLOCK_START BlockType=TRIGGER Entity=加斯帕的礼物#5438 EffectCardId=System.Collections.Generic.List`1[System.String] EffectIndex=-1 Target=0 SubOption=-1 TriggerKeyword=TAG_NOT_SET
D 22:11:08.3376691 GameState.DebugPrintPower() - BLOCK_END
D 22:11:08.3376691 GameState.DebugPrintPower() - TAG_CHANGE Entity=GameEntity tag=STEP value=MAIN_CLEANUP 
D 22:11:08.3376691 GameState.DebugPrintPower() - BLOCK_START BlockType=TRIGGER Entity=湫然#51704 EffectCardId=System.Collections.Generic.List`1[System.String] EffectIndex=-1 Target=0 SubOption=-1 TriggerKeyword=TAG_NOT_SET
D 22:11:08.3376691 GameState.DebugPrintPower() - BLOCK_END
D 22:11:08.3376691 GameState.DebugPrintPower() - BLOCK_START BlockType=TRIGGER Entity=加斯帕的礼物#5438 EffectCardId=System.Collections.Generic.List`1[System.String] EffectIndex=-1 Target=0 SubOption=-1 TriggerKeyword=TAG_NOT_SET
D 22:11:08.3376691 GameState.DebugPrintPower() -     TAG_CHANGE Entity=[entityName=异教低阶牧师 id=71 zone=PLAY zonePos=1 cardId=CORE_SCH_713 player=2] tag=JUST_PLAYED value=0 
D 22:11:08.3376691 GameState.DebugPrintPower() -     TAG_CHANGE Entity=加斯帕的礼物#5438 tag=1854 value=1 
D 22:11:08.3376691 GameState.DebugPrintPower() -     TAG_CHANGE Entity=加斯帕的礼物#5438 tag=COMBO_ACTIVE value=0 
D 22:11:08.3376691 GameState.DebugPrintPower() -     TAG_CHANGE Entity=GameEntity tag=NEXT_STEP value=MAIN_NEXT 
D 22:11:08.3376691 GameState.DebugPrintPower() -     TAG_CHANGE Entity=[entityName=征战时光之末 id=49 zone=SECRET zonePos=0 cardId=END_017 player=2] tag=EXHAUSTED value=0 
D 22:11:08.3376691 GameState.DebugPrintPower() - BLOCK_END
D 22:11:08.3376691 GameState.DebugPrintPower() - TAG_CHANGE Entity=GameEntity tag=STEP value=MAIN_NEXT 
D 22:11:08.3376691 GameState.DebugPrintPower() - BLOCK_START BlockType=TRIGGER Entity=GameEntity EffectCardId=System.Collections.Generic.List`1[System.String] EffectIndex=-1 Target=0 SubOption=-1 TriggerKeyword=TAG_NOT_SET
D 22:11:08.3376691 GameState.DebugPrintPower() -     TAG_CHANGE Entity=加斯帕的礼物#5438 tag=1292 value=0 
D 22:11:08.3376691 GameState.DebugPrintPower() -     TAG_CHANGE Entity=湫然#51704 tag=1292 value=1 
D 22:11:08.3376691 GameState.DebugPrintPower() -     TAG_CHANGE Entity=[entityName=水栖形态 id=10 zone=HAND zonePos=1 cardId=TSC_654 player=1] tag=NUM_TURNS_IN_HAND value=7 
D 22:11:08.3376691 GameState.DebugPrintPower() -     TAG_CHANGE Entity=[entityName=激活 id=26 zone=HAND zonePos=2 cardId=EX1_169 player=1] tag=NUM_TURNS_IN_HAND value=7 
D 22:11:08.3376691 GameState.DebugPrintPower() -     TAG_CHANGE Entity=[entityName=虚灵改装师 id=11 zone=HAND zonePos=3 cardId=BT_724 player=1] tag=NUM_TURNS_IN_HAND value=7 
D 22:11:08.3376691 GameState.DebugPrintPower() -     TAG_CHANGE Entity=[entityName=激活 id=4 zone=HAND zonePos=4 cardId=EX1_169 player=1] tag=NUM_TURNS_IN_HAND value=5 
D 22:11:08.3376691 GameState.DebugPrintPower() -     TAG_CHANGE Entity=[entityName=黑市拍卖师 id=43 zone=HAND zonePos=5 cardId=JAIL_718 player=1] tag=NUM_TURNS_IN_HAND value=5 
D 22:11:08.3376691 GameState.DebugPrintPower() -     TAG_CHANGE Entity=[entityName=光子炮台 id=35 zone=HAND zonePos=6 cardId=SC_753 player=1] tag=NUM_TURNS_IN_HAND value=3 
D 22:11:08.3376691 GameState.DebugPrintPower() -     TAG_CHANGE Entity=加斯帕的礼物#5438 tag=CURRENT_PLAYER value=0 
D 22:11:08.3376691 GameState.DebugPrintPower() -     TAG_CHANGE Entity=湫然#51704 tag=CURRENT_PLAYER value=1 
D 22:11:08.3376691 GameState.DebugPrintPower() -     TAG_CHANGE Entity=GameEntity tag=TURN value=7 
D 22:11:08.3376691 GameState.DebugPrintPower() -     TAG_CHANGE Entity=GameEntity tag=1882 value=6 
D 22:11:08.3376691 GameState.DebugPrintPower() -     TAG_CHANGE Entity=湫然#51704 tag=TURN value=4 
D 22:11:08.3376691 GameState.DebugPrintPower() -     TAG_CHANGE Entity=GameEntity tag=NEXT_STEP value=MAIN_READY 
D 22:11:08.3376691 GameState.DebugPrintPower() - BLOCK_END
D 22:11:08.3376691 GameState.DebugPrintPower() - TAG_CHANGE Entity=[entityName=光子炮台 id=35 zone=HAND zonePos=6 cardId=SC_753 player=1] tag=TAG_LAST_KNOWN_COST_IN_HAND value=3 
D 22:11:08.3376691 GameState.DebugPrintPower() - TAG_CHANGE Entity=[entityName=激活 id=26 zone=HAND zonePos=2 cardId=EX1_169 player=1] tag=TAG_LAST_KNOWN_COST_IN_HAND value=1 
D 22:11:08.3376691 GameState.DebugPrintPower() - TAG_CHANGE Entity=[entityName=水栖形态 id=10 zone=HAND zonePos=1 cardId=TSC_654 player=1] tag=TAG_LAST_KNOWN_COST_IN_HAND value=1 
D 22:11:08.3376691 GameState.DebugPrintPower() - TAG_CHANGE Entity=[entityName=激活 id=4 zone=HAND zonePos=4 cardId=EX1_169 player=1] tag=TAG_LAST_KNOWN_COST_IN_HAND value=1 
D 22:11:08.3376691 GameState.DebugPrintPower() - TAG_CHANGE Entity=[entityName=光子炮台 id=35 zone=HAND zonePos=6 cardId=SC_753 player=1] tag=COST value=3 
D 22:11:08.3376691 GameState.DebugPrintPower() - TAG_CHANGE Entity=[entityName=激活 id=26 zone=HAND zonePos=2 cardId=EX1_169 player=1] tag=COST value=1 
D 22:11:08.3376691 GameState.DebugPrintPower() - TAG_CHANGE Entity=[entityName=水栖形态 id=10 zone=HAND zonePos=1 cardId=TSC_654 player=1] tag=COST value=1 
D 22:11:08.3376691 GameState.DebugPrintPower() - TAG_CHANGE Entity=[entityName=激活 id=4 zone=HAND zonePos=4 cardId=EX1_169 player=1] tag=COST value=1 
D 22:11:08.3376691 GameState.DebugPrintPower() - TAG_CHANGE Entity=GameEntity tag=STEP value=MAIN_READY 
D 22:11:08.3376691 GameState.DebugPrintPower() - BLOCK_START BlockType=TRIGGER Entity=湫然#51704 EffectCardId=System.Collections.Generic.List`1[System.String] EffectIndex=-1 Target=0 SubOption=-1 TriggerKeyword=TAG_NOT_SET
D 22:11:08.3376691 GameState.DebugPrintPower() -     TAG_CHANGE Entity=GameEntity tag=NUM_TURNS_IN_PLAY value=7 
D 22:11:08.3376691 GameState.DebugPrintPower() -     TAG_CHANGE Entity=湫然#51704 tag=NUM_TURNS_IN_PLAY value=7 
D 22:11:08.3376691 GameState.DebugPrintPower() -     TAG_CHANGE Entity=加斯帕的礼物#5438 tag=NUM_TURNS_IN_PLAY value=7 
D 22:11:08.3376691 GameState.DebugPrintPower() -     TAG_CHANGE Entity=[entityName=嘲风望月露娜拉 id=90 zone=PLAY zonePos=0 cardId=HERO_06bi player=1] tag=NUM_TURNS_IN_PLAY value=7 
D 22:11:08.3376691 GameState.DebugPrintPower() -     TAG_CHANGE Entity=[entityName=变形 id=91 zone=PLAY zonePos=0 cardId=HERO_06ebp player=1] tag=NUM_TURNS_IN_PLAY value=7 
D 22:11:08.3376691 GameState.DebugPrintPower() -     TAG_CHANGE Entity=[entityName=胜地古神恩佐斯 id=92 zone=PLAY zonePos=0 cardId=HERO_07at player=2] tag=NUM_TURNS_IN_PLAY value=7 
D 22:11:08.3376691 GameState.DebugPrintPower() -     TAG_CHANGE Entity=[entityName=生命分流 id=93 zone=PLAY zonePos=0 cardId=HERO_07ebp player=2] tag=NUM_TURNS_IN_PLAY value=7 
D 22:11:08.3376691 GameState.DebugPrintPower() -     TAG_CHANGE Entity=[entityName=异教低阶牧师 id=71 zone=PLAY zonePos=1 cardId=CORE_SCH_713 player=2] tag=NUM_TURNS_IN_PLAY value=1 
D 22:11:08.3376691 GameState.DebugPrintPower() -     TAG_CHANGE Entity=[entityName=征战时光之末 id=49 zone=SECRET zonePos=0 cardId=END_017 player=2] tag=NUM_TURNS_IN_PLAY value=5 
D 22:11:08.3376691 GameState.DebugPrintPower() -     TAG_CHANGE Entity=湫然#51704 tag=RESOURCES value=4 
D 22:11:08.3376691 GameState.DebugPrintPower() -     TAG_CHANGE Entity=湫然#51704 tag=RESOURCES_USED value=0 
D 22:11:08.3376691 GameState.DebugPrintPower() -     TAG_CHANGE Entity=湫然#51704 tag=NUM_OPTIONS_PLAYED_THIS_TURN value=0 
D 22:11:08.3376691 GameState.DebugPrintPower() -     TAG_CHANGE Entity=湫然#51704 tag=3242 value=0 
D 22:11:08.3376691 GameState.DebugPrintPower() -     TAG_CHANGE Entity=加斯帕的礼物#5438 tag=NUM_CARDS_DRAWN_THIS_TURN value=0 
D 22:11:08.3376691 GameState.DebugPrintPower() -     TAG_CHANGE Entity=GameEntity tag=NEXT_STEP value=MAIN_START_TRIGGERS 
D 22:11:08.3376691 GameState.DebugPrintPower() - BLOCK_END
D 22:11:08.3376691 GameState.DebugPrintPower() - TAG_CHANGE Entity=GameEntity tag=STEP value=MAIN_START_TRIGGERS 
D 22:11:08.3376691 GameState.DebugPrintPower() - BLOCK_START BlockType=TRIGGER Entity=湫然#51704 EffectCardId=System.Collections.Generic.List`1[System.String] EffectIndex=-1 Target=0 SubOption=-1 TriggerKeyword=TAG_NOT_SET
D 22:11:08.3376691 GameState.DebugPrintPower() -     TAG_CHANGE Entity=GameEntity tag=NEXT_STEP value=MAIN_START 
D 22:11:08.3376691 GameState.DebugPrintPower() - BLOCK_END
D 22:11:08.3376691 GameState.DebugPrintPower() - TAG_CHANGE Entity=GameEntity tag=STEP value=MAIN_START 
D 22:11:08.3376691 GameState.DebugPrintPower() - BLOCK_START BlockType=TRIGGER Entity=湫然#51704 EffectCardId=System.Collections.Generic.List`1[System.String] EffectIndex=-1 Target=0 SubOption=-1 TriggerKeyword=TAG_NOT_SET
D 22:11:08.3376691 GameState.DebugPrintPower() -     TAG_CHANGE Entity=湫然#51704 tag=2166 value=15 
D 22:11:08.3376691 GameState.DebugPrintPower() -     TAG_CHANGE Entity=湫然#51704 tag=467 value=1 
D 22:11:08.3376691 GameState.DebugPrintPower() -     SHOW_ENTITY - Updating Entity=[entityName=UNKNOWN ENTITY [cardType=INVALID] id=15 zone=DECK zonePos=0 cardId= player=1] CardID=VAC_519
D 22:11:08.3376691 GameState.DebugPrintPower() -         tag=CONTROLLER value=1
D 22:11:08.3376691 GameState.DebugPrintPower() -         tag=CARDTYPE value=MINION
D 22:11:08.3376691 GameState.DebugPrintPower() -         tag=TAG_LAST_KNOWN_COST_IN_HAND value=5
D 22:11:08.3376691 GameState.DebugPrintPower() -         tag=479 value=5
D 22:11:08.3376691 GameState.DebugPrintPower() -         tag=COST value=5
D 22:11:08.3376691 GameState.DebugPrintPower() -         tag=ATK value=5
D 22:11:08.3376691 GameState.DebugPrintPower() -         tag=HEALTH value=5
D 22:11:08.3376691 GameState.DebugPrintPower() -         tag=ZONE value=HAND
D 22:11:08.3376691 GameState.DebugPrintPower() -         tag=ENTITY_ID value=15
D 22:11:08.3376691 GameState.DebugPrintPower() -         tag=ELITE value=1
D 22:11:08.3376691 GameState.DebugPrintPower() -         tag=CLASS value=DRUID
D 22:11:08.3376691 GameState.DebugPrintPower() -         tag=RARITY value=LEGENDARY
D 22:11:08.3376691 GameState.DebugPrintPower() -         tag=BATTLECRY value=1
D 22:11:08.3376691 GameState.DebugPrintPower() -         tag=478 value=1
D 22:11:08.3376691 GameState.DebugPrintPower() -         tag=1037 value=1
D 22:11:08.3376691 GameState.DebugPrintPower() -         tag=1043 value=1
D 22:11:08.3376691 GameState.DebugPrintPower() -         tag=1068 value=0
D 22:11:08.3376691 GameState.DebugPrintPower() -         tag=SPAWN_TIME_COUNT value=1
D 22:11:08.3376691 GameState.DebugPrintPower() -         tag=1724 value=1
D 22:11:08.3376691 GameState.DebugPrintPower() -         tag=HAS_SIGNATURE_QUALITY value=1
D 22:11:08.3376691 GameState.DebugPrintPower() -         tag=HAS_ACTIVATE_POWER value=1
D 22:11:08.3376691 GameState.DebugPrintPower() -         tag=2936 value=1
D 22:11:08.3376691 GameState.DebugPrintPower() -         tag=3085 value=5
D 22:11:08.3376691 GameState.DebugPrintPower() -         tag=TOURIST value=4
D 22:11:08.3376691 GameState.DebugPrintPower() -         tag=MAGE_TOURIST value=1
D 22:11:08.3376691 GameState.DebugPrintPower() -         tag=4472 value=5
D 22:11:08.3376691 GameState.DebugPrintPower() -     TAG_CHANGE Entity=[entityName=UNKNOWN ENTITY [cardType=INVALID] id=15 zone=DECK zonePos=0 cardId= player=1] tag=NUM_TURNS_IN_HAND value=1 
D 22:11:08.3376691 GameState.DebugPrintPower() -     TAG_CHANGE Entity=[entityName=UNKNOWN ENTITY [cardType=INVALID] id=15 zone=DECK zonePos=0 cardId= player=1] tag=ZONE_POSITION value=7 
D 22:11:08.3376691 GameState.DebugPrintPower() -     TAG_CHANGE Entity=[entityName=UNKNOWN ENTITY [cardType=INVALID] id=15 zone=DECK zonePos=0 cardId= player=1] tag=ZONE_POSITION value=0 
D 22:11:08.3376691 GameState.DebugPrintPower() -     TAG_CHANGE Entity=[entityName=UNKNOWN ENTITY [cardType=INVALID] id=15 zone=DECK zonePos=0 cardId= player=1] tag=ZONE_POSITION value=7 
D 22:11:08.3376691 GameState.DebugPrintPower() -     TAG_CHANGE Entity=湫然#51704 tag=NUM_CARDS_DRAWN_THIS_TURN value=1 
D 22:11:08.3376691 GameState.DebugPrintPower() -     TAG_CHANGE Entity=湫然#51704 tag=995 value=6 
D 22:11:08.3376691 GameState.DebugPrintPower() -     TAG_CHANGE Entity=[entityName=UNKNOWN ENTITY [cardType=INVALID] id=15 zone=DECK zonePos=0 cardId= player=1] tag=1570 value=7 
D 22:11:08.3376691 GameState.DebugPrintPower() -     TAG_CHANGE Entity=湫然#51704 tag=467 value=0 
D 22:11:08.3376691 GameState.DebugPrintPower() -     TAG_CHANGE Entity=GameEntity tag=NEXT_STEP value=MAIN_ACTION 
D 22:11:08.3376691 GameState.DebugPrintPower() - BLOCK_END
D 22:11:08.3376691 GameState.DebugPrintPower() - TAG_CHANGE Entity=GameEntity tag=STEP value=MAIN_ACTION 
D 22:11:08.3376691 GameState.DebugPrintPower() - BLOCK_START BlockType=TRIGGER Entity=湫然#51704 EffectCardId=System.Collections.Generic.List`1[System.String] EffectIndex=-1 Target=0 SubOption=-1 TriggerKeyword=TAG_NOT_SET
D 22:11:08.3376691 GameState.DebugPrintPower() -     TAG_CHANGE Entity=GameEntity tag=NEXT_STEP value=MAIN_END 
D 22:11:08.3376691 GameState.DebugPrintPower() - BLOCK_END
D 22:11:08.3376691 PowerTaskList.DebugDump() - ID=149 ParentID=0 PreviousID=0 TaskCount=2
D 22:11:08.3376691 PowerTaskList.DebugDump() - Block Start=(null)
D 22:11:08.3376691 PowerTaskList.DebugPrintPower() -     TAG_CHANGE Entity=[entityName=异教低阶牧师 id=71 zone=PLAY zonePos=1 cardId=CORE_SCH_713 player=2] tag=1196 value=0 
D 22:11:08.3376691 PowerTaskList.DebugPrintPower() -     TAG_CHANGE Entity=GameEntity tag=STEP value=MAIN_END 
D 22:11:08.3376691 PowerTaskList.DebugDump() - Block End=(null)
D 22:11:08.3376691 PowerProcessor.PrepareHistoryForCurrentTaskList() - m_currentTaskList=149
D 22:11:08.3376691 PowerProcessor.EndCurrentTaskList() - m_currentTaskList=149
D 22:11:08.3376691 PowerTaskList.DebugDump() - ID=150 ParentID=149 PreviousID=0 TaskCount=0
D 22:11:08.3376691 PowerTaskList.DebugPrintPower() - BLOCK_START BlockType=TRIGGER Entity=湫然#51704 EffectCardId=System.Collections.Generic.List`1[System.String] EffectIndex=-1 Target=0 SubOption=-1 TriggerKeyword=TAG_NOT_SET
D 22:11:08.3376691 PowerTaskList.DebugPrintPower() - BLOCK_END
D 22:11:08.3376691 PowerProcessor.PrepareHistoryForCurrentTaskList() - m_currentTaskList=150
D 22:11:08.3376691 PowerProcessor.EndCurrentTaskList() - m_currentTaskList=150
D 22:11:08.3376691 PowerTaskList.DebugDump() - ID=151 ParentID=0 PreviousID=0 TaskCount=1
D 22:11:08.3376691 PowerTaskList.DebugPrintPower() - BLOCK_START BlockType=TRIGGER Entity=加斯帕的礼物#5438 EffectCardId=System.Collections.Generic.List`1[System.String] EffectIndex=-1 Target=0 SubOption=-1 TriggerKeyword=TAG_NOT_SET
D 22:11:08.3376691 PowerTaskList.DebugPrintPower() -     TAG_CHANGE Entity=GameEntity tag=NEXT_STEP value=MAIN_CLEANUP 
D 22:11:08.3376691 PowerTaskList.DebugPrintPower() - BLOCK_END
D 22:11:08.3376691 PowerProcessor.PrepareHistoryForCurrentTaskList() - m_currentTaskList=151
D 22:11:08.3376691 PowerProcessor.EndCurrentTaskList() - m_currentTaskList=151
D 22:11:08.3376691 PowerTaskList.DebugDump() - ID=152 ParentID=0 PreviousID=0 TaskCount=0
D 22:11:08.3376691 PowerTaskList.DebugPrintPower() - BLOCK_START BlockType=TRIGGER Entity=加斯帕的礼物#5438 EffectCardId=System.Collections.Generic.List`1[System.String] EffectIndex=-1 Target=0 SubOption=-1 TriggerKeyword=TAG_NOT_SET
D 22:11:08.3376691 PowerTaskList.DebugPrintPower() - BLOCK_END
D 22:11:08.3376691 PowerProcessor.PrepareHistoryForCurrentTaskList() - m_currentTaskList=152
D 22:11:08.3376691 PowerProcessor.EndCurrentTaskList() - m_currentTaskList=152
D 22:11:08.3376691 PowerTaskList.DebugDump() - ID=153 ParentID=0 PreviousID=0 TaskCount=1
D 22:11:08.3376691 PowerTaskList.DebugDump() - Block Start=(null)
D 22:11:08.3376691 PowerTaskList.DebugPrintPower() -     TAG_CHANGE Entity=GameEntity tag=STEP value=MAIN_CLEANUP 
D 22:11:08.3376691 PowerTaskList.DebugDump() - Block End=(null)
D 22:11:08.3376691 PowerProcessor.PrepareHistoryForCurrentTaskList() - m_currentTaskList=153
D 22:11:08.3376691 PowerProcessor.EndCurrentTaskList() - m_currentTaskList=153
D 22:11:08.3376691 PowerTaskList.DebugDump() - ID=154 ParentID=0 PreviousID=0 TaskCount=0
D 22:11:08.3376691 PowerTaskList.DebugPrintPower() - BLOCK_START BlockType=TRIGGER Entity=湫然#51704 EffectCardId=System.Collections.Generic.List`1[System.String] EffectIndex=-1 Target=0 SubOption=-1 TriggerKeyword=TAG_NOT_SET
D 22:11:08.3376691 PowerTaskList.DebugPrintPower() - BLOCK_END
D 22:11:08.3376691 PowerProcessor.PrepareHistoryForCurrentTaskList() - m_currentTaskList=154
D 22:11:08.3376691 PowerProcessor.EndCurrentTaskList() - m_currentTaskList=154
D 22:11:08.3376691 PowerTaskList.DebugDump() - ID=155 ParentID=0 PreviousID=0 TaskCount=5
D 22:11:08.3376691 PowerTaskList.DebugPrintPower() - BLOCK_START BlockType=TRIGGER Entity=加斯帕的礼物#5438 EffectCardId=System.Collections.Generic.List`1[System.String] EffectIndex=-1 Target=0 SubOption=-1 TriggerKeyword=TAG_NOT_SET
D 22:11:08.3376691 PowerTaskList.DebugPrintPower() -     TAG_CHANGE Entity=[entityName=异教低阶牧师 id=71 zone=PLAY zonePos=1 cardId=CORE_SCH_713 player=2] tag=JUST_PLAYED value=0 
D 22:11:08.3376691 PowerTaskList.DebugPrintPower() -     TAG_CHANGE Entity=加斯帕的礼物#5438 tag=1854 value=1 
D 22:11:08.3376691 PowerTaskList.DebugPrintPower() -     TAG_CHANGE Entity=加斯帕的礼物#5438 tag=COMBO_ACTIVE value=0 
D 22:11:08.3376691 PowerTaskList.DebugPrintPower() -     TAG_CHANGE Entity=GameEntity tag=NEXT_STEP value=MAIN_NEXT 
D 22:11:08.3376691 PowerTaskList.DebugPrintPower() -     TAG_CHANGE Entity=[entityName=征战时光之末 id=49 zone=SECRET zonePos=0 cardId=END_017 player=2] tag=EXHAUSTED value=0 
D 22:11:08.3376691 PowerTaskList.DebugPrintPower() - BLOCK_END
D 22:11:08.3376691 PowerProcessor.PrepareHistoryForCurrentTaskList() - m_currentTaskList=155
D 22:11:08.3376691 PowerProcessor.EndCurrentTaskList() - m_currentTaskList=155
D 22:11:08.3376691 PowerTaskList.DebugDump() - ID=156 ParentID=0 PreviousID=0 TaskCount=1
D 22:11:08.3376691 PowerTaskList.DebugDump() - Block Start=(null)
D 22:11:08.3376691 PowerTaskList.DebugPrintPower() -     TAG_CHANGE Entity=GameEntity tag=STEP value=MAIN_NEXT 
D 22:11:08.3376691 PowerTaskList.DebugDump() - Block End=(null)
D 22:11:08.3376691 PowerProcessor.PrepareHistoryForCurrentTaskList() - m_currentTaskList=156
D 22:11:08.3376691 PowerProcessor.EndCurrentTaskList() - m_currentTaskList=156
D 22:11:08.3376691 PowerTaskList.DebugDump() - ID=157 ParentID=0 PreviousID=0 TaskCount=14
D 22:11:08.3376691 PowerTaskList.DebugPrintPower() - BLOCK_START BlockType=TRIGGER Entity=GameEntity EffectCardId=System.Collections.Generic.List`1[System.String] EffectIndex=-1 Target=0 SubOption=-1 TriggerKeyword=TAG_NOT_SET
D 22:11:08.3376691 PowerTaskList.DebugPrintPower() -     TAG_CHANGE Entity=加斯帕的礼物#5438 tag=1292 value=0 
D 22:11:08.3376691 PowerTaskList.DebugPrintPower() -     TAG_CHANGE Entity=湫然#51704 tag=1292 value=1 
D 22:11:08.3376691 PowerTaskList.DebugPrintPower() -     TAG_CHANGE Entity=[entityName=水栖形态 id=10 zone=HAND zonePos=1 cardId=TSC_654 player=1] tag=NUM_TURNS_IN_HAND value=7 
D 22:11:08.3376691 PowerTaskList.DebugPrintPower() -     TAG_CHANGE Entity=[entityName=激活 id=26 zone=HAND zonePos=2 cardId=EX1_169 player=1] tag=NUM_TURNS_IN_HAND value=7 
D 22:11:08.3376691 PowerTaskList.DebugPrintPower() -     TAG_CHANGE Entity=[entityName=虚灵改装师 id=11 zone=HAND zonePos=3 cardId=BT_724 player=1] tag=NUM_TURNS_IN_HAND value=7 
D 22:11:08.3376691 PowerTaskList.DebugPrintPower() -     TAG_CHANGE Entity=[entityName=激活 id=4 zone=HAND zonePos=4 cardId=EX1_169 player=1] tag=NUM_TURNS_IN_HAND value=5 
D 22:11:08.3376691 PowerTaskList.DebugPrintPower() -     TAG_CHANGE Entity=[entityName=黑市拍卖师 id=43 zone=HAND zonePos=5 cardId=JAIL_718 player=1] tag=NUM_TURNS_IN_HAND value=5 
D 22:11:08.3376691 PowerTaskList.DebugPrintPower() -     TAG_CHANGE Entity=[entityName=光子炮台 id=35 zone=HAND zonePos=6 cardId=SC_753 player=1] tag=NUM_TURNS_IN_HAND value=3 
D 22:11:08.3376691 PowerTaskList.DebugPrintPower() -     TAG_CHANGE Entity=加斯帕的礼物#5438 tag=CURRENT_PLAYER value=0 
D 22:11:08.3376691 PowerTaskList.DebugPrintPower() -     TAG_CHANGE Entity=湫然#51704 tag=CURRENT_PLAYER value=1 
D 22:11:08.3376691 PowerTaskList.DebugPrintPower() -     TAG_CHANGE Entity=GameEntity tag=TURN value=7 
D 22:11:08.3376691 PowerTaskList.DebugPrintPower() -     TAG_CHANGE Entity=GameEntity tag=1882 value=6 
D 22:11:08.3376691 PowerTaskList.DebugPrintPower() -     TAG_CHANGE Entity=湫然#51704 tag=TURN value=4 
D 22:11:08.3376691 PowerTaskList.DebugPrintPower() -     TAG_CHANGE Entity=GameEntity tag=NEXT_STEP value=MAIN_READY 
D 22:11:08.3376691 PowerTaskList.DebugPrintPower() - BLOCK_END
D 22:11:08.3376691 PowerProcessor.PrepareHistoryForCurrentTaskList() - m_currentTaskList=157
D 22:11:08.3376691 PowerProcessor.EndCurrentTaskList() - m_currentTaskList=157
D 22:11:08.3376691 PowerTaskList.DebugDump() - ID=158 ParentID=0 PreviousID=0 TaskCount=9
D 22:11:08.3376691 PowerTaskList.DebugDump() - Block Start=(null)
D 22:11:08.3376691 PowerTaskList.DebugPrintPower() -     TAG_CHANGE Entity=[entityName=光子炮台 id=35 zone=HAND zonePos=6 cardId=SC_753 player=1] tag=TAG_LAST_KNOWN_COST_IN_HAND value=3 
D 22:11:08.3376691 PowerTaskList.DebugPrintPower() -     TAG_CHANGE Entity=[entityName=激活 id=26 zone=HAND zonePos=2 cardId=EX1_169 player=1] tag=TAG_LAST_KNOWN_COST_IN_HAND value=1 
D 22:11:08.3376691 PowerTaskList.DebugPrintPower() -     TAG_CHANGE Entity=[entityName=水栖形态 id=10 zone=HAND zonePos=1 cardId=TSC_654 player=1] tag=TAG_LAST_KNOWN_COST_IN_HAND value=1 
D 22:11:08.3376691 PowerTaskList.DebugPrintPower() -     TAG_CHANGE Entity=[entityName=激活 id=4 zone=HAND zonePos=4 cardId=EX1_169 player=1] tag=TAG_LAST_KNOWN_COST_IN_HAND value=1 
D 22:11:08.3376691 PowerTaskList.DebugPrintPower() -     TAG_CHANGE Entity=[entityName=光子炮台 id=35 zone=HAND zonePos=6 cardId=SC_753 player=1] tag=COST value=3 
D 22:11:08.3376691 PowerTaskList.DebugPrintPower() -     TAG_CHANGE Entity=[entityName=激活 id=26 zone=HAND zonePos=2 cardId=EX1_169 player=1] tag=COST value=1 
D 22:11:08.3376691 PowerTaskList.DebugPrintPower() -     TAG_CHANGE Entity=[entityName=水栖形态 id=10 zone=HAND zonePos=1 cardId=TSC_654 player=1] tag=COST value=1 
D 22:11:08.3376691 PowerTaskList.DebugPrintPower() -     TAG_CHANGE Entity=[entityName=激活 id=4 zone=HAND zonePos=4 cardId=EX1_169 player=1] tag=COST value=1 
D 22:11:08.3376691 PowerTaskList.DebugPrintPower() -     TAG_CHANGE Entity=GameEntity tag=STEP value=MAIN_READY 
D 22:11:08.3376691 PowerTaskList.DebugDump() - Block End=(null)
D 22:11:08.3376691 PowerProcessor.PrepareHistoryForCurrentTaskList() - m_currentTaskList=158
D 22:11:08.3376691 PowerProcessor.EndCurrentTaskList() - m_currentTaskList=158
D 22:11:08.3376691 PowerTaskList.DebugDump() - ID=159 ParentID=0 PreviousID=0 TaskCount=15
D 22:11:08.3376691 PowerTaskList.DebugPrintPower() - BLOCK_START BlockType=TRIGGER Entity=湫然#51704 EffectCardId=System.Collections.Generic.List`1[System.String] EffectIndex=-1 Target=0 SubOption=-1 TriggerKeyword=TAG_NOT_SET
D 22:11:08.3376691 PowerTaskList.DebugPrintPower() -     TAG_CHANGE Entity=GameEntity tag=NUM_TURNS_IN_PLAY value=7 
D 22:11:08.3376691 PowerTaskList.DebugPrintPower() -     TAG_CHANGE Entity=湫然#51704 tag=NUM_TURNS_IN_PLAY value=7 
D 22:11:08.3376691 PowerTaskList.DebugPrintPower() -     TAG_CHANGE Entity=加斯帕的礼物#5438 tag=NUM_TURNS_IN_PLAY value=7 
D 22:11:08.3376691 PowerTaskList.DebugPrintPower() -     TAG_CHANGE Entity=[entityName=嘲风望月露娜拉 id=90 zone=PLAY zonePos=0 cardId=HERO_06bi player=1] tag=NUM_TURNS_IN_PLAY value=7 
D 22:11:08.3376691 PowerTaskList.DebugPrintPower() -     TAG_CHANGE Entity=[entityName=变形 id=91 zone=PLAY zonePos=0 cardId=HERO_06ebp player=1] tag=NUM_TURNS_IN_PLAY value=7 
D 22:11:08.3376691 PowerTaskList.DebugPrintPower() -     TAG_CHANGE Entity=[entityName=胜地古神恩佐斯 id=92 zone=PLAY zonePos=0 cardId=HERO_07at player=2] tag=NUM_TURNS_IN_PLAY value=7 
D 22:11:08.3376691 PowerTaskList.DebugPrintPower() -     TAG_CHANGE Entity=[entityName=生命分流 id=93 zone=PLAY zonePos=0 cardId=HERO_07ebp player=2] tag=NUM_TURNS_IN_PLAY value=7 
D 22:11:08.3376691 PowerTaskList.DebugPrintPower() -     TAG_CHANGE Entity=[entityName=异教低阶牧师 id=71 zone=PLAY zonePos=1 cardId=CORE_SCH_713 player=2] tag=NUM_TURNS_IN_PLAY value=1 
D 22:11:08.3376691 PowerTaskList.DebugPrintPower() -     TAG_CHANGE Entity=[entityName=征战时光之末 id=49 zone=SECRET zonePos=0 cardId=END_017 player=2] tag=NUM_TURNS_IN_PLAY value=5 
D 22:11:08.3376691 PowerTaskList.DebugPrintPower() -     TAG_CHANGE Entity=湫然#51704 tag=RESOURCES value=4 
D 22:11:08.3376691 PowerTaskList.DebugPrintPower() -     TAG_CHANGE Entity=湫然#51704 tag=RESOURCES_USED value=0 
D 22:11:08.3376691 PowerTaskList.DebugPrintPower() -     TAG_CHANGE Entity=湫然#51704 tag=NUM_OPTIONS_PLAYED_THIS_TURN value=0 
D 22:11:08.3376691 PowerTaskList.DebugPrintPower() -     TAG_CHANGE Entity=湫然#51704 tag=3242 value=0 
D 22:11:08.3376691 PowerTaskList.DebugPrintPower() -     TAG_CHANGE Entity=加斯帕的礼物#5438 tag=NUM_CARDS_DRAWN_THIS_TURN value=0 
D 22:11:08.3376691 PowerTaskList.DebugPrintPower() -     TAG_CHANGE Entity=GameEntity tag=NEXT_STEP value=MAIN_START_TRIGGERS 
D 22:11:08.3376691 PowerTaskList.DebugPrintPower() - BLOCK_END
D 22:11:08.3376691 PowerProcessor.PrepareHistoryForCurrentTaskList() - m_currentTaskList=159
D 22:11:08.3376691 PowerProcessor.EndCurrentTaskList() - m_currentTaskList=159
D 22:11:08.3376691 PowerTaskList.DebugDump() - ID=160 ParentID=0 PreviousID=0 TaskCount=1
D 22:11:08.3376691 PowerTaskList.DebugDump() - Block Start=(null)
D 22:11:08.3376691 PowerTaskList.DebugPrintPower() -     TAG_CHANGE Entity=GameEntity tag=STEP value=MAIN_START_TRIGGERS 
D 22:11:08.3376691 PowerTaskList.DebugDump() - Block End=(null)
D 22:11:08.3376691 PowerProcessor.PrepareHistoryForCurrentTaskList() - m_currentTaskList=160
D 22:11:08.3376691 PowerProcessor.EndCurrentTaskList() - m_currentTaskList=160
D 22:11:08.3376691 PowerTaskList.DebugDump() - ID=161 ParentID=0 PreviousID=0 TaskCount=1
D 22:11:08.3376691 PowerTaskList.DebugPrintPower() - BLOCK_START BlockType=TRIGGER Entity=湫然#51704 EffectCardId=System.Collections.Generic.List`1[System.String] EffectIndex=-1 Target=0 SubOption=-1 TriggerKeyword=TAG_NOT_SET
D 22:11:08.3376691 PowerTaskList.DebugPrintPower() -     TAG_CHANGE Entity=GameEntity tag=NEXT_STEP value=MAIN_START 
D 22:11:08.3376691 PowerTaskList.DebugPrintPower() - BLOCK_END
D 22:11:08.3376691 PowerProcessor.PrepareHistoryForCurrentTaskList() - m_currentTaskList=161
D 22:11:08.3376691 PowerProcessor.EndCurrentTaskList() - m_currentTaskList=161
D 22:11:08.3376691 PowerTaskList.DebugDump() - ID=162 ParentID=0 PreviousID=0 TaskCount=1
D 22:11:08.3376691 PowerTaskList.DebugDump() - Block Start=(null)
D 22:11:08.3376691 PowerTaskList.DebugPrintPower() -     TAG_CHANGE Entity=GameEntity tag=STEP value=MAIN_START 
D 22:11:08.3376691 PowerTaskList.DebugDump() - Block End=(null)
D 22:11:08.3376691 PowerProcessor.PrepareHistoryForCurrentTaskList() - m_currentTaskList=162
D 22:11:08.3376691 PowerProcessor.EndCurrentTaskList() - m_currentTaskList=162
D 22:11:08.3376691 PowerTaskList.DebugDump() - ID=163 ParentID=0 PreviousID=0 TaskCount=12
D 22:11:08.3376691 PowerTaskList.DebugPrintPower() - BLOCK_START BlockType=TRIGGER Entity=湫然#51704 EffectCardId=System.Collections.Generic.List`1[System.String] EffectIndex=-1 Target=0 SubOption=-1 TriggerKeyword=TAG_NOT_SET
D 22:11:08.3376691 PowerTaskList.DebugPrintPower() -     TAG_CHANGE Entity=湫然#51704 tag=2166 value=15 
D 22:11:08.3376691 PowerTaskList.DebugPrintPower() -     TAG_CHANGE Entity=湫然#51704 tag=467 value=1 
D 22:11:08.3376691 PowerTaskList.DebugPrintPower() -     SHOW_ENTITY - Updating Entity=[entityName=UNKNOWN ENTITY [cardType=INVALID] id=15 zone=DECK zonePos=0 cardId= player=1] CardID=VAC_519
D 22:11:08.3376691 PowerTaskList.DebugPrintPower() -         tag=CONTROLLER value=1
D 22:11:08.3376691 PowerTaskList.DebugPrintPower() -         tag=CARDTYPE value=MINION
D 22:11:08.3376691 PowerTaskList.DebugPrintPower() -         tag=TAG_LAST_KNOWN_COST_IN_HAND value=5
D 22:11:08.3376691 PowerTaskList.DebugPrintPower() -         tag=479 value=5
D 22:11:08.3376691 PowerTaskList.DebugPrintPower() -         tag=COST value=5
D 22:11:08.3376691 PowerTaskList.DebugPrintPower() -         tag=ATK value=5
D 22:11:08.3376691 PowerTaskList.DebugPrintPower() -         tag=HEALTH value=5
D 22:11:08.3376691 PowerTaskList.DebugPrintPower() -         tag=ZONE value=HAND
D 22:11:08.3376691 PowerTaskList.DebugPrintPower() -         tag=ENTITY_ID value=15
D 22:11:08.3376691 PowerTaskList.DebugPrintPower() -         tag=ELITE value=1
D 22:11:08.3376691 PowerTaskList.DebugPrintPower() -         tag=CLASS value=DRUID
D 22:11:08.3376691 PowerTaskList.DebugPrintPower() -         tag=RARITY value=LEGENDARY
D 22:11:08.3376691 PowerTaskList.DebugPrintPower() -         tag=BATTLECRY value=1
D 22:11:08.3376691 PowerTaskList.DebugPrintPower() -         tag=478 value=1
D 22:11:08.3376691 PowerTaskList.DebugPrintPower() -         tag=1037 value=1
D 22:11:08.3376691 PowerTaskList.DebugPrintPower() -         tag=1043 value=1
D 22:11:08.3376691 PowerTaskList.DebugPrintPower() -         tag=1068 value=0
D 22:11:08.3376691 PowerTaskList.DebugPrintPower() -         tag=SPAWN_TIME_COUNT value=1
D 22:11:08.3376691 PowerTaskList.DebugPrintPower() -         tag=1724 value=1
D 22:11:08.3376691 PowerTaskList.DebugPrintPower() -         tag=HAS_SIGNATURE_QUALITY value=1
D 22:11:08.3376691 PowerTaskList.DebugPrintPower() -         tag=HAS_ACTIVATE_POWER value=1
D 22:11:08.3376691 PowerTaskList.DebugPrintPower() -         tag=2936 value=1
D 22:11:08.3376691 PowerTaskList.DebugPrintPower() -         tag=3085 value=5
D 22:11:08.3376691 PowerTaskList.DebugPrintPower() -         tag=TOURIST value=4
D 22:11:08.3376691 PowerTaskList.DebugPrintPower() -         tag=MAGE_TOURIST value=1
D 22:11:08.3376691 PowerTaskList.DebugPrintPower() -         tag=4472 value=5
D 22:11:08.3376691 PowerTaskList.DebugPrintPower() -     TAG_CHANGE Entity=[entityName=UNKNOWN ENTITY [cardType=INVALID] id=15 zone=DECK zonePos=0 cardId= player=1] tag=NUM_TURNS_IN_HAND value=1 
D 22:11:08.3376691 PowerTaskList.DebugPrintPower() -     TAG_CHANGE Entity=[entityName=UNKNOWN ENTITY [cardType=INVALID] id=15 zone=DECK zonePos=0 cardId= player=1] tag=ZONE_POSITION value=7 
D 22:11:08.3376691 PowerTaskList.DebugPrintPower() -     TAG_CHANGE Entity=[entityName=UNKNOWN ENTITY [cardType=INVALID] id=15 zone=DECK zonePos=0 cardId= player=1] tag=ZONE_POSITION value=0 
D 22:11:08.3376691 PowerTaskList.DebugPrintPower() -     TAG_CHANGE Entity=[entityName=UNKNOWN ENTITY [cardType=INVALID] id=15 zone=DECK zonePos=0 cardId= player=1] tag=ZONE_POSITION value=7 
D 22:11:08.3376691 PowerTaskList.DebugPrintPower() -     TAG_CHANGE Entity=湫然#51704 tag=NUM_CARDS_DRAWN_THIS_TURN value=1 
D 22:11:08.3376691 PowerTaskList.DebugPrintPower() -     TAG_CHANGE Entity=湫然#51704 tag=995 value=6 
D 22:11:08.3376691 PowerTaskList.DebugPrintPower() -     TAG_CHANGE Entity=[entityName=UNKNOWN ENTITY [cardType=INVALID] id=15 zone=DECK zonePos=0 cardId= player=1] tag=1570 value=7 
D 22:11:08.3376691 PowerTaskList.DebugPrintPower() -     TAG_CHANGE Entity=湫然#51704 tag=467 value=0 
D 22:11:08.3376691 PowerTaskList.DebugPrintPower() -     TAG_CHANGE Entity=GameEntity tag=NEXT_STEP value=MAIN_ACTION 
D 22:11:08.3376691 PowerTaskList.DebugPrintPower() - BLOCK_END
D 22:11:08.3376691 PowerProcessor.PrepareHistoryForCurrentTaskList() - m_currentTaskList=163
D 22:11:08.4131365 GameState.DebugPrintOptions() - id=14
D 22:11:08.4131365 GameState.DebugPrintOptions() -   option 0 type=END_TURN mainEntity= error=INVALID errorParam=
D 22:11:08.4131365 GameState.DebugPrintOptions() -   option 1 type=POWER mainEntity=[entityName=水栖形态 id=10 zone=HAND zonePos=1 cardId=TSC_654 player=1] error=NONE errorParam=
D 22:11:08.4131365 GameState.DebugPrintOptions() -   option 2 type=POWER mainEntity=[entityName=激活 id=26 zone=HAND zonePos=2 cardId=EX1_169 player=1] error=NONE errorParam=
D 22:11:08.4131365 GameState.DebugPrintOptions() -   option 3 type=POWER mainEntity=[entityName=虚灵改装师 id=11 zone=HAND zonePos=3 cardId=BT_724 player=1] error=NONE errorParam=
D 22:11:08.4131365 GameState.DebugPrintOptions() -     target 0 entity=[entityName=异教低阶牧师 id=71 zone=PLAY zonePos=1 cardId=CORE_SCH_713 player=2] error=NONE errorParam=
D 22:11:08.4131365 GameState.DebugPrintOptions() -     target 1 entity=[entityName=嘲风望月露娜拉 id=90 zone=PLAY zonePos=0 cardId=HERO_06bi player=1] error=REQ_MINION_TARGET errorParam=
D 22:11:08.4131365 GameState.DebugPrintOptions() -     target 2 entity=[entityName=胜地古神恩佐斯 id=92 zone=PLAY zonePos=0 cardId=HERO_07at player=2] error=REQ_MINION_TARGET errorParam=
D 22:11:08.4131365 GameState.DebugPrintOptions() -   option 4 type=POWER mainEntity=[entityName=激活 id=4 zone=HAND zonePos=4 cardId=EX1_169 player=1] error=NONE errorParam=
D 22:11:08.4131365 GameState.DebugPrintOptions() -   option 5 type=POWER mainEntity=[entityName=光子炮台 id=35 zone=HAND zonePos=6 cardId=SC_753 player=1] error=NONE errorParam=
D 22:11:08.4131365 GameState.DebugPrintOptions() -     target 0 entity=[entityName=嘲风望月露娜拉 id=90 zone=PLAY zonePos=0 cardId=HERO_06bi player=1] error=NONE errorParam=
D 22:11:08.4131365 GameState.DebugPrintOptions() -     target 1 entity=[entityName=胜地古神恩佐斯 id=92 zone=PLAY zonePos=0 cardId=HERO_07at player=2] error=NONE errorParam=
D 22:11:08.4131365 GameState.DebugPrintOptions() -     target 2 entity=[entityName=异教低阶牧师 id=71 zone=PLAY zonePos=1 cardId=CORE_SCH_713 player=2] error=NONE errorParam=
D 22:11:08.4131365 GameState.DebugPrintOptions() -   option 6 type=POWER mainEntity=[entityName=变形 id=91 zone=PLAY zonePos=0 cardId=HERO_06ebp player=1] error=NONE errorParam=
D 22:11:08.4131365 GameState.DebugPrintOptions() -   option 7 type=POWER mainEntity=[entityName=黑市拍卖师 id=43 zone=HAND zonePos=5 cardId=JAIL_718 player=1] error=REQ_ENOUGH_MANA errorParam=
D 22:11:08.4131365 GameState.DebugPrintOptions() -   option 8 type=POWER mainEntity=[entityName=米斯塔·维斯塔 id=15 zone=HAND zonePos=7 cardId=VAC_519 player=1] error=REQ_ENOUGH_MANA errorParam=
D 22:11:08.4131365 GameState.DebugPrintOptions() -   option 9 type=POWER mainEntity=[entityName=嘲风望月露娜拉 id=90 zone=PLAY zonePos=0 cardId=HERO_06bi player=1] error=REQ_ATTACK_GREATER_THAN_0 errorParam=
D 22:11:08.4131365 GameState.DebugPrintOptions() -   option 10 type=POWER mainEntity=[entityName=胜地古神恩佐斯 id=92 zone=PLAY zonePos=0 cardId=HERO_07at player=2] error=REQ_YOUR_TURN errorParam=
D 22:11:08.4131365 GameState.DebugPrintOptions() -   option 11 type=POWER mainEntity=[entityName=生命分流 id=93 zone=PLAY zonePos=0 cardId=HERO_07ebp player=2] error=REQ_YOUR_TURN errorParam=
D 22:11:08.4131365 GameState.DebugPrintOptions() -   option 12 type=POWER mainEntity=[entityName=异教低阶牧师 id=71 zone=PLAY zonePos=1 cardId=CORE_SCH_713 player=2] error=REQ_YOUR_TURN errorParam=
D 22:11:08.8644784 PowerProcessor.EndCurrentTaskList() - m_currentTaskList=163
D 22:11:08.8721249 PowerTaskList.DebugDump() - ID=164 ParentID=0 PreviousID=0 TaskCount=1
D 22:11:08.8721249 PowerTaskList.DebugDump() - Block Start=(null)
D 22:11:08.8721249 PowerTaskList.DebugPrintPower() -     TAG_CHANGE Entity=GameEntity tag=STEP value=MAIN_ACTION 
D 22:11:08.8721249 PowerTaskList.DebugDump() - Block End=(null)
D 22:11:08.8721249 PowerProcessor.PrepareHistoryForCurrentTaskList() - m_currentTaskList=164
D 22:11:08.8721249 PowerProcessor.EndCurrentTaskList() - m_currentTaskList=164
D 22:11:08.8721249 PowerTaskList.DebugDump() - ID=165 ParentID=0 PreviousID=0 TaskCount=1
D 22:11:08.8721249 PowerTaskList.DebugPrintPower() - BLOCK_START BlockType=TRIGGER Entity=湫然#51704 EffectCardId=System.Collections.Generic.List`1[System.String] EffectIndex=-1 Target=0 SubOption=-1 TriggerKeyword=TAG_NOT_SET
D 22:11:08.8721249 PowerTaskList.DebugPrintPower() -     TAG_CHANGE Entity=GameEntity tag=NEXT_STEP value=MAIN_END 
D 22:11:08.8721249 PowerTaskList.DebugPrintPower() - BLOCK_END
D 22:11:08.8721249 PowerProcessor.PrepareHistoryForCurrentTaskList() - m_currentTaskList=165
D 22:11:08.8721249 PowerProcessor.EndCurrentTaskList() - m_currentTaskList=165
D 22:11:10.9815668 GameState.SendOption() - selectedOption=6 selectedSubOption=-1 selectedTarget=0 selectedPosition=0
D 22:11:11.3288252 GameState.DebugPrintPowerList() - Count=32
D 22:11:11.3288252 GameState.DebugPrintPower() - BLOCK_START BlockType=PLAY Entity=[entityName=变形 id=91 zone=PLAY zonePos=0 cardId=HERO_06ebp player=1] EffectCardId=System.Collections.Generic.List`1[System.String] EffectIndex=0 Target=0 SubOption=-1 
D 22:11:11.3288252 GameState.DebugPrintPower() -     TAG_CHANGE Entity=湫然#51704 tag=2245 value=8 
D 22:11:11.3288252 GameState.DebugPrintPower() -     TAG_CHANGE Entity=湫然#51704 tag=RESOURCES_USED value=2 
D 22:11:11.3288252 GameState.DebugPrintPower() -     TAG_CHANGE Entity=湫然#51704 tag=NUM_RESOURCES_SPENT_THIS_GAME value=8 
D 22:11:11.3288252 GameState.DebugPrintPower() -     META_DATA - Meta=SLUSH_TIME Data=2000 InfoCount=1
D 22:11:11.3288252 GameState.DebugPrintPower() -                 Info[0] = [entityName=变形 id=91 zone=PLAY zonePos=0 cardId=HERO_06ebp player=1]
D 22:11:11.3288252 GameState.DebugPrintPower() -     BLOCK_START BlockType=POWER Entity=[entityName=变形 id=91 zone=PLAY zonePos=0 cardId=HERO_06ebp player=1] EffectCardId=System.Collections.Generic.List`1[System.String] EffectIndex=0 Target=0 SubOption=-1 
D 22:11:11.3288252 GameState.DebugPrintPower() -         META_DATA - Meta=EFFECT_TIMING Data=0 InfoCount=1
D 22:11:11.3288252 GameState.DebugPrintPower() -                     Info[0] = [entityName=变形 id=91 zone=PLAY zonePos=0 cardId=HERO_06ebp player=1]
D 22:11:11.3288252 GameState.DebugPrintPower() -         TAG_CHANGE Entity=[entityName=嘲风望月露娜拉 id=90 zone=PLAY zonePos=0 cardId=HERO_06bi player=1] tag=3883 value=1 
D 22:11:11.3288252 GameState.DebugPrintPower() -         TAG_CHANGE Entity=[entityName=嘲风望月露娜拉 id=90 zone=PLAY zonePos=0 cardId=HERO_06bi player=1] tag=3883 value=0 
D 22:11:11.3288252 GameState.DebugPrintPower() -         TAG_CHANGE Entity=[entityName=嘲风望月露娜拉 id=90 zone=PLAY zonePos=0 cardId=HERO_06bi player=1] tag=ARMOR value=1 
D 22:11:11.3288252 GameState.DebugPrintPower() -         TAG_CHANGE Entity=湫然#51704 tag=ARMOR_GAINED_THIS_GAME value=1 
D 22:11:11.3288252 GameState.DebugPrintPower() -         TAG_CHANGE Entity=湫然#51704 tag=2786 value=1 
D 22:11:11.3288252 GameState.DebugPrintPower() -         FULL_ENTITY - Creating ID=128 CardID=
D 22:11:11.3288252 GameState.DebugPrintPower() -             tag=ZONE value=SETASIDE
D 22:11:11.3288252 GameState.DebugPrintPower() -             tag=CONTROLLER value=1
D 22:11:11.3288252 GameState.DebugPrintPower() -             tag=ENTITY_ID value=128
D 22:11:11.3288252 GameState.DebugPrintPower() -         SHOW_ENTITY - Updating Entity=128 CardID=CS2_017o
D 22:11:11.3288252 GameState.DebugPrintPower() -             tag=CONTROLLER value=1
D 22:11:11.3288252 GameState.DebugPrintPower() -             tag=CARDTYPE value=ENCHANTMENT
D 22:11:11.3288252 GameState.DebugPrintPower() -             tag=TAG_SCRIPT_DATA_NUM_1 value=1
D 22:11:11.3288252 GameState.DebugPrintPower() -             tag=PREMIUM value=1
D 22:11:11.3288252 GameState.DebugPrintPower() -             tag=ATTACHED value=90
D 22:11:11.3288252 GameState.DebugPrintPower() -             tag=ZONE value=SETASIDE
D 22:11:11.3288252 GameState.DebugPrintPower() -             tag=ENTITY_ID value=128
D 22:11:11.3288252 GameState.DebugPrintPower() -             tag=CLASS value=DRUID
D 22:11:11.3288252 GameState.DebugPrintPower() -             tag=CREATOR value=91
D 22:11:11.3288252 GameState.DebugPrintPower() -             tag=TAG_ONE_TURN_EFFECT value=1
D 22:11:11.3288252 GameState.DebugPrintPower() -             tag=1037 value=1
D 22:11:11.3288252 GameState.DebugPrintPower() -             tag=1068 value=0
D 22:11:11.3288252 GameState.DebugPrintPower() -             tag=CREATOR_DBID value=66926
D 22:11:11.3288252 GameState.DebugPrintPower() -             tag=SPAWN_TIME_COUNT value=1
D 22:11:11.3288252 GameState.DebugPrintPower() -             tag=4901 value=0
D 22:11:11.3288252 GameState.DebugPrintPower() -         TAG_CHANGE Entity=[entityName=嘲风望月露娜拉 id=90 zone=PLAY zonePos=0 cardId=HERO_06bi player=1] tag=TAG_ONE_TURN_EFFECT value=1 
D 22:11:11.3288252 GameState.DebugPrintPower() -         TAG_CHANGE Entity=128 tag=1068 value=1 
D 22:11:11.3288252 GameState.DebugPrintPower() -         TAG_CHANGE Entity=128 tag=1068 value=0 
D 22:11:11.3288252 GameState.DebugPrintPower() -         TAG_CHANGE Entity=128 tag=ZONE value=PLAY 
D 22:11:11.3288252 GameState.DebugPrintPower() -         TAG_CHANGE Entity=[entityName=嘲风望月露娜拉 id=90 zone=PLAY zonePos=0 cardId=HERO_06bi player=1] tag=479 value=1 
D 22:11:11.3288252 GameState.DebugPrintPower() -         TAG_CHANGE Entity=[entityName=嘲风望月露娜拉 id=90 zone=PLAY zonePos=0 cardId=HERO_06bi player=1] tag=ATK value=1 
D 22:11:11.3288252 GameState.DebugPrintPower() -         TAG_CHANGE Entity=[entityName=嘲风望月露娜拉 id=90 zone=PLAY zonePos=0 cardId=HERO_06bi player=1] tag=4741 value=1 
D 22:11:11.3288252 GameState.DebugPrintPower() -         TAG_CHANGE Entity=[entityName=嘲风望月露娜拉 id=90 zone=PLAY zonePos=0 cardId=HERO_06bi player=1] tag=LAST_AFFECTED_BY value=91 
D 22:11:11.3288252 GameState.DebugPrintPower() -     BLOCK_END
D 22:11:11.3288252 GameState.DebugPrintPower() -     TAG_CHANGE Entity=湫然#51704 tag=HEROPOWER_ACTIVATIONS_THIS_TURN value=1 
D 22:11:11.3288252 GameState.DebugPrintPower() -     TAG_CHANGE Entity=湫然#51704 tag=1739 value=1 
D 22:11:11.3288252 GameState.DebugPrintPower() -     TAG_CHANGE Entity=湫然#51704 tag=NUM_TIMES_HERO_POWER_USED_THIS_GAME value=1 
D 22:11:11.3288252 GameState.DebugPrintPower() -     TAG_CHANGE Entity=[entityName=变形 id=91 zone=PLAY zonePos=0 cardId=HERO_06ebp player=1] tag=HEROPOWER_ACTIVATIONS_THIS_TURN value=1 
D 22:11:11.3288252 GameState.DebugPrintPower() -     TAG_CHANGE Entity=[entityName=变形 id=91 zone=PLAY zonePos=0 cardId=HERO_06ebp player=1] tag=EXHAUSTED value=1 
D 22:11:11.3288252 GameState.DebugPrintPower() -     TAG_CHANGE Entity=GameEntity tag=1323 value=8 
D 22:11:11.3288252 GameState.DebugPrintPower() -     TAG_CHANGE Entity=湫然#51704 tag=NUM_OPTIONS_PLAYED_THIS_TURN value=1 
D 22:11:11.3288252 GameState.DebugPrintPower() - BLOCK_END
D 22:11:11.3288252 GameState.DebugPrintPower() - META_DATA - Meta=SLUSH_TIME Data=1000 InfoCount=1
D 22:11:11.3288252 GameState.DebugPrintPower() -             Info[0] = [entityName=变形 id=91 zone=PLAY zonePos=0 cardId=HERO_06ebp player=1]
D 22:11:11.3288252 PowerTaskList.DebugDump() - ID=166 ParentID=0 PreviousID=0 TaskCount=4
D 22:11:11.3288252 PowerTaskList.DebugPrintPower() - BLOCK_START BlockType=PLAY Entity=[entityName=变形 id=91 zone=PLAY zonePos=0 cardId=HERO_06ebp player=1] EffectCardId=System.Collections.Generic.List`1[System.String] EffectIndex=0 Target=0 SubOption=-1 
D 22:11:11.3288252 PowerTaskList.DebugPrintPower() -     TAG_CHANGE Entity=湫然#51704 tag=2245 value=8 
D 22:11:11.3288252 PowerTaskList.DebugPrintPower() -     TAG_CHANGE Entity=湫然#51704 tag=RESOURCES_USED value=2 
D 22:11:11.3288252 PowerTaskList.DebugPrintPower() -     TAG_CHANGE Entity=湫然#51704 tag=NUM_RESOURCES_SPENT_THIS_GAME value=8 
D 22:11:11.3288252 PowerTaskList.DebugPrintPower() -     META_DATA - Meta=SLUSH_TIME Data=2000 InfoCount=1
D 22:11:11.3288252 PowerTaskList.DebugPrintPower() -                 Info[0] = [entityName=变形 id=91 zone=PLAY zonePos=0 cardId=HERO_06ebp player=1]
D 22:11:11.3288252 PowerTaskList.DebugDump() - Block End=(null)
D 22:11:11.3288252 PowerProcessor.PrepareHistoryForCurrentTaskList() - m_currentTaskList=166
D 22:11:11.3288252 PowerProcessor.DoTaskListForCard() - unhandled BlockType PLAY for sourceEntity [entityName=变形 id=91 zone=PLAY zonePos=0 cardId=HERO_06ebp player=1]
D 22:11:11.3288252 PowerProcessor.EndCurrentTaskList() - m_currentTaskList=166
D 22:11:11.3288252 PowerTaskList.DebugDump() - ID=167 ParentID=166 PreviousID=0 TaskCount=16
D 22:11:11.3288252 PowerTaskList.DebugPrintPower() - BLOCK_START BlockType=POWER Entity=[entityName=变形 id=91 zone=PLAY zonePos=0 cardId=HERO_06ebp player=1] EffectCardId=System.Collections.Generic.List`1[System.String] EffectIndex=0 Target=0 SubOption=-1 
D 22:11:11.3288252 PowerTaskList.DebugPrintPower() -     META_DATA - Meta=EFFECT_TIMING Data=0 InfoCount=1
D 22:11:11.3288252 PowerTaskList.DebugPrintPower() -                 Info[0] = [entityName=变形 id=91 zone=PLAY zonePos=0 cardId=HERO_06ebp player=1]
D 22:11:11.3288252 PowerTaskList.DebugPrintPower() -     TAG_CHANGE Entity=[entityName=嘲风望月露娜拉 id=90 zone=PLAY zonePos=0 cardId=HERO_06bi player=1] tag=3883 value=1 
D 22:11:11.3288252 PowerTaskList.DebugPrintPower() -     TAG_CHANGE Entity=[entityName=嘲风望月露娜拉 id=90 zone=PLAY zonePos=0 cardId=HERO_06bi player=1] tag=3883 value=0 
D 22:11:11.3288252 PowerTaskList.DebugPrintPower() -     TAG_CHANGE Entity=[entityName=嘲风望月露娜拉 id=90 zone=PLAY zonePos=0 cardId=HERO_06bi player=1] tag=ARMOR value=1 
D 22:11:11.3288252 PowerTaskList.DebugPrintPower() -     TAG_CHANGE Entity=湫然#51704 tag=ARMOR_GAINED_THIS_GAME value=1 
D 22:11:11.3288252 PowerTaskList.DebugPrintPower() -     TAG_CHANGE Entity=湫然#51704 tag=2786 value=1 
D 22:11:11.3288252 PowerTaskList.DebugPrintPower() -     FULL_ENTITY - Updating [entityName=UNKNOWN ENTITY [cardType=INVALID] id=128 zone=SETASIDE zonePos=0 cardId= player=1] CardID=
D 22:11:11.3288252 PowerTaskList.DebugPrintPower() -         tag=ZONE value=SETASIDE
D 22:11:11.3288252 PowerTaskList.DebugPrintPower() -         tag=CONTROLLER value=1
D 22:11:11.3288252 PowerTaskList.DebugPrintPower() -         tag=ENTITY_ID value=128
D 22:11:11.3288252 PowerTaskList.DebugPrintPower() -     SHOW_ENTITY - Updating Entity=[entityName=UNKNOWN ENTITY [cardType=INVALID] id=128 zone=SETASIDE zonePos=0 cardId= player=1] CardID=CS2_017o
D 22:11:11.3288252 PowerTaskList.DebugPrintPower() -         tag=CONTROLLER value=1
D 22:11:11.3288252 PowerTaskList.DebugPrintPower() -         tag=CARDTYPE value=ENCHANTMENT
D 22:11:11.3288252 PowerTaskList.DebugPrintPower() -         tag=TAG_SCRIPT_DATA_NUM_1 value=1
D 22:11:11.3288252 PowerTaskList.DebugPrintPower() -         tag=PREMIUM value=1
D 22:11:11.3288252 PowerTaskList.DebugPrintPower() -         tag=ATTACHED value=90
D 22:11:11.3288252 PowerTaskList.DebugPrintPower() -         tag=ZONE value=SETASIDE
D 22:11:11.3288252 PowerTaskList.DebugPrintPower() -         tag=ENTITY_ID value=128
D 22:11:11.3288252 PowerTaskList.DebugPrintPower() -         tag=CLASS value=DRUID
D 22:11:11.3288252 PowerTaskList.DebugPrintPower() -         tag=CREATOR value=91
D 22:11:11.3288252 PowerTaskList.DebugPrintPower() -         tag=TAG_ONE_TURN_EFFECT value=1
D 22:11:11.3288252 PowerTaskList.DebugPrintPower() -         tag=1037 value=1
D 22:11:11.3288252 PowerTaskList.DebugPrintPower() -         tag=1068 value=0
D 22:11:11.3288252 PowerTaskList.DebugPrintPower() -         tag=CREATOR_DBID value=66926
D 22:11:11.3288252 PowerTaskList.DebugPrintPower() -         tag=SPAWN_TIME_COUNT value=1
D 22:11:11.3288252 PowerTaskList.DebugPrintPower() -         tag=4901 value=0
D 22:11:11.3288252 PowerTaskList.DebugPrintPower() -     TAG_CHANGE Entity=[entityName=嘲风望月露娜拉 id=90 zone=PLAY zonePos=0 cardId=HERO_06bi player=1] tag=TAG_ONE_TURN_EFFECT value=1 
D 22:11:11.3288252 PowerTaskList.DebugPrintPower() -     TAG_CHANGE Entity=[entityName=UNKNOWN ENTITY [cardType=INVALID] id=128 zone=SETASIDE zonePos=0 cardId= player=1] tag=1068 value=1 
D 22:11:11.3288252 PowerTaskList.DebugPrintPower() -     TAG_CHANGE Entity=[entityName=UNKNOWN ENTITY [cardType=INVALID] id=128 zone=SETASIDE zonePos=0 cardId= player=1] tag=1068 value=0 
D 22:11:11.3288252 PowerTaskList.DebugPrintPower() -     TAG_CHANGE Entity=[entityName=UNKNOWN ENTITY [cardType=INVALID] id=128 zone=SETASIDE zonePos=0 cardId= player=1] tag=ZONE value=PLAY 
D 22:11:11.3288252 PowerTaskList.DebugPrintPower() -     TAG_CHANGE Entity=[entityName=嘲风望月露娜拉 id=90 zone=PLAY zonePos=0 cardId=HERO_06bi player=1] tag=479 value=1 
D 22:11:11.3288252 PowerTaskList.DebugPrintPower() -     TAG_CHANGE Entity=[entityName=嘲风望月露娜拉 id=90 zone=PLAY zonePos=0 cardId=HERO_06bi player=1] tag=ATK value=1 
D 22:11:11.3288252 PowerTaskList.DebugPrintPower() -     TAG_CHANGE Entity=[entityName=嘲风望月露娜拉 id=90 zone=PLAY zonePos=0 cardId=HERO_06bi player=1] tag=4741 value=1 
D 22:11:11.3288252 PowerTaskList.DebugPrintPower() -     TAG_CHANGE Entity=[entityName=嘲风望月露娜拉 id=90 zone=PLAY zonePos=0 cardId=HERO_06bi player=1] tag=LAST_AFFECTED_BY value=91 
D 22:11:11.3288252 PowerTaskList.DebugPrintPower() - BLOCK_END
D 22:11:11.3288252 PowerProcessor.PrepareHistoryForCurrentTaskList() - m_currentTaskList=167
D 22:11:11.3369093 GameState.DebugPrintOptions() - id=15
D 22:11:11.3369093 GameState.DebugPrintOptions() -   option 0 type=END_TURN mainEntity= error=INVALID errorParam=
D 22:11:11.3369093 GameState.DebugPrintOptions() -   option 1 type=POWER mainEntity=[entityName=水栖形态 id=10 zone=HAND zonePos=1 cardId=TSC_654 player=1] error=NONE errorParam=
D 22:11:11.3369093 GameState.DebugPrintOptions() -   option 2 type=POWER mainEntity=[entityName=激活 id=26 zone=HAND zonePos=2 cardId=EX1_169 player=1] error=NONE errorParam=
D 22:11:11.3369093 GameState.DebugPrintOptions() -   option 3 type=POWER mainEntity=[entityName=虚灵改装师 id=11 zone=HAND zonePos=3 cardId=BT_724 player=1] error=NONE errorParam=
D 22:11:11.3369093 GameState.DebugPrintOptions() -     target 0 entity=[entityName=异教低阶牧师 id=71 zone=PLAY zonePos=1 cardId=CORE_SCH_713 player=2] error=NONE errorParam=
D 22:11:11.3369093 GameState.DebugPrintOptions() -     target 1 entity=[entityName=嘲风望月露娜拉 id=90 zone=PLAY zonePos=0 cardId=HERO_06bi player=1] error=REQ_MINION_TARGET errorParam=
D 22:11:11.3369093 GameState.DebugPrintOptions() -     target 2 entity=[entityName=胜地古神恩佐斯 id=92 zone=PLAY zonePos=0 cardId=HERO_07at player=2] error=REQ_MINION_TARGET errorParam=
D 22:11:11.3369093 GameState.DebugPrintOptions() -   option 4 type=POWER mainEntity=[entityName=激活 id=4 zone=HAND zonePos=4 cardId=EX1_169 player=1] error=NONE errorParam=
D 22:11:11.3369093 GameState.DebugPrintOptions() -   option 5 type=POWER mainEntity=[entityName=嘲风望月露娜拉 id=90 zone=PLAY zonePos=0 cardId=HERO_06bi player=1] error=NONE errorParam=
D 22:11:11.3369093 GameState.DebugPrintOptions() -     target 0 entity=[entityName=胜地古神恩佐斯 id=92 zone=PLAY zonePos=0 cardId=HERO_07at player=2] error=NONE errorParam=
D 22:11:11.3369093 GameState.DebugPrintOptions() -     target 1 entity=[entityName=异教低阶牧师 id=71 zone=PLAY zonePos=1 cardId=CORE_SCH_713 player=2] error=NONE errorParam=
D 22:11:11.3369093 GameState.DebugPrintOptions() -     target 2 entity=[entityName=嘲风望月露娜拉 id=90 zone=PLAY zonePos=0 cardId=HERO_06bi player=1] error=REQ_ENEMY_TARGET errorParam=
D 22:11:11.3369093 GameState.DebugPrintOptions() -   option 6 type=POWER mainEntity=[entityName=黑市拍卖师 id=43 zone=HAND zonePos=5 cardId=JAIL_718 player=1] error=REQ_ENOUGH_MANA errorParam=
D 22:11:11.3369093 GameState.DebugPrintOptions() -   option 7 type=POWER mainEntity=[entityName=光子炮台 id=35 zone=HAND zonePos=6 cardId=SC_753 player=1] error=REQ_ENOUGH_MANA errorParam=
D 22:11:11.3369093 GameState.DebugPrintOptions() -   option 8 type=POWER mainEntity=[entityName=米斯塔·维斯塔 id=15 zone=HAND zonePos=7 cardId=VAC_519 player=1] error=REQ_ENOUGH_MANA errorParam=
D 22:11:11.3369093 GameState.DebugPrintOptions() -   option 9 type=POWER mainEntity=[entityName=变形 id=91 zone=PLAY zonePos=0 cardId=HERO_06ebp player=1] error=REQ_NOT_EXHAUSTED_HERO_POWER errorParam=
D 22:11:11.3369093 GameState.DebugPrintOptions() -   option 10 type=POWER mainEntity=[entityName=胜地古神恩佐斯 id=92 zone=PLAY zonePos=0 cardId=HERO_07at player=2] error=REQ_YOUR_TURN errorParam=
D 22:11:11.3369093 GameState.DebugPrintOptions() -   option 11 type=POWER mainEntity=[entityName=生命分流 id=93 zone=PLAY zonePos=0 cardId=HERO_07ebp player=2] error=REQ_YOUR_TURN errorParam=
D 22:11:11.3369093 GameState.DebugPrintOptions() -   option 12 type=POWER mainEntity=[entityName=异教低阶牧师 id=71 zone=PLAY zonePos=1 cardId=CORE_SCH_713 player=2] error=REQ_YOUR_TURN errorParam=
D 22:11:11.6352521 PowerProcessor.EndCurrentTaskList() - m_currentTaskList=167
D 22:11:11.8277561 GameState.SendOption() - selectedOption=5 selectedSubOption=-1 selectedTarget=92 selectedPosition=0
D 22:11:12.1186504 GameState.DebugPrintPowerList() - Count=42
D 22:11:12.1186504 GameState.DebugPrintPower() - TAG_CHANGE Entity=[entityName=嘲风望月露娜拉 id=90 zone=PLAY zonePos=0 cardId=HERO_06bi player=1] tag=CARD_TARGET value=92 
D 22:11:12.1186504 GameState.DebugPrintPower() - BLOCK_START BlockType=ATTACK Entity=[entityName=嘲风望月露娜拉 id=90 zone=PLAY zonePos=0 cardId=HERO_06bi player=1] EffectCardId=System.Collections.Generic.List`1[System.String] EffectIndex=0 Target=[entityName=胜地古神恩佐斯 id=92 zone=PLAY zonePos=0 cardId=HERO_07at player=2] SubOption=-1 
D 22:11:12.1186504 GameState.DebugPrintPower() -     TAG_CHANGE Entity=[entityName=嘲风望月露娜拉 id=90 zone=PLAY zonePos=0 cardId=HERO_06bi player=1] tag=1715 value=90 
D 22:11:12.1186504 GameState.DebugPrintPower() -     TAG_CHANGE Entity=[entityName=胜地古神恩佐斯 id=92 zone=PLAY zonePos=0 cardId=HERO_07at player=2] tag=1715 value=90 
D 22:11:12.1186504 GameState.DebugPrintPower() -     TAG_CHANGE Entity=GameEntity tag=PROPOSED_ATTACKER value=90 
D 22:11:12.1186504 GameState.DebugPrintPower() -     TAG_CHANGE Entity=GameEntity tag=PROPOSED_DEFENDER value=92 
D 22:11:12.1186504 GameState.DebugPrintPower() -     TAG_CHANGE Entity=[entityName=嘲风望月露娜拉 id=90 zone=PLAY zonePos=0 cardId=HERO_06bi player=1] tag=ATTACKING value=1 
D 22:11:12.1186504 GameState.DebugPrintPower() -     META_DATA - Meta=SLUSH_TIME Data=1200 InfoCount=1
D 22:11:12.1186504 GameState.DebugPrintPower() -                 Info[0] = [entityName=嘲风望月露娜拉 id=90 zone=PLAY zonePos=0 cardId=HERO_06bi player=1]
D 22:11:12.1186504 GameState.DebugPrintPower() -     TAG_CHANGE Entity=[entityName=胜地古神恩佐斯 id=92 zone=PLAY zonePos=0 cardId=HERO_07at player=2] tag=DEFENDING value=1 
D 22:11:12.1186504 GameState.DebugPrintPower() -     TAG_CHANGE Entity=[entityName=嘲风望月露娜拉 id=90 zone=PLAY zonePos=0 cardId=HERO_06bi player=1] tag=NUM_ATTACKS_THIS_TURN value=1 
D 22:11:12.1186504 GameState.DebugPrintPower() -     TAG_CHANGE Entity=[entityName=嘲风望月露娜拉 id=90 zone=PLAY zonePos=0 cardId=HERO_06bi player=1] tag=4163 value=1 
D 22:11:12.1186504 GameState.DebugPrintPower() -     TAG_CHANGE Entity=[entityName=嘲风望月露娜拉 id=90 zone=PLAY zonePos=0 cardId=HERO_06bi player=1] tag=EXHAUSTED value=1 
D 22:11:12.1186504 GameState.DebugPrintPower() -     TAG_CHANGE Entity=[entityName=胜地古神恩佐斯 id=92 zone=PLAY zonePos=0 cardId=HERO_07at player=2] tag=2187 value=90 
D 22:11:12.1186504 GameState.DebugPrintPower() -     TAG_CHANGE Entity=[entityName=胜地古神恩佐斯 id=92 zone=PLAY zonePos=0 cardId=HERO_07at player=2] tag=PREDAMAGE value=1 
D 22:11:12.1186504 GameState.DebugPrintPower() -     TAG_CHANGE Entity=[entityName=胜地古神恩佐斯 id=92 zone=PLAY zonePos=0 cardId=HERO_07at player=2] tag=1173 value=92 
D 22:11:12.1186504 GameState.DebugPrintPower() -     TAG_CHANGE Entity=[entityName=胜地古神恩佐斯 id=92 zone=PLAY zonePos=0 cardId=HERO_07at player=2] tag=2187 value=0 
D 22:11:12.1186504 GameState.DebugPrintPower() -     TAG_CHANGE Entity=[entityName=胜地古神恩佐斯 id=92 zone=PLAY zonePos=0 cardId=HERO_07at player=2] tag=PREDAMAGE value=0 
D 22:11:12.1186504 GameState.DebugPrintPower() -     TAG_CHANGE Entity=[entityName=胜地古神恩佐斯 id=92 zone=PLAY zonePos=0 cardId=HERO_07at player=2] tag=1173 value=0 
D 22:11:12.1186504 GameState.DebugPrintPower() -     TAG_CHANGE Entity=湫然#51704 tag=2335 value=1 
D 22:11:12.1186504 GameState.DebugPrintPower() -     TAG_CHANGE Entity=[entityName=胜地古神恩佐斯 id=92 zone=PLAY zonePos=0 cardId=HERO_07at player=2] tag=PREDAMAGE value=1 
D 22:11:12.1186504 GameState.DebugPrintPower() -     TAG_CHANGE Entity=[entityName=胜地古神恩佐斯 id=92 zone=PLAY zonePos=0 cardId=HERO_07at player=2] tag=PREDAMAGE value=0 
D 22:11:12.1186504 GameState.DebugPrintPower() -     META_DATA - Meta=DAMAGE Data=1 InfoCount=1
D 22:11:12.1186504 GameState.DebugPrintPower() -                 Info[0] = [entityName=胜地古神恩佐斯 id=92 zone=PLAY zonePos=0 cardId=HERO_07at player=2]
D 22:11:12.1186504 GameState.DebugPrintPower() -     TAG_CHANGE Entity=[entityName=胜地古神恩佐斯 id=92 zone=PLAY zonePos=0 cardId=HERO_07at player=2] tag=4741 value=3 
D 22:11:12.1186504 GameState.DebugPrintPower() -     TAG_CHANGE Entity=[entityName=胜地古神恩佐斯 id=92 zone=PLAY zonePos=0 cardId=HERO_07at player=2] tag=LAST_AFFECTED_BY value=90 
D 22:11:12.1186504 GameState.DebugPrintPower() -     TAG_CHANGE Entity=[entityName=胜地古神恩佐斯 id=92 zone=PLAY zonePos=0 cardId=HERO_07at player=2] tag=DAMAGE value=3 
D 22:11:12.1186504 GameState.DebugPrintPower() -     TAG_CHANGE Entity=加斯帕的礼物#5438 tag=464 value=1 
D 22:11:12.1186504 GameState.DebugPrintPower() -     TAG_CHANGE Entity=加斯帕的礼物#5438 tag=1853 value=3 
D 22:11:12.1186504 GameState.DebugPrintPower() -     TAG_CHANGE Entity=加斯帕的礼物#5438 tag=4453 value=1 
D 22:11:12.1186504 GameState.DebugPrintPower() -     TAG_CHANGE Entity=加斯帕的礼物#5438 tag=DAMAGE_DEALT_TO_HERO_LAST_TURN value=1 
D 22:11:12.1186504 GameState.DebugPrintPower() -     TAG_CHANGE Entity=加斯帕的礼物#5438 tag=1575 value=1 
D 22:11:12.1186504 GameState.DebugPrintPower() -     TAG_CHANGE Entity=GameEntity tag=1710 value=1 
D 22:11:12.1186504 GameState.DebugPrintPower() -     TAG_CHANGE Entity=GameEntity tag=1710 value=0 
D 22:11:12.1186504 GameState.DebugPrintPower() -     TAG_CHANGE Entity=GameEntity tag=PROPOSED_ATTACKER value=0 
D 22:11:12.1186504 GameState.DebugPrintPower() -     TAG_CHANGE Entity=GameEntity tag=PROPOSED_DEFENDER value=0 
D 22:11:12.1186504 GameState.DebugPrintPower() -     TAG_CHANGE Entity=[entityName=嘲风望月露娜拉 id=90 zone=PLAY zonePos=0 cardId=HERO_06bi player=1] tag=ATTACKING value=0 
D 22:11:12.1186504 GameState.DebugPrintPower() -     TAG_CHANGE Entity=[entityName=胜地古神恩佐斯 id=92 zone=PLAY zonePos=0 cardId=HERO_07at player=2] tag=DEFENDING value=0 
D 22:11:12.1186504 GameState.DebugPrintPower() - BLOCK_END
D 22:11:12.1186504 GameState.DebugPrintPower() - BLOCK_START BlockType=TRIGGER Entity=湫然#51704 EffectCardId=System.Collections.Generic.List`1[System.String] EffectIndex=-1 Target=0 SubOption=-1 TriggerKeyword=TAG_NOT_SET
D 22:11:12.1186504 GameState.DebugPrintPower() - BLOCK_END
D 22:11:12.1186504 GameState.DebugPrintPower() - TAG_CHANGE Entity=GameEntity tag=1323 value=9 
D 22:11:12.1186504 GameState.DebugPrintPower() - TAG_CHANGE Entity=湫然#51704 tag=NUM_OPTIONS_PLAYED_THIS_TURN value=2 
D 22:11:12.1186504 GameState.DebugPrintPower() - META_DATA - Meta=SLUSH_TIME Data=1000 InfoCount=1
D 22:11:12.1186504 GameState.DebugPrintPower() -             Info[0] = [entityName=嘲风望月露娜拉 id=90 zone=PLAY zonePos=0 cardId=HERO_06bi player=1]
D 22:11:12.1246677 GameState.DebugPrintOptions() - id=16
D 22:11:12.1246677 GameState.DebugPrintOptions() -   option 0 type=END_TURN mainEntity= error=INVALID errorParam=
D 22:11:12.1246677 GameState.DebugPrintOptions() -   option 1 type=POWER mainEntity=[entityName=水栖形态 id=10 zone=HAND zonePos=1 cardId=TSC_654 player=1] error=NONE errorParam=
D 22:11:12.1246677 GameState.DebugPrintOptions() -   option 2 type=POWER mainEntity=[entityName=激活 id=26 zone=HAND zonePos=2 cardId=EX1_169 player=1] error=NONE errorParam=
D 22:11:12.1246677 GameState.DebugPrintOptions() -   option 3 type=POWER mainEntity=[entityName=虚灵改装师 id=11 zone=HAND zonePos=3 cardId=BT_724 player=1] error=NONE errorParam=
D 22:11:12.1246677 GameState.DebugPrintOptions() -     target 0 entity=[entityName=异教低阶牧师 id=71 zone=PLAY zonePos=1 cardId=CORE_SCH_713 player=2] error=NONE errorParam=
D 22:11:12.1246677 GameState.DebugPrintOptions() -     target 1 entity=[entityName=嘲风望月露娜拉 id=90 zone=PLAY zonePos=0 cardId=HERO_06bi player=1] error=REQ_MINION_TARGET errorParam=
D 22:11:12.1246677 GameState.DebugPrintOptions() -     target 2 entity=[entityName=胜地古神恩佐斯 id=92 zone=PLAY zonePos=0 cardId=HERO_07at player=2] error=REQ_MINION_TARGET errorParam=
D 22:11:12.1246677 GameState.DebugPrintOptions() -   option 4 type=POWER mainEntity=[entityName=激活 id=4 zone=HAND zonePos=4 cardId=EX1_169 player=1] error=NONE errorParam=
D 22:11:12.1246677 GameState.DebugPrintOptions() -   option 5 type=POWER mainEntity=[entityName=黑市拍卖师 id=43 zone=HAND zonePos=5 cardId=JAIL_718 player=1] error=REQ_ENOUGH_MANA errorParam=
D 22:11:12.1246677 GameState.DebugPrintOptions() -   option 6 type=POWER mainEntity=[entityName=光子炮台 id=35 zone=HAND zonePos=6 cardId=SC_753 player=1] error=REQ_ENOUGH_MANA errorParam=
D 22:11:12.1246677 GameState.DebugPrintOptions() -   option 7 type=POWER mainEntity=[entityName=米斯塔·维斯塔 id=15 zone=HAND zonePos=7 cardId=VAC_519 player=1] error=REQ_ENOUGH_MANA errorParam=
D 22:11:12.1246677 GameState.DebugPrintOptions() -   option 8 type=POWER mainEntity=[entityName=嘲风望月露娜拉 id=90 zone=PLAY zonePos=0 cardId=HERO_06bi player=1] error=REQ_NOT_EXHAUSTED_ACTIVATE errorParam=
D 22:11:12.1246677 GameState.DebugPrintOptions() -   option 9 type=POWER mainEntity=[entityName=变形 id=91 zone=PLAY zonePos=0 cardId=HERO_06ebp player=1] error=REQ_NOT_EXHAUSTED_HERO_POWER errorParam=
D 22:11:12.1246677 GameState.DebugPrintOptions() -   option 10 type=POWER mainEntity=[entityName=胜地古神恩佐斯 id=92 zone=PLAY zonePos=0 cardId=HERO_07at player=2] error=REQ_YOUR_TURN errorParam=
D 22:11:12.1246677 GameState.DebugPrintOptions() -   option 11 type=POWER mainEntity=[entityName=生命分流 id=93 zone=PLAY zonePos=0 cardId=HERO_07ebp player=2] error=REQ_YOUR_TURN errorParam=
D 22:11:12.1246677 GameState.DebugPrintOptions() -   option 12 type=POWER mainEntity=[entityName=异教低阶牧师 id=71 zone=PLAY zonePos=1 cardId=CORE_SCH_713 player=2] error=REQ_YOUR_TURN errorParam=
D 22:11:12.2930476 GameState.SendOption() - selectedOption=0 selectedSubOption=-1 selectedTarget=0 selectedPosition=0
D 22:11:12.7714687 PowerTaskList.DebugDump() - ID=168 ParentID=0 PreviousID=166 TaskCount=7
D 22:11:12.7714687 PowerTaskList.DebugDump() - Block Start=(null)
D 22:11:12.7714687 PowerTaskList.DebugPrintPower() -     TAG_CHANGE Entity=湫然#51704 tag=HEROPOWER_ACTIVATIONS_THIS_TURN value=1 
D 22:11:12.7714687 PowerTaskList.DebugPrintPower() -     TAG_CHANGE Entity=湫然#51704 tag=1739 value=1 
D 22:11:12.7714687 PowerTaskList.DebugPrintPower() -     TAG_CHANGE Entity=湫然#51704 tag=NUM_TIMES_HERO_POWER_USED_THIS_GAME value=1 
D 22:11:12.7714687 PowerTaskList.DebugPrintPower() -     TAG_CHANGE Entity=[entityName=变形 id=91 zone=PLAY zonePos=0 cardId=HERO_06ebp player=1] tag=HEROPOWER_ACTIVATIONS_THIS_TURN value=1 
D 22:11:12.7714687 PowerTaskList.DebugPrintPower() -     TAG_CHANGE Entity=[entityName=变形 id=91 zone=PLAY zonePos=0 cardId=HERO_06ebp player=1] tag=EXHAUSTED value=1 
D 22:11:12.7714687 PowerTaskList.DebugPrintPower() -     TAG_CHANGE Entity=GameEntity tag=1323 value=8 
D 22:11:12.7714687 PowerTaskList.DebugPrintPower() -     TAG_CHANGE Entity=湫然#51704 tag=NUM_OPTIONS_PLAYED_THIS_TURN value=1 
D 22:11:12.7714687 PowerTaskList.DebugPrintPower() - BLOCK_END
D 22:11:12.7714687 PowerProcessor.PrepareHistoryForCurrentTaskList() - m_currentTaskList=168
D 22:11:12.7714687 PowerProcessor.DoTaskListForCard() - unhandled BlockType PLAY for sourceEntity [entityName=变形 id=91 zone=PLAY zonePos=0 cardId=HERO_06ebp player=1]
D 22:11:12.7714687 PowerProcessor.EndCurrentTaskList() - m_currentTaskList=168
D 22:11:12.7714687 PowerTaskList.DebugDump() - ID=169 ParentID=0 PreviousID=0 TaskCount=1
D 22:11:12.7714687 PowerTaskList.DebugDump() - Block Start=(null)
D 22:11:12.7714687 PowerTaskList.DebugPrintPower() -     META_DATA - Meta=SLUSH_TIME Data=1000 InfoCount=1
D 22:11:12.7714687 PowerTaskList.DebugPrintPower() -                 Info[0] = [entityName=变形 id=91 zone=PLAY zonePos=0 cardId=HERO_06ebp player=1]
D 22:11:12.7714687 PowerTaskList.DebugDump() - Block End=(null)
D 22:11:12.7714687 PowerProcessor.PrepareHistoryForCurrentTaskList() - m_currentTaskList=169
D 22:11:12.7714687 PowerProcessor.EndCurrentTaskList() - m_currentTaskList=169
D 22:11:12.7714687 PowerTaskList.DebugDump() - ID=170 ParentID=0 PreviousID=0 TaskCount=1
D 22:11:12.7714687 PowerTaskList.DebugDump() - Block Start=(null)
D 22:11:12.7714687 PowerTaskList.DebugPrintPower() -     TAG_CHANGE Entity=[entityName=嘲风望月露娜拉 id=90 zone=PLAY zonePos=0 cardId=HERO_06bi player=1] tag=CARD_TARGET value=92 
D 22:11:12.7714687 PowerTaskList.DebugDump() - Block End=(null)
D 22:11:12.7714687 PowerProcessor.PrepareHistoryForCurrentTaskList() - m_currentTaskList=170
D 22:11:12.7714687 PowerProcessor.EndCurrentTaskList() - m_currentTaskList=170
D 22:11:12.7714687 PowerTaskList.DebugDump() - ID=171 ParentID=170 PreviousID=0 TaskCount=34
D 22:11:12.7714687 PowerTaskList.DebugPrintPower() - BLOCK_START BlockType=ATTACK Entity=[entityName=嘲风望月露娜拉 id=90 zone=PLAY zonePos=0 cardId=HERO_06bi player=1] EffectCardId=System.Collections.Generic.List`1[System.String] EffectIndex=0 Target=[entityName=胜地古神恩佐斯 id=92 zone=PLAY zonePos=0 cardId=HERO_07at player=2] SubOption=-1 
D 22:11:12.7714687 PowerTaskList.DebugPrintPower() -     TAG_CHANGE Entity=[entityName=嘲风望月露娜拉 id=90 zone=PLAY zonePos=0 cardId=HERO_06bi player=1] tag=1715 value=90 
D 22:11:12.7714687 PowerTaskList.DebugPrintPower() -     TAG_CHANGE Entity=[entityName=胜地古神恩佐斯 id=92 zone=PLAY zonePos=0 cardId=HERO_07at player=2] tag=1715 value=90 
D 22:11:12.7714687 PowerTaskList.DebugPrintPower() -     TAG_CHANGE Entity=GameEntity tag=PROPOSED_ATTACKER value=90 
D 22:11:12.7714687 PowerTaskList.DebugPrintPower() -     TAG_CHANGE Entity=GameEntity tag=PROPOSED_DEFENDER value=92 
D 22:11:12.7714687 PowerTaskList.DebugPrintPower() -     TAG_CHANGE Entity=[entityName=嘲风望月露娜拉 id=90 zone=PLAY zonePos=0 cardId=HERO_06bi player=1] tag=ATTACKING value=1 
D 22:11:12.7714687 PowerTaskList.DebugPrintPower() -     META_DATA - Meta=SLUSH_TIME Data=1200 InfoCount=1
D 22:11:12.7714687 PowerTaskList.DebugPrintPower() -                 Info[0] = [entityName=嘲风望月露娜拉 id=90 zone=PLAY zonePos=0 cardId=HERO_06bi player=1]
D 22:11:12.7714687 PowerTaskList.DebugPrintPower() -     TAG_CHANGE Entity=[entityName=胜地古神恩佐斯 id=92 zone=PLAY zonePos=0 cardId=HERO_07at player=2] tag=DEFENDING value=1 
D 22:11:12.7714687 PowerTaskList.DebugPrintPower() -     TAG_CHANGE Entity=[entityName=嘲风望月露娜拉 id=90 zone=PLAY zonePos=0 cardId=HERO_06bi player=1] tag=NUM_ATTACKS_THIS_TURN value=1 
D 22:11:12.7714687 PowerTaskList.DebugPrintPower() -     TAG_CHANGE Entity=[entityName=嘲风望月露娜拉 id=90 zone=PLAY zonePos=0 cardId=HERO_06bi player=1] tag=4163 value=1 
D 22:11:12.7714687 PowerTaskList.DebugPrintPower() -     TAG_CHANGE Entity=[entityName=嘲风望月露娜拉 id=90 zone=PLAY zonePos=0 cardId=HERO_06bi player=1] tag=EXHAUSTED value=1 
D 22:11:12.7714687 PowerTaskList.DebugPrintPower() -     TAG_CHANGE Entity=[entityName=胜地古神恩佐斯 id=92 zone=PLAY zonePos=0 cardId=HERO_07at player=2] tag=2187 value=90 
D 22:11:12.7714687 PowerTaskList.DebugPrintPower() -     TAG_CHANGE Entity=[entityName=胜地古神恩佐斯 id=92 zone=PLAY zonePos=0 cardId=HERO_07at player=2] tag=PREDAMAGE value=1 
D 22:11:12.7714687 PowerTaskList.DebugPrintPower() -     TAG_CHANGE Entity=[entityName=胜地古神恩佐斯 id=92 zone=PLAY zonePos=0 cardId=HERO_07at player=2] tag=1173 value=92 
D 22:11:12.7714687 PowerTaskList.DebugPrintPower() -     TAG_CHANGE Entity=[entityName=胜地古神恩佐斯 id=92 zone=PLAY zonePos=0 cardId=HERO_07at player=2] tag=2187 value=0 
D 22:11:12.7714687 PowerTaskList.DebugPrintPower() -     TAG_CHANGE Entity=[entityName=胜地古神恩佐斯 id=92 zone=PLAY zonePos=0 cardId=HERO_07at player=2] tag=PREDAMAGE value=0 
D 22:11:12.7714687 PowerTaskList.DebugPrintPower() -     TAG_CHANGE Entity=[entityName=胜地古神恩佐斯 id=92 zone=PLAY zonePos=0 cardId=HERO_07at player=2] tag=1173 value=0 
D 22:11:12.7714687 PowerTaskList.DebugPrintPower() -     TAG_CHANGE Entity=湫然#51704 tag=2335 value=1 
D 22:11:12.7714687 PowerTaskList.DebugPrintPower() -     TAG_CHANGE Entity=[entityName=胜地古神恩佐斯 id=92 zone=PLAY zonePos=0 cardId=HERO_07at player=2] tag=PREDAMAGE value=1 
D 22:11:12.7714687 PowerTaskList.DebugPrintPower() -     TAG_CHANGE Entity=[entityName=胜地古神恩佐斯 id=92 zone=PLAY zonePos=0 cardId=HERO_07at player=2] tag=PREDAMAGE value=0 
D 22:11:12.7714687 PowerTaskList.DebugPrintPower() -     META_DATA - Meta=DAMAGE Data=1 InfoCount=1
D 22:11:12.7714687 PowerTaskList.DebugPrintPower() -                 Info[0] = [entityName=胜地古神恩佐斯 id=92 zone=PLAY zonePos=0 cardId=HERO_07at player=2]
D 22:11:12.7714687 PowerTaskList.DebugPrintPower() -     TAG_CHANGE Entity=[entityName=胜地古神恩佐斯 id=92 zone=PLAY zonePos=0 cardId=HERO_07at player=2] tag=4741 value=3 
D 22:11:12.7714687 PowerTaskList.DebugPrintPower() -     TAG_CHANGE Entity=[entityName=胜地古神恩佐斯 id=92 zone=PLAY zonePos=0 cardId=HERO_07at player=2] tag=LAST_AFFECTED_BY value=90 
D 22:11:12.7714687 PowerTaskList.DebugPrintPower() -     TAG_CHANGE Entity=[entityName=胜地古神恩佐斯 id=92 zone=PLAY zonePos=0 cardId=HERO_07at player=2] tag=DAMAGE value=3 
D 22:11:12.7714687 PowerTaskList.DebugPrintPower() -     TAG_CHANGE Entity=加斯帕的礼物#5438 tag=464 value=1 
D 22:11:12.7714687 PowerTaskList.DebugPrintPower() -     TAG_CHANGE Entity=加斯帕的礼物#5438 tag=1853 value=3 
D 22:11:12.7714687 PowerTaskList.DebugPrintPower() -     TAG_CHANGE Entity=加斯帕的礼物#5438 tag=4453 value=1 
D 22:11:12.7714687 PowerTaskList.DebugPrintPower() -     TAG_CHANGE Entity=加斯帕的礼物#5438 tag=DAMAGE_DEALT_TO_HERO_LAST_TURN value=1 
D 22:11:12.7714687 PowerTaskList.DebugPrintPower() -     TAG_CHANGE Entity=加斯帕的礼物#5438 tag=1575 value=1 
D 22:11:12.7714687 PowerTaskList.DebugPrintPower() -     TAG_CHANGE Entity=GameEntity tag=1710 value=1 
D 22:11:12.7714687 PowerTaskList.DebugPrintPower() -     TAG_CHANGE Entity=GameEntity tag=1710 value=0 
D 22:11:12.7714687 PowerTaskList.DebugPrintPower() -     TAG_CHANGE Entity=GameEntity tag=PROPOSED_ATTACKER value=0 
D 22:11:12.7714687 PowerTaskList.DebugPrintPower() -     TAG_CHANGE Entity=GameEntity tag=PROPOSED_DEFENDER value=0 
D 22:11:12.7714687 PowerTaskList.DebugPrintPower() -     TAG_CHANGE Entity=[entityName=嘲风望月露娜拉 id=90 zone=PLAY zonePos=0 cardId=HERO_06bi player=1] tag=ATTACKING value=0 
D 22:11:12.7714687 PowerTaskList.DebugPrintPower() -     TAG_CHANGE Entity=[entityName=胜地古神恩佐斯 id=92 zone=PLAY zonePos=0 cardId=HERO_07at player=2] tag=DEFENDING value=0 
D 22:11:12.7714687 PowerTaskList.DebugPrintPower() - BLOCK_END
D 22:11:12.7714687 PowerProcessor.PrepareHistoryForCurrentTaskList() - m_currentTaskList=171
D 22:11:13.1132916 GameState.DebugPrintPowerList() - Count=112
D 22:11:13.1132916 GameState.DebugPrintPower() - TAG_CHANGE Entity=GameEntity tag=STEP value=MAIN_END 
D 22:11:13.1132916 GameState.DebugPrintPower() - BLOCK_START BlockType=TRIGGER Entity=湫然#51704 EffectCardId=System.Collections.Generic.List`1[System.String] EffectIndex=-1 Target=0 SubOption=-1 TriggerKeyword=TAG_NOT_SET
D 22:11:13.1132916 GameState.DebugPrintPower() -     TAG_CHANGE Entity=GameEntity tag=NEXT_STEP value=MAIN_CLEANUP 
D 22:11:13.1132916 GameState.DebugPrintPower() - BLOCK_END
D 22:11:13.1132916 GameState.DebugPrintPower() - BLOCK_START BlockType=TRIGGER Entity=湫然#51704 EffectCardId=System.Collections.Generic.List`1[System.String] EffectIndex=-1 Target=0 SubOption=-1 TriggerKeyword=TAG_NOT_SET
D 22:11:13.1132916 GameState.DebugPrintPower() - BLOCK_END
D 22:11:13.1132916 GameState.DebugPrintPower() - BLOCK_START BlockType=TRIGGER Entity=加斯帕的礼物#5438 EffectCardId=System.Collections.Generic.List`1[System.String] EffectIndex=-1 Target=0 SubOption=-1 TriggerKeyword=TAG_NOT_SET
D 22:11:13.1132916 GameState.DebugPrintPower() - BLOCK_END
D 22:11:13.1132916 GameState.DebugPrintPower() - BLOCK_START BlockType=TRIGGER Entity=[entityName=遭到戏耍 id=127 zone=PLAY zonePos=0 cardId=SCH_713e player=2] EffectCardId=System.Collections.Generic.List`1[System.String] EffectIndex=0 Target=0 SubOption=-1 TriggerKeyword=TAG_NOT_SET
D 22:11:13.1132916 GameState.DebugPrintPower() -     TAG_CHANGE Entity=[entityName=遭到戏耍 id=127 zone=PLAY zonePos=0 cardId=SCH_713e player=2] tag=2747 value=127 
D 22:11:13.1132916 GameState.DebugPrintPower() -     TAG_CHANGE Entity=[entityName=遭到戏耍 id=127 zone=PLAY zonePos=0 cardId=SCH_713e player=2] tag=4741 value=1 
D 22:11:13.1132916 GameState.DebugPrintPower() -     TAG_CHANGE Entity=[entityName=遭到戏耍 id=127 zone=PLAY zonePos=0 cardId=SCH_713e player=2] tag=LAST_AFFECTED_BY value=127 
D 22:11:13.1132916 GameState.DebugPrintPower() -     TAG_CHANGE Entity=[entityName=遭到戏耍 id=127 zone=PLAY zonePos=0 cardId=SCH_713e player=2] tag=1068 value=4 
D 22:11:13.1132916 GameState.DebugPrintPower() -     TAG_CHANGE Entity=[entityName=遭到戏耍 id=127 zone=PLAY zonePos=0 cardId=SCH_713e player=2] tag=1068 value=0 
D 22:11:13.1132916 GameState.DebugPrintPower() -     TAG_CHANGE Entity=[entityName=遭到戏耍 id=127 zone=PLAY zonePos=0 cardId=SCH_713e player=2] tag=ZONE value=GRAVEYARD 
D 22:11:13.1132916 GameState.DebugPrintPower() -     TAG_CHANGE Entity=[entityName=遭到戏耍 id=127 zone=PLAY zonePos=0 cardId=SCH_713e player=2] tag=1234 value=2 
D 22:11:13.1132916 GameState.DebugPrintPower() -     HIDE_ENTITY - Entity=[entityName=遭到戏耍 id=127 zone=PLAY zonePos=0 cardId=SCH_713e player=2] tag=ZONE value=GRAVEYARD
D 22:11:13.1132916 GameState.DebugPrintPower() -     TAG_CHANGE Entity=[entityName=光子炮台 id=35 zone=HAND zonePos=6 cardId=SC_753 player=1] tag=TAG_LAST_KNOWN_COST_IN_HAND value=2 
D 22:11:13.1132916 GameState.DebugPrintPower() -     TAG_CHANGE Entity=[entityName=激活 id=26 zone=HAND zonePos=2 cardId=EX1_169 player=1] tag=TAG_LAST_KNOWN_COST_IN_HAND value=0 
D 22:11:13.1132916 GameState.DebugPrintPower() -     TAG_CHANGE Entity=[entityName=水栖形态 id=10 zone=HAND zonePos=1 cardId=TSC_654 player=1] tag=TAG_LAST_KNOWN_COST_IN_HAND value=0 
D 22:11:13.1132916 GameState.DebugPrintPower() -     TAG_CHANGE Entity=[entityName=激活 id=4 zone=HAND zonePos=4 cardId=EX1_169 player=1] tag=TAG_LAST_KNOWN_COST_IN_HAND value=0 
D 22:11:13.1132916 GameState.DebugPrintPower() -     TAG_CHANGE Entity=[entityName=光子炮台 id=35 zone=HAND zonePos=6 cardId=SC_753 player=1] tag=COST value=2 
D 22:11:13.1132916 GameState.DebugPrintPower() -     TAG_CHANGE Entity=[entityName=激活 id=26 zone=HAND zonePos=2 cardId=EX1_169 player=1] tag=COST value=0 
D 22:11:13.1132916 GameState.DebugPrintPower() -     TAG_CHANGE Entity=[entityName=水栖形态 id=10 zone=HAND zonePos=1 cardId=TSC_654 player=1] tag=COST value=0 
D 22:11:13.1132916 GameState.DebugPrintPower() -     TAG_CHANGE Entity=[entityName=激活 id=4 zone=HAND zonePos=4 cardId=EX1_169 player=1] tag=COST value=0 
D 22:11:13.1132916 GameState.DebugPrintPower() - BLOCK_END
D 22:11:13.1132916 GameState.DebugPrintPower() - TAG_CHANGE Entity=GameEntity tag=STEP value=MAIN_CLEANUP 
D 22:11:13.1132916 GameState.DebugPrintPower() - BLOCK_START BlockType=TRIGGER Entity=湫然#51704 EffectCardId=System.Collections.Generic.List`1[System.String] EffectIndex=-1 Target=0 SubOption=-1 TriggerKeyword=TAG_NOT_SET
D 22:11:13.1132916 GameState.DebugPrintPower() -     TAG_CHANGE Entity=湫然#51704 tag=1854 value=2 
D 22:11:13.1132916 GameState.DebugPrintPower() -     TAG_CHANGE Entity=GameEntity tag=NEXT_STEP value=MAIN_NEXT 
D 22:11:13.1132916 GameState.DebugPrintPower() - BLOCK_END
D 22:11:13.1132916 GameState.DebugPrintPower() - BLOCK_START BlockType=TRIGGER Entity=加斯帕的礼物#5438 EffectCardId=System.Collections.Generic.List`1[System.String] EffectIndex=-1 Target=0 SubOption=-1 TriggerKeyword=TAG_NOT_SET
D 22:11:13.1132916 GameState.DebugPrintPower() - BLOCK_END
D 22:11:13.1132916 GameState.DebugPrintPower() - BLOCK_START BlockType=TRIGGER Entity=[entityName=额外攻击力 id=128 zone=PLAY zonePos=0 cardId=CS2_017o player=1] EffectCardId=System.Collections.Generic.List`1[System.String] EffectIndex=-1 Target=0 SubOption=-1 TriggerKeyword=TAG_ONE_TURN_EFFECT
D 22:11:13.1132916 GameState.DebugPrintPower() -     TAG_CHANGE Entity=[entityName=额外攻击力 id=128 zone=PLAY zonePos=0 cardId=CS2_017o player=1] tag=2747 value=128 
D 22:11:13.1132916 GameState.DebugPrintPower() -     TAG_CHANGE Entity=[entityName=额外攻击力 id=128 zone=PLAY zonePos=0 cardId=CS2_017o player=1] tag=4741 value=1 
D 22:11:13.1132916 GameState.DebugPrintPower() -     TAG_CHANGE Entity=[entityName=额外攻击力 id=128 zone=PLAY zonePos=0 cardId=CS2_017o player=1] tag=LAST_AFFECTED_BY value=128 
D 22:11:13.1132916 GameState.DebugPrintPower() -     TAG_CHANGE Entity=[entityName=额外攻击力 id=128 zone=PLAY zonePos=0 cardId=CS2_017o player=1] tag=1068 value=4 
D 22:11:13.1132916 GameState.DebugPrintPower() -     TAG_CHANGE Entity=[entityName=额外攻击力 id=128 zone=PLAY zonePos=0 cardId=CS2_017o player=1] tag=1068 value=0 
D 22:11:13.1132916 GameState.DebugPrintPower() -     TAG_CHANGE Entity=[entityName=额外攻击力 id=128 zone=PLAY zonePos=0 cardId=CS2_017o player=1] tag=ZONE value=GRAVEYARD 
D 22:11:13.1132916 GameState.DebugPrintPower() -     TAG_CHANGE Entity=[entityName=嘲风望月露娜拉 id=90 zone=PLAY zonePos=0 cardId=HERO_06bi player=1] tag=TAG_ONE_TURN_EFFECT value=0 
D 22:11:13.1132916 GameState.DebugPrintPower() -     TAG_CHANGE Entity=[entityName=额外攻击力 id=128 zone=PLAY zonePos=0 cardId=CS2_017o player=1] tag=1234 value=90 
D 22:11:13.1132916 GameState.DebugPrintPower() -     HIDE_ENTITY - Entity=[entityName=额外攻击力 id=128 zone=PLAY zonePos=0 cardId=CS2_017o player=1] tag=ZONE value=GRAVEYARD
D 22:11:13.1132916 GameState.DebugPrintPower() -     TAG_CHANGE Entity=[entityName=嘲风望月露娜拉 id=90 zone=PLAY zonePos=0 cardId=HERO_06bi player=1] tag=479 value=0 
D 22:11:13.1132916 GameState.DebugPrintPower() -     TAG_CHANGE Entity=[entityName=嘲风望月露娜拉 id=90 zone=PLAY zonePos=0 cardId=HERO_06bi player=1] tag=ATK value=0 
D 22:11:13.1132916 GameState.DebugPrintPower() - BLOCK_END
D 22:11:13.1132916 GameState.DebugPrintPower() - TAG_CHANGE Entity=GameEntity tag=STEP value=MAIN_NEXT 
D 22:11:13.1132916 GameState.DebugPrintPower() - BLOCK_START BlockType=TRIGGER Entity=GameEntity EffectCardId=System.Collections.Generic.List`1[System.String] EffectIndex=-1 Target=0 SubOption=-1 TriggerKeyword=TAG_NOT_SET
D 22:11:13.1132916 GameState.DebugPrintPower() -     TAG_CHANGE Entity=湫然#51704 tag=1292 value=0 
D 22:11:13.1132916 GameState.DebugPrintPower() -     TAG_CHANGE Entity=加斯帕的礼物#5438 tag=1292 value=1 
D 22:11:13.1132916 GameState.DebugPrintPower() -     TAG_CHANGE Entity=[entityName=水栖形态 id=10 zone=HAND zonePos=1 cardId=TSC_654 player=1] tag=NUM_TURNS_IN_HAND value=8 
D 22:11:13.1132916 GameState.DebugPrintPower() -     TAG_CHANGE Entity=[entityName=激活 id=26 zone=HAND zonePos=2 cardId=EX1_169 player=1] tag=NUM_TURNS_IN_HAND value=8 
D 22:11:13.1132916 GameState.DebugPrintPower() -     TAG_CHANGE Entity=[entityName=虚灵改装师 id=11 zone=HAND zonePos=3 cardId=BT_724 player=1] tag=NUM_TURNS_IN_HAND value=8 
D 22:11:13.1132916 GameState.DebugPrintPower() -     TAG_CHANGE Entity=[entityName=激活 id=4 zone=HAND zonePos=4 cardId=EX1_169 player=1] tag=NUM_TURNS_IN_HAND value=6 
D 22:11:13.1132916 GameState.DebugPrintPower() -     TAG_CHANGE Entity=[entityName=黑市拍卖师 id=43 zone=HAND zonePos=5 cardId=JAIL_718 player=1] tag=NUM_TURNS_IN_HAND value=6 
D 22:11:13.1132916 GameState.DebugPrintPower() -     TAG_CHANGE Entity=[entityName=光子炮台 id=35 zone=HAND zonePos=6 cardId=SC_753 player=1] tag=NUM_TURNS_IN_HAND value=4 
D 22:11:13.1132916 GameState.DebugPrintPower() -     TAG_CHANGE Entity=[entityName=米斯塔·维斯塔 id=15 zone=HAND zonePos=7 cardId=VAC_519 player=1] tag=NUM_TURNS_IN_HAND value=2 
D 22:11:13.1132916 GameState.DebugPrintPower() -     TAG_CHANGE Entity=湫然#51704 tag=CURRENT_PLAYER value=0 
D 22:11:13.1132916 GameState.DebugPrintPower() -     TAG_CHANGE Entity=加斯帕的礼物#5438 tag=CURRENT_PLAYER value=1 
D 22:11:13.1132916 GameState.DebugPrintPower() -     TAG_CHANGE Entity=GameEntity tag=TURN value=8 
D 22:11:13.1132916 GameState.DebugPrintPower() -     TAG_CHANGE Entity=GameEntity tag=1882 value=7 
D 22:11:13.1132916 GameState.DebugPrintPower() -     TAG_CHANGE Entity=加斯帕的礼物#5438 tag=TURN value=4 
D 22:11:13.1132916 GameState.DebugPrintPower() -     TAG_CHANGE Entity=GameEntity tag=NEXT_STEP value=MAIN_READY 
D 22:11:13.1132916 GameState.DebugPrintPower() - BLOCK_END
D 22:11:13.1132916 GameState.DebugPrintPower() - TAG_CHANGE Entity=GameEntity tag=STEP value=MAIN_READY 
D 22:11:13.1132916 GameState.DebugPrintPower() - BLOCK_START BlockType=TRIGGER Entity=加斯帕的礼物#5438 EffectCardId=System.Collections.Generic.List`1[System.String] EffectIndex=-1 Target=0 SubOption=-1 TriggerKeyword=TAG_NOT_SET
D 22:11:13.1132916 GameState.DebugPrintPower() -     TAG_CHANGE Entity=GameEntity tag=NUM_TURNS_IN_PLAY value=8 
D 22:11:13.1132916 GameState.DebugPrintPower() -     TAG_CHANGE Entity=湫然#51704 tag=NUM_TURNS_IN_PLAY value=8 
D 22:11:13.1132916 GameState.DebugPrintPower() -     TAG_CHANGE Entity=加斯帕的礼物#5438 tag=NUM_TURNS_IN_PLAY value=8 
D 22:11:13.1132916 GameState.DebugPrintPower() -     TAG_CHANGE Entity=[entityName=嘲风望月露娜拉 id=90 zone=PLAY zonePos=0 cardId=HERO_06bi player=1] tag=NUM_TURNS_IN_PLAY value=8 
D 22:11:13.1132916 GameState.DebugPrintPower() -     TAG_CHANGE Entity=[entityName=变形 id=91 zone=PLAY zonePos=0 cardId=HERO_06ebp player=1] tag=NUM_TURNS_IN_PLAY value=8 
D 22:11:13.1132916 GameState.DebugPrintPower() -     TAG_CHANGE Entity=[entityName=胜地古神恩佐斯 id=92 zone=PLAY zonePos=0 cardId=HERO_07at player=2] tag=NUM_TURNS_IN_PLAY value=8 
D 22:11:13.1132916 GameState.DebugPrintPower() -     TAG_CHANGE Entity=[entityName=生命分流 id=93 zone=PLAY zonePos=0 cardId=HERO_07ebp player=2] tag=NUM_TURNS_IN_PLAY value=8 
D 22:11:13.1132916 GameState.DebugPrintPower() -     TAG_CHANGE Entity=[entityName=异教低阶牧师 id=71 zone=PLAY zonePos=1 cardId=CORE_SCH_713 player=2] tag=NUM_TURNS_IN_PLAY value=2 
D 22:11:13.1132916 GameState.DebugPrintPower() -     TAG_CHANGE Entity=[entityName=征战时光之末 id=49 zone=SECRET zonePos=0 cardId=END_017 player=2] tag=NUM_TURNS_IN_PLAY value=6 
D 22:11:13.1132916 GameState.DebugPrintPower() -     TAG_CHANGE Entity=加斯帕的礼物#5438 tag=RESOURCES value=4 
D 22:11:13.1132916 GameState.DebugPrintPower() -     TAG_CHANGE Entity=加斯帕的礼物#5438 tag=RESOURCES_USED value=0 
D 22:11:13.1132916 GameState.DebugPrintPower() -     TAG_CHANGE Entity=加斯帕的礼物#5438 tag=NUM_CARDS_PLAYED_THIS_TURN value=0 
D 22:11:13.1132916 GameState.DebugPrintPower() -     TAG_CHANGE Entity=加斯帕的礼物#5438 tag=NUM_MINIONS_PLAYED_THIS_TURN value=0 
D 22:11:13.1132916 GameState.DebugPrintPower() -     TAG_CHANGE Entity=加斯帕的礼物#5438 tag=NUM_OPTIONS_PLAYED_THIS_TURN value=0 
D 22:11:13.1132916 GameState.DebugPrintPower() -     TAG_CHANGE Entity=加斯帕的礼物#5438 tag=430 value=0 
D 22:11:13.1132916 GameState.DebugPrintPower() -     TAG_CHANGE Entity=加斯帕的礼物#5438 tag=3242 value=0 
D 22:11:13.1132916 GameState.DebugPrintPower() -     TAG_CHANGE Entity=[entityName=异教低阶牧师 id=71 zone=PLAY zonePos=1 cardId=CORE_SCH_713 player=2] tag=EXHAUSTED value=0 
D 22:11:13.1132916 GameState.DebugPrintPower() -     TAG_CHANGE Entity=[entityName=征战时光之末 id=49 zone=SECRET zonePos=0 cardId=END_017 player=2] tag=EXHAUSTED value=1 
D 22:11:13.1132916 GameState.DebugPrintPower() -     TAG_CHANGE Entity=湫然#51704 tag=NUM_CARDS_DRAWN_THIS_TURN value=0 
D 22:11:13.1132916 GameState.DebugPrintPower() -     TAG_CHANGE Entity=GameEntity tag=NEXT_STEP value=MAIN_START_TRIGGERS 
D 22:11:13.1132916 GameState.DebugPrintPower() -     TAG_CHANGE Entity=加斯帕的礼物#5438 tag=464 value=0 
D 22:11:13.1132916 GameState.DebugPrintPower() -     TAG_CHANGE Entity=加斯帕的礼物#5438 tag=4453 value=0 
D 22:11:13.1132916 GameState.DebugPrintPower() -     TAG_CHANGE Entity=加斯帕的礼物#5438 tag=1575 value=0 
D 22:11:13.1132916 GameState.DebugPrintPower() -     TAG_CHANGE Entity=湫然#51704 tag=2786 value=0 
D 22:11:13.1132916 GameState.DebugPrintPower() - BLOCK_END
D 22:11:13.1132916 GameState.DebugPrintPower() - TAG_CHANGE Entity=GameEntity tag=STEP value=MAIN_START_TRIGGERS 
D 22:11:13.1132916 GameState.DebugPrintPower() - BLOCK_START BlockType=TRIGGER Entity=加斯帕的礼物#5438 EffectCardId=System.Collections.Generic.List`1[System.String] EffectIndex=-1 Target=0 SubOption=-1 TriggerKeyword=TAG_NOT_SET
D 22:11:13.1132916 GameState.DebugPrintPower() -     TAG_CHANGE Entity=GameEntity tag=NEXT_STEP value=MAIN_START 
D 22:11:13.1132916 GameState.DebugPrintPower() - BLOCK_END
D 22:11:13.1132916 GameState.DebugPrintPower() - TAG_CHANGE Entity=GameEntity tag=STEP value=MAIN_START 
D 22:11:13.1132916 GameState.DebugPrintPower() - BLOCK_START BlockType=TRIGGER Entity=加斯帕的礼物#5438 EffectCardId=System.Collections.Generic.List`1[System.String] EffectIndex=-1 Target=0 SubOption=-1 TriggerKeyword=TAG_NOT_SET
D 22:11:13.1132916 GameState.DebugPrintPower() -     TAG_CHANGE Entity=加斯帕的礼物#5438 tag=2166 value=77 
D 22:11:13.1132916 GameState.DebugPrintPower() -     TAG_CHANGE Entity=加斯帕的礼物#5438 tag=467 value=1 
D 22:11:13.1132916 GameState.DebugPrintPower() -     TAG_CHANGE Entity=[entityName=UNKNOWN ENTITY [cardType=INVALID] id=77 zone=DECK zonePos=0 cardId= player=2] tag=ZONE value=HAND 
D 22:11:13.1132916 GameState.DebugPrintPower() -     TAG_CHANGE Entity=[entityName=UNKNOWN ENTITY [cardType=INVALID] id=77 zone=DECK zonePos=0 cardId= player=2] tag=ZONE_POSITION value=8 
D 22:11:13.1132916 GameState.DebugPrintPower() -     TAG_CHANGE Entity=[entityName=UNKNOWN ENTITY [cardType=INVALID] id=77 zone=DECK zonePos=0 cardId= player=2] tag=ZONE_POSITION value=0 
D 22:11:13.1132916 GameState.DebugPrintPower() -     TAG_CHANGE Entity=[entityName=UNKNOWN ENTITY [cardType=INVALID] id=77 zone=DECK zonePos=0 cardId= player=2] tag=ZONE_POSITION value=8 
D 22:11:13.1132916 GameState.DebugPrintPower() -     TAG_CHANGE Entity=加斯帕的礼物#5438 tag=NUM_CARDS_DRAWN_THIS_TURN value=1 
D 22:11:13.1132916 GameState.DebugPrintPower() -     TAG_CHANGE Entity=加斯帕的礼物#5438 tag=995 value=6 
D 22:11:13.1132916 GameState.DebugPrintPower() -     TAG_CHANGE Entity=加斯帕的礼物#5438 tag=467 value=0 
D 22:11:13.1132916 GameState.DebugPrintPower() -     TAG_CHANGE Entity=GameEntity tag=NEXT_STEP value=MAIN_ACTION 
D 22:11:13.1132916 GameState.DebugPrintPower() - BLOCK_END
D 22:11:13.1132916 GameState.DebugPrintPower() - TAG_CHANGE Entity=GameEntity tag=STEP value=MAIN_ACTION 
D 22:11:13.1132916 GameState.DebugPrintPower() - BLOCK_START BlockType=TRIGGER Entity=加斯帕的礼物#5438 EffectCardId=System.Collections.Generic.List`1[System.String] EffectIndex=-1 Target=0 SubOption=-1 TriggerKeyword=TAG_NOT_SET
D 22:11:13.1132916 GameState.DebugPrintPower() -     TAG_CHANGE Entity=GameEntity tag=NEXT_STEP value=MAIN_END 
D 22:11:13.1132916 GameState.DebugPrintPower() - BLOCK_END
D 22:11:13.7874867 PowerProcessor.EndCurrentTaskList() - m_currentTaskList=171
D 22:11:13.7874867 PowerTaskList.DebugDump() - ID=172 ParentID=0 PreviousID=0 TaskCount=0
D 22:11:13.7874867 PowerTaskList.DebugPrintPower() - BLOCK_START BlockType=TRIGGER Entity=湫然#51704 EffectCardId=System.Collections.Generic.List`1[System.String] EffectIndex=-1 Target=0 SubOption=-1 TriggerKeyword=TAG_NOT_SET
D 22:11:13.7874867 PowerTaskList.DebugPrintPower() - BLOCK_END
D 22:11:13.7874867 PowerProcessor.PrepareHistoryForCurrentTaskList() - m_currentTaskList=172
D 22:11:13.7874867 PowerProcessor.EndCurrentTaskList() - m_currentTaskList=172
D 22:11:13.7874867 PowerTaskList.DebugDump() - ID=173 ParentID=0 PreviousID=0 TaskCount=3
D 22:11:13.7874867 PowerTaskList.DebugDump() - Block Start=(null)
D 22:11:13.7874867 PowerTaskList.DebugPrintPower() -     TAG_CHANGE Entity=GameEntity tag=1323 value=9 
D 22:11:13.7874867 PowerTaskList.DebugPrintPower() -     TAG_CHANGE Entity=湫然#51704 tag=NUM_OPTIONS_PLAYED_THIS_TURN value=2 
D 22:11:13.7874867 PowerTaskList.DebugPrintPower() -     META_DATA - Meta=SLUSH_TIME Data=1000 InfoCount=1
D 22:11:13.7874867 PowerTaskList.DebugPrintPower() -                 Info[0] = [entityName=嘲风望月露娜拉 id=90 zone=PLAY zonePos=0 cardId=HERO_06bi player=1]
D 22:11:13.7874867 PowerTaskList.DebugDump() - Block End=(null)
D 22:11:13.7874867 PowerProcessor.PrepareHistoryForCurrentTaskList() - m_currentTaskList=173
D 22:11:13.7874867 PowerProcessor.EndCurrentTaskList() - m_currentTaskList=173
D 22:11:13.7874867 PowerTaskList.DebugDump() - ID=174 ParentID=0 PreviousID=0 TaskCount=1
D 22:11:13.7874867 PowerTaskList.DebugDump() - Block Start=(null)
D 22:11:13.7874867 PowerTaskList.DebugPrintPower() -     TAG_CHANGE Entity=GameEntity tag=STEP value=MAIN_END 
D 22:11:13.7874867 PowerTaskList.DebugDump() - Block End=(null)
D 22:11:13.7874867 PowerProcessor.PrepareHistoryForCurrentTaskList() - m_currentTaskList=174
D 22:11:13.7874867 PowerProcessor.EndCurrentTaskList() - m_currentTaskList=174
D 22:11:13.7874867 PowerTaskList.DebugDump() - ID=175 ParentID=174 PreviousID=0 TaskCount=1
D 22:11:13.7874867 PowerTaskList.DebugPrintPower() - BLOCK_START BlockType=TRIGGER Entity=湫然#51704 EffectCardId=System.Collections.Generic.List`1[System.String] EffectIndex=-1 Target=0 SubOption=-1 TriggerKeyword=TAG_NOT_SET
D 22:11:13.7874867 PowerTaskList.DebugPrintPower() -     TAG_CHANGE Entity=GameEntity tag=NEXT_STEP value=MAIN_CLEANUP 
D 22:11:13.7874867 PowerTaskList.DebugPrintPower() - BLOCK_END
D 22:11:13.7874867 PowerProcessor.PrepareHistoryForCurrentTaskList() - m_currentTaskList=175
D 22:11:13.7874867 PowerProcessor.EndCurrentTaskList() - m_currentTaskList=175
D 22:11:13.7874867 PowerTaskList.DebugDump() - ID=176 ParentID=0 PreviousID=0 TaskCount=0
D 22:11:13.7874867 PowerTaskList.DebugPrintPower() - BLOCK_START BlockType=TRIGGER Entity=湫然#51704 EffectCardId=System.Collections.Generic.List`1[System.String] EffectIndex=-1 Target=0 SubOption=-1 TriggerKeyword=TAG_NOT_SET
D 22:11:13.7874867 PowerTaskList.DebugPrintPower() - BLOCK_END
D 22:11:13.7874867 PowerProcessor.PrepareHistoryForCurrentTaskList() - m_currentTaskList=176
D 22:11:13.7874867 PowerProcessor.EndCurrentTaskList() - m_currentTaskList=176
D 22:11:13.7874867 PowerTaskList.DebugDump() - ID=177 ParentID=0 PreviousID=0 TaskCount=0
D 22:11:13.7874867 PowerTaskList.DebugPrintPower() - BLOCK_START BlockType=TRIGGER Entity=加斯帕的礼物#5438 EffectCardId=System.Collections.Generic.List`1[System.String] EffectIndex=-1 Target=0 SubOption=-1 TriggerKeyword=TAG_NOT_SET
D 22:11:13.7874867 PowerTaskList.DebugPrintPower() - BLOCK_END
D 22:11:13.7874867 PowerProcessor.PrepareHistoryForCurrentTaskList() - m_currentTaskList=177
D 22:11:13.7874867 PowerProcessor.EndCurrentTaskList() - m_currentTaskList=177
D 22:11:13.7874867 PowerTaskList.DebugDump() - ID=178 ParentID=0 PreviousID=0 TaskCount=16
D 22:11:13.7874867 PowerTaskList.DebugPrintPower() - BLOCK_START BlockType=TRIGGER Entity=[entityName=遭到戏耍 id=127 zone=PLAY zonePos=0 cardId=SCH_713e player=2] EffectCardId=System.Collections.Generic.List`1[System.String] EffectIndex=0 Target=0 SubOption=-1 TriggerKeyword=TAG_NOT_SET
D 22:11:13.7874867 PowerTaskList.DebugPrintPower() -     TAG_CHANGE Entity=[entityName=遭到戏耍 id=127 zone=PLAY zonePos=0 cardId=SCH_713e player=2] tag=2747 value=127 
D 22:11:13.7874867 PowerTaskList.DebugPrintPower() -     TAG_CHANGE Entity=[entityName=遭到戏耍 id=127 zone=PLAY zonePos=0 cardId=SCH_713e player=2] tag=4741 value=1 
D 22:11:13.7874867 PowerTaskList.DebugPrintPower() -     TAG_CHANGE Entity=[entityName=遭到戏耍 id=127 zone=PLAY zonePos=0 cardId=SCH_713e player=2] tag=LAST_AFFECTED_BY value=127 
D 22:11:13.7874867 PowerTaskList.DebugPrintPower() -     TAG_CHANGE Entity=[entityName=遭到戏耍 id=127 zone=PLAY zonePos=0 cardId=SCH_713e player=2] tag=1068 value=4 
D 22:11:13.7874867 PowerTaskList.DebugPrintPower() -     TAG_CHANGE Entity=[entityName=遭到戏耍 id=127 zone=PLAY zonePos=0 cardId=SCH_713e player=2] tag=1068 value=0 
D 22:11:13.7874867 PowerTaskList.DebugPrintPower() -     TAG_CHANGE Entity=[entityName=遭到戏耍 id=127 zone=PLAY zonePos=0 cardId=SCH_713e player=2] tag=ZONE value=GRAVEYARD 
D 22:11:13.7874867 PowerTaskList.DebugPrintPower() -     TAG_CHANGE Entity=[entityName=遭到戏耍 id=127 zone=PLAY zonePos=0 cardId=SCH_713e player=2] tag=1234 value=2 
D 22:11:13.7874867 PowerTaskList.DebugPrintPower() -     HIDE_ENTITY - Entity=[entityName=遭到戏耍 id=127 zone=PLAY zonePos=0 cardId=SCH_713e player=2] tag=ZONE value=GRAVEYARD
D 22:11:13.7874867 PowerTaskList.DebugPrintPower() -     TAG_CHANGE Entity=[entityName=光子炮台 id=35 zone=HAND zonePos=6 cardId=SC_753 player=1] tag=TAG_LAST_KNOWN_COST_IN_HAND value=2 
D 22:11:13.7874867 PowerTaskList.DebugPrintPower() -     TAG_CHANGE Entity=[entityName=激活 id=26 zone=HAND zonePos=2 cardId=EX1_169 player=1] tag=TAG_LAST_KNOWN_COST_IN_HAND value=0 
D 22:11:13.7874867 PowerTaskList.DebugPrintPower() -     TAG_CHANGE Entity=[entityName=水栖形态 id=10 zone=HAND zonePos=1 cardId=TSC_654 player=1] tag=TAG_LAST_KNOWN_COST_IN_HAND value=0 
D 22:11:13.7874867 PowerTaskList.DebugPrintPower() -     TAG_CHANGE Entity=[entityName=激活 id=4 zone=HAND zonePos=4 cardId=EX1_169 player=1] tag=TAG_LAST_KNOWN_COST_IN_HAND value=0 
D 22:11:13.7874867 PowerTaskList.DebugPrintPower() -     TAG_CHANGE Entity=[entityName=光子炮台 id=35 zone=HAND zonePos=6 cardId=SC_753 player=1] tag=COST value=2 
D 22:11:13.7874867 PowerTaskList.DebugPrintPower() -     TAG_CHANGE Entity=[entityName=激活 id=26 zone=HAND zonePos=2 cardId=EX1_169 player=1] tag=COST value=0 
D 22:11:13.7874867 PowerTaskList.DebugPrintPower() -     TAG_CHANGE Entity=[entityName=水栖形态 id=10 zone=HAND zonePos=1 cardId=TSC_654 player=1] tag=COST value=0 
D 22:11:13.7874867 PowerTaskList.DebugPrintPower() -     TAG_CHANGE Entity=[entityName=激活 id=4 zone=HAND zonePos=4 cardId=EX1_169 player=1] tag=COST value=0 
D 22:11:13.7874867 PowerTaskList.DebugPrintPower() - BLOCK_END
D 22:11:13.7874867 PowerProcessor.PrepareHistoryForCurrentTaskList() - m_currentTaskList=178
D 22:11:13.7940283 PowerProcessor.EndCurrentTaskList() - m_currentTaskList=178
D 22:11:13.8030502 PowerTaskList.DebugDump() - ID=179 ParentID=0 PreviousID=0 TaskCount=1
D 22:11:13.8030502 PowerTaskList.DebugDump() - Block Start=(null)
D 22:11:13.8030502 PowerTaskList.DebugPrintPower() -     TAG_CHANGE Entity=GameEntity tag=STEP value=MAIN_CLEANUP 
D 22:11:13.8030502 PowerTaskList.DebugDump() - Block End=(null)
D 22:11:13.8030502 PowerProcessor.PrepareHistoryForCurrentTaskList() - m_currentTaskList=179
D 22:11:13.8030502 PowerProcessor.EndCurrentTaskList() - m_currentTaskList=179
D 22:11:13.8030502 PowerTaskList.DebugDump() - ID=180 ParentID=0 PreviousID=0 TaskCount=2
D 22:11:13.8030502 PowerTaskList.DebugPrintPower() - BLOCK_START BlockType=TRIGGER Entity=湫然#51704 EffectCardId=System.Collections.Generic.List`1[System.String] EffectIndex=-1 Target=0 SubOption=-1 TriggerKeyword=TAG_NOT_SET
D 22:11:13.8030502 PowerTaskList.DebugPrintPower() -     TAG_CHANGE Entity=湫然#51704 tag=1854 value=2 
D 22:11:13.8030502 PowerTaskList.DebugPrintPower() -     TAG_CHANGE Entity=GameEntity tag=NEXT_STEP value=MAIN_NEXT 
D 22:11:13.8030502 PowerTaskList.DebugPrintPower() - BLOCK_END
D 22:11:13.8030502 PowerProcessor.PrepareHistoryForCurrentTaskList() - m_currentTaskList=180
D 22:11:13.8030502 PowerProcessor.EndCurrentTaskList() - m_currentTaskList=180
D 22:11:13.8030502 PowerTaskList.DebugDump() - ID=181 ParentID=0 PreviousID=0 TaskCount=0
D 22:11:13.8030502 PowerTaskList.DebugPrintPower() - BLOCK_START BlockType=TRIGGER Entity=加斯帕的礼物#5438 EffectCardId=System.Collections.Generic.List`1[System.String] EffectIndex=-1 Target=0 SubOption=-1 TriggerKeyword=TAG_NOT_SET
D 22:11:13.8030502 PowerTaskList.DebugPrintPower() - BLOCK_END
D 22:11:13.8030502 PowerProcessor.PrepareHistoryForCurrentTaskList() - m_currentTaskList=181
D 22:11:13.8030502 PowerProcessor.EndCurrentTaskList() - m_currentTaskList=181
D 22:11:13.8030502 PowerTaskList.DebugDump() - ID=182 ParentID=0 PreviousID=0 TaskCount=11
D 22:11:13.8030502 PowerTaskList.DebugPrintPower() - BLOCK_START BlockType=TRIGGER Entity=[entityName=额外攻击力 id=128 zone=PLAY zonePos=0 cardId=CS2_017o player=1] EffectCardId=System.Collections.Generic.List`1[System.String] EffectIndex=-1 Target=0 SubOption=-1 TriggerKeyword=TAG_ONE_TURN_EFFECT
D 22:11:13.8030502 PowerTaskList.DebugPrintPower() -     TAG_CHANGE Entity=[entityName=额外攻击力 id=128 zone=PLAY zonePos=0 cardId=CS2_017o player=1] tag=2747 value=128 
D 22:11:13.8030502 PowerTaskList.DebugPrintPower() -     TAG_CHANGE Entity=[entityName=额外攻击力 id=128 zone=PLAY zonePos=0 cardId=CS2_017o player=1] tag=4741 value=1 
D 22:11:13.8030502 PowerTaskList.DebugPrintPower() -     TAG_CHANGE Entity=[entityName=额外攻击力 id=128 zone=PLAY zonePos=0 cardId=CS2_017o player=1] tag=LAST_AFFECTED_BY value=128 
D 22:11:13.8030502 PowerTaskList.DebugPrintPower() -     TAG_CHANGE Entity=[entityName=额外攻击力 id=128 zone=PLAY zonePos=0 cardId=CS2_017o player=1] tag=1068 value=4 
D 22:11:13.8030502 PowerTaskList.DebugPrintPower() -     TAG_CHANGE Entity=[entityName=额外攻击力 id=128 zone=PLAY zonePos=0 cardId=CS2_017o player=1] tag=1068 value=0 
D 22:11:13.8030502 PowerTaskList.DebugPrintPower() -     TAG_CHANGE Entity=[entityName=额外攻击力 id=128 zone=PLAY zonePos=0 cardId=CS2_017o player=1] tag=ZONE value=GRAVEYARD 
D 22:11:13.8030502 PowerTaskList.DebugPrintPower() -     TAG_CHANGE Entity=[entityName=嘲风望月露娜拉 id=90 zone=PLAY zonePos=0 cardId=HERO_06bi player=1] tag=TAG_ONE_TURN_EFFECT value=0 
D 22:11:13.8030502 PowerTaskList.DebugPrintPower() -     TAG_CHANGE Entity=[entityName=额外攻击力 id=128 zone=PLAY zonePos=0 cardId=CS2_017o player=1] tag=1234 value=90 
D 22:11:13.8030502 PowerTaskList.DebugPrintPower() -     HIDE_ENTITY - Entity=[entityName=额外攻击力 id=128 zone=PLAY zonePos=0 cardId=CS2_017o player=1] tag=ZONE value=GRAVEYARD
D 22:11:13.8030502 PowerTaskList.DebugPrintPower() -     TAG_CHANGE Entity=[entityName=嘲风望月露娜拉 id=90 zone=PLAY zonePos=0 cardId=HERO_06bi player=1] tag=479 value=0 
D 22:11:13.8030502 PowerTaskList.DebugPrintPower() -     TAG_CHANGE Entity=[entityName=嘲风望月露娜拉 id=90 zone=PLAY zonePos=0 cardId=HERO_06bi player=1] tag=ATK value=0 
D 22:11:13.8030502 PowerTaskList.DebugPrintPower() - BLOCK_END
D 22:11:13.8030502 PowerProcessor.PrepareHistoryForCurrentTaskList() - m_currentTaskList=182
D 22:11:13.8102230 PowerProcessor.EndCurrentTaskList() - m_currentTaskList=182
D 22:11:13.8162677 PowerTaskList.DebugDump() - ID=183 ParentID=0 PreviousID=0 TaskCount=1
D 22:11:13.8162677 PowerTaskList.DebugDump() - Block Start=(null)
D 22:11:13.8162677 PowerTaskList.DebugPrintPower() -     TAG_CHANGE Entity=GameEntity tag=STEP value=MAIN_NEXT 
D 22:11:13.8162677 PowerTaskList.DebugDump() - Block End=(null)
D 22:11:13.8162677 PowerProcessor.PrepareHistoryForCurrentTaskList() - m_currentTaskList=183
D 22:11:13.8162677 PowerProcessor.EndCurrentTaskList() - m_currentTaskList=183
D 22:11:13.8162677 PowerTaskList.DebugDump() - ID=184 ParentID=0 PreviousID=0 TaskCount=15
D 22:11:13.8162677 PowerTaskList.DebugPrintPower() - BLOCK_START BlockType=TRIGGER Entity=GameEntity EffectCardId=System.Collections.Generic.List`1[System.String] EffectIndex=-1 Target=0 SubOption=-1 TriggerKeyword=TAG_NOT_SET
D 22:11:13.8162677 PowerTaskList.DebugPrintPower() -     TAG_CHANGE Entity=湫然#51704 tag=1292 value=0 
D 22:11:13.8162677 PowerTaskList.DebugPrintPower() -     TAG_CHANGE Entity=加斯帕的礼物#5438 tag=1292 value=1 
D 22:11:13.8162677 PowerTaskList.DebugPrintPower() -     TAG_CHANGE Entity=[entityName=水栖形态 id=10 zone=HAND zonePos=1 cardId=TSC_654 player=1] tag=NUM_TURNS_IN_HAND value=8 
D 22:11:13.8162677 PowerTaskList.DebugPrintPower() -     TAG_CHANGE Entity=[entityName=激活 id=26 zone=HAND zonePos=2 cardId=EX1_169 player=1] tag=NUM_TURNS_IN_HAND value=8 
D 22:11:13.8162677 PowerTaskList.DebugPrintPower() -     TAG_CHANGE Entity=[entityName=虚灵改装师 id=11 zone=HAND zonePos=3 cardId=BT_724 player=1] tag=NUM_TURNS_IN_HAND value=8 
D 22:11:13.8162677 PowerTaskList.DebugPrintPower() -     TAG_CHANGE Entity=[entityName=激活 id=4 zone=HAND zonePos=4 cardId=EX1_169 player=1] tag=NUM_TURNS_IN_HAND value=6 
D 22:11:13.8162677 PowerTaskList.DebugPrintPower() -     TAG_CHANGE Entity=[entityName=黑市拍卖师 id=43 zone=HAND zonePos=5 cardId=JAIL_718 player=1] tag=NUM_TURNS_IN_HAND value=6 
D 22:11:13.8162677 PowerTaskList.DebugPrintPower() -     TAG_CHANGE Entity=[entityName=光子炮台 id=35 zone=HAND zonePos=6 cardId=SC_753 player=1] tag=NUM_TURNS_IN_HAND value=4 
D 22:11:13.8162677 PowerTaskList.DebugPrintPower() -     TAG_CHANGE Entity=[entityName=米斯塔·维斯塔 id=15 zone=HAND zonePos=7 cardId=VAC_519 player=1] tag=NUM_TURNS_IN_HAND value=2 
D 22:11:13.8162677 PowerTaskList.DebugPrintPower() -     TAG_CHANGE Entity=湫然#51704 tag=CURRENT_PLAYER value=0 
D 22:11:13.8162677 PowerTaskList.DebugPrintPower() -     TAG_CHANGE Entity=加斯帕的礼物#5438 tag=CURRENT_PLAYER value=1 
D 22:11:13.8162677 PowerTaskList.DebugPrintPower() -     TAG_CHANGE Entity=GameEntity tag=TURN value=8 
D 22:11:13.8162677 PowerTaskList.DebugPrintPower() -     TAG_CHANGE Entity=GameEntity tag=1882 value=7 
D 22:11:13.8162677 PowerTaskList.DebugPrintPower() -     TAG_CHANGE Entity=加斯帕的礼物#5438 tag=TURN value=4 
D 22:11:13.8162677 PowerTaskList.DebugPrintPower() -     TAG_CHANGE Entity=GameEntity tag=NEXT_STEP value=MAIN_READY 
D 22:11:13.8162677 PowerTaskList.DebugPrintPower() - BLOCK_END
D 22:11:13.8162677 PowerProcessor.PrepareHistoryForCurrentTaskList() - m_currentTaskList=184
D 22:11:13.8162677 PowerProcessor.EndCurrentTaskList() - m_currentTaskList=184
D 22:11:13.8162677 PowerTaskList.DebugDump() - ID=185 ParentID=0 PreviousID=0 TaskCount=1
D 22:11:13.8162677 PowerTaskList.DebugDump() - Block Start=(null)
D 22:11:13.8162677 PowerTaskList.DebugPrintPower() -     TAG_CHANGE Entity=GameEntity tag=STEP value=MAIN_READY 
D 22:11:13.8162677 PowerTaskList.DebugDump() - Block End=(null)
D 22:11:13.8162677 PowerProcessor.PrepareHistoryForCurrentTaskList() - m_currentTaskList=185
D 22:11:13.8162677 PowerProcessor.EndCurrentTaskList() - m_currentTaskList=185
D 22:11:13.8162677 PowerTaskList.DebugDump() - ID=186 ParentID=0 PreviousID=0 TaskCount=24
D 22:11:13.8162677 PowerTaskList.DebugPrintPower() - BLOCK_START BlockType=TRIGGER Entity=加斯帕的礼物#5438 EffectCardId=System.Collections.Generic.List`1[System.String] EffectIndex=-1 Target=0 SubOption=-1 TriggerKeyword=TAG_NOT_SET
D 22:11:13.8162677 PowerTaskList.DebugPrintPower() -     TAG_CHANGE Entity=GameEntity tag=NUM_TURNS_IN_PLAY value=8 
D 22:11:13.8162677 PowerTaskList.DebugPrintPower() -     TAG_CHANGE Entity=湫然#51704 tag=NUM_TURNS_IN_PLAY value=8 
D 22:11:13.8162677 PowerTaskList.DebugPrintPower() -     TAG_CHANGE Entity=加斯帕的礼物#5438 tag=NUM_TURNS_IN_PLAY value=8 
D 22:11:13.8162677 PowerTaskList.DebugPrintPower() -     TAG_CHANGE Entity=[entityName=嘲风望月露娜拉 id=90 zone=PLAY zonePos=0 cardId=HERO_06bi player=1] tag=NUM_TURNS_IN_PLAY value=8 
D 22:11:13.8162677 PowerTaskList.DebugPrintPower() -     TAG_CHANGE Entity=[entityName=变形 id=91 zone=PLAY zonePos=0 cardId=HERO_06ebp player=1] tag=NUM_TURNS_IN_PLAY value=8 
D 22:11:13.8162677 PowerTaskList.DebugPrintPower() -     TAG_CHANGE Entity=[entityName=胜地古神恩佐斯 id=92 zone=PLAY zonePos=0 cardId=HERO_07at player=2] tag=NUM_TURNS_IN_PLAY value=8 
D 22:11:13.8162677 PowerTaskList.DebugPrintPower() -     TAG_CHANGE Entity=[entityName=生命分流 id=93 zone=PLAY zonePos=0 cardId=HERO_07ebp player=2] tag=NUM_TURNS_IN_PLAY value=8 
D 22:11:13.8162677 PowerTaskList.DebugPrintPower() -     TAG_CHANGE Entity=[entityName=异教低阶牧师 id=71 zone=PLAY zonePos=1 cardId=CORE_SCH_713 player=2] tag=NUM_TURNS_IN_PLAY value=2 
D 22:11:13.8162677 PowerTaskList.DebugPrintPower() -     TAG_CHANGE Entity=[entityName=征战时光之末 id=49 zone=SECRET zonePos=0 cardId=END_017 player=2] tag=NUM_TURNS_IN_PLAY value=6 
D 22:11:13.8162677 PowerTaskList.DebugPrintPower() -     TAG_CHANGE Entity=加斯帕的礼物#5438 tag=RESOURCES value=4 
D 22:11:13.8162677 PowerTaskList.DebugPrintPower() -     TAG_CHANGE Entity=加斯帕的礼物#5438 tag=RESOURCES_USED value=0 
D 22:11:13.8162677 PowerTaskList.DebugPrintPower() -     TAG_CHANGE Entity=加斯帕的礼物#5438 tag=NUM_CARDS_PLAYED_THIS_TURN value=0 
D 22:11:13.8162677 PowerTaskList.DebugPrintPower() -     TAG_CHANGE Entity=加斯帕的礼物#5438 tag=NUM_MINIONS_PLAYED_THIS_TURN value=0 
D 22:11:13.8162677 PowerTaskList.DebugPrintPower() -     TAG_CHANGE Entity=加斯帕的礼物#5438 tag=NUM_OPTIONS_PLAYED_THIS_TURN value=0 
D 22:11:13.8162677 PowerTaskList.DebugPrintPower() -     TAG_CHANGE Entity=加斯帕的礼物#5438 tag=430 value=0 
D 22:11:13.8162677 PowerTaskList.DebugPrintPower() -     TAG_CHANGE Entity=加斯帕的礼物#5438 tag=3242 value=0 
D 22:11:13.8162677 PowerTaskList.DebugPrintPower() -     TAG_CHANGE Entity=[entityName=异教低阶牧师 id=71 zone=PLAY zonePos=1 cardId=CORE_SCH_713 player=2] tag=EXHAUSTED value=0 
D 22:11:13.8162677 PowerTaskList.DebugPrintPower() -     TAG_CHANGE Entity=[entityName=征战时光之末 id=49 zone=SECRET zonePos=0 cardId=END_017 player=2] tag=EXHAUSTED value=1 
D 22:11:13.8162677 PowerTaskList.DebugPrintPower() -     TAG_CHANGE Entity=湫然#51704 tag=NUM_CARDS_DRAWN_THIS_TURN value=0 
D 22:11:13.8162677 PowerTaskList.DebugPrintPower() -     TAG_CHANGE Entity=GameEntity tag=NEXT_STEP value=MAIN_START_TRIGGERS 
D 22:11:13.8162677 PowerTaskList.DebugPrintPower() -     TAG_CHANGE Entity=加斯帕的礼物#5438 tag=464 value=0 
D 22:11:13.8162677 PowerTaskList.DebugPrintPower() -     TAG_CHANGE Entity=加斯帕的礼物#5438 tag=4453 value=0 
D 22:11:13.8162677 PowerTaskList.DebugPrintPower() -     TAG_CHANGE Entity=加斯帕的礼物#5438 tag=1575 value=0 
D 22:11:13.8162677 PowerTaskList.DebugPrintPower() -     TAG_CHANGE Entity=湫然#51704 tag=2786 value=0 
D 22:11:13.8162677 PowerTaskList.DebugPrintPower() - BLOCK_END
D 22:11:13.8162677 PowerProcessor.PrepareHistoryForCurrentTaskList() - m_currentTaskList=186
D 22:11:13.8162677 PowerProcessor.EndCurrentTaskList() - m_currentTaskList=186
D 22:11:13.8162677 PowerTaskList.DebugDump() - ID=187 ParentID=0 PreviousID=0 TaskCount=1
D 22:11:13.8162677 PowerTaskList.DebugDump() - Block Start=(null)
D 22:11:13.8162677 PowerTaskList.DebugPrintPower() -     TAG_CHANGE Entity=GameEntity tag=STEP value=MAIN_START_TRIGGERS 
D 22:11:13.8162677 PowerTaskList.DebugDump() - Block End=(null)
D 22:11:13.8162677 PowerProcessor.PrepareHistoryForCurrentTaskList() - m_currentTaskList=187
D 22:11:13.8162677 PowerProcessor.EndCurrentTaskList() - m_currentTaskList=187
D 22:11:13.8162677 PowerTaskList.DebugDump() - ID=188 ParentID=0 PreviousID=0 TaskCount=1
D 22:11:13.8162677 PowerTaskList.DebugPrintPower() - BLOCK_START BlockType=TRIGGER Entity=加斯帕的礼物#5438 EffectCardId=System.Collections.Generic.List`1[System.String] EffectIndex=-1 Target=0 SubOption=-1 TriggerKeyword=TAG_NOT_SET
D 22:11:13.8162677 PowerTaskList.DebugPrintPower() -     TAG_CHANGE Entity=GameEntity tag=NEXT_STEP value=MAIN_START 
D 22:11:13.8162677 PowerTaskList.DebugPrintPower() - BLOCK_END
D 22:11:13.8162677 PowerProcessor.PrepareHistoryForCurrentTaskList() - m_currentTaskList=188
D 22:11:13.8162677 PowerProcessor.EndCurrentTaskList() - m_currentTaskList=188
D 22:11:13.8162677 PowerTaskList.DebugDump() - ID=189 ParentID=0 PreviousID=0 TaskCount=1
D 22:11:13.8162677 PowerTaskList.DebugDump() - Block Start=(null)
D 22:11:13.8162677 PowerTaskList.DebugPrintPower() -     TAG_CHANGE Entity=GameEntity tag=STEP value=MAIN_START 
D 22:11:13.8162677 PowerTaskList.DebugDump() - Block End=(null)
D 22:11:13.8162677 PowerProcessor.PrepareHistoryForCurrentTaskList() - m_currentTaskList=189
D 22:11:13.8162677 PowerProcessor.EndCurrentTaskList() - m_currentTaskList=189
D 22:11:13.8162677 PowerTaskList.DebugDump() - ID=190 ParentID=0 PreviousID=0 TaskCount=10
D 22:11:13.8162677 PowerTaskList.DebugPrintPower() - BLOCK_START BlockType=TRIGGER Entity=加斯帕的礼物#5438 EffectCardId=System.Collections.Generic.List`1[System.String] EffectIndex=-1 Target=0 SubOption=-1 TriggerKeyword=TAG_NOT_SET
D 22:11:13.8162677 PowerTaskList.DebugPrintPower() -     TAG_CHANGE Entity=加斯帕的礼物#5438 tag=2166 value=77 
D 22:11:13.8162677 PowerTaskList.DebugPrintPower() -     TAG_CHANGE Entity=加斯帕的礼物#5438 tag=467 value=1 
D 22:11:13.8162677 PowerTaskList.DebugPrintPower() -     TAG_CHANGE Entity=[entityName=UNKNOWN ENTITY [cardType=INVALID] id=77 zone=DECK zonePos=0 cardId= player=2] tag=ZONE value=HAND 
D 22:11:13.8162677 PowerTaskList.DebugPrintPower() -     TAG_CHANGE Entity=[entityName=UNKNOWN ENTITY [cardType=INVALID] id=77 zone=DECK zonePos=0 cardId= player=2] tag=ZONE_POSITION value=8 
D 22:11:13.8162677 PowerTaskList.DebugPrintPower() -     TAG_CHANGE Entity=[entityName=UNKNOWN ENTITY [cardType=INVALID] id=77 zone=DECK zonePos=0 cardId= player=2] tag=ZONE_POSITION value=0 
D 22:11:13.8162677 PowerTaskList.DebugPrintPower() -     TAG_CHANGE Entity=[entityName=UNKNOWN ENTITY [cardType=INVALID] id=77 zone=DECK zonePos=0 cardId= player=2] tag=ZONE_POSITION value=8 
D 22:11:13.8162677 PowerTaskList.DebugPrintPower() -     TAG_CHANGE Entity=加斯帕的礼物#5438 tag=NUM_CARDS_DRAWN_THIS_TURN value=1 
D 22:11:13.8162677 PowerTaskList.DebugPrintPower() -     TAG_CHANGE Entity=加斯帕的礼物#5438 tag=995 value=6 
D 22:11:13.8162677 PowerTaskList.DebugPrintPower() -     TAG_CHANGE Entity=加斯帕的礼物#5438 tag=467 value=0 
D 22:11:13.8162677 PowerTaskList.DebugPrintPower() -     TAG_CHANGE Entity=GameEntity tag=NEXT_STEP value=MAIN_ACTION 
D 22:11:13.8162677 PowerTaskList.DebugPrintPower() - BLOCK_END
D 22:11:13.8162677 PowerProcessor.PrepareHistoryForCurrentTaskList() - m_currentTaskList=190
D 22:11:14.1424123 PowerProcessor.EndCurrentTaskList() - m_currentTaskList=190
D 22:11:14.1495024 PowerTaskList.DebugDump() - ID=191 ParentID=0 PreviousID=0 TaskCount=1
D 22:11:14.1495024 PowerTaskList.DebugDump() - Block Start=(null)
D 22:11:14.1495024 PowerTaskList.DebugPrintPower() -     TAG_CHANGE Entity=GameEntity tag=STEP value=MAIN_ACTION 
D 22:11:14.1495024 PowerTaskList.DebugDump() - Block End=(null)
D 22:11:14.1495024 PowerProcessor.PrepareHistoryForCurrentTaskList() - m_currentTaskList=191
D 22:11:14.1495024 PowerProcessor.EndCurrentTaskList() - m_currentTaskList=191
D 22:11:14.1495024 PowerTaskList.DebugDump() - ID=192 ParentID=0 PreviousID=0 TaskCount=1
D 22:11:14.1495024 PowerTaskList.DebugPrintPower() - BLOCK_START BlockType=TRIGGER Entity=加斯帕的礼物#5438 EffectCardId=System.Collections.Generic.List`1[System.String] EffectIndex=-1 Target=0 SubOption=-1 TriggerKeyword=TAG_NOT_SET
D 22:11:14.1495024 PowerTaskList.DebugPrintPower() -     TAG_CHANGE Entity=GameEntity tag=NEXT_STEP value=MAIN_END 
D 22:11:14.1495024 PowerTaskList.DebugPrintPower() - BLOCK_END
D 22:11:14.1495024 PowerProcessor.PrepareHistoryForCurrentTaskList() - m_currentTaskList=192
D 22:11:14.1495024 PowerProcessor.EndCurrentTaskList() - m_currentTaskList=192
D 22:11:29.1609593 GameState.DebugPrintPowerList() - Count=22
D 22:11:29.1609593 GameState.DebugPrintPower() - BLOCK_START BlockType=PLAY Entity=[entityName=UNKNOWN ENTITY [cardType=INVALID] id=94 zone=HAND zonePos=4 cardId= player=2] EffectCardId=System.Collections.Generic.List`1[System.String] EffectIndex=0 Target=0 SubOption=-1 
D 22:11:29.1609593 GameState.DebugPrintPower() -     TAG_CHANGE Entity=加斯帕的礼物#5438 tag=NUM_CARDS_PLAYED_THIS_TURN value=1 
D 22:11:29.1609593 GameState.DebugPrintPower() -     TAG_CHANGE Entity=加斯帕的礼物#5438 tag=430 value=1 
D 22:11:29.1609593 GameState.DebugPrintPower() -     TAG_CHANGE Entity=[entityName=UNKNOWN ENTITY [cardType=INVALID] id=77 zone=HAND zonePos=8 cardId= player=2] tag=ZONE_POSITION value=7 
D 22:11:29.1609593 GameState.DebugPrintPower() -     TAG_CHANGE Entity=[entityName=UNKNOWN ENTITY [cardType=INVALID] id=76 zone=HAND zonePos=7 cardId= player=2] tag=ZONE_POSITION value=6 
D 22:11:29.1609593 GameState.DebugPrintPower() -     TAG_CHANGE Entity=[entityName=UNKNOWN ENTITY [cardType=INVALID] id=79 zone=HAND zonePos=6 cardId= player=2] tag=ZONE_POSITION value=5 
D 22:11:29.1609593 GameState.DebugPrintPower() -     TAG_CHANGE Entity=[entityName=UNKNOWN ENTITY [cardType=INVALID] id=61 zone=HAND zonePos=5 cardId= player=2] tag=ZONE_POSITION value=4 
D 22:11:29.1609593 GameState.DebugPrintPower() -     TAG_CHANGE Entity=[entityName=UNKNOWN ENTITY [cardType=INVALID] id=94 zone=HAND zonePos=4 cardId= player=2] tag=ZONE_POSITION value=0 
D 22:11:29.1609593 GameState.DebugPrintPower() -     SHOW_ENTITY - Updating Entity=[entityName=UNKNOWN ENTITY [cardType=INVALID] id=94 zone=HAND zonePos=4 cardId= player=2] CardID=TTN_COIN2
D 22:11:29.1609593 GameState.DebugPrintPower() -         tag=CONTROLLER value=2
D 22:11:29.1609593 GameState.DebugPrintPower() -         tag=CARDTYPE value=SPELL
D 22:11:29.1609593 GameState.DebugPrintPower() -         tag=ZONE value=PLAY
D 22:11:29.1609593 GameState.DebugPrintPower() -         tag=ENTITY_ID value=94
D 22:11:29.1609593 GameState.DebugPrintPower() -         tag=CLASS value=NEUTRAL
D 22:11:29.1609593 GameState.DebugPrintPower() -         tag=JUST_PLAYED value=1
D 22:11:29.1609593 GameState.DebugPrintPower() -         tag=ZONE_POSITION value=0
D 22:11:29.1609593 GameState.DebugPrintPower() -         tag=NUM_TURNS_IN_HAND value=8
D 22:11:29.1609593 GameState.DebugPrintPower() -         tag=CREATOR value=1
D 22:11:29.1609593 GameState.DebugPrintPower() -         tag=1068 value=0
D 22:11:29.1609593 GameState.DebugPrintPower() -         tag=SPAWN_TIME_COUNT value=1
D 22:11:29.1609593 GameState.DebugPrintPower() -         tag=COIN_CARD value=1
D 22:11:29.1609593 GameState.DebugPrintPower() -         tag=3557 value=4
D 22:11:29.1609593 GameState.DebugPrintPower() -         tag=4901 value=0
D 22:11:29.1609593 GameState.DebugPrintPower() -     META_DATA - Meta=SLUSH_TIME Data=3000 InfoCount=1
D 22:11:29.1609593 GameState.DebugPrintPower() -                 Info[0] = [entityName=UNKNOWN ENTITY [cardType=INVALID] id=94 zone=HAND zonePos=4 cardId= player=2]
D 22:11:29.1609593 GameState.DebugPrintPower() -     TAG_CHANGE Entity=加斯帕的礼物#5438 tag=NUM_SPELLS_PLAYED_THIS_GAME value=3 
D 22:11:29.1609593 GameState.DebugPrintPower() -     BLOCK_START BlockType=POWER Entity=[entityName=UNKNOWN ENTITY [cardType=INVALID] id=94 zone=HAND zonePos=4 cardId= player=2] EffectCardId=System.Collections.Generic.List`1[System.String] EffectIndex=0 Target=0 SubOption=-1 
D 22:11:29.1609593 GameState.DebugPrintPower() -         TAG_CHANGE Entity=加斯帕的礼物#5438 tag=TEMP_RESOURCES value=1 
D 22:11:29.1609593 GameState.DebugPrintPower() -     BLOCK_END
D 22:11:29.1609593 GameState.DebugPrintPower() -     TAG_CHANGE Entity=[entityName=UNKNOWN ENTITY [cardType=INVALID] id=94 zone=HAND zonePos=4 cardId= player=2] tag=1068 value=4 
D 22:11:29.1609593 GameState.DebugPrintPower() -     TAG_CHANGE Entity=[entityName=UNKNOWN ENTITY [cardType=INVALID] id=94 zone=HAND zonePos=4 cardId= player=2] tag=1068 value=0 
D 22:11:29.1609593 GameState.DebugPrintPower() -     TAG_CHANGE Entity=[entityName=UNKNOWN ENTITY [cardType=INVALID] id=94 zone=HAND zonePos=4 cardId= player=2] tag=ZONE value=GRAVEYARD 
D 22:11:29.1609593 GameState.DebugPrintPower() -     TAG_CHANGE Entity=加斯帕的礼物#5438 tag=COMBO_ACTIVE value=1 
D 22:11:29.1609593 GameState.DebugPrintPower() -     TAG_CHANGE Entity=GameEntity tag=1323 value=10 
D 22:11:29.1609593 GameState.DebugPrintPower() -     TAG_CHANGE Entity=加斯帕的礼物#5438 tag=NUM_OPTIONS_PLAYED_THIS_TURN value=1 
D 22:11:29.1609593 GameState.DebugPrintPower() - BLOCK_END
D 22:11:29.1609593 GameState.DebugPrintPower() - META_DATA - Meta=SLUSH_TIME Data=1000 InfoCount=1
D 22:11:29.1609593 GameState.DebugPrintPower() -             Info[0] = [entityName=UNKNOWN ENTITY [cardType=INVALID] id=94 zone=HAND zonePos=4 cardId= player=2]
D 22:11:29.1609593 PowerTaskList.DebugDump() - ID=193 ParentID=0 PreviousID=0 TaskCount=10
D 22:11:29.1609593 PowerTaskList.DebugPrintPower() - BLOCK_START BlockType=PLAY Entity=[entityName=UNKNOWN ENTITY [cardType=INVALID] id=94 zone=HAND zonePos=4 cardId= player=2] EffectCardId=System.Collections.Generic.List`1[System.String] EffectIndex=0 Target=0 SubOption=-1 
D 22:11:29.1609593 PowerTaskList.DebugPrintPower() -     TAG_CHANGE Entity=加斯帕的礼物#5438 tag=NUM_CARDS_PLAYED_THIS_TURN value=1 
D 22:11:29.1609593 PowerTaskList.DebugPrintPower() -     TAG_CHANGE Entity=加斯帕的礼物#5438 tag=430 value=1 
D 22:11:29.1609593 PowerTaskList.DebugPrintPower() -     TAG_CHANGE Entity=[entityName=UNKNOWN ENTITY [cardType=INVALID] id=77 zone=HAND zonePos=8 cardId= player=2] tag=ZONE_POSITION value=7 
D 22:11:29.1609593 PowerTaskList.DebugPrintPower() -     TAG_CHANGE Entity=[entityName=UNKNOWN ENTITY [cardType=INVALID] id=76 zone=HAND zonePos=7 cardId= player=2] tag=ZONE_POSITION value=6 
D 22:11:29.1609593 PowerTaskList.DebugPrintPower() -     TAG_CHANGE Entity=[entityName=UNKNOWN ENTITY [cardType=INVALID] id=79 zone=HAND zonePos=6 cardId= player=2] tag=ZONE_POSITION value=5 
D 22:11:29.1609593 PowerTaskList.DebugPrintPower() -     TAG_CHANGE Entity=[entityName=UNKNOWN ENTITY [cardType=INVALID] id=61 zone=HAND zonePos=5 cardId= player=2] tag=ZONE_POSITION value=4 
D 22:11:29.1609593 PowerTaskList.DebugPrintPower() -     TAG_CHANGE Entity=[entityName=UNKNOWN ENTITY [cardType=INVALID] id=94 zone=HAND zonePos=4 cardId= player=2] tag=ZONE_POSITION value=0 
D 22:11:29.1609593 PowerTaskList.DebugPrintPower() -     SHOW_ENTITY - Updating Entity=[entityName=UNKNOWN ENTITY [cardType=INVALID] id=94 zone=HAND zonePos=4 cardId= player=2] CardID=TTN_COIN2
D 22:11:29.1609593 PowerTaskList.DebugPrintPower() -         tag=CONTROLLER value=2
D 22:11:29.1609593 PowerTaskList.DebugPrintPower() -         tag=CARDTYPE value=SPELL
D 22:11:29.1609593 PowerTaskList.DebugPrintPower() -         tag=ZONE value=PLAY
D 22:11:29.1609593 PowerTaskList.DebugPrintPower() -         tag=ENTITY_ID value=94
D 22:11:29.1609593 PowerTaskList.DebugPrintPower() -         tag=CLASS value=NEUTRAL
D 22:11:29.1609593 PowerTaskList.DebugPrintPower() -         tag=JUST_PLAYED value=1
D 22:11:29.1609593 PowerTaskList.DebugPrintPower() -         tag=ZONE_POSITION value=0
D 22:11:29.1609593 PowerTaskList.DebugPrintPower() -         tag=NUM_TURNS_IN_HAND value=8
D 22:11:29.1609593 PowerTaskList.DebugPrintPower() -         tag=CREATOR value=1
D 22:11:29.1609593 PowerTaskList.DebugPrintPower() -         tag=1068 value=0
D 22:11:29.1609593 PowerTaskList.DebugPrintPower() -         tag=SPAWN_TIME_COUNT value=1
D 22:11:29.1609593 PowerTaskList.DebugPrintPower() -         tag=COIN_CARD value=1
D 22:11:29.1609593 PowerTaskList.DebugPrintPower() -         tag=3557 value=4
D 22:11:29.1609593 PowerTaskList.DebugPrintPower() -         tag=4901 value=0
D 22:11:29.1609593 PowerTaskList.DebugPrintPower() -     META_DATA - Meta=SLUSH_TIME Data=3000 InfoCount=1
D 22:11:29.1609593 PowerTaskList.DebugPrintPower() -                 Info[0] = [entityName=UNKNOWN ENTITY [cardType=INVALID] id=94 zone=HAND zonePos=4 cardId= player=2]
D 22:11:29.1609593 PowerTaskList.DebugPrintPower() -     TAG_CHANGE Entity=加斯帕的礼物#5438 tag=NUM_SPELLS_PLAYED_THIS_GAME value=3 
D 22:11:29.1609593 PowerTaskList.DebugDump() - Block End=(null)
D 22:11:29.1609593 PowerProcessor.PrepareHistoryForCurrentTaskList() - m_currentTaskList=193
D 22:11:29.1609593 PowerProcessor.DoTaskListForCard() - unhandled BlockType PLAY for sourceEntity [entityName=UNKNOWN ENTITY [cardType=INVALID] id=94 zone=HAND zonePos=4 cardId= player=2]
D 22:11:29.8627117 GameState.DebugPrintPowerList() - Count=52
D 22:11:29.8627117 GameState.DebugPrintPower() - BLOCK_START BlockType=PLAY Entity=[entityName=UNKNOWN ENTITY [cardType=INVALID] id=80 zone=HAND zonePos=3 cardId= player=2] EffectCardId=System.Collections.Generic.List`1[System.String] EffectIndex=0 Target=0 SubOption=-1 
D 22:11:29.8627117 GameState.DebugPrintPower() -     TAG_CHANGE Entity=加斯帕的礼物#5438 tag=2245 value=10 
D 22:11:29.8627117 GameState.DebugPrintPower() -     TAG_CHANGE Entity=加斯帕的礼物#5438 tag=TEMP_RESOURCES value=0 
D 22:11:29.8627117 GameState.DebugPrintPower() -     TAG_CHANGE Entity=加斯帕的礼物#5438 tag=RESOURCES_USED value=4 
D 22:11:29.8627117 GameState.DebugPrintPower() -     TAG_CHANGE Entity=加斯帕的礼物#5438 tag=NUM_RESOURCES_SPENT_THIS_GAME value=10 
D 22:11:29.8627117 GameState.DebugPrintPower() -     TAG_CHANGE Entity=加斯帕的礼物#5438 tag=NUM_CARDS_PLAYED_THIS_TURN value=2 
D 22:11:29.8627117 GameState.DebugPrintPower() -     TAG_CHANGE Entity=加斯帕的礼物#5438 tag=NUM_MINIONS_PLAYED_THIS_TURN value=1 
D 22:11:29.8627117 GameState.DebugPrintPower() -     TAG_CHANGE Entity=[entityName=UNKNOWN ENTITY [cardType=INVALID] id=77 zone=HAND zonePos=7 cardId= player=2] tag=ZONE_POSITION value=6 
D 22:11:29.8627117 GameState.DebugPrintPower() -     TAG_CHANGE Entity=[entityName=UNKNOWN ENTITY [cardType=INVALID] id=76 zone=HAND zonePos=6 cardId= player=2] tag=ZONE_POSITION value=5 
D 22:11:29.8627117 GameState.DebugPrintPower() -     TAG_CHANGE Entity=[entityName=UNKNOWN ENTITY [cardType=INVALID] id=79 zone=HAND zonePos=5 cardId= player=2] tag=ZONE_POSITION value=4 
D 22:11:29.8627117 GameState.DebugPrintPower() -     TAG_CHANGE Entity=[entityName=UNKNOWN ENTITY [cardType=INVALID] id=61 zone=HAND zonePos=4 cardId= player=2] tag=ZONE_POSITION value=3 
D 22:11:29.8627117 GameState.DebugPrintPower() -     TAG_CHANGE Entity=[entityName=UNKNOWN ENTITY [cardType=INVALID] id=80 zone=HAND zonePos=3 cardId= player=2] tag=ZONE_POSITION value=0 
D 22:11:29.8627117 GameState.DebugPrintPower() -     SHOW_ENTITY - Updating Entity=[entityName=UNKNOWN ENTITY [cardType=INVALID] id=80 zone=HAND zonePos=3 cardId= player=2] CardID=CORE_KAR_061
D 22:11:29.8627117 GameState.DebugPrintPower() -         tag=CONTROLLER value=2
D 22:11:29.8627117 GameState.DebugPrintPower() -         tag=CARDTYPE value=MINION
D 22:11:29.8627117 GameState.DebugPrintPower() -         tag=TAG_LAST_KNOWN_COST_IN_HAND value=5
D 22:11:29.8627117 GameState.DebugPrintPower() -         tag=479 value=4
D 22:11:29.8627117 GameState.DebugPrintPower() -         tag=COST value=5
D 22:11:29.8627117 GameState.DebugPrintPower() -         tag=ATK value=4
D 22:11:29.8627117 GameState.DebugPrintPower() -         tag=HEALTH value=6
D 22:11:29.8627117 GameState.DebugPrintPower() -         tag=PREMIUM value=3
D 22:11:29.8627117 GameState.DebugPrintPower() -         tag=ZONE value=PLAY
D 22:11:29.8627117 GameState.DebugPrintPower() -         tag=ENTITY_ID value=80
D 22:11:29.8627117 GameState.DebugPrintPower() -         tag=ELITE value=1
D 22:11:29.8627117 GameState.DebugPrintPower() -         tag=TAUNT value=1
D 22:11:29.8627117 GameState.DebugPrintPower() -         tag=CLASS value=NEUTRAL
D 22:11:29.8627117 GameState.DebugPrintPower() -         tag=CARDRACE value=MECHANICAL
D 22:11:29.8627117 GameState.DebugPrintPower() -         tag=RARITY value=LEGENDARY
D 22:11:29.8627117 GameState.DebugPrintPower() -         tag=BATTLECRY value=1
D 22:11:29.8627117 GameState.DebugPrintPower() -         tag=JUST_PLAYED value=1
D 22:11:29.8627117 GameState.DebugPrintPower() -         tag=ZONE_POSITION value=0
D 22:11:29.8627117 GameState.DebugPrintPower() -         tag=NUM_TURNS_IN_HAND value=8
D 22:11:29.8627117 GameState.DebugPrintPower() -         tag=478 value=2
D 22:11:29.8627117 GameState.DebugPrintPower() -         tag=858 value=39225
D 22:11:29.8627117 GameState.DebugPrintPower() -         tag=1043 value=1
D 22:11:29.8627117 GameState.DebugPrintPower() -         tag=1068 value=0
D 22:11:29.8627117 GameState.DebugPrintPower() -         tag=1413 value=39225
D 22:11:29.8627117 GameState.DebugPrintPower() -         tag=SPAWN_TIME_COUNT value=1
D 22:11:29.8627117 GameState.DebugPrintPower() -         tag=HAS_SIGNATURE_QUALITY value=1
D 22:11:29.8627117 GameState.DebugPrintPower() -         tag=HAS_ACTIVATE_POWER value=1
D 22:11:29.8627117 GameState.DebugPrintPower() -         tag=3085 value=6
D 22:11:29.8627117 GameState.DebugPrintPower() -         tag=3557 value=3
D 22:11:29.8627117 GameState.DebugPrintPower() -         tag=4472 value=4
D 22:11:29.8627117 GameState.DebugPrintPower() -     TAG_CHANGE Entity=[entityName=UNKNOWN ENTITY [cardType=INVALID] id=80 zone=HAND zonePos=3 cardId= player=2] tag=ZONE_POSITION value=1 
D 22:11:29.8627117 GameState.DebugPrintPower() -     TAG_CHANGE Entity=[entityName=异教低阶牧师 id=71 zone=PLAY zonePos=1 cardId=CORE_SCH_713 player=2] tag=ZONE_POSITION value=2 
D 22:11:29.8627117 GameState.DebugPrintPower() -     TAG_CHANGE Entity=[entityName=UNKNOWN ENTITY [cardType=INVALID] id=80 zone=HAND zonePos=3 cardId= player=2] tag=1196 value=1 
D 22:11:29.8627117 GameState.DebugPrintPower() -     TAG_CHANGE Entity=[entityName=UNKNOWN ENTITY [cardType=INVALID] id=80 zone=HAND zonePos=3 cardId= player=2] tag=EXHAUSTED value=1 
D 22:11:29.8627117 GameState.DebugPrintPower() -     META_DATA - Meta=SLUSH_TIME Data=3000 InfoCount=1
D 22:11:29.8627117 GameState.DebugPrintPower() -                 Info[0] = [entityName=UNKNOWN ENTITY [cardType=INVALID] id=80 zone=HAND zonePos=3 cardId= player=2]
D 22:11:29.8627117 GameState.DebugPrintPower() -     TAG_CHANGE Entity=[entityName=UNKNOWN ENTITY [cardType=INVALID] id=80 zone=HAND zonePos=3 cardId= player=2] tag=3614 value=1 
D 22:11:29.8627117 GameState.DebugPrintPower() -     BLOCK_START BlockType=POWER Entity=[entityName=UNKNOWN ENTITY [cardType=INVALID] id=80 zone=HAND zonePos=3 cardId= player=2] EffectCardId=System.Collections.Generic.List`1[System.String] EffectIndex=0 Target=0 SubOption=-1 
D 22:11:29.8627117 GameState.DebugPrintPower() -         TAG_CHANGE Entity=加斯帕的礼物#5438 tag=2166 value=81 
D 22:11:29.8627117 GameState.DebugPrintPower() -         TAG_CHANGE Entity=加斯帕的礼物#5438 tag=467 value=1 
D 22:11:29.8627117 GameState.DebugPrintPower() -         TAG_CHANGE Entity=[entityName=UNKNOWN ENTITY [cardType=INVALID] id=81 zone=DECK zonePos=0 cardId= player=2] tag=ZONE value=HAND 
D 22:11:29.8627117 GameState.DebugPrintPower() -         TAG_CHANGE Entity=[entityName=UNKNOWN ENTITY [cardType=INVALID] id=81 zone=DECK zonePos=0 cardId= player=2] tag=ZONE_POSITION value=7 
D 22:11:29.8627117 GameState.DebugPrintPower() -         TAG_CHANGE Entity=[entityName=UNKNOWN ENTITY [cardType=INVALID] id=81 zone=DECK zonePos=0 cardId= player=2] tag=ZONE_POSITION value=0 
D 22:11:29.8627117 GameState.DebugPrintPower() -         TAG_CHANGE Entity=[entityName=UNKNOWN ENTITY [cardType=INVALID] id=81 zone=DECK zonePos=0 cardId= player=2] tag=ZONE_POSITION value=7 
D 22:11:29.8627117 GameState.DebugPrintPower() -         TAG_CHANGE Entity=加斯帕的礼物#5438 tag=NUM_CARDS_DRAWN_THIS_TURN value=2 
D 22:11:29.8627117 GameState.DebugPrintPower() -         TAG_CHANGE Entity=加斯帕的礼物#5438 tag=995 value=7 
D 22:11:29.8627117 GameState.DebugPrintPower() -         TAG_CHANGE Entity=加斯帕的礼物#5438 tag=467 value=0 
D 22:11:29.8627117 GameState.DebugPrintPower() -         TAG_CHANGE Entity=加斯帕的礼物#5438 tag=2166 value=63 
D 22:11:29.8627117 GameState.DebugPrintPower() -         TAG_CHANGE Entity=加斯帕的礼物#5438 tag=467 value=1 
D 22:11:29.8627117 GameState.DebugPrintPower() -         TAG_CHANGE Entity=[entityName=UNKNOWN ENTITY [cardType=INVALID] id=63 zone=DECK zonePos=0 cardId= player=2] tag=ZONE value=HAND 
D 22:11:29.8627117 GameState.DebugPrintPower() -         TAG_CHANGE Entity=[entityName=UNKNOWN ENTITY [cardType=INVALID] id=63 zone=DECK zonePos=0 cardId= player=2] tag=ZONE_POSITION value=8 
D 22:11:29.8627117 GameState.DebugPrintPower() -         TAG_CHANGE Entity=[entityName=UNKNOWN ENTITY [cardType=INVALID] id=63 zone=DECK zonePos=0 cardId= player=2] tag=ZONE_POSITION value=0 
D 22:11:29.8627117 GameState.DebugPrintPower() -         TAG_CHANGE Entity=[entityName=UNKNOWN ENTITY [cardType=INVALID] id=63 zone=DECK zonePos=0 cardId= player=2] tag=ZONE_POSITION value=8 
D 22:11:29.8627117 GameState.DebugPrintPower() -         TAG_CHANGE Entity=加斯帕的礼物#5438 tag=NUM_CARDS_DRAWN_THIS_TURN value=3 
D 22:11:29.8627117 GameState.DebugPrintPower() -         TAG_CHANGE Entity=加斯帕的礼物#5438 tag=995 value=8 
D 22:11:29.8627117 GameState.DebugPrintPower() -         TAG_CHANGE Entity=加斯帕的礼物#5438 tag=467 value=0 
D 22:11:29.8627117 GameState.DebugPrintPower() -         TAG_CHANGE Entity=加斯帕的礼物#5438 tag=2166 value=56 
D 22:11:29.8627117 GameState.DebugPrintPower() -         TAG_CHANGE Entity=加斯帕的礼物#5438 tag=467 value=1 
D 22:11:29.8627117 GameState.DebugPrintPower() -         TAG_CHANGE Entity=[entityName=UNKNOWN ENTITY [cardType=INVALID] id=56 zone=DECK zonePos=0 cardId= player=2] tag=ZONE value=HAND 
D 22:11:29.8627117 GameState.DebugPrintPower() -         TAG_CHANGE Entity=[entityName=UNKNOWN ENTITY [cardType=INVALID] id=56 zone=DECK zonePos=0 cardId= player=2] tag=ZONE_POSITION value=9 
D 22:11:29.8627117 GameState.DebugPrintPower() -         TAG_CHANGE Entity=[entityName=UNKNOWN ENTITY [cardType=INVALID] id=56 zone=DECK zonePos=0 cardId= player=2] tag=ZONE_POSITION value=0 
D 22:11:29.8627117 GameState.DebugPrintPower() -         TAG_CHANGE Entity=[entityName=UNKNOWN ENTITY [cardType=INVALID] id=56 zone=DECK zonePos=0 cardId= player=2] tag=ZONE_POSITION value=9 
D 22:11:29.8627117 GameState.DebugPrintPower() -         TAG_CHANGE Entity=加斯帕的礼物#5438 tag=NUM_CARDS_DRAWN_THIS_TURN value=4 
D 22:11:29.8627117 GameState.DebugPrintPower() -         TAG_CHANGE Entity=加斯帕的礼物#5438 tag=995 value=9 
D 22:11:29.8627117 GameState.DebugPrintPower() -         TAG_CHANGE Entity=加斯帕的礼物#5438 tag=467 value=0 
D 22:11:29.8627117 GameState.DebugPrintPower() -     BLOCK_END
D 22:11:29.8627117 GameState.DebugPrintPower() -     TAG_CHANGE Entity=GameEntity tag=1323 value=11 
D 22:11:29.8627117 GameState.DebugPrintPower() -     TAG_CHANGE Entity=加斯帕的礼物#5438 tag=NUM_OPTIONS_PLAYED_THIS_TURN value=2 
D 22:11:29.8627117 GameState.DebugPrintPower() - BLOCK_END
D 22:11:29.8627117 GameState.DebugPrintPower() - META_DATA - Meta=SLUSH_TIME Data=1000 InfoCount=1
D 22:11:29.8627117 GameState.DebugPrintPower() -             Info[0] = [entityName=UNKNOWN ENTITY [cardType=INVALID] id=80 zone=HAND zonePos=3 cardId= player=2]
D 22:11:30.6759827 PowerProcessor.EndCurrentTaskList() - m_currentTaskList=193
D 22:11:30.6831726 PowerTaskList.DebugDump() - ID=194 ParentID=193 PreviousID=0 TaskCount=1
D 22:11:30.6831726 PowerTaskList.DebugPrintPower() - BLOCK_START BlockType=POWER Entity=[entityName=幸运币 id=94 zone=PLAY zonePos=0 cardId=TTN_COIN2 player=2] EffectCardId=System.Collections.Generic.List`1[System.String] EffectIndex=0 Target=0 SubOption=-1 
D 22:11:30.6831726 PowerTaskList.DebugPrintPower() -     TAG_CHANGE Entity=加斯帕的礼物#5438 tag=TEMP_RESOURCES value=1 
D 22:11:30.6831726 PowerTaskList.DebugPrintPower() - BLOCK_END
D 22:11:30.6831726 PowerProcessor.PrepareHistoryForCurrentTaskList() - m_currentTaskList=194
D 22:11:30.7058945 PowerProcessor.EndCurrentTaskList() - m_currentTaskList=194
D 22:11:30.7058945 PowerTaskList.DebugDump() - ID=195 ParentID=0 PreviousID=193 TaskCount=6
D 22:11:30.7058945 PowerTaskList.DebugDump() - Block Start=(null)
D 22:11:30.7058945 PowerTaskList.DebugPrintPower() -     TAG_CHANGE Entity=[entityName=幸运币 id=94 zone=PLAY zonePos=0 cardId=TTN_COIN2 player=2] tag=1068 value=4 
D 22:11:30.7058945 PowerTaskList.DebugPrintPower() -     TAG_CHANGE Entity=[entityName=幸运币 id=94 zone=PLAY zonePos=0 cardId=TTN_COIN2 player=2] tag=1068 value=0 
D 22:11:30.7058945 PowerTaskList.DebugPrintPower() -     TAG_CHANGE Entity=[entityName=幸运币 id=94 zone=PLAY zonePos=0 cardId=TTN_COIN2 player=2] tag=ZONE value=GRAVEYARD 
D 22:11:30.7058945 PowerTaskList.DebugPrintPower() -     TAG_CHANGE Entity=加斯帕的礼物#5438 tag=COMBO_ACTIVE value=1 
D 22:11:30.7058945 PowerTaskList.DebugPrintPower() -     TAG_CHANGE Entity=GameEntity tag=1323 value=10 
D 22:11:30.7058945 PowerTaskList.DebugPrintPower() -     TAG_CHANGE Entity=加斯帕的礼物#5438 tag=NUM_OPTIONS_PLAYED_THIS_TURN value=1 
D 22:11:30.7058945 PowerTaskList.DebugPrintPower() - BLOCK_END
D 22:11:30.7058945 PowerProcessor.PrepareHistoryForCurrentTaskList() - m_currentTaskList=195
D 22:11:30.7058945 PowerProcessor.DoTaskListForCard() - unhandled BlockType PLAY for sourceEntity [entityName=幸运币 id=94 zone=PLAY zonePos=0 cardId=TTN_COIN2 player=2]
D 22:11:30.7208561 PowerProcessor.EndCurrentTaskList() - m_currentTaskList=195
D 22:11:30.7279625 PowerTaskList.DebugDump() - ID=196 ParentID=0 PreviousID=0 TaskCount=1
D 22:11:30.7279625 PowerTaskList.DebugDump() - Block Start=(null)
D 22:11:30.7279625 PowerTaskList.DebugPrintPower() -     META_DATA - Meta=SLUSH_TIME Data=1000 InfoCount=1
D 22:11:30.7279625 PowerTaskList.DebugPrintPower() -                 Info[0] = [entityName=幸运币 id=94 zone=GRAVEYARD zonePos=0 cardId=TTN_COIN2 player=2]
D 22:11:30.7279625 PowerTaskList.DebugDump() - Block End=(null)
D 22:11:30.7279625 PowerProcessor.PrepareHistoryForCurrentTaskList() - m_currentTaskList=196
D 22:11:30.7279625 PowerProcessor.EndCurrentTaskList() - m_currentTaskList=196
D 22:11:30.7279625 PowerTaskList.DebugDump() - ID=197 ParentID=0 PreviousID=0 TaskCount=18
D 22:11:30.7279625 PowerTaskList.DebugPrintPower() - BLOCK_START BlockType=PLAY Entity=[entityName=UNKNOWN ENTITY [cardType=INVALID] id=80 zone=HAND zonePos=3 cardId= player=2] EffectCardId=System.Collections.Generic.List`1[System.String] EffectIndex=0 Target=0 SubOption=-1 
D 22:11:30.7279625 PowerTaskList.DebugPrintPower() -     TAG_CHANGE Entity=加斯帕的礼物#5438 tag=2245 value=10 
D 22:11:30.7279625 PowerTaskList.DebugPrintPower() -     TAG_CHANGE Entity=加斯帕的礼物#5438 tag=TEMP_RESOURCES value=0 
D 22:11:30.7279625 PowerTaskList.DebugPrintPower() -     TAG_CHANGE Entity=加斯帕的礼物#5438 tag=RESOURCES_USED value=4 
D 22:11:30.7279625 PowerTaskList.DebugPrintPower() -     TAG_CHANGE Entity=加斯帕的礼物#5438 tag=NUM_RESOURCES_SPENT_THIS_GAME value=10 
D 22:11:30.7279625 PowerTaskList.DebugPrintPower() -     TAG_CHANGE Entity=加斯帕的礼物#5438 tag=NUM_CARDS_PLAYED_THIS_TURN value=2 
D 22:11:30.7279625 PowerTaskList.DebugPrintPower() -     TAG_CHANGE Entity=加斯帕的礼物#5438 tag=NUM_MINIONS_PLAYED_THIS_TURN value=1 
D 22:11:30.7279625 PowerTaskList.DebugPrintPower() -     TAG_CHANGE Entity=[entityName=UNKNOWN ENTITY [cardType=INVALID] id=77 zone=HAND zonePos=7 cardId= player=2] tag=ZONE_POSITION value=6 
D 22:11:30.7279625 PowerTaskList.DebugPrintPower() -     TAG_CHANGE Entity=[entityName=UNKNOWN ENTITY [cardType=INVALID] id=76 zone=HAND zonePos=6 cardId= player=2] tag=ZONE_POSITION value=5 
D 22:11:30.7279625 PowerTaskList.DebugPrintPower() -     TAG_CHANGE Entity=[entityName=UNKNOWN ENTITY [cardType=INVALID] id=79 zone=HAND zonePos=5 cardId= player=2] tag=ZONE_POSITION value=4 
D 22:11:30.7279625 PowerTaskList.DebugPrintPower() -     TAG_CHANGE Entity=[entityName=UNKNOWN ENTITY [cardType=INVALID] id=61 zone=HAND zonePos=4 cardId= player=2] tag=ZONE_POSITION value=3 
D 22:11:30.7279625 PowerTaskList.DebugPrintPower() -     TAG_CHANGE Entity=[entityName=UNKNOWN ENTITY [cardType=INVALID] id=80 zone=HAND zonePos=3 cardId= player=2] tag=ZONE_POSITION value=0 
D 22:11:30.7279625 PowerTaskList.DebugPrintPower() -     SHOW_ENTITY - Updating Entity=[entityName=UNKNOWN ENTITY [cardType=INVALID] id=80 zone=HAND zonePos=3 cardId= player=2] CardID=CORE_KAR_061
D 22:11:30.7279625 PowerTaskList.DebugPrintPower() -         tag=CONTROLLER value=2
D 22:11:30.7279625 PowerTaskList.DebugPrintPower() -         tag=CARDTYPE value=MINION
D 22:11:30.7279625 PowerTaskList.DebugPrintPower() -         tag=TAG_LAST_KNOWN_COST_IN_HAND value=5
D 22:11:30.7279625 PowerTaskList.DebugPrintPower() -         tag=479 value=4
D 22:11:30.7279625 PowerTaskList.DebugPrintPower() -         tag=COST value=5
D 22:11:30.7279625 PowerTaskList.DebugPrintPower() -         tag=ATK value=4
D 22:11:30.7279625 PowerTaskList.DebugPrintPower() -         tag=HEALTH value=6
D 22:11:30.7279625 PowerTaskList.DebugPrintPower() -         tag=PREMIUM value=3
D 22:11:30.7279625 PowerTaskList.DebugPrintPower() -         tag=ZONE value=PLAY
D 22:11:30.7279625 PowerTaskList.DebugPrintPower() -         tag=ENTITY_ID value=80
D 22:11:30.7279625 PowerTaskList.DebugPrintPower() -         tag=ELITE value=1
D 22:11:30.7279625 PowerTaskList.DebugPrintPower() -         tag=TAUNT value=1
D 22:11:30.7279625 PowerTaskList.DebugPrintPower() -         tag=CLASS value=NEUTRAL
D 22:11:30.7279625 PowerTaskList.DebugPrintPower() -         tag=CARDRACE value=MECHANICAL
D 22:11:30.7279625 PowerTaskList.DebugPrintPower() -         tag=RARITY value=LEGENDARY
D 22:11:30.7279625 PowerTaskList.DebugPrintPower() -         tag=BATTLECRY value=1
D 22:11:30.7279625 PowerTaskList.DebugPrintPower() -         tag=JUST_PLAYED value=1
D 22:11:30.7279625 PowerTaskList.DebugPrintPower() -         tag=ZONE_POSITION value=0
D 22:11:30.7279625 PowerTaskList.DebugPrintPower() -         tag=NUM_TURNS_IN_HAND value=8
D 22:11:30.7279625 PowerTaskList.DebugPrintPower() -         tag=478 value=2
D 22:11:30.7279625 PowerTaskList.DebugPrintPower() -         tag=858 value=39225
D 22:11:30.7279625 PowerTaskList.DebugPrintPower() -         tag=1043 value=1
D 22:11:30.7279625 PowerTaskList.DebugPrintPower() -         tag=1068 value=0
D 22:11:30.7279625 PowerTaskList.DebugPrintPower() -         tag=1413 value=39225
D 22:11:30.7279625 PowerTaskList.DebugPrintPower() -         tag=SPAWN_TIME_COUNT value=1
D 22:11:30.7279625 PowerTaskList.DebugPrintPower() -         tag=HAS_SIGNATURE_QUALITY value=1
D 22:11:30.7279625 PowerTaskList.DebugPrintPower() -         tag=HAS_ACTIVATE_POWER value=1
D 22:11:30.7279625 PowerTaskList.DebugPrintPower() -         tag=3085 value=6
D 22:11:30.7279625 PowerTaskList.DebugPrintPower() -         tag=3557 value=3
D 22:11:30.7279625 PowerTaskList.DebugPrintPower() -         tag=4472 value=4
D 22:11:30.7279625 PowerTaskList.DebugPrintPower() -     TAG_CHANGE Entity=[entityName=UNKNOWN ENTITY [cardType=INVALID] id=80 zone=HAND zonePos=3 cardId= player=2] tag=ZONE_POSITION value=1 
D 22:11:30.7279625 PowerTaskList.DebugPrintPower() -     TAG_CHANGE Entity=[entityName=异教低阶牧师 id=71 zone=PLAY zonePos=1 cardId=CORE_SCH_713 player=2] tag=ZONE_POSITION value=2 
D 22:11:30.7279625 PowerTaskList.DebugPrintPower() -     TAG_CHANGE Entity=[entityName=UNKNOWN ENTITY [cardType=INVALID] id=80 zone=HAND zonePos=3 cardId= player=2] tag=1196 value=1 
D 22:11:30.7279625 PowerTaskList.DebugPrintPower() -     TAG_CHANGE Entity=[entityName=UNKNOWN ENTITY [cardType=INVALID] id=80 zone=HAND zonePos=3 cardId= player=2] tag=EXHAUSTED value=1 
D 22:11:30.7279625 PowerTaskList.DebugPrintPower() -     META_DATA - Meta=SLUSH_TIME Data=3000 InfoCount=1
D 22:11:30.7279625 PowerTaskList.DebugPrintPower() -                 Info[0] = [entityName=UNKNOWN ENTITY [cardType=INVALID] id=80 zone=HAND zonePos=3 cardId= player=2]
D 22:11:30.7279625 PowerTaskList.DebugPrintPower() -     TAG_CHANGE Entity=[entityName=UNKNOWN ENTITY [cardType=INVALID] id=80 zone=HAND zonePos=3 cardId= player=2] tag=3614 value=1 
D 22:11:30.7279625 PowerTaskList.DebugDump() - Block End=(null)
D 22:11:30.7279625 PowerProcessor.PrepareHistoryForCurrentTaskList() - m_currentTaskList=197
D 22:11:30.7279625 PowerProcessor.DoTaskListForCard() - unhandled BlockType PLAY for sourceEntity [entityName=UNKNOWN ENTITY [cardType=INVALID] id=80 zone=HAND zonePos=3 cardId= player=2]
D 22:11:31.5621084 GameState.DebugPrintPowerList() - Count=43
D 22:11:31.5621084 GameState.DebugPrintPower() - TAG_CHANGE Entity=[entityName=馆长 id=80 zone=PLAY zonePos=1 cardId=CORE_KAR_061 player=2] tag=1196 value=0 
D 22:11:31.5621084 GameState.DebugPrintPower() - TAG_CHANGE Entity=[entityName=异教低阶牧师 id=71 zone=PLAY zonePos=2 cardId=CORE_SCH_713 player=2] tag=CARD_TARGET value=90 
D 22:11:31.5621084 GameState.DebugPrintPower() - BLOCK_START BlockType=ATTACK Entity=[entityName=异教低阶牧师 id=71 zone=PLAY zonePos=2 cardId=CORE_SCH_713 player=2] EffectCardId=System.Collections.Generic.List`1[System.String] EffectIndex=0 Target=[entityName=嘲风望月露娜拉 id=90 zone=PLAY zonePos=0 cardId=HERO_06bi player=1] SubOption=-1 
D 22:11:31.5621084 GameState.DebugPrintPower() -     TAG_CHANGE Entity=[entityName=异教低阶牧师 id=71 zone=PLAY zonePos=2 cardId=CORE_SCH_713 player=2] tag=1715 value=71 
D 22:11:31.5621084 GameState.DebugPrintPower() -     TAG_CHANGE Entity=[entityName=嘲风望月露娜拉 id=90 zone=PLAY zonePos=0 cardId=HERO_06bi player=1] tag=1715 value=71 
D 22:11:31.5621084 GameState.DebugPrintPower() -     TAG_CHANGE Entity=加斯帕的礼物#5438 tag=NUM_FRIENDLY_MINIONS_THAT_ATTACKED_THIS_TURN value=1 
D 22:11:31.5621084 GameState.DebugPrintPower() -     TAG_CHANGE Entity=GameEntity tag=PROPOSED_ATTACKER value=71 
D 22:11:31.5621084 GameState.DebugPrintPower() -     TAG_CHANGE Entity=GameEntity tag=PROPOSED_DEFENDER value=90 
D 22:11:31.5621084 GameState.DebugPrintPower() -     TAG_CHANGE Entity=[entityName=异教低阶牧师 id=71 zone=PLAY zonePos=2 cardId=CORE_SCH_713 player=2] tag=ATTACKING value=1 
D 22:11:31.5621084 GameState.DebugPrintPower() -     META_DATA - Meta=SLUSH_TIME Data=1200 InfoCount=1
D 22:11:31.5621084 GameState.DebugPrintPower() -                 Info[0] = [entityName=异教低阶牧师 id=71 zone=PLAY zonePos=2 cardId=CORE_SCH_713 player=2]
D 22:11:31.5621084 GameState.DebugPrintPower() -     TAG_CHANGE Entity=[entityName=嘲风望月露娜拉 id=90 zone=PLAY zonePos=0 cardId=HERO_06bi player=1] tag=DEFENDING value=1 
D 22:11:31.5621084 GameState.DebugPrintPower() -     TAG_CHANGE Entity=[entityName=异教低阶牧师 id=71 zone=PLAY zonePos=2 cardId=CORE_SCH_713 player=2] tag=NUM_ATTACKS_THIS_TURN value=1 
D 22:11:31.5621084 GameState.DebugPrintPower() -     TAG_CHANGE Entity=[entityName=异教低阶牧师 id=71 zone=PLAY zonePos=2 cardId=CORE_SCH_713 player=2] tag=4163 value=1 
D 22:11:31.5621084 GameState.DebugPrintPower() -     TAG_CHANGE Entity=[entityName=异教低阶牧师 id=71 zone=PLAY zonePos=2 cardId=CORE_SCH_713 player=2] tag=EXHAUSTED value=1 
D 22:11:31.5621084 GameState.DebugPrintPower() -     TAG_CHANGE Entity=[entityName=嘲风望月露娜拉 id=90 zone=PLAY zonePos=0 cardId=HERO_06bi player=1] tag=2187 value=71 
D 22:11:31.5621084 GameState.DebugPrintPower() -     TAG_CHANGE Entity=[entityName=嘲风望月露娜拉 id=90 zone=PLAY zonePos=0 cardId=HERO_06bi player=1] tag=PREDAMAGE value=3 
D 22:11:31.5621084 GameState.DebugPrintPower() -     TAG_CHANGE Entity=[entityName=嘲风望月露娜拉 id=90 zone=PLAY zonePos=0 cardId=HERO_06bi player=1] tag=1173 value=90 
D 22:11:31.5621084 GameState.DebugPrintPower() -     TAG_CHANGE Entity=[entityName=嘲风望月露娜拉 id=90 zone=PLAY zonePos=0 cardId=HERO_06bi player=1] tag=2187 value=0 
D 22:11:31.5621084 GameState.DebugPrintPower() -     TAG_CHANGE Entity=[entityName=嘲风望月露娜拉 id=90 zone=PLAY zonePos=0 cardId=HERO_06bi player=1] tag=PREDAMAGE value=0 
D 22:11:31.5621084 GameState.DebugPrintPower() -     TAG_CHANGE Entity=[entityName=嘲风望月露娜拉 id=90 zone=PLAY zonePos=0 cardId=HERO_06bi player=1] tag=1173 value=0 
D 22:11:31.5621084 GameState.DebugPrintPower() -     TAG_CHANGE Entity=[entityName=嘲风望月露娜拉 id=90 zone=PLAY zonePos=0 cardId=HERO_06bi player=1] tag=PREDAMAGE value=3 
D 22:11:31.5621084 GameState.DebugPrintPower() -     TAG_CHANGE Entity=[entityName=嘲风望月露娜拉 id=90 zone=PLAY zonePos=0 cardId=HERO_06bi player=1] tag=PREDAMAGE value=0 
D 22:11:31.5621084 GameState.DebugPrintPower() -     META_DATA - Meta=DAMAGE Data=3 InfoCount=1
D 22:11:31.5621084 GameState.DebugPrintPower() -                 Info[0] = [entityName=嘲风望月露娜拉 id=90 zone=PLAY zonePos=0 cardId=HERO_06bi player=1]
D 22:11:31.5621084 GameState.DebugPrintPower() -     TAG_CHANGE Entity=[entityName=嘲风望月露娜拉 id=90 zone=PLAY zonePos=0 cardId=HERO_06bi player=1] tag=ARMOR value=0 
D 22:11:31.5621084 GameState.DebugPrintPower() -     TAG_CHANGE Entity=湫然#51704 tag=3143 value=1 
D 22:11:31.5621084 GameState.DebugPrintPower() -     TAG_CHANGE Entity=[entityName=嘲风望月露娜拉 id=90 zone=PLAY zonePos=0 cardId=HERO_06bi player=1] tag=4741 value=2 
D 22:11:31.5621084 GameState.DebugPrintPower() -     TAG_CHANGE Entity=[entityName=嘲风望月露娜拉 id=90 zone=PLAY zonePos=0 cardId=HERO_06bi player=1] tag=LAST_AFFECTED_BY value=71 
D 22:11:31.5621084 GameState.DebugPrintPower() -     TAG_CHANGE Entity=[entityName=嘲风望月露娜拉 id=90 zone=PLAY zonePos=0 cardId=HERO_06bi player=1] tag=DAMAGE value=2 
D 22:11:31.5621084 GameState.DebugPrintPower() -     TAG_CHANGE Entity=湫然#51704 tag=464 value=3 
D 22:11:31.5621084 GameState.DebugPrintPower() -     TAG_CHANGE Entity=湫然#51704 tag=1853 value=3 
D 22:11:31.5621084 GameState.DebugPrintPower() -     TAG_CHANGE Entity=湫然#51704 tag=4453 value=1 
D 22:11:31.5621084 GameState.DebugPrintPower() -     TAG_CHANGE Entity=湫然#51704 tag=DAMAGE_DEALT_TO_HERO_LAST_TURN value=3 
D 22:11:31.5621084 GameState.DebugPrintPower() -     TAG_CHANGE Entity=湫然#51704 tag=1575 value=1 
D 22:11:31.5621084 GameState.DebugPrintPower() -     TAG_CHANGE Entity=GameEntity tag=1710 value=1 
D 22:11:31.5621084 GameState.DebugPrintPower() -     TAG_CHANGE Entity=GameEntity tag=1710 value=0 
D 22:11:31.5621084 GameState.DebugPrintPower() -     TAG_CHANGE Entity=GameEntity tag=PROPOSED_ATTACKER value=0 
D 22:11:31.5621084 GameState.DebugPrintPower() -     TAG_CHANGE Entity=GameEntity tag=PROPOSED_DEFENDER value=0 
D 22:11:31.5621084 GameState.DebugPrintPower() -     TAG_CHANGE Entity=[entityName=异教低阶牧师 id=71 zone=PLAY zonePos=2 cardId=CORE_SCH_713 player=2] tag=ATTACKING value=0 
D 22:11:31.5621084 GameState.DebugPrintPower() -     TAG_CHANGE Entity=[entityName=嘲风望月露娜拉 id=90 zone=PLAY zonePos=0 cardId=HERO_06bi player=1] tag=DEFENDING value=0 
D 22:11:31.5621084 GameState.DebugPrintPower() - BLOCK_END
D 22:11:31.5621084 GameState.DebugPrintPower() - TAG_CHANGE Entity=GameEntity tag=1323 value=12 
D 22:11:31.5621084 GameState.DebugPrintPower() - TAG_CHANGE Entity=加斯帕的礼物#5438 tag=NUM_OPTIONS_PLAYED_THIS_TURN value=3 
D 22:11:31.5621084 GameState.DebugPrintPower() - META_DATA - Meta=SLUSH_TIME Data=1000 InfoCount=1
D 22:11:31.5621084 GameState.DebugPrintPower() -             Info[0] = [entityName=异教低阶牧师 id=71 zone=PLAY zonePos=2 cardId=CORE_SCH_713 player=2]
D 22:11:31.8338220 PowerProcessor.EndCurrentTaskList() - m_currentTaskList=197
D 22:11:31.8399253 PowerTaskList.DebugDump() - ID=198 ParentID=197 PreviousID=0 TaskCount=27
D 22:11:31.8399253 PowerTaskList.DebugPrintPower() - BLOCK_START BlockType=POWER Entity=[entityName=馆长 id=80 zone=PLAY zonePos=1 cardId=CORE_KAR_061 player=2] EffectCardId=System.Collections.Generic.List`1[System.String] EffectIndex=0 Target=0 SubOption=-1 
D 22:11:31.8399253 PowerTaskList.DebugPrintPower() -     TAG_CHANGE Entity=加斯帕的礼物#5438 tag=2166 value=81 
D 22:11:31.8399253 PowerTaskList.DebugPrintPower() -     TAG_CHANGE Entity=加斯帕的礼物#5438 tag=467 value=1 
D 22:11:31.8399253 PowerTaskList.DebugPrintPower() -     TAG_CHANGE Entity=[entityName=UNKNOWN ENTITY [cardType=INVALID] id=81 zone=DECK zonePos=0 cardId= player=2] tag=ZONE value=HAND 
D 22:11:31.8399253 PowerTaskList.DebugPrintPower() -     TAG_CHANGE Entity=[entityName=UNKNOWN ENTITY [cardType=INVALID] id=81 zone=DECK zonePos=0 cardId= player=2] tag=ZONE_POSITION value=7 
D 22:11:31.8399253 PowerTaskList.DebugPrintPower() -     TAG_CHANGE Entity=[entityName=UNKNOWN ENTITY [cardType=INVALID] id=81 zone=DECK zonePos=0 cardId= player=2] tag=ZONE_POSITION value=0 
D 22:11:31.8399253 PowerTaskList.DebugPrintPower() -     TAG_CHANGE Entity=[entityName=UNKNOWN ENTITY [cardType=INVALID] id=81 zone=DECK zonePos=0 cardId= player=2] tag=ZONE_POSITION value=7 
D 22:11:31.8399253 PowerTaskList.DebugPrintPower() -     TAG_CHANGE Entity=加斯帕的礼物#5438 tag=NUM_CARDS_DRAWN_THIS_TURN value=2 
D 22:11:31.8399253 PowerTaskList.DebugPrintPower() -     TAG_CHANGE Entity=加斯帕的礼物#5438 tag=995 value=7 
D 22:11:31.8399253 PowerTaskList.DebugPrintPower() -     TAG_CHANGE Entity=加斯帕的礼物#5438 tag=467 value=0 
D 22:11:31.8399253 PowerTaskList.DebugPrintPower() -     TAG_CHANGE Entity=加斯帕的礼物#5438 tag=2166 value=63 
D 22:11:31.8399253 PowerTaskList.DebugPrintPower() -     TAG_CHANGE Entity=加斯帕的礼物#5438 tag=467 value=1 
D 22:11:31.8399253 PowerTaskList.DebugPrintPower() -     TAG_CHANGE Entity=[entityName=UNKNOWN ENTITY [cardType=INVALID] id=63 zone=DECK zonePos=0 cardId= player=2] tag=ZONE value=HAND 
D 22:11:31.8399253 PowerTaskList.DebugPrintPower() -     TAG_CHANGE Entity=[entityName=UNKNOWN ENTITY [cardType=INVALID] id=63 zone=DECK zonePos=0 cardId= player=2] tag=ZONE_POSITION value=8 
D 22:11:31.8399253 PowerTaskList.DebugPrintPower() -     TAG_CHANGE Entity=[entityName=UNKNOWN ENTITY [cardType=INVALID] id=63 zone=DECK zonePos=0 cardId= player=2] tag=ZONE_POSITION value=0 
D 22:11:31.8399253 PowerTaskList.DebugPrintPower() -     TAG_CHANGE Entity=[entityName=UNKNOWN ENTITY [cardType=INVALID] id=63 zone=DECK zonePos=0 cardId= player=2] tag=ZONE_POSITION value=8 
D 22:11:31.8399253 PowerTaskList.DebugPrintPower() -     TAG_CHANGE Entity=加斯帕的礼物#5438 tag=NUM_CARDS_DRAWN_THIS_TURN value=3 
D 22:11:31.8399253 PowerTaskList.DebugPrintPower() -     TAG_CHANGE Entity=加斯帕的礼物#5438 tag=995 value=8 
D 22:11:31.8399253 PowerTaskList.DebugPrintPower() -     TAG_CHANGE Entity=加斯帕的礼物#5438 tag=467 value=0 
D 22:11:31.8399253 PowerTaskList.DebugPrintPower() -     TAG_CHANGE Entity=加斯帕的礼物#5438 tag=2166 value=56 
D 22:11:31.8399253 PowerTaskList.DebugPrintPower() -     TAG_CHANGE Entity=加斯帕的礼物#5438 tag=467 value=1 
D 22:11:31.8399253 PowerTaskList.DebugPrintPower() -     TAG_CHANGE Entity=[entityName=UNKNOWN ENTITY [cardType=INVALID] id=56 zone=DECK zonePos=0 cardId= player=2] tag=ZONE value=HAND 
D 22:11:31.8399253 PowerTaskList.DebugPrintPower() -     TAG_CHANGE Entity=[entityName=UNKNOWN ENTITY [cardType=INVALID] id=56 zone=DECK zonePos=0 cardId= player=2] tag=ZONE_POSITION value=9 
D 22:11:31.8399253 PowerTaskList.DebugPrintPower() -     TAG_CHANGE Entity=[entityName=UNKNOWN ENTITY [cardType=INVALID] id=56 zone=DECK zonePos=0 cardId= player=2] tag=ZONE_POSITION value=0 
D 22:11:31.8399253 PowerTaskList.DebugPrintPower() -     TAG_CHANGE Entity=[entityName=UNKNOWN ENTITY [cardType=INVALID] id=56 zone=DECK zonePos=0 cardId= player=2] tag=ZONE_POSITION value=9 
D 22:11:31.8399253 PowerTaskList.DebugPrintPower() -     TAG_CHANGE Entity=加斯帕的礼物#5438 tag=NUM_CARDS_DRAWN_THIS_TURN value=4 
D 22:11:31.8399253 PowerTaskList.DebugPrintPower() -     TAG_CHANGE Entity=加斯帕的礼物#5438 tag=995 value=9 
D 22:11:31.8399253 PowerTaskList.DebugPrintPower() -     TAG_CHANGE Entity=加斯帕的礼物#5438 tag=467 value=0 
D 22:11:31.8399253 PowerTaskList.DebugPrintPower() - BLOCK_END
D 22:11:31.8399253 PowerProcessor.PrepareHistoryForCurrentTaskList() - m_currentTaskList=198
D 22:11:33.1611140 GameState.DebugPrintPowerList() - Count=90
D 22:11:33.1611140 GameState.DebugPrintPower() - TAG_CHANGE Entity=GameEntity tag=STEP value=MAIN_END 
D 22:11:33.1611140 GameState.DebugPrintPower() - BLOCK_START BlockType=TRIGGER Entity=湫然#51704 EffectCardId=System.Collections.Generic.List`1[System.String] EffectIndex=-1 Target=0 SubOption=-1 TriggerKeyword=TAG_NOT_SET
D 22:11:33.1611140 GameState.DebugPrintPower() - BLOCK_END
D 22:11:33.1611140 GameState.DebugPrintPower() - BLOCK_START BlockType=TRIGGER Entity=加斯帕的礼物#5438 EffectCardId=System.Collections.Generic.List`1[System.String] EffectIndex=-1 Target=0 SubOption=-1 TriggerKeyword=TAG_NOT_SET
D 22:11:33.1611140 GameState.DebugPrintPower() -     TAG_CHANGE Entity=GameEntity tag=NEXT_STEP value=MAIN_CLEANUP 
D 22:11:33.1611140 GameState.DebugPrintPower() - BLOCK_END
D 22:11:33.1611140 GameState.DebugPrintPower() - BLOCK_START BlockType=TRIGGER Entity=加斯帕的礼物#5438 EffectCardId=System.Collections.Generic.List`1[System.String] EffectIndex=-1 Target=0 SubOption=-1 TriggerKeyword=TAG_NOT_SET
D 22:11:33.1611140 GameState.DebugPrintPower() - BLOCK_END
D 22:11:33.1611140 GameState.DebugPrintPower() - TAG_CHANGE Entity=GameEntity tag=STEP value=MAIN_CLEANUP 
D 22:11:33.1611140 GameState.DebugPrintPower() - BLOCK_START BlockType=TRIGGER Entity=湫然#51704 EffectCardId=System.Collections.Generic.List`1[System.String] EffectIndex=-1 Target=0 SubOption=-1 TriggerKeyword=TAG_NOT_SET
D 22:11:33.1611140 GameState.DebugPrintPower() - BLOCK_END
D 22:11:33.1611140 GameState.DebugPrintPower() - BLOCK_START BlockType=TRIGGER Entity=加斯帕的礼物#5438 EffectCardId=System.Collections.Generic.List`1[System.String] EffectIndex=-1 Target=0 SubOption=-1 TriggerKeyword=TAG_NOT_SET
D 22:11:33.1611140 GameState.DebugPrintPower() -     TAG_CHANGE Entity=[entityName=馆长 id=80 zone=PLAY zonePos=1 cardId=CORE_KAR_061 player=2] tag=JUST_PLAYED value=0 
D 22:11:33.1611140 GameState.DebugPrintPower() -     TAG_CHANGE Entity=加斯帕的礼物#5438 tag=COMBO_ACTIVE value=0 
D 22:11:33.1611140 GameState.DebugPrintPower() -     TAG_CHANGE Entity=GameEntity tag=NEXT_STEP value=MAIN_NEXT 
D 22:11:33.1611140 GameState.DebugPrintPower() -     TAG_CHANGE Entity=[entityName=征战时光之末 id=49 zone=SECRET zonePos=0 cardId=END_017 player=2] tag=EXHAUSTED value=0 
D 22:11:33.1611140 GameState.DebugPrintPower() - BLOCK_END
D 22:11:33.1611140 GameState.DebugPrintPower() - TAG_CHANGE Entity=GameEntity tag=STEP value=MAIN_NEXT 
D 22:11:33.1611140 GameState.DebugPrintPower() - BLOCK_START BlockType=TRIGGER Entity=GameEntity EffectCardId=System.Collections.Generic.List`1[System.String] EffectIndex=-1 Target=0 SubOption=-1 TriggerKeyword=TAG_NOT_SET
D 22:11:33.1611140 GameState.DebugPrintPower() -     TAG_CHANGE Entity=加斯帕的礼物#5438 tag=1292 value=0 
D 22:11:33.1611140 GameState.DebugPrintPower() -     TAG_CHANGE Entity=湫然#51704 tag=1292 value=1 
D 22:11:33.1611140 GameState.DebugPrintPower() -     TAG_CHANGE Entity=[entityName=水栖形态 id=10 zone=HAND zonePos=1 cardId=TSC_654 player=1] tag=NUM_TURNS_IN_HAND value=9 
D 22:11:33.1611140 GameState.DebugPrintPower() -     TAG_CHANGE Entity=[entityName=激活 id=26 zone=HAND zonePos=2 cardId=EX1_169 player=1] tag=NUM_TURNS_IN_HAND value=9 
D 22:11:33.1611140 GameState.DebugPrintPower() -     TAG_CHANGE Entity=[entityName=虚灵改装师 id=11 zone=HAND zonePos=3 cardId=BT_724 player=1] tag=NUM_TURNS_IN_HAND value=9 
D 22:11:33.1611140 GameState.DebugPrintPower() -     TAG_CHANGE Entity=[entityName=激活 id=4 zone=HAND zonePos=4 cardId=EX1_169 player=1] tag=NUM_TURNS_IN_HAND value=7 
D 22:11:33.1611140 GameState.DebugPrintPower() -     TAG_CHANGE Entity=[entityName=黑市拍卖师 id=43 zone=HAND zonePos=5 cardId=JAIL_718 player=1] tag=NUM_TURNS_IN_HAND value=7 
D 22:11:33.1611140 GameState.DebugPrintPower() -     TAG_CHANGE Entity=[entityName=光子炮台 id=35 zone=HAND zonePos=6 cardId=SC_753 player=1] tag=NUM_TURNS_IN_HAND value=5 
D 22:11:33.1611140 GameState.DebugPrintPower() -     TAG_CHANGE Entity=[entityName=米斯塔·维斯塔 id=15 zone=HAND zonePos=7 cardId=VAC_519 player=1] tag=NUM_TURNS_IN_HAND value=3 
D 22:11:33.1611140 GameState.DebugPrintPower() -     TAG_CHANGE Entity=加斯帕的礼物#5438 tag=CURRENT_PLAYER value=0 
D 22:11:33.1611140 GameState.DebugPrintPower() -     TAG_CHANGE Entity=湫然#51704 tag=CURRENT_PLAYER value=1 
D 22:11:33.1611140 GameState.DebugPrintPower() -     TAG_CHANGE Entity=GameEntity tag=TURN value=9 
D 22:11:33.1611140 GameState.DebugPrintPower() -     TAG_CHANGE Entity=GameEntity tag=1882 value=8 
D 22:11:33.1611140 GameState.DebugPrintPower() -     TAG_CHANGE Entity=湫然#51704 tag=TURN value=5 
D 22:11:33.1611140 GameState.DebugPrintPower() -     TAG_CHANGE Entity=GameEntity tag=NEXT_STEP value=MAIN_READY 
D 22:11:33.1611140 GameState.DebugPrintPower() - BLOCK_END
D 22:11:33.1611140 GameState.DebugPrintPower() - TAG_CHANGE Entity=GameEntity tag=STEP value=MAIN_READY 
D 22:11:33.1611140 GameState.DebugPrintPower() - BLOCK_START BlockType=TRIGGER Entity=湫然#51704 EffectCardId=System.Collections.Generic.List`1[System.String] EffectIndex=-1 Target=0 SubOption=-1 TriggerKeyword=TAG_NOT_SET
D 22:11:33.1611140 GameState.DebugPrintPower() -     TAG_CHANGE Entity=GameEntity tag=NUM_TURNS_IN_PLAY value=9 
D 22:11:33.1611140 GameState.DebugPrintPower() -     TAG_CHANGE Entity=湫然#51704 tag=NUM_TURNS_IN_PLAY value=9 
D 22:11:33.1611140 GameState.DebugPrintPower() -     TAG_CHANGE Entity=加斯帕的礼物#5438 tag=NUM_TURNS_IN_PLAY value=9 
D 22:11:33.1611140 GameState.DebugPrintPower() -     TAG_CHANGE Entity=[entityName=嘲风望月露娜拉 id=90 zone=PLAY zonePos=0 cardId=HERO_06bi player=1] tag=NUM_TURNS_IN_PLAY value=9 
D 22:11:33.1611140 GameState.DebugPrintPower() -     TAG_CHANGE Entity=[entityName=变形 id=91 zone=PLAY zonePos=0 cardId=HERO_06ebp player=1] tag=NUM_TURNS_IN_PLAY value=9 
D 22:11:33.1611140 GameState.DebugPrintPower() -     TAG_CHANGE Entity=[entityName=胜地古神恩佐斯 id=92 zone=PLAY zonePos=0 cardId=HERO_07at player=2] tag=NUM_TURNS_IN_PLAY value=9 
D 22:11:33.1611140 GameState.DebugPrintPower() -     TAG_CHANGE Entity=[entityName=生命分流 id=93 zone=PLAY zonePos=0 cardId=HERO_07ebp player=2] tag=NUM_TURNS_IN_PLAY value=9 
D 22:11:33.1611140 GameState.DebugPrintPower() -     TAG_CHANGE Entity=[entityName=异教低阶牧师 id=71 zone=PLAY zonePos=2 cardId=CORE_SCH_713 player=2] tag=NUM_TURNS_IN_PLAY value=3 
D 22:11:33.1611140 GameState.DebugPrintPower() -     TAG_CHANGE Entity=[entityName=馆长 id=80 zone=PLAY zonePos=1 cardId=CORE_KAR_061 player=2] tag=NUM_TURNS_IN_PLAY value=1 
D 22:11:33.1611140 GameState.DebugPrintPower() -     TAG_CHANGE Entity=[entityName=征战时光之末 id=49 zone=SECRET zonePos=0 cardId=END_017 player=2] tag=NUM_TURNS_IN_PLAY value=7 
D 22:11:33.1611140 GameState.DebugPrintPower() -     TAG_CHANGE Entity=湫然#51704 tag=RESOURCES value=5 
D 22:11:33.1611140 GameState.DebugPrintPower() -     TAG_CHANGE Entity=湫然#51704 tag=RESOURCES_USED value=0 
D 22:11:33.1611140 GameState.DebugPrintPower() -     TAG_CHANGE Entity=[entityName=异教低阶牧师 id=71 zone=PLAY zonePos=2 cardId=CORE_SCH_713 player=2] tag=NUM_ATTACKS_THIS_TURN value=0 
D 22:11:33.1611140 GameState.DebugPrintPower() -     TAG_CHANGE Entity=湫然#51704 tag=NUM_OPTIONS_PLAYED_THIS_TURN value=0 
D 22:11:33.1611140 GameState.DebugPrintPower() -     TAG_CHANGE Entity=[entityName=嘲风望月露娜拉 id=90 zone=PLAY zonePos=0 cardId=HERO_06bi player=1] tag=EXHAUSTED value=0 
D 22:11:33.1611140 GameState.DebugPrintPower() -     TAG_CHANGE Entity=[entityName=变形 id=91 zone=PLAY zonePos=0 cardId=HERO_06ebp player=1] tag=EXHAUSTED value=0 
D 22:11:33.1611140 GameState.DebugPrintPower() -     TAG_CHANGE Entity=加斯帕的礼物#5438 tag=NUM_CARDS_DRAWN_THIS_TURN value=0 
D 22:11:33.1611140 GameState.DebugPrintPower() -     TAG_CHANGE Entity=GameEntity tag=NEXT_STEP value=MAIN_START_TRIGGERS 
D 22:11:33.1611140 GameState.DebugPrintPower() -     TAG_CHANGE Entity=湫然#51704 tag=464 value=0 
D 22:11:33.1611140 GameState.DebugPrintPower() -     TAG_CHANGE Entity=湫然#51704 tag=4453 value=0 
D 22:11:33.1611140 GameState.DebugPrintPower() -     TAG_CHANGE Entity=湫然#51704 tag=1575 value=0 
D 22:11:33.1611140 GameState.DebugPrintPower() -     TAG_CHANGE Entity=湫然#51704 tag=3143 value=0 
D 22:11:33.1611140 GameState.DebugPrintPower() -     TAG_CHANGE Entity=加斯帕的礼物#5438 tag=DAMAGE_DEALT_TO_HERO_LAST_TURN value=0 
D 22:11:33.1611140 GameState.DebugPrintPower() -     TAG_CHANGE Entity=[entityName=嘲风望月露娜拉 id=90 zone=PLAY zonePos=0 cardId=HERO_06bi player=1] tag=NUM_ATTACKS_THIS_TURN value=0 
D 22:11:33.1611140 GameState.DebugPrintPower() -     TAG_CHANGE Entity=加斯帕的礼物#5438 tag=NUM_FRIENDLY_MINIONS_THAT_ATTACKED_THIS_TURN value=0 
D 22:11:33.1611140 GameState.DebugPrintPower() -     TAG_CHANGE Entity=湫然#51704 tag=HEROPOWER_ACTIVATIONS_THIS_TURN value=0 
D 22:11:33.1611140 GameState.DebugPrintPower() -     TAG_CHANGE Entity=[entityName=变形 id=91 zone=PLAY zonePos=0 cardId=HERO_06ebp player=1] tag=HEROPOWER_ACTIVATIONS_THIS_TURN value=0 
D 22:11:33.1611140 GameState.DebugPrintPower() -     TAG_CHANGE Entity=湫然#51704 tag=1739 value=0 
D 22:11:33.1611140 GameState.DebugPrintPower() - BLOCK_END
D 22:11:33.1611140 GameState.DebugPrintPower() - TAG_CHANGE Entity=GameEntity tag=STEP value=MAIN_START_TRIGGERS 
D 22:11:33.1611140 GameState.DebugPrintPower() - BLOCK_START BlockType=TRIGGER Entity=湫然#51704 EffectCardId=System.Collections.Generic.List`1[System.String] EffectIndex=-1 Target=0 SubOption=-1 TriggerKeyword=TAG_NOT_SET
D 22:11:33.1611140 GameState.DebugPrintPower() -     TAG_CHANGE Entity=GameEntity tag=NEXT_STEP value=MAIN_START 
D 22:11:33.1611140 GameState.DebugPrintPower() - BLOCK_END
D 22:11:33.1611140 GameState.DebugPrintPower() - TAG_CHANGE Entity=GameEntity tag=STEP value=MAIN_START 
D 22:11:33.1611140 GameState.DebugPrintPower() - BLOCK_START BlockType=TRIGGER Entity=湫然#51704 EffectCardId=System.Collections.Generic.List`1[System.String] EffectIndex=-1 Target=0 SubOption=-1 TriggerKeyword=TAG_NOT_SET
D 22:11:33.1611140 GameState.DebugPrintPower() -     TAG_CHANGE Entity=湫然#51704 tag=2166 value=21 
D 22:11:33.1611140 GameState.DebugPrintPower() -     TAG_CHANGE Entity=湫然#51704 tag=467 value=1 
D 22:11:33.1611140 GameState.DebugPrintPower() -     SHOW_ENTITY - Updating Entity=[entityName=UNKNOWN ENTITY [cardType=INVALID] id=21 zone=DECK zonePos=0 cardId= player=1] CardID=BOT_054
D 22:11:33.1611140 GameState.DebugPrintPower() -         tag=CONTROLLER value=1
D 22:11:33.1611140 GameState.DebugPrintPower() -         tag=CARDTYPE value=SPELL
D 22:11:33.1611140 GameState.DebugPrintPower() -         tag=TAG_LAST_KNOWN_COST_IN_HAND value=1
D 22:11:33.1611140 GameState.DebugPrintPower() -         tag=COST value=1
D 22:11:33.1611140 GameState.DebugPrintPower() -         tag=ZONE value=HAND
D 22:11:33.1611140 GameState.DebugPrintPower() -         tag=ENTITY_ID value=21
D 22:11:33.1611140 GameState.DebugPrintPower() -         tag=CLASS value=DRUID
D 22:11:33.1611140 GameState.DebugPrintPower() -         tag=RARITY value=COMMON
D 22:11:33.1611140 GameState.DebugPrintPower() -         tag=478 value=1
D 22:11:33.1611140 GameState.DebugPrintPower() -         tag=1037 value=1
D 22:11:33.1611140 GameState.DebugPrintPower() -         tag=1043 value=1
D 22:11:33.1611140 GameState.DebugPrintPower() -         tag=1068 value=0
D 22:11:33.1611140 GameState.DebugPrintPower() -         tag=SPAWN_TIME_COUNT value=1
D 22:11:33.1611140 GameState.DebugPrintPower() -         tag=SPELL_SCHOOL value=4
D 22:11:33.1611140 GameState.DebugPrintPower() -     TAG_CHANGE Entity=[entityName=UNKNOWN ENTITY [cardType=INVALID] id=21 zone=DECK zonePos=0 cardId= player=1] tag=NUM_TURNS_IN_HAND value=1 
D 22:11:33.1611140 GameState.DebugPrintPower() -     TAG_CHANGE Entity=[entityName=UNKNOWN ENTITY [cardType=INVALID] id=21 zone=DECK zonePos=0 cardId= player=1] tag=ZONE_POSITION value=8 
D 22:11:33.1611140 GameState.DebugPrintPower() -     TAG_CHANGE Entity=[entityName=UNKNOWN ENTITY [cardType=INVALID] id=21 zone=DECK zonePos=0 cardId= player=1] tag=ZONE_POSITION value=0 
D 22:11:33.1611140 GameState.DebugPrintPower() -     TAG_CHANGE Entity=[entityName=UNKNOWN ENTITY [cardType=INVALID] id=21 zone=DECK zonePos=0 cardId= player=1] tag=ZONE_POSITION value=8 
D 22:11:33.1611140 GameState.DebugPrintPower() -     TAG_CHANGE Entity=湫然#51704 tag=3242 value=1 
D 22:11:33.1611140 GameState.DebugPrintPower() -     TAG_CHANGE Entity=湫然#51704 tag=NUM_CARDS_DRAWN_THIS_TURN value=1 
D 22:11:33.1611140 GameState.DebugPrintPower() -     TAG_CHANGE Entity=湫然#51704 tag=995 value=7 
D 22:11:33.1611140 GameState.DebugPrintPower() -     TAG_CHANGE Entity=[entityName=UNKNOWN ENTITY [cardType=INVALID] id=21 zone=DECK zonePos=0 cardId= player=1] tag=1570 value=9 
D 22:11:33.1611140 GameState.DebugPrintPower() -     TAG_CHANGE Entity=湫然#51704 tag=467 value=0 
D 22:11:33.1611140 GameState.DebugPrintPower() -     TAG_CHANGE Entity=GameEntity tag=NEXT_STEP value=MAIN_ACTION 
D 22:11:33.1611140 GameState.DebugPrintPower() - BLOCK_END
D 22:11:33.1611140 GameState.DebugPrintPower() - TAG_CHANGE Entity=GameEntity tag=STEP value=MAIN_ACTION 
D 22:11:33.1611140 GameState.DebugPrintPower() - BLOCK_START BlockType=TRIGGER Entity=湫然#51704 EffectCardId=System.Collections.Generic.List`1[System.String] EffectIndex=-1 Target=0 SubOption=-1 TriggerKeyword=TAG_NOT_SET
D 22:11:33.1611140 GameState.DebugPrintPower() -     TAG_CHANGE Entity=GameEntity tag=NEXT_STEP value=MAIN_END 
D 22:11:33.1611140 GameState.DebugPrintPower() - BLOCK_END
D 22:11:33.2325273 GameState.DebugPrintOptions() - id=21
D 22:11:33.2325273 GameState.DebugPrintOptions() -   option 0 type=END_TURN mainEntity= error=INVALID errorParam=
D 22:11:33.2325273 GameState.DebugPrintOptions() -   option 1 type=POWER mainEntity=[entityName=水栖形态 id=10 zone=HAND zonePos=1 cardId=TSC_654 player=1] error=NONE errorParam=
D 22:11:33.2325273 GameState.DebugPrintOptions() -   option 2 type=POWER mainEntity=[entityName=激活 id=26 zone=HAND zonePos=2 cardId=EX1_169 player=1] error=NONE errorParam=
D 22:11:33.2325273 GameState.DebugPrintOptions() -   option 3 type=POWER mainEntity=[entityName=虚灵改装师 id=11 zone=HAND zonePos=3 cardId=BT_724 player=1] error=NONE errorParam=
D 22:11:33.2325273 GameState.DebugPrintOptions() -     target 0 entity=[entityName=异教低阶牧师 id=71 zone=PLAY zonePos=2 cardId=CORE_SCH_713 player=2] error=NONE errorParam=
D 22:11:33.2325273 GameState.DebugPrintOptions() -     target 1 entity=[entityName=馆长 id=80 zone=PLAY zonePos=1 cardId=CORE_KAR_061 player=2] error=NONE errorParam=
D 22:11:33.2325273 GameState.DebugPrintOptions() -     target 2 entity=[entityName=嘲风望月露娜拉 id=90 zone=PLAY zonePos=0 cardId=HERO_06bi player=1] error=REQ_MINION_TARGET errorParam=
D 22:11:33.2325273 GameState.DebugPrintOptions() -     target 3 entity=[entityName=胜地古神恩佐斯 id=92 zone=PLAY zonePos=0 cardId=HERO_07at player=2] error=REQ_MINION_TARGET errorParam=
D 22:11:33.2325273 GameState.DebugPrintOptions() -   option 4 type=POWER mainEntity=[entityName=激活 id=4 zone=HAND zonePos=4 cardId=EX1_169 player=1] error=NONE errorParam=
D 22:11:33.2325273 GameState.DebugPrintOptions() -   option 5 type=POWER mainEntity=[entityName=黑市拍卖师 id=43 zone=HAND zonePos=5 cardId=JAIL_718 player=1] error=NONE errorParam=
D 22:11:33.2325273 GameState.DebugPrintOptions() -   option 6 type=POWER mainEntity=[entityName=光子炮台 id=35 zone=HAND zonePos=6 cardId=SC_753 player=1] error=NONE errorParam=
D 22:11:33.2325273 GameState.DebugPrintOptions() -     target 0 entity=[entityName=嘲风望月露娜拉 id=90 zone=PLAY zonePos=0 cardId=HERO_06bi player=1] error=NONE errorParam=
D 22:11:33.2325273 GameState.DebugPrintOptions() -     target 1 entity=[entityName=胜地古神恩佐斯 id=92 zone=PLAY zonePos=0 cardId=HERO_07at player=2] error=NONE errorParam=
D 22:11:33.2325273 GameState.DebugPrintOptions() -     target 2 entity=[entityName=异教低阶牧师 id=71 zone=PLAY zonePos=2 cardId=CORE_SCH_713 player=2] error=NONE errorParam=
D 22:11:33.2325273 GameState.DebugPrintOptions() -     target 3 entity=[entityName=馆长 id=80 zone=PLAY zonePos=1 cardId=CORE_KAR_061 player=2] error=NONE errorParam=
D 22:11:33.2325273 GameState.DebugPrintOptions() -   option 7 type=POWER mainEntity=[entityName=米斯塔·维斯塔 id=15 zone=HAND zonePos=7 cardId=VAC_519 player=1] error=NONE errorParam=
D 22:11:33.2325273 GameState.DebugPrintOptions() -   option 8 type=POWER mainEntity=[entityName=UNKNOWN ENTITY [cardType=INVALID] id=21 zone=DECK zonePos=0 cardId= player=1] error=NONE errorParam=
D 22:11:33.2325273 GameState.DebugPrintOptions() -   option 9 type=POWER mainEntity=[entityName=变形 id=91 zone=PLAY zonePos=0 cardId=HERO_06ebp player=1] error=NONE errorParam=
D 22:11:33.2325273 GameState.DebugPrintOptions() -   option 10 type=POWER mainEntity=[entityName=嘲风望月露娜拉 id=90 zone=PLAY zonePos=0 cardId=HERO_06bi player=1] error=REQ_ATTACK_GREATER_THAN_0 errorParam=
D 22:11:33.2325273 GameState.DebugPrintOptions() -   option 11 type=POWER mainEntity=[entityName=胜地古神恩佐斯 id=92 zone=PLAY zonePos=0 cardId=HERO_07at player=2] error=REQ_YOUR_TURN errorParam=
D 22:11:33.2325273 GameState.DebugPrintOptions() -   option 12 type=POWER mainEntity=[entityName=生命分流 id=93 zone=PLAY zonePos=0 cardId=HERO_07ebp player=2] error=REQ_YOUR_TURN errorParam=
D 22:11:33.2325273 GameState.DebugPrintOptions() -   option 13 type=POWER mainEntity=[entityName=异教低阶牧师 id=71 zone=PLAY zonePos=2 cardId=CORE_SCH_713 player=2] error=REQ_YOUR_TURN errorParam=
D 22:11:33.2325273 GameState.DebugPrintOptions() -   option 14 type=POWER mainEntity=[entityName=馆长 id=80 zone=PLAY zonePos=1 cardId=CORE_KAR_061 player=2] error=REQ_YOUR_TURN errorParam=
D 22:11:34.4688207 PowerProcessor.EndCurrentTaskList() - m_currentTaskList=198
D 22:11:34.4768627 PowerTaskList.DebugDump() - ID=199 ParentID=0 PreviousID=197 TaskCount=2
D 22:11:34.4768627 PowerTaskList.DebugDump() - Block Start=(null)
D 22:11:34.4768627 PowerTaskList.DebugPrintPower() -     TAG_CHANGE Entity=GameEntity tag=1323 value=11 
D 22:11:34.4768627 PowerTaskList.DebugPrintPower() -     TAG_CHANGE Entity=加斯帕的礼物#5438 tag=NUM_OPTIONS_PLAYED_THIS_TURN value=2 
D 22:11:34.4768627 PowerTaskList.DebugPrintPower() - BLOCK_END
D 22:11:34.4768627 PowerProcessor.PrepareHistoryForCurrentTaskList() - m_currentTaskList=199
D 22:11:34.4768627 PowerProcessor.DoTaskListForCard() - unhandled BlockType PLAY for sourceEntity [entityName=馆长 id=80 zone=PLAY zonePos=1 cardId=CORE_KAR_061 player=2]
D 22:11:34.4768627 PowerProcessor.EndCurrentTaskList() - m_currentTaskList=199
D 22:11:34.4768627 PowerTaskList.DebugDump() - ID=200 ParentID=0 PreviousID=0 TaskCount=1
D 22:11:34.4768627 PowerTaskList.DebugDump() - Block Start=(null)
D 22:11:34.4768627 PowerTaskList.DebugPrintPower() -     META_DATA - Meta=SLUSH_TIME Data=1000 InfoCount=1
D 22:11:34.4768627 PowerTaskList.DebugPrintPower() -                 Info[0] = [entityName=馆长 id=80 zone=PLAY zonePos=1 cardId=CORE_KAR_061 player=2]
D 22:11:34.4768627 PowerTaskList.DebugDump() - Block End=(null)
D 22:11:34.4768627 PowerProcessor.PrepareHistoryForCurrentTaskList() - m_currentTaskList=200
D 22:11:34.4768627 PowerProcessor.EndCurrentTaskList() - m_currentTaskList=200
D 22:11:34.4768627 PowerTaskList.DebugDump() - ID=201 ParentID=0 PreviousID=0 TaskCount=2
D 22:11:34.4768627 PowerTaskList.DebugDump() - Block Start=(null)
D 22:11:34.4768627 PowerTaskList.DebugPrintPower() -     TAG_CHANGE Entity=[entityName=馆长 id=80 zone=PLAY zonePos=1 cardId=CORE_KAR_061 player=2] tag=1196 value=0 
D 22:11:34.4768627 PowerTaskList.DebugPrintPower() -     TAG_CHANGE Entity=[entityName=异教低阶牧师 id=71 zone=PLAY zonePos=2 cardId=CORE_SCH_713 player=2] tag=CARD_TARGET value=90 
D 22:11:34.4768627 PowerTaskList.DebugDump() - Block End=(null)
D 22:11:34.4768627 PowerProcessor.PrepareHistoryForCurrentTaskList() - m_currentTaskList=201
D 22:11:34.4768627 PowerProcessor.EndCurrentTaskList() - m_currentTaskList=201
D 22:11:34.4768627 PowerTaskList.DebugDump() - ID=202 ParentID=201 PreviousID=0 TaskCount=36
D 22:11:34.4768627 PowerTaskList.DebugPrintPower() - BLOCK_START BlockType=ATTACK Entity=[entityName=异教低阶牧师 id=71 zone=PLAY zonePos=2 cardId=CORE_SCH_713 player=2] EffectCardId=System.Collections.Generic.List`1[System.String] EffectIndex=0 Target=[entityName=嘲风望月露娜拉 id=90 zone=PLAY zonePos=0 cardId=HERO_06bi player=1] SubOption=-1 
D 22:11:34.4768627 PowerTaskList.DebugPrintPower() -     TAG_CHANGE Entity=[entityName=异教低阶牧师 id=71 zone=PLAY zonePos=2 cardId=CORE_SCH_713 player=2] tag=1715 value=71 
D 22:11:34.4768627 PowerTaskList.DebugPrintPower() -     TAG_CHANGE Entity=[entityName=嘲风望月露娜拉 id=90 zone=PLAY zonePos=0 cardId=HERO_06bi player=1] tag=1715 value=71 
D 22:11:34.4768627 PowerTaskList.DebugPrintPower() -     TAG_CHANGE Entity=加斯帕的礼物#5438 tag=NUM_FRIENDLY_MINIONS_THAT_ATTACKED_THIS_TURN value=1 
D 22:11:34.4768627 PowerTaskList.DebugPrintPower() -     TAG_CHANGE Entity=GameEntity tag=PROPOSED_ATTACKER value=71 
D 22:11:34.4768627 PowerTaskList.DebugPrintPower() -     TAG_CHANGE Entity=GameEntity tag=PROPOSED_DEFENDER value=90 
D 22:11:34.4768627 PowerTaskList.DebugPrintPower() -     TAG_CHANGE Entity=[entityName=异教低阶牧师 id=71 zone=PLAY zonePos=2 cardId=CORE_SCH_713 player=2] tag=ATTACKING value=1 
D 22:11:34.4768627 PowerTaskList.DebugPrintPower() -     META_DATA - Meta=SLUSH_TIME Data=1200 InfoCount=1
D 22:11:34.4768627 PowerTaskList.DebugPrintPower() -                 Info[0] = [entityName=异教低阶牧师 id=71 zone=PLAY zonePos=2 cardId=CORE_SCH_713 player=2]
D 22:11:34.4768627 PowerTaskList.DebugPrintPower() -     TAG_CHANGE Entity=[entityName=嘲风望月露娜拉 id=90 zone=PLAY zonePos=0 cardId=HERO_06bi player=1] tag=DEFENDING value=1 
D 22:11:34.4768627 PowerTaskList.DebugPrintPower() -     TAG_CHANGE Entity=[entityName=异教低阶牧师 id=71 zone=PLAY zonePos=2 cardId=CORE_SCH_713 player=2] tag=NUM_ATTACKS_THIS_TURN value=1 
D 22:11:34.4768627 PowerTaskList.DebugPrintPower() -     TAG_CHANGE Entity=[entityName=异教低阶牧师 id=71 zone=PLAY zonePos=2 cardId=CORE_SCH_713 player=2] tag=4163 value=1 
D 22:11:34.4768627 PowerTaskList.DebugPrintPower() -     TAG_CHANGE Entity=[entityName=异教低阶牧师 id=71 zone=PLAY zonePos=2 cardId=CORE_SCH_713 player=2] tag=EXHAUSTED value=1 
D 22:11:34.4768627 PowerTaskList.DebugPrintPower() -     TAG_CHANGE Entity=[entityName=嘲风望月露娜拉 id=90 zone=PLAY zonePos=0 cardId=HERO_06bi player=1] tag=2187 value=71 
D 22:11:34.4768627 PowerTaskList.DebugPrintPower() -     TAG_CHANGE Entity=[entityName=嘲风望月露娜拉 id=90 zone=PLAY zonePos=0 cardId=HERO_06bi player=1] tag=PREDAMAGE value=3 
D 22:11:34.4768627 PowerTaskList.DebugPrintPower() -     TAG_CHANGE Entity=[entityName=嘲风望月露娜拉 id=90 zone=PLAY zonePos=0 cardId=HERO_06bi player=1] tag=1173 value=90 
D 22:11:34.4768627 PowerTaskList.DebugPrintPower() -     TAG_CHANGE Entity=[entityName=嘲风望月露娜拉 id=90 zone=PLAY zonePos=0 cardId=HERO_06bi player=1] tag=2187 value=0 
D 22:11:34.4768627 PowerTaskList.DebugPrintPower() -     TAG_CHANGE Entity=[entityName=嘲风望月露娜拉 id=90 zone=PLAY zonePos=0 cardId=HERO_06bi player=1] tag=PREDAMAGE value=0 
D 22:11:34.4768627 PowerTaskList.DebugPrintPower() -     TAG_CHANGE Entity=[entityName=嘲风望月露娜拉 id=90 zone=PLAY zonePos=0 cardId=HERO_06bi player=1] tag=1173 value=0 
D 22:11:34.4768627 PowerTaskList.DebugPrintPower() -     TAG_CHANGE Entity=[entityName=嘲风望月露娜拉 id=90 zone=PLAY zonePos=0 cardId=HERO_06bi player=1] tag=PREDAMAGE value=3 
D 22:11:34.4768627 PowerTaskList.DebugPrintPower() -     TAG_CHANGE Entity=[entityName=嘲风望月露娜拉 id=90 zone=PLAY zonePos=0 cardId=HERO_06bi player=1] tag=PREDAMAGE value=0 
D 22:11:34.4768627 PowerTaskList.DebugPrintPower() -     META_DATA - Meta=DAMAGE Data=3 InfoCount=1
D 22:11:34.4768627 PowerTaskList.DebugPrintPower() -                 Info[0] = [entityName=嘲风望月露娜拉 id=90 zone=PLAY zonePos=0 cardId=HERO_06bi player=1]
D 22:11:34.4768627 PowerTaskList.DebugPrintPower() -     TAG_CHANGE Entity=[entityName=嘲风望月露娜拉 id=90 zone=PLAY zonePos=0 cardId=HERO_06bi player=1] tag=ARMOR value=0 
D 22:11:34.4768627 PowerTaskList.DebugPrintPower() -     TAG_CHANGE Entity=湫然#51704 tag=3143 value=1 
D 22:11:34.4768627 PowerTaskList.DebugPrintPower() -     TAG_CHANGE Entity=[entityName=嘲风望月露娜拉 id=90 zone=PLAY zonePos=0 cardId=HERO_06bi player=1] tag=4741 value=2 
D 22:11:34.4768627 PowerTaskList.DebugPrintPower() -     TAG_CHANGE Entity=[entityName=嘲风望月露娜拉 id=90 zone=PLAY zonePos=0 cardId=HERO_06bi player=1] tag=LAST_AFFECTED_BY value=71 
D 22:11:34.4768627 PowerTaskList.DebugPrintPower() -     TAG_CHANGE Entity=[entityName=嘲风望月露娜拉 id=90 zone=PLAY zonePos=0 cardId=HERO_06bi player=1] tag=DAMAGE value=2 
D 22:11:34.4768627 PowerTaskList.DebugPrintPower() -     TAG_CHANGE Entity=湫然#51704 tag=464 value=3 
D 22:11:34.4768627 PowerTaskList.DebugPrintPower() -     TAG_CHANGE Entity=湫然#51704 tag=1853 value=3 
D 22:11:34.4768627 PowerTaskList.DebugPrintPower() -     TAG_CHANGE Entity=湫然#51704 tag=4453 value=1 
D 22:11:34.4768627 PowerTaskList.DebugPrintPower() -     TAG_CHANGE Entity=湫然#51704 tag=DAMAGE_DEALT_TO_HERO_LAST_TURN value=3 
D 22:11:34.4768627 PowerTaskList.DebugPrintPower() -     TAG_CHANGE Entity=湫然#51704 tag=1575 value=1 
D 22:11:34.4768627 PowerTaskList.DebugPrintPower() -     TAG_CHANGE Entity=GameEntity tag=1710 value=1 
D 22:11:34.4768627 PowerTaskList.DebugPrintPower() -     TAG_CHANGE Entity=GameEntity tag=1710 value=0 
D 22:11:34.4768627 PowerTaskList.DebugPrintPower() -     TAG_CHANGE Entity=GameEntity tag=PROPOSED_ATTACKER value=0 
D 22:11:34.4768627 PowerTaskList.DebugPrintPower() -     TAG_CHANGE Entity=GameEntity tag=PROPOSED_DEFENDER value=0 
D 22:11:34.4768627 PowerTaskList.DebugPrintPower() -     TAG_CHANGE Entity=[entityName=异教低阶牧师 id=71 zone=PLAY zonePos=2 cardId=CORE_SCH_713 player=2] tag=ATTACKING value=0 
D 22:11:34.4768627 PowerTaskList.DebugPrintPower() -     TAG_CHANGE Entity=[entityName=嘲风望月露娜拉 id=90 zone=PLAY zonePos=0 cardId=HERO_06bi player=1] tag=DEFENDING value=0 
D 22:11:34.4768627 PowerTaskList.DebugPrintPower() - BLOCK_END
D 22:11:34.4768627 PowerProcessor.PrepareHistoryForCurrentTaskList() - m_currentTaskList=202
D 22:11:35.7029878 PowerProcessor.EndCurrentTaskList() - m_currentTaskList=202
D 22:11:36.8713848 PowerTaskList.DebugDump() - ID=203 ParentID=0 PreviousID=0 TaskCount=3
D 22:11:36.8713848 PowerTaskList.DebugDump() - Block Start=(null)
D 22:11:36.8713848 PowerTaskList.DebugPrintPower() -     TAG_CHANGE Entity=GameEntity tag=1323 value=12 
D 22:11:36.8713848 PowerTaskList.DebugPrintPower() -     TAG_CHANGE Entity=加斯帕的礼物#5438 tag=NUM_OPTIONS_PLAYED_THIS_TURN value=3 
D 22:11:36.8713848 PowerTaskList.DebugPrintPower() -     META_DATA - Meta=SLUSH_TIME Data=1000 InfoCount=1
D 22:11:36.8713848 PowerTaskList.DebugPrintPower() -                 Info[0] = [entityName=异教低阶牧师 id=71 zone=PLAY zonePos=2 cardId=CORE_SCH_713 player=2]
D 22:11:36.8713848 PowerTaskList.DebugDump() - Block End=(null)
D 22:11:36.8713848 PowerProcessor.PrepareHistoryForCurrentTaskList() - m_currentTaskList=203
D 22:11:36.8713848 PowerProcessor.EndCurrentTaskList() - m_currentTaskList=203
D 22:11:36.8713848 PowerTaskList.DebugDump() - ID=204 ParentID=0 PreviousID=0 TaskCount=1
D 22:11:36.8713848 PowerTaskList.DebugDump() - Block Start=(null)
D 22:11:36.8713848 PowerTaskList.DebugPrintPower() -     TAG_CHANGE Entity=GameEntity tag=STEP value=MAIN_END 
D 22:11:36.8713848 PowerTaskList.DebugDump() - Block End=(null)
D 22:11:36.8713848 PowerProcessor.PrepareHistoryForCurrentTaskList() - m_currentTaskList=204
D 22:11:36.8713848 PowerProcessor.EndCurrentTaskList() - m_currentTaskList=204
D 22:11:36.8713848 PowerTaskList.DebugDump() - ID=205 ParentID=204 PreviousID=0 TaskCount=0
D 22:11:36.8713848 PowerTaskList.DebugPrintPower() - BLOCK_START BlockType=TRIGGER Entity=湫然#51704 EffectCardId=System.Collections.Generic.List`1[System.String] EffectIndex=-1 Target=0 SubOption=-1 TriggerKeyword=TAG_NOT_SET
D 22:11:36.8713848 PowerTaskList.DebugPrintPower() - BLOCK_END
D 22:11:36.8713848 PowerProcessor.PrepareHistoryForCurrentTaskList() - m_currentTaskList=205
D 22:11:36.8713848 PowerProcessor.EndCurrentTaskList() - m_currentTaskList=205
D 22:11:36.8713848 PowerTaskList.DebugDump() - ID=206 ParentID=0 PreviousID=0 TaskCount=1
D 22:11:36.8713848 PowerTaskList.DebugPrintPower() - BLOCK_START BlockType=TRIGGER Entity=加斯帕的礼物#5438 EffectCardId=System.Collections.Generic.List`1[System.String] EffectIndex=-1 Target=0 SubOption=-1 TriggerKeyword=TAG_NOT_SET
D 22:11:36.8713848 PowerTaskList.DebugPrintPower() -     TAG_CHANGE Entity=GameEntity tag=NEXT_STEP value=MAIN_CLEANUP 
D 22:11:36.8713848 PowerTaskList.DebugPrintPower() - BLOCK_END
D 22:11:36.8713848 PowerProcessor.PrepareHistoryForCurrentTaskList() - m_currentTaskList=206
D 22:11:36.8713848 PowerProcessor.EndCurrentTaskList() - m_currentTaskList=206
D 22:11:36.8713848 PowerTaskList.DebugDump() - ID=207 ParentID=0 PreviousID=0 TaskCount=0
D 22:11:36.8713848 PowerTaskList.DebugPrintPower() - BLOCK_START BlockType=TRIGGER Entity=加斯帕的礼物#5438 EffectCardId=System.Collections.Generic.List`1[System.String] EffectIndex=-1 Target=0 SubOption=-1 TriggerKeyword=TAG_NOT_SET
D 22:11:36.8713848 PowerTaskList.DebugPrintPower() - BLOCK_END
D 22:11:36.8713848 PowerProcessor.PrepareHistoryForCurrentTaskList() - m_currentTaskList=207
D 22:11:36.8713848 PowerProcessor.EndCurrentTaskList() - m_currentTaskList=207
D 22:11:36.8713848 PowerTaskList.DebugDump() - ID=208 ParentID=0 PreviousID=0 TaskCount=1
D 22:11:36.8713848 PowerTaskList.DebugDump() - Block Start=(null)
D 22:11:36.8713848 PowerTaskList.DebugPrintPower() -     TAG_CHANGE Entity=GameEntity tag=STEP value=MAIN_CLEANUP 
D 22:11:36.8713848 PowerTaskList.DebugDump() - Block End=(null)
D 22:11:36.8713848 PowerProcessor.PrepareHistoryForCurrentTaskList() - m_currentTaskList=208
D 22:11:36.8713848 PowerProcessor.EndCurrentTaskList() - m_currentTaskList=208
D 22:11:36.8713848 PowerTaskList.DebugDump() - ID=209 ParentID=0 PreviousID=0 TaskCount=0
D 22:11:36.8713848 PowerTaskList.DebugPrintPower() - BLOCK_START BlockType=TRIGGER Entity=湫然#51704 EffectCardId=System.Collections.Generic.List`1[System.String] EffectIndex=-1 Target=0 SubOption=-1 TriggerKeyword=TAG_NOT_SET
D 22:11:36.8713848 PowerTaskList.DebugPrintPower() - BLOCK_END
D 22:11:36.8713848 PowerProcessor.PrepareHistoryForCurrentTaskList() - m_currentTaskList=209
D 22:11:36.8713848 PowerProcessor.EndCurrentTaskList() - m_currentTaskList=209
D 22:11:36.8713848 PowerTaskList.DebugDump() - ID=210 ParentID=0 PreviousID=0 TaskCount=4
D 22:11:36.8713848 PowerTaskList.DebugPrintPower() - BLOCK_START BlockType=TRIGGER Entity=加斯帕的礼物#5438 EffectCardId=System.Collections.Generic.List`1[System.String] EffectIndex=-1 Target=0 SubOption=-1 TriggerKeyword=TAG_NOT_SET
D 22:11:36.8713848 PowerTaskList.DebugPrintPower() -     TAG_CHANGE Entity=[entityName=馆长 id=80 zone=PLAY zonePos=1 cardId=CORE_KAR_061 player=2] tag=JUST_PLAYED value=0 
D 22:11:36.8713848 PowerTaskList.DebugPrintPower() -     TAG_CHANGE Entity=加斯帕的礼物#5438 tag=COMBO_ACTIVE value=0 
D 22:11:36.8713848 PowerTaskList.DebugPrintPower() -     TAG_CHANGE Entity=GameEntity tag=NEXT_STEP value=MAIN_NEXT 
D 22:11:36.8713848 PowerTaskList.DebugPrintPower() -     TAG_CHANGE Entity=[entityName=征战时光之末 id=49 zone=SECRET zonePos=0 cardId=END_017 player=2] tag=EXHAUSTED value=0 
D 22:11:36.8713848 PowerTaskList.DebugPrintPower() - BLOCK_END
D 22:11:36.8713848 PowerProcessor.PrepareHistoryForCurrentTaskList() - m_currentTaskList=210
D 22:11:36.8713848 PowerProcessor.EndCurrentTaskList() - m_currentTaskList=210
D 22:11:36.8713848 PowerTaskList.DebugDump() - ID=211 ParentID=0 PreviousID=0 TaskCount=1
D 22:11:36.8713848 PowerTaskList.DebugDump() - Block Start=(null)
D 22:11:36.8713848 PowerTaskList.DebugPrintPower() -     TAG_CHANGE Entity=GameEntity tag=STEP value=MAIN_NEXT 
D 22:11:36.8713848 PowerTaskList.DebugDump() - Block End=(null)
D 22:11:36.8713848 PowerProcessor.PrepareHistoryForCurrentTaskList() - m_currentTaskList=211
D 22:11:36.8713848 PowerProcessor.EndCurrentTaskList() - m_currentTaskList=211
D 22:11:36.8713848 PowerTaskList.DebugDump() - ID=212 ParentID=0 PreviousID=0 TaskCount=15
D 22:11:36.8713848 PowerTaskList.DebugPrintPower() - BLOCK_START BlockType=TRIGGER Entity=GameEntity EffectCardId=System.Collections.Generic.List`1[System.String] EffectIndex=-1 Target=0 SubOption=-1 TriggerKeyword=TAG_NOT_SET
D 22:11:36.8713848 PowerTaskList.DebugPrintPower() -     TAG_CHANGE Entity=加斯帕的礼物#5438 tag=1292 value=0 
D 22:11:36.8713848 PowerTaskList.DebugPrintPower() -     TAG_CHANGE Entity=湫然#51704 tag=1292 value=1 
D 22:11:36.8713848 PowerTaskList.DebugPrintPower() -     TAG_CHANGE Entity=[entityName=水栖形态 id=10 zone=HAND zonePos=1 cardId=TSC_654 player=1] tag=NUM_TURNS_IN_HAND value=9 
D 22:11:36.8713848 PowerTaskList.DebugPrintPower() -     TAG_CHANGE Entity=[entityName=激活 id=26 zone=HAND zonePos=2 cardId=EX1_169 player=1] tag=NUM_TURNS_IN_HAND value=9 
D 22:11:36.8713848 PowerTaskList.DebugPrintPower() -     TAG_CHANGE Entity=[entityName=虚灵改装师 id=11 zone=HAND zonePos=3 cardId=BT_724 player=1] tag=NUM_TURNS_IN_HAND value=9 
D 22:11:36.8713848 PowerTaskList.DebugPrintPower() -     TAG_CHANGE Entity=[entityName=激活 id=4 zone=HAND zonePos=4 cardId=EX1_169 player=1] tag=NUM_TURNS_IN_HAND value=7 
D 22:11:36.8713848 PowerTaskList.DebugPrintPower() -     TAG_CHANGE Entity=[entityName=黑市拍卖师 id=43 zone=HAND zonePos=5 cardId=JAIL_718 player=1] tag=NUM_TURNS_IN_HAND value=7 
D 22:11:36.8713848 PowerTaskList.DebugPrintPower() -     TAG_CHANGE Entity=[entityName=光子炮台 id=35 zone=HAND zonePos=6 cardId=SC_753 player=1] tag=NUM_TURNS_IN_HAND value=5 
D 22:11:36.8713848 PowerTaskList.DebugPrintPower() -     TAG_CHANGE Entity=[entityName=米斯塔·维斯塔 id=15 zone=HAND zonePos=7 cardId=VAC_519 player=1] tag=NUM_TURNS_IN_HAND value=3 
D 22:11:36.8713848 PowerTaskList.DebugPrintPower() -     TAG_CHANGE Entity=加斯帕的礼物#5438 tag=CURRENT_PLAYER value=0 
D 22:11:36.8713848 PowerTaskList.DebugPrintPower() -     TAG_CHANGE Entity=湫然#51704 tag=CURRENT_PLAYER value=1 
D 22:11:36.8713848 PowerTaskList.DebugPrintPower() -     TAG_CHANGE Entity=GameEntity tag=TURN value=9 
D 22:11:36.8713848 PowerTaskList.DebugPrintPower() -     TAG_CHANGE Entity=GameEntity tag=1882 value=8 
D 22:11:36.8713848 PowerTaskList.DebugPrintPower() -     TAG_CHANGE Entity=湫然#51704 tag=TURN value=5 
D 22:11:36.8713848 PowerTaskList.DebugPrintPower() -     TAG_CHANGE Entity=GameEntity tag=NEXT_STEP value=MAIN_READY 
D 22:11:36.8713848 PowerTaskList.DebugPrintPower() - BLOCK_END
D 22:11:36.8713848 PowerProcessor.PrepareHistoryForCurrentTaskList() - m_currentTaskList=212
D 22:11:36.8713848 PowerProcessor.EndCurrentTaskList() - m_currentTaskList=212
D 22:11:36.8713848 PowerTaskList.DebugDump() - ID=213 ParentID=0 PreviousID=0 TaskCount=1
D 22:11:36.8713848 PowerTaskList.DebugDump() - Block Start=(null)
D 22:11:36.8713848 PowerTaskList.DebugPrintPower() -     TAG_CHANGE Entity=GameEntity tag=STEP value=MAIN_READY 
D 22:11:36.8713848 PowerTaskList.DebugDump() - Block End=(null)
D 22:11:36.8713848 PowerProcessor.PrepareHistoryForCurrentTaskList() - m_currentTaskList=213
D 22:11:36.8713848 PowerProcessor.EndCurrentTaskList() - m_currentTaskList=213
D 22:11:36.8713848 PowerTaskList.DebugDump() - ID=214 ParentID=0 PreviousID=0 TaskCount=28
D 22:11:36.8713848 PowerTaskList.DebugPrintPower() - BLOCK_START BlockType=TRIGGER Entity=湫然#51704 EffectCardId=System.Collections.Generic.List`1[System.String] EffectIndex=-1 Target=0 SubOption=-1 TriggerKeyword=TAG_NOT_SET
D 22:11:36.8713848 PowerTaskList.DebugPrintPower() -     TAG_CHANGE Entity=GameEntity tag=NUM_TURNS_IN_PLAY value=9 
D 22:11:36.8713848 PowerTaskList.DebugPrintPower() -     TAG_CHANGE Entity=湫然#51704 tag=NUM_TURNS_IN_PLAY value=9 
D 22:11:36.8713848 PowerTaskList.DebugPrintPower() -     TAG_CHANGE Entity=加斯帕的礼物#5438 tag=NUM_TURNS_IN_PLAY value=9 
D 22:11:36.8713848 PowerTaskList.DebugPrintPower() -     TAG_CHANGE Entity=[entityName=嘲风望月露娜拉 id=90 zone=PLAY zonePos=0 cardId=HERO_06bi player=1] tag=NUM_TURNS_IN_PLAY value=9 
D 22:11:36.8713848 PowerTaskList.DebugPrintPower() -     TAG_CHANGE Entity=[entityName=变形 id=91 zone=PLAY zonePos=0 cardId=HERO_06ebp player=1] tag=NUM_TURNS_IN_PLAY value=9 
D 22:11:36.8713848 PowerTaskList.DebugPrintPower() -     TAG_CHANGE Entity=[entityName=胜地古神恩佐斯 id=92 zone=PLAY zonePos=0 cardId=HERO_07at player=2] tag=NUM_TURNS_IN_PLAY value=9 
D 22:11:36.8713848 PowerTaskList.DebugPrintPower() -     TAG_CHANGE Entity=[entityName=生命分流 id=93 zone=PLAY zonePos=0 cardId=HERO_07ebp player=2] tag=NUM_TURNS_IN_PLAY value=9 
D 22:11:36.8713848 PowerTaskList.DebugPrintPower() -     TAG_CHANGE Entity=[entityName=异教低阶牧师 id=71 zone=PLAY zonePos=2 cardId=CORE_SCH_713 player=2] tag=NUM_TURNS_IN_PLAY value=3 
D 22:11:36.8713848 PowerTaskList.DebugPrintPower() -     TAG_CHANGE Entity=[entityName=馆长 id=80 zone=PLAY zonePos=1 cardId=CORE_KAR_061 player=2] tag=NUM_TURNS_IN_PLAY value=1 
D 22:11:36.8713848 PowerTaskList.DebugPrintPower() -     TAG_CHANGE Entity=[entityName=征战时光之末 id=49 zone=SECRET zonePos=0 cardId=END_017 player=2] tag=NUM_TURNS_IN_PLAY value=7 
D 22:11:36.8713848 PowerTaskList.DebugPrintPower() -     TAG_CHANGE Entity=湫然#51704 tag=RESOURCES value=5 
D 22:11:36.8713848 PowerTaskList.DebugPrintPower() -     TAG_CHANGE Entity=湫然#51704 tag=RESOURCES_USED value=0 
D 22:11:36.8713848 PowerTaskList.DebugPrintPower() -     TAG_CHANGE Entity=[entityName=异教低阶牧师 id=71 zone=PLAY zonePos=2 cardId=CORE_SCH_713 player=2] tag=NUM_ATTACKS_THIS_TURN value=0 
D 22:11:36.8713848 PowerTaskList.DebugPrintPower() -     TAG_CHANGE Entity=湫然#51704 tag=NUM_OPTIONS_PLAYED_THIS_TURN value=0 
D 22:11:36.8713848 PowerTaskList.DebugPrintPower() -     TAG_CHANGE Entity=[entityName=嘲风望月露娜拉 id=90 zone=PLAY zonePos=0 cardId=HERO_06bi player=1] tag=EXHAUSTED value=0 
D 22:11:36.8713848 PowerTaskList.DebugPrintPower() -     TAG_CHANGE Entity=[entityName=变形 id=91 zone=PLAY zonePos=0 cardId=HERO_06ebp player=1] tag=EXHAUSTED value=0 
D 22:11:36.8713848 PowerTaskList.DebugPrintPower() -     TAG_CHANGE Entity=加斯帕的礼物#5438 tag=NUM_CARDS_DRAWN_THIS_TURN value=0 
D 22:11:36.8713848 PowerTaskList.DebugPrintPower() -     TAG_CHANGE Entity=GameEntity tag=NEXT_STEP value=MAIN_START_TRIGGERS 
D 22:11:36.8713848 PowerTaskList.DebugPrintPower() -     TAG_CHANGE Entity=湫然#51704 tag=464 value=0 
D 22:11:36.8713848 PowerTaskList.DebugPrintPower() -     TAG_CHANGE Entity=湫然#51704 tag=4453 value=0 
D 22:11:36.8713848 PowerTaskList.DebugPrintPower() -     TAG_CHANGE Entity=湫然#51704 tag=1575 value=0 
D 22:11:36.8713848 PowerTaskList.DebugPrintPower() -     TAG_CHANGE Entity=湫然#51704 tag=3143 value=0 
D 22:11:36.8713848 PowerTaskList.DebugPrintPower() -     TAG_CHANGE Entity=加斯帕的礼物#5438 tag=DAMAGE_DEALT_TO_HERO_LAST_TURN value=0 
D 22:11:36.8713848 PowerTaskList.DebugPrintPower() -     TAG_CHANGE Entity=[entityName=嘲风望月露娜拉 id=90 zone=PLAY zonePos=0 cardId=HERO_06bi player=1] tag=NUM_ATTACKS_THIS_TURN value=0 
D 22:11:36.8713848 PowerTaskList.DebugPrintPower() -     TAG_CHANGE Entity=加斯帕的礼物#5438 tag=NUM_FRIENDLY_MINIONS_THAT_ATTACKED_THIS_TURN value=0 
D 22:11:36.8713848 PowerTaskList.DebugPrintPower() -     TAG_CHANGE Entity=湫然#51704 tag=HEROPOWER_ACTIVATIONS_THIS_TURN value=0 
D 22:11:36.8713848 PowerTaskList.DebugPrintPower() -     TAG_CHANGE Entity=[entityName=变形 id=91 zone=PLAY zonePos=0 cardId=HERO_06ebp player=1] tag=HEROPOWER_ACTIVATIONS_THIS_TURN value=0 
D 22:11:36.8713848 PowerTaskList.DebugPrintPower() -     TAG_CHANGE Entity=湫然#51704 tag=1739 value=0 
D 22:11:36.8713848 PowerTaskList.DebugPrintPower() - BLOCK_END
D 22:11:36.8713848 PowerProcessor.PrepareHistoryForCurrentTaskList() - m_currentTaskList=214
D 22:11:36.8713848 PowerProcessor.EndCurrentTaskList() - m_currentTaskList=214
D 22:11:36.8713848 PowerTaskList.DebugDump() - ID=215 ParentID=0 PreviousID=0 TaskCount=1
D 22:11:36.8713848 PowerTaskList.DebugDump() - Block Start=(null)
D 22:11:36.8713848 PowerTaskList.DebugPrintPower() -     TAG_CHANGE Entity=GameEntity tag=STEP value=MAIN_START_TRIGGERS 
D 22:11:36.8713848 PowerTaskList.DebugDump() - Block End=(null)
D 22:11:36.8713848 PowerProcessor.PrepareHistoryForCurrentTaskList() - m_currentTaskList=215
D 22:11:36.8713848 PowerProcessor.EndCurrentTaskList() - m_currentTaskList=215
D 22:11:36.8713848 PowerTaskList.DebugDump() - ID=216 ParentID=0 PreviousID=0 TaskCount=1
D 22:11:36.8713848 PowerTaskList.DebugPrintPower() - BLOCK_START BlockType=TRIGGER Entity=湫然#51704 EffectCardId=System.Collections.Generic.List`1[System.String] EffectIndex=-1 Target=0 SubOption=-1 TriggerKeyword=TAG_NOT_SET
D 22:11:36.8713848 PowerTaskList.DebugPrintPower() -     TAG_CHANGE Entity=GameEntity tag=NEXT_STEP value=MAIN_START 
D 22:11:36.8713848 PowerTaskList.DebugPrintPower() - BLOCK_END
D 22:11:36.8713848 PowerProcessor.PrepareHistoryForCurrentTaskList() - m_currentTaskList=216
D 22:11:36.8713848 PowerProcessor.EndCurrentTaskList() - m_currentTaskList=216
D 22:11:36.8713848 PowerTaskList.DebugDump() - ID=217 ParentID=0 PreviousID=0 TaskCount=1
D 22:11:36.8713848 PowerTaskList.DebugDump() - Block Start=(null)
D 22:11:36.8713848 PowerTaskList.DebugPrintPower() -     TAG_CHANGE Entity=GameEntity tag=STEP value=MAIN_START 
D 22:11:36.8713848 PowerTaskList.DebugDump() - Block End=(null)
D 22:11:36.8713848 PowerProcessor.PrepareHistoryForCurrentTaskList() - m_currentTaskList=217
D 22:11:36.8713848 PowerProcessor.EndCurrentTaskList() - m_currentTaskList=217
D 22:11:36.8713848 PowerTaskList.DebugDump() - ID=218 ParentID=0 PreviousID=0 TaskCount=13
D 22:11:36.8713848 PowerTaskList.DebugPrintPower() - BLOCK_START BlockType=TRIGGER Entity=湫然#51704 EffectCardId=System.Collections.Generic.List`1[System.String] EffectIndex=-1 Target=0 SubOption=-1 TriggerKeyword=TAG_NOT_SET
D 22:11:36.8713848 PowerTaskList.DebugPrintPower() -     TAG_CHANGE Entity=湫然#51704 tag=2166 value=21 
D 22:11:36.8713848 PowerTaskList.DebugPrintPower() -     TAG_CHANGE Entity=湫然#51704 tag=467 value=1 
D 22:11:36.8713848 PowerTaskList.DebugPrintPower() -     SHOW_ENTITY - Updating Entity=[entityName=UNKNOWN ENTITY [cardType=INVALID] id=21 zone=DECK zonePos=0 cardId= player=1] CardID=BOT_054
D 22:11:36.8713848 PowerTaskList.DebugPrintPower() -         tag=CONTROLLER value=1
D 22:11:36.8713848 PowerTaskList.DebugPrintPower() -         tag=CARDTYPE value=SPELL
D 22:11:36.8713848 PowerTaskList.DebugPrintPower() -         tag=TAG_LAST_KNOWN_COST_IN_HAND value=1
D 22:11:36.8713848 PowerTaskList.DebugPrintPower() -         tag=COST value=1
D 22:11:36.8713848 PowerTaskList.DebugPrintPower() -         tag=ZONE value=HAND
D 22:11:36.8713848 PowerTaskList.DebugPrintPower() -         tag=ENTITY_ID value=21
D 22:11:36.8713848 PowerTaskList.DebugPrintPower() -         tag=CLASS value=DRUID
D 22:11:36.8713848 PowerTaskList.DebugPrintPower() -         tag=RARITY value=COMMON
D 22:11:36.8713848 PowerTaskList.DebugPrintPower() -         tag=478 value=1
D 22:11:36.8713848 PowerTaskList.DebugPrintPower() -         tag=1037 value=1
D 22:11:36.8713848 PowerTaskList.DebugPrintPower() -         tag=1043 value=1
D 22:11:36.8713848 PowerTaskList.DebugPrintPower() -         tag=1068 value=0
D 22:11:36.8713848 PowerTaskList.DebugPrintPower() -         tag=SPAWN_TIME_COUNT value=1
D 22:11:36.8713848 PowerTaskList.DebugPrintPower() -         tag=SPELL_SCHOOL value=4
D 22:11:36.8713848 PowerTaskList.DebugPrintPower() -     TAG_CHANGE Entity=[entityName=UNKNOWN ENTITY [cardType=INVALID] id=21 zone=DECK zonePos=0 cardId= player=1] tag=NUM_TURNS_IN_HAND value=1 
D 22:11:36.8713848 PowerTaskList.DebugPrintPower() -     TAG_CHANGE Entity=[entityName=UNKNOWN ENTITY [cardType=INVALID] id=21 zone=DECK zonePos=0 cardId= player=1] tag=ZONE_POSITION value=8 
D 22:11:36.8713848 PowerTaskList.DebugPrintPower() -     TAG_CHANGE Entity=[entityName=UNKNOWN ENTITY [cardType=INVALID] id=21 zone=DECK zonePos=0 cardId= player=1] tag=ZONE_POSITION value=0 
D 22:11:36.8713848 PowerTaskList.DebugPrintPower() -     TAG_CHANGE Entity=[entityName=UNKNOWN ENTITY [cardType=INVALID] id=21 zone=DECK zonePos=0 cardId= player=1] tag=ZONE_POSITION value=8 
D 22:11:36.8713848 PowerTaskList.DebugPrintPower() -     TAG_CHANGE Entity=湫然#51704 tag=3242 value=1 
D 22:11:36.8713848 PowerTaskList.DebugPrintPower() -     TAG_CHANGE Entity=湫然#51704 tag=NUM_CARDS_DRAWN_THIS_TURN value=1 
D 22:11:36.8713848 PowerTaskList.DebugPrintPower() -     TAG_CHANGE Entity=湫然#51704 tag=995 value=7 
D 22:11:36.8713848 PowerTaskList.DebugPrintPower() -     TAG_CHANGE Entity=[entityName=UNKNOWN ENTITY [cardType=INVALID] id=21 zone=DECK zonePos=0 cardId= player=1] tag=1570 value=9 
D 22:11:36.8713848 PowerTaskList.DebugPrintPower() -     TAG_CHANGE Entity=湫然#51704 tag=467 value=0 
D 22:11:36.8713848 PowerTaskList.DebugPrintPower() -     TAG_CHANGE Entity=GameEntity tag=NEXT_STEP value=MAIN_ACTION 
D 22:11:36.8713848 PowerTaskList.DebugPrintPower() - BLOCK_END
D 22:11:36.8713848 PowerProcessor.PrepareHistoryForCurrentTaskList() - m_currentTaskList=218
D 22:11:37.0088424 PowerProcessor.EndCurrentTaskList() - m_currentTaskList=218
D 22:11:37.0168737 PowerTaskList.DebugDump() - ID=219 ParentID=0 PreviousID=0 TaskCount=1
D 22:11:37.0168737 PowerTaskList.DebugDump() - Block Start=(null)
D 22:11:37.0168737 PowerTaskList.DebugPrintPower() -     TAG_CHANGE Entity=GameEntity tag=STEP value=MAIN_ACTION 
D 22:11:37.0168737 PowerTaskList.DebugDump() - Block End=(null)
D 22:11:37.0168737 PowerProcessor.PrepareHistoryForCurrentTaskList() - m_currentTaskList=219
D 22:11:37.0168737 PowerProcessor.EndCurrentTaskList() - m_currentTaskList=219
D 22:11:37.0168737 PowerTaskList.DebugDump() - ID=220 ParentID=0 PreviousID=0 TaskCount=1
D 22:11:37.0168737 PowerTaskList.DebugPrintPower() - BLOCK_START BlockType=TRIGGER Entity=湫然#51704 EffectCardId=System.Collections.Generic.List`1[System.String] EffectIndex=-1 Target=0 SubOption=-1 TriggerKeyword=TAG_NOT_SET
D 22:11:37.0168737 PowerTaskList.DebugPrintPower() -     TAG_CHANGE Entity=GameEntity tag=NEXT_STEP value=MAIN_END 
D 22:11:37.0168737 PowerTaskList.DebugPrintPower() - BLOCK_END
D 22:11:37.0168737 PowerProcessor.PrepareHistoryForCurrentTaskList() - m_currentTaskList=220
D 22:11:37.0168737 PowerProcessor.EndCurrentTaskList() - m_currentTaskList=220
D 22:11:39.7044220 GameState.SendOption() - selectedOption=5 selectedSubOption=-1 selectedTarget=0 selectedPosition=1
D 22:11:40.0146279 GameState.DebugPrintPowerList() - Count=40
D 22:11:40.0146279 GameState.DebugPrintPower() - BLOCK_START BlockType=PLAY Entity=[entityName=黑市拍卖师 id=43 zone=HAND zonePos=5 cardId=JAIL_718 player=1] EffectCardId=System.Collections.Generic.List`1[System.String] EffectIndex=0 Target=0 SubOption=-1 
D 22:11:40.0146279 GameState.DebugPrintPower() -     TAG_CHANGE Entity=湫然#51704 tag=2245 value=13 
D 22:11:40.0146279 GameState.DebugPrintPower() -     TAG_CHANGE Entity=湫然#51704 tag=RESOURCES_USED value=5 
D 22:11:40.0146279 GameState.DebugPrintPower() -     TAG_CHANGE Entity=湫然#51704 tag=NUM_RESOURCES_SPENT_THIS_GAME value=13 
D 22:11:40.0146279 GameState.DebugPrintPower() -     TAG_CHANGE Entity=湫然#51704 tag=NUM_CARDS_PLAYED_THIS_TURN value=1 
D 22:11:40.0146279 GameState.DebugPrintPower() -     TAG_CHANGE Entity=湫然#51704 tag=NUM_MINIONS_PLAYED_THIS_TURN value=1 
D 22:11:40.0146279 GameState.DebugPrintPower() -     TAG_CHANGE Entity=[entityName=黑市拍卖师 id=43 zone=HAND zonePos=5 cardId=JAIL_718 player=1] tag=JUST_PLAYED value=1 
D 22:11:40.0146279 GameState.DebugPrintPower() -     TAG_CHANGE Entity=[entityName=黑市拍卖师 id=43 zone=HAND zonePos=5 cardId=JAIL_718 player=1] tag=1068 value=1 
D 22:11:40.0146279 GameState.DebugPrintPower() -     TAG_CHANGE Entity=[entityName=黑市拍卖师 id=43 zone=HAND zonePos=5 cardId=JAIL_718 player=1] tag=1068 value=0 
D 22:11:40.0146279 GameState.DebugPrintPower() -     TAG_CHANGE Entity=[entityName=生物计划 id=21 zone=HAND zonePos=8 cardId=BOT_054 player=1] tag=ZONE_POSITION value=7 
D 22:11:40.0146279 GameState.DebugPrintPower() -     TAG_CHANGE Entity=[entityName=米斯塔·维斯塔 id=15 zone=HAND zonePos=7 cardId=VAC_519 player=1] tag=ZONE_POSITION value=6 
D 22:11:40.0146279 GameState.DebugPrintPower() -     TAG_CHANGE Entity=[entityName=光子炮台 id=35 zone=HAND zonePos=6 cardId=SC_753 player=1] tag=ZONE_POSITION value=5 
D 22:11:40.0146279 GameState.DebugPrintPower() -     TAG_CHANGE Entity=[entityName=黑市拍卖师 id=43 zone=HAND zonePos=5 cardId=JAIL_718 player=1] tag=1037 value=0 
D 22:11:40.0146279 GameState.DebugPrintPower() -     TAG_CHANGE Entity=[entityName=黑市拍卖师 id=43 zone=HAND zonePos=5 cardId=JAIL_718 player=1] tag=ZONE_POSITION value=0 
D 22:11:40.0146279 GameState.DebugPrintPower() -     TAG_CHANGE Entity=[entityName=黑市拍卖师 id=43 zone=HAND zonePos=5 cardId=JAIL_718 player=1] tag=SPAWN_TIME_COUNT value=0 
D 22:11:40.0146279 GameState.DebugPrintPower() -     TAG_CHANGE Entity=[entityName=黑市拍卖师 id=43 zone=HAND zonePos=5 cardId=JAIL_718 player=1] tag=SPAWN_TIME_COUNT value=1 
D 22:11:40.0146279 GameState.DebugPrintPower() -     TAG_CHANGE Entity=[entityName=黑市拍卖师 id=43 zone=HAND zonePos=5 cardId=JAIL_718 player=1] tag=ZONE value=PLAY 
D 22:11:40.0146279 GameState.DebugPrintPower() -     TAG_CHANGE Entity=[entityName=黑市拍卖师 id=43 zone=HAND zonePos=5 cardId=JAIL_718 player=1] tag=ZONE_POSITION value=1 
D 22:11:40.0146279 GameState.DebugPrintPower() -     TAG_CHANGE Entity=[entityName=黑市拍卖师 id=43 zone=HAND zonePos=5 cardId=JAIL_718 player=1] tag=1196 value=1 
D 22:11:40.0146279 GameState.DebugPrintPower() -     TAG_CHANGE Entity=[entityName=黑市拍卖师 id=43 zone=HAND zonePos=5 cardId=JAIL_718 player=1] tag=EXHAUSTED value=1 
D 22:11:40.0146279 GameState.DebugPrintPower() -     BLOCK_START BlockType=TRIGGER Entity=[entityName=预备完毕 id=120 zone=PLAY zonePos=0 cardId=JAIL_907e player=1] EffectCardId=System.Collections.Generic.List`1[System.String] EffectIndex=-1 Target=0 SubOption=-1 TriggerKeyword=TAG_NOT_SET
D 22:11:40.0146279 GameState.DebugPrintPower() -         TAG_CHANGE Entity=[entityName=预备完毕 id=120 zone=PLAY zonePos=0 cardId=JAIL_907e player=1] tag=2747 value=120 
D 22:11:40.0146279 GameState.DebugPrintPower() -         TAG_CHANGE Entity=[entityName=预备完毕 id=120 zone=PLAY zonePos=0 cardId=JAIL_907e player=1] tag=4741 value=1 
D 22:11:40.0146279 GameState.DebugPrintPower() -         TAG_CHANGE Entity=[entityName=预备完毕 id=120 zone=PLAY zonePos=0 cardId=JAIL_907e player=1] tag=LAST_AFFECTED_BY value=120 
D 22:11:40.0146279 GameState.DebugPrintPower() -         TAG_CHANGE Entity=[entityName=预备完毕 id=120 zone=PLAY zonePos=0 cardId=JAIL_907e player=1] tag=1068 value=4 
D 22:11:40.0146279 GameState.DebugPrintPower() -         TAG_CHANGE Entity=[entityName=预备完毕 id=120 zone=PLAY zonePos=0 cardId=JAIL_907e player=1] tag=1068 value=0 
D 22:11:40.0146279 GameState.DebugPrintPower() -         TAG_CHANGE Entity=[entityName=预备完毕 id=120 zone=PLAY zonePos=0 cardId=JAIL_907e player=1] tag=ZONE value=GRAVEYARD 
D 22:11:40.0146279 GameState.DebugPrintPower() -         TAG_CHANGE Entity=[entityName=预备完毕 id=120 zone=PLAY zonePos=0 cardId=JAIL_907e player=1] tag=1234 value=43 
D 22:11:40.0146279 GameState.DebugPrintPower() -         HIDE_ENTITY - Entity=[entityName=预备完毕 id=120 zone=PLAY zonePos=0 cardId=JAIL_907e player=1] tag=ZONE value=GRAVEYARD
D 22:11:40.0146279 GameState.DebugPrintPower() -         TAG_CHANGE Entity=[entityName=黑市拍卖师 id=43 zone=HAND zonePos=5 cardId=JAIL_718 player=1] tag=COST value=9 
D 22:11:40.0146279 GameState.DebugPrintPower() -         TAG_CHANGE Entity=[entityName=黑市拍卖师 id=43 zone=HAND zonePos=5 cardId=JAIL_718 player=1] tag=PREPARED value=0 
D 22:11:40.0146279 GameState.DebugPrintPower() -     BLOCK_END
D 22:11:40.0146279 GameState.DebugPrintPower() -     META_DATA - Meta=SLUSH_TIME Data=3000 InfoCount=1
D 22:11:40.0146279 GameState.DebugPrintPower() -                 Info[0] = [entityName=黑市拍卖师 id=43 zone=HAND zonePos=5 cardId=JAIL_718 player=1]
D 22:11:40.0146279 GameState.DebugPrintPower() -     BLOCK_START BlockType=POWER Entity=[entityName=黑市拍卖师 id=43 zone=HAND zonePos=5 cardId=JAIL_718 player=1] EffectCardId=System.Collections.Generic.List`1[System.String] EffectIndex=0 Target=0 SubOption=-1 
D 22:11:40.0146279 GameState.DebugPrintPower() -     BLOCK_END
D 22:11:40.0146279 GameState.DebugPrintPower() -     TAG_CHANGE Entity=湫然#51704 tag=COMBO_ACTIVE value=1 
D 22:11:40.0146279 GameState.DebugPrintPower() -     TAG_CHANGE Entity=GameEntity tag=1323 value=13 
D 22:11:40.0146279 GameState.DebugPrintPower() -     TAG_CHANGE Entity=湫然#51704 tag=NUM_OPTIONS_PLAYED_THIS_TURN value=1 
D 22:11:40.0146279 GameState.DebugPrintPower() - BLOCK_END
D 22:11:40.0146279 GameState.DebugPrintPower() - META_DATA - Meta=SLUSH_TIME Data=1000 InfoCount=1
D 22:11:40.0146279 GameState.DebugPrintPower() -             Info[0] = [entityName=黑市拍卖师 id=43 zone=HAND zonePos=5 cardId=JAIL_718 player=1]
D 22:11:40.0146279 PowerTaskList.DebugDump() - ID=221 ParentID=0 PreviousID=0 TaskCount=20
D 22:11:40.0146279 PowerTaskList.DebugPrintPower() - BLOCK_START BlockType=PLAY Entity=[entityName=黑市拍卖师 id=43 zone=HAND zonePos=5 cardId=JAIL_718 player=1] EffectCardId=System.Collections.Generic.List`1[System.String] EffectIndex=0 Target=0 SubOption=-1 
D 22:11:40.0146279 PowerTaskList.DebugPrintPower() -     TAG_CHANGE Entity=湫然#51704 tag=2245 value=13 
D 22:11:40.0146279 PowerTaskList.DebugPrintPower() -     TAG_CHANGE Entity=湫然#51704 tag=RESOURCES_USED value=5 
D 22:11:40.0146279 PowerTaskList.DebugPrintPower() -     TAG_CHANGE Entity=湫然#51704 tag=NUM_RESOURCES_SPENT_THIS_GAME value=13 
D 22:11:40.0146279 PowerTaskList.DebugPrintPower() -     TAG_CHANGE Entity=湫然#51704 tag=NUM_CARDS_PLAYED_THIS_TURN value=1 
D 22:11:40.0146279 PowerTaskList.DebugPrintPower() -     TAG_CHANGE Entity=湫然#51704 tag=NUM_MINIONS_PLAYED_THIS_TURN value=1 
D 22:11:40.0146279 PowerTaskList.DebugPrintPower() -     TAG_CHANGE Entity=[entityName=黑市拍卖师 id=43 zone=HAND zonePos=5 cardId=JAIL_718 player=1] tag=JUST_PLAYED value=1 
D 22:11:40.0146279 PowerTaskList.DebugPrintPower() -     TAG_CHANGE Entity=[entityName=黑市拍卖师 id=43 zone=HAND zonePos=5 cardId=JAIL_718 player=1] tag=1068 value=1 
D 22:11:40.0146279 PowerTaskList.DebugPrintPower() -     TAG_CHANGE Entity=[entityName=黑市拍卖师 id=43 zone=HAND zonePos=5 cardId=JAIL_718 player=1] tag=1068 value=0 
D 22:11:40.0146279 PowerTaskList.DebugPrintPower() -     TAG_CHANGE Entity=[entityName=生物计划 id=21 zone=HAND zonePos=8 cardId=BOT_054 player=1] tag=ZONE_POSITION value=7 
D 22:11:40.0146279 PowerTaskList.DebugPrintPower() -     TAG_CHANGE Entity=[entityName=米斯塔·维斯塔 id=15 zone=HAND zonePos=7 cardId=VAC_519 player=1] tag=ZONE_POSITION value=6 
D 22:11:40.0146279 PowerTaskList.DebugPrintPower() -     TAG_CHANGE Entity=[entityName=光子炮台 id=35 zone=HAND zonePos=6 cardId=SC_753 player=1] tag=ZONE_POSITION value=5 
D 22:11:40.0146279 PowerTaskList.DebugPrintPower() -     TAG_CHANGE Entity=[entityName=黑市拍卖师 id=43 zone=HAND zonePos=5 cardId=JAIL_718 player=1] tag=1037 value=0 
D 22:11:40.0146279 PowerTaskList.DebugPrintPower() -     TAG_CHANGE Entity=[entityName=黑市拍卖师 id=43 zone=HAND zonePos=5 cardId=JAIL_718 player=1] tag=ZONE_POSITION value=0 
D 22:11:40.0146279 PowerTaskList.DebugPrintPower() -     TAG_CHANGE Entity=[entityName=黑市拍卖师 id=43 zone=HAND zonePos=5 cardId=JAIL_718 player=1] tag=SPAWN_TIME_COUNT value=0 
D 22:11:40.0146279 PowerTaskList.DebugPrintPower() -     TAG_CHANGE Entity=[entityName=黑市拍卖师 id=43 zone=HAND zonePos=5 cardId=JAIL_718 player=1] tag=SPAWN_TIME_COUNT value=1 
D 22:11:40.0146279 PowerTaskList.DebugPrintPower() -     TAG_CHANGE Entity=[entityName=黑市拍卖师 id=43 zone=HAND zonePos=5 cardId=JAIL_718 player=1] tag=ZONE value=PLAY 
D 22:11:40.0146279 PowerTaskList.DebugPrintPower() -     TAG_CHANGE Entity=[entityName=黑市拍卖师 id=43 zone=HAND zonePos=5 cardId=JAIL_718 player=1] tag=ZONE_POSITION value=1 
D 22:11:40.0146279 PowerTaskList.DebugPrintPower() -     TAG_CHANGE Entity=[entityName=黑市拍卖师 id=43 zone=HAND zonePos=5 cardId=JAIL_718 player=1] tag=1196 value=1 
D 22:11:40.0146279 PowerTaskList.DebugPrintPower() -     TAG_CHANGE Entity=[entityName=黑市拍卖师 id=43 zone=HAND zonePos=5 cardId=JAIL_718 player=1] tag=EXHAUSTED value=1 
D 22:11:40.0146279 PowerTaskList.DebugPrintPower() -     META_DATA - Meta=SLUSH_TIME Data=3000 InfoCount=1
D 22:11:40.0146279 PowerTaskList.DebugPrintPower() -                 Info[0] = [entityName=黑市拍卖师 id=43 zone=HAND zonePos=5 cardId=JAIL_718 player=1]
D 22:11:40.0146279 PowerTaskList.DebugDump() - Block End=(null)
D 22:11:40.0146279 PowerProcessor.PrepareHistoryForCurrentTaskList() - m_currentTaskList=221
D 22:11:40.0146279 PowerProcessor.DoTaskListForCard() - unhandled BlockType PLAY for sourceEntity [entityName=黑市拍卖师 id=43 zone=HAND zonePos=5 cardId=JAIL_718 player=1]
D 22:11:40.0216413 GameState.DebugPrintOptions() - id=22
D 22:11:40.0216413 GameState.DebugPrintOptions() -   option 0 type=END_TURN mainEntity= error=INVALID errorParam=
D 22:11:40.0216413 GameState.DebugPrintOptions() -   option 1 type=POWER mainEntity=[entityName=水栖形态 id=10 zone=HAND zonePos=1 cardId=TSC_654 player=1] error=NONE errorParam=
D 22:11:40.0216413 GameState.DebugPrintOptions() -   option 2 type=POWER mainEntity=[entityName=激活 id=26 zone=HAND zonePos=2 cardId=EX1_169 player=1] error=NONE errorParam=
D 22:11:40.0216413 GameState.DebugPrintOptions() -   option 3 type=POWER mainEntity=[entityName=激活 id=4 zone=HAND zonePos=4 cardId=EX1_169 player=1] error=NONE errorParam=
D 22:11:40.0216413 GameState.DebugPrintOptions() -   option 4 type=POWER mainEntity=[entityName=虚灵改装师 id=11 zone=HAND zonePos=3 cardId=BT_724 player=1] error=REQ_ENOUGH_MANA errorParam=
D 22:11:40.0216413 GameState.DebugPrintOptions() -   option 5 type=POWER mainEntity=[entityName=光子炮台 id=35 zone=HAND zonePos=5 cardId=SC_753 player=1] error=REQ_ENOUGH_MANA errorParam=
D 22:11:40.0216413 GameState.DebugPrintOptions() -   option 6 type=POWER mainEntity=[entityName=米斯塔·维斯塔 id=15 zone=HAND zonePos=6 cardId=VAC_519 player=1] error=REQ_ENOUGH_MANA errorParam=
D 22:11:40.0216413 GameState.DebugPrintOptions() -   option 7 type=POWER mainEntity=[entityName=生物计划 id=21 zone=HAND zonePos=7 cardId=BOT_054 player=1] error=REQ_ENOUGH_MANA errorParam=
D 22:11:40.0216413 GameState.DebugPrintOptions() -   option 8 type=POWER mainEntity=[entityName=嘲风望月露娜拉 id=90 zone=PLAY zonePos=0 cardId=HERO_06bi player=1] error=REQ_ATTACK_GREATER_THAN_0 errorParam=
D 22:11:40.0216413 GameState.DebugPrintOptions() -   option 9 type=POWER mainEntity=[entityName=变形 id=91 zone=PLAY zonePos=0 cardId=HERO_06ebp player=1] error=REQ_ENOUGH_MANA errorParam=
D 22:11:40.0216413 GameState.DebugPrintOptions() -   option 10 type=POWER mainEntity=[entityName=胜地古神恩佐斯 id=92 zone=PLAY zonePos=0 cardId=HERO_07at player=2] error=REQ_YOUR_TURN errorParam=
D 22:11:40.0216413 GameState.DebugPrintOptions() -   option 11 type=POWER mainEntity=[entityName=生命分流 id=93 zone=PLAY zonePos=0 cardId=HERO_07ebp player=2] error=REQ_YOUR_TURN errorParam=
D 22:11:40.0216413 GameState.DebugPrintOptions() -   option 12 type=POWER mainEntity=[entityName=异教低阶牧师 id=71 zone=PLAY zonePos=2 cardId=CORE_SCH_713 player=2] error=REQ_YOUR_TURN errorParam=
D 22:11:40.0216413 GameState.DebugPrintOptions() -   option 13 type=POWER mainEntity=[entityName=馆长 id=80 zone=PLAY zonePos=1 cardId=CORE_KAR_061 player=2] error=REQ_YOUR_TURN errorParam=
D 22:11:40.0216413 GameState.DebugPrintOptions() -   option 14 type=POWER mainEntity=[entityName=黑市拍卖师 id=43 zone=PLAY zonePos=1 cardId=JAIL_718 player=1] error=REQ_NOT_MINION_JUST_PLAYED errorParam=
D 22:11:40.0216413 PowerProcessor.EndCurrentTaskList() - m_currentTaskList=221
D 22:11:40.0316670 PowerTaskList.DebugDump() - ID=223 ParentID=221 PreviousID=0 TaskCount=0
D 22:11:40.0316670 PowerTaskList.DebugPrintPower() - BLOCK_START BlockType=POWER Entity=[entityName=黑市拍卖师 id=43 zone=PLAY zonePos=1 cardId=JAIL_718 player=1] EffectCardId=System.Collections.Generic.List`1[System.String] EffectIndex=0 Target=0 SubOption=-1 
D 22:11:40.0316670 PowerTaskList.DebugPrintPower() - BLOCK_END
D 22:11:40.0316670 PowerProcessor.PrepareHistoryForCurrentTaskList() - m_currentTaskList=223
D 22:11:40.4637913 GameState.SendOption() - selectedOption=3 selectedSubOption=-1 selectedTarget=0 selectedPosition=0
D 22:11:40.8428268 GameState.DebugPrintPowerList() - Count=44
D 22:11:40.8428268 GameState.DebugPrintPower() - TAG_CHANGE Entity=[entityName=黑市拍卖师 id=43 zone=PLAY zonePos=1 cardId=JAIL_718 player=1] tag=1196 value=0 
D 22:11:40.8428268 GameState.DebugPrintPower() - BLOCK_START BlockType=PLAY Entity=[entityName=激活 id=4 zone=HAND zonePos=4 cardId=EX1_169 player=1] EffectCardId=System.Collections.Generic.List`1[System.String] EffectIndex=0 Target=0 SubOption=-1 
D 22:11:40.8428268 GameState.DebugPrintPower() -     TAG_CHANGE Entity=湫然#51704 tag=NUM_CARDS_PLAYED_THIS_TURN value=2 
D 22:11:40.8428268 GameState.DebugPrintPower() -     TAG_CHANGE Entity=湫然#51704 tag=430 value=1 
D 22:11:40.8428268 GameState.DebugPrintPower() -     TAG_CHANGE Entity=[entityName=激活 id=4 zone=HAND zonePos=4 cardId=EX1_169 player=1] tag=JUST_PLAYED value=1 
D 22:11:40.8428268 GameState.DebugPrintPower() -     TAG_CHANGE Entity=[entityName=激活 id=4 zone=HAND zonePos=4 cardId=EX1_169 player=1] tag=3557 value=4 
D 22:11:40.8428268 GameState.DebugPrintPower() -     TAG_CHANGE Entity=[entityName=激活 id=4 zone=HAND zonePos=4 cardId=EX1_169 player=1] tag=1068 value=1 
D 22:11:40.8428268 GameState.DebugPrintPower() -     TAG_CHANGE Entity=[entityName=激活 id=4 zone=HAND zonePos=4 cardId=EX1_169 player=1] tag=1068 value=0 
D 22:11:40.8428268 GameState.DebugPrintPower() -     TAG_CHANGE Entity=[entityName=生物计划 id=21 zone=HAND zonePos=7 cardId=BOT_054 player=1] tag=ZONE_POSITION value=6 
D 22:11:40.8428268 GameState.DebugPrintPower() -     TAG_CHANGE Entity=[entityName=米斯塔·维斯塔 id=15 zone=HAND zonePos=6 cardId=VAC_519 player=1] tag=ZONE_POSITION value=5 
D 22:11:40.8428268 GameState.DebugPrintPower() -     TAG_CHANGE Entity=[entityName=光子炮台 id=35 zone=HAND zonePos=5 cardId=SC_753 player=1] tag=ZONE_POSITION value=4 
D 22:11:40.8428268 GameState.DebugPrintPower() -     TAG_CHANGE Entity=[entityName=激活 id=4 zone=HAND zonePos=4 cardId=EX1_169 player=1] tag=1037 value=0 
D 22:11:40.8428268 GameState.DebugPrintPower() -     TAG_CHANGE Entity=[entityName=激活 id=4 zone=HAND zonePos=4 cardId=EX1_169 player=1] tag=ZONE_POSITION value=0 
D 22:11:40.8428268 GameState.DebugPrintPower() -     TAG_CHANGE Entity=[entityName=激活 id=4 zone=HAND zonePos=4 cardId=EX1_169 player=1] tag=SPAWN_TIME_COUNT value=0 
D 22:11:40.8428268 GameState.DebugPrintPower() -     TAG_CHANGE Entity=[entityName=激活 id=4 zone=HAND zonePos=4 cardId=EX1_169 player=1] tag=SPAWN_TIME_COUNT value=1 
D 22:11:40.8428268 GameState.DebugPrintPower() -     TAG_CHANGE Entity=[entityName=激活 id=4 zone=HAND zonePos=4 cardId=EX1_169 player=1] tag=ZONE value=PLAY 
D 22:11:40.8428268 GameState.DebugPrintPower() -     META_DATA - Meta=SLUSH_TIME Data=3000 InfoCount=1
D 22:11:40.8428268 GameState.DebugPrintPower() -                 Info[0] = [entityName=激活 id=4 zone=HAND zonePos=4 cardId=EX1_169 player=1]
D 22:11:40.8428268 GameState.DebugPrintPower() -     BLOCK_START BlockType=TRIGGER Entity=[entityName=黑市拍卖师 id=43 zone=PLAY zonePos=1 cardId=JAIL_718 player=1] EffectCardId=System.Collections.Generic.List`1[System.String] EffectIndex=0 Target=0 SubOption=-1 TriggerKeyword=TRIGGER_VISUAL
D 22:11:40.8428268 GameState.DebugPrintPower() -         SUB_SPELL_START - SpellPrefabGUID=EX1FX_Unique_UnTargeted_CoinBurst_FX:5f82666873b52784c9508a8875dd4789 Source=43 TargetCount=1
D 22:11:40.8428268 GameState.DebugPrintPower() -                           Source = [entityName=黑市拍卖师 id=43 zone=PLAY zonePos=1 cardId=JAIL_718 player=1]
D 22:11:40.8428268 GameState.DebugPrintPower() -                           Targets[0] = [entityName=黑市拍卖师 id=43 zone=PLAY zonePos=1 cardId=JAIL_718 player=1]
D 22:11:40.8428268 GameState.DebugPrintPower() -             TAG_CHANGE Entity=湫然#51704 tag=2166 value=37 
D 22:11:40.8428268 GameState.DebugPrintPower() -             TAG_CHANGE Entity=湫然#51704 tag=467 value=1 
D 22:11:40.8428268 GameState.DebugPrintPower() -             SHOW_ENTITY - Updating Entity=[entityName=UNKNOWN ENTITY [cardType=INVALID] id=37 zone=DECK zonePos=0 cardId= player=1] CardID=BT_724
D 22:11:40.8428268 GameState.DebugPrintPower() -                 tag=CONTROLLER value=1
D 22:11:40.8428268 GameState.DebugPrintPower() -                 tag=CARDTYPE value=MINION
D 22:11:40.8428268 GameState.DebugPrintPower() -                 tag=TAG_LAST_KNOWN_COST_IN_HAND value=1
D 22:11:40.8428268 GameState.DebugPrintPower() -                 tag=479 value=2
D 22:11:40.8428268 GameState.DebugPrintPower() -                 tag=COST value=1
D 22:11:40.8428268 GameState.DebugPrintPower() -                 tag=ATK value=2
D 22:11:40.8428268 GameState.DebugPrintPower() -                 tag=HEALTH value=1
D 22:11:40.8428268 GameState.DebugPrintPower() -                 tag=ZONE value=HAND
D 22:11:40.8428268 GameState.DebugPrintPower() -                 tag=ENTITY_ID value=37
D 22:11:40.8428268 GameState.DebugPrintPower() -                 tag=CLASS value=NEUTRAL
D 22:11:40.8428268 GameState.DebugPrintPower() -                 tag=RARITY value=COMMON
D 22:11:40.8428268 GameState.DebugPrintPower() -                 tag=BATTLECRY value=1
D 22:11:40.8428268 GameState.DebugPrintPower() -                 tag=478 value=1
D 22:11:40.8428268 GameState.DebugPrintPower() -                 tag=1037 value=1
D 22:11:40.8428268 GameState.DebugPrintPower() -                 tag=1043 value=1
D 22:11:40.8428268 GameState.DebugPrintPower() -                 tag=1068 value=0
D 22:11:40.8428268 GameState.DebugPrintPower() -                 tag=SPAWN_TIME_COUNT value=1
D 22:11:40.8428268 GameState.DebugPrintPower() -                 tag=HAS_ACTIVATE_POWER value=1
D 22:11:40.8428268 GameState.DebugPrintPower() -                 tag=3085 value=1
D 22:11:40.8428268 GameState.DebugPrintPower() -                 tag=4472 value=2
D 22:11:40.8428268 GameState.DebugPrintPower() -             TAG_CHANGE Entity=[entityName=UNKNOWN ENTITY [cardType=INVALID] id=37 zone=DECK zonePos=0 cardId= player=1] tag=NUM_TURNS_IN_HAND value=1 
D 22:11:40.8428268 GameState.DebugPrintPower() -             TAG_CHANGE Entity=[entityName=UNKNOWN ENTITY [cardType=INVALID] id=37 zone=DECK zonePos=0 cardId= player=1] tag=ZONE_POSITION value=7 
D 22:11:40.8428268 GameState.DebugPrintPower() -             TAG_CHANGE Entity=[entityName=UNKNOWN ENTITY [cardType=INVALID] id=37 zone=DECK zonePos=0 cardId= player=1] tag=ZONE_POSITION value=0 
D 22:11:40.8428268 GameState.DebugPrintPower() -             TAG_CHANGE Entity=[entityName=UNKNOWN ENTITY [cardType=INVALID] id=37 zone=DECK zonePos=0 cardId= player=1] tag=ZONE_POSITION value=7 
D 22:11:40.8428268 GameState.DebugPrintPower() -             TAG_CHANGE Entity=湫然#51704 tag=NUM_CARDS_DRAWN_THIS_TURN value=2 
D 22:11:40.8428268 GameState.DebugPrintPower() -             TAG_CHANGE Entity=湫然#51704 tag=995 value=8 
D 22:11:40.8428268 GameState.DebugPrintPower() -             TAG_CHANGE Entity=[entityName=UNKNOWN ENTITY [cardType=INVALID] id=37 zone=DECK zonePos=0 cardId= player=1] tag=1570 value=9 
D 22:11:40.8428268 GameState.DebugPrintPower() -             TAG_CHANGE Entity=湫然#51704 tag=467 value=0 
D 22:11:40.8428268 GameState.DebugPrintPower() -         SUB_SPELL_END
D 22:11:40.8428268 GameState.DebugPrintPower() -     BLOCK_END
D 22:11:40.8428268 GameState.DebugPrintPower() -     META_DATA - Meta=SLUSH_TIME Data=200 InfoCount=1
D 22:11:40.8428268 GameState.DebugPrintPower() -                 Info[0] = [entityName=黑市拍卖师 id=43 zone=PLAY zonePos=1 cardId=JAIL_718 player=1]
D 22:11:40.8428268 GameState.DebugPrintPower() -     TAG_CHANGE Entity=湫然#51704 tag=NUM_SPELLS_PLAYED_THIS_GAME value=3 
D 22:11:40.8428268 GameState.DebugPrintPower() -     BLOCK_START BlockType=POWER Entity=[entityName=激活 id=4 zone=HAND zonePos=4 cardId=EX1_169 player=1] EffectCardId=System.Collections.Generic.List`1[System.String] EffectIndex=0 Target=0 SubOption=-1 
D 22:11:40.8428268 GameState.DebugPrintPower() -         TAG_CHANGE Entity=湫然#51704 tag=RESOURCES_USED value=4 
D 22:11:40.8428268 GameState.DebugPrintPower() -     BLOCK_END
D 22:11:40.8428268 GameState.DebugPrintPower() -     TAG_CHANGE Entity=[entityName=激活 id=4 zone=HAND zonePos=4 cardId=EX1_169 player=1] tag=1068 value=4 
D 22:11:40.8428268 GameState.DebugPrintPower() -     TAG_CHANGE Entity=[entityName=激活 id=4 zone=HAND zonePos=4 cardId=EX1_169 player=1] tag=1068 value=0 
D 22:11:40.8428268 GameState.DebugPrintPower() -     TAG_CHANGE Entity=[entityName=激活 id=4 zone=HAND zonePos=4 cardId=EX1_169 player=1] tag=ZONE value=GRAVEYARD 
D 22:11:40.8428268 GameState.DebugPrintPower() -     TAG_CHANGE Entity=GameEntity tag=1323 value=14 
D 22:11:40.8428268 GameState.DebugPrintPower() -     TAG_CHANGE Entity=湫然#51704 tag=NUM_OPTIONS_PLAYED_THIS_TURN value=2 
D 22:11:40.8428268 GameState.DebugPrintPower() - BLOCK_END
D 22:11:40.8428268 GameState.DebugPrintPower() - META_DATA - Meta=SLUSH_TIME Data=1000 InfoCount=1
D 22:11:40.8428268 GameState.DebugPrintPower() -             Info[0] = [entityName=激活 id=4 zone=HAND zonePos=4 cardId=EX1_169 player=1]
D 22:11:40.8504483 GameState.DebugPrintOptions() - id=23
D 22:11:40.8504483 GameState.DebugPrintOptions() -   option 0 type=END_TURN mainEntity= error=INVALID errorParam=
D 22:11:40.8504483 GameState.DebugPrintOptions() -   option 1 type=POWER mainEntity=[entityName=水栖形态 id=10 zone=HAND zonePos=1 cardId=TSC_654 player=1] error=NONE errorParam=
D 22:11:40.8504483 GameState.DebugPrintOptions() -   option 2 type=POWER mainEntity=[entityName=激活 id=26 zone=HAND zonePos=2 cardId=EX1_169 player=1] error=NONE errorParam=
D 22:11:40.8504483 GameState.DebugPrintOptions() -   option 3 type=POWER mainEntity=[entityName=虚灵改装师 id=11 zone=HAND zonePos=3 cardId=BT_724 player=1] error=NONE errorParam=
D 22:11:40.8504483 GameState.DebugPrintOptions() -     target 0 entity=[entityName=异教低阶牧师 id=71 zone=PLAY zonePos=2 cardId=CORE_SCH_713 player=2] error=NONE errorParam=
D 22:11:40.8504483 GameState.DebugPrintOptions() -     target 1 entity=[entityName=馆长 id=80 zone=PLAY zonePos=1 cardId=CORE_KAR_061 player=2] error=NONE errorParam=
D 22:11:40.8504483 GameState.DebugPrintOptions() -     target 2 entity=[entityName=黑市拍卖师 id=43 zone=PLAY zonePos=1 cardId=JAIL_718 player=1] error=NONE errorParam=
D 22:11:40.8504483 GameState.DebugPrintOptions() -     target 3 entity=[entityName=嘲风望月露娜拉 id=90 zone=PLAY zonePos=0 cardId=HERO_06bi player=1] error=REQ_MINION_TARGET errorParam=
D 22:11:40.8504483 GameState.DebugPrintOptions() -     target 4 entity=[entityName=胜地古神恩佐斯 id=92 zone=PLAY zonePos=0 cardId=HERO_07at player=2] error=REQ_MINION_TARGET errorParam=
D 22:11:40.8504483 GameState.DebugPrintOptions() -   option 4 type=POWER mainEntity=[entityName=生物计划 id=21 zone=HAND zonePos=7 cardId=BOT_054 player=1] error=NONE errorParam=
D 22:11:40.8504483 GameState.DebugPrintOptions() -   option 5 type=POWER mainEntity=[entityName=UNKNOWN ENTITY [cardType=INVALID] id=37 zone=DECK zonePos=0 cardId= player=1] error=NONE errorParam=
D 22:11:40.8504483 GameState.DebugPrintOptions() -     target 0 entity=[entityName=异教低阶牧师 id=71 zone=PLAY zonePos=2 cardId=CORE_SCH_713 player=2] error=NONE errorParam=
D 22:11:40.8504483 GameState.DebugPrintOptions() -     target 1 entity=[entityName=馆长 id=80 zone=PLAY zonePos=1 cardId=CORE_KAR_061 player=2] error=NONE errorParam=
D 22:11:40.8504483 GameState.DebugPrintOptions() -     target 2 entity=[entityName=黑市拍卖师 id=43 zone=PLAY zonePos=1 cardId=JAIL_718 player=1] error=NONE errorParam=
D 22:11:40.8504483 GameState.DebugPrintOptions() -     target 3 entity=[entityName=嘲风望月露娜拉 id=90 zone=PLAY zonePos=0 cardId=HERO_06bi player=1] error=REQ_MINION_TARGET errorParam=
D 22:11:40.8504483 GameState.DebugPrintOptions() -     target 4 entity=[entityName=胜地古神恩佐斯 id=92 zone=PLAY zonePos=0 cardId=HERO_07at player=2] error=REQ_MINION_TARGET errorParam=
D 22:11:40.8504483 GameState.DebugPrintOptions() -   option 6 type=POWER mainEntity=[entityName=光子炮台 id=35 zone=HAND zonePos=5 cardId=SC_753 player=1] error=REQ_ENOUGH_MANA errorParam=
D 22:11:40.8504483 GameState.DebugPrintOptions() -   option 7 type=POWER mainEntity=[entityName=米斯塔·维斯塔 id=15 zone=HAND zonePos=6 cardId=VAC_519 player=1] error=REQ_ENOUGH_MANA errorParam=
D 22:11:40.8504483 GameState.DebugPrintOptions() -   option 8 type=POWER mainEntity=[entityName=嘲风望月露娜拉 id=90 zone=PLAY zonePos=0 cardId=HERO_06bi player=1] error=REQ_ATTACK_GREATER_THAN_0 errorParam=
D 22:11:40.8504483 GameState.DebugPrintOptions() -   option 9 type=POWER mainEntity=[entityName=变形 id=91 zone=PLAY zonePos=0 cardId=HERO_06ebp player=1] error=REQ_ENOUGH_MANA errorParam=
D 22:11:40.8504483 GameState.DebugPrintOptions() -   option 10 type=POWER mainEntity=[entityName=胜地古神恩佐斯 id=92 zone=PLAY zonePos=0 cardId=HERO_07at player=2] error=REQ_YOUR_TURN errorParam=
D 22:11:40.8504483 GameState.DebugPrintOptions() -   option 11 type=POWER mainEntity=[entityName=生命分流 id=93 zone=PLAY zonePos=0 cardId=HERO_07ebp player=2] error=REQ_YOUR_TURN errorParam=
D 22:11:40.8504483 GameState.DebugPrintOptions() -   option 12 type=POWER mainEntity=[entityName=异教低阶牧师 id=71 zone=PLAY zonePos=2 cardId=CORE_SCH_713 player=2] error=REQ_YOUR_TURN errorParam=
D 22:11:40.8504483 GameState.DebugPrintOptions() -   option 13 type=POWER mainEntity=[entityName=馆长 id=80 zone=PLAY zonePos=1 cardId=CORE_KAR_061 player=2] error=REQ_YOUR_TURN errorParam=
D 22:11:40.8504483 GameState.DebugPrintOptions() -   option 14 type=POWER mainEntity=[entityName=黑市拍卖师 id=43 zone=PLAY zonePos=1 cardId=JAIL_718 player=1] error=REQ_NOT_MINION_JUST_PLAYED errorParam=
D 22:11:41.1886285 PowerProcessor.EndCurrentTaskList() - m_currentTaskList=223
D 22:11:41.1951453 PowerTaskList.DebugDump() - ID=224 ParentID=0 PreviousID=221 TaskCount=3
D 22:11:41.1951453 PowerTaskList.DebugDump() - Block Start=(null)
D 22:11:41.1951453 PowerTaskList.DebugPrintPower() -     TAG_CHANGE Entity=湫然#51704 tag=COMBO_ACTIVE value=1 
D 22:11:41.1951453 PowerTaskList.DebugPrintPower() -     TAG_CHANGE Entity=GameEntity tag=1323 value=13 
D 22:11:41.1951453 PowerTaskList.DebugPrintPower() -     TAG_CHANGE Entity=湫然#51704 tag=NUM_OPTIONS_PLAYED_THIS_TURN value=1 
D 22:11:41.1951453 PowerTaskList.DebugPrintPower() - BLOCK_END
D 22:11:41.1951453 PowerProcessor.PrepareHistoryForCurrentTaskList() - m_currentTaskList=224
D 22:11:41.1951453 PowerProcessor.DoTaskListForCard() - unhandled BlockType PLAY for sourceEntity [entityName=黑市拍卖师 id=43 zone=PLAY zonePos=1 cardId=JAIL_718 player=1]
D 22:11:41.1951453 PowerProcessor.EndCurrentTaskList() - m_currentTaskList=224
D 22:11:41.1951453 PowerTaskList.DebugDump() - ID=225 ParentID=221 PreviousID=0 TaskCount=10
D 22:11:41.1951453 PowerTaskList.DebugPrintPower() - BLOCK_START BlockType=TRIGGER Entity=[entityName=预备完毕 id=120 zone=PLAY zonePos=0 cardId=JAIL_907e player=1] EffectCardId=System.Collections.Generic.List`1[System.String] EffectIndex=-1 Target=0 SubOption=-1 TriggerKeyword=TAG_NOT_SET
D 22:11:41.1951453 PowerTaskList.DebugPrintPower() -     TAG_CHANGE Entity=[entityName=预备完毕 id=120 zone=PLAY zonePos=0 cardId=JAIL_907e player=1] tag=2747 value=120 
D 22:11:41.1951453 PowerTaskList.DebugPrintPower() -     TAG_CHANGE Entity=[entityName=预备完毕 id=120 zone=PLAY zonePos=0 cardId=JAIL_907e player=1] tag=4741 value=1 
D 22:11:41.1951453 PowerTaskList.DebugPrintPower() -     TAG_CHANGE Entity=[entityName=预备完毕 id=120 zone=PLAY zonePos=0 cardId=JAIL_907e player=1] tag=LAST_AFFECTED_BY value=120 
D 22:11:41.1951453 PowerTaskList.DebugPrintPower() -     TAG_CHANGE Entity=[entityName=预备完毕 id=120 zone=PLAY zonePos=0 cardId=JAIL_907e player=1] tag=1068 value=4 
D 22:11:41.1951453 PowerTaskList.DebugPrintPower() -     TAG_CHANGE Entity=[entityName=预备完毕 id=120 zone=PLAY zonePos=0 cardId=JAIL_907e player=1] tag=1068 value=0 
D 22:11:41.1951453 PowerTaskList.DebugPrintPower() -     TAG_CHANGE Entity=[entityName=预备完毕 id=120 zone=PLAY zonePos=0 cardId=JAIL_907e player=1] tag=ZONE value=GRAVEYARD 
D 22:11:41.1951453 PowerTaskList.DebugPrintPower() -     TAG_CHANGE Entity=[entityName=预备完毕 id=120 zone=PLAY zonePos=0 cardId=JAIL_907e player=1] tag=1234 value=43 
D 22:11:41.1951453 PowerTaskList.DebugPrintPower() -     HIDE_ENTITY - Entity=[entityName=预备完毕 id=120 zone=PLAY zonePos=0 cardId=JAIL_907e player=1] tag=ZONE value=GRAVEYARD
D 22:11:41.1951453 PowerTaskList.DebugPrintPower() -     TAG_CHANGE Entity=[entityName=黑市拍卖师 id=43 zone=PLAY zonePos=1 cardId=JAIL_718 player=1] tag=COST value=9 
D 22:11:41.1951453 PowerTaskList.DebugPrintPower() -     TAG_CHANGE Entity=[entityName=黑市拍卖师 id=43 zone=PLAY zonePos=1 cardId=JAIL_718 player=1] tag=PREPARED value=0 
D 22:11:41.1951453 PowerTaskList.DebugPrintPower() - BLOCK_END
D 22:11:41.1951453 PowerProcessor.PrepareHistoryForCurrentTaskList() - m_currentTaskList=225
D 22:11:41.2041749 PowerProcessor.EndCurrentTaskList() - m_currentTaskList=225
D 22:11:41.2146966 PowerTaskList.DebugDump() - ID=226 ParentID=0 PreviousID=0 TaskCount=1
D 22:11:41.2146966 PowerTaskList.DebugDump() - Block Start=(null)
D 22:11:41.2146966 PowerTaskList.DebugPrintPower() -     META_DATA - Meta=SLUSH_TIME Data=1000 InfoCount=1
D 22:11:41.2146966 PowerTaskList.DebugPrintPower() -                 Info[0] = [entityName=黑市拍卖师 id=43 zone=PLAY zonePos=1 cardId=JAIL_718 player=1]
D 22:11:41.2146966 PowerTaskList.DebugDump() - Block End=(null)
D 22:11:41.2146966 PowerProcessor.PrepareHistoryForCurrentTaskList() - m_currentTaskList=226
D 22:11:41.2146966 PowerProcessor.EndCurrentTaskList() - m_currentTaskList=226
D 22:11:41.2146966 PowerTaskList.DebugDump() - ID=227 ParentID=0 PreviousID=0 TaskCount=1
D 22:11:41.2146966 PowerTaskList.DebugDump() - Block Start=(null)
D 22:11:41.2146966 PowerTaskList.DebugPrintPower() -     TAG_CHANGE Entity=[entityName=黑市拍卖师 id=43 zone=PLAY zonePos=1 cardId=JAIL_718 player=1] tag=1196 value=0 
D 22:11:41.2146966 PowerTaskList.DebugDump() - Block End=(null)
D 22:11:41.2146966 PowerProcessor.PrepareHistoryForCurrentTaskList() - m_currentTaskList=227
D 22:11:41.2146966 PowerProcessor.EndCurrentTaskList() - m_currentTaskList=227
D 22:11:41.2146966 PowerTaskList.DebugDump() - ID=228 ParentID=227 PreviousID=0 TaskCount=15
D 22:11:41.2146966 PowerTaskList.DebugPrintPower() - BLOCK_START BlockType=PLAY Entity=[entityName=激活 id=4 zone=HAND zonePos=4 cardId=EX1_169 player=1] EffectCardId=System.Collections.Generic.List`1[System.String] EffectIndex=0 Target=0 SubOption=-1 
D 22:11:41.2146966 PowerTaskList.DebugPrintPower() -     TAG_CHANGE Entity=湫然#51704 tag=NUM_CARDS_PLAYED_THIS_TURN value=2 
D 22:11:41.2146966 PowerTaskList.DebugPrintPower() -     TAG_CHANGE Entity=湫然#51704 tag=430 value=1 
D 22:11:41.2146966 PowerTaskList.DebugPrintPower() -     TAG_CHANGE Entity=[entityName=激活 id=4 zone=HAND zonePos=4 cardId=EX1_169 player=1] tag=JUST_PLAYED value=1 
D 22:11:41.2146966 PowerTaskList.DebugPrintPower() -     TAG_CHANGE Entity=[entityName=激活 id=4 zone=HAND zonePos=4 cardId=EX1_169 player=1] tag=3557 value=4 
D 22:11:41.2146966 PowerTaskList.DebugPrintPower() -     TAG_CHANGE Entity=[entityName=激活 id=4 zone=HAND zonePos=4 cardId=EX1_169 player=1] tag=1068 value=1 
D 22:11:41.2146966 PowerTaskList.DebugPrintPower() -     TAG_CHANGE Entity=[entityName=激活 id=4 zone=HAND zonePos=4 cardId=EX1_169 player=1] tag=1068 value=0 
D 22:11:41.2146966 PowerTaskList.DebugPrintPower() -     TAG_CHANGE Entity=[entityName=生物计划 id=21 zone=HAND zonePos=7 cardId=BOT_054 player=1] tag=ZONE_POSITION value=6 
D 22:11:41.2146966 PowerTaskList.DebugPrintPower() -     TAG_CHANGE Entity=[entityName=米斯塔·维斯塔 id=15 zone=HAND zonePos=6 cardId=VAC_519 player=1] tag=ZONE_POSITION value=5 
D 22:11:41.2146966 PowerTaskList.DebugPrintPower() -     TAG_CHANGE Entity=[entityName=光子炮台 id=35 zone=HAND zonePos=5 cardId=SC_753 player=1] tag=ZONE_POSITION value=4 
D 22:11:41.2146966 PowerTaskList.DebugPrintPower() -     TAG_CHANGE Entity=[entityName=激活 id=4 zone=HAND zonePos=4 cardId=EX1_169 player=1] tag=1037 value=0 
D 22:11:41.2146966 PowerTaskList.DebugPrintPower() -     TAG_CHANGE Entity=[entityName=激活 id=4 zone=HAND zonePos=4 cardId=EX1_169 player=1] tag=ZONE_POSITION value=0 
D 22:11:41.2146966 PowerTaskList.DebugPrintPower() -     TAG_CHANGE Entity=[entityName=激活 id=4 zone=HAND zonePos=4 cardId=EX1_169 player=1] tag=SPAWN_TIME_COUNT value=0 
D 22:11:41.2146966 PowerTaskList.DebugPrintPower() -     TAG_CHANGE Entity=[entityName=激活 id=4 zone=HAND zonePos=4 cardId=EX1_169 player=1] tag=SPAWN_TIME_COUNT value=1 
D 22:11:41.2146966 PowerTaskList.DebugPrintPower() -     TAG_CHANGE Entity=[entityName=激活 id=4 zone=HAND zonePos=4 cardId=EX1_169 player=1] tag=ZONE value=PLAY 
D 22:11:41.2146966 PowerTaskList.DebugPrintPower() -     META_DATA - Meta=SLUSH_TIME Data=3000 InfoCount=1
D 22:11:41.2146966 PowerTaskList.DebugPrintPower() -                 Info[0] = [entityName=激活 id=4 zone=HAND zonePos=4 cardId=EX1_169 player=1]
D 22:11:41.2146966 PowerTaskList.DebugDump() - Block End=(null)
D 22:11:41.2146966 PowerProcessor.PrepareHistoryForCurrentTaskList() - m_currentTaskList=228
D 22:11:41.2146966 PowerProcessor.DoTaskListForCard() - unhandled BlockType PLAY for sourceEntity [entityName=激活 id=4 zone=HAND zonePos=4 cardId=EX1_169 player=1]
D 22:11:41.2421744 PowerProcessor.EndCurrentTaskList() - m_currentTaskList=228
D 22:11:41.2476935 PowerTaskList.DebugDump() - ID=229 ParentID=228 PreviousID=0 TaskCount=1
D 22:11:41.2476935 PowerTaskList.DebugPrintPower() - BLOCK_START BlockType=TRIGGER Entity=[entityName=黑市拍卖师 id=43 zone=PLAY zonePos=1 cardId=JAIL_718 player=1] EffectCardId=System.Collections.Generic.List`1[System.String] EffectIndex=0 Target=0 SubOption=-1 TriggerKeyword=TRIGGER_VISUAL
D 22:11:41.2476935 PowerTaskList.DebugPrintPower() -     META_DATA - Meta=ARTIFICIAL_HISTORY_INTERRUPT Data=0 InfoCount=0
D 22:11:41.2476935 PowerTaskList.DebugDump() - Block End=(null)
D 22:11:41.2476935 PowerProcessor.PrepareHistoryForCurrentTaskList() - m_currentTaskList=229
D 22:11:41.4206769 GameState.SendOption() - selectedOption=2 selectedSubOption=-1 selectedTarget=0 selectedPosition=0
D 22:11:41.4513873 PowerProcessor.EndCurrentTaskList() - m_currentTaskList=229
D 22:11:41.4584985 PowerTaskList.DebugDump() - ID=230 ParentID=228 PreviousID=229 TaskCount=13
D 22:11:41.4584985 PowerTaskList.DebugDump() - Block Start=(null)
D 22:11:41.4584985 PowerTaskList.DebugPrintPower() -     SUB_SPELL_START - SpellPrefabGUID=EX1FX_Unique_UnTargeted_CoinBurst_FX:5f82666873b52784c9508a8875dd4789 Source=43 TargetCount=1
D 22:11:41.4584985 PowerTaskList.DebugPrintPower() -                       Source = [entityName=黑市拍卖师 id=43 zone=PLAY zonePos=1 cardId=JAIL_718 player=1]
D 22:11:41.4584985 PowerTaskList.DebugPrintPower() -                       Targets[0] = [entityName=黑市拍卖师 id=43 zone=PLAY zonePos=1 cardId=JAIL_718 player=1]
D 22:11:41.4584985 PowerTaskList.DebugPrintPower() -         TAG_CHANGE Entity=湫然#51704 tag=2166 value=37 
D 22:11:41.4584985 PowerTaskList.DebugPrintPower() -         TAG_CHANGE Entity=湫然#51704 tag=467 value=1 
D 22:11:41.4584985 PowerTaskList.DebugPrintPower() -         SHOW_ENTITY - Updating Entity=[entityName=UNKNOWN ENTITY [cardType=INVALID] id=37 zone=DECK zonePos=0 cardId= player=1] CardID=BT_724
D 22:11:41.4584985 PowerTaskList.DebugPrintPower() -             tag=CONTROLLER value=1
D 22:11:41.4584985 PowerTaskList.DebugPrintPower() -             tag=CARDTYPE value=MINION
D 22:11:41.4584985 PowerTaskList.DebugPrintPower() -             tag=TAG_LAST_KNOWN_COST_IN_HAND value=1
D 22:11:41.4584985 PowerTaskList.DebugPrintPower() -             tag=479 value=2
D 22:11:41.4584985 PowerTaskList.DebugPrintPower() -             tag=COST value=1
D 22:11:41.4584985 PowerTaskList.DebugPrintPower() -             tag=ATK value=2
D 22:11:41.4584985 PowerTaskList.DebugPrintPower() -             tag=HEALTH value=1
D 22:11:41.4584985 PowerTaskList.DebugPrintPower() -             tag=ZONE value=HAND
D 22:11:41.4584985 PowerTaskList.DebugPrintPower() -             tag=ENTITY_ID value=37
D 22:11:41.4584985 PowerTaskList.DebugPrintPower() -             tag=CLASS value=NEUTRAL
D 22:11:41.4584985 PowerTaskList.DebugPrintPower() -             tag=RARITY value=COMMON
D 22:11:41.4584985 PowerTaskList.DebugPrintPower() -             tag=BATTLECRY value=1
D 22:11:41.4584985 PowerTaskList.DebugPrintPower() -             tag=478 value=1
D 22:11:41.4584985 PowerTaskList.DebugPrintPower() -             tag=1037 value=1
D 22:11:41.4584985 PowerTaskList.DebugPrintPower() -             tag=1043 value=1
D 22:11:41.4584985 PowerTaskList.DebugPrintPower() -             tag=1068 value=0
D 22:11:41.4584985 PowerTaskList.DebugPrintPower() -             tag=SPAWN_TIME_COUNT value=1
D 22:11:41.4584985 PowerTaskList.DebugPrintPower() -             tag=HAS_ACTIVATE_POWER value=1
D 22:11:41.4584985 PowerTaskList.DebugPrintPower() -             tag=3085 value=1
D 22:11:41.4584985 PowerTaskList.DebugPrintPower() -             tag=4472 value=2
D 22:11:41.4584985 PowerTaskList.DebugPrintPower() -         TAG_CHANGE Entity=[entityName=UNKNOWN ENTITY [cardType=INVALID] id=37 zone=DECK zonePos=0 cardId= player=1] tag=NUM_TURNS_IN_HAND value=1 
D 22:11:41.4584985 PowerTaskList.DebugPrintPower() -         TAG_CHANGE Entity=[entityName=UNKNOWN ENTITY [cardType=INVALID] id=37 zone=DECK zonePos=0 cardId= player=1] tag=ZONE_POSITION value=7 
D 22:11:41.4584985 PowerTaskList.DebugPrintPower() -         TAG_CHANGE Entity=[entityName=UNKNOWN ENTITY [cardType=INVALID] id=37 zone=DECK zonePos=0 cardId= player=1] tag=ZONE_POSITION value=0 
D 22:11:41.4584985 PowerTaskList.DebugPrintPower() -         TAG_CHANGE Entity=[entityName=UNKNOWN ENTITY [cardType=INVALID] id=37 zone=DECK zonePos=0 cardId= player=1] tag=ZONE_POSITION value=7 
D 22:11:41.4584985 PowerTaskList.DebugPrintPower() -         TAG_CHANGE Entity=湫然#51704 tag=NUM_CARDS_DRAWN_THIS_TURN value=2 
D 22:11:41.4584985 PowerTaskList.DebugPrintPower() -         TAG_CHANGE Entity=湫然#51704 tag=995 value=8 
D 22:11:41.4584985 PowerTaskList.DebugPrintPower() -         TAG_CHANGE Entity=[entityName=UNKNOWN ENTITY [cardType=INVALID] id=37 zone=DECK zonePos=0 cardId= player=1] tag=1570 value=9 
D 22:11:41.4584985 PowerTaskList.DebugPrintPower() -         TAG_CHANGE Entity=湫然#51704 tag=467 value=0 
D 22:11:41.4584985 PowerTaskList.DebugPrintPower() -     SUB_SPELL_END
D 22:11:41.4584985 PowerTaskList.DebugDump() - Block End=(null)
D 22:11:41.4584985 PowerProcessor.PrepareHistoryForCurrentTaskList() - m_currentTaskList=230
D 22:11:41.7212743 PowerProcessor.EndCurrentTaskList() - m_currentTaskList=230
D 22:11:41.7303109 PowerTaskList.DebugDump() - ID=231 ParentID=228 PreviousID=230 TaskCount=0
D 22:11:41.7303109 PowerTaskList.DebugDump() - Block Start=(null)
D 22:11:41.7303109 PowerTaskList.DebugPrintPower() - BLOCK_END
D 22:11:41.7303109 PowerProcessor.PrepareHistoryForCurrentTaskList() - m_currentTaskList=231
D 22:11:41.7303109 PowerProcessor.EndCurrentTaskList() - m_currentTaskList=231
D 22:11:41.7303109 PowerTaskList.DebugDump() - ID=232 ParentID=0 PreviousID=228 TaskCount=2
D 22:11:41.7303109 PowerTaskList.DebugDump() - Block Start=(null)
D 22:11:41.7303109 PowerTaskList.DebugPrintPower() -     META_DATA - Meta=SLUSH_TIME Data=200 InfoCount=1
D 22:11:41.7303109 PowerTaskList.DebugPrintPower() -                 Info[0] = [entityName=黑市拍卖师 id=43 zone=PLAY zonePos=1 cardId=JAIL_718 player=1]
D 22:11:41.7303109 PowerTaskList.DebugPrintPower() -     TAG_CHANGE Entity=湫然#51704 tag=NUM_SPELLS_PLAYED_THIS_GAME value=3 
D 22:11:41.7303109 PowerTaskList.DebugDump() - Block End=(null)
D 22:11:41.7303109 PowerProcessor.PrepareHistoryForCurrentTaskList() - m_currentTaskList=232
D 22:11:41.7303109 PowerProcessor.DoTaskListForCard() - unhandled BlockType PLAY for sourceEntity [entityName=激活 id=4 zone=PLAY zonePos=0 cardId=EX1_169 player=1]
D 22:11:41.7303109 PowerProcessor.EndCurrentTaskList() - m_currentTaskList=232
D 22:11:41.7303109 PowerTaskList.DebugDump() - ID=233 ParentID=228 PreviousID=0 TaskCount=1
D 22:11:41.7303109 PowerTaskList.DebugPrintPower() - BLOCK_START BlockType=POWER Entity=[entityName=激活 id=4 zone=PLAY zonePos=0 cardId=EX1_169 player=1] EffectCardId=System.Collections.Generic.List`1[System.String] EffectIndex=0 Target=0 SubOption=-1 
D 22:11:41.7303109 PowerTaskList.DebugPrintPower() -     TAG_CHANGE Entity=湫然#51704 tag=RESOURCES_USED value=4 
D 22:11:41.7303109 PowerTaskList.DebugPrintPower() - BLOCK_END
D 22:11:41.7303109 PowerProcessor.PrepareHistoryForCurrentTaskList() - m_currentTaskList=233
D 22:11:41.7661106 PowerProcessor.EndCurrentTaskList() - m_currentTaskList=233
D 22:11:41.7661106 PowerTaskList.DebugDump() - ID=234 ParentID=0 PreviousID=232 TaskCount=5
D 22:11:41.7661106 PowerTaskList.DebugDump() - Block Start=(null)
D 22:11:41.7661106 PowerTaskList.DebugPrintPower() -     TAG_CHANGE Entity=[entityName=激活 id=4 zone=PLAY zonePos=0 cardId=EX1_169 player=1] tag=1068 value=4 
D 22:11:41.7661106 PowerTaskList.DebugPrintPower() -     TAG_CHANGE Entity=[entityName=激活 id=4 zone=PLAY zonePos=0 cardId=EX1_169 player=1] tag=1068 value=0 
D 22:11:41.7661106 PowerTaskList.DebugPrintPower() -     TAG_CHANGE Entity=[entityName=激活 id=4 zone=PLAY zonePos=0 cardId=EX1_169 player=1] tag=ZONE value=GRAVEYARD 
D 22:11:41.7661106 PowerTaskList.DebugPrintPower() -     TAG_CHANGE Entity=GameEntity tag=1323 value=14 
D 22:11:41.7661106 PowerTaskList.DebugPrintPower() -     TAG_CHANGE Entity=湫然#51704 tag=NUM_OPTIONS_PLAYED_THIS_TURN value=2 
D 22:11:41.7661106 PowerTaskList.DebugPrintPower() - BLOCK_END
D 22:11:41.7661106 PowerProcessor.PrepareHistoryForCurrentTaskList() - m_currentTaskList=234
D 22:11:41.7661106 PowerProcessor.DoTaskListForCard() - unhandled BlockType PLAY for sourceEntity [entityName=激活 id=4 zone=PLAY zonePos=0 cardId=EX1_169 player=1]
D 22:11:41.7796858 PowerProcessor.EndCurrentTaskList() - m_currentTaskList=234
D 22:11:41.7877167 PowerTaskList.DebugDump() - ID=235 ParentID=0 PreviousID=0 TaskCount=1
D 22:11:41.7877167 PowerTaskList.DebugDump() - Block Start=(null)
D 22:11:41.7877167 PowerTaskList.DebugPrintPower() -     META_DATA - Meta=SLUSH_TIME Data=1000 InfoCount=1
D 22:11:41.7877167 PowerTaskList.DebugPrintPower() -                 Info[0] = [entityName=激活 id=4 zone=GRAVEYARD zonePos=0 cardId=EX1_169 player=1]
D 22:11:41.7877167 PowerTaskList.DebugDump() - Block End=(null)
D 22:11:41.7877167 PowerProcessor.PrepareHistoryForCurrentTaskList() - m_currentTaskList=235
D 22:11:41.7877167 PowerProcessor.EndCurrentTaskList() - m_currentTaskList=235
D 22:11:41.8592299 GameState.DebugPrintPowerList() - Count=46
D 22:11:41.8592299 GameState.DebugPrintPower() - BLOCK_START BlockType=PLAY Entity=[entityName=激活 id=26 zone=HAND zonePos=2 cardId=EX1_169 player=1] EffectCardId=System.Collections.Generic.List`1[System.String] EffectIndex=0 Target=0 SubOption=-1 
D 22:11:41.8592299 GameState.DebugPrintPower() -     TAG_CHANGE Entity=湫然#51704 tag=NUM_CARDS_PLAYED_THIS_TURN value=3 
D 22:11:41.8592299 GameState.DebugPrintPower() -     TAG_CHANGE Entity=湫然#51704 tag=430 value=2 
D 22:11:41.8592299 GameState.DebugPrintPower() -     TAG_CHANGE Entity=[entityName=激活 id=26 zone=HAND zonePos=2 cardId=EX1_169 player=1] tag=JUST_PLAYED value=1 
D 22:11:41.8592299 GameState.DebugPrintPower() -     TAG_CHANGE Entity=[entityName=激活 id=26 zone=HAND zonePos=2 cardId=EX1_169 player=1] tag=3557 value=2 
D 22:11:41.8592299 GameState.DebugPrintPower() -     TAG_CHANGE Entity=[entityName=激活 id=26 zone=HAND zonePos=2 cardId=EX1_169 player=1] tag=1068 value=1 
D 22:11:41.8592299 GameState.DebugPrintPower() -     TAG_CHANGE Entity=[entityName=激活 id=26 zone=HAND zonePos=2 cardId=EX1_169 player=1] tag=1068 value=0 
D 22:11:41.8592299 GameState.DebugPrintPower() -     TAG_CHANGE Entity=[entityName=虚灵改装师 id=37 zone=HAND zonePos=7 cardId=BT_724 player=1] tag=ZONE_POSITION value=6 
D 22:11:41.8592299 GameState.DebugPrintPower() -     TAG_CHANGE Entity=[entityName=生物计划 id=21 zone=HAND zonePos=6 cardId=BOT_054 player=1] tag=ZONE_POSITION value=5 
D 22:11:41.8592299 GameState.DebugPrintPower() -     TAG_CHANGE Entity=[entityName=米斯塔·维斯塔 id=15 zone=HAND zonePos=5 cardId=VAC_519 player=1] tag=ZONE_POSITION value=4 
D 22:11:41.8592299 GameState.DebugPrintPower() -     TAG_CHANGE Entity=[entityName=光子炮台 id=35 zone=HAND zonePos=4 cardId=SC_753 player=1] tag=ZONE_POSITION value=3 
D 22:11:41.8592299 GameState.DebugPrintPower() -     TAG_CHANGE Entity=[entityName=虚灵改装师 id=11 zone=HAND zonePos=3 cardId=BT_724 player=1] tag=ZONE_POSITION value=2 
D 22:11:41.8592299 GameState.DebugPrintPower() -     TAG_CHANGE Entity=[entityName=激活 id=26 zone=HAND zonePos=2 cardId=EX1_169 player=1] tag=1037 value=0 
D 22:11:41.8592299 GameState.DebugPrintPower() -     TAG_CHANGE Entity=[entityName=激活 id=26 zone=HAND zonePos=2 cardId=EX1_169 player=1] tag=ZONE_POSITION value=0 
D 22:11:41.8592299 GameState.DebugPrintPower() -     TAG_CHANGE Entity=[entityName=激活 id=26 zone=HAND zonePos=2 cardId=EX1_169 player=1] tag=SPAWN_TIME_COUNT value=0 
D 22:11:41.8592299 GameState.DebugPrintPower() -     TAG_CHANGE Entity=[entityName=激活 id=26 zone=HAND zonePos=2 cardId=EX1_169 player=1] tag=SPAWN_TIME_COUNT value=1 
D 22:11:41.8592299 GameState.DebugPrintPower() -     TAG_CHANGE Entity=[entityName=激活 id=26 zone=HAND zonePos=2 cardId=EX1_169 player=1] tag=ZONE value=PLAY 
D 22:11:41.8592299 GameState.DebugPrintPower() -     META_DATA - Meta=SLUSH_TIME Data=3000 InfoCount=1
D 22:11:41.8592299 GameState.DebugPrintPower() -                 Info[0] = [entityName=激活 id=26 zone=HAND zonePos=2 cardId=EX1_169 player=1]
D 22:11:41.8592299 GameState.DebugPrintPower() -     BLOCK_START BlockType=TRIGGER Entity=[entityName=黑市拍卖师 id=43 zone=PLAY zonePos=1 cardId=JAIL_718 player=1] EffectCardId=System.Collections.Generic.List`1[System.String] EffectIndex=0 Target=0 SubOption=-1 TriggerKeyword=TRIGGER_VISUAL
D 22:11:41.8592299 GameState.DebugPrintPower() -         SUB_SPELL_START - SpellPrefabGUID=EX1FX_Unique_UnTargeted_CoinBurst_FX:5f82666873b52784c9508a8875dd4789 Source=43 TargetCount=1
D 22:11:41.8592299 GameState.DebugPrintPower() -                           Source = [entityName=黑市拍卖师 id=43 zone=PLAY zonePos=1 cardId=JAIL_718 player=1]
D 22:11:41.8592299 GameState.DebugPrintPower() -                           Targets[0] = [entityName=黑市拍卖师 id=43 zone=PLAY zonePos=1 cardId=JAIL_718 player=1]
D 22:11:41.8592299 GameState.DebugPrintPower() -             TAG_CHANGE Entity=湫然#51704 tag=2166 value=12 
D 22:11:41.8592299 GameState.DebugPrintPower() -             TAG_CHANGE Entity=湫然#51704 tag=467 value=1 
D 22:11:41.8592299 GameState.DebugPrintPower() -             SHOW_ENTITY - Updating Entity=[entityName=UNKNOWN ENTITY [cardType=INVALID] id=12 zone=DECK zonePos=0 cardId= player=1] CardID=CS2_008
D 22:11:41.8592299 GameState.DebugPrintPower() -                 tag=CONTROLLER value=1
D 22:11:41.8592299 GameState.DebugPrintPower() -                 tag=CARDTYPE value=SPELL
D 22:11:41.8592299 GameState.DebugPrintPower() -                 tag=PREMIUM value=1
D 22:11:41.8592299 GameState.DebugPrintPower() -                 tag=ZONE value=HAND
D 22:11:41.8592299 GameState.DebugPrintPower() -                 tag=ENTITY_ID value=12
D 22:11:41.8592299 GameState.DebugPrintPower() -                 tag=CLASS value=DRUID
D 22:11:41.8592299 GameState.DebugPrintPower() -                 tag=FACTION value=NEUTRAL
D 22:11:41.8592299 GameState.DebugPrintPower() -                 tag=RARITY value=FREE
D 22:11:41.8592299 GameState.DebugPrintPower() -                 tag=478 value=1
D 22:11:41.8592299 GameState.DebugPrintPower() -                 tag=1037 value=1
D 22:11:41.8592299 GameState.DebugPrintPower() -                 tag=1043 value=1
D 22:11:41.8592299 GameState.DebugPrintPower() -                 tag=1068 value=0
D 22:11:41.8592299 GameState.DebugPrintPower() -                 tag=SPAWN_TIME_COUNT value=1
D 22:11:41.8592299 GameState.DebugPrintPower() -                 tag=SPELL_SCHOOL value=1
D 22:11:41.8592299 GameState.DebugPrintPower() -             TAG_CHANGE Entity=[entityName=UNKNOWN ENTITY [cardType=INVALID] id=12 zone=DECK zonePos=0 cardId= player=1] tag=NUM_TURNS_IN_HAND value=1 
D 22:11:41.8592299 GameState.DebugPrintPower() -             TAG_CHANGE Entity=[entityName=UNKNOWN ENTITY [cardType=INVALID] id=12 zone=DECK zonePos=0 cardId= player=1] tag=ZONE_POSITION value=7 
D 22:11:41.8592299 GameState.DebugPrintPower() -             TAG_CHANGE Entity=[entityName=UNKNOWN ENTITY [cardType=INVALID] id=12 zone=DECK zonePos=0 cardId= player=1] tag=ZONE_POSITION value=0 
D 22:11:41.8592299 GameState.DebugPrintPower() -             TAG_CHANGE Entity=[entityName=UNKNOWN ENTITY [cardType=INVALID] id=12 zone=DECK zonePos=0 cardId= player=1] tag=ZONE_POSITION value=7 
D 22:11:41.8592299 GameState.DebugPrintPower() -             TAG_CHANGE Entity=湫然#51704 tag=3242 value=2 
D 22:11:41.8592299 GameState.DebugPrintPower() -             TAG_CHANGE Entity=湫然#51704 tag=NUM_CARDS_DRAWN_THIS_TURN value=3 
D 22:11:41.8592299 GameState.DebugPrintPower() -             TAG_CHANGE Entity=湫然#51704 tag=995 value=9 
D 22:11:41.8592299 GameState.DebugPrintPower() -             TAG_CHANGE Entity=[entityName=UNKNOWN ENTITY [cardType=INVALID] id=12 zone=DECK zonePos=0 cardId= player=1] tag=1570 value=9 
D 22:11:41.8592299 GameState.DebugPrintPower() -             TAG_CHANGE Entity=湫然#51704 tag=467 value=0 
D 22:11:41.8592299 GameState.DebugPrintPower() -         SUB_SPELL_END
D 22:11:41.8592299 GameState.DebugPrintPower() -     BLOCK_END
D 22:11:41.8592299 GameState.DebugPrintPower() -     META_DATA - Meta=SLUSH_TIME Data=200 InfoCount=1
D 22:11:41.8592299 GameState.DebugPrintPower() -                 Info[0] = [entityName=黑市拍卖师 id=43 zone=PLAY zonePos=1 cardId=JAIL_718 player=1]
D 22:11:41.8592299 GameState.DebugPrintPower() -     TAG_CHANGE Entity=湫然#51704 tag=NUM_SPELLS_PLAYED_THIS_GAME value=4 
D 22:11:41.8592299 GameState.DebugPrintPower() -     BLOCK_START BlockType=POWER Entity=[entityName=激活 id=26 zone=HAND zonePos=2 cardId=EX1_169 player=1] EffectCardId=System.Collections.Generic.List`1[System.String] EffectIndex=0 Target=0 SubOption=-1 
D 22:11:41.8592299 GameState.DebugPrintPower() -         TAG_CHANGE Entity=湫然#51704 tag=RESOURCES_USED value=3 
D 22:11:41.8592299 GameState.DebugPrintPower() -     BLOCK_END
D 22:11:41.8592299 GameState.DebugPrintPower() -     TAG_CHANGE Entity=[entityName=激活 id=26 zone=HAND zonePos=2 cardId=EX1_169 player=1] tag=1068 value=4 
D 22:11:41.8592299 GameState.DebugPrintPower() -     TAG_CHANGE Entity=[entityName=激活 id=26 zone=HAND zonePos=2 cardId=EX1_169 player=1] tag=1068 value=0 
D 22:11:41.8592299 GameState.DebugPrintPower() -     TAG_CHANGE Entity=[entityName=激活 id=26 zone=HAND zonePos=2 cardId=EX1_169 player=1] tag=ZONE value=GRAVEYARD 
D 22:11:41.8592299 GameState.DebugPrintPower() -     TAG_CHANGE Entity=GameEntity tag=1323 value=15 
D 22:11:41.8592299 GameState.DebugPrintPower() -     TAG_CHANGE Entity=湫然#51704 tag=NUM_OPTIONS_PLAYED_THIS_TURN value=3 
D 22:11:41.8592299 GameState.DebugPrintPower() - BLOCK_END
D 22:11:41.8592299 GameState.DebugPrintPower() - META_DATA - Meta=SLUSH_TIME Data=1000 InfoCount=1
D 22:11:41.8592299 GameState.DebugPrintPower() -             Info[0] = [entityName=激活 id=26 zone=HAND zonePos=2 cardId=EX1_169 player=1]
D 22:11:41.8592299 PowerTaskList.DebugDump() - ID=236 ParentID=0 PreviousID=0 TaskCount=17
D 22:11:41.8592299 PowerTaskList.DebugPrintPower() - BLOCK_START BlockType=PLAY Entity=[entityName=激活 id=26 zone=HAND zonePos=2 cardId=EX1_169 player=1] EffectCardId=System.Collections.Generic.List`1[System.String] EffectIndex=0 Target=0 SubOption=-1 
D 22:11:41.8592299 PowerTaskList.DebugPrintPower() -     TAG_CHANGE Entity=湫然#51704 tag=NUM_CARDS_PLAYED_THIS_TURN value=3 
D 22:11:41.8592299 PowerTaskList.DebugPrintPower() -     TAG_CHANGE Entity=湫然#51704 tag=430 value=2 
D 22:11:41.8592299 PowerTaskList.DebugPrintPower() -     TAG_CHANGE Entity=[entityName=激活 id=26 zone=HAND zonePos=2 cardId=EX1_169 player=1] tag=JUST_PLAYED value=1 
D 22:11:41.8592299 PowerTaskList.DebugPrintPower() -     TAG_CHANGE Entity=[entityName=激活 id=26 zone=HAND zonePos=2 cardId=EX1_169 player=1] tag=3557 value=2 
D 22:11:41.8592299 PowerTaskList.DebugPrintPower() -     TAG_CHANGE Entity=[entityName=激活 id=26 zone=HAND zonePos=2 cardId=EX1_169 player=1] tag=1068 value=1 
D 22:11:41.8592299 PowerTaskList.DebugPrintPower() -     TAG_CHANGE Entity=[entityName=激活 id=26 zone=HAND zonePos=2 cardId=EX1_169 player=1] tag=1068 value=0 
D 22:11:41.8592299 PowerTaskList.DebugPrintPower() -     TAG_CHANGE Entity=[entityName=虚灵改装师 id=37 zone=HAND zonePos=7 cardId=BT_724 player=1] tag=ZONE_POSITION value=6 
D 22:11:41.8592299 PowerTaskList.DebugPrintPower() -     TAG_CHANGE Entity=[entityName=生物计划 id=21 zone=HAND zonePos=6 cardId=BOT_054 player=1] tag=ZONE_POSITION value=5 
D 22:11:41.8592299 PowerTaskList.DebugPrintPower() -     TAG_CHANGE Entity=[entityName=米斯塔·维斯塔 id=15 zone=HAND zonePos=5 cardId=VAC_519 player=1] tag=ZONE_POSITION value=4 
D 22:11:41.8592299 PowerTaskList.DebugPrintPower() -     TAG_CHANGE Entity=[entityName=光子炮台 id=35 zone=HAND zonePos=4 cardId=SC_753 player=1] tag=ZONE_POSITION value=3 
D 22:11:41.8592299 PowerTaskList.DebugPrintPower() -     TAG_CHANGE Entity=[entityName=虚灵改装师 id=11 zone=HAND zonePos=3 cardId=BT_724 player=1] tag=ZONE_POSITION value=2 
D 22:11:41.8592299 PowerTaskList.DebugPrintPower() -     TAG_CHANGE Entity=[entityName=激活 id=26 zone=HAND zonePos=2 cardId=EX1_169 player=1] tag=1037 value=0 
D 22:11:41.8592299 PowerTaskList.DebugPrintPower() -     TAG_CHANGE Entity=[entityName=激活 id=26 zone=HAND zonePos=2 cardId=EX1_169 player=1] tag=ZONE_POSITION value=0 
D 22:11:41.8592299 PowerTaskList.DebugPrintPower() -     TAG_CHANGE Entity=[entityName=激活 id=26 zone=HAND zonePos=2 cardId=EX1_169 player=1] tag=SPAWN_TIME_COUNT value=0 
D 22:11:41.8592299 PowerTaskList.DebugPrintPower() -     TAG_CHANGE Entity=[entityName=激活 id=26 zone=HAND zonePos=2 cardId=EX1_169 player=1] tag=SPAWN_TIME_COUNT value=1 
D 22:11:41.8592299 PowerTaskList.DebugPrintPower() -     TAG_CHANGE Entity=[entityName=激活 id=26 zone=HAND zonePos=2 cardId=EX1_169 player=1] tag=ZONE value=PLAY 
D 22:11:41.8592299 PowerTaskList.DebugPrintPower() -     META_DATA - Meta=SLUSH_TIME Data=3000 InfoCount=1
D 22:11:41.8592299 PowerTaskList.DebugPrintPower() -                 Info[0] = [entityName=激活 id=26 zone=HAND zonePos=2 cardId=EX1_169 player=1]
D 22:11:41.8592299 PowerTaskList.DebugDump() - Block End=(null)
D 22:11:41.8592299 PowerProcessor.PrepareHistoryForCurrentTaskList() - m_currentTaskList=236
D 22:11:41.8592299 PowerProcessor.DoTaskListForCard() - unhandled BlockType PLAY for sourceEntity [entityName=激活 id=26 zone=HAND zonePos=2 cardId=EX1_169 player=1]
D 22:11:41.8682933 GameState.DebugPrintOptions() - id=24
D 22:11:41.8682933 GameState.DebugPrintOptions() -   option 0 type=END_TURN mainEntity= error=INVALID errorParam=
D 22:11:41.8682933 GameState.DebugPrintOptions() -   option 1 type=POWER mainEntity=[entityName=水栖形态 id=10 zone=HAND zonePos=1 cardId=TSC_654 player=1] error=NONE errorParam=
D 22:11:41.8682933 GameState.DebugPrintOptions() -   option 2 type=POWER mainEntity=[entityName=虚灵改装师 id=11 zone=HAND zonePos=2 cardId=BT_724 player=1] error=NONE errorParam=
D 22:11:41.8682933 GameState.DebugPrintOptions() -     target 0 entity=[entityName=异教低阶牧师 id=71 zone=PLAY zonePos=2 cardId=CORE_SCH_713 player=2] error=NONE errorParam=
D 22:11:41.8682933 GameState.DebugPrintOptions() -     target 1 entity=[entityName=馆长 id=80 zone=PLAY zonePos=1 cardId=CORE_KAR_061 player=2] error=NONE errorParam=
D 22:11:41.8682933 GameState.DebugPrintOptions() -     target 2 entity=[entityName=黑市拍卖师 id=43 zone=PLAY zonePos=1 cardId=JAIL_718 player=1] error=NONE errorParam=
D 22:11:41.8682933 GameState.DebugPrintOptions() -     target 3 entity=[entityName=嘲风望月露娜拉 id=90 zone=PLAY zonePos=0 cardId=HERO_06bi player=1] error=REQ_MINION_TARGET errorParam=
D 22:11:41.8682933 GameState.DebugPrintOptions() -     target 4 entity=[entityName=胜地古神恩佐斯 id=92 zone=PLAY zonePos=0 cardId=HERO_07at player=2] error=REQ_MINION_TARGET errorParam=
D 22:11:41.8682933 GameState.DebugPrintOptions() -   option 3 type=POWER mainEntity=[entityName=光子炮台 id=35 zone=HAND zonePos=3 cardId=SC_753 player=1] error=NONE errorParam=
D 22:11:41.8682933 GameState.DebugPrintOptions() -     target 0 entity=[entityName=嘲风望月露娜拉 id=90 zone=PLAY zonePos=0 cardId=HERO_06bi player=1] error=NONE errorParam=
D 22:11:41.8682933 GameState.DebugPrintOptions() -     target 1 entity=[entityName=胜地古神恩佐斯 id=92 zone=PLAY zonePos=0 cardId=HERO_07at player=2] error=NONE errorParam=
D 22:11:41.8682933 GameState.DebugPrintOptions() -     target 2 entity=[entityName=异教低阶牧师 id=71 zone=PLAY zonePos=2 cardId=CORE_SCH_713 player=2] error=NONE errorParam=
D 22:11:41.8682933 GameState.DebugPrintOptions() -     target 3 entity=[entityName=馆长 id=80 zone=PLAY zonePos=1 cardId=CORE_KAR_061 player=2] error=NONE errorParam=
D 22:11:41.8682933 GameState.DebugPrintOptions() -     target 4 entity=[entityName=黑市拍卖师 id=43 zone=PLAY zonePos=1 cardId=JAIL_718 player=1] error=NONE errorParam=
D 22:11:41.8682933 GameState.DebugPrintOptions() -   option 4 type=POWER mainEntity=[entityName=生物计划 id=21 zone=HAND zonePos=5 cardId=BOT_054 player=1] error=NONE errorParam=
D 22:11:41.8682933 GameState.DebugPrintOptions() -   option 5 type=POWER mainEntity=[entityName=虚灵改装师 id=37 zone=HAND zonePos=6 cardId=BT_724 player=1] error=NONE errorParam=
D 22:11:41.8682933 GameState.DebugPrintOptions() -     target 0 entity=[entityName=异教低阶牧师 id=71 zone=PLAY zonePos=2 cardId=CORE_SCH_713 player=2] error=NONE errorParam=
D 22:11:41.8682933 GameState.DebugPrintOptions() -     target 1 entity=[entityName=馆长 id=80 zone=PLAY zonePos=1 cardId=CORE_KAR_061 player=2] error=NONE errorParam=
D 22:11:41.8682933 GameState.DebugPrintOptions() -     target 2 entity=[entityName=黑市拍卖师 id=43 zone=PLAY zonePos=1 cardId=JAIL_718 player=1] error=NONE errorParam=
D 22:11:41.8682933 GameState.DebugPrintOptions() -     target 3 entity=[entityName=嘲风望月露娜拉 id=90 zone=PLAY zonePos=0 cardId=HERO_06bi player=1] error=REQ_MINION_TARGET errorParam=
D 22:11:41.8682933 GameState.DebugPrintOptions() -     target 4 entity=[entityName=胜地古神恩佐斯 id=92 zone=PLAY zonePos=0 cardId=HERO_07at player=2] error=REQ_MINION_TARGET errorParam=
D 22:11:41.8682933 GameState.DebugPrintOptions() -   option 6 type=POWER mainEntity=[entityName=UNKNOWN ENTITY [cardType=INVALID] id=12 zone=DECK zonePos=0 cardId= player=1] error=NONE errorParam=
D 22:11:41.8682933 GameState.DebugPrintOptions() -     target 0 entity=[entityName=嘲风望月露娜拉 id=90 zone=PLAY zonePos=0 cardId=HERO_06bi player=1] error=NONE errorParam=
D 22:11:41.8682933 GameState.DebugPrintOptions() -     target 1 entity=[entityName=胜地古神恩佐斯 id=92 zone=PLAY zonePos=0 cardId=HERO_07at player=2] error=NONE errorParam=
D 22:11:41.8682933 GameState.DebugPrintOptions() -     target 2 entity=[entityName=异教低阶牧师 id=71 zone=PLAY zonePos=2 cardId=CORE_SCH_713 player=2] error=NONE errorParam=
D 22:11:41.8682933 GameState.DebugPrintOptions() -     target 3 entity=[entityName=馆长 id=80 zone=PLAY zonePos=1 cardId=CORE_KAR_061 player=2] error=NONE errorParam=
D 22:11:41.8682933 GameState.DebugPrintOptions() -     target 4 entity=[entityName=黑市拍卖师 id=43 zone=PLAY zonePos=1 cardId=JAIL_718 player=1] error=NONE errorParam=
D 22:11:41.8682933 GameState.DebugPrintOptions() -   option 7 type=POWER mainEntity=[entityName=变形 id=91 zone=PLAY zonePos=0 cardId=HERO_06ebp player=1] error=NONE errorParam=
D 22:11:41.8682933 GameState.DebugPrintOptions() -   option 8 type=POWER mainEntity=[entityName=米斯塔·维斯塔 id=15 zone=HAND zonePos=4 cardId=VAC_519 player=1] error=REQ_ENOUGH_MANA errorParam=
D 22:11:41.8682933 GameState.DebugPrintOptions() -   option 9 type=POWER mainEntity=[entityName=嘲风望月露娜拉 id=90 zone=PLAY zonePos=0 cardId=HERO_06bi player=1] error=REQ_ATTACK_GREATER_THAN_0 errorParam=
D 22:11:41.8682933 GameState.DebugPrintOptions() -   option 10 type=POWER mainEntity=[entityName=胜地古神恩佐斯 id=92 zone=PLAY zonePos=0 cardId=HERO_07at player=2] error=REQ_YOUR_TURN errorParam=
D 22:11:41.8682933 GameState.DebugPrintOptions() -   option 11 type=POWER mainEntity=[entityName=生命分流 id=93 zone=PLAY zonePos=0 cardId=HERO_07ebp player=2] error=REQ_YOUR_TURN errorParam=
D 22:11:41.8682933 GameState.DebugPrintOptions() -   option 12 type=POWER mainEntity=[entityName=异教低阶牧师 id=71 zone=PLAY zonePos=2 cardId=CORE_SCH_713 player=2] error=REQ_YOUR_TURN errorParam=
D 22:11:41.8682933 GameState.DebugPrintOptions() -   option 13 type=POWER mainEntity=[entityName=馆长 id=80 zone=PLAY zonePos=1 cardId=CORE_KAR_061 player=2] error=REQ_YOUR_TURN errorParam=
D 22:11:41.8682933 GameState.DebugPrintOptions() -   option 14 type=POWER mainEntity=[entityName=黑市拍卖师 id=43 zone=PLAY zonePos=1 cardId=JAIL_718 player=1] error=REQ_NOT_MINION_JUST_PLAYED errorParam=
D 22:11:41.9423816 PowerProcessor.EndCurrentTaskList() - m_currentTaskList=236
D 22:11:41.9488099 PowerTaskList.DebugDump() - ID=237 ParentID=236 PreviousID=0 TaskCount=1
D 22:11:41.9488099 PowerTaskList.DebugPrintPower() - BLOCK_START BlockType=TRIGGER Entity=[entityName=黑市拍卖师 id=43 zone=PLAY zonePos=1 cardId=JAIL_718 player=1] EffectCardId=System.Collections.Generic.List`1[System.String] EffectIndex=0 Target=0 SubOption=-1 TriggerKeyword=TRIGGER_VISUAL
D 22:11:41.9488099 PowerTaskList.DebugPrintPower() -     META_DATA - Meta=ARTIFICIAL_HISTORY_INTERRUPT Data=0 InfoCount=0
D 22:11:41.9488099 PowerTaskList.DebugDump() - Block End=(null)
D 22:11:41.9488099 PowerProcessor.PrepareHistoryForCurrentTaskList() - m_currentTaskList=237
D 22:11:42.1526326 PowerProcessor.EndCurrentTaskList() - m_currentTaskList=237
D 22:11:42.1607699 PowerTaskList.DebugDump() - ID=238 ParentID=236 PreviousID=237 TaskCount=14
D 22:11:42.1607699 PowerTaskList.DebugDump() - Block Start=(null)
D 22:11:42.1607699 PowerTaskList.DebugPrintPower() -     SUB_SPELL_START - SpellPrefabGUID=EX1FX_Unique_UnTargeted_CoinBurst_FX:5f82666873b52784c9508a8875dd4789 Source=43 TargetCount=1
D 22:11:42.1607699 PowerTaskList.DebugPrintPower() -                       Source = [entityName=黑市拍卖师 id=43 zone=PLAY zonePos=1 cardId=JAIL_718 player=1]
D 22:11:42.1607699 PowerTaskList.DebugPrintPower() -                       Targets[0] = [entityName=黑市拍卖师 id=43 zone=PLAY zonePos=1 cardId=JAIL_718 player=1]
D 22:11:42.1607699 PowerTaskList.DebugPrintPower() -         TAG_CHANGE Entity=湫然#51704 tag=2166 value=12 
D 22:11:42.1607699 PowerTaskList.DebugPrintPower() -         TAG_CHANGE Entity=湫然#51704 tag=467 value=1 
D 22:11:42.1607699 PowerTaskList.DebugPrintPower() -         SHOW_ENTITY - Updating Entity=[entityName=UNKNOWN ENTITY [cardType=INVALID] id=12 zone=DECK zonePos=0 cardId= player=1] CardID=CS2_008
D 22:11:42.1607699 PowerTaskList.DebugPrintPower() -             tag=CONTROLLER value=1
D 22:11:42.1607699 PowerTaskList.DebugPrintPower() -             tag=CARDTYPE value=SPELL
D 22:11:42.1607699 PowerTaskList.DebugPrintPower() -             tag=PREMIUM value=1
D 22:11:42.1607699 PowerTaskList.DebugPrintPower() -             tag=ZONE value=HAND
D 22:11:42.1607699 PowerTaskList.DebugPrintPower() -             tag=ENTITY_ID value=12
D 22:11:42.1607699 PowerTaskList.DebugPrintPower() -             tag=CLASS value=DRUID
D 22:11:42.1607699 PowerTaskList.DebugPrintPower() -             tag=FACTION value=NEUTRAL
D 22:11:42.1607699 PowerTaskList.DebugPrintPower() -             tag=RARITY value=FREE
D 22:11:42.1607699 PowerTaskList.DebugPrintPower() -             tag=478 value=1
D 22:11:42.1607699 PowerTaskList.DebugPrintPower() -             tag=1037 value=1
D 22:11:42.1607699 PowerTaskList.DebugPrintPower() -             tag=1043 value=1
D 22:11:42.1607699 PowerTaskList.DebugPrintPower() -             tag=1068 value=0
D 22:11:42.1607699 PowerTaskList.DebugPrintPower() -             tag=SPAWN_TIME_COUNT value=1
D 22:11:42.1607699 PowerTaskList.DebugPrintPower() -             tag=SPELL_SCHOOL value=1
D 22:11:42.1607699 PowerTaskList.DebugPrintPower() -         TAG_CHANGE Entity=[entityName=UNKNOWN ENTITY [cardType=INVALID] id=12 zone=DECK zonePos=0 cardId= player=1] tag=NUM_TURNS_IN_HAND value=1 
D 22:11:42.1607699 PowerTaskList.DebugPrintPower() -         TAG_CHANGE Entity=[entityName=UNKNOWN ENTITY [cardType=INVALID] id=12 zone=DECK zonePos=0 cardId= player=1] tag=ZONE_POSITION value=7 
D 22:11:42.1607699 PowerTaskList.DebugPrintPower() -         TAG_CHANGE Entity=[entityName=UNKNOWN ENTITY [cardType=INVALID] id=12 zone=DECK zonePos=0 cardId= player=1] tag=ZONE_POSITION value=0 
D 22:11:42.1607699 PowerTaskList.DebugPrintPower() -         TAG_CHANGE Entity=[entityName=UNKNOWN ENTITY [cardType=INVALID] id=12 zone=DECK zonePos=0 cardId= player=1] tag=ZONE_POSITION value=7 
D 22:11:42.1607699 PowerTaskList.DebugPrintPower() -         TAG_CHANGE Entity=湫然#51704 tag=3242 value=2 
D 22:11:42.1607699 PowerTaskList.DebugPrintPower() -         TAG_CHANGE Entity=湫然#51704 tag=NUM_CARDS_DRAWN_THIS_TURN value=3 
D 22:11:42.1607699 PowerTaskList.DebugPrintPower() -         TAG_CHANGE Entity=湫然#51704 tag=995 value=9 
D 22:11:42.1607699 PowerTaskList.DebugPrintPower() -         TAG_CHANGE Entity=[entityName=UNKNOWN ENTITY [cardType=INVALID] id=12 zone=DECK zonePos=0 cardId= player=1] tag=1570 value=9 
D 22:11:42.1607699 PowerTaskList.DebugPrintPower() -         TAG_CHANGE Entity=湫然#51704 tag=467 value=0 
D 22:11:42.1607699 PowerTaskList.DebugPrintPower() -     SUB_SPELL_END
D 22:11:42.1607699 PowerTaskList.DebugDump() - Block End=(null)
D 22:11:42.1607699 PowerProcessor.PrepareHistoryForCurrentTaskList() - m_currentTaskList=238
D 22:11:42.2405206 PowerProcessor.EndCurrentTaskList() - m_currentTaskList=238
D 22:11:42.2471558 PowerTaskList.DebugDump() - ID=239 ParentID=236 PreviousID=238 TaskCount=0
D 22:11:42.2471558 PowerTaskList.DebugDump() - Block Start=(null)
D 22:11:42.2471558 PowerTaskList.DebugPrintPower() - BLOCK_END
D 22:11:42.2471558 PowerProcessor.PrepareHistoryForCurrentTaskList() - m_currentTaskList=239
D 22:11:42.2471558 PowerProcessor.EndCurrentTaskList() - m_currentTaskList=239
D 22:11:42.2471558 PowerTaskList.DebugDump() - ID=240 ParentID=0 PreviousID=236 TaskCount=2
D 22:11:42.2471558 PowerTaskList.DebugDump() - Block Start=(null)
D 22:11:42.2471558 PowerTaskList.DebugPrintPower() -     META_DATA - Meta=SLUSH_TIME Data=200 InfoCount=1
D 22:11:42.2471558 PowerTaskList.DebugPrintPower() -                 Info[0] = [entityName=黑市拍卖师 id=43 zone=PLAY zonePos=1 cardId=JAIL_718 player=1]
D 22:11:42.2471558 PowerTaskList.DebugPrintPower() -     TAG_CHANGE Entity=湫然#51704 tag=NUM_SPELLS_PLAYED_THIS_GAME value=4 
D 22:11:42.2471558 PowerTaskList.DebugDump() - Block End=(null)
D 22:11:42.2471558 PowerProcessor.PrepareHistoryForCurrentTaskList() - m_currentTaskList=240
D 22:11:42.2471558 PowerProcessor.DoTaskListForCard() - unhandled BlockType PLAY for sourceEntity [entityName=激活 id=26 zone=PLAY zonePos=0 cardId=EX1_169 player=1]
D 22:11:42.2471558 PowerProcessor.EndCurrentTaskList() - m_currentTaskList=240
D 22:11:42.2471558 PowerTaskList.DebugDump() - ID=241 ParentID=236 PreviousID=0 TaskCount=1
D 22:11:42.2471558 PowerTaskList.DebugPrintPower() - BLOCK_START BlockType=POWER Entity=[entityName=激活 id=26 zone=PLAY zonePos=0 cardId=EX1_169 player=1] EffectCardId=System.Collections.Generic.List`1[System.String] EffectIndex=0 Target=0 SubOption=-1 
D 22:11:42.2471558 PowerTaskList.DebugPrintPower() -     TAG_CHANGE Entity=湫然#51704 tag=RESOURCES_USED value=3 
D 22:11:42.2471558 PowerTaskList.DebugPrintPower() - BLOCK_END
D 22:11:42.2471558 PowerProcessor.PrepareHistoryForCurrentTaskList() - m_currentTaskList=241
D 22:11:42.2833130 PowerProcessor.EndCurrentTaskList() - m_currentTaskList=241
D 22:11:42.2833130 PowerTaskList.DebugDump() - ID=242 ParentID=0 PreviousID=240 TaskCount=5
D 22:11:42.2833130 PowerTaskList.DebugDump() - Block Start=(null)
D 22:11:42.2833130 PowerTaskList.DebugPrintPower() -     TAG_CHANGE Entity=[entityName=激活 id=26 zone=PLAY zonePos=0 cardId=EX1_169 player=1] tag=1068 value=4 
D 22:11:42.2833130 PowerTaskList.DebugPrintPower() -     TAG_CHANGE Entity=[entityName=激活 id=26 zone=PLAY zonePos=0 cardId=EX1_169 player=1] tag=1068 value=0 
D 22:11:42.2833130 PowerTaskList.DebugPrintPower() -     TAG_CHANGE Entity=[entityName=激活 id=26 zone=PLAY zonePos=0 cardId=EX1_169 player=1] tag=ZONE value=GRAVEYARD 
D 22:11:42.2833130 PowerTaskList.DebugPrintPower() -     TAG_CHANGE Entity=GameEntity tag=1323 value=15 
D 22:11:42.2833130 PowerTaskList.DebugPrintPower() -     TAG_CHANGE Entity=湫然#51704 tag=NUM_OPTIONS_PLAYED_THIS_TURN value=3 
D 22:11:42.2833130 PowerTaskList.DebugPrintPower() - BLOCK_END
D 22:11:42.2833130 PowerProcessor.PrepareHistoryForCurrentTaskList() - m_currentTaskList=242
D 22:11:42.2833130 PowerProcessor.DoTaskListForCard() - unhandled BlockType PLAY for sourceEntity [entityName=激活 id=26 zone=PLAY zonePos=0 cardId=EX1_169 player=1]
D 22:11:42.4439057 GameState.SendOption() - selectedOption=1 selectedSubOption=-1 selectedTarget=0 selectedPosition=0
D 22:11:42.4684189 PowerProcessor.EndCurrentTaskList() - m_currentTaskList=242
D 22:11:42.4757350 PowerTaskList.DebugDump() - ID=243 ParentID=0 PreviousID=0 TaskCount=1
D 22:11:42.4757350 PowerTaskList.DebugDump() - Block Start=(null)
D 22:11:42.4757350 PowerTaskList.DebugPrintPower() -     META_DATA - Meta=SLUSH_TIME Data=1000 InfoCount=1
D 22:11:42.4757350 PowerTaskList.DebugPrintPower() -                 Info[0] = [entityName=激活 id=26 zone=GRAVEYARD zonePos=0 cardId=EX1_169 player=1]
D 22:11:42.4757350 PowerTaskList.DebugDump() - Block End=(null)
D 22:11:42.4757350 PowerProcessor.PrepareHistoryForCurrentTaskList() - m_currentTaskList=243
D 22:11:42.4757350 PowerProcessor.EndCurrentTaskList() - m_currentTaskList=243
D 22:11:42.7409720 GameState.DebugPrintPowerList() - Count=64
D 22:11:42.7409720 GameState.DebugPrintPower() - BLOCK_START BlockType=PLAY Entity=[entityName=水栖形态 id=10 zone=HAND zonePos=1 cardId=TSC_654 player=1] EffectCardId=System.Collections.Generic.List`1[System.String] EffectIndex=0 Target=0 SubOption=-1 
D 22:11:42.7409720 GameState.DebugPrintPower() -     TAG_CHANGE Entity=湫然#51704 tag=NUM_CARDS_PLAYED_THIS_TURN value=4 
D 22:11:42.7409720 GameState.DebugPrintPower() -     TAG_CHANGE Entity=湫然#51704 tag=430 value=3 
D 22:11:42.7409720 GameState.DebugPrintPower() -     TAG_CHANGE Entity=[entityName=水栖形态 id=10 zone=HAND zonePos=1 cardId=TSC_654 player=1] tag=JUST_PLAYED value=1 
D 22:11:42.7409720 GameState.DebugPrintPower() -     TAG_CHANGE Entity=[entityName=水栖形态 id=10 zone=HAND zonePos=1 cardId=TSC_654 player=1] tag=3557 value=1 
D 22:11:42.7409720 GameState.DebugPrintPower() -     TAG_CHANGE Entity=[entityName=水栖形态 id=10 zone=HAND zonePos=1 cardId=TSC_654 player=1] tag=1068 value=1 
D 22:11:42.7409720 GameState.DebugPrintPower() -     TAG_CHANGE Entity=[entityName=水栖形态 id=10 zone=HAND zonePos=1 cardId=TSC_654 player=1] tag=1068 value=0 
D 22:11:42.7409720 GameState.DebugPrintPower() -     TAG_CHANGE Entity=[entityName=月火术 id=12 zone=HAND zonePos=7 cardId=CS2_008 player=1] tag=ZONE_POSITION value=6 
D 22:11:42.7409720 GameState.DebugPrintPower() -     TAG_CHANGE Entity=[entityName=虚灵改装师 id=37 zone=HAND zonePos=6 cardId=BT_724 player=1] tag=ZONE_POSITION value=5 
D 22:11:42.7409720 GameState.DebugPrintPower() -     TAG_CHANGE Entity=[entityName=生物计划 id=21 zone=HAND zonePos=5 cardId=BOT_054 player=1] tag=ZONE_POSITION value=4 
D 22:11:42.7409720 GameState.DebugPrintPower() -     TAG_CHANGE Entity=[entityName=米斯塔·维斯塔 id=15 zone=HAND zonePos=4 cardId=VAC_519 player=1] tag=ZONE_POSITION value=3 
D 22:11:42.7409720 GameState.DebugPrintPower() -     TAG_CHANGE Entity=[entityName=光子炮台 id=35 zone=HAND zonePos=3 cardId=SC_753 player=1] tag=ZONE_POSITION value=2 
D 22:11:42.7409720 GameState.DebugPrintPower() -     TAG_CHANGE Entity=[entityName=虚灵改装师 id=11 zone=HAND zonePos=2 cardId=BT_724 player=1] tag=ZONE_POSITION value=1 
D 22:11:42.7409720 GameState.DebugPrintPower() -     TAG_CHANGE Entity=[entityName=水栖形态 id=10 zone=HAND zonePos=1 cardId=TSC_654 player=1] tag=1037 value=0 
D 22:11:42.7409720 GameState.DebugPrintPower() -     TAG_CHANGE Entity=[entityName=水栖形态 id=10 zone=HAND zonePos=1 cardId=TSC_654 player=1] tag=ZONE_POSITION value=0 
D 22:11:42.7409720 GameState.DebugPrintPower() -     TAG_CHANGE Entity=[entityName=水栖形态 id=10 zone=HAND zonePos=1 cardId=TSC_654 player=1] tag=SPAWN_TIME_COUNT value=0 
D 22:11:42.7409720 GameState.DebugPrintPower() -     TAG_CHANGE Entity=[entityName=水栖形态 id=10 zone=HAND zonePos=1 cardId=TSC_654 player=1] tag=SPAWN_TIME_COUNT value=1 
D 22:11:42.7409720 GameState.DebugPrintPower() -     TAG_CHANGE Entity=[entityName=水栖形态 id=10 zone=HAND zonePos=1 cardId=TSC_654 player=1] tag=ZONE value=PLAY 
D 22:11:42.7409720 GameState.DebugPrintPower() -     META_DATA - Meta=SLUSH_TIME Data=3000 InfoCount=1
D 22:11:42.7409720 GameState.DebugPrintPower() -                 Info[0] = [entityName=水栖形态 id=10 zone=HAND zonePos=1 cardId=TSC_654 player=1]
D 22:11:42.7409720 GameState.DebugPrintPower() -     BLOCK_START BlockType=TRIGGER Entity=[entityName=黑市拍卖师 id=43 zone=PLAY zonePos=1 cardId=JAIL_718 player=1] EffectCardId=System.Collections.Generic.List`1[System.String] EffectIndex=0 Target=0 SubOption=-1 TriggerKeyword=TRIGGER_VISUAL
D 22:11:42.7409720 GameState.DebugPrintPower() -         SUB_SPELL_START - SpellPrefabGUID=EX1FX_Unique_UnTargeted_CoinBurst_FX:5f82666873b52784c9508a8875dd4789 Source=43 TargetCount=1
D 22:11:42.7409720 GameState.DebugPrintPower() -                           Source = [entityName=黑市拍卖师 id=43 zone=PLAY zonePos=1 cardId=JAIL_718 player=1]
D 22:11:42.7409720 GameState.DebugPrintPower() -                           Targets[0] = [entityName=黑市拍卖师 id=43 zone=PLAY zonePos=1 cardId=JAIL_718 player=1]
D 22:11:42.7409720 GameState.DebugPrintPower() -             TAG_CHANGE Entity=湫然#51704 tag=2166 value=27 
D 22:11:42.7409720 GameState.DebugPrintPower() -             TAG_CHANGE Entity=湫然#51704 tag=467 value=1 
D 22:11:42.7409720 GameState.DebugPrintPower() -             SHOW_ENTITY - Updating Entity=[entityName=UNKNOWN ENTITY [cardType=INVALID] id=27 zone=DECK zonePos=0 cardId= player=1] CardID=SC_755
D 22:11:42.7409720 GameState.DebugPrintPower() -                 tag=CONTROLLER value=1
D 22:11:42.7409720 GameState.DebugPrintPower() -                 tag=CARDTYPE value=SPELL
D 22:11:42.7409720 GameState.DebugPrintPower() -                 tag=ZONE value=HAND
D 22:11:42.7409720 GameState.DebugPrintPower() -                 tag=ENTITY_ID value=27
D 22:11:42.7409720 GameState.DebugPrintPower() -                 tag=CLASS value=DRUID
D 22:11:42.7409720 GameState.DebugPrintPower() -                 tag=RARITY value=COMMON
D 22:11:42.7409720 GameState.DebugPrintPower() -                 tag=478 value=1
D 22:11:42.7409720 GameState.DebugPrintPower() -                 tag=1037 value=1
D 22:11:42.7409720 GameState.DebugPrintPower() -                 tag=1043 value=1
D 22:11:42.7409720 GameState.DebugPrintPower() -                 tag=1068 value=0
D 22:11:42.7409720 GameState.DebugPrintPower() -                 tag=SPAWN_TIME_COUNT value=1
D 22:11:42.7409720 GameState.DebugPrintPower() -                 tag=1724 value=1
D 22:11:42.7409720 GameState.DebugPrintPower() -                 tag=MINI_SET value=1
D 22:11:42.7409720 GameState.DebugPrintPower() -                 tag=PROTOSS value=1
D 22:11:42.7409720 GameState.DebugPrintPower() -             TAG_CHANGE Entity=[entityName=UNKNOWN ENTITY [cardType=INVALID] id=27 zone=DECK zonePos=0 cardId= player=1] tag=NUM_TURNS_IN_HAND value=1 
D 22:11:42.7409720 GameState.DebugPrintPower() -             TAG_CHANGE Entity=[entityName=UNKNOWN ENTITY [cardType=INVALID] id=27 zone=DECK zonePos=0 cardId= player=1] tag=ZONE_POSITION value=7 
D 22:11:42.7409720 GameState.DebugPrintPower() -             TAG_CHANGE Entity=[entityName=UNKNOWN ENTITY [cardType=INVALID] id=27 zone=DECK zonePos=0 cardId= player=1] tag=ZONE_POSITION value=0 
D 22:11:42.7409720 GameState.DebugPrintPower() -             TAG_CHANGE Entity=[entityName=UNKNOWN ENTITY [cardType=INVALID] id=27 zone=DECK zonePos=0 cardId= player=1] tag=ZONE_POSITION value=7 
D 22:11:42.7409720 GameState.DebugPrintPower() -             TAG_CHANGE Entity=湫然#51704 tag=3242 value=3 
D 22:11:42.7409720 GameState.DebugPrintPower() -             TAG_CHANGE Entity=湫然#51704 tag=NUM_CARDS_DRAWN_THIS_TURN value=4 
D 22:11:42.7409720 GameState.DebugPrintPower() -             TAG_CHANGE Entity=湫然#51704 tag=995 value=10 
D 22:11:42.7409720 GameState.DebugPrintPower() -             TAG_CHANGE Entity=[entityName=UNKNOWN ENTITY [cardType=INVALID] id=27 zone=DECK zonePos=0 cardId= player=1] tag=1570 value=9 
D 22:11:42.7409720 GameState.DebugPrintPower() -             TAG_CHANGE Entity=湫然#51704 tag=467 value=0 
D 22:11:42.7409720 GameState.DebugPrintPower() -         SUB_SPELL_END
D 22:11:42.7409720 GameState.DebugPrintPower() -     BLOCK_END
D 22:11:42.7409720 GameState.DebugPrintPower() -     META_DATA - Meta=SLUSH_TIME Data=200 InfoCount=1
D 22:11:42.7409720 GameState.DebugPrintPower() -                 Info[0] = [entityName=黑市拍卖师 id=43 zone=PLAY zonePos=1 cardId=JAIL_718 player=1]
D 22:11:42.7409720 GameState.DebugPrintPower() -     TAG_CHANGE Entity=湫然#51704 tag=NUM_SPELLS_PLAYED_THIS_GAME value=5 
D 22:11:42.7409720 GameState.DebugPrintPower() -     BLOCK_START BlockType=POWER Entity=[entityName=水栖形态 id=10 zone=HAND zonePos=1 cardId=TSC_654 player=1] EffectCardId=System.Collections.Generic.List`1[System.String] EffectIndex=0 Target=0 SubOption=-1 
D 22:11:42.7409720 GameState.DebugPrintPower() -         META_DATA - Meta=SLUSH_TIME Data=7000 InfoCount=1
D 22:11:42.7409720 GameState.DebugPrintPower() -                     Info[0] = [entityName=水栖形态 id=10 zone=HAND zonePos=1 cardId=TSC_654 player=1]
D 22:11:42.7409720 GameState.DebugPrintPower() -         META_DATA - Meta=OVERRIDE_HISTORY Data=0 InfoCount=1
D 22:11:42.7409720 GameState.DebugPrintPower() -                     Info[0] = [entityName=水栖形态 id=10 zone=HAND zonePos=1 cardId=TSC_654 player=1]
D 22:11:42.7409720 GameState.DebugPrintPower() -         FULL_ENTITY - Creating ID=135 CardID=TTN_955
D 22:11:42.7409720 GameState.DebugPrintPower() -             tag=CONTROLLER value=1
D 22:11:42.7409720 GameState.DebugPrintPower() -             tag=CARDTYPE value=SPELL
D 22:11:42.7409720 GameState.DebugPrintPower() -             tag=TAG_LAST_KNOWN_COST_IN_HAND value=2
D 22:11:42.7409720 GameState.DebugPrintPower() -             tag=COST value=2
D 22:11:42.7409720 GameState.DebugPrintPower() -             tag=PREMIUM value=1
D 22:11:42.7409720 GameState.DebugPrintPower() -             tag=ZONE value=SETASIDE
D 22:11:42.7409720 GameState.DebugPrintPower() -             tag=ENTITY_ID value=135
D 22:11:42.7409720 GameState.DebugPrintPower() -             tag=CLASS value=DRUID
D 22:11:42.7409720 GameState.DebugPrintPower() -             tag=RARITY value=COMMON
D 22:11:42.7409720 GameState.DebugPrintPower() -             tag=CREATOR value=10
D 22:11:42.7409720 GameState.DebugPrintPower() -             tag=CHOOSE_ONE value=1
D 22:11:42.7409720 GameState.DebugPrintPower() -             tag=1037 value=1
D 22:11:42.7409720 GameState.DebugPrintPower() -             tag=CREATOR_DBID value=73774
D 22:11:42.7409720 GameState.DebugPrintPower() -             tag=SPAWN_TIME_COUNT value=1
D 22:11:42.7409720 GameState.DebugPrintPower() -             tag=SPELL_SCHOOL value=4
D 22:11:42.7409720 GameState.DebugPrintPower() -             tag=4901 value=1
D 22:11:42.7409720 GameState.DebugPrintPower() -         TAG_CHANGE Entity=135 tag=4901 value=0 
D 22:11:42.7409720 GameState.DebugPrintPower() -         FULL_ENTITY - Creating ID=136 CardID=TTN_955A
D 22:11:42.7409720 GameState.DebugPrintPower() -             tag=CONTROLLER value=1
D 22:11:42.7409720 GameState.DebugPrintPower() -             tag=CARDTYPE value=SPELL
D 22:11:42.7409720 GameState.DebugPrintPower() -             tag=TAG_LAST_KNOWN_COST_IN_HAND value=2
D 22:11:42.7409720 GameState.DebugPrintPower() -             tag=COST value=2
D 22:11:42.7409720 GameState.DebugPrintPower() -             tag=PREMIUM value=1
D 22:11:42.7409720 GameState.DebugPrintPower() -             tag=ZONE value=SETASIDE
D 22:11:42.7409720 GameState.DebugPrintPower() -             tag=ENTITY_ID value=136
D 22:11:42.7409720 GameState.DebugPrintPower() -             tag=CLASS value=DRUID
D 22:11:42.7409720 GameState.DebugPrintPower() -             tag=CREATOR value=135
D 22:11:42.7409720 GameState.DebugPrintPower() -             tag=1037 value=1
D 22:11:42.7409720 GameState.DebugPrintPower() -             tag=CREATOR_DBID value=100093
D 22:11:42.7409720 GameState.DebugPrintPower() -             tag=SPAWN_TIME_COUNT value=1
D 22:11:42.7409720 GameState.DebugPrintPower() -             tag=SPELL_SCHOOL value=4
D 22:11:42.7409720 GameState.DebugPrintPower() -             tag=4901 value=1
D 22:11:42.7409720 GameState.DebugPrintPower() -         TAG_CHANGE Entity=136 tag=4901 value=0 
D 22:11:42.7409720 GameState.DebugPrintPower() -         TAG_CHANGE Entity=136 tag=PARENT_CARD value=135 
D 22:11:42.7409720 GameState.DebugPrintPower() -         FULL_ENTITY - Creating ID=137 CardID=TTN_955B
D 22:11:42.7409720 GameState.DebugPrintPower() -             tag=CONTROLLER value=1
D 22:11:42.7409720 GameState.DebugPrintPower() -             tag=CARDTYPE value=SPELL
D 22:11:42.7409720 GameState.DebugPrintPower() -             tag=TAG_LAST_KNOWN_COST_IN_HAND value=2
D 22:11:42.7409720 GameState.DebugPrintPower() -             tag=COST value=2
D 22:11:42.7409720 GameState.DebugPrintPower() -             tag=PREMIUM value=1
D 22:11:42.7409720 GameState.DebugPrintPower() -             tag=ZONE value=SETASIDE
D 22:11:42.7409720 GameState.DebugPrintPower() -             tag=ENTITY_ID value=137
D 22:11:42.7409720 GameState.DebugPrintPower() -             tag=CLASS value=DRUID
D 22:11:42.7409720 GameState.DebugPrintPower() -             tag=CREATOR value=135
D 22:11:42.7409720 GameState.DebugPrintPower() -             tag=1037 value=1
D 22:11:42.7409720 GameState.DebugPrintPower() -             tag=CREATOR_DBID value=100093
D 22:11:42.7409720 GameState.DebugPrintPower() -             tag=SPAWN_TIME_COUNT value=1
D 22:11:42.7409720 GameState.DebugPrintPower() -             tag=SPELL_SCHOOL value=4
D 22:11:42.7409720 GameState.DebugPrintPower() -             tag=4901 value=1
D 22:11:42.7409720 GameState.DebugPrintPower() -         TAG_CHANGE Entity=137 tag=4901 value=0 
D 22:11:42.7409720 GameState.DebugPrintPower() -         TAG_CHANGE Entity=137 tag=PARENT_CARD value=135 
D 22:11:42.7409720 GameState.DebugPrintPower() -         TAG_CHANGE Entity=135 tag=4741 value=1 
D 22:11:42.7409720 GameState.DebugPrintPower() -         TAG_CHANGE Entity=135 tag=COPIED_FROM_ENTITY_ID value=6 
D 22:11:42.7409720 GameState.DebugPrintPower() -         TAG_CHANGE Entity=135 tag=3669 value=1 
D 22:11:42.7409720 GameState.DebugPrintPower() -         TAG_CHANGE Entity=135 tag=LINKED_ENTITY value=6 
D 22:11:42.7409720 GameState.DebugPrintPower() -         FULL_ENTITY - Creating ID=138 CardID=VAC_428
D 22:11:42.7409720 GameState.DebugPrintPower() -             tag=CONTROLLER value=1
D 22:11:42.7409720 GameState.DebugPrintPower() -             tag=CARDTYPE value=SPELL
D 22:11:42.7409720 GameState.DebugPrintPower() -             tag=TAG_LAST_KNOWN_COST_IN_HAND value=1
D 22:11:42.7409720 GameState.DebugPrintPower() -             tag=COST value=1
D 22:11:42.7409720 GameState.DebugPrintPower() -             tag=ZONE value=SETASIDE
D 22:11:42.7409720 GameState.DebugPrintPower() -             tag=ENTITY_ID value=138
D 22:11:42.7409720 GameState.DebugPrintPower() -             tag=CLASS value=MAGE
D 22:11:42.7409720 GameState.DebugPrintPower() -             tag=RARITY value=EPIC
D 22:11:42.7409720 GameState.DebugPrintPower() -             tag=CREATOR value=10
D 22:11:42.7409720 GameState.DebugPrintPower() -             tag=1037 value=1
D 22:11:42.7409720 GameState.DebugPrintPower() -             tag=CREATOR_DBID value=73774
D 22:11:42.7409720 GameState.DebugPrintPower() -             tag=SPAWN_TIME_COUNT value=1
D 22:11:42.7409720 GameState.DebugPrintPower() -             tag=4901 value=1
D 22:11:42.7409720 GameState.DebugPrintPower() -         TAG_CHANGE Entity=138 tag=4901 value=0 
D 22:11:42.7409720 GameState.DebugPrintPower() -         TAG_CHANGE Entity=138 tag=4741 value=1 
D 22:11:42.7409720 GameState.DebugPrintPower() -         TAG_CHANGE Entity=138 tag=COPIED_FROM_ENTITY_ID value=29 
D 22:11:42.7409720 GameState.DebugPrintPower() -         TAG_CHANGE Entity=138 tag=3669 value=1 
D 22:11:42.7409720 GameState.DebugPrintPower() -         TAG_CHANGE Entity=138 tag=LINKED_ENTITY value=29 
D 22:11:42.7409720 GameState.DebugPrintPower() -         FULL_ENTITY - Creating ID=139 CardID=SCH_427
D 22:11:42.7409720 GameState.DebugPrintPower() -             tag=CONTROLLER value=1
D 22:11:42.7409720 GameState.DebugPrintPower() -             tag=CARDTYPE value=SPELL
D 22:11:42.7409720 GameState.DebugPrintPower() -             tag=ZONE value=SETASIDE
D 22:11:42.7409720 GameState.DebugPrintPower() -             tag=ENTITY_ID value=139
D 22:11:42.7409720 GameState.DebugPrintPower() -             tag=CLASS value=DRUID
D 22:11:42.7409720 GameState.DebugPrintPower() -             tag=RARITY value=COMMON
D 22:11:42.7409720 GameState.DebugPrintPower() -             tag=OVERLOAD value=1
D 22:11:42.7409720 GameState.DebugPrintPower() -             tag=CREATOR value=10
D 22:11:42.7409720 GameState.DebugPrintPower() -             tag=MULTIPLE_CLASSES value=130
D 22:11:42.7409720 GameState.DebugPrintPower() -             tag=1037 value=1
D 22:11:42.7409720 GameState.DebugPrintPower() -             tag=CREATOR_DBID value=73774
D 22:11:42.7409720 GameState.DebugPrintPower() -             tag=SPAWN_TIME_COUNT value=1
D 22:11:42.7409720 GameState.DebugPrintPower() -             tag=SPELL_SCHOOL value=4
D 22:11:42.7409720 GameState.DebugPrintPower() -             tag=4901 value=1
D 22:11:42.7409720 GameState.DebugPrintPower() -         TAG_CHANGE Entity=139 tag=4901 value=0 
D 22:11:42.7409720 GameState.DebugPrintPower() -         TAG_CHANGE Entity=139 tag=4741 value=1 
D 22:11:42.7409720 GameState.DebugPrintPower() -         TAG_CHANGE Entity=139 tag=COPIED_FROM_ENTITY_ID value=20 
D 22:11:42.7409720 GameState.DebugPrintPower() -         TAG_CHANGE Entity=139 tag=3669 value=1 
D 22:11:42.7409720 GameState.DebugPrintPower() -         TAG_CHANGE Entity=139 tag=LINKED_ENTITY value=20 
D 22:11:42.7409720 PowerTaskList.DebugDump() - ID=244 ParentID=0 PreviousID=0 TaskCount=18
D 22:11:42.7409720 PowerTaskList.DebugPrintPower() - BLOCK_START BlockType=PLAY Entity=[entityName=水栖形态 id=10 zone=HAND zonePos=1 cardId=TSC_654 player=1] EffectCardId=System.Collections.Generic.List`1[System.String] EffectIndex=0 Target=0 SubOption=-1 
D 22:11:42.7409720 PowerTaskList.DebugPrintPower() -     TAG_CHANGE Entity=湫然#51704 tag=NUM_CARDS_PLAYED_THIS_TURN value=4 
D 22:11:42.7409720 PowerTaskList.DebugPrintPower() -     TAG_CHANGE Entity=湫然#51704 tag=430 value=3 
D 22:11:42.7409720 PowerTaskList.DebugPrintPower() -     TAG_CHANGE Entity=[entityName=水栖形态 id=10 zone=HAND zonePos=1 cardId=TSC_654 player=1] tag=JUST_PLAYED value=1 
D 22:11:42.7409720 PowerTaskList.DebugPrintPower() -     TAG_CHANGE Entity=[entityName=水栖形态 id=10 zone=HAND zonePos=1 cardId=TSC_654 player=1] tag=3557 value=1 
D 22:11:42.7409720 PowerTaskList.DebugPrintPower() -     TAG_CHANGE Entity=[entityName=水栖形态 id=10 zone=HAND zonePos=1 cardId=TSC_654 player=1] tag=1068 value=1 
D 22:11:42.7409720 PowerTaskList.DebugPrintPower() -     TAG_CHANGE Entity=[entityName=水栖形态 id=10 zone=HAND zonePos=1 cardId=TSC_654 player=1] tag=1068 value=0 
D 22:11:42.7409720 PowerTaskList.DebugPrintPower() -     TAG_CHANGE Entity=[entityName=月火术 id=12 zone=HAND zonePos=7 cardId=CS2_008 player=1] tag=ZONE_POSITION value=6 
D 22:11:42.7409720 PowerTaskList.DebugPrintPower() -     TAG_CHANGE Entity=[entityName=虚灵改装师 id=37 zone=HAND zonePos=6 cardId=BT_724 player=1] tag=ZONE_POSITION value=5 
D 22:11:42.7409720 PowerTaskList.DebugPrintPower() -     TAG_CHANGE Entity=[entityName=生物计划 id=21 zone=HAND zonePos=5 cardId=BOT_054 player=1] tag=ZONE_POSITION value=4 
D 22:11:42.7409720 PowerTaskList.DebugPrintPower() -     TAG_CHANGE Entity=[entityName=米斯塔·维斯塔 id=15 zone=HAND zonePos=4 cardId=VAC_519 player=1] tag=ZONE_POSITION value=3 
D 22:11:42.7409720 PowerTaskList.DebugPrintPower() -     TAG_CHANGE Entity=[entityName=光子炮台 id=35 zone=HAND zonePos=3 cardId=SC_753 player=1] tag=ZONE_POSITION value=2 
D 22:11:42.7409720 PowerTaskList.DebugPrintPower() -     TAG_CHANGE Entity=[entityName=虚灵改装师 id=11 zone=HAND zonePos=2 cardId=BT_724 player=1] tag=ZONE_POSITION value=1 
D 22:11:42.7409720 PowerTaskList.DebugPrintPower() -     TAG_CHANGE Entity=[entityName=水栖形态 id=10 zone=HAND zonePos=1 cardId=TSC_654 player=1] tag=1037 value=0 
D 22:11:42.7409720 PowerTaskList.DebugPrintPower() -     TAG_CHANGE Entity=[entityName=水栖形态 id=10 zone=HAND zonePos=1 cardId=TSC_654 player=1] tag=ZONE_POSITION value=0 
D 22:11:42.7409720 PowerTaskList.DebugPrintPower() -     TAG_CHANGE Entity=[entityName=水栖形态 id=10 zone=HAND zonePos=1 cardId=TSC_654 player=1] tag=SPAWN_TIME_COUNT value=0 
D 22:11:42.7409720 PowerTaskList.DebugPrintPower() -     TAG_CHANGE Entity=[entityName=水栖形态 id=10 zone=HAND zonePos=1 cardId=TSC_654 player=1] tag=SPAWN_TIME_COUNT value=1 
D 22:11:42.7409720 PowerTaskList.DebugPrintPower() -     TAG_CHANGE Entity=[entityName=水栖形态 id=10 zone=HAND zonePos=1 cardId=TSC_654 player=1] tag=ZONE value=PLAY 
D 22:11:42.7409720 PowerTaskList.DebugPrintPower() -     META_DATA - Meta=SLUSH_TIME Data=3000 InfoCount=1
D 22:11:42.7409720 PowerTaskList.DebugPrintPower() -                 Info[0] = [entityName=水栖形态 id=10 zone=HAND zonePos=1 cardId=TSC_654 player=1]
D 22:11:42.7409720 PowerTaskList.DebugDump() - Block End=(null)
D 22:11:42.7409720 PowerProcessor.PrepareHistoryForCurrentTaskList() - m_currentTaskList=244
D 22:11:42.7409720 PowerProcessor.DoTaskListForCard() - unhandled BlockType PLAY for sourceEntity [entityName=水栖形态 id=10 zone=HAND zonePos=1 cardId=TSC_654 player=1]
D 22:11:42.7750015 GameState.DebugPrintEntityChoices() - id=5 Player=湫然#51704 TaskList=249 ChoiceType=GENERAL CountMin=1 CountMax=1
D 22:11:42.7750015 GameState.DebugPrintEntityChoices() -   Source=[entityName=水栖形态 id=10 zone=PLAY zonePos=0 cardId=TSC_654 player=1]
D 22:11:42.7750015 GameState.DebugPrintEntityChoices() -   Entities[0]=[entityName=生命缚誓者的礼物 id=135 zone=SETASIDE zonePos=0 cardId=TTN_955 player=1]
D 22:11:42.7750015 GameState.DebugPrintEntityChoices() -   Entities[1]=[entityName=顺水漂流 id=138 zone=SETASIDE zonePos=0 cardId=VAC_428 player=1]
D 22:11:42.7750015 GameState.DebugPrintEntityChoices() -   Entities[2]=[entityName=雷霆绽放 id=139 zone=SETASIDE zonePos=0 cardId=SCH_427 player=1]
D 22:11:42.7750015 ChoiceCardMgr.WaitThenShowChoices() - id=5 WAIT for taskList 249
D 22:11:42.9647029 PowerProcessor.EndCurrentTaskList() - m_currentTaskList=244
D 22:11:42.9715478 PowerTaskList.DebugDump() - ID=245 ParentID=244 PreviousID=0 TaskCount=1
D 22:11:42.9715478 PowerTaskList.DebugPrintPower() - BLOCK_START BlockType=TRIGGER Entity=[entityName=黑市拍卖师 id=43 zone=PLAY zonePos=1 cardId=JAIL_718 player=1] EffectCardId=System.Collections.Generic.List`1[System.String] EffectIndex=0 Target=0 SubOption=-1 TriggerKeyword=TRIGGER_VISUAL
D 22:11:42.9715478 PowerTaskList.DebugPrintPower() -     META_DATA - Meta=ARTIFICIAL_HISTORY_INTERRUPT Data=0 InfoCount=0
D 22:11:42.9715478 PowerTaskList.DebugDump() - Block End=(null)
D 22:11:42.9715478 PowerProcessor.PrepareHistoryForCurrentTaskList() - m_currentTaskList=245
D 22:11:43.1759187 PowerProcessor.EndCurrentTaskList() - m_currentTaskList=245
D 22:11:43.1802505 PowerTaskList.DebugDump() - ID=246 ParentID=244 PreviousID=245 TaskCount=14
D 22:11:43.1802505 PowerTaskList.DebugDump() - Block Start=(null)
D 22:11:43.1802505 PowerTaskList.DebugPrintPower() -     SUB_SPELL_START - SpellPrefabGUID=EX1FX_Unique_UnTargeted_CoinBurst_FX:5f82666873b52784c9508a8875dd4789 Source=43 TargetCount=1
D 22:11:43.1802505 PowerTaskList.DebugPrintPower() -                       Source = [entityName=黑市拍卖师 id=43 zone=PLAY zonePos=1 cardId=JAIL_718 player=1]
D 22:11:43.1802505 PowerTaskList.DebugPrintPower() -                       Targets[0] = [entityName=黑市拍卖师 id=43 zone=PLAY zonePos=1 cardId=JAIL_718 player=1]
D 22:11:43.1802505 PowerTaskList.DebugPrintPower() -         TAG_CHANGE Entity=湫然#51704 tag=2166 value=27 
D 22:11:43.1802505 PowerTaskList.DebugPrintPower() -         TAG_CHANGE Entity=湫然#51704 tag=467 value=1 
D 22:11:43.1802505 PowerTaskList.DebugPrintPower() -         SHOW_ENTITY - Updating Entity=[entityName=UNKNOWN ENTITY [cardType=INVALID] id=27 zone=DECK zonePos=0 cardId= player=1] CardID=SC_755
D 22:11:43.1802505 PowerTaskList.DebugPrintPower() -             tag=CONTROLLER value=1
D 22:11:43.1802505 PowerTaskList.DebugPrintPower() -             tag=CARDTYPE value=SPELL
D 22:11:43.1802505 PowerTaskList.DebugPrintPower() -             tag=ZONE value=HAND
D 22:11:43.1802505 PowerTaskList.DebugPrintPower() -             tag=ENTITY_ID value=27
D 22:11:43.1802505 PowerTaskList.DebugPrintPower() -             tag=CLASS value=DRUID
D 22:11:43.1802505 PowerTaskList.DebugPrintPower() -             tag=RARITY value=COMMON
D 22:11:43.1802505 PowerTaskList.DebugPrintPower() -             tag=478 value=1
D 22:11:43.1802505 PowerTaskList.DebugPrintPower() -             tag=1037 value=1
D 22:11:43.1802505 PowerTaskList.DebugPrintPower() -             tag=1043 value=1
D 22:11:43.1802505 PowerTaskList.DebugPrintPower() -             tag=1068 value=0
D 22:11:43.1802505 PowerTaskList.DebugPrintPower() -             tag=SPAWN_TIME_COUNT value=1
D 22:11:43.1802505 PowerTaskList.DebugPrintPower() -             tag=1724 value=1
D 22:11:43.1802505 PowerTaskList.DebugPrintPower() -             tag=MINI_SET value=1
D 22:11:43.1802505 PowerTaskList.DebugPrintPower() -             tag=PROTOSS value=1
D 22:11:43.1802505 PowerTaskList.DebugPrintPower() -         TAG_CHANGE Entity=[entityName=UNKNOWN ENTITY [cardType=INVALID] id=27 zone=DECK zonePos=0 cardId= player=1] tag=NUM_TURNS_IN_HAND value=1 
D 22:11:43.1802505 PowerTaskList.DebugPrintPower() -         TAG_CHANGE Entity=[entityName=UNKNOWN ENTITY [cardType=INVALID] id=27 zone=DECK zonePos=0 cardId= player=1] tag=ZONE_POSITION value=7 
D 22:11:43.1802505 PowerTaskList.DebugPrintPower() -         TAG_CHANGE Entity=[entityName=UNKNOWN ENTITY [cardType=INVALID] id=27 zone=DECK zonePos=0 cardId= player=1] tag=ZONE_POSITION value=0 
D 22:11:43.1802505 PowerTaskList.DebugPrintPower() -         TAG_CHANGE Entity=[entityName=UNKNOWN ENTITY [cardType=INVALID] id=27 zone=DECK zonePos=0 cardId= player=1] tag=ZONE_POSITION value=7 
D 22:11:43.1802505 PowerTaskList.DebugPrintPower() -         TAG_CHANGE Entity=湫然#51704 tag=3242 value=3 
D 22:11:43.1802505 PowerTaskList.DebugPrintPower() -         TAG_CHANGE Entity=湫然#51704 tag=NUM_CARDS_DRAWN_THIS_TURN value=4 
D 22:11:43.1802505 PowerTaskList.DebugPrintPower() -         TAG_CHANGE Entity=湫然#51704 tag=995 value=10 
D 22:11:43.1802505 PowerTaskList.DebugPrintPower() -         TAG_CHANGE Entity=[entityName=UNKNOWN ENTITY [cardType=INVALID] id=27 zone=DECK zonePos=0 cardId= player=1] tag=1570 value=9 
D 22:11:43.1802505 PowerTaskList.DebugPrintPower() -         TAG_CHANGE Entity=湫然#51704 tag=467 value=0 
D 22:11:43.1802505 PowerTaskList.DebugPrintPower() -     SUB_SPELL_END
D 22:11:43.1802505 PowerTaskList.DebugDump() - Block End=(null)
D 22:11:43.1802505 PowerProcessor.PrepareHistoryForCurrentTaskList() - m_currentTaskList=246
D 22:11:43.2717551 PowerProcessor.EndCurrentTaskList() - m_currentTaskList=246
D 22:11:43.2787809 PowerTaskList.DebugDump() - ID=247 ParentID=244 PreviousID=246 TaskCount=0
D 22:11:43.2787809 PowerTaskList.DebugDump() - Block Start=(null)
D 22:11:43.2787809 PowerTaskList.DebugPrintPower() - BLOCK_END
D 22:11:43.2787809 PowerProcessor.PrepareHistoryForCurrentTaskList() - m_currentTaskList=247
D 22:11:43.2787809 PowerProcessor.EndCurrentTaskList() - m_currentTaskList=247
D 22:11:43.2787809 PowerTaskList.DebugDump() - ID=248 ParentID=0 PreviousID=244 TaskCount=2
D 22:11:43.2787809 PowerTaskList.DebugDump() - Block Start=(null)
D 22:11:43.2787809 PowerTaskList.DebugPrintPower() -     META_DATA - Meta=SLUSH_TIME Data=200 InfoCount=1
D 22:11:43.2787809 PowerTaskList.DebugPrintPower() -                 Info[0] = [entityName=黑市拍卖师 id=43 zone=PLAY zonePos=1 cardId=JAIL_718 player=1]
D 22:11:43.2787809 PowerTaskList.DebugPrintPower() -     TAG_CHANGE Entity=湫然#51704 tag=NUM_SPELLS_PLAYED_THIS_GAME value=5 
D 22:11:43.2787809 PowerTaskList.DebugDump() - Block End=(null)
D 22:11:43.2787809 PowerProcessor.PrepareHistoryForCurrentTaskList() - m_currentTaskList=248
D 22:11:43.2787809 PowerProcessor.DoTaskListForCard() - unhandled BlockType PLAY for sourceEntity [entityName=水栖形态 id=10 zone=PLAY zonePos=0 cardId=TSC_654 player=1]
D 22:11:43.2787809 PowerProcessor.EndCurrentTaskList() - m_currentTaskList=248
D 22:11:43.2787809 PowerTaskList.DebugDump() - ID=249 ParentID=244 PreviousID=0 TaskCount=26
D 22:11:43.2787809 PowerTaskList.DebugPrintPower() - BLOCK_START BlockType=POWER Entity=[entityName=水栖形态 id=10 zone=PLAY zonePos=0 cardId=TSC_654 player=1] EffectCardId=System.Collections.Generic.List`1[System.String] EffectIndex=0 Target=0 SubOption=-1 
D 22:11:43.2787809 PowerTaskList.DebugPrintPower() -     META_DATA - Meta=SLUSH_TIME Data=7000 InfoCount=1
D 22:11:43.2787809 PowerTaskList.DebugPrintPower() -                 Info[0] = [entityName=水栖形态 id=10 zone=PLAY zonePos=0 cardId=TSC_654 player=1]
D 22:11:43.2787809 PowerTaskList.DebugPrintPower() -     META_DATA - Meta=OVERRIDE_HISTORY Data=0 InfoCount=1
D 22:11:43.2787809 PowerTaskList.DebugPrintPower() -                 Info[0] = [entityName=水栖形态 id=10 zone=PLAY zonePos=0 cardId=TSC_654 player=1]
D 22:11:43.2787809 PowerTaskList.DebugPrintPower() -     FULL_ENTITY - Updating [entityName=生命缚誓者的礼物 id=135 zone=SETASIDE zonePos=0 cardId=TTN_955 player=1] CardID=TTN_955
D 22:11:43.2787809 PowerTaskList.DebugPrintPower() -         tag=CONTROLLER value=1
D 22:11:43.2787809 PowerTaskList.DebugPrintPower() -         tag=CARDTYPE value=SPELL
D 22:11:43.2787809 PowerTaskList.DebugPrintPower() -         tag=TAG_LAST_KNOWN_COST_IN_HAND value=2
D 22:11:43.2787809 PowerTaskList.DebugPrintPower() -         tag=COST value=2
D 22:11:43.2787809 PowerTaskList.DebugPrintPower() -         tag=PREMIUM value=1
D 22:11:43.2787809 PowerTaskList.DebugPrintPower() -         tag=ZONE value=SETASIDE
D 22:11:43.2787809 PowerTaskList.DebugPrintPower() -         tag=ENTITY_ID value=135
D 22:11:43.2787809 PowerTaskList.DebugPrintPower() -         tag=CLASS value=DRUID
D 22:11:43.2787809 PowerTaskList.DebugPrintPower() -         tag=RARITY value=COMMON
D 22:11:43.2787809 PowerTaskList.DebugPrintPower() -         tag=CREATOR value=10
D 22:11:43.2787809 PowerTaskList.DebugPrintPower() -         tag=CHOOSE_ONE value=1
D 22:11:43.2787809 PowerTaskList.DebugPrintPower() -         tag=1037 value=1
D 22:11:43.2787809 PowerTaskList.DebugPrintPower() -         tag=CREATOR_DBID value=73774
D 22:11:43.2787809 PowerTaskList.DebugPrintPower() -         tag=SPAWN_TIME_COUNT value=1
D 22:11:43.2787809 PowerTaskList.DebugPrintPower() -         tag=SPELL_SCHOOL value=4
D 22:11:43.2787809 PowerTaskList.DebugPrintPower() -         tag=4901 value=1
D 22:11:43.2787809 PowerTaskList.DebugPrintPower() -     TAG_CHANGE Entity=[entityName=生命缚誓者的礼物 id=135 zone=SETASIDE zonePos=0 cardId=TTN_955 player=1] tag=4901 value=0 
D 22:11:43.2787809 PowerTaskList.DebugPrintPower() -     FULL_ENTITY - Updating [entityName=生命缚誓者的绽放 id=136 zone=SETASIDE zonePos=0 cardId=TTN_955A player=1] CardID=TTN_955A
D 22:11:43.2787809 PowerTaskList.DebugPrintPower() -         tag=CONTROLLER value=1
D 22:11:43.2787809 PowerTaskList.DebugPrintPower() -         tag=CARDTYPE value=SPELL
D 22:11:43.2787809 PowerTaskList.DebugPrintPower() -         tag=TAG_LAST_KNOWN_COST_IN_HAND value=2
D 22:11:43.2787809 PowerTaskList.DebugPrintPower() -         tag=COST value=2
D 22:11:43.2787809 PowerTaskList.DebugPrintPower() -         tag=PREMIUM value=1
D 22:11:43.2787809 PowerTaskList.DebugPrintPower() -         tag=ZONE value=SETASIDE
D 22:11:43.2787809 PowerTaskList.DebugPrintPower() -         tag=ENTITY_ID value=136
D 22:11:43.2787809 PowerTaskList.DebugPrintPower() -         tag=CLASS value=DRUID
D 22:11:43.2787809 PowerTaskList.DebugPrintPower() -         tag=CREATOR value=135
D 22:11:43.2787809 PowerTaskList.DebugPrintPower() -         tag=1037 value=1
D 22:11:43.2787809 PowerTaskList.DebugPrintPower() -         tag=CREATOR_DBID value=100093
D 22:11:43.2787809 PowerTaskList.DebugPrintPower() -         tag=SPAWN_TIME_COUNT value=1
D 22:11:43.2787809 PowerTaskList.DebugPrintPower() -         tag=SPELL_SCHOOL value=4
D 22:11:43.2787809 PowerTaskList.DebugPrintPower() -         tag=4901 value=1
D 22:11:43.2787809 PowerTaskList.DebugPrintPower() -     TAG_CHANGE Entity=[entityName=生命缚誓者的绽放 id=136 zone=SETASIDE zonePos=0 cardId=TTN_955A player=1] tag=4901 value=0 
D 22:11:43.2787809 PowerTaskList.DebugPrintPower() -     TAG_CHANGE Entity=[entityName=生命缚誓者的绽放 id=136 zone=SETASIDE zonePos=0 cardId=TTN_955A player=1] tag=PARENT_CARD value=135 
D 22:11:43.2787809 PowerTaskList.DebugPrintPower() -     FULL_ENTITY - Updating [entityName=生命缚誓者的生长 id=137 zone=SETASIDE zonePos=0 cardId=TTN_955B player=1] CardID=TTN_955B
D 22:11:43.2787809 PowerTaskList.DebugPrintPower() -         tag=CONTROLLER value=1
D 22:11:43.2787809 PowerTaskList.DebugPrintPower() -         tag=CARDTYPE value=SPELL
D 22:11:43.2787809 PowerTaskList.DebugPrintPower() -         tag=TAG_LAST_KNOWN_COST_IN_HAND value=2
D 22:11:43.2787809 PowerTaskList.DebugPrintPower() -         tag=COST value=2
D 22:11:43.2787809 PowerTaskList.DebugPrintPower() -         tag=PREMIUM value=1
D 22:11:43.2787809 PowerTaskList.DebugPrintPower() -         tag=ZONE value=SETASIDE
D 22:11:43.2787809 PowerTaskList.DebugPrintPower() -         tag=ENTITY_ID value=137
D 22:11:43.2787809 PowerTaskList.DebugPrintPower() -         tag=CLASS value=DRUID
D 22:11:43.2787809 PowerTaskList.DebugPrintPower() -         tag=CREATOR value=135
D 22:11:43.2787809 PowerTaskList.DebugPrintPower() -         tag=1037 value=1
D 22:11:43.2787809 PowerTaskList.DebugPrintPower() -         tag=CREATOR_DBID value=100093
D 22:11:43.2787809 PowerTaskList.DebugPrintPower() -         tag=SPAWN_TIME_COUNT value=1
D 22:11:43.2787809 PowerTaskList.DebugPrintPower() -         tag=SPELL_SCHOOL value=4
D 22:11:43.2787809 PowerTaskList.DebugPrintPower() -         tag=4901 value=1
D 22:11:43.2787809 PowerTaskList.DebugPrintPower() -     TAG_CHANGE Entity=[entityName=生命缚誓者的生长 id=137 zone=SETASIDE zonePos=0 cardId=TTN_955B player=1] tag=4901 value=0 
D 22:11:43.2787809 PowerTaskList.DebugPrintPower() -     TAG_CHANGE Entity=[entityName=生命缚誓者的生长 id=137 zone=SETASIDE zonePos=0 cardId=TTN_955B player=1] tag=PARENT_CARD value=135 
D 22:11:43.2787809 PowerTaskList.DebugPrintPower() -     TAG_CHANGE Entity=[entityName=生命缚誓者的礼物 id=135 zone=SETASIDE zonePos=0 cardId=TTN_955 player=1] tag=4741 value=1 
D 22:11:43.2787809 PowerTaskList.DebugPrintPower() -     TAG_CHANGE Entity=[entityName=生命缚誓者的礼物 id=135 zone=SETASIDE zonePos=0 cardId=TTN_955 player=1] tag=COPIED_FROM_ENTITY_ID value=6 
D 22:11:43.2787809 PowerTaskList.DebugPrintPower() -     TAG_CHANGE Entity=[entityName=生命缚誓者的礼物 id=135 zone=SETASIDE zonePos=0 cardId=TTN_955 player=1] tag=3669 value=1 
D 22:11:43.2787809 PowerTaskList.DebugPrintPower() -     TAG_CHANGE Entity=[entityName=生命缚誓者的礼物 id=135 zone=SETASIDE zonePos=0 cardId=TTN_955 player=1] tag=LINKED_ENTITY value=6 
D 22:11:43.2787809 PowerTaskList.DebugPrintPower() -     FULL_ENTITY - Updating [entityName=顺水漂流 id=138 zone=SETASIDE zonePos=0 cardId=VAC_428 player=1] CardID=VAC_428
D 22:11:43.2787809 PowerTaskList.DebugPrintPower() -         tag=CONTROLLER value=1
D 22:11:43.2787809 PowerTaskList.DebugPrintPower() -         tag=CARDTYPE value=SPELL
D 22:11:43.2787809 PowerTaskList.DebugPrintPower() -         tag=TAG_LAST_KNOWN_COST_IN_HAND value=1
D 22:11:43.2787809 PowerTaskList.DebugPrintPower() -         tag=COST value=1
D 22:11:43.2787809 PowerTaskList.DebugPrintPower() -         tag=ZONE value=SETASIDE
D 22:11:43.2787809 PowerTaskList.DebugPrintPower() -         tag=ENTITY_ID value=138
D 22:11:43.2787809 PowerTaskList.DebugPrintPower() -         tag=CLASS value=MAGE
D 22:11:43.2787809 PowerTaskList.DebugPrintPower() -         tag=RARITY value=EPIC
D 22:11:43.2787809 PowerTaskList.DebugPrintPower() -         tag=CREATOR value=10
D 22:11:43.2787809 PowerTaskList.DebugPrintPower() -         tag=1037 value=1
D 22:11:43.2787809 PowerTaskList.DebugPrintPower() -         tag=CREATOR_DBID value=73774
D 22:11:43.2787809 PowerTaskList.DebugPrintPower() -         tag=SPAWN_TIME_COUNT value=1
D 22:11:43.2787809 PowerTaskList.DebugPrintPower() -         tag=4901 value=1
D 22:11:43.2787809 PowerTaskList.DebugPrintPower() -     TAG_CHANGE Entity=[entityName=顺水漂流 id=138 zone=SETASIDE zonePos=0 cardId=VAC_428 player=1] tag=4901 value=0 
D 22:11:43.2787809 PowerTaskList.DebugPrintPower() -     TAG_CHANGE Entity=[entityName=顺水漂流 id=138 zone=SETASIDE zonePos=0 cardId=VAC_428 player=1] tag=4741 value=1 
D 22:11:43.2787809 PowerTaskList.DebugPrintPower() -     TAG_CHANGE Entity=[entityName=顺水漂流 id=138 zone=SETASIDE zonePos=0 cardId=VAC_428 player=1] tag=COPIED_FROM_ENTITY_ID value=29 
D 22:11:43.2787809 PowerTaskList.DebugPrintPower() -     TAG_CHANGE Entity=[entityName=顺水漂流 id=138 zone=SETASIDE zonePos=0 cardId=VAC_428 player=1] tag=3669 value=1 
D 22:11:43.2787809 PowerTaskList.DebugPrintPower() -     TAG_CHANGE Entity=[entityName=顺水漂流 id=138 zone=SETASIDE zonePos=0 cardId=VAC_428 player=1] tag=LINKED_ENTITY value=29 
D 22:11:43.2787809 PowerTaskList.DebugPrintPower() -     FULL_ENTITY - Updating [entityName=雷霆绽放 id=139 zone=SETASIDE zonePos=0 cardId=SCH_427 player=1] CardID=SCH_427
D 22:11:43.2787809 PowerTaskList.DebugPrintPower() -         tag=CONTROLLER value=1
D 22:11:43.2787809 PowerTaskList.DebugPrintPower() -         tag=CARDTYPE value=SPELL
D 22:11:43.2787809 PowerTaskList.DebugPrintPower() -         tag=ZONE value=SETASIDE
D 22:11:43.2787809 PowerTaskList.DebugPrintPower() -         tag=ENTITY_ID value=139
D 22:11:43.2787809 PowerTaskList.DebugPrintPower() -         tag=CLASS value=DRUID
D 22:11:43.2787809 PowerTaskList.DebugPrintPower() -         tag=RARITY value=COMMON
D 22:11:43.2787809 PowerTaskList.DebugPrintPower() -         tag=OVERLOAD value=1
D 22:11:43.2787809 PowerTaskList.DebugPrintPower() -         tag=CREATOR value=10
D 22:11:43.2787809 PowerTaskList.DebugPrintPower() -         tag=MULTIPLE_CLASSES value=130
D 22:11:43.2787809 PowerTaskList.DebugPrintPower() -         tag=1037 value=1
D 22:11:43.2787809 PowerTaskList.DebugPrintPower() -         tag=CREATOR_DBID value=73774
D 22:11:43.2787809 PowerTaskList.DebugPrintPower() -         tag=SPAWN_TIME_COUNT value=1
D 22:11:43.2787809 PowerTaskList.DebugPrintPower() -         tag=SPELL_SCHOOL value=4
D 22:11:43.2787809 PowerTaskList.DebugPrintPower() -         tag=4901 value=1
D 22:11:43.2787809 PowerTaskList.DebugPrintPower() -     TAG_CHANGE Entity=[entityName=雷霆绽放 id=139 zone=SETASIDE zonePos=0 cardId=SCH_427 player=1] tag=4901 value=0 
D 22:11:43.2787809 PowerTaskList.DebugPrintPower() -     TAG_CHANGE Entity=[entityName=雷霆绽放 id=139 zone=SETASIDE zonePos=0 cardId=SCH_427 player=1] tag=4741 value=1 
D 22:11:43.2787809 PowerTaskList.DebugPrintPower() -     TAG_CHANGE Entity=[entityName=雷霆绽放 id=139 zone=SETASIDE zonePos=0 cardId=SCH_427 player=1] tag=COPIED_FROM_ENTITY_ID value=20 
D 22:11:43.2787809 PowerTaskList.DebugPrintPower() -     TAG_CHANGE Entity=[entityName=雷霆绽放 id=139 zone=SETASIDE zonePos=0 cardId=SCH_427 player=1] tag=3669 value=1 
D 22:11:43.2787809 PowerTaskList.DebugPrintPower() -     TAG_CHANGE Entity=[entityName=雷霆绽放 id=139 zone=SETASIDE zonePos=0 cardId=SCH_427 player=1] tag=LINKED_ENTITY value=20 
D 22:11:43.2787809 PowerTaskList.DebugDump() - Block End=(null)
D 22:11:43.2787809 PowerProcessor.PrepareHistoryForCurrentTaskList() - m_currentTaskList=249
D 22:11:43.3724360 PowerProcessor.EndCurrentTaskList() - m_currentTaskList=249
D 22:11:43.3724360 ChoiceCardMgr.WaitThenShowChoices() - id=5 BEGIN
D 22:11:45.3657116 GameState.DebugPrintEntitiesChosen() - id=5 Player=湫然#51704 EntitiesCount=1
D 22:11:45.3657116 GameState.DebugPrintEntitiesChosen() -   Entities[0]=[entityName=顺水漂流 id=138 zone=SETASIDE zonePos=0 cardId=VAC_428 player=1]
D 22:11:45.3657116 ChoiceCardMgr.DoesLocalChoiceMatchPacket(): Null list passed in! localChoices=, packetChoices=System.Collections.Generic.List`1[System.Int32].
D 22:11:45.4160462 GameState.DebugPrintPowerList() - Count=49
D 22:11:45.4160462 GameState.DebugPrintPower() - TAG_CHANGE Entity=加斯帕的礼物#5438 tag=PLAYSTATE value=CONCEDED 
D 22:11:45.4160462 GameState.DebugPrintPower() - TAG_CHANGE Entity=加斯帕的礼物#5438 tag=3479 value=1 
D 22:11:45.4160462 GameState.DebugPrintPower() - TAG_CHANGE Entity=[entityName=生命缚誓者的礼物 id=135 zone=SETASIDE zonePos=0 cardId=TTN_955 player=1] tag=3669 value=0 
D 22:11:45.4160462 GameState.DebugPrintPower() - TAG_CHANGE Entity=[entityName=顺水漂流 id=138 zone=SETASIDE zonePos=0 cardId=VAC_428 player=1] tag=3669 value=0 
D 22:11:45.4160462 GameState.DebugPrintPower() - TAG_CHANGE Entity=[entityName=雷霆绽放 id=139 zone=SETASIDE zonePos=0 cardId=SCH_427 player=1] tag=3669 value=0 
D 22:11:45.4160462 GameState.DebugPrintPower() - TAG_CHANGE Entity=湫然#51704 tag=PLAYSTATE value=WON 
D 22:11:45.4160462 GameState.DebugPrintPower() - TAG_CHANGE Entity=加斯帕的礼物#5438 tag=PLAYSTATE value=LOST 
D 22:11:45.4160462 GameState.DebugPrintPower() - TAG_CHANGE Entity=[entityName=虚灵改装师 id=11 zone=HAND zonePos=1 cardId=BT_724 player=1] tag=NUM_TURNS_IN_HAND value=10 
D 22:11:45.4160462 GameState.DebugPrintPower() - TAG_CHANGE Entity=[entityName=光子炮台 id=35 zone=HAND zonePos=2 cardId=SC_753 player=1] tag=NUM_TURNS_IN_HAND value=6 
D 22:11:45.4160462 GameState.DebugPrintPower() - TAG_CHANGE Entity=[entityName=米斯塔·维斯塔 id=15 zone=HAND zonePos=3 cardId=VAC_519 player=1] tag=NUM_TURNS_IN_HAND value=4 
D 22:11:45.4160462 GameState.DebugPrintPower() - TAG_CHANGE Entity=[entityName=生物计划 id=21 zone=HAND zonePos=4 cardId=BOT_054 player=1] tag=NUM_TURNS_IN_HAND value=2 
D 22:11:45.4160462 GameState.DebugPrintPower() - TAG_CHANGE Entity=[entityName=虚灵改装师 id=37 zone=HAND zonePos=5 cardId=BT_724 player=1] tag=NUM_TURNS_IN_HAND value=2 
D 22:11:45.4160462 GameState.DebugPrintPower() - TAG_CHANGE Entity=[entityName=月火术 id=12 zone=HAND zonePos=6 cardId=CS2_008 player=1] tag=NUM_TURNS_IN_HAND value=2 
D 22:11:45.4160462 GameState.DebugPrintPower() - TAG_CHANGE Entity=[entityName=建造水晶塔 id=27 zone=HAND zonePos=7 cardId=SC_755 player=1] tag=NUM_TURNS_IN_HAND value=2 
D 22:11:45.4160462 GameState.DebugPrintPower() - TAG_CHANGE Entity=GameEntity tag=NEXT_STEP value=FINAL_WRAPUP 
D 22:11:45.4160462 GameState.DebugPrintPower() - TAG_CHANGE Entity=GameEntity tag=STEP value=FINAL_WRAPUP 
D 22:11:45.4160462 GameState.DebugPrintPower() - BLOCK_START BlockType=TRIGGER Entity=GameEntity EffectCardId=System.Collections.Generic.List`1[System.String] EffectIndex=-1 Target=0 SubOption=-1 TriggerKeyword=TAG_NOT_SET
D 22:11:45.4160462 GameState.DebugPrintPower() -     TAG_CHANGE Entity=GameEntity tag=NEXT_STEP value=FINAL_GAMEOVER 
D 22:11:45.4160462 GameState.DebugPrintPower() - BLOCK_END
D 22:11:45.4160462 GameState.DebugPrintPower() - TAG_CHANGE Entity=GameEntity tag=STEP value=FINAL_GAMEOVER 
D 22:11:45.4160462 GameState.DebugPrintPower() - TAG_CHANGE Entity=GameEntity tag=STATE value=COMPLETE 
D 22:11:45.4160462 GameState.DebugPrintPower() - TAG_CHANGE Entity=[entityName=顺水漂流 id=138 zone=SETASIDE zonePos=0 cardId=VAC_428 player=1] tag=4741 value=2 
D 22:11:45.4160462 GameState.DebugPrintPower() - TAG_CHANGE Entity=[entityName=顺水漂流 id=138 zone=SETASIDE zonePos=0 cardId=VAC_428 player=1] tag=LAST_AFFECTED_BY value=10 
D 22:11:45.4160462 GameState.DebugPrintPower() - TAG_CHANGE Entity=[entityName=顺水漂流 id=138 zone=SETASIDE zonePos=0 cardId=VAC_428 player=1] tag=1068 value=4 
D 22:11:45.4160462 GameState.DebugPrintPower() - TAG_CHANGE Entity=[entityName=顺水漂流 id=138 zone=SETASIDE zonePos=0 cardId=VAC_428 player=1] tag=1068 value=0 
D 22:11:45.4160462 GameState.DebugPrintPower() - TAG_CHANGE Entity=[entityName=顺水漂流 id=138 zone=SETASIDE zonePos=0 cardId=VAC_428 player=1] tag=ZONE value=GRAVEYARD 
D 22:11:45.4160462 GameState.DebugPrintPower() - SHOW_ENTITY - Updating Entity=[entityName=UNKNOWN ENTITY [cardType=INVALID] id=29 zone=DECK zonePos=0 cardId= player=1] CardID=VAC_428
D 22:11:45.4160462 GameState.DebugPrintPower() -     tag=CONTROLLER value=1
D 22:11:45.4160462 GameState.DebugPrintPower() -     tag=CARDTYPE value=SPELL
D 22:11:45.4160462 GameState.DebugPrintPower() -     tag=TAG_LAST_KNOWN_COST_IN_HAND value=1
D 22:11:45.4160462 GameState.DebugPrintPower() -     tag=COST value=1
D 22:11:45.4160462 GameState.DebugPrintPower() -     tag=ZONE value=DECK
D 22:11:45.4160462 GameState.DebugPrintPower() -     tag=ENTITY_ID value=29
D 22:11:45.4160462 GameState.DebugPrintPower() -     tag=CLASS value=MAGE
D 22:11:45.4160462 GameState.DebugPrintPower() -     tag=RARITY value=EPIC
D 22:11:45.4160462 GameState.DebugPrintPower() -     tag=478 value=1
D 22:11:45.4160462 GameState.DebugPrintPower() -     tag=1043 value=1
D 22:11:45.4160462 GameState.DebugPrintPower() -     tag=1068 value=0
D 22:11:45.4160462 GameState.DebugPrintPower() -     tag=SPAWN_TIME_COUNT value=1
D 22:11:45.4160462 GameState.DebugPrintPower() -     tag=1711 value=1
D 22:11:45.4160462 GameState.DebugPrintPower() - META_DATA - Meta=HISTORY_TARGET Data=0 InfoCount=1
D 22:11:45.4160462 GameState.DebugPrintPower() -             Info[0] = [entityName=UNKNOWN ENTITY [cardType=INVALID] id=29 zone=DECK zonePos=0 cardId= player=1]
D 22:11:45.4160462 GameState.DebugPrintPower() - HIDE_ENTITY - Entity=[entityName=UNKNOWN ENTITY [cardType=INVALID] id=29 zone=DECK zonePos=0 cardId= player=1] tag=ZONE value=DECK
D 22:11:45.4160462 GameState.DebugPrintPower() - TAG_CHANGE Entity=湫然#51704 tag=2166 value=29 
D 22:11:45.4160462 GameState.DebugPrintPower() - TAG_CHANGE Entity=湫然#51704 tag=467 value=1 
D 22:11:45.4160462 GameState.DebugPrintPower() - SHOW_ENTITY - Updating Entity=[entityName=UNKNOWN ENTITY [cardType=INVALID] id=29 zone=DECK zonePos=0 cardId= player=1] CardID=VAC_428
D 22:11:45.4160462 GameState.DebugPrintPower() -     tag=CONTROLLER value=1
D 22:11:45.4160462 GameState.DebugPrintPower() -     tag=CARDTYPE value=SPELL
D 22:11:45.4160462 GameState.DebugPrintPower() -     tag=TAG_LAST_KNOWN_COST_IN_HAND value=1
D 22:11:45.4160462 GameState.DebugPrintPower() -     tag=COST value=1
D 22:11:45.4160462 GameState.DebugPrintPower() -     tag=ZONE value=HAND
D 22:11:45.4160462 GameState.DebugPrintPower() -     tag=ENTITY_ID value=29
D 22:11:45.4160462 GameState.DebugPrintPower() -     tag=CLASS value=MAGE
D 22:11:45.4160462 GameState.DebugPrintPower() -     tag=RARITY value=EPIC
D 22:11:45.4160462 GameState.DebugPrintPower() -     tag=478 value=1
D 22:11:45.4160462 GameState.DebugPrintPower() -     tag=1037 value=1
D 22:11:45.4160462 GameState.DebugPrintPower() -     tag=1043 value=1
D 22:11:45.4160462 GameState.DebugPrintPower() -     tag=1068 value=0
D 22:11:45.4160462 GameState.DebugPrintPower() -     tag=SPAWN_TIME_COUNT value=1
D 22:11:45.4160462 GameState.DebugPrintPower() -     tag=1711 value=0
D 22:11:45.4160462 GameState.DebugPrintPower() - TAG_CHANGE Entity=[entityName=UNKNOWN ENTITY [cardType=INVALID] id=29 zone=DECK zonePos=0 cardId= player=1] tag=NUM_TURNS_IN_HAND value=1 
D 22:11:45.4160462 GameState.DebugPrintPower() - TAG_CHANGE Entity=[entityName=UNKNOWN ENTITY [cardType=INVALID] id=29 zone=DECK zonePos=0 cardId= player=1] tag=ZONE_POSITION value=8 
D 22:11:45.4160462 GameState.DebugPrintPower() - TAG_CHANGE Entity=[entityName=UNKNOWN ENTITY [cardType=INVALID] id=29 zone=DECK zonePos=0 cardId= player=1] tag=ZONE_POSITION value=0 
D 22:11:45.4160462 GameState.DebugPrintPower() - TAG_CHANGE Entity=[entityName=UNKNOWN ENTITY [cardType=INVALID] id=29 zone=DECK zonePos=0 cardId= player=1] tag=ZONE_POSITION value=8 
D 22:11:45.4160462 GameState.DebugPrintPower() - TAG_CHANGE Entity=湫然#51704 tag=3242 value=4 
D 22:11:45.4160462 GameState.DebugPrintPower() - TAG_CHANGE Entity=湫然#51704 tag=NUM_CARDS_DRAWN_THIS_TURN value=5 
D 22:11:45.4160462 GameState.DebugPrintPower() - TAG_CHANGE Entity=湫然#51704 tag=995 value=11 
D 22:11:45.4160462 GameState.DebugPrintPower() - TAG_CHANGE Entity=[entityName=UNKNOWN ENTITY [cardType=INVALID] id=29 zone=DECK zonePos=0 cardId= player=1] tag=1570 value=9 
D 22:11:45.4160462 GameState.DebugPrintPower() - TAG_CHANGE Entity=湫然#51704 tag=467 value=0 
D 22:11:45.4160462 GameState.DebugPrintPower() - BLOCK_END
D 22:11:45.4160462 GameState.DebugPrintPower() - TAG_CHANGE Entity=[entityName=水栖形态 id=10 zone=PLAY zonePos=0 cardId=TSC_654 player=1] tag=1068 value=4 
D 22:11:45.4160462 GameState.DebugPrintPower() - TAG_CHANGE Entity=[entityName=水栖形态 id=10 zone=PLAY zonePos=0 cardId=TSC_654 player=1] tag=1068 value=0 
D 22:11:45.4160462 GameState.DebugPrintPower() - TAG_CHANGE Entity=[entityName=水栖形态 id=10 zone=PLAY zonePos=0 cardId=TSC_654 player=1] tag=ZONE value=GRAVEYARD 
D 22:11:45.4160462 GameState.DebugPrintPower() - TAG_CHANGE Entity=GameEntity tag=1323 value=16 
D 22:11:45.4160462 GameState.DebugPrintPower() - TAG_CHANGE Entity=湫然#51704 tag=NUM_OPTIONS_PLAYED_THIS_TURN value=4 
D 22:11:45.4160462 GameState.DebugPrintPower() - BLOCK_END
D 22:11:45.4160462 GameState.DebugPrintPower() - META_DATA - Meta=SLUSH_TIME Data=1000 InfoCount=1
D 22:11:45.4160462 GameState.DebugPrintPower() -             Info[0] = [entityName=水栖形态 id=10 zone=PLAY zonePos=0 cardId=TSC_654 player=1]
D 22:11:45.4160462 PowerTaskList.DebugDump() - ID=250 ParentID=0 PreviousID=249 TaskCount=16
D 22:11:45.4160462 PowerTaskList.DebugDump() - Block Start=(null)
D 22:11:45.4160462 PowerTaskList.DebugPrintPower() -     TAG_CHANGE Entity=加斯帕的礼物#5438 tag=PLAYSTATE value=CONCEDED 
D 22:11:45.4160462 PowerTaskList.DebugPrintPower() -     TAG_CHANGE Entity=加斯帕的礼物#5438 tag=3479 value=1 
D 22:11:45.4160462 PowerTaskList.DebugPrintPower() -     TAG_CHANGE Entity=[entityName=生命缚誓者的礼物 id=135 zone=SETASIDE zonePos=0 cardId=TTN_955 player=1] tag=3669 value=0 
D 22:11:45.4160462 PowerTaskList.DebugPrintPower() -     TAG_CHANGE Entity=[entityName=顺水漂流 id=138 zone=SETASIDE zonePos=0 cardId=VAC_428 player=1] tag=3669 value=0 
D 22:11:45.4160462 PowerTaskList.DebugPrintPower() -     TAG_CHANGE Entity=[entityName=雷霆绽放 id=139 zone=SETASIDE zonePos=0 cardId=SCH_427 player=1] tag=3669 value=0 
D 22:11:45.4160462 PowerTaskList.DebugPrintPower() -     TAG_CHANGE Entity=湫然#51704 tag=PLAYSTATE value=WON 
D 22:11:45.4160462 PowerTaskList.DebugPrintPower() -     TAG_CHANGE Entity=加斯帕的礼物#5438 tag=PLAYSTATE value=LOST 
D 22:11:45.4160462 PowerTaskList.DebugPrintPower() -     TAG_CHANGE Entity=[entityName=虚灵改装师 id=11 zone=HAND zonePos=1 cardId=BT_724 player=1] tag=NUM_TURNS_IN_HAND value=10 
D 22:11:45.4160462 PowerTaskList.DebugPrintPower() -     TAG_CHANGE Entity=[entityName=光子炮台 id=35 zone=HAND zonePos=2 cardId=SC_753 player=1] tag=NUM_TURNS_IN_HAND value=6 
D 22:11:45.4160462 PowerTaskList.DebugPrintPower() -     TAG_CHANGE Entity=[entityName=米斯塔·维斯塔 id=15 zone=HAND zonePos=3 cardId=VAC_519 player=1] tag=NUM_TURNS_IN_HAND value=4 
D 22:11:45.4160462 PowerTaskList.DebugPrintPower() -     TAG_CHANGE Entity=[entityName=生物计划 id=21 zone=HAND zonePos=4 cardId=BOT_054 player=1] tag=NUM_TURNS_IN_HAND value=2 
D 22:11:45.4160462 PowerTaskList.DebugPrintPower() -     TAG_CHANGE Entity=[entityName=虚灵改装师 id=37 zone=HAND zonePos=5 cardId=BT_724 player=1] tag=NUM_TURNS_IN_HAND value=2 
D 22:11:45.4160462 PowerTaskList.DebugPrintPower() -     TAG_CHANGE Entity=[entityName=月火术 id=12 zone=HAND zonePos=6 cardId=CS2_008 player=1] tag=NUM_TURNS_IN_HAND value=2 
D 22:11:45.4160462 PowerTaskList.DebugPrintPower() -     TAG_CHANGE Entity=[entityName=建造水晶塔 id=27 zone=HAND zonePos=7 cardId=SC_755 player=1] tag=NUM_TURNS_IN_HAND value=2 
D 22:11:45.4160462 PowerTaskList.DebugPrintPower() -     TAG_CHANGE Entity=GameEntity tag=NEXT_STEP value=FINAL_WRAPUP 
D 22:11:45.4160462 PowerTaskList.DebugPrintPower() -     TAG_CHANGE Entity=GameEntity tag=STEP value=FINAL_WRAPUP 
D 22:11:45.4160462 PowerTaskList.DebugDump() - Block End=(null)
D 22:11:45.4160462 PowerProcessor.PrepareHistoryForCurrentTaskList() - m_currentTaskList=250
D 22:11:45.4160462 PowerProcessor.EndCurrentTaskList() - m_currentTaskList=250
D 22:11:45.4160462 PowerTaskList.DebugDump() - ID=251 ParentID=249 PreviousID=0 TaskCount=1
D 22:11:45.4160462 PowerTaskList.DebugPrintPower() - BLOCK_START BlockType=TRIGGER Entity=GameEntity EffectCardId=System.Collections.Generic.List`1[System.String] EffectIndex=-1 Target=0 SubOption=-1 TriggerKeyword=TAG_NOT_SET
D 22:11:45.4160462 PowerTaskList.DebugPrintPower() -     TAG_CHANGE Entity=GameEntity tag=NEXT_STEP value=FINAL_GAMEOVER 
D 22:11:45.4160462 PowerTaskList.DebugPrintPower() - BLOCK_END
D 22:11:45.4160462 PowerProcessor.PrepareHistoryForCurrentTaskList() - m_currentTaskList=251
D 22:11:45.4160462 PowerProcessor.EndCurrentTaskList() - m_currentTaskList=251
D 22:11:45.4160462 PowerTaskList.DebugDump() - ID=252 ParentID=0 PreviousID=250 TaskCount=22
D 22:11:45.4160462 PowerTaskList.DebugDump() - Block Start=(null)
D 22:11:45.4160462 PowerTaskList.DebugPrintPower() -     TAG_CHANGE Entity=GameEntity tag=STEP value=FINAL_GAMEOVER 
D 22:11:45.4160462 PowerTaskList.DebugPrintPower() -     TAG_CHANGE Entity=GameEntity tag=STATE value=COMPLETE 
D 22:11:45.4160462 PowerTaskList.DebugPrintPower() -     TAG_CHANGE Entity=[entityName=顺水漂流 id=138 zone=SETASIDE zonePos=0 cardId=VAC_428 player=1] tag=4741 value=2 
D 22:11:45.4160462 PowerTaskList.DebugPrintPower() -     TAG_CHANGE Entity=[entityName=顺水漂流 id=138 zone=SETASIDE zonePos=0 cardId=VAC_428 player=1] tag=LAST_AFFECTED_BY value=10 
D 22:11:45.4160462 PowerTaskList.DebugPrintPower() -     TAG_CHANGE Entity=[entityName=顺水漂流 id=138 zone=SETASIDE zonePos=0 cardId=VAC_428 player=1] tag=1068 value=4 
D 22:11:45.4160462 PowerTaskList.DebugPrintPower() -     TAG_CHANGE Entity=[entityName=顺水漂流 id=138 zone=SETASIDE zonePos=0 cardId=VAC_428 player=1] tag=1068 value=0 
D 22:11:45.4160462 PowerTaskList.DebugPrintPower() -     TAG_CHANGE Entity=[entityName=顺水漂流 id=138 zone=SETASIDE zonePos=0 cardId=VAC_428 player=1] tag=ZONE value=GRAVEYARD 
D 22:11:45.4160462 PowerTaskList.DebugPrintPower() -     SHOW_ENTITY - Updating Entity=[entityName=UNKNOWN ENTITY [cardType=INVALID] id=29 zone=DECK zonePos=0 cardId= player=1] CardID=VAC_428
D 22:11:45.4160462 PowerTaskList.DebugPrintPower() -         tag=CONTROLLER value=1
D 22:11:45.4160462 PowerTaskList.DebugPrintPower() -         tag=CARDTYPE value=SPELL
D 22:11:45.4160462 PowerTaskList.DebugPrintPower() -         tag=TAG_LAST_KNOWN_COST_IN_HAND value=1
D 22:11:45.4160462 PowerTaskList.DebugPrintPower() -         tag=COST value=1
D 22:11:45.4160462 PowerTaskList.DebugPrintPower() -         tag=ZONE value=DECK
D 22:11:45.4160462 PowerTaskList.DebugPrintPower() -         tag=ENTITY_ID value=29
D 22:11:45.4160462 PowerTaskList.DebugPrintPower() -         tag=CLASS value=MAGE
D 22:11:45.4160462 PowerTaskList.DebugPrintPower() -         tag=RARITY value=EPIC
D 22:11:45.4160462 PowerTaskList.DebugPrintPower() -         tag=478 value=1
D 22:11:45.4160462 PowerTaskList.DebugPrintPower() -         tag=1043 value=1
D 22:11:45.4160462 PowerTaskList.DebugPrintPower() -         tag=1068 value=0
D 22:11:45.4160462 PowerTaskList.DebugPrintPower() -         tag=SPAWN_TIME_COUNT value=1
D 22:11:45.4160462 PowerTaskList.DebugPrintPower() -         tag=1711 value=1
D 22:11:45.4160462 PowerTaskList.DebugPrintPower() -     META_DATA - Meta=HISTORY_TARGET Data=0 InfoCount=1
D 22:11:45.4160462 PowerTaskList.DebugPrintPower() -                 Info[0] = [entityName=UNKNOWN ENTITY [cardType=INVALID] id=29 zone=DECK zonePos=0 cardId= player=1]
D 22:11:45.4160462 PowerTaskList.DebugPrintPower() -     HIDE_ENTITY - Entity=[entityName=UNKNOWN ENTITY [cardType=INVALID] id=29 zone=DECK zonePos=0 cardId= player=1] tag=ZONE value=DECK
D 22:11:45.4160462 PowerTaskList.DebugPrintPower() -     TAG_CHANGE Entity=湫然#51704 tag=2166 value=29 
D 22:11:45.4160462 PowerTaskList.DebugPrintPower() -     TAG_CHANGE Entity=湫然#51704 tag=467 value=1 
D 22:11:45.4160462 PowerTaskList.DebugPrintPower() -     SHOW_ENTITY - Updating Entity=[entityName=UNKNOWN ENTITY [cardType=INVALID] id=29 zone=DECK zonePos=0 cardId= player=1] CardID=VAC_428
D 22:11:45.4160462 PowerTaskList.DebugPrintPower() -         tag=CONTROLLER value=1
D 22:11:45.4160462 PowerTaskList.DebugPrintPower() -         tag=CARDTYPE value=SPELL
D 22:11:45.4160462 PowerTaskList.DebugPrintPower() -         tag=TAG_LAST_KNOWN_COST_IN_HAND value=1
D 22:11:45.4160462 PowerTaskList.DebugPrintPower() -         tag=COST value=1
D 22:11:45.4160462 PowerTaskList.DebugPrintPower() -         tag=ZONE value=HAND
D 22:11:45.4160462 PowerTaskList.DebugPrintPower() -         tag=ENTITY_ID value=29
D 22:11:45.4160462 PowerTaskList.DebugPrintPower() -         tag=CLASS value=MAGE
D 22:11:45.4160462 PowerTaskList.DebugPrintPower() -         tag=RARITY value=EPIC
D 22:11:45.4160462 PowerTaskList.DebugPrintPower() -         tag=478 value=1
D 22:11:45.4160462 PowerTaskList.DebugPrintPower() -         tag=1037 value=1
D 22:11:45.4160462 PowerTaskList.DebugPrintPower() -         tag=1043 value=1
D 22:11:45.4160462 PowerTaskList.DebugPrintPower() -         tag=1068 value=0
D 22:11:45.4160462 PowerTaskList.DebugPrintPower() -         tag=SPAWN_TIME_COUNT value=1
D 22:11:45.4160462 PowerTaskList.DebugPrintPower() -         tag=1711 value=0
D 22:11:45.4160462 PowerTaskList.DebugPrintPower() -     TAG_CHANGE Entity=[entityName=UNKNOWN ENTITY [cardType=INVALID] id=29 zone=DECK zonePos=0 cardId= player=1] tag=NUM_TURNS_IN_HAND value=1 
D 22:11:45.4160462 PowerTaskList.DebugPrintPower() -     TAG_CHANGE Entity=[entityName=UNKNOWN ENTITY [cardType=INVALID] id=29 zone=DECK zonePos=0 cardId= player=1] tag=ZONE_POSITION value=8 
D 22:11:45.4160462 PowerTaskList.DebugPrintPower() -     TAG_CHANGE Entity=[entityName=UNKNOWN ENTITY [cardType=INVALID] id=29 zone=DECK zonePos=0 cardId= player=1] tag=ZONE_POSITION value=0 
D 22:11:45.4160462 PowerTaskList.DebugPrintPower() -     TAG_CHANGE Entity=[entityName=UNKNOWN ENTITY [cardType=INVALID] id=29 zone=DECK zonePos=0 cardId= player=1] tag=ZONE_POSITION value=8 
D 22:11:45.4160462 PowerTaskList.DebugPrintPower() -     TAG_CHANGE Entity=湫然#51704 tag=3242 value=4 
D 22:11:45.4160462 PowerTaskList.DebugPrintPower() -     TAG_CHANGE Entity=湫然#51704 tag=NUM_CARDS_DRAWN_THIS_TURN value=5 
D 22:11:45.4160462 PowerTaskList.DebugPrintPower() -     TAG_CHANGE Entity=湫然#51704 tag=995 value=11 
D 22:11:45.4160462 PowerTaskList.DebugPrintPower() -     TAG_CHANGE Entity=[entityName=UNKNOWN ENTITY [cardType=INVALID] id=29 zone=DECK zonePos=0 cardId= player=1] tag=1570 value=9 
D 22:11:45.4160462 PowerTaskList.DebugPrintPower() -     TAG_CHANGE Entity=湫然#51704 tag=467 value=0 
D 22:11:45.4160462 PowerTaskList.DebugPrintPower() - BLOCK_END
D 22:11:45.4160462 PowerProcessor.PrepareHistoryForCurrentTaskList() - m_currentTaskList=252
D 22:11:46.2357124 PowerProcessor.EndCurrentTaskList() - m_currentTaskList=252
D 22:11:46.2457521 PowerTaskList.DebugDump() - ID=253 ParentID=0 PreviousID=248 TaskCount=5
D 22:11:46.2457521 PowerTaskList.DebugDump() - Block Start=(null)
D 22:11:46.2457521 PowerTaskList.DebugPrintPower() -     TAG_CHANGE Entity=[entityName=水栖形态 id=10 zone=PLAY zonePos=0 cardId=TSC_654 player=1] tag=1068 value=4 
D 22:11:46.2457521 PowerTaskList.DebugPrintPower() -     TAG_CHANGE Entity=[entityName=水栖形态 id=10 zone=PLAY zonePos=0 cardId=TSC_654 player=1] tag=1068 value=0 
D 22:11:46.2457521 PowerTaskList.DebugPrintPower() -     TAG_CHANGE Entity=[entityName=水栖形态 id=10 zone=PLAY zonePos=0 cardId=TSC_654 player=1] tag=ZONE value=GRAVEYARD 
D 22:11:46.2457521 PowerTaskList.DebugPrintPower() -     TAG_CHANGE Entity=GameEntity tag=1323 value=16 
D 22:11:46.2457521 PowerTaskList.DebugPrintPower() -     TAG_CHANGE Entity=湫然#51704 tag=NUM_OPTIONS_PLAYED_THIS_TURN value=4 
D 22:11:46.2457521 PowerTaskList.DebugPrintPower() - BLOCK_END
D 22:11:46.2457521 PowerProcessor.PrepareHistoryForCurrentTaskList() - m_currentTaskList=253
D 22:11:46.2457521 PowerProcessor.DoTaskListForCard() - unhandled BlockType PLAY for sourceEntity [entityName=水栖形态 id=10 zone=PLAY zonePos=0 cardId=TSC_654 player=1]
D 22:11:46.2538639 PowerProcessor.EndCurrentTaskList() - m_currentTaskList=253
D 22:11:46.2606053 PowerTaskList.DebugDump() - ID=254 ParentID=0 PreviousID=0 TaskCount=1
D 22:11:46.2606053 PowerTaskList.DebugDump() - Block Start=(null)
D 22:11:46.2606053 PowerTaskList.DebugPrintPower() -     META_DATA - Meta=SLUSH_TIME Data=1000 InfoCount=1
D 22:11:46.2606053 PowerTaskList.DebugPrintPower() -                 Info[0] = [entityName=水栖形态 id=10 zone=GRAVEYARD zonePos=0 cardId=TSC_654 player=1]
D 22:11:46.2606053 PowerTaskList.DebugDump() - Block End=(null)
D 22:11:46.2606053 PowerProcessor.PrepareHistoryForCurrentTaskList() - m_currentTaskList=254
D 22:11:46.2606053 PowerProcessor.EndCurrentTaskList() - m_currentTaskList=254
D 22:12:12.8840176 GameState.DebugPrintPowerList() - Count=145
