D 09:55:31.7568067 GameState.DebugPrintPower() - CREATE_GAME
D 09:55:31.7568067 GameState.DebugPrintPower() -     GameEntity EntityID=1
D 09:55:31.7568067 GameState.DebugPrintPower() -         tag=CARDTYPE value=GAME
D 09:55:31.7568067 GameState.DebugPrintPower() -         tag=ZONE value=PLAY
D 09:55:31.7568067 GameState.DebugPrintPower() -         tag=ENTITY_ID value=1
D 09:55:31.7568067 GameState.DebugPrintPower() -         tag=937 value=2
D 09:55:31.7568067 GameState.DebugPrintPower() -         tag=SPAWN_TIME_COUNT value=1
D 09:55:31.7568067 GameState.DebugPrintPower() -         tag=GAME_SEED value=1578384657
D 09:55:31.7568067 GameState.DebugPrintPower() -     Player EntityID=2 PlayerID=1 GameAccountId=[hi=144115211015832391 lo=185890464]
D 09:55:31.7568067 GameState.DebugPrintPower() -         tag=CONTROLLER value=1
D 09:55:31.7568067 GameState.DebugPrintPower() -         tag=CARDTYPE value=PLAYER
D 09:55:31.7568067 GameState.DebugPrintPower() -         tag=PLAYER_ID value=1
D 09:55:31.7568067 GameState.DebugPrintPower() -         tag=HERO_ENTITY value=90
D 09:55:31.7568067 GameState.DebugPrintPower() -         tag=MAXHANDSIZE value=10
D 09:55:31.7568067 GameState.DebugPrintPower() -         tag=STARTHANDSIZE value=4
D 09:55:31.7568067 GameState.DebugPrintPower() -         tag=TEAM_ID value=1
D 09:55:31.7568067 GameState.DebugPrintPower() -         tag=ZONE value=PLAY
D 09:55:31.7568067 GameState.DebugPrintPower() -         tag=ENTITY_ID value=2
D 09:55:31.7568067 GameState.DebugPrintPower() -         tag=MAXRESOURCES value=10
D 09:55:31.7568067 GameState.DebugPrintPower() -         tag=SPAWN_TIME_COUNT value=1
D 09:55:31.7568067 GameState.DebugPrintPower() -         tag=MAX_EXCAVATE_TIER value=2
D 09:55:31.7568067 GameState.DebugPrintPower() -     Player EntityID=3 PlayerID=2 GameAccountId=[hi=144115211015832391 lo=83449896]
D 09:55:31.7568067 GameState.DebugPrintPower() -         tag=CONTROLLER value=2
D 09:55:31.7568067 GameState.DebugPrintPower() -         tag=CARDTYPE value=PLAYER
D 09:55:31.7568067 GameState.DebugPrintPower() -         tag=PLAYER_ID value=2
D 09:55:31.7568067 GameState.DebugPrintPower() -         tag=HERO_ENTITY value=92
D 09:55:31.7568067 GameState.DebugPrintPower() -         tag=MAXHANDSIZE value=10
D 09:55:31.7568067 GameState.DebugPrintPower() -         tag=STARTHANDSIZE value=4
D 09:55:31.7568067 GameState.DebugPrintPower() -         tag=TEAM_ID value=2
D 09:55:31.7568067 GameState.DebugPrintPower() -         tag=ZONE value=PLAY
D 09:55:31.7568067 GameState.DebugPrintPower() -         tag=ENTITY_ID value=3
D 09:55:31.7568067 GameState.DebugPrintPower() -         tag=MAXRESOURCES value=10
D 09:55:31.7568067 GameState.DebugPrintPower() -         tag=SPAWN_TIME_COUNT value=1
D 09:55:31.7568067 GameState.DebugPrintPower() -         tag=MAX_EXCAVATE_TIER value=2
D 09:55:31.7568067 GameState.DebugPrintPower() - FULL_ENTITY - Creating ID=4 CardID=
D 09:55:31.7568067 GameState.DebugPrintPower() -     tag=ZONE value=DECK
D 09:55:31.7568067 GameState.DebugPrintPower() -     tag=CONTROLLER value=1
D 09:55:31.7568067 GameState.DebugPrintPower() -     tag=ENTITY_ID value=4
D 09:55:31.7568067 GameState.DebugPrintPower() - FULL_ENTITY - Creating ID=5 CardID=
D 09:55:31.7568067 GameState.DebugPrintPower() -     tag=ZONE value=DECK
D 09:55:31.7568067 GameState.DebugPrintPower() -     tag=CONTROLLER value=1
D 09:55:31.7568067 GameState.DebugPrintPower() -     tag=ENTITY_ID value=5
D 09:55:31.7568067 GameState.DebugPrintPower() - FULL_ENTITY - Creating ID=6 CardID=
D 09:55:31.7568067 GameState.DebugPrintPower() -     tag=ZONE value=DECK
D 09:55:31.7568067 GameState.DebugPrintPower() -     tag=CONTROLLER value=1
D 09:55:31.7568067 GameState.DebugPrintPower() -     tag=ENTITY_ID value=6
D 09:55:31.7568067 GameState.DebugPrintPower() - FULL_ENTITY - Creating ID=7 CardID=
D 09:55:31.7568067 GameState.DebugPrintPower() -     tag=ZONE value=DECK
D 09:55:31.7568067 GameState.DebugPrintPower() -     tag=CONTROLLER value=1
D 09:55:31.7568067 GameState.DebugPrintPower() -     tag=ENTITY_ID value=7
D 09:55:31.7568067 GameState.DebugPrintPower() - FULL_ENTITY - Creating ID=8 CardID=
D 09:55:31.7568067 GameState.DebugPrintPower() -     tag=ZONE value=DECK
D 09:55:31.7568067 GameState.DebugPrintPower() -     tag=CONTROLLER value=1
D 09:55:31.7568067 GameState.DebugPrintPower() -     tag=ENTITY_ID value=8
D 09:55:31.7568067 GameState.DebugPrintPower() - FULL_ENTITY - Creating ID=9 CardID=
D 09:55:31.7568067 GameState.DebugPrintPower() -     tag=ZONE value=DECK
D 09:55:31.7568067 GameState.DebugPrintPower() -     tag=CONTROLLER value=1
D 09:55:31.7568067 GameState.DebugPrintPower() -     tag=ENTITY_ID value=9
D 09:55:31.7568067 GameState.DebugPrintPower() - FULL_ENTITY - Creating ID=10 CardID=
D 09:55:31.7568067 GameState.DebugPrintPower() -     tag=ZONE value=DECK
D 09:55:31.7568067 GameState.DebugPrintPower() -     tag=CONTROLLER value=1
D 09:55:31.7568067 GameState.DebugPrintPower() -     tag=ENTITY_ID value=10
D 09:55:31.7568067 GameState.DebugPrintPower() - FULL_ENTITY - Creating ID=11 CardID=
D 09:55:31.7568067 GameState.DebugPrintPower() -     tag=ZONE value=DECK
D 09:55:31.7568067 GameState.DebugPrintPower() -     tag=CONTROLLER value=1
D 09:55:31.7568067 GameState.DebugPrintPower() -     tag=ENTITY_ID value=11
D 09:55:31.7568067 GameState.DebugPrintPower() - FULL_ENTITY - Creating ID=12 CardID=
D 09:55:31.7568067 GameState.DebugPrintPower() -     tag=ZONE value=DECK
D 09:55:31.7568067 GameState.DebugPrintPower() -     tag=CONTROLLER value=1
D 09:55:31.7568067 GameState.DebugPrintPower() -     tag=ENTITY_ID value=12
D 09:55:31.7568067 GameState.DebugPrintPower() - FULL_ENTITY - Creating ID=13 CardID=
D 09:55:31.7568067 GameState.DebugPrintPower() -     tag=ZONE value=DECK
D 09:55:31.7568067 GameState.DebugPrintPower() -     tag=CONTROLLER value=1
D 09:55:31.7568067 GameState.DebugPrintPower() -     tag=ENTITY_ID value=13
D 09:55:31.7568067 GameState.DebugPrintPower() - FULL_ENTITY - Creating ID=14 CardID=
D 09:55:31.7568067 GameState.DebugPrintPower() -     tag=ZONE value=DECK
D 09:55:31.7568067 GameState.DebugPrintPower() -     tag=CONTROLLER value=1
D 09:55:31.7568067 GameState.DebugPrintPower() -     tag=ENTITY_ID value=14
D 09:55:31.7568067 GameState.DebugPrintPower() - FULL_ENTITY - Creating ID=15 CardID=
D 09:55:31.7568067 GameState.DebugPrintPower() -     tag=ZONE value=DECK
D 09:55:31.7568067 GameState.DebugPrintPower() -     tag=CONTROLLER value=1
D 09:55:31.7568067 GameState.DebugPrintPower() -     tag=ENTITY_ID value=15
D 09:55:31.7568067 GameState.DebugPrintPower() - FULL_ENTITY - Creating ID=16 CardID=
D 09:55:31.7568067 GameState.DebugPrintPower() -     tag=ZONE value=DECK
D 09:55:31.7568067 GameState.DebugPrintPower() -     tag=CONTROLLER value=1
D 09:55:31.7568067 GameState.DebugPrintPower() -     tag=ENTITY_ID value=16
D 09:55:31.7568067 GameState.DebugPrintPower() - FULL_ENTITY - Creating ID=17 CardID=
D 09:55:31.7568067 GameState.DebugPrintPower() -     tag=ZONE value=DECK
D 09:55:31.7568067 GameState.DebugPrintPower() -     tag=CONTROLLER value=1
D 09:55:31.7568067 GameState.DebugPrintPower() -     tag=ENTITY_ID value=17
D 09:55:31.7568067 GameState.DebugPrintPower() - FULL_ENTITY - Creating ID=18 CardID=
D 09:55:31.7568067 GameState.DebugPrintPower() -     tag=ZONE value=DECK
D 09:55:31.7568067 GameState.DebugPrintPower() -     tag=CONTROLLER value=1
D 09:55:31.7568067 GameState.DebugPrintPower() -     tag=ENTITY_ID value=18
D 09:55:31.7568067 GameState.DebugPrintPower() - FULL_ENTITY - Creating ID=19 CardID=
D 09:55:31.7568067 GameState.DebugPrintPower() -     tag=ZONE value=DECK
D 09:55:31.7568067 GameState.DebugPrintPower() -     tag=CONTROLLER value=1
D 09:55:31.7568067 GameState.DebugPrintPower() -     tag=ENTITY_ID value=19
D 09:55:31.7568067 GameState.DebugPrintPower() - FULL_ENTITY - Creating ID=20 CardID=
D 09:55:31.7568067 GameState.DebugPrintPower() -     tag=ZONE value=DECK
D 09:55:31.7568067 GameState.DebugPrintPower() -     tag=CONTROLLER value=1
D 09:55:31.7568067 GameState.DebugPrintPower() -     tag=ENTITY_ID value=20
D 09:55:31.7568067 GameState.DebugPrintPower() - FULL_ENTITY - Creating ID=21 CardID=
D 09:55:31.7568067 GameState.DebugPrintPower() -     tag=ZONE value=DECK
D 09:55:31.7568067 GameState.DebugPrintPower() -     tag=CONTROLLER value=1
D 09:55:31.7568067 GameState.DebugPrintPower() -     tag=ENTITY_ID value=21
D 09:55:31.7568067 GameState.DebugPrintPower() - FULL_ENTITY - Creating ID=22 CardID=
D 09:55:31.7568067 GameState.DebugPrintPower() -     tag=ZONE value=DECK
D 09:55:31.7568067 GameState.DebugPrintPower() -     tag=CONTROLLER value=1
D 09:55:31.7568067 GameState.DebugPrintPower() -     tag=ENTITY_ID value=22
D 09:55:31.7568067 GameState.DebugPrintPower() - FULL_ENTITY - Creating ID=23 CardID=
D 09:55:31.7568067 GameState.DebugPrintPower() -     tag=ZONE value=DECK
D 09:55:31.7568067 GameState.DebugPrintPower() -     tag=CONTROLLER value=1
D 09:55:31.7568067 GameState.DebugPrintPower() -     tag=ENTITY_ID value=23
D 09:55:31.7568067 GameState.DebugPrintPower() - FULL_ENTITY - Creating ID=24 CardID=
D 09:55:31.7568067 GameState.DebugPrintPower() -     tag=ZONE value=DECK
D 09:55:31.7568067 GameState.DebugPrintPower() -     tag=CONTROLLER value=1
D 09:55:31.7568067 GameState.DebugPrintPower() -     tag=ENTITY_ID value=24
D 09:55:31.7568067 GameState.DebugPrintPower() - FULL_ENTITY - Creating ID=25 CardID=
D 09:55:31.7568067 GameState.DebugPrintPower() -     tag=ZONE value=DECK
D 09:55:31.7568067 GameState.DebugPrintPower() -     tag=CONTROLLER value=1
D 09:55:31.7568067 GameState.DebugPrintPower() -     tag=ENTITY_ID value=25
D 09:55:31.7568067 GameState.DebugPrintPower() - FULL_ENTITY - Creating ID=26 CardID=
D 09:55:31.7568067 GameState.DebugPrintPower() -     tag=ZONE value=DECK
D 09:55:31.7568067 GameState.DebugPrintPower() -     tag=CONTROLLER value=1
D 09:55:31.7568067 GameState.DebugPrintPower() -     tag=ENTITY_ID value=26
D 09:55:31.7568067 GameState.DebugPrintPower() - FULL_ENTITY - Creating ID=27 CardID=
D 09:55:31.7568067 GameState.DebugPrintPower() -     tag=ZONE value=DECK
D 09:55:31.7568067 GameState.DebugPrintPower() -     tag=CONTROLLER value=1
D 09:55:31.7568067 GameState.DebugPrintPower() -     tag=ENTITY_ID value=27
D 09:55:31.7568067 GameState.DebugPrintPower() - FULL_ENTITY - Creating ID=28 CardID=
D 09:55:31.7568067 GameState.DebugPrintPower() -     tag=ZONE value=DECK
D 09:55:31.7568067 GameState.DebugPrintPower() -     tag=CONTROLLER value=1
D 09:55:31.7568067 GameState.DebugPrintPower() -     tag=ENTITY_ID value=28
D 09:55:31.7568067 GameState.DebugPrintPower() - FULL_ENTITY - Creating ID=29 CardID=
D 09:55:31.7568067 GameState.DebugPrintPower() -     tag=ZONE value=DECK
D 09:55:31.7568067 GameState.DebugPrintPower() -     tag=CONTROLLER value=1
D 09:55:31.7568067 GameState.DebugPrintPower() -     tag=ENTITY_ID value=29
D 09:55:31.7568067 GameState.DebugPrintPower() - FULL_ENTITY - Creating ID=30 CardID=
D 09:55:31.7568067 GameState.DebugPrintPower() -     tag=ZONE value=DECK
D 09:55:31.7568067 GameState.DebugPrintPower() -     tag=CONTROLLER value=1
D 09:55:31.7568067 GameState.DebugPrintPower() -     tag=ENTITY_ID value=30
D 09:55:31.7568067 GameState.DebugPrintPower() - FULL_ENTITY - Creating ID=31 CardID=
D 09:55:31.7568067 GameState.DebugPrintPower() -     tag=ZONE value=DECK
D 09:55:31.7568067 GameState.DebugPrintPower() -     tag=CONTROLLER value=1
D 09:55:31.7568067 GameState.DebugPrintPower() -     tag=ENTITY_ID value=31
D 09:55:31.7568067 GameState.DebugPrintPower() - FULL_ENTITY - Creating ID=32 CardID=
D 09:55:31.7568067 GameState.DebugPrintPower() -     tag=ZONE value=DECK
D 09:55:31.7568067 GameState.DebugPrintPower() -     tag=CONTROLLER value=1
D 09:55:31.7568067 GameState.DebugPrintPower() -     tag=ENTITY_ID value=32
D 09:55:31.7568067 GameState.DebugPrintPower() - FULL_ENTITY - Creating ID=33 CardID=
D 09:55:31.7568067 GameState.DebugPrintPower() -     tag=ZONE value=DECK
D 09:55:31.7568067 GameState.DebugPrintPower() -     tag=CONTROLLER value=1
D 09:55:31.7568067 GameState.DebugPrintPower() -     tag=ENTITY_ID value=33
D 09:55:31.7568067 GameState.DebugPrintPower() - FULL_ENTITY - Creating ID=34 CardID=
D 09:55:31.7568067 GameState.DebugPrintPower() -     tag=ZONE value=DECK
D 09:55:31.7568067 GameState.DebugPrintPower() -     tag=CONTROLLER value=1
D 09:55:31.7568067 GameState.DebugPrintPower() -     tag=ENTITY_ID value=34
D 09:55:31.7568067 GameState.DebugPrintPower() - FULL_ENTITY - Creating ID=35 CardID=
D 09:55:31.7568067 GameState.DebugPrintPower() -     tag=ZONE value=DECK
D 09:55:31.7568067 GameState.DebugPrintPower() -     tag=CONTROLLER value=1
D 09:55:31.7568067 GameState.DebugPrintPower() -     tag=ENTITY_ID value=35
D 09:55:31.7568067 GameState.DebugPrintPower() - FULL_ENTITY - Creating ID=36 CardID=
D 09:55:31.7568067 GameState.DebugPrintPower() -     tag=ZONE value=DECK
D 09:55:31.7568067 GameState.DebugPrintPower() -     tag=CONTROLLER value=1
D 09:55:31.7568067 GameState.DebugPrintPower() -     tag=ENTITY_ID value=36
D 09:55:31.7568067 GameState.DebugPrintPower() - FULL_ENTITY - Creating ID=37 CardID=
D 09:55:31.7568067 GameState.DebugPrintPower() -     tag=ZONE value=DECK
D 09:55:31.7568067 GameState.DebugPrintPower() -     tag=CONTROLLER value=1
D 09:55:31.7568067 GameState.DebugPrintPower() -     tag=ENTITY_ID value=37
D 09:55:31.7568067 GameState.DebugPrintPower() - FULL_ENTITY - Creating ID=38 CardID=
D 09:55:31.7568067 GameState.DebugPrintPower() -     tag=ZONE value=DECK
D 09:55:31.7568067 GameState.DebugPrintPower() -     tag=CONTROLLER value=1
D 09:55:31.7568067 GameState.DebugPrintPower() -     tag=ENTITY_ID value=38
D 09:55:31.7568067 GameState.DebugPrintPower() - FULL_ENTITY - Creating ID=39 CardID=
D 09:55:31.7568067 GameState.DebugPrintPower() -     tag=ZONE value=DECK
D 09:55:31.7568067 GameState.DebugPrintPower() -     tag=CONTROLLER value=1
D 09:55:31.7568067 GameState.DebugPrintPower() -     tag=ENTITY_ID value=39
D 09:55:31.7568067 GameState.DebugPrintPower() - FULL_ENTITY - Creating ID=40 CardID=
D 09:55:31.7568067 GameState.DebugPrintPower() -     tag=ZONE value=DECK
D 09:55:31.7568067 GameState.DebugPrintPower() -     tag=CONTROLLER value=1
D 09:55:31.7568067 GameState.DebugPrintPower() -     tag=ENTITY_ID value=40
D 09:55:31.7568067 GameState.DebugPrintPower() - FULL_ENTITY - Creating ID=41 CardID=
D 09:55:31.7568067 GameState.DebugPrintPower() -     tag=ZONE value=DECK
D 09:55:31.7568067 GameState.DebugPrintPower() -     tag=CONTROLLER value=1
D 09:55:31.7568067 GameState.DebugPrintPower() -     tag=ENTITY_ID value=41
D 09:55:31.7568067 GameState.DebugPrintPower() - FULL_ENTITY - Creating ID=42 CardID=
D 09:55:31.7568067 GameState.DebugPrintPower() -     tag=ZONE value=DECK
D 09:55:31.7568067 GameState.DebugPrintPower() -     tag=CONTROLLER value=1
D 09:55:31.7568067 GameState.DebugPrintPower() -     tag=ENTITY_ID value=42
D 09:55:31.7568067 GameState.DebugPrintPower() - FULL_ENTITY - Creating ID=43 CardID=
D 09:55:31.7568067 GameState.DebugPrintPower() -     tag=ZONE value=DECK
D 09:55:31.7568067 GameState.DebugPrintPower() -     tag=CONTROLLER value=1
D 09:55:31.7568067 GameState.DebugPrintPower() -     tag=ENTITY_ID value=43
D 09:55:31.7568067 GameState.DebugPrintPower() - FULL_ENTITY - Creating ID=44 CardID=
D 09:55:31.7568067 GameState.DebugPrintPower() -     tag=ZONE value=SETASIDE
D 09:55:31.7568067 GameState.DebugPrintPower() -     tag=CONTROLLER value=1
D 09:55:31.7568067 GameState.DebugPrintPower() -     tag=ENTITY_ID value=44
D 09:55:31.7568067 GameState.DebugPrintPower() - FULL_ENTITY - Creating ID=45 CardID=
D 09:55:31.7568067 GameState.DebugPrintPower() -     tag=ZONE value=SETASIDE
D 09:55:31.7568067 GameState.DebugPrintPower() -     tag=CONTROLLER value=1
D 09:55:31.7568067 GameState.DebugPrintPower() -     tag=ENTITY_ID value=45
D 09:55:31.7568067 GameState.DebugPrintPower() - FULL_ENTITY - Creating ID=46 CardID=
D 09:55:31.7568067 GameState.DebugPrintPower() -     tag=ZONE value=SETASIDE
D 09:55:31.7568067 GameState.DebugPrintPower() -     tag=CONTROLLER value=1
D 09:55:31.7568067 GameState.DebugPrintPower() -     tag=ENTITY_ID value=46
D 09:55:31.7568067 GameState.DebugPrintPower() - FULL_ENTITY - Creating ID=47 CardID=
D 09:55:31.7568067 GameState.DebugPrintPower() -     tag=ZONE value=SETASIDE
D 09:55:31.7568067 GameState.DebugPrintPower() -     tag=CONTROLLER value=1
D 09:55:31.7568067 GameState.DebugPrintPower() -     tag=ENTITY_ID value=47
D 09:55:31.7568067 GameState.DebugPrintPower() - FULL_ENTITY - Creating ID=48 CardID=
D 09:55:31.7568067 GameState.DebugPrintPower() -     tag=ZONE value=SETASIDE
D 09:55:31.7568067 GameState.DebugPrintPower() -     tag=CONTROLLER value=1
D 09:55:31.7568067 GameState.DebugPrintPower() -     tag=ENTITY_ID value=48
D 09:55:31.7568067 GameState.DebugPrintPower() - FULL_ENTITY - Creating ID=49 CardID=
D 09:55:31.7568067 GameState.DebugPrintPower() -     tag=ZONE value=SETASIDE
D 09:55:31.7568067 GameState.DebugPrintPower() -     tag=CONTROLLER value=1
D 09:55:31.7568067 GameState.DebugPrintPower() -     tag=ENTITY_ID value=49
D 09:55:31.7568067 GameState.DebugPrintPower() - FULL_ENTITY - Creating ID=50 CardID=
D 09:55:31.7568067 GameState.DebugPrintPower() -     tag=ZONE value=DECK
D 09:55:31.7568067 GameState.DebugPrintPower() -     tag=CONTROLLER value=2
D 09:55:31.7568067 GameState.DebugPrintPower() -     tag=ENTITY_ID value=50
D 09:55:31.7568067 GameState.DebugPrintPower() - FULL_ENTITY - Creating ID=51 CardID=
D 09:55:31.7568067 GameState.DebugPrintPower() -     tag=ZONE value=DECK
D 09:55:31.7568067 GameState.DebugPrintPower() -     tag=CONTROLLER value=2
D 09:55:31.7568067 GameState.DebugPrintPower() -     tag=ENTITY_ID value=51
D 09:55:31.7568067 GameState.DebugPrintPower() - FULL_ENTITY - Creating ID=52 CardID=
D 09:55:31.7568067 GameState.DebugPrintPower() -     tag=ZONE value=DECK
D 09:55:31.7568067 GameState.DebugPrintPower() -     tag=CONTROLLER value=2
D 09:55:31.7568067 GameState.DebugPrintPower() -     tag=ENTITY_ID value=52
D 09:55:31.7568067 GameState.DebugPrintPower() - FULL_ENTITY - Creating ID=53 CardID=
D 09:55:31.7568067 GameState.DebugPrintPower() -     tag=ZONE value=DECK
D 09:55:31.7568067 GameState.DebugPrintPower() -     tag=CONTROLLER value=2
D 09:55:31.7568067 GameState.DebugPrintPower() -     tag=ENTITY_ID value=53
D 09:55:31.7568067 GameState.DebugPrintPower() - FULL_ENTITY - Creating ID=54 CardID=
D 09:55:31.7568067 GameState.DebugPrintPower() -     tag=ZONE value=SETASIDE
D 09:55:31.7568067 GameState.DebugPrintPower() -     tag=CONTROLLER value=2
D 09:55:31.7568067 GameState.DebugPrintPower() -     tag=ENTITY_ID value=54
D 09:55:31.7568067 GameState.DebugPrintPower() - FULL_ENTITY - Creating ID=55 CardID=
D 09:55:31.7568067 GameState.DebugPrintPower() -     tag=ZONE value=SETASIDE
D 09:55:31.7568067 GameState.DebugPrintPower() -     tag=CONTROLLER value=2
D 09:55:31.7568067 GameState.DebugPrintPower() -     tag=ENTITY_ID value=55
D 09:55:31.7568067 GameState.DebugPrintPower() - FULL_ENTITY - Creating ID=56 CardID=
D 09:55:31.7568067 GameState.DebugPrintPower() -     tag=ZONE value=DECK
D 09:55:31.7568067 GameState.DebugPrintPower() -     tag=CONTROLLER value=2
D 09:55:31.7568067 GameState.DebugPrintPower() -     tag=ENTITY_ID value=56
D 09:55:31.7568067 GameState.DebugPrintPower() - FULL_ENTITY - Creating ID=57 CardID=
D 09:55:31.7568067 GameState.DebugPrintPower() -     tag=ZONE value=SETASIDE
D 09:55:31.7568067 GameState.DebugPrintPower() -     tag=CONTROLLER value=2
D 09:55:31.7568067 GameState.DebugPrintPower() -     tag=ENTITY_ID value=57
D 09:55:31.7568067 GameState.DebugPrintPower() - FULL_ENTITY - Creating ID=58 CardID=
D 09:55:31.7568067 GameState.DebugPrintPower() -     tag=ZONE value=SETASIDE
D 09:55:31.7568067 GameState.DebugPrintPower() -     tag=CONTROLLER value=2
D 09:55:31.7568067 GameState.DebugPrintPower() -     tag=ENTITY_ID value=58
D 09:55:31.7568067 GameState.DebugPrintPower() - FULL_ENTITY - Creating ID=59 CardID=
D 09:55:31.7568067 GameState.DebugPrintPower() -     tag=ZONE value=DECK
D 09:55:31.7568067 GameState.DebugPrintPower() -     tag=CONTROLLER value=2
D 09:55:31.7568067 GameState.DebugPrintPower() -     tag=ENTITY_ID value=59
D 09:55:31.7568067 GameState.DebugPrintPower() - FULL_ENTITY - Creating ID=60 CardID=
D 09:55:31.7568067 GameState.DebugPrintPower() -     tag=ZONE value=DECK
D 09:55:31.7568067 GameState.DebugPrintPower() -     tag=CONTROLLER value=2
D 09:55:31.7568067 GameState.DebugPrintPower() -     tag=ENTITY_ID value=60
D 09:55:31.7568067 GameState.DebugPrintPower() - FULL_ENTITY - Creating ID=61 CardID=
D 09:55:31.7568067 GameState.DebugPrintPower() -     tag=ZONE value=DECK
D 09:55:31.7568067 GameState.DebugPrintPower() -     tag=CONTROLLER value=2
D 09:55:31.7568067 GameState.DebugPrintPower() -     tag=ENTITY_ID value=61
D 09:55:31.7568067 GameState.DebugPrintPower() - FULL_ENTITY - Creating ID=62 CardID=
D 09:55:31.7568067 GameState.DebugPrintPower() -     tag=ZONE value=DECK
D 09:55:31.7568067 GameState.DebugPrintPower() -     tag=CONTROLLER value=2
D 09:55:31.7568067 GameState.DebugPrintPower() -     tag=ENTITY_ID value=62
D 09:55:31.7568067 GameState.DebugPrintPower() - FULL_ENTITY - Creating ID=63 CardID=
D 09:55:31.7568067 GameState.DebugPrintPower() -     tag=ZONE value=DECK
D 09:55:31.7568067 GameState.DebugPrintPower() -     tag=CONTROLLER value=2
D 09:55:31.7568067 GameState.DebugPrintPower() -     tag=ENTITY_ID value=63
D 09:55:31.7568067 GameState.DebugPrintPower() - FULL_ENTITY - Creating ID=64 CardID=
D 09:55:31.7568067 GameState.DebugPrintPower() -     tag=ZONE value=SETASIDE
D 09:55:31.7568067 GameState.DebugPrintPower() -     tag=CONTROLLER value=2
D 09:55:31.7568067 GameState.DebugPrintPower() -     tag=ENTITY_ID value=64
D 09:55:31.7568067 GameState.DebugPrintPower() - FULL_ENTITY - Creating ID=65 CardID=
D 09:55:31.7568067 GameState.DebugPrintPower() -     tag=ZONE value=SETASIDE
D 09:55:31.7568067 GameState.DebugPrintPower() -     tag=CONTROLLER value=2
D 09:55:31.7568067 GameState.DebugPrintPower() -     tag=ENTITY_ID value=65
D 09:55:31.7568067 GameState.DebugPrintPower() - FULL_ENTITY - Creating ID=66 CardID=
D 09:55:31.7568067 GameState.DebugPrintPower() -     tag=ZONE value=DECK
D 09:55:31.7568067 GameState.DebugPrintPower() -     tag=CONTROLLER value=2
D 09:55:31.7568067 GameState.DebugPrintPower() -     tag=ENTITY_ID value=66
D 09:55:31.7568067 GameState.DebugPrintPower() - FULL_ENTITY - Creating ID=67 CardID=
D 09:55:31.7568067 GameState.DebugPrintPower() -     tag=ZONE value=DECK
D 09:55:31.7568067 GameState.DebugPrintPower() -     tag=CONTROLLER value=2
D 09:55:31.7568067 GameState.DebugPrintPower() -     tag=ENTITY_ID value=67
D 09:55:31.7568067 GameState.DebugPrintPower() - FULL_ENTITY - Creating ID=68 CardID=
D 09:55:31.7568067 GameState.DebugPrintPower() -     tag=ZONE value=DECK
D 09:55:31.7568067 GameState.DebugPrintPower() -     tag=CONTROLLER value=2
D 09:55:31.7568067 GameState.DebugPrintPower() -     tag=ENTITY_ID value=68
D 09:55:31.7568067 GameState.DebugPrintPower() - FULL_ENTITY - Creating ID=69 CardID=
D 09:55:31.7568067 GameState.DebugPrintPower() -     tag=ZONE value=DECK
D 09:55:31.7568067 GameState.DebugPrintPower() -     tag=CONTROLLER value=2
D 09:55:31.7568067 GameState.DebugPrintPower() -     tag=ENTITY_ID value=69
D 09:55:31.7568067 GameState.DebugPrintPower() - FULL_ENTITY - Creating ID=70 CardID=
D 09:55:31.7568067 GameState.DebugPrintPower() -     tag=ZONE value=DECK
D 09:55:31.7568067 GameState.DebugPrintPower() -     tag=CONTROLLER value=2
D 09:55:31.7568067 GameState.DebugPrintPower() -     tag=ENTITY_ID value=70
D 09:55:31.7568067 GameState.DebugPrintPower() - FULL_ENTITY - Creating ID=71 CardID=
D 09:55:31.7568067 GameState.DebugPrintPower() -     tag=ZONE value=SETASIDE
D 09:55:31.7568067 GameState.DebugPrintPower() -     tag=CONTROLLER value=2
D 09:55:31.7568067 GameState.DebugPrintPower() -     tag=ENTITY_ID value=71
D 09:55:31.7568067 GameState.DebugPrintPower() - FULL_ENTITY - Creating ID=72 CardID=
D 09:55:31.7568067 GameState.DebugPrintPower() -     tag=ZONE value=SETASIDE
D 09:55:31.7568067 GameState.DebugPrintPower() -     tag=CONTROLLER value=2
D 09:55:31.7568067 GameState.DebugPrintPower() -     tag=ENTITY_ID value=72
D 09:55:31.7568067 GameState.DebugPrintPower() - FULL_ENTITY - Creating ID=73 CardID=
D 09:55:31.7568067 GameState.DebugPrintPower() -     tag=ZONE value=DECK
D 09:55:31.7568067 GameState.DebugPrintPower() -     tag=CONTROLLER value=2
D 09:55:31.7568067 GameState.DebugPrintPower() -     tag=ENTITY_ID value=73
D 09:55:31.7568067 GameState.DebugPrintPower() - FULL_ENTITY - Creating ID=74 CardID=
D 09:55:31.7568067 GameState.DebugPrintPower() -     tag=ZONE value=DECK
D 09:55:31.7568067 GameState.DebugPrintPower() -     tag=CONTROLLER value=2
D 09:55:31.7568067 GameState.DebugPrintPower() -     tag=ENTITY_ID value=74
D 09:55:31.7568067 GameState.DebugPrintPower() - FULL_ENTITY - Creating ID=75 CardID=
D 09:55:31.7568067 GameState.DebugPrintPower() -     tag=ZONE value=DECK
D 09:55:31.7568067 GameState.DebugPrintPower() -     tag=CONTROLLER value=2
D 09:55:31.7568067 GameState.DebugPrintPower() -     tag=ENTITY_ID value=75
D 09:55:31.7568067 GameState.DebugPrintPower() - FULL_ENTITY - Creating ID=76 CardID=
D 09:55:31.7568067 GameState.DebugPrintPower() -     tag=ZONE value=DECK
D 09:55:31.7568067 GameState.DebugPrintPower() -     tag=CONTROLLER value=2
D 09:55:31.7568067 GameState.DebugPrintPower() -     tag=ENTITY_ID value=76
D 09:55:31.7568067 GameState.DebugPrintPower() - FULL_ENTITY - Creating ID=77 CardID=
D 09:55:31.7568067 GameState.DebugPrintPower() -     tag=ZONE value=DECK
D 09:55:31.7568067 GameState.DebugPrintPower() -     tag=CONTROLLER value=2
D 09:55:31.7568067 GameState.DebugPrintPower() -     tag=ENTITY_ID value=77
D 09:55:31.7568067 GameState.DebugPrintPower() - FULL_ENTITY - Creating ID=78 CardID=
D 09:55:31.7568067 GameState.DebugPrintPower() -     tag=ZONE value=DECK
D 09:55:31.7568067 GameState.DebugPrintPower() -     tag=CONTROLLER value=2
D 09:55:31.7568067 GameState.DebugPrintPower() -     tag=ENTITY_ID value=78
D 09:55:31.7568067 GameState.DebugPrintPower() - FULL_ENTITY - Creating ID=79 CardID=
D 09:55:31.7568067 GameState.DebugPrintPower() -     tag=ZONE value=DECK
D 09:55:31.7568067 GameState.DebugPrintPower() -     tag=CONTROLLER value=2
D 09:55:31.7568067 GameState.DebugPrintPower() -     tag=ENTITY_ID value=79
D 09:55:31.7568067 GameState.DebugPrintPower() - FULL_ENTITY - Creating ID=80 CardID=
D 09:55:31.7568067 GameState.DebugPrintPower() -     tag=ZONE value=DECK
D 09:55:31.7568067 GameState.DebugPrintPower() -     tag=CONTROLLER value=2
D 09:55:31.7568067 GameState.DebugPrintPower() -     tag=ENTITY_ID value=80
D 09:55:31.7568067 GameState.DebugPrintPower() - FULL_ENTITY - Creating ID=81 CardID=
D 09:55:31.7568067 GameState.DebugPrintPower() -     tag=ZONE value=DECK
D 09:55:31.7568067 GameState.DebugPrintPower() -     tag=CONTROLLER value=2
D 09:55:31.7568067 GameState.DebugPrintPower() -     tag=ENTITY_ID value=81
D 09:55:31.7568067 GameState.DebugPrintPower() - FULL_ENTITY - Creating ID=82 CardID=
D 09:55:31.7568067 GameState.DebugPrintPower() -     tag=ZONE value=SETASIDE
D 09:55:31.7568067 GameState.DebugPrintPower() -     tag=CONTROLLER value=2
D 09:55:31.7568067 GameState.DebugPrintPower() -     tag=ENTITY_ID value=82
D 09:55:31.7568067 GameState.DebugPrintPower() - FULL_ENTITY - Creating ID=83 CardID=
D 09:55:31.7568067 GameState.DebugPrintPower() -     tag=ZONE value=SETASIDE
D 09:55:31.7568067 GameState.DebugPrintPower() -     tag=CONTROLLER value=2
D 09:55:31.7568067 GameState.DebugPrintPower() -     tag=ENTITY_ID value=83
D 09:55:31.7568067 GameState.DebugPrintPower() - FULL_ENTITY - Creating ID=84 CardID=
D 09:55:31.7568067 GameState.DebugPrintPower() -     tag=ZONE value=DECK
D 09:55:31.7568067 GameState.DebugPrintPower() -     tag=CONTROLLER value=2
D 09:55:31.7568067 GameState.DebugPrintPower() -     tag=ENTITY_ID value=84
D 09:55:31.7568067 GameState.DebugPrintPower() - FULL_ENTITY - Creating ID=85 CardID=
D 09:55:31.7568067 GameState.DebugPrintPower() -     tag=ZONE value=DECK
D 09:55:31.7568067 GameState.DebugPrintPower() -     tag=CONTROLLER value=2
D 09:55:31.7568067 GameState.DebugPrintPower() -     tag=ENTITY_ID value=85
D 09:55:31.7568067 GameState.DebugPrintPower() - FULL_ENTITY - Creating ID=86 CardID=
D 09:55:31.7568067 GameState.DebugPrintPower() -     tag=ZONE value=DECK
D 09:55:31.7568067 GameState.DebugPrintPower() -     tag=CONTROLLER value=2
D 09:55:31.7568067 GameState.DebugPrintPower() -     tag=ENTITY_ID value=86
D 09:55:31.7568067 GameState.DebugPrintPower() - FULL_ENTITY - Creating ID=87 CardID=
D 09:55:31.7568067 GameState.DebugPrintPower() -     tag=ZONE value=DECK
D 09:55:31.7568067 GameState.DebugPrintPower() -     tag=CONTROLLER value=2
D 09:55:31.7568067 GameState.DebugPrintPower() -     tag=ENTITY_ID value=87
D 09:55:31.7568067 GameState.DebugPrintPower() - FULL_ENTITY - Creating ID=88 CardID=
D 09:55:31.7568067 GameState.DebugPrintPower() -     tag=ZONE value=DECK
D 09:55:31.7568067 GameState.DebugPrintPower() -     tag=CONTROLLER value=2
D 09:55:31.7568067 GameState.DebugPrintPower() -     tag=ENTITY_ID value=88
D 09:55:31.7568067 GameState.DebugPrintPower() - FULL_ENTITY - Creating ID=89 CardID=
D 09:55:31.7568067 GameState.DebugPrintPower() -     tag=ZONE value=DECK
D 09:55:31.7568067 GameState.DebugPrintPower() -     tag=CONTROLLER value=2
D 09:55:31.7568067 GameState.DebugPrintPower() -     tag=ENTITY_ID value=89
D 09:55:31.7568067 GameState.DebugPrintPower() - FULL_ENTITY - Creating ID=90 CardID=HERO_05
D 09:55:31.7568067 GameState.DebugPrintPower() -     tag=CONTROLLER value=1
D 09:55:31.7568067 GameState.DebugPrintPower() -     tag=CARDTYPE value=HERO
D 09:55:31.7568067 GameState.DebugPrintPower() -     tag=HEALTH value=30
D 09:55:31.7568067 GameState.DebugPrintPower() -     tag=PREMIUM value=1
D 09:55:31.7568067 GameState.DebugPrintPower() -     tag=ZONE value=PLAY
D 09:55:31.7568067 GameState.DebugPrintPower() -     tag=ENTITY_ID value=90
D 09:55:31.7568067 GameState.DebugPrintPower() -     tag=CLASS value=HUNTER
D 09:55:31.7568067 GameState.DebugPrintPower() -     tag=FACTION value=NEUTRAL
D 09:55:31.7568067 GameState.DebugPrintPower() -     tag=RARITY value=FREE
D 09:55:31.7568067 GameState.DebugPrintPower() -     tag=HERO_POWER value=229
D 09:55:31.7568067 GameState.DebugPrintPower() -     tag=SPAWN_TIME_COUNT value=1
D 09:55:31.7568067 GameState.DebugPrintPower() -     tag=EMOTECHARACTER value=39
D 09:55:31.7568067 GameState.DebugPrintPower() -     tag=HAS_ACTIVATE_POWER value=1
D 09:55:31.7568067 GameState.DebugPrintPower() -     tag=EMOTECLASS value=5
D 09:55:31.7568067 GameState.DebugPrintPower() -     tag=3085 value=30
D 09:55:31.7568067 GameState.DebugPrintPower() - FULL_ENTITY - Creating ID=91 CardID=HERO_05bp
D 09:55:31.7568067 GameState.DebugPrintPower() -     tag=CONTROLLER value=1
D 09:55:31.7568067 GameState.DebugPrintPower() -     tag=CARDTYPE value=HERO_POWER
D 09:55:31.7568067 GameState.DebugPrintPower() -     tag=TAG_LAST_KNOWN_COST_IN_HAND value=2
D 09:55:31.7568067 GameState.DebugPrintPower() -     tag=COST value=2
D 09:55:31.7568067 GameState.DebugPrintPower() -     tag=PREMIUM value=1
D 09:55:31.7568067 GameState.DebugPrintPower() -     tag=ZONE value=PLAY
D 09:55:31.7568067 GameState.DebugPrintPower() -     tag=ENTITY_ID value=91
D 09:55:31.7568067 GameState.DebugPrintPower() -     tag=CLASS value=HUNTER
D 09:55:31.7568067 GameState.DebugPrintPower() -     tag=FACTION value=NEUTRAL
D 09:55:31.7568067 GameState.DebugPrintPower() -     tag=RARITY value=FREE
D 09:55:31.7568067 GameState.DebugPrintPower() -     tag=CREATOR value=90
D 09:55:31.7568067 GameState.DebugPrintPower() -     tag=1037 value=1
D 09:55:31.7568067 GameState.DebugPrintPower() -     tag=1086 value=2738
D 09:55:31.7568067 GameState.DebugPrintPower() -     tag=CREATOR_DBID value=31
D 09:55:31.7568067 GameState.DebugPrintPower() -     tag=SPAWN_TIME_COUNT value=1
D 09:55:31.7568067 GameState.DebugPrintPower() -     tag=HAS_ACTIVATE_POWER value=1
D 09:55:31.7568067 GameState.DebugPrintPower() - FULL_ENTITY - Creating ID=92 CardID=HERO_06bi
D 09:55:31.7568067 GameState.DebugPrintPower() -     tag=CONTROLLER value=2
D 09:55:31.7568067 GameState.DebugPrintPower() -     tag=CARDTYPE value=HERO
D 09:55:31.7568067 GameState.DebugPrintPower() -     tag=HEALTH value=30
D 09:55:31.7568067 GameState.DebugPrintPower() -     tag=PREMIUM value=1
D 09:55:31.7568067 GameState.DebugPrintPower() -     tag=ZONE value=PLAY
D 09:55:31.7568067 GameState.DebugPrintPower() -     tag=ENTITY_ID value=92
D 09:55:31.7568067 GameState.DebugPrintPower() -     tag=CLASS value=DRUID
D 09:55:31.7568067 GameState.DebugPrintPower() -     tag=FACTION value=NEUTRAL
D 09:55:31.7568067 GameState.DebugPrintPower() -     tag=RARITY value=FREE
D 09:55:31.7568067 GameState.DebugPrintPower() -     tag=HERO_POWER value=66926
D 09:55:31.7568067 GameState.DebugPrintPower() -     tag=HIDE_WATERMARK value=1
D 09:55:31.7568067 GameState.DebugPrintPower() -     tag=SPAWN_TIME_COUNT value=1
D 09:55:31.7568067 GameState.DebugPrintPower() -     tag=EMOTECHARACTER value=20
D 09:55:31.7568067 GameState.DebugPrintPower() -     tag=HAS_ACTIVATE_POWER value=1
D 09:55:31.7568067 GameState.DebugPrintPower() -     tag=EMOTECLASS value=6
D 09:55:31.7568067 GameState.DebugPrintPower() -     tag=3085 value=30
D 09:55:31.7568067 GameState.DebugPrintPower() - FULL_ENTITY - Creating ID=93 CardID=HERO_06ebp
D 09:55:31.7568067 GameState.DebugPrintPower() -     tag=CONTROLLER value=2
D 09:55:31.7568067 GameState.DebugPrintPower() -     tag=CARDTYPE value=HERO_POWER
D 09:55:31.7568067 GameState.DebugPrintPower() -     tag=TAG_LAST_KNOWN_COST_IN_HAND value=2
D 09:55:31.7568067 GameState.DebugPrintPower() -     tag=COST value=2
D 09:55:31.7568067 GameState.DebugPrintPower() -     tag=PREMIUM value=1
D 09:55:31.7568067 GameState.DebugPrintPower() -     tag=ZONE value=PLAY
D 09:55:31.7568067 GameState.DebugPrintPower() -     tag=ENTITY_ID value=93
D 09:55:31.7568067 GameState.DebugPrintPower() -     tag=CLASS value=DRUID
D 09:55:31.7568067 GameState.DebugPrintPower() -     tag=FACTION value=NEUTRAL
D 09:55:31.7568067 GameState.DebugPrintPower() -     tag=RARITY value=FREE
D 09:55:31.7568067 GameState.DebugPrintPower() -     tag=CREATOR value=92
D 09:55:31.7568067 GameState.DebugPrintPower() -     tag=1037 value=2
D 09:55:31.7568067 GameState.DebugPrintPower() -     tag=1086 value=66928
D 09:55:31.7568067 GameState.DebugPrintPower() -     tag=CREATOR_DBID value=123761
D 09:55:31.7568067 GameState.DebugPrintPower() -     tag=SPAWN_TIME_COUNT value=1
D 09:55:31.7568067 GameState.DebugPrintPower() -     tag=HAS_ACTIVATE_POWER value=1
D 09:55:31.7568067 GameState.DebugPrintPower() - TAG_CHANGE Entity=1 tag=STATE value=RUNNING 
D 09:55:31.7568067 GameState.DebugPrintPower() - TAG_CHANGE Entity=2 tag=PLAYSTATE value=PLAYING 
D 09:55:31.7568067 GameState.DebugPrintPower() - TAG_CHANGE Entity=3 tag=PLAYSTATE value=PLAYING 
D 09:55:31.7568067 GameState.DebugPrintPower() - BLOCK_START BlockType=TRIGGER Entity=1 EffectCardId=System.Collections.Generic.List`1[System.String] EffectIndex=6 Target=0 SubOption=-1 TriggerKeyword=TAG_NOT_SET
D 09:55:31.7568067 GameState.DebugPrintPower() - BLOCK_END
D 09:55:31.7568067 GameState.DebugPrintPower() - BLOCK_START BlockType=TRIGGER Entity=1 EffectCardId=System.Collections.Generic.List`1[System.String] EffectIndex=-1 Target=0 SubOption=-1 TriggerKeyword=TAG_NOT_SET
D 09:55:31.7568067 GameState.DebugPrintPower() -     TAG_CHANGE Entity=3 tag=CURRENT_PLAYER value=1 
D 09:55:31.7568067 GameState.DebugPrintPower() -     TAG_CHANGE Entity=3 tag=FIRST_PLAYER value=1 
D 09:55:31.7568067 GameState.DebugPrintPower() -     TAG_CHANGE Entity=1 tag=TURN value=1 
D 09:55:31.7568067 GameState.DebugPrintPower() -     TAG_CHANGE Entity=2 tag=2166 value=15 
D 09:55:31.7568067 GameState.DebugPrintPower() -     TAG_CHANGE Entity=2 tag=467 value=4 
D 09:55:31.7568067 GameState.DebugPrintPower() -     TAG_CHANGE Entity=15 tag=ZONE value=HAND 
D 09:55:31.7568067 GameState.DebugPrintPower() -     TAG_CHANGE Entity=15 tag=ZONE_POSITION value=1 
D 09:55:31.7568067 GameState.DebugPrintPower() -     TAG_CHANGE Entity=15 tag=ZONE_POSITION value=0 
D 09:55:31.7568067 GameState.DebugPrintPower() -     TAG_CHANGE Entity=15 tag=ZONE_POSITION value=1 
D 09:55:31.7568067 GameState.DebugPrintPower() -     TAG_CHANGE Entity=2 tag=2166 value=34 
D 09:55:31.7568067 GameState.DebugPrintPower() -     TAG_CHANGE Entity=2 tag=467 value=3 
D 09:55:31.7568067 GameState.DebugPrintPower() -     TAG_CHANGE Entity=34 tag=ZONE value=HAND 
D 09:55:31.7568067 GameState.DebugPrintPower() -     TAG_CHANGE Entity=34 tag=ZONE_POSITION value=2 
D 09:55:31.7568067 GameState.DebugPrintPower() -     TAG_CHANGE Entity=34 tag=ZONE_POSITION value=0 
D 09:55:31.7568067 GameState.DebugPrintPower() -     TAG_CHANGE Entity=34 tag=ZONE_POSITION value=2 
D 09:55:31.7568067 GameState.DebugPrintPower() -     TAG_CHANGE Entity=2 tag=2166 value=8 
D 09:55:31.7568067 GameState.DebugPrintPower() -     TAG_CHANGE Entity=2 tag=467 value=2 
D 09:55:31.7568067 GameState.DebugPrintPower() -     TAG_CHANGE Entity=8 tag=ZONE value=HAND 
D 09:55:31.7568067 GameState.DebugPrintPower() -     TAG_CHANGE Entity=8 tag=ZONE_POSITION value=3 
D 09:55:31.7568067 GameState.DebugPrintPower() -     TAG_CHANGE Entity=8 tag=ZONE_POSITION value=0 
D 09:55:31.7568067 GameState.DebugPrintPower() -     TAG_CHANGE Entity=8 tag=ZONE_POSITION value=3 
D 09:55:31.7568067 GameState.DebugPrintPower() -     TAG_CHANGE Entity=2 tag=2166 value=4 
D 09:55:31.7568067 GameState.DebugPrintPower() -     TAG_CHANGE Entity=2 tag=467 value=1 
D 09:55:31.7568067 GameState.DebugPrintPower() -     TAG_CHANGE Entity=4 tag=ZONE value=HAND 
D 09:55:31.7568067 GameState.DebugPrintPower() -     TAG_CHANGE Entity=4 tag=ZONE_POSITION value=4 
D 09:55:31.7568067 GameState.DebugPrintPower() -     TAG_CHANGE Entity=4 tag=ZONE_POSITION value=0 
D 09:55:31.7568067 GameState.DebugPrintPower() -     TAG_CHANGE Entity=4 tag=ZONE_POSITION value=4 
D 09:55:31.7568067 GameState.DebugPrintPower() -     TAG_CHANGE Entity=2 tag=467 value=0 
D 09:55:31.7568067 GameState.DebugPrintPower() -     TAG_CHANGE Entity=2 tag=NUM_TURNS_LEFT value=1 
D 09:55:31.7568067 GameState.DebugPrintPower() -     FULL_ENTITY - Creating ID=94 CardID=
D 09:55:31.7568067 GameState.DebugPrintPower() -         tag=ZONE value=HAND
D 09:55:31.7568067 GameState.DebugPrintPower() -         tag=CONTROLLER value=1
D 09:55:31.7568067 GameState.DebugPrintPower() -         tag=ENTITY_ID value=94
D 09:55:31.7568067 GameState.DebugPrintPower() -         tag=ZONE_POSITION value=5
D 09:55:31.7568067 GameState.DebugPrintPower() -     TAG_CHANGE Entity=3 tag=2166 value=51 
D 09:55:31.7568067 GameState.DebugPrintPower() -     TAG_CHANGE Entity=3 tag=467 value=3 
D 09:55:31.7568067 GameState.DebugPrintPower() -     SHOW_ENTITY - Updating Entity=51 CardID=JAIL_718
D 09:55:31.7568067 GameState.DebugPrintPower() -         tag=CONTROLLER value=2
D 09:55:31.7568067 GameState.DebugPrintPower() -         tag=CARDTYPE value=MINION
D 09:55:31.7568067 GameState.DebugPrintPower() -         tag=TAG_LAST_KNOWN_COST_IN_HAND value=9
D 09:55:31.7568067 GameState.DebugPrintPower() -         tag=479 value=4
D 09:55:31.7568067 GameState.DebugPrintPower() -         tag=COST value=9
D 09:55:31.7568067 GameState.DebugPrintPower() -         tag=ATK value=4
D 09:55:31.7568067 GameState.DebugPrintPower() -         tag=HEALTH value=4
D 09:55:31.7568067 GameState.DebugPrintPower() -         tag=TRIGGER_VISUAL value=1
D 09:55:31.7568067 GameState.DebugPrintPower() -         tag=ZONE value=HAND
D 09:55:31.7568067 GameState.DebugPrintPower() -         tag=ENTITY_ID value=51
D 09:55:31.7568067 GameState.DebugPrintPower() -         tag=CLASS value=NEUTRAL
D 09:55:31.7568067 GameState.DebugPrintPower() -         tag=RARITY value=EPIC
D 09:55:31.7568067 GameState.DebugPrintPower() -         tag=478 value=2
D 09:55:31.7568067 GameState.DebugPrintPower() -         tag=1043 value=1
D 09:55:31.7568067 GameState.DebugPrintPower() -         tag=1068 value=0
D 09:55:31.7568067 GameState.DebugPrintPower() -         tag=SPAWN_TIME_COUNT value=1
D 09:55:31.7568067 GameState.DebugPrintPower() -         tag=DECK_ACTION_COST value=1
D 09:55:31.7568067 GameState.DebugPrintPower() -         tag=HAS_SIGNATURE_QUALITY value=1
D 09:55:31.7568067 GameState.DebugPrintPower() -         tag=HAS_ACTIVATE_POWER value=1
D 09:55:31.7568067 GameState.DebugPrintPower() -         tag=3085 value=4
D 09:55:31.7568067 GameState.DebugPrintPower() -         tag=PREPARE value=1
D 09:55:31.7568067 GameState.DebugPrintPower() -         tag=4472 value=4
D 09:55:31.7568067 GameState.DebugPrintPower() -     TAG_CHANGE Entity=51 tag=NUM_TURNS_IN_HAND value=1 
D 09:55:31.7568067 GameState.DebugPrintPower() -     TAG_CHANGE Entity=51 tag=ZONE_POSITION value=1 
D 09:55:31.7568067 GameState.DebugPrintPower() -     TAG_CHANGE Entity=51 tag=ZONE_POSITION value=0 
D 09:55:31.7568067 GameState.DebugPrintPower() -     TAG_CHANGE Entity=51 tag=ZONE_POSITION value=1 
D 09:55:31.7568067 GameState.DebugPrintPower() -     TAG_CHANGE Entity=3 tag=2166 value=78 
D 09:55:31.7568067 GameState.DebugPrintPower() -     TAG_CHANGE Entity=3 tag=467 value=2 
D 09:55:31.7568067 GameState.DebugPrintPower() -     SHOW_ENTITY - Updating Entity=78 CardID=SCH_427
D 09:55:31.7568067 GameState.DebugPrintPower() -         tag=CONTROLLER value=2
D 09:55:31.7568067 GameState.DebugPrintPower() -         tag=CARDTYPE value=SPELL
D 09:55:31.7568067 GameState.DebugPrintPower() -         tag=ZONE value=HAND
D 09:55:31.7568067 GameState.DebugPrintPower() -         tag=ENTITY_ID value=78
D 09:55:31.7568067 GameState.DebugPrintPower() -         tag=CLASS value=DRUID
D 09:55:31.7568067 GameState.DebugPrintPower() -         tag=RARITY value=COMMON
D 09:55:31.7568067 GameState.DebugPrintPower() -         tag=OVERLOAD value=1
D 09:55:31.7568067 GameState.DebugPrintPower() -         tag=MULTIPLE_CLASSES value=130
D 09:55:31.7568067 GameState.DebugPrintPower() -         tag=478 value=2
D 09:55:31.7568067 GameState.DebugPrintPower() -         tag=1043 value=1
D 09:55:31.7568067 GameState.DebugPrintPower() -         tag=1068 value=0
D 09:55:31.7568067 GameState.DebugPrintPower() -         tag=SPAWN_TIME_COUNT value=1
D 09:55:31.7568067 GameState.DebugPrintPower() -         tag=SPELL_SCHOOL value=4
D 09:55:31.7568067 GameState.DebugPrintPower() -         tag=3908 value=1
D 09:55:31.7568067 GameState.DebugPrintPower() -     TAG_CHANGE Entity=78 tag=NUM_TURNS_IN_HAND value=1 
D 09:55:31.7568067 GameState.DebugPrintPower() -     TAG_CHANGE Entity=78 tag=ZONE_POSITION value=2 
D 09:55:31.7568067 GameState.DebugPrintPower() -     TAG_CHANGE Entity=78 tag=ZONE_POSITION value=0 
D 09:55:31.7568067 GameState.DebugPrintPower() -     TAG_CHANGE Entity=78 tag=ZONE_POSITION value=2 
D 09:55:31.7568067 GameState.DebugPrintPower() -     TAG_CHANGE Entity=3 tag=2166 value=61 
D 09:55:31.7568067 GameState.DebugPrintPower() -     TAG_CHANGE Entity=3 tag=467 value=1 
D 09:55:31.7568067 GameState.DebugPrintPower() -     SHOW_ENTITY - Updating Entity=61 CardID=CS2_008
D 09:55:31.7568067 GameState.DebugPrintPower() -         tag=CONTROLLER value=2
D 09:55:31.7568067 GameState.DebugPrintPower() -         tag=CARDTYPE value=SPELL
D 09:55:31.7568067 GameState.DebugPrintPower() -         tag=PREMIUM value=1
D 09:55:31.7568067 GameState.DebugPrintPower() -         tag=ZONE value=HAND
D 09:55:31.7568067 GameState.DebugPrintPower() -         tag=ENTITY_ID value=61
D 09:55:31.7568067 GameState.DebugPrintPower() -         tag=CLASS value=DRUID
D 09:55:31.7568067 GameState.DebugPrintPower() -         tag=FACTION value=NEUTRAL
D 09:55:31.7568067 GameState.DebugPrintPower() -         tag=RARITY value=FREE
D 09:55:31.7568067 GameState.DebugPrintPower() -         tag=478 value=2
D 09:55:31.7568067 GameState.DebugPrintPower() -         tag=1043 value=1
D 09:55:31.7568067 GameState.DebugPrintPower() -         tag=1068 value=0
D 09:55:31.7568067 GameState.DebugPrintPower() -         tag=SPAWN_TIME_COUNT value=1
D 09:55:31.7568067 GameState.DebugPrintPower() -         tag=SPELL_SCHOOL value=1
D 09:55:31.7568067 GameState.DebugPrintPower() -     TAG_CHANGE Entity=61 tag=NUM_TURNS_IN_HAND value=1 
D 09:55:31.7568067 GameState.DebugPrintPower() -     TAG_CHANGE Entity=61 tag=ZONE_POSITION value=3 
D 09:55:31.7568067 GameState.DebugPrintPower() -     TAG_CHANGE Entity=61 tag=ZONE_POSITION value=0 
D 09:55:31.7568067 GameState.DebugPrintPower() -     TAG_CHANGE Entity=61 tag=ZONE_POSITION value=3 
D 09:55:31.7568067 GameState.DebugPrintPower() -     TAG_CHANGE Entity=3 tag=467 value=0 
D 09:55:31.7568067 GameState.DebugPrintPower() -     TAG_CHANGE Entity=3 tag=NUM_TURNS_LEFT value=1 
D 09:55:31.7568067 GameState.DebugPrintPower() -     TAG_CHANGE Entity=2 tag=TIMEOUT value=45 
D 09:55:31.7568067 GameState.DebugPrintPower() -     TAG_CHANGE Entity=3 tag=TIMEOUT value=45 
D 09:55:31.7568067 GameState.DebugPrintPower() -     TAG_CHANGE Entity=1 tag=10 value=85 
D 09:55:31.7568067 GameState.DebugPrintPower() -     TAG_CHANGE Entity=1 tag=NEXT_STEP value=BEGIN_MULLIGAN 
D 09:55:31.7568067 GameState.DebugPrintPower() - BLOCK_END
D 09:55:31.7568067 GameState.DebugPrintGame() - BuildNumber=250339
D 09:55:31.7568067 GameState.DebugPrintGame() - GameType=GT_RANKED
D 09:55:31.7568067 GameState.DebugPrintGame() - FormatType=FT_WILD
D 09:55:31.7568067 GameState.DebugPrintGame() - ScenarioID=2
D 09:55:31.7568067 GameState.DebugPrintGame() - PlayerID=1, PlayerName=UNKNOWN HUMAN PLAYER
D 09:55:31.7568067 GameState.DebugPrintGame() - PlayerID=2, PlayerName=湫然#51704
D 09:55:31.7568067 GameState.DebugPrintEntityChoices() - id=1 Player=UNKNOWN HUMAN PLAYER TaskList= ChoiceType=MULLIGAN CountMin=0 CountMax=5
D 09:55:31.7568067 GameState.DebugPrintEntityChoices() -   Source=GameEntity
D 09:55:31.7568067 GameState.DebugPrintEntityChoices() -   Entities[0]=[entityName=UNKNOWN ENTITY [cardType=INVALID] id=15 zone=DECK zonePos=0 cardId= player=1]
D 09:55:31.7568067 GameState.DebugPrintEntityChoices() -   Entities[1]=[entityName=UNKNOWN ENTITY [cardType=INVALID] id=34 zone=DECK zonePos=0 cardId= player=1]
D 09:55:31.7568067 GameState.DebugPrintEntityChoices() -   Entities[2]=[entityName=UNKNOWN ENTITY [cardType=INVALID] id=8 zone=DECK zonePos=0 cardId= player=1]
D 09:55:31.7568067 GameState.DebugPrintEntityChoices() -   Entities[3]=[entityName=UNKNOWN ENTITY [cardType=INVALID] id=4 zone=DECK zonePos=0 cardId= player=1]
D 09:55:31.7568067 GameState.DebugPrintEntityChoices() -   Entities[4]=[entityName=UNKNOWN ENTITY [cardType=INVALID] id=94 zone=HAND zonePos=5 cardId= player=1]
D 09:55:31.7568067 GameState.DebugPrintPowerList() - Count=3
D 09:55:31.7568067 GameState.DebugPrintPower() - TAG_CHANGE Entity=GameEntity tag=STEP value=BEGIN_MULLIGAN 
D 09:55:31.7568067 GameState.DebugPrintPower() - BLOCK_START BlockType=TRIGGER Entity=GameEntity EffectCardId=System.Collections.Generic.List`1[System.String] EffectIndex=-1 Target=0 SubOption=-1 TriggerKeyword=TAG_NOT_SET
D 09:55:31.7568067 GameState.DebugPrintPower() -     TAG_CHANGE Entity=UNKNOWN HUMAN PLAYER tag=MULLIGAN_STATE value=INPUT 
D 09:55:31.7568067 GameState.DebugPrintPowerList() - Count=1
D 09:55:31.7568067 GameState.DebugPrintPower() - TAG_CHANGE Entity=湫然#51704 tag=MULLIGAN_STATE value=INPUT 
D 09:55:31.7568067 GameState.DebugPrintEntityChoices() - id=2 Player=湫然#51704 TaskList=6 ChoiceType=MULLIGAN CountMin=0 CountMax=3
D 09:55:31.7568067 GameState.DebugPrintEntityChoices() -   Source=GameEntity
D 09:55:31.7568067 GameState.DebugPrintEntityChoices() -   Entities[0]=[entityName=UNKNOWN ENTITY [cardType=INVALID] id=51 zone=DECK zonePos=0 cardId= player=2]
D 09:55:31.7568067 GameState.DebugPrintEntityChoices() -   Entities[1]=[entityName=UNKNOWN ENTITY [cardType=INVALID] id=78 zone=DECK zonePos=0 cardId= player=2]
D 09:55:31.7568067 GameState.DebugPrintEntityChoices() -   Entities[2]=[entityName=UNKNOWN ENTITY [cardType=INVALID] id=61 zone=DECK zonePos=0 cardId= player=2]
D 09:55:31.7568067 PowerTaskList.DebugDump() - ID=1 ParentID=0 PreviousID=0 TaskCount=94
D 09:55:31.7568067 PowerTaskList.DebugDump() - Block Start=(null)
D 09:55:31.7568067 PowerTaskList.DebugPrintPower() -     CREATE_GAME
D 09:55:31.7568067 PowerTaskList.DebugPrintPower() -         GameEntity EntityID=1
D 09:55:31.7568067 PowerTaskList.DebugPrintPower() -             tag=CARDTYPE value=GAME
D 09:55:31.7568067 PowerTaskList.DebugPrintPower() -             tag=ZONE value=PLAY
D 09:55:31.7568067 PowerTaskList.DebugPrintPower() -             tag=ENTITY_ID value=1
D 09:55:31.7568067 PowerTaskList.DebugPrintPower() -             tag=937 value=2
D 09:55:31.7568067 PowerTaskList.DebugPrintPower() -             tag=SPAWN_TIME_COUNT value=1
D 09:55:31.7568067 PowerTaskList.DebugPrintPower() -             tag=GAME_SEED value=1578384657
D 09:55:31.7568067 PowerTaskList.DebugPrintPower() -         Player EntityID=2 PlayerID=1 GameAccountId=[hi=144115211015832391 lo=185890464]
D 09:55:31.7568067 PowerTaskList.DebugPrintPower() -             tag=CONTROLLER value=1
D 09:55:31.7568067 PowerTaskList.DebugPrintPower() -             tag=CARDTYPE value=PLAYER
D 09:55:31.7568067 PowerTaskList.DebugPrintPower() -             tag=PLAYER_ID value=1
D 09:55:31.7568067 PowerTaskList.DebugPrintPower() -             tag=HERO_ENTITY value=90
D 09:55:31.7568067 PowerTaskList.DebugPrintPower() -             tag=MAXHANDSIZE value=10
D 09:55:31.7568067 PowerTaskList.DebugPrintPower() -             tag=STARTHANDSIZE value=4
D 09:55:31.7568067 PowerTaskList.DebugPrintPower() -             tag=TEAM_ID value=1
D 09:55:31.7568067 PowerTaskList.DebugPrintPower() -             tag=ZONE value=PLAY
D 09:55:31.7568067 PowerTaskList.DebugPrintPower() -             tag=ENTITY_ID value=2
D 09:55:31.7568067 PowerTaskList.DebugPrintPower() -             tag=MAXRESOURCES value=10
D 09:55:31.7568067 PowerTaskList.DebugPrintPower() -             tag=SPAWN_TIME_COUNT value=1
D 09:55:31.7568067 PowerTaskList.DebugPrintPower() -             tag=MAX_EXCAVATE_TIER value=2
D 09:55:31.7568067 PowerTaskList.DebugPrintPower() -         Player EntityID=3 PlayerID=2 GameAccountId=[hi=144115211015832391 lo=83449896]
D 09:55:31.7568067 PowerTaskList.DebugPrintPower() -             tag=CONTROLLER value=2
D 09:55:31.7568067 PowerTaskList.DebugPrintPower() -             tag=CARDTYPE value=PLAYER
D 09:55:31.7568067 PowerTaskList.DebugPrintPower() -             tag=PLAYER_ID value=2
D 09:55:31.7568067 PowerTaskList.DebugPrintPower() -             tag=HERO_ENTITY value=92
D 09:55:31.7568067 PowerTaskList.DebugPrintPower() -             tag=MAXHANDSIZE value=10
D 09:55:31.7568067 PowerTaskList.DebugPrintPower() -             tag=STARTHANDSIZE value=4
D 09:55:31.7568067 PowerTaskList.DebugPrintPower() -             tag=TEAM_ID value=2
D 09:55:31.7568067 PowerTaskList.DebugPrintPower() -             tag=ZONE value=PLAY
D 09:55:31.7568067 PowerTaskList.DebugPrintPower() -             tag=ENTITY_ID value=3
D 09:55:31.7568067 PowerTaskList.DebugPrintPower() -             tag=MAXRESOURCES value=10
D 09:55:31.7568067 PowerTaskList.DebugPrintPower() -             tag=SPAWN_TIME_COUNT value=1
D 09:55:31.7568067 PowerTaskList.DebugPrintPower() -             tag=MAX_EXCAVATE_TIER value=2
D 09:55:31.7568067 PowerTaskList.DebugPrintPower() -     FULL_ENTITY - Updating [entityName=UNKNOWN ENTITY [cardType=INVALID] id=4 zone=DECK zonePos=0 cardId= player=1] CardID=
D 09:55:31.7568067 PowerTaskList.DebugPrintPower() -         tag=ZONE value=DECK
D 09:55:31.7568067 PowerTaskList.DebugPrintPower() -         tag=CONTROLLER value=1
D 09:55:31.7568067 PowerTaskList.DebugPrintPower() -         tag=ENTITY_ID value=4
D 09:55:31.7568067 PowerTaskList.DebugPrintPower() -     FULL_ENTITY - Updating [entityName=UNKNOWN ENTITY [cardType=INVALID] id=5 zone=DECK zonePos=0 cardId= player=1] CardID=
D 09:55:31.7568067 PowerTaskList.DebugPrintPower() -         tag=ZONE value=DECK
D 09:55:31.7568067 PowerTaskList.DebugPrintPower() -         tag=CONTROLLER value=1
D 09:55:31.7568067 PowerTaskList.DebugPrintPower() -         tag=ENTITY_ID value=5
D 09:55:31.7568067 PowerTaskList.DebugPrintPower() -     FULL_ENTITY - Updating [entityName=UNKNOWN ENTITY [cardType=INVALID] id=6 zone=DECK zonePos=0 cardId= player=1] CardID=
D 09:55:31.7568067 PowerTaskList.DebugPrintPower() -         tag=ZONE value=DECK
D 09:55:31.7568067 PowerTaskList.DebugPrintPower() -         tag=CONTROLLER value=1
D 09:55:31.7568067 PowerTaskList.DebugPrintPower() -         tag=ENTITY_ID value=6
D 09:55:31.7568067 PowerTaskList.DebugPrintPower() -     FULL_ENTITY - Updating [entityName=UNKNOWN ENTITY [cardType=INVALID] id=7 zone=DECK zonePos=0 cardId= player=1] CardID=
D 09:55:31.7568067 PowerTaskList.DebugPrintPower() -         tag=ZONE value=DECK
D 09:55:31.7568067 PowerTaskList.DebugPrintPower() -         tag=CONTROLLER value=1
D 09:55:31.7568067 PowerTaskList.DebugPrintPower() -         tag=ENTITY_ID value=7
D 09:55:31.7568067 PowerTaskList.DebugPrintPower() -     FULL_ENTITY - Updating [entityName=UNKNOWN ENTITY [cardType=INVALID] id=8 zone=DECK zonePos=0 cardId= player=1] CardID=
D 09:55:31.7568067 PowerTaskList.DebugPrintPower() -         tag=ZONE value=DECK
D 09:55:31.7568067 PowerTaskList.DebugPrintPower() -         tag=CONTROLLER value=1
D 09:55:31.7568067 PowerTaskList.DebugPrintPower() -         tag=ENTITY_ID value=8
D 09:55:31.7568067 PowerTaskList.DebugPrintPower() -     FULL_ENTITY - Updating [entityName=UNKNOWN ENTITY [cardType=INVALID] id=9 zone=DECK zonePos=0 cardId= player=1] CardID=
D 09:55:31.7568067 PowerTaskList.DebugPrintPower() -         tag=ZONE value=DECK
D 09:55:31.7568067 PowerTaskList.DebugPrintPower() -         tag=CONTROLLER value=1
D 09:55:31.7568067 PowerTaskList.DebugPrintPower() -         tag=ENTITY_ID value=9
D 09:55:31.7568067 PowerTaskList.DebugPrintPower() -     FULL_ENTITY - Updating [entityName=UNKNOWN ENTITY [cardType=INVALID] id=10 zone=DECK zonePos=0 cardId= player=1] CardID=
D 09:55:31.7568067 PowerTaskList.DebugPrintPower() -         tag=ZONE value=DECK
D 09:55:31.7568067 PowerTaskList.DebugPrintPower() -         tag=CONTROLLER value=1
D 09:55:31.7568067 PowerTaskList.DebugPrintPower() -         tag=ENTITY_ID value=10
D 09:55:31.7568067 PowerTaskList.DebugPrintPower() -     FULL_ENTITY - Updating [entityName=UNKNOWN ENTITY [cardType=INVALID] id=11 zone=DECK zonePos=0 cardId= player=1] CardID=
D 09:55:31.7568067 PowerTaskList.DebugPrintPower() -         tag=ZONE value=DECK
D 09:55:31.7568067 PowerTaskList.DebugPrintPower() -         tag=CONTROLLER value=1
D 09:55:31.7568067 PowerTaskList.DebugPrintPower() -         tag=ENTITY_ID value=11
D 09:55:31.7568067 PowerTaskList.DebugPrintPower() -     FULL_ENTITY - Updating [entityName=UNKNOWN ENTITY [cardType=INVALID] id=12 zone=DECK zonePos=0 cardId= player=1] CardID=
D 09:55:31.7568067 PowerTaskList.DebugPrintPower() -         tag=ZONE value=DECK
D 09:55:31.7568067 PowerTaskList.DebugPrintPower() -         tag=CONTROLLER value=1
D 09:55:31.7568067 PowerTaskList.DebugPrintPower() -         tag=ENTITY_ID value=12
D 09:55:31.7568067 PowerTaskList.DebugPrintPower() -     FULL_ENTITY - Updating [entityName=UNKNOWN ENTITY [cardType=INVALID] id=13 zone=DECK zonePos=0 cardId= player=1] CardID=
D 09:55:31.7568067 PowerTaskList.DebugPrintPower() -         tag=ZONE value=DECK
D 09:55:31.7568067 PowerTaskList.DebugPrintPower() -         tag=CONTROLLER value=1
D 09:55:31.7568067 PowerTaskList.DebugPrintPower() -         tag=ENTITY_ID value=13
D 09:55:31.7568067 PowerTaskList.DebugPrintPower() -     FULL_ENTITY - Updating [entityName=UNKNOWN ENTITY [cardType=INVALID] id=14 zone=DECK zonePos=0 cardId= player=1] CardID=
D 09:55:31.7568067 PowerTaskList.DebugPrintPower() -         tag=ZONE value=DECK
D 09:55:31.7568067 PowerTaskList.DebugPrintPower() -         tag=CONTROLLER value=1
D 09:55:31.7568067 PowerTaskList.DebugPrintPower() -         tag=ENTITY_ID value=14
D 09:55:31.7568067 PowerTaskList.DebugPrintPower() -     FULL_ENTITY - Updating [entityName=UNKNOWN ENTITY [cardType=INVALID] id=15 zone=DECK zonePos=0 cardId= player=1] CardID=
D 09:55:31.7568067 PowerTaskList.DebugPrintPower() -         tag=ZONE value=DECK
D 09:55:31.7568067 PowerTaskList.DebugPrintPower() -         tag=CONTROLLER value=1
D 09:55:31.7568067 PowerTaskList.DebugPrintPower() -         tag=ENTITY_ID value=15
D 09:55:31.7568067 PowerTaskList.DebugPrintPower() -     FULL_ENTITY - Updating [entityName=UNKNOWN ENTITY [cardType=INVALID] id=16 zone=DECK zonePos=0 cardId= player=1] CardID=
D 09:55:31.7568067 PowerTaskList.DebugPrintPower() -         tag=ZONE value=DECK
D 09:55:31.7568067 PowerTaskList.DebugPrintPower() -         tag=CONTROLLER value=1
D 09:55:31.7568067 PowerTaskList.DebugPrintPower() -         tag=ENTITY_ID value=16
D 09:55:31.7568067 PowerTaskList.DebugPrintPower() -     FULL_ENTITY - Updating [entityName=UNKNOWN ENTITY [cardType=INVALID] id=17 zone=DECK zonePos=0 cardId= player=1] CardID=
D 09:55:31.7568067 PowerTaskList.DebugPrintPower() -         tag=ZONE value=DECK
D 09:55:31.7568067 PowerTaskList.DebugPrintPower() -         tag=CONTROLLER value=1
D 09:55:31.7568067 PowerTaskList.DebugPrintPower() -         tag=ENTITY_ID value=17
D 09:55:31.7568067 PowerTaskList.DebugPrintPower() -     FULL_ENTITY - Updating [entityName=UNKNOWN ENTITY [cardType=INVALID] id=18 zone=DECK zonePos=0 cardId= player=1] CardID=
D 09:55:31.7568067 PowerTaskList.DebugPrintPower() -         tag=ZONE value=DECK
D 09:55:31.7568067 PowerTaskList.DebugPrintPower() -         tag=CONTROLLER value=1
D 09:55:31.7568067 PowerTaskList.DebugPrintPower() -         tag=ENTITY_ID value=18
D 09:55:31.7568067 PowerTaskList.DebugPrintPower() -     FULL_ENTITY - Updating [entityName=UNKNOWN ENTITY [cardType=INVALID] id=19 zone=DECK zonePos=0 cardId= player=1] CardID=
D 09:55:31.7568067 PowerTaskList.DebugPrintPower() -         tag=ZONE value=DECK
D 09:55:31.7568067 PowerTaskList.DebugPrintPower() -         tag=CONTROLLER value=1
D 09:55:31.7568067 PowerTaskList.DebugPrintPower() -         tag=ENTITY_ID value=19
D 09:55:31.7568067 PowerTaskList.DebugPrintPower() -     FULL_ENTITY - Updating [entityName=UNKNOWN ENTITY [cardType=INVALID] id=20 zone=DECK zonePos=0 cardId= player=1] CardID=
D 09:55:31.7568067 PowerTaskList.DebugPrintPower() -         tag=ZONE value=DECK
D 09:55:31.7568067 PowerTaskList.DebugPrintPower() -         tag=CONTROLLER value=1
D 09:55:31.7568067 PowerTaskList.DebugPrintPower() -         tag=ENTITY_ID value=20
D 09:55:31.7568067 PowerTaskList.DebugPrintPower() -     FULL_ENTITY - Updating [entityName=UNKNOWN ENTITY [cardType=INVALID] id=21 zone=DECK zonePos=0 cardId= player=1] CardID=
D 09:55:31.7568067 PowerTaskList.DebugPrintPower() -         tag=ZONE value=DECK
D 09:55:31.7568067 PowerTaskList.DebugPrintPower() -         tag=CONTROLLER value=1
D 09:55:31.7568067 PowerTaskList.DebugPrintPower() -         tag=ENTITY_ID value=21
D 09:55:31.7568067 PowerTaskList.DebugPrintPower() -     FULL_ENTITY - Updating [entityName=UNKNOWN ENTITY [cardType=INVALID] id=22 zone=DECK zonePos=0 cardId= player=1] CardID=
D 09:55:31.7568067 PowerTaskList.DebugPrintPower() -         tag=ZONE value=DECK
D 09:55:31.7568067 PowerTaskList.DebugPrintPower() -         tag=CONTROLLER value=1
D 09:55:31.7568067 PowerTaskList.DebugPrintPower() -         tag=ENTITY_ID value=22
D 09:55:31.7568067 PowerTaskList.DebugPrintPower() -     FULL_ENTITY - Updating [entityName=UNKNOWN ENTITY [cardType=INVALID] id=23 zone=DECK zonePos=0 cardId= player=1] CardID=
D 09:55:31.7568067 PowerTaskList.DebugPrintPower() -         tag=ZONE value=DECK
D 09:55:31.7568067 PowerTaskList.DebugPrintPower() -         tag=CONTROLLER value=1
D 09:55:31.7568067 PowerTaskList.DebugPrintPower() -         tag=ENTITY_ID value=23
D 09:55:31.7568067 PowerTaskList.DebugPrintPower() -     FULL_ENTITY - Updating [entityName=UNKNOWN ENTITY [cardType=INVALID] id=24 zone=DECK zonePos=0 cardId= player=1] CardID=
D 09:55:31.7568067 PowerTaskList.DebugPrintPower() -         tag=ZONE value=DECK
D 09:55:31.7568067 PowerTaskList.DebugPrintPower() -         tag=CONTROLLER value=1
D 09:55:31.7568067 PowerTaskList.DebugPrintPower() -         tag=ENTITY_ID value=24
D 09:55:31.7568067 PowerTaskList.DebugPrintPower() -     FULL_ENTITY - Updating [entityName=UNKNOWN ENTITY [cardType=INVALID] id=25 zone=DECK zonePos=0 cardId= player=1] CardID=
D 09:55:31.7568067 PowerTaskList.DebugPrintPower() -         tag=ZONE value=DECK
D 09:55:31.7568067 PowerTaskList.DebugPrintPower() -         tag=CONTROLLER value=1
D 09:55:31.7568067 PowerTaskList.DebugPrintPower() -         tag=ENTITY_ID value=25
D 09:55:31.7568067 PowerTaskList.DebugPrintPower() -     FULL_ENTITY - Updating [entityName=UNKNOWN ENTITY [cardType=INVALID] id=26 zone=DECK zonePos=0 cardId= player=1] CardID=
D 09:55:31.7568067 PowerTaskList.DebugPrintPower() -         tag=ZONE value=DECK
D 09:55:31.7568067 PowerTaskList.DebugPrintPower() -         tag=CONTROLLER value=1
D 09:55:31.7568067 PowerTaskList.DebugPrintPower() -         tag=ENTITY_ID value=26
D 09:55:31.7568067 PowerTaskList.DebugPrintPower() -     FULL_ENTITY - Updating [entityName=UNKNOWN ENTITY [cardType=INVALID] id=27 zone=DECK zonePos=0 cardId= player=1] CardID=
D 09:55:31.7568067 PowerTaskList.DebugPrintPower() -         tag=ZONE value=DECK
D 09:55:31.7568067 PowerTaskList.DebugPrintPower() -         tag=CONTROLLER value=1
D 09:55:31.7568067 PowerTaskList.DebugPrintPower() -         tag=ENTITY_ID value=27
D 09:55:31.7568067 PowerTaskList.DebugPrintPower() -     FULL_ENTITY - Updating [entityName=UNKNOWN ENTITY [cardType=INVALID] id=28 zone=DECK zonePos=0 cardId= player=1] CardID=
D 09:55:31.7568067 PowerTaskList.DebugPrintPower() -         tag=ZONE value=DECK
D 09:55:31.7568067 PowerTaskList.DebugPrintPower() -         tag=CONTROLLER value=1
D 09:55:31.7568067 PowerTaskList.DebugPrintPower() -         tag=ENTITY_ID value=28
D 09:55:31.7568067 PowerTaskList.DebugPrintPower() -     FULL_ENTITY - Updating [entityName=UNKNOWN ENTITY [cardType=INVALID] id=29 zone=DECK zonePos=0 cardId= player=1] CardID=
D 09:55:31.7568067 PowerTaskList.DebugPrintPower() -         tag=ZONE value=DECK
D 09:55:31.7568067 PowerTaskList.DebugPrintPower() -         tag=CONTROLLER value=1
D 09:55:31.7568067 PowerTaskList.DebugPrintPower() -         tag=ENTITY_ID value=29
D 09:55:31.7568067 PowerTaskList.DebugPrintPower() -     FULL_ENTITY - Updating [entityName=UNKNOWN ENTITY [cardType=INVALID] id=30 zone=DECK zonePos=0 cardId= player=1] CardID=
D 09:55:31.7568067 PowerTaskList.DebugPrintPower() -         tag=ZONE value=DECK
D 09:55:31.7568067 PowerTaskList.DebugPrintPower() -         tag=CONTROLLER value=1
D 09:55:31.7568067 PowerTaskList.DebugPrintPower() -         tag=ENTITY_ID value=30
D 09:55:31.7568067 PowerTaskList.DebugPrintPower() -     FULL_ENTITY - Updating [entityName=UNKNOWN ENTITY [cardType=INVALID] id=31 zone=DECK zonePos=0 cardId= player=1] CardID=
D 09:55:31.7568067 PowerTaskList.DebugPrintPower() -         tag=ZONE value=DECK
D 09:55:31.7568067 PowerTaskList.DebugPrintPower() -         tag=CONTROLLER value=1
D 09:55:31.7568067 PowerTaskList.DebugPrintPower() -         tag=ENTITY_ID value=31
D 09:55:31.7568067 PowerTaskList.DebugPrintPower() -     FULL_ENTITY - Updating [entityName=UNKNOWN ENTITY [cardType=INVALID] id=32 zone=DECK zonePos=0 cardId= player=1] CardID=
D 09:55:31.7568067 PowerTaskList.DebugPrintPower() -         tag=ZONE value=DECK
D 09:55:31.7568067 PowerTaskList.DebugPrintPower() -         tag=CONTROLLER value=1
D 09:55:31.7568067 PowerTaskList.DebugPrintPower() -         tag=ENTITY_ID value=32
D 09:55:31.7568067 PowerTaskList.DebugPrintPower() -     FULL_ENTITY - Updating [entityName=UNKNOWN ENTITY [cardType=INVALID] id=33 zone=DECK zonePos=0 cardId= player=1] CardID=
D 09:55:31.7568067 PowerTaskList.DebugPrintPower() -         tag=ZONE value=DECK
D 09:55:31.7568067 PowerTaskList.DebugPrintPower() -         tag=CONTROLLER value=1
D 09:55:31.7568067 PowerTaskList.DebugPrintPower() -         tag=ENTITY_ID value=33
D 09:55:31.7568067 PowerTaskList.DebugPrintPower() -     FULL_ENTITY - Updating [entityName=UNKNOWN ENTITY [cardType=INVALID] id=34 zone=DECK zonePos=0 cardId= player=1] CardID=
D 09:55:31.7568067 PowerTaskList.DebugPrintPower() -         tag=ZONE value=DECK
D 09:55:31.7568067 PowerTaskList.DebugPrintPower() -         tag=CONTROLLER value=1
D 09:55:31.7568067 PowerTaskList.DebugPrintPower() -         tag=ENTITY_ID value=34
D 09:55:31.7568067 PowerTaskList.DebugPrintPower() -     FULL_ENTITY - Updating [entityName=UNKNOWN ENTITY [cardType=INVALID] id=35 zone=DECK zonePos=0 cardId= player=1] CardID=
D 09:55:31.7568067 PowerTaskList.DebugPrintPower() -         tag=ZONE value=DECK
D 09:55:31.7568067 PowerTaskList.DebugPrintPower() -         tag=CONTROLLER value=1
D 09:55:31.7568067 PowerTaskList.DebugPrintPower() -         tag=ENTITY_ID value=35
D 09:55:31.7568067 PowerTaskList.DebugPrintPower() -     FULL_ENTITY - Updating [entityName=UNKNOWN ENTITY [cardType=INVALID] id=36 zone=DECK zonePos=0 cardId= player=1] CardID=
D 09:55:31.7568067 PowerTaskList.DebugPrintPower() -         tag=ZONE value=DECK
D 09:55:31.7568067 PowerTaskList.DebugPrintPower() -         tag=CONTROLLER value=1
D 09:55:31.7568067 PowerTaskList.DebugPrintPower() -         tag=ENTITY_ID value=36
D 09:55:31.7568067 PowerTaskList.DebugPrintPower() -     FULL_ENTITY - Updating [entityName=UNKNOWN ENTITY [cardType=INVALID] id=37 zone=DECK zonePos=0 cardId= player=1] CardID=
D 09:55:31.7568067 PowerTaskList.DebugPrintPower() -         tag=ZONE value=DECK
D 09:55:31.7568067 PowerTaskList.DebugPrintPower() -         tag=CONTROLLER value=1
D 09:55:31.7568067 PowerTaskList.DebugPrintPower() -         tag=ENTITY_ID value=37
D 09:55:31.7568067 PowerTaskList.DebugPrintPower() -     FULL_ENTITY - Updating [entityName=UNKNOWN ENTITY [cardType=INVALID] id=38 zone=DECK zonePos=0 cardId= player=1] CardID=
D 09:55:31.7568067 PowerTaskList.DebugPrintPower() -         tag=ZONE value=DECK
D 09:55:31.7568067 PowerTaskList.DebugPrintPower() -         tag=CONTROLLER value=1
D 09:55:31.7568067 PowerTaskList.DebugPrintPower() -         tag=ENTITY_ID value=38
D 09:55:31.7568067 PowerTaskList.DebugPrintPower() -     FULL_ENTITY - Updating [entityName=UNKNOWN ENTITY [cardType=INVALID] id=39 zone=DECK zonePos=0 cardId= player=1] CardID=
D 09:55:31.7568067 PowerTaskList.DebugPrintPower() -         tag=ZONE value=DECK
D 09:55:31.7568067 PowerTaskList.DebugPrintPower() -         tag=CONTROLLER value=1
D 09:55:31.7568067 PowerTaskList.DebugPrintPower() -         tag=ENTITY_ID value=39
D 09:55:31.7568067 PowerTaskList.DebugPrintPower() -     FULL_ENTITY - Updating [entityName=UNKNOWN ENTITY [cardType=INVALID] id=40 zone=DECK zonePos=0 cardId= player=1] CardID=
D 09:55:31.7568067 PowerTaskList.DebugPrintPower() -         tag=ZONE value=DECK
D 09:55:31.7568067 PowerTaskList.DebugPrintPower() -         tag=CONTROLLER value=1
D 09:55:31.7568067 PowerTaskList.DebugPrintPower() -         tag=ENTITY_ID value=40
D 09:55:31.7568067 PowerTaskList.DebugPrintPower() -     FULL_ENTITY - Updating [entityName=UNKNOWN ENTITY [cardType=INVALID] id=41 zone=DECK zonePos=0 cardId= player=1] CardID=
D 09:55:31.7568067 PowerTaskList.DebugPrintPower() -         tag=ZONE value=DECK
D 09:55:31.7568067 PowerTaskList.DebugPrintPower() -         tag=CONTROLLER value=1
D 09:55:31.7568067 PowerTaskList.DebugPrintPower() -         tag=ENTITY_ID value=41
D 09:55:31.7568067 PowerTaskList.DebugPrintPower() -     FULL_ENTITY - Updating [entityName=UNKNOWN ENTITY [cardType=INVALID] id=42 zone=DECK zonePos=0 cardId= player=1] CardID=
D 09:55:31.7568067 PowerTaskList.DebugPrintPower() -         tag=ZONE value=DECK
D 09:55:31.7568067 PowerTaskList.DebugPrintPower() -         tag=CONTROLLER value=1
D 09:55:31.7568067 PowerTaskList.DebugPrintPower() -         tag=ENTITY_ID value=42
D 09:55:31.7568067 PowerTaskList.DebugPrintPower() -     FULL_ENTITY - Updating [entityName=UNKNOWN ENTITY [cardType=INVALID] id=43 zone=DECK zonePos=0 cardId= player=1] CardID=
D 09:55:31.7568067 PowerTaskList.DebugPrintPower() -         tag=ZONE value=DECK
D 09:55:31.7568067 PowerTaskList.DebugPrintPower() -         tag=CONTROLLER value=1
D 09:55:31.7568067 PowerTaskList.DebugPrintPower() -         tag=ENTITY_ID value=43
D 09:55:31.7568067 PowerTaskList.DebugPrintPower() -     FULL_ENTITY - Updating [entityName=UNKNOWN ENTITY [cardType=INVALID] id=44 zone=SETASIDE zonePos=0 cardId= player=1] CardID=
D 09:55:31.7568067 PowerTaskList.DebugPrintPower() -         tag=ZONE value=SETASIDE
D 09:55:31.7568067 PowerTaskList.DebugPrintPower() -         tag=CONTROLLER value=1
D 09:55:31.7568067 PowerTaskList.DebugPrintPower() -         tag=ENTITY_ID value=44
D 09:55:31.7568067 PowerTaskList.DebugPrintPower() -     FULL_ENTITY - Updating [entityName=UNKNOWN ENTITY [cardType=INVALID] id=45 zone=SETASIDE zonePos=0 cardId= player=1] CardID=
D 09:55:31.7568067 PowerTaskList.DebugPrintPower() -         tag=ZONE value=SETASIDE
D 09:55:31.7568067 PowerTaskList.DebugPrintPower() -         tag=CONTROLLER value=1
D 09:55:31.7568067 PowerTaskList.DebugPrintPower() -         tag=ENTITY_ID value=45
D 09:55:31.7568067 PowerTaskList.DebugPrintPower() -     FULL_ENTITY - Updating [entityName=UNKNOWN ENTITY [cardType=INVALID] id=46 zone=SETASIDE zonePos=0 cardId= player=1] CardID=
D 09:55:31.7568067 PowerTaskList.DebugPrintPower() -         tag=ZONE value=SETASIDE
D 09:55:31.7568067 PowerTaskList.DebugPrintPower() -         tag=CONTROLLER value=1
D 09:55:31.7568067 PowerTaskList.DebugPrintPower() -         tag=ENTITY_ID value=46
D 09:55:31.7568067 PowerTaskList.DebugPrintPower() -     FULL_ENTITY - Updating [entityName=UNKNOWN ENTITY [cardType=INVALID] id=47 zone=SETASIDE zonePos=0 cardId= player=1] CardID=
D 09:55:31.7568067 PowerTaskList.DebugPrintPower() -         tag=ZONE value=SETASIDE
D 09:55:31.7568067 PowerTaskList.DebugPrintPower() -         tag=CONTROLLER value=1
D 09:55:31.7568067 PowerTaskList.DebugPrintPower() -         tag=ENTITY_ID value=47
D 09:55:31.7568067 PowerTaskList.DebugPrintPower() -     FULL_ENTITY - Updating [entityName=UNKNOWN ENTITY [cardType=INVALID] id=48 zone=SETASIDE zonePos=0 cardId= player=1] CardID=
D 09:55:31.7568067 PowerTaskList.DebugPrintPower() -         tag=ZONE value=SETASIDE
D 09:55:31.7568067 PowerTaskList.DebugPrintPower() -         tag=CONTROLLER value=1
D 09:55:31.7568067 PowerTaskList.DebugPrintPower() -         tag=ENTITY_ID value=48
D 09:55:31.7568067 PowerTaskList.DebugPrintPower() -     FULL_ENTITY - Updating [entityName=UNKNOWN ENTITY [cardType=INVALID] id=49 zone=SETASIDE zonePos=0 cardId= player=1] CardID=
D 09:55:31.7568067 PowerTaskList.DebugPrintPower() -         tag=ZONE value=SETASIDE
D 09:55:31.7568067 PowerTaskList.DebugPrintPower() -         tag=CONTROLLER value=1
D 09:55:31.7568067 PowerTaskList.DebugPrintPower() -         tag=ENTITY_ID value=49
D 09:55:31.7568067 PowerTaskList.DebugPrintPower() -     FULL_ENTITY - Updating [entityName=UNKNOWN ENTITY [cardType=INVALID] id=50 zone=DECK zonePos=0 cardId= player=2] CardID=
D 09:55:31.7568067 PowerTaskList.DebugPrintPower() -         tag=ZONE value=DECK
D 09:55:31.7568067 PowerTaskList.DebugPrintPower() -         tag=CONTROLLER value=2
D 09:55:31.7568067 PowerTaskList.DebugPrintPower() -         tag=ENTITY_ID value=50
D 09:55:31.7568067 PowerTaskList.DebugPrintPower() -     FULL_ENTITY - Updating [entityName=UNKNOWN ENTITY [cardType=INVALID] id=51 zone=DECK zonePos=0 cardId= player=2] CardID=
D 09:55:31.7568067 PowerTaskList.DebugPrintPower() -         tag=ZONE value=DECK
D 09:55:31.7568067 PowerTaskList.DebugPrintPower() -         tag=CONTROLLER value=2
D 09:55:31.7568067 PowerTaskList.DebugPrintPower() -         tag=ENTITY_ID value=51
D 09:55:31.7568067 PowerTaskList.DebugPrintPower() -     FULL_ENTITY - Updating [entityName=UNKNOWN ENTITY [cardType=INVALID] id=52 zone=DECK zonePos=0 cardId= player=2] CardID=
D 09:55:31.7568067 PowerTaskList.DebugPrintPower() -         tag=ZONE value=DECK
D 09:55:31.7568067 PowerTaskList.DebugPrintPower() -         tag=CONTROLLER value=2
D 09:55:31.7568067 PowerTaskList.DebugPrintPower() -         tag=ENTITY_ID value=52
D 09:55:31.7568067 PowerTaskList.DebugPrintPower() -     FULL_ENTITY - Updating [entityName=UNKNOWN ENTITY [cardType=INVALID] id=53 zone=DECK zonePos=0 cardId= player=2] CardID=
D 09:55:31.7568067 PowerTaskList.DebugPrintPower() -         tag=ZONE value=DECK
D 09:55:31.7568067 PowerTaskList.DebugPrintPower() -         tag=CONTROLLER value=2
D 09:55:31.7568067 PowerTaskList.DebugPrintPower() -         tag=ENTITY_ID value=53
D 09:55:31.7568067 PowerTaskList.DebugPrintPower() -     FULL_ENTITY - Updating [entityName=UNKNOWN ENTITY [cardType=INVALID] id=54 zone=SETASIDE zonePos=0 cardId= player=2] CardID=
D 09:55:31.7568067 PowerTaskList.DebugPrintPower() -         tag=ZONE value=SETASIDE
D 09:55:31.7568067 PowerTaskList.DebugPrintPower() -         tag=CONTROLLER value=2
D 09:55:31.7568067 PowerTaskList.DebugPrintPower() -         tag=ENTITY_ID value=54
D 09:55:31.7568067 PowerTaskList.DebugPrintPower() -     FULL_ENTITY - Updating [entityName=UNKNOWN ENTITY [cardType=INVALID] id=55 zone=SETASIDE zonePos=0 cardId= player=2] CardID=
D 09:55:31.7568067 PowerTaskList.DebugPrintPower() -         tag=ZONE value=SETASIDE
D 09:55:31.7568067 PowerTaskList.DebugPrintPower() -         tag=CONTROLLER value=2
D 09:55:31.7568067 PowerTaskList.DebugPrintPower() -         tag=ENTITY_ID value=55
D 09:55:31.7568067 PowerTaskList.DebugPrintPower() -     FULL_ENTITY - Updating [entityName=UNKNOWN ENTITY [cardType=INVALID] id=56 zone=DECK zonePos=0 cardId= player=2] CardID=
D 09:55:31.7568067 PowerTaskList.DebugPrintPower() -         tag=ZONE value=DECK
D 09:55:31.7568067 PowerTaskList.DebugPrintPower() -         tag=CONTROLLER value=2
D 09:55:31.7568067 PowerTaskList.DebugPrintPower() -         tag=ENTITY_ID value=56
D 09:55:31.7568067 PowerTaskList.DebugPrintPower() -     FULL_ENTITY - Updating [entityName=UNKNOWN ENTITY [cardType=INVALID] id=57 zone=SETASIDE zonePos=0 cardId= player=2] CardID=
D 09:55:31.7568067 PowerTaskList.DebugPrintPower() -         tag=ZONE value=SETASIDE
D 09:55:31.7568067 PowerTaskList.DebugPrintPower() -         tag=CONTROLLER value=2
D 09:55:31.7568067 PowerTaskList.DebugPrintPower() -         tag=ENTITY_ID value=57
D 09:55:31.7568067 PowerTaskList.DebugPrintPower() -     FULL_ENTITY - Updating [entityName=UNKNOWN ENTITY [cardType=INVALID] id=58 zone=SETASIDE zonePos=0 cardId= player=2] CardID=
D 09:55:31.7568067 PowerTaskList.DebugPrintPower() -         tag=ZONE value=SETASIDE
D 09:55:31.7568067 PowerTaskList.DebugPrintPower() -         tag=CONTROLLER value=2
D 09:55:31.7568067 PowerTaskList.DebugPrintPower() -         tag=ENTITY_ID value=58
D 09:55:31.7568067 PowerTaskList.DebugPrintPower() -     FULL_ENTITY - Updating [entityName=UNKNOWN ENTITY [cardType=INVALID] id=59 zone=DECK zonePos=0 cardId= player=2] CardID=
D 09:55:31.7568067 PowerTaskList.DebugPrintPower() -         tag=ZONE value=DECK
D 09:55:31.7568067 PowerTaskList.DebugPrintPower() -         tag=CONTROLLER value=2
D 09:55:31.7568067 PowerTaskList.DebugPrintPower() -         tag=ENTITY_ID value=59
D 09:55:31.7568067 PowerTaskList.DebugPrintPower() -     FULL_ENTITY - Updating [entityName=UNKNOWN ENTITY [cardType=INVALID] id=60 zone=DECK zonePos=0 cardId= player=2] CardID=
D 09:55:31.7568067 PowerTaskList.DebugPrintPower() -         tag=ZONE value=DECK
D 09:55:31.7568067 PowerTaskList.DebugPrintPower() -         tag=CONTROLLER value=2
D 09:55:31.7568067 PowerTaskList.DebugPrintPower() -         tag=ENTITY_ID value=60
D 09:55:31.7568067 PowerTaskList.DebugPrintPower() -     FULL_ENTITY - Updating [entityName=UNKNOWN ENTITY [cardType=INVALID] id=61 zone=DECK zonePos=0 cardId= player=2] CardID=
D 09:55:31.7568067 PowerTaskList.DebugPrintPower() -         tag=ZONE value=DECK
D 09:55:31.7568067 PowerTaskList.DebugPrintPower() -         tag=CONTROLLER value=2
D 09:55:31.7568067 PowerTaskList.DebugPrintPower() -         tag=ENTITY_ID value=61
D 09:55:31.7568067 PowerTaskList.DebugPrintPower() -     FULL_ENTITY - Updating [entityName=UNKNOWN ENTITY [cardType=INVALID] id=62 zone=DECK zonePos=0 cardId= player=2] CardID=
D 09:55:31.7568067 PowerTaskList.DebugPrintPower() -         tag=ZONE value=DECK
D 09:55:31.7568067 PowerTaskList.DebugPrintPower() -         tag=CONTROLLER value=2
D 09:55:31.7568067 PowerTaskList.DebugPrintPower() -         tag=ENTITY_ID value=62
D 09:55:31.7568067 PowerTaskList.DebugPrintPower() -     FULL_ENTITY - Updating [entityName=UNKNOWN ENTITY [cardType=INVALID] id=63 zone=DECK zonePos=0 cardId= player=2] CardID=
D 09:55:31.7568067 PowerTaskList.DebugPrintPower() -         tag=ZONE value=DECK
D 09:55:31.7568067 PowerTaskList.DebugPrintPower() -         tag=CONTROLLER value=2
D 09:55:31.7568067 PowerTaskList.DebugPrintPower() -         tag=ENTITY_ID value=63
D 09:55:31.7568067 PowerTaskList.DebugPrintPower() -     FULL_ENTITY - Updating [entityName=UNKNOWN ENTITY [cardType=INVALID] id=64 zone=SETASIDE zonePos=0 cardId= player=2] CardID=
D 09:55:31.7568067 PowerTaskList.DebugPrintPower() -         tag=ZONE value=SETASIDE
D 09:55:31.7568067 PowerTaskList.DebugPrintPower() -         tag=CONTROLLER value=2
D 09:55:31.7568067 PowerTaskList.DebugPrintPower() -         tag=ENTITY_ID value=64
D 09:55:31.7568067 PowerTaskList.DebugPrintPower() -     FULL_ENTITY - Updating [entityName=UNKNOWN ENTITY [cardType=INVALID] id=65 zone=SETASIDE zonePos=0 cardId= player=2] CardID=
D 09:55:31.7568067 PowerTaskList.DebugPrintPower() -         tag=ZONE value=SETASIDE
D 09:55:31.7568067 PowerTaskList.DebugPrintPower() -         tag=CONTROLLER value=2
D 09:55:31.7568067 PowerTaskList.DebugPrintPower() -         tag=ENTITY_ID value=65
D 09:55:31.7568067 PowerTaskList.DebugPrintPower() -     FULL_ENTITY - Updating [entityName=UNKNOWN ENTITY [cardType=INVALID] id=66 zone=DECK zonePos=0 cardId= player=2] CardID=
D 09:55:31.7568067 PowerTaskList.DebugPrintPower() -         tag=ZONE value=DECK
D 09:55:31.7568067 PowerTaskList.DebugPrintPower() -         tag=CONTROLLER value=2
D 09:55:31.7568067 PowerTaskList.DebugPrintPower() -         tag=ENTITY_ID value=66
D 09:55:31.7568067 PowerTaskList.DebugPrintPower() -     FULL_ENTITY - Updating [entityName=UNKNOWN ENTITY [cardType=INVALID] id=67 zone=DECK zonePos=0 cardId= player=2] CardID=
D 09:55:31.7568067 PowerTaskList.DebugPrintPower() -         tag=ZONE value=DECK
D 09:55:31.7568067 PowerTaskList.DebugPrintPower() -         tag=CONTROLLER value=2
D 09:55:31.7568067 PowerTaskList.DebugPrintPower() -         tag=ENTITY_ID value=67
D 09:55:31.7568067 PowerTaskList.DebugPrintPower() -     FULL_ENTITY - Updating [entityName=UNKNOWN ENTITY [cardType=INVALID] id=68 zone=DECK zonePos=0 cardId= player=2] CardID=
D 09:55:31.7568067 PowerTaskList.DebugPrintPower() -         tag=ZONE value=DECK
D 09:55:31.7568067 PowerTaskList.DebugPrintPower() -         tag=CONTROLLER value=2
D 09:55:31.7568067 PowerTaskList.DebugPrintPower() -         tag=ENTITY_ID value=68
D 09:55:31.7568067 PowerTaskList.DebugPrintPower() -     FULL_ENTITY - Updating [entityName=UNKNOWN ENTITY [cardType=INVALID] id=69 zone=DECK zonePos=0 cardId= player=2] CardID=
D 09:55:31.7568067 PowerTaskList.DebugPrintPower() -         tag=ZONE value=DECK
D 09:55:31.7568067 PowerTaskList.DebugPrintPower() -         tag=CONTROLLER value=2
D 09:55:31.7568067 PowerTaskList.DebugPrintPower() -         tag=ENTITY_ID value=69
D 09:55:31.7568067 PowerTaskList.DebugPrintPower() -     FULL_ENTITY - Updating [entityName=UNKNOWN ENTITY [cardType=INVALID] id=70 zone=DECK zonePos=0 cardId= player=2] CardID=
D 09:55:31.7568067 PowerTaskList.DebugPrintPower() -         tag=ZONE value=DECK
D 09:55:31.7568067 PowerTaskList.DebugPrintPower() -         tag=CONTROLLER value=2
D 09:55:31.7568067 PowerTaskList.DebugPrintPower() -         tag=ENTITY_ID value=70
D 09:55:31.7568067 PowerTaskList.DebugPrintPower() -     FULL_ENTITY - Updating [entityName=UNKNOWN ENTITY [cardType=INVALID] id=71 zone=SETASIDE zonePos=0 cardId= player=2] CardID=
D 09:55:31.7568067 PowerTaskList.DebugPrintPower() -         tag=ZONE value=SETASIDE
D 09:55:31.7568067 PowerTaskList.DebugPrintPower() -         tag=CONTROLLER value=2
D 09:55:31.7568067 PowerTaskList.DebugPrintPower() -         tag=ENTITY_ID value=71
D 09:55:31.7568067 PowerTaskList.DebugPrintPower() -     FULL_ENTITY - Updating [entityName=UNKNOWN ENTITY [cardType=INVALID] id=72 zone=SETASIDE zonePos=0 cardId= player=2] CardID=
D 09:55:31.7568067 PowerTaskList.DebugPrintPower() -         tag=ZONE value=SETASIDE
D 09:55:31.7568067 PowerTaskList.DebugPrintPower() -         tag=CONTROLLER value=2
D 09:55:31.7568067 PowerTaskList.DebugPrintPower() -         tag=ENTITY_ID value=72
D 09:55:31.7568067 PowerTaskList.DebugPrintPower() -     FULL_ENTITY - Updating [entityName=UNKNOWN ENTITY [cardType=INVALID] id=73 zone=DECK zonePos=0 cardId= player=2] CardID=
D 09:55:31.7568067 PowerTaskList.DebugPrintPower() -         tag=ZONE value=DECK
D 09:55:31.7568067 PowerTaskList.DebugPrintPower() -         tag=CONTROLLER value=2
D 09:55:31.7568067 PowerTaskList.DebugPrintPower() -         tag=ENTITY_ID value=73
D 09:55:31.7568067 PowerTaskList.DebugPrintPower() -     FULL_ENTITY - Updating [entityName=UNKNOWN ENTITY [cardType=INVALID] id=74 zone=DECK zonePos=0 cardId= player=2] CardID=
D 09:55:31.7568067 PowerTaskList.DebugPrintPower() -         tag=ZONE value=DECK
D 09:55:31.7568067 PowerTaskList.DebugPrintPower() -         tag=CONTROLLER value=2
D 09:55:31.7568067 PowerTaskList.DebugPrintPower() -         tag=ENTITY_ID value=74
D 09:55:31.7568067 PowerTaskList.DebugPrintPower() -     FULL_ENTITY - Updating [entityName=UNKNOWN ENTITY [cardType=INVALID] id=75 zone=DECK zonePos=0 cardId= player=2] CardID=
D 09:55:31.7568067 PowerTaskList.DebugPrintPower() -         tag=ZONE value=DECK
D 09:55:31.7568067 PowerTaskList.DebugPrintPower() -         tag=CONTROLLER value=2
D 09:55:31.7568067 PowerTaskList.DebugPrintPower() -         tag=ENTITY_ID value=75
D 09:55:31.7568067 PowerTaskList.DebugPrintPower() -     FULL_ENTITY - Updating [entityName=UNKNOWN ENTITY [cardType=INVALID] id=76 zone=DECK zonePos=0 cardId= player=2] CardID=
D 09:55:31.7568067 PowerTaskList.DebugPrintPower() -         tag=ZONE value=DECK
D 09:55:31.7568067 PowerTaskList.DebugPrintPower() -         tag=CONTROLLER value=2
D 09:55:31.7568067 PowerTaskList.DebugPrintPower() -         tag=ENTITY_ID value=76
D 09:55:31.7568067 PowerTaskList.DebugPrintPower() -     FULL_ENTITY - Updating [entityName=UNKNOWN ENTITY [cardType=INVALID] id=77 zone=DECK zonePos=0 cardId= player=2] CardID=
D 09:55:31.7568067 PowerTaskList.DebugPrintPower() -         tag=ZONE value=DECK
D 09:55:31.7568067 PowerTaskList.DebugPrintPower() -         tag=CONTROLLER value=2
D 09:55:31.7568067 PowerTaskList.DebugPrintPower() -         tag=ENTITY_ID value=77
D 09:55:31.7568067 PowerTaskList.DebugPrintPower() -     FULL_ENTITY - Updating [entityName=UNKNOWN ENTITY [cardType=INVALID] id=78 zone=DECK zonePos=0 cardId= player=2] CardID=
D 09:55:31.7568067 PowerTaskList.DebugPrintPower() -         tag=ZONE value=DECK
D 09:55:31.7568067 PowerTaskList.DebugPrintPower() -         tag=CONTROLLER value=2
D 09:55:31.7568067 PowerTaskList.DebugPrintPower() -         tag=ENTITY_ID value=78
D 09:55:31.7568067 PowerTaskList.DebugPrintPower() -     FULL_ENTITY - Updating [entityName=UNKNOWN ENTITY [cardType=INVALID] id=79 zone=DECK zonePos=0 cardId= player=2] CardID=
D 09:55:31.7568067 PowerTaskList.DebugPrintPower() -         tag=ZONE value=DECK
D 09:55:31.7568067 PowerTaskList.DebugPrintPower() -         tag=CONTROLLER value=2
D 09:55:31.7568067 PowerTaskList.DebugPrintPower() -         tag=ENTITY_ID value=79
D 09:55:31.7568067 PowerTaskList.DebugPrintPower() -     FULL_ENTITY - Updating [entityName=UNKNOWN ENTITY [cardType=INVALID] id=80 zone=DECK zonePos=0 cardId= player=2] CardID=
D 09:55:31.7568067 PowerTaskList.DebugPrintPower() -         tag=ZONE value=DECK
D 09:55:31.7568067 PowerTaskList.DebugPrintPower() -         tag=CONTROLLER value=2
D 09:55:31.7568067 PowerTaskList.DebugPrintPower() -         tag=ENTITY_ID value=80
D 09:55:31.7568067 PowerTaskList.DebugPrintPower() -     FULL_ENTITY - Updating [entityName=UNKNOWN ENTITY [cardType=INVALID] id=81 zone=DECK zonePos=0 cardId= player=2] CardID=
D 09:55:31.7568067 PowerTaskList.DebugPrintPower() -         tag=ZONE value=DECK
D 09:55:31.7568067 PowerTaskList.DebugPrintPower() -         tag=CONTROLLER value=2
D 09:55:31.7568067 PowerTaskList.DebugPrintPower() -         tag=ENTITY_ID value=81
D 09:55:31.7568067 PowerTaskList.DebugPrintPower() -     FULL_ENTITY - Updating [entityName=UNKNOWN ENTITY [cardType=INVALID] id=82 zone=SETASIDE zonePos=0 cardId= player=2] CardID=
D 09:55:31.7568067 PowerTaskList.DebugPrintPower() -         tag=ZONE value=SETASIDE
D 09:55:31.7568067 PowerTaskList.DebugPrintPower() -         tag=CONTROLLER value=2
D 09:55:31.7568067 PowerTaskList.DebugPrintPower() -         tag=ENTITY_ID value=82
D 09:55:31.7568067 PowerTaskList.DebugPrintPower() -     FULL_ENTITY - Updating [entityName=UNKNOWN ENTITY [cardType=INVALID] id=83 zone=SETASIDE zonePos=0 cardId= player=2] CardID=
D 09:55:31.7568067 PowerTaskList.DebugPrintPower() -         tag=ZONE value=SETASIDE
D 09:55:31.7568067 PowerTaskList.DebugPrintPower() -         tag=CONTROLLER value=2
D 09:55:31.7568067 PowerTaskList.DebugPrintPower() -         tag=ENTITY_ID value=83
D 09:55:31.7568067 PowerTaskList.DebugPrintPower() -     FULL_ENTITY - Updating [entityName=UNKNOWN ENTITY [cardType=INVALID] id=84 zone=DECK zonePos=0 cardId= player=2] CardID=
D 09:55:31.7568067 PowerTaskList.DebugPrintPower() -         tag=ZONE value=DECK
D 09:55:31.7568067 PowerTaskList.DebugPrintPower() -         tag=CONTROLLER value=2
D 09:55:31.7568067 PowerTaskList.DebugPrintPower() -         tag=ENTITY_ID value=84
D 09:55:31.7568067 PowerTaskList.DebugPrintPower() -     FULL_ENTITY - Updating [entityName=UNKNOWN ENTITY [cardType=INVALID] id=85 zone=DECK zonePos=0 cardId= player=2] CardID=
D 09:55:31.7568067 PowerTaskList.DebugPrintPower() -         tag=ZONE value=DECK
D 09:55:31.7568067 PowerTaskList.DebugPrintPower() -         tag=CONTROLLER value=2
D 09:55:31.7568067 PowerTaskList.DebugPrintPower() -         tag=ENTITY_ID value=85
D 09:55:31.7568067 PowerTaskList.DebugPrintPower() -     FULL_ENTITY - Updating [entityName=UNKNOWN ENTITY [cardType=INVALID] id=86 zone=DECK zonePos=0 cardId= player=2] CardID=
D 09:55:31.7568067 PowerTaskList.DebugPrintPower() -         tag=ZONE value=DECK
D 09:55:31.7568067 PowerTaskList.DebugPrintPower() -         tag=CONTROLLER value=2
D 09:55:31.7568067 PowerTaskList.DebugPrintPower() -         tag=ENTITY_ID value=86
D 09:55:31.7568067 PowerTaskList.DebugPrintPower() -     FULL_ENTITY - Updating [entityName=UNKNOWN ENTITY [cardType=INVALID] id=87 zone=DECK zonePos=0 cardId= player=2] CardID=
D 09:55:31.7568067 PowerTaskList.DebugPrintPower() -         tag=ZONE value=DECK
D 09:55:31.7568067 PowerTaskList.DebugPrintPower() -         tag=CONTROLLER value=2
D 09:55:31.7568067 PowerTaskList.DebugPrintPower() -         tag=ENTITY_ID value=87
D 09:55:31.7568067 PowerTaskList.DebugPrintPower() -     FULL_ENTITY - Updating [entityName=UNKNOWN ENTITY [cardType=INVALID] id=88 zone=DECK zonePos=0 cardId= player=2] CardID=
D 09:55:31.7568067 PowerTaskList.DebugPrintPower() -         tag=ZONE value=DECK
D 09:55:31.7568067 PowerTaskList.DebugPrintPower() -         tag=CONTROLLER value=2
D 09:55:31.7568067 PowerTaskList.DebugPrintPower() -         tag=ENTITY_ID value=88
D 09:55:31.7568067 PowerTaskList.DebugPrintPower() -     FULL_ENTITY - Updating [entityName=UNKNOWN ENTITY [cardType=INVALID] id=89 zone=DECK zonePos=0 cardId= player=2] CardID=
D 09:55:31.7568067 PowerTaskList.DebugPrintPower() -         tag=ZONE value=DECK
D 09:55:31.7568067 PowerTaskList.DebugPrintPower() -         tag=CONTROLLER value=2
D 09:55:31.7568067 PowerTaskList.DebugPrintPower() -         tag=ENTITY_ID value=89
D 09:55:31.7568067 PowerTaskList.DebugPrintPower() -     FULL_ENTITY - Updating [entityName=雷克萨 id=90 zone=PLAY zonePos=0 cardId=HERO_05 player=1] CardID=HERO_05
D 09:55:31.7568067 PowerTaskList.DebugPrintPower() -         tag=CONTROLLER value=1
D 09:55:31.7568067 PowerTaskList.DebugPrintPower() -         tag=CARDTYPE value=HERO
D 09:55:31.7568067 PowerTaskList.DebugPrintPower() -         tag=HEALTH value=30
D 09:55:31.7568067 PowerTaskList.DebugPrintPower() -         tag=PREMIUM value=1
D 09:55:31.7568067 PowerTaskList.DebugPrintPower() -         tag=ZONE value=PLAY
D 09:55:31.7568067 PowerTaskList.DebugPrintPower() -         tag=ENTITY_ID value=90
D 09:55:31.7568067 PowerTaskList.DebugPrintPower() -         tag=CLASS value=HUNTER
D 09:55:31.7568067 PowerTaskList.DebugPrintPower() -         tag=FACTION value=NEUTRAL
D 09:55:31.7568067 PowerTaskList.DebugPrintPower() -         tag=RARITY value=FREE
D 09:55:31.7568067 PowerTaskList.DebugPrintPower() -         tag=HERO_POWER value=229
D 09:55:31.7568067 PowerTaskList.DebugPrintPower() -         tag=SPAWN_TIME_COUNT value=1
D 09:55:31.7568067 PowerTaskList.DebugPrintPower() -         tag=EMOTECHARACTER value=39
D 09:55:31.7568067 PowerTaskList.DebugPrintPower() -         tag=HAS_ACTIVATE_POWER value=1
D 09:55:31.7568067 PowerTaskList.DebugPrintPower() -         tag=EMOTECLASS value=5
D 09:55:31.7568067 PowerTaskList.DebugPrintPower() -         tag=3085 value=30
D 09:55:31.7568067 PowerTaskList.DebugPrintPower() -     FULL_ENTITY - Updating [entityName=稳固射击 id=91 zone=PLAY zonePos=0 cardId=HERO_05bp player=1] CardID=HERO_05bp
D 09:55:31.7568067 PowerTaskList.DebugPrintPower() -         tag=CONTROLLER value=1
D 09:55:31.7568067 PowerTaskList.DebugPrintPower() -         tag=CARDTYPE value=HERO_POWER
D 09:55:31.7568067 PowerTaskList.DebugPrintPower() -         tag=TAG_LAST_KNOWN_COST_IN_HAND value=2
D 09:55:31.7568067 PowerTaskList.DebugPrintPower() -         tag=COST value=2
D 09:55:31.7568067 PowerTaskList.DebugPrintPower() -         tag=PREMIUM value=1
D 09:55:31.7568067 PowerTaskList.DebugPrintPower() -         tag=ZONE value=PLAY
D 09:55:31.7568067 PowerTaskList.DebugPrintPower() -         tag=ENTITY_ID value=91
D 09:55:31.7568067 PowerTaskList.DebugPrintPower() -         tag=CLASS value=HUNTER
D 09:55:31.7568067 PowerTaskList.DebugPrintPower() -         tag=FACTION value=NEUTRAL
D 09:55:31.7568067 PowerTaskList.DebugPrintPower() -         tag=RARITY value=FREE
D 09:55:31.7568067 PowerTaskList.DebugPrintPower() -         tag=CREATOR value=90
D 09:55:31.7568067 PowerTaskList.DebugPrintPower() -         tag=1037 value=1
D 09:55:31.7568067 PowerTaskList.DebugPrintPower() -         tag=1086 value=2738
D 09:55:31.7568067 PowerTaskList.DebugPrintPower() -         tag=CREATOR_DBID value=31
D 09:55:31.7568067 PowerTaskList.DebugPrintPower() -         tag=SPAWN_TIME_COUNT value=1
D 09:55:31.7568067 PowerTaskList.DebugPrintPower() -         tag=HAS_ACTIVATE_POWER value=1
D 09:55:31.7568067 PowerTaskList.DebugPrintPower() -     FULL_ENTITY - Updating [entityName=嘲风望月露娜拉 id=92 zone=PLAY zonePos=0 cardId=HERO_06bi player=2] CardID=HERO_06bi
D 09:55:31.7568067 PowerTaskList.DebugPrintPower() -         tag=CONTROLLER value=2
D 09:55:31.7568067 PowerTaskList.DebugPrintPower() -         tag=CARDTYPE value=HERO
D 09:55:31.7568067 PowerTaskList.DebugPrintPower() -         tag=HEALTH value=30
D 09:55:31.7568067 PowerTaskList.DebugPrintPower() -         tag=PREMIUM value=1
D 09:55:31.7568067 PowerTaskList.DebugPrintPower() -         tag=ZONE value=PLAY
D 09:55:31.7568067 PowerTaskList.DebugPrintPower() -         tag=ENTITY_ID value=92
D 09:55:31.7568067 PowerTaskList.DebugPrintPower() -         tag=CLASS value=DRUID
D 09:55:31.7568067 PowerTaskList.DebugPrintPower() -         tag=FACTION value=NEUTRAL
D 09:55:31.7568067 PowerTaskList.DebugPrintPower() -         tag=RARITY value=FREE
D 09:55:31.7568067 PowerTaskList.DebugPrintPower() -         tag=HERO_POWER value=66926
D 09:55:31.7568067 PowerTaskList.DebugPrintPower() -         tag=HIDE_WATERMARK value=1
D 09:55:31.7568067 PowerTaskList.DebugPrintPower() -         tag=SPAWN_TIME_COUNT value=1
D 09:55:31.7568067 PowerTaskList.DebugPrintPower() -         tag=EMOTECHARACTER value=20
D 09:55:31.7568067 PowerTaskList.DebugPrintPower() -         tag=HAS_ACTIVATE_POWER value=1
D 09:55:31.7568067 PowerTaskList.DebugPrintPower() -         tag=EMOTECLASS value=6
D 09:55:31.7568067 PowerTaskList.DebugPrintPower() -         tag=3085 value=30
D 09:55:31.7568067 PowerTaskList.DebugPrintPower() -     FULL_ENTITY - Updating [entityName=变形 id=93 zone=PLAY zonePos=0 cardId=HERO_06ebp player=2] CardID=HERO_06ebp
D 09:55:31.7568067 PowerTaskList.DebugPrintPower() -         tag=CONTROLLER value=2
D 09:55:31.7568067 PowerTaskList.DebugPrintPower() -         tag=CARDTYPE value=HERO_POWER
D 09:55:31.7568067 PowerTaskList.DebugPrintPower() -         tag=TAG_LAST_KNOWN_COST_IN_HAND value=2
D 09:55:31.7568067 PowerTaskList.DebugPrintPower() -         tag=COST value=2
D 09:55:31.7568067 PowerTaskList.DebugPrintPower() -         tag=PREMIUM value=1
D 09:55:31.7568067 PowerTaskList.DebugPrintPower() -         tag=ZONE value=PLAY
D 09:55:31.7568067 PowerTaskList.DebugPrintPower() -         tag=ENTITY_ID value=93
D 09:55:31.7568067 PowerTaskList.DebugPrintPower() -         tag=CLASS value=DRUID
D 09:55:31.7568067 PowerTaskList.DebugPrintPower() -         tag=FACTION value=NEUTRAL
D 09:55:31.7568067 PowerTaskList.DebugPrintPower() -         tag=RARITY value=FREE
D 09:55:31.7568067 PowerTaskList.DebugPrintPower() -         tag=CREATOR value=92
D 09:55:31.7568067 PowerTaskList.DebugPrintPower() -         tag=1037 value=2
D 09:55:31.7568067 PowerTaskList.DebugPrintPower() -         tag=1086 value=66928
D 09:55:31.7568067 PowerTaskList.DebugPrintPower() -         tag=CREATOR_DBID value=123761
D 09:55:31.7568067 PowerTaskList.DebugPrintPower() -         tag=SPAWN_TIME_COUNT value=1
D 09:55:31.7568067 PowerTaskList.DebugPrintPower() -         tag=HAS_ACTIVATE_POWER value=1
D 09:55:31.7568067 PowerTaskList.DebugPrintPower() -     TAG_CHANGE Entity=GameEntity tag=STATE value=RUNNING 
D 09:55:31.7568067 PowerTaskList.DebugPrintPower() -     TAG_CHANGE Entity=UNKNOWN HUMAN PLAYER tag=PLAYSTATE value=PLAYING 
D 09:55:31.7568067 PowerTaskList.DebugPrintPower() -     TAG_CHANGE Entity=湫然#51704 tag=PLAYSTATE value=PLAYING 
D 09:55:31.7568067 PowerTaskList.DebugDump() - Block End=(null)
D 09:55:31.7568067 PowerProcessor.PrepareHistoryForCurrentTaskList() - m_currentTaskList=1
D 09:55:34.0644361 PowerProcessor.EndCurrentTaskList() - m_currentTaskList=1
D 09:55:34.0704566 PowerTaskList.DebugDump() - ID=2 ParentID=1 PreviousID=0 TaskCount=0
D 09:55:34.0704566 PowerTaskList.DebugPrintPower() - BLOCK_START BlockType=TRIGGER Entity=GameEntity EffectCardId=System.Collections.Generic.List`1[System.String] EffectIndex=6 Target=0 SubOption=-1 TriggerKeyword=TAG_NOT_SET
D 09:55:34.0704566 PowerTaskList.DebugPrintPower() - BLOCK_END
D 09:55:34.0704566 PowerProcessor.PrepareHistoryForCurrentTaskList() - m_currentTaskList=2
D 09:55:34.0704566 PowerProcessor.EndCurrentTaskList() - m_currentTaskList=2
D 09:55:34.0704566 PowerTaskList.DebugDump() - ID=3 ParentID=0 PreviousID=0 TaskCount=57
D 09:55:34.0704566 PowerTaskList.DebugPrintPower() - BLOCK_START BlockType=TRIGGER Entity=GameEntity EffectCardId=System.Collections.Generic.List`1[System.String] EffectIndex=-1 Target=0 SubOption=-1 TriggerKeyword=TAG_NOT_SET
D 09:55:34.0704566 PowerTaskList.DebugPrintPower() -     TAG_CHANGE Entity=湫然#51704 tag=CURRENT_PLAYER value=1 
D 09:55:34.0704566 PowerTaskList.DebugPrintPower() -     TAG_CHANGE Entity=湫然#51704 tag=FIRST_PLAYER value=1 
D 09:55:34.0704566 PowerTaskList.DebugPrintPower() -     TAG_CHANGE Entity=GameEntity tag=TURN value=1 
D 09:55:34.0704566 PowerTaskList.DebugPrintPower() -     TAG_CHANGE Entity=拯救网瘾对手#5318 tag=2166 value=15 
D 09:55:34.0704566 PowerTaskList.DebugPrintPower() -     TAG_CHANGE Entity=拯救网瘾对手#5318 tag=467 value=4 
D 09:55:34.0704566 PowerTaskList.DebugPrintPower() -     TAG_CHANGE Entity=[entityName=UNKNOWN ENTITY [cardType=INVALID] id=15 zone=DECK zonePos=0 cardId= player=1] tag=ZONE value=HAND 
D 09:55:34.0704566 PowerTaskList.DebugPrintPower() -     TAG_CHANGE Entity=[entityName=UNKNOWN ENTITY [cardType=INVALID] id=15 zone=DECK zonePos=0 cardId= player=1] tag=ZONE_POSITION value=1 
D 09:55:34.0704566 PowerTaskList.DebugPrintPower() -     TAG_CHANGE Entity=[entityName=UNKNOWN ENTITY [cardType=INVALID] id=15 zone=DECK zonePos=0 cardId= player=1] tag=ZONE_POSITION value=0 
D 09:55:34.0704566 PowerTaskList.DebugPrintPower() -     TAG_CHANGE Entity=[entityName=UNKNOWN ENTITY [cardType=INVALID] id=15 zone=DECK zonePos=0 cardId= player=1] tag=ZONE_POSITION value=1 
D 09:55:34.0704566 PowerTaskList.DebugPrintPower() -     TAG_CHANGE Entity=拯救网瘾对手#5318 tag=2166 value=34 
D 09:55:34.0704566 PowerTaskList.DebugPrintPower() -     TAG_CHANGE Entity=拯救网瘾对手#5318 tag=467 value=3 
D 09:55:34.0704566 PowerTaskList.DebugPrintPower() -     TAG_CHANGE Entity=[entityName=UNKNOWN ENTITY [cardType=INVALID] id=34 zone=DECK zonePos=0 cardId= player=1] tag=ZONE value=HAND 
D 09:55:34.0704566 PowerTaskList.DebugPrintPower() -     TAG_CHANGE Entity=[entityName=UNKNOWN ENTITY [cardType=INVALID] id=34 zone=DECK zonePos=0 cardId= player=1] tag=ZONE_POSITION value=2 
D 09:55:34.0704566 PowerTaskList.DebugPrintPower() -     TAG_CHANGE Entity=[entityName=UNKNOWN ENTITY [cardType=INVALID] id=34 zone=DECK zonePos=0 cardId= player=1] tag=ZONE_POSITION value=0 
D 09:55:34.0704566 PowerTaskList.DebugPrintPower() -     TAG_CHANGE Entity=[entityName=UNKNOWN ENTITY [cardType=INVALID] id=34 zone=DECK zonePos=0 cardId= player=1] tag=ZONE_POSITION value=2 
D 09:55:34.0704566 PowerTaskList.DebugPrintPower() -     TAG_CHANGE Entity=拯救网瘾对手#5318 tag=2166 value=8 
D 09:55:34.0704566 PowerTaskList.DebugPrintPower() -     TAG_CHANGE Entity=拯救网瘾对手#5318 tag=467 value=2 
D 09:55:34.0704566 PowerTaskList.DebugPrintPower() -     TAG_CHANGE Entity=[entityName=UNKNOWN ENTITY [cardType=INVALID] id=8 zone=DECK zonePos=0 cardId= player=1] tag=ZONE value=HAND 
D 09:55:34.0704566 PowerTaskList.DebugPrintPower() -     TAG_CHANGE Entity=[entityName=UNKNOWN ENTITY [cardType=INVALID] id=8 zone=DECK zonePos=0 cardId= player=1] tag=ZONE_POSITION value=3 
D 09:55:34.0704566 PowerTaskList.DebugPrintPower() -     TAG_CHANGE Entity=[entityName=UNKNOWN ENTITY [cardType=INVALID] id=8 zone=DECK zonePos=0 cardId= player=1] tag=ZONE_POSITION value=0 
D 09:55:34.0704566 PowerTaskList.DebugPrintPower() -     TAG_CHANGE Entity=[entityName=UNKNOWN ENTITY [cardType=INVALID] id=8 zone=DECK zonePos=0 cardId= player=1] tag=ZONE_POSITION value=3 
D 09:55:34.0704566 PowerTaskList.DebugPrintPower() -     TAG_CHANGE Entity=拯救网瘾对手#5318 tag=2166 value=4 
D 09:55:34.0704566 PowerTaskList.DebugPrintPower() -     TAG_CHANGE Entity=拯救网瘾对手#5318 tag=467 value=1 
D 09:55:34.0704566 PowerTaskList.DebugPrintPower() -     TAG_CHANGE Entity=[entityName=UNKNOWN ENTITY [cardType=INVALID] id=4 zone=DECK zonePos=0 cardId= player=1] tag=ZONE value=HAND 
D 09:55:34.0704566 PowerTaskList.DebugPrintPower() -     TAG_CHANGE Entity=[entityName=UNKNOWN ENTITY [cardType=INVALID] id=4 zone=DECK zonePos=0 cardId= player=1] tag=ZONE_POSITION value=4 
D 09:55:34.0704566 PowerTaskList.DebugPrintPower() -     TAG_CHANGE Entity=[entityName=UNKNOWN ENTITY [cardType=INVALID] id=4 zone=DECK zonePos=0 cardId= player=1] tag=ZONE_POSITION value=0 
D 09:55:34.0704566 PowerTaskList.DebugPrintPower() -     TAG_CHANGE Entity=[entityName=UNKNOWN ENTITY [cardType=INVALID] id=4 zone=DECK zonePos=0 cardId= player=1] tag=ZONE_POSITION value=4 
D 09:55:34.0704566 PowerTaskList.DebugPrintPower() -     TAG_CHANGE Entity=拯救网瘾对手#5318 tag=467 value=0 
D 09:55:34.0704566 PowerTaskList.DebugPrintPower() -     TAG_CHANGE Entity=拯救网瘾对手#5318 tag=NUM_TURNS_LEFT value=1 
D 09:55:34.0704566 PowerTaskList.DebugPrintPower() -     FULL_ENTITY - Updating [entityName=UNKNOWN ENTITY [cardType=INVALID] id=94 zone=HAND zonePos=5 cardId= player=1] CardID=
D 09:55:34.0704566 PowerTaskList.DebugPrintPower() -         tag=ZONE value=HAND
D 09:55:34.0704566 PowerTaskList.DebugPrintPower() -         tag=CONTROLLER value=1
D 09:55:34.0704566 PowerTaskList.DebugPrintPower() -         tag=ENTITY_ID value=94
D 09:55:34.0704566 PowerTaskList.DebugPrintPower() -         tag=ZONE_POSITION value=5
D 09:55:34.0704566 PowerTaskList.DebugPrintPower() -     TAG_CHANGE Entity=湫然#51704 tag=2166 value=51 
D 09:55:34.0704566 PowerTaskList.DebugPrintPower() -     TAG_CHANGE Entity=湫然#51704 tag=467 value=3 
D 09:55:34.0704566 PowerTaskList.DebugPrintPower() -     SHOW_ENTITY - Updating Entity=[entityName=UNKNOWN ENTITY [cardType=INVALID] id=51 zone=DECK zonePos=0 cardId= player=2] CardID=JAIL_718
D 09:55:34.0704566 PowerTaskList.DebugPrintPower() -         tag=CONTROLLER value=2
D 09:55:34.0704566 PowerTaskList.DebugPrintPower() -         tag=CARDTYPE value=MINION
D 09:55:34.0704566 PowerTaskList.DebugPrintPower() -         tag=TAG_LAST_KNOWN_COST_IN_HAND value=9
D 09:55:34.0704566 PowerTaskList.DebugPrintPower() -         tag=479 value=4
D 09:55:34.0704566 PowerTaskList.DebugPrintPower() -         tag=COST value=9
D 09:55:34.0704566 PowerTaskList.DebugPrintPower() -         tag=ATK value=4
D 09:55:34.0704566 PowerTaskList.DebugPrintPower() -         tag=HEALTH value=4
D 09:55:34.0704566 PowerTaskList.DebugPrintPower() -         tag=TRIGGER_VISUAL value=1
D 09:55:34.0704566 PowerTaskList.DebugPrintPower() -         tag=ZONE value=HAND
D 09:55:34.0704566 PowerTaskList.DebugPrintPower() -         tag=ENTITY_ID value=51
D 09:55:34.0704566 PowerTaskList.DebugPrintPower() -         tag=CLASS value=NEUTRAL
D 09:55:34.0704566 PowerTaskList.DebugPrintPower() -         tag=RARITY value=EPIC
D 09:55:34.0704566 PowerTaskList.DebugPrintPower() -         tag=478 value=2
D 09:55:34.0704566 PowerTaskList.DebugPrintPower() -         tag=1043 value=1
D 09:55:34.0704566 PowerTaskList.DebugPrintPower() -         tag=1068 value=0
D 09:55:34.0704566 PowerTaskList.DebugPrintPower() -         tag=SPAWN_TIME_COUNT value=1
D 09:55:34.0704566 PowerTaskList.DebugPrintPower() -         tag=DECK_ACTION_COST value=1
D 09:55:34.0704566 PowerTaskList.DebugPrintPower() -         tag=HAS_SIGNATURE_QUALITY value=1
D 09:55:34.0704566 PowerTaskList.DebugPrintPower() -         tag=HAS_ACTIVATE_POWER value=1
D 09:55:34.0704566 PowerTaskList.DebugPrintPower() -         tag=3085 value=4
D 09:55:34.0704566 PowerTaskList.DebugPrintPower() -         tag=PREPARE value=1
D 09:55:34.0704566 PowerTaskList.DebugPrintPower() -         tag=4472 value=4
D 09:55:34.0704566 PowerTaskList.DebugPrintPower() -     TAG_CHANGE Entity=[entityName=UNKNOWN ENTITY [cardType=INVALID] id=51 zone=DECK zonePos=0 cardId= player=2] tag=NUM_TURNS_IN_HAND value=1 
D 09:55:34.0704566 PowerTaskList.DebugPrintPower() -     TAG_CHANGE Entity=[entityName=UNKNOWN ENTITY [cardType=INVALID] id=51 zone=DECK zonePos=0 cardId= player=2] tag=ZONE_POSITION value=1 
D 09:55:34.0704566 PowerTaskList.DebugPrintPower() -     TAG_CHANGE Entity=[entityName=UNKNOWN ENTITY [cardType=INVALID] id=51 zone=DECK zonePos=0 cardId= player=2] tag=ZONE_POSITION value=0 
D 09:55:34.0704566 PowerTaskList.DebugPrintPower() -     TAG_CHANGE Entity=[entityName=UNKNOWN ENTITY [cardType=INVALID] id=51 zone=DECK zonePos=0 cardId= player=2] tag=ZONE_POSITION value=1 
D 09:55:34.0704566 PowerTaskList.DebugPrintPower() -     TAG_CHANGE Entity=湫然#51704 tag=2166 value=78 
D 09:55:34.0704566 PowerTaskList.DebugPrintPower() -     TAG_CHANGE Entity=湫然#51704 tag=467 value=2 
D 09:55:34.0704566 PowerTaskList.DebugPrintPower() -     SHOW_ENTITY - Updating Entity=[entityName=UNKNOWN ENTITY [cardType=INVALID] id=78 zone=DECK zonePos=0 cardId= player=2] CardID=SCH_427
D 09:55:34.0704566 PowerTaskList.DebugPrintPower() -         tag=CONTROLLER value=2
D 09:55:34.0704566 PowerTaskList.DebugPrintPower() -         tag=CARDTYPE value=SPELL
D 09:55:34.0704566 PowerTaskList.DebugPrintPower() -         tag=ZONE value=HAND
D 09:55:34.0704566 PowerTaskList.DebugPrintPower() -         tag=ENTITY_ID value=78
D 09:55:34.0704566 PowerTaskList.DebugPrintPower() -         tag=CLASS value=DRUID
D 09:55:34.0704566 PowerTaskList.DebugPrintPower() -         tag=RARITY value=COMMON
D 09:55:34.0704566 PowerTaskList.DebugPrintPower() -         tag=OVERLOAD value=1
D 09:55:34.0704566 PowerTaskList.DebugPrintPower() -         tag=MULTIPLE_CLASSES value=130
D 09:55:34.0704566 PowerTaskList.DebugPrintPower() -         tag=478 value=2
D 09:55:34.0704566 PowerTaskList.DebugPrintPower() -         tag=1043 value=1
D 09:55:34.0704566 PowerTaskList.DebugPrintPower() -         tag=1068 value=0
D 09:55:34.0704566 PowerTaskList.DebugPrintPower() -         tag=SPAWN_TIME_COUNT value=1
D 09:55:34.0704566 PowerTaskList.DebugPrintPower() -         tag=SPELL_SCHOOL value=4
D 09:55:34.0704566 PowerTaskList.DebugPrintPower() -         tag=3908 value=1
D 09:55:34.0704566 PowerTaskList.DebugPrintPower() -     TAG_CHANGE Entity=[entityName=UNKNOWN ENTITY [cardType=INVALID] id=78 zone=DECK zonePos=0 cardId= player=2] tag=NUM_TURNS_IN_HAND value=1 
D 09:55:34.0704566 PowerTaskList.DebugPrintPower() -     TAG_CHANGE Entity=[entityName=UNKNOWN ENTITY [cardType=INVALID] id=78 zone=DECK zonePos=0 cardId= player=2] tag=ZONE_POSITION value=2 
D 09:55:34.0704566 PowerTaskList.DebugPrintPower() -     TAG_CHANGE Entity=[entityName=UNKNOWN ENTITY [cardType=INVALID] id=78 zone=DECK zonePos=0 cardId= player=2] tag=ZONE_POSITION value=0 
D 09:55:34.0704566 PowerTaskList.DebugPrintPower() -     TAG_CHANGE Entity=[entityName=UNKNOWN ENTITY [cardType=INVALID] id=78 zone=DECK zonePos=0 cardId= player=2] tag=ZONE_POSITION value=2 
D 09:55:34.0704566 PowerTaskList.DebugPrintPower() -     TAG_CHANGE Entity=湫然#51704 tag=2166 value=61 
D 09:55:34.0704566 PowerTaskList.DebugPrintPower() -     TAG_CHANGE Entity=湫然#51704 tag=467 value=1 
D 09:55:34.0704566 PowerTaskList.DebugPrintPower() -     SHOW_ENTITY - Updating Entity=[entityName=UNKNOWN ENTITY [cardType=INVALID] id=61 zone=DECK zonePos=0 cardId= player=2] CardID=CS2_008
D 09:55:34.0704566 PowerTaskList.DebugPrintPower() -         tag=CONTROLLER value=2
D 09:55:34.0704566 PowerTaskList.DebugPrintPower() -         tag=CARDTYPE value=SPELL
D 09:55:34.0704566 PowerTaskList.DebugPrintPower() -         tag=PREMIUM value=1
D 09:55:34.0704566 PowerTaskList.DebugPrintPower() -         tag=ZONE value=HAND
D 09:55:34.0704566 PowerTaskList.DebugPrintPower() -         tag=ENTITY_ID value=61
D 09:55:34.0704566 PowerTaskList.DebugPrintPower() -         tag=CLASS value=DRUID
D 09:55:34.0704566 PowerTaskList.DebugPrintPower() -         tag=FACTION value=NEUTRAL
D 09:55:34.0704566 PowerTaskList.DebugPrintPower() -         tag=RARITY value=FREE
D 09:55:34.0704566 PowerTaskList.DebugPrintPower() -         tag=478 value=2
D 09:55:34.0704566 PowerTaskList.DebugPrintPower() -         tag=1043 value=1
D 09:55:34.0704566 PowerTaskList.DebugPrintPower() -         tag=1068 value=0
D 09:55:34.0704566 PowerTaskList.DebugPrintPower() -         tag=SPAWN_TIME_COUNT value=1
D 09:55:34.0704566 PowerTaskList.DebugPrintPower() -         tag=SPELL_SCHOOL value=1
D 09:55:34.0704566 PowerTaskList.DebugPrintPower() -     TAG_CHANGE Entity=[entityName=UNKNOWN ENTITY [cardType=INVALID] id=61 zone=DECK zonePos=0 cardId= player=2] tag=NUM_TURNS_IN_HAND value=1 
D 09:55:34.0704566 PowerTaskList.DebugPrintPower() -     TAG_CHANGE Entity=[entityName=UNKNOWN ENTITY [cardType=INVALID] id=61 zone=DECK zonePos=0 cardId= player=2] tag=ZONE_POSITION value=3 
D 09:55:34.0704566 PowerTaskList.DebugPrintPower() -     TAG_CHANGE Entity=[entityName=UNKNOWN ENTITY [cardType=INVALID] id=61 zone=DECK zonePos=0 cardId= player=2] tag=ZONE_POSITION value=0 
D 09:55:34.0704566 PowerTaskList.DebugPrintPower() -     TAG_CHANGE Entity=[entityName=UNKNOWN ENTITY [cardType=INVALID] id=61 zone=DECK zonePos=0 cardId= player=2] tag=ZONE_POSITION value=3 
D 09:55:34.0704566 PowerTaskList.DebugPrintPower() -     TAG_CHANGE Entity=湫然#51704 tag=467 value=0 
D 09:55:34.0704566 PowerTaskList.DebugPrintPower() -     TAG_CHANGE Entity=湫然#51704 tag=NUM_TURNS_LEFT value=1 
D 09:55:34.0704566 PowerTaskList.DebugPrintPower() -     TAG_CHANGE Entity=拯救网瘾对手#5318 tag=TIMEOUT value=45 
D 09:55:34.0704566 PowerTaskList.DebugPrintPower() -     TAG_CHANGE Entity=湫然#51704 tag=TIMEOUT value=45 
D 09:55:34.0704566 PowerTaskList.DebugPrintPower() -     TAG_CHANGE Entity=GameEntity tag=10 value=85 
D 09:55:34.0704566 PowerTaskList.DebugPrintPower() -     TAG_CHANGE Entity=GameEntity tag=NEXT_STEP value=BEGIN_MULLIGAN 
D 09:55:34.0704566 PowerTaskList.DebugPrintPower() - BLOCK_END
D 09:55:34.0704566 PowerProcessor.PrepareHistoryForCurrentTaskList() - m_currentTaskList=3
D 09:55:34.2911089 PowerProcessor.EndCurrentTaskList() - m_currentTaskList=3
D 09:55:34.2942461 PowerTaskList.DebugDump() - ID=4 ParentID=0 PreviousID=0 TaskCount=1
D 09:55:34.2942461 PowerTaskList.DebugDump() - Block Start=(null)
D 09:55:34.2942461 PowerTaskList.DebugPrintPower() -     TAG_CHANGE Entity=GameEntity tag=STEP value=BEGIN_MULLIGAN 
D 09:55:34.2942461 PowerTaskList.DebugDump() - Block End=(null)
D 09:55:34.2942461 PowerProcessor.PrepareHistoryForCurrentTaskList() - m_currentTaskList=4
D 09:55:34.2942461 PowerProcessor.EndCurrentTaskList() - m_currentTaskList=4
D 09:55:34.2942461 PowerTaskList.DebugDump() - ID=5 ParentID=4 PreviousID=0 TaskCount=1
D 09:55:34.2942461 PowerTaskList.DebugPrintPower() - BLOCK_START BlockType=TRIGGER Entity=GameEntity EffectCardId=System.Collections.Generic.List`1[System.String] EffectIndex=-1 Target=0 SubOption=-1 TriggerKeyword=TAG_NOT_SET
D 09:55:34.2942461 PowerTaskList.DebugPrintPower() -     TAG_CHANGE Entity=拯救网瘾对手#5318 tag=MULLIGAN_STATE value=INPUT 
D 09:55:34.2942461 PowerTaskList.DebugDump() - Block End=(null)
D 09:55:34.2942461 PowerProcessor.PrepareHistoryForCurrentTaskList() - m_currentTaskList=5
D 09:55:34.2942461 PowerProcessor.EndCurrentTaskList() - m_currentTaskList=5
D 09:55:34.2942461 PowerTaskList.DebugDump() - ID=6 ParentID=0 PreviousID=5 TaskCount=1
D 09:55:34.2942461 PowerTaskList.DebugDump() - Block Start=(null)
D 09:55:34.2942461 PowerTaskList.DebugPrintPower() -     TAG_CHANGE Entity=湫然#51704 tag=MULLIGAN_STATE value=INPUT 
D 09:55:34.2942461 PowerTaskList.DebugDump() - Block End=(null)
D 09:55:34.2942461 PowerProcessor.PrepareHistoryForCurrentTaskList() - m_currentTaskList=6
D 09:55:34.2942461 PowerProcessor.EndCurrentTaskList() - m_currentTaskList=6
D 09:55:51.9107459 GameState.SendChoices() - id=2 ChoiceType=MULLIGAN
D 09:55:51.9107459 GameState.SendChoices() -   m_chosenEntities[0]=[entityName=黑市拍卖师 id=51 zone=HAND zonePos=1 cardId=JAIL_718 player=2]
D 09:55:51.9107459 GameState.SendChoices() -   m_chosenEntities[1]=[entityName=雷霆绽放 id=78 zone=HAND zonePos=2 cardId=SCH_427 player=2]
D 09:55:52.1891137 GameState.DebugPrintEntitiesChosen() - id=2 Player=湫然#51704 EntitiesCount=2
D 09:55:52.1891137 GameState.DebugPrintEntitiesChosen() -   Entities[0]=[entityName=黑市拍卖师 id=51 zone=HAND zonePos=1 cardId=JAIL_718 player=2]
D 09:55:52.1891137 GameState.DebugPrintEntitiesChosen() -   Entities[1]=[entityName=雷霆绽放 id=78 zone=HAND zonePos=2 cardId=SCH_427 player=2]
D 09:55:52.2786135 GameState.DebugPrintPowerList() - Count=20
D 09:55:52.2786135 GameState.DebugPrintPower() - BLOCK_END
D 09:55:52.2786135 GameState.DebugPrintPower() - TAG_CHANGE Entity=湫然#51704 tag=MULLIGAN_STATE value=DEALING 
D 09:55:52.2786135 GameState.DebugPrintPower() - BLOCK_START BlockType=TRIGGER Entity=湫然#51704 EffectCardId=System.Collections.Generic.List`1[System.String] EffectIndex=-1 Target=0 SubOption=-1 TriggerKeyword=TAG_NOT_SET
D 09:55:52.2786135 GameState.DebugPrintPower() -     SHOW_ENTITY - Updating Entity=[entityName=UNKNOWN ENTITY [cardType=INVALID] id=56 zone=DECK zonePos=0 cardId= player=2] CardID=CORE_AT_037
D 09:55:52.2786135 GameState.DebugPrintPower() -         tag=CONTROLLER value=2
D 09:55:52.2786135 GameState.DebugPrintPower() -         tag=CARDTYPE value=SPELL
D 09:55:52.2786135 GameState.DebugPrintPower() -         tag=TAG_LAST_KNOWN_COST_IN_HAND value=1
D 09:55:52.2786135 GameState.DebugPrintPower() -         tag=COST value=1
D 09:55:52.2786135 GameState.DebugPrintPower() -         tag=PREMIUM value=1
D 09:55:52.2786135 GameState.DebugPrintPower() -         tag=ZONE value=HAND
D 09:55:52.2786135 GameState.DebugPrintPower() -         tag=ENTITY_ID value=56
D 09:55:52.2786135 GameState.DebugPrintPower() -         tag=CLASS value=DRUID
D 09:55:52.2786135 GameState.DebugPrintPower() -         tag=RARITY value=COMMON
D 09:55:52.2786135 GameState.DebugPrintPower() -         tag=CHOOSE_ONE value=1
D 09:55:52.2786135 GameState.DebugPrintPower() -         tag=478 value=2
D 09:55:52.2786135 GameState.DebugPrintPower() -         tag=858 value=2792
D 09:55:52.2786135 GameState.DebugPrintPower() -         tag=1037 value=2
D 09:55:52.2786135 GameState.DebugPrintPower() -         tag=1043 value=1
D 09:55:52.2786135 GameState.DebugPrintPower() -         tag=1068 value=0
D 09:55:52.2786135 GameState.DebugPrintPower() -         tag=SPAWN_TIME_COUNT value=1
D 09:55:52.2786135 GameState.DebugPrintPower() -         tag=SPELL_SCHOOL value=4
D 09:55:52.2786135 GameState.DebugPrintPower() -     SHOW_ENTITY - Updating Entity=[entityName=UNKNOWN ENTITY [cardType=INVALID] id=57 zone=SETASIDE zonePos=0 cardId= player=2] CardID=AT_037a
D 09:55:52.2786135 GameState.DebugPrintPower() -         tag=CONTROLLER value=2
D 09:55:52.2786135 GameState.DebugPrintPower() -         tag=CARDTYPE value=SPELL
D 09:55:52.2786135 GameState.DebugPrintPower() -         tag=TAG_LAST_KNOWN_COST_IN_HAND value=1
D 09:55:52.2786135 GameState.DebugPrintPower() -         tag=COST value=1
D 09:55:52.2786135 GameState.DebugPrintPower() -         tag=PREMIUM value=1
D 09:55:52.2786135 GameState.DebugPrintPower() -         tag=ZONE value=SETASIDE
D 09:55:52.2786135 GameState.DebugPrintPower() -         tag=ENTITY_ID value=57
D 09:55:52.2786135 GameState.DebugPrintPower() -         tag=CLASS value=DRUID
D 09:55:52.2786135 GameState.DebugPrintPower() -         tag=CREATOR value=56
D 09:55:52.2786135 GameState.DebugPrintPower() -         tag=PARENT_CARD value=56
D 09:55:52.2786135 GameState.DebugPrintPower() -         tag=1068 value=0
D 09:55:52.2786135 GameState.DebugPrintPower() -         tag=CREATOR_DBID value=76289
D 09:55:52.2786135 GameState.DebugPrintPower() -         tag=SPAWN_TIME_COUNT value=1
D 09:55:52.2786135 GameState.DebugPrintPower() -         tag=SPELL_SCHOOL value=4
D 09:55:52.2786135 GameState.DebugPrintPower() -         tag=4901 value=0
D 09:55:52.2786135 GameState.DebugPrintPower() -     SHOW_ENTITY - Updating Entity=[entityName=UNKNOWN ENTITY [cardType=INVALID] id=58 zone=SETASIDE zonePos=0 cardId= player=2] CardID=AT_037b
D 09:55:52.2786135 GameState.DebugPrintPower() -         tag=CONTROLLER value=2
D 09:55:52.2786135 GameState.DebugPrintPower() -         tag=CARDTYPE value=SPELL
D 09:55:52.2786135 GameState.DebugPrintPower() -         tag=TAG_LAST_KNOWN_COST_IN_HAND value=1
D 09:55:52.2786135 GameState.DebugPrintPower() -         tag=COST value=1
D 09:55:52.2786135 GameState.DebugPrintPower() -         tag=PREMIUM value=1
D 09:55:52.2786135 GameState.DebugPrintPower() -         tag=ZONE value=SETASIDE
D 09:55:52.2786135 GameState.DebugPrintPower() -         tag=ENTITY_ID value=58
D 09:55:52.2786135 GameState.DebugPrintPower() -         tag=CLASS value=DRUID
D 09:55:52.2786135 GameState.DebugPrintPower() -         tag=CREATOR value=56
D 09:55:52.2786135 GameState.DebugPrintPower() -         tag=PARENT_CARD value=56
D 09:55:52.2786135 GameState.DebugPrintPower() -         tag=1068 value=0
D 09:55:52.2786135 GameState.DebugPrintPower() -         tag=CREATOR_DBID value=76289
D 09:55:52.2786135 GameState.DebugPrintPower() -         tag=SPAWN_TIME_COUNT value=1
D 09:55:52.2786135 GameState.DebugPrintPower() -         tag=SPELL_SCHOOL value=4
D 09:55:52.2786135 GameState.DebugPrintPower() -         tag=4901 value=0
D 09:55:52.2786135 GameState.DebugPrintPower() -     TAG_CHANGE Entity=[entityName=UNKNOWN ENTITY [cardType=INVALID] id=56 zone=DECK zonePos=0 cardId= player=2] tag=NUM_TURNS_IN_HAND value=1 
D 09:55:52.2786135 GameState.DebugPrintPower() -     TAG_CHANGE Entity=[entityName=UNKNOWN ENTITY [cardType=INVALID] id=56 zone=DECK zonePos=0 cardId= player=2] tag=ZONE_POSITION value=3 
D 09:55:52.2786135 GameState.DebugPrintPower() -     TAG_CHANGE Entity=[entityName=月火术 id=61 zone=HAND zonePos=3 cardId=CS2_008 player=2] tag=1068 value=2 
D 09:55:52.2786135 GameState.DebugPrintPower() -     TAG_CHANGE Entity=[entityName=月火术 id=61 zone=HAND zonePos=3 cardId=CS2_008 player=2] tag=1068 value=0 
D 09:55:52.2786135 GameState.DebugPrintPower() -     TAG_CHANGE Entity=[entityName=月火术 id=61 zone=HAND zonePos=3 cardId=CS2_008 player=2] tag=1037 value=2 
D 09:55:52.2786135 GameState.DebugPrintPower() -     TAG_CHANGE Entity=[entityName=月火术 id=61 zone=HAND zonePos=3 cardId=CS2_008 player=2] tag=ZONE_POSITION value=0 
D 09:55:52.2786135 GameState.DebugPrintPower() -     TAG_CHANGE Entity=[entityName=月火术 id=61 zone=HAND zonePos=3 cardId=CS2_008 player=2] tag=1043 value=0 
D 09:55:52.2786135 GameState.DebugPrintPower() -     HIDE_ENTITY - Entity=[entityName=月火术 id=61 zone=HAND zonePos=3 cardId=CS2_008 player=2] tag=ZONE value=DECK
D 09:55:52.2786135 GameState.DebugPrintPower() -     TAG_CHANGE Entity=[entityName=月火术 id=61 zone=HAND zonePos=3 cardId=CS2_008 player=2] tag=ZONE value=DECK 
D 09:55:52.2786135 GameState.DebugPrintPower() -     TAG_CHANGE Entity=湫然#51704 tag=MULLIGAN_STATE value=WAITING 
D 09:55:52.2786135 GameState.DebugPrintPower() - BLOCK_END
D 09:55:52.2786135 GameState.DebugPrintPower() - BLOCK_START BlockType=TRIGGER Entity=湫然#51704 EffectCardId=System.Collections.Generic.List`1[System.String] EffectIndex=-1 Target=0 SubOption=-1 TriggerKeyword=TAG_NOT_SET
D 09:55:52.2786135 GameState.DebugPrintPower() -     TAG_CHANGE Entity=湫然#51704 tag=MULLIGAN_STATE value=DONE 
D 09:55:52.2786135 GameState.DebugPrintPower() - BLOCK_END
D 09:55:52.2786135 PowerTaskList.DebugDump() - ID=7 ParentID=0 PreviousID=6 TaskCount=0
D 09:55:52.2786135 PowerTaskList.DebugDump() - Block Start=(null)
D 09:55:52.2786135 PowerTaskList.DebugPrintPower() - BLOCK_END
D 09:55:52.2786135 PowerProcessor.PrepareHistoryForCurrentTaskList() - m_currentTaskList=7
D 09:55:52.2786135 PowerProcessor.EndCurrentTaskList() - m_currentTaskList=7
D 09:55:52.2786135 PowerTaskList.DebugDump() - ID=8 ParentID=0 PreviousID=0 TaskCount=1
D 09:55:52.2786135 PowerTaskList.DebugDump() - Block Start=(null)
D 09:55:52.2786135 PowerTaskList.DebugPrintPower() -     TAG_CHANGE Entity=湫然#51704 tag=MULLIGAN_STATE value=DEALING 
D 09:55:52.2786135 PowerTaskList.DebugDump() - Block End=(null)
D 09:55:52.2786135 PowerProcessor.PrepareHistoryForCurrentTaskList() - m_currentTaskList=8
D 09:55:52.2786135 PowerProcessor.EndCurrentTaskList() - m_currentTaskList=8
D 09:55:52.2786135 PowerTaskList.DebugDump() - ID=9 ParentID=0 PreviousID=0 TaskCount=13
D 09:55:52.2786135 PowerTaskList.DebugPrintPower() - BLOCK_START BlockType=TRIGGER Entity=湫然#51704 EffectCardId=System.Collections.Generic.List`1[System.String] EffectIndex=-1 Target=0 SubOption=-1 TriggerKeyword=TAG_NOT_SET
D 09:55:52.2786135 PowerTaskList.DebugPrintPower() -     SHOW_ENTITY - Updating Entity=[entityName=UNKNOWN ENTITY [cardType=INVALID] id=56 zone=DECK zonePos=0 cardId= player=2] CardID=CORE_AT_037
D 09:55:52.2786135 PowerTaskList.DebugPrintPower() -         tag=CONTROLLER value=2
D 09:55:52.2786135 PowerTaskList.DebugPrintPower() -         tag=CARDTYPE value=SPELL
D 09:55:52.2786135 PowerTaskList.DebugPrintPower() -         tag=TAG_LAST_KNOWN_COST_IN_HAND value=1
D 09:55:52.2786135 PowerTaskList.DebugPrintPower() -         tag=COST value=1
D 09:55:52.2786135 PowerTaskList.DebugPrintPower() -         tag=PREMIUM value=1
D 09:55:52.2786135 PowerTaskList.DebugPrintPower() -         tag=ZONE value=HAND
D 09:55:52.2786135 PowerTaskList.DebugPrintPower() -         tag=ENTITY_ID value=56
D 09:55:52.2786135 PowerTaskList.DebugPrintPower() -         tag=CLASS value=DRUID
D 09:55:52.2786135 PowerTaskList.DebugPrintPower() -         tag=RARITY value=COMMON
D 09:55:52.2786135 PowerTaskList.DebugPrintPower() -         tag=CHOOSE_ONE value=1
D 09:55:52.2786135 PowerTaskList.DebugPrintPower() -         tag=478 value=2
D 09:55:52.2786135 PowerTaskList.DebugPrintPower() -         tag=858 value=2792
D 09:55:52.2786135 PowerTaskList.DebugPrintPower() -         tag=1037 value=2
D 09:55:52.2786135 PowerTaskList.DebugPrintPower() -         tag=1043 value=1
D 09:55:52.2786135 PowerTaskList.DebugPrintPower() -         tag=1068 value=0
D 09:55:52.2786135 PowerTaskList.DebugPrintPower() -         tag=SPAWN_TIME_COUNT value=1
D 09:55:52.2786135 PowerTaskList.DebugPrintPower() -         tag=SPELL_SCHOOL value=4
D 09:55:52.2786135 PowerTaskList.DebugPrintPower() -     SHOW_ENTITY - Updating Entity=[entityName=UNKNOWN ENTITY [cardType=INVALID] id=57 zone=SETASIDE zonePos=0 cardId= player=2] CardID=AT_037a
D 09:55:52.2786135 PowerTaskList.DebugPrintPower() -         tag=CONTROLLER value=2
D 09:55:52.2786135 PowerTaskList.DebugPrintPower() -         tag=CARDTYPE value=SPELL
D 09:55:52.2786135 PowerTaskList.DebugPrintPower() -         tag=TAG_LAST_KNOWN_COST_IN_HAND value=1
D 09:55:52.2786135 PowerTaskList.DebugPrintPower() -         tag=COST value=1
D 09:55:52.2786135 PowerTaskList.DebugPrintPower() -         tag=PREMIUM value=1
D 09:55:52.2786135 PowerTaskList.DebugPrintPower() -         tag=ZONE value=SETASIDE
D 09:55:52.2786135 PowerTaskList.DebugPrintPower() -         tag=ENTITY_ID value=57
D 09:55:52.2786135 PowerTaskList.DebugPrintPower() -         tag=CLASS value=DRUID
D 09:55:52.2786135 PowerTaskList.DebugPrintPower() -         tag=CREATOR value=56
D 09:55:52.2786135 PowerTaskList.DebugPrintPower() -         tag=PARENT_CARD value=56
D 09:55:52.2786135 PowerTaskList.DebugPrintPower() -         tag=1068 value=0
D 09:55:52.2786135 PowerTaskList.DebugPrintPower() -         tag=CREATOR_DBID value=76289
D 09:55:52.2786135 PowerTaskList.DebugPrintPower() -         tag=SPAWN_TIME_COUNT value=1
D 09:55:52.2786135 PowerTaskList.DebugPrintPower() -         tag=SPELL_SCHOOL value=4
D 09:55:52.2786135 PowerTaskList.DebugPrintPower() -         tag=4901 value=0
D 09:55:52.2786135 PowerTaskList.DebugPrintPower() -     SHOW_ENTITY - Updating Entity=[entityName=UNKNOWN ENTITY [cardType=INVALID] id=58 zone=SETASIDE zonePos=0 cardId= player=2] CardID=AT_037b
D 09:55:52.2786135 PowerTaskList.DebugPrintPower() -         tag=CONTROLLER value=2
D 09:55:52.2786135 PowerTaskList.DebugPrintPower() -         tag=CARDTYPE value=SPELL
D 09:55:52.2786135 PowerTaskList.DebugPrintPower() -         tag=TAG_LAST_KNOWN_COST_IN_HAND value=1
D 09:55:52.2786135 PowerTaskList.DebugPrintPower() -         tag=COST value=1
D 09:55:52.2786135 PowerTaskList.DebugPrintPower() -         tag=PREMIUM value=1
D 09:55:52.2786135 PowerTaskList.DebugPrintPower() -         tag=ZONE value=SETASIDE
D 09:55:52.2786135 PowerTaskList.DebugPrintPower() -         tag=ENTITY_ID value=58
D 09:55:52.2786135 PowerTaskList.DebugPrintPower() -         tag=CLASS value=DRUID
D 09:55:52.2786135 PowerTaskList.DebugPrintPower() -         tag=CREATOR value=56
D 09:55:52.2786135 PowerTaskList.DebugPrintPower() -         tag=PARENT_CARD value=56
D 09:55:52.2786135 PowerTaskList.DebugPrintPower() -         tag=1068 value=0
D 09:55:52.2786135 PowerTaskList.DebugPrintPower() -         tag=CREATOR_DBID value=76289
D 09:55:52.2786135 PowerTaskList.DebugPrintPower() -         tag=SPAWN_TIME_COUNT value=1
D 09:55:52.2786135 PowerTaskList.DebugPrintPower() -         tag=SPELL_SCHOOL value=4
D 09:55:52.2786135 PowerTaskList.DebugPrintPower() -         tag=4901 value=0
D 09:55:52.2786135 PowerTaskList.DebugPrintPower() -     TAG_CHANGE Entity=[entityName=UNKNOWN ENTITY [cardType=INVALID] id=56 zone=DECK zonePos=0 cardId= player=2] tag=NUM_TURNS_IN_HAND value=1 
D 09:55:52.2786135 PowerTaskList.DebugPrintPower() -     TAG_CHANGE Entity=[entityName=UNKNOWN ENTITY [cardType=INVALID] id=56 zone=DECK zonePos=0 cardId= player=2] tag=ZONE_POSITION value=3 
D 09:55:52.2786135 PowerTaskList.DebugPrintPower() -     TAG_CHANGE Entity=[entityName=月火术 id=61 zone=HAND zonePos=3 cardId=CS2_008 player=2] tag=1068 value=2 
D 09:55:52.2786135 PowerTaskList.DebugPrintPower() -     TAG_CHANGE Entity=[entityName=月火术 id=61 zone=HAND zonePos=3 cardId=CS2_008 player=2] tag=1068 value=0 
D 09:55:52.2786135 PowerTaskList.DebugPrintPower() -     TAG_CHANGE Entity=[entityName=月火术 id=61 zone=HAND zonePos=3 cardId=CS2_008 player=2] tag=1037 value=2 
D 09:55:52.2786135 PowerTaskList.DebugPrintPower() -     TAG_CHANGE Entity=[entityName=月火术 id=61 zone=HAND zonePos=3 cardId=CS2_008 player=2] tag=ZONE_POSITION value=0 
D 09:55:52.2786135 PowerTaskList.DebugPrintPower() -     TAG_CHANGE Entity=[entityName=月火术 id=61 zone=HAND zonePos=3 cardId=CS2_008 player=2] tag=1043 value=0 
D 09:55:52.2786135 PowerTaskList.DebugPrintPower() -     HIDE_ENTITY - Entity=[entityName=月火术 id=61 zone=HAND zonePos=3 cardId=CS2_008 player=2] tag=ZONE value=DECK
D 09:55:52.2786135 PowerTaskList.DebugPrintPower() -     TAG_CHANGE Entity=[entityName=月火术 id=61 zone=HAND zonePos=3 cardId=CS2_008 player=2] tag=ZONE value=DECK 
D 09:55:52.2786135 PowerTaskList.DebugPrintPower() -     TAG_CHANGE Entity=湫然#51704 tag=MULLIGAN_STATE value=WAITING 
D 09:55:52.2786135 PowerTaskList.DebugPrintPower() - BLOCK_END
D 09:55:52.2786135 PowerProcessor.PrepareHistoryForCurrentTaskList() - m_currentTaskList=9
D 09:55:52.3601551 PowerProcessor.EndCurrentTaskList() - m_currentTaskList=9
D 09:55:52.3656527 PowerTaskList.DebugDump() - ID=10 ParentID=0 PreviousID=0 TaskCount=1
D 09:55:52.3656527 PowerTaskList.DebugPrintPower() - BLOCK_START BlockType=TRIGGER Entity=湫然#51704 EffectCardId=System.Collections.Generic.List`1[System.String] EffectIndex=-1 Target=0 SubOption=-1 TriggerKeyword=TAG_NOT_SET
D 09:55:52.3656527 PowerTaskList.DebugPrintPower() -     TAG_CHANGE Entity=湫然#51704 tag=MULLIGAN_STATE value=DONE 
D 09:55:52.3656527 PowerTaskList.DebugPrintPower() - BLOCK_END
D 09:55:52.3656527 PowerProcessor.PrepareHistoryForCurrentTaskList() - m_currentTaskList=10
D 09:55:52.3656527 PowerProcessor.EndCurrentTaskList() - m_currentTaskList=10
D 09:55:57.5968189 GameState.DebugPrintEntitiesChosen() - id=1 Player=拯救网瘾对手#5318 EntitiesCount=3
D 09:55:57.5968189 GameState.DebugPrintEntitiesChosen() -   Entities[0]=[entityName=UNKNOWN ENTITY [cardType=INVALID] id=15 zone=HAND zonePos=1 cardId= player=1]
D 09:55:57.5968189 GameState.DebugPrintEntitiesChosen() -   Entities[1]=[entityName=UNKNOWN ENTITY [cardType=INVALID] id=34 zone=HAND zonePos=2 cardId= player=1]
D 09:55:57.5968189 GameState.DebugPrintEntitiesChosen() -   Entities[2]=[entityName=UNKNOWN ENTITY [cardType=INVALID] id=4 zone=HAND zonePos=4 cardId= player=1]
D 09:55:57.9853802 GameState.DebugPrintPowerList() - Count=82
D 09:55:57.9853802 GameState.DebugPrintPower() - TAG_CHANGE Entity=拯救网瘾对手#5318 tag=MULLIGAN_STATE value=DEALING 
D 09:55:57.9853802 GameState.DebugPrintPower() - BLOCK_START BlockType=TRIGGER Entity=拯救网瘾对手#5318 EffectCardId=System.Collections.Generic.List`1[System.String] EffectIndex=-1 Target=0 SubOption=-1 TriggerKeyword=TAG_NOT_SET
D 09:55:57.9853802 GameState.DebugPrintPower() -     TAG_CHANGE Entity=[entityName=UNKNOWN ENTITY [cardType=INVALID] id=11 zone=DECK zonePos=0 cardId= player=1] tag=ZONE value=HAND 
D 09:55:57.9853802 GameState.DebugPrintPower() -     TAG_CHANGE Entity=[entityName=UNKNOWN ENTITY [cardType=INVALID] id=11 zone=DECK zonePos=0 cardId= player=1] tag=ZONE_POSITION value=3 
D 09:55:57.9853802 GameState.DebugPrintPower() -     TAG_CHANGE Entity=[entityName=UNKNOWN ENTITY [cardType=INVALID] id=8 zone=HAND zonePos=3 cardId= player=1] tag=ZONE_POSITION value=0 
D 09:55:57.9853802 GameState.DebugPrintPower() -     TAG_CHANGE Entity=[entityName=UNKNOWN ENTITY [cardType=INVALID] id=8 zone=HAND zonePos=3 cardId= player=1] tag=ZONE value=DECK 
D 09:55:57.9853802 GameState.DebugPrintPower() -     TAG_CHANGE Entity=拯救网瘾对手#5318 tag=MULLIGAN_STATE value=WAITING 
D 09:55:57.9853802 GameState.DebugPrintPower() - BLOCK_END
D 09:55:57.9853802 GameState.DebugPrintPower() - BLOCK_START BlockType=TRIGGER Entity=拯救网瘾对手#5318 EffectCardId=System.Collections.Generic.List`1[System.String] EffectIndex=-1 Target=0 SubOption=-1 TriggerKeyword=TAG_NOT_SET
D 09:55:57.9853802 GameState.DebugPrintPower() -     TAG_CHANGE Entity=拯救网瘾对手#5318 tag=MULLIGAN_STATE value=DONE 
D 09:55:57.9853802 GameState.DebugPrintPower() -     SHUFFLE_DECK PlayerID=1
D 09:55:57.9853802 GameState.DebugPrintPower() -     SHUFFLE_DECK PlayerID=2
D 09:55:57.9853802 GameState.DebugPrintPower() -     TAG_CHANGE Entity=湫然#51704 tag=TURN value=1 
D 09:55:57.9853802 GameState.DebugPrintPower() -     TAG_CHANGE Entity=GameEntity tag=NEXT_STEP value=MAIN_READY 
D 09:55:57.9853802 GameState.DebugPrintPower() - BLOCK_END
D 09:55:57.9853802 GameState.DebugPrintPower() - BLOCK_START BlockType=TRIGGER Entity=[entityName=UNKNOWN ENTITY [cardType=INVALID] id=28 zone=DECK zonePos=0 cardId= player=1] EffectCardId=System.Collections.Generic.List`1[System.String] EffectIndex=2 Target=0 SubOption=-1 TriggerKeyword=TAG_NOT_SET
D 09:55:57.9853802 GameState.DebugPrintPower() -     SHOW_ENTITY - Updating Entity=[entityName=UNKNOWN ENTITY [cardType=INVALID] id=28 zone=DECK zonePos=0 cardId= player=1] CardID=REV_018
D 09:55:57.9853802 GameState.DebugPrintPower() -         tag=CONTROLLER value=1
D 09:55:57.9853802 GameState.DebugPrintPower() -         tag=CARDTYPE value=MINION
D 09:55:57.9853802 GameState.DebugPrintPower() -         tag=TAG_LAST_KNOWN_COST_IN_HAND value=3
D 09:55:57.9853802 GameState.DebugPrintPower() -         tag=479 value=3
D 09:55:57.9853802 GameState.DebugPrintPower() -         tag=COST value=3
D 09:55:57.9853802 GameState.DebugPrintPower() -         tag=ATK value=3
D 09:55:57.9853802 GameState.DebugPrintPower() -         tag=HEALTH value=4
D 09:55:57.9853802 GameState.DebugPrintPower() -         tag=PREMIUM value=1
D 09:55:57.9853802 GameState.DebugPrintPower() -         tag=ZONE value=DECK
D 09:55:57.9853802 GameState.DebugPrintPower() -         tag=ENTITY_ID value=28
D 09:55:57.9853802 GameState.DebugPrintPower() -         tag=ELITE value=1
D 09:55:57.9853802 GameState.DebugPrintPower() -         tag=CLASS value=NEUTRAL
D 09:55:57.9853802 GameState.DebugPrintPower() -         tag=RARITY value=LEGENDARY
D 09:55:57.9853802 GameState.DebugPrintPower() -         tag=REVEALED value=1
D 09:55:57.9853802 GameState.DebugPrintPower() -         tag=478 value=1
D 09:55:57.9853802 GameState.DebugPrintPower() -         tag=DECK_RULE_MOD_DECK_SIZE value=40
D 09:55:57.9853802 GameState.DebugPrintPower() -         tag=1043 value=1
D 09:55:57.9853802 GameState.DebugPrintPower() -         tag=1068 value=0
D 09:55:57.9853802 GameState.DebugPrintPower() -         tag=SPAWN_TIME_COUNT value=1
D 09:55:57.9853802 GameState.DebugPrintPower() -         tag=HAS_SIGNATURE_QUALITY value=1
D 09:55:57.9853802 GameState.DebugPrintPower() -         tag=HAS_ACTIVATE_POWER value=1
D 09:55:57.9853802 GameState.DebugPrintPower() -         tag=2936 value=1
D 09:55:57.9853802 GameState.DebugPrintPower() -         tag=3085 value=4
D 09:55:57.9853802 GameState.DebugPrintPower() -         tag=4472 value=3
D 09:55:57.9853802 GameState.DebugPrintPower() - BLOCK_END
D 09:55:57.9853802 GameState.DebugPrintPower() - BLOCK_START BlockType=TRIGGER Entity=[entityName=UNKNOWN ENTITY [cardType=INVALID] id=28 zone=DECK zonePos=0 cardId= player=1] EffectCardId=System.Collections.Generic.List`1[System.String] EffectIndex=0 Target=0 SubOption=-1 TriggerKeyword=TAG_NOT_SET
D 09:55:57.9853802 GameState.DebugPrintPower() -     TAG_CHANGE Entity=[entityName=UNKNOWN ENTITY [cardType=INVALID] id=28 zone=DECK zonePos=0 cardId= player=1] tag=TAG_SCRIPT_DATA_NUM_1 value=1 
D 09:55:57.9853802 GameState.DebugPrintPower() -     HIDE_ENTITY - Entity=[entityName=UNKNOWN ENTITY [cardType=INVALID] id=28 zone=DECK zonePos=0 cardId= player=1] tag=ZONE value=DECK
D 09:55:57.9853802 GameState.DebugPrintPower() -     TAG_CHANGE Entity=[entityName=UNKNOWN ENTITY [cardType=INVALID] id=28 zone=DECK zonePos=0 cardId= player=1] tag=REVEALED value=0 
D 09:55:57.9853802 GameState.DebugPrintPower() -     FULL_ENTITY - Creating ID=95 CardID=
D 09:55:57.9853802 GameState.DebugPrintPower() -         tag=ZONE value=SETASIDE
D 09:55:57.9853802 GameState.DebugPrintPower() -         tag=CONTROLLER value=1
D 09:55:57.9853802 GameState.DebugPrintPower() -         tag=ENTITY_ID value=95
D 09:55:57.9853802 GameState.DebugPrintPower() -     SHOW_ENTITY - Updating Entity=95 CardID=REV_018e
D 09:55:57.9853802 GameState.DebugPrintPower() -         tag=CONTROLLER value=1
D 09:55:57.9853802 GameState.DebugPrintPower() -         tag=CARDTYPE value=ENCHANTMENT
D 09:55:57.9853802 GameState.DebugPrintPower() -         tag=PREMIUM value=1
D 09:55:57.9853802 GameState.DebugPrintPower() -         tag=ATTACHED value=90
D 09:55:57.9853802 GameState.DebugPrintPower() -         tag=ZONE value=SETASIDE
D 09:55:57.9853802 GameState.DebugPrintPower() -         tag=ENTITY_ID value=95
D 09:55:57.9853802 GameState.DebugPrintPower() -         tag=CLASS value=NEUTRAL
D 09:55:57.9853802 GameState.DebugPrintPower() -         tag=CREATOR value=28
D 09:55:57.9853802 GameState.DebugPrintPower() -         tag=1037 value=1
D 09:55:57.9853802 GameState.DebugPrintPower() -         tag=1068 value=0
D 09:55:57.9853802 GameState.DebugPrintPower() -         tag=CREATOR_DBID value=79767
D 09:55:57.9853802 GameState.DebugPrintPower() -         tag=SPAWN_TIME_COUNT value=1
D 09:55:57.9853802 GameState.DebugPrintPower() -         tag=4901 value=0
D 09:55:57.9853802 GameState.DebugPrintPower() -     TAG_CHANGE Entity=95 tag=1068 value=1 
D 09:55:57.9853802 GameState.DebugPrintPower() -     TAG_CHANGE Entity=95 tag=1068 value=0 
D 09:55:57.9853802 GameState.DebugPrintPower() -     TAG_CHANGE Entity=95 tag=ZONE value=PLAY 
D 09:55:57.9853802 GameState.DebugPrintPower() -     TAG_CHANGE Entity=[entityName=雷克萨 id=90 zone=PLAY zonePos=0 cardId=HERO_05 player=1] tag=3085 value=40 
D 09:55:57.9853802 GameState.DebugPrintPower() -     TAG_CHANGE Entity=[entityName=雷克萨 id=90 zone=PLAY zonePos=0 cardId=HERO_05 player=1] tag=HEALTH value=40 
D 09:55:57.9853802 GameState.DebugPrintPower() -     TAG_CHANGE Entity=[entityName=雷克萨 id=90 zone=PLAY zonePos=0 cardId=HERO_05 player=1] tag=4741 value=1 
D 09:55:57.9853802 GameState.DebugPrintPower() -     TAG_CHANGE Entity=[entityName=雷克萨 id=90 zone=PLAY zonePos=0 cardId=HERO_05 player=1] tag=LAST_AFFECTED_BY value=28 
D 09:55:57.9853802 GameState.DebugPrintPower() -     META_DATA - Meta=OVERRIDE_HISTORY Data=0 InfoCount=1
D 09:55:57.9853802 GameState.DebugPrintPower() -                 Info[0] = [entityName=UNKNOWN ENTITY [cardType=INVALID] id=28 zone=DECK zonePos=0 cardId= player=1]
D 09:55:57.9853802 GameState.DebugPrintPower() - BLOCK_END
D 09:55:57.9853802 GameState.DebugPrintPower() - BLOCK_START BlockType=TRIGGER Entity=[entityName=UNKNOWN ENTITY [cardType=INVALID] id=66 zone=DECK zonePos=0 cardId= player=2] EffectCardId=System.Collections.Generic.List`1[System.String] EffectIndex=1 Target=0 SubOption=-1 TriggerKeyword=1724
D 09:55:57.9853802 GameState.DebugPrintPower() -     FULL_ENTITY - Creating ID=96 CardID=
D 09:55:57.9853802 GameState.DebugPrintPower() -         tag=ZONE value=SETASIDE
D 09:55:57.9853802 GameState.DebugPrintPower() -         tag=CONTROLLER value=2
D 09:55:57.9853802 GameState.DebugPrintPower() -         tag=ENTITY_ID value=96
D 09:55:57.9853802 GameState.DebugPrintPower() -     SHOW_ENTITY - Updating Entity=96 CardID=VAC_422e
D 09:55:57.9853802 GameState.DebugPrintPower() -         tag=CONTROLLER value=2
D 09:55:57.9853802 GameState.DebugPrintPower() -         tag=CARDTYPE value=ENCHANTMENT
D 09:55:57.9853802 GameState.DebugPrintPower() -         tag=ATTACHED value=3
D 09:55:57.9853802 GameState.DebugPrintPower() -         tag=ZONE value=SETASIDE
D 09:55:57.9853802 GameState.DebugPrintPower() -         tag=ENTITY_ID value=96
D 09:55:57.9853802 GameState.DebugPrintPower() -         tag=CLASS value=NEUTRAL
D 09:55:57.9853802 GameState.DebugPrintPower() -         tag=CREATOR value=66
D 09:55:57.9853802 GameState.DebugPrintPower() -         tag=1037 value=2
D 09:55:57.9853802 GameState.DebugPrintPower() -         tag=1068 value=0
D 09:55:57.9853802 GameState.DebugPrintPower() -         tag=CREATOR_DBID value=105893
D 09:55:57.9853802 GameState.DebugPrintPower() -         tag=SPAWN_TIME_COUNT value=1
D 09:55:57.9853802 GameState.DebugPrintPower() -         tag=4901 value=0
D 09:55:57.9853802 GameState.DebugPrintPower() -     TAG_CHANGE Entity=96 tag=1068 value=1 
D 09:55:57.9853802 GameState.DebugPrintPower() -     TAG_CHANGE Entity=96 tag=1068 value=0 
D 09:55:57.9853802 GameState.DebugPrintPower() -     TAG_CHANGE Entity=96 tag=ZONE value=PLAY 
D 09:55:57.9853802 GameState.DebugPrintPower() -     TAG_CHANGE Entity=湫然#51704 tag=4741 value=1 
D 09:55:57.9853802 GameState.DebugPrintPower() -     TAG_CHANGE Entity=湫然#51704 tag=LAST_AFFECTED_BY value=66 
D 09:55:57.9853802 GameState.DebugPrintPower() -     TAG_CHANGE Entity=96 tag=TAG_SCRIPT_DATA_NUM_1 value=105893 
D 09:55:57.9853802 GameState.DebugPrintPower() -     TAG_CHANGE Entity=96 tag=TAG_SCRIPT_DATA_NUM_2 value=4 
D 09:55:57.9853802 GameState.DebugPrintPower() - BLOCK_END
D 09:55:57.9853802 GameState.DebugPrintPower() - BLOCK_START BlockType=TRIGGER Entity=GameEntity EffectCardId=System.Collections.Generic.List`1[System.String] EffectIndex=4 Target=0 SubOption=-1 TriggerKeyword=TAG_NOT_SET
D 09:55:57.9853802 GameState.DebugPrintPower() - BLOCK_END
D 09:55:57.9853802 GameState.DebugPrintPower() - TAG_CHANGE Entity=GameEntity tag=STEP value=MAIN_READY 
D 09:55:57.9853802 GameState.DebugPrintPower() - BLOCK_START BlockType=TRIGGER Entity=湫然#51704 EffectCardId=System.Collections.Generic.List`1[System.String] EffectIndex=-1 Target=0 SubOption=-1 TriggerKeyword=TAG_NOT_SET
D 09:55:57.9853802 GameState.DebugPrintPower() -     TAG_CHANGE Entity=GameEntity tag=NUM_TURNS_IN_PLAY value=1 
D 09:55:57.9853802 GameState.DebugPrintPower() -     TAG_CHANGE Entity=拯救网瘾对手#5318 tag=NUM_TURNS_IN_PLAY value=1 
D 09:55:57.9853802 GameState.DebugPrintPower() -     TAG_CHANGE Entity=湫然#51704 tag=NUM_TURNS_IN_PLAY value=1 
D 09:55:57.9853802 GameState.DebugPrintPower() -     TAG_CHANGE Entity=[entityName=雷克萨 id=90 zone=PLAY zonePos=0 cardId=HERO_05 player=1] tag=NUM_TURNS_IN_PLAY value=1 
D 09:55:57.9853802 GameState.DebugPrintPower() -     TAG_CHANGE Entity=[entityName=稳固射击 id=91 zone=PLAY zonePos=0 cardId=HERO_05bp player=1] tag=NUM_TURNS_IN_PLAY value=1 
D 09:55:57.9853802 GameState.DebugPrintPower() -     TAG_CHANGE Entity=[entityName=嘲风望月露娜拉 id=92 zone=PLAY zonePos=0 cardId=HERO_06bi player=2] tag=NUM_TURNS_IN_PLAY value=1 
D 09:55:57.9853802 GameState.DebugPrintPower() -     TAG_CHANGE Entity=[entityName=变形 id=93 zone=PLAY zonePos=0 cardId=HERO_06ebp player=2] tag=NUM_TURNS_IN_PLAY value=1 
D 09:55:57.9853802 GameState.DebugPrintPower() -     TAG_CHANGE Entity=湫然#51704 tag=RESOURCES value=1 
D 09:55:57.9853802 GameState.DebugPrintPower() -     TAG_CHANGE Entity=GameEntity tag=NEXT_STEP value=MAIN_START_TRIGGERS 
D 09:55:57.9853802 GameState.DebugPrintPower() - BLOCK_END
D 09:55:57.9853802 GameState.DebugPrintPower() - TAG_CHANGE Entity=GameEntity tag=STEP value=MAIN_START_TRIGGERS 
D 09:55:57.9853802 GameState.DebugPrintPower() - BLOCK_START BlockType=TRIGGER Entity=湫然#51704 EffectCardId=System.Collections.Generic.List`1[System.String] EffectIndex=-1 Target=0 SubOption=-1 TriggerKeyword=TAG_NOT_SET
D 09:55:57.9853802 GameState.DebugPrintPower() -     TAG_CHANGE Entity=GameEntity tag=NEXT_STEP value=MAIN_START 
D 09:55:57.9853802 GameState.DebugPrintPower() - BLOCK_END
D 09:55:57.9853802 GameState.DebugPrintPower() - TAG_CHANGE Entity=GameEntity tag=STEP value=MAIN_START 
D 09:55:57.9853802 GameState.DebugPrintPower() - BLOCK_START BlockType=TRIGGER Entity=湫然#51704 EffectCardId=System.Collections.Generic.List`1[System.String] EffectIndex=-1 Target=0 SubOption=-1 TriggerKeyword=TAG_NOT_SET
D 09:55:57.9853802 GameState.DebugPrintPower() -     TAG_CHANGE Entity=湫然#51704 tag=2166 value=60 
D 09:55:57.9853802 GameState.DebugPrintPower() -     TAG_CHANGE Entity=湫然#51704 tag=467 value=1 
D 09:55:57.9853802 GameState.DebugPrintPower() -     SHOW_ENTITY - Updating Entity=[entityName=UNKNOWN ENTITY [cardType=INVALID] id=60 zone=DECK zonePos=0 cardId= player=2] CardID=TID_001
D 09:55:57.9853802 GameState.DebugPrintPower() -         tag=CONTROLLER value=2
D 09:55:57.9853802 GameState.DebugPrintPower() -         tag=CARDTYPE value=SPELL
D 09:55:57.9853802 GameState.DebugPrintPower() -         tag=TAG_LAST_KNOWN_COST_IN_HAND value=1
D 09:55:57.9853802 GameState.DebugPrintPower() -         tag=COST value=1
D 09:55:57.9853802 GameState.DebugPrintPower() -         tag=ZONE value=HAND
D 09:55:57.9853802 GameState.DebugPrintPower() -         tag=ENTITY_ID value=60
D 09:55:57.9853802 GameState.DebugPrintPower() -         tag=CLASS value=DRUID
D 09:55:57.9853802 GameState.DebugPrintPower() -         tag=FACTION value=NEUTRAL
D 09:55:57.9853802 GameState.DebugPrintPower() -         tag=RARITY value=COMMON
D 09:55:57.9853802 GameState.DebugPrintPower() -         tag=478 value=2
D 09:55:57.9853802 GameState.DebugPrintPower() -         tag=1037 value=2
D 09:55:57.9853802 GameState.DebugPrintPower() -         tag=1043 value=1
D 09:55:57.9853802 GameState.DebugPrintPower() -         tag=1068 value=0
D 09:55:57.9853802 GameState.DebugPrintPower() -         tag=SPAWN_TIME_COUNT value=1
D 09:55:57.9853802 GameState.DebugPrintPower() -         tag=SPELL_SCHOOL value=1
D 09:55:57.9853802 GameState.DebugPrintPower() -         tag=MINI_SET value=1
D 09:55:57.9853802 GameState.DebugPrintPower() -     TAG_CHANGE Entity=[entityName=UNKNOWN ENTITY [cardType=INVALID] id=60 zone=DECK zonePos=0 cardId= player=2] tag=NUM_TURNS_IN_HAND value=1 
D 09:55:57.9853802 GameState.DebugPrintPower() -     TAG_CHANGE Entity=[entityName=UNKNOWN ENTITY [cardType=INVALID] id=60 zone=DECK zonePos=0 cardId= player=2] tag=ZONE_POSITION value=4 
D 09:55:57.9853802 GameState.DebugPrintPower() -     TAG_CHANGE Entity=[entityName=UNKNOWN ENTITY [cardType=INVALID] id=60 zone=DECK zonePos=0 cardId= player=2] tag=ZONE_POSITION value=0 
D 09:55:57.9853802 GameState.DebugPrintPower() -     TAG_CHANGE Entity=[entityName=UNKNOWN ENTITY [cardType=INVALID] id=60 zone=DECK zonePos=0 cardId= player=2] tag=ZONE_POSITION value=4 
D 09:55:57.9853802 GameState.DebugPrintPower() -     TAG_CHANGE Entity=湫然#51704 tag=3242 value=1 
D 09:55:57.9853802 GameState.DebugPrintPower() -     TAG_CHANGE Entity=湫然#51704 tag=NUM_CARDS_DRAWN_THIS_TURN value=1 
D 09:55:57.9853802 GameState.DebugPrintPower() -     TAG_CHANGE Entity=湫然#51704 tag=995 value=1 
D 09:55:57.9853802 GameState.DebugPrintPower() -     TAG_CHANGE Entity=[entityName=UNKNOWN ENTITY [cardType=INVALID] id=60 zone=DECK zonePos=0 cardId= player=2] tag=1570 value=1 
D 09:55:57.9853802 GameState.DebugPrintPower() -     TAG_CHANGE Entity=湫然#51704 tag=467 value=0 
D 09:55:57.9853802 GameState.DebugPrintPower() -     TAG_CHANGE Entity=GameEntity tag=NEXT_STEP value=MAIN_ACTION 
D 09:55:57.9853802 GameState.DebugPrintPower() - BLOCK_END
D 09:55:57.9853802 GameState.DebugPrintPower() - TAG_CHANGE Entity=GameEntity tag=STEP value=MAIN_ACTION 
D 09:55:57.9853802 GameState.DebugPrintPower() - BLOCK_START BlockType=TRIGGER Entity=湫然#51704 EffectCardId=System.Collections.Generic.List`1[System.String] EffectIndex=-1 Target=0 SubOption=-1 TriggerKeyword=TAG_NOT_SET
D 09:55:57.9853802 GameState.DebugPrintPower() -     TAG_CHANGE Entity=GameEntity tag=NEXT_STEP value=MAIN_END 
D 09:55:57.9853802 GameState.DebugPrintPower() - BLOCK_END
D 09:55:57.9853802 PowerTaskList.DebugDump() - ID=11 ParentID=0 PreviousID=0 TaskCount=1
D 09:55:57.9853802 PowerTaskList.DebugDump() - Block Start=(null)
D 09:55:57.9853802 PowerTaskList.DebugPrintPower() -     TAG_CHANGE Entity=拯救网瘾对手#5318 tag=MULLIGAN_STATE value=DEALING 
D 09:55:57.9853802 PowerTaskList.DebugDump() - Block End=(null)
D 09:55:57.9853802 PowerProcessor.PrepareHistoryForCurrentTaskList() - m_currentTaskList=11
D 09:55:57.9853802 PowerProcessor.EndCurrentTaskList() - m_currentTaskList=11
D 09:55:57.9853802 PowerTaskList.DebugDump() - ID=12 ParentID=11 PreviousID=0 TaskCount=5
D 09:55:57.9853802 PowerTaskList.DebugPrintPower() - BLOCK_START BlockType=TRIGGER Entity=拯救网瘾对手#5318 EffectCardId=System.Collections.Generic.List`1[System.String] EffectIndex=-1 Target=0 SubOption=-1 TriggerKeyword=TAG_NOT_SET
D 09:55:57.9853802 PowerTaskList.DebugPrintPower() -     TAG_CHANGE Entity=[entityName=UNKNOWN ENTITY [cardType=INVALID] id=11 zone=DECK zonePos=0 cardId= player=1] tag=ZONE value=HAND 
D 09:55:57.9853802 PowerTaskList.DebugPrintPower() -     TAG_CHANGE Entity=[entityName=UNKNOWN ENTITY [cardType=INVALID] id=11 zone=DECK zonePos=0 cardId= player=1] tag=ZONE_POSITION value=3 
D 09:55:57.9853802 PowerTaskList.DebugPrintPower() -     TAG_CHANGE Entity=[entityName=UNKNOWN ENTITY [cardType=INVALID] id=8 zone=HAND zonePos=3 cardId= player=1] tag=ZONE_POSITION value=0 
D 09:55:57.9853802 PowerTaskList.DebugPrintPower() -     TAG_CHANGE Entity=[entityName=UNKNOWN ENTITY [cardType=INVALID] id=8 zone=HAND zonePos=3 cardId= player=1] tag=ZONE value=DECK 
D 09:55:57.9853802 PowerTaskList.DebugPrintPower() -     TAG_CHANGE Entity=拯救网瘾对手#5318 tag=MULLIGAN_STATE value=WAITING 
D 09:55:57.9853802 PowerTaskList.DebugPrintPower() - BLOCK_END
D 09:55:57.9853802 PowerProcessor.PrepareHistoryForCurrentTaskList() - m_currentTaskList=12
D 09:55:58.0288402 GameState.DebugPrintOptions() - id=1
D 09:55:58.0288402 GameState.DebugPrintOptions() -   option 0 type=END_TURN mainEntity= error=INVALID errorParam=
D 09:55:58.0288402 GameState.DebugPrintOptions() -   option 1 type=POWER mainEntity=[entityName=黑市拍卖师 id=51 zone=HAND zonePos=1 cardId=JAIL_718 player=2] error=NONE errorParam=
D 09:55:58.0288402 GameState.DebugPrintOptions() -   option 2 type=POWER mainEntity=[entityName=雷霆绽放 id=78 zone=HAND zonePos=2 cardId=SCH_427 player=2] error=NONE errorParam=
D 09:55:58.0288402 GameState.DebugPrintOptions() -   option 3 type=POWER mainEntity=[entityName=活体根须 id=56 zone=HAND zonePos=3 cardId=CORE_AT_037 player=2] error=NONE errorParam=
D 09:55:58.0288402 GameState.DebugPrintOptions() -     subOption 0 entity=[entityName=缠人根须 id=57 zone=SETASIDE zonePos=0 cardId=AT_037a player=2] error=NONE errorParam=
D 09:55:58.0288402 GameState.DebugPrintOptions() -       target 0 entity=[entityName=雷克萨 id=90 zone=PLAY zonePos=0 cardId=HERO_05 player=1] error=NONE errorParam=
D 09:55:58.0288402 GameState.DebugPrintOptions() -       target 1 entity=[entityName=嘲风望月露娜拉 id=92 zone=PLAY zonePos=0 cardId=HERO_06bi player=2] error=NONE errorParam=
D 09:55:58.0288402 GameState.DebugPrintOptions() -     subOption 1 entity=[entityName=并蒂树苗 id=58 zone=SETASIDE zonePos=0 cardId=AT_037b player=2] error=NONE errorParam=
D 09:55:58.0288402 GameState.DebugPrintOptions() -   option 4 type=POWER mainEntity=[entityName=UNKNOWN ENTITY [cardType=INVALID] id=60 zone=DECK zonePos=0 cardId= player=2] error=NONE errorParam=
D 09:55:58.0288402 GameState.DebugPrintOptions() -     target 0 entity=[entityName=雷克萨 id=90 zone=PLAY zonePos=0 cardId=HERO_05 player=1] error=NONE errorParam=
D 09:55:58.0288402 GameState.DebugPrintOptions() -     target 1 entity=[entityName=嘲风望月露娜拉 id=92 zone=PLAY zonePos=0 cardId=HERO_06bi player=2] error=REQ_ENEMY_TARGET errorParam=
D 09:55:58.0288402 GameState.DebugPrintOptions() -   option 5 type=POWER mainEntity=[entityName=黑市拍卖师 id=51 zone=HAND zonePos=1 cardId=JAIL_718 player=2] error=REQ_ENOUGH_MANA errorParam=
D 09:55:58.0288402 GameState.DebugPrintOptions() -   option 6 type=POWER mainEntity=[entityName=雷克萨 id=90 zone=PLAY zonePos=0 cardId=HERO_05 player=1] error=REQ_YOUR_TURN errorParam=
D 09:55:58.0288402 GameState.DebugPrintOptions() -   option 7 type=POWER mainEntity=[entityName=稳固射击 id=91 zone=PLAY zonePos=0 cardId=HERO_05bp player=1] error=REQ_YOUR_TURN errorParam=
D 09:55:58.0288402 GameState.DebugPrintOptions() -   option 8 type=POWER mainEntity=[entityName=嘲风望月露娜拉 id=92 zone=PLAY zonePos=0 cardId=HERO_06bi player=2] error=REQ_ATTACK_GREATER_THAN_0 errorParam=
D 09:55:58.0288402 GameState.DebugPrintOptions() -   option 9 type=POWER mainEntity=[entityName=变形 id=93 zone=PLAY zonePos=0 cardId=HERO_06ebp player=2] error=REQ_ENOUGH_MANA errorParam=
D 09:55:58.2771796 PowerProcessor.EndCurrentTaskList() - m_currentTaskList=12
D 09:55:58.2844938 PowerTaskList.DebugDump() - ID=13 ParentID=0 PreviousID=0 TaskCount=5
D 09:55:58.2844938 PowerTaskList.DebugPrintPower() - BLOCK_START BlockType=TRIGGER Entity=拯救网瘾对手#5318 EffectCardId=System.Collections.Generic.List`1[System.String] EffectIndex=-1 Target=0 SubOption=-1 TriggerKeyword=TAG_NOT_SET
D 09:55:58.2844938 PowerTaskList.DebugPrintPower() -     TAG_CHANGE Entity=拯救网瘾对手#5318 tag=MULLIGAN_STATE value=DONE 
D 09:55:58.2844938 PowerTaskList.DebugPrintPower() -     SHUFFLE_DECK PlayerID=1
D 09:55:58.2844938 PowerTaskList.DebugPrintPower() -     SHUFFLE_DECK PlayerID=2
D 09:55:58.2844938 PowerTaskList.DebugPrintPower() -     TAG_CHANGE Entity=湫然#51704 tag=TURN value=1 
D 09:55:58.2844938 PowerTaskList.DebugPrintPower() -     TAG_CHANGE Entity=GameEntity tag=NEXT_STEP value=MAIN_READY 
D 09:55:58.2844938 PowerTaskList.DebugPrintPower() - BLOCK_END
D 09:55:58.2844938 PowerProcessor.PrepareHistoryForCurrentTaskList() - m_currentTaskList=13
D 09:55:59.8003411 PowerProcessor.EndCurrentTaskList() - m_currentTaskList=13
D 09:55:59.8003411 PowerTaskList.DebugDump() - ID=14 ParentID=0 PreviousID=0 TaskCount=1
D 09:55:59.8003411 PowerTaskList.DebugPrintPower() - BLOCK_START BlockType=TRIGGER Entity=[entityName=UNKNOWN ENTITY [cardType=INVALID] id=28 zone=DECK zonePos=0 cardId= player=1] EffectCardId=System.Collections.Generic.List`1[System.String] EffectIndex=2 Target=0 SubOption=-1 TriggerKeyword=TAG_NOT_SET
D 09:55:59.8003411 PowerTaskList.DebugPrintPower() -     SHOW_ENTITY - Updating Entity=[entityName=UNKNOWN ENTITY [cardType=INVALID] id=28 zone=DECK zonePos=0 cardId= player=1] CardID=REV_018
D 09:55:59.8003411 PowerTaskList.DebugPrintPower() -         tag=CONTROLLER value=1
D 09:55:59.8003411 PowerTaskList.DebugPrintPower() -         tag=CARDTYPE value=MINION
D 09:55:59.8003411 PowerTaskList.DebugPrintPower() -         tag=TAG_LAST_KNOWN_COST_IN_HAND value=3
D 09:55:59.8003411 PowerTaskList.DebugPrintPower() -         tag=479 value=3
D 09:55:59.8003411 PowerTaskList.DebugPrintPower() -         tag=COST value=3
D 09:55:59.8003411 PowerTaskList.DebugPrintPower() -         tag=ATK value=3
D 09:55:59.8003411 PowerTaskList.DebugPrintPower() -         tag=HEALTH value=4
D 09:55:59.8003411 PowerTaskList.DebugPrintPower() -         tag=PREMIUM value=1
D 09:55:59.8003411 PowerTaskList.DebugPrintPower() -         tag=ZONE value=DECK
D 09:55:59.8003411 PowerTaskList.DebugPrintPower() -         tag=ENTITY_ID value=28
D 09:55:59.8003411 PowerTaskList.DebugPrintPower() -         tag=ELITE value=1
D 09:55:59.8003411 PowerTaskList.DebugPrintPower() -         tag=CLASS value=NEUTRAL
D 09:55:59.8003411 PowerTaskList.DebugPrintPower() -         tag=RARITY value=LEGENDARY
D 09:55:59.8003411 PowerTaskList.DebugPrintPower() -         tag=REVEALED value=1
D 09:55:59.8003411 PowerTaskList.DebugPrintPower() -         tag=478 value=1
D 09:55:59.8003411 PowerTaskList.DebugPrintPower() -         tag=DECK_RULE_MOD_DECK_SIZE value=40
D 09:55:59.8003411 PowerTaskList.DebugPrintPower() -         tag=1043 value=1
D 09:55:59.8003411 PowerTaskList.DebugPrintPower() -         tag=1068 value=0
D 09:55:59.8003411 PowerTaskList.DebugPrintPower() -         tag=SPAWN_TIME_COUNT value=1
D 09:55:59.8003411 PowerTaskList.DebugPrintPower() -         tag=HAS_SIGNATURE_QUALITY value=1
D 09:55:59.8003411 PowerTaskList.DebugPrintPower() -         tag=HAS_ACTIVATE_POWER value=1
D 09:55:59.8003411 PowerTaskList.DebugPrintPower() -         tag=2936 value=1
D 09:55:59.8003411 PowerTaskList.DebugPrintPower() -         tag=3085 value=4
D 09:55:59.8003411 PowerTaskList.DebugPrintPower() -         tag=4472 value=3
D 09:55:59.8003411 PowerTaskList.DebugPrintPower() - BLOCK_END
D 09:55:59.8003411 PowerProcessor.PrepareHistoryForCurrentTaskList() - m_currentTaskList=14
D 09:55:59.8166495 PowerProcessor.EndCurrentTaskList() - m_currentTaskList=14
D 09:55:59.8236731 PowerTaskList.DebugDump() - ID=15 ParentID=0 PreviousID=0 TaskCount=13
D 09:55:59.8236731 PowerTaskList.DebugPrintPower() - BLOCK_START BlockType=TRIGGER Entity=[entityName=雷纳索尔王子 id=28 zone=DECK zonePos=0 cardId=REV_018 player=1] EffectCardId=System.Collections.Generic.List`1[System.String] EffectIndex=0 Target=0 SubOption=-1 TriggerKeyword=TAG_NOT_SET
D 09:55:59.8236731 PowerTaskList.DebugPrintPower() -     TAG_CHANGE Entity=[entityName=雷纳索尔王子 id=28 zone=DECK zonePos=0 cardId=REV_018 player=1] tag=TAG_SCRIPT_DATA_NUM_1 value=1 
D 09:55:59.8236731 PowerTaskList.DebugPrintPower() -     HIDE_ENTITY - Entity=[entityName=雷纳索尔王子 id=28 zone=DECK zonePos=0 cardId=REV_018 player=1] tag=ZONE value=DECK
D 09:55:59.8236731 PowerTaskList.DebugPrintPower() -     TAG_CHANGE Entity=[entityName=雷纳索尔王子 id=28 zone=DECK zonePos=0 cardId=REV_018 player=1] tag=REVEALED value=0 
D 09:55:59.8236731 PowerTaskList.DebugPrintPower() -     FULL_ENTITY - Updating [entityName=UNKNOWN ENTITY [cardType=INVALID] id=95 zone=SETASIDE zonePos=0 cardId= player=1] CardID=
D 09:55:59.8236731 PowerTaskList.DebugPrintPower() -         tag=ZONE value=SETASIDE
D 09:55:59.8236731 PowerTaskList.DebugPrintPower() -         tag=CONTROLLER value=1
D 09:55:59.8236731 PowerTaskList.DebugPrintPower() -         tag=ENTITY_ID value=95
D 09:55:59.8236731 PowerTaskList.DebugPrintPower() -     SHOW_ENTITY - Updating Entity=[entityName=UNKNOWN ENTITY [cardType=INVALID] id=95 zone=SETASIDE zonePos=0 cardId= player=1] CardID=REV_018e
D 09:55:59.8236731 PowerTaskList.DebugPrintPower() -         tag=CONTROLLER value=1
D 09:55:59.8236731 PowerTaskList.DebugPrintPower() -         tag=CARDTYPE value=ENCHANTMENT
D 09:55:59.8236731 PowerTaskList.DebugPrintPower() -         tag=PREMIUM value=1
D 09:55:59.8236731 PowerTaskList.DebugPrintPower() -         tag=ATTACHED value=90
D 09:55:59.8236731 PowerTaskList.DebugPrintPower() -         tag=ZONE value=SETASIDE
D 09:55:59.8236731 PowerTaskList.DebugPrintPower() -         tag=ENTITY_ID value=95
D 09:55:59.8236731 PowerTaskList.DebugPrintPower() -         tag=CLASS value=NEUTRAL
D 09:55:59.8236731 PowerTaskList.DebugPrintPower() -         tag=CREATOR value=28
D 09:55:59.8236731 PowerTaskList.DebugPrintPower() -         tag=1037 value=1
D 09:55:59.8236731 PowerTaskList.DebugPrintPower() -         tag=1068 value=0
D 09:55:59.8236731 PowerTaskList.DebugPrintPower() -         tag=CREATOR_DBID value=79767
D 09:55:59.8236731 PowerTaskList.DebugPrintPower() -         tag=SPAWN_TIME_COUNT value=1
D 09:55:59.8236731 PowerTaskList.DebugPrintPower() -         tag=4901 value=0
D 09:55:59.8236731 PowerTaskList.DebugPrintPower() -     TAG_CHANGE Entity=[entityName=UNKNOWN ENTITY [cardType=INVALID] id=95 zone=SETASIDE zonePos=0 cardId= player=1] tag=1068 value=1 
D 09:55:59.8236731 PowerTaskList.DebugPrintPower() -     TAG_CHANGE Entity=[entityName=UNKNOWN ENTITY [cardType=INVALID] id=95 zone=SETASIDE zonePos=0 cardId= player=1] tag=1068 value=0 
D 09:55:59.8236731 PowerTaskList.DebugPrintPower() -     TAG_CHANGE Entity=[entityName=UNKNOWN ENTITY [cardType=INVALID] id=95 zone=SETASIDE zonePos=0 cardId= player=1] tag=ZONE value=PLAY 
D 09:55:59.8236731 PowerTaskList.DebugPrintPower() -     TAG_CHANGE Entity=[entityName=雷克萨 id=90 zone=PLAY zonePos=0 cardId=HERO_05 player=1] tag=3085 value=40 
D 09:55:59.8236731 PowerTaskList.DebugPrintPower() -     TAG_CHANGE Entity=[entityName=雷克萨 id=90 zone=PLAY zonePos=0 cardId=HERO_05 player=1] tag=HEALTH value=40 
D 09:55:59.8236731 PowerTaskList.DebugPrintPower() -     TAG_CHANGE Entity=[entityName=雷克萨 id=90 zone=PLAY zonePos=0 cardId=HERO_05 player=1] tag=4741 value=1 
D 09:55:59.8236731 PowerTaskList.DebugPrintPower() -     TAG_CHANGE Entity=[entityName=雷克萨 id=90 zone=PLAY zonePos=0 cardId=HERO_05 player=1] tag=LAST_AFFECTED_BY value=28 
D 09:55:59.8236731 PowerTaskList.DebugPrintPower() -     META_DATA - Meta=OVERRIDE_HISTORY Data=0 InfoCount=1
D 09:55:59.8236731 PowerTaskList.DebugPrintPower() -                 Info[0] = [entityName=雷纳索尔王子 id=28 zone=DECK zonePos=0 cardId=REV_018 player=1]
D 09:55:59.8236731 PowerTaskList.DebugPrintPower() - BLOCK_END
D 09:55:59.8236731 PowerProcessor.PrepareHistoryForCurrentTaskList() - m_currentTaskList=15
D 09:56:04.1122367 PowerProcessor.EndCurrentTaskList() - m_currentTaskList=15
D 09:56:04.1157464 PowerTaskList.DebugDump() - ID=16 ParentID=0 PreviousID=0 TaskCount=9
D 09:56:04.1157464 PowerTaskList.DebugPrintPower() - BLOCK_START BlockType=TRIGGER Entity=[entityName=UNKNOWN ENTITY [cardType=INVALID] id=66 zone=DECK zonePos=0 cardId= player=2] EffectCardId=System.Collections.Generic.List`1[System.String] EffectIndex=1 Target=0 SubOption=-1 TriggerKeyword=1724
D 09:56:04.1157464 PowerTaskList.DebugPrintPower() -     FULL_ENTITY - Updating [entityName=UNKNOWN ENTITY [cardType=INVALID] id=96 zone=SETASIDE zonePos=0 cardId= player=2] CardID=
D 09:56:04.1157464 PowerTaskList.DebugPrintPower() -         tag=ZONE value=SETASIDE
D 09:56:04.1157464 PowerTaskList.DebugPrintPower() -         tag=CONTROLLER value=2
D 09:56:04.1157464 PowerTaskList.DebugPrintPower() -         tag=ENTITY_ID value=96
D 09:56:04.1157464 PowerTaskList.DebugPrintPower() -     SHOW_ENTITY - Updating Entity=[entityName=UNKNOWN ENTITY [cardType=INVALID] id=96 zone=SETASIDE zonePos=0 cardId= player=2] CardID=VAC_422e
D 09:56:04.1157464 PowerTaskList.DebugPrintPower() -         tag=CONTROLLER value=2
D 09:56:04.1157464 PowerTaskList.DebugPrintPower() -         tag=CARDTYPE value=ENCHANTMENT
D 09:56:04.1157464 PowerTaskList.DebugPrintPower() -         tag=ATTACHED value=3
D 09:56:04.1157464 PowerTaskList.DebugPrintPower() -         tag=ZONE value=SETASIDE
D 09:56:04.1157464 PowerTaskList.DebugPrintPower() -         tag=ENTITY_ID value=96
D 09:56:04.1157464 PowerTaskList.DebugPrintPower() -         tag=CLASS value=NEUTRAL
D 09:56:04.1157464 PowerTaskList.DebugPrintPower() -         tag=CREATOR value=66
D 09:56:04.1157464 PowerTaskList.DebugPrintPower() -         tag=1037 value=2
D 09:56:04.1157464 PowerTaskList.DebugPrintPower() -         tag=1068 value=0
D 09:56:04.1157464 PowerTaskList.DebugPrintPower() -         tag=CREATOR_DBID value=105893
D 09:56:04.1157464 PowerTaskList.DebugPrintPower() -         tag=SPAWN_TIME_COUNT value=1
D 09:56:04.1157464 PowerTaskList.DebugPrintPower() -         tag=4901 value=0
D 09:56:04.1157464 PowerTaskList.DebugPrintPower() -     TAG_CHANGE Entity=[entityName=UNKNOWN ENTITY [cardType=INVALID] id=96 zone=SETASIDE zonePos=0 cardId= player=2] tag=1068 value=1 
D 09:56:04.1157464 PowerTaskList.DebugPrintPower() -     TAG_CHANGE Entity=[entityName=UNKNOWN ENTITY [cardType=INVALID] id=96 zone=SETASIDE zonePos=0 cardId= player=2] tag=1068 value=0 
D 09:56:04.1157464 PowerTaskList.DebugPrintPower() -     TAG_CHANGE Entity=[entityName=UNKNOWN ENTITY [cardType=INVALID] id=96 zone=SETASIDE zonePos=0 cardId= player=2] tag=ZONE value=PLAY 
D 09:56:04.1157464 PowerTaskList.DebugPrintPower() -     TAG_CHANGE Entity=湫然#51704 tag=4741 value=1 
D 09:56:04.1157464 PowerTaskList.DebugPrintPower() -     TAG_CHANGE Entity=湫然#51704 tag=LAST_AFFECTED_BY value=66 
D 09:56:04.1157464 PowerTaskList.DebugPrintPower() -     TAG_CHANGE Entity=[entityName=UNKNOWN ENTITY [cardType=INVALID] id=96 zone=SETASIDE zonePos=0 cardId= player=2] tag=TAG_SCRIPT_DATA_NUM_1 value=105893 
D 09:56:04.1157464 PowerTaskList.DebugPrintPower() -     TAG_CHANGE Entity=[entityName=UNKNOWN ENTITY [cardType=INVALID] id=96 zone=SETASIDE zonePos=0 cardId= player=2] tag=TAG_SCRIPT_DATA_NUM_2 value=4 
D 09:56:04.1157464 PowerTaskList.DebugPrintPower() - BLOCK_END
D 09:56:04.1157464 PowerProcessor.PrepareHistoryForCurrentTaskList() - m_currentTaskList=16
D 09:56:04.1771617 PowerProcessor.EndCurrentTaskList() - m_currentTaskList=16
D 09:56:04.1806757 PowerTaskList.DebugDump() - ID=17 ParentID=0 PreviousID=0 TaskCount=0
D 09:56:04.1806757 PowerTaskList.DebugPrintPower() - BLOCK_START BlockType=TRIGGER Entity=GameEntity EffectCardId=System.Collections.Generic.List`1[System.String] EffectIndex=4 Target=0 SubOption=-1 TriggerKeyword=TAG_NOT_SET
D 09:56:04.1806757 PowerTaskList.DebugPrintPower() - BLOCK_END
D 09:56:04.1806757 PowerProcessor.PrepareHistoryForCurrentTaskList() - m_currentTaskList=17
D 09:56:04.1806757 PowerProcessor.EndCurrentTaskList() - m_currentTaskList=17
D 09:56:04.1806757 PowerTaskList.DebugDump() - ID=18 ParentID=0 PreviousID=0 TaskCount=1
D 09:56:04.1806757 PowerTaskList.DebugDump() - Block Start=(null)
D 09:56:04.1806757 PowerTaskList.DebugPrintPower() -     TAG_CHANGE Entity=GameEntity tag=STEP value=MAIN_READY 
D 09:56:04.1806757 PowerTaskList.DebugDump() - Block End=(null)
D 09:56:04.1806757 PowerProcessor.PrepareHistoryForCurrentTaskList() - m_currentTaskList=18
D 09:56:04.1806757 PowerProcessor.EndCurrentTaskList() - m_currentTaskList=18
D 09:56:04.1806757 PowerTaskList.DebugDump() - ID=19 ParentID=0 PreviousID=0 TaskCount=9
D 09:56:04.1806757 PowerTaskList.DebugPrintPower() - BLOCK_START BlockType=TRIGGER Entity=湫然#51704 EffectCardId=System.Collections.Generic.List`1[System.String] EffectIndex=-1 Target=0 SubOption=-1 TriggerKeyword=TAG_NOT_SET
D 09:56:04.1806757 PowerTaskList.DebugPrintPower() -     TAG_CHANGE Entity=GameEntity tag=NUM_TURNS_IN_PLAY value=1 
D 09:56:04.1806757 PowerTaskList.DebugPrintPower() -     TAG_CHANGE Entity=拯救网瘾对手#5318 tag=NUM_TURNS_IN_PLAY value=1 
D 09:56:04.1806757 PowerTaskList.DebugPrintPower() -     TAG_CHANGE Entity=湫然#51704 tag=NUM_TURNS_IN_PLAY value=1 
D 09:56:04.1806757 PowerTaskList.DebugPrintPower() -     TAG_CHANGE Entity=[entityName=雷克萨 id=90 zone=PLAY zonePos=0 cardId=HERO_05 player=1] tag=NUM_TURNS_IN_PLAY value=1 
D 09:56:04.1806757 PowerTaskList.DebugPrintPower() -     TAG_CHANGE Entity=[entityName=稳固射击 id=91 zone=PLAY zonePos=0 cardId=HERO_05bp player=1] tag=NUM_TURNS_IN_PLAY value=1 
D 09:56:04.1806757 PowerTaskList.DebugPrintPower() -     TAG_CHANGE Entity=[entityName=嘲风望月露娜拉 id=92 zone=PLAY zonePos=0 cardId=HERO_06bi player=2] tag=NUM_TURNS_IN_PLAY value=1 
D 09:56:04.1806757 PowerTaskList.DebugPrintPower() -     TAG_CHANGE Entity=[entityName=变形 id=93 zone=PLAY zonePos=0 cardId=HERO_06ebp player=2] tag=NUM_TURNS_IN_PLAY value=1 
D 09:56:04.1806757 PowerTaskList.DebugPrintPower() -     TAG_CHANGE Entity=湫然#51704 tag=RESOURCES value=1 
D 09:56:04.1806757 PowerTaskList.DebugPrintPower() -     TAG_CHANGE Entity=GameEntity tag=NEXT_STEP value=MAIN_START_TRIGGERS 
D 09:56:04.1806757 PowerTaskList.DebugPrintPower() - BLOCK_END
D 09:56:04.1806757 PowerProcessor.PrepareHistoryForCurrentTaskList() - m_currentTaskList=19
D 09:56:04.1806757 PowerProcessor.EndCurrentTaskList() - m_currentTaskList=19
D 09:56:04.1806757 PowerTaskList.DebugDump() - ID=20 ParentID=0 PreviousID=0 TaskCount=1
D 09:56:04.1806757 PowerTaskList.DebugDump() - Block Start=(null)
D 09:56:04.1806757 PowerTaskList.DebugPrintPower() -     TAG_CHANGE Entity=GameEntity tag=STEP value=MAIN_START_TRIGGERS 
D 09:56:04.1806757 PowerTaskList.DebugDump() - Block End=(null)
D 09:56:04.1806757 PowerProcessor.PrepareHistoryForCurrentTaskList() - m_currentTaskList=20
D 09:56:04.1806757 PowerProcessor.EndCurrentTaskList() - m_currentTaskList=20
D 09:56:04.1806757 PowerTaskList.DebugDump() - ID=21 ParentID=0 PreviousID=0 TaskCount=1
D 09:56:04.1806757 PowerTaskList.DebugPrintPower() - BLOCK_START BlockType=TRIGGER Entity=湫然#51704 EffectCardId=System.Collections.Generic.List`1[System.String] EffectIndex=-1 Target=0 SubOption=-1 TriggerKeyword=TAG_NOT_SET
D 09:56:04.1806757 PowerTaskList.DebugPrintPower() -     TAG_CHANGE Entity=GameEntity tag=NEXT_STEP value=MAIN_START 
D 09:56:04.1806757 PowerTaskList.DebugPrintPower() - BLOCK_END
D 09:56:04.1806757 PowerProcessor.PrepareHistoryForCurrentTaskList() - m_currentTaskList=21
D 09:56:04.1806757 PowerProcessor.EndCurrentTaskList() - m_currentTaskList=21
D 09:56:04.1806757 PowerTaskList.DebugDump() - ID=22 ParentID=0 PreviousID=0 TaskCount=1
D 09:56:04.1806757 PowerTaskList.DebugDump() - Block Start=(null)
D 09:56:04.1806757 PowerTaskList.DebugPrintPower() -     TAG_CHANGE Entity=GameEntity tag=STEP value=MAIN_START 
D 09:56:04.1806757 PowerTaskList.DebugDump() - Block End=(null)
D 09:56:04.1806757 PowerProcessor.PrepareHistoryForCurrentTaskList() - m_currentTaskList=22
D 09:56:04.1806757 PowerProcessor.EndCurrentTaskList() - m_currentTaskList=22
D 09:56:04.1806757 PowerTaskList.DebugDump() - ID=23 ParentID=0 PreviousID=0 TaskCount=13
D 09:56:04.1806757 PowerTaskList.DebugPrintPower() - BLOCK_START BlockType=TRIGGER Entity=湫然#51704 EffectCardId=System.Collections.Generic.List`1[System.String] EffectIndex=-1 Target=0 SubOption=-1 TriggerKeyword=TAG_NOT_SET
D 09:56:04.1806757 PowerTaskList.DebugPrintPower() -     TAG_CHANGE Entity=湫然#51704 tag=2166 value=60 
D 09:56:04.1806757 PowerTaskList.DebugPrintPower() -     TAG_CHANGE Entity=湫然#51704 tag=467 value=1 
D 09:56:04.1806757 PowerTaskList.DebugPrintPower() -     SHOW_ENTITY - Updating Entity=[entityName=UNKNOWN ENTITY [cardType=INVALID] id=60 zone=DECK zonePos=0 cardId= player=2] CardID=TID_001
D 09:56:04.1806757 PowerTaskList.DebugPrintPower() -         tag=CONTROLLER value=2
D 09:56:04.1806757 PowerTaskList.DebugPrintPower() -         tag=CARDTYPE value=SPELL
D 09:56:04.1806757 PowerTaskList.DebugPrintPower() -         tag=TAG_LAST_KNOWN_COST_IN_HAND value=1
D 09:56:04.1806757 PowerTaskList.DebugPrintPower() -         tag=COST value=1
D 09:56:04.1806757 PowerTaskList.DebugPrintPower() -         tag=ZONE value=HAND
D 09:56:04.1806757 PowerTaskList.DebugPrintPower() -         tag=ENTITY_ID value=60
D 09:56:04.1806757 PowerTaskList.DebugPrintPower() -         tag=CLASS value=DRUID
D 09:56:04.1806757 PowerTaskList.DebugPrintPower() -         tag=FACTION value=NEUTRAL
D 09:56:04.1806757 PowerTaskList.DebugPrintPower() -         tag=RARITY value=COMMON
D 09:56:04.1806757 PowerTaskList.DebugPrintPower() -         tag=478 value=2
D 09:56:04.1806757 PowerTaskList.DebugPrintPower() -         tag=1037 value=2
D 09:56:04.1806757 PowerTaskList.DebugPrintPower() -         tag=1043 value=1
D 09:56:04.1806757 PowerTaskList.DebugPrintPower() -         tag=1068 value=0
D 09:56:04.1806757 PowerTaskList.DebugPrintPower() -         tag=SPAWN_TIME_COUNT value=1
D 09:56:04.1806757 PowerTaskList.DebugPrintPower() -         tag=SPELL_SCHOOL value=1
D 09:56:04.1806757 PowerTaskList.DebugPrintPower() -         tag=MINI_SET value=1
D 09:56:04.1806757 PowerTaskList.DebugPrintPower() -     TAG_CHANGE Entity=[entityName=UNKNOWN ENTITY [cardType=INVALID] id=60 zone=DECK zonePos=0 cardId= player=2] tag=NUM_TURNS_IN_HAND value=1 
D 09:56:04.1806757 PowerTaskList.DebugPrintPower() -     TAG_CHANGE Entity=[entityName=UNKNOWN ENTITY [cardType=INVALID] id=60 zone=DECK zonePos=0 cardId= player=2] tag=ZONE_POSITION value=4 
D 09:56:04.1806757 PowerTaskList.DebugPrintPower() -     TAG_CHANGE Entity=[entityName=UNKNOWN ENTITY [cardType=INVALID] id=60 zone=DECK zonePos=0 cardId= player=2] tag=ZONE_POSITION value=0 
D 09:56:04.1806757 PowerTaskList.DebugPrintPower() -     TAG_CHANGE Entity=[entityName=UNKNOWN ENTITY [cardType=INVALID] id=60 zone=DECK zonePos=0 cardId= player=2] tag=ZONE_POSITION value=4 
D 09:56:04.1806757 PowerTaskList.DebugPrintPower() -     TAG_CHANGE Entity=湫然#51704 tag=3242 value=1 
D 09:56:04.1806757 PowerTaskList.DebugPrintPower() -     TAG_CHANGE Entity=湫然#51704 tag=NUM_CARDS_DRAWN_THIS_TURN value=1 
D 09:56:04.1806757 PowerTaskList.DebugPrintPower() -     TAG_CHANGE Entity=湫然#51704 tag=995 value=1 
D 09:56:04.1806757 PowerTaskList.DebugPrintPower() -     TAG_CHANGE Entity=[entityName=UNKNOWN ENTITY [cardType=INVALID] id=60 zone=DECK zonePos=0 cardId= player=2] tag=1570 value=1 
D 09:56:04.1806757 PowerTaskList.DebugPrintPower() -     TAG_CHANGE Entity=湫然#51704 tag=467 value=0 
D 09:56:04.1806757 PowerTaskList.DebugPrintPower() -     TAG_CHANGE Entity=GameEntity tag=NEXT_STEP value=MAIN_ACTION 
D 09:56:04.1806757 PowerTaskList.DebugPrintPower() - BLOCK_END
D 09:56:04.1806757 PowerProcessor.PrepareHistoryForCurrentTaskList() - m_currentTaskList=23
D 09:56:04.7578137 PowerProcessor.EndCurrentTaskList() - m_currentTaskList=23
D 09:56:04.7646321 PowerTaskList.DebugDump() - ID=24 ParentID=0 PreviousID=0 TaskCount=1
D 09:56:04.7646321 PowerTaskList.DebugDump() - Block Start=(null)
D 09:56:04.7646321 PowerTaskList.DebugPrintPower() -     TAG_CHANGE Entity=GameEntity tag=STEP value=MAIN_ACTION 
D 09:56:04.7646321 PowerTaskList.DebugDump() - Block End=(null)
D 09:56:04.7646321 PowerProcessor.PrepareHistoryForCurrentTaskList() - m_currentTaskList=24
D 09:56:04.7646321 PowerProcessor.EndCurrentTaskList() - m_currentTaskList=24
D 09:56:04.7646321 PowerTaskList.DebugDump() - ID=25 ParentID=0 PreviousID=0 TaskCount=1
D 09:56:04.7646321 PowerTaskList.DebugPrintPower() - BLOCK_START BlockType=TRIGGER Entity=湫然#51704 EffectCardId=System.Collections.Generic.List`1[System.String] EffectIndex=-1 Target=0 SubOption=-1 TriggerKeyword=TAG_NOT_SET
D 09:56:04.7646321 PowerTaskList.DebugPrintPower() -     TAG_CHANGE Entity=GameEntity tag=NEXT_STEP value=MAIN_END 
D 09:56:04.7646321 PowerTaskList.DebugPrintPower() - BLOCK_END
D 09:56:04.7646321 PowerProcessor.PrepareHistoryForCurrentTaskList() - m_currentTaskList=25
D 09:56:04.7646321 PowerProcessor.EndCurrentTaskList() - m_currentTaskList=25
D 09:56:08.0891889 GameState.SendOption() - selectedOption=0 selectedSubOption=-1 selectedTarget=0 selectedPosition=0
D 09:56:08.8448008 GameState.DebugPrintPowerList() - Count=67
D 09:56:08.8448008 GameState.DebugPrintPower() - TAG_CHANGE Entity=GameEntity tag=STEP value=MAIN_END 
D 09:56:08.8448008 GameState.DebugPrintPower() - BLOCK_START BlockType=TRIGGER Entity=拯救网瘾对手#5318 EffectCardId=System.Collections.Generic.List`1[System.String] EffectIndex=-1 Target=0 SubOption=-1 TriggerKeyword=TAG_NOT_SET
D 09:56:08.8448008 GameState.DebugPrintPower() - BLOCK_END
D 09:56:08.8448008 GameState.DebugPrintPower() - BLOCK_START BlockType=TRIGGER Entity=湫然#51704 EffectCardId=System.Collections.Generic.List`1[System.String] EffectIndex=-1 Target=0 SubOption=-1 TriggerKeyword=TAG_NOT_SET
D 09:56:08.8448008 GameState.DebugPrintPower() -     TAG_CHANGE Entity=GameEntity tag=NEXT_STEP value=MAIN_CLEANUP 
D 09:56:08.8448008 GameState.DebugPrintPower() - BLOCK_END
D 09:56:08.8448008 GameState.DebugPrintPower() - BLOCK_START BlockType=TRIGGER Entity=湫然#51704 EffectCardId=System.Collections.Generic.List`1[System.String] EffectIndex=-1 Target=0 SubOption=-1 TriggerKeyword=TAG_NOT_SET
D 09:56:08.8448008 GameState.DebugPrintPower() - BLOCK_END
D 09:56:08.8448008 GameState.DebugPrintPower() - TAG_CHANGE Entity=GameEntity tag=STEP value=MAIN_CLEANUP 
D 09:56:08.8448008 GameState.DebugPrintPower() - BLOCK_START BlockType=TRIGGER Entity=拯救网瘾对手#5318 EffectCardId=System.Collections.Generic.List`1[System.String] EffectIndex=-1 Target=0 SubOption=-1 TriggerKeyword=TAG_NOT_SET
D 09:56:08.8448008 GameState.DebugPrintPower() - BLOCK_END
D 09:56:08.8448008 GameState.DebugPrintPower() - BLOCK_START BlockType=TRIGGER Entity=湫然#51704 EffectCardId=System.Collections.Generic.List`1[System.String] EffectIndex=-1 Target=0 SubOption=-1 TriggerKeyword=TAG_NOT_SET
D 09:56:08.8448008 GameState.DebugPrintPower() -     TAG_CHANGE Entity=湫然#51704 tag=1854 value=1 
D 09:56:08.8448008 GameState.DebugPrintPower() -     TAG_CHANGE Entity=GameEntity tag=NEXT_STEP value=MAIN_NEXT 
D 09:56:08.8448008 GameState.DebugPrintPower() - BLOCK_END
D 09:56:08.8448008 GameState.DebugPrintPower() - TAG_CHANGE Entity=GameEntity tag=STEP value=MAIN_NEXT 
D 09:56:08.8448008 GameState.DebugPrintPower() - BLOCK_START BlockType=TRIGGER Entity=GameEntity EffectCardId=System.Collections.Generic.List`1[System.String] EffectIndex=-1 Target=0 SubOption=-1 TriggerKeyword=TAG_NOT_SET
D 09:56:08.8448008 GameState.DebugPrintPower() -     TAG_CHANGE Entity=湫然#51704 tag=1292 value=1 
D 09:56:08.8448008 GameState.DebugPrintPower() -     TAG_CHANGE Entity=湫然#51704 tag=1292 value=0 
D 09:56:08.8448008 GameState.DebugPrintPower() -     TAG_CHANGE Entity=拯救网瘾对手#5318 tag=1292 value=1 
D 09:56:08.8448008 GameState.DebugPrintPower() -     TAG_CHANGE Entity=湫然#51704 tag=TIMEOUT value=55 
D 09:56:08.8448008 GameState.DebugPrintPower() -     TAG_CHANGE Entity=[entityName=黑市拍卖师 id=51 zone=HAND zonePos=1 cardId=JAIL_718 player=2] tag=NUM_TURNS_IN_HAND value=2 
D 09:56:08.8448008 GameState.DebugPrintPower() -     TAG_CHANGE Entity=[entityName=雷霆绽放 id=78 zone=HAND zonePos=2 cardId=SCH_427 player=2] tag=NUM_TURNS_IN_HAND value=2 
D 09:56:08.8448008 GameState.DebugPrintPower() -     TAG_CHANGE Entity=[entityName=活体根须 id=56 zone=HAND zonePos=3 cardId=CORE_AT_037 player=2] tag=NUM_TURNS_IN_HAND value=2 
D 09:56:08.8448008 GameState.DebugPrintPower() -     TAG_CHANGE Entity=[entityName=月光射线 id=60 zone=HAND zonePos=4 cardId=TID_001 player=2] tag=NUM_TURNS_IN_HAND value=2 
D 09:56:08.8448008 GameState.DebugPrintPower() -     TAG_CHANGE Entity=湫然#51704 tag=CURRENT_PLAYER value=0 
D 09:56:08.8448008 GameState.DebugPrintPower() -     TAG_CHANGE Entity=拯救网瘾对手#5318 tag=CURRENT_PLAYER value=1 
D 09:56:08.8448008 GameState.DebugPrintPower() -     TAG_CHANGE Entity=GameEntity tag=TURN value=2 
D 09:56:08.8448008 GameState.DebugPrintPower() -     TAG_CHANGE Entity=GameEntity tag=1882 value=1 
D 09:56:08.8448008 GameState.DebugPrintPower() -     TAG_CHANGE Entity=拯救网瘾对手#5318 tag=TURN value=1 
D 09:56:08.8448008 GameState.DebugPrintPower() -     TAG_CHANGE Entity=GameEntity tag=NEXT_STEP value=MAIN_READY 
D 09:56:08.8448008 GameState.DebugPrintPower() - BLOCK_END
D 09:56:08.8448008 GameState.DebugPrintPower() - TAG_CHANGE Entity=GameEntity tag=STEP value=MAIN_READY 
D 09:56:08.8448008 GameState.DebugPrintPower() - BLOCK_START BlockType=TRIGGER Entity=拯救网瘾对手#5318 EffectCardId=System.Collections.Generic.List`1[System.String] EffectIndex=-1 Target=0 SubOption=-1 TriggerKeyword=TAG_NOT_SET
D 09:56:08.8448008 GameState.DebugPrintPower() -     TAG_CHANGE Entity=GameEntity tag=NUM_TURNS_IN_PLAY value=2 
D 09:56:08.8448008 GameState.DebugPrintPower() -     TAG_CHANGE Entity=拯救网瘾对手#5318 tag=NUM_TURNS_IN_PLAY value=2 
D 09:56:08.8448008 GameState.DebugPrintPower() -     TAG_CHANGE Entity=湫然#51704 tag=NUM_TURNS_IN_PLAY value=2 
D 09:56:08.8448008 GameState.DebugPrintPower() -     TAG_CHANGE Entity=[entityName=雷克萨 id=90 zone=PLAY zonePos=0 cardId=HERO_05 player=1] tag=NUM_TURNS_IN_PLAY value=2 
D 09:56:08.8448008 GameState.DebugPrintPower() -     TAG_CHANGE Entity=[entityName=稳固射击 id=91 zone=PLAY zonePos=0 cardId=HERO_05bp player=1] tag=NUM_TURNS_IN_PLAY value=2 
D 09:56:08.8448008 GameState.DebugPrintPower() -     TAG_CHANGE Entity=[entityName=嘲风望月露娜拉 id=92 zone=PLAY zonePos=0 cardId=HERO_06bi player=2] tag=NUM_TURNS_IN_PLAY value=2 
D 09:56:08.8448008 GameState.DebugPrintPower() -     TAG_CHANGE Entity=[entityName=变形 id=93 zone=PLAY zonePos=0 cardId=HERO_06ebp player=2] tag=NUM_TURNS_IN_PLAY value=2 
D 09:56:08.8448008 GameState.DebugPrintPower() -     TAG_CHANGE Entity=拯救网瘾对手#5318 tag=RESOURCES value=1 
D 09:56:08.8448008 GameState.DebugPrintPower() -     TAG_CHANGE Entity=湫然#51704 tag=NUM_CARDS_DRAWN_THIS_TURN value=0 
D 09:56:08.8448008 GameState.DebugPrintPower() -     TAG_CHANGE Entity=GameEntity tag=NEXT_STEP value=MAIN_START_TRIGGERS 
D 09:56:08.8448008 GameState.DebugPrintPower() - BLOCK_END
D 09:56:08.8448008 GameState.DebugPrintPower() - TAG_CHANGE Entity=GameEntity tag=STEP value=MAIN_START_TRIGGERS 
D 09:56:08.8448008 GameState.DebugPrintPower() - BLOCK_START BlockType=TRIGGER Entity=拯救网瘾对手#5318 EffectCardId=System.Collections.Generic.List`1[System.String] EffectIndex=-1 Target=0 SubOption=-1 TriggerKeyword=TAG_NOT_SET
D 09:56:08.8448008 GameState.DebugPrintPower() -     TAG_CHANGE Entity=GameEntity tag=NEXT_STEP value=MAIN_START 
D 09:56:08.8448008 GameState.DebugPrintPower() - BLOCK_END
D 09:56:08.8448008 GameState.DebugPrintPower() - TAG_CHANGE Entity=GameEntity tag=STEP value=MAIN_START 
D 09:56:08.8448008 GameState.DebugPrintPower() - BLOCK_START BlockType=TRIGGER Entity=拯救网瘾对手#5318 EffectCardId=System.Collections.Generic.List`1[System.String] EffectIndex=-1 Target=0 SubOption=-1 TriggerKeyword=TAG_NOT_SET
D 09:56:08.8448008 GameState.DebugPrintPower() -     TAG_CHANGE Entity=拯救网瘾对手#5318 tag=2166 value=24 
D 09:56:08.8448008 GameState.DebugPrintPower() -     TAG_CHANGE Entity=拯救网瘾对手#5318 tag=467 value=1 
D 09:56:08.8448008 GameState.DebugPrintPower() -     TAG_CHANGE Entity=[entityName=UNKNOWN ENTITY [cardType=INVALID] id=24 zone=DECK zonePos=0 cardId= player=1] tag=ZONE value=HAND 
D 09:56:08.8448008 GameState.DebugPrintPower() -     TAG_CHANGE Entity=[entityName=UNKNOWN ENTITY [cardType=INVALID] id=24 zone=DECK zonePos=0 cardId= player=1] tag=ZONE_POSITION value=6 
D 09:56:08.8448008 GameState.DebugPrintPower() -     TAG_CHANGE Entity=[entityName=UNKNOWN ENTITY [cardType=INVALID] id=24 zone=DECK zonePos=0 cardId= player=1] tag=ZONE_POSITION value=0 
D 09:56:08.8448008 GameState.DebugPrintPower() -     TAG_CHANGE Entity=[entityName=UNKNOWN ENTITY [cardType=INVALID] id=24 zone=DECK zonePos=0 cardId= player=1] tag=ZONE_POSITION value=6 
D 09:56:08.8448008 GameState.DebugPrintPower() -     TAG_CHANGE Entity=拯救网瘾对手#5318 tag=3242 value=1 
D 09:56:08.8448008 GameState.DebugPrintPower() -     TAG_CHANGE Entity=拯救网瘾对手#5318 tag=NUM_CARDS_DRAWN_THIS_TURN value=1 
D 09:56:08.8448008 GameState.DebugPrintPower() -     TAG_CHANGE Entity=拯救网瘾对手#5318 tag=995 value=1 
D 09:56:08.8448008 GameState.DebugPrintPower() -     TAG_CHANGE Entity=拯救网瘾对手#5318 tag=467 value=0 
D 09:56:08.8448008 GameState.DebugPrintPower() -     TAG_CHANGE Entity=GameEntity tag=NEXT_STEP value=MAIN_ACTION 
D 09:56:08.8448008 GameState.DebugPrintPower() - BLOCK_END
D 09:56:08.8448008 GameState.DebugPrintPower() - TAG_CHANGE Entity=GameEntity tag=STEP value=MAIN_ACTION 
D 09:56:08.8448008 GameState.DebugPrintPower() - BLOCK_START BlockType=TRIGGER Entity=拯救网瘾对手#5318 EffectCardId=System.Collections.Generic.List`1[System.String] EffectIndex=-1 Target=0 SubOption=-1 TriggerKeyword=TAG_NOT_SET
D 09:56:08.8448008 GameState.DebugPrintPower() -     TAG_CHANGE Entity=GameEntity tag=NEXT_STEP value=MAIN_END 
D 09:56:08.8448008 GameState.DebugPrintPower() - BLOCK_END
D 09:56:08.8448008 PowerTaskList.DebugDump() - ID=26 ParentID=0 PreviousID=0 TaskCount=1
D 09:56:08.8448008 PowerTaskList.DebugDump() - Block Start=(null)
D 09:56:08.8448008 PowerTaskList.DebugPrintPower() -     TAG_CHANGE Entity=GameEntity tag=STEP value=MAIN_END 
D 09:56:08.8448008 PowerTaskList.DebugDump() - Block End=(null)
D 09:56:08.8448008 PowerProcessor.PrepareHistoryForCurrentTaskList() - m_currentTaskList=26
D 09:56:08.8448008 PowerProcessor.EndCurrentTaskList() - m_currentTaskList=26
D 09:56:08.8448008 PowerTaskList.DebugDump() - ID=27 ParentID=26 PreviousID=0 TaskCount=0
D 09:56:08.8448008 PowerTaskList.DebugPrintPower() - BLOCK_START BlockType=TRIGGER Entity=拯救网瘾对手#5318 EffectCardId=System.Collections.Generic.List`1[System.String] EffectIndex=-1 Target=0 SubOption=-1 TriggerKeyword=TAG_NOT_SET
D 09:56:08.8448008 PowerTaskList.DebugPrintPower() - BLOCK_END
D 09:56:08.8448008 PowerProcessor.PrepareHistoryForCurrentTaskList() - m_currentTaskList=27
D 09:56:08.8448008 PowerProcessor.EndCurrentTaskList() - m_currentTaskList=27
D 09:56:08.8448008 PowerTaskList.DebugDump() - ID=28 ParentID=0 PreviousID=0 TaskCount=1
D 09:56:08.8448008 PowerTaskList.DebugPrintPower() - BLOCK_START BlockType=TRIGGER Entity=湫然#51704 EffectCardId=System.Collections.Generic.List`1[System.String] EffectIndex=-1 Target=0 SubOption=-1 TriggerKeyword=TAG_NOT_SET
D 09:56:08.8448008 PowerTaskList.DebugPrintPower() -     TAG_CHANGE Entity=GameEntity tag=NEXT_STEP value=MAIN_CLEANUP 
D 09:56:08.8448008 PowerTaskList.DebugPrintPower() - BLOCK_END
D 09:56:08.8448008 PowerProcessor.PrepareHistoryForCurrentTaskList() - m_currentTaskList=28
D 09:56:08.8448008 PowerProcessor.EndCurrentTaskList() - m_currentTaskList=28
D 09:56:08.8448008 PowerTaskList.DebugDump() - ID=29 ParentID=0 PreviousID=0 TaskCount=0
D 09:56:08.8448008 PowerTaskList.DebugPrintPower() - BLOCK_START BlockType=TRIGGER Entity=湫然#51704 EffectCardId=System.Collections.Generic.List`1[System.String] EffectIndex=-1 Target=0 SubOption=-1 TriggerKeyword=TAG_NOT_SET
D 09:56:08.8448008 PowerTaskList.DebugPrintPower() - BLOCK_END
D 09:56:08.8448008 PowerProcessor.PrepareHistoryForCurrentTaskList() - m_currentTaskList=29
D 09:56:08.8448008 PowerProcessor.EndCurrentTaskList() - m_currentTaskList=29
D 09:56:08.8448008 PowerTaskList.DebugDump() - ID=30 ParentID=0 PreviousID=0 TaskCount=1
D 09:56:08.8448008 PowerTaskList.DebugDump() - Block Start=(null)
D 09:56:08.8448008 PowerTaskList.DebugPrintPower() -     TAG_CHANGE Entity=GameEntity tag=STEP value=MAIN_CLEANUP 
D 09:56:08.8448008 PowerTaskList.DebugDump() - Block End=(null)
D 09:56:08.8448008 PowerProcessor.PrepareHistoryForCurrentTaskList() - m_currentTaskList=30
D 09:56:08.8448008 PowerProcessor.EndCurrentTaskList() - m_currentTaskList=30
D 09:56:08.8448008 PowerTaskList.DebugDump() - ID=31 ParentID=0 PreviousID=0 TaskCount=0
D 09:56:08.8448008 PowerTaskList.DebugPrintPower() - BLOCK_START BlockType=TRIGGER Entity=拯救网瘾对手#5318 EffectCardId=System.Collections.Generic.List`1[System.String] EffectIndex=-1 Target=0 SubOption=-1 TriggerKeyword=TAG_NOT_SET
D 09:56:08.8448008 PowerTaskList.DebugPrintPower() - BLOCK_END
D 09:56:08.8448008 PowerProcessor.PrepareHistoryForCurrentTaskList() - m_currentTaskList=31
D 09:56:08.8448008 PowerProcessor.EndCurrentTaskList() - m_currentTaskList=31
D 09:56:08.8448008 PowerTaskList.DebugDump() - ID=32 ParentID=0 PreviousID=0 TaskCount=2
D 09:56:08.8448008 PowerTaskList.DebugPrintPower() - BLOCK_START BlockType=TRIGGER Entity=湫然#51704 EffectCardId=System.Collections.Generic.List`1[System.String] EffectIndex=-1 Target=0 SubOption=-1 TriggerKeyword=TAG_NOT_SET
D 09:56:08.8448008 PowerTaskList.DebugPrintPower() -     TAG_CHANGE Entity=湫然#51704 tag=1854 value=1 
D 09:56:08.8448008 PowerTaskList.DebugPrintPower() -     TAG_CHANGE Entity=GameEntity tag=NEXT_STEP value=MAIN_NEXT 
D 09:56:08.8448008 PowerTaskList.DebugPrintPower() - BLOCK_END
D 09:56:08.8448008 PowerProcessor.PrepareHistoryForCurrentTaskList() - m_currentTaskList=32
D 09:56:08.8448008 PowerProcessor.EndCurrentTaskList() - m_currentTaskList=32
D 09:56:08.8448008 PowerTaskList.DebugDump() - ID=33 ParentID=0 PreviousID=0 TaskCount=1
D 09:56:08.8448008 PowerTaskList.DebugDump() - Block Start=(null)
D 09:56:08.8448008 PowerTaskList.DebugPrintPower() -     TAG_CHANGE Entity=GameEntity tag=STEP value=MAIN_NEXT 
D 09:56:08.8448008 PowerTaskList.DebugDump() - Block End=(null)
D 09:56:08.8448008 PowerProcessor.PrepareHistoryForCurrentTaskList() - m_currentTaskList=33
D 09:56:08.8448008 PowerProcessor.EndCurrentTaskList() - m_currentTaskList=33
D 09:56:08.8448008 PowerTaskList.DebugDump() - ID=34 ParentID=0 PreviousID=0 TaskCount=14
D 09:56:08.8448008 PowerTaskList.DebugPrintPower() - BLOCK_START BlockType=TRIGGER Entity=GameEntity EffectCardId=System.Collections.Generic.List`1[System.String] EffectIndex=-1 Target=0 SubOption=-1 TriggerKeyword=TAG_NOT_SET
D 09:56:08.8448008 PowerTaskList.DebugPrintPower() -     TAG_CHANGE Entity=湫然#51704 tag=1292 value=1 
D 09:56:08.8448008 PowerTaskList.DebugPrintPower() -     TAG_CHANGE Entity=湫然#51704 tag=1292 value=0 
D 09:56:08.8448008 PowerTaskList.DebugPrintPower() -     TAG_CHANGE Entity=拯救网瘾对手#5318 tag=1292 value=1 
D 09:56:08.8448008 PowerTaskList.DebugPrintPower() -     TAG_CHANGE Entity=湫然#51704 tag=TIMEOUT value=55 
D 09:56:08.8448008 PowerTaskList.DebugPrintPower() -     TAG_CHANGE Entity=[entityName=黑市拍卖师 id=51 zone=HAND zonePos=1 cardId=JAIL_718 player=2] tag=NUM_TURNS_IN_HAND value=2 
D 09:56:08.8448008 PowerTaskList.DebugPrintPower() -     TAG_CHANGE Entity=[entityName=雷霆绽放 id=78 zone=HAND zonePos=2 cardId=SCH_427 player=2] tag=NUM_TURNS_IN_HAND value=2 
D 09:56:08.8448008 PowerTaskList.DebugPrintPower() -     TAG_CHANGE Entity=[entityName=活体根须 id=56 zone=HAND zonePos=3 cardId=CORE_AT_037 player=2] tag=NUM_TURNS_IN_HAND value=2 
D 09:56:08.8448008 PowerTaskList.DebugPrintPower() -     TAG_CHANGE Entity=[entityName=月光射线 id=60 zone=HAND zonePos=4 cardId=TID_001 player=2] tag=NUM_TURNS_IN_HAND value=2 
D 09:56:08.8448008 PowerTaskList.DebugPrintPower() -     TAG_CHANGE Entity=湫然#51704 tag=CURRENT_PLAYER value=0 
D 09:56:08.8448008 PowerTaskList.DebugPrintPower() -     TAG_CHANGE Entity=拯救网瘾对手#5318 tag=CURRENT_PLAYER value=1 
D 09:56:08.8448008 PowerTaskList.DebugPrintPower() -     TAG_CHANGE Entity=GameEntity tag=TURN value=2 
D 09:56:08.8448008 PowerTaskList.DebugPrintPower() -     TAG_CHANGE Entity=GameEntity tag=1882 value=1 
D 09:56:08.8448008 PowerTaskList.DebugPrintPower() -     TAG_CHANGE Entity=拯救网瘾对手#5318 tag=TURN value=1 
D 09:56:08.8448008 PowerTaskList.DebugPrintPower() -     TAG_CHANGE Entity=GameEntity tag=NEXT_STEP value=MAIN_READY 
D 09:56:08.8448008 PowerTaskList.DebugPrintPower() - BLOCK_END
D 09:56:08.8448008 PowerProcessor.PrepareHistoryForCurrentTaskList() - m_currentTaskList=34
D 09:56:08.8448008 PowerProcessor.EndCurrentTaskList() - m_currentTaskList=34
D 09:56:08.8448008 PowerTaskList.DebugDump() - ID=35 ParentID=0 PreviousID=0 TaskCount=1
D 09:56:08.8448008 PowerTaskList.DebugDump() - Block Start=(null)
D 09:56:08.8448008 PowerTaskList.DebugPrintPower() -     TAG_CHANGE Entity=GameEntity tag=STEP value=MAIN_READY 
D 09:56:08.8448008 PowerTaskList.DebugDump() - Block End=(null)
D 09:56:08.8448008 PowerProcessor.PrepareHistoryForCurrentTaskList() - m_currentTaskList=35
D 09:56:08.8448008 PowerProcessor.EndCurrentTaskList() - m_currentTaskList=35
D 09:56:08.8448008 PowerTaskList.DebugDump() - ID=36 ParentID=0 PreviousID=0 TaskCount=10
D 09:56:08.8448008 PowerTaskList.DebugPrintPower() - BLOCK_START BlockType=TRIGGER Entity=拯救网瘾对手#5318 EffectCardId=System.Collections.Generic.List`1[System.String] EffectIndex=-1 Target=0 SubOption=-1 TriggerKeyword=TAG_NOT_SET
D 09:56:08.8448008 PowerTaskList.DebugPrintPower() -     TAG_CHANGE Entity=GameEntity tag=NUM_TURNS_IN_PLAY value=2 
D 09:56:08.8448008 PowerTaskList.DebugPrintPower() -     TAG_CHANGE Entity=拯救网瘾对手#5318 tag=NUM_TURNS_IN_PLAY value=2 
D 09:56:08.8448008 PowerTaskList.DebugPrintPower() -     TAG_CHANGE Entity=湫然#51704 tag=NUM_TURNS_IN_PLAY value=2 
D 09:56:08.8448008 PowerTaskList.DebugPrintPower() -     TAG_CHANGE Entity=[entityName=雷克萨 id=90 zone=PLAY zonePos=0 cardId=HERO_05 player=1] tag=NUM_TURNS_IN_PLAY value=2 
D 09:56:08.8448008 PowerTaskList.DebugPrintPower() -     TAG_CHANGE Entity=[entityName=稳固射击 id=91 zone=PLAY zonePos=0 cardId=HERO_05bp player=1] tag=NUM_TURNS_IN_PLAY value=2 
D 09:56:08.8448008 PowerTaskList.DebugPrintPower() -     TAG_CHANGE Entity=[entityName=嘲风望月露娜拉 id=92 zone=PLAY zonePos=0 cardId=HERO_06bi player=2] tag=NUM_TURNS_IN_PLAY value=2 
D 09:56:08.8448008 PowerTaskList.DebugPrintPower() -     TAG_CHANGE Entity=[entityName=变形 id=93 zone=PLAY zonePos=0 cardId=HERO_06ebp player=2] tag=NUM_TURNS_IN_PLAY value=2 
D 09:56:08.8448008 PowerTaskList.DebugPrintPower() -     TAG_CHANGE Entity=拯救网瘾对手#5318 tag=RESOURCES value=1 
D 09:56:08.8448008 PowerTaskList.DebugPrintPower() -     TAG_CHANGE Entity=湫然#51704 tag=NUM_CARDS_DRAWN_THIS_TURN value=0 
D 09:56:08.8448008 PowerTaskList.DebugPrintPower() -     TAG_CHANGE Entity=GameEntity tag=NEXT_STEP value=MAIN_START_TRIGGERS 
D 09:56:08.8448008 PowerTaskList.DebugPrintPower() - BLOCK_END
D 09:56:08.8448008 PowerProcessor.PrepareHistoryForCurrentTaskList() - m_currentTaskList=36
D 09:56:08.8448008 PowerProcessor.EndCurrentTaskList() - m_currentTaskList=36
D 09:56:08.8448008 PowerTaskList.DebugDump() - ID=37 ParentID=0 PreviousID=0 TaskCount=1
D 09:56:08.8448008 PowerTaskList.DebugDump() - Block Start=(null)
D 09:56:08.8448008 PowerTaskList.DebugPrintPower() -     TAG_CHANGE Entity=GameEntity tag=STEP value=MAIN_START_TRIGGERS 
D 09:56:08.8448008 PowerTaskList.DebugDump() - Block End=(null)
D 09:56:08.8448008 PowerProcessor.PrepareHistoryForCurrentTaskList() - m_currentTaskList=37
D 09:56:08.8448008 PowerProcessor.EndCurrentTaskList() - m_currentTaskList=37
D 09:56:08.8448008 PowerTaskList.DebugDump() - ID=38 ParentID=0 PreviousID=0 TaskCount=1
D 09:56:08.8448008 PowerTaskList.DebugPrintPower() - BLOCK_START BlockType=TRIGGER Entity=拯救网瘾对手#5318 EffectCardId=System.Collections.Generic.List`1[System.String] EffectIndex=-1 Target=0 SubOption=-1 TriggerKeyword=TAG_NOT_SET
D 09:56:08.8448008 PowerTaskList.DebugPrintPower() -     TAG_CHANGE Entity=GameEntity tag=NEXT_STEP value=MAIN_START 
D 09:56:08.8448008 PowerTaskList.DebugPrintPower() - BLOCK_END
D 09:56:08.8448008 PowerProcessor.PrepareHistoryForCurrentTaskList() - m_currentTaskList=38
D 09:56:08.8448008 PowerProcessor.EndCurrentTaskList() - m_currentTaskList=38
D 09:56:08.8448008 PowerTaskList.DebugDump() - ID=39 ParentID=0 PreviousID=0 TaskCount=1
D 09:56:08.8448008 PowerTaskList.DebugDump() - Block Start=(null)
D 09:56:08.8448008 PowerTaskList.DebugPrintPower() -     TAG_CHANGE Entity=GameEntity tag=STEP value=MAIN_START 
D 09:56:08.8448008 PowerTaskList.DebugDump() - Block End=(null)
D 09:56:08.8448008 PowerProcessor.PrepareHistoryForCurrentTaskList() - m_currentTaskList=39
D 09:56:08.8448008 PowerProcessor.EndCurrentTaskList() - m_currentTaskList=39
D 09:56:08.8448008 PowerTaskList.DebugDump() - ID=40 ParentID=0 PreviousID=0 TaskCount=11
D 09:56:08.8448008 PowerTaskList.DebugPrintPower() - BLOCK_START BlockType=TRIGGER Entity=拯救网瘾对手#5318 EffectCardId=System.Collections.Generic.List`1[System.String] EffectIndex=-1 Target=0 SubOption=-1 TriggerKeyword=TAG_NOT_SET
D 09:56:08.8448008 PowerTaskList.DebugPrintPower() -     TAG_CHANGE Entity=拯救网瘾对手#5318 tag=2166 value=24 
D 09:56:08.8448008 PowerTaskList.DebugPrintPower() -     TAG_CHANGE Entity=拯救网瘾对手#5318 tag=467 value=1 
D 09:56:08.8448008 PowerTaskList.DebugPrintPower() -     TAG_CHANGE Entity=[entityName=UNKNOWN ENTITY [cardType=INVALID] id=24 zone=DECK zonePos=0 cardId= player=1] tag=ZONE value=HAND 
D 09:56:08.8448008 PowerTaskList.DebugPrintPower() -     TAG_CHANGE Entity=[entityName=UNKNOWN ENTITY [cardType=INVALID] id=24 zone=DECK zonePos=0 cardId= player=1] tag=ZONE_POSITION value=6 
D 09:56:08.8448008 PowerTaskList.DebugPrintPower() -     TAG_CHANGE Entity=[entityName=UNKNOWN ENTITY [cardType=INVALID] id=24 zone=DECK zonePos=0 cardId= player=1] tag=ZONE_POSITION value=0 
D 09:56:08.8448008 PowerTaskList.DebugPrintPower() -     TAG_CHANGE Entity=[entityName=UNKNOWN ENTITY [cardType=INVALID] id=24 zone=DECK zonePos=0 cardId= player=1] tag=ZONE_POSITION value=6 
D 09:56:08.8448008 PowerTaskList.DebugPrintPower() -     TAG_CHANGE Entity=拯救网瘾对手#5318 tag=3242 value=1 
D 09:56:08.8448008 PowerTaskList.DebugPrintPower() -     TAG_CHANGE Entity=拯救网瘾对手#5318 tag=NUM_CARDS_DRAWN_THIS_TURN value=1 
D 09:56:08.8448008 PowerTaskList.DebugPrintPower() -     TAG_CHANGE Entity=拯救网瘾对手#5318 tag=995 value=1 
D 09:56:08.8448008 PowerTaskList.DebugPrintPower() -     TAG_CHANGE Entity=拯救网瘾对手#5318 tag=467 value=0 
D 09:56:08.8448008 PowerTaskList.DebugPrintPower() -     TAG_CHANGE Entity=GameEntity tag=NEXT_STEP value=MAIN_ACTION 
D 09:56:08.8448008 PowerTaskList.DebugPrintPower() - BLOCK_END
D 09:56:08.8448008 PowerProcessor.PrepareHistoryForCurrentTaskList() - m_currentTaskList=40
D 09:56:10.3730357 PowerProcessor.EndCurrentTaskList() - m_currentTaskList=40
D 09:56:10.3792307 PowerTaskList.DebugDump() - ID=41 ParentID=0 PreviousID=0 TaskCount=1
D 09:56:10.3792307 PowerTaskList.DebugDump() - Block Start=(null)
D 09:56:10.3792307 PowerTaskList.DebugPrintPower() -     TAG_CHANGE Entity=GameEntity tag=STEP value=MAIN_ACTION 
D 09:56:10.3792307 PowerTaskList.DebugDump() - Block End=(null)
D 09:56:10.3792307 PowerProcessor.PrepareHistoryForCurrentTaskList() - m_currentTaskList=41
D 09:56:10.3792307 PowerProcessor.EndCurrentTaskList() - m_currentTaskList=41
D 09:56:10.3792307 PowerTaskList.DebugDump() - ID=42 ParentID=0 PreviousID=0 TaskCount=1
D 09:56:10.3792307 PowerTaskList.DebugPrintPower() - BLOCK_START BlockType=TRIGGER Entity=拯救网瘾对手#5318 EffectCardId=System.Collections.Generic.List`1[System.String] EffectIndex=-1 Target=0 SubOption=-1 TriggerKeyword=TAG_NOT_SET
D 09:56:10.3792307 PowerTaskList.DebugPrintPower() -     TAG_CHANGE Entity=GameEntity tag=NEXT_STEP value=MAIN_END 
D 09:56:10.3792307 PowerTaskList.DebugPrintPower() - BLOCK_END
D 09:56:10.3792307 PowerProcessor.PrepareHistoryForCurrentTaskList() - m_currentTaskList=42
D 09:56:10.3792307 PowerProcessor.EndCurrentTaskList() - m_currentTaskList=42
D 09:56:17.8135483 GameState.DebugPrintPowerList() - Count=21
D 09:56:17.8135483 GameState.DebugPrintPower() - BLOCK_START BlockType=PLAY Entity=[entityName=UNKNOWN ENTITY [cardType=INVALID] id=4 zone=HAND zonePos=4 cardId= player=1] EffectCardId=System.Collections.Generic.List`1[System.String] EffectIndex=0 Target=0 SubOption=-1 
D 09:56:17.8135483 GameState.DebugPrintPower() -     TAG_CHANGE Entity=拯救网瘾对手#5318 tag=2245 value=1 
D 09:56:17.8135483 GameState.DebugPrintPower() -     TAG_CHANGE Entity=拯救网瘾对手#5318 tag=RESOURCES_USED value=1 
D 09:56:17.8135483 GameState.DebugPrintPower() -     TAG_CHANGE Entity=拯救网瘾对手#5318 tag=NUM_RESOURCES_SPENT_THIS_GAME value=1 
D 09:56:17.8135483 GameState.DebugPrintPower() -     TAG_CHANGE Entity=拯救网瘾对手#5318 tag=NUM_CARDS_PLAYED_THIS_TURN value=1 
D 09:56:17.8135483 GameState.DebugPrintPower() -     TAG_CHANGE Entity=拯救网瘾对手#5318 tag=NUM_MINIONS_PLAYED_THIS_TURN value=1 
D 09:56:17.8135483 GameState.DebugPrintPower() -     TAG_CHANGE Entity=[entityName=UNKNOWN ENTITY [cardType=INVALID] id=24 zone=HAND zonePos=6 cardId= player=1] tag=ZONE_POSITION value=5 
D 09:56:17.8135483 GameState.DebugPrintPower() -     TAG_CHANGE Entity=[entityName=UNKNOWN ENTITY [cardType=INVALID] id=94 zone=HAND zonePos=5 cardId= player=1] tag=ZONE_POSITION value=4 
D 09:56:17.8135483 GameState.DebugPrintPower() -     TAG_CHANGE Entity=[entityName=UNKNOWN ENTITY [cardType=INVALID] id=4 zone=HAND zonePos=4 cardId= player=1] tag=ZONE_POSITION value=0 
D 09:56:17.8135483 GameState.DebugPrintPower() -     SHOW_ENTITY - Updating Entity=[entityName=UNKNOWN ENTITY [cardType=INVALID] id=4 zone=HAND zonePos=4 cardId= player=1] CardID=WW_331
D 09:56:17.8135483 GameState.DebugPrintPower() -         tag=CONTROLLER value=1
D 09:56:17.8135483 GameState.DebugPrintPower() -         tag=CARDTYPE value=MINION
D 09:56:17.8135483 GameState.DebugPrintPower() -         tag=TAG_LAST_KNOWN_COST_IN_HAND value=1
D 09:56:17.8135483 GameState.DebugPrintPower() -         tag=479 value=2
D 09:56:17.8135483 GameState.DebugPrintPower() -         tag=COST value=1
D 09:56:17.8135483 GameState.DebugPrintPower() -         tag=ATK value=2
D 09:56:17.8135483 GameState.DebugPrintPower() -         tag=HEALTH value=2
D 09:56:17.8135483 GameState.DebugPrintPower() -         tag=PREMIUM value=1
D 09:56:17.8135483 GameState.DebugPrintPower() -         tag=ZONE value=PLAY
D 09:56:17.8135483 GameState.DebugPrintPower() -         tag=ENTITY_ID value=4
D 09:56:17.8135483 GameState.DebugPrintPower() -         tag=CLASS value=NEUTRAL
D 09:56:17.8135483 GameState.DebugPrintPower() -         tag=RARITY value=COMMON
D 09:56:17.8135483 GameState.DebugPrintPower() -         tag=DEATHRATTLE value=1
D 09:56:17.8135483 GameState.DebugPrintPower() -         tag=JUST_PLAYED value=1
D 09:56:17.8135483 GameState.DebugPrintPower() -         tag=ZONE_POSITION value=0
D 09:56:17.8135483 GameState.DebugPrintPower() -         tag=NUM_TURNS_IN_HAND value=2
D 09:56:17.8135483 GameState.DebugPrintPower() -         tag=478 value=1
D 09:56:17.8135483 GameState.DebugPrintPower() -         tag=1043 value=1
D 09:56:17.8135483 GameState.DebugPrintPower() -         tag=1068 value=0
D 09:56:17.8135483 GameState.DebugPrintPower() -         tag=COLLECTION_RELATED_CARD_DATABASE_ID value=100102
D 09:56:17.8135483 GameState.DebugPrintPower() -         tag=SPAWN_TIME_COUNT value=1
D 09:56:17.8135483 GameState.DebugPrintPower() -         tag=HAS_ACTIVATE_POWER value=1
D 09:56:17.8135483 GameState.DebugPrintPower() -         tag=3085 value=2
D 09:56:17.8135483 GameState.DebugPrintPower() -         tag=3557 value=4
D 09:56:17.8135483 GameState.DebugPrintPower() -         tag=4472 value=2
D 09:56:17.8135483 GameState.DebugPrintPower() -     TAG_CHANGE Entity=[entityName=UNKNOWN ENTITY [cardType=INVALID] id=4 zone=HAND zonePos=4 cardId= player=1] tag=ZONE_POSITION value=1 
D 09:56:17.8135483 GameState.DebugPrintPower() -     TAG_CHANGE Entity=[entityName=UNKNOWN ENTITY [cardType=INVALID] id=4 zone=HAND zonePos=4 cardId= player=1] tag=1196 value=1 
D 09:56:17.8135483 GameState.DebugPrintPower() -     TAG_CHANGE Entity=[entityName=UNKNOWN ENTITY [cardType=INVALID] id=4 zone=HAND zonePos=4 cardId= player=1] tag=EXHAUSTED value=1 
D 09:56:17.8135483 GameState.DebugPrintPower() -     META_DATA - Meta=SLUSH_TIME Data=3000 InfoCount=1
D 09:56:17.8135483 GameState.DebugPrintPower() -                 Info[0] = [entityName=UNKNOWN ENTITY [cardType=INVALID] id=4 zone=HAND zonePos=4 cardId= player=1]
D 09:56:17.8135483 GameState.DebugPrintPower() -     BLOCK_START BlockType=POWER Entity=[entityName=UNKNOWN ENTITY [cardType=INVALID] id=4 zone=HAND zonePos=4 cardId= player=1] EffectCardId=System.Collections.Generic.List`1[System.String] EffectIndex=0 Target=0 SubOption=-1 
D 09:56:17.8135483 GameState.DebugPrintPower() -     BLOCK_END
D 09:56:17.8135483 GameState.DebugPrintPower() -     TAG_CHANGE Entity=拯救网瘾对手#5318 tag=COMBO_ACTIVE value=1 
D 09:56:17.8135483 GameState.DebugPrintPower() -     TAG_CHANGE Entity=GameEntity tag=1323 value=1 
D 09:56:17.8135483 GameState.DebugPrintPower() -     TAG_CHANGE Entity=拯救网瘾对手#5318 tag=NUM_OPTIONS_PLAYED_THIS_TURN value=1 
D 09:56:17.8135483 GameState.DebugPrintPower() - BLOCK_END
D 09:56:17.8135483 GameState.DebugPrintPower() - META_DATA - Meta=SLUSH_TIME Data=1000 InfoCount=1
D 09:56:17.8135483 GameState.DebugPrintPower() -             Info[0] = [entityName=UNKNOWN ENTITY [cardType=INVALID] id=4 zone=HAND zonePos=4 cardId= player=1]
D 09:56:17.8135483 PowerTaskList.DebugDump() - ID=43 ParentID=0 PreviousID=0 TaskCount=13
D 09:56:17.8135483 PowerTaskList.DebugPrintPower() - BLOCK_START BlockType=PLAY Entity=[entityName=UNKNOWN ENTITY [cardType=INVALID] id=4 zone=HAND zonePos=4 cardId= player=1] EffectCardId=System.Collections.Generic.List`1[System.String] EffectIndex=0 Target=0 SubOption=-1 
D 09:56:17.8135483 PowerTaskList.DebugPrintPower() -     TAG_CHANGE Entity=拯救网瘾对手#5318 tag=2245 value=1 
D 09:56:17.8135483 PowerTaskList.DebugPrintPower() -     TAG_CHANGE Entity=拯救网瘾对手#5318 tag=RESOURCES_USED value=1 
D 09:56:17.8135483 PowerTaskList.DebugPrintPower() -     TAG_CHANGE Entity=拯救网瘾对手#5318 tag=NUM_RESOURCES_SPENT_THIS_GAME value=1 
D 09:56:17.8135483 PowerTaskList.DebugPrintPower() -     TAG_CHANGE Entity=拯救网瘾对手#5318 tag=NUM_CARDS_PLAYED_THIS_TURN value=1 
D 09:56:17.8135483 PowerTaskList.DebugPrintPower() -     TAG_CHANGE Entity=拯救网瘾对手#5318 tag=NUM_MINIONS_PLAYED_THIS_TURN value=1 
D 09:56:17.8135483 PowerTaskList.DebugPrintPower() -     TAG_CHANGE Entity=[entityName=UNKNOWN ENTITY [cardType=INVALID] id=24 zone=HAND zonePos=6 cardId= player=1] tag=ZONE_POSITION value=5 
D 09:56:17.8135483 PowerTaskList.DebugPrintPower() -     TAG_CHANGE Entity=[entityName=UNKNOWN ENTITY [cardType=INVALID] id=94 zone=HAND zonePos=5 cardId= player=1] tag=ZONE_POSITION value=4 
D 09:56:17.8135483 PowerTaskList.DebugPrintPower() -     TAG_CHANGE Entity=[entityName=UNKNOWN ENTITY [cardType=INVALID] id=4 zone=HAND zonePos=4 cardId= player=1] tag=ZONE_POSITION value=0 
D 09:56:17.8135483 PowerTaskList.DebugPrintPower() -     SHOW_ENTITY - Updating Entity=[entityName=UNKNOWN ENTITY [cardType=INVALID] id=4 zone=HAND zonePos=4 cardId= player=1] CardID=WW_331
D 09:56:17.8135483 PowerTaskList.DebugPrintPower() -         tag=CONTROLLER value=1
D 09:56:17.8135483 PowerTaskList.DebugPrintPower() -         tag=CARDTYPE value=MINION
D 09:56:17.8135483 PowerTaskList.DebugPrintPower() -         tag=TAG_LAST_KNOWN_COST_IN_HAND value=1
D 09:56:17.8135483 PowerTaskList.DebugPrintPower() -         tag=479 value=2
D 09:56:17.8135483 PowerTaskList.DebugPrintPower() -         tag=COST value=1
D 09:56:17.8135483 PowerTaskList.DebugPrintPower() -         tag=ATK value=2
D 09:56:17.8135483 PowerTaskList.DebugPrintPower() -         tag=HEALTH value=2
D 09:56:17.8135483 PowerTaskList.DebugPrintPower() -         tag=PREMIUM value=1
D 09:56:17.8135483 PowerTaskList.DebugPrintPower() -         tag=ZONE value=PLAY
D 09:56:17.8135483 PowerTaskList.DebugPrintPower() -         tag=ENTITY_ID value=4
D 09:56:17.8135483 PowerTaskList.DebugPrintPower() -         tag=CLASS value=NEUTRAL
D 09:56:17.8135483 PowerTaskList.DebugPrintPower() -         tag=RARITY value=COMMON
D 09:56:17.8135483 PowerTaskList.DebugPrintPower() -         tag=DEATHRATTLE value=1
D 09:56:17.8135483 PowerTaskList.DebugPrintPower() -         tag=JUST_PLAYED value=1
D 09:56:17.8135483 PowerTaskList.DebugPrintPower() -         tag=ZONE_POSITION value=0
D 09:56:17.8135483 PowerTaskList.DebugPrintPower() -         tag=NUM_TURNS_IN_HAND value=2
D 09:56:17.8135483 PowerTaskList.DebugPrintPower() -         tag=478 value=1
D 09:56:17.8135483 PowerTaskList.DebugPrintPower() -         tag=1043 value=1
D 09:56:17.8135483 PowerTaskList.DebugPrintPower() -         tag=1068 value=0
D 09:56:17.8135483 PowerTaskList.DebugPrintPower() -         tag=COLLECTION_RELATED_CARD_DATABASE_ID value=100102
D 09:56:17.8135483 PowerTaskList.DebugPrintPower() -         tag=SPAWN_TIME_COUNT value=1
D 09:56:17.8135483 PowerTaskList.DebugPrintPower() -         tag=HAS_ACTIVATE_POWER value=1
D 09:56:17.8135483 PowerTaskList.DebugPrintPower() -         tag=3085 value=2
D 09:56:17.8135483 PowerTaskList.DebugPrintPower() -         tag=3557 value=4
D 09:56:17.8135483 PowerTaskList.DebugPrintPower() -         tag=4472 value=2
D 09:56:17.8135483 PowerTaskList.DebugPrintPower() -     TAG_CHANGE Entity=[entityName=UNKNOWN ENTITY [cardType=INVALID] id=4 zone=HAND zonePos=4 cardId= player=1] tag=ZONE_POSITION value=1 
D 09:56:17.8135483 PowerTaskList.DebugPrintPower() -     TAG_CHANGE Entity=[entityName=UNKNOWN ENTITY [cardType=INVALID] id=4 zone=HAND zonePos=4 cardId= player=1] tag=1196 value=1 
D 09:56:17.8135483 PowerTaskList.DebugPrintPower() -     TAG_CHANGE Entity=[entityName=UNKNOWN ENTITY [cardType=INVALID] id=4 zone=HAND zonePos=4 cardId= player=1] tag=EXHAUSTED value=1 
D 09:56:17.8135483 PowerTaskList.DebugPrintPower() -     META_DATA - Meta=SLUSH_TIME Data=3000 InfoCount=1
D 09:56:17.8135483 PowerTaskList.DebugPrintPower() -                 Info[0] = [entityName=UNKNOWN ENTITY [cardType=INVALID] id=4 zone=HAND zonePos=4 cardId= player=1]
D 09:56:17.8135483 PowerTaskList.DebugDump() - Block End=(null)
D 09:56:17.8135483 PowerProcessor.PrepareHistoryForCurrentTaskList() - m_currentTaskList=43
D 09:56:17.8135483 PowerProcessor.DoTaskListForCard() - unhandled BlockType PLAY for sourceEntity [entityName=UNKNOWN ENTITY [cardType=INVALID] id=4 zone=HAND zonePos=4 cardId= player=1]
D 09:56:19.2360370 PowerProcessor.EndCurrentTaskList() - m_currentTaskList=43
D 09:56:19.4573006 PowerTaskList.DebugDump() - ID=44 ParentID=43 PreviousID=0 TaskCount=0
D 09:56:19.4573006 PowerTaskList.DebugPrintPower() - BLOCK_START BlockType=POWER Entity=[entityName=奇迹推销员 id=4 zone=PLAY zonePos=1 cardId=WW_331 player=1] EffectCardId=System.Collections.Generic.List`1[System.String] EffectIndex=0 Target=0 SubOption=-1 
D 09:56:19.4573006 PowerTaskList.DebugPrintPower() - BLOCK_END
D 09:56:19.4573006 PowerProcessor.PrepareHistoryForCurrentTaskList() - m_currentTaskList=44
D 09:56:19.4573006 PowerProcessor.EndCurrentTaskList() - m_currentTaskList=44
D 09:56:19.4573006 PowerTaskList.DebugDump() - ID=45 ParentID=0 PreviousID=43 TaskCount=3
D 09:56:19.4573006 PowerTaskList.DebugDump() - Block Start=(null)
D 09:56:19.4573006 PowerTaskList.DebugPrintPower() -     TAG_CHANGE Entity=拯救网瘾对手#5318 tag=COMBO_ACTIVE value=1 
D 09:56:19.4573006 PowerTaskList.DebugPrintPower() -     TAG_CHANGE Entity=GameEntity tag=1323 value=1 
D 09:56:19.4573006 PowerTaskList.DebugPrintPower() -     TAG_CHANGE Entity=拯救网瘾对手#5318 tag=NUM_OPTIONS_PLAYED_THIS_TURN value=1 
D 09:56:19.4573006 PowerTaskList.DebugPrintPower() - BLOCK_END
D 09:56:19.4573006 PowerProcessor.PrepareHistoryForCurrentTaskList() - m_currentTaskList=45
D 09:56:19.4573006 PowerProcessor.DoTaskListForCard() - unhandled BlockType PLAY for sourceEntity [entityName=奇迹推销员 id=4 zone=PLAY zonePos=1 cardId=WW_331 player=1]
D 09:56:19.4573006 PowerProcessor.EndCurrentTaskList() - m_currentTaskList=45
D 09:56:19.9930497 GameState.DebugPrintPowerList() - Count=71
D 09:56:19.9930497 GameState.DebugPrintPower() - TAG_CHANGE Entity=[entityName=奇迹推销员 id=4 zone=PLAY zonePos=1 cardId=WW_331 player=1] tag=1196 value=0 
D 09:56:19.9930497 GameState.DebugPrintPower() - TAG_CHANGE Entity=GameEntity tag=STEP value=MAIN_END 
D 09:56:19.9930497 GameState.DebugPrintPower() - BLOCK_START BlockType=TRIGGER Entity=拯救网瘾对手#5318 EffectCardId=System.Collections.Generic.List`1[System.String] EffectIndex=-1 Target=0 SubOption=-1 TriggerKeyword=TAG_NOT_SET
D 09:56:19.9930497 GameState.DebugPrintPower() -     TAG_CHANGE Entity=GameEntity tag=NEXT_STEP value=MAIN_CLEANUP 
D 09:56:19.9930497 GameState.DebugPrintPower() - BLOCK_END
D 09:56:19.9930497 GameState.DebugPrintPower() - BLOCK_START BlockType=TRIGGER Entity=拯救网瘾对手#5318 EffectCardId=System.Collections.Generic.List`1[System.String] EffectIndex=-1 Target=0 SubOption=-1 TriggerKeyword=TAG_NOT_SET
D 09:56:19.9930497 GameState.DebugPrintPower() - BLOCK_END
D 09:56:19.9930497 GameState.DebugPrintPower() - BLOCK_START BlockType=TRIGGER Entity=湫然#51704 EffectCardId=System.Collections.Generic.List`1[System.String] EffectIndex=-1 Target=0 SubOption=-1 TriggerKeyword=TAG_NOT_SET
D 09:56:19.9930497 GameState.DebugPrintPower() - BLOCK_END
D 09:56:19.9930497 GameState.DebugPrintPower() - TAG_CHANGE Entity=GameEntity tag=STEP value=MAIN_CLEANUP 
D 09:56:19.9930497 GameState.DebugPrintPower() - BLOCK_START BlockType=TRIGGER Entity=拯救网瘾对手#5318 EffectCardId=System.Collections.Generic.List`1[System.String] EffectIndex=-1 Target=0 SubOption=-1 TriggerKeyword=TAG_NOT_SET
D 09:56:19.9930497 GameState.DebugPrintPower() -     TAG_CHANGE Entity=[entityName=奇迹推销员 id=4 zone=PLAY zonePos=1 cardId=WW_331 player=1] tag=JUST_PLAYED value=0 
D 09:56:19.9930497 GameState.DebugPrintPower() -     TAG_CHANGE Entity=拯救网瘾对手#5318 tag=COMBO_ACTIVE value=0 
D 09:56:19.9930497 GameState.DebugPrintPower() -     TAG_CHANGE Entity=GameEntity tag=NEXT_STEP value=MAIN_NEXT 
D 09:56:19.9930497 GameState.DebugPrintPower() - BLOCK_END
D 09:56:19.9930497 GameState.DebugPrintPower() - BLOCK_START BlockType=TRIGGER Entity=湫然#51704 EffectCardId=System.Collections.Generic.List`1[System.String] EffectIndex=-1 Target=0 SubOption=-1 TriggerKeyword=TAG_NOT_SET
D 09:56:19.9930497 GameState.DebugPrintPower() - BLOCK_END
D 09:56:19.9930497 GameState.DebugPrintPower() - TAG_CHANGE Entity=GameEntity tag=STEP value=MAIN_NEXT 
D 09:56:19.9930497 GameState.DebugPrintPower() - BLOCK_START BlockType=TRIGGER Entity=GameEntity EffectCardId=System.Collections.Generic.List`1[System.String] EffectIndex=-1 Target=0 SubOption=-1 TriggerKeyword=TAG_NOT_SET
D 09:56:19.9930497 GameState.DebugPrintPower() -     TAG_CHANGE Entity=拯救网瘾对手#5318 tag=1292 value=0 
D 09:56:19.9930497 GameState.DebugPrintPower() -     TAG_CHANGE Entity=湫然#51704 tag=1292 value=1 
D 09:56:19.9930497 GameState.DebugPrintPower() -     TAG_CHANGE Entity=拯救网瘾对手#5318 tag=TIMEOUT value=55 
D 09:56:19.9930497 GameState.DebugPrintPower() -     TAG_CHANGE Entity=[entityName=黑市拍卖师 id=51 zone=HAND zonePos=1 cardId=JAIL_718 player=2] tag=NUM_TURNS_IN_HAND value=3 
D 09:56:19.9930497 GameState.DebugPrintPower() -     TAG_CHANGE Entity=[entityName=雷霆绽放 id=78 zone=HAND zonePos=2 cardId=SCH_427 player=2] tag=NUM_TURNS_IN_HAND value=3 
D 09:56:19.9930497 GameState.DebugPrintPower() -     TAG_CHANGE Entity=[entityName=活体根须 id=56 zone=HAND zonePos=3 cardId=CORE_AT_037 player=2] tag=NUM_TURNS_IN_HAND value=3 
D 09:56:19.9930497 GameState.DebugPrintPower() -     TAG_CHANGE Entity=[entityName=月光射线 id=60 zone=HAND zonePos=4 cardId=TID_001 player=2] tag=NUM_TURNS_IN_HAND value=3 
D 09:56:19.9930497 GameState.DebugPrintPower() -     TAG_CHANGE Entity=拯救网瘾对手#5318 tag=CURRENT_PLAYER value=0 
D 09:56:19.9930497 GameState.DebugPrintPower() -     TAG_CHANGE Entity=湫然#51704 tag=CURRENT_PLAYER value=1 
D 09:56:19.9930497 GameState.DebugPrintPower() -     TAG_CHANGE Entity=GameEntity tag=TURN value=3 
D 09:56:19.9930497 GameState.DebugPrintPower() -     TAG_CHANGE Entity=GameEntity tag=1882 value=2 
D 09:56:19.9930497 GameState.DebugPrintPower() -     TAG_CHANGE Entity=湫然#51704 tag=TURN value=2 
D 09:56:19.9930497 GameState.DebugPrintPower() -     TAG_CHANGE Entity=GameEntity tag=NEXT_STEP value=MAIN_READY 
D 09:56:19.9930497 GameState.DebugPrintPower() - BLOCK_END
D 09:56:19.9930497 GameState.DebugPrintPower() - TAG_CHANGE Entity=GameEntity tag=STEP value=MAIN_READY 
D 09:56:19.9930497 GameState.DebugPrintPower() - BLOCK_START BlockType=TRIGGER Entity=湫然#51704 EffectCardId=System.Collections.Generic.List`1[System.String] EffectIndex=-1 Target=0 SubOption=-1 TriggerKeyword=TAG_NOT_SET
D 09:56:19.9930497 GameState.DebugPrintPower() -     TAG_CHANGE Entity=GameEntity tag=NUM_TURNS_IN_PLAY value=3 
D 09:56:19.9930497 GameState.DebugPrintPower() -     TAG_CHANGE Entity=拯救网瘾对手#5318 tag=NUM_TURNS_IN_PLAY value=3 
D 09:56:19.9930497 GameState.DebugPrintPower() -     TAG_CHANGE Entity=湫然#51704 tag=NUM_TURNS_IN_PLAY value=3 
D 09:56:19.9930497 GameState.DebugPrintPower() -     TAG_CHANGE Entity=[entityName=雷克萨 id=90 zone=PLAY zonePos=0 cardId=HERO_05 player=1] tag=NUM_TURNS_IN_PLAY value=3 
D 09:56:19.9930497 GameState.DebugPrintPower() -     TAG_CHANGE Entity=[entityName=稳固射击 id=91 zone=PLAY zonePos=0 cardId=HERO_05bp player=1] tag=NUM_TURNS_IN_PLAY value=3 
D 09:56:19.9930497 GameState.DebugPrintPower() -     TAG_CHANGE Entity=[entityName=嘲风望月露娜拉 id=92 zone=PLAY zonePos=0 cardId=HERO_06bi player=2] tag=NUM_TURNS_IN_PLAY value=3 
D 09:56:19.9930497 GameState.DebugPrintPower() -     TAG_CHANGE Entity=[entityName=变形 id=93 zone=PLAY zonePos=0 cardId=HERO_06ebp player=2] tag=NUM_TURNS_IN_PLAY value=3 
D 09:56:19.9930497 GameState.DebugPrintPower() -     TAG_CHANGE Entity=[entityName=奇迹推销员 id=4 zone=PLAY zonePos=1 cardId=WW_331 player=1] tag=NUM_TURNS_IN_PLAY value=1 
D 09:56:19.9930497 GameState.DebugPrintPower() -     TAG_CHANGE Entity=湫然#51704 tag=RESOURCES value=2 
D 09:56:19.9930497 GameState.DebugPrintPower() -     TAG_CHANGE Entity=湫然#51704 tag=3242 value=0 
D 09:56:19.9930497 GameState.DebugPrintPower() -     TAG_CHANGE Entity=拯救网瘾对手#5318 tag=NUM_CARDS_DRAWN_THIS_TURN value=0 
D 09:56:19.9930497 GameState.DebugPrintPower() -     TAG_CHANGE Entity=GameEntity tag=NEXT_STEP value=MAIN_START_TRIGGERS 
D 09:56:19.9930497 GameState.DebugPrintPower() - BLOCK_END
D 09:56:19.9930497 GameState.DebugPrintPower() - TAG_CHANGE Entity=GameEntity tag=STEP value=MAIN_START_TRIGGERS 
D 09:56:19.9930497 GameState.DebugPrintPower() - BLOCK_START BlockType=TRIGGER Entity=湫然#51704 EffectCardId=System.Collections.Generic.List`1[System.String] EffectIndex=-1 Target=0 SubOption=-1 TriggerKeyword=TAG_NOT_SET
D 09:56:19.9930497 GameState.DebugPrintPower() -     TAG_CHANGE Entity=GameEntity tag=NEXT_STEP value=MAIN_START 
D 09:56:19.9930497 GameState.DebugPrintPower() - BLOCK_END
D 09:56:19.9930497 GameState.DebugPrintPower() - TAG_CHANGE Entity=GameEntity tag=STEP value=MAIN_START 
D 09:56:19.9930497 GameState.DebugPrintPower() - BLOCK_START BlockType=TRIGGER Entity=湫然#51704 EffectCardId=System.Collections.Generic.List`1[System.String] EffectIndex=-1 Target=0 SubOption=-1 TriggerKeyword=TAG_NOT_SET
D 09:56:19.9930497 GameState.DebugPrintPower() -     TAG_CHANGE Entity=湫然#51704 tag=2166 value=75 
D 09:56:19.9930497 GameState.DebugPrintPower() -     TAG_CHANGE Entity=湫然#51704 tag=467 value=1 
D 09:56:19.9930497 GameState.DebugPrintPower() -     SHOW_ENTITY - Updating Entity=[entityName=UNKNOWN ENTITY [cardType=INVALID] id=75 zone=DECK zonePos=0 cardId= player=2] CardID=JAIL_718
D 09:56:19.9930497 GameState.DebugPrintPower() -         tag=CONTROLLER value=2
D 09:56:19.9930497 GameState.DebugPrintPower() -         tag=CARDTYPE value=MINION
D 09:56:19.9930497 GameState.DebugPrintPower() -         tag=TAG_LAST_KNOWN_COST_IN_HAND value=9
D 09:56:19.9930497 GameState.DebugPrintPower() -         tag=479 value=4
D 09:56:19.9930497 GameState.DebugPrintPower() -         tag=COST value=9
D 09:56:19.9930497 GameState.DebugPrintPower() -         tag=ATK value=4
D 09:56:19.9930497 GameState.DebugPrintPower() -         tag=HEALTH value=4
D 09:56:19.9930497 GameState.DebugPrintPower() -         tag=PREMIUM value=1
D 09:56:19.9930497 GameState.DebugPrintPower() -         tag=TRIGGER_VISUAL value=1
D 09:56:19.9930497 GameState.DebugPrintPower() -         tag=ZONE value=HAND
D 09:56:19.9930497 GameState.DebugPrintPower() -         tag=ENTITY_ID value=75
D 09:56:19.9930497 GameState.DebugPrintPower() -         tag=CLASS value=NEUTRAL
D 09:56:19.9930497 GameState.DebugPrintPower() -         tag=RARITY value=EPIC
D 09:56:19.9930497 GameState.DebugPrintPower() -         tag=478 value=2
D 09:56:19.9930497 GameState.DebugPrintPower() -         tag=1037 value=2
D 09:56:19.9930497 GameState.DebugPrintPower() -         tag=1043 value=1
D 09:56:19.9930497 GameState.DebugPrintPower() -         tag=1068 value=0
D 09:56:19.9930497 GameState.DebugPrintPower() -         tag=SPAWN_TIME_COUNT value=1
D 09:56:19.9930497 GameState.DebugPrintPower() -         tag=DECK_ACTION_COST value=1
D 09:56:19.9930497 GameState.DebugPrintPower() -         tag=HAS_SIGNATURE_QUALITY value=1
D 09:56:19.9930497 GameState.DebugPrintPower() -         tag=HAS_ACTIVATE_POWER value=1
D 09:56:19.9930497 GameState.DebugPrintPower() -         tag=3085 value=4
D 09:56:19.9930497 GameState.DebugPrintPower() -         tag=PREPARE value=1
D 09:56:19.9930497 GameState.DebugPrintPower() -         tag=4472 value=4
D 09:56:19.9930497 GameState.DebugPrintPower() -     TAG_CHANGE Entity=[entityName=UNKNOWN ENTITY [cardType=INVALID] id=75 zone=DECK zonePos=0 cardId= player=2] tag=NUM_TURNS_IN_HAND value=1 
D 09:56:19.9930497 GameState.DebugPrintPower() -     TAG_CHANGE Entity=[entityName=UNKNOWN ENTITY [cardType=INVALID] id=75 zone=DECK zonePos=0 cardId= player=2] tag=ZONE_POSITION value=5 
D 09:56:19.9930497 GameState.DebugPrintPower() -     TAG_CHANGE Entity=[entityName=UNKNOWN ENTITY [cardType=INVALID] id=75 zone=DECK zonePos=0 cardId= player=2] tag=ZONE_POSITION value=0 
D 09:56:19.9930497 GameState.DebugPrintPower() -     TAG_CHANGE Entity=[entityName=UNKNOWN ENTITY [cardType=INVALID] id=75 zone=DECK zonePos=0 cardId= player=2] tag=ZONE_POSITION value=5 
D 09:56:19.9930497 GameState.DebugPrintPower() -     TAG_CHANGE Entity=湫然#51704 tag=NUM_CARDS_DRAWN_THIS_TURN value=1 
D 09:56:19.9930497 GameState.DebugPrintPower() -     TAG_CHANGE Entity=湫然#51704 tag=995 value=2 
D 09:56:19.9930497 GameState.DebugPrintPower() -     TAG_CHANGE Entity=[entityName=UNKNOWN ENTITY [cardType=INVALID] id=75 zone=DECK zonePos=0 cardId= player=2] tag=1570 value=3 
D 09:56:19.9930497 GameState.DebugPrintPower() -     TAG_CHANGE Entity=湫然#51704 tag=467 value=0 
D 09:56:19.9930497 GameState.DebugPrintPower() -     TAG_CHANGE Entity=GameEntity tag=NEXT_STEP value=MAIN_ACTION 
D 09:56:19.9930497 GameState.DebugPrintPower() - BLOCK_END
D 09:56:19.9930497 GameState.DebugPrintPower() - TAG_CHANGE Entity=GameEntity tag=STEP value=MAIN_ACTION 
D 09:56:19.9930497 GameState.DebugPrintPower() - BLOCK_START BlockType=TRIGGER Entity=湫然#51704 EffectCardId=System.Collections.Generic.List`1[System.String] EffectIndex=-1 Target=0 SubOption=-1 TriggerKeyword=TAG_NOT_SET
D 09:56:19.9930497 GameState.DebugPrintPower() -     TAG_CHANGE Entity=GameEntity tag=NEXT_STEP value=MAIN_END 
D 09:56:19.9930497 GameState.DebugPrintPower() - BLOCK_END
D 09:56:20.0848686 GameState.DebugPrintOptions() - id=4
D 09:56:20.0848686 GameState.DebugPrintOptions() -   option 0 type=END_TURN mainEntity= error=INVALID errorParam=
D 09:56:20.0848686 GameState.DebugPrintOptions() -   option 1 type=POWER mainEntity=[entityName=黑市拍卖师 id=51 zone=HAND zonePos=1 cardId=JAIL_718 player=2] error=NONE errorParam=
D 09:56:20.0848686 GameState.DebugPrintOptions() -   option 2 type=POWER mainEntity=[entityName=雷霆绽放 id=78 zone=HAND zonePos=2 cardId=SCH_427 player=2] error=NONE errorParam=
D 09:56:20.0848686 GameState.DebugPrintOptions() -   option 3 type=POWER mainEntity=[entityName=活体根须 id=56 zone=HAND zonePos=3 cardId=CORE_AT_037 player=2] error=NONE errorParam=
D 09:56:20.0848686 GameState.DebugPrintOptions() -     subOption 0 entity=[entityName=缠人根须 id=57 zone=SETASIDE zonePos=0 cardId=AT_037a player=2] error=NONE errorParam=
D 09:56:20.0848686 GameState.DebugPrintOptions() -       target 0 entity=[entityName=雷克萨 id=90 zone=PLAY zonePos=0 cardId=HERO_05 player=1] error=NONE errorParam=
D 09:56:20.0848686 GameState.DebugPrintOptions() -       target 1 entity=[entityName=嘲风望月露娜拉 id=92 zone=PLAY zonePos=0 cardId=HERO_06bi player=2] error=NONE errorParam=
D 09:56:20.0848686 GameState.DebugPrintOptions() -       target 2 entity=[entityName=奇迹推销员 id=4 zone=PLAY zonePos=1 cardId=WW_331 player=1] error=NONE errorParam=
D 09:56:20.0848686 GameState.DebugPrintOptions() -     subOption 1 entity=[entityName=并蒂树苗 id=58 zone=SETASIDE zonePos=0 cardId=AT_037b player=2] error=NONE errorParam=
D 09:56:20.0848686 GameState.DebugPrintOptions() -   option 4 type=POWER mainEntity=[entityName=月光射线 id=60 zone=HAND zonePos=4 cardId=TID_001 player=2] error=NONE errorParam=
D 09:56:20.0848686 GameState.DebugPrintOptions() -     target 0 entity=[entityName=雷克萨 id=90 zone=PLAY zonePos=0 cardId=HERO_05 player=1] error=NONE errorParam=
D 09:56:20.0848686 GameState.DebugPrintOptions() -     target 1 entity=[entityName=奇迹推销员 id=4 zone=PLAY zonePos=1 cardId=WW_331 player=1] error=NONE errorParam=
D 09:56:20.0848686 GameState.DebugPrintOptions() -     target 2 entity=[entityName=嘲风望月露娜拉 id=92 zone=PLAY zonePos=0 cardId=HERO_06bi player=2] error=REQ_ENEMY_TARGET errorParam=
D 09:56:20.0848686 GameState.DebugPrintOptions() -   option 5 type=POWER mainEntity=[entityName=UNKNOWN ENTITY [cardType=INVALID] id=75 zone=DECK zonePos=0 cardId= player=2] error=NONE errorParam=
D 09:56:20.0848686 GameState.DebugPrintOptions() -   option 6 type=POWER mainEntity=[entityName=变形 id=93 zone=PLAY zonePos=0 cardId=HERO_06ebp player=2] error=NONE errorParam=
D 09:56:20.0848686 GameState.DebugPrintOptions() -   option 7 type=POWER mainEntity=[entityName=黑市拍卖师 id=51 zone=HAND zonePos=1 cardId=JAIL_718 player=2] error=REQ_ENOUGH_MANA errorParam=
D 09:56:20.0848686 GameState.DebugPrintOptions() -   option 8 type=POWER mainEntity=[entityName=UNKNOWN ENTITY [cardType=INVALID] id=75 zone=DECK zonePos=0 cardId= player=2] error=REQ_ENOUGH_MANA errorParam=
D 09:56:20.0848686 GameState.DebugPrintOptions() -   option 9 type=POWER mainEntity=[entityName=雷克萨 id=90 zone=PLAY zonePos=0 cardId=HERO_05 player=1] error=REQ_YOUR_TURN errorParam=
D 09:56:20.0848686 GameState.DebugPrintOptions() -   option 10 type=POWER mainEntity=[entityName=稳固射击 id=91 zone=PLAY zonePos=0 cardId=HERO_05bp player=1] error=REQ_YOUR_TURN errorParam=
D 09:56:20.0848686 GameState.DebugPrintOptions() -   option 11 type=POWER mainEntity=[entityName=嘲风望月露娜拉 id=92 zone=PLAY zonePos=0 cardId=HERO_06bi player=2] error=REQ_ATTACK_GREATER_THAN_0 errorParam=
D 09:56:20.0848686 GameState.DebugPrintOptions() -   option 12 type=POWER mainEntity=[entityName=奇迹推销员 id=4 zone=PLAY zonePos=1 cardId=WW_331 player=1] error=REQ_YOUR_TURN errorParam=
D 09:56:20.9109694 PowerTaskList.DebugDump() - ID=46 ParentID=0 PreviousID=0 TaskCount=1
D 09:56:20.9109694 PowerTaskList.DebugDump() - Block Start=(null)
D 09:56:20.9109694 PowerTaskList.DebugPrintPower() -     META_DATA - Meta=SLUSH_TIME Data=1000 InfoCount=1
D 09:56:20.9109694 PowerTaskList.DebugPrintPower() -                 Info[0] = [entityName=奇迹推销员 id=4 zone=PLAY zonePos=1 cardId=WW_331 player=1]
D 09:56:20.9109694 PowerTaskList.DebugDump() - Block End=(null)
D 09:56:20.9109694 PowerProcessor.PrepareHistoryForCurrentTaskList() - m_currentTaskList=46
D 09:56:20.9109694 PowerProcessor.EndCurrentTaskList() - m_currentTaskList=46
D 09:56:20.9109694 PowerTaskList.DebugDump() - ID=47 ParentID=0 PreviousID=0 TaskCount=2
D 09:56:20.9109694 PowerTaskList.DebugDump() - Block Start=(null)
D 09:56:20.9109694 PowerTaskList.DebugPrintPower() -     TAG_CHANGE Entity=[entityName=奇迹推销员 id=4 zone=PLAY zonePos=1 cardId=WW_331 player=1] tag=1196 value=0 
D 09:56:20.9109694 PowerTaskList.DebugPrintPower() -     TAG_CHANGE Entity=GameEntity tag=STEP value=MAIN_END 
D 09:56:20.9109694 PowerTaskList.DebugDump() - Block End=(null)
D 09:56:20.9109694 PowerProcessor.PrepareHistoryForCurrentTaskList() - m_currentTaskList=47
D 09:56:20.9109694 PowerProcessor.EndCurrentTaskList() - m_currentTaskList=47
D 09:56:20.9109694 PowerTaskList.DebugDump() - ID=48 ParentID=47 PreviousID=0 TaskCount=1
D 09:56:20.9109694 PowerTaskList.DebugPrintPower() - BLOCK_START BlockType=TRIGGER Entity=拯救网瘾对手#5318 EffectCardId=System.Collections.Generic.List`1[System.String] EffectIndex=-1 Target=0 SubOption=-1 TriggerKeyword=TAG_NOT_SET
D 09:56:20.9109694 PowerTaskList.DebugPrintPower() -     TAG_CHANGE Entity=GameEntity tag=NEXT_STEP value=MAIN_CLEANUP 
D 09:56:20.9109694 PowerTaskList.DebugPrintPower() - BLOCK_END
D 09:56:20.9109694 PowerProcessor.PrepareHistoryForCurrentTaskList() - m_currentTaskList=48
D 09:56:20.9109694 PowerProcessor.EndCurrentTaskList() - m_currentTaskList=48
D 09:56:20.9109694 PowerTaskList.DebugDump() - ID=49 ParentID=0 PreviousID=0 TaskCount=0
D 09:56:20.9109694 PowerTaskList.DebugPrintPower() - BLOCK_START BlockType=TRIGGER Entity=拯救网瘾对手#5318 EffectCardId=System.Collections.Generic.List`1[System.String] EffectIndex=-1 Target=0 SubOption=-1 TriggerKeyword=TAG_NOT_SET
D 09:56:20.9109694 PowerTaskList.DebugPrintPower() - BLOCK_END
D 09:56:20.9109694 PowerProcessor.PrepareHistoryForCurrentTaskList() - m_currentTaskList=49
D 09:56:20.9109694 PowerProcessor.EndCurrentTaskList() - m_currentTaskList=49
D 09:56:20.9109694 PowerTaskList.DebugDump() - ID=50 ParentID=0 PreviousID=0 TaskCount=0
D 09:56:20.9109694 PowerTaskList.DebugPrintPower() - BLOCK_START BlockType=TRIGGER Entity=湫然#51704 EffectCardId=System.Collections.Generic.List`1[System.String] EffectIndex=-1 Target=0 SubOption=-1 TriggerKeyword=TAG_NOT_SET
D 09:56:20.9109694 PowerTaskList.DebugPrintPower() - BLOCK_END
D 09:56:20.9109694 PowerProcessor.PrepareHistoryForCurrentTaskList() - m_currentTaskList=50
D 09:56:20.9109694 PowerProcessor.EndCurrentTaskList() - m_currentTaskList=50
D 09:56:20.9109694 PowerTaskList.DebugDump() - ID=51 ParentID=0 PreviousID=0 TaskCount=1
D 09:56:20.9109694 PowerTaskList.DebugDump() - Block Start=(null)
D 09:56:20.9109694 PowerTaskList.DebugPrintPower() -     TAG_CHANGE Entity=GameEntity tag=STEP value=MAIN_CLEANUP 
D 09:56:20.9109694 PowerTaskList.DebugDump() - Block End=(null)
D 09:56:20.9109694 PowerProcessor.PrepareHistoryForCurrentTaskList() - m_currentTaskList=51
D 09:56:20.9109694 PowerProcessor.EndCurrentTaskList() - m_currentTaskList=51
D 09:56:20.9109694 PowerTaskList.DebugDump() - ID=52 ParentID=0 PreviousID=0 TaskCount=3
D 09:56:20.9109694 PowerTaskList.DebugPrintPower() - BLOCK_START BlockType=TRIGGER Entity=拯救网瘾对手#5318 EffectCardId=System.Collections.Generic.List`1[System.String] EffectIndex=-1 Target=0 SubOption=-1 TriggerKeyword=TAG_NOT_SET
D 09:56:20.9109694 PowerTaskList.DebugPrintPower() -     TAG_CHANGE Entity=[entityName=奇迹推销员 id=4 zone=PLAY zonePos=1 cardId=WW_331 player=1] tag=JUST_PLAYED value=0 
D 09:56:20.9109694 PowerTaskList.DebugPrintPower() -     TAG_CHANGE Entity=拯救网瘾对手#5318 tag=COMBO_ACTIVE value=0 
D 09:56:20.9109694 PowerTaskList.DebugPrintPower() -     TAG_CHANGE Entity=GameEntity tag=NEXT_STEP value=MAIN_NEXT 
D 09:56:20.9109694 PowerTaskList.DebugPrintPower() - BLOCK_END
D 09:56:20.9109694 PowerProcessor.PrepareHistoryForCurrentTaskList() - m_currentTaskList=52
D 09:56:20.9109694 PowerProcessor.EndCurrentTaskList() - m_currentTaskList=52
D 09:56:20.9109694 PowerTaskList.DebugDump() - ID=53 ParentID=0 PreviousID=0 TaskCount=0
D 09:56:20.9109694 PowerTaskList.DebugPrintPower() - BLOCK_START BlockType=TRIGGER Entity=湫然#51704 EffectCardId=System.Collections.Generic.List`1[System.String] EffectIndex=-1 Target=0 SubOption=-1 TriggerKeyword=TAG_NOT_SET
D 09:56:20.9109694 PowerTaskList.DebugPrintPower() - BLOCK_END
D 09:56:20.9109694 PowerProcessor.PrepareHistoryForCurrentTaskList() - m_currentTaskList=53
D 09:56:20.9109694 PowerProcessor.EndCurrentTaskList() - m_currentTaskList=53
D 09:56:20.9109694 PowerTaskList.DebugDump() - ID=54 ParentID=0 PreviousID=0 TaskCount=1
D 09:56:20.9109694 PowerTaskList.DebugDump() - Block Start=(null)
D 09:56:20.9109694 PowerTaskList.DebugPrintPower() -     TAG_CHANGE Entity=GameEntity tag=STEP value=MAIN_NEXT 
D 09:56:20.9109694 PowerTaskList.DebugDump() - Block End=(null)
D 09:56:20.9109694 PowerProcessor.PrepareHistoryForCurrentTaskList() - m_currentTaskList=54
D 09:56:20.9109694 PowerProcessor.EndCurrentTaskList() - m_currentTaskList=54
D 09:56:20.9109694 PowerTaskList.DebugDump() - ID=55 ParentID=0 PreviousID=0 TaskCount=13
D 09:56:20.9109694 PowerTaskList.DebugPrintPower() - BLOCK_START BlockType=TRIGGER Entity=GameEntity EffectCardId=System.Collections.Generic.List`1[System.String] EffectIndex=-1 Target=0 SubOption=-1 TriggerKeyword=TAG_NOT_SET
D 09:56:20.9109694 PowerTaskList.DebugPrintPower() -     TAG_CHANGE Entity=拯救网瘾对手#5318 tag=1292 value=0 
D 09:56:20.9109694 PowerTaskList.DebugPrintPower() -     TAG_CHANGE Entity=湫然#51704 tag=1292 value=1 
D 09:56:20.9109694 PowerTaskList.DebugPrintPower() -     TAG_CHANGE Entity=拯救网瘾对手#5318 tag=TIMEOUT value=55 
D 09:56:20.9109694 PowerTaskList.DebugPrintPower() -     TAG_CHANGE Entity=[entityName=黑市拍卖师 id=51 zone=HAND zonePos=1 cardId=JAIL_718 player=2] tag=NUM_TURNS_IN_HAND value=3 
D 09:56:20.9109694 PowerTaskList.DebugPrintPower() -     TAG_CHANGE Entity=[entityName=雷霆绽放 id=78 zone=HAND zonePos=2 cardId=SCH_427 player=2] tag=NUM_TURNS_IN_HAND value=3 
D 09:56:20.9109694 PowerTaskList.DebugPrintPower() -     TAG_CHANGE Entity=[entityName=活体根须 id=56 zone=HAND zonePos=3 cardId=CORE_AT_037 player=2] tag=NUM_TURNS_IN_HAND value=3 
D 09:56:20.9109694 PowerTaskList.DebugPrintPower() -     TAG_CHANGE Entity=[entityName=月光射线 id=60 zone=HAND zonePos=4 cardId=TID_001 player=2] tag=NUM_TURNS_IN_HAND value=3 
D 09:56:20.9109694 PowerTaskList.DebugPrintPower() -     TAG_CHANGE Entity=拯救网瘾对手#5318 tag=CURRENT_PLAYER value=0 
D 09:56:20.9109694 PowerTaskList.DebugPrintPower() -     TAG_CHANGE Entity=湫然#51704 tag=CURRENT_PLAYER value=1 
D 09:56:20.9109694 PowerTaskList.DebugPrintPower() -     TAG_CHANGE Entity=GameEntity tag=TURN value=3 
D 09:56:20.9109694 PowerTaskList.DebugPrintPower() -     TAG_CHANGE Entity=GameEntity tag=1882 value=2 
D 09:56:20.9109694 PowerTaskList.DebugPrintPower() -     TAG_CHANGE Entity=湫然#51704 tag=TURN value=2 
D 09:56:20.9109694 PowerTaskList.DebugPrintPower() -     TAG_CHANGE Entity=GameEntity tag=NEXT_STEP value=MAIN_READY 
D 09:56:20.9109694 PowerTaskList.DebugPrintPower() - BLOCK_END
D 09:56:20.9109694 PowerProcessor.PrepareHistoryForCurrentTaskList() - m_currentTaskList=55
D 09:56:20.9109694 PowerProcessor.EndCurrentTaskList() - m_currentTaskList=55
D 09:56:20.9109694 PowerTaskList.DebugDump() - ID=56 ParentID=0 PreviousID=0 TaskCount=1
D 09:56:20.9109694 PowerTaskList.DebugDump() - Block Start=(null)
D 09:56:20.9109694 PowerTaskList.DebugPrintPower() -     TAG_CHANGE Entity=GameEntity tag=STEP value=MAIN_READY 
D 09:56:20.9109694 PowerTaskList.DebugDump() - Block End=(null)
D 09:56:20.9109694 PowerProcessor.PrepareHistoryForCurrentTaskList() - m_currentTaskList=56
D 09:56:20.9109694 PowerProcessor.EndCurrentTaskList() - m_currentTaskList=56
D 09:56:20.9109694 PowerTaskList.DebugDump() - ID=57 ParentID=0 PreviousID=0 TaskCount=12
D 09:56:20.9109694 PowerTaskList.DebugPrintPower() - BLOCK_START BlockType=TRIGGER Entity=湫然#51704 EffectCardId=System.Collections.Generic.List`1[System.String] EffectIndex=-1 Target=0 SubOption=-1 TriggerKeyword=TAG_NOT_SET
D 09:56:20.9109694 PowerTaskList.DebugPrintPower() -     TAG_CHANGE Entity=GameEntity tag=NUM_TURNS_IN_PLAY value=3 
D 09:56:20.9109694 PowerTaskList.DebugPrintPower() -     TAG_CHANGE Entity=拯救网瘾对手#5318 tag=NUM_TURNS_IN_PLAY value=3 
D 09:56:20.9109694 PowerTaskList.DebugPrintPower() -     TAG_CHANGE Entity=湫然#51704 tag=NUM_TURNS_IN_PLAY value=3 
D 09:56:20.9109694 PowerTaskList.DebugPrintPower() -     TAG_CHANGE Entity=[entityName=雷克萨 id=90 zone=PLAY zonePos=0 cardId=HERO_05 player=1] tag=NUM_TURNS_IN_PLAY value=3 
D 09:56:20.9109694 PowerTaskList.DebugPrintPower() -     TAG_CHANGE Entity=[entityName=稳固射击 id=91 zone=PLAY zonePos=0 cardId=HERO_05bp player=1] tag=NUM_TURNS_IN_PLAY value=3 
D 09:56:20.9109694 PowerTaskList.DebugPrintPower() -     TAG_CHANGE Entity=[entityName=嘲风望月露娜拉 id=92 zone=PLAY zonePos=0 cardId=HERO_06bi player=2] tag=NUM_TURNS_IN_PLAY value=3 
D 09:56:20.9109694 PowerTaskList.DebugPrintPower() -     TAG_CHANGE Entity=[entityName=变形 id=93 zone=PLAY zonePos=0 cardId=HERO_06ebp player=2] tag=NUM_TURNS_IN_PLAY value=3 
D 09:56:20.9109694 PowerTaskList.DebugPrintPower() -     TAG_CHANGE Entity=[entityName=奇迹推销员 id=4 zone=PLAY zonePos=1 cardId=WW_331 player=1] tag=NUM_TURNS_IN_PLAY value=1 
D 09:56:20.9109694 PowerTaskList.DebugPrintPower() -     TAG_CHANGE Entity=湫然#51704 tag=RESOURCES value=2 
D 09:56:20.9109694 PowerTaskList.DebugPrintPower() -     TAG_CHANGE Entity=湫然#51704 tag=3242 value=0 
D 09:56:20.9109694 PowerTaskList.DebugPrintPower() -     TAG_CHANGE Entity=拯救网瘾对手#5318 tag=NUM_CARDS_DRAWN_THIS_TURN value=0 
D 09:56:20.9109694 PowerTaskList.DebugPrintPower() -     TAG_CHANGE Entity=GameEntity tag=NEXT_STEP value=MAIN_START_TRIGGERS 
D 09:56:20.9109694 PowerTaskList.DebugPrintPower() - BLOCK_END
D 09:56:20.9109694 PowerProcessor.PrepareHistoryForCurrentTaskList() - m_currentTaskList=57
D 09:56:20.9109694 PowerProcessor.EndCurrentTaskList() - m_currentTaskList=57
D 09:56:20.9109694 PowerTaskList.DebugDump() - ID=58 ParentID=0 PreviousID=0 TaskCount=1
D 09:56:20.9109694 PowerTaskList.DebugDump() - Block Start=(null)
D 09:56:20.9109694 PowerTaskList.DebugPrintPower() -     TAG_CHANGE Entity=GameEntity tag=STEP value=MAIN_START_TRIGGERS 
D 09:56:20.9109694 PowerTaskList.DebugDump() - Block End=(null)
D 09:56:20.9109694 PowerProcessor.PrepareHistoryForCurrentTaskList() - m_currentTaskList=58
D 09:56:20.9109694 PowerProcessor.EndCurrentTaskList() - m_currentTaskList=58
D 09:56:20.9109694 PowerTaskList.DebugDump() - ID=59 ParentID=0 PreviousID=0 TaskCount=1
D 09:56:20.9109694 PowerTaskList.DebugPrintPower() - BLOCK_START BlockType=TRIGGER Entity=湫然#51704 EffectCardId=System.Collections.Generic.List`1[System.String] EffectIndex=-1 Target=0 SubOption=-1 TriggerKeyword=TAG_NOT_SET
D 09:56:20.9109694 PowerTaskList.DebugPrintPower() -     TAG_CHANGE Entity=GameEntity tag=NEXT_STEP value=MAIN_START 
D 09:56:20.9109694 PowerTaskList.DebugPrintPower() - BLOCK_END
D 09:56:20.9109694 PowerProcessor.PrepareHistoryForCurrentTaskList() - m_currentTaskList=59
D 09:56:20.9109694 PowerProcessor.EndCurrentTaskList() - m_currentTaskList=59
D 09:56:20.9109694 PowerTaskList.DebugDump() - ID=60 ParentID=0 PreviousID=0 TaskCount=1
D 09:56:20.9109694 PowerTaskList.DebugDump() - Block Start=(null)
D 09:56:20.9109694 PowerTaskList.DebugPrintPower() -     TAG_CHANGE Entity=GameEntity tag=STEP value=MAIN_START 
D 09:56:20.9109694 PowerTaskList.DebugDump() - Block End=(null)
D 09:56:20.9109694 PowerProcessor.PrepareHistoryForCurrentTaskList() - m_currentTaskList=60
D 09:56:20.9109694 PowerProcessor.EndCurrentTaskList() - m_currentTaskList=60
D 09:56:20.9109694 PowerTaskList.DebugDump() - ID=61 ParentID=0 PreviousID=0 TaskCount=12
D 09:56:20.9109694 PowerTaskList.DebugPrintPower() - BLOCK_START BlockType=TRIGGER Entity=湫然#51704 EffectCardId=System.Collections.Generic.List`1[System.String] EffectIndex=-1 Target=0 SubOption=-1 TriggerKeyword=TAG_NOT_SET
D 09:56:20.9109694 PowerTaskList.DebugPrintPower() -     TAG_CHANGE Entity=湫然#51704 tag=2166 value=75 
D 09:56:20.9109694 PowerTaskList.DebugPrintPower() -     TAG_CHANGE Entity=湫然#51704 tag=467 value=1 
D 09:56:20.9109694 PowerTaskList.DebugPrintPower() -     SHOW_ENTITY - Updating Entity=[entityName=UNKNOWN ENTITY [cardType=INVALID] id=75 zone=DECK zonePos=0 cardId= player=2] CardID=JAIL_718
D 09:56:20.9109694 PowerTaskList.DebugPrintPower() -         tag=CONTROLLER value=2
D 09:56:20.9109694 PowerTaskList.DebugPrintPower() -         tag=CARDTYPE value=MINION
D 09:56:20.9109694 PowerTaskList.DebugPrintPower() -         tag=TAG_LAST_KNOWN_COST_IN_HAND value=9
D 09:56:20.9109694 PowerTaskList.DebugPrintPower() -         tag=479 value=4
D 09:56:20.9109694 PowerTaskList.DebugPrintPower() -         tag=COST value=9
D 09:56:20.9109694 PowerTaskList.DebugPrintPower() -         tag=ATK value=4
D 09:56:20.9109694 PowerTaskList.DebugPrintPower() -         tag=HEALTH value=4
D 09:56:20.9109694 PowerTaskList.DebugPrintPower() -         tag=PREMIUM value=1
D 09:56:20.9109694 PowerTaskList.DebugPrintPower() -         tag=TRIGGER_VISUAL value=1
D 09:56:20.9109694 PowerTaskList.DebugPrintPower() -         tag=ZONE value=HAND
D 09:56:20.9109694 PowerTaskList.DebugPrintPower() -         tag=ENTITY_ID value=75
D 09:56:20.9109694 PowerTaskList.DebugPrintPower() -         tag=CLASS value=NEUTRAL
D 09:56:20.9109694 PowerTaskList.DebugPrintPower() -         tag=RARITY value=EPIC
D 09:56:20.9109694 PowerTaskList.DebugPrintPower() -         tag=478 value=2
D 09:56:20.9109694 PowerTaskList.DebugPrintPower() -         tag=1037 value=2
D 09:56:20.9109694 PowerTaskList.DebugPrintPower() -         tag=1043 value=1
D 09:56:20.9109694 PowerTaskList.DebugPrintPower() -         tag=1068 value=0
D 09:56:20.9109694 PowerTaskList.DebugPrintPower() -         tag=SPAWN_TIME_COUNT value=1
D 09:56:20.9109694 PowerTaskList.DebugPrintPower() -         tag=DECK_ACTION_COST value=1
D 09:56:20.9109694 PowerTaskList.DebugPrintPower() -         tag=HAS_SIGNATURE_QUALITY value=1
D 09:56:20.9109694 PowerTaskList.DebugPrintPower() -         tag=HAS_ACTIVATE_POWER value=1
D 09:56:20.9109694 PowerTaskList.DebugPrintPower() -         tag=3085 value=4
D 09:56:20.9109694 PowerTaskList.DebugPrintPower() -         tag=PREPARE value=1
D 09:56:20.9109694 PowerTaskList.DebugPrintPower() -         tag=4472 value=4
D 09:56:20.9109694 PowerTaskList.DebugPrintPower() -     TAG_CHANGE Entity=[entityName=UNKNOWN ENTITY [cardType=INVALID] id=75 zone=DECK zonePos=0 cardId= player=2] tag=NUM_TURNS_IN_HAND value=1 
D 09:56:20.9109694 PowerTaskList.DebugPrintPower() -     TAG_CHANGE Entity=[entityName=UNKNOWN ENTITY [cardType=INVALID] id=75 zone=DECK zonePos=0 cardId= player=2] tag=ZONE_POSITION value=5 
D 09:56:20.9109694 PowerTaskList.DebugPrintPower() -     TAG_CHANGE Entity=[entityName=UNKNOWN ENTITY [cardType=INVALID] id=75 zone=DECK zonePos=0 cardId= player=2] tag=ZONE_POSITION value=0 
D 09:56:20.9109694 PowerTaskList.DebugPrintPower() -     TAG_CHANGE Entity=[entityName=UNKNOWN ENTITY [cardType=INVALID] id=75 zone=DECK zonePos=0 cardId= player=2] tag=ZONE_POSITION value=5 
D 09:56:20.9109694 PowerTaskList.DebugPrintPower() -     TAG_CHANGE Entity=湫然#51704 tag=NUM_CARDS_DRAWN_THIS_TURN value=1 
D 09:56:20.9109694 PowerTaskList.DebugPrintPower() -     TAG_CHANGE Entity=湫然#51704 tag=995 value=2 
D 09:56:20.9109694 PowerTaskList.DebugPrintPower() -     TAG_CHANGE Entity=[entityName=UNKNOWN ENTITY [cardType=INVALID] id=75 zone=DECK zonePos=0 cardId= player=2] tag=1570 value=3 
D 09:56:20.9109694 PowerTaskList.DebugPrintPower() -     TAG_CHANGE Entity=湫然#51704 tag=467 value=0 
D 09:56:20.9109694 PowerTaskList.DebugPrintPower() -     TAG_CHANGE Entity=GameEntity tag=NEXT_STEP value=MAIN_ACTION 
D 09:56:20.9109694 PowerTaskList.DebugPrintPower() - BLOCK_END
D 09:56:20.9109694 PowerProcessor.PrepareHistoryForCurrentTaskList() - m_currentTaskList=61
D 09:56:21.4322768 PowerProcessor.EndCurrentTaskList() - m_currentTaskList=61
D 09:56:21.4398257 PowerTaskList.DebugDump() - ID=62 ParentID=0 PreviousID=0 TaskCount=1
D 09:56:21.4398257 PowerTaskList.DebugDump() - Block Start=(null)
D 09:56:21.4398257 PowerTaskList.DebugPrintPower() -     TAG_CHANGE Entity=GameEntity tag=STEP value=MAIN_ACTION 
D 09:56:21.4398257 PowerTaskList.DebugDump() - Block End=(null)
D 09:56:21.4398257 PowerProcessor.PrepareHistoryForCurrentTaskList() - m_currentTaskList=62
D 09:56:21.4398257 PowerProcessor.EndCurrentTaskList() - m_currentTaskList=62
D 09:56:21.4398257 PowerTaskList.DebugDump() - ID=63 ParentID=0 PreviousID=0 TaskCount=1
D 09:56:21.4398257 PowerTaskList.DebugPrintPower() - BLOCK_START BlockType=TRIGGER Entity=湫然#51704 EffectCardId=System.Collections.Generic.List`1[System.String] EffectIndex=-1 Target=0 SubOption=-1 TriggerKeyword=TAG_NOT_SET
D 09:56:21.4398257 PowerTaskList.DebugPrintPower() -     TAG_CHANGE Entity=GameEntity tag=NEXT_STEP value=MAIN_END 
D 09:56:21.4398257 PowerTaskList.DebugPrintPower() - BLOCK_END
D 09:56:21.4398257 PowerProcessor.PrepareHistoryForCurrentTaskList() - m_currentTaskList=63
D 09:56:21.4398257 PowerProcessor.EndCurrentTaskList() - m_currentTaskList=63
D 09:56:25.1880588 GameState.SendOption() - selectedOption=6 selectedSubOption=-1 selectedTarget=0 selectedPosition=0
D 09:56:25.5670177 GameState.DebugPrintPowerList() - Count=32
D 09:56:25.5670177 GameState.DebugPrintPower() - BLOCK_START BlockType=PLAY Entity=[entityName=变形 id=93 zone=PLAY zonePos=0 cardId=HERO_06ebp player=2] EffectCardId=System.Collections.Generic.List`1[System.String] EffectIndex=0 Target=0 SubOption=-1 
D 09:56:25.5670177 GameState.DebugPrintPower() -     TAG_CHANGE Entity=湫然#51704 tag=2245 value=2 
D 09:56:25.5670177 GameState.DebugPrintPower() -     TAG_CHANGE Entity=湫然#51704 tag=RESOURCES_USED value=2 
D 09:56:25.5670177 GameState.DebugPrintPower() -     TAG_CHANGE Entity=湫然#51704 tag=NUM_RESOURCES_SPENT_THIS_GAME value=2 
D 09:56:25.5670177 GameState.DebugPrintPower() -     META_DATA - Meta=SLUSH_TIME Data=2000 InfoCount=1
D 09:56:25.5670177 GameState.DebugPrintPower() -                 Info[0] = [entityName=变形 id=93 zone=PLAY zonePos=0 cardId=HERO_06ebp player=2]
D 09:56:25.5670177 GameState.DebugPrintPower() -     BLOCK_START BlockType=POWER Entity=[entityName=变形 id=93 zone=PLAY zonePos=0 cardId=HERO_06ebp player=2] EffectCardId=System.Collections.Generic.List`1[System.String] EffectIndex=0 Target=0 SubOption=-1 
D 09:56:25.5670177 GameState.DebugPrintPower() -         META_DATA - Meta=EFFECT_TIMING Data=0 InfoCount=1
D 09:56:25.5670177 GameState.DebugPrintPower() -                     Info[0] = [entityName=变形 id=93 zone=PLAY zonePos=0 cardId=HERO_06ebp player=2]
D 09:56:25.5670177 GameState.DebugPrintPower() -         TAG_CHANGE Entity=[entityName=嘲风望月露娜拉 id=92 zone=PLAY zonePos=0 cardId=HERO_06bi player=2] tag=3883 value=1 
D 09:56:25.5670177 GameState.DebugPrintPower() -         TAG_CHANGE Entity=[entityName=嘲风望月露娜拉 id=92 zone=PLAY zonePos=0 cardId=HERO_06bi player=2] tag=3883 value=0 
D 09:56:25.5670177 GameState.DebugPrintPower() -         TAG_CHANGE Entity=[entityName=嘲风望月露娜拉 id=92 zone=PLAY zonePos=0 cardId=HERO_06bi player=2] tag=ARMOR value=1 
D 09:56:25.5670177 GameState.DebugPrintPower() -         TAG_CHANGE Entity=湫然#51704 tag=ARMOR_GAINED_THIS_GAME value=1 
D 09:56:25.5670177 GameState.DebugPrintPower() -         TAG_CHANGE Entity=湫然#51704 tag=2786 value=1 
D 09:56:25.5670177 GameState.DebugPrintPower() -         FULL_ENTITY - Creating ID=108 CardID=
D 09:56:25.5670177 GameState.DebugPrintPower() -             tag=ZONE value=SETASIDE
D 09:56:25.5670177 GameState.DebugPrintPower() -             tag=CONTROLLER value=2
D 09:56:25.5670177 GameState.DebugPrintPower() -             tag=ENTITY_ID value=108
D 09:56:25.5670177 GameState.DebugPrintPower() -         SHOW_ENTITY - Updating Entity=108 CardID=CS2_017o
D 09:56:25.5670177 GameState.DebugPrintPower() -             tag=CONTROLLER value=2
D 09:56:25.5670177 GameState.DebugPrintPower() -             tag=CARDTYPE value=ENCHANTMENT
D 09:56:25.5670177 GameState.DebugPrintPower() -             tag=TAG_SCRIPT_DATA_NUM_1 value=1
D 09:56:25.5670177 GameState.DebugPrintPower() -             tag=PREMIUM value=1
D 09:56:25.5670177 GameState.DebugPrintPower() -             tag=ATTACHED value=92
D 09:56:25.5670177 GameState.DebugPrintPower() -             tag=ZONE value=SETASIDE
D 09:56:25.5670177 GameState.DebugPrintPower() -             tag=ENTITY_ID value=108
D 09:56:25.5670177 GameState.DebugPrintPower() -             tag=CLASS value=DRUID
D 09:56:25.5670177 GameState.DebugPrintPower() -             tag=CREATOR value=93
D 09:56:25.5670177 GameState.DebugPrintPower() -             tag=TAG_ONE_TURN_EFFECT value=1
D 09:56:25.5670177 GameState.DebugPrintPower() -             tag=1037 value=2
D 09:56:25.5670177 GameState.DebugPrintPower() -             tag=1068 value=0
D 09:56:25.5670177 GameState.DebugPrintPower() -             tag=CREATOR_DBID value=66926
D 09:56:25.5670177 GameState.DebugPrintPower() -             tag=SPAWN_TIME_COUNT value=1
D 09:56:25.5670177 GameState.DebugPrintPower() -             tag=4901 value=0
D 09:56:25.5670177 GameState.DebugPrintPower() -         TAG_CHANGE Entity=[entityName=嘲风望月露娜拉 id=92 zone=PLAY zonePos=0 cardId=HERO_06bi player=2] tag=TAG_ONE_TURN_EFFECT value=1 
D 09:56:25.5670177 GameState.DebugPrintPower() -         TAG_CHANGE Entity=108 tag=1068 value=1 
D 09:56:25.5670177 GameState.DebugPrintPower() -         TAG_CHANGE Entity=108 tag=1068 value=0 
D 09:56:25.5670177 GameState.DebugPrintPower() -         TAG_CHANGE Entity=108 tag=ZONE value=PLAY 
D 09:56:25.5670177 GameState.DebugPrintPower() -         TAG_CHANGE Entity=[entityName=嘲风望月露娜拉 id=92 zone=PLAY zonePos=0 cardId=HERO_06bi player=2] tag=479 value=1 
D 09:56:25.5670177 GameState.DebugPrintPower() -         TAG_CHANGE Entity=[entityName=嘲风望月露娜拉 id=92 zone=PLAY zonePos=0 cardId=HERO_06bi player=2] tag=ATK value=1 
D 09:56:25.5670177 GameState.DebugPrintPower() -         TAG_CHANGE Entity=[entityName=嘲风望月露娜拉 id=92 zone=PLAY zonePos=0 cardId=HERO_06bi player=2] tag=4741 value=1 
D 09:56:25.5670177 GameState.DebugPrintPower() -         TAG_CHANGE Entity=[entityName=嘲风望月露娜拉 id=92 zone=PLAY zonePos=0 cardId=HERO_06bi player=2] tag=LAST_AFFECTED_BY value=93 
D 09:56:25.5670177 GameState.DebugPrintPower() -     BLOCK_END
D 09:56:25.5670177 GameState.DebugPrintPower() -     TAG_CHANGE Entity=湫然#51704 tag=HEROPOWER_ACTIVATIONS_THIS_TURN value=1 
D 09:56:25.5670177 GameState.DebugPrintPower() -     TAG_CHANGE Entity=湫然#51704 tag=1739 value=1 
D 09:56:25.5670177 GameState.DebugPrintPower() -     TAG_CHANGE Entity=湫然#51704 tag=NUM_TIMES_HERO_POWER_USED_THIS_GAME value=1 
D 09:56:25.5670177 GameState.DebugPrintPower() -     TAG_CHANGE Entity=[entityName=变形 id=93 zone=PLAY zonePos=0 cardId=HERO_06ebp player=2] tag=HEROPOWER_ACTIVATIONS_THIS_TURN value=1 
D 09:56:25.5670177 GameState.DebugPrintPower() -     TAG_CHANGE Entity=[entityName=变形 id=93 zone=PLAY zonePos=0 cardId=HERO_06ebp player=2] tag=EXHAUSTED value=1 
D 09:56:25.5670177 GameState.DebugPrintPower() -     TAG_CHANGE Entity=GameEntity tag=1323 value=2 
D 09:56:25.5670177 GameState.DebugPrintPower() -     TAG_CHANGE Entity=湫然#51704 tag=NUM_OPTIONS_PLAYED_THIS_TURN value=1 
D 09:56:25.5670177 GameState.DebugPrintPower() - BLOCK_END
D 09:56:25.5670177 GameState.DebugPrintPower() - META_DATA - Meta=SLUSH_TIME Data=1000 InfoCount=1
D 09:56:25.5670177 GameState.DebugPrintPower() -             Info[0] = [entityName=变形 id=93 zone=PLAY zonePos=0 cardId=HERO_06ebp player=2]
D 09:56:25.5670177 PowerTaskList.DebugDump() - ID=64 ParentID=0 PreviousID=0 TaskCount=4
D 09:56:25.5670177 PowerTaskList.DebugPrintPower() - BLOCK_START BlockType=PLAY Entity=[entityName=变形 id=93 zone=PLAY zonePos=0 cardId=HERO_06ebp player=2] EffectCardId=System.Collections.Generic.List`1[System.String] EffectIndex=0 Target=0 SubOption=-1 
D 09:56:25.5670177 PowerTaskList.DebugPrintPower() -     TAG_CHANGE Entity=湫然#51704 tag=2245 value=2 
D 09:56:25.5670177 PowerTaskList.DebugPrintPower() -     TAG_CHANGE Entity=湫然#51704 tag=RESOURCES_USED value=2 
D 09:56:25.5670177 PowerTaskList.DebugPrintPower() -     TAG_CHANGE Entity=湫然#51704 tag=NUM_RESOURCES_SPENT_THIS_GAME value=2 
D 09:56:25.5670177 PowerTaskList.DebugPrintPower() -     META_DATA - Meta=SLUSH_TIME Data=2000 InfoCount=1
D 09:56:25.5670177 PowerTaskList.DebugPrintPower() -                 Info[0] = [entityName=变形 id=93 zone=PLAY zonePos=0 cardId=HERO_06ebp player=2]
D 09:56:25.5670177 PowerTaskList.DebugDump() - Block End=(null)
D 09:56:25.5670177 PowerProcessor.PrepareHistoryForCurrentTaskList() - m_currentTaskList=64
D 09:56:25.5670177 PowerProcessor.DoTaskListForCard() - unhandled BlockType PLAY for sourceEntity [entityName=变形 id=93 zone=PLAY zonePos=0 cardId=HERO_06ebp player=2]
D 09:56:25.5670177 PowerProcessor.EndCurrentTaskList() - m_currentTaskList=64
D 09:56:25.5670177 PowerTaskList.DebugDump() - ID=65 ParentID=64 PreviousID=0 TaskCount=16
D 09:56:25.5670177 PowerTaskList.DebugPrintPower() - BLOCK_START BlockType=POWER Entity=[entityName=变形 id=93 zone=PLAY zonePos=0 cardId=HERO_06ebp player=2] EffectCardId=System.Collections.Generic.List`1[System.String] EffectIndex=0 Target=0 SubOption=-1 
D 09:56:25.5670177 PowerTaskList.DebugPrintPower() -     META_DATA - Meta=EFFECT_TIMING Data=0 InfoCount=1
D 09:56:25.5670177 PowerTaskList.DebugPrintPower() -                 Info[0] = [entityName=变形 id=93 zone=PLAY zonePos=0 cardId=HERO_06ebp player=2]
D 09:56:25.5670177 PowerTaskList.DebugPrintPower() -     TAG_CHANGE Entity=[entityName=嘲风望月露娜拉 id=92 zone=PLAY zonePos=0 cardId=HERO_06bi player=2] tag=3883 value=1 
D 09:56:25.5670177 PowerTaskList.DebugPrintPower() -     TAG_CHANGE Entity=[entityName=嘲风望月露娜拉 id=92 zone=PLAY zonePos=0 cardId=HERO_06bi player=2] tag=3883 value=0 
D 09:56:25.5670177 PowerTaskList.DebugPrintPower() -     TAG_CHANGE Entity=[entityName=嘲风望月露娜拉 id=92 zone=PLAY zonePos=0 cardId=HERO_06bi player=2] tag=ARMOR value=1 
D 09:56:25.5670177 PowerTaskList.DebugPrintPower() -     TAG_CHANGE Entity=湫然#51704 tag=ARMOR_GAINED_THIS_GAME value=1 
D 09:56:25.5670177 PowerTaskList.DebugPrintPower() -     TAG_CHANGE Entity=湫然#51704 tag=2786 value=1 
D 09:56:25.5670177 PowerTaskList.DebugPrintPower() -     FULL_ENTITY - Updating [entityName=UNKNOWN ENTITY [cardType=INVALID] id=108 zone=SETASIDE zonePos=0 cardId= player=2] CardID=
D 09:56:25.5670177 PowerTaskList.DebugPrintPower() -         tag=ZONE value=SETASIDE
D 09:56:25.5670177 PowerTaskList.DebugPrintPower() -         tag=CONTROLLER value=2
D 09:56:25.5670177 PowerTaskList.DebugPrintPower() -         tag=ENTITY_ID value=108
D 09:56:25.5670177 PowerTaskList.DebugPrintPower() -     SHOW_ENTITY - Updating Entity=[entityName=UNKNOWN ENTITY [cardType=INVALID] id=108 zone=SETASIDE zonePos=0 cardId= player=2] CardID=CS2_017o
D 09:56:25.5670177 PowerTaskList.DebugPrintPower() -         tag=CONTROLLER value=2
D 09:56:25.5670177 PowerTaskList.DebugPrintPower() -         tag=CARDTYPE value=ENCHANTMENT
D 09:56:25.5670177 PowerTaskList.DebugPrintPower() -         tag=TAG_SCRIPT_DATA_NUM_1 value=1
D 09:56:25.5670177 PowerTaskList.DebugPrintPower() -         tag=PREMIUM value=1
D 09:56:25.5670177 PowerTaskList.DebugPrintPower() -         tag=ATTACHED value=92
D 09:56:25.5670177 PowerTaskList.DebugPrintPower() -         tag=ZONE value=SETASIDE
D 09:56:25.5670177 PowerTaskList.DebugPrintPower() -         tag=ENTITY_ID value=108
D 09:56:25.5670177 PowerTaskList.DebugPrintPower() -         tag=CLASS value=DRUID
D 09:56:25.5670177 PowerTaskList.DebugPrintPower() -         tag=CREATOR value=93
D 09:56:25.5670177 PowerTaskList.DebugPrintPower() -         tag=TAG_ONE_TURN_EFFECT value=1
D 09:56:25.5670177 PowerTaskList.DebugPrintPower() -         tag=1037 value=2
D 09:56:25.5670177 PowerTaskList.DebugPrintPower() -         tag=1068 value=0
D 09:56:25.5670177 PowerTaskList.DebugPrintPower() -         tag=CREATOR_DBID value=66926
D 09:56:25.5670177 PowerTaskList.DebugPrintPower() -         tag=SPAWN_TIME_COUNT value=1
D 09:56:25.5670177 PowerTaskList.DebugPrintPower() -         tag=4901 value=0
D 09:56:25.5670177 PowerTaskList.DebugPrintPower() -     TAG_CHANGE Entity=[entityName=嘲风望月露娜拉 id=92 zone=PLAY zonePos=0 cardId=HERO_06bi player=2] tag=TAG_ONE_TURN_EFFECT value=1 
D 09:56:25.5670177 PowerTaskList.DebugPrintPower() -     TAG_CHANGE Entity=[entityName=UNKNOWN ENTITY [cardType=INVALID] id=108 zone=SETASIDE zonePos=0 cardId= player=2] tag=1068 value=1 
D 09:56:25.5670177 PowerTaskList.DebugPrintPower() -     TAG_CHANGE Entity=[entityName=UNKNOWN ENTITY [cardType=INVALID] id=108 zone=SETASIDE zonePos=0 cardId= player=2] tag=1068 value=0 
D 09:56:25.5670177 PowerTaskList.DebugPrintPower() -     TAG_CHANGE Entity=[entityName=UNKNOWN ENTITY [cardType=INVALID] id=108 zone=SETASIDE zonePos=0 cardId= player=2] tag=ZONE value=PLAY 
D 09:56:25.5670177 PowerTaskList.DebugPrintPower() -     TAG_CHANGE Entity=[entityName=嘲风望月露娜拉 id=92 zone=PLAY zonePos=0 cardId=HERO_06bi player=2] tag=479 value=1 
D 09:56:25.5670177 PowerTaskList.DebugPrintPower() -     TAG_CHANGE Entity=[entityName=嘲风望月露娜拉 id=92 zone=PLAY zonePos=0 cardId=HERO_06bi player=2] tag=ATK value=1 
D 09:56:25.5670177 PowerTaskList.DebugPrintPower() -     TAG_CHANGE Entity=[entityName=嘲风望月露娜拉 id=92 zone=PLAY zonePos=0 cardId=HERO_06bi player=2] tag=4741 value=1 
D 09:56:25.5670177 PowerTaskList.DebugPrintPower() -     TAG_CHANGE Entity=[entityName=嘲风望月露娜拉 id=92 zone=PLAY zonePos=0 cardId=HERO_06bi player=2] tag=LAST_AFFECTED_BY value=93 
D 09:56:25.5670177 PowerTaskList.DebugPrintPower() - BLOCK_END
D 09:56:25.5670177 PowerProcessor.PrepareHistoryForCurrentTaskList() - m_currentTaskList=65
D 09:56:25.5748290 GameState.DebugPrintOptions() - id=5
D 09:56:25.5748290 GameState.DebugPrintOptions() -   option 0 type=END_TURN mainEntity= error=INVALID errorParam=
D 09:56:25.5748290 GameState.DebugPrintOptions() -   option 1 type=POWER mainEntity=[entityName=雷霆绽放 id=78 zone=HAND zonePos=2 cardId=SCH_427 player=2] error=NONE errorParam=
D 09:56:25.5748290 GameState.DebugPrintOptions() -   option 2 type=POWER mainEntity=[entityName=嘲风望月露娜拉 id=92 zone=PLAY zonePos=0 cardId=HERO_06bi player=2] error=NONE errorParam=
D 09:56:25.5748290 GameState.DebugPrintOptions() -     target 0 entity=[entityName=雷克萨 id=90 zone=PLAY zonePos=0 cardId=HERO_05 player=1] error=NONE errorParam=
D 09:56:25.5748290 GameState.DebugPrintOptions() -     target 1 entity=[entityName=奇迹推销员 id=4 zone=PLAY zonePos=1 cardId=WW_331 player=1] error=NONE errorParam=
D 09:56:25.5748290 GameState.DebugPrintOptions() -     target 2 entity=[entityName=嘲风望月露娜拉 id=92 zone=PLAY zonePos=0 cardId=HERO_06bi player=2] error=REQ_ENEMY_TARGET errorParam=
D 09:56:25.5748290 GameState.DebugPrintOptions() -   option 3 type=POWER mainEntity=[entityName=黑市拍卖师 id=51 zone=HAND zonePos=1 cardId=JAIL_718 player=2] error=REQ_ENOUGH_MANA errorParam=
D 09:56:25.5748290 GameState.DebugPrintOptions() -   option 4 type=POWER mainEntity=[entityName=黑市拍卖师 id=51 zone=HAND zonePos=1 cardId=JAIL_718 player=2] error=REQ_ENOUGH_MANA errorParam=
D 09:56:25.5748290 GameState.DebugPrintOptions() -   option 5 type=POWER mainEntity=[entityName=活体根须 id=56 zone=HAND zonePos=3 cardId=CORE_AT_037 player=2] error=REQ_ENOUGH_MANA errorParam=
D 09:56:25.5748290 GameState.DebugPrintOptions() -   option 6 type=POWER mainEntity=[entityName=月光射线 id=60 zone=HAND zonePos=4 cardId=TID_001 player=2] error=REQ_ENOUGH_MANA errorParam=
D 09:56:25.5748290 GameState.DebugPrintOptions() -   option 7 type=POWER mainEntity=[entityName=黑市拍卖师 id=75 zone=HAND zonePos=5 cardId=JAIL_718 player=2] error=REQ_ENOUGH_MANA errorParam=
D 09:56:25.5748290 GameState.DebugPrintOptions() -   option 8 type=POWER mainEntity=[entityName=黑市拍卖师 id=75 zone=HAND zonePos=5 cardId=JAIL_718 player=2] error=REQ_ENOUGH_MANA errorParam=
D 09:56:25.5748290 GameState.DebugPrintOptions() -   option 9 type=POWER mainEntity=[entityName=雷克萨 id=90 zone=PLAY zonePos=0 cardId=HERO_05 player=1] error=REQ_YOUR_TURN errorParam=
D 09:56:25.5748290 GameState.DebugPrintOptions() -   option 10 type=POWER mainEntity=[entityName=稳固射击 id=91 zone=PLAY zonePos=0 cardId=HERO_05bp player=1] error=REQ_YOUR_TURN errorParam=
D 09:56:25.5748290 GameState.DebugPrintOptions() -   option 11 type=POWER mainEntity=[entityName=变形 id=93 zone=PLAY zonePos=0 cardId=HERO_06ebp player=2] error=REQ_NOT_EXHAUSTED_HERO_POWER errorParam=
D 09:56:25.5748290 GameState.DebugPrintOptions() -   option 12 type=POWER mainEntity=[entityName=奇迹推销员 id=4 zone=PLAY zonePos=1 cardId=WW_331 player=1] error=REQ_YOUR_TURN errorParam=
D 09:56:25.8761062 PowerProcessor.EndCurrentTaskList() - m_currentTaskList=65
D 09:56:26.6951015 GameState.SendOption() - selectedOption=2 selectedSubOption=-1 selectedTarget=90 selectedPosition=0
D 09:56:27.0143266 PowerTaskList.DebugDump() - ID=66 ParentID=0 PreviousID=64 TaskCount=7
D 09:56:27.0143266 PowerTaskList.DebugDump() - Block Start=(null)
D 09:56:27.0143266 PowerTaskList.DebugPrintPower() -     TAG_CHANGE Entity=湫然#51704 tag=HEROPOWER_ACTIVATIONS_THIS_TURN value=1 
D 09:56:27.0143266 PowerTaskList.DebugPrintPower() -     TAG_CHANGE Entity=湫然#51704 tag=1739 value=1 
D 09:56:27.0143266 PowerTaskList.DebugPrintPower() -     TAG_CHANGE Entity=湫然#51704 tag=NUM_TIMES_HERO_POWER_USED_THIS_GAME value=1 
D 09:56:27.0143266 PowerTaskList.DebugPrintPower() -     TAG_CHANGE Entity=[entityName=变形 id=93 zone=PLAY zonePos=0 cardId=HERO_06ebp player=2] tag=HEROPOWER_ACTIVATIONS_THIS_TURN value=1 
D 09:56:27.0143266 PowerTaskList.DebugPrintPower() -     TAG_CHANGE Entity=[entityName=变形 id=93 zone=PLAY zonePos=0 cardId=HERO_06ebp player=2] tag=EXHAUSTED value=1 
D 09:56:27.0143266 PowerTaskList.DebugPrintPower() -     TAG_CHANGE Entity=GameEntity tag=1323 value=2 
D 09:56:27.0143266 PowerTaskList.DebugPrintPower() -     TAG_CHANGE Entity=湫然#51704 tag=NUM_OPTIONS_PLAYED_THIS_TURN value=1 
D 09:56:27.0143266 PowerTaskList.DebugPrintPower() - BLOCK_END
D 09:56:27.0143266 PowerProcessor.PrepareHistoryForCurrentTaskList() - m_currentTaskList=66
D 09:56:27.0143266 PowerProcessor.DoTaskListForCard() - unhandled BlockType PLAY for sourceEntity [entityName=变形 id=93 zone=PLAY zonePos=0 cardId=HERO_06ebp player=2]
D 09:56:27.0143266 PowerProcessor.EndCurrentTaskList() - m_currentTaskList=66
D 09:56:27.0143266 PowerTaskList.DebugDump() - ID=67 ParentID=0 PreviousID=0 TaskCount=1
D 09:56:27.0143266 PowerTaskList.DebugDump() - Block Start=(null)
D 09:56:27.0143266 PowerTaskList.DebugPrintPower() -     META_DATA - Meta=SLUSH_TIME Data=1000 InfoCount=1
D 09:56:27.0143266 PowerTaskList.DebugPrintPower() -                 Info[0] = [entityName=变形 id=93 zone=PLAY zonePos=0 cardId=HERO_06ebp player=2]
D 09:56:27.0143266 PowerTaskList.DebugDump() - Block End=(null)
D 09:56:27.0143266 PowerProcessor.PrepareHistoryForCurrentTaskList() - m_currentTaskList=67
D 09:56:27.0143266 PowerProcessor.EndCurrentTaskList() - m_currentTaskList=67
D 09:56:27.0699577 GameState.DebugPrintPowerList() - Count=42
D 09:56:27.0699577 GameState.DebugPrintPower() - TAG_CHANGE Entity=[entityName=嘲风望月露娜拉 id=92 zone=PLAY zonePos=0 cardId=HERO_06bi player=2] tag=CARD_TARGET value=90 
D 09:56:27.0699577 GameState.DebugPrintPower() - BLOCK_START BlockType=ATTACK Entity=[entityName=嘲风望月露娜拉 id=92 zone=PLAY zonePos=0 cardId=HERO_06bi player=2] EffectCardId=System.Collections.Generic.List`1[System.String] EffectIndex=0 Target=[entityName=雷克萨 id=90 zone=PLAY zonePos=0 cardId=HERO_05 player=1] SubOption=-1 
D 09:56:27.0699577 GameState.DebugPrintPower() -     TAG_CHANGE Entity=[entityName=嘲风望月露娜拉 id=92 zone=PLAY zonePos=0 cardId=HERO_06bi player=2] tag=1715 value=92 
D 09:56:27.0699577 GameState.DebugPrintPower() -     TAG_CHANGE Entity=[entityName=雷克萨 id=90 zone=PLAY zonePos=0 cardId=HERO_05 player=1] tag=1715 value=92 
D 09:56:27.0699577 GameState.DebugPrintPower() -     TAG_CHANGE Entity=GameEntity tag=PROPOSED_ATTACKER value=92 
D 09:56:27.0699577 GameState.DebugPrintPower() -     TAG_CHANGE Entity=GameEntity tag=PROPOSED_DEFENDER value=90 
D 09:56:27.0699577 GameState.DebugPrintPower() -     TAG_CHANGE Entity=[entityName=嘲风望月露娜拉 id=92 zone=PLAY zonePos=0 cardId=HERO_06bi player=2] tag=ATTACKING value=1 
D 09:56:27.0699577 GameState.DebugPrintPower() -     META_DATA - Meta=SLUSH_TIME Data=1200 InfoCount=1
D 09:56:27.0699577 GameState.DebugPrintPower() -                 Info[0] = [entityName=嘲风望月露娜拉 id=92 zone=PLAY zonePos=0 cardId=HERO_06bi player=2]
D 09:56:27.0699577 GameState.DebugPrintPower() -     TAG_CHANGE Entity=[entityName=雷克萨 id=90 zone=PLAY zonePos=0 cardId=HERO_05 player=1] tag=DEFENDING value=1 
D 09:56:27.0699577 GameState.DebugPrintPower() -     TAG_CHANGE Entity=[entityName=嘲风望月露娜拉 id=92 zone=PLAY zonePos=0 cardId=HERO_06bi player=2] tag=NUM_ATTACKS_THIS_TURN value=1 
D 09:56:27.0699577 GameState.DebugPrintPower() -     TAG_CHANGE Entity=[entityName=嘲风望月露娜拉 id=92 zone=PLAY zonePos=0 cardId=HERO_06bi player=2] tag=4163 value=1 
D 09:56:27.0699577 GameState.DebugPrintPower() -     TAG_CHANGE Entity=[entityName=嘲风望月露娜拉 id=92 zone=PLAY zonePos=0 cardId=HERO_06bi player=2] tag=EXHAUSTED value=1 
D 09:56:27.0699577 GameState.DebugPrintPower() -     TAG_CHANGE Entity=[entityName=雷克萨 id=90 zone=PLAY zonePos=0 cardId=HERO_05 player=1] tag=2187 value=92 
D 09:56:27.0699577 GameState.DebugPrintPower() -     TAG_CHANGE Entity=[entityName=雷克萨 id=90 zone=PLAY zonePos=0 cardId=HERO_05 player=1] tag=PREDAMAGE value=1 
D 09:56:27.0699577 GameState.DebugPrintPower() -     TAG_CHANGE Entity=[entityName=雷克萨 id=90 zone=PLAY zonePos=0 cardId=HERO_05 player=1] tag=1173 value=90 
D 09:56:27.0699577 GameState.DebugPrintPower() -     TAG_CHANGE Entity=[entityName=雷克萨 id=90 zone=PLAY zonePos=0 cardId=HERO_05 player=1] tag=2187 value=0 
D 09:56:27.0699577 GameState.DebugPrintPower() -     TAG_CHANGE Entity=[entityName=雷克萨 id=90 zone=PLAY zonePos=0 cardId=HERO_05 player=1] tag=PREDAMAGE value=0 
D 09:56:27.0699577 GameState.DebugPrintPower() -     TAG_CHANGE Entity=[entityName=雷克萨 id=90 zone=PLAY zonePos=0 cardId=HERO_05 player=1] tag=1173 value=0 
D 09:56:27.0699577 GameState.DebugPrintPower() -     TAG_CHANGE Entity=湫然#51704 tag=2335 value=1 
D 09:56:27.0699577 GameState.DebugPrintPower() -     TAG_CHANGE Entity=[entityName=雷克萨 id=90 zone=PLAY zonePos=0 cardId=HERO_05 player=1] tag=PREDAMAGE value=1 
D 09:56:27.0699577 GameState.DebugPrintPower() -     TAG_CHANGE Entity=[entityName=雷克萨 id=90 zone=PLAY zonePos=0 cardId=HERO_05 player=1] tag=PREDAMAGE value=0 
D 09:56:27.0699577 GameState.DebugPrintPower() -     META_DATA - Meta=DAMAGE Data=1 InfoCount=1
D 09:56:27.0699577 GameState.DebugPrintPower() -                 Info[0] = [entityName=雷克萨 id=90 zone=PLAY zonePos=0 cardId=HERO_05 player=1]
D 09:56:27.0699577 GameState.DebugPrintPower() -     TAG_CHANGE Entity=[entityName=雷克萨 id=90 zone=PLAY zonePos=0 cardId=HERO_05 player=1] tag=4741 value=2 
D 09:56:27.0699577 GameState.DebugPrintPower() -     TAG_CHANGE Entity=[entityName=雷克萨 id=90 zone=PLAY zonePos=0 cardId=HERO_05 player=1] tag=LAST_AFFECTED_BY value=92 
D 09:56:27.0699577 GameState.DebugPrintPower() -     TAG_CHANGE Entity=[entityName=雷克萨 id=90 zone=PLAY zonePos=0 cardId=HERO_05 player=1] tag=DAMAGE value=1 
D 09:56:27.0699577 GameState.DebugPrintPower() -     TAG_CHANGE Entity=拯救网瘾对手#5318 tag=464 value=1 
D 09:56:27.0699577 GameState.DebugPrintPower() -     TAG_CHANGE Entity=拯救网瘾对手#5318 tag=1853 value=1 
D 09:56:27.0699577 GameState.DebugPrintPower() -     TAG_CHANGE Entity=拯救网瘾对手#5318 tag=4453 value=1 
D 09:56:27.0699577 GameState.DebugPrintPower() -     TAG_CHANGE Entity=拯救网瘾对手#5318 tag=DAMAGE_DEALT_TO_HERO_LAST_TURN value=1 
D 09:56:27.0699577 GameState.DebugPrintPower() -     TAG_CHANGE Entity=拯救网瘾对手#5318 tag=1575 value=1 
D 09:56:27.0699577 GameState.DebugPrintPower() -     TAG_CHANGE Entity=GameEntity tag=1710 value=1 
D 09:56:27.0699577 GameState.DebugPrintPower() -     TAG_CHANGE Entity=GameEntity tag=1710 value=0 
D 09:56:27.0699577 GameState.DebugPrintPower() -     TAG_CHANGE Entity=GameEntity tag=PROPOSED_ATTACKER value=0 
D 09:56:27.0699577 GameState.DebugPrintPower() -     TAG_CHANGE Entity=GameEntity tag=PROPOSED_DEFENDER value=0 
D 09:56:27.0699577 GameState.DebugPrintPower() -     TAG_CHANGE Entity=[entityName=嘲风望月露娜拉 id=92 zone=PLAY zonePos=0 cardId=HERO_06bi player=2] tag=ATTACKING value=0 
D 09:56:27.0699577 GameState.DebugPrintPower() -     TAG_CHANGE Entity=[entityName=雷克萨 id=90 zone=PLAY zonePos=0 cardId=HERO_05 player=1] tag=DEFENDING value=0 
D 09:56:27.0699577 GameState.DebugPrintPower() - BLOCK_END
D 09:56:27.0699577 GameState.DebugPrintPower() - BLOCK_START BlockType=TRIGGER Entity=湫然#51704 EffectCardId=System.Collections.Generic.List`1[System.String] EffectIndex=-1 Target=0 SubOption=-1 TriggerKeyword=TAG_NOT_SET
D 09:56:27.0699577 GameState.DebugPrintPower() - BLOCK_END
D 09:56:27.0699577 GameState.DebugPrintPower() - TAG_CHANGE Entity=GameEntity tag=1323 value=3 
D 09:56:27.0699577 GameState.DebugPrintPower() - TAG_CHANGE Entity=湫然#51704 tag=NUM_OPTIONS_PLAYED_THIS_TURN value=2 
D 09:56:27.0699577 GameState.DebugPrintPower() - META_DATA - Meta=SLUSH_TIME Data=1000 InfoCount=1
D 09:56:27.0699577 GameState.DebugPrintPower() -             Info[0] = [entityName=嘲风望月露娜拉 id=92 zone=PLAY zonePos=0 cardId=HERO_06bi player=2]
D 09:56:27.0699577 PowerTaskList.DebugDump() - ID=68 ParentID=0 PreviousID=0 TaskCount=1
D 09:56:27.0699577 PowerTaskList.DebugDump() - Block Start=(null)
D 09:56:27.0699577 PowerTaskList.DebugPrintPower() -     TAG_CHANGE Entity=[entityName=嘲风望月露娜拉 id=92 zone=PLAY zonePos=0 cardId=HERO_06bi player=2] tag=CARD_TARGET value=90 
D 09:56:27.0699577 PowerTaskList.DebugDump() - Block End=(null)
D 09:56:27.0699577 PowerProcessor.PrepareHistoryForCurrentTaskList() - m_currentTaskList=68
D 09:56:27.0699577 PowerProcessor.EndCurrentTaskList() - m_currentTaskList=68
D 09:56:27.0699577 PowerTaskList.DebugDump() - ID=69 ParentID=68 PreviousID=0 TaskCount=34
D 09:56:27.0699577 PowerTaskList.DebugPrintPower() - BLOCK_START BlockType=ATTACK Entity=[entityName=嘲风望月露娜拉 id=92 zone=PLAY zonePos=0 cardId=HERO_06bi player=2] EffectCardId=System.Collections.Generic.List`1[System.String] EffectIndex=0 Target=[entityName=雷克萨 id=90 zone=PLAY zonePos=0 cardId=HERO_05 player=1] SubOption=-1 
D 09:56:27.0699577 PowerTaskList.DebugPrintPower() -     TAG_CHANGE Entity=[entityName=嘲风望月露娜拉 id=92 zone=PLAY zonePos=0 cardId=HERO_06bi player=2] tag=1715 value=92 
D 09:56:27.0699577 PowerTaskList.DebugPrintPower() -     TAG_CHANGE Entity=[entityName=雷克萨 id=90 zone=PLAY zonePos=0 cardId=HERO_05 player=1] tag=1715 value=92 
D 09:56:27.0699577 PowerTaskList.DebugPrintPower() -     TAG_CHANGE Entity=GameEntity tag=PROPOSED_ATTACKER value=92 
D 09:56:27.0699577 PowerTaskList.DebugPrintPower() -     TAG_CHANGE Entity=GameEntity tag=PROPOSED_DEFENDER value=90 
D 09:56:27.0699577 PowerTaskList.DebugPrintPower() -     TAG_CHANGE Entity=[entityName=嘲风望月露娜拉 id=92 zone=PLAY zonePos=0 cardId=HERO_06bi player=2] tag=ATTACKING value=1 
D 09:56:27.0699577 PowerTaskList.DebugPrintPower() -     META_DATA - Meta=SLUSH_TIME Data=1200 InfoCount=1
D 09:56:27.0699577 PowerTaskList.DebugPrintPower() -                 Info[0] = [entityName=嘲风望月露娜拉 id=92 zone=PLAY zonePos=0 cardId=HERO_06bi player=2]
D 09:56:27.0699577 PowerTaskList.DebugPrintPower() -     TAG_CHANGE Entity=[entityName=雷克萨 id=90 zone=PLAY zonePos=0 cardId=HERO_05 player=1] tag=DEFENDING value=1 
D 09:56:27.0699577 PowerTaskList.DebugPrintPower() -     TAG_CHANGE Entity=[entityName=嘲风望月露娜拉 id=92 zone=PLAY zonePos=0 cardId=HERO_06bi player=2] tag=NUM_ATTACKS_THIS_TURN value=1 
D 09:56:27.0699577 PowerTaskList.DebugPrintPower() -     TAG_CHANGE Entity=[entityName=嘲风望月露娜拉 id=92 zone=PLAY zonePos=0 cardId=HERO_06bi player=2] tag=4163 value=1 
D 09:56:27.0699577 PowerTaskList.DebugPrintPower() -     TAG_CHANGE Entity=[entityName=嘲风望月露娜拉 id=92 zone=PLAY zonePos=0 cardId=HERO_06bi player=2] tag=EXHAUSTED value=1 
D 09:56:27.0699577 PowerTaskList.DebugPrintPower() -     TAG_CHANGE Entity=[entityName=雷克萨 id=90 zone=PLAY zonePos=0 cardId=HERO_05 player=1] tag=2187 value=92 
D 09:56:27.0699577 PowerTaskList.DebugPrintPower() -     TAG_CHANGE Entity=[entityName=雷克萨 id=90 zone=PLAY zonePos=0 cardId=HERO_05 player=1] tag=PREDAMAGE value=1 
D 09:56:27.0699577 PowerTaskList.DebugPrintPower() -     TAG_CHANGE Entity=[entityName=雷克萨 id=90 zone=PLAY zonePos=0 cardId=HERO_05 player=1] tag=1173 value=90 
D 09:56:27.0699577 PowerTaskList.DebugPrintPower() -     TAG_CHANGE Entity=[entityName=雷克萨 id=90 zone=PLAY zonePos=0 cardId=HERO_05 player=1] tag=2187 value=0 
D 09:56:27.0699577 PowerTaskList.DebugPrintPower() -     TAG_CHANGE Entity=[entityName=雷克萨 id=90 zone=PLAY zonePos=0 cardId=HERO_05 player=1] tag=PREDAMAGE value=0 
D 09:56:27.0699577 PowerTaskList.DebugPrintPower() -     TAG_CHANGE Entity=[entityName=雷克萨 id=90 zone=PLAY zonePos=0 cardId=HERO_05 player=1] tag=1173 value=0 
D 09:56:27.0699577 PowerTaskList.DebugPrintPower() -     TAG_CHANGE Entity=湫然#51704 tag=2335 value=1 
D 09:56:27.0699577 PowerTaskList.DebugPrintPower() -     TAG_CHANGE Entity=[entityName=雷克萨 id=90 zone=PLAY zonePos=0 cardId=HERO_05 player=1] tag=PREDAMAGE value=1 
D 09:56:27.0699577 PowerTaskList.DebugPrintPower() -     TAG_CHANGE Entity=[entityName=雷克萨 id=90 zone=PLAY zonePos=0 cardId=HERO_05 player=1] tag=PREDAMAGE value=0 
D 09:56:27.0699577 PowerTaskList.DebugPrintPower() -     META_DATA - Meta=DAMAGE Data=1 InfoCount=1
D 09:56:27.0699577 PowerTaskList.DebugPrintPower() -                 Info[0] = [entityName=雷克萨 id=90 zone=PLAY zonePos=0 cardId=HERO_05 player=1]
D 09:56:27.0699577 PowerTaskList.DebugPrintPower() -     TAG_CHANGE Entity=[entityName=雷克萨 id=90 zone=PLAY zonePos=0 cardId=HERO_05 player=1] tag=4741 value=2 
D 09:56:27.0699577 PowerTaskList.DebugPrintPower() -     TAG_CHANGE Entity=[entityName=雷克萨 id=90 zone=PLAY zonePos=0 cardId=HERO_05 player=1] tag=LAST_AFFECTED_BY value=92 
D 09:56:27.0699577 PowerTaskList.DebugPrintPower() -     TAG_CHANGE Entity=[entityName=雷克萨 id=90 zone=PLAY zonePos=0 cardId=HERO_05 player=1] tag=DAMAGE value=1 
D 09:56:27.0699577 PowerTaskList.DebugPrintPower() -     TAG_CHANGE Entity=拯救网瘾对手#5318 tag=464 value=1 
D 09:56:27.0699577 PowerTaskList.DebugPrintPower() -     TAG_CHANGE Entity=拯救网瘾对手#5318 tag=1853 value=1 
D 09:56:27.0699577 PowerTaskList.DebugPrintPower() -     TAG_CHANGE Entity=拯救网瘾对手#5318 tag=4453 value=1 
D 09:56:27.0699577 PowerTaskList.DebugPrintPower() -     TAG_CHANGE Entity=拯救网瘾对手#5318 tag=DAMAGE_DEALT_TO_HERO_LAST_TURN value=1 
D 09:56:27.0699577 PowerTaskList.DebugPrintPower() -     TAG_CHANGE Entity=拯救网瘾对手#5318 tag=1575 value=1 
D 09:56:27.0699577 PowerTaskList.DebugPrintPower() -     TAG_CHANGE Entity=GameEntity tag=1710 value=1 
D 09:56:27.0699577 PowerTaskList.DebugPrintPower() -     TAG_CHANGE Entity=GameEntity tag=1710 value=0 
D 09:56:27.0699577 PowerTaskList.DebugPrintPower() -     TAG_CHANGE Entity=GameEntity tag=PROPOSED_ATTACKER value=0 
D 09:56:27.0699577 PowerTaskList.DebugPrintPower() -     TAG_CHANGE Entity=GameEntity tag=PROPOSED_DEFENDER value=0 
D 09:56:27.0699577 PowerTaskList.DebugPrintPower() -     TAG_CHANGE Entity=[entityName=嘲风望月露娜拉 id=92 zone=PLAY zonePos=0 cardId=HERO_06bi player=2] tag=ATTACKING value=0 
D 09:56:27.0699577 PowerTaskList.DebugPrintPower() -     TAG_CHANGE Entity=[entityName=雷克萨 id=90 zone=PLAY zonePos=0 cardId=HERO_05 player=1] tag=DEFENDING value=0 
D 09:56:27.0699577 PowerTaskList.DebugPrintPower() - BLOCK_END
D 09:56:27.0699577 PowerProcessor.PrepareHistoryForCurrentTaskList() - m_currentTaskList=69
D 09:56:27.0807458 GameState.DebugPrintOptions() - id=6
D 09:56:27.0807458 GameState.DebugPrintOptions() -   option 0 type=END_TURN mainEntity= error=INVALID errorParam=
D 09:56:27.0807458 GameState.DebugPrintOptions() -   option 1 type=POWER mainEntity=[entityName=雷霆绽放 id=78 zone=HAND zonePos=2 cardId=SCH_427 player=2] error=NONE errorParam=
D 09:56:27.0807458 GameState.DebugPrintOptions() -   option 2 type=POWER mainEntity=[entityName=黑市拍卖师 id=51 zone=HAND zonePos=1 cardId=JAIL_718 player=2] error=REQ_ENOUGH_MANA errorParam=
D 09:56:27.0807458 GameState.DebugPrintOptions() -   option 3 type=POWER mainEntity=[entityName=黑市拍卖师 id=51 zone=HAND zonePos=1 cardId=JAIL_718 player=2] error=REQ_ENOUGH_MANA errorParam=
D 09:56:27.0807458 GameState.DebugPrintOptions() -   option 4 type=POWER mainEntity=[entityName=活体根须 id=56 zone=HAND zonePos=3 cardId=CORE_AT_037 player=2] error=REQ_ENOUGH_MANA errorParam=
D 09:56:27.0807458 GameState.DebugPrintOptions() -   option 5 type=POWER mainEntity=[entityName=月光射线 id=60 zone=HAND zonePos=4 cardId=TID_001 player=2] error=REQ_ENOUGH_MANA errorParam=
D 09:56:27.0807458 GameState.DebugPrintOptions() -   option 6 type=POWER mainEntity=[entityName=黑市拍卖师 id=75 zone=HAND zonePos=5 cardId=JAIL_718 player=2] error=REQ_ENOUGH_MANA errorParam=
D 09:56:27.0807458 GameState.DebugPrintOptions() -   option 7 type=POWER mainEntity=[entityName=黑市拍卖师 id=75 zone=HAND zonePos=5 cardId=JAIL_718 player=2] error=REQ_ENOUGH_MANA errorParam=
D 09:56:27.0807458 GameState.DebugPrintOptions() -   option 8 type=POWER mainEntity=[entityName=雷克萨 id=90 zone=PLAY zonePos=0 cardId=HERO_05 player=1] error=REQ_YOUR_TURN errorParam=
D 09:56:27.0807458 GameState.DebugPrintOptions() -   option 9 type=POWER mainEntity=[entityName=稳固射击 id=91 zone=PLAY zonePos=0 cardId=HERO_05bp player=1] error=REQ_YOUR_TURN errorParam=
D 09:56:27.0807458 GameState.DebugPrintOptions() -   option 10 type=POWER mainEntity=[entityName=嘲风望月露娜拉 id=92 zone=PLAY zonePos=0 cardId=HERO_06bi player=2] error=REQ_NOT_EXHAUSTED_ACTIVATE errorParam=
D 09:56:27.0807458 GameState.DebugPrintOptions() -   option 11 type=POWER mainEntity=[entityName=变形 id=93 zone=PLAY zonePos=0 cardId=HERO_06ebp player=2] error=REQ_NOT_EXHAUSTED_HERO_POWER errorParam=
D 09:56:27.0807458 GameState.DebugPrintOptions() -   option 12 type=POWER mainEntity=[entityName=奇迹推销员 id=4 zone=PLAY zonePos=1 cardId=WW_331 player=1] error=REQ_YOUR_TURN errorParam=
D 09:56:28.0791519 PowerProcessor.EndCurrentTaskList() - m_currentTaskList=69
D 09:56:28.0791519 PowerTaskList.DebugDump() - ID=70 ParentID=0 PreviousID=0 TaskCount=0
D 09:56:28.0791519 PowerTaskList.DebugPrintPower() - BLOCK_START BlockType=TRIGGER Entity=湫然#51704 EffectCardId=System.Collections.Generic.List`1[System.String] EffectIndex=-1 Target=0 SubOption=-1 TriggerKeyword=TAG_NOT_SET
D 09:56:28.0791519 PowerTaskList.DebugPrintPower() - BLOCK_END
D 09:56:28.0791519 PowerProcessor.PrepareHistoryForCurrentTaskList() - m_currentTaskList=70
D 09:56:28.0791519 PowerProcessor.EndCurrentTaskList() - m_currentTaskList=70
D 09:56:28.0791519 PowerTaskList.DebugDump() - ID=71 ParentID=0 PreviousID=0 TaskCount=3
D 09:56:28.0791519 PowerTaskList.DebugDump() - Block Start=(null)
D 09:56:28.0791519 PowerTaskList.DebugPrintPower() -     TAG_CHANGE Entity=GameEntity tag=1323 value=3 
D 09:56:28.0791519 PowerTaskList.DebugPrintPower() -     TAG_CHANGE Entity=湫然#51704 tag=NUM_OPTIONS_PLAYED_THIS_TURN value=2 
D 09:56:28.0791519 PowerTaskList.DebugPrintPower() -     META_DATA - Meta=SLUSH_TIME Data=1000 InfoCount=1
D 09:56:28.0791519 PowerTaskList.DebugPrintPower() -                 Info[0] = [entityName=嘲风望月露娜拉 id=92 zone=PLAY zonePos=0 cardId=HERO_06bi player=2]
D 09:56:28.0791519 PowerTaskList.DebugDump() - Block End=(null)
D 09:56:28.0791519 PowerProcessor.PrepareHistoryForCurrentTaskList() - m_currentTaskList=71
D 09:56:28.0791519 PowerProcessor.EndCurrentTaskList() - m_currentTaskList=71
D 09:56:29.0785819 GameState.SendOption() - selectedOption=0 selectedSubOption=-1 selectedTarget=0 selectedPosition=0
D 09:56:29.9474571 GameState.DebugPrintPowerList() - Count=90
D 09:56:29.9474571 GameState.DebugPrintPower() - TAG_CHANGE Entity=GameEntity tag=STEP value=MAIN_END 
D 09:56:29.9474571 GameState.DebugPrintPower() - BLOCK_START BlockType=TRIGGER Entity=拯救网瘾对手#5318 EffectCardId=System.Collections.Generic.List`1[System.String] EffectIndex=-1 Target=0 SubOption=-1 TriggerKeyword=TAG_NOT_SET
D 09:56:29.9474571 GameState.DebugPrintPower() - BLOCK_END
D 09:56:29.9474571 GameState.DebugPrintPower() - BLOCK_START BlockType=TRIGGER Entity=湫然#51704 EffectCardId=System.Collections.Generic.List`1[System.String] EffectIndex=-1 Target=0 SubOption=-1 TriggerKeyword=TAG_NOT_SET
D 09:56:29.9474571 GameState.DebugPrintPower() -     TAG_CHANGE Entity=GameEntity tag=NEXT_STEP value=MAIN_CLEANUP 
D 09:56:29.9474571 GameState.DebugPrintPower() - BLOCK_END
D 09:56:29.9474571 GameState.DebugPrintPower() - BLOCK_START BlockType=TRIGGER Entity=湫然#51704 EffectCardId=System.Collections.Generic.List`1[System.String] EffectIndex=-1 Target=0 SubOption=-1 TriggerKeyword=TAG_NOT_SET
D 09:56:29.9474571 GameState.DebugPrintPower() - BLOCK_END
D 09:56:29.9474571 GameState.DebugPrintPower() - TAG_CHANGE Entity=GameEntity tag=STEP value=MAIN_CLEANUP 
D 09:56:29.9474571 GameState.DebugPrintPower() - BLOCK_START BlockType=TRIGGER Entity=拯救网瘾对手#5318 EffectCardId=System.Collections.Generic.List`1[System.String] EffectIndex=-1 Target=0 SubOption=-1 TriggerKeyword=TAG_NOT_SET
D 09:56:29.9474571 GameState.DebugPrintPower() - BLOCK_END
D 09:56:29.9474571 GameState.DebugPrintPower() - BLOCK_START BlockType=TRIGGER Entity=湫然#51704 EffectCardId=System.Collections.Generic.List`1[System.String] EffectIndex=-1 Target=0 SubOption=-1 TriggerKeyword=TAG_NOT_SET
D 09:56:29.9474571 GameState.DebugPrintPower() -     TAG_CHANGE Entity=GameEntity tag=NEXT_STEP value=MAIN_NEXT 
D 09:56:29.9474571 GameState.DebugPrintPower() - BLOCK_END
D 09:56:29.9474571 GameState.DebugPrintPower() - BLOCK_START BlockType=TRIGGER Entity=[entityName=额外攻击力 id=108 zone=PLAY zonePos=0 cardId=CS2_017o player=2] EffectCardId=System.Collections.Generic.List`1[System.String] EffectIndex=-1 Target=0 SubOption=-1 TriggerKeyword=TAG_ONE_TURN_EFFECT
D 09:56:29.9474571 GameState.DebugPrintPower() -     TAG_CHANGE Entity=[entityName=额外攻击力 id=108 zone=PLAY zonePos=0 cardId=CS2_017o player=2] tag=2747 value=108 
D 09:56:29.9474571 GameState.DebugPrintPower() -     TAG_CHANGE Entity=[entityName=额外攻击力 id=108 zone=PLAY zonePos=0 cardId=CS2_017o player=2] tag=4741 value=1 
D 09:56:29.9474571 GameState.DebugPrintPower() -     TAG_CHANGE Entity=[entityName=额外攻击力 id=108 zone=PLAY zonePos=0 cardId=CS2_017o player=2] tag=LAST_AFFECTED_BY value=108 
D 09:56:29.9474571 GameState.DebugPrintPower() -     TAG_CHANGE Entity=[entityName=额外攻击力 id=108 zone=PLAY zonePos=0 cardId=CS2_017o player=2] tag=1068 value=4 
D 09:56:29.9474571 GameState.DebugPrintPower() -     TAG_CHANGE Entity=[entityName=额外攻击力 id=108 zone=PLAY zonePos=0 cardId=CS2_017o player=2] tag=1068 value=0 
D 09:56:29.9474571 GameState.DebugPrintPower() -     TAG_CHANGE Entity=[entityName=额外攻击力 id=108 zone=PLAY zonePos=0 cardId=CS2_017o player=2] tag=ZONE value=GRAVEYARD 
D 09:56:29.9474571 GameState.DebugPrintPower() -     TAG_CHANGE Entity=[entityName=嘲风望月露娜拉 id=92 zone=PLAY zonePos=0 cardId=HERO_06bi player=2] tag=TAG_ONE_TURN_EFFECT value=0 
D 09:56:29.9474571 GameState.DebugPrintPower() -     TAG_CHANGE Entity=[entityName=额外攻击力 id=108 zone=PLAY zonePos=0 cardId=CS2_017o player=2] tag=1234 value=92 
D 09:56:29.9474571 GameState.DebugPrintPower() -     HIDE_ENTITY - Entity=[entityName=额外攻击力 id=108 zone=PLAY zonePos=0 cardId=CS2_017o player=2] tag=ZONE value=GRAVEYARD
D 09:56:29.9474571 GameState.DebugPrintPower() -     TAG_CHANGE Entity=[entityName=嘲风望月露娜拉 id=92 zone=PLAY zonePos=0 cardId=HERO_06bi player=2] tag=479 value=0 
D 09:56:29.9474571 GameState.DebugPrintPower() -     TAG_CHANGE Entity=[entityName=嘲风望月露娜拉 id=92 zone=PLAY zonePos=0 cardId=HERO_06bi player=2] tag=ATK value=0 
D 09:56:29.9474571 GameState.DebugPrintPower() - BLOCK_END
D 09:56:29.9474571 GameState.DebugPrintPower() - TAG_CHANGE Entity=GameEntity tag=STEP value=MAIN_NEXT 
D 09:56:29.9474571 GameState.DebugPrintPower() - BLOCK_START BlockType=TRIGGER Entity=GameEntity EffectCardId=System.Collections.Generic.List`1[System.String] EffectIndex=-1 Target=0 SubOption=-1 TriggerKeyword=TAG_NOT_SET
D 09:56:29.9474571 GameState.DebugPrintPower() -     TAG_CHANGE Entity=湫然#51704 tag=1292 value=0 
D 09:56:29.9474571 GameState.DebugPrintPower() -     TAG_CHANGE Entity=拯救网瘾对手#5318 tag=1292 value=1 
D 09:56:29.9474571 GameState.DebugPrintPower() -     TAG_CHANGE Entity=湫然#51704 tag=TIMEOUT value=75 
D 09:56:29.9474571 GameState.DebugPrintPower() -     TAG_CHANGE Entity=[entityName=黑市拍卖师 id=51 zone=HAND zonePos=1 cardId=JAIL_718 player=2] tag=NUM_TURNS_IN_HAND value=4 
D 09:56:29.9474571 GameState.DebugPrintPower() -     TAG_CHANGE Entity=[entityName=雷霆绽放 id=78 zone=HAND zonePos=2 cardId=SCH_427 player=2] tag=NUM_TURNS_IN_HAND value=4 
D 09:56:29.9474571 GameState.DebugPrintPower() -     TAG_CHANGE Entity=[entityName=活体根须 id=56 zone=HAND zonePos=3 cardId=CORE_AT_037 player=2] tag=NUM_TURNS_IN_HAND value=4 
D 09:56:29.9474571 GameState.DebugPrintPower() -     TAG_CHANGE Entity=[entityName=月光射线 id=60 zone=HAND zonePos=4 cardId=TID_001 player=2] tag=NUM_TURNS_IN_HAND value=4 
D 09:56:29.9474571 GameState.DebugPrintPower() -     TAG_CHANGE Entity=[entityName=黑市拍卖师 id=75 zone=HAND zonePos=5 cardId=JAIL_718 player=2] tag=NUM_TURNS_IN_HAND value=2 
D 09:56:29.9474571 GameState.DebugPrintPower() -     TAG_CHANGE Entity=湫然#51704 tag=CURRENT_PLAYER value=0 
D 09:56:29.9474571 GameState.DebugPrintPower() -     TAG_CHANGE Entity=拯救网瘾对手#5318 tag=CURRENT_PLAYER value=1 
D 09:56:29.9474571 GameState.DebugPrintPower() -     TAG_CHANGE Entity=GameEntity tag=TURN value=4 
D 09:56:29.9474571 GameState.DebugPrintPower() -     TAG_CHANGE Entity=GameEntity tag=1882 value=3 
D 09:56:29.9474571 GameState.DebugPrintPower() -     TAG_CHANGE Entity=拯救网瘾对手#5318 tag=TURN value=2 
D 09:56:29.9474571 GameState.DebugPrintPower() -     TAG_CHANGE Entity=GameEntity tag=NEXT_STEP value=MAIN_READY 
D 09:56:29.9474571 GameState.DebugPrintPower() - BLOCK_END
D 09:56:29.9474571 GameState.DebugPrintPower() - TAG_CHANGE Entity=GameEntity tag=STEP value=MAIN_READY 
D 09:56:29.9474571 GameState.DebugPrintPower() - BLOCK_START BlockType=TRIGGER Entity=拯救网瘾对手#5318 EffectCardId=System.Collections.Generic.List`1[System.String] EffectIndex=-1 Target=0 SubOption=-1 TriggerKeyword=TAG_NOT_SET
D 09:56:29.9474571 GameState.DebugPrintPower() -     TAG_CHANGE Entity=GameEntity tag=NUM_TURNS_IN_PLAY value=4 
D 09:56:29.9474571 GameState.DebugPrintPower() -     TAG_CHANGE Entity=拯救网瘾对手#5318 tag=NUM_TURNS_IN_PLAY value=4 
D 09:56:29.9474571 GameState.DebugPrintPower() -     TAG_CHANGE Entity=湫然#51704 tag=NUM_TURNS_IN_PLAY value=4 
D 09:56:29.9474571 GameState.DebugPrintPower() -     TAG_CHANGE Entity=[entityName=雷克萨 id=90 zone=PLAY zonePos=0 cardId=HERO_05 player=1] tag=NUM_TURNS_IN_PLAY value=4 
D 09:56:29.9474571 GameState.DebugPrintPower() -     TAG_CHANGE Entity=[entityName=稳固射击 id=91 zone=PLAY zonePos=0 cardId=HERO_05bp player=1] tag=NUM_TURNS_IN_PLAY value=4 
D 09:56:29.9474571 GameState.DebugPrintPower() -     TAG_CHANGE Entity=[entityName=嘲风望月露娜拉 id=92 zone=PLAY zonePos=0 cardId=HERO_06bi player=2] tag=NUM_TURNS_IN_PLAY value=4 
D 09:56:29.9474571 GameState.DebugPrintPower() -     TAG_CHANGE Entity=[entityName=变形 id=93 zone=PLAY zonePos=0 cardId=HERO_06ebp player=2] tag=NUM_TURNS_IN_PLAY value=4 
D 09:56:29.9474571 GameState.DebugPrintPower() -     TAG_CHANGE Entity=[entityName=奇迹推销员 id=4 zone=PLAY zonePos=1 cardId=WW_331 player=1] tag=NUM_TURNS_IN_PLAY value=2 
D 09:56:29.9474571 GameState.DebugPrintPower() -     TAG_CHANGE Entity=拯救网瘾对手#5318 tag=RESOURCES value=2 
D 09:56:29.9474571 GameState.DebugPrintPower() -     TAG_CHANGE Entity=拯救网瘾对手#5318 tag=RESOURCES_USED value=0 
D 09:56:29.9474571 GameState.DebugPrintPower() -     TAG_CHANGE Entity=拯救网瘾对手#5318 tag=NUM_CARDS_PLAYED_THIS_TURN value=0 
D 09:56:29.9474571 GameState.DebugPrintPower() -     TAG_CHANGE Entity=拯救网瘾对手#5318 tag=NUM_MINIONS_PLAYED_THIS_TURN value=0 
D 09:56:29.9474571 GameState.DebugPrintPower() -     TAG_CHANGE Entity=拯救网瘾对手#5318 tag=NUM_OPTIONS_PLAYED_THIS_TURN value=0 
D 09:56:29.9474571 GameState.DebugPrintPower() -     TAG_CHANGE Entity=拯救网瘾对手#5318 tag=3242 value=0 
D 09:56:29.9474571 GameState.DebugPrintPower() -     TAG_CHANGE Entity=[entityName=奇迹推销员 id=4 zone=PLAY zonePos=1 cardId=WW_331 player=1] tag=EXHAUSTED value=0 
D 09:56:29.9474571 GameState.DebugPrintPower() -     TAG_CHANGE Entity=湫然#51704 tag=NUM_CARDS_DRAWN_THIS_TURN value=0 
D 09:56:29.9474571 GameState.DebugPrintPower() -     TAG_CHANGE Entity=GameEntity tag=NEXT_STEP value=MAIN_START_TRIGGERS 
D 09:56:29.9474571 GameState.DebugPrintPower() -     TAG_CHANGE Entity=拯救网瘾对手#5318 tag=464 value=0 
D 09:56:29.9474571 GameState.DebugPrintPower() -     TAG_CHANGE Entity=拯救网瘾对手#5318 tag=4453 value=0 
D 09:56:29.9474571 GameState.DebugPrintPower() -     TAG_CHANGE Entity=拯救网瘾对手#5318 tag=1575 value=0 
D 09:56:29.9474571 GameState.DebugPrintPower() -     TAG_CHANGE Entity=湫然#51704 tag=2786 value=0 
D 09:56:29.9474571 GameState.DebugPrintPower() - BLOCK_END
D 09:56:29.9474571 GameState.DebugPrintPower() - TAG_CHANGE Entity=GameEntity tag=STEP value=MAIN_START_TRIGGERS 
D 09:56:29.9474571 GameState.DebugPrintPower() - BLOCK_START BlockType=TRIGGER Entity=拯救网瘾对手#5318 EffectCardId=System.Collections.Generic.List`1[System.String] EffectIndex=-1 Target=0 SubOption=-1 TriggerKeyword=TAG_NOT_SET
D 09:56:29.9474571 GameState.DebugPrintPower() -     TAG_CHANGE Entity=GameEntity tag=NEXT_STEP value=MAIN_START 
D 09:56:29.9474571 GameState.DebugPrintPower() - BLOCK_END
D 09:56:29.9474571 GameState.DebugPrintPower() - TAG_CHANGE Entity=GameEntity tag=STEP value=MAIN_START 
D 09:56:29.9474571 GameState.DebugPrintPower() - BLOCK_START BlockType=TRIGGER Entity=拯救网瘾对手#5318 EffectCardId=System.Collections.Generic.List`1[System.String] EffectIndex=-1 Target=0 SubOption=-1 TriggerKeyword=TAG_NOT_SET
D 09:56:29.9474571 GameState.DebugPrintPower() -     TAG_CHANGE Entity=拯救网瘾对手#5318 tag=2166 value=36 
D 09:56:29.9474571 GameState.DebugPrintPower() -     TAG_CHANGE Entity=拯救网瘾对手#5318 tag=467 value=1 
D 09:56:29.9474571 GameState.DebugPrintPower() -     TAG_CHANGE Entity=[entityName=UNKNOWN ENTITY [cardType=INVALID] id=36 zone=DECK zonePos=0 cardId= player=1] tag=ZONE value=HAND 
D 09:56:29.9474571 GameState.DebugPrintPower() -     TAG_CHANGE Entity=[entityName=UNKNOWN ENTITY [cardType=INVALID] id=36 zone=DECK zonePos=0 cardId= player=1] tag=ZONE_POSITION value=6 
D 09:56:29.9474571 GameState.DebugPrintPower() -     TAG_CHANGE Entity=[entityName=UNKNOWN ENTITY [cardType=INVALID] id=36 zone=DECK zonePos=0 cardId= player=1] tag=ZONE_POSITION value=0 
D 09:56:29.9474571 GameState.DebugPrintPower() -     TAG_CHANGE Entity=[entityName=UNKNOWN ENTITY [cardType=INVALID] id=36 zone=DECK zonePos=0 cardId= player=1] tag=ZONE_POSITION value=6 
D 09:56:29.9474571 GameState.DebugPrintPower() -     TAG_CHANGE Entity=拯救网瘾对手#5318 tag=3242 value=1 
D 09:56:29.9474571 GameState.DebugPrintPower() -     TAG_CHANGE Entity=拯救网瘾对手#5318 tag=NUM_CARDS_DRAWN_THIS_TURN value=1 
D 09:56:29.9474571 GameState.DebugPrintPower() -     TAG_CHANGE Entity=拯救网瘾对手#5318 tag=995 value=2 
D 09:56:29.9474571 GameState.DebugPrintPower() -     TAG_CHANGE Entity=拯救网瘾对手#5318 tag=467 value=0 
D 09:56:29.9474571 GameState.DebugPrintPower() -     TAG_CHANGE Entity=GameEntity tag=NEXT_STEP value=MAIN_ACTION 
D 09:56:29.9474571 GameState.DebugPrintPower() - BLOCK_END
D 09:56:29.9474571 GameState.DebugPrintPower() - TAG_CHANGE Entity=GameEntity tag=STEP value=MAIN_ACTION 
D 09:56:29.9474571 GameState.DebugPrintPower() - BLOCK_START BlockType=TRIGGER Entity=拯救网瘾对手#5318 EffectCardId=System.Collections.Generic.List`1[System.String] EffectIndex=-1 Target=0 SubOption=-1 TriggerKeyword=TAG_NOT_SET
D 09:56:29.9474571 GameState.DebugPrintPower() -     TAG_CHANGE Entity=GameEntity tag=NEXT_STEP value=MAIN_END 
D 09:56:29.9474571 GameState.DebugPrintPower() - BLOCK_END
D 09:56:29.9474571 PowerTaskList.DebugDump() - ID=72 ParentID=0 PreviousID=0 TaskCount=1
D 09:56:29.9474571 PowerTaskList.DebugDump() - Block Start=(null)
D 09:56:29.9474571 PowerTaskList.DebugPrintPower() -     TAG_CHANGE Entity=GameEntity tag=STEP value=MAIN_END 
D 09:56:29.9474571 PowerTaskList.DebugDump() - Block End=(null)
D 09:56:29.9474571 PowerProcessor.PrepareHistoryForCurrentTaskList() - m_currentTaskList=72
D 09:56:29.9474571 PowerProcessor.EndCurrentTaskList() - m_currentTaskList=72
D 09:56:29.9474571 PowerTaskList.DebugDump() - ID=73 ParentID=72 PreviousID=0 TaskCount=0
D 09:56:29.9474571 PowerTaskList.DebugPrintPower() - BLOCK_START BlockType=TRIGGER Entity=拯救网瘾对手#5318 EffectCardId=System.Collections.Generic.List`1[System.String] EffectIndex=-1 Target=0 SubOption=-1 TriggerKeyword=TAG_NOT_SET
D 09:56:29.9474571 PowerTaskList.DebugPrintPower() - BLOCK_END
D 09:56:29.9474571 PowerProcessor.PrepareHistoryForCurrentTaskList() - m_currentTaskList=73
D 09:56:29.9474571 PowerProcessor.EndCurrentTaskList() - m_currentTaskList=73
D 09:56:29.9474571 PowerTaskList.DebugDump() - ID=74 ParentID=0 PreviousID=0 TaskCount=1
D 09:56:29.9474571 PowerTaskList.DebugPrintPower() - BLOCK_START BlockType=TRIGGER Entity=湫然#51704 EffectCardId=System.Collections.Generic.List`1[System.String] EffectIndex=-1 Target=0 SubOption=-1 TriggerKeyword=TAG_NOT_SET
D 09:56:29.9474571 PowerTaskList.DebugPrintPower() -     TAG_CHANGE Entity=GameEntity tag=NEXT_STEP value=MAIN_CLEANUP 
D 09:56:29.9474571 PowerTaskList.DebugPrintPower() - BLOCK_END
D 09:56:29.9474571 PowerProcessor.PrepareHistoryForCurrentTaskList() - m_currentTaskList=74
D 09:56:29.9474571 PowerProcessor.EndCurrentTaskList() - m_currentTaskList=74
D 09:56:29.9474571 PowerTaskList.DebugDump() - ID=75 ParentID=0 PreviousID=0 TaskCount=0
D 09:56:29.9474571 PowerTaskList.DebugPrintPower() - BLOCK_START BlockType=TRIGGER Entity=湫然#51704 EffectCardId=System.Collections.Generic.List`1[System.String] EffectIndex=-1 Target=0 SubOption=-1 TriggerKeyword=TAG_NOT_SET
D 09:56:29.9474571 PowerTaskList.DebugPrintPower() - BLOCK_END
D 09:56:29.9474571 PowerProcessor.PrepareHistoryForCurrentTaskList() - m_currentTaskList=75
D 09:56:29.9474571 PowerProcessor.EndCurrentTaskList() - m_currentTaskList=75
D 09:56:29.9474571 PowerTaskList.DebugDump() - ID=76 ParentID=0 PreviousID=0 TaskCount=1
D 09:56:29.9474571 PowerTaskList.DebugDump() - Block Start=(null)
D 09:56:29.9474571 PowerTaskList.DebugPrintPower() -     TAG_CHANGE Entity=GameEntity tag=STEP value=MAIN_CLEANUP 
D 09:56:29.9474571 PowerTaskList.DebugDump() - Block End=(null)
D 09:56:29.9474571 PowerProcessor.PrepareHistoryForCurrentTaskList() - m_currentTaskList=76
D 09:56:29.9474571 PowerProcessor.EndCurrentTaskList() - m_currentTaskList=76
D 09:56:29.9474571 PowerTaskList.DebugDump() - ID=77 ParentID=0 PreviousID=0 TaskCount=0
D 09:56:29.9474571 PowerTaskList.DebugPrintPower() - BLOCK_START BlockType=TRIGGER Entity=拯救网瘾对手#5318 EffectCardId=System.Collections.Generic.List`1[System.String] EffectIndex=-1 Target=0 SubOption=-1 TriggerKeyword=TAG_NOT_SET
D 09:56:29.9474571 PowerTaskList.DebugPrintPower() - BLOCK_END
D 09:56:29.9474571 PowerProcessor.PrepareHistoryForCurrentTaskList() - m_currentTaskList=77
D 09:56:29.9474571 PowerProcessor.EndCurrentTaskList() - m_currentTaskList=77
D 09:56:29.9474571 PowerTaskList.DebugDump() - ID=78 ParentID=0 PreviousID=0 TaskCount=1
D 09:56:29.9474571 PowerTaskList.DebugPrintPower() - BLOCK_START BlockType=TRIGGER Entity=湫然#51704 EffectCardId=System.Collections.Generic.List`1[System.String] EffectIndex=-1 Target=0 SubOption=-1 TriggerKeyword=TAG_NOT_SET
D 09:56:29.9474571 PowerTaskList.DebugPrintPower() -     TAG_CHANGE Entity=GameEntity tag=NEXT_STEP value=MAIN_NEXT 
D 09:56:29.9474571 PowerTaskList.DebugPrintPower() - BLOCK_END
D 09:56:29.9474571 PowerProcessor.PrepareHistoryForCurrentTaskList() - m_currentTaskList=78
D 09:56:29.9474571 PowerProcessor.EndCurrentTaskList() - m_currentTaskList=78
D 09:56:29.9474571 PowerTaskList.DebugDump() - ID=79 ParentID=0 PreviousID=0 TaskCount=11
D 09:56:29.9474571 PowerTaskList.DebugPrintPower() - BLOCK_START BlockType=TRIGGER Entity=[entityName=额外攻击力 id=108 zone=PLAY zonePos=0 cardId=CS2_017o player=2] EffectCardId=System.Collections.Generic.List`1[System.String] EffectIndex=-1 Target=0 SubOption=-1 TriggerKeyword=TAG_ONE_TURN_EFFECT
D 09:56:29.9474571 PowerTaskList.DebugPrintPower() -     TAG_CHANGE Entity=[entityName=额外攻击力 id=108 zone=PLAY zonePos=0 cardId=CS2_017o player=2] tag=2747 value=108 
D 09:56:29.9474571 PowerTaskList.DebugPrintPower() -     TAG_CHANGE Entity=[entityName=额外攻击力 id=108 zone=PLAY zonePos=0 cardId=CS2_017o player=2] tag=4741 value=1 
D 09:56:29.9474571 PowerTaskList.DebugPrintPower() -     TAG_CHANGE Entity=[entityName=额外攻击力 id=108 zone=PLAY zonePos=0 cardId=CS2_017o player=2] tag=LAST_AFFECTED_BY value=108 
D 09:56:29.9474571 PowerTaskList.DebugPrintPower() -     TAG_CHANGE Entity=[entityName=额外攻击力 id=108 zone=PLAY zonePos=0 cardId=CS2_017o player=2] tag=1068 value=4 
D 09:56:29.9474571 PowerTaskList.DebugPrintPower() -     TAG_CHANGE Entity=[entityName=额外攻击力 id=108 zone=PLAY zonePos=0 cardId=CS2_017o player=2] tag=1068 value=0 
D 09:56:29.9474571 PowerTaskList.DebugPrintPower() -     TAG_CHANGE Entity=[entityName=额外攻击力 id=108 zone=PLAY zonePos=0 cardId=CS2_017o player=2] tag=ZONE value=GRAVEYARD 
D 09:56:29.9474571 PowerTaskList.DebugPrintPower() -     TAG_CHANGE Entity=[entityName=嘲风望月露娜拉 id=92 zone=PLAY zonePos=0 cardId=HERO_06bi player=2] tag=TAG_ONE_TURN_EFFECT value=0 
D 09:56:29.9474571 PowerTaskList.DebugPrintPower() -     TAG_CHANGE Entity=[entityName=额外攻击力 id=108 zone=PLAY zonePos=0 cardId=CS2_017o player=2] tag=1234 value=92 
D 09:56:29.9474571 PowerTaskList.DebugPrintPower() -     HIDE_ENTITY - Entity=[entityName=额外攻击力 id=108 zone=PLAY zonePos=0 cardId=CS2_017o player=2] tag=ZONE value=GRAVEYARD
D 09:56:29.9474571 PowerTaskList.DebugPrintPower() -     TAG_CHANGE Entity=[entityName=嘲风望月露娜拉 id=92 zone=PLAY zonePos=0 cardId=HERO_06bi player=2] tag=479 value=0 
D 09:56:29.9474571 PowerTaskList.DebugPrintPower() -     TAG_CHANGE Entity=[entityName=嘲风望月露娜拉 id=92 zone=PLAY zonePos=0 cardId=HERO_06bi player=2] tag=ATK value=0 
D 09:56:29.9474571 PowerTaskList.DebugPrintPower() - BLOCK_END
D 09:56:29.9474571 PowerProcessor.PrepareHistoryForCurrentTaskList() - m_currentTaskList=79
D 09:56:29.9543585 PowerProcessor.EndCurrentTaskList() - m_currentTaskList=79
D 09:56:29.9616950 PowerTaskList.DebugDump() - ID=80 ParentID=0 PreviousID=0 TaskCount=1
D 09:56:29.9616950 PowerTaskList.DebugDump() - Block Start=(null)
D 09:56:29.9616950 PowerTaskList.DebugPrintPower() -     TAG_CHANGE Entity=GameEntity tag=STEP value=MAIN_NEXT 
D 09:56:29.9616950 PowerTaskList.DebugDump() - Block End=(null)
D 09:56:29.9616950 PowerProcessor.PrepareHistoryForCurrentTaskList() - m_currentTaskList=80
D 09:56:29.9616950 PowerProcessor.EndCurrentTaskList() - m_currentTaskList=80
D 09:56:29.9616950 PowerTaskList.DebugDump() - ID=81 ParentID=0 PreviousID=0 TaskCount=14
D 09:56:29.9616950 PowerTaskList.DebugPrintPower() - BLOCK_START BlockType=TRIGGER Entity=GameEntity EffectCardId=System.Collections.Generic.List`1[System.String] EffectIndex=-1 Target=0 SubOption=-1 TriggerKeyword=TAG_NOT_SET
D 09:56:29.9616950 PowerTaskList.DebugPrintPower() -     TAG_CHANGE Entity=湫然#51704 tag=1292 value=0 
D 09:56:29.9616950 PowerTaskList.DebugPrintPower() -     TAG_CHANGE Entity=拯救网瘾对手#5318 tag=1292 value=1 
D 09:56:29.9616950 PowerTaskList.DebugPrintPower() -     TAG_CHANGE Entity=湫然#51704 tag=TIMEOUT value=75 
D 09:56:29.9616950 PowerTaskList.DebugPrintPower() -     TAG_CHANGE Entity=[entityName=黑市拍卖师 id=51 zone=HAND zonePos=1 cardId=JAIL_718 player=2] tag=NUM_TURNS_IN_HAND value=4 
D 09:56:29.9616950 PowerTaskList.DebugPrintPower() -     TAG_CHANGE Entity=[entityName=雷霆绽放 id=78 zone=HAND zonePos=2 cardId=SCH_427 player=2] tag=NUM_TURNS_IN_HAND value=4 
D 09:56:29.9616950 PowerTaskList.DebugPrintPower() -     TAG_CHANGE Entity=[entityName=活体根须 id=56 zone=HAND zonePos=3 cardId=CORE_AT_037 player=2] tag=NUM_TURNS_IN_HAND value=4 
D 09:56:29.9616950 PowerTaskList.DebugPrintPower() -     TAG_CHANGE Entity=[entityName=月光射线 id=60 zone=HAND zonePos=4 cardId=TID_001 player=2] tag=NUM_TURNS_IN_HAND value=4 
D 09:56:29.9616950 PowerTaskList.DebugPrintPower() -     TAG_CHANGE Entity=[entityName=黑市拍卖师 id=75 zone=HAND zonePos=5 cardId=JAIL_718 player=2] tag=NUM_TURNS_IN_HAND value=2 
D 09:56:29.9616950 PowerTaskList.DebugPrintPower() -     TAG_CHANGE Entity=湫然#51704 tag=CURRENT_PLAYER value=0 
D 09:56:29.9616950 PowerTaskList.DebugPrintPower() -     TAG_CHANGE Entity=拯救网瘾对手#5318 tag=CURRENT_PLAYER value=1 
D 09:56:29.9616950 PowerTaskList.DebugPrintPower() -     TAG_CHANGE Entity=GameEntity tag=TURN value=4 
D 09:56:29.9616950 PowerTaskList.DebugPrintPower() -     TAG_CHANGE Entity=GameEntity tag=1882 value=3 
D 09:56:29.9616950 PowerTaskList.DebugPrintPower() -     TAG_CHANGE Entity=拯救网瘾对手#5318 tag=TURN value=2 
D 09:56:29.9616950 PowerTaskList.DebugPrintPower() -     TAG_CHANGE Entity=GameEntity tag=NEXT_STEP value=MAIN_READY 
D 09:56:29.9616950 PowerTaskList.DebugPrintPower() - BLOCK_END
D 09:56:29.9616950 PowerProcessor.PrepareHistoryForCurrentTaskList() - m_currentTaskList=81
D 09:56:29.9616950 PowerProcessor.EndCurrentTaskList() - m_currentTaskList=81
D 09:56:29.9616950 PowerTaskList.DebugDump() - ID=82 ParentID=0 PreviousID=0 TaskCount=1
D 09:56:29.9616950 PowerTaskList.DebugDump() - Block Start=(null)
D 09:56:29.9616950 PowerTaskList.DebugPrintPower() -     TAG_CHANGE Entity=GameEntity tag=STEP value=MAIN_READY 
D 09:56:29.9616950 PowerTaskList.DebugDump() - Block End=(null)
D 09:56:29.9616950 PowerProcessor.PrepareHistoryForCurrentTaskList() - m_currentTaskList=82
D 09:56:29.9616950 PowerProcessor.EndCurrentTaskList() - m_currentTaskList=82
D 09:56:29.9616950 PowerTaskList.DebugDump() - ID=83 ParentID=0 PreviousID=0 TaskCount=21
D 09:56:29.9616950 PowerTaskList.DebugPrintPower() - BLOCK_START BlockType=TRIGGER Entity=拯救网瘾对手#5318 EffectCardId=System.Collections.Generic.List`1[System.String] EffectIndex=-1 Target=0 SubOption=-1 TriggerKeyword=TAG_NOT_SET
D 09:56:29.9616950 PowerTaskList.DebugPrintPower() -     TAG_CHANGE Entity=GameEntity tag=NUM_TURNS_IN_PLAY value=4 
D 09:56:29.9616950 PowerTaskList.DebugPrintPower() -     TAG_CHANGE Entity=拯救网瘾对手#5318 tag=NUM_TURNS_IN_PLAY value=4 
D 09:56:29.9616950 PowerTaskList.DebugPrintPower() -     TAG_CHANGE Entity=湫然#51704 tag=NUM_TURNS_IN_PLAY value=4 
D 09:56:29.9616950 PowerTaskList.DebugPrintPower() -     TAG_CHANGE Entity=[entityName=雷克萨 id=90 zone=PLAY zonePos=0 cardId=HERO_05 player=1] tag=NUM_TURNS_IN_PLAY value=4 
D 09:56:29.9616950 PowerTaskList.DebugPrintPower() -     TAG_CHANGE Entity=[entityName=稳固射击 id=91 zone=PLAY zonePos=0 cardId=HERO_05bp player=1] tag=NUM_TURNS_IN_PLAY value=4 
D 09:56:29.9616950 PowerTaskList.DebugPrintPower() -     TAG_CHANGE Entity=[entityName=嘲风望月露娜拉 id=92 zone=PLAY zonePos=0 cardId=HERO_06bi player=2] tag=NUM_TURNS_IN_PLAY value=4 
D 09:56:29.9616950 PowerTaskList.DebugPrintPower() -     TAG_CHANGE Entity=[entityName=变形 id=93 zone=PLAY zonePos=0 cardId=HERO_06ebp player=2] tag=NUM_TURNS_IN_PLAY value=4 
D 09:56:29.9616950 PowerTaskList.DebugPrintPower() -     TAG_CHANGE Entity=[entityName=奇迹推销员 id=4 zone=PLAY zonePos=1 cardId=WW_331 player=1] tag=NUM_TURNS_IN_PLAY value=2 
D 09:56:29.9616950 PowerTaskList.DebugPrintPower() -     TAG_CHANGE Entity=拯救网瘾对手#5318 tag=RESOURCES value=2 
D 09:56:29.9616950 PowerTaskList.DebugPrintPower() -     TAG_CHANGE Entity=拯救网瘾对手#5318 tag=RESOURCES_USED value=0 
D 09:56:29.9616950 PowerTaskList.DebugPrintPower() -     TAG_CHANGE Entity=拯救网瘾对手#5318 tag=NUM_CARDS_PLAYED_THIS_TURN value=0 
D 09:56:29.9616950 PowerTaskList.DebugPrintPower() -     TAG_CHANGE Entity=拯救网瘾对手#5318 tag=NUM_MINIONS_PLAYED_THIS_TURN value=0 
D 09:56:29.9616950 PowerTaskList.DebugPrintPower() -     TAG_CHANGE Entity=拯救网瘾对手#5318 tag=NUM_OPTIONS_PLAYED_THIS_TURN value=0 
D 09:56:29.9616950 PowerTaskList.DebugPrintPower() -     TAG_CHANGE Entity=拯救网瘾对手#5318 tag=3242 value=0 
D 09:56:29.9616950 PowerTaskList.DebugPrintPower() -     TAG_CHANGE Entity=[entityName=奇迹推销员 id=4 zone=PLAY zonePos=1 cardId=WW_331 player=1] tag=EXHAUSTED value=0 
D 09:56:29.9616950 PowerTaskList.DebugPrintPower() -     TAG_CHANGE Entity=湫然#51704 tag=NUM_CARDS_DRAWN_THIS_TURN value=0 
D 09:56:29.9616950 PowerTaskList.DebugPrintPower() -     TAG_CHANGE Entity=GameEntity tag=NEXT_STEP value=MAIN_START_TRIGGERS 
D 09:56:29.9616950 PowerTaskList.DebugPrintPower() -     TAG_CHANGE Entity=拯救网瘾对手#5318 tag=464 value=0 
D 09:56:29.9616950 PowerTaskList.DebugPrintPower() -     TAG_CHANGE Entity=拯救网瘾对手#5318 tag=4453 value=0 
D 09:56:29.9616950 PowerTaskList.DebugPrintPower() -     TAG_CHANGE Entity=拯救网瘾对手#5318 tag=1575 value=0 
D 09:56:29.9616950 PowerTaskList.DebugPrintPower() -     TAG_CHANGE Entity=湫然#51704 tag=2786 value=0 
D 09:56:29.9616950 PowerTaskList.DebugPrintPower() - BLOCK_END
D 09:56:29.9616950 PowerProcessor.PrepareHistoryForCurrentTaskList() - m_currentTaskList=83
D 09:56:29.9616950 PowerProcessor.EndCurrentTaskList() - m_currentTaskList=83
D 09:56:29.9616950 PowerTaskList.DebugDump() - ID=84 ParentID=0 PreviousID=0 TaskCount=1
D 09:56:29.9616950 PowerTaskList.DebugDump() - Block Start=(null)
D 09:56:29.9616950 PowerTaskList.DebugPrintPower() -     TAG_CHANGE Entity=GameEntity tag=STEP value=MAIN_START_TRIGGERS 
D 09:56:29.9616950 PowerTaskList.DebugDump() - Block End=(null)
D 09:56:29.9616950 PowerProcessor.PrepareHistoryForCurrentTaskList() - m_currentTaskList=84
D 09:56:29.9616950 PowerProcessor.EndCurrentTaskList() - m_currentTaskList=84
D 09:56:29.9616950 PowerTaskList.DebugDump() - ID=85 ParentID=0 PreviousID=0 TaskCount=1
D 09:56:29.9616950 PowerTaskList.DebugPrintPower() - BLOCK_START BlockType=TRIGGER Entity=拯救网瘾对手#5318 EffectCardId=System.Collections.Generic.List`1[System.String] EffectIndex=-1 Target=0 SubOption=-1 TriggerKeyword=TAG_NOT_SET
D 09:56:29.9616950 PowerTaskList.DebugPrintPower() -     TAG_CHANGE Entity=GameEntity tag=NEXT_STEP value=MAIN_START 
D 09:56:29.9616950 PowerTaskList.DebugPrintPower() - BLOCK_END
D 09:56:29.9616950 PowerProcessor.PrepareHistoryForCurrentTaskList() - m_currentTaskList=85
D 09:56:29.9616950 PowerProcessor.EndCurrentTaskList() - m_currentTaskList=85
D 09:56:29.9616950 PowerTaskList.DebugDump() - ID=86 ParentID=0 PreviousID=0 TaskCount=1
D 09:56:29.9616950 PowerTaskList.DebugDump() - Block Start=(null)
D 09:56:29.9616950 PowerTaskList.DebugPrintPower() -     TAG_CHANGE Entity=GameEntity tag=STEP value=MAIN_START 
D 09:56:29.9616950 PowerTaskList.DebugDump() - Block End=(null)
D 09:56:29.9616950 PowerProcessor.PrepareHistoryForCurrentTaskList() - m_currentTaskList=86
D 09:56:29.9616950 PowerProcessor.EndCurrentTaskList() - m_currentTaskList=86
D 09:56:29.9616950 PowerTaskList.DebugDump() - ID=87 ParentID=0 PreviousID=0 TaskCount=11
D 09:56:29.9616950 PowerTaskList.DebugPrintPower() - BLOCK_START BlockType=TRIGGER Entity=拯救网瘾对手#5318 EffectCardId=System.Collections.Generic.List`1[System.String] EffectIndex=-1 Target=0 SubOption=-1 TriggerKeyword=TAG_NOT_SET
D 09:56:29.9616950 PowerTaskList.DebugPrintPower() -     TAG_CHANGE Entity=拯救网瘾对手#5318 tag=2166 value=36 
D 09:56:29.9616950 PowerTaskList.DebugPrintPower() -     TAG_CHANGE Entity=拯救网瘾对手#5318 tag=467 value=1 
D 09:56:29.9616950 PowerTaskList.DebugPrintPower() -     TAG_CHANGE Entity=[entityName=UNKNOWN ENTITY [cardType=INVALID] id=36 zone=DECK zonePos=0 cardId= player=1] tag=ZONE value=HAND 
D 09:56:29.9616950 PowerTaskList.DebugPrintPower() -     TAG_CHANGE Entity=[entityName=UNKNOWN ENTITY [cardType=INVALID] id=36 zone=DECK zonePos=0 cardId= player=1] tag=ZONE_POSITION value=6 
D 09:56:29.9616950 PowerTaskList.DebugPrintPower() -     TAG_CHANGE Entity=[entityName=UNKNOWN ENTITY [cardType=INVALID] id=36 zone=DECK zonePos=0 cardId= player=1] tag=ZONE_POSITION value=0 
D 09:56:29.9616950 PowerTaskList.DebugPrintPower() -     TAG_CHANGE Entity=[entityName=UNKNOWN ENTITY [cardType=INVALID] id=36 zone=DECK zonePos=0 cardId= player=1] tag=ZONE_POSITION value=6 
D 09:56:29.9616950 PowerTaskList.DebugPrintPower() -     TAG_CHANGE Entity=拯救网瘾对手#5318 tag=3242 value=1 
D 09:56:29.9616950 PowerTaskList.DebugPrintPower() -     TAG_CHANGE Entity=拯救网瘾对手#5318 tag=NUM_CARDS_DRAWN_THIS_TURN value=1 
D 09:56:29.9616950 PowerTaskList.DebugPrintPower() -     TAG_CHANGE Entity=拯救网瘾对手#5318 tag=995 value=2 
D 09:56:29.9616950 PowerTaskList.DebugPrintPower() -     TAG_CHANGE Entity=拯救网瘾对手#5318 tag=467 value=0 
D 09:56:29.9616950 PowerTaskList.DebugPrintPower() -     TAG_CHANGE Entity=GameEntity tag=NEXT_STEP value=MAIN_ACTION 
D 09:56:29.9616950 PowerTaskList.DebugPrintPower() - BLOCK_END
D 09:56:29.9616950 PowerProcessor.PrepareHistoryForCurrentTaskList() - m_currentTaskList=87
D 09:56:31.4898166 PowerProcessor.EndCurrentTaskList() - m_currentTaskList=87
D 09:56:31.4966445 PowerTaskList.DebugDump() - ID=88 ParentID=0 PreviousID=0 TaskCount=1
D 09:56:31.4966445 PowerTaskList.DebugDump() - Block Start=(null)
D 09:56:31.4966445 PowerTaskList.DebugPrintPower() -     TAG_CHANGE Entity=GameEntity tag=STEP value=MAIN_ACTION 
D 09:56:31.4966445 PowerTaskList.DebugDump() - Block End=(null)
D 09:56:31.4966445 PowerProcessor.PrepareHistoryForCurrentTaskList() - m_currentTaskList=88
D 09:56:31.4966445 PowerProcessor.EndCurrentTaskList() - m_currentTaskList=88
D 09:56:31.4966445 PowerTaskList.DebugDump() - ID=89 ParentID=0 PreviousID=0 TaskCount=1
D 09:56:31.4966445 PowerTaskList.DebugPrintPower() - BLOCK_START BlockType=TRIGGER Entity=拯救网瘾对手#5318 EffectCardId=System.Collections.Generic.List`1[System.String] EffectIndex=-1 Target=0 SubOption=-1 TriggerKeyword=TAG_NOT_SET
D 09:56:31.4966445 PowerTaskList.DebugPrintPower() -     TAG_CHANGE Entity=GameEntity tag=NEXT_STEP value=MAIN_END 
D 09:56:31.4966445 PowerTaskList.DebugPrintPower() - BLOCK_END
D 09:56:31.4966445 PowerProcessor.PrepareHistoryForCurrentTaskList() - m_currentTaskList=89
D 09:56:31.4966445 PowerProcessor.EndCurrentTaskList() - m_currentTaskList=89
D 09:56:52.5504928 GameState.DebugPrintPowerList() - Count=21
D 09:56:52.5504928 GameState.DebugPrintPower() - BLOCK_START BlockType=PLAY Entity=[entityName=UNKNOWN ENTITY [cardType=INVALID] id=15 zone=HAND zonePos=1 cardId= player=1] EffectCardId=System.Collections.Generic.List`1[System.String] EffectIndex=0 Target=0 SubOption=-1 
D 09:56:52.5504928 GameState.DebugPrintPower() -     TAG_CHANGE Entity=拯救网瘾对手#5318 tag=2245 value=3 
D 09:56:52.5504928 GameState.DebugPrintPower() -     TAG_CHANGE Entity=拯救网瘾对手#5318 tag=RESOURCES_USED value=2 
D 09:56:52.5504928 GameState.DebugPrintPower() -     TAG_CHANGE Entity=拯救网瘾对手#5318 tag=NUM_RESOURCES_SPENT_THIS_GAME value=3 
D 09:56:52.5504928 GameState.DebugPrintPower() -     TAG_CHANGE Entity=拯救网瘾对手#5318 tag=NUM_CARDS_PLAYED_THIS_TURN value=1 
D 09:56:52.5504928 GameState.DebugPrintPower() -     TAG_CHANGE Entity=[entityName=UNKNOWN ENTITY [cardType=INVALID] id=36 zone=HAND zonePos=6 cardId= player=1] tag=ZONE_POSITION value=5 
D 09:56:52.5504928 GameState.DebugPrintPower() -     TAG_CHANGE Entity=[entityName=UNKNOWN ENTITY [cardType=INVALID] id=24 zone=HAND zonePos=5 cardId= player=1] tag=ZONE_POSITION value=4 
D 09:56:52.5504928 GameState.DebugPrintPower() -     TAG_CHANGE Entity=[entityName=UNKNOWN ENTITY [cardType=INVALID] id=11 zone=HAND zonePos=3 cardId= player=1] tag=ZONE_POSITION value=2 
D 09:56:52.5504928 GameState.DebugPrintPower() -     TAG_CHANGE Entity=[entityName=UNKNOWN ENTITY [cardType=INVALID] id=94 zone=HAND zonePos=4 cardId= player=1] tag=ZONE_POSITION value=3 
D 09:56:52.5504928 GameState.DebugPrintPower() -     TAG_CHANGE Entity=[entityName=UNKNOWN ENTITY [cardType=INVALID] id=34 zone=HAND zonePos=2 cardId= player=1] tag=ZONE_POSITION value=1 
D 09:56:52.5504928 GameState.DebugPrintPower() -     TAG_CHANGE Entity=[entityName=UNKNOWN ENTITY [cardType=INVALID] id=15 zone=HAND zonePos=1 cardId= player=1] tag=ZONE_POSITION value=0 
D 09:56:52.5504928 GameState.DebugPrintPower() -     SHOW_ENTITY - Updating Entity=[entityName=UNKNOWN ENTITY [cardType=INVALID] id=15 zone=HAND zonePos=1 cardId= player=1] CardID=JAIL_877
D 09:56:52.5504928 GameState.DebugPrintPower() -         tag=CONTROLLER value=1
D 09:56:52.5504928 GameState.DebugPrintPower() -         tag=CARDTYPE value=LOCATION
D 09:56:52.5504928 GameState.DebugPrintPower() -         tag=TAG_LAST_KNOWN_COST_IN_HAND value=2
D 09:56:52.5504928 GameState.DebugPrintPower() -         tag=COST value=2
D 09:56:52.5504928 GameState.DebugPrintPower() -         tag=HEALTH value=2
D 09:56:52.5504928 GameState.DebugPrintPower() -         tag=ZONE value=PLAY
D 09:56:52.5504928 GameState.DebugPrintPower() -         tag=ENTITY_ID value=15
D 09:56:52.5504928 GameState.DebugPrintPower() -         tag=CLASS value=HUNTER
D 09:56:52.5504928 GameState.DebugPrintPower() -         tag=RARITY value=COMMON
D 09:56:52.5504928 GameState.DebugPrintPower() -         tag=JUST_PLAYED value=1
D 09:56:52.5504928 GameState.DebugPrintPower() -         tag=ZONE_POSITION value=0
D 09:56:52.5504928 GameState.DebugPrintPower() -         tag=NUM_TURNS_IN_HAND value=4
D 09:56:52.5504928 GameState.DebugPrintPower() -         tag=478 value=1
D 09:56:52.5504928 GameState.DebugPrintPower() -         tag=1043 value=1
D 09:56:52.5504928 GameState.DebugPrintPower() -         tag=1068 value=0
D 09:56:52.5504928 GameState.DebugPrintPower() -         tag=SPAWN_TIME_COUNT value=1
D 09:56:52.5504928 GameState.DebugPrintPower() -         tag=HAS_ACTIVATE_POWER value=1
D 09:56:52.5504928 GameState.DebugPrintPower() -         tag=3085 value=2
D 09:56:52.5504928 GameState.DebugPrintPower() -         tag=3557 value=1
D 09:56:52.5504928 GameState.DebugPrintPower() -     TAG_CHANGE Entity=[entityName=UNKNOWN ENTITY [cardType=INVALID] id=15 zone=HAND zonePos=1 cardId= player=1] tag=ZONE_POSITION value=2 
D 09:56:52.5504928 GameState.DebugPrintPower() -     META_DATA - Meta=SLUSH_TIME Data=3000 InfoCount=1
D 09:56:52.5504928 GameState.DebugPrintPower() -                 Info[0] = [entityName=UNKNOWN ENTITY [cardType=INVALID] id=15 zone=HAND zonePos=1 cardId= player=1]
D 09:56:52.5504928 GameState.DebugPrintPower() -     BLOCK_START BlockType=POWER Entity=[entityName=UNKNOWN ENTITY [cardType=INVALID] id=15 zone=HAND zonePos=1 cardId= player=1] EffectCardId=System.Collections.Generic.List`1[System.String] EffectIndex=0 Target=0 SubOption=-1 
D 09:56:52.5504928 GameState.DebugPrintPower() -     BLOCK_END
D 09:56:52.5504928 GameState.DebugPrintPower() -     TAG_CHANGE Entity=拯救网瘾对手#5318 tag=COMBO_ACTIVE value=1 
D 09:56:52.5504928 GameState.DebugPrintPower() -     TAG_CHANGE Entity=GameEntity tag=1323 value=4 
D 09:56:52.5504928 GameState.DebugPrintPower() -     TAG_CHANGE Entity=拯救网瘾对手#5318 tag=NUM_OPTIONS_PLAYED_THIS_TURN value=1 
D 09:56:52.5504928 GameState.DebugPrintPower() - BLOCK_END
D 09:56:52.5504928 GameState.DebugPrintPower() - META_DATA - Meta=SLUSH_TIME Data=1000 InfoCount=1
D 09:56:52.5504928 GameState.DebugPrintPower() -             Info[0] = [entityName=UNKNOWN ENTITY [cardType=INVALID] id=15 zone=HAND zonePos=1 cardId= player=1]
D 09:56:52.5504928 PowerTaskList.DebugDump() - ID=90 ParentID=0 PreviousID=0 TaskCount=13
D 09:56:52.5504928 PowerTaskList.DebugPrintPower() - BLOCK_START BlockType=PLAY Entity=[entityName=UNKNOWN ENTITY [cardType=INVALID] id=15 zone=HAND zonePos=1 cardId= player=1] EffectCardId=System.Collections.Generic.List`1[System.String] EffectIndex=0 Target=0 SubOption=-1 
D 09:56:52.5504928 PowerTaskList.DebugPrintPower() -     TAG_CHANGE Entity=拯救网瘾对手#5318 tag=2245 value=3 
D 09:56:52.5504928 PowerTaskList.DebugPrintPower() -     TAG_CHANGE Entity=拯救网瘾对手#5318 tag=RESOURCES_USED value=2 
D 09:56:52.5504928 PowerTaskList.DebugPrintPower() -     TAG_CHANGE Entity=拯救网瘾对手#5318 tag=NUM_RESOURCES_SPENT_THIS_GAME value=3 
D 09:56:52.5504928 PowerTaskList.DebugPrintPower() -     TAG_CHANGE Entity=拯救网瘾对手#5318 tag=NUM_CARDS_PLAYED_THIS_TURN value=1 
D 09:56:52.5504928 PowerTaskList.DebugPrintPower() -     TAG_CHANGE Entity=[entityName=UNKNOWN ENTITY [cardType=INVALID] id=36 zone=HAND zonePos=6 cardId= player=1] tag=ZONE_POSITION value=5 
D 09:56:52.5504928 PowerTaskList.DebugPrintPower() -     TAG_CHANGE Entity=[entityName=UNKNOWN ENTITY [cardType=INVALID] id=24 zone=HAND zonePos=5 cardId= player=1] tag=ZONE_POSITION value=4 
D 09:56:52.5504928 PowerTaskList.DebugPrintPower() -     TAG_CHANGE Entity=[entityName=UNKNOWN ENTITY [cardType=INVALID] id=11 zone=HAND zonePos=3 cardId= player=1] tag=ZONE_POSITION value=2 
D 09:56:52.5504928 PowerTaskList.DebugPrintPower() -     TAG_CHANGE Entity=[entityName=UNKNOWN ENTITY [cardType=INVALID] id=94 zone=HAND zonePos=4 cardId= player=1] tag=ZONE_POSITION value=3 
D 09:56:52.5504928 PowerTaskList.DebugPrintPower() -     TAG_CHANGE Entity=[entityName=UNKNOWN ENTITY [cardType=INVALID] id=34 zone=HAND zonePos=2 cardId= player=1] tag=ZONE_POSITION value=1 
D 09:56:52.5504928 PowerTaskList.DebugPrintPower() -     TAG_CHANGE Entity=[entityName=UNKNOWN ENTITY [cardType=INVALID] id=15 zone=HAND zonePos=1 cardId= player=1] tag=ZONE_POSITION value=0 
D 09:56:52.5504928 PowerTaskList.DebugPrintPower() -     SHOW_ENTITY - Updating Entity=[entityName=UNKNOWN ENTITY [cardType=INVALID] id=15 zone=HAND zonePos=1 cardId= player=1] CardID=JAIL_877
D 09:56:52.5504928 PowerTaskList.DebugPrintPower() -         tag=CONTROLLER value=1
D 09:56:52.5504928 PowerTaskList.DebugPrintPower() -         tag=CARDTYPE value=LOCATION
D 09:56:52.5504928 PowerTaskList.DebugPrintPower() -         tag=TAG_LAST_KNOWN_COST_IN_HAND value=2
D 09:56:52.5504928 PowerTaskList.DebugPrintPower() -         tag=COST value=2
D 09:56:52.5504928 PowerTaskList.DebugPrintPower() -         tag=HEALTH value=2
D 09:56:52.5504928 PowerTaskList.DebugPrintPower() -         tag=ZONE value=PLAY
D 09:56:52.5504928 PowerTaskList.DebugPrintPower() -         tag=ENTITY_ID value=15
D 09:56:52.5504928 PowerTaskList.DebugPrintPower() -         tag=CLASS value=HUNTER
D 09:56:52.5504928 PowerTaskList.DebugPrintPower() -         tag=RARITY value=COMMON
D 09:56:52.5504928 PowerTaskList.DebugPrintPower() -         tag=JUST_PLAYED value=1
D 09:56:52.5504928 PowerTaskList.DebugPrintPower() -         tag=ZONE_POSITION value=0
D 09:56:52.5504928 PowerTaskList.DebugPrintPower() -         tag=NUM_TURNS_IN_HAND value=4
D 09:56:52.5504928 PowerTaskList.DebugPrintPower() -         tag=478 value=1
D 09:56:52.5504928 PowerTaskList.DebugPrintPower() -         tag=1043 value=1
D 09:56:52.5504928 PowerTaskList.DebugPrintPower() -         tag=1068 value=0
D 09:56:52.5504928 PowerTaskList.DebugPrintPower() -         tag=SPAWN_TIME_COUNT value=1
D 09:56:52.5504928 PowerTaskList.DebugPrintPower() -         tag=HAS_ACTIVATE_POWER value=1
D 09:56:52.5504928 PowerTaskList.DebugPrintPower() -         tag=3085 value=2
D 09:56:52.5504928 PowerTaskList.DebugPrintPower() -         tag=3557 value=1
D 09:56:52.5504928 PowerTaskList.DebugPrintPower() -     TAG_CHANGE Entity=[entityName=UNKNOWN ENTITY [cardType=INVALID] id=15 zone=HAND zonePos=1 cardId= player=1] tag=ZONE_POSITION value=2 
D 09:56:52.5504928 PowerTaskList.DebugPrintPower() -     META_DATA - Meta=SLUSH_TIME Data=3000 InfoCount=1
D 09:56:52.5504928 PowerTaskList.DebugPrintPower() -                 Info[0] = [entityName=UNKNOWN ENTITY [cardType=INVALID] id=15 zone=HAND zonePos=1 cardId= player=1]
D 09:56:52.5504928 PowerTaskList.DebugDump() - Block End=(null)
D 09:56:52.5504928 PowerProcessor.PrepareHistoryForCurrentTaskList() - m_currentTaskList=90
D 09:56:52.5504928 PowerProcessor.DoTaskListForCard() - unhandled BlockType PLAY for sourceEntity [entityName=UNKNOWN ENTITY [cardType=INVALID] id=15 zone=HAND zonePos=1 cardId= player=1]
D 09:56:53.7605432 GameState.DebugPrintPowerList() - Count=16
D 09:56:53.7605432 GameState.DebugPrintPower() - BLOCK_START BlockType=PLAY Entity=[entityName=下水道管网 id=15 zone=PLAY zonePos=2 cardId=JAIL_877 player=1] EffectCardId=System.Collections.Generic.List`1[System.String] EffectIndex=0 Target=0 SubOption=-1 
D 09:56:53.7605432 GameState.DebugPrintPower() -     BLOCK_START BlockType=POWER Entity=[entityName=下水道管网 id=15 zone=PLAY zonePos=2 cardId=JAIL_877 player=1] EffectCardId=System.Collections.Generic.List`1[System.String] EffectIndex=0 Target=0 SubOption=-1 
D 09:56:53.7605432 GameState.DebugPrintPower() -         META_DATA - Meta=EFFECT_TIMING Data=0 InfoCount=1
D 09:56:53.7605432 GameState.DebugPrintPower() -                     Info[0] = [entityName=下水道管网 id=15 zone=PLAY zonePos=2 cardId=JAIL_877 player=1]
D 09:56:53.7605432 GameState.DebugPrintPower() -         SUB_SPELL_START - SpellPrefabGUID=ReuseFX_Undead_SpawnToHand_Burrowing_Mist_Super:249eb64f06e8a4f4b8a3640af5e02aa0 Source=15 TargetCount=0
D 09:56:53.7605432 GameState.DebugPrintPower() -                           Source = [entityName=下水道管网 id=15 zone=PLAY zonePos=2 cardId=JAIL_877 player=1]
D 09:56:53.7605432 GameState.DebugPrintPower() -             FULL_ENTITY - Creating ID=110 CardID=JAIL_877t
D 09:56:53.7605432 GameState.DebugPrintPower() -                 tag=CONTROLLER value=1
D 09:56:53.7605432 GameState.DebugPrintPower() -                 tag=CARDTYPE value=MINION
D 09:56:53.7605432 GameState.DebugPrintPower() -                 tag=1196 value=1
D 09:56:53.7605432 GameState.DebugPrintPower() -                 tag=TAG_LAST_KNOWN_COST_IN_HAND value=2
D 09:56:53.7605432 GameState.DebugPrintPower() -                 tag=479 value=2
D 09:56:53.7605432 GameState.DebugPrintPower() -                 tag=COST value=2
D 09:56:53.7605432 GameState.DebugPrintPower() -                 tag=ATK value=2
D 09:56:53.7605432 GameState.DebugPrintPower() -                 tag=HEALTH value=1
D 09:56:53.7605432 GameState.DebugPrintPower() -                 tag=EXHAUSTED value=1
D 09:56:53.7605432 GameState.DebugPrintPower() -                 tag=ZONE value=PLAY
D 09:56:53.7605432 GameState.DebugPrintPower() -                 tag=ENTITY_ID value=110
D 09:56:53.7605432 GameState.DebugPrintPower() -                 tag=CLASS value=HUNTER
D 09:56:53.7605432 GameState.DebugPrintPower() -                 tag=CARDRACE value=BEAST
D 09:56:53.7605432 GameState.DebugPrintPower() -                 tag=DEATHRATTLE value=1
D 09:56:53.7605432 GameState.DebugPrintPower() -                 tag=ZONE_POSITION value=3
D 09:56:53.7605432 GameState.DebugPrintPower() -                 tag=CREATOR value=15
D 09:56:53.7605432 GameState.DebugPrintPower() -                 tag=1037 value=1
D 09:56:53.7605432 GameState.DebugPrintPower() -                 tag=1254 value=15
D 09:56:53.7605432 GameState.DebugPrintPower() -                 tag=CREATOR_DBID value=126295
D 09:56:53.7605432 GameState.DebugPrintPower() -                 tag=SPAWN_TIME_COUNT value=1
D 09:56:53.7605432 GameState.DebugPrintPower() -                 tag=HAS_ACTIVATE_POWER value=1
D 09:56:53.7605432 GameState.DebugPrintPower() -                 tag=3085 value=1
D 09:56:53.7605432 GameState.DebugPrintPower() -                 tag=4901 value=1
D 09:56:53.7605432 GameState.DebugPrintPower() -             TAG_CHANGE Entity=110 tag=4901 value=0 
D 09:56:53.7605432 GameState.DebugPrintPower() -         SUB_SPELL_END
D 09:56:53.7605432 GameState.DebugPrintPower() -         TAG_CHANGE Entity=[entityName=下水道管网 id=15 zone=PLAY zonePos=2 cardId=JAIL_877 player=1] tag=LOCATION_ACTION_COOLDOWN value=1 
D 09:56:53.7605432 GameState.DebugPrintPower() -     BLOCK_END
D 09:56:53.7605432 GameState.DebugPrintPower() -     TAG_CHANGE Entity=拯救网瘾对手#5318 tag=3525 value=1 
D 09:56:53.7605432 GameState.DebugPrintPower() -     TAG_CHANGE Entity=[entityName=下水道管网 id=15 zone=PLAY zonePos=2 cardId=JAIL_877 player=1] tag=DAMAGE value=1 
D 09:56:53.7605432 GameState.DebugPrintPower() -     TAG_CHANGE Entity=[entityName=下水道管网 id=15 zone=PLAY zonePos=2 cardId=JAIL_877 player=1] tag=EXHAUSTED value=1 
D 09:56:53.7605432 GameState.DebugPrintPower() -     TAG_CHANGE Entity=GameEntity tag=1323 value=5 
D 09:56:53.7605432 GameState.DebugPrintPower() -     TAG_CHANGE Entity=拯救网瘾对手#5318 tag=NUM_OPTIONS_PLAYED_THIS_TURN value=2 
D 09:56:53.7605432 GameState.DebugPrintPower() - BLOCK_END
D 09:56:53.7605432 GameState.DebugPrintPower() - META_DATA - Meta=SLUSH_TIME Data=1000 InfoCount=1
D 09:56:53.7605432 GameState.DebugPrintPower() -             Info[0] = [entityName=下水道管网 id=15 zone=PLAY zonePos=2 cardId=JAIL_877 player=1]
D 09:56:53.9621162 PowerProcessor.EndCurrentTaskList() - m_currentTaskList=90
D 09:56:53.9690060 PowerTaskList.DebugDump() - ID=91 ParentID=90 PreviousID=0 TaskCount=0
D 09:56:53.9690060 PowerTaskList.DebugPrintPower() - BLOCK_START BlockType=POWER Entity=[entityName=下水道管网 id=15 zone=PLAY zonePos=2 cardId=JAIL_877 player=1] EffectCardId=System.Collections.Generic.List`1[System.String] EffectIndex=0 Target=0 SubOption=-1 
D 09:56:53.9690060 PowerTaskList.DebugPrintPower() - BLOCK_END
D 09:56:53.9690060 PowerProcessor.PrepareHistoryForCurrentTaskList() - m_currentTaskList=91
D 09:56:53.9690060 PowerProcessor.EndCurrentTaskList() - m_currentTaskList=91
D 09:56:53.9690060 PowerTaskList.DebugDump() - ID=92 ParentID=0 PreviousID=90 TaskCount=3
D 09:56:53.9690060 PowerTaskList.DebugDump() - Block Start=(null)
D 09:56:53.9690060 PowerTaskList.DebugPrintPower() -     TAG_CHANGE Entity=拯救网瘾对手#5318 tag=COMBO_ACTIVE value=1 
D 09:56:53.9690060 PowerTaskList.DebugPrintPower() -     TAG_CHANGE Entity=GameEntity tag=1323 value=4 
D 09:56:53.9690060 PowerTaskList.DebugPrintPower() -     TAG_CHANGE Entity=拯救网瘾对手#5318 tag=NUM_OPTIONS_PLAYED_THIS_TURN value=1 
D 09:56:53.9690060 PowerTaskList.DebugPrintPower() - BLOCK_END
D 09:56:53.9690060 PowerProcessor.PrepareHistoryForCurrentTaskList() - m_currentTaskList=92
D 09:56:53.9690060 PowerProcessor.DoTaskListForCard() - unhandled BlockType PLAY for sourceEntity [entityName=下水道管网 id=15 zone=PLAY zonePos=2 cardId=JAIL_877 player=1]
D 09:56:53.9690060 PowerProcessor.EndCurrentTaskList() - m_currentTaskList=92
D 09:56:54.8523007 GameState.DebugPrintPowerList() - Count=43
D 09:56:54.8523007 GameState.DebugPrintPower() - TAG_CHANGE Entity=[entityName=鼠吻贮藏者 id=110 zone=PLAY zonePos=3 cardId=JAIL_877t player=1] tag=1196 value=0 
D 09:56:54.8523007 GameState.DebugPrintPower() - TAG_CHANGE Entity=[entityName=奇迹推销员 id=4 zone=PLAY zonePos=1 cardId=WW_331 player=1] tag=CARD_TARGET value=92 
D 09:56:54.8523007 GameState.DebugPrintPower() - BLOCK_START BlockType=ATTACK Entity=[entityName=奇迹推销员 id=4 zone=PLAY zonePos=1 cardId=WW_331 player=1] EffectCardId=System.Collections.Generic.List`1[System.String] EffectIndex=0 Target=[entityName=嘲风望月露娜拉 id=92 zone=PLAY zonePos=0 cardId=HERO_06bi player=2] SubOption=-1 
D 09:56:54.8523007 GameState.DebugPrintPower() -     TAG_CHANGE Entity=[entityName=奇迹推销员 id=4 zone=PLAY zonePos=1 cardId=WW_331 player=1] tag=1715 value=4 
D 09:56:54.8523007 GameState.DebugPrintPower() -     TAG_CHANGE Entity=[entityName=嘲风望月露娜拉 id=92 zone=PLAY zonePos=0 cardId=HERO_06bi player=2] tag=1715 value=4 
D 09:56:54.8523007 GameState.DebugPrintPower() -     TAG_CHANGE Entity=拯救网瘾对手#5318 tag=NUM_FRIENDLY_MINIONS_THAT_ATTACKED_THIS_TURN value=1 
D 09:56:54.8523007 GameState.DebugPrintPower() -     TAG_CHANGE Entity=GameEntity tag=PROPOSED_ATTACKER value=4 
D 09:56:54.8523007 GameState.DebugPrintPower() -     TAG_CHANGE Entity=GameEntity tag=PROPOSED_DEFENDER value=92 
D 09:56:54.8523007 GameState.DebugPrintPower() -     TAG_CHANGE Entity=[entityName=奇迹推销员 id=4 zone=PLAY zonePos=1 cardId=WW_331 player=1] tag=ATTACKING value=1 
D 09:56:54.8523007 GameState.DebugPrintPower() -     META_DATA - Meta=SLUSH_TIME Data=1200 InfoCount=1
D 09:56:54.8523007 GameState.DebugPrintPower() -                 Info[0] = [entityName=奇迹推销员 id=4 zone=PLAY zonePos=1 cardId=WW_331 player=1]
D 09:56:54.8523007 GameState.DebugPrintPower() -     TAG_CHANGE Entity=[entityName=嘲风望月露娜拉 id=92 zone=PLAY zonePos=0 cardId=HERO_06bi player=2] tag=DEFENDING value=1 
D 09:56:54.8523007 GameState.DebugPrintPower() -     TAG_CHANGE Entity=[entityName=奇迹推销员 id=4 zone=PLAY zonePos=1 cardId=WW_331 player=1] tag=NUM_ATTACKS_THIS_TURN value=1 
D 09:56:54.8523007 GameState.DebugPrintPower() -     TAG_CHANGE Entity=[entityName=奇迹推销员 id=4 zone=PLAY zonePos=1 cardId=WW_331 player=1] tag=4163 value=1 
D 09:56:54.8523007 GameState.DebugPrintPower() -     TAG_CHANGE Entity=[entityName=奇迹推销员 id=4 zone=PLAY zonePos=1 cardId=WW_331 player=1] tag=EXHAUSTED value=1 
D 09:56:54.8523007 GameState.DebugPrintPower() -     TAG_CHANGE Entity=[entityName=嘲风望月露娜拉 id=92 zone=PLAY zonePos=0 cardId=HERO_06bi player=2] tag=2187 value=4 
D 09:56:54.8523007 GameState.DebugPrintPower() -     TAG_CHANGE Entity=[entityName=嘲风望月露娜拉 id=92 zone=PLAY zonePos=0 cardId=HERO_06bi player=2] tag=PREDAMAGE value=2 
D 09:56:54.8523007 GameState.DebugPrintPower() -     TAG_CHANGE Entity=[entityName=嘲风望月露娜拉 id=92 zone=PLAY zonePos=0 cardId=HERO_06bi player=2] tag=1173 value=92 
D 09:56:54.8523007 GameState.DebugPrintPower() -     TAG_CHANGE Entity=[entityName=嘲风望月露娜拉 id=92 zone=PLAY zonePos=0 cardId=HERO_06bi player=2] tag=2187 value=0 
D 09:56:54.8523007 GameState.DebugPrintPower() -     TAG_CHANGE Entity=[entityName=嘲风望月露娜拉 id=92 zone=PLAY zonePos=0 cardId=HERO_06bi player=2] tag=PREDAMAGE value=0 
D 09:56:54.8523007 GameState.DebugPrintPower() -     TAG_CHANGE Entity=[entityName=嘲风望月露娜拉 id=92 zone=PLAY zonePos=0 cardId=HERO_06bi player=2] tag=1173 value=0 
D 09:56:54.8523007 GameState.DebugPrintPower() -     TAG_CHANGE Entity=[entityName=嘲风望月露娜拉 id=92 zone=PLAY zonePos=0 cardId=HERO_06bi player=2] tag=PREDAMAGE value=2 
D 09:56:54.8523007 GameState.DebugPrintPower() -     TAG_CHANGE Entity=[entityName=嘲风望月露娜拉 id=92 zone=PLAY zonePos=0 cardId=HERO_06bi player=2] tag=PREDAMAGE value=0 
D 09:56:54.8523007 GameState.DebugPrintPower() -     META_DATA - Meta=DAMAGE Data=2 InfoCount=1
D 09:56:54.8523007 GameState.DebugPrintPower() -                 Info[0] = [entityName=嘲风望月露娜拉 id=92 zone=PLAY zonePos=0 cardId=HERO_06bi player=2]
D 09:56:54.8523007 GameState.DebugPrintPower() -     TAG_CHANGE Entity=[entityName=嘲风望月露娜拉 id=92 zone=PLAY zonePos=0 cardId=HERO_06bi player=2] tag=ARMOR value=0 
D 09:56:54.8523007 GameState.DebugPrintPower() -     TAG_CHANGE Entity=湫然#51704 tag=3143 value=1 
D 09:56:54.8523007 GameState.DebugPrintPower() -     TAG_CHANGE Entity=[entityName=嘲风望月露娜拉 id=92 zone=PLAY zonePos=0 cardId=HERO_06bi player=2] tag=4741 value=2 
D 09:56:54.8523007 GameState.DebugPrintPower() -     TAG_CHANGE Entity=[entityName=嘲风望月露娜拉 id=92 zone=PLAY zonePos=0 cardId=HERO_06bi player=2] tag=LAST_AFFECTED_BY value=4 
D 09:56:54.8523007 GameState.DebugPrintPower() -     TAG_CHANGE Entity=[entityName=嘲风望月露娜拉 id=92 zone=PLAY zonePos=0 cardId=HERO_06bi player=2] tag=DAMAGE value=1 
D 09:56:54.8523007 GameState.DebugPrintPower() -     TAG_CHANGE Entity=湫然#51704 tag=464 value=2 
D 09:56:54.8523007 GameState.DebugPrintPower() -     TAG_CHANGE Entity=湫然#51704 tag=1853 value=2 
D 09:56:54.8523007 GameState.DebugPrintPower() -     TAG_CHANGE Entity=湫然#51704 tag=4453 value=1 
D 09:56:54.8523007 GameState.DebugPrintPower() -     TAG_CHANGE Entity=湫然#51704 tag=DAMAGE_DEALT_TO_HERO_LAST_TURN value=2 
D 09:56:54.8523007 GameState.DebugPrintPower() -     TAG_CHANGE Entity=湫然#51704 tag=1575 value=1 
D 09:56:54.8523007 GameState.DebugPrintPower() -     TAG_CHANGE Entity=GameEntity tag=1710 value=1 
D 09:56:54.8523007 GameState.DebugPrintPower() -     TAG_CHANGE Entity=GameEntity tag=1710 value=0 
D 09:56:54.8523007 GameState.DebugPrintPower() -     TAG_CHANGE Entity=GameEntity tag=PROPOSED_ATTACKER value=0 
D 09:56:54.8523007 GameState.DebugPrintPower() -     TAG_CHANGE Entity=GameEntity tag=PROPOSED_DEFENDER value=0 
D 09:56:54.8523007 GameState.DebugPrintPower() -     TAG_CHANGE Entity=[entityName=奇迹推销员 id=4 zone=PLAY zonePos=1 cardId=WW_331 player=1] tag=ATTACKING value=0 
D 09:56:54.8523007 GameState.DebugPrintPower() -     TAG_CHANGE Entity=[entityName=嘲风望月露娜拉 id=92 zone=PLAY zonePos=0 cardId=HERO_06bi player=2] tag=DEFENDING value=0 
D 09:56:54.8523007 GameState.DebugPrintPower() - BLOCK_END
D 09:56:54.8523007 GameState.DebugPrintPower() - TAG_CHANGE Entity=GameEntity tag=1323 value=6 
D 09:56:54.8523007 GameState.DebugPrintPower() - TAG_CHANGE Entity=拯救网瘾对手#5318 tag=NUM_OPTIONS_PLAYED_THIS_TURN value=3 
D 09:56:54.8523007 GameState.DebugPrintPower() - META_DATA - Meta=SLUSH_TIME Data=1000 InfoCount=1
D 09:56:54.8523007 GameState.DebugPrintPower() -             Info[0] = [entityName=奇迹推销员 id=4 zone=PLAY zonePos=1 cardId=WW_331 player=1]
D 09:56:55.6091576 PowerTaskList.DebugDump() - ID=93 ParentID=0 PreviousID=0 TaskCount=1
D 09:56:55.6091576 PowerTaskList.DebugDump() - Block Start=(null)
D 09:56:55.6091576 PowerTaskList.DebugPrintPower() -     META_DATA - Meta=SLUSH_TIME Data=1000 InfoCount=1
D 09:56:55.6091576 PowerTaskList.DebugPrintPower() -                 Info[0] = [entityName=下水道管网 id=15 zone=PLAY zonePos=2 cardId=JAIL_877 player=1]
D 09:56:55.6091576 PowerTaskList.DebugDump() - Block End=(null)
D 09:56:55.6091576 PowerProcessor.PrepareHistoryForCurrentTaskList() - m_currentTaskList=93
D 09:56:55.6091576 PowerProcessor.EndCurrentTaskList() - m_currentTaskList=93
D 09:56:55.6091576 PowerTaskList.DebugDump() - ID=94 ParentID=0 PreviousID=0 TaskCount=0
D 09:56:55.6091576 PowerTaskList.DebugPrintPower() - BLOCK_START BlockType=PLAY Entity=[entityName=下水道管网 id=15 zone=PLAY zonePos=2 cardId=JAIL_877 player=1] EffectCardId=System.Collections.Generic.List`1[System.String] EffectIndex=0 Target=0 SubOption=-1 
D 09:56:55.6091576 PowerTaskList.DebugDump() - Block End=(null)
D 09:56:55.6091576 PowerProcessor.PrepareHistoryForCurrentTaskList() - m_currentTaskList=94
D 09:56:55.6091576 PowerProcessor.DoTaskListForCard() - unhandled BlockType PLAY for sourceEntity [entityName=下水道管网 id=15 zone=PLAY zonePos=2 cardId=JAIL_877 player=1]
D 09:56:55.6091576 PowerProcessor.EndCurrentTaskList() - m_currentTaskList=94
D 09:56:56.6236644 PowerTaskList.DebugDump() - ID=95 ParentID=94 PreviousID=0 TaskCount=1
D 09:56:56.6236644 PowerTaskList.DebugPrintPower() - BLOCK_START BlockType=POWER Entity=[entityName=下水道管网 id=15 zone=PLAY zonePos=2 cardId=JAIL_877 player=1] EffectCardId=System.Collections.Generic.List`1[System.String] EffectIndex=0 Target=0 SubOption=-1 
D 09:56:56.6236644 PowerTaskList.DebugPrintPower() -     META_DATA - Meta=EFFECT_TIMING Data=0 InfoCount=1
D 09:56:56.6236644 PowerTaskList.DebugPrintPower() -                 Info[0] = [entityName=下水道管网 id=15 zone=PLAY zonePos=2 cardId=JAIL_877 player=1]
D 09:56:56.6236644 PowerTaskList.DebugDump() - Block End=(null)
D 09:56:56.6236644 PowerProcessor.PrepareHistoryForCurrentTaskList() - m_currentTaskList=95
D 09:56:56.6236644 PowerProcessor.EndCurrentTaskList() - m_currentTaskList=95
D 09:56:56.6236644 PowerTaskList.DebugDump() - ID=96 ParentID=94 PreviousID=95 TaskCount=4
D 09:56:56.6236644 PowerTaskList.DebugDump() - Block Start=(null)
D 09:56:56.6236644 PowerTaskList.DebugPrintPower() -     SUB_SPELL_START - SpellPrefabGUID=ReuseFX_Undead_SpawnToHand_Burrowing_Mist_Super:249eb64f06e8a4f4b8a3640af5e02aa0 Source=15 TargetCount=0
D 09:56:56.6236644 PowerTaskList.DebugPrintPower() -                       Source = [entityName=下水道管网 id=15 zone=PLAY zonePos=2 cardId=JAIL_877 player=1]
D 09:56:56.6236644 PowerTaskList.DebugPrintPower() -         FULL_ENTITY - Updating [entityName=鼠吻贮藏者 id=110 zone=PLAY zonePos=3 cardId=JAIL_877t player=1] CardID=JAIL_877t
D 09:56:56.6236644 PowerTaskList.DebugPrintPower() -             tag=CONTROLLER value=1
D 09:56:56.6236644 PowerTaskList.DebugPrintPower() -             tag=CARDTYPE value=MINION
D 09:56:56.6236644 PowerTaskList.DebugPrintPower() -             tag=1196 value=1
D 09:56:56.6236644 PowerTaskList.DebugPrintPower() -             tag=TAG_LAST_KNOWN_COST_IN_HAND value=2
D 09:56:56.6236644 PowerTaskList.DebugPrintPower() -             tag=479 value=2
D 09:56:56.6236644 PowerTaskList.DebugPrintPower() -             tag=COST value=2
D 09:56:56.6236644 PowerTaskList.DebugPrintPower() -             tag=ATK value=2
D 09:56:56.6236644 PowerTaskList.DebugPrintPower() -             tag=HEALTH value=1
D 09:56:56.6236644 PowerTaskList.DebugPrintPower() -             tag=EXHAUSTED value=1
D 09:56:56.6236644 PowerTaskList.DebugPrintPower() -             tag=ZONE value=PLAY
D 09:56:56.6236644 PowerTaskList.DebugPrintPower() -             tag=ENTITY_ID value=110
D 09:56:56.6236644 PowerTaskList.DebugPrintPower() -             tag=CLASS value=HUNTER
D 09:56:56.6236644 PowerTaskList.DebugPrintPower() -             tag=CARDRACE value=BEAST
D 09:56:56.6236644 PowerTaskList.DebugPrintPower() -             tag=DEATHRATTLE value=1
D 09:56:56.6236644 PowerTaskList.DebugPrintPower() -             tag=ZONE_POSITION value=3
D 09:56:56.6236644 PowerTaskList.DebugPrintPower() -             tag=CREATOR value=15
D 09:56:56.6236644 PowerTaskList.DebugPrintPower() -             tag=1037 value=1
D 09:56:56.6236644 PowerTaskList.DebugPrintPower() -             tag=1254 value=15
D 09:56:56.6236644 PowerTaskList.DebugPrintPower() -             tag=CREATOR_DBID value=126295
D 09:56:56.6236644 PowerTaskList.DebugPrintPower() -             tag=SPAWN_TIME_COUNT value=1
D 09:56:56.6236644 PowerTaskList.DebugPrintPower() -             tag=HAS_ACTIVATE_POWER value=1
D 09:56:56.6236644 PowerTaskList.DebugPrintPower() -             tag=3085 value=1
D 09:56:56.6236644 PowerTaskList.DebugPrintPower() -             tag=4901 value=1
D 09:56:56.6236644 PowerTaskList.DebugPrintPower() -         TAG_CHANGE Entity=[entityName=鼠吻贮藏者 id=110 zone=PLAY zonePos=3 cardId=JAIL_877t player=1] tag=4901 value=0 
D 09:56:56.6236644 PowerTaskList.DebugPrintPower() -     SUB_SPELL_END
D 09:56:56.6236644 PowerTaskList.DebugDump() - Block End=(null)
D 09:56:56.6236644 PowerProcessor.PrepareHistoryForCurrentTaskList() - m_currentTaskList=96
D 09:56:57.0393230 GameState.DebugPrintPowerList() - Count=88
D 09:56:57.0393230 GameState.DebugPrintPower() - TAG_CHANGE Entity=GameEntity tag=STEP value=MAIN_END 
D 09:56:57.0393230 GameState.DebugPrintPower() - BLOCK_START BlockType=TRIGGER Entity=拯救网瘾对手#5318 EffectCardId=System.Collections.Generic.List`1[System.String] EffectIndex=-1 Target=0 SubOption=-1 TriggerKeyword=TAG_NOT_SET
D 09:56:57.0393230 GameState.DebugPrintPower() -     TAG_CHANGE Entity=GameEntity tag=NEXT_STEP value=MAIN_CLEANUP 
D 09:56:57.0393230 GameState.DebugPrintPower() - BLOCK_END
D 09:56:57.0393230 GameState.DebugPrintPower() - BLOCK_START BlockType=TRIGGER Entity=拯救网瘾对手#5318 EffectCardId=System.Collections.Generic.List`1[System.String] EffectIndex=-1 Target=0 SubOption=-1 TriggerKeyword=TAG_NOT_SET
D 09:56:57.0393230 GameState.DebugPrintPower() - BLOCK_END
D 09:56:57.0393230 GameState.DebugPrintPower() - BLOCK_START BlockType=TRIGGER Entity=湫然#51704 EffectCardId=System.Collections.Generic.List`1[System.String] EffectIndex=-1 Target=0 SubOption=-1 TriggerKeyword=TAG_NOT_SET
D 09:56:57.0393230 GameState.DebugPrintPower() - BLOCK_END
D 09:56:57.0393230 GameState.DebugPrintPower() - TAG_CHANGE Entity=GameEntity tag=STEP value=MAIN_CLEANUP 
D 09:56:57.0393230 GameState.DebugPrintPower() - BLOCK_START BlockType=TRIGGER Entity=拯救网瘾对手#5318 EffectCardId=System.Collections.Generic.List`1[System.String] EffectIndex=-1 Target=0 SubOption=-1 TriggerKeyword=TAG_NOT_SET
D 09:56:57.0393230 GameState.DebugPrintPower() -     TAG_CHANGE Entity=[entityName=下水道管网 id=15 zone=PLAY zonePos=2 cardId=JAIL_877 player=1] tag=JUST_PLAYED value=0 
D 09:56:57.0393230 GameState.DebugPrintPower() -     TAG_CHANGE Entity=拯救网瘾对手#5318 tag=COMBO_ACTIVE value=0 
D 09:56:57.0393230 GameState.DebugPrintPower() -     TAG_CHANGE Entity=GameEntity tag=NEXT_STEP value=MAIN_NEXT 
D 09:56:57.0393230 GameState.DebugPrintPower() - BLOCK_END
D 09:56:57.0393230 GameState.DebugPrintPower() - BLOCK_START BlockType=TRIGGER Entity=湫然#51704 EffectCardId=System.Collections.Generic.List`1[System.String] EffectIndex=-1 Target=0 SubOption=-1 TriggerKeyword=TAG_NOT_SET
D 09:56:57.0393230 GameState.DebugPrintPower() - BLOCK_END
D 09:56:57.0393230 GameState.DebugPrintPower() - TAG_CHANGE Entity=GameEntity tag=STEP value=MAIN_NEXT 
D 09:56:57.0393230 GameState.DebugPrintPower() - BLOCK_START BlockType=TRIGGER Entity=GameEntity EffectCardId=System.Collections.Generic.List`1[System.String] EffectIndex=-1 Target=0 SubOption=-1 TriggerKeyword=TAG_NOT_SET
D 09:56:57.0393230 GameState.DebugPrintPower() -     TAG_CHANGE Entity=拯救网瘾对手#5318 tag=1292 value=0 
D 09:56:57.0393230 GameState.DebugPrintPower() -     TAG_CHANGE Entity=湫然#51704 tag=1292 value=1 
D 09:56:57.0393230 GameState.DebugPrintPower() -     TAG_CHANGE Entity=拯救网瘾对手#5318 tag=TIMEOUT value=75 
D 09:56:57.0393230 GameState.DebugPrintPower() -     TAG_CHANGE Entity=[entityName=黑市拍卖师 id=51 zone=HAND zonePos=1 cardId=JAIL_718 player=2] tag=NUM_TURNS_IN_HAND value=5 
D 09:56:57.0393230 GameState.DebugPrintPower() -     TAG_CHANGE Entity=[entityName=雷霆绽放 id=78 zone=HAND zonePos=2 cardId=SCH_427 player=2] tag=NUM_TURNS_IN_HAND value=5 
D 09:56:57.0393230 GameState.DebugPrintPower() -     TAG_CHANGE Entity=[entityName=活体根须 id=56 zone=HAND zonePos=3 cardId=CORE_AT_037 player=2] tag=NUM_TURNS_IN_HAND value=5 
D 09:56:57.0393230 GameState.DebugPrintPower() -     TAG_CHANGE Entity=[entityName=月光射线 id=60 zone=HAND zonePos=4 cardId=TID_001 player=2] tag=NUM_TURNS_IN_HAND value=5 
D 09:56:57.0393230 GameState.DebugPrintPower() -     TAG_CHANGE Entity=[entityName=黑市拍卖师 id=75 zone=HAND zonePos=5 cardId=JAIL_718 player=2] tag=NUM_TURNS_IN_HAND value=3 
D 09:56:57.0393230 GameState.DebugPrintPower() -     TAG_CHANGE Entity=拯救网瘾对手#5318 tag=CURRENT_PLAYER value=0 
D 09:56:57.0393230 GameState.DebugPrintPower() -     TAG_CHANGE Entity=湫然#51704 tag=CURRENT_PLAYER value=1 
D 09:56:57.0393230 GameState.DebugPrintPower() -     TAG_CHANGE Entity=GameEntity tag=TURN value=5 
D 09:56:57.0393230 GameState.DebugPrintPower() -     TAG_CHANGE Entity=GameEntity tag=1882 value=4 
D 09:56:57.0393230 GameState.DebugPrintPower() -     TAG_CHANGE Entity=湫然#51704 tag=TURN value=3 
D 09:56:57.0393230 GameState.DebugPrintPower() -     TAG_CHANGE Entity=GameEntity tag=NEXT_STEP value=MAIN_READY 
D 09:56:57.0393230 GameState.DebugPrintPower() - BLOCK_END
D 09:56:57.0393230 GameState.DebugPrintPower() - TAG_CHANGE Entity=GameEntity tag=STEP value=MAIN_READY 
D 09:56:57.0393230 GameState.DebugPrintPower() - BLOCK_START BlockType=TRIGGER Entity=湫然#51704 EffectCardId=System.Collections.Generic.List`1[System.String] EffectIndex=-1 Target=0 SubOption=-1 TriggerKeyword=TAG_NOT_SET
D 09:56:57.0393230 GameState.DebugPrintPower() -     TAG_CHANGE Entity=GameEntity tag=NUM_TURNS_IN_PLAY value=5 
D 09:56:57.0393230 GameState.DebugPrintPower() -     TAG_CHANGE Entity=拯救网瘾对手#5318 tag=NUM_TURNS_IN_PLAY value=5 
D 09:56:57.0393230 GameState.DebugPrintPower() -     TAG_CHANGE Entity=湫然#51704 tag=NUM_TURNS_IN_PLAY value=5 
D 09:56:57.0393230 GameState.DebugPrintPower() -     TAG_CHANGE Entity=[entityName=雷克萨 id=90 zone=PLAY zonePos=0 cardId=HERO_05 player=1] tag=NUM_TURNS_IN_PLAY value=5 
D 09:56:57.0393230 GameState.DebugPrintPower() -     TAG_CHANGE Entity=[entityName=稳固射击 id=91 zone=PLAY zonePos=0 cardId=HERO_05bp player=1] tag=NUM_TURNS_IN_PLAY value=5 
D 09:56:57.0393230 GameState.DebugPrintPower() -     TAG_CHANGE Entity=[entityName=嘲风望月露娜拉 id=92 zone=PLAY zonePos=0 cardId=HERO_06bi player=2] tag=NUM_TURNS_IN_PLAY value=5 
D 09:56:57.0393230 GameState.DebugPrintPower() -     TAG_CHANGE Entity=[entityName=变形 id=93 zone=PLAY zonePos=0 cardId=HERO_06ebp player=2] tag=NUM_TURNS_IN_PLAY value=5 
D 09:56:57.0393230 GameState.DebugPrintPower() -     TAG_CHANGE Entity=[entityName=奇迹推销员 id=4 zone=PLAY zonePos=1 cardId=WW_331 player=1] tag=NUM_TURNS_IN_PLAY value=3 
D 09:56:57.0393230 GameState.DebugPrintPower() -     TAG_CHANGE Entity=[entityName=下水道管网 id=15 zone=PLAY zonePos=2 cardId=JAIL_877 player=1] tag=NUM_TURNS_IN_PLAY value=1 
D 09:56:57.0393230 GameState.DebugPrintPower() -     TAG_CHANGE Entity=[entityName=鼠吻贮藏者 id=110 zone=PLAY zonePos=3 cardId=JAIL_877t player=1] tag=NUM_TURNS_IN_PLAY value=1 
D 09:56:57.0393230 GameState.DebugPrintPower() -     TAG_CHANGE Entity=湫然#51704 tag=RESOURCES value=3 
D 09:56:57.0393230 GameState.DebugPrintPower() -     TAG_CHANGE Entity=湫然#51704 tag=RESOURCES_USED value=0 
D 09:56:57.0393230 GameState.DebugPrintPower() -     TAG_CHANGE Entity=[entityName=奇迹推销员 id=4 zone=PLAY zonePos=1 cardId=WW_331 player=1] tag=NUM_ATTACKS_THIS_TURN value=0 
D 09:56:57.0393230 GameState.DebugPrintPower() -     TAG_CHANGE Entity=湫然#51704 tag=NUM_OPTIONS_PLAYED_THIS_TURN value=0 
D 09:56:57.0393230 GameState.DebugPrintPower() -     TAG_CHANGE Entity=[entityName=嘲风望月露娜拉 id=92 zone=PLAY zonePos=0 cardId=HERO_06bi player=2] tag=EXHAUSTED value=0 
D 09:56:57.0393230 GameState.DebugPrintPower() -     TAG_CHANGE Entity=[entityName=变形 id=93 zone=PLAY zonePos=0 cardId=HERO_06ebp player=2] tag=EXHAUSTED value=0 
D 09:56:57.0393230 GameState.DebugPrintPower() -     TAG_CHANGE Entity=拯救网瘾对手#5318 tag=NUM_CARDS_DRAWN_THIS_TURN value=0 
D 09:56:57.0393230 GameState.DebugPrintPower() -     TAG_CHANGE Entity=GameEntity tag=NEXT_STEP value=MAIN_START_TRIGGERS 
D 09:56:57.0393230 GameState.DebugPrintPower() -     TAG_CHANGE Entity=湫然#51704 tag=464 value=0 
D 09:56:57.0393230 GameState.DebugPrintPower() -     TAG_CHANGE Entity=湫然#51704 tag=4453 value=0 
D 09:56:57.0393230 GameState.DebugPrintPower() -     TAG_CHANGE Entity=湫然#51704 tag=1575 value=0 
D 09:56:57.0393230 GameState.DebugPrintPower() -     TAG_CHANGE Entity=湫然#51704 tag=3143 value=0 
D 09:56:57.0393230 GameState.DebugPrintPower() -     TAG_CHANGE Entity=拯救网瘾对手#5318 tag=DAMAGE_DEALT_TO_HERO_LAST_TURN value=0 
D 09:56:57.0393230 GameState.DebugPrintPower() -     TAG_CHANGE Entity=[entityName=嘲风望月露娜拉 id=92 zone=PLAY zonePos=0 cardId=HERO_06bi player=2] tag=NUM_ATTACKS_THIS_TURN value=0 
D 09:56:57.0393230 GameState.DebugPrintPower() -     TAG_CHANGE Entity=拯救网瘾对手#5318 tag=NUM_FRIENDLY_MINIONS_THAT_ATTACKED_THIS_TURN value=0 
D 09:56:57.0393230 GameState.DebugPrintPower() -     TAG_CHANGE Entity=湫然#51704 tag=HEROPOWER_ACTIVATIONS_THIS_TURN value=0 
D 09:56:57.0393230 GameState.DebugPrintPower() -     TAG_CHANGE Entity=[entityName=变形 id=93 zone=PLAY zonePos=0 cardId=HERO_06ebp player=2] tag=HEROPOWER_ACTIVATIONS_THIS_TURN value=0 
D 09:56:57.0393230 GameState.DebugPrintPower() -     TAG_CHANGE Entity=湫然#51704 tag=1739 value=0 
D 09:56:57.0393230 GameState.DebugPrintPower() - BLOCK_END
D 09:56:57.0393230 GameState.DebugPrintPower() - TAG_CHANGE Entity=GameEntity tag=STEP value=MAIN_START_TRIGGERS 
D 09:56:57.0393230 GameState.DebugPrintPower() - BLOCK_START BlockType=TRIGGER Entity=湫然#51704 EffectCardId=System.Collections.Generic.List`1[System.String] EffectIndex=-1 Target=0 SubOption=-1 TriggerKeyword=TAG_NOT_SET
D 09:56:57.0393230 GameState.DebugPrintPower() -     TAG_CHANGE Entity=GameEntity tag=NEXT_STEP value=MAIN_START 
D 09:56:57.0393230 GameState.DebugPrintPower() - BLOCK_END
D 09:56:57.0393230 GameState.DebugPrintPower() - TAG_CHANGE Entity=GameEntity tag=STEP value=MAIN_START 
D 09:56:57.0393230 GameState.DebugPrintPower() - BLOCK_START BlockType=TRIGGER Entity=湫然#51704 EffectCardId=System.Collections.Generic.List`1[System.String] EffectIndex=-1 Target=0 SubOption=-1 TriggerKeyword=TAG_NOT_SET
D 09:56:57.0393230 GameState.DebugPrintPower() -     TAG_CHANGE Entity=湫然#51704 tag=2166 value=87 
D 09:56:57.0393230 GameState.DebugPrintPower() -     TAG_CHANGE Entity=湫然#51704 tag=467 value=1 
D 09:56:57.0393230 GameState.DebugPrintPower() -     SHOW_ENTITY - Updating Entity=[entityName=UNKNOWN ENTITY [cardType=INVALID] id=87 zone=DECK zonePos=0 cardId= player=2] CardID=TIME_701
D 09:56:57.0393230 GameState.DebugPrintPower() -         tag=CONTROLLER value=2
D 09:56:57.0393230 GameState.DebugPrintPower() -         tag=CARDTYPE value=SPELL
D 09:56:57.0393230 GameState.DebugPrintPower() -         tag=TAG_LAST_KNOWN_COST_IN_HAND value=1
D 09:56:57.0393230 GameState.DebugPrintPower() -         tag=COST value=1
D 09:56:57.0393230 GameState.DebugPrintPower() -         tag=ZONE value=HAND
D 09:56:57.0393230 GameState.DebugPrintPower() -         tag=ENTITY_ID value=87
D 09:56:57.0393230 GameState.DebugPrintPower() -         tag=CLASS value=DRUID
D 09:56:57.0393230 GameState.DebugPrintPower() -         tag=RARITY value=RARE
D 09:56:57.0393230 GameState.DebugPrintPower() -         tag=DISCOVER value=1
D 09:56:57.0393230 GameState.DebugPrintPower() -         tag=478 value=2
D 09:56:57.0393230 GameState.DebugPrintPower() -         tag=1037 value=2
D 09:56:57.0393230 GameState.DebugPrintPower() -         tag=1043 value=1
D 09:56:57.0393230 GameState.DebugPrintPower() -         tag=1068 value=0
D 09:56:57.0393230 GameState.DebugPrintPower() -         tag=USE_DISCOVER_VISUALS value=1
D 09:56:57.0393230 GameState.DebugPrintPower() -         tag=SPAWN_TIME_COUNT value=1
D 09:56:57.0393230 GameState.DebugPrintPower() -         tag=SPELL_SCHOOL value=4
D 09:56:57.0393230 GameState.DebugPrintPower() -     TAG_CHANGE Entity=[entityName=UNKNOWN ENTITY [cardType=INVALID] id=87 zone=DECK zonePos=0 cardId= player=2] tag=NUM_TURNS_IN_HAND value=1 
D 09:56:57.0393230 GameState.DebugPrintPower() -     TAG_CHANGE Entity=[entityName=UNKNOWN ENTITY [cardType=INVALID] id=87 zone=DECK zonePos=0 cardId= player=2] tag=ZONE_POSITION value=6 
D 09:56:57.0393230 GameState.DebugPrintPower() -     TAG_CHANGE Entity=[entityName=UNKNOWN ENTITY [cardType=INVALID] id=87 zone=DECK zonePos=0 cardId= player=2] tag=ZONE_POSITION value=0 
D 09:56:57.0393230 GameState.DebugPrintPower() -     TAG_CHANGE Entity=[entityName=UNKNOWN ENTITY [cardType=INVALID] id=87 zone=DECK zonePos=0 cardId= player=2] tag=ZONE_POSITION value=6 
D 09:56:57.0393230 GameState.DebugPrintPower() -     TAG_CHANGE Entity=湫然#51704 tag=3242 value=1 
D 09:56:57.0393230 GameState.DebugPrintPower() -     TAG_CHANGE Entity=湫然#51704 tag=NUM_CARDS_DRAWN_THIS_TURN value=1 
D 09:56:57.0393230 GameState.DebugPrintPower() -     TAG_CHANGE Entity=湫然#51704 tag=995 value=3 
D 09:56:57.0393230 GameState.DebugPrintPower() -     TAG_CHANGE Entity=[entityName=UNKNOWN ENTITY [cardType=INVALID] id=87 zone=DECK zonePos=0 cardId= player=2] tag=1570 value=5 
D 09:56:57.0393230 GameState.DebugPrintPower() -     TAG_CHANGE Entity=湫然#51704 tag=467 value=0 
D 09:56:57.0393230 GameState.DebugPrintPower() -     TAG_CHANGE Entity=GameEntity tag=NEXT_STEP value=MAIN_ACTION 
D 09:56:57.0393230 GameState.DebugPrintPower() - BLOCK_END
D 09:56:57.0393230 GameState.DebugPrintPower() - TAG_CHANGE Entity=GameEntity tag=STEP value=MAIN_ACTION 
D 09:56:57.0393230 GameState.DebugPrintPower() - BLOCK_START BlockType=TRIGGER Entity=湫然#51704 EffectCardId=System.Collections.Generic.List`1[System.String] EffectIndex=-1 Target=0 SubOption=-1 TriggerKeyword=TAG_NOT_SET
D 09:56:57.0393230 GameState.DebugPrintPower() -     TAG_CHANGE Entity=GameEntity tag=NEXT_STEP value=MAIN_END 
D 09:56:57.0393230 GameState.DebugPrintPower() - BLOCK_END
D 09:56:57.1828023 GameState.DebugPrintOptions() - id=11
D 09:56:57.1828023 GameState.DebugPrintOptions() -   option 0 type=END_TURN mainEntity= error=INVALID errorParam=
D 09:56:57.1828023 GameState.DebugPrintOptions() -   option 1 type=POWER mainEntity=[entityName=黑市拍卖师 id=51 zone=HAND zonePos=1 cardId=JAIL_718 player=2] error=NONE errorParam=
D 09:56:57.1828023 GameState.DebugPrintOptions() -   option 2 type=POWER mainEntity=[entityName=雷霆绽放 id=78 zone=HAND zonePos=2 cardId=SCH_427 player=2] error=NONE errorParam=
D 09:56:57.1828023 GameState.DebugPrintOptions() -   option 3 type=POWER mainEntity=[entityName=活体根须 id=56 zone=HAND zonePos=3 cardId=CORE_AT_037 player=2] error=NONE errorParam=
D 09:56:57.1828023 GameState.DebugPrintOptions() -     subOption 0 entity=[entityName=缠人根须 id=57 zone=SETASIDE zonePos=0 cardId=AT_037a player=2] error=NONE errorParam=
D 09:56:57.1828023 GameState.DebugPrintOptions() -       target 0 entity=[entityName=雷克萨 id=90 zone=PLAY zonePos=0 cardId=HERO_05 player=1] error=NONE errorParam=
D 09:56:57.1828023 GameState.DebugPrintOptions() -       target 1 entity=[entityName=嘲风望月露娜拉 id=92 zone=PLAY zonePos=0 cardId=HERO_06bi player=2] error=NONE errorParam=
D 09:56:57.1828023 GameState.DebugPrintOptions() -       target 2 entity=[entityName=奇迹推销员 id=4 zone=PLAY zonePos=1 cardId=WW_331 player=1] error=NONE errorParam=
D 09:56:57.1828023 GameState.DebugPrintOptions() -       target 3 entity=[entityName=鼠吻贮藏者 id=110 zone=PLAY zonePos=3 cardId=JAIL_877t player=1] error=NONE errorParam=
D 09:56:57.1828023 GameState.DebugPrintOptions() -       target 4 entity=[entityName=下水道管网 id=15 zone=PLAY zonePos=2 cardId=JAIL_877 player=1] error=REQ_HERO_OR_MINION_TARGET errorParam=
D 09:56:57.1828023 GameState.DebugPrintOptions() -     subOption 1 entity=[entityName=并蒂树苗 id=58 zone=SETASIDE zonePos=0 cardId=AT_037b player=2] error=NONE errorParam=
D 09:56:57.1828023 GameState.DebugPrintOptions() -   option 4 type=POWER mainEntity=[entityName=月光射线 id=60 zone=HAND zonePos=4 cardId=TID_001 player=2] error=NONE errorParam=
D 09:56:57.1828023 GameState.DebugPrintOptions() -     target 0 entity=[entityName=雷克萨 id=90 zone=PLAY zonePos=0 cardId=HERO_05 player=1] error=NONE errorParam=
D 09:56:57.1828023 GameState.DebugPrintOptions() -     target 1 entity=[entityName=奇迹推销员 id=4 zone=PLAY zonePos=1 cardId=WW_331 player=1] error=NONE errorParam=
D 09:56:57.1828023 GameState.DebugPrintOptions() -     target 2 entity=[entityName=鼠吻贮藏者 id=110 zone=PLAY zonePos=3 cardId=JAIL_877t player=1] error=NONE errorParam=
D 09:56:57.1828023 GameState.DebugPrintOptions() -     target 3 entity=[entityName=嘲风望月露娜拉 id=92 zone=PLAY zonePos=0 cardId=HERO_06bi player=2] error=REQ_ENEMY_TARGET errorParam=
D 09:56:57.1828023 GameState.DebugPrintOptions() -     target 4 entity=[entityName=下水道管网 id=15 zone=PLAY zonePos=2 cardId=JAIL_877 player=1] error=REQ_HERO_OR_MINION_TARGET errorParam=
D 09:56:57.1828023 GameState.DebugPrintOptions() -   option 5 type=POWER mainEntity=[entityName=黑市拍卖师 id=75 zone=HAND zonePos=5 cardId=JAIL_718 player=2] error=NONE errorParam=
D 09:56:57.1828023 GameState.DebugPrintOptions() -   option 6 type=POWER mainEntity=[entityName=UNKNOWN ENTITY [cardType=INVALID] id=87 zone=DECK zonePos=0 cardId= player=2] error=NONE errorParam=
D 09:56:57.1828023 GameState.DebugPrintOptions() -   option 7 type=POWER mainEntity=[entityName=变形 id=93 zone=PLAY zonePos=0 cardId=HERO_06ebp player=2] error=NONE errorParam=
D 09:56:57.1828023 GameState.DebugPrintOptions() -   option 8 type=POWER mainEntity=[entityName=黑市拍卖师 id=51 zone=HAND zonePos=1 cardId=JAIL_718 player=2] error=REQ_ENOUGH_MANA errorParam=
D 09:56:57.1828023 GameState.DebugPrintOptions() -   option 9 type=POWER mainEntity=[entityName=黑市拍卖师 id=75 zone=HAND zonePos=5 cardId=JAIL_718 player=2] error=REQ_ENOUGH_MANA errorParam=
D 09:56:57.1828023 GameState.DebugPrintOptions() -   option 10 type=POWER mainEntity=[entityName=雷克萨 id=90 zone=PLAY zonePos=0 cardId=HERO_05 player=1] error=REQ_YOUR_TURN errorParam=
D 09:56:57.1828023 GameState.DebugPrintOptions() -   option 11 type=POWER mainEntity=[entityName=稳固射击 id=91 zone=PLAY zonePos=0 cardId=HERO_05bp player=1] error=REQ_YOUR_TURN errorParam=
D 09:56:57.1828023 GameState.DebugPrintOptions() -   option 12 type=POWER mainEntity=[entityName=嘲风望月露娜拉 id=92 zone=PLAY zonePos=0 cardId=HERO_06bi player=2] error=REQ_ATTACK_GREATER_THAN_0 errorParam=
D 09:56:57.1828023 GameState.DebugPrintOptions() -   option 13 type=POWER mainEntity=[entityName=奇迹推销员 id=4 zone=PLAY zonePos=1 cardId=WW_331 player=1] error=REQ_YOUR_TURN errorParam=
D 09:56:57.1828023 GameState.DebugPrintOptions() -   option 14 type=POWER mainEntity=[entityName=下水道管网 id=15 zone=PLAY zonePos=2 cardId=JAIL_877 player=1] error=REQ_YOUR_TURN errorParam=
D 09:56:57.1828023 GameState.DebugPrintOptions() -   option 15 type=POWER mainEntity=[entityName=鼠吻贮藏者 id=110 zone=PLAY zonePos=3 cardId=JAIL_877t player=1] error=REQ_YOUR_TURN errorParam=
D 09:56:58.1078509 PowerProcessor.EndCurrentTaskList() - m_currentTaskList=96
D 09:56:58.1157219 PowerTaskList.DebugDump() - ID=97 ParentID=94 PreviousID=96 TaskCount=1
D 09:56:58.1157219 PowerTaskList.DebugDump() - Block Start=(null)
D 09:56:58.1157219 PowerTaskList.DebugPrintPower() -     TAG_CHANGE Entity=[entityName=下水道管网 id=15 zone=PLAY zonePos=2 cardId=JAIL_877 player=1] tag=LOCATION_ACTION_COOLDOWN value=1 
D 09:56:58.1157219 PowerTaskList.DebugPrintPower() - BLOCK_END
D 09:56:58.1157219 PowerProcessor.PrepareHistoryForCurrentTaskList() - m_currentTaskList=97
D 09:56:58.1157219 PowerProcessor.EndCurrentTaskList() - m_currentTaskList=97
D 09:56:58.1157219 PowerTaskList.DebugDump() - ID=98 ParentID=0 PreviousID=94 TaskCount=5
D 09:56:58.1157219 PowerTaskList.DebugDump() - Block Start=(null)
D 09:56:58.1157219 PowerTaskList.DebugPrintPower() -     TAG_CHANGE Entity=拯救网瘾对手#5318 tag=3525 value=1 
D 09:56:58.1157219 PowerTaskList.DebugPrintPower() -     TAG_CHANGE Entity=[entityName=下水道管网 id=15 zone=PLAY zonePos=2 cardId=JAIL_877 player=1] tag=DAMAGE value=1 
D 09:56:58.1157219 PowerTaskList.DebugPrintPower() -     TAG_CHANGE Entity=[entityName=下水道管网 id=15 zone=PLAY zonePos=2 cardId=JAIL_877 player=1] tag=EXHAUSTED value=1 
D 09:56:58.1157219 PowerTaskList.DebugPrintPower() -     TAG_CHANGE Entity=GameEntity tag=1323 value=5 
D 09:56:58.1157219 PowerTaskList.DebugPrintPower() -     TAG_CHANGE Entity=拯救网瘾对手#5318 tag=NUM_OPTIONS_PLAYED_THIS_TURN value=2 
D 09:56:58.1157219 PowerTaskList.DebugPrintPower() - BLOCK_END
D 09:56:58.1157219 PowerProcessor.PrepareHistoryForCurrentTaskList() - m_currentTaskList=98
D 09:56:58.1157219 PowerProcessor.DoTaskListForCard() - unhandled BlockType PLAY for sourceEntity [entityName=下水道管网 id=15 zone=PLAY zonePos=2 cardId=JAIL_877 player=1]
D 09:56:58.1157219 PowerProcessor.EndCurrentTaskList() - m_currentTaskList=98
D 09:56:58.6296414 PowerTaskList.DebugDump() - ID=99 ParentID=0 PreviousID=0 TaskCount=1
D 09:56:58.6296414 PowerTaskList.DebugDump() - Block Start=(null)
D 09:56:58.6296414 PowerTaskList.DebugPrintPower() -     META_DATA - Meta=SLUSH_TIME Data=1000 InfoCount=1
D 09:56:58.6296414 PowerTaskList.DebugPrintPower() -                 Info[0] = [entityName=下水道管网 id=15 zone=PLAY zonePos=2 cardId=JAIL_877 player=1]
D 09:56:58.6296414 PowerTaskList.DebugDump() - Block End=(null)
D 09:56:58.6296414 PowerProcessor.PrepareHistoryForCurrentTaskList() - m_currentTaskList=99
D 09:56:58.6296414 PowerProcessor.EndCurrentTaskList() - m_currentTaskList=99
D 09:56:58.6296414 PowerTaskList.DebugDump() - ID=100 ParentID=0 PreviousID=0 TaskCount=2
D 09:56:58.6296414 PowerTaskList.DebugDump() - Block Start=(null)
D 09:56:58.6296414 PowerTaskList.DebugPrintPower() -     TAG_CHANGE Entity=[entityName=鼠吻贮藏者 id=110 zone=PLAY zonePos=3 cardId=JAIL_877t player=1] tag=1196 value=0 
D 09:56:58.6296414 PowerTaskList.DebugPrintPower() -     TAG_CHANGE Entity=[entityName=奇迹推销员 id=4 zone=PLAY zonePos=1 cardId=WW_331 player=1] tag=CARD_TARGET value=92 
D 09:56:58.6296414 PowerTaskList.DebugDump() - Block End=(null)
D 09:56:58.6296414 PowerProcessor.PrepareHistoryForCurrentTaskList() - m_currentTaskList=100
D 09:56:58.6296414 PowerProcessor.EndCurrentTaskList() - m_currentTaskList=100
D 09:56:58.6296414 PowerTaskList.DebugDump() - ID=101 ParentID=100 PreviousID=0 TaskCount=36
D 09:56:58.6296414 PowerTaskList.DebugPrintPower() - BLOCK_START BlockType=ATTACK Entity=[entityName=奇迹推销员 id=4 zone=PLAY zonePos=1 cardId=WW_331 player=1] EffectCardId=System.Collections.Generic.List`1[System.String] EffectIndex=0 Target=[entityName=嘲风望月露娜拉 id=92 zone=PLAY zonePos=0 cardId=HERO_06bi player=2] SubOption=-1 
D 09:56:58.6296414 PowerTaskList.DebugPrintPower() -     TAG_CHANGE Entity=[entityName=奇迹推销员 id=4 zone=PLAY zonePos=1 cardId=WW_331 player=1] tag=1715 value=4 
D 09:56:58.6296414 PowerTaskList.DebugPrintPower() -     TAG_CHANGE Entity=[entityName=嘲风望月露娜拉 id=92 zone=PLAY zonePos=0 cardId=HERO_06bi player=2] tag=1715 value=4 
D 09:56:58.6296414 PowerTaskList.DebugPrintPower() -     TAG_CHANGE Entity=拯救网瘾对手#5318 tag=NUM_FRIENDLY_MINIONS_THAT_ATTACKED_THIS_TURN value=1 
D 09:56:58.6296414 PowerTaskList.DebugPrintPower() -     TAG_CHANGE Entity=GameEntity tag=PROPOSED_ATTACKER value=4 
D 09:56:58.6296414 PowerTaskList.DebugPrintPower() -     TAG_CHANGE Entity=GameEntity tag=PROPOSED_DEFENDER value=92 
D 09:56:58.6296414 PowerTaskList.DebugPrintPower() -     TAG_CHANGE Entity=[entityName=奇迹推销员 id=4 zone=PLAY zonePos=1 cardId=WW_331 player=1] tag=ATTACKING value=1 
D 09:56:58.6296414 PowerTaskList.DebugPrintPower() -     META_DATA - Meta=SLUSH_TIME Data=1200 InfoCount=1
D 09:56:58.6296414 PowerTaskList.DebugPrintPower() -                 Info[0] = [entityName=奇迹推销员 id=4 zone=PLAY zonePos=1 cardId=WW_331 player=1]
D 09:56:58.6296414 PowerTaskList.DebugPrintPower() -     TAG_CHANGE Entity=[entityName=嘲风望月露娜拉 id=92 zone=PLAY zonePos=0 cardId=HERO_06bi player=2] tag=DEFENDING value=1 
D 09:56:58.6296414 PowerTaskList.DebugPrintPower() -     TAG_CHANGE Entity=[entityName=奇迹推销员 id=4 zone=PLAY zonePos=1 cardId=WW_331 player=1] tag=NUM_ATTACKS_THIS_TURN value=1 
D 09:56:58.6296414 PowerTaskList.DebugPrintPower() -     TAG_CHANGE Entity=[entityName=奇迹推销员 id=4 zone=PLAY zonePos=1 cardId=WW_331 player=1] tag=4163 value=1 
D 09:56:58.6296414 PowerTaskList.DebugPrintPower() -     TAG_CHANGE Entity=[entityName=奇迹推销员 id=4 zone=PLAY zonePos=1 cardId=WW_331 player=1] tag=EXHAUSTED value=1 
D 09:56:58.6296414 PowerTaskList.DebugPrintPower() -     TAG_CHANGE Entity=[entityName=嘲风望月露娜拉 id=92 zone=PLAY zonePos=0 cardId=HERO_06bi player=2] tag=2187 value=4 
D 09:56:58.6296414 PowerTaskList.DebugPrintPower() -     TAG_CHANGE Entity=[entityName=嘲风望月露娜拉 id=92 zone=PLAY zonePos=0 cardId=HERO_06bi player=2] tag=PREDAMAGE value=2 
D 09:56:58.6296414 PowerTaskList.DebugPrintPower() -     TAG_CHANGE Entity=[entityName=嘲风望月露娜拉 id=92 zone=PLAY zonePos=0 cardId=HERO_06bi player=2] tag=1173 value=92 
D 09:56:58.6296414 PowerTaskList.DebugPrintPower() -     TAG_CHANGE Entity=[entityName=嘲风望月露娜拉 id=92 zone=PLAY zonePos=0 cardId=HERO_06bi player=2] tag=2187 value=0 
D 09:56:58.6296414 PowerTaskList.DebugPrintPower() -     TAG_CHANGE Entity=[entityName=嘲风望月露娜拉 id=92 zone=PLAY zonePos=0 cardId=HERO_06bi player=2] tag=PREDAMAGE value=0 
D 09:56:58.6296414 PowerTaskList.DebugPrintPower() -     TAG_CHANGE Entity=[entityName=嘲风望月露娜拉 id=92 zone=PLAY zonePos=0 cardId=HERO_06bi player=2] tag=1173 value=0 
D 09:56:58.6296414 PowerTaskList.DebugPrintPower() -     TAG_CHANGE Entity=[entityName=嘲风望月露娜拉 id=92 zone=PLAY zonePos=0 cardId=HERO_06bi player=2] tag=PREDAMAGE value=2 
D 09:56:58.6296414 PowerTaskList.DebugPrintPower() -     TAG_CHANGE Entity=[entityName=嘲风望月露娜拉 id=92 zone=PLAY zonePos=0 cardId=HERO_06bi player=2] tag=PREDAMAGE value=0 
D 09:56:58.6296414 PowerTaskList.DebugPrintPower() -     META_DATA - Meta=DAMAGE Data=2 InfoCount=1
D 09:56:58.6296414 PowerTaskList.DebugPrintPower() -                 Info[0] = [entityName=嘲风望月露娜拉 id=92 zone=PLAY zonePos=0 cardId=HERO_06bi player=2]
D 09:56:58.6296414 PowerTaskList.DebugPrintPower() -     TAG_CHANGE Entity=[entityName=嘲风望月露娜拉 id=92 zone=PLAY zonePos=0 cardId=HERO_06bi player=2] tag=ARMOR value=0 
D 09:56:58.6296414 PowerTaskList.DebugPrintPower() -     TAG_CHANGE Entity=湫然#51704 tag=3143 value=1 
D 09:56:58.6296414 PowerTaskList.DebugPrintPower() -     TAG_CHANGE Entity=[entityName=嘲风望月露娜拉 id=92 zone=PLAY zonePos=0 cardId=HERO_06bi player=2] tag=4741 value=2 
D 09:56:58.6296414 PowerTaskList.DebugPrintPower() -     TAG_CHANGE Entity=[entityName=嘲风望月露娜拉 id=92 zone=PLAY zonePos=0 cardId=HERO_06bi player=2] tag=LAST_AFFECTED_BY value=4 
D 09:56:58.6296414 PowerTaskList.DebugPrintPower() -     TAG_CHANGE Entity=[entityName=嘲风望月露娜拉 id=92 zone=PLAY zonePos=0 cardId=HERO_06bi player=2] tag=DAMAGE value=1 
D 09:56:58.6296414 PowerTaskList.DebugPrintPower() -     TAG_CHANGE Entity=湫然#51704 tag=464 value=2 
D 09:56:58.6296414 PowerTaskList.DebugPrintPower() -     TAG_CHANGE Entity=湫然#51704 tag=1853 value=2 
D 09:56:58.6296414 PowerTaskList.DebugPrintPower() -     TAG_CHANGE Entity=湫然#51704 tag=4453 value=1 
D 09:56:58.6296414 PowerTaskList.DebugPrintPower() -     TAG_CHANGE Entity=湫然#51704 tag=DAMAGE_DEALT_TO_HERO_LAST_TURN value=2 
D 09:56:58.6296414 PowerTaskList.DebugPrintPower() -     TAG_CHANGE Entity=湫然#51704 tag=1575 value=1 
D 09:56:58.6296414 PowerTaskList.DebugPrintPower() -     TAG_CHANGE Entity=GameEntity tag=1710 value=1 
D 09:56:58.6296414 PowerTaskList.DebugPrintPower() -     TAG_CHANGE Entity=GameEntity tag=1710 value=0 
D 09:56:58.6296414 PowerTaskList.DebugPrintPower() -     TAG_CHANGE Entity=GameEntity tag=PROPOSED_ATTACKER value=0 
D 09:56:58.6296414 PowerTaskList.DebugPrintPower() -     TAG_CHANGE Entity=GameEntity tag=PROPOSED_DEFENDER value=0 
D 09:56:58.6296414 PowerTaskList.DebugPrintPower() -     TAG_CHANGE Entity=[entityName=奇迹推销员 id=4 zone=PLAY zonePos=1 cardId=WW_331 player=1] tag=ATTACKING value=0 
D 09:56:58.6296414 PowerTaskList.DebugPrintPower() -     TAG_CHANGE Entity=[entityName=嘲风望月露娜拉 id=92 zone=PLAY zonePos=0 cardId=HERO_06bi player=2] tag=DEFENDING value=0 
D 09:56:58.6296414 PowerTaskList.DebugPrintPower() - BLOCK_END
D 09:56:58.6296414 PowerProcessor.PrepareHistoryForCurrentTaskList() - m_currentTaskList=101
D 09:56:59.8521708 PowerProcessor.EndCurrentTaskList() - m_currentTaskList=101
D 09:57:01.0106053 PowerTaskList.DebugDump() - ID=102 ParentID=0 PreviousID=0 TaskCount=3
D 09:57:01.0106053 PowerTaskList.DebugDump() - Block Start=(null)
D 09:57:01.0106053 PowerTaskList.DebugPrintPower() -     TAG_CHANGE Entity=GameEntity tag=1323 value=6 
D 09:57:01.0106053 PowerTaskList.DebugPrintPower() -     TAG_CHANGE Entity=拯救网瘾对手#5318 tag=NUM_OPTIONS_PLAYED_THIS_TURN value=3 
D 09:57:01.0106053 PowerTaskList.DebugPrintPower() -     META_DATA - Meta=SLUSH_TIME Data=1000 InfoCount=1
D 09:57:01.0106053 PowerTaskList.DebugPrintPower() -                 Info[0] = [entityName=奇迹推销员 id=4 zone=PLAY zonePos=1 cardId=WW_331 player=1]
D 09:57:01.0106053 PowerTaskList.DebugDump() - Block End=(null)
D 09:57:01.0106053 PowerProcessor.PrepareHistoryForCurrentTaskList() - m_currentTaskList=102
D 09:57:01.0106053 PowerProcessor.EndCurrentTaskList() - m_currentTaskList=102
D 09:57:01.0106053 PowerTaskList.DebugDump() - ID=103 ParentID=0 PreviousID=0 TaskCount=1
D 09:57:01.0106053 PowerTaskList.DebugDump() - Block Start=(null)
D 09:57:01.0106053 PowerTaskList.DebugPrintPower() -     TAG_CHANGE Entity=GameEntity tag=STEP value=MAIN_END 
D 09:57:01.0106053 PowerTaskList.DebugDump() - Block End=(null)
D 09:57:01.0106053 PowerProcessor.PrepareHistoryForCurrentTaskList() - m_currentTaskList=103
D 09:57:01.0106053 PowerProcessor.EndCurrentTaskList() - m_currentTaskList=103
D 09:57:01.0106053 PowerTaskList.DebugDump() - ID=104 ParentID=103 PreviousID=0 TaskCount=1
D 09:57:01.0106053 PowerTaskList.DebugPrintPower() - BLOCK_START BlockType=TRIGGER Entity=拯救网瘾对手#5318 EffectCardId=System.Collections.Generic.List`1[System.String] EffectIndex=-1 Target=0 SubOption=-1 TriggerKeyword=TAG_NOT_SET
D 09:57:01.0106053 PowerTaskList.DebugPrintPower() -     TAG_CHANGE Entity=GameEntity tag=NEXT_STEP value=MAIN_CLEANUP 
D 09:57:01.0106053 PowerTaskList.DebugPrintPower() - BLOCK_END
D 09:57:01.0106053 PowerProcessor.PrepareHistoryForCurrentTaskList() - m_currentTaskList=104
D 09:57:01.0106053 PowerProcessor.EndCurrentTaskList() - m_currentTaskList=104
D 09:57:01.0106053 PowerTaskList.DebugDump() - ID=105 ParentID=0 PreviousID=0 TaskCount=0
D 09:57:01.0106053 PowerTaskList.DebugPrintPower() - BLOCK_START BlockType=TRIGGER Entity=拯救网瘾对手#5318 EffectCardId=System.Collections.Generic.List`1[System.String] EffectIndex=-1 Target=0 SubOption=-1 TriggerKeyword=TAG_NOT_SET
D 09:57:01.0106053 PowerTaskList.DebugPrintPower() - BLOCK_END
D 09:57:01.0106053 PowerProcessor.PrepareHistoryForCurrentTaskList() - m_currentTaskList=105
D 09:57:01.0106053 PowerProcessor.EndCurrentTaskList() - m_currentTaskList=105
D 09:57:01.0106053 PowerTaskList.DebugDump() - ID=106 ParentID=0 PreviousID=0 TaskCount=0
D 09:57:01.0106053 PowerTaskList.DebugPrintPower() - BLOCK_START BlockType=TRIGGER Entity=湫然#51704 EffectCardId=System.Collections.Generic.List`1[System.String] EffectIndex=-1 Target=0 SubOption=-1 TriggerKeyword=TAG_NOT_SET
D 09:57:01.0106053 PowerTaskList.DebugPrintPower() - BLOCK_END
D 09:57:01.0106053 PowerProcessor.PrepareHistoryForCurrentTaskList() - m_currentTaskList=106
D 09:57:01.0106053 PowerProcessor.EndCurrentTaskList() - m_currentTaskList=106
D 09:57:01.0106053 PowerTaskList.DebugDump() - ID=107 ParentID=0 PreviousID=0 TaskCount=1
D 09:57:01.0106053 PowerTaskList.DebugDump() - Block Start=(null)
D 09:57:01.0106053 PowerTaskList.DebugPrintPower() -     TAG_CHANGE Entity=GameEntity tag=STEP value=MAIN_CLEANUP 
D 09:57:01.0106053 PowerTaskList.DebugDump() - Block End=(null)
D 09:57:01.0106053 PowerProcessor.PrepareHistoryForCurrentTaskList() - m_currentTaskList=107
D 09:57:01.0106053 PowerProcessor.EndCurrentTaskList() - m_currentTaskList=107
D 09:57:01.0106053 PowerTaskList.DebugDump() - ID=108 ParentID=0 PreviousID=0 TaskCount=3
D 09:57:01.0106053 PowerTaskList.DebugPrintPower() - BLOCK_START BlockType=TRIGGER Entity=拯救网瘾对手#5318 EffectCardId=System.Collections.Generic.List`1[System.String] EffectIndex=-1 Target=0 SubOption=-1 TriggerKeyword=TAG_NOT_SET
D 09:57:01.0106053 PowerTaskList.DebugPrintPower() -     TAG_CHANGE Entity=[entityName=下水道管网 id=15 zone=PLAY zonePos=2 cardId=JAIL_877 player=1] tag=JUST_PLAYED value=0 
D 09:57:01.0106053 PowerTaskList.DebugPrintPower() -     TAG_CHANGE Entity=拯救网瘾对手#5318 tag=COMBO_ACTIVE value=0 
D 09:57:01.0106053 PowerTaskList.DebugPrintPower() -     TAG_CHANGE Entity=GameEntity tag=NEXT_STEP value=MAIN_NEXT 
D 09:57:01.0106053 PowerTaskList.DebugPrintPower() - BLOCK_END
D 09:57:01.0106053 PowerProcessor.PrepareHistoryForCurrentTaskList() - m_currentTaskList=108
D 09:57:01.0106053 PowerProcessor.EndCurrentTaskList() - m_currentTaskList=108
D 09:57:01.0106053 PowerTaskList.DebugDump() - ID=109 ParentID=0 PreviousID=0 TaskCount=0
D 09:57:01.0106053 PowerTaskList.DebugPrintPower() - BLOCK_START BlockType=TRIGGER Entity=湫然#51704 EffectCardId=System.Collections.Generic.List`1[System.String] EffectIndex=-1 Target=0 SubOption=-1 TriggerKeyword=TAG_NOT_SET
D 09:57:01.0106053 PowerTaskList.DebugPrintPower() - BLOCK_END
D 09:57:01.0106053 PowerProcessor.PrepareHistoryForCurrentTaskList() - m_currentTaskList=109
D 09:57:01.0106053 PowerProcessor.EndCurrentTaskList() - m_currentTaskList=109
D 09:57:01.0106053 PowerTaskList.DebugDump() - ID=110 ParentID=0 PreviousID=0 TaskCount=1
D 09:57:01.0106053 PowerTaskList.DebugDump() - Block Start=(null)
D 09:57:01.0106053 PowerTaskList.DebugPrintPower() -     TAG_CHANGE Entity=GameEntity tag=STEP value=MAIN_NEXT 
D 09:57:01.0106053 PowerTaskList.DebugDump() - Block End=(null)
D 09:57:01.0106053 PowerProcessor.PrepareHistoryForCurrentTaskList() - m_currentTaskList=110
D 09:57:01.0106053 PowerProcessor.EndCurrentTaskList() - m_currentTaskList=110
D 09:57:01.0106053 PowerTaskList.DebugDump() - ID=111 ParentID=0 PreviousID=0 TaskCount=14
D 09:57:01.0106053 PowerTaskList.DebugPrintPower() - BLOCK_START BlockType=TRIGGER Entity=GameEntity EffectCardId=System.Collections.Generic.List`1[System.String] EffectIndex=-1 Target=0 SubOption=-1 TriggerKeyword=TAG_NOT_SET
D 09:57:01.0106053 PowerTaskList.DebugPrintPower() -     TAG_CHANGE Entity=拯救网瘾对手#5318 tag=1292 value=0 
D 09:57:01.0106053 PowerTaskList.DebugPrintPower() -     TAG_CHANGE Entity=湫然#51704 tag=1292 value=1 
D 09:57:01.0106053 PowerTaskList.DebugPrintPower() -     TAG_CHANGE Entity=拯救网瘾对手#5318 tag=TIMEOUT value=75 
D 09:57:01.0106053 PowerTaskList.DebugPrintPower() -     TAG_CHANGE Entity=[entityName=黑市拍卖师 id=51 zone=HAND zonePos=1 cardId=JAIL_718 player=2] tag=NUM_TURNS_IN_HAND value=5 
D 09:57:01.0106053 PowerTaskList.DebugPrintPower() -     TAG_CHANGE Entity=[entityName=雷霆绽放 id=78 zone=HAND zonePos=2 cardId=SCH_427 player=2] tag=NUM_TURNS_IN_HAND value=5 
D 09:57:01.0106053 PowerTaskList.DebugPrintPower() -     TAG_CHANGE Entity=[entityName=活体根须 id=56 zone=HAND zonePos=3 cardId=CORE_AT_037 player=2] tag=NUM_TURNS_IN_HAND value=5 
D 09:57:01.0106053 PowerTaskList.DebugPrintPower() -     TAG_CHANGE Entity=[entityName=月光射线 id=60 zone=HAND zonePos=4 cardId=TID_001 player=2] tag=NUM_TURNS_IN_HAND value=5 
D 09:57:01.0106053 PowerTaskList.DebugPrintPower() -     TAG_CHANGE Entity=[entityName=黑市拍卖师 id=75 zone=HAND zonePos=5 cardId=JAIL_718 player=2] tag=NUM_TURNS_IN_HAND value=3 
D 09:57:01.0106053 PowerTaskList.DebugPrintPower() -     TAG_CHANGE Entity=拯救网瘾对手#5318 tag=CURRENT_PLAYER value=0 
D 09:57:01.0106053 PowerTaskList.DebugPrintPower() -     TAG_CHANGE Entity=湫然#51704 tag=CURRENT_PLAYER value=1 
D 09:57:01.0106053 PowerTaskList.DebugPrintPower() -     TAG_CHANGE Entity=GameEntity tag=TURN value=5 
D 09:57:01.0106053 PowerTaskList.DebugPrintPower() -     TAG_CHANGE Entity=GameEntity tag=1882 value=4 
D 09:57:01.0106053 PowerTaskList.DebugPrintPower() -     TAG_CHANGE Entity=湫然#51704 tag=TURN value=3 
D 09:57:01.0106053 PowerTaskList.DebugPrintPower() -     TAG_CHANGE Entity=GameEntity tag=NEXT_STEP value=MAIN_READY 
D 09:57:01.0106053 PowerTaskList.DebugPrintPower() - BLOCK_END
D 09:57:01.0106053 PowerProcessor.PrepareHistoryForCurrentTaskList() - m_currentTaskList=111
D 09:57:01.0106053 PowerProcessor.EndCurrentTaskList() - m_currentTaskList=111
D 09:57:01.0106053 PowerTaskList.DebugDump() - ID=112 ParentID=0 PreviousID=0 TaskCount=1
D 09:57:01.0106053 PowerTaskList.DebugDump() - Block Start=(null)
D 09:57:01.0106053 PowerTaskList.DebugPrintPower() -     TAG_CHANGE Entity=GameEntity tag=STEP value=MAIN_READY 
D 09:57:01.0106053 PowerTaskList.DebugDump() - Block End=(null)
D 09:57:01.0106053 PowerProcessor.PrepareHistoryForCurrentTaskList() - m_currentTaskList=112
D 09:57:01.0106053 PowerProcessor.EndCurrentTaskList() - m_currentTaskList=112
D 09:57:01.0106053 PowerTaskList.DebugDump() - ID=113 ParentID=0 PreviousID=0 TaskCount=28
D 09:57:01.0106053 PowerTaskList.DebugPrintPower() - BLOCK_START BlockType=TRIGGER Entity=湫然#51704 EffectCardId=System.Collections.Generic.List`1[System.String] EffectIndex=-1 Target=0 SubOption=-1 TriggerKeyword=TAG_NOT_SET
D 09:57:01.0106053 PowerTaskList.DebugPrintPower() -     TAG_CHANGE Entity=GameEntity tag=NUM_TURNS_IN_PLAY value=5 
D 09:57:01.0106053 PowerTaskList.DebugPrintPower() -     TAG_CHANGE Entity=拯救网瘾对手#5318 tag=NUM_TURNS_IN_PLAY value=5 
D 09:57:01.0106053 PowerTaskList.DebugPrintPower() -     TAG_CHANGE Entity=湫然#51704 tag=NUM_TURNS_IN_PLAY value=5 
D 09:57:01.0106053 PowerTaskList.DebugPrintPower() -     TAG_CHANGE Entity=[entityName=雷克萨 id=90 zone=PLAY zonePos=0 cardId=HERO_05 player=1] tag=NUM_TURNS_IN_PLAY value=5 
D 09:57:01.0106053 PowerTaskList.DebugPrintPower() -     TAG_CHANGE Entity=[entityName=稳固射击 id=91 zone=PLAY zonePos=0 cardId=HERO_05bp player=1] tag=NUM_TURNS_IN_PLAY value=5 
D 09:57:01.0106053 PowerTaskList.DebugPrintPower() -     TAG_CHANGE Entity=[entityName=嘲风望月露娜拉 id=92 zone=PLAY zonePos=0 cardId=HERO_06bi player=2] tag=NUM_TURNS_IN_PLAY value=5 
D 09:57:01.0106053 PowerTaskList.DebugPrintPower() -     TAG_CHANGE Entity=[entityName=变形 id=93 zone=PLAY zonePos=0 cardId=HERO_06ebp player=2] tag=NUM_TURNS_IN_PLAY value=5 
D 09:57:01.0106053 PowerTaskList.DebugPrintPower() -     TAG_CHANGE Entity=[entityName=奇迹推销员 id=4 zone=PLAY zonePos=1 cardId=WW_331 player=1] tag=NUM_TURNS_IN_PLAY value=3 
D 09:57:01.0106053 PowerTaskList.DebugPrintPower() -     TAG_CHANGE Entity=[entityName=下水道管网 id=15 zone=PLAY zonePos=2 cardId=JAIL_877 player=1] tag=NUM_TURNS_IN_PLAY value=1 
D 09:57:01.0106053 PowerTaskList.DebugPrintPower() -     TAG_CHANGE Entity=[entityName=鼠吻贮藏者 id=110 zone=PLAY zonePos=3 cardId=JAIL_877t player=1] tag=NUM_TURNS_IN_PLAY value=1 
D 09:57:01.0106053 PowerTaskList.DebugPrintPower() -     TAG_CHANGE Entity=湫然#51704 tag=RESOURCES value=3 
D 09:57:01.0106053 PowerTaskList.DebugPrintPower() -     TAG_CHANGE Entity=湫然#51704 tag=RESOURCES_USED value=0 
D 09:57:01.0106053 PowerTaskList.DebugPrintPower() -     TAG_CHANGE Entity=[entityName=奇迹推销员 id=4 zone=PLAY zonePos=1 cardId=WW_331 player=1] tag=NUM_ATTACKS_THIS_TURN value=0 
D 09:57:01.0106053 PowerTaskList.DebugPrintPower() -     TAG_CHANGE Entity=湫然#51704 tag=NUM_OPTIONS_PLAYED_THIS_TURN value=0 
D 09:57:01.0106053 PowerTaskList.DebugPrintPower() -     TAG_CHANGE Entity=[entityName=嘲风望月露娜拉 id=92 zone=PLAY zonePos=0 cardId=HERO_06bi player=2] tag=EXHAUSTED value=0 
D 09:57:01.0106053 PowerTaskList.DebugPrintPower() -     TAG_CHANGE Entity=[entityName=变形 id=93 zone=PLAY zonePos=0 cardId=HERO_06ebp player=2] tag=EXHAUSTED value=0 
D 09:57:01.0106053 PowerTaskList.DebugPrintPower() -     TAG_CHANGE Entity=拯救网瘾对手#5318 tag=NUM_CARDS_DRAWN_THIS_TURN value=0 
D 09:57:01.0106053 PowerTaskList.DebugPrintPower() -     TAG_CHANGE Entity=GameEntity tag=NEXT_STEP value=MAIN_START_TRIGGERS 
D 09:57:01.0106053 PowerTaskList.DebugPrintPower() -     TAG_CHANGE Entity=湫然#51704 tag=464 value=0 
D 09:57:01.0106053 PowerTaskList.DebugPrintPower() -     TAG_CHANGE Entity=湫然#51704 tag=4453 value=0 
D 09:57:01.0106053 PowerTaskList.DebugPrintPower() -     TAG_CHANGE Entity=湫然#51704 tag=1575 value=0 
D 09:57:01.0106053 PowerTaskList.DebugPrintPower() -     TAG_CHANGE Entity=湫然#51704 tag=3143 value=0 
D 09:57:01.0106053 PowerTaskList.DebugPrintPower() -     TAG_CHANGE Entity=拯救网瘾对手#5318 tag=DAMAGE_DEALT_TO_HERO_LAST_TURN value=0 
D 09:57:01.0106053 PowerTaskList.DebugPrintPower() -     TAG_CHANGE Entity=[entityName=嘲风望月露娜拉 id=92 zone=PLAY zonePos=0 cardId=HERO_06bi player=2] tag=NUM_ATTACKS_THIS_TURN value=0 
D 09:57:01.0106053 PowerTaskList.DebugPrintPower() -     TAG_CHANGE Entity=拯救网瘾对手#5318 tag=NUM_FRIENDLY_MINIONS_THAT_ATTACKED_THIS_TURN value=0 
D 09:57:01.0106053 PowerTaskList.DebugPrintPower() -     TAG_CHANGE Entity=湫然#51704 tag=HEROPOWER_ACTIVATIONS_THIS_TURN value=0 
D 09:57:01.0106053 PowerTaskList.DebugPrintPower() -     TAG_CHANGE Entity=[entityName=变形 id=93 zone=PLAY zonePos=0 cardId=HERO_06ebp player=2] tag=HEROPOWER_ACTIVATIONS_THIS_TURN value=0 
D 09:57:01.0106053 PowerTaskList.DebugPrintPower() -     TAG_CHANGE Entity=湫然#51704 tag=1739 value=0 
D 09:57:01.0106053 PowerTaskList.DebugPrintPower() - BLOCK_END
D 09:57:01.0106053 PowerProcessor.PrepareHistoryForCurrentTaskList() - m_currentTaskList=113
D 09:57:01.0106053 PowerProcessor.EndCurrentTaskList() - m_currentTaskList=113
D 09:57:01.0106053 PowerTaskList.DebugDump() - ID=114 ParentID=0 PreviousID=0 TaskCount=1
D 09:57:01.0106053 PowerTaskList.DebugDump() - Block Start=(null)
D 09:57:01.0106053 PowerTaskList.DebugPrintPower() -     TAG_CHANGE Entity=GameEntity tag=STEP value=MAIN_START_TRIGGERS 
D 09:57:01.0106053 PowerTaskList.DebugDump() - Block End=(null)
D 09:57:01.0106053 PowerProcessor.PrepareHistoryForCurrentTaskList() - m_currentTaskList=114
D 09:57:01.0106053 PowerProcessor.EndCurrentTaskList() - m_currentTaskList=114
D 09:57:01.0106053 PowerTaskList.DebugDump() - ID=115 ParentID=0 PreviousID=0 TaskCount=1
D 09:57:01.0106053 PowerTaskList.DebugPrintPower() - BLOCK_START BlockType=TRIGGER Entity=湫然#51704 EffectCardId=System.Collections.Generic.List`1[System.String] EffectIndex=-1 Target=0 SubOption=-1 TriggerKeyword=TAG_NOT_SET
D 09:57:01.0106053 PowerTaskList.DebugPrintPower() -     TAG_CHANGE Entity=GameEntity tag=NEXT_STEP value=MAIN_START 
D 09:57:01.0106053 PowerTaskList.DebugPrintPower() - BLOCK_END
D 09:57:01.0106053 PowerProcessor.PrepareHistoryForCurrentTaskList() - m_currentTaskList=115
D 09:57:01.0106053 PowerProcessor.EndCurrentTaskList() - m_currentTaskList=115
D 09:57:01.0106053 PowerTaskList.DebugDump() - ID=116 ParentID=0 PreviousID=0 TaskCount=1
D 09:57:01.0106053 PowerTaskList.DebugDump() - Block Start=(null)
D 09:57:01.0106053 PowerTaskList.DebugPrintPower() -     TAG_CHANGE Entity=GameEntity tag=STEP value=MAIN_START 
D 09:57:01.0106053 PowerTaskList.DebugDump() - Block End=(null)
D 09:57:01.0106053 PowerProcessor.PrepareHistoryForCurrentTaskList() - m_currentTaskList=116
D 09:57:01.0106053 PowerProcessor.EndCurrentTaskList() - m_currentTaskList=116
D 09:57:01.0106053 PowerTaskList.DebugDump() - ID=117 ParentID=0 PreviousID=0 TaskCount=13
D 09:57:01.0106053 PowerTaskList.DebugPrintPower() - BLOCK_START BlockType=TRIGGER Entity=湫然#51704 EffectCardId=System.Collections.Generic.List`1[System.String] EffectIndex=-1 Target=0 SubOption=-1 TriggerKeyword=TAG_NOT_SET
D 09:57:01.0106053 PowerTaskList.DebugPrintPower() -     TAG_CHANGE Entity=湫然#51704 tag=2166 value=87 
D 09:57:01.0106053 PowerTaskList.DebugPrintPower() -     TAG_CHANGE Entity=湫然#51704 tag=467 value=1 
D 09:57:01.0106053 PowerTaskList.DebugPrintPower() -     SHOW_ENTITY - Updating Entity=[entityName=UNKNOWN ENTITY [cardType=INVALID] id=87 zone=DECK zonePos=0 cardId= player=2] CardID=TIME_701
D 09:57:01.0106053 PowerTaskList.DebugPrintPower() -         tag=CONTROLLER value=2
D 09:57:01.0106053 PowerTaskList.DebugPrintPower() -         tag=CARDTYPE value=SPELL
D 09:57:01.0106053 PowerTaskList.DebugPrintPower() -         tag=TAG_LAST_KNOWN_COST_IN_HAND value=1
D 09:57:01.0106053 PowerTaskList.DebugPrintPower() -         tag=COST value=1
D 09:57:01.0106053 PowerTaskList.DebugPrintPower() -         tag=ZONE value=HAND
D 09:57:01.0106053 PowerTaskList.DebugPrintPower() -         tag=ENTITY_ID value=87
D 09:57:01.0106053 PowerTaskList.DebugPrintPower() -         tag=CLASS value=DRUID
D 09:57:01.0106053 PowerTaskList.DebugPrintPower() -         tag=RARITY value=RARE
D 09:57:01.0106053 PowerTaskList.DebugPrintPower() -         tag=DISCOVER value=1
D 09:57:01.0106053 PowerTaskList.DebugPrintPower() -         tag=478 value=2
D 09:57:01.0106053 PowerTaskList.DebugPrintPower() -         tag=1037 value=2
D 09:57:01.0106053 PowerTaskList.DebugPrintPower() -         tag=1043 value=1
D 09:57:01.0106053 PowerTaskList.DebugPrintPower() -         tag=1068 value=0
D 09:57:01.0106053 PowerTaskList.DebugPrintPower() -         tag=USE_DISCOVER_VISUALS value=1
D 09:57:01.0106053 PowerTaskList.DebugPrintPower() -         tag=SPAWN_TIME_COUNT value=1
D 09:57:01.0106053 PowerTaskList.DebugPrintPower() -         tag=SPELL_SCHOOL value=4
D 09:57:01.0106053 PowerTaskList.DebugPrintPower() -     TAG_CHANGE Entity=[entityName=UNKNOWN ENTITY [cardType=INVALID] id=87 zone=DECK zonePos=0 cardId= player=2] tag=NUM_TURNS_IN_HAND value=1 
D 09:57:01.0106053 PowerTaskList.DebugPrintPower() -     TAG_CHANGE Entity=[entityName=UNKNOWN ENTITY [cardType=INVALID] id=87 zone=DECK zonePos=0 cardId= player=2] tag=ZONE_POSITION value=6 
D 09:57:01.0106053 PowerTaskList.DebugPrintPower() -     TAG_CHANGE Entity=[entityName=UNKNOWN ENTITY [cardType=INVALID] id=87 zone=DECK zonePos=0 cardId= player=2] tag=ZONE_POSITION value=0 
D 09:57:01.0106053 PowerTaskList.DebugPrintPower() -     TAG_CHANGE Entity=[entityName=UNKNOWN ENTITY [cardType=INVALID] id=87 zone=DECK zonePos=0 cardId= player=2] tag=ZONE_POSITION value=6 
D 09:57:01.0106053 PowerTaskList.DebugPrintPower() -     TAG_CHANGE Entity=湫然#51704 tag=3242 value=1 
D 09:57:01.0106053 PowerTaskList.DebugPrintPower() -     TAG_CHANGE Entity=湫然#51704 tag=NUM_CARDS_DRAWN_THIS_TURN value=1 
D 09:57:01.0106053 PowerTaskList.DebugPrintPower() -     TAG_CHANGE Entity=湫然#51704 tag=995 value=3 
D 09:57:01.0106053 PowerTaskList.DebugPrintPower() -     TAG_CHANGE Entity=[entityName=UNKNOWN ENTITY [cardType=INVALID] id=87 zone=DECK zonePos=0 cardId= player=2] tag=1570 value=5 
D 09:57:01.0106053 PowerTaskList.DebugPrintPower() -     TAG_CHANGE Entity=湫然#51704 tag=467 value=0 
D 09:57:01.0106053 PowerTaskList.DebugPrintPower() -     TAG_CHANGE Entity=GameEntity tag=NEXT_STEP value=MAIN_ACTION 
D 09:57:01.0106053 PowerTaskList.DebugPrintPower() - BLOCK_END
D 09:57:01.0106053 PowerProcessor.PrepareHistoryForCurrentTaskList() - m_currentTaskList=117
D 09:57:01.5494490 PowerProcessor.EndCurrentTaskList() - m_currentTaskList=117
D 09:57:01.5567592 PowerTaskList.DebugDump() - ID=118 ParentID=0 PreviousID=0 TaskCount=1
D 09:57:01.5567592 PowerTaskList.DebugDump() - Block Start=(null)
D 09:57:01.5567592 PowerTaskList.DebugPrintPower() -     TAG_CHANGE Entity=GameEntity tag=STEP value=MAIN_ACTION 
D 09:57:01.5567592 PowerTaskList.DebugDump() - Block End=(null)
D 09:57:01.5567592 PowerProcessor.PrepareHistoryForCurrentTaskList() - m_currentTaskList=118
D 09:57:01.5567592 PowerProcessor.EndCurrentTaskList() - m_currentTaskList=118
D 09:57:01.5567592 PowerTaskList.DebugDump() - ID=119 ParentID=0 PreviousID=0 TaskCount=1
D 09:57:01.5567592 PowerTaskList.DebugPrintPower() - BLOCK_START BlockType=TRIGGER Entity=湫然#51704 EffectCardId=System.Collections.Generic.List`1[System.String] EffectIndex=-1 Target=0 SubOption=-1 TriggerKeyword=TAG_NOT_SET
D 09:57:01.5567592 PowerTaskList.DebugPrintPower() -     TAG_CHANGE Entity=GameEntity tag=NEXT_STEP value=MAIN_END 
D 09:57:01.5567592 PowerTaskList.DebugPrintPower() - BLOCK_END
D 09:57:01.5567592 PowerProcessor.PrepareHistoryForCurrentTaskList() - m_currentTaskList=119
D 09:57:01.5567592 PowerProcessor.EndCurrentTaskList() - m_currentTaskList=119
D 09:57:05.8600858 GameState.SendOption() - selectedOption=1 selectedSubOption=-1 selectedTarget=0 selectedPosition=0
D 09:57:06.2080223 GameState.DebugPrintPowerList() - Count=53
D 09:57:06.2080223 GameState.DebugPrintPower() - BLOCK_START BlockType=DECK_ACTION Entity=[entityName=黑市拍卖师 id=51 zone=HAND zonePos=1 cardId=JAIL_718 player=2] EffectCardId=System.Collections.Generic.List`1[System.String] EffectIndex=0 Target=0 SubOption=-1 
D 09:57:06.2080223 GameState.DebugPrintPower() -     TAG_CHANGE Entity=湫然#51704 tag=2245 value=3 
D 09:57:06.2080223 GameState.DebugPrintPower() -     TAG_CHANGE Entity=湫然#51704 tag=RESOURCES_USED value=1 
D 09:57:06.2080223 GameState.DebugPrintPower() -     TAG_CHANGE Entity=湫然#51704 tag=NUM_RESOURCES_SPENT_THIS_GAME value=3 
D 09:57:06.2080223 GameState.DebugPrintPower() -     TAG_CHANGE Entity=[entityName=黑市拍卖师 id=51 zone=HAND zonePos=1 cardId=JAIL_718 player=2] tag=JUST_PLAYED value=1 
D 09:57:06.2080223 GameState.DebugPrintPower() -     TAG_CHANGE Entity=[entityName=黑市拍卖师 id=51 zone=HAND zonePos=1 cardId=JAIL_718 player=2] tag=3557 value=1 
D 09:57:06.2080223 GameState.DebugPrintPower() -     TAG_CHANGE Entity=[entityName=黑市拍卖师 id=51 zone=HAND zonePos=1 cardId=JAIL_718 player=2] tag=IS_USING_PREPARE_OPTION value=1 
D 09:57:06.2080223 GameState.DebugPrintPower() -     TAG_CHANGE Entity=[entityName=黑市拍卖师 id=51 zone=HAND zonePos=1 cardId=JAIL_718 player=2] tag=PREPARE_REVEALED value=3 
D 09:57:06.2080223 GameState.DebugPrintPower() -     META_DATA - Meta=SLUSH_TIME Data=3000 InfoCount=1
D 09:57:06.2080223 GameState.DebugPrintPower() -                 Info[0] = [entityName=黑市拍卖师 id=51 zone=HAND zonePos=1 cardId=JAIL_718 player=2]
D 09:57:06.2080223 GameState.DebugPrintPower() -     BLOCK_START BlockType=POWER Entity=[entityName=黑市拍卖师 id=51 zone=HAND zonePos=1 cardId=JAIL_718 player=2] EffectCardId=System.Collections.Generic.List`1[System.String] EffectIndex=0 Target=0 SubOption=-1 
D 09:57:06.2080223 GameState.DebugPrintPower() -         TAG_CHANGE Entity=湫然#51704 tag=2245 value=5 
D 09:57:06.2080223 GameState.DebugPrintPower() -         TAG_CHANGE Entity=湫然#51704 tag=RESOURCES_USED value=3 
D 09:57:06.2080223 GameState.DebugPrintPower() -         TAG_CHANGE Entity=湫然#51704 tag=NUM_RESOURCES_SPENT_THIS_GAME value=5 
D 09:57:06.2080223 GameState.DebugPrintPower() -         FULL_ENTITY - Creating ID=112 CardID=JAIL_718
D 09:57:06.2080223 GameState.DebugPrintPower() -             tag=CONTROLLER value=2
D 09:57:06.2080223 GameState.DebugPrintPower() -             tag=CARDTYPE value=MINION
D 09:57:06.2080223 GameState.DebugPrintPower() -             tag=TAG_LAST_KNOWN_COST_IN_HAND value=9
D 09:57:06.2080223 GameState.DebugPrintPower() -             tag=479 value=4
D 09:57:06.2080223 GameState.DebugPrintPower() -             tag=COST value=9
D 09:57:06.2080223 GameState.DebugPrintPower() -             tag=ATK value=4
D 09:57:06.2080223 GameState.DebugPrintPower() -             tag=HEALTH value=4
D 09:57:06.2080223 GameState.DebugPrintPower() -             tag=TRIGGER_VISUAL value=1
D 09:57:06.2080223 GameState.DebugPrintPower() -             tag=ZONE value=SETASIDE
D 09:57:06.2080223 GameState.DebugPrintPower() -             tag=ENTITY_ID value=112
D 09:57:06.2080223 GameState.DebugPrintPower() -             tag=CLASS value=NEUTRAL
D 09:57:06.2080223 GameState.DebugPrintPower() -             tag=RARITY value=EPIC
D 09:57:06.2080223 GameState.DebugPrintPower() -             tag=CREATOR value=51
D 09:57:06.2080223 GameState.DebugPrintPower() -             tag=1037 value=2
D 09:57:06.2080223 GameState.DebugPrintPower() -             tag=CREATOR_DBID value=126210
D 09:57:06.2080223 GameState.DebugPrintPower() -             tag=SPAWN_TIME_COUNT value=1
D 09:57:06.2080223 GameState.DebugPrintPower() -             tag=DECK_ACTION_COST value=1
D 09:57:06.2080223 GameState.DebugPrintPower() -             tag=HAS_SIGNATURE_QUALITY value=1
D 09:57:06.2080223 GameState.DebugPrintPower() -             tag=HAS_ACTIVATE_POWER value=1
D 09:57:06.2080223 GameState.DebugPrintPower() -             tag=3085 value=4
D 09:57:06.2080223 GameState.DebugPrintPower() -             tag=PREPARE value=1
D 09:57:06.2080223 GameState.DebugPrintPower() -             tag=4901 value=1
D 09:57:06.2080223 GameState.DebugPrintPower() -         TAG_CHANGE Entity=112 tag=4901 value=0 
D 09:57:06.2080223 GameState.DebugPrintPower() -         TAG_CHANGE Entity=112 tag=4741 value=1 
D 09:57:06.2080223 GameState.DebugPrintPower() -         TAG_CHANGE Entity=112 tag=COPIED_FROM_ENTITY_ID value=51 
D 09:57:06.2080223 GameState.DebugPrintPower() -         TAG_CHANGE Entity=112 tag=3669 value=1 
D 09:57:06.2080223 GameState.DebugPrintPower() -         FULL_ENTITY - Creating ID=113 CardID=
D 09:57:06.2080223 GameState.DebugPrintPower() -             tag=ZONE value=SETASIDE
D 09:57:06.2080223 GameState.DebugPrintPower() -             tag=CONTROLLER value=2
D 09:57:06.2080223 GameState.DebugPrintPower() -             tag=ENTITY_ID value=113
D 09:57:06.2080223 GameState.DebugPrintPower() -         SHOW_ENTITY - Updating Entity=113 CardID=JAIL_907e02
D 09:57:06.2080223 GameState.DebugPrintPower() -             tag=CONTROLLER value=2
D 09:57:06.2080223 GameState.DebugPrintPower() -             tag=CARDTYPE value=ENCHANTMENT
D 09:57:06.2080223 GameState.DebugPrintPower() -             tag=ATTACHED value=51
D 09:57:06.2080223 GameState.DebugPrintPower() -             tag=ZONE value=SETASIDE
D 09:57:06.2080223 GameState.DebugPrintPower() -             tag=ENTITY_ID value=113
D 09:57:06.2080223 GameState.DebugPrintPower() -             tag=CLASS value=NEUTRAL
D 09:57:06.2080223 GameState.DebugPrintPower() -             tag=CREATOR value=51
D 09:57:06.2080223 GameState.DebugPrintPower() -             tag=1037 value=2
D 09:57:06.2080223 GameState.DebugPrintPower() -             tag=1068 value=0
D 09:57:06.2080223 GameState.DebugPrintPower() -             tag=CREATOR_DBID value=126210
D 09:57:06.2080223 GameState.DebugPrintPower() -             tag=SPAWN_TIME_COUNT value=1
D 09:57:06.2080223 GameState.DebugPrintPower() -             tag=4901 value=0
D 09:57:06.2080223 GameState.DebugPrintPower() -         TAG_CHANGE Entity=113 tag=1068 value=1 
D 09:57:06.2080223 GameState.DebugPrintPower() -         TAG_CHANGE Entity=113 tag=1068 value=0 
D 09:57:06.2080223 GameState.DebugPrintPower() -         TAG_CHANGE Entity=113 tag=ZONE value=PLAY 
D 09:57:06.2080223 GameState.DebugPrintPower() -         TAG_CHANGE Entity=[entityName=黑市拍卖师 id=51 zone=HAND zonePos=1 cardId=JAIL_718 player=2] tag=LITERALLY_UNPLAYABLE value=1 
D 09:57:06.2080223 GameState.DebugPrintPower() -         TAG_CHANGE Entity=[entityName=黑市拍卖师 id=51 zone=HAND zonePos=1 cardId=JAIL_718 player=2] tag=UNPLAYABLE_VISUALS value=1 
D 09:57:06.2080223 GameState.DebugPrintPower() -         TAG_CHANGE Entity=[entityName=黑市拍卖师 id=51 zone=HAND zonePos=1 cardId=JAIL_718 player=2] tag=PREPARING value=1 
D 09:57:06.2080223 GameState.DebugPrintPower() -         TAG_CHANGE Entity=[entityName=黑市拍卖师 id=51 zone=HAND zonePos=1 cardId=JAIL_718 player=2] tag=4741 value=1 
D 09:57:06.2080223 GameState.DebugPrintPower() -         TAG_CHANGE Entity=[entityName=黑市拍卖师 id=51 zone=HAND zonePos=1 cardId=JAIL_718 player=2] tag=LAST_AFFECTED_BY value=51 
D 09:57:06.2080223 GameState.DebugPrintPower() -         FULL_ENTITY - Creating ID=114 CardID=
D 09:57:06.2080223 GameState.DebugPrintPower() -             tag=ZONE value=SETASIDE
D 09:57:06.2080223 GameState.DebugPrintPower() -             tag=CONTROLLER value=2
D 09:57:06.2080223 GameState.DebugPrintPower() -             tag=ENTITY_ID value=114
D 09:57:06.2080223 GameState.DebugPrintPower() -         SHOW_ENTITY - Updating Entity=114 CardID=JAIL_907e
D 09:57:06.2080223 GameState.DebugPrintPower() -             tag=CONTROLLER value=2
D 09:57:06.2080223 GameState.DebugPrintPower() -             tag=CARDTYPE value=ENCHANTMENT
D 09:57:06.2080223 GameState.DebugPrintPower() -             tag=TAG_SCRIPT_DATA_NUM_1 value=4
D 09:57:06.2080223 GameState.DebugPrintPower() -             tag=ATTACHED value=51
D 09:57:06.2080223 GameState.DebugPrintPower() -             tag=ZONE value=SETASIDE
D 09:57:06.2080223 GameState.DebugPrintPower() -             tag=ENTITY_ID value=114
D 09:57:06.2080223 GameState.DebugPrintPower() -             tag=CLASS value=NEUTRAL
D 09:57:06.2080223 GameState.DebugPrintPower() -             tag=CREATOR value=51
D 09:57:06.2080223 GameState.DebugPrintPower() -             tag=1037 value=2
D 09:57:06.2080223 GameState.DebugPrintPower() -             tag=1068 value=0
D 09:57:06.2080223 GameState.DebugPrintPower() -             tag=CREATOR_DBID value=126210
D 09:57:06.2080223 GameState.DebugPrintPower() -             tag=SPAWN_TIME_COUNT value=1
D 09:57:06.2080223 GameState.DebugPrintPower() -             tag=4901 value=0
D 09:57:06.2080223 GameState.DebugPrintPower() -         TAG_CHANGE Entity=114 tag=1068 value=1 
D 09:57:06.2080223 GameState.DebugPrintPower() -         TAG_CHANGE Entity=114 tag=1068 value=0 
D 09:57:06.2080223 GameState.DebugPrintPower() -         TAG_CHANGE Entity=114 tag=ZONE value=PLAY 
D 09:57:06.2080223 GameState.DebugPrintPower() -         TAG_CHANGE Entity=[entityName=黑市拍卖师 id=51 zone=HAND zonePos=1 cardId=JAIL_718 player=2] tag=TAG_LAST_KNOWN_COST_IN_HAND value=5 
D 09:57:06.2080223 GameState.DebugPrintPower() -         TAG_CHANGE Entity=[entityName=黑市拍卖师 id=51 zone=HAND zonePos=1 cardId=JAIL_718 player=2] tag=COST value=5 
D 09:57:06.2080223 GameState.DebugPrintPower() -         TAG_CHANGE Entity=[entityName=黑市拍卖师 id=51 zone=HAND zonePos=1 cardId=JAIL_718 player=2] tag=PREPARED value=4 
D 09:57:06.2080223 GameState.DebugPrintPower() -         TAG_CHANGE Entity=[entityName=黑市拍卖师 id=51 zone=HAND zonePos=1 cardId=JAIL_718 player=2] tag=4741 value=2 
D 09:57:06.2080223 GameState.DebugPrintPower() -         TAG_CHANGE Entity=[entityName=黑市拍卖师 id=51 zone=HAND zonePos=1 cardId=JAIL_718 player=2] tag=PREPARE value=0 
D 09:57:06.2080223 GameState.DebugPrintPower() -         TAG_CHANGE Entity=[entityName=黑市拍卖师 id=51 zone=HAND zonePos=1 cardId=JAIL_718 player=2] tag=4843 value=1 
D 09:57:06.2080223 GameState.DebugPrintPower() -         META_DATA - Meta=OVERRIDE_HISTORY Data=0 InfoCount=1
D 09:57:06.2080223 GameState.DebugPrintPower() -                     Info[0] = [entityName=黑市拍卖师 id=51 zone=HAND zonePos=1 cardId=JAIL_718 player=2]
D 09:57:06.2080223 GameState.DebugPrintPower() -         META_DATA - Meta=HISTORY_TRIGGER_SOURCE Data=0 InfoCount=1
D 09:57:06.2080223 GameState.DebugPrintPower() -                     Info[0] = 112
D 09:57:06.2080223 GameState.DebugPrintPower() -         META_DATA - Meta=HISTORY_TARGET_DONT_DUPLICATE_UNTIL_END Data=0 InfoCount=1
D 09:57:06.2080223 GameState.DebugPrintPower() -                     Info[0] = [entityName=黑市拍卖师 id=51 zone=HAND zonePos=1 cardId=JAIL_718 player=2]
D 09:57:06.2080223 GameState.DebugPrintPower() -         META_DATA - Meta=END_ARTIFICIAL_HISTORY_TILE Data=0 InfoCount=1
D 09:57:06.2080223 GameState.DebugPrintPower() -                     Info[0] = GameEntity
D 09:57:06.2080223 GameState.DebugPrintPower() -     BLOCK_END
D 09:57:06.2080223 GameState.DebugPrintPower() -     TAG_CHANGE Entity=[entityName=黑市拍卖师 id=51 zone=HAND zonePos=1 cardId=JAIL_718 player=2] tag=IS_USING_PREPARE_OPTION value=0 
D 09:57:06.2080223 GameState.DebugPrintPower() -     TAG_CHANGE Entity=[entityName=黑市拍卖师 id=51 zone=HAND zonePos=1 cardId=JAIL_718 player=2] tag=PREPARE_REVEALED value=1 
D 09:57:06.2080223 GameState.DebugPrintPower() -     TAG_CHANGE Entity=[entityName=黑市拍卖师 id=51 zone=HAND zonePos=1 cardId=JAIL_718 player=2] tag=JUST_PLAYED value=0 
D 09:57:06.2080223 GameState.DebugPrintPower() -     TAG_CHANGE Entity=112 tag=3669 value=0 
D 09:57:06.2080223 GameState.DebugPrintPower() -     TAG_CHANGE Entity=[entityName=黑市拍卖师 id=51 zone=HAND zonePos=1 cardId=JAIL_718 player=2] tag=PREPARE_REVEALED value=0 
D 09:57:06.2080223 GameState.DebugPrintPower() -     TAG_CHANGE Entity=GameEntity tag=1323 value=7 
D 09:57:06.2080223 GameState.DebugPrintPower() -     TAG_CHANGE Entity=湫然#51704 tag=NUM_OPTIONS_PLAYED_THIS_TURN value=1 
D 09:57:06.2080223 GameState.DebugPrintPower() - BLOCK_END
D 09:57:06.2080223 GameState.DebugPrintPower() - META_DATA - Meta=SLUSH_TIME Data=1000 InfoCount=1
D 09:57:06.2080223 GameState.DebugPrintPower() -             Info[0] = [entityName=黑市拍卖师 id=51 zone=HAND zonePos=1 cardId=JAIL_718 player=2]
D 09:57:06.2080223 PowerTaskList.DebugDump() - ID=120 ParentID=0 PreviousID=0 TaskCount=8
D 09:57:06.2080223 PowerTaskList.DebugPrintPower() - BLOCK_START BlockType=DECK_ACTION Entity=[entityName=黑市拍卖师 id=51 zone=HAND zonePos=1 cardId=JAIL_718 player=2] EffectCardId=System.Collections.Generic.List`1[System.String] EffectIndex=0 Target=0 SubOption=-1 
D 09:57:06.2080223 PowerTaskList.DebugPrintPower() -     TAG_CHANGE Entity=湫然#51704 tag=2245 value=3 
D 09:57:06.2080223 PowerTaskList.DebugPrintPower() -     TAG_CHANGE Entity=湫然#51704 tag=RESOURCES_USED value=1 
D 09:57:06.2080223 PowerTaskList.DebugPrintPower() -     TAG_CHANGE Entity=湫然#51704 tag=NUM_RESOURCES_SPENT_THIS_GAME value=3 
D 09:57:06.2080223 PowerTaskList.DebugPrintPower() -     TAG_CHANGE Entity=[entityName=黑市拍卖师 id=51 zone=HAND zonePos=1 cardId=JAIL_718 player=2] tag=JUST_PLAYED value=1 
D 09:57:06.2080223 PowerTaskList.DebugPrintPower() -     TAG_CHANGE Entity=[entityName=黑市拍卖师 id=51 zone=HAND zonePos=1 cardId=JAIL_718 player=2] tag=3557 value=1 
D 09:57:06.2080223 PowerTaskList.DebugPrintPower() -     TAG_CHANGE Entity=[entityName=黑市拍卖师 id=51 zone=HAND zonePos=1 cardId=JAIL_718 player=2] tag=IS_USING_PREPARE_OPTION value=1 
D 09:57:06.2080223 PowerTaskList.DebugPrintPower() -     TAG_CHANGE Entity=[entityName=黑市拍卖师 id=51 zone=HAND zonePos=1 cardId=JAIL_718 player=2] tag=PREPARE_REVEALED value=3 
D 09:57:06.2080223 PowerTaskList.DebugPrintPower() -     META_DATA - Meta=SLUSH_TIME Data=3000 InfoCount=1
D 09:57:06.2080223 PowerTaskList.DebugPrintPower() -                 Info[0] = [entityName=黑市拍卖师 id=51 zone=HAND zonePos=1 cardId=JAIL_718 player=2]
D 09:57:06.2080223 PowerTaskList.DebugDump() - Block End=(null)
D 09:57:06.2080223 PowerProcessor.PrepareHistoryForCurrentTaskList() - m_currentTaskList=120
D 09:57:06.2080223 PowerProcessor.DoTaskListForCard() - unhandled BlockType DECK_ACTION for sourceEntity [entityName=黑市拍卖师 id=51 zone=HAND zonePos=1 cardId=JAIL_718 player=2]
D 09:57:06.2080223 PowerProcessor.EndCurrentTaskList() - m_currentTaskList=120
D 09:57:06.2080223 PowerTaskList.DebugDump() - ID=121 ParentID=120 PreviousID=0 TaskCount=33
D 09:57:06.2080223 PowerTaskList.DebugPrintPower() - BLOCK_START BlockType=POWER Entity=[entityName=黑市拍卖师 id=51 zone=HAND zonePos=1 cardId=JAIL_718 player=2] EffectCardId=System.Collections.Generic.List`1[System.String] EffectIndex=0 Target=0 SubOption=-1 
D 09:57:06.2080223 PowerTaskList.DebugPrintPower() -     TAG_CHANGE Entity=湫然#51704 tag=2245 value=5 
D 09:57:06.2080223 PowerTaskList.DebugPrintPower() -     TAG_CHANGE Entity=湫然#51704 tag=RESOURCES_USED value=3 
D 09:57:06.2080223 PowerTaskList.DebugPrintPower() -     TAG_CHANGE Entity=湫然#51704 tag=NUM_RESOURCES_SPENT_THIS_GAME value=5 
D 09:57:06.2080223 PowerTaskList.DebugPrintPower() -     FULL_ENTITY - Updating [entityName=黑市拍卖师 id=112 zone=SETASIDE zonePos=0 cardId=JAIL_718 player=2] CardID=JAIL_718
D 09:57:06.2080223 PowerTaskList.DebugPrintPower() -         tag=CONTROLLER value=2
D 09:57:06.2080223 PowerTaskList.DebugPrintPower() -         tag=CARDTYPE value=MINION
D 09:57:06.2080223 PowerTaskList.DebugPrintPower() -         tag=TAG_LAST_KNOWN_COST_IN_HAND value=9
D 09:57:06.2080223 PowerTaskList.DebugPrintPower() -         tag=479 value=4
D 09:57:06.2080223 PowerTaskList.DebugPrintPower() -         tag=COST value=9
D 09:57:06.2080223 PowerTaskList.DebugPrintPower() -         tag=ATK value=4
D 09:57:06.2080223 PowerTaskList.DebugPrintPower() -         tag=HEALTH value=4
D 09:57:06.2080223 PowerTaskList.DebugPrintPower() -         tag=TRIGGER_VISUAL value=1
D 09:57:06.2080223 PowerTaskList.DebugPrintPower() -         tag=ZONE value=SETASIDE
D 09:57:06.2080223 PowerTaskList.DebugPrintPower() -         tag=ENTITY_ID value=112
D 09:57:06.2080223 PowerTaskList.DebugPrintPower() -         tag=CLASS value=NEUTRAL
D 09:57:06.2080223 PowerTaskList.DebugPrintPower() -         tag=RARITY value=EPIC
D 09:57:06.2080223 PowerTaskList.DebugPrintPower() -         tag=CREATOR value=51
D 09:57:06.2080223 PowerTaskList.DebugPrintPower() -         tag=1037 value=2
D 09:57:06.2080223 PowerTaskList.DebugPrintPower() -         tag=CREATOR_DBID value=126210
D 09:57:06.2080223 PowerTaskList.DebugPrintPower() -         tag=SPAWN_TIME_COUNT value=1
D 09:57:06.2080223 PowerTaskList.DebugPrintPower() -         tag=DECK_ACTION_COST value=1
D 09:57:06.2080223 PowerTaskList.DebugPrintPower() -         tag=HAS_SIGNATURE_QUALITY value=1
D 09:57:06.2080223 PowerTaskList.DebugPrintPower() -         tag=HAS_ACTIVATE_POWER value=1
D 09:57:06.2080223 PowerTaskList.DebugPrintPower() -         tag=3085 value=4
D 09:57:06.2080223 PowerTaskList.DebugPrintPower() -         tag=PREPARE value=1
D 09:57:06.2080223 PowerTaskList.DebugPrintPower() -         tag=4901 value=1
D 09:57:06.2080223 PowerTaskList.DebugPrintPower() -     TAG_CHANGE Entity=[entityName=黑市拍卖师 id=112 zone=SETASIDE zonePos=0 cardId=JAIL_718 player=2] tag=4901 value=0 
D 09:57:06.2080223 PowerTaskList.DebugPrintPower() -     TAG_CHANGE Entity=[entityName=黑市拍卖师 id=112 zone=SETASIDE zonePos=0 cardId=JAIL_718 player=2] tag=4741 value=1 
D 09:57:06.2080223 PowerTaskList.DebugPrintPower() -     TAG_CHANGE Entity=[entityName=黑市拍卖师 id=112 zone=SETASIDE zonePos=0 cardId=JAIL_718 player=2] tag=COPIED_FROM_ENTITY_ID value=51 
D 09:57:06.2080223 PowerTaskList.DebugPrintPower() -     TAG_CHANGE Entity=[entityName=黑市拍卖师 id=112 zone=SETASIDE zonePos=0 cardId=JAIL_718 player=2] tag=3669 value=1 
D 09:57:06.2080223 PowerTaskList.DebugPrintPower() -     FULL_ENTITY - Updating [entityName=UNKNOWN ENTITY [cardType=INVALID] id=113 zone=SETASIDE zonePos=0 cardId= player=2] CardID=
D 09:57:06.2080223 PowerTaskList.DebugPrintPower() -         tag=ZONE value=SETASIDE
D 09:57:06.2080223 PowerTaskList.DebugPrintPower() -         tag=CONTROLLER value=2
D 09:57:06.2080223 PowerTaskList.DebugPrintPower() -         tag=ENTITY_ID value=113
D 09:57:06.2080223 PowerTaskList.DebugPrintPower() -     SHOW_ENTITY - Updating Entity=[entityName=UNKNOWN ENTITY [cardType=INVALID] id=113 zone=SETASIDE zonePos=0 cardId= player=2] CardID=JAIL_907e02
D 09:57:06.2080223 PowerTaskList.DebugPrintPower() -         tag=CONTROLLER value=2
D 09:57:06.2080223 PowerTaskList.DebugPrintPower() -         tag=CARDTYPE value=ENCHANTMENT
D 09:57:06.2080223 PowerTaskList.DebugPrintPower() -         tag=ATTACHED value=51
D 09:57:06.2080223 PowerTaskList.DebugPrintPower() -         tag=ZONE value=SETASIDE
D 09:57:06.2080223 PowerTaskList.DebugPrintPower() -         tag=ENTITY_ID value=113
D 09:57:06.2080223 PowerTaskList.DebugPrintPower() -         tag=CLASS value=NEUTRAL
D 09:57:06.2080223 PowerTaskList.DebugPrintPower() -         tag=CREATOR value=51
D 09:57:06.2080223 PowerTaskList.DebugPrintPower() -         tag=1037 value=2
D 09:57:06.2080223 PowerTaskList.DebugPrintPower() -         tag=1068 value=0
D 09:57:06.2080223 PowerTaskList.DebugPrintPower() -         tag=CREATOR_DBID value=126210
D 09:57:06.2080223 PowerTaskList.DebugPrintPower() -         tag=SPAWN_TIME_COUNT value=1
D 09:57:06.2080223 PowerTaskList.DebugPrintPower() -         tag=4901 value=0
D 09:57:06.2080223 PowerTaskList.DebugPrintPower() -     TAG_CHANGE Entity=[entityName=UNKNOWN ENTITY [cardType=INVALID] id=113 zone=SETASIDE zonePos=0 cardId= player=2] tag=1068 value=1 
D 09:57:06.2080223 PowerTaskList.DebugPrintPower() -     TAG_CHANGE Entity=[entityName=UNKNOWN ENTITY [cardType=INVALID] id=113 zone=SETASIDE zonePos=0 cardId= player=2] tag=1068 value=0 
D 09:57:06.2080223 PowerTaskList.DebugPrintPower() -     TAG_CHANGE Entity=[entityName=UNKNOWN ENTITY [cardType=INVALID] id=113 zone=SETASIDE zonePos=0 cardId= player=2] tag=ZONE value=PLAY 
D 09:57:06.2080223 PowerTaskList.DebugPrintPower() -     TAG_CHANGE Entity=[entityName=黑市拍卖师 id=51 zone=HAND zonePos=1 cardId=JAIL_718 player=2] tag=LITERALLY_UNPLAYABLE value=1 
D 09:57:06.2080223 PowerTaskList.DebugPrintPower() -     TAG_CHANGE Entity=[entityName=黑市拍卖师 id=51 zone=HAND zonePos=1 cardId=JAIL_718 player=2] tag=UNPLAYABLE_VISUALS value=1 
D 09:57:06.2080223 PowerTaskList.DebugPrintPower() -     TAG_CHANGE Entity=[entityName=黑市拍卖师 id=51 zone=HAND zonePos=1 cardId=JAIL_718 player=2] tag=PREPARING value=1 
D 09:57:06.2080223 PowerTaskList.DebugPrintPower() -     TAG_CHANGE Entity=[entityName=黑市拍卖师 id=51 zone=HAND zonePos=1 cardId=JAIL_718 player=2] tag=4741 value=1 
D 09:57:06.2080223 PowerTaskList.DebugPrintPower() -     TAG_CHANGE Entity=[entityName=黑市拍卖师 id=51 zone=HAND zonePos=1 cardId=JAIL_718 player=2] tag=LAST_AFFECTED_BY value=51 
D 09:57:06.2080223 PowerTaskList.DebugPrintPower() -     FULL_ENTITY - Updating [entityName=UNKNOWN ENTITY [cardType=INVALID] id=114 zone=SETASIDE zonePos=0 cardId= player=2] CardID=
D 09:57:06.2080223 PowerTaskList.DebugPrintPower() -         tag=ZONE value=SETASIDE
D 09:57:06.2080223 PowerTaskList.DebugPrintPower() -         tag=CONTROLLER value=2
D 09:57:06.2080223 PowerTaskList.DebugPrintPower() -         tag=ENTITY_ID value=114
D 09:57:06.2080223 PowerTaskList.DebugPrintPower() -     SHOW_ENTITY - Updating Entity=[entityName=UNKNOWN ENTITY [cardType=INVALID] id=114 zone=SETASIDE zonePos=0 cardId= player=2] CardID=JAIL_907e
D 09:57:06.2080223 PowerTaskList.DebugPrintPower() -         tag=CONTROLLER value=2
D 09:57:06.2080223 PowerTaskList.DebugPrintPower() -         tag=CARDTYPE value=ENCHANTMENT
D 09:57:06.2080223 PowerTaskList.DebugPrintPower() -         tag=TAG_SCRIPT_DATA_NUM_1 value=4
D 09:57:06.2080223 PowerTaskList.DebugPrintPower() -         tag=ATTACHED value=51
D 09:57:06.2080223 PowerTaskList.DebugPrintPower() -         tag=ZONE value=SETASIDE
D 09:57:06.2080223 PowerTaskList.DebugPrintPower() -         tag=ENTITY_ID value=114
D 09:57:06.2080223 PowerTaskList.DebugPrintPower() -         tag=CLASS value=NEUTRAL
D 09:57:06.2080223 PowerTaskList.DebugPrintPower() -         tag=CREATOR value=51
D 09:57:06.2080223 PowerTaskList.DebugPrintPower() -         tag=1037 value=2
D 09:57:06.2080223 PowerTaskList.DebugPrintPower() -         tag=1068 value=0
D 09:57:06.2080223 PowerTaskList.DebugPrintPower() -         tag=CREATOR_DBID value=126210
D 09:57:06.2080223 PowerTaskList.DebugPrintPower() -         tag=SPAWN_TIME_COUNT value=1
D 09:57:06.2080223 PowerTaskList.DebugPrintPower() -         tag=4901 value=0
D 09:57:06.2080223 PowerTaskList.DebugPrintPower() -     TAG_CHANGE Entity=[entityName=UNKNOWN ENTITY [cardType=INVALID] id=114 zone=SETASIDE zonePos=0 cardId= player=2] tag=1068 value=1 
D 09:57:06.2080223 PowerTaskList.DebugPrintPower() -     TAG_CHANGE Entity=[entityName=UNKNOWN ENTITY [cardType=INVALID] id=114 zone=SETASIDE zonePos=0 cardId= player=2] tag=1068 value=0 
D 09:57:06.2080223 PowerTaskList.DebugPrintPower() -     TAG_CHANGE Entity=[entityName=UNKNOWN ENTITY [cardType=INVALID] id=114 zone=SETASIDE zonePos=0 cardId= player=2] tag=ZONE value=PLAY 
D 09:57:06.2080223 PowerTaskList.DebugPrintPower() -     TAG_CHANGE Entity=[entityName=黑市拍卖师 id=51 zone=HAND zonePos=1 cardId=JAIL_718 player=2] tag=TAG_LAST_KNOWN_COST_IN_HAND value=5 
D 09:57:06.2080223 PowerTaskList.DebugPrintPower() -     TAG_CHANGE Entity=[entityName=黑市拍卖师 id=51 zone=HAND zonePos=1 cardId=JAIL_718 player=2] tag=COST value=5 
D 09:57:06.2080223 PowerTaskList.DebugPrintPower() -     TAG_CHANGE Entity=[entityName=黑市拍卖师 id=51 zone=HAND zonePos=1 cardId=JAIL_718 player=2] tag=PREPARED value=4 
D 09:57:06.2080223 PowerTaskList.DebugPrintPower() -     TAG_CHANGE Entity=[entityName=黑市拍卖师 id=51 zone=HAND zonePos=1 cardId=JAIL_718 player=2] tag=4741 value=2 
D 09:57:06.2080223 PowerTaskList.DebugPrintPower() -     TAG_CHANGE Entity=[entityName=黑市拍卖师 id=51 zone=HAND zonePos=1 cardId=JAIL_718 player=2] tag=PREPARE value=0 
D 09:57:06.2080223 PowerTaskList.DebugPrintPower() -     TAG_CHANGE Entity=[entityName=黑市拍卖师 id=51 zone=HAND zonePos=1 cardId=JAIL_718 player=2] tag=4843 value=1 
D 09:57:06.2080223 PowerTaskList.DebugPrintPower() -     META_DATA - Meta=OVERRIDE_HISTORY Data=0 InfoCount=1
D 09:57:06.2080223 PowerTaskList.DebugPrintPower() -                 Info[0] = [entityName=黑市拍卖师 id=51 zone=HAND zonePos=1 cardId=JAIL_718 player=2]
D 09:57:06.2080223 PowerTaskList.DebugPrintPower() -     META_DATA - Meta=HISTORY_TRIGGER_SOURCE Data=0 InfoCount=1
D 09:57:06.2080223 PowerTaskList.DebugPrintPower() -                 Info[0] = [entityName=黑市拍卖师 id=112 zone=SETASIDE zonePos=0 cardId=JAIL_718 player=2]
D 09:57:06.2080223 PowerTaskList.DebugPrintPower() -     META_DATA - Meta=HISTORY_TARGET_DONT_DUPLICATE_UNTIL_END Data=0 InfoCount=1
D 09:57:06.2080223 PowerTaskList.DebugPrintPower() -                 Info[0] = [entityName=黑市拍卖师 id=51 zone=HAND zonePos=1 cardId=JAIL_718 player=2]
D 09:57:06.2080223 PowerTaskList.DebugPrintPower() -     META_DATA - Meta=END_ARTIFICIAL_HISTORY_TILE Data=0 InfoCount=1
D 09:57:06.2080223 PowerTaskList.DebugPrintPower() -                 Info[0] = GameEntity
D 09:57:06.2080223 PowerTaskList.DebugPrintPower() - BLOCK_END
D 09:57:06.2080223 PowerProcessor.PrepareHistoryForCurrentTaskList() - m_currentTaskList=121
D 09:57:06.2155225 GameState.DebugPrintOptions() - id=12
D 09:57:06.2155225 GameState.DebugPrintOptions() -   option 0 type=END_TURN mainEntity= error=INVALID errorParam=
D 09:57:06.2155225 GameState.DebugPrintOptions() -   option 1 type=POWER mainEntity=[entityName=雷霆绽放 id=78 zone=HAND zonePos=2 cardId=SCH_427 player=2] error=NONE errorParam=
D 09:57:06.2155225 GameState.DebugPrintOptions() -   option 2 type=POWER mainEntity=[entityName=黑市拍卖师 id=51 zone=HAND zonePos=1 cardId=JAIL_718 player=2] error=REQ_LITERALLY_UNPLAYABLE errorParam=
D 09:57:06.2155225 GameState.DebugPrintOptions() -   option 3 type=POWER mainEntity=[entityName=活体根须 id=56 zone=HAND zonePos=3 cardId=CORE_AT_037 player=2] error=REQ_ENOUGH_MANA errorParam=
D 09:57:06.2155225 GameState.DebugPrintOptions() -   option 4 type=POWER mainEntity=[entityName=月光射线 id=60 zone=HAND zonePos=4 cardId=TID_001 player=2] error=REQ_ENOUGH_MANA errorParam=
D 09:57:06.2155225 GameState.DebugPrintOptions() -   option 5 type=POWER mainEntity=[entityName=黑市拍卖师 id=75 zone=HAND zonePos=5 cardId=JAIL_718 player=2] error=REQ_ENOUGH_MANA errorParam=
D 09:57:06.2155225 GameState.DebugPrintOptions() -   option 6 type=POWER mainEntity=[entityName=黑市拍卖师 id=75 zone=HAND zonePos=5 cardId=JAIL_718 player=2] error=REQ_ENOUGH_MANA errorParam=
D 09:57:06.2155225 GameState.DebugPrintOptions() -   option 7 type=POWER mainEntity=[entityName=波涛形塑 id=87 zone=HAND zonePos=6 cardId=TIME_701 player=2] error=REQ_ENOUGH_MANA errorParam=
D 09:57:06.2155225 GameState.DebugPrintOptions() -   option 8 type=POWER mainEntity=[entityName=雷克萨 id=90 zone=PLAY zonePos=0 cardId=HERO_05 player=1] error=REQ_YOUR_TURN errorParam=
D 09:57:06.2155225 GameState.DebugPrintOptions() -   option 9 type=POWER mainEntity=[entityName=稳固射击 id=91 zone=PLAY zonePos=0 cardId=HERO_05bp player=1] error=REQ_YOUR_TURN errorParam=
D 09:57:06.2155225 GameState.DebugPrintOptions() -   option 10 type=POWER mainEntity=[entityName=嘲风望月露娜拉 id=92 zone=PLAY zonePos=0 cardId=HERO_06bi player=2] error=REQ_ATTACK_GREATER_THAN_0 errorParam=
D 09:57:06.2155225 GameState.DebugPrintOptions() -   option 11 type=POWER mainEntity=[entityName=变形 id=93 zone=PLAY zonePos=0 cardId=HERO_06ebp player=2] error=REQ_ENOUGH_MANA errorParam=
D 09:57:06.2155225 GameState.DebugPrintOptions() -   option 12 type=POWER mainEntity=[entityName=奇迹推销员 id=4 zone=PLAY zonePos=1 cardId=WW_331 player=1] error=REQ_YOUR_TURN errorParam=
D 09:57:06.2155225 GameState.DebugPrintOptions() -   option 13 type=POWER mainEntity=[entityName=下水道管网 id=15 zone=PLAY zonePos=2 cardId=JAIL_877 player=1] error=REQ_YOUR_TURN errorParam=
D 09:57:06.2155225 GameState.DebugPrintOptions() -   option 14 type=POWER mainEntity=[entityName=鼠吻贮藏者 id=110 zone=PLAY zonePos=3 cardId=JAIL_877t player=1] error=REQ_YOUR_TURN errorParam=
D 09:57:06.2619379 PowerProcessor.EndCurrentTaskList() - m_currentTaskList=121
D 09:57:06.2680447 PowerTaskList.DebugDump() - ID=122 ParentID=0 PreviousID=120 TaskCount=7
D 09:57:06.2680447 PowerTaskList.DebugDump() - Block Start=(null)
D 09:57:06.2680447 PowerTaskList.DebugPrintPower() -     TAG_CHANGE Entity=[entityName=黑市拍卖师 id=51 zone=HAND zonePos=1 cardId=JAIL_718 player=2] tag=IS_USING_PREPARE_OPTION value=0 
D 09:57:06.2680447 PowerTaskList.DebugPrintPower() -     TAG_CHANGE Entity=[entityName=黑市拍卖师 id=51 zone=HAND zonePos=1 cardId=JAIL_718 player=2] tag=PREPARE_REVEALED value=1 
D 09:57:06.2680447 PowerTaskList.DebugPrintPower() -     TAG_CHANGE Entity=[entityName=黑市拍卖师 id=51 zone=HAND zonePos=1 cardId=JAIL_718 player=2] tag=JUST_PLAYED value=0 
D 09:57:06.2680447 PowerTaskList.DebugPrintPower() -     TAG_CHANGE Entity=[entityName=黑市拍卖师 id=112 zone=SETASIDE zonePos=0 cardId=JAIL_718 player=2] tag=3669 value=0 
D 09:57:06.2680447 PowerTaskList.DebugPrintPower() -     TAG_CHANGE Entity=[entityName=黑市拍卖师 id=51 zone=HAND zonePos=1 cardId=JAIL_718 player=2] tag=PREPARE_REVEALED value=0 
D 09:57:06.2680447 PowerTaskList.DebugPrintPower() -     TAG_CHANGE Entity=GameEntity tag=1323 value=7 
D 09:57:06.2680447 PowerTaskList.DebugPrintPower() -     TAG_CHANGE Entity=湫然#51704 tag=NUM_OPTIONS_PLAYED_THIS_TURN value=1 
D 09:57:06.2680447 PowerTaskList.DebugPrintPower() - BLOCK_END
D 09:57:06.2680447 PowerProcessor.PrepareHistoryForCurrentTaskList() - m_currentTaskList=122
D 09:57:06.2680447 PowerProcessor.DoTaskListForCard() - unhandled BlockType DECK_ACTION for sourceEntity [entityName=黑市拍卖师 id=51 zone=HAND zonePos=1 cardId=JAIL_718 player=2]
D 09:57:06.2680447 PowerProcessor.EndCurrentTaskList() - m_currentTaskList=122
D 09:57:06.2680447 PowerTaskList.DebugDump() - ID=123 ParentID=0 PreviousID=0 TaskCount=1
D 09:57:06.2680447 PowerTaskList.DebugDump() - Block Start=(null)
D 09:57:06.2680447 PowerTaskList.DebugPrintPower() -     META_DATA - Meta=SLUSH_TIME Data=1000 InfoCount=1
D 09:57:06.2680447 PowerTaskList.DebugPrintPower() -                 Info[0] = [entityName=黑市拍卖师 id=51 zone=HAND zonePos=1 cardId=JAIL_718 player=2]
D 09:57:06.2680447 PowerTaskList.DebugDump() - Block End=(null)
D 09:57:06.2680447 PowerProcessor.PrepareHistoryForCurrentTaskList() - m_currentTaskList=123
D 09:57:06.2680447 PowerProcessor.EndCurrentTaskList() - m_currentTaskList=123
D 09:57:06.9074252 GameState.SendOption() - selectedOption=0 selectedSubOption=-1 selectedTarget=0 selectedPosition=0
D 09:57:07.6998883 GameState.DebugPrintPowerList() - Count=89
D 09:57:07.6998883 GameState.DebugPrintPower() - TAG_CHANGE Entity=GameEntity tag=STEP value=MAIN_END 
D 09:57:07.6998883 GameState.DebugPrintPower() - BLOCK_START BlockType=TRIGGER Entity=拯救网瘾对手#5318 EffectCardId=System.Collections.Generic.List`1[System.String] EffectIndex=-1 Target=0 SubOption=-1 TriggerKeyword=TAG_NOT_SET
D 09:57:07.6998883 GameState.DebugPrintPower() - BLOCK_END
D 09:57:07.6998883 GameState.DebugPrintPower() - BLOCK_START BlockType=TRIGGER Entity=湫然#51704 EffectCardId=System.Collections.Generic.List`1[System.String] EffectIndex=-1 Target=0 SubOption=-1 TriggerKeyword=TAG_NOT_SET
D 09:57:07.6998883 GameState.DebugPrintPower() -     TAG_CHANGE Entity=GameEntity tag=NEXT_STEP value=MAIN_CLEANUP 
D 09:57:07.6998883 GameState.DebugPrintPower() - BLOCK_END
D 09:57:07.6998883 GameState.DebugPrintPower() - BLOCK_START BlockType=TRIGGER Entity=湫然#51704 EffectCardId=System.Collections.Generic.List`1[System.String] EffectIndex=-1 Target=0 SubOption=-1 TriggerKeyword=TAG_NOT_SET
D 09:57:07.6998883 GameState.DebugPrintPower() - BLOCK_END
D 09:57:07.6998883 GameState.DebugPrintPower() - BLOCK_START BlockType=TRIGGER Entity=[entityName=正在预备 id=113 zone=PLAY zonePos=0 cardId=JAIL_907e02 player=2] EffectCardId=System.Collections.Generic.List`1[System.String] EffectIndex=2 Target=0 SubOption=-1 TriggerKeyword=TAG_NOT_SET
D 09:57:07.6998883 GameState.DebugPrintPower() -     TAG_CHANGE Entity=[entityName=正在预备 id=113 zone=PLAY zonePos=0 cardId=JAIL_907e02 player=2] tag=2747 value=113 
D 09:57:07.6998883 GameState.DebugPrintPower() -     TAG_CHANGE Entity=[entityName=正在预备 id=113 zone=PLAY zonePos=0 cardId=JAIL_907e02 player=2] tag=4741 value=1 
D 09:57:07.6998883 GameState.DebugPrintPower() -     TAG_CHANGE Entity=[entityName=正在预备 id=113 zone=PLAY zonePos=0 cardId=JAIL_907e02 player=2] tag=LAST_AFFECTED_BY value=113 
D 09:57:07.6998883 GameState.DebugPrintPower() -     TAG_CHANGE Entity=[entityName=正在预备 id=113 zone=PLAY zonePos=0 cardId=JAIL_907e02 player=2] tag=1068 value=4 
D 09:57:07.6998883 GameState.DebugPrintPower() -     TAG_CHANGE Entity=[entityName=正在预备 id=113 zone=PLAY zonePos=0 cardId=JAIL_907e02 player=2] tag=1068 value=0 
D 09:57:07.6998883 GameState.DebugPrintPower() -     TAG_CHANGE Entity=[entityName=正在预备 id=113 zone=PLAY zonePos=0 cardId=JAIL_907e02 player=2] tag=ZONE value=GRAVEYARD 
D 09:57:07.6998883 GameState.DebugPrintPower() -     TAG_CHANGE Entity=[entityName=正在预备 id=113 zone=PLAY zonePos=0 cardId=JAIL_907e02 player=2] tag=1234 value=51 
D 09:57:07.6998883 GameState.DebugPrintPower() -     HIDE_ENTITY - Entity=[entityName=正在预备 id=113 zone=PLAY zonePos=0 cardId=JAIL_907e02 player=2] tag=ZONE value=GRAVEYARD
D 09:57:07.6998883 GameState.DebugPrintPower() -     TAG_CHANGE Entity=[entityName=黑市拍卖师 id=51 zone=HAND zonePos=1 cardId=JAIL_718 player=2] tag=LITERALLY_UNPLAYABLE value=0 
D 09:57:07.6998883 GameState.DebugPrintPower() -     TAG_CHANGE Entity=[entityName=黑市拍卖师 id=51 zone=HAND zonePos=1 cardId=JAIL_718 player=2] tag=UNPLAYABLE_VISUALS value=0 
D 09:57:07.6998883 GameState.DebugPrintPower() -     TAG_CHANGE Entity=[entityName=黑市拍卖师 id=51 zone=HAND zonePos=1 cardId=JAIL_718 player=2] tag=PREPARING value=0 
D 09:57:07.6998883 GameState.DebugPrintPower() - BLOCK_END
D 09:57:07.6998883 GameState.DebugPrintPower() - TAG_CHANGE Entity=GameEntity tag=STEP value=MAIN_CLEANUP 
D 09:57:07.6998883 GameState.DebugPrintPower() - BLOCK_START BlockType=TRIGGER Entity=拯救网瘾对手#5318 EffectCardId=System.Collections.Generic.List`1[System.String] EffectIndex=-1 Target=0 SubOption=-1 TriggerKeyword=TAG_NOT_SET
D 09:57:07.6998883 GameState.DebugPrintPower() - BLOCK_END
D 09:57:07.6998883 GameState.DebugPrintPower() - BLOCK_START BlockType=TRIGGER Entity=湫然#51704 EffectCardId=System.Collections.Generic.List`1[System.String] EffectIndex=-1 Target=0 SubOption=-1 TriggerKeyword=TAG_NOT_SET
D 09:57:07.6998883 GameState.DebugPrintPower() -     TAG_CHANGE Entity=GameEntity tag=NEXT_STEP value=MAIN_NEXT 
D 09:57:07.6998883 GameState.DebugPrintPower() - BLOCK_END
D 09:57:07.6998883 GameState.DebugPrintPower() - TAG_CHANGE Entity=GameEntity tag=STEP value=MAIN_NEXT 
D 09:57:07.6998883 GameState.DebugPrintPower() - BLOCK_START BlockType=TRIGGER Entity=GameEntity EffectCardId=System.Collections.Generic.List`1[System.String] EffectIndex=-1 Target=0 SubOption=-1 TriggerKeyword=TAG_NOT_SET
D 09:57:07.6998883 GameState.DebugPrintPower() -     TAG_CHANGE Entity=湫然#51704 tag=1292 value=0 
D 09:57:07.6998883 GameState.DebugPrintPower() -     TAG_CHANGE Entity=拯救网瘾对手#5318 tag=1292 value=1 
D 09:57:07.6998883 GameState.DebugPrintPower() -     TAG_CHANGE Entity=[entityName=黑市拍卖师 id=51 zone=HAND zonePos=1 cardId=JAIL_718 player=2] tag=NUM_TURNS_IN_HAND value=6 
D 09:57:07.6998883 GameState.DebugPrintPower() -     TAG_CHANGE Entity=[entityName=雷霆绽放 id=78 zone=HAND zonePos=2 cardId=SCH_427 player=2] tag=NUM_TURNS_IN_HAND value=6 
D 09:57:07.6998883 GameState.DebugPrintPower() -     TAG_CHANGE Entity=[entityName=活体根须 id=56 zone=HAND zonePos=3 cardId=CORE_AT_037 player=2] tag=NUM_TURNS_IN_HAND value=6 
D 09:57:07.6998883 GameState.DebugPrintPower() -     TAG_CHANGE Entity=[entityName=月光射线 id=60 zone=HAND zonePos=4 cardId=TID_001 player=2] tag=NUM_TURNS_IN_HAND value=6 
D 09:57:07.6998883 GameState.DebugPrintPower() -     TAG_CHANGE Entity=[entityName=黑市拍卖师 id=75 zone=HAND zonePos=5 cardId=JAIL_718 player=2] tag=NUM_TURNS_IN_HAND value=4 
D 09:57:07.6998883 GameState.DebugPrintPower() -     TAG_CHANGE Entity=[entityName=波涛形塑 id=87 zone=HAND zonePos=6 cardId=TIME_701 player=2] tag=NUM_TURNS_IN_HAND value=2 
D 09:57:07.6998883 GameState.DebugPrintPower() -     TAG_CHANGE Entity=湫然#51704 tag=CURRENT_PLAYER value=0 
D 09:57:07.6998883 GameState.DebugPrintPower() -     TAG_CHANGE Entity=拯救网瘾对手#5318 tag=CURRENT_PLAYER value=1 
D 09:57:07.6998883 GameState.DebugPrintPower() -     TAG_CHANGE Entity=GameEntity tag=TURN value=6 
D 09:57:07.6998883 GameState.DebugPrintPower() -     TAG_CHANGE Entity=GameEntity tag=1882 value=5 
D 09:57:07.6998883 GameState.DebugPrintPower() -     TAG_CHANGE Entity=拯救网瘾对手#5318 tag=TURN value=3 
D 09:57:07.6998883 GameState.DebugPrintPower() -     TAG_CHANGE Entity=GameEntity tag=NEXT_STEP value=MAIN_READY 
D 09:57:07.6998883 GameState.DebugPrintPower() - BLOCK_END
D 09:57:07.6998883 GameState.DebugPrintPower() - TAG_CHANGE Entity=GameEntity tag=STEP value=MAIN_READY 
D 09:57:07.6998883 GameState.DebugPrintPower() - BLOCK_START BlockType=TRIGGER Entity=拯救网瘾对手#5318 EffectCardId=System.Collections.Generic.List`1[System.String] EffectIndex=-1 Target=0 SubOption=-1 TriggerKeyword=TAG_NOT_SET
D 09:57:07.6998883 GameState.DebugPrintPower() -     TAG_CHANGE Entity=GameEntity tag=NUM_TURNS_IN_PLAY value=6 
D 09:57:07.6998883 GameState.DebugPrintPower() -     TAG_CHANGE Entity=拯救网瘾对手#5318 tag=NUM_TURNS_IN_PLAY value=6 
D 09:57:07.6998883 GameState.DebugPrintPower() -     TAG_CHANGE Entity=湫然#51704 tag=NUM_TURNS_IN_PLAY value=6 
D 09:57:07.6998883 GameState.DebugPrintPower() -     TAG_CHANGE Entity=[entityName=雷克萨 id=90 zone=PLAY zonePos=0 cardId=HERO_05 player=1] tag=NUM_TURNS_IN_PLAY value=6 
D 09:57:07.6998883 GameState.DebugPrintPower() -     TAG_CHANGE Entity=[entityName=稳固射击 id=91 zone=PLAY zonePos=0 cardId=HERO_05bp player=1] tag=NUM_TURNS_IN_PLAY value=6 
D 09:57:07.6998883 GameState.DebugPrintPower() -     TAG_CHANGE Entity=[entityName=嘲风望月露娜拉 id=92 zone=PLAY zonePos=0 cardId=HERO_06bi player=2] tag=NUM_TURNS_IN_PLAY value=6 
D 09:57:07.6998883 GameState.DebugPrintPower() -     TAG_CHANGE Entity=[entityName=变形 id=93 zone=PLAY zonePos=0 cardId=HERO_06ebp player=2] tag=NUM_TURNS_IN_PLAY value=6 
D 09:57:07.6998883 GameState.DebugPrintPower() -     TAG_CHANGE Entity=[entityName=奇迹推销员 id=4 zone=PLAY zonePos=1 cardId=WW_331 player=1] tag=NUM_TURNS_IN_PLAY value=4 
D 09:57:07.6998883 GameState.DebugPrintPower() -     TAG_CHANGE Entity=[entityName=下水道管网 id=15 zone=PLAY zonePos=2 cardId=JAIL_877 player=1] tag=NUM_TURNS_IN_PLAY value=2 
D 09:57:07.6998883 GameState.DebugPrintPower() -     TAG_CHANGE Entity=[entityName=鼠吻贮藏者 id=110 zone=PLAY zonePos=3 cardId=JAIL_877t player=1] tag=NUM_TURNS_IN_PLAY value=2 
D 09:57:07.6998883 GameState.DebugPrintPower() -     TAG_CHANGE Entity=拯救网瘾对手#5318 tag=RESOURCES value=3 
D 09:57:07.6998883 GameState.DebugPrintPower() -     TAG_CHANGE Entity=拯救网瘾对手#5318 tag=RESOURCES_USED value=0 
D 09:57:07.6998883 GameState.DebugPrintPower() -     TAG_CHANGE Entity=拯救网瘾对手#5318 tag=NUM_CARDS_PLAYED_THIS_TURN value=0 
D 09:57:07.6998883 GameState.DebugPrintPower() -     TAG_CHANGE Entity=拯救网瘾对手#5318 tag=NUM_OPTIONS_PLAYED_THIS_TURN value=0 
D 09:57:07.6998883 GameState.DebugPrintPower() -     TAG_CHANGE Entity=拯救网瘾对手#5318 tag=3242 value=0 
D 09:57:07.6998883 GameState.DebugPrintPower() -     TAG_CHANGE Entity=[entityName=奇迹推销员 id=4 zone=PLAY zonePos=1 cardId=WW_331 player=1] tag=EXHAUSTED value=0 
D 09:57:07.6998883 GameState.DebugPrintPower() -     TAG_CHANGE Entity=[entityName=下水道管网 id=15 zone=PLAY zonePos=2 cardId=JAIL_877 player=1] tag=LOCATION_ACTION_COOLDOWN value=0 
D 09:57:07.6998883 GameState.DebugPrintPower() -     TAG_CHANGE Entity=[entityName=鼠吻贮藏者 id=110 zone=PLAY zonePos=3 cardId=JAIL_877t player=1] tag=EXHAUSTED value=0 
D 09:57:07.6998883 GameState.DebugPrintPower() -     TAG_CHANGE Entity=湫然#51704 tag=NUM_CARDS_DRAWN_THIS_TURN value=0 
D 09:57:07.6998883 GameState.DebugPrintPower() -     TAG_CHANGE Entity=GameEntity tag=NEXT_STEP value=MAIN_START_TRIGGERS 
D 09:57:07.6998883 GameState.DebugPrintPower() -     TAG_CHANGE Entity=湫然#51704 tag=DAMAGE_DEALT_TO_HERO_LAST_TURN value=0 
D 09:57:07.6998883 GameState.DebugPrintPower() - BLOCK_END
D 09:57:07.6998883 GameState.DebugPrintPower() - TAG_CHANGE Entity=GameEntity tag=STEP value=MAIN_START_TRIGGERS 
D 09:57:07.6998883 GameState.DebugPrintPower() - BLOCK_START BlockType=TRIGGER Entity=拯救网瘾对手#5318 EffectCardId=System.Collections.Generic.List`1[System.String] EffectIndex=-1 Target=0 SubOption=-1 TriggerKeyword=TAG_NOT_SET
D 09:57:07.6998883 GameState.DebugPrintPower() -     TAG_CHANGE Entity=GameEntity tag=NEXT_STEP value=MAIN_START 
D 09:57:07.6998883 GameState.DebugPrintPower() - BLOCK_END
D 09:57:07.6998883 GameState.DebugPrintPower() - TAG_CHANGE Entity=GameEntity tag=STEP value=MAIN_START 
D 09:57:07.6998883 GameState.DebugPrintPower() - BLOCK_START BlockType=TRIGGER Entity=拯救网瘾对手#5318 EffectCardId=System.Collections.Generic.List`1[System.String] EffectIndex=-1 Target=0 SubOption=-1 TriggerKeyword=TAG_NOT_SET
D 09:57:07.6998883 GameState.DebugPrintPower() -     TAG_CHANGE Entity=拯救网瘾对手#5318 tag=2166 value=40 
D 09:57:07.6998883 GameState.DebugPrintPower() -     TAG_CHANGE Entity=拯救网瘾对手#5318 tag=467 value=1 
D 09:57:07.6998883 GameState.DebugPrintPower() -     TAG_CHANGE Entity=[entityName=UNKNOWN ENTITY [cardType=INVALID] id=40 zone=DECK zonePos=0 cardId= player=1] tag=ZONE value=HAND 
D 09:57:07.6998883 GameState.DebugPrintPower() -     TAG_CHANGE Entity=[entityName=UNKNOWN ENTITY [cardType=INVALID] id=40 zone=DECK zonePos=0 cardId= player=1] tag=ZONE_POSITION value=6 
D 09:57:07.6998883 GameState.DebugPrintPower() -     TAG_CHANGE Entity=[entityName=UNKNOWN ENTITY [cardType=INVALID] id=40 zone=DECK zonePos=0 cardId= player=1] tag=ZONE_POSITION value=0 
D 09:57:07.6998883 GameState.DebugPrintPower() -     TAG_CHANGE Entity=[entityName=UNKNOWN ENTITY [cardType=INVALID] id=40 zone=DECK zonePos=0 cardId= player=1] tag=ZONE_POSITION value=6 
D 09:57:07.6998883 GameState.DebugPrintPower() -     TAG_CHANGE Entity=拯救网瘾对手#5318 tag=NUM_CARDS_DRAWN_THIS_TURN value=1 
D 09:57:07.6998883 GameState.DebugPrintPower() -     TAG_CHANGE Entity=拯救网瘾对手#5318 tag=995 value=3 
D 09:57:07.6998883 GameState.DebugPrintPower() -     TAG_CHANGE Entity=拯救网瘾对手#5318 tag=467 value=0 
D 09:57:07.6998883 GameState.DebugPrintPower() -     TAG_CHANGE Entity=GameEntity tag=NEXT_STEP value=MAIN_ACTION 
D 09:57:07.6998883 GameState.DebugPrintPower() - BLOCK_END
D 09:57:07.6998883 GameState.DebugPrintPower() - TAG_CHANGE Entity=GameEntity tag=STEP value=MAIN_ACTION 
D 09:57:07.6998883 GameState.DebugPrintPower() - BLOCK_START BlockType=TRIGGER Entity=拯救网瘾对手#5318 EffectCardId=System.Collections.Generic.List`1[System.String] EffectIndex=-1 Target=0 SubOption=-1 TriggerKeyword=TAG_NOT_SET
D 09:57:07.6998883 GameState.DebugPrintPower() -     TAG_CHANGE Entity=GameEntity tag=NEXT_STEP value=MAIN_END 
D 09:57:07.6998883 GameState.DebugPrintPower() - BLOCK_END
D 09:57:07.6998883 PowerTaskList.DebugDump() - ID=124 ParentID=0 PreviousID=0 TaskCount=1
D 09:57:07.6998883 PowerTaskList.DebugDump() - Block Start=(null)
D 09:57:07.6998883 PowerTaskList.DebugPrintPower() -     TAG_CHANGE Entity=GameEntity tag=STEP value=MAIN_END 
D 09:57:07.6998883 PowerTaskList.DebugDump() - Block End=(null)
D 09:57:07.6998883 PowerProcessor.PrepareHistoryForCurrentTaskList() - m_currentTaskList=124
D 09:57:07.6998883 PowerProcessor.EndCurrentTaskList() - m_currentTaskList=124
D 09:57:07.6998883 PowerTaskList.DebugDump() - ID=125 ParentID=124 PreviousID=0 TaskCount=0
D 09:57:07.6998883 PowerTaskList.DebugPrintPower() - BLOCK_START BlockType=TRIGGER Entity=拯救网瘾对手#5318 EffectCardId=System.Collections.Generic.List`1[System.String] EffectIndex=-1 Target=0 SubOption=-1 TriggerKeyword=TAG_NOT_SET
D 09:57:07.6998883 PowerTaskList.DebugPrintPower() - BLOCK_END
D 09:57:07.6998883 PowerProcessor.PrepareHistoryForCurrentTaskList() - m_currentTaskList=125
D 09:57:07.6998883 PowerProcessor.EndCurrentTaskList() - m_currentTaskList=125
D 09:57:07.6998883 PowerTaskList.DebugDump() - ID=126 ParentID=0 PreviousID=0 TaskCount=1
D 09:57:07.6998883 PowerTaskList.DebugPrintPower() - BLOCK_START BlockType=TRIGGER Entity=湫然#51704 EffectCardId=System.Collections.Generic.List`1[System.String] EffectIndex=-1 Target=0 SubOption=-1 TriggerKeyword=TAG_NOT_SET
D 09:57:07.6998883 PowerTaskList.DebugPrintPower() -     TAG_CHANGE Entity=GameEntity tag=NEXT_STEP value=MAIN_CLEANUP 
D 09:57:07.6998883 PowerTaskList.DebugPrintPower() - BLOCK_END
D 09:57:07.6998883 PowerProcessor.PrepareHistoryForCurrentTaskList() - m_currentTaskList=126
D 09:57:07.6998883 PowerProcessor.EndCurrentTaskList() - m_currentTaskList=126
D 09:57:07.6998883 PowerTaskList.DebugDump() - ID=127 ParentID=0 PreviousID=0 TaskCount=0
D 09:57:07.6998883 PowerTaskList.DebugPrintPower() - BLOCK_START BlockType=TRIGGER Entity=湫然#51704 EffectCardId=System.Collections.Generic.List`1[System.String] EffectIndex=-1 Target=0 SubOption=-1 TriggerKeyword=TAG_NOT_SET
D 09:57:07.6998883 PowerTaskList.DebugPrintPower() - BLOCK_END
D 09:57:07.6998883 PowerProcessor.PrepareHistoryForCurrentTaskList() - m_currentTaskList=127
D 09:57:07.6998883 PowerProcessor.EndCurrentTaskList() - m_currentTaskList=127
D 09:57:07.6998883 PowerTaskList.DebugDump() - ID=128 ParentID=0 PreviousID=0 TaskCount=11
D 09:57:07.6998883 PowerTaskList.DebugPrintPower() - BLOCK_START BlockType=TRIGGER Entity=[entityName=正在预备 id=113 zone=PLAY zonePos=0 cardId=JAIL_907e02 player=2] EffectCardId=System.Collections.Generic.List`1[System.String] EffectIndex=2 Target=0 SubOption=-1 TriggerKeyword=TAG_NOT_SET
D 09:57:07.6998883 PowerTaskList.DebugPrintPower() -     TAG_CHANGE Entity=[entityName=正在预备 id=113 zone=PLAY zonePos=0 cardId=JAIL_907e02 player=2] tag=2747 value=113 
D 09:57:07.6998883 PowerTaskList.DebugPrintPower() -     TAG_CHANGE Entity=[entityName=正在预备 id=113 zone=PLAY zonePos=0 cardId=JAIL_907e02 player=2] tag=4741 value=1 
D 09:57:07.6998883 PowerTaskList.DebugPrintPower() -     TAG_CHANGE Entity=[entityName=正在预备 id=113 zone=PLAY zonePos=0 cardId=JAIL_907e02 player=2] tag=LAST_AFFECTED_BY value=113 
D 09:57:07.6998883 PowerTaskList.DebugPrintPower() -     TAG_CHANGE Entity=[entityName=正在预备 id=113 zone=PLAY zonePos=0 cardId=JAIL_907e02 player=2] tag=1068 value=4 
D 09:57:07.6998883 PowerTaskList.DebugPrintPower() -     TAG_CHANGE Entity=[entityName=正在预备 id=113 zone=PLAY zonePos=0 cardId=JAIL_907e02 player=2] tag=1068 value=0 
D 09:57:07.6998883 PowerTaskList.DebugPrintPower() -     TAG_CHANGE Entity=[entityName=正在预备 id=113 zone=PLAY zonePos=0 cardId=JAIL_907e02 player=2] tag=ZONE value=GRAVEYARD 
D 09:57:07.6998883 PowerTaskList.DebugPrintPower() -     TAG_CHANGE Entity=[entityName=正在预备 id=113 zone=PLAY zonePos=0 cardId=JAIL_907e02 player=2] tag=1234 value=51 
D 09:57:07.6998883 PowerTaskList.DebugPrintPower() -     HIDE_ENTITY - Entity=[entityName=正在预备 id=113 zone=PLAY zonePos=0 cardId=JAIL_907e02 player=2] tag=ZONE value=GRAVEYARD
D 09:57:07.6998883 PowerTaskList.DebugPrintPower() -     TAG_CHANGE Entity=[entityName=黑市拍卖师 id=51 zone=HAND zonePos=1 cardId=JAIL_718 player=2] tag=LITERALLY_UNPLAYABLE value=0 
D 09:57:07.6998883 PowerTaskList.DebugPrintPower() -     TAG_CHANGE Entity=[entityName=黑市拍卖师 id=51 zone=HAND zonePos=1 cardId=JAIL_718 player=2] tag=UNPLAYABLE_VISUALS value=0 
D 09:57:07.6998883 PowerTaskList.DebugPrintPower() -     TAG_CHANGE Entity=[entityName=黑市拍卖师 id=51 zone=HAND zonePos=1 cardId=JAIL_718 player=2] tag=PREPARING value=0 
D 09:57:07.6998883 PowerTaskList.DebugPrintPower() - BLOCK_END
D 09:57:07.6998883 PowerProcessor.PrepareHistoryForCurrentTaskList() - m_currentTaskList=128
D 09:57:07.7062727 PowerProcessor.EndCurrentTaskList() - m_currentTaskList=128
D 09:57:07.7143392 PowerTaskList.DebugDump() - ID=129 ParentID=0 PreviousID=0 TaskCount=1
D 09:57:07.7143392 PowerTaskList.DebugDump() - Block Start=(null)
D 09:57:07.7143392 PowerTaskList.DebugPrintPower() -     TAG_CHANGE Entity=GameEntity tag=STEP value=MAIN_CLEANUP 
D 09:57:07.7143392 PowerTaskList.DebugDump() - Block End=(null)
D 09:57:07.7143392 PowerProcessor.PrepareHistoryForCurrentTaskList() - m_currentTaskList=129
D 09:57:07.7143392 PowerProcessor.EndCurrentTaskList() - m_currentTaskList=129
D 09:57:07.7143392 PowerTaskList.DebugDump() - ID=130 ParentID=0 PreviousID=0 TaskCount=0
D 09:57:07.7143392 PowerTaskList.DebugPrintPower() - BLOCK_START BlockType=TRIGGER Entity=拯救网瘾对手#5318 EffectCardId=System.Collections.Generic.List`1[System.String] EffectIndex=-1 Target=0 SubOption=-1 TriggerKeyword=TAG_NOT_SET
D 09:57:07.7143392 PowerTaskList.DebugPrintPower() - BLOCK_END
D 09:57:07.7143392 PowerProcessor.PrepareHistoryForCurrentTaskList() - m_currentTaskList=130
D 09:57:07.7143392 PowerProcessor.EndCurrentTaskList() - m_currentTaskList=130
D 09:57:07.7143392 PowerTaskList.DebugDump() - ID=131 ParentID=0 PreviousID=0 TaskCount=1
D 09:57:07.7143392 PowerTaskList.DebugPrintPower() - BLOCK_START BlockType=TRIGGER Entity=湫然#51704 EffectCardId=System.Collections.Generic.List`1[System.String] EffectIndex=-1 Target=0 SubOption=-1 TriggerKeyword=TAG_NOT_SET
D 09:57:07.7143392 PowerTaskList.DebugPrintPower() -     TAG_CHANGE Entity=GameEntity tag=NEXT_STEP value=MAIN_NEXT 
D 09:57:07.7143392 PowerTaskList.DebugPrintPower() - BLOCK_END
D 09:57:07.7143392 PowerProcessor.PrepareHistoryForCurrentTaskList() - m_currentTaskList=131
D 09:57:07.7143392 PowerProcessor.EndCurrentTaskList() - m_currentTaskList=131
D 09:57:07.7143392 PowerTaskList.DebugDump() - ID=132 ParentID=0 PreviousID=0 TaskCount=1
D 09:57:07.7143392 PowerTaskList.DebugDump() - Block Start=(null)
D 09:57:07.7143392 PowerTaskList.DebugPrintPower() -     TAG_CHANGE Entity=GameEntity tag=STEP value=MAIN_NEXT 
D 09:57:07.7143392 PowerTaskList.DebugDump() - Block End=(null)
D 09:57:07.7143392 PowerProcessor.PrepareHistoryForCurrentTaskList() - m_currentTaskList=132
D 09:57:07.7143392 PowerProcessor.EndCurrentTaskList() - m_currentTaskList=132
D 09:57:07.7143392 PowerTaskList.DebugDump() - ID=133 ParentID=0 PreviousID=0 TaskCount=14
D 09:57:07.7143392 PowerTaskList.DebugPrintPower() - BLOCK_START BlockType=TRIGGER Entity=GameEntity EffectCardId=System.Collections.Generic.List`1[System.String] EffectIndex=-1 Target=0 SubOption=-1 TriggerKeyword=TAG_NOT_SET
D 09:57:07.7143392 PowerTaskList.DebugPrintPower() -     TAG_CHANGE Entity=湫然#51704 tag=1292 value=0 
D 09:57:07.7143392 PowerTaskList.DebugPrintPower() -     TAG_CHANGE Entity=拯救网瘾对手#5318 tag=1292 value=1 
D 09:57:07.7143392 PowerTaskList.DebugPrintPower() -     TAG_CHANGE Entity=[entityName=黑市拍卖师 id=51 zone=HAND zonePos=1 cardId=JAIL_718 player=2] tag=NUM_TURNS_IN_HAND value=6 
D 09:57:07.7143392 PowerTaskList.DebugPrintPower() -     TAG_CHANGE Entity=[entityName=雷霆绽放 id=78 zone=HAND zonePos=2 cardId=SCH_427 player=2] tag=NUM_TURNS_IN_HAND value=6 
D 09:57:07.7143392 PowerTaskList.DebugPrintPower() -     TAG_CHANGE Entity=[entityName=活体根须 id=56 zone=HAND zonePos=3 cardId=CORE_AT_037 player=2] tag=NUM_TURNS_IN_HAND value=6 
D 09:57:07.7143392 PowerTaskList.DebugPrintPower() -     TAG_CHANGE Entity=[entityName=月光射线 id=60 zone=HAND zonePos=4 cardId=TID_001 player=2] tag=NUM_TURNS_IN_HAND value=6 
D 09:57:07.7143392 PowerTaskList.DebugPrintPower() -     TAG_CHANGE Entity=[entityName=黑市拍卖师 id=75 zone=HAND zonePos=5 cardId=JAIL_718 player=2] tag=NUM_TURNS_IN_HAND value=4 
D 09:57:07.7143392 PowerTaskList.DebugPrintPower() -     TAG_CHANGE Entity=[entityName=波涛形塑 id=87 zone=HAND zonePos=6 cardId=TIME_701 player=2] tag=NUM_TURNS_IN_HAND value=2 
D 09:57:07.7143392 PowerTaskList.DebugPrintPower() -     TAG_CHANGE Entity=湫然#51704 tag=CURRENT_PLAYER value=0 
D 09:57:07.7143392 PowerTaskList.DebugPrintPower() -     TAG_CHANGE Entity=拯救网瘾对手#5318 tag=CURRENT_PLAYER value=1 
D 09:57:07.7143392 PowerTaskList.DebugPrintPower() -     TAG_CHANGE Entity=GameEntity tag=TURN value=6 
D 09:57:07.7143392 PowerTaskList.DebugPrintPower() -     TAG_CHANGE Entity=GameEntity tag=1882 value=5 
D 09:57:07.7143392 PowerTaskList.DebugPrintPower() -     TAG_CHANGE Entity=拯救网瘾对手#5318 tag=TURN value=3 
D 09:57:07.7143392 PowerTaskList.DebugPrintPower() -     TAG_CHANGE Entity=GameEntity tag=NEXT_STEP value=MAIN_READY 
D 09:57:07.7143392 PowerTaskList.DebugPrintPower() - BLOCK_END
D 09:57:07.7143392 PowerProcessor.PrepareHistoryForCurrentTaskList() - m_currentTaskList=133
D 09:57:07.7143392 PowerProcessor.EndCurrentTaskList() - m_currentTaskList=133
D 09:57:07.7143392 PowerTaskList.DebugDump() - ID=134 ParentID=0 PreviousID=0 TaskCount=1
D 09:57:07.7143392 PowerTaskList.DebugDump() - Block Start=(null)
D 09:57:07.7143392 PowerTaskList.DebugPrintPower() -     TAG_CHANGE Entity=GameEntity tag=STEP value=MAIN_READY 
D 09:57:07.7143392 PowerTaskList.DebugDump() - Block End=(null)
D 09:57:07.7143392 PowerProcessor.PrepareHistoryForCurrentTaskList() - m_currentTaskList=134
D 09:57:07.7143392 PowerProcessor.EndCurrentTaskList() - m_currentTaskList=134
D 09:57:07.7143392 PowerTaskList.DebugDump() - ID=135 ParentID=0 PreviousID=0 TaskCount=21
D 09:57:07.7143392 PowerTaskList.DebugPrintPower() - BLOCK_START BlockType=TRIGGER Entity=拯救网瘾对手#5318 EffectCardId=System.Collections.Generic.List`1[System.String] EffectIndex=-1 Target=0 SubOption=-1 TriggerKeyword=TAG_NOT_SET
D 09:57:07.7143392 PowerTaskList.DebugPrintPower() -     TAG_CHANGE Entity=GameEntity tag=NUM_TURNS_IN_PLAY value=6 
D 09:57:07.7143392 PowerTaskList.DebugPrintPower() -     TAG_CHANGE Entity=拯救网瘾对手#5318 tag=NUM_TURNS_IN_PLAY value=6 
D 09:57:07.7143392 PowerTaskList.DebugPrintPower() -     TAG_CHANGE Entity=湫然#51704 tag=NUM_TURNS_IN_PLAY value=6 
D 09:57:07.7143392 PowerTaskList.DebugPrintPower() -     TAG_CHANGE Entity=[entityName=雷克萨 id=90 zone=PLAY zonePos=0 cardId=HERO_05 player=1] tag=NUM_TURNS_IN_PLAY value=6 
D 09:57:07.7143392 PowerTaskList.DebugPrintPower() -     TAG_CHANGE Entity=[entityName=稳固射击 id=91 zone=PLAY zonePos=0 cardId=HERO_05bp player=1] tag=NUM_TURNS_IN_PLAY value=6 
D 09:57:07.7143392 PowerTaskList.DebugPrintPower() -     TAG_CHANGE Entity=[entityName=嘲风望月露娜拉 id=92 zone=PLAY zonePos=0 cardId=HERO_06bi player=2] tag=NUM_TURNS_IN_PLAY value=6 
D 09:57:07.7143392 PowerTaskList.DebugPrintPower() -     TAG_CHANGE Entity=[entityName=变形 id=93 zone=PLAY zonePos=0 cardId=HERO_06ebp player=2] tag=NUM_TURNS_IN_PLAY value=6 
D 09:57:07.7143392 PowerTaskList.DebugPrintPower() -     TAG_CHANGE Entity=[entityName=奇迹推销员 id=4 zone=PLAY zonePos=1 cardId=WW_331 player=1] tag=NUM_TURNS_IN_PLAY value=4 
D 09:57:07.7143392 PowerTaskList.DebugPrintPower() -     TAG_CHANGE Entity=[entityName=下水道管网 id=15 zone=PLAY zonePos=2 cardId=JAIL_877 player=1] tag=NUM_TURNS_IN_PLAY value=2 
D 09:57:07.7143392 PowerTaskList.DebugPrintPower() -     TAG_CHANGE Entity=[entityName=鼠吻贮藏者 id=110 zone=PLAY zonePos=3 cardId=JAIL_877t player=1] tag=NUM_TURNS_IN_PLAY value=2 
D 09:57:07.7143392 PowerTaskList.DebugPrintPower() -     TAG_CHANGE Entity=拯救网瘾对手#5318 tag=RESOURCES value=3 
D 09:57:07.7143392 PowerTaskList.DebugPrintPower() -     TAG_CHANGE Entity=拯救网瘾对手#5318 tag=RESOURCES_USED value=0 
D 09:57:07.7143392 PowerTaskList.DebugPrintPower() -     TAG_CHANGE Entity=拯救网瘾对手#5318 tag=NUM_CARDS_PLAYED_THIS_TURN value=0 
D 09:57:07.7143392 PowerTaskList.DebugPrintPower() -     TAG_CHANGE Entity=拯救网瘾对手#5318 tag=NUM_OPTIONS_PLAYED_THIS_TURN value=0 
D 09:57:07.7143392 PowerTaskList.DebugPrintPower() -     TAG_CHANGE Entity=拯救网瘾对手#5318 tag=3242 value=0 
D 09:57:07.7143392 PowerTaskList.DebugPrintPower() -     TAG_CHANGE Entity=[entityName=奇迹推销员 id=4 zone=PLAY zonePos=1 cardId=WW_331 player=1] tag=EXHAUSTED value=0 
D 09:57:07.7143392 PowerTaskList.DebugPrintPower() -     TAG_CHANGE Entity=[entityName=下水道管网 id=15 zone=PLAY zonePos=2 cardId=JAIL_877 player=1] tag=LOCATION_ACTION_COOLDOWN value=0 
D 09:57:07.7143392 PowerTaskList.DebugPrintPower() -     TAG_CHANGE Entity=[entityName=鼠吻贮藏者 id=110 zone=PLAY zonePos=3 cardId=JAIL_877t player=1] tag=EXHAUSTED value=0 
D 09:57:07.7143392 PowerTaskList.DebugPrintPower() -     TAG_CHANGE Entity=湫然#51704 tag=NUM_CARDS_DRAWN_THIS_TURN value=0 
D 09:57:07.7143392 PowerTaskList.DebugPrintPower() -     TAG_CHANGE Entity=GameEntity tag=NEXT_STEP value=MAIN_START_TRIGGERS 
D 09:57:07.7143392 PowerTaskList.DebugPrintPower() -     TAG_CHANGE Entity=湫然#51704 tag=DAMAGE_DEALT_TO_HERO_LAST_TURN value=0 
D 09:57:07.7143392 PowerTaskList.DebugPrintPower() - BLOCK_END
D 09:57:07.7143392 PowerProcessor.PrepareHistoryForCurrentTaskList() - m_currentTaskList=135
D 09:57:07.7143392 PowerProcessor.EndCurrentTaskList() - m_currentTaskList=135
D 09:57:07.7143392 PowerTaskList.DebugDump() - ID=136 ParentID=0 PreviousID=0 TaskCount=1
D 09:57:07.7143392 PowerTaskList.DebugDump() - Block Start=(null)
D 09:57:07.7143392 PowerTaskList.DebugPrintPower() -     TAG_CHANGE Entity=GameEntity tag=STEP value=MAIN_START_TRIGGERS 
D 09:57:07.7143392 PowerTaskList.DebugDump() - Block End=(null)
D 09:57:07.7143392 PowerProcessor.PrepareHistoryForCurrentTaskList() - m_currentTaskList=136
D 09:57:07.7143392 PowerProcessor.EndCurrentTaskList() - m_currentTaskList=136
D 09:57:07.7143392 PowerTaskList.DebugDump() - ID=137 ParentID=0 PreviousID=0 TaskCount=1
D 09:57:07.7143392 PowerTaskList.DebugPrintPower() - BLOCK_START BlockType=TRIGGER Entity=拯救网瘾对手#5318 EffectCardId=System.Collections.Generic.List`1[System.String] EffectIndex=-1 Target=0 SubOption=-1 TriggerKeyword=TAG_NOT_SET
D 09:57:07.7143392 PowerTaskList.DebugPrintPower() -     TAG_CHANGE Entity=GameEntity tag=NEXT_STEP value=MAIN_START 
D 09:57:07.7143392 PowerTaskList.DebugPrintPower() - BLOCK_END
D 09:57:07.7143392 PowerProcessor.PrepareHistoryForCurrentTaskList() - m_currentTaskList=137
D 09:57:07.7143392 PowerProcessor.EndCurrentTaskList() - m_currentTaskList=137
D 09:57:07.7143392 PowerTaskList.DebugDump() - ID=138 ParentID=0 PreviousID=0 TaskCount=1
D 09:57:07.7143392 PowerTaskList.DebugDump() - Block Start=(null)
D 09:57:07.7143392 PowerTaskList.DebugPrintPower() -     TAG_CHANGE Entity=GameEntity tag=STEP value=MAIN_START 
D 09:57:07.7143392 PowerTaskList.DebugDump() - Block End=(null)
D 09:57:07.7143392 PowerProcessor.PrepareHistoryForCurrentTaskList() - m_currentTaskList=138
D 09:57:07.7143392 PowerProcessor.EndCurrentTaskList() - m_currentTaskList=138
D 09:57:07.7143392 PowerTaskList.DebugDump() - ID=139 ParentID=0 PreviousID=0 TaskCount=10
D 09:57:07.7143392 PowerTaskList.DebugPrintPower() - BLOCK_START BlockType=TRIGGER Entity=拯救网瘾对手#5318 EffectCardId=System.Collections.Generic.List`1[System.String] EffectIndex=-1 Target=0 SubOption=-1 TriggerKeyword=TAG_NOT_SET
D 09:57:07.7143392 PowerTaskList.DebugPrintPower() -     TAG_CHANGE Entity=拯救网瘾对手#5318 tag=2166 value=40 
D 09:57:07.7143392 PowerTaskList.DebugPrintPower() -     TAG_CHANGE Entity=拯救网瘾对手#5318 tag=467 value=1 
D 09:57:07.7143392 PowerTaskList.DebugPrintPower() -     TAG_CHANGE Entity=[entityName=UNKNOWN ENTITY [cardType=INVALID] id=40 zone=DECK zonePos=0 cardId= player=1] tag=ZONE value=HAND 
D 09:57:07.7143392 PowerTaskList.DebugPrintPower() -     TAG_CHANGE Entity=[entityName=UNKNOWN ENTITY [cardType=INVALID] id=40 zone=DECK zonePos=0 cardId= player=1] tag=ZONE_POSITION value=6 
D 09:57:07.7143392 PowerTaskList.DebugPrintPower() -     TAG_CHANGE Entity=[entityName=UNKNOWN ENTITY [cardType=INVALID] id=40 zone=DECK zonePos=0 cardId= player=1] tag=ZONE_POSITION value=0 
D 09:57:07.7143392 PowerTaskList.DebugPrintPower() -     TAG_CHANGE Entity=[entityName=UNKNOWN ENTITY [cardType=INVALID] id=40 zone=DECK zonePos=0 cardId= player=1] tag=ZONE_POSITION value=6 
D 09:57:07.7143392 PowerTaskList.DebugPrintPower() -     TAG_CHANGE Entity=拯救网瘾对手#5318 tag=NUM_CARDS_DRAWN_THIS_TURN value=1 
D 09:57:07.7143392 PowerTaskList.DebugPrintPower() -     TAG_CHANGE Entity=拯救网瘾对手#5318 tag=995 value=3 
D 09:57:07.7143392 PowerTaskList.DebugPrintPower() -     TAG_CHANGE Entity=拯救网瘾对手#5318 tag=467 value=0 
D 09:57:07.7143392 PowerTaskList.DebugPrintPower() -     TAG_CHANGE Entity=GameEntity tag=NEXT_STEP value=MAIN_ACTION 
D 09:57:07.7143392 PowerTaskList.DebugPrintPower() - BLOCK_END
D 09:57:07.7143392 PowerProcessor.PrepareHistoryForCurrentTaskList() - m_currentTaskList=139
D 09:57:09.2499687 PowerProcessor.EndCurrentTaskList() - m_currentTaskList=139
D 09:57:09.2562736 PowerTaskList.DebugDump() - ID=140 ParentID=0 PreviousID=0 TaskCount=1
D 09:57:09.2562736 PowerTaskList.DebugDump() - Block Start=(null)
D 09:57:09.2562736 PowerTaskList.DebugPrintPower() -     TAG_CHANGE Entity=GameEntity tag=STEP value=MAIN_ACTION 
D 09:57:09.2562736 PowerTaskList.DebugDump() - Block End=(null)
D 09:57:09.2562736 PowerProcessor.PrepareHistoryForCurrentTaskList() - m_currentTaskList=140
D 09:57:09.2562736 PowerProcessor.EndCurrentTaskList() - m_currentTaskList=140
D 09:57:09.2562736 PowerTaskList.DebugDump() - ID=141 ParentID=0 PreviousID=0 TaskCount=1
D 09:57:09.2562736 PowerTaskList.DebugPrintPower() - BLOCK_START BlockType=TRIGGER Entity=拯救网瘾对手#5318 EffectCardId=System.Collections.Generic.List`1[System.String] EffectIndex=-1 Target=0 SubOption=-1 TriggerKeyword=TAG_NOT_SET
D 09:57:09.2562736 PowerTaskList.DebugPrintPower() -     TAG_CHANGE Entity=GameEntity tag=NEXT_STEP value=MAIN_END 
D 09:57:09.2562736 PowerTaskList.DebugPrintPower() - BLOCK_END
D 09:57:09.2562736 PowerProcessor.PrepareHistoryForCurrentTaskList() - m_currentTaskList=141
D 09:57:09.2562736 PowerProcessor.EndCurrentTaskList() - m_currentTaskList=141
D 09:57:18.1626593 GameState.DebugPrintPowerList() - Count=36
D 09:57:18.1626593 GameState.DebugPrintPower() - BLOCK_START BlockType=ATTACK Entity=[entityName=奇迹推销员 id=4 zone=PLAY zonePos=1 cardId=WW_331 player=1] EffectCardId=System.Collections.Generic.List`1[System.String] EffectIndex=0 Target=[entityName=嘲风望月露娜拉 id=92 zone=PLAY zonePos=0 cardId=HERO_06bi player=2] SubOption=-1 
D 09:57:18.1626593 GameState.DebugPrintPower() -     TAG_CHANGE Entity=拯救网瘾对手#5318 tag=NUM_FRIENDLY_MINIONS_THAT_ATTACKED_THIS_TURN value=1 
D 09:57:18.1626593 GameState.DebugPrintPower() -     TAG_CHANGE Entity=GameEntity tag=PROPOSED_ATTACKER value=4 
D 09:57:18.1626593 GameState.DebugPrintPower() -     TAG_CHANGE Entity=GameEntity tag=PROPOSED_DEFENDER value=92 
D 09:57:18.1626593 GameState.DebugPrintPower() -     TAG_CHANGE Entity=[entityName=奇迹推销员 id=4 zone=PLAY zonePos=1 cardId=WW_331 player=1] tag=ATTACKING value=1 
D 09:57:18.1626593 GameState.DebugPrintPower() -     META_DATA - Meta=SLUSH_TIME Data=1200 InfoCount=1
D 09:57:18.1626593 GameState.DebugPrintPower() -                 Info[0] = [entityName=奇迹推销员 id=4 zone=PLAY zonePos=1 cardId=WW_331 player=1]
D 09:57:18.1626593 GameState.DebugPrintPower() -     TAG_CHANGE Entity=[entityName=嘲风望月露娜拉 id=92 zone=PLAY zonePos=0 cardId=HERO_06bi player=2] tag=DEFENDING value=1 
D 09:57:18.1626593 GameState.DebugPrintPower() -     TAG_CHANGE Entity=[entityName=奇迹推销员 id=4 zone=PLAY zonePos=1 cardId=WW_331 player=1] tag=NUM_ATTACKS_THIS_TURN value=1 
D 09:57:18.1626593 GameState.DebugPrintPower() -     TAG_CHANGE Entity=[entityName=奇迹推销员 id=4 zone=PLAY zonePos=1 cardId=WW_331 player=1] tag=4163 value=2 
D 09:57:18.1626593 GameState.DebugPrintPower() -     TAG_CHANGE Entity=[entityName=奇迹推销员 id=4 zone=PLAY zonePos=1 cardId=WW_331 player=1] tag=EXHAUSTED value=1 
D 09:57:18.1626593 GameState.DebugPrintPower() -     TAG_CHANGE Entity=[entityName=嘲风望月露娜拉 id=92 zone=PLAY zonePos=0 cardId=HERO_06bi player=2] tag=2187 value=4 
D 09:57:18.1626593 GameState.DebugPrintPower() -     TAG_CHANGE Entity=[entityName=嘲风望月露娜拉 id=92 zone=PLAY zonePos=0 cardId=HERO_06bi player=2] tag=PREDAMAGE value=2 
D 09:57:18.1626593 GameState.DebugPrintPower() -     TAG_CHANGE Entity=[entityName=嘲风望月露娜拉 id=92 zone=PLAY zonePos=0 cardId=HERO_06bi player=2] tag=1173 value=92 
D 09:57:18.1626593 GameState.DebugPrintPower() -     TAG_CHANGE Entity=[entityName=嘲风望月露娜拉 id=92 zone=PLAY zonePos=0 cardId=HERO_06bi player=2] tag=2187 value=0 
D 09:57:18.1626593 GameState.DebugPrintPower() -     TAG_CHANGE Entity=[entityName=嘲风望月露娜拉 id=92 zone=PLAY zonePos=0 cardId=HERO_06bi player=2] tag=PREDAMAGE value=0 
D 09:57:18.1626593 GameState.DebugPrintPower() -     TAG_CHANGE Entity=[entityName=嘲风望月露娜拉 id=92 zone=PLAY zonePos=0 cardId=HERO_06bi player=2] tag=1173 value=0 
D 09:57:18.1626593 GameState.DebugPrintPower() -     TAG_CHANGE Entity=[entityName=嘲风望月露娜拉 id=92 zone=PLAY zonePos=0 cardId=HERO_06bi player=2] tag=PREDAMAGE value=2 
D 09:57:18.1626593 GameState.DebugPrintPower() -     TAG_CHANGE Entity=[entityName=嘲风望月露娜拉 id=92 zone=PLAY zonePos=0 cardId=HERO_06bi player=2] tag=PREDAMAGE value=0 
D 09:57:18.1626593 GameState.DebugPrintPower() -     META_DATA - Meta=DAMAGE Data=2 InfoCount=1
D 09:57:18.1626593 GameState.DebugPrintPower() -                 Info[0] = [entityName=嘲风望月露娜拉 id=92 zone=PLAY zonePos=0 cardId=HERO_06bi player=2]
D 09:57:18.1626593 GameState.DebugPrintPower() -     TAG_CHANGE Entity=[entityName=嘲风望月露娜拉 id=92 zone=PLAY zonePos=0 cardId=HERO_06bi player=2] tag=4741 value=3 
D 09:57:18.1626593 GameState.DebugPrintPower() -     TAG_CHANGE Entity=[entityName=嘲风望月露娜拉 id=92 zone=PLAY zonePos=0 cardId=HERO_06bi player=2] tag=DAMAGE value=3 
D 09:57:18.1626593 GameState.DebugPrintPower() -     TAG_CHANGE Entity=湫然#51704 tag=464 value=2 
D 09:57:18.1626593 GameState.DebugPrintPower() -     TAG_CHANGE Entity=湫然#51704 tag=1853 value=4 
D 09:57:18.1626593 GameState.DebugPrintPower() -     TAG_CHANGE Entity=湫然#51704 tag=4453 value=1 
D 09:57:18.1626593 GameState.DebugPrintPower() -     TAG_CHANGE Entity=湫然#51704 tag=DAMAGE_DEALT_TO_HERO_LAST_TURN value=2 
D 09:57:18.1626593 GameState.DebugPrintPower() -     TAG_CHANGE Entity=湫然#51704 tag=1575 value=1 
D 09:57:18.1626593 GameState.DebugPrintPower() -     TAG_CHANGE Entity=GameEntity tag=1710 value=1 
D 09:57:18.1626593 GameState.DebugPrintPower() -     TAG_CHANGE Entity=GameEntity tag=1710 value=0 
D 09:57:18.1626593 GameState.DebugPrintPower() -     TAG_CHANGE Entity=GameEntity tag=PROPOSED_ATTACKER value=0 
D 09:57:18.1626593 GameState.DebugPrintPower() -     TAG_CHANGE Entity=GameEntity tag=PROPOSED_DEFENDER value=0 
D 09:57:18.1626593 GameState.DebugPrintPower() -     TAG_CHANGE Entity=[entityName=奇迹推销员 id=4 zone=PLAY zonePos=1 cardId=WW_331 player=1] tag=ATTACKING value=0 
D 09:57:18.1626593 GameState.DebugPrintPower() -     TAG_CHANGE Entity=[entityName=嘲风望月露娜拉 id=92 zone=PLAY zonePos=0 cardId=HERO_06bi player=2] tag=DEFENDING value=0 
D 09:57:18.1626593 GameState.DebugPrintPower() - BLOCK_END
D 09:57:18.1626593 GameState.DebugPrintPower() - TAG_CHANGE Entity=GameEntity tag=1323 value=8 
D 09:57:18.1626593 GameState.DebugPrintPower() - TAG_CHANGE Entity=拯救网瘾对手#5318 tag=NUM_OPTIONS_PLAYED_THIS_TURN value=1 
D 09:57:18.1626593 GameState.DebugPrintPower() - META_DATA - Meta=SLUSH_TIME Data=1000 InfoCount=1
D 09:57:18.1626593 GameState.DebugPrintPower() -             Info[0] = [entityName=奇迹推销员 id=4 zone=PLAY zonePos=1 cardId=WW_331 player=1]
D 09:57:18.1626593 PowerTaskList.DebugDump() - ID=142 ParentID=0 PreviousID=0 TaskCount=31
D 09:57:18.1626593 PowerTaskList.DebugPrintPower() - BLOCK_START BlockType=ATTACK Entity=[entityName=奇迹推销员 id=4 zone=PLAY zonePos=1 cardId=WW_331 player=1] EffectCardId=System.Collections.Generic.List`1[System.String] EffectIndex=0 Target=[entityName=嘲风望月露娜拉 id=92 zone=PLAY zonePos=0 cardId=HERO_06bi player=2] SubOption=-1 
D 09:57:18.1626593 PowerTaskList.DebugPrintPower() -     TAG_CHANGE Entity=拯救网瘾对手#5318 tag=NUM_FRIENDLY_MINIONS_THAT_ATTACKED_THIS_TURN value=1 
D 09:57:18.1626593 PowerTaskList.DebugPrintPower() -     TAG_CHANGE Entity=GameEntity tag=PROPOSED_ATTACKER value=4 
D 09:57:18.1626593 PowerTaskList.DebugPrintPower() -     TAG_CHANGE Entity=GameEntity tag=PROPOSED_DEFENDER value=92 
D 09:57:18.1626593 PowerTaskList.DebugPrintPower() -     TAG_CHANGE Entity=[entityName=奇迹推销员 id=4 zone=PLAY zonePos=1 cardId=WW_331 player=1] tag=ATTACKING value=1 
D 09:57:18.1626593 PowerTaskList.DebugPrintPower() -     META_DATA - Meta=SLUSH_TIME Data=1200 InfoCount=1
D 09:57:18.1626593 PowerTaskList.DebugPrintPower() -                 Info[0] = [entityName=奇迹推销员 id=4 zone=PLAY zonePos=1 cardId=WW_331 player=1]
D 09:57:18.1626593 PowerTaskList.DebugPrintPower() -     TAG_CHANGE Entity=[entityName=嘲风望月露娜拉 id=92 zone=PLAY zonePos=0 cardId=HERO_06bi player=2] tag=DEFENDING value=1 
D 09:57:18.1626593 PowerTaskList.DebugPrintPower() -     TAG_CHANGE Entity=[entityName=奇迹推销员 id=4 zone=PLAY zonePos=1 cardId=WW_331 player=1] tag=NUM_ATTACKS_THIS_TURN value=1 
D 09:57:18.1626593 PowerTaskList.DebugPrintPower() -     TAG_CHANGE Entity=[entityName=奇迹推销员 id=4 zone=PLAY zonePos=1 cardId=WW_331 player=1] tag=4163 value=2 
D 09:57:18.1626593 PowerTaskList.DebugPrintPower() -     TAG_CHANGE Entity=[entityName=奇迹推销员 id=4 zone=PLAY zonePos=1 cardId=WW_331 player=1] tag=EXHAUSTED value=1 
D 09:57:18.1626593 PowerTaskList.DebugPrintPower() -     TAG_CHANGE Entity=[entityName=嘲风望月露娜拉 id=92 zone=PLAY zonePos=0 cardId=HERO_06bi player=2] tag=2187 value=4 
D 09:57:18.1626593 PowerTaskList.DebugPrintPower() -     TAG_CHANGE Entity=[entityName=嘲风望月露娜拉 id=92 zone=PLAY zonePos=0 cardId=HERO_06bi player=2] tag=PREDAMAGE value=2 
D 09:57:18.1626593 PowerTaskList.DebugPrintPower() -     TAG_CHANGE Entity=[entityName=嘲风望月露娜拉 id=92 zone=PLAY zonePos=0 cardId=HERO_06bi player=2] tag=1173 value=92 
D 09:57:18.1626593 PowerTaskList.DebugPrintPower() -     TAG_CHANGE Entity=[entityName=嘲风望月露娜拉 id=92 zone=PLAY zonePos=0 cardId=HERO_06bi player=2] tag=2187 value=0 
D 09:57:18.1626593 PowerTaskList.DebugPrintPower() -     TAG_CHANGE Entity=[entityName=嘲风望月露娜拉 id=92 zone=PLAY zonePos=0 cardId=HERO_06bi player=2] tag=PREDAMAGE value=0 
D 09:57:18.1626593 PowerTaskList.DebugPrintPower() -     TAG_CHANGE Entity=[entityName=嘲风望月露娜拉 id=92 zone=PLAY zonePos=0 cardId=HERO_06bi player=2] tag=1173 value=0 
D 09:57:18.1626593 PowerTaskList.DebugPrintPower() -     TAG_CHANGE Entity=[entityName=嘲风望月露娜拉 id=92 zone=PLAY zonePos=0 cardId=HERO_06bi player=2] tag=PREDAMAGE value=2 
D 09:57:18.1626593 PowerTaskList.DebugPrintPower() -     TAG_CHANGE Entity=[entityName=嘲风望月露娜拉 id=92 zone=PLAY zonePos=0 cardId=HERO_06bi player=2] tag=PREDAMAGE value=0 
D 09:57:18.1626593 PowerTaskList.DebugPrintPower() -     META_DATA - Meta=DAMAGE Data=2 InfoCount=1
D 09:57:18.1626593 PowerTaskList.DebugPrintPower() -                 Info[0] = [entityName=嘲风望月露娜拉 id=92 zone=PLAY zonePos=0 cardId=HERO_06bi player=2]
D 09:57:18.1626593 PowerTaskList.DebugPrintPower() -     TAG_CHANGE Entity=[entityName=嘲风望月露娜拉 id=92 zone=PLAY zonePos=0 cardId=HERO_06bi player=2] tag=4741 value=3 
D 09:57:18.1626593 PowerTaskList.DebugPrintPower() -     TAG_CHANGE Entity=[entityName=嘲风望月露娜拉 id=92 zone=PLAY zonePos=0 cardId=HERO_06bi player=2] tag=DAMAGE value=3 
D 09:57:18.1626593 PowerTaskList.DebugPrintPower() -     TAG_CHANGE Entity=湫然#51704 tag=464 value=2 
D 09:57:18.1626593 PowerTaskList.DebugPrintPower() -     TAG_CHANGE Entity=湫然#51704 tag=1853 value=4 
D 09:57:18.1626593 PowerTaskList.DebugPrintPower() -     TAG_CHANGE Entity=湫然#51704 tag=4453 value=1 
D 09:57:18.1626593 PowerTaskList.DebugPrintPower() -     TAG_CHANGE Entity=湫然#51704 tag=DAMAGE_DEALT_TO_HERO_LAST_TURN value=2 
D 09:57:18.1626593 PowerTaskList.DebugPrintPower() -     TAG_CHANGE Entity=湫然#51704 tag=1575 value=1 
D 09:57:18.1626593 PowerTaskList.DebugPrintPower() -     TAG_CHANGE Entity=GameEntity tag=1710 value=1 
D 09:57:18.1626593 PowerTaskList.DebugPrintPower() -     TAG_CHANGE Entity=GameEntity tag=1710 value=0 
D 09:57:18.1626593 PowerTaskList.DebugPrintPower() -     TAG_CHANGE Entity=GameEntity tag=PROPOSED_ATTACKER value=0 
D 09:57:18.1626593 PowerTaskList.DebugPrintPower() -     TAG_CHANGE Entity=GameEntity tag=PROPOSED_DEFENDER value=0 
D 09:57:18.1626593 PowerTaskList.DebugPrintPower() -     TAG_CHANGE Entity=[entityName=奇迹推销员 id=4 zone=PLAY zonePos=1 cardId=WW_331 player=1] tag=ATTACKING value=0 
D 09:57:18.1626593 PowerTaskList.DebugPrintPower() -     TAG_CHANGE Entity=[entityName=嘲风望月露娜拉 id=92 zone=PLAY zonePos=0 cardId=HERO_06bi player=2] tag=DEFENDING value=0 
D 09:57:18.1626593 PowerTaskList.DebugPrintPower() - BLOCK_END
D 09:57:18.1626593 PowerProcessor.PrepareHistoryForCurrentTaskList() - m_currentTaskList=142
D 09:57:19.3787795 PowerProcessor.EndCurrentTaskList() - m_currentTaskList=142
D 09:57:19.3855841 PowerTaskList.DebugDump() - ID=143 ParentID=0 PreviousID=0 TaskCount=3
D 09:57:19.3855841 PowerTaskList.DebugDump() - Block Start=(null)
D 09:57:19.3855841 PowerTaskList.DebugPrintPower() -     TAG_CHANGE Entity=GameEntity tag=1323 value=8 
D 09:57:19.3855841 PowerTaskList.DebugPrintPower() -     TAG_CHANGE Entity=拯救网瘾对手#5318 tag=NUM_OPTIONS_PLAYED_THIS_TURN value=1 
D 09:57:19.3855841 PowerTaskList.DebugPrintPower() -     META_DATA - Meta=SLUSH_TIME Data=1000 InfoCount=1
D 09:57:19.3855841 PowerTaskList.DebugPrintPower() -                 Info[0] = [entityName=奇迹推销员 id=4 zone=PLAY zonePos=1 cardId=WW_331 player=1]
D 09:57:19.3855841 PowerTaskList.DebugDump() - Block End=(null)
D 09:57:19.3855841 PowerProcessor.PrepareHistoryForCurrentTaskList() - m_currentTaskList=143
D 09:57:19.3855841 PowerProcessor.EndCurrentTaskList() - m_currentTaskList=143
D 09:57:25.8301928 GameState.DebugPrintPowerList() - Count=39
D 09:57:25.8301928 GameState.DebugPrintPower() - TAG_CHANGE Entity=[entityName=鼠吻贮藏者 id=110 zone=PLAY zonePos=3 cardId=JAIL_877t player=1] tag=CARD_TARGET value=92 
D 09:57:25.8301928 GameState.DebugPrintPower() - BLOCK_START BlockType=ATTACK Entity=[entityName=鼠吻贮藏者 id=110 zone=PLAY zonePos=3 cardId=JAIL_877t player=1] EffectCardId=System.Collections.Generic.List`1[System.String] EffectIndex=0 Target=[entityName=嘲风望月露娜拉 id=92 zone=PLAY zonePos=0 cardId=HERO_06bi player=2] SubOption=-1 
D 09:57:25.8301928 GameState.DebugPrintPower() -     TAG_CHANGE Entity=[entityName=鼠吻贮藏者 id=110 zone=PLAY zonePos=3 cardId=JAIL_877t player=1] tag=1715 value=110 
D 09:57:25.8301928 GameState.DebugPrintPower() -     TAG_CHANGE Entity=[entityName=嘲风望月露娜拉 id=92 zone=PLAY zonePos=0 cardId=HERO_06bi player=2] tag=1715 value=110 
D 09:57:25.8301928 GameState.DebugPrintPower() -     TAG_CHANGE Entity=拯救网瘾对手#5318 tag=NUM_FRIENDLY_MINIONS_THAT_ATTACKED_THIS_TURN value=2 
D 09:57:25.8301928 GameState.DebugPrintPower() -     TAG_CHANGE Entity=GameEntity tag=PROPOSED_ATTACKER value=110 
D 09:57:25.8301928 GameState.DebugPrintPower() -     TAG_CHANGE Entity=GameEntity tag=PROPOSED_DEFENDER value=92 
D 09:57:25.8301928 GameState.DebugPrintPower() -     TAG_CHANGE Entity=[entityName=鼠吻贮藏者 id=110 zone=PLAY zonePos=3 cardId=JAIL_877t player=1] tag=ATTACKING value=1 
D 09:57:25.8301928 GameState.DebugPrintPower() -     META_DATA - Meta=SLUSH_TIME Data=1200 InfoCount=1
D 09:57:25.8301928 GameState.DebugPrintPower() -                 Info[0] = [entityName=鼠吻贮藏者 id=110 zone=PLAY zonePos=3 cardId=JAIL_877t player=1]
D 09:57:25.8301928 GameState.DebugPrintPower() -     TAG_CHANGE Entity=[entityName=嘲风望月露娜拉 id=92 zone=PLAY zonePos=0 cardId=HERO_06bi player=2] tag=DEFENDING value=1 
D 09:57:25.8301928 GameState.DebugPrintPower() -     TAG_CHANGE Entity=[entityName=鼠吻贮藏者 id=110 zone=PLAY zonePos=3 cardId=JAIL_877t player=1] tag=NUM_ATTACKS_THIS_TURN value=1 
D 09:57:25.8301928 GameState.DebugPrintPower() -     TAG_CHANGE Entity=[entityName=鼠吻贮藏者 id=110 zone=PLAY zonePos=3 cardId=JAIL_877t player=1] tag=4163 value=1 
D 09:57:25.8301928 GameState.DebugPrintPower() -     TAG_CHANGE Entity=[entityName=鼠吻贮藏者 id=110 zone=PLAY zonePos=3 cardId=JAIL_877t player=1] tag=EXHAUSTED value=1 
D 09:57:25.8301928 GameState.DebugPrintPower() -     TAG_CHANGE Entity=[entityName=嘲风望月露娜拉 id=92 zone=PLAY zonePos=0 cardId=HERO_06bi player=2] tag=2187 value=110 
D 09:57:25.8301928 GameState.DebugPrintPower() -     TAG_CHANGE Entity=[entityName=嘲风望月露娜拉 id=92 zone=PLAY zonePos=0 cardId=HERO_06bi player=2] tag=PREDAMAGE value=2 
D 09:57:25.8301928 GameState.DebugPrintPower() -     TAG_CHANGE Entity=[entityName=嘲风望月露娜拉 id=92 zone=PLAY zonePos=0 cardId=HERO_06bi player=2] tag=1173 value=92 
D 09:57:25.8301928 GameState.DebugPrintPower() -     TAG_CHANGE Entity=[entityName=嘲风望月露娜拉 id=92 zone=PLAY zonePos=0 cardId=HERO_06bi player=2] tag=2187 value=0 
D 09:57:25.8301928 GameState.DebugPrintPower() -     TAG_CHANGE Entity=[entityName=嘲风望月露娜拉 id=92 zone=PLAY zonePos=0 cardId=HERO_06bi player=2] tag=PREDAMAGE value=0 
D 09:57:25.8301928 GameState.DebugPrintPower() -     TAG_CHANGE Entity=[entityName=嘲风望月露娜拉 id=92 zone=PLAY zonePos=0 cardId=HERO_06bi player=2] tag=1173 value=0 
D 09:57:25.8301928 GameState.DebugPrintPower() -     TAG_CHANGE Entity=[entityName=嘲风望月露娜拉 id=92 zone=PLAY zonePos=0 cardId=HERO_06bi player=2] tag=PREDAMAGE value=2 
D 09:57:25.8301928 GameState.DebugPrintPower() -     TAG_CHANGE Entity=[entityName=嘲风望月露娜拉 id=92 zone=PLAY zonePos=0 cardId=HERO_06bi player=2] tag=PREDAMAGE value=0 
D 09:57:25.8301928 GameState.DebugPrintPower() -     META_DATA - Meta=DAMAGE Data=2 InfoCount=1
D 09:57:25.8301928 GameState.DebugPrintPower() -                 Info[0] = [entityName=嘲风望月露娜拉 id=92 zone=PLAY zonePos=0 cardId=HERO_06bi player=2]
D 09:57:25.8301928 GameState.DebugPrintPower() -     TAG_CHANGE Entity=[entityName=嘲风望月露娜拉 id=92 zone=PLAY zonePos=0 cardId=HERO_06bi player=2] tag=4741 value=4 
D 09:57:25.8301928 GameState.DebugPrintPower() -     TAG_CHANGE Entity=[entityName=嘲风望月露娜拉 id=92 zone=PLAY zonePos=0 cardId=HERO_06bi player=2] tag=LAST_AFFECTED_BY value=110 
D 09:57:25.8301928 GameState.DebugPrintPower() -     TAG_CHANGE Entity=[entityName=嘲风望月露娜拉 id=92 zone=PLAY zonePos=0 cardId=HERO_06bi player=2] tag=DAMAGE value=5 
D 09:57:25.8301928 GameState.DebugPrintPower() -     TAG_CHANGE Entity=湫然#51704 tag=464 value=4 
D 09:57:25.8301928 GameState.DebugPrintPower() -     TAG_CHANGE Entity=湫然#51704 tag=1853 value=6 
D 09:57:25.8301928 GameState.DebugPrintPower() -     TAG_CHANGE Entity=湫然#51704 tag=4453 value=2 
D 09:57:25.8301928 GameState.DebugPrintPower() -     TAG_CHANGE Entity=湫然#51704 tag=DAMAGE_DEALT_TO_HERO_LAST_TURN value=4 
D 09:57:25.8301928 GameState.DebugPrintPower() -     TAG_CHANGE Entity=GameEntity tag=1710 value=1 
D 09:57:25.8301928 GameState.DebugPrintPower() -     TAG_CHANGE Entity=GameEntity tag=1710 value=0 
D 09:57:25.8301928 GameState.DebugPrintPower() -     TAG_CHANGE Entity=GameEntity tag=PROPOSED_ATTACKER value=0 
D 09:57:25.8301928 GameState.DebugPrintPower() -     TAG_CHANGE Entity=GameEntity tag=PROPOSED_DEFENDER value=0 
D 09:57:25.8301928 GameState.DebugPrintPower() -     TAG_CHANGE Entity=[entityName=鼠吻贮藏者 id=110 zone=PLAY zonePos=3 cardId=JAIL_877t player=1] tag=ATTACKING value=0 
D 09:57:25.8301928 GameState.DebugPrintPower() -     TAG_CHANGE Entity=[entityName=嘲风望月露娜拉 id=92 zone=PLAY zonePos=0 cardId=HERO_06bi player=2] tag=DEFENDING value=0 
D 09:57:25.8301928 GameState.DebugPrintPower() - BLOCK_END
D 09:57:25.8301928 GameState.DebugPrintPower() - TAG_CHANGE Entity=GameEntity tag=1323 value=9 
D 09:57:25.8301928 GameState.DebugPrintPower() - TAG_CHANGE Entity=拯救网瘾对手#5318 tag=NUM_OPTIONS_PLAYED_THIS_TURN value=2 
D 09:57:25.8301928 GameState.DebugPrintPower() - META_DATA - Meta=SLUSH_TIME Data=1000 InfoCount=1
D 09:57:25.8301928 GameState.DebugPrintPower() -             Info[0] = [entityName=鼠吻贮藏者 id=110 zone=PLAY zonePos=3 cardId=JAIL_877t player=1]
D 09:57:25.8301928 PowerTaskList.DebugDump() - ID=144 ParentID=0 PreviousID=0 TaskCount=1
D 09:57:25.8301928 PowerTaskList.DebugDump() - Block Start=(null)
D 09:57:25.8301928 PowerTaskList.DebugPrintPower() -     TAG_CHANGE Entity=[entityName=鼠吻贮藏者 id=110 zone=PLAY zonePos=3 cardId=JAIL_877t player=1] tag=CARD_TARGET value=92 
D 09:57:25.8301928 PowerTaskList.DebugDump() - Block End=(null)
D 09:57:25.8301928 PowerProcessor.PrepareHistoryForCurrentTaskList() - m_currentTaskList=144
D 09:57:25.8301928 PowerProcessor.EndCurrentTaskList() - m_currentTaskList=144
D 09:57:25.8301928 PowerTaskList.DebugDump() - ID=145 ParentID=144 PreviousID=0 TaskCount=33
D 09:57:25.8301928 PowerTaskList.DebugPrintPower() - BLOCK_START BlockType=ATTACK Entity=[entityName=鼠吻贮藏者 id=110 zone=PLAY zonePos=3 cardId=JAIL_877t player=1] EffectCardId=System.Collections.Generic.List`1[System.String] EffectIndex=0 Target=[entityName=嘲风望月露娜拉 id=92 zone=PLAY zonePos=0 cardId=HERO_06bi player=2] SubOption=-1 
D 09:57:25.8301928 PowerTaskList.DebugPrintPower() -     TAG_CHANGE Entity=[entityName=鼠吻贮藏者 id=110 zone=PLAY zonePos=3 cardId=JAIL_877t player=1] tag=1715 value=110 
D 09:57:25.8301928 PowerTaskList.DebugPrintPower() -     TAG_CHANGE Entity=[entityName=嘲风望月露娜拉 id=92 zone=PLAY zonePos=0 cardId=HERO_06bi player=2] tag=1715 value=110 
D 09:57:25.8301928 PowerTaskList.DebugPrintPower() -     TAG_CHANGE Entity=拯救网瘾对手#5318 tag=NUM_FRIENDLY_MINIONS_THAT_ATTACKED_THIS_TURN value=2 
D 09:57:25.8301928 PowerTaskList.DebugPrintPower() -     TAG_CHANGE Entity=GameEntity tag=PROPOSED_ATTACKER value=110 
D 09:57:25.8301928 PowerTaskList.DebugPrintPower() -     TAG_CHANGE Entity=GameEntity tag=PROPOSED_DEFENDER value=92 
D 09:57:25.8301928 PowerTaskList.DebugPrintPower() -     TAG_CHANGE Entity=[entityName=鼠吻贮藏者 id=110 zone=PLAY zonePos=3 cardId=JAIL_877t player=1] tag=ATTACKING value=1 
D 09:57:25.8301928 PowerTaskList.DebugPrintPower() -     META_DATA - Meta=SLUSH_TIME Data=1200 InfoCount=1
D 09:57:25.8301928 PowerTaskList.DebugPrintPower() -                 Info[0] = [entityName=鼠吻贮藏者 id=110 zone=PLAY zonePos=3 cardId=JAIL_877t player=1]
D 09:57:25.8301928 PowerTaskList.DebugPrintPower() -     TAG_CHANGE Entity=[entityName=嘲风望月露娜拉 id=92 zone=PLAY zonePos=0 cardId=HERO_06bi player=2] tag=DEFENDING value=1 
D 09:57:25.8301928 PowerTaskList.DebugPrintPower() -     TAG_CHANGE Entity=[entityName=鼠吻贮藏者 id=110 zone=PLAY zonePos=3 cardId=JAIL_877t player=1] tag=NUM_ATTACKS_THIS_TURN value=1 
D 09:57:25.8301928 PowerTaskList.DebugPrintPower() -     TAG_CHANGE Entity=[entityName=鼠吻贮藏者 id=110 zone=PLAY zonePos=3 cardId=JAIL_877t player=1] tag=4163 value=1 
D 09:57:25.8301928 PowerTaskList.DebugPrintPower() -     TAG_CHANGE Entity=[entityName=鼠吻贮藏者 id=110 zone=PLAY zonePos=3 cardId=JAIL_877t player=1] tag=EXHAUSTED value=1 
D 09:57:25.8301928 PowerTaskList.DebugPrintPower() -     TAG_CHANGE Entity=[entityName=嘲风望月露娜拉 id=92 zone=PLAY zonePos=0 cardId=HERO_06bi player=2] tag=2187 value=110 
D 09:57:25.8301928 PowerTaskList.DebugPrintPower() -     TAG_CHANGE Entity=[entityName=嘲风望月露娜拉 id=92 zone=PLAY zonePos=0 cardId=HERO_06bi player=2] tag=PREDAMAGE value=2 
D 09:57:25.8301928 PowerTaskList.DebugPrintPower() -     TAG_CHANGE Entity=[entityName=嘲风望月露娜拉 id=92 zone=PLAY zonePos=0 cardId=HERO_06bi player=2] tag=1173 value=92 
D 09:57:25.8301928 PowerTaskList.DebugPrintPower() -     TAG_CHANGE Entity=[entityName=嘲风望月露娜拉 id=92 zone=PLAY zonePos=0 cardId=HERO_06bi player=2] tag=2187 value=0 
D 09:57:25.8301928 PowerTaskList.DebugPrintPower() -     TAG_CHANGE Entity=[entityName=嘲风望月露娜拉 id=92 zone=PLAY zonePos=0 cardId=HERO_06bi player=2] tag=PREDAMAGE value=0 
D 09:57:25.8301928 PowerTaskList.DebugPrintPower() -     TAG_CHANGE Entity=[entityName=嘲风望月露娜拉 id=92 zone=PLAY zonePos=0 cardId=HERO_06bi player=2] tag=1173 value=0 
D 09:57:25.8301928 PowerTaskList.DebugPrintPower() -     TAG_CHANGE Entity=[entityName=嘲风望月露娜拉 id=92 zone=PLAY zonePos=0 cardId=HERO_06bi player=2] tag=PREDAMAGE value=2 
D 09:57:25.8301928 PowerTaskList.DebugPrintPower() -     TAG_CHANGE Entity=[entityName=嘲风望月露娜拉 id=92 zone=PLAY zonePos=0 cardId=HERO_06bi player=2] tag=PREDAMAGE value=0 
D 09:57:25.8301928 PowerTaskList.DebugPrintPower() -     META_DATA - Meta=DAMAGE Data=2 InfoCount=1
D 09:57:25.8301928 PowerTaskList.DebugPrintPower() -                 Info[0] = [entityName=嘲风望月露娜拉 id=92 zone=PLAY zonePos=0 cardId=HERO_06bi player=2]
D 09:57:25.8301928 PowerTaskList.DebugPrintPower() -     TAG_CHANGE Entity=[entityName=嘲风望月露娜拉 id=92 zone=PLAY zonePos=0 cardId=HERO_06bi player=2] tag=4741 value=4 
D 09:57:25.8301928 PowerTaskList.DebugPrintPower() -     TAG_CHANGE Entity=[entityName=嘲风望月露娜拉 id=92 zone=PLAY zonePos=0 cardId=HERO_06bi player=2] tag=LAST_AFFECTED_BY value=110 
D 09:57:25.8301928 PowerTaskList.DebugPrintPower() -     TAG_CHANGE Entity=[entityName=嘲风望月露娜拉 id=92 zone=PLAY zonePos=0 cardId=HERO_06bi player=2] tag=DAMAGE value=5 
D 09:57:25.8301928 PowerTaskList.DebugPrintPower() -     TAG_CHANGE Entity=湫然#51704 tag=464 value=4 
D 09:57:25.8301928 PowerTaskList.DebugPrintPower() -     TAG_CHANGE Entity=湫然#51704 tag=1853 value=6 
D 09:57:25.8301928 PowerTaskList.DebugPrintPower() -     TAG_CHANGE Entity=湫然#51704 tag=4453 value=2 
D 09:57:25.8301928 PowerTaskList.DebugPrintPower() -     TAG_CHANGE Entity=湫然#51704 tag=DAMAGE_DEALT_TO_HERO_LAST_TURN value=4 
D 09:57:25.8301928 PowerTaskList.DebugPrintPower() -     TAG_CHANGE Entity=GameEntity tag=1710 value=1 
D 09:57:25.8301928 PowerTaskList.DebugPrintPower() -     TAG_CHANGE Entity=GameEntity tag=1710 value=0 
D 09:57:25.8301928 PowerTaskList.DebugPrintPower() -     TAG_CHANGE Entity=GameEntity tag=PROPOSED_ATTACKER value=0 
D 09:57:25.8301928 PowerTaskList.DebugPrintPower() -     TAG_CHANGE Entity=GameEntity tag=PROPOSED_DEFENDER value=0 
D 09:57:25.8301928 PowerTaskList.DebugPrintPower() -     TAG_CHANGE Entity=[entityName=鼠吻贮藏者 id=110 zone=PLAY zonePos=3 cardId=JAIL_877t player=1] tag=ATTACKING value=0 
D 09:57:25.8301928 PowerTaskList.DebugPrintPower() -     TAG_CHANGE Entity=[entityName=嘲风望月露娜拉 id=92 zone=PLAY zonePos=0 cardId=HERO_06bi player=2] tag=DEFENDING value=0 
D 09:57:25.8301928 PowerTaskList.DebugPrintPower() - BLOCK_END
D 09:57:25.8301928 PowerProcessor.PrepareHistoryForCurrentTaskList() - m_currentTaskList=145
D 09:57:27.0457493 PowerProcessor.EndCurrentTaskList() - m_currentTaskList=145
D 09:57:27.0518225 PowerTaskList.DebugDump() - ID=146 ParentID=0 PreviousID=0 TaskCount=3
D 09:57:27.0518225 PowerTaskList.DebugDump() - Block Start=(null)
D 09:57:27.0518225 PowerTaskList.DebugPrintPower() -     TAG_CHANGE Entity=GameEntity tag=1323 value=9 
D 09:57:27.0518225 PowerTaskList.DebugPrintPower() -     TAG_CHANGE Entity=拯救网瘾对手#5318 tag=NUM_OPTIONS_PLAYED_THIS_TURN value=2 
D 09:57:27.0518225 PowerTaskList.DebugPrintPower() -     META_DATA - Meta=SLUSH_TIME Data=1000 InfoCount=1
D 09:57:27.0518225 PowerTaskList.DebugPrintPower() -                 Info[0] = [entityName=鼠吻贮藏者 id=110 zone=PLAY zonePos=3 cardId=JAIL_877t player=1]
D 09:57:27.0518225 PowerTaskList.DebugDump() - Block End=(null)
D 09:57:27.0518225 PowerProcessor.PrepareHistoryForCurrentTaskList() - m_currentTaskList=146
D 09:57:27.0518225 PowerProcessor.EndCurrentTaskList() - m_currentTaskList=146
D 09:57:28.7153889 GameState.DebugPrintPowerList() - Count=34
D 09:57:28.7153889 GameState.DebugPrintPower() - BLOCK_START BlockType=PLAY Entity=[entityName=稳固射击 id=91 zone=PLAY zonePos=0 cardId=HERO_05bp player=1] EffectCardId=System.Collections.Generic.List`1[System.String] EffectIndex=0 Target=0 SubOption=-1 
D 09:57:28.7153889 GameState.DebugPrintPower() -     TAG_CHANGE Entity=拯救网瘾对手#5318 tag=2245 value=5 
D 09:57:28.7153889 GameState.DebugPrintPower() -     TAG_CHANGE Entity=拯救网瘾对手#5318 tag=RESOURCES_USED value=2 
D 09:57:28.7153889 GameState.DebugPrintPower() -     TAG_CHANGE Entity=拯救网瘾对手#5318 tag=NUM_RESOURCES_SPENT_THIS_GAME value=5 
D 09:57:28.7153889 GameState.DebugPrintPower() -     META_DATA - Meta=SLUSH_TIME Data=2000 InfoCount=1
D 09:57:28.7153889 GameState.DebugPrintPower() -                 Info[0] = [entityName=稳固射击 id=91 zone=PLAY zonePos=0 cardId=HERO_05bp player=1]
D 09:57:28.7153889 GameState.DebugPrintPower() -     BLOCK_START BlockType=POWER Entity=[entityName=稳固射击 id=91 zone=PLAY zonePos=0 cardId=HERO_05bp player=1] EffectCardId=System.Collections.Generic.List`1[System.String] EffectIndex=0 Target=0 SubOption=-1 
D 09:57:28.7153889 GameState.DebugPrintPower() -         META_DATA - Meta=TARGET Data=0 InfoCount=1
D 09:57:28.7153889 GameState.DebugPrintPower() -                     Info[0] = [entityName=嘲风望月露娜拉 id=92 zone=PLAY zonePos=0 cardId=HERO_06bi player=2]
D 09:57:28.7153889 GameState.DebugPrintPower() -         TAG_CHANGE Entity=[entityName=嘲风望月露娜拉 id=92 zone=PLAY zonePos=0 cardId=HERO_06bi player=2] tag=2187 value=91 
D 09:57:28.7153889 GameState.DebugPrintPower() -         TAG_CHANGE Entity=[entityName=嘲风望月露娜拉 id=92 zone=PLAY zonePos=0 cardId=HERO_06bi player=2] tag=PREDAMAGE value=2 
D 09:57:28.7153889 GameState.DebugPrintPower() -         TAG_CHANGE Entity=[entityName=嘲风望月露娜拉 id=92 zone=PLAY zonePos=0 cardId=HERO_06bi player=2] tag=1173 value=92 
D 09:57:28.7153889 GameState.DebugPrintPower() -         TAG_CHANGE Entity=[entityName=嘲风望月露娜拉 id=92 zone=PLAY zonePos=0 cardId=HERO_06bi player=2] tag=2187 value=0 
D 09:57:28.7153889 GameState.DebugPrintPower() -         TAG_CHANGE Entity=[entityName=嘲风望月露娜拉 id=92 zone=PLAY zonePos=0 cardId=HERO_06bi player=2] tag=PREDAMAGE value=0 
D 09:57:28.7153889 GameState.DebugPrintPower() -         TAG_CHANGE Entity=[entityName=嘲风望月露娜拉 id=92 zone=PLAY zonePos=0 cardId=HERO_06bi player=2] tag=1173 value=0 
D 09:57:28.7153889 GameState.DebugPrintPower() -         TAG_CHANGE Entity=[entityName=嘲风望月露娜拉 id=92 zone=PLAY zonePos=0 cardId=HERO_06bi player=2] tag=PREDAMAGE value=2 
D 09:57:28.7153889 GameState.DebugPrintPower() -         TAG_CHANGE Entity=[entityName=嘲风望月露娜拉 id=92 zone=PLAY zonePos=0 cardId=HERO_06bi player=2] tag=PREDAMAGE value=0 
D 09:57:28.7153889 GameState.DebugPrintPower() -         META_DATA - Meta=DAMAGE Data=2 InfoCount=1
D 09:57:28.7153889 GameState.DebugPrintPower() -                     Info[0] = [entityName=嘲风望月露娜拉 id=92 zone=PLAY zonePos=0 cardId=HERO_06bi player=2]
D 09:57:28.7153889 GameState.DebugPrintPower() -         TAG_CHANGE Entity=[entityName=嘲风望月露娜拉 id=92 zone=PLAY zonePos=0 cardId=HERO_06bi player=2] tag=4741 value=5 
D 09:57:28.7153889 GameState.DebugPrintPower() -         TAG_CHANGE Entity=[entityName=嘲风望月露娜拉 id=92 zone=PLAY zonePos=0 cardId=HERO_06bi player=2] tag=LAST_AFFECTED_BY value=91 
D 09:57:28.7153889 GameState.DebugPrintPower() -         TAG_CHANGE Entity=[entityName=嘲风望月露娜拉 id=92 zone=PLAY zonePos=0 cardId=HERO_06bi player=2] tag=DAMAGE value=7 
D 09:57:28.7153889 GameState.DebugPrintPower() -         TAG_CHANGE Entity=拯救网瘾对手#5318 tag=NUM_HERO_POWER_DAMAGE_THIS_GAME value=2 
D 09:57:28.7153889 GameState.DebugPrintPower() -         TAG_CHANGE Entity=湫然#51704 tag=464 value=6 
D 09:57:28.7153889 GameState.DebugPrintPower() -         TAG_CHANGE Entity=湫然#51704 tag=1853 value=8 
D 09:57:28.7153889 GameState.DebugPrintPower() -         TAG_CHANGE Entity=湫然#51704 tag=4453 value=3 
D 09:57:28.7153889 GameState.DebugPrintPower() -         TAG_CHANGE Entity=湫然#51704 tag=DAMAGE_DEALT_TO_HERO_LAST_TURN value=6 
D 09:57:28.7153889 GameState.DebugPrintPower() -     BLOCK_END
D 09:57:28.7153889 GameState.DebugPrintPower() -     TAG_CHANGE Entity=拯救网瘾对手#5318 tag=HEROPOWER_ACTIVATIONS_THIS_TURN value=1 
D 09:57:28.7153889 GameState.DebugPrintPower() -     TAG_CHANGE Entity=拯救网瘾对手#5318 tag=1739 value=1 
D 09:57:28.7153889 GameState.DebugPrintPower() -     TAG_CHANGE Entity=拯救网瘾对手#5318 tag=NUM_TIMES_HERO_POWER_USED_THIS_GAME value=1 
D 09:57:28.7153889 GameState.DebugPrintPower() -     TAG_CHANGE Entity=[entityName=稳固射击 id=91 zone=PLAY zonePos=0 cardId=HERO_05bp player=1] tag=HEROPOWER_ACTIVATIONS_THIS_TURN value=1 
D 09:57:28.7153889 GameState.DebugPrintPower() -     TAG_CHANGE Entity=[entityName=稳固射击 id=91 zone=PLAY zonePos=0 cardId=HERO_05bp player=1] tag=EXHAUSTED value=1 
D 09:57:28.7153889 GameState.DebugPrintPower() -     TAG_CHANGE Entity=GameEntity tag=1323 value=10 
D 09:57:28.7153889 GameState.DebugPrintPower() -     TAG_CHANGE Entity=拯救网瘾对手#5318 tag=NUM_OPTIONS_PLAYED_THIS_TURN value=3 
D 09:57:28.7153889 GameState.DebugPrintPower() - BLOCK_END
D 09:57:28.7153889 GameState.DebugPrintPower() - META_DATA - Meta=SLUSH_TIME Data=1000 InfoCount=1
D 09:57:28.7153889 GameState.DebugPrintPower() -             Info[0] = [entityName=稳固射击 id=91 zone=PLAY zonePos=0 cardId=HERO_05bp player=1]
D 09:57:28.7153889 PowerTaskList.DebugDump() - ID=147 ParentID=0 PreviousID=0 TaskCount=4
D 09:57:28.7153889 PowerTaskList.DebugPrintPower() - BLOCK_START BlockType=PLAY Entity=[entityName=稳固射击 id=91 zone=PLAY zonePos=0 cardId=HERO_05bp player=1] EffectCardId=System.Collections.Generic.List`1[System.String] EffectIndex=0 Target=0 SubOption=-1 
D 09:57:28.7153889 PowerTaskList.DebugPrintPower() -     TAG_CHANGE Entity=拯救网瘾对手#5318 tag=2245 value=5 
D 09:57:28.7153889 PowerTaskList.DebugPrintPower() -     TAG_CHANGE Entity=拯救网瘾对手#5318 tag=RESOURCES_USED value=2 
D 09:57:28.7153889 PowerTaskList.DebugPrintPower() -     TAG_CHANGE Entity=拯救网瘾对手#5318 tag=NUM_RESOURCES_SPENT_THIS_GAME value=5 
D 09:57:28.7153889 PowerTaskList.DebugPrintPower() -     META_DATA - Meta=SLUSH_TIME Data=2000 InfoCount=1
D 09:57:28.7153889 PowerTaskList.DebugPrintPower() -                 Info[0] = [entityName=稳固射击 id=91 zone=PLAY zonePos=0 cardId=HERO_05bp player=1]
D 09:57:28.7153889 PowerTaskList.DebugDump() - Block End=(null)
D 09:57:28.7153889 PowerProcessor.PrepareHistoryForCurrentTaskList() - m_currentTaskList=147
D 09:57:28.7153889 PowerProcessor.DoTaskListForCard() - unhandled BlockType PLAY for sourceEntity [entityName=稳固射击 id=91 zone=PLAY zonePos=0 cardId=HERO_05bp player=1]
D 09:57:28.7153889 PowerProcessor.EndCurrentTaskList() - m_currentTaskList=147
D 09:57:29.7350769 PowerTaskList.DebugDump() - ID=148 ParentID=147 PreviousID=0 TaskCount=18
D 09:57:29.7350769 PowerTaskList.DebugPrintPower() - BLOCK_START BlockType=POWER Entity=[entityName=稳固射击 id=91 zone=PLAY zonePos=0 cardId=HERO_05bp player=1] EffectCardId=System.Collections.Generic.List`1[System.String] EffectIndex=0 Target=0 SubOption=-1 
D 09:57:29.7350769 PowerTaskList.DebugPrintPower() -     META_DATA - Meta=TARGET Data=0 InfoCount=1
D 09:57:29.7350769 PowerTaskList.DebugPrintPower() -                 Info[0] = [entityName=嘲风望月露娜拉 id=92 zone=PLAY zonePos=0 cardId=HERO_06bi player=2]
D 09:57:29.7350769 PowerTaskList.DebugPrintPower() -     TAG_CHANGE Entity=[entityName=嘲风望月露娜拉 id=92 zone=PLAY zonePos=0 cardId=HERO_06bi player=2] tag=2187 value=91 
D 09:57:29.7350769 PowerTaskList.DebugPrintPower() -     TAG_CHANGE Entity=[entityName=嘲风望月露娜拉 id=92 zone=PLAY zonePos=0 cardId=HERO_06bi player=2] tag=PREDAMAGE value=2 
D 09:57:29.7350769 PowerTaskList.DebugPrintPower() -     TAG_CHANGE Entity=[entityName=嘲风望月露娜拉 id=92 zone=PLAY zonePos=0 cardId=HERO_06bi player=2] tag=1173 value=92 
D 09:57:29.7350769 PowerTaskList.DebugPrintPower() -     TAG_CHANGE Entity=[entityName=嘲风望月露娜拉 id=92 zone=PLAY zonePos=0 cardId=HERO_06bi player=2] tag=2187 value=0 
D 09:57:29.7350769 PowerTaskList.DebugPrintPower() -     TAG_CHANGE Entity=[entityName=嘲风望月露娜拉 id=92 zone=PLAY zonePos=0 cardId=HERO_06bi player=2] tag=PREDAMAGE value=0 
D 09:57:29.7350769 PowerTaskList.DebugPrintPower() -     TAG_CHANGE Entity=[entityName=嘲风望月露娜拉 id=92 zone=PLAY zonePos=0 cardId=HERO_06bi player=2] tag=1173 value=0 
D 09:57:29.7350769 PowerTaskList.DebugPrintPower() -     TAG_CHANGE Entity=[entityName=嘲风望月露娜拉 id=92 zone=PLAY zonePos=0 cardId=HERO_06bi player=2] tag=PREDAMAGE value=2 
D 09:57:29.7350769 PowerTaskList.DebugPrintPower() -     TAG_CHANGE Entity=[entityName=嘲风望月露娜拉 id=92 zone=PLAY zonePos=0 cardId=HERO_06bi player=2] tag=PREDAMAGE value=0 
D 09:57:29.7350769 PowerTaskList.DebugPrintPower() -     META_DATA - Meta=DAMAGE Data=2 InfoCount=1
D 09:57:29.7350769 PowerTaskList.DebugPrintPower() -                 Info[0] = [entityName=嘲风望月露娜拉 id=92 zone=PLAY zonePos=0 cardId=HERO_06bi player=2]
D 09:57:29.7350769 PowerTaskList.DebugPrintPower() -     TAG_CHANGE Entity=[entityName=嘲风望月露娜拉 id=92 zone=PLAY zonePos=0 cardId=HERO_06bi player=2] tag=4741 value=5 
D 09:57:29.7350769 PowerTaskList.DebugPrintPower() -     TAG_CHANGE Entity=[entityName=嘲风望月露娜拉 id=92 zone=PLAY zonePos=0 cardId=HERO_06bi player=2] tag=LAST_AFFECTED_BY value=91 
D 09:57:29.7350769 PowerTaskList.DebugPrintPower() -     TAG_CHANGE Entity=[entityName=嘲风望月露娜拉 id=92 zone=PLAY zonePos=0 cardId=HERO_06bi player=2] tag=DAMAGE value=7 
D 09:57:29.7350769 PowerTaskList.DebugPrintPower() -     TAG_CHANGE Entity=拯救网瘾对手#5318 tag=NUM_HERO_POWER_DAMAGE_THIS_GAME value=2 
D 09:57:29.7350769 PowerTaskList.DebugPrintPower() -     TAG_CHANGE Entity=湫然#51704 tag=464 value=6 
D 09:57:29.7350769 PowerTaskList.DebugPrintPower() -     TAG_CHANGE Entity=湫然#51704 tag=1853 value=8 
D 09:57:29.7350769 PowerTaskList.DebugPrintPower() -     TAG_CHANGE Entity=湫然#51704 tag=4453 value=3 
D 09:57:29.7350769 PowerTaskList.DebugPrintPower() -     TAG_CHANGE Entity=湫然#51704 tag=DAMAGE_DEALT_TO_HERO_LAST_TURN value=6 
D 09:57:29.7350769 PowerTaskList.DebugPrintPower() - BLOCK_END
D 09:57:29.7350769 PowerProcessor.PrepareHistoryForCurrentTaskList() - m_currentTaskList=148
D 09:57:29.8182949 GameState.DebugPrintPowerList() - Count=29
D 09:57:29.8182949 GameState.DebugPrintPower() - BLOCK_START BlockType=PLAY Entity=[entityName=UNKNOWN ENTITY [cardType=INVALID] id=36 zone=HAND zonePos=5 cardId= player=1] EffectCardId=System.Collections.Generic.List`1[System.String] EffectIndex=0 Target=0 SubOption=-1 
D 09:57:29.8182949 GameState.DebugPrintPower() -     TAG_CHANGE Entity=拯救网瘾对手#5318 tag=2245 value=6 
D 09:57:29.8182949 GameState.DebugPrintPower() -     TAG_CHANGE Entity=拯救网瘾对手#5318 tag=RESOURCES_USED value=3 
D 09:57:29.8182949 GameState.DebugPrintPower() -     TAG_CHANGE Entity=拯救网瘾对手#5318 tag=NUM_RESOURCES_SPENT_THIS_GAME value=6 
D 09:57:29.8182949 GameState.DebugPrintPower() -     TAG_CHANGE Entity=拯救网瘾对手#5318 tag=NUM_CARDS_PLAYED_THIS_TURN value=1 
D 09:57:29.8182949 GameState.DebugPrintPower() -     TAG_CHANGE Entity=拯救网瘾对手#5318 tag=430 value=1 
D 09:57:29.8182949 GameState.DebugPrintPower() -     TAG_CHANGE Entity=[entityName=UNKNOWN ENTITY [cardType=INVALID] id=40 zone=HAND zonePos=6 cardId= player=1] tag=ZONE_POSITION value=5 
D 09:57:29.8182949 GameState.DebugPrintPower() -     TAG_CHANGE Entity=[entityName=UNKNOWN ENTITY [cardType=INVALID] id=36 zone=HAND zonePos=5 cardId= player=1] tag=ZONE_POSITION value=0 
D 09:57:29.8182949 GameState.DebugPrintPower() -     SHOW_ENTITY - Updating Entity=[entityName=UNKNOWN ENTITY [cardType=INVALID] id=36 zone=HAND zonePos=5 cardId= player=1] CardID=WW_806
D 09:57:29.8182949 GameState.DebugPrintPower() -         tag=CONTROLLER value=1
D 09:57:29.8182949 GameState.DebugPrintPower() -         tag=CARDTYPE value=SPELL
D 09:57:29.8182949 GameState.DebugPrintPower() -         tag=TAG_LAST_KNOWN_COST_IN_HAND value=1
D 09:57:29.8182949 GameState.DebugPrintPower() -         tag=COST value=1
D 09:57:29.8182949 GameState.DebugPrintPower() -         tag=PREMIUM value=1
D 09:57:29.8182949 GameState.DebugPrintPower() -         tag=ZONE value=PLAY
D 09:57:29.8182949 GameState.DebugPrintPower() -         tag=ENTITY_ID value=36
D 09:57:29.8182949 GameState.DebugPrintPower() -         tag=CLASS value=HUNTER
D 09:57:29.8182949 GameState.DebugPrintPower() -         tag=RARITY value=COMMON
D 09:57:29.8182949 GameState.DebugPrintPower() -         tag=JUST_PLAYED value=1
D 09:57:29.8182949 GameState.DebugPrintPower() -         tag=ZONE_POSITION value=0
D 09:57:29.8182949 GameState.DebugPrintPower() -         tag=NUM_TURNS_IN_HAND value=3
D 09:57:29.8182949 GameState.DebugPrintPower() -         tag=478 value=1
D 09:57:29.8182949 GameState.DebugPrintPower() -         tag=1037 value=0
D 09:57:29.8182949 GameState.DebugPrintPower() -         tag=1043 value=1
D 09:57:29.8182949 GameState.DebugPrintPower() -         tag=1068 value=0
D 09:57:29.8182949 GameState.DebugPrintPower() -         tag=COLLECTION_RELATED_CARD_DATABASE_ID value=100185
D 09:57:29.8182949 GameState.DebugPrintPower() -         tag=SPAWN_TIME_COUNT value=1
D 09:57:29.8182949 GameState.DebugPrintPower() -         tag=1570 value=4
D 09:57:29.8182949 GameState.DebugPrintPower() -         tag=3557 value=5
D 09:57:29.8182949 GameState.DebugPrintPower() -     META_DATA - Meta=SLUSH_TIME Data=3000 InfoCount=1
D 09:57:29.8182949 GameState.DebugPrintPower() -                 Info[0] = [entityName=UNKNOWN ENTITY [cardType=INVALID] id=36 zone=HAND zonePos=5 cardId= player=1]
D 09:57:29.8182949 GameState.DebugPrintPower() -     TAG_CHANGE Entity=拯救网瘾对手#5318 tag=NUM_SPELLS_PLAYED_THIS_GAME value=1 
D 09:57:29.8182949 GameState.DebugPrintPower() -     BLOCK_START BlockType=POWER Entity=[entityName=UNKNOWN ENTITY [cardType=INVALID] id=36 zone=HAND zonePos=5 cardId= player=1] EffectCardId=System.Collections.Generic.List`1[System.String] EffectIndex=0 Target=0 SubOption=-1 
D 09:57:29.8182949 GameState.DebugPrintPower() -         SUB_SPELL_START - SpellPrefabGUID=ReuseFX_Beast_BuffImpact_Snakes_Super_NewCreatedCards:785bcebec9fb62247ba73d0079c0706a Source=36 TargetCount=0
D 09:57:29.8182949 GameState.DebugPrintPower() -                           Source = [entityName=UNKNOWN ENTITY [cardType=INVALID] id=36 zone=HAND zonePos=5 cardId= player=1]
D 09:57:29.8182949 GameState.DebugPrintPower() -             FULL_ENTITY - Creating ID=116 CardID=WW_806t
D 09:57:29.8182949 GameState.DebugPrintPower() -                 tag=CONTROLLER value=1
D 09:57:29.8182949 GameState.DebugPrintPower() -                 tag=CARDTYPE value=MINION
D 09:57:29.8182949 GameState.DebugPrintPower() -                 tag=1196 value=1
D 09:57:29.8182949 GameState.DebugPrintPower() -                 tag=TAG_LAST_KNOWN_COST_IN_HAND value=1
D 09:57:29.8182949 GameState.DebugPrintPower() -                 tag=479 value=1
D 09:57:29.8182949 GameState.DebugPrintPower() -                 tag=COST value=1
D 09:57:29.8182949 GameState.DebugPrintPower() -                 tag=ATK value=1
D 09:57:29.8182949 GameState.DebugPrintPower() -                 tag=HEALTH value=1
D 09:57:29.8182949 GameState.DebugPrintPower() -                 tag=PREMIUM value=1
D 09:57:29.8182949 GameState.DebugPrintPower() -                 tag=EXHAUSTED value=1
D 09:57:29.8182949 GameState.DebugPrintPower() -                 tag=ZONE value=PLAY
D 09:57:29.8182949 GameState.DebugPrintPower() -                 tag=ENTITY_ID value=116
D 09:57:29.8182949 GameState.DebugPrintPower() -                 tag=STEALTH value=1
D 09:57:29.8182949 GameState.DebugPrintPower() -                 tag=CLASS value=HUNTER
D 09:57:29.8182949 GameState.DebugPrintPower() -                 tag=CARDRACE value=BEAST
D 09:57:29.8182949 GameState.DebugPrintPower() -                 tag=ZONE_POSITION value=4
D 09:57:29.8182949 GameState.DebugPrintPower() -                 tag=CREATOR value=36
D 09:57:29.8182949 GameState.DebugPrintPower() -                 tag=1037 value=1
D 09:57:29.8182949 GameState.DebugPrintPower() -                 tag=1254 value=36
D 09:57:29.8182949 GameState.DebugPrintPower() -                 tag=CREATOR_DBID value=100171
D 09:57:29.8182949 GameState.DebugPrintPower() -                 tag=SPAWN_TIME_COUNT value=1
D 09:57:29.8182949 GameState.DebugPrintPower() -                 tag=HAS_ACTIVATE_POWER value=1
D 09:57:29.8182949 GameState.DebugPrintPower() -                 tag=3085 value=1
D 09:57:29.8182949 GameState.DebugPrintPower() -                 tag=4901 value=1
D 09:57:29.8182949 GameState.DebugPrintPower() -             TAG_CHANGE Entity=116 tag=4901 value=0 
D 09:57:29.8182949 GameState.DebugPrintPower() -             TAG_CHANGE Entity=116 tag=3619 value=1 
D 09:57:29.8182949 GameState.DebugPrintPower() -             FULL_ENTITY - Creating ID=117 CardID=WW_806t
D 09:57:29.8182949 GameState.DebugPrintPower() -                 tag=CONTROLLER value=1
D 09:57:29.8182949 GameState.DebugPrintPower() -                 tag=CARDTYPE value=MINION
D 09:57:29.8182949 GameState.DebugPrintPower() -                 tag=1196 value=1
D 09:57:29.8182949 GameState.DebugPrintPower() -                 tag=TAG_LAST_KNOWN_COST_IN_HAND value=1
D 09:57:29.8182949 GameState.DebugPrintPower() -                 tag=479 value=1
D 09:57:29.8182949 GameState.DebugPrintPower() -                 tag=COST value=1
D 09:57:29.8182949 GameState.DebugPrintPower() -                 tag=ATK value=1
D 09:57:29.8182949 GameState.DebugPrintPower() -                 tag=HEALTH value=1
D 09:57:29.8182949 GameState.DebugPrintPower() -                 tag=PREMIUM value=1
D 09:57:29.8182949 GameState.DebugPrintPower() -                 tag=EXHAUSTED value=1
D 09:57:29.8182949 GameState.DebugPrintPower() -                 tag=ZONE value=PLAY
D 09:57:29.8182949 GameState.DebugPrintPower() -                 tag=ENTITY_ID value=117
D 09:57:29.8182949 GameState.DebugPrintPower() -                 tag=STEALTH value=1
D 09:57:29.8182949 GameState.DebugPrintPower() -                 tag=CLASS value=HUNTER
D 09:57:29.8182949 GameState.DebugPrintPower() -                 tag=CARDRACE value=BEAST
D 09:57:29.8182949 GameState.DebugPrintPower() -                 tag=ZONE_POSITION value=5
D 09:57:29.8182949 GameState.DebugPrintPower() -                 tag=CREATOR value=36
D 09:57:29.8182949 GameState.DebugPrintPower() -                 tag=1037 value=1
D 09:57:29.8182949 GameState.DebugPrintPower() -                 tag=1254 value=36
D 09:57:29.8182949 GameState.DebugPrintPower() -                 tag=CREATOR_DBID value=100171
D 09:57:29.8182949 GameState.DebugPrintPower() -                 tag=SPAWN_TIME_COUNT value=1
D 09:57:29.8182949 GameState.DebugPrintPower() -                 tag=HAS_ACTIVATE_POWER value=1
D 09:57:29.8182949 GameState.DebugPrintPower() -                 tag=3085 value=1
D 09:57:29.8182949 GameState.DebugPrintPower() -                 tag=4901 value=1
D 09:57:29.8182949 GameState.DebugPrintPower() -             TAG_CHANGE Entity=117 tag=4901 value=0 
D 09:57:29.8182949 GameState.DebugPrintPower() -             TAG_CHANGE Entity=117 tag=3619 value=1 
D 09:57:29.8182949 GameState.DebugPrintPower() -         SUB_SPELL_END
D 09:57:29.8182949 GameState.DebugPrintPower() -     BLOCK_END
D 09:57:29.8182949 GameState.DebugPrintPower() -     TAG_CHANGE Entity=[entityName=UNKNOWN ENTITY [cardType=INVALID] id=36 zone=HAND zonePos=5 cardId= player=1] tag=1068 value=4 
D 09:57:29.8182949 GameState.DebugPrintPower() -     TAG_CHANGE Entity=[entityName=UNKNOWN ENTITY [cardType=INVALID] id=36 zone=HAND zonePos=5 cardId= player=1] tag=1068 value=0 
D 09:57:29.8182949 GameState.DebugPrintPower() -     TAG_CHANGE Entity=[entityName=UNKNOWN ENTITY [cardType=INVALID] id=36 zone=HAND zonePos=5 cardId= player=1] tag=ZONE value=GRAVEYARD 
D 09:57:29.8182949 GameState.DebugPrintPower() -     TAG_CHANGE Entity=拯救网瘾对手#5318 tag=COMBO_ACTIVE value=1 
D 09:57:29.8182949 GameState.DebugPrintPower() -     TAG_CHANGE Entity=GameEntity tag=1323 value=11 
D 09:57:29.8182949 GameState.DebugPrintPower() -     TAG_CHANGE Entity=拯救网瘾对手#5318 tag=NUM_OPTIONS_PLAYED_THIS_TURN value=4 
D 09:57:29.8182949 GameState.DebugPrintPower() - BLOCK_END
D 09:57:29.8182949 GameState.DebugPrintPower() - META_DATA - Meta=SLUSH_TIME Data=1000 InfoCount=1
D 09:57:29.8182949 GameState.DebugPrintPower() -             Info[0] = [entityName=UNKNOWN ENTITY [cardType=INVALID] id=36 zone=HAND zonePos=5 cardId= player=1]
D 09:57:31.1882224 PowerProcessor.EndCurrentTaskList() - m_currentTaskList=148
D 09:57:31.1948044 PowerTaskList.DebugDump() - ID=149 ParentID=0 PreviousID=147 TaskCount=7
D 09:57:31.1948044 PowerTaskList.DebugDump() - Block Start=(null)
D 09:57:31.1948044 PowerTaskList.DebugPrintPower() -     TAG_CHANGE Entity=拯救网瘾对手#5318 tag=HEROPOWER_ACTIVATIONS_THIS_TURN value=1 
D 09:57:31.1948044 PowerTaskList.DebugPrintPower() -     TAG_CHANGE Entity=拯救网瘾对手#5318 tag=1739 value=1 
D 09:57:31.1948044 PowerTaskList.DebugPrintPower() -     TAG_CHANGE Entity=拯救网瘾对手#5318 tag=NUM_TIMES_HERO_POWER_USED_THIS_GAME value=1 
D 09:57:31.1948044 PowerTaskList.DebugPrintPower() -     TAG_CHANGE Entity=[entityName=稳固射击 id=91 zone=PLAY zonePos=0 cardId=HERO_05bp player=1] tag=HEROPOWER_ACTIVATIONS_THIS_TURN value=1 
D 09:57:31.1948044 PowerTaskList.DebugPrintPower() -     TAG_CHANGE Entity=[entityName=稳固射击 id=91 zone=PLAY zonePos=0 cardId=HERO_05bp player=1] tag=EXHAUSTED value=1 
D 09:57:31.1948044 PowerTaskList.DebugPrintPower() -     TAG_CHANGE Entity=GameEntity tag=1323 value=10 
D 09:57:31.1948044 PowerTaskList.DebugPrintPower() -     TAG_CHANGE Entity=拯救网瘾对手#5318 tag=NUM_OPTIONS_PLAYED_THIS_TURN value=3 
D 09:57:31.1948044 PowerTaskList.DebugPrintPower() - BLOCK_END
D 09:57:31.1948044 PowerProcessor.PrepareHistoryForCurrentTaskList() - m_currentTaskList=149
D 09:57:31.1948044 PowerProcessor.DoTaskListForCard() - unhandled BlockType PLAY for sourceEntity [entityName=稳固射击 id=91 zone=PLAY zonePos=0 cardId=HERO_05bp player=1]
D 09:57:31.1948044 PowerProcessor.EndCurrentTaskList() - m_currentTaskList=149
D 09:57:32.3059663 GameState.DebugPrintPowerList() - Count=85
D 09:57:32.3059663 GameState.DebugPrintPower() - TAG_CHANGE Entity=[entityName=侧进蛇 id=116 zone=PLAY zonePos=4 cardId=WW_806t player=1] tag=1196 value=0 
D 09:57:32.3059663 GameState.DebugPrintPower() - TAG_CHANGE Entity=[entityName=侧进蛇 id=117 zone=PLAY zonePos=5 cardId=WW_806t player=1] tag=1196 value=0 
D 09:57:32.3059663 GameState.DebugPrintPower() - TAG_CHANGE Entity=GameEntity tag=STEP value=MAIN_END 
D 09:57:32.3059663 GameState.DebugPrintPower() - BLOCK_START BlockType=TRIGGER Entity=拯救网瘾对手#5318 EffectCardId=System.Collections.Generic.List`1[System.String] EffectIndex=-1 Target=0 SubOption=-1 TriggerKeyword=TAG_NOT_SET
D 09:57:32.3059663 GameState.DebugPrintPower() -     TAG_CHANGE Entity=GameEntity tag=NEXT_STEP value=MAIN_CLEANUP 
D 09:57:32.3059663 GameState.DebugPrintPower() - BLOCK_END
D 09:57:32.3059663 GameState.DebugPrintPower() - BLOCK_START BlockType=TRIGGER Entity=拯救网瘾对手#5318 EffectCardId=System.Collections.Generic.List`1[System.String] EffectIndex=-1 Target=0 SubOption=-1 TriggerKeyword=TAG_NOT_SET
D 09:57:32.3059663 GameState.DebugPrintPower() - BLOCK_END
D 09:57:32.3059663 GameState.DebugPrintPower() - BLOCK_START BlockType=TRIGGER Entity=湫然#51704 EffectCardId=System.Collections.Generic.List`1[System.String] EffectIndex=-1 Target=0 SubOption=-1 TriggerKeyword=TAG_NOT_SET
D 09:57:32.3059663 GameState.DebugPrintPower() - BLOCK_END
D 09:57:32.3059663 GameState.DebugPrintPower() - TAG_CHANGE Entity=GameEntity tag=STEP value=MAIN_CLEANUP 
D 09:57:32.3059663 GameState.DebugPrintPower() - BLOCK_START BlockType=TRIGGER Entity=拯救网瘾对手#5318 EffectCardId=System.Collections.Generic.List`1[System.String] EffectIndex=-1 Target=0 SubOption=-1 TriggerKeyword=TAG_NOT_SET
D 09:57:32.3059663 GameState.DebugPrintPower() -     TAG_CHANGE Entity=拯救网瘾对手#5318 tag=COMBO_ACTIVE value=0 
D 09:57:32.3059663 GameState.DebugPrintPower() -     TAG_CHANGE Entity=GameEntity tag=NEXT_STEP value=MAIN_NEXT 
D 09:57:32.3059663 GameState.DebugPrintPower() - BLOCK_END
D 09:57:32.3059663 GameState.DebugPrintPower() - BLOCK_START BlockType=TRIGGER Entity=湫然#51704 EffectCardId=System.Collections.Generic.List`1[System.String] EffectIndex=-1 Target=0 SubOption=-1 TriggerKeyword=TAG_NOT_SET
D 09:57:32.3059663 GameState.DebugPrintPower() - BLOCK_END
D 09:57:32.3059663 GameState.DebugPrintPower() - TAG_CHANGE Entity=GameEntity tag=STEP value=MAIN_NEXT 
D 09:57:32.3059663 GameState.DebugPrintPower() - BLOCK_START BlockType=TRIGGER Entity=GameEntity EffectCardId=System.Collections.Generic.List`1[System.String] EffectIndex=-1 Target=0 SubOption=-1 TriggerKeyword=TAG_NOT_SET
D 09:57:32.3059663 GameState.DebugPrintPower() -     TAG_CHANGE Entity=拯救网瘾对手#5318 tag=1292 value=0 
D 09:57:32.3059663 GameState.DebugPrintPower() -     TAG_CHANGE Entity=湫然#51704 tag=1292 value=1 
D 09:57:32.3059663 GameState.DebugPrintPower() -     TAG_CHANGE Entity=[entityName=黑市拍卖师 id=51 zone=HAND zonePos=1 cardId=JAIL_718 player=2] tag=NUM_TURNS_IN_HAND value=7 
D 09:57:32.3059663 GameState.DebugPrintPower() -     TAG_CHANGE Entity=[entityName=雷霆绽放 id=78 zone=HAND zonePos=2 cardId=SCH_427 player=2] tag=NUM_TURNS_IN_HAND value=7 
D 09:57:32.3059663 GameState.DebugPrintPower() -     TAG_CHANGE Entity=[entityName=活体根须 id=56 zone=HAND zonePos=3 cardId=CORE_AT_037 player=2] tag=NUM_TURNS_IN_HAND value=7 
D 09:57:32.3059663 GameState.DebugPrintPower() -     TAG_CHANGE Entity=[entityName=月光射线 id=60 zone=HAND zonePos=4 cardId=TID_001 player=2] tag=NUM_TURNS_IN_HAND value=7 
D 09:57:32.3059663 GameState.DebugPrintPower() -     TAG_CHANGE Entity=[entityName=黑市拍卖师 id=75 zone=HAND zonePos=5 cardId=JAIL_718 player=2] tag=NUM_TURNS_IN_HAND value=5 
D 09:57:32.3059663 GameState.DebugPrintPower() -     TAG_CHANGE Entity=[entityName=波涛形塑 id=87 zone=HAND zonePos=6 cardId=TIME_701 player=2] tag=NUM_TURNS_IN_HAND value=3 
D 09:57:32.3059663 GameState.DebugPrintPower() -     TAG_CHANGE Entity=拯救网瘾对手#5318 tag=CURRENT_PLAYER value=0 
D 09:57:32.3059663 GameState.DebugPrintPower() -     TAG_CHANGE Entity=湫然#51704 tag=CURRENT_PLAYER value=1 
D 09:57:32.3059663 GameState.DebugPrintPower() -     TAG_CHANGE Entity=GameEntity tag=TURN value=7 
D 09:57:32.3059663 GameState.DebugPrintPower() -     TAG_CHANGE Entity=GameEntity tag=1882 value=6 
D 09:57:32.3059663 GameState.DebugPrintPower() -     TAG_CHANGE Entity=湫然#51704 tag=TURN value=4 
D 09:57:32.3059663 GameState.DebugPrintPower() -     TAG_CHANGE Entity=GameEntity tag=NEXT_STEP value=MAIN_READY 
D 09:57:32.3059663 GameState.DebugPrintPower() - BLOCK_END
D 09:57:32.3059663 GameState.DebugPrintPower() - TAG_CHANGE Entity=GameEntity tag=STEP value=MAIN_READY 
D 09:57:32.3059663 GameState.DebugPrintPower() - BLOCK_START BlockType=TRIGGER Entity=湫然#51704 EffectCardId=System.Collections.Generic.List`1[System.String] EffectIndex=-1 Target=0 SubOption=-1 TriggerKeyword=TAG_NOT_SET
D 09:57:32.3059663 GameState.DebugPrintPower() -     TAG_CHANGE Entity=GameEntity tag=NUM_TURNS_IN_PLAY value=7 
D 09:57:32.3059663 GameState.DebugPrintPower() -     TAG_CHANGE Entity=拯救网瘾对手#5318 tag=NUM_TURNS_IN_PLAY value=7 
D 09:57:32.3059663 GameState.DebugPrintPower() -     TAG_CHANGE Entity=湫然#51704 tag=NUM_TURNS_IN_PLAY value=7 
D 09:57:32.3059663 GameState.DebugPrintPower() -     TAG_CHANGE Entity=[entityName=雷克萨 id=90 zone=PLAY zonePos=0 cardId=HERO_05 player=1] tag=NUM_TURNS_IN_PLAY value=7 
D 09:57:32.3059663 GameState.DebugPrintPower() -     TAG_CHANGE Entity=[entityName=稳固射击 id=91 zone=PLAY zonePos=0 cardId=HERO_05bp player=1] tag=NUM_TURNS_IN_PLAY value=7 
D 09:57:32.3059663 GameState.DebugPrintPower() -     TAG_CHANGE Entity=[entityName=嘲风望月露娜拉 id=92 zone=PLAY zonePos=0 cardId=HERO_06bi player=2] tag=NUM_TURNS_IN_PLAY value=7 
D 09:57:32.3059663 GameState.DebugPrintPower() -     TAG_CHANGE Entity=[entityName=变形 id=93 zone=PLAY zonePos=0 cardId=HERO_06ebp player=2] tag=NUM_TURNS_IN_PLAY value=7 
D 09:57:32.3059663 GameState.DebugPrintPower() -     TAG_CHANGE Entity=[entityName=奇迹推销员 id=4 zone=PLAY zonePos=1 cardId=WW_331 player=1] tag=NUM_TURNS_IN_PLAY value=5 
D 09:57:32.3059663 GameState.DebugPrintPower() -     TAG_CHANGE Entity=[entityName=下水道管网 id=15 zone=PLAY zonePos=2 cardId=JAIL_877 player=1] tag=NUM_TURNS_IN_PLAY value=3 
D 09:57:32.3059663 GameState.DebugPrintPower() -     TAG_CHANGE Entity=[entityName=鼠吻贮藏者 id=110 zone=PLAY zonePos=3 cardId=JAIL_877t player=1] tag=NUM_TURNS_IN_PLAY value=3 
D 09:57:32.3059663 GameState.DebugPrintPower() -     TAG_CHANGE Entity=[entityName=侧进蛇 id=116 zone=PLAY zonePos=4 cardId=WW_806t player=1] tag=NUM_TURNS_IN_PLAY value=1 
D 09:57:32.3059663 GameState.DebugPrintPower() -     TAG_CHANGE Entity=[entityName=侧进蛇 id=117 zone=PLAY zonePos=5 cardId=WW_806t player=1] tag=NUM_TURNS_IN_PLAY value=1 
D 09:57:32.3059663 GameState.DebugPrintPower() -     TAG_CHANGE Entity=湫然#51704 tag=RESOURCES value=4 
D 09:57:32.3059663 GameState.DebugPrintPower() -     TAG_CHANGE Entity=湫然#51704 tag=RESOURCES_USED value=0 
D 09:57:32.3059663 GameState.DebugPrintPower() -     TAG_CHANGE Entity=[entityName=奇迹推销员 id=4 zone=PLAY zonePos=1 cardId=WW_331 player=1] tag=NUM_ATTACKS_THIS_TURN value=0 
D 09:57:32.3059663 GameState.DebugPrintPower() -     TAG_CHANGE Entity=[entityName=鼠吻贮藏者 id=110 zone=PLAY zonePos=3 cardId=JAIL_877t player=1] tag=NUM_ATTACKS_THIS_TURN value=0 
D 09:57:32.3059663 GameState.DebugPrintPower() -     TAG_CHANGE Entity=湫然#51704 tag=NUM_OPTIONS_PLAYED_THIS_TURN value=0 
D 09:57:32.3059663 GameState.DebugPrintPower() -     TAG_CHANGE Entity=湫然#51704 tag=3242 value=0 
D 09:57:32.3059663 GameState.DebugPrintPower() -     TAG_CHANGE Entity=拯救网瘾对手#5318 tag=NUM_CARDS_DRAWN_THIS_TURN value=0 
D 09:57:32.3059663 GameState.DebugPrintPower() -     TAG_CHANGE Entity=GameEntity tag=NEXT_STEP value=MAIN_START_TRIGGERS 
D 09:57:32.3059663 GameState.DebugPrintPower() -     TAG_CHANGE Entity=湫然#51704 tag=464 value=0 
D 09:57:32.3059663 GameState.DebugPrintPower() -     TAG_CHANGE Entity=湫然#51704 tag=4453 value=0 
D 09:57:32.3059663 GameState.DebugPrintPower() -     TAG_CHANGE Entity=湫然#51704 tag=1575 value=0 
D 09:57:32.3059663 GameState.DebugPrintPower() -     TAG_CHANGE Entity=拯救网瘾对手#5318 tag=NUM_FRIENDLY_MINIONS_THAT_ATTACKED_THIS_TURN value=0 
D 09:57:32.3059663 GameState.DebugPrintPower() - BLOCK_END
D 09:57:32.3059663 GameState.DebugPrintPower() - TAG_CHANGE Entity=GameEntity tag=STEP value=MAIN_START_TRIGGERS 
D 09:57:32.3059663 GameState.DebugPrintPower() - BLOCK_START BlockType=TRIGGER Entity=湫然#51704 EffectCardId=System.Collections.Generic.List`1[System.String] EffectIndex=-1 Target=0 SubOption=-1 TriggerKeyword=TAG_NOT_SET
D 09:57:32.3059663 GameState.DebugPrintPower() -     TAG_CHANGE Entity=GameEntity tag=NEXT_STEP value=MAIN_START 
D 09:57:32.3059663 GameState.DebugPrintPower() - BLOCK_END
D 09:57:32.3059663 GameState.DebugPrintPower() - TAG_CHANGE Entity=GameEntity tag=STEP value=MAIN_START 
D 09:57:32.3059663 GameState.DebugPrintPower() - BLOCK_START BlockType=TRIGGER Entity=湫然#51704 EffectCardId=System.Collections.Generic.List`1[System.String] EffectIndex=-1 Target=0 SubOption=-1 TriggerKeyword=TAG_NOT_SET
D 09:57:32.3059663 GameState.DebugPrintPower() -     TAG_CHANGE Entity=湫然#51704 tag=2166 value=86 
D 09:57:32.3059663 GameState.DebugPrintPower() -     TAG_CHANGE Entity=湫然#51704 tag=467 value=1 
D 09:57:32.3059663 GameState.DebugPrintPower() -     SHOW_ENTITY - Updating Entity=[entityName=UNKNOWN ENTITY [cardType=INVALID] id=86 zone=DECK zonePos=0 cardId= player=2] CardID=CS2_008
D 09:57:32.3059663 GameState.DebugPrintPower() -         tag=CONTROLLER value=2
D 09:57:32.3059663 GameState.DebugPrintPower() -         tag=CARDTYPE value=SPELL
D 09:57:32.3059663 GameState.DebugPrintPower() -         tag=PREMIUM value=1
D 09:57:32.3059663 GameState.DebugPrintPower() -         tag=ZONE value=HAND
D 09:57:32.3059663 GameState.DebugPrintPower() -         tag=ENTITY_ID value=86
D 09:57:32.3059663 GameState.DebugPrintPower() -         tag=CLASS value=DRUID
D 09:57:32.3059663 GameState.DebugPrintPower() -         tag=FACTION value=NEUTRAL
D 09:57:32.3059663 GameState.DebugPrintPower() -         tag=RARITY value=FREE
D 09:57:32.3059663 GameState.DebugPrintPower() -         tag=478 value=2
D 09:57:32.3059663 GameState.DebugPrintPower() -         tag=1037 value=2
D 09:57:32.3059663 GameState.DebugPrintPower() -         tag=1043 value=1
D 09:57:32.3059663 GameState.DebugPrintPower() -         tag=1068 value=0
D 09:57:32.3059663 GameState.DebugPrintPower() -         tag=SPAWN_TIME_COUNT value=1
D 09:57:32.3059663 GameState.DebugPrintPower() -         tag=SPELL_SCHOOL value=1
D 09:57:32.3059663 GameState.DebugPrintPower() -     TAG_CHANGE Entity=[entityName=UNKNOWN ENTITY [cardType=INVALID] id=86 zone=DECK zonePos=0 cardId= player=2] tag=NUM_TURNS_IN_HAND value=1 
D 09:57:32.3059663 GameState.DebugPrintPower() -     TAG_CHANGE Entity=[entityName=UNKNOWN ENTITY [cardType=INVALID] id=86 zone=DECK zonePos=0 cardId= player=2] tag=ZONE_POSITION value=7 
D 09:57:32.3059663 GameState.DebugPrintPower() -     TAG_CHANGE Entity=[entityName=UNKNOWN ENTITY [cardType=INVALID] id=86 zone=DECK zonePos=0 cardId= player=2] tag=ZONE_POSITION value=0 
D 09:57:32.3059663 GameState.DebugPrintPower() -     TAG_CHANGE Entity=[entityName=UNKNOWN ENTITY [cardType=INVALID] id=86 zone=DECK zonePos=0 cardId= player=2] tag=ZONE_POSITION value=7 
D 09:57:32.3059663 GameState.DebugPrintPower() -     TAG_CHANGE Entity=湫然#51704 tag=3242 value=1 
D 09:57:32.3059663 GameState.DebugPrintPower() -     TAG_CHANGE Entity=湫然#51704 tag=NUM_CARDS_DRAWN_THIS_TURN value=1 
D 09:57:32.3059663 GameState.DebugPrintPower() -     TAG_CHANGE Entity=湫然#51704 tag=995 value=4 
D 09:57:32.3059663 GameState.DebugPrintPower() -     TAG_CHANGE Entity=[entityName=UNKNOWN ENTITY [cardType=INVALID] id=86 zone=DECK zonePos=0 cardId= player=2] tag=1570 value=7 
D 09:57:32.3059663 GameState.DebugPrintPower() -     TAG_CHANGE Entity=湫然#51704 tag=467 value=0 
D 09:57:32.3059663 GameState.DebugPrintPower() -     TAG_CHANGE Entity=GameEntity tag=NEXT_STEP value=MAIN_ACTION 
D 09:57:32.3059663 GameState.DebugPrintPower() - BLOCK_END
D 09:57:32.3059663 GameState.DebugPrintPower() - TAG_CHANGE Entity=GameEntity tag=STEP value=MAIN_ACTION 
D 09:57:32.3059663 GameState.DebugPrintPower() - BLOCK_START BlockType=TRIGGER Entity=湫然#51704 EffectCardId=System.Collections.Generic.List`1[System.String] EffectIndex=-1 Target=0 SubOption=-1 TriggerKeyword=TAG_NOT_SET
D 09:57:32.3059663 GameState.DebugPrintPower() -     TAG_CHANGE Entity=GameEntity tag=NEXT_STEP value=MAIN_END 
D 09:57:32.3059663 GameState.DebugPrintPower() - BLOCK_END
D 09:57:32.3822689 GameState.DebugPrintOptions() - id=18
D 09:57:32.3822689 GameState.DebugPrintOptions() -   option 0 type=END_TURN mainEntity= error=INVALID errorParam=
D 09:57:32.3822689 GameState.DebugPrintOptions() -   option 1 type=POWER mainEntity=[entityName=雷霆绽放 id=78 zone=HAND zonePos=2 cardId=SCH_427 player=2] error=NONE errorParam=
D 09:57:32.3822689 GameState.DebugPrintOptions() -   option 2 type=POWER mainEntity=[entityName=活体根须 id=56 zone=HAND zonePos=3 cardId=CORE_AT_037 player=2] error=NONE errorParam=
D 09:57:32.3822689 GameState.DebugPrintOptions() -     subOption 0 entity=[entityName=缠人根须 id=57 zone=SETASIDE zonePos=0 cardId=AT_037a player=2] error=NONE errorParam=
D 09:57:32.3822689 GameState.DebugPrintOptions() -       target 0 entity=[entityName=雷克萨 id=90 zone=PLAY zonePos=0 cardId=HERO_05 player=1] error=NONE errorParam=
D 09:57:32.3822689 GameState.DebugPrintOptions() -       target 1 entity=[entityName=嘲风望月露娜拉 id=92 zone=PLAY zonePos=0 cardId=HERO_06bi player=2] error=NONE errorParam=
D 09:57:32.3822689 GameState.DebugPrintOptions() -       target 2 entity=[entityName=奇迹推销员 id=4 zone=PLAY zonePos=1 cardId=WW_331 player=1] error=NONE errorParam=
D 09:57:32.3822689 GameState.DebugPrintOptions() -       target 3 entity=[entityName=鼠吻贮藏者 id=110 zone=PLAY zonePos=3 cardId=JAIL_877t player=1] error=NONE errorParam=
D 09:57:32.3822689 GameState.DebugPrintOptions() -       target 4 entity=[entityName=下水道管网 id=15 zone=PLAY zonePos=2 cardId=JAIL_877 player=1] error=REQ_HERO_OR_MINION_TARGET errorParam=
D 09:57:32.3822689 GameState.DebugPrintOptions() -       target 5 entity=[entityName=侧进蛇 id=116 zone=PLAY zonePos=4 cardId=WW_806t player=1] error=REQ_NONSTEALTH_ENEMY_TARGET errorParam=
D 09:57:32.3822689 GameState.DebugPrintOptions() -       target 6 entity=[entityName=侧进蛇 id=117 zone=PLAY zonePos=5 cardId=WW_806t player=1] error=REQ_NONSTEALTH_ENEMY_TARGET errorParam=
D 09:57:32.3822689 GameState.DebugPrintOptions() -     subOption 1 entity=[entityName=并蒂树苗 id=58 zone=SETASIDE zonePos=0 cardId=AT_037b player=2] error=NONE errorParam=
D 09:57:32.3822689 GameState.DebugPrintOptions() -   option 3 type=POWER mainEntity=[entityName=月光射线 id=60 zone=HAND zonePos=4 cardId=TID_001 player=2] error=NONE errorParam=
D 09:57:32.3822689 GameState.DebugPrintOptions() -     target 0 entity=[entityName=雷克萨 id=90 zone=PLAY zonePos=0 cardId=HERO_05 player=1] error=NONE errorParam=
D 09:57:32.3822689 GameState.DebugPrintOptions() -     target 1 entity=[entityName=奇迹推销员 id=4 zone=PLAY zonePos=1 cardId=WW_331 player=1] error=NONE errorParam=
D 09:57:32.3822689 GameState.DebugPrintOptions() -     target 2 entity=[entityName=鼠吻贮藏者 id=110 zone=PLAY zonePos=3 cardId=JAIL_877t player=1] error=NONE errorParam=
D 09:57:32.3822689 GameState.DebugPrintOptions() -     target 3 entity=[entityName=嘲风望月露娜拉 id=92 zone=PLAY zonePos=0 cardId=HERO_06bi player=2] error=REQ_ENEMY_TARGET errorParam=
D 09:57:32.3822689 GameState.DebugPrintOptions() -     target 4 entity=[entityName=下水道管网 id=15 zone=PLAY zonePos=2 cardId=JAIL_877 player=1] error=REQ_HERO_OR_MINION_TARGET errorParam=
D 09:57:32.3822689 GameState.DebugPrintOptions() -     target 5 entity=[entityName=侧进蛇 id=116 zone=PLAY zonePos=4 cardId=WW_806t player=1] error=REQ_NONSTEALTH_ENEMY_TARGET errorParam=
D 09:57:32.3822689 GameState.DebugPrintOptions() -     target 6 entity=[entityName=侧进蛇 id=117 zone=PLAY zonePos=5 cardId=WW_806t player=1] error=REQ_NONSTEALTH_ENEMY_TARGET errorParam=
D 09:57:32.3822689 GameState.DebugPrintOptions() -   option 4 type=POWER mainEntity=[entityName=黑市拍卖师 id=75 zone=HAND zonePos=5 cardId=JAIL_718 player=2] error=NONE errorParam=
D 09:57:32.3822689 GameState.DebugPrintOptions() -   option 5 type=POWER mainEntity=[entityName=波涛形塑 id=87 zone=HAND zonePos=6 cardId=TIME_701 player=2] error=NONE errorParam=
D 09:57:32.3822689 GameState.DebugPrintOptions() -   option 6 type=POWER mainEntity=[entityName=UNKNOWN ENTITY [cardType=INVALID] id=86 zone=DECK zonePos=0 cardId= player=2] error=NONE errorParam=
D 09:57:32.3822689 GameState.DebugPrintOptions() -     target 0 entity=[entityName=雷克萨 id=90 zone=PLAY zonePos=0 cardId=HERO_05 player=1] error=NONE errorParam=
D 09:57:32.3822689 GameState.DebugPrintOptions() -     target 1 entity=[entityName=嘲风望月露娜拉 id=92 zone=PLAY zonePos=0 cardId=HERO_06bi player=2] error=NONE errorParam=
D 09:57:32.3822689 GameState.DebugPrintOptions() -     target 2 entity=[entityName=奇迹推销员 id=4 zone=PLAY zonePos=1 cardId=WW_331 player=1] error=NONE errorParam=
D 09:57:32.3822689 GameState.DebugPrintOptions() -     target 3 entity=[entityName=鼠吻贮藏者 id=110 zone=PLAY zonePos=3 cardId=JAIL_877t player=1] error=NONE errorParam=
D 09:57:32.3822689 GameState.DebugPrintOptions() -     target 4 entity=[entityName=下水道管网 id=15 zone=PLAY zonePos=2 cardId=JAIL_877 player=1] error=REQ_HERO_OR_MINION_TARGET errorParam=
D 09:57:32.3822689 GameState.DebugPrintOptions() -     target 5 entity=[entityName=侧进蛇 id=116 zone=PLAY zonePos=4 cardId=WW_806t player=1] error=REQ_NONSTEALTH_ENEMY_TARGET errorParam=
D 09:57:32.3822689 GameState.DebugPrintOptions() -     target 6 entity=[entityName=侧进蛇 id=117 zone=PLAY zonePos=5 cardId=WW_806t player=1] error=REQ_NONSTEALTH_ENEMY_TARGET errorParam=
D 09:57:32.3822689 GameState.DebugPrintOptions() -   option 7 type=POWER mainEntity=[entityName=变形 id=93 zone=PLAY zonePos=0 cardId=HERO_06ebp player=2] error=NONE errorParam=
D 09:57:32.3822689 GameState.DebugPrintOptions() -   option 8 type=POWER mainEntity=[entityName=黑市拍卖师 id=51 zone=HAND zonePos=1 cardId=JAIL_718 player=2] error=REQ_ENOUGH_MANA errorParam=
D 09:57:32.3822689 GameState.DebugPrintOptions() -   option 9 type=POWER mainEntity=[entityName=黑市拍卖师 id=75 zone=HAND zonePos=5 cardId=JAIL_718 player=2] error=REQ_ENOUGH_MANA errorParam=
D 09:57:32.3822689 GameState.DebugPrintOptions() -   option 10 type=POWER mainEntity=[entityName=雷克萨 id=90 zone=PLAY zonePos=0 cardId=HERO_05 player=1] error=REQ_YOUR_TURN errorParam=
D 09:57:32.3822689 GameState.DebugPrintOptions() -   option 11 type=POWER mainEntity=[entityName=稳固射击 id=91 zone=PLAY zonePos=0 cardId=HERO_05bp player=1] error=REQ_YOUR_TURN errorParam=
D 09:57:32.3822689 GameState.DebugPrintOptions() -   option 12 type=POWER mainEntity=[entityName=嘲风望月露娜拉 id=92 zone=PLAY zonePos=0 cardId=HERO_06bi player=2] error=REQ_ATTACK_GREATER_THAN_0 errorParam=
D 09:57:32.3822689 GameState.DebugPrintOptions() -   option 13 type=POWER mainEntity=[entityName=奇迹推销员 id=4 zone=PLAY zonePos=1 cardId=WW_331 player=1] error=REQ_YOUR_TURN errorParam=
D 09:57:32.3822689 GameState.DebugPrintOptions() -   option 14 type=POWER mainEntity=[entityName=下水道管网 id=15 zone=PLAY zonePos=2 cardId=JAIL_877 player=1] error=REQ_YOUR_TURN errorParam=
D 09:57:32.3822689 GameState.DebugPrintOptions() -   option 15 type=POWER mainEntity=[entityName=鼠吻贮藏者 id=110 zone=PLAY zonePos=3 cardId=JAIL_877t player=1] error=REQ_YOUR_TURN errorParam=
D 09:57:32.3822689 GameState.DebugPrintOptions() -   option 16 type=POWER mainEntity=[entityName=侧进蛇 id=116 zone=PLAY zonePos=4 cardId=WW_806t player=1] error=REQ_YOUR_TURN errorParam=
D 09:57:32.3822689 GameState.DebugPrintOptions() -   option 17 type=POWER mainEntity=[entityName=侧进蛇 id=117 zone=PLAY zonePos=5 cardId=WW_806t player=1] error=REQ_YOUR_TURN errorParam=
D 09:57:32.7296714 PowerTaskList.DebugDump() - ID=150 ParentID=0 PreviousID=0 TaskCount=1
D 09:57:32.7296714 PowerTaskList.DebugDump() - Block Start=(null)
D 09:57:32.7296714 PowerTaskList.DebugPrintPower() -     META_DATA - Meta=SLUSH_TIME Data=1000 InfoCount=1
D 09:57:32.7296714 PowerTaskList.DebugPrintPower() -                 Info[0] = [entityName=稳固射击 id=91 zone=PLAY zonePos=0 cardId=HERO_05bp player=1]
D 09:57:32.7296714 PowerTaskList.DebugDump() - Block End=(null)
D 09:57:32.7296714 PowerProcessor.PrepareHistoryForCurrentTaskList() - m_currentTaskList=150
D 09:57:32.7296714 PowerProcessor.EndCurrentTaskList() - m_currentTaskList=150
D 09:57:32.7296714 PowerTaskList.DebugDump() - ID=151 ParentID=0 PreviousID=0 TaskCount=10
D 09:57:32.7296714 PowerTaskList.DebugPrintPower() - BLOCK_START BlockType=PLAY Entity=[entityName=UNKNOWN ENTITY [cardType=INVALID] id=36 zone=HAND zonePos=5 cardId= player=1] EffectCardId=System.Collections.Generic.List`1[System.String] EffectIndex=0 Target=0 SubOption=-1 
D 09:57:32.7296714 PowerTaskList.DebugPrintPower() -     TAG_CHANGE Entity=拯救网瘾对手#5318 tag=2245 value=6 
D 09:57:32.7296714 PowerTaskList.DebugPrintPower() -     TAG_CHANGE Entity=拯救网瘾对手#5318 tag=RESOURCES_USED value=3 
D 09:57:32.7296714 PowerTaskList.DebugPrintPower() -     TAG_CHANGE Entity=拯救网瘾对手#5318 tag=NUM_RESOURCES_SPENT_THIS_GAME value=6 
D 09:57:32.7296714 PowerTaskList.DebugPrintPower() -     TAG_CHANGE Entity=拯救网瘾对手#5318 tag=NUM_CARDS_PLAYED_THIS_TURN value=1 
D 09:57:32.7296714 PowerTaskList.DebugPrintPower() -     TAG_CHANGE Entity=拯救网瘾对手#5318 tag=430 value=1 
D 09:57:32.7296714 PowerTaskList.DebugPrintPower() -     TAG_CHANGE Entity=[entityName=UNKNOWN ENTITY [cardType=INVALID] id=40 zone=HAND zonePos=6 cardId= player=1] tag=ZONE_POSITION value=5 
D 09:57:32.7296714 PowerTaskList.DebugPrintPower() -     TAG_CHANGE Entity=[entityName=UNKNOWN ENTITY [cardType=INVALID] id=36 zone=HAND zonePos=5 cardId= player=1] tag=ZONE_POSITION value=0 
D 09:57:32.7296714 PowerTaskList.DebugPrintPower() -     SHOW_ENTITY - Updating Entity=[entityName=UNKNOWN ENTITY [cardType=INVALID] id=36 zone=HAND zonePos=5 cardId= player=1] CardID=WW_806
D 09:57:32.7296714 PowerTaskList.DebugPrintPower() -         tag=CONTROLLER value=1
D 09:57:32.7296714 PowerTaskList.DebugPrintPower() -         tag=CARDTYPE value=SPELL
D 09:57:32.7296714 PowerTaskList.DebugPrintPower() -         tag=TAG_LAST_KNOWN_COST_IN_HAND value=1
D 09:57:32.7296714 PowerTaskList.DebugPrintPower() -         tag=COST value=1
D 09:57:32.7296714 PowerTaskList.DebugPrintPower() -         tag=PREMIUM value=1
D 09:57:32.7296714 PowerTaskList.DebugPrintPower() -         tag=ZONE value=PLAY
D 09:57:32.7296714 PowerTaskList.DebugPrintPower() -         tag=ENTITY_ID value=36
D 09:57:32.7296714 PowerTaskList.DebugPrintPower() -         tag=CLASS value=HUNTER
D 09:57:32.7296714 PowerTaskList.DebugPrintPower() -         tag=RARITY value=COMMON
D 09:57:32.7296714 PowerTaskList.DebugPrintPower() -         tag=JUST_PLAYED value=1
D 09:57:32.7296714 PowerTaskList.DebugPrintPower() -         tag=ZONE_POSITION value=0
D 09:57:32.7296714 PowerTaskList.DebugPrintPower() -         tag=NUM_TURNS_IN_HAND value=3
D 09:57:32.7296714 PowerTaskList.DebugPrintPower() -         tag=478 value=1
D 09:57:32.7296714 PowerTaskList.DebugPrintPower() -         tag=1037 value=0
D 09:57:32.7296714 PowerTaskList.DebugPrintPower() -         tag=1043 value=1
D 09:57:32.7296714 PowerTaskList.DebugPrintPower() -         tag=1068 value=0
D 09:57:32.7296714 PowerTaskList.DebugPrintPower() -         tag=COLLECTION_RELATED_CARD_DATABASE_ID value=100185
D 09:57:32.7296714 PowerTaskList.DebugPrintPower() -         tag=SPAWN_TIME_COUNT value=1
D 09:57:32.7296714 PowerTaskList.DebugPrintPower() -         tag=1570 value=4
D 09:57:32.7296714 PowerTaskList.DebugPrintPower() -         tag=3557 value=5
D 09:57:32.7296714 PowerTaskList.DebugPrintPower() -     META_DATA - Meta=SLUSH_TIME Data=3000 InfoCount=1
D 09:57:32.7296714 PowerTaskList.DebugPrintPower() -                 Info[0] = [entityName=UNKNOWN ENTITY [cardType=INVALID] id=36 zone=HAND zonePos=5 cardId= player=1]
D 09:57:32.7296714 PowerTaskList.DebugPrintPower() -     TAG_CHANGE Entity=拯救网瘾对手#5318 tag=NUM_SPELLS_PLAYED_THIS_GAME value=1 
D 09:57:32.7296714 PowerTaskList.DebugDump() - Block End=(null)
D 09:57:32.7296714 PowerProcessor.PrepareHistoryForCurrentTaskList() - m_currentTaskList=151
D 09:57:32.7296714 PowerProcessor.DoTaskListForCard() - unhandled BlockType PLAY for sourceEntity [entityName=UNKNOWN ENTITY [cardType=INVALID] id=36 zone=HAND zonePos=5 cardId= player=1]
D 09:57:34.2484981 PowerProcessor.EndCurrentTaskList() - m_currentTaskList=151
D 09:57:34.2556278 PowerTaskList.DebugDump() - ID=152 ParentID=151 PreviousID=0 TaskCount=1
D 09:57:34.2556278 PowerTaskList.DebugPrintPower() - BLOCK_START BlockType=POWER Entity=[entityName=潜踪群蛇 id=36 zone=PLAY zonePos=0 cardId=WW_806 player=1] EffectCardId=System.Collections.Generic.List`1[System.String] EffectIndex=0 Target=0 SubOption=-1 
D 09:57:34.2556278 PowerTaskList.DebugPrintPower() -     META_DATA - Meta=ARTIFICIAL_HISTORY_INTERRUPT Data=0 InfoCount=0
D 09:57:34.2556278 PowerTaskList.DebugDump() - Block End=(null)
D 09:57:34.2556278 PowerProcessor.PrepareHistoryForCurrentTaskList() - m_currentTaskList=152
D 09:57:34.2556278 PowerProcessor.EndCurrentTaskList() - m_currentTaskList=152
D 09:57:34.2556278 PowerTaskList.DebugDump() - ID=153 ParentID=151 PreviousID=152 TaskCount=8
D 09:57:34.2556278 PowerTaskList.DebugDump() - Block Start=(null)
D 09:57:34.2556278 PowerTaskList.DebugPrintPower() -     SUB_SPELL_START - SpellPrefabGUID=ReuseFX_Beast_BuffImpact_Snakes_Super_NewCreatedCards:785bcebec9fb62247ba73d0079c0706a Source=36 TargetCount=0
D 09:57:34.2556278 PowerTaskList.DebugPrintPower() -                       Source = [entityName=潜踪群蛇 id=36 zone=PLAY zonePos=0 cardId=WW_806 player=1]
D 09:57:34.2556278 PowerTaskList.DebugPrintPower() -         FULL_ENTITY - Updating [entityName=侧进蛇 id=116 zone=PLAY zonePos=4 cardId=WW_806t player=1] CardID=WW_806t
D 09:57:34.2556278 PowerTaskList.DebugPrintPower() -             tag=CONTROLLER value=1
D 09:57:34.2556278 PowerTaskList.DebugPrintPower() -             tag=CARDTYPE value=MINION
D 09:57:34.2556278 PowerTaskList.DebugPrintPower() -             tag=1196 value=1
D 09:57:34.2556278 PowerTaskList.DebugPrintPower() -             tag=TAG_LAST_KNOWN_COST_IN_HAND value=1
D 09:57:34.2556278 PowerTaskList.DebugPrintPower() -             tag=479 value=1
D 09:57:34.2556278 PowerTaskList.DebugPrintPower() -             tag=COST value=1
D 09:57:34.2556278 PowerTaskList.DebugPrintPower() -             tag=ATK value=1
D 09:57:34.2556278 PowerTaskList.DebugPrintPower() -             tag=HEALTH value=1
D 09:57:34.2556278 PowerTaskList.DebugPrintPower() -             tag=PREMIUM value=1
D 09:57:34.2556278 PowerTaskList.DebugPrintPower() -             tag=EXHAUSTED value=1
D 09:57:34.2556278 PowerTaskList.DebugPrintPower() -             tag=ZONE value=PLAY
D 09:57:34.2556278 PowerTaskList.DebugPrintPower() -             tag=ENTITY_ID value=116
D 09:57:34.2556278 PowerTaskList.DebugPrintPower() -             tag=STEALTH value=1
D 09:57:34.2556278 PowerTaskList.DebugPrintPower() -             tag=CLASS value=HUNTER
D 09:57:34.2556278 PowerTaskList.DebugPrintPower() -             tag=CARDRACE value=BEAST
D 09:57:34.2556278 PowerTaskList.DebugPrintPower() -             tag=ZONE_POSITION value=4
D 09:57:34.2556278 PowerTaskList.DebugPrintPower() -             tag=CREATOR value=36
D 09:57:34.2556278 PowerTaskList.DebugPrintPower() -             tag=1037 value=1
D 09:57:34.2556278 PowerTaskList.DebugPrintPower() -             tag=1254 value=36
D 09:57:34.2556278 PowerTaskList.DebugPrintPower() -             tag=CREATOR_DBID value=100171
D 09:57:34.2556278 PowerTaskList.DebugPrintPower() -             tag=SPAWN_TIME_COUNT value=1
D 09:57:34.2556278 PowerTaskList.DebugPrintPower() -             tag=HAS_ACTIVATE_POWER value=1
D 09:57:34.2556278 PowerTaskList.DebugPrintPower() -             tag=3085 value=1
D 09:57:34.2556278 PowerTaskList.DebugPrintPower() -             tag=4901 value=1
D 09:57:34.2556278 PowerTaskList.DebugPrintPower() -         TAG_CHANGE Entity=[entityName=侧进蛇 id=116 zone=PLAY zonePos=4 cardId=WW_806t player=1] tag=4901 value=0 
D 09:57:34.2556278 PowerTaskList.DebugPrintPower() -         TAG_CHANGE Entity=[entityName=侧进蛇 id=116 zone=PLAY zonePos=4 cardId=WW_806t player=1] tag=3619 value=1 
D 09:57:34.2556278 PowerTaskList.DebugPrintPower() -         FULL_ENTITY - Updating [entityName=侧进蛇 id=117 zone=PLAY zonePos=5 cardId=WW_806t player=1] CardID=WW_806t
D 09:57:34.2556278 PowerTaskList.DebugPrintPower() -             tag=CONTROLLER value=1
D 09:57:34.2556278 PowerTaskList.DebugPrintPower() -             tag=CARDTYPE value=MINION
D 09:57:34.2556278 PowerTaskList.DebugPrintPower() -             tag=1196 value=1
D 09:57:34.2556278 PowerTaskList.DebugPrintPower() -             tag=TAG_LAST_KNOWN_COST_IN_HAND value=1
D 09:57:34.2556278 PowerTaskList.DebugPrintPower() -             tag=479 value=1
D 09:57:34.2556278 PowerTaskList.DebugPrintPower() -             tag=COST value=1
D 09:57:34.2556278 PowerTaskList.DebugPrintPower() -             tag=ATK value=1
D 09:57:34.2556278 PowerTaskList.DebugPrintPower() -             tag=HEALTH value=1
D 09:57:34.2556278 PowerTaskList.DebugPrintPower() -             tag=PREMIUM value=1
D 09:57:34.2556278 PowerTaskList.DebugPrintPower() -             tag=EXHAUSTED value=1
D 09:57:34.2556278 PowerTaskList.DebugPrintPower() -             tag=ZONE value=PLAY
D 09:57:34.2556278 PowerTaskList.DebugPrintPower() -             tag=ENTITY_ID value=117
D 09:57:34.2556278 PowerTaskList.DebugPrintPower() -             tag=STEALTH value=1
D 09:57:34.2556278 PowerTaskList.DebugPrintPower() -             tag=CLASS value=HUNTER
D 09:57:34.2556278 PowerTaskList.DebugPrintPower() -             tag=CARDRACE value=BEAST
D 09:57:34.2556278 PowerTaskList.DebugPrintPower() -             tag=ZONE_POSITION value=5
D 09:57:34.2556278 PowerTaskList.DebugPrintPower() -             tag=CREATOR value=36
D 09:57:34.2556278 PowerTaskList.DebugPrintPower() -             tag=1037 value=1
D 09:57:34.2556278 PowerTaskList.DebugPrintPower() -             tag=1254 value=36
D 09:57:34.2556278 PowerTaskList.DebugPrintPower() -             tag=CREATOR_DBID value=100171
D 09:57:34.2556278 PowerTaskList.DebugPrintPower() -             tag=SPAWN_TIME_COUNT value=1
D 09:57:34.2556278 PowerTaskList.DebugPrintPower() -             tag=HAS_ACTIVATE_POWER value=1
D 09:57:34.2556278 PowerTaskList.DebugPrintPower() -             tag=3085 value=1
D 09:57:34.2556278 PowerTaskList.DebugPrintPower() -             tag=4901 value=1
D 09:57:34.2556278 PowerTaskList.DebugPrintPower() -         TAG_CHANGE Entity=[entityName=侧进蛇 id=117 zone=PLAY zonePos=5 cardId=WW_806t player=1] tag=4901 value=0 
D 09:57:34.2556278 PowerTaskList.DebugPrintPower() -         TAG_CHANGE Entity=[entityName=侧进蛇 id=117 zone=PLAY zonePos=5 cardId=WW_806t player=1] tag=3619 value=1 
D 09:57:34.2556278 PowerTaskList.DebugPrintPower() -     SUB_SPELL_END
D 09:57:34.2556278 PowerTaskList.DebugDump() - Block End=(null)
D 09:57:34.2556278 PowerProcessor.PrepareHistoryForCurrentTaskList() - m_currentTaskList=153
D 09:57:37.8758584 PowerProcessor.EndCurrentTaskList() - m_currentTaskList=153
D 09:57:37.8830692 PowerTaskList.DebugDump() - ID=154 ParentID=151 PreviousID=153 TaskCount=0
D 09:57:37.8830692 PowerTaskList.DebugDump() - Block Start=(null)
D 09:57:37.8830692 PowerTaskList.DebugPrintPower() - BLOCK_END
D 09:57:37.8830692 PowerProcessor.PrepareHistoryForCurrentTaskList() - m_currentTaskList=154
D 09:57:37.8830692 PowerSpellController [taskListId=154].InitPowerSounds() - FAILED to attach task list to PowerSoundSpell VO_WW_0700_RenoJackson_Human_Emote_Trigger_SneakySnakes_01(Clone) (CardSpecificVoSpell) for Card [entityName=潜踪群蛇 id=36 zone=PLAY zonePos=0 cardId=WW_806 player=1]
D 09:57:37.8830692 PowerProcessor.EndCurrentTaskList() - m_currentTaskList=154
D 09:57:37.8830692 PowerTaskList.DebugDump() - ID=155 ParentID=0 PreviousID=151 TaskCount=6
D 09:57:37.8830692 PowerTaskList.DebugDump() - Block Start=(null)
D 09:57:37.8830692 PowerTaskList.DebugPrintPower() -     TAG_CHANGE Entity=[entityName=潜踪群蛇 id=36 zone=PLAY zonePos=0 cardId=WW_806 player=1] tag=1068 value=4 
D 09:57:37.8830692 PowerTaskList.DebugPrintPower() -     TAG_CHANGE Entity=[entityName=潜踪群蛇 id=36 zone=PLAY zonePos=0 cardId=WW_806 player=1] tag=1068 value=0 
D 09:57:37.8830692 PowerTaskList.DebugPrintPower() -     TAG_CHANGE Entity=[entityName=潜踪群蛇 id=36 zone=PLAY zonePos=0 cardId=WW_806 player=1] tag=ZONE value=GRAVEYARD 
D 09:57:37.8830692 PowerTaskList.DebugPrintPower() -     TAG_CHANGE Entity=拯救网瘾对手#5318 tag=COMBO_ACTIVE value=1 
D 09:57:37.8830692 PowerTaskList.DebugPrintPower() -     TAG_CHANGE Entity=GameEntity tag=1323 value=11 
D 09:57:37.8830692 PowerTaskList.DebugPrintPower() -     TAG_CHANGE Entity=拯救网瘾对手#5318 tag=NUM_OPTIONS_PLAYED_THIS_TURN value=4 
D 09:57:37.8830692 PowerTaskList.DebugPrintPower() - BLOCK_END
D 09:57:37.8830692 PowerProcessor.PrepareHistoryForCurrentTaskList() - m_currentTaskList=155
D 09:57:37.8830692 PowerProcessor.DoTaskListForCard() - unhandled BlockType PLAY for sourceEntity [entityName=潜踪群蛇 id=36 zone=PLAY zonePos=0 cardId=WW_806 player=1]
D 09:57:37.8974887 PowerProcessor.EndCurrentTaskList() - m_currentTaskList=155
D 09:57:37.9040421 PowerTaskList.DebugDump() - ID=156 ParentID=0 PreviousID=0 TaskCount=1
D 09:57:37.9040421 PowerTaskList.DebugDump() - Block Start=(null)
D 09:57:37.9040421 PowerTaskList.DebugPrintPower() -     META_DATA - Meta=SLUSH_TIME Data=1000 InfoCount=1
D 09:57:37.9040421 PowerTaskList.DebugPrintPower() -                 Info[0] = [entityName=潜踪群蛇 id=36 zone=GRAVEYARD zonePos=0 cardId=WW_806 player=1]
D 09:57:37.9040421 PowerTaskList.DebugDump() - Block End=(null)
D 09:57:37.9040421 PowerProcessor.PrepareHistoryForCurrentTaskList() - m_currentTaskList=156
D 09:57:37.9040421 PowerProcessor.EndCurrentTaskList() - m_currentTaskList=156
D 09:57:37.9040421 PowerTaskList.DebugDump() - ID=157 ParentID=0 PreviousID=0 TaskCount=3
D 09:57:37.9040421 PowerTaskList.DebugDump() - Block Start=(null)
D 09:57:37.9040421 PowerTaskList.DebugPrintPower() -     TAG_CHANGE Entity=[entityName=侧进蛇 id=116 zone=PLAY zonePos=4 cardId=WW_806t player=1] tag=1196 value=0 
D 09:57:37.9040421 PowerTaskList.DebugPrintPower() -     TAG_CHANGE Entity=[entityName=侧进蛇 id=117 zone=PLAY zonePos=5 cardId=WW_806t player=1] tag=1196 value=0 
D 09:57:37.9040421 PowerTaskList.DebugPrintPower() -     TAG_CHANGE Entity=GameEntity tag=STEP value=MAIN_END 
D 09:57:37.9040421 PowerTaskList.DebugDump() - Block End=(null)
D 09:57:37.9040421 PowerProcessor.PrepareHistoryForCurrentTaskList() - m_currentTaskList=157
D 09:57:37.9040421 PowerProcessor.EndCurrentTaskList() - m_currentTaskList=157
D 09:57:37.9040421 PowerTaskList.DebugDump() - ID=158 ParentID=157 PreviousID=0 TaskCount=1
D 09:57:37.9040421 PowerTaskList.DebugPrintPower() - BLOCK_START BlockType=TRIGGER Entity=拯救网瘾对手#5318 EffectCardId=System.Collections.Generic.List`1[System.String] EffectIndex=-1 Target=0 SubOption=-1 TriggerKeyword=TAG_NOT_SET
D 09:57:37.9040421 PowerTaskList.DebugPrintPower() -     TAG_CHANGE Entity=GameEntity tag=NEXT_STEP value=MAIN_CLEANUP 
D 09:57:37.9040421 PowerTaskList.DebugPrintPower() - BLOCK_END
D 09:57:37.9040421 PowerProcessor.PrepareHistoryForCurrentTaskList() - m_currentTaskList=158
D 09:57:37.9040421 PowerProcessor.EndCurrentTaskList() - m_currentTaskList=158
D 09:57:37.9040421 PowerTaskList.DebugDump() - ID=159 ParentID=0 PreviousID=0 TaskCount=0
D 09:57:37.9040421 PowerTaskList.DebugPrintPower() - BLOCK_START BlockType=TRIGGER Entity=拯救网瘾对手#5318 EffectCardId=System.Collections.Generic.List`1[System.String] EffectIndex=-1 Target=0 SubOption=-1 TriggerKeyword=TAG_NOT_SET
D 09:57:37.9040421 PowerTaskList.DebugPrintPower() - BLOCK_END
D 09:57:37.9040421 PowerProcessor.PrepareHistoryForCurrentTaskList() - m_currentTaskList=159
D 09:57:37.9040421 PowerProcessor.EndCurrentTaskList() - m_currentTaskList=159
D 09:57:37.9040421 PowerTaskList.DebugDump() - ID=160 ParentID=0 PreviousID=0 TaskCount=0
D 09:57:37.9040421 PowerTaskList.DebugPrintPower() - BLOCK_START BlockType=TRIGGER Entity=湫然#51704 EffectCardId=System.Collections.Generic.List`1[System.String] EffectIndex=-1 Target=0 SubOption=-1 TriggerKeyword=TAG_NOT_SET
D 09:57:37.9040421 PowerTaskList.DebugPrintPower() - BLOCK_END
D 09:57:37.9040421 PowerProcessor.PrepareHistoryForCurrentTaskList() - m_currentTaskList=160
D 09:57:37.9040421 PowerProcessor.EndCurrentTaskList() - m_currentTaskList=160
D 09:57:37.9040421 PowerTaskList.DebugDump() - ID=161 ParentID=0 PreviousID=0 TaskCount=1
D 09:57:37.9040421 PowerTaskList.DebugDump() - Block Start=(null)
D 09:57:37.9040421 PowerTaskList.DebugPrintPower() -     TAG_CHANGE Entity=GameEntity tag=STEP value=MAIN_CLEANUP 
D 09:57:37.9040421 PowerTaskList.DebugDump() - Block End=(null)
D 09:57:37.9040421 PowerProcessor.PrepareHistoryForCurrentTaskList() - m_currentTaskList=161
D 09:57:37.9040421 PowerProcessor.EndCurrentTaskList() - m_currentTaskList=161
D 09:57:37.9040421 PowerTaskList.DebugDump() - ID=162 ParentID=0 PreviousID=0 TaskCount=2
D 09:57:37.9040421 PowerTaskList.DebugPrintPower() - BLOCK_START BlockType=TRIGGER Entity=拯救网瘾对手#5318 EffectCardId=System.Collections.Generic.List`1[System.String] EffectIndex=-1 Target=0 SubOption=-1 TriggerKeyword=TAG_NOT_SET
D 09:57:37.9040421 PowerTaskList.DebugPrintPower() -     TAG_CHANGE Entity=拯救网瘾对手#5318 tag=COMBO_ACTIVE value=0 
D 09:57:37.9040421 PowerTaskList.DebugPrintPower() -     TAG_CHANGE Entity=GameEntity tag=NEXT_STEP value=MAIN_NEXT 
D 09:57:37.9040421 PowerTaskList.DebugPrintPower() - BLOCK_END
D 09:57:37.9040421 PowerProcessor.PrepareHistoryForCurrentTaskList() - m_currentTaskList=162
D 09:57:37.9040421 PowerProcessor.EndCurrentTaskList() - m_currentTaskList=162
D 09:57:37.9040421 PowerTaskList.DebugDump() - ID=163 ParentID=0 PreviousID=0 TaskCount=0
D 09:57:37.9040421 PowerTaskList.DebugPrintPower() - BLOCK_START BlockType=TRIGGER Entity=湫然#51704 EffectCardId=System.Collections.Generic.List`1[System.String] EffectIndex=-1 Target=0 SubOption=-1 TriggerKeyword=TAG_NOT_SET
D 09:57:37.9040421 PowerTaskList.DebugPrintPower() - BLOCK_END
D 09:57:37.9040421 PowerProcessor.PrepareHistoryForCurrentTaskList() - m_currentTaskList=163
D 09:57:37.9040421 PowerProcessor.EndCurrentTaskList() - m_currentTaskList=163
D 09:57:37.9040421 PowerTaskList.DebugDump() - ID=164 ParentID=0 PreviousID=0 TaskCount=1
D 09:57:37.9040421 PowerTaskList.DebugDump() - Block Start=(null)
D 09:57:37.9040421 PowerTaskList.DebugPrintPower() -     TAG_CHANGE Entity=GameEntity tag=STEP value=MAIN_NEXT 
D 09:57:37.9040421 PowerTaskList.DebugDump() - Block End=(null)
D 09:57:37.9040421 PowerProcessor.PrepareHistoryForCurrentTaskList() - m_currentTaskList=164
D 09:57:37.9040421 PowerProcessor.EndCurrentTaskList() - m_currentTaskList=164
D 09:57:37.9040421 PowerTaskList.DebugDump() - ID=165 ParentID=0 PreviousID=0 TaskCount=14
D 09:57:37.9040421 PowerTaskList.DebugPrintPower() - BLOCK_START BlockType=TRIGGER Entity=GameEntity EffectCardId=System.Collections.Generic.List`1[System.String] EffectIndex=-1 Target=0 SubOption=-1 TriggerKeyword=TAG_NOT_SET
D 09:57:37.9040421 PowerTaskList.DebugPrintPower() -     TAG_CHANGE Entity=拯救网瘾对手#5318 tag=1292 value=0 
D 09:57:37.9040421 PowerTaskList.DebugPrintPower() -     TAG_CHANGE Entity=湫然#51704 tag=1292 value=1 
D 09:57:37.9040421 PowerTaskList.DebugPrintPower() -     TAG_CHANGE Entity=[entityName=黑市拍卖师 id=51 zone=HAND zonePos=1 cardId=JAIL_718 player=2] tag=NUM_TURNS_IN_HAND value=7 
D 09:57:37.9040421 PowerTaskList.DebugPrintPower() -     TAG_CHANGE Entity=[entityName=雷霆绽放 id=78 zone=HAND zonePos=2 cardId=SCH_427 player=2] tag=NUM_TURNS_IN_HAND value=7 
D 09:57:37.9040421 PowerTaskList.DebugPrintPower() -     TAG_CHANGE Entity=[entityName=活体根须 id=56 zone=HAND zonePos=3 cardId=CORE_AT_037 player=2] tag=NUM_TURNS_IN_HAND value=7 
D 09:57:37.9040421 PowerTaskList.DebugPrintPower() -     TAG_CHANGE Entity=[entityName=月光射线 id=60 zone=HAND zonePos=4 cardId=TID_001 player=2] tag=NUM_TURNS_IN_HAND value=7 
D 09:57:37.9040421 PowerTaskList.DebugPrintPower() -     TAG_CHANGE Entity=[entityName=黑市拍卖师 id=75 zone=HAND zonePos=5 cardId=JAIL_718 player=2] tag=NUM_TURNS_IN_HAND value=5 
D 09:57:37.9040421 PowerTaskList.DebugPrintPower() -     TAG_CHANGE Entity=[entityName=波涛形塑 id=87 zone=HAND zonePos=6 cardId=TIME_701 player=2] tag=NUM_TURNS_IN_HAND value=3 
D 09:57:37.9040421 PowerTaskList.DebugPrintPower() -     TAG_CHANGE Entity=拯救网瘾对手#5318 tag=CURRENT_PLAYER value=0 
D 09:57:37.9040421 PowerTaskList.DebugPrintPower() -     TAG_CHANGE Entity=湫然#51704 tag=CURRENT_PLAYER value=1 
D 09:57:37.9040421 PowerTaskList.DebugPrintPower() -     TAG_CHANGE Entity=GameEntity tag=TURN value=7 
D 09:57:37.9040421 PowerTaskList.DebugPrintPower() -     TAG_CHANGE Entity=GameEntity tag=1882 value=6 
D 09:57:37.9040421 PowerTaskList.DebugPrintPower() -     TAG_CHANGE Entity=湫然#51704 tag=TURN value=4 
D 09:57:37.9040421 PowerTaskList.DebugPrintPower() -     TAG_CHANGE Entity=GameEntity tag=NEXT_STEP value=MAIN_READY 
D 09:57:37.9040421 PowerTaskList.DebugPrintPower() - BLOCK_END
D 09:57:37.9040421 PowerProcessor.PrepareHistoryForCurrentTaskList() - m_currentTaskList=165
D 09:57:37.9040421 PowerProcessor.EndCurrentTaskList() - m_currentTaskList=165
D 09:57:37.9040421 PowerTaskList.DebugDump() - ID=166 ParentID=0 PreviousID=0 TaskCount=1
D 09:57:37.9040421 PowerTaskList.DebugDump() - Block Start=(null)
D 09:57:37.9040421 PowerTaskList.DebugPrintPower() -     TAG_CHANGE Entity=GameEntity tag=STEP value=MAIN_READY 
D 09:57:37.9040421 PowerTaskList.DebugDump() - Block End=(null)
D 09:57:37.9040421 PowerProcessor.PrepareHistoryForCurrentTaskList() - m_currentTaskList=166
D 09:57:37.9040421 PowerProcessor.EndCurrentTaskList() - m_currentTaskList=166
D 09:57:37.9040421 PowerTaskList.DebugDump() - ID=167 ParentID=0 PreviousID=0 TaskCount=24
D 09:57:37.9040421 PowerTaskList.DebugPrintPower() - BLOCK_START BlockType=TRIGGER Entity=湫然#51704 EffectCardId=System.Collections.Generic.List`1[System.String] EffectIndex=-1 Target=0 SubOption=-1 TriggerKeyword=TAG_NOT_SET
D 09:57:37.9040421 PowerTaskList.DebugPrintPower() -     TAG_CHANGE Entity=GameEntity tag=NUM_TURNS_IN_PLAY value=7 
D 09:57:37.9040421 PowerTaskList.DebugPrintPower() -     TAG_CHANGE Entity=拯救网瘾对手#5318 tag=NUM_TURNS_IN_PLAY value=7 
D 09:57:37.9040421 PowerTaskList.DebugPrintPower() -     TAG_CHANGE Entity=湫然#51704 tag=NUM_TURNS_IN_PLAY value=7 
D 09:57:37.9040421 PowerTaskList.DebugPrintPower() -     TAG_CHANGE Entity=[entityName=雷克萨 id=90 zone=PLAY zonePos=0 cardId=HERO_05 player=1] tag=NUM_TURNS_IN_PLAY value=7 
D 09:57:37.9040421 PowerTaskList.DebugPrintPower() -     TAG_CHANGE Entity=[entityName=稳固射击 id=91 zone=PLAY zonePos=0 cardId=HERO_05bp player=1] tag=NUM_TURNS_IN_PLAY value=7 
D 09:57:37.9040421 PowerTaskList.DebugPrintPower() -     TAG_CHANGE Entity=[entityName=嘲风望月露娜拉 id=92 zone=PLAY zonePos=0 cardId=HERO_06bi player=2] tag=NUM_TURNS_IN_PLAY value=7 
D 09:57:37.9040421 PowerTaskList.DebugPrintPower() -     TAG_CHANGE Entity=[entityName=变形 id=93 zone=PLAY zonePos=0 cardId=HERO_06ebp player=2] tag=NUM_TURNS_IN_PLAY value=7 
D 09:57:37.9040421 PowerTaskList.DebugPrintPower() -     TAG_CHANGE Entity=[entityName=奇迹推销员 id=4 zone=PLAY zonePos=1 cardId=WW_331 player=1] tag=NUM_TURNS_IN_PLAY value=5 
D 09:57:37.9040421 PowerTaskList.DebugPrintPower() -     TAG_CHANGE Entity=[entityName=下水道管网 id=15 zone=PLAY zonePos=2 cardId=JAIL_877 player=1] tag=NUM_TURNS_IN_PLAY value=3 
D 09:57:37.9040421 PowerTaskList.DebugPrintPower() -     TAG_CHANGE Entity=[entityName=鼠吻贮藏者 id=110 zone=PLAY zonePos=3 cardId=JAIL_877t player=1] tag=NUM_TURNS_IN_PLAY value=3 
D 09:57:37.9040421 PowerTaskList.DebugPrintPower() -     TAG_CHANGE Entity=[entityName=侧进蛇 id=116 zone=PLAY zonePos=4 cardId=WW_806t player=1] tag=NUM_TURNS_IN_PLAY value=1 
D 09:57:37.9040421 PowerTaskList.DebugPrintPower() -     TAG_CHANGE Entity=[entityName=侧进蛇 id=117 zone=PLAY zonePos=5 cardId=WW_806t player=1] tag=NUM_TURNS_IN_PLAY value=1 
D 09:57:37.9040421 PowerTaskList.DebugPrintPower() -     TAG_CHANGE Entity=湫然#51704 tag=RESOURCES value=4 
D 09:57:37.9040421 PowerTaskList.DebugPrintPower() -     TAG_CHANGE Entity=湫然#51704 tag=RESOURCES_USED value=0 
D 09:57:37.9040421 PowerTaskList.DebugPrintPower() -     TAG_CHANGE Entity=[entityName=奇迹推销员 id=4 zone=PLAY zonePos=1 cardId=WW_331 player=1] tag=NUM_ATTACKS_THIS_TURN value=0 
D 09:57:37.9040421 PowerTaskList.DebugPrintPower() -     TAG_CHANGE Entity=[entityName=鼠吻贮藏者 id=110 zone=PLAY zonePos=3 cardId=JAIL_877t player=1] tag=NUM_ATTACKS_THIS_TURN value=0 
D 09:57:37.9040421 PowerTaskList.DebugPrintPower() -     TAG_CHANGE Entity=湫然#51704 tag=NUM_OPTIONS_PLAYED_THIS_TURN value=0 
D 09:57:37.9040421 PowerTaskList.DebugPrintPower() -     TAG_CHANGE Entity=湫然#51704 tag=3242 value=0 
D 09:57:37.9040421 PowerTaskList.DebugPrintPower() -     TAG_CHANGE Entity=拯救网瘾对手#5318 tag=NUM_CARDS_DRAWN_THIS_TURN value=0 
D 09:57:37.9040421 PowerTaskList.DebugPrintPower() -     TAG_CHANGE Entity=GameEntity tag=NEXT_STEP value=MAIN_START_TRIGGERS 
D 09:57:37.9040421 PowerTaskList.DebugPrintPower() -     TAG_CHANGE Entity=湫然#51704 tag=464 value=0 
D 09:57:37.9040421 PowerTaskList.DebugPrintPower() -     TAG_CHANGE Entity=湫然#51704 tag=4453 value=0 
D 09:57:37.9040421 PowerTaskList.DebugPrintPower() -     TAG_CHANGE Entity=湫然#51704 tag=1575 value=0 
D 09:57:37.9040421 PowerTaskList.DebugPrintPower() -     TAG_CHANGE Entity=拯救网瘾对手#5318 tag=NUM_FRIENDLY_MINIONS_THAT_ATTACKED_THIS_TURN value=0 
D 09:57:37.9040421 PowerTaskList.DebugPrintPower() - BLOCK_END
D 09:57:37.9040421 PowerProcessor.PrepareHistoryForCurrentTaskList() - m_currentTaskList=167
D 09:57:37.9040421 PowerProcessor.EndCurrentTaskList() - m_currentTaskList=167
D 09:57:37.9040421 PowerTaskList.DebugDump() - ID=168 ParentID=0 PreviousID=0 TaskCount=1
D 09:57:37.9040421 PowerTaskList.DebugDump() - Block Start=(null)
D 09:57:37.9040421 PowerTaskList.DebugPrintPower() -     TAG_CHANGE Entity=GameEntity tag=STEP value=MAIN_START_TRIGGERS 
D 09:57:37.9040421 PowerTaskList.DebugDump() - Block End=(null)
D 09:57:37.9040421 PowerProcessor.PrepareHistoryForCurrentTaskList() - m_currentTaskList=168
D 09:57:37.9040421 PowerProcessor.EndCurrentTaskList() - m_currentTaskList=168
D 09:57:37.9040421 PowerTaskList.DebugDump() - ID=169 ParentID=0 PreviousID=0 TaskCount=1
D 09:57:37.9040421 PowerTaskList.DebugPrintPower() - BLOCK_START BlockType=TRIGGER Entity=湫然#51704 EffectCardId=System.Collections.Generic.List`1[System.String] EffectIndex=-1 Target=0 SubOption=-1 TriggerKeyword=TAG_NOT_SET
D 09:57:37.9040421 PowerTaskList.DebugPrintPower() -     TAG_CHANGE Entity=GameEntity tag=NEXT_STEP value=MAIN_START 
D 09:57:37.9040421 PowerTaskList.DebugPrintPower() - BLOCK_END
D 09:57:37.9040421 PowerProcessor.PrepareHistoryForCurrentTaskList() - m_currentTaskList=169
D 09:57:37.9040421 PowerProcessor.EndCurrentTaskList() - m_currentTaskList=169
D 09:57:37.9040421 PowerTaskList.DebugDump() - ID=170 ParentID=0 PreviousID=0 TaskCount=1
D 09:57:37.9040421 PowerTaskList.DebugDump() - Block Start=(null)
D 09:57:37.9040421 PowerTaskList.DebugPrintPower() -     TAG_CHANGE Entity=GameEntity tag=STEP value=MAIN_START 
D 09:57:37.9040421 PowerTaskList.DebugDump() - Block End=(null)
D 09:57:37.9040421 PowerProcessor.PrepareHistoryForCurrentTaskList() - m_currentTaskList=170
D 09:57:37.9040421 PowerProcessor.EndCurrentTaskList() - m_currentTaskList=170
D 09:57:37.9040421 PowerTaskList.DebugDump() - ID=171 ParentID=0 PreviousID=0 TaskCount=13
D 09:57:37.9040421 PowerTaskList.DebugPrintPower() - BLOCK_START BlockType=TRIGGER Entity=湫然#51704 EffectCardId=System.Collections.Generic.List`1[System.String] EffectIndex=-1 Target=0 SubOption=-1 TriggerKeyword=TAG_NOT_SET
D 09:57:37.9040421 PowerTaskList.DebugPrintPower() -     TAG_CHANGE Entity=湫然#51704 tag=2166 value=86 
D 09:57:37.9040421 PowerTaskList.DebugPrintPower() -     TAG_CHANGE Entity=湫然#51704 tag=467 value=1 
D 09:57:37.9040421 PowerTaskList.DebugPrintPower() -     SHOW_ENTITY - Updating Entity=[entityName=UNKNOWN ENTITY [cardType=INVALID] id=86 zone=DECK zonePos=0 cardId= player=2] CardID=CS2_008
D 09:57:37.9040421 PowerTaskList.DebugPrintPower() -         tag=CONTROLLER value=2
D 09:57:37.9040421 PowerTaskList.DebugPrintPower() -         tag=CARDTYPE value=SPELL
D 09:57:37.9040421 PowerTaskList.DebugPrintPower() -         tag=PREMIUM value=1
D 09:57:37.9040421 PowerTaskList.DebugPrintPower() -         tag=ZONE value=HAND
D 09:57:37.9040421 PowerTaskList.DebugPrintPower() -         tag=ENTITY_ID value=86
D 09:57:37.9040421 PowerTaskList.DebugPrintPower() -         tag=CLASS value=DRUID
D 09:57:37.9040421 PowerTaskList.DebugPrintPower() -         tag=FACTION value=NEUTRAL
D 09:57:37.9040421 PowerTaskList.DebugPrintPower() -         tag=RARITY value=FREE
D 09:57:37.9040421 PowerTaskList.DebugPrintPower() -         tag=478 value=2
D 09:57:37.9040421 PowerTaskList.DebugPrintPower() -         tag=1037 value=2
D 09:57:37.9040421 PowerTaskList.DebugPrintPower() -         tag=1043 value=1
D 09:57:37.9040421 PowerTaskList.DebugPrintPower() -         tag=1068 value=0
D 09:57:37.9040421 PowerTaskList.DebugPrintPower() -         tag=SPAWN_TIME_COUNT value=1
D 09:57:37.9040421 PowerTaskList.DebugPrintPower() -         tag=SPELL_SCHOOL value=1
D 09:57:37.9040421 PowerTaskList.DebugPrintPower() -     TAG_CHANGE Entity=[entityName=UNKNOWN ENTITY [cardType=INVALID] id=86 zone=DECK zonePos=0 cardId= player=2] tag=NUM_TURNS_IN_HAND value=1 
D 09:57:37.9040421 PowerTaskList.DebugPrintPower() -     TAG_CHANGE Entity=[entityName=UNKNOWN ENTITY [cardType=INVALID] id=86 zone=DECK zonePos=0 cardId= player=2] tag=ZONE_POSITION value=7 
D 09:57:37.9040421 PowerTaskList.DebugPrintPower() -     TAG_CHANGE Entity=[entityName=UNKNOWN ENTITY [cardType=INVALID] id=86 zone=DECK zonePos=0 cardId= player=2] tag=ZONE_POSITION value=0 
D 09:57:37.9040421 PowerTaskList.DebugPrintPower() -     TAG_CHANGE Entity=[entityName=UNKNOWN ENTITY [cardType=INVALID] id=86 zone=DECK zonePos=0 cardId= player=2] tag=ZONE_POSITION value=7 
D 09:57:37.9040421 PowerTaskList.DebugPrintPower() -     TAG_CHANGE Entity=湫然#51704 tag=3242 value=1 
D 09:57:37.9040421 PowerTaskList.DebugPrintPower() -     TAG_CHANGE Entity=湫然#51704 tag=NUM_CARDS_DRAWN_THIS_TURN value=1 
D 09:57:37.9040421 PowerTaskList.DebugPrintPower() -     TAG_CHANGE Entity=湫然#51704 tag=995 value=4 
D 09:57:37.9040421 PowerTaskList.DebugPrintPower() -     TAG_CHANGE Entity=[entityName=UNKNOWN ENTITY [cardType=INVALID] id=86 zone=DECK zonePos=0 cardId= player=2] tag=1570 value=7 
D 09:57:37.9040421 PowerTaskList.DebugPrintPower() -     TAG_CHANGE Entity=湫然#51704 tag=467 value=0 
D 09:57:37.9040421 PowerTaskList.DebugPrintPower() -     TAG_CHANGE Entity=GameEntity tag=NEXT_STEP value=MAIN_ACTION 
D 09:57:37.9040421 PowerTaskList.DebugPrintPower() - BLOCK_END
D 09:57:37.9040421 PowerProcessor.PrepareHistoryForCurrentTaskList() - m_currentTaskList=171
D 09:57:38.4387784 PowerProcessor.EndCurrentTaskList() - m_currentTaskList=171
D 09:57:38.4455843 PowerTaskList.DebugDump() - ID=172 ParentID=0 PreviousID=0 TaskCount=1
D 09:57:38.4455843 PowerTaskList.DebugDump() - Block Start=(null)
D 09:57:38.4455843 PowerTaskList.DebugPrintPower() -     TAG_CHANGE Entity=GameEntity tag=STEP value=MAIN_ACTION 
D 09:57:38.4455843 PowerTaskList.DebugDump() - Block End=(null)
D 09:57:38.4455843 PowerProcessor.PrepareHistoryForCurrentTaskList() - m_currentTaskList=172
D 09:57:38.4455843 PowerProcessor.EndCurrentTaskList() - m_currentTaskList=172
D 09:57:38.4455843 PowerTaskList.DebugDump() - ID=173 ParentID=0 PreviousID=0 TaskCount=1
D 09:57:38.4455843 PowerTaskList.DebugPrintPower() - BLOCK_START BlockType=TRIGGER Entity=湫然#51704 EffectCardId=System.Collections.Generic.List`1[System.String] EffectIndex=-1 Target=0 SubOption=-1 TriggerKeyword=TAG_NOT_SET
D 09:57:38.4455843 PowerTaskList.DebugPrintPower() -     TAG_CHANGE Entity=GameEntity tag=NEXT_STEP value=MAIN_END 
D 09:57:38.4455843 PowerTaskList.DebugPrintPower() - BLOCK_END
D 09:57:38.4455843 PowerProcessor.PrepareHistoryForCurrentTaskList() - m_currentTaskList=173
D 09:57:38.4455843 PowerProcessor.EndCurrentTaskList() - m_currentTaskList=173
D 09:57:42.3547373 GameState.SendOption() - selectedOption=4 selectedSubOption=-1 selectedTarget=0 selectedPosition=0
D 09:57:42.7637646 GameState.DebugPrintPowerList() - Count=54
D 09:57:42.7637646 GameState.DebugPrintPower() - BLOCK_START BlockType=DECK_ACTION Entity=[entityName=黑市拍卖师 id=75 zone=HAND zonePos=5 cardId=JAIL_718 player=2] EffectCardId=System.Collections.Generic.List`1[System.String] EffectIndex=0 Target=0 SubOption=-1 
D 09:57:42.7637646 GameState.DebugPrintPower() -     TAG_CHANGE Entity=湫然#51704 tag=2245 value=6 
D 09:57:42.7637646 GameState.DebugPrintPower() -     TAG_CHANGE Entity=湫然#51704 tag=RESOURCES_USED value=1 
D 09:57:42.7637646 GameState.DebugPrintPower() -     TAG_CHANGE Entity=湫然#51704 tag=NUM_RESOURCES_SPENT_THIS_GAME value=6 
D 09:57:42.7637646 GameState.DebugPrintPower() -     TAG_CHANGE Entity=[entityName=黑市拍卖师 id=75 zone=HAND zonePos=5 cardId=JAIL_718 player=2] tag=JUST_PLAYED value=1 
D 09:57:42.7637646 GameState.DebugPrintPower() -     TAG_CHANGE Entity=[entityName=黑市拍卖师 id=75 zone=HAND zonePos=5 cardId=JAIL_718 player=2] tag=3557 value=5 
D 09:57:42.7637646 GameState.DebugPrintPower() -     TAG_CHANGE Entity=[entityName=黑市拍卖师 id=75 zone=HAND zonePos=5 cardId=JAIL_718 player=2] tag=IS_USING_PREPARE_OPTION value=1 
D 09:57:42.7637646 GameState.DebugPrintPower() -     TAG_CHANGE Entity=[entityName=黑市拍卖师 id=75 zone=HAND zonePos=5 cardId=JAIL_718 player=2] tag=PREPARE_REVEALED value=4 
D 09:57:42.7637646 GameState.DebugPrintPower() -     META_DATA - Meta=SLUSH_TIME Data=3000 InfoCount=1
D 09:57:42.7637646 GameState.DebugPrintPower() -                 Info[0] = [entityName=黑市拍卖师 id=75 zone=HAND zonePos=5 cardId=JAIL_718 player=2]
D 09:57:42.7637646 GameState.DebugPrintPower() -     BLOCK_START BlockType=POWER Entity=[entityName=黑市拍卖师 id=75 zone=HAND zonePos=5 cardId=JAIL_718 player=2] EffectCardId=System.Collections.Generic.List`1[System.String] EffectIndex=0 Target=0 SubOption=-1 
D 09:57:42.7637646 GameState.DebugPrintPower() -         TAG_CHANGE Entity=湫然#51704 tag=2245 value=9 
D 09:57:42.7637646 GameState.DebugPrintPower() -         TAG_CHANGE Entity=湫然#51704 tag=RESOURCES_USED value=4 
D 09:57:42.7637646 GameState.DebugPrintPower() -         TAG_CHANGE Entity=湫然#51704 tag=NUM_RESOURCES_SPENT_THIS_GAME value=9 
D 09:57:42.7637646 GameState.DebugPrintPower() -         FULL_ENTITY - Creating ID=119 CardID=JAIL_718
D 09:57:42.7637646 GameState.DebugPrintPower() -             tag=CONTROLLER value=2
D 09:57:42.7637646 GameState.DebugPrintPower() -             tag=CARDTYPE value=MINION
D 09:57:42.7637646 GameState.DebugPrintPower() -             tag=TAG_LAST_KNOWN_COST_IN_HAND value=9
D 09:57:42.7637646 GameState.DebugPrintPower() -             tag=479 value=4
D 09:57:42.7637646 GameState.DebugPrintPower() -             tag=COST value=9
D 09:57:42.7637646 GameState.DebugPrintPower() -             tag=ATK value=4
D 09:57:42.7637646 GameState.DebugPrintPower() -             tag=HEALTH value=4
D 09:57:42.7637646 GameState.DebugPrintPower() -             tag=PREMIUM value=1
D 09:57:42.7637646 GameState.DebugPrintPower() -             tag=TRIGGER_VISUAL value=1
D 09:57:42.7637646 GameState.DebugPrintPower() -             tag=ZONE value=SETASIDE
D 09:57:42.7637646 GameState.DebugPrintPower() -             tag=ENTITY_ID value=119
D 09:57:42.7637646 GameState.DebugPrintPower() -             tag=CLASS value=NEUTRAL
D 09:57:42.7637646 GameState.DebugPrintPower() -             tag=RARITY value=EPIC
D 09:57:42.7637646 GameState.DebugPrintPower() -             tag=CREATOR value=75
D 09:57:42.7637646 GameState.DebugPrintPower() -             tag=1037 value=2
D 09:57:42.7637646 GameState.DebugPrintPower() -             tag=CREATOR_DBID value=126210
D 09:57:42.7637646 GameState.DebugPrintPower() -             tag=SPAWN_TIME_COUNT value=1
D 09:57:42.7637646 GameState.DebugPrintPower() -             tag=DECK_ACTION_COST value=1
D 09:57:42.7637646 GameState.DebugPrintPower() -             tag=HAS_SIGNATURE_QUALITY value=1
D 09:57:42.7637646 GameState.DebugPrintPower() -             tag=HAS_ACTIVATE_POWER value=1
D 09:57:42.7637646 GameState.DebugPrintPower() -             tag=3085 value=4
D 09:57:42.7637646 GameState.DebugPrintPower() -             tag=PREPARE value=1
D 09:57:42.7637646 GameState.DebugPrintPower() -             tag=4901 value=1
D 09:57:42.7637646 GameState.DebugPrintPower() -         TAG_CHANGE Entity=119 tag=4901 value=0 
D 09:57:42.7637646 GameState.DebugPrintPower() -         TAG_CHANGE Entity=119 tag=4741 value=1 
D 09:57:42.7637646 GameState.DebugPrintPower() -         TAG_CHANGE Entity=119 tag=1570 value=3 
D 09:57:42.7637646 GameState.DebugPrintPower() -         TAG_CHANGE Entity=119 tag=COPIED_FROM_ENTITY_ID value=75 
D 09:57:42.7637646 GameState.DebugPrintPower() -         TAG_CHANGE Entity=119 tag=3669 value=1 
D 09:57:42.7637646 GameState.DebugPrintPower() -         FULL_ENTITY - Creating ID=120 CardID=
D 09:57:42.7637646 GameState.DebugPrintPower() -             tag=ZONE value=SETASIDE
D 09:57:42.7637646 GameState.DebugPrintPower() -             tag=CONTROLLER value=2
D 09:57:42.7637646 GameState.DebugPrintPower() -             tag=ENTITY_ID value=120
D 09:57:42.7637646 GameState.DebugPrintPower() -         SHOW_ENTITY - Updating Entity=120 CardID=JAIL_907e02
D 09:57:42.7637646 GameState.DebugPrintPower() -             tag=CONTROLLER value=2
D 09:57:42.7637646 GameState.DebugPrintPower() -             tag=CARDTYPE value=ENCHANTMENT
D 09:57:42.7637646 GameState.DebugPrintPower() -             tag=PREMIUM value=1
D 09:57:42.7637646 GameState.DebugPrintPower() -             tag=ATTACHED value=75
D 09:57:42.7637646 GameState.DebugPrintPower() -             tag=ZONE value=SETASIDE
D 09:57:42.7637646 GameState.DebugPrintPower() -             tag=ENTITY_ID value=120
D 09:57:42.7637646 GameState.DebugPrintPower() -             tag=CLASS value=NEUTRAL
D 09:57:42.7637646 GameState.DebugPrintPower() -             tag=CREATOR value=75
D 09:57:42.7637646 GameState.DebugPrintPower() -             tag=1037 value=2
D 09:57:42.7637646 GameState.DebugPrintPower() -             tag=1068 value=0
D 09:57:42.7637646 GameState.DebugPrintPower() -             tag=CREATOR_DBID value=126210
D 09:57:42.7637646 GameState.DebugPrintPower() -             tag=SPAWN_TIME_COUNT value=1
D 09:57:42.7637646 GameState.DebugPrintPower() -             tag=4901 value=0
D 09:57:42.7637646 GameState.DebugPrintPower() -         TAG_CHANGE Entity=120 tag=1068 value=1 
D 09:57:42.7637646 GameState.DebugPrintPower() -         TAG_CHANGE Entity=120 tag=1068 value=0 
D 09:57:42.7637646 GameState.DebugPrintPower() -         TAG_CHANGE Entity=120 tag=ZONE value=PLAY 
D 09:57:42.7637646 GameState.DebugPrintPower() -         TAG_CHANGE Entity=[entityName=黑市拍卖师 id=75 zone=HAND zonePos=5 cardId=JAIL_718 player=2] tag=LITERALLY_UNPLAYABLE value=1 
D 09:57:42.7637646 GameState.DebugPrintPower() -         TAG_CHANGE Entity=[entityName=黑市拍卖师 id=75 zone=HAND zonePos=5 cardId=JAIL_718 player=2] tag=UNPLAYABLE_VISUALS value=1 
D 09:57:42.7637646 GameState.DebugPrintPower() -         TAG_CHANGE Entity=[entityName=黑市拍卖师 id=75 zone=HAND zonePos=5 cardId=JAIL_718 player=2] tag=PREPARING value=1 
D 09:57:42.7637646 GameState.DebugPrintPower() -         TAG_CHANGE Entity=[entityName=黑市拍卖师 id=75 zone=HAND zonePos=5 cardId=JAIL_718 player=2] tag=4741 value=1 
D 09:57:42.7637646 GameState.DebugPrintPower() -         TAG_CHANGE Entity=[entityName=黑市拍卖师 id=75 zone=HAND zonePos=5 cardId=JAIL_718 player=2] tag=LAST_AFFECTED_BY value=75 
D 09:57:42.7637646 GameState.DebugPrintPower() -         FULL_ENTITY - Creating ID=121 CardID=
D 09:57:42.7637646 GameState.DebugPrintPower() -             tag=ZONE value=SETASIDE
D 09:57:42.7637646 GameState.DebugPrintPower() -             tag=CONTROLLER value=2
D 09:57:42.7637646 GameState.DebugPrintPower() -             tag=ENTITY_ID value=121
D 09:57:42.7637646 GameState.DebugPrintPower() -         SHOW_ENTITY - Updating Entity=121 CardID=JAIL_907e
D 09:57:42.7637646 GameState.DebugPrintPower() -             tag=CONTROLLER value=2
D 09:57:42.7637646 GameState.DebugPrintPower() -             tag=CARDTYPE value=ENCHANTMENT
D 09:57:42.7637646 GameState.DebugPrintPower() -             tag=TAG_SCRIPT_DATA_NUM_1 value=5
D 09:57:42.7637646 GameState.DebugPrintPower() -             tag=PREMIUM value=1
D 09:57:42.7637646 GameState.DebugPrintPower() -             tag=ATTACHED value=75
D 09:57:42.7637646 GameState.DebugPrintPower() -             tag=ZONE value=SETASIDE
D 09:57:42.7637646 GameState.DebugPrintPower() -             tag=ENTITY_ID value=121
D 09:57:42.7637646 GameState.DebugPrintPower() -             tag=CLASS value=NEUTRAL
D 09:57:42.7637646 GameState.DebugPrintPower() -             tag=CREATOR value=75
D 09:57:42.7637646 GameState.DebugPrintPower() -             tag=1037 value=2
D 09:57:42.7637646 GameState.DebugPrintPower() -             tag=1068 value=0
D 09:57:42.7637646 GameState.DebugPrintPower() -             tag=CREATOR_DBID value=126210
D 09:57:42.7637646 GameState.DebugPrintPower() -             tag=SPAWN_TIME_COUNT value=1
D 09:57:42.7637646 GameState.DebugPrintPower() -             tag=4901 value=0
D 09:57:42.7637646 GameState.DebugPrintPower() -         TAG_CHANGE Entity=121 tag=1068 value=1 
D 09:57:42.7637646 GameState.DebugPrintPower() -         TAG_CHANGE Entity=121 tag=1068 value=0 
D 09:57:42.7637646 GameState.DebugPrintPower() -         TAG_CHANGE Entity=121 tag=ZONE value=PLAY 
D 09:57:42.7637646 GameState.DebugPrintPower() -         TAG_CHANGE Entity=[entityName=黑市拍卖师 id=75 zone=HAND zonePos=5 cardId=JAIL_718 player=2] tag=TAG_LAST_KNOWN_COST_IN_HAND value=4 
D 09:57:42.7637646 GameState.DebugPrintPower() -         TAG_CHANGE Entity=[entityName=黑市拍卖师 id=75 zone=HAND zonePos=5 cardId=JAIL_718 player=2] tag=COST value=4 
D 09:57:42.7637646 GameState.DebugPrintPower() -         TAG_CHANGE Entity=[entityName=黑市拍卖师 id=75 zone=HAND zonePos=5 cardId=JAIL_718 player=2] tag=PREPARED value=5 
D 09:57:42.7637646 GameState.DebugPrintPower() -         TAG_CHANGE Entity=[entityName=黑市拍卖师 id=75 zone=HAND zonePos=5 cardId=JAIL_718 player=2] tag=4741 value=2 
D 09:57:42.7637646 GameState.DebugPrintPower() -         TAG_CHANGE Entity=[entityName=黑市拍卖师 id=75 zone=HAND zonePos=5 cardId=JAIL_718 player=2] tag=PREPARE value=0 
D 09:57:42.7637646 GameState.DebugPrintPower() -         TAG_CHANGE Entity=[entityName=黑市拍卖师 id=75 zone=HAND zonePos=5 cardId=JAIL_718 player=2] tag=4843 value=1 
D 09:57:42.7637646 GameState.DebugPrintPower() -         META_DATA - Meta=OVERRIDE_HISTORY Data=0 InfoCount=1
D 09:57:42.7637646 GameState.DebugPrintPower() -                     Info[0] = [entityName=黑市拍卖师 id=75 zone=HAND zonePos=5 cardId=JAIL_718 player=2]
D 09:57:42.7637646 GameState.DebugPrintPower() -         META_DATA - Meta=HISTORY_TRIGGER_SOURCE Data=0 InfoCount=1
D 09:57:42.7637646 GameState.DebugPrintPower() -                     Info[0] = 119
D 09:57:42.7637646 GameState.DebugPrintPower() -         META_DATA - Meta=HISTORY_TARGET_DONT_DUPLICATE_UNTIL_END Data=0 InfoCount=1
D 09:57:42.7637646 GameState.DebugPrintPower() -                     Info[0] = [entityName=黑市拍卖师 id=75 zone=HAND zonePos=5 cardId=JAIL_718 player=2]
D 09:57:42.7637646 GameState.DebugPrintPower() -         META_DATA - Meta=END_ARTIFICIAL_HISTORY_TILE Data=0 InfoCount=1
D 09:57:42.7637646 GameState.DebugPrintPower() -                     Info[0] = GameEntity
D 09:57:42.7637646 GameState.DebugPrintPower() -     BLOCK_END
D 09:57:42.7637646 GameState.DebugPrintPower() -     TAG_CHANGE Entity=[entityName=黑市拍卖师 id=75 zone=HAND zonePos=5 cardId=JAIL_718 player=2] tag=IS_USING_PREPARE_OPTION value=0 
D 09:57:42.7637646 GameState.DebugPrintPower() -     TAG_CHANGE Entity=[entityName=黑市拍卖师 id=75 zone=HAND zonePos=5 cardId=JAIL_718 player=2] tag=PREPARE_REVEALED value=1 
D 09:57:42.7637646 GameState.DebugPrintPower() -     TAG_CHANGE Entity=[entityName=黑市拍卖师 id=75 zone=HAND zonePos=5 cardId=JAIL_718 player=2] tag=JUST_PLAYED value=0 
D 09:57:42.7637646 GameState.DebugPrintPower() -     TAG_CHANGE Entity=119 tag=3669 value=0 
D 09:57:42.7637646 GameState.DebugPrintPower() -     TAG_CHANGE Entity=[entityName=黑市拍卖师 id=75 zone=HAND zonePos=5 cardId=JAIL_718 player=2] tag=PREPARE_REVEALED value=0 
D 09:57:42.7637646 GameState.DebugPrintPower() -     TAG_CHANGE Entity=GameEntity tag=1323 value=12 
D 09:57:42.7637646 GameState.DebugPrintPower() -     TAG_CHANGE Entity=湫然#51704 tag=NUM_OPTIONS_PLAYED_THIS_TURN value=1 
D 09:57:42.7637646 GameState.DebugPrintPower() - BLOCK_END
D 09:57:42.7637646 GameState.DebugPrintPower() - META_DATA - Meta=SLUSH_TIME Data=1000 InfoCount=1
D 09:57:42.7637646 GameState.DebugPrintPower() -             Info[0] = [entityName=黑市拍卖师 id=75 zone=HAND zonePos=5 cardId=JAIL_718 player=2]
D 09:57:42.7637646 PowerTaskList.DebugDump() - ID=174 ParentID=0 PreviousID=0 TaskCount=8
D 09:57:42.7637646 PowerTaskList.DebugPrintPower() - BLOCK_START BlockType=DECK_ACTION Entity=[entityName=黑市拍卖师 id=75 zone=HAND zonePos=5 cardId=JAIL_718 player=2] EffectCardId=System.Collections.Generic.List`1[System.String] EffectIndex=0 Target=0 SubOption=-1 
D 09:57:42.7637646 PowerTaskList.DebugPrintPower() -     TAG_CHANGE Entity=湫然#51704 tag=2245 value=6 
D 09:57:42.7637646 PowerTaskList.DebugPrintPower() -     TAG_CHANGE Entity=湫然#51704 tag=RESOURCES_USED value=1 
D 09:57:42.7637646 PowerTaskList.DebugPrintPower() -     TAG_CHANGE Entity=湫然#51704 tag=NUM_RESOURCES_SPENT_THIS_GAME value=6 
D 09:57:42.7637646 PowerTaskList.DebugPrintPower() -     TAG_CHANGE Entity=[entityName=黑市拍卖师 id=75 zone=HAND zonePos=5 cardId=JAIL_718 player=2] tag=JUST_PLAYED value=1 
D 09:57:42.7637646 PowerTaskList.DebugPrintPower() -     TAG_CHANGE Entity=[entityName=黑市拍卖师 id=75 zone=HAND zonePos=5 cardId=JAIL_718 player=2] tag=3557 value=5 
D 09:57:42.7637646 PowerTaskList.DebugPrintPower() -     TAG_CHANGE Entity=[entityName=黑市拍卖师 id=75 zone=HAND zonePos=5 cardId=JAIL_718 player=2] tag=IS_USING_PREPARE_OPTION value=1 
D 09:57:42.7637646 PowerTaskList.DebugPrintPower() -     TAG_CHANGE Entity=[entityName=黑市拍卖师 id=75 zone=HAND zonePos=5 cardId=JAIL_718 player=2] tag=PREPARE_REVEALED value=4 
D 09:57:42.7637646 PowerTaskList.DebugPrintPower() -     META_DATA - Meta=SLUSH_TIME Data=3000 InfoCount=1
D 09:57:42.7637646 PowerTaskList.DebugPrintPower() -                 Info[0] = [entityName=黑市拍卖师 id=75 zone=HAND zonePos=5 cardId=JAIL_718 player=2]
D 09:57:42.7637646 PowerTaskList.DebugDump() - Block End=(null)
D 09:57:42.7637646 PowerProcessor.PrepareHistoryForCurrentTaskList() - m_currentTaskList=174
D 09:57:42.7637646 PowerProcessor.DoTaskListForCard() - unhandled BlockType DECK_ACTION for sourceEntity [entityName=黑市拍卖师 id=75 zone=HAND zonePos=5 cardId=JAIL_718 player=2]
D 09:57:42.7637646 PowerProcessor.EndCurrentTaskList() - m_currentTaskList=174
D 09:57:42.7637646 PowerTaskList.DebugDump() - ID=175 ParentID=174 PreviousID=0 TaskCount=34
D 09:57:42.7637646 PowerTaskList.DebugPrintPower() - BLOCK_START BlockType=POWER Entity=[entityName=黑市拍卖师 id=75 zone=HAND zonePos=5 cardId=JAIL_718 player=2] EffectCardId=System.Collections.Generic.List`1[System.String] EffectIndex=0 Target=0 SubOption=-1 
D 09:57:42.7637646 PowerTaskList.DebugPrintPower() -     TAG_CHANGE Entity=湫然#51704 tag=2245 value=9 
D 09:57:42.7637646 PowerTaskList.DebugPrintPower() -     TAG_CHANGE Entity=湫然#51704 tag=RESOURCES_USED value=4 
D 09:57:42.7637646 PowerTaskList.DebugPrintPower() -     TAG_CHANGE Entity=湫然#51704 tag=NUM_RESOURCES_SPENT_THIS_GAME value=9 
D 09:57:42.7637646 PowerTaskList.DebugPrintPower() -     FULL_ENTITY - Updating [entityName=黑市拍卖师 id=119 zone=SETASIDE zonePos=0 cardId=JAIL_718 player=2] CardID=JAIL_718
D 09:57:42.7637646 PowerTaskList.DebugPrintPower() -         tag=CONTROLLER value=2
D 09:57:42.7637646 PowerTaskList.DebugPrintPower() -         tag=CARDTYPE value=MINION
D 09:57:42.7637646 PowerTaskList.DebugPrintPower() -         tag=TAG_LAST_KNOWN_COST_IN_HAND value=9
D 09:57:42.7637646 PowerTaskList.DebugPrintPower() -         tag=479 value=4
D 09:57:42.7637646 PowerTaskList.DebugPrintPower() -         tag=COST value=9
D 09:57:42.7637646 PowerTaskList.DebugPrintPower() -         tag=ATK value=4
D 09:57:42.7637646 PowerTaskList.DebugPrintPower() -         tag=HEALTH value=4
D 09:57:42.7637646 PowerTaskList.DebugPrintPower() -         tag=PREMIUM value=1
D 09:57:42.7637646 PowerTaskList.DebugPrintPower() -         tag=TRIGGER_VISUAL value=1
D 09:57:42.7637646 PowerTaskList.DebugPrintPower() -         tag=ZONE value=SETASIDE
D 09:57:42.7637646 PowerTaskList.DebugPrintPower() -         tag=ENTITY_ID value=119
D 09:57:42.7637646 PowerTaskList.DebugPrintPower() -         tag=CLASS value=NEUTRAL
D 09:57:42.7637646 PowerTaskList.DebugPrintPower() -         tag=RARITY value=EPIC
D 09:57:42.7637646 PowerTaskList.DebugPrintPower() -         tag=CREATOR value=75
D 09:57:42.7637646 PowerTaskList.DebugPrintPower() -         tag=1037 value=2
D 09:57:42.7637646 PowerTaskList.DebugPrintPower() -         tag=CREATOR_DBID value=126210
D 09:57:42.7637646 PowerTaskList.DebugPrintPower() -         tag=SPAWN_TIME_COUNT value=1
D 09:57:42.7637646 PowerTaskList.DebugPrintPower() -         tag=DECK_ACTION_COST value=1
D 09:57:42.7637646 PowerTaskList.DebugPrintPower() -         tag=HAS_SIGNATURE_QUALITY value=1
D 09:57:42.7637646 PowerTaskList.DebugPrintPower() -         tag=HAS_ACTIVATE_POWER value=1
D 09:57:42.7637646 PowerTaskList.DebugPrintPower() -         tag=3085 value=4
D 09:57:42.7637646 PowerTaskList.DebugPrintPower() -         tag=PREPARE value=1
D 09:57:42.7637646 PowerTaskList.DebugPrintPower() -         tag=4901 value=1
D 09:57:42.7637646 PowerTaskList.DebugPrintPower() -     TAG_CHANGE Entity=[entityName=黑市拍卖师 id=119 zone=SETASIDE zonePos=0 cardId=JAIL_718 player=2] tag=4901 value=0 
D 09:57:42.7637646 PowerTaskList.DebugPrintPower() -     TAG_CHANGE Entity=[entityName=黑市拍卖师 id=119 zone=SETASIDE zonePos=0 cardId=JAIL_718 player=2] tag=4741 value=1 
D 09:57:42.7637646 PowerTaskList.DebugPrintPower() -     TAG_CHANGE Entity=[entityName=黑市拍卖师 id=119 zone=SETASIDE zonePos=0 cardId=JAIL_718 player=2] tag=1570 value=3 
D 09:57:42.7637646 PowerTaskList.DebugPrintPower() -     TAG_CHANGE Entity=[entityName=黑市拍卖师 id=119 zone=SETASIDE zonePos=0 cardId=JAIL_718 player=2] tag=COPIED_FROM_ENTITY_ID value=75 
D 09:57:42.7637646 PowerTaskList.DebugPrintPower() -     TAG_CHANGE Entity=[entityName=黑市拍卖师 id=119 zone=SETASIDE zonePos=0 cardId=JAIL_718 player=2] tag=3669 value=1 
D 09:57:42.7637646 PowerTaskList.DebugPrintPower() -     FULL_ENTITY - Updating [entityName=UNKNOWN ENTITY [cardType=INVALID] id=120 zone=SETASIDE zonePos=0 cardId= player=2] CardID=
D 09:57:42.7637646 PowerTaskList.DebugPrintPower() -         tag=ZONE value=SETASIDE
D 09:57:42.7637646 PowerTaskList.DebugPrintPower() -         tag=CONTROLLER value=2
D 09:57:42.7637646 PowerTaskList.DebugPrintPower() -         tag=ENTITY_ID value=120
D 09:57:42.7637646 PowerTaskList.DebugPrintPower() -     SHOW_ENTITY - Updating Entity=[entityName=UNKNOWN ENTITY [cardType=INVALID] id=120 zone=SETASIDE zonePos=0 cardId= player=2] CardID=JAIL_907e02
D 09:57:42.7637646 PowerTaskList.DebugPrintPower() -         tag=CONTROLLER value=2
D 09:57:42.7637646 PowerTaskList.DebugPrintPower() -         tag=CARDTYPE value=ENCHANTMENT
D 09:57:42.7637646 PowerTaskList.DebugPrintPower() -         tag=PREMIUM value=1
D 09:57:42.7637646 PowerTaskList.DebugPrintPower() -         tag=ATTACHED value=75
D 09:57:42.7637646 PowerTaskList.DebugPrintPower() -         tag=ZONE value=SETASIDE
D 09:57:42.7637646 PowerTaskList.DebugPrintPower() -         tag=ENTITY_ID value=120
D 09:57:42.7637646 PowerTaskList.DebugPrintPower() -         tag=CLASS value=NEUTRAL
D 09:57:42.7637646 PowerTaskList.DebugPrintPower() -         tag=CREATOR value=75
D 09:57:42.7637646 PowerTaskList.DebugPrintPower() -         tag=1037 value=2
D 09:57:42.7637646 PowerTaskList.DebugPrintPower() -         tag=1068 value=0
D 09:57:42.7637646 PowerTaskList.DebugPrintPower() -         tag=CREATOR_DBID value=126210
D 09:57:42.7637646 PowerTaskList.DebugPrintPower() -         tag=SPAWN_TIME_COUNT value=1
D 09:57:42.7637646 PowerTaskList.DebugPrintPower() -         tag=4901 value=0
D 09:57:42.7637646 PowerTaskList.DebugPrintPower() -     TAG_CHANGE Entity=[entityName=UNKNOWN ENTITY [cardType=INVALID] id=120 zone=SETASIDE zonePos=0 cardId= player=2] tag=1068 value=1 
D 09:57:42.7637646 PowerTaskList.DebugPrintPower() -     TAG_CHANGE Entity=[entityName=UNKNOWN ENTITY [cardType=INVALID] id=120 zone=SETASIDE zonePos=0 cardId= player=2] tag=1068 value=0 
D 09:57:42.7637646 PowerTaskList.DebugPrintPower() -     TAG_CHANGE Entity=[entityName=UNKNOWN ENTITY [cardType=INVALID] id=120 zone=SETASIDE zonePos=0 cardId= player=2] tag=ZONE value=PLAY 
D 09:57:42.7637646 PowerTaskList.DebugPrintPower() -     TAG_CHANGE Entity=[entityName=黑市拍卖师 id=75 zone=HAND zonePos=5 cardId=JAIL_718 player=2] tag=LITERALLY_UNPLAYABLE value=1 
D 09:57:42.7637646 PowerTaskList.DebugPrintPower() -     TAG_CHANGE Entity=[entityName=黑市拍卖师 id=75 zone=HAND zonePos=5 cardId=JAIL_718 player=2] tag=UNPLAYABLE_VISUALS value=1 
D 09:57:42.7637646 PowerTaskList.DebugPrintPower() -     TAG_CHANGE Entity=[entityName=黑市拍卖师 id=75 zone=HAND zonePos=5 cardId=JAIL_718 player=2] tag=PREPARING value=1 
D 09:57:42.7637646 PowerTaskList.DebugPrintPower() -     TAG_CHANGE Entity=[entityName=黑市拍卖师 id=75 zone=HAND zonePos=5 cardId=JAIL_718 player=2] tag=4741 value=1 
D 09:57:42.7637646 PowerTaskList.DebugPrintPower() -     TAG_CHANGE Entity=[entityName=黑市拍卖师 id=75 zone=HAND zonePos=5 cardId=JAIL_718 player=2] tag=LAST_AFFECTED_BY value=75 
D 09:57:42.7637646 PowerTaskList.DebugPrintPower() -     FULL_ENTITY - Updating [entityName=UNKNOWN ENTITY [cardType=INVALID] id=121 zone=SETASIDE zonePos=0 cardId= player=2] CardID=
D 09:57:42.7637646 PowerTaskList.DebugPrintPower() -         tag=ZONE value=SETASIDE
D 09:57:42.7637646 PowerTaskList.DebugPrintPower() -         tag=CONTROLLER value=2
D 09:57:42.7637646 PowerTaskList.DebugPrintPower() -         tag=ENTITY_ID value=121
D 09:57:42.7637646 PowerTaskList.DebugPrintPower() -     SHOW_ENTITY - Updating Entity=[entityName=UNKNOWN ENTITY [cardType=INVALID] id=121 zone=SETASIDE zonePos=0 cardId= player=2] CardID=JAIL_907e
D 09:57:42.7637646 PowerTaskList.DebugPrintPower() -         tag=CONTROLLER value=2
D 09:57:42.7637646 PowerTaskList.DebugPrintPower() -         tag=CARDTYPE value=ENCHANTMENT
D 09:57:42.7637646 PowerTaskList.DebugPrintPower() -         tag=TAG_SCRIPT_DATA_NUM_1 value=5
D 09:57:42.7637646 PowerTaskList.DebugPrintPower() -         tag=PREMIUM value=1
D 09:57:42.7637646 PowerTaskList.DebugPrintPower() -         tag=ATTACHED value=75
D 09:57:42.7637646 PowerTaskList.DebugPrintPower() -         tag=ZONE value=SETASIDE
D 09:57:42.7637646 PowerTaskList.DebugPrintPower() -         tag=ENTITY_ID value=121
D 09:57:42.7637646 PowerTaskList.DebugPrintPower() -         tag=CLASS value=NEUTRAL
D 09:57:42.7637646 PowerTaskList.DebugPrintPower() -         tag=CREATOR value=75
D 09:57:42.7637646 PowerTaskList.DebugPrintPower() -         tag=1037 value=2
D 09:57:42.7637646 PowerTaskList.DebugPrintPower() -         tag=1068 value=0
D 09:57:42.7637646 PowerTaskList.DebugPrintPower() -         tag=CREATOR_DBID value=126210
D 09:57:42.7637646 PowerTaskList.DebugPrintPower() -         tag=SPAWN_TIME_COUNT value=1
D 09:57:42.7637646 PowerTaskList.DebugPrintPower() -         tag=4901 value=0
D 09:57:42.7637646 PowerTaskList.DebugPrintPower() -     TAG_CHANGE Entity=[entityName=UNKNOWN ENTITY [cardType=INVALID] id=121 zone=SETASIDE zonePos=0 cardId= player=2] tag=1068 value=1 
D 09:57:42.7637646 PowerTaskList.DebugPrintPower() -     TAG_CHANGE Entity=[entityName=UNKNOWN ENTITY [cardType=INVALID] id=121 zone=SETASIDE zonePos=0 cardId= player=2] tag=1068 value=0 
D 09:57:42.7637646 PowerTaskList.DebugPrintPower() -     TAG_CHANGE Entity=[entityName=UNKNOWN ENTITY [cardType=INVALID] id=121 zone=SETASIDE zonePos=0 cardId= player=2] tag=ZONE value=PLAY 
D 09:57:42.7637646 PowerTaskList.DebugPrintPower() -     TAG_CHANGE Entity=[entityName=黑市拍卖师 id=75 zone=HAND zonePos=5 cardId=JAIL_718 player=2] tag=TAG_LAST_KNOWN_COST_IN_HAND value=4 
D 09:57:42.7637646 PowerTaskList.DebugPrintPower() -     TAG_CHANGE Entity=[entityName=黑市拍卖师 id=75 zone=HAND zonePos=5 cardId=JAIL_718 player=2] tag=COST value=4 
D 09:57:42.7637646 PowerTaskList.DebugPrintPower() -     TAG_CHANGE Entity=[entityName=黑市拍卖师 id=75 zone=HAND zonePos=5 cardId=JAIL_718 player=2] tag=PREPARED value=5 
D 09:57:42.7637646 PowerTaskList.DebugPrintPower() -     TAG_CHANGE Entity=[entityName=黑市拍卖师 id=75 zone=HAND zonePos=5 cardId=JAIL_718 player=2] tag=4741 value=2 
D 09:57:42.7637646 PowerTaskList.DebugPrintPower() -     TAG_CHANGE Entity=[entityName=黑市拍卖师 id=75 zone=HAND zonePos=5 cardId=JAIL_718 player=2] tag=PREPARE value=0 
D 09:57:42.7637646 PowerTaskList.DebugPrintPower() -     TAG_CHANGE Entity=[entityName=黑市拍卖师 id=75 zone=HAND zonePos=5 cardId=JAIL_718 player=2] tag=4843 value=1 
D 09:57:42.7637646 PowerTaskList.DebugPrintPower() -     META_DATA - Meta=OVERRIDE_HISTORY Data=0 InfoCount=1
D 09:57:42.7637646 PowerTaskList.DebugPrintPower() -                 Info[0] = [entityName=黑市拍卖师 id=75 zone=HAND zonePos=5 cardId=JAIL_718 player=2]
D 09:57:42.7637646 PowerTaskList.DebugPrintPower() -     META_DATA - Meta=HISTORY_TRIGGER_SOURCE Data=0 InfoCount=1
D 09:57:42.7637646 PowerTaskList.DebugPrintPower() -                 Info[0] = [entityName=黑市拍卖师 id=119 zone=SETASIDE zonePos=0 cardId=JAIL_718 player=2]
D 09:57:42.7637646 PowerTaskList.DebugPrintPower() -     META_DATA - Meta=HISTORY_TARGET_DONT_DUPLICATE_UNTIL_END Data=0 InfoCount=1
D 09:57:42.7637646 PowerTaskList.DebugPrintPower() -                 Info[0] = [entityName=黑市拍卖师 id=75 zone=HAND zonePos=5 cardId=JAIL_718 player=2]
D 09:57:42.7637646 PowerTaskList.DebugPrintPower() -     META_DATA - Meta=END_ARTIFICIAL_HISTORY_TILE Data=0 InfoCount=1
D 09:57:42.7637646 PowerTaskList.DebugPrintPower() -                 Info[0] = GameEntity
D 09:57:42.7637646 PowerTaskList.DebugPrintPower() - BLOCK_END
D 09:57:42.7637646 PowerProcessor.PrepareHistoryForCurrentTaskList() - m_currentTaskList=175
D 09:57:42.7704555 GameState.DebugPrintOptions() - id=19
D 09:57:42.7704555 GameState.DebugPrintOptions() -   option 0 type=END_TURN mainEntity= error=INVALID errorParam=
D 09:57:42.7704555 GameState.DebugPrintOptions() -   option 1 type=POWER mainEntity=[entityName=雷霆绽放 id=78 zone=HAND zonePos=2 cardId=SCH_427 player=2] error=NONE errorParam=
D 09:57:42.7704555 GameState.DebugPrintOptions() -   option 2 type=POWER mainEntity=[entityName=月火术 id=86 zone=HAND zonePos=7 cardId=CS2_008 player=2] error=NONE errorParam=
D 09:57:42.7704555 GameState.DebugPrintOptions() -     target 0 entity=[entityName=雷克萨 id=90 zone=PLAY zonePos=0 cardId=HERO_05 player=1] error=NONE errorParam=
D 09:57:42.7704555 GameState.DebugPrintOptions() -     target 1 entity=[entityName=嘲风望月露娜拉 id=92 zone=PLAY zonePos=0 cardId=HERO_06bi player=2] error=NONE errorParam=
D 09:57:42.7704555 GameState.DebugPrintOptions() -     target 2 entity=[entityName=奇迹推销员 id=4 zone=PLAY zonePos=1 cardId=WW_331 player=1] error=NONE errorParam=
D 09:57:42.7704555 GameState.DebugPrintOptions() -     target 3 entity=[entityName=鼠吻贮藏者 id=110 zone=PLAY zonePos=3 cardId=JAIL_877t player=1] error=NONE errorParam=
D 09:57:42.7704555 GameState.DebugPrintOptions() -     target 4 entity=[entityName=下水道管网 id=15 zone=PLAY zonePos=2 cardId=JAIL_877 player=1] error=REQ_HERO_OR_MINION_TARGET errorParam=
D 09:57:42.7704555 GameState.DebugPrintOptions() -     target 5 entity=[entityName=侧进蛇 id=116 zone=PLAY zonePos=4 cardId=WW_806t player=1] error=REQ_NONSTEALTH_ENEMY_TARGET errorParam=
D 09:57:42.7704555 GameState.DebugPrintOptions() -     target 6 entity=[entityName=侧进蛇 id=117 zone=PLAY zonePos=5 cardId=WW_806t player=1] error=REQ_NONSTEALTH_ENEMY_TARGET errorParam=
D 09:57:42.7704555 GameState.DebugPrintOptions() -   option 3 type=POWER mainEntity=[entityName=黑市拍卖师 id=51 zone=HAND zonePos=1 cardId=JAIL_718 player=2] error=REQ_ENOUGH_MANA errorParam=
D 09:57:42.7704555 GameState.DebugPrintOptions() -   option 4 type=POWER mainEntity=[entityName=活体根须 id=56 zone=HAND zonePos=3 cardId=CORE_AT_037 player=2] error=REQ_ENOUGH_MANA errorParam=
D 09:57:42.7704555 GameState.DebugPrintOptions() -   option 5 type=POWER mainEntity=[entityName=月光射线 id=60 zone=HAND zonePos=4 cardId=TID_001 player=2] error=REQ_ENOUGH_MANA errorParam=
D 09:57:42.7704555 GameState.DebugPrintOptions() -   option 6 type=POWER mainEntity=[entityName=黑市拍卖师 id=75 zone=HAND zonePos=5 cardId=JAIL_718 player=2] error=REQ_LITERALLY_UNPLAYABLE errorParam=
D 09:57:42.7704555 GameState.DebugPrintOptions() -   option 7 type=POWER mainEntity=[entityName=波涛形塑 id=87 zone=HAND zonePos=6 cardId=TIME_701 player=2] error=REQ_ENOUGH_MANA errorParam=
D 09:57:42.7704555 GameState.DebugPrintOptions() -   option 8 type=POWER mainEntity=[entityName=雷克萨 id=90 zone=PLAY zonePos=0 cardId=HERO_05 player=1] error=REQ_YOUR_TURN errorParam=
D 09:57:42.7704555 GameState.DebugPrintOptions() -   option 9 type=POWER mainEntity=[entityName=稳固射击 id=91 zone=PLAY zonePos=0 cardId=HERO_05bp player=1] error=REQ_YOUR_TURN errorParam=
D 09:57:42.7704555 GameState.DebugPrintOptions() -   option 10 type=POWER mainEntity=[entityName=嘲风望月露娜拉 id=92 zone=PLAY zonePos=0 cardId=HERO_06bi player=2] error=REQ_ATTACK_GREATER_THAN_0 errorParam=
D 09:57:42.7704555 GameState.DebugPrintOptions() -   option 11 type=POWER mainEntity=[entityName=变形 id=93 zone=PLAY zonePos=0 cardId=HERO_06ebp player=2] error=REQ_ENOUGH_MANA errorParam=
D 09:57:42.7704555 GameState.DebugPrintOptions() -   option 12 type=POWER mainEntity=[entityName=奇迹推销员 id=4 zone=PLAY zonePos=1 cardId=WW_331 player=1] error=REQ_YOUR_TURN errorParam=
D 09:57:42.7704555 GameState.DebugPrintOptions() -   option 13 type=POWER mainEntity=[entityName=下水道管网 id=15 zone=PLAY zonePos=2 cardId=JAIL_877 player=1] error=REQ_YOUR_TURN errorParam=
D 09:57:42.7704555 GameState.DebugPrintOptions() -   option 14 type=POWER mainEntity=[entityName=鼠吻贮藏者 id=110 zone=PLAY zonePos=3 cardId=JAIL_877t player=1] error=REQ_YOUR_TURN errorParam=
D 09:57:42.7704555 GameState.DebugPrintOptions() -   option 15 type=POWER mainEntity=[entityName=侧进蛇 id=116 zone=PLAY zonePos=4 cardId=WW_806t player=1] error=REQ_YOUR_TURN errorParam=
D 09:57:42.7704555 GameState.DebugPrintOptions() -   option 16 type=POWER mainEntity=[entityName=侧进蛇 id=117 zone=PLAY zonePos=5 cardId=WW_806t player=1] error=REQ_YOUR_TURN errorParam=
D 09:57:42.8055031 PowerProcessor.EndCurrentTaskList() - m_currentTaskList=175
D 09:57:42.8123536 PowerTaskList.DebugDump() - ID=176 ParentID=0 PreviousID=174 TaskCount=7
D 09:57:42.8123536 PowerTaskList.DebugDump() - Block Start=(null)
D 09:57:42.8123536 PowerTaskList.DebugPrintPower() -     TAG_CHANGE Entity=[entityName=黑市拍卖师 id=75 zone=HAND zonePos=5 cardId=JAIL_718 player=2] tag=IS_USING_PREPARE_OPTION value=0 
D 09:57:42.8123536 PowerTaskList.DebugPrintPower() -     TAG_CHANGE Entity=[entityName=黑市拍卖师 id=75 zone=HAND zonePos=5 cardId=JAIL_718 player=2] tag=PREPARE_REVEALED value=1 
D 09:57:42.8123536 PowerTaskList.DebugPrintPower() -     TAG_CHANGE Entity=[entityName=黑市拍卖师 id=75 zone=HAND zonePos=5 cardId=JAIL_718 player=2] tag=JUST_PLAYED value=0 
D 09:57:42.8123536 PowerTaskList.DebugPrintPower() -     TAG_CHANGE Entity=[entityName=黑市拍卖师 id=119 zone=SETASIDE zonePos=0 cardId=JAIL_718 player=2] tag=3669 value=0 
D 09:57:42.8123536 PowerTaskList.DebugPrintPower() -     TAG_CHANGE Entity=[entityName=黑市拍卖师 id=75 zone=HAND zonePos=5 cardId=JAIL_718 player=2] tag=PREPARE_REVEALED value=0 
D 09:57:42.8123536 PowerTaskList.DebugPrintPower() -     TAG_CHANGE Entity=GameEntity tag=1323 value=12 
D 09:57:42.8123536 PowerTaskList.DebugPrintPower() -     TAG_CHANGE Entity=湫然#51704 tag=NUM_OPTIONS_PLAYED_THIS_TURN value=1 
D 09:57:42.8123536 PowerTaskList.DebugPrintPower() - BLOCK_END
D 09:57:42.8123536 PowerProcessor.PrepareHistoryForCurrentTaskList() - m_currentTaskList=176
D 09:57:42.8123536 PowerProcessor.DoTaskListForCard() - unhandled BlockType DECK_ACTION for sourceEntity [entityName=黑市拍卖师 id=75 zone=HAND zonePos=5 cardId=JAIL_718 player=2]
D 09:57:42.8123536 PowerProcessor.EndCurrentTaskList() - m_currentTaskList=176
D 09:57:42.8123536 PowerTaskList.DebugDump() - ID=177 ParentID=0 PreviousID=0 TaskCount=1
D 09:57:42.8123536 PowerTaskList.DebugDump() - Block Start=(null)
D 09:57:42.8123536 PowerTaskList.DebugPrintPower() -     META_DATA - Meta=SLUSH_TIME Data=1000 InfoCount=1
D 09:57:42.8123536 PowerTaskList.DebugPrintPower() -                 Info[0] = [entityName=黑市拍卖师 id=75 zone=HAND zonePos=5 cardId=JAIL_718 player=2]
D 09:57:42.8123536 PowerTaskList.DebugDump() - Block End=(null)
D 09:57:42.8123536 PowerProcessor.PrepareHistoryForCurrentTaskList() - m_currentTaskList=177
D 09:57:42.8123536 PowerProcessor.EndCurrentTaskList() - m_currentTaskList=177
D 09:57:43.0492473 GameState.SendOption() - selectedOption=0 selectedSubOption=-1 selectedTarget=0 selectedPosition=0
D 09:57:43.9649015 GameState.DebugPrintPowerList() - Count=98
D 09:57:43.9649015 GameState.DebugPrintPower() - TAG_CHANGE Entity=GameEntity tag=STEP value=MAIN_END 
D 09:57:43.9649015 GameState.DebugPrintPower() - BLOCK_START BlockType=TRIGGER Entity=拯救网瘾对手#5318 EffectCardId=System.Collections.Generic.List`1[System.String] EffectIndex=-1 Target=0 SubOption=-1 TriggerKeyword=TAG_NOT_SET
D 09:57:43.9649015 GameState.DebugPrintPower() - BLOCK_END
D 09:57:43.9649015 GameState.DebugPrintPower() - BLOCK_START BlockType=TRIGGER Entity=湫然#51704 EffectCardId=System.Collections.Generic.List`1[System.String] EffectIndex=-1 Target=0 SubOption=-1 TriggerKeyword=TAG_NOT_SET
D 09:57:43.9649015 GameState.DebugPrintPower() -     TAG_CHANGE Entity=GameEntity tag=NEXT_STEP value=MAIN_CLEANUP 
D 09:57:43.9649015 GameState.DebugPrintPower() - BLOCK_END
D 09:57:43.9649015 GameState.DebugPrintPower() - BLOCK_START BlockType=TRIGGER Entity=湫然#51704 EffectCardId=System.Collections.Generic.List`1[System.String] EffectIndex=-1 Target=0 SubOption=-1 TriggerKeyword=TAG_NOT_SET
D 09:57:43.9649015 GameState.DebugPrintPower() - BLOCK_END
D 09:57:43.9649015 GameState.DebugPrintPower() - BLOCK_START BlockType=TRIGGER Entity=[entityName=正在预备 id=120 zone=PLAY zonePos=0 cardId=JAIL_907e02 player=2] EffectCardId=System.Collections.Generic.List`1[System.String] EffectIndex=2 Target=0 SubOption=-1 TriggerKeyword=TAG_NOT_SET
D 09:57:43.9649015 GameState.DebugPrintPower() -     TAG_CHANGE Entity=[entityName=正在预备 id=120 zone=PLAY zonePos=0 cardId=JAIL_907e02 player=2] tag=2747 value=120 
D 09:57:43.9649015 GameState.DebugPrintPower() -     TAG_CHANGE Entity=[entityName=正在预备 id=120 zone=PLAY zonePos=0 cardId=JAIL_907e02 player=2] tag=4741 value=1 
D 09:57:43.9649015 GameState.DebugPrintPower() -     TAG_CHANGE Entity=[entityName=正在预备 id=120 zone=PLAY zonePos=0 cardId=JAIL_907e02 player=2] tag=LAST_AFFECTED_BY value=120 
D 09:57:43.9649015 GameState.DebugPrintPower() -     TAG_CHANGE Entity=[entityName=正在预备 id=120 zone=PLAY zonePos=0 cardId=JAIL_907e02 player=2] tag=1068 value=4 
D 09:57:43.9649015 GameState.DebugPrintPower() -     TAG_CHANGE Entity=[entityName=正在预备 id=120 zone=PLAY zonePos=0 cardId=JAIL_907e02 player=2] tag=1068 value=0 
D 09:57:43.9649015 GameState.DebugPrintPower() -     TAG_CHANGE Entity=[entityName=正在预备 id=120 zone=PLAY zonePos=0 cardId=JAIL_907e02 player=2] tag=ZONE value=GRAVEYARD 
D 09:57:43.9649015 GameState.DebugPrintPower() -     TAG_CHANGE Entity=[entityName=正在预备 id=120 zone=PLAY zonePos=0 cardId=JAIL_907e02 player=2] tag=1234 value=75 
D 09:57:43.9649015 GameState.DebugPrintPower() -     HIDE_ENTITY - Entity=[entityName=正在预备 id=120 zone=PLAY zonePos=0 cardId=JAIL_907e02 player=2] tag=ZONE value=GRAVEYARD
D 09:57:43.9649015 GameState.DebugPrintPower() -     TAG_CHANGE Entity=[entityName=黑市拍卖师 id=75 zone=HAND zonePos=5 cardId=JAIL_718 player=2] tag=LITERALLY_UNPLAYABLE value=0 
D 09:57:43.9649015 GameState.DebugPrintPower() -     TAG_CHANGE Entity=[entityName=黑市拍卖师 id=75 zone=HAND zonePos=5 cardId=JAIL_718 player=2] tag=UNPLAYABLE_VISUALS value=0 
D 09:57:43.9649015 GameState.DebugPrintPower() -     TAG_CHANGE Entity=[entityName=黑市拍卖师 id=75 zone=HAND zonePos=5 cardId=JAIL_718 player=2] tag=PREPARING value=0 
D 09:57:43.9649015 GameState.DebugPrintPower() - BLOCK_END
D 09:57:43.9649015 GameState.DebugPrintPower() - TAG_CHANGE Entity=GameEntity tag=STEP value=MAIN_CLEANUP 
D 09:57:43.9649015 GameState.DebugPrintPower() - BLOCK_START BlockType=TRIGGER Entity=拯救网瘾对手#5318 EffectCardId=System.Collections.Generic.List`1[System.String] EffectIndex=-1 Target=0 SubOption=-1 TriggerKeyword=TAG_NOT_SET
D 09:57:43.9649015 GameState.DebugPrintPower() - BLOCK_END
D 09:57:43.9649015 GameState.DebugPrintPower() - BLOCK_START BlockType=TRIGGER Entity=湫然#51704 EffectCardId=System.Collections.Generic.List`1[System.String] EffectIndex=-1 Target=0 SubOption=-1 TriggerKeyword=TAG_NOT_SET
D 09:57:43.9649015 GameState.DebugPrintPower() -     TAG_CHANGE Entity=GameEntity tag=NEXT_STEP value=MAIN_NEXT 
D 09:57:43.9649015 GameState.DebugPrintPower() - BLOCK_END
D 09:57:43.9649015 GameState.DebugPrintPower() - TAG_CHANGE Entity=GameEntity tag=STEP value=MAIN_NEXT 
D 09:57:43.9649015 GameState.DebugPrintPower() - BLOCK_START BlockType=TRIGGER Entity=GameEntity EffectCardId=System.Collections.Generic.List`1[System.String] EffectIndex=-1 Target=0 SubOption=-1 TriggerKeyword=TAG_NOT_SET
D 09:57:43.9649015 GameState.DebugPrintPower() -     TAG_CHANGE Entity=湫然#51704 tag=1292 value=0 
D 09:57:43.9649015 GameState.DebugPrintPower() -     TAG_CHANGE Entity=拯救网瘾对手#5318 tag=1292 value=1 
D 09:57:43.9649015 GameState.DebugPrintPower() -     TAG_CHANGE Entity=[entityName=黑市拍卖师 id=51 zone=HAND zonePos=1 cardId=JAIL_718 player=2] tag=NUM_TURNS_IN_HAND value=8 
D 09:57:43.9649015 GameState.DebugPrintPower() -     TAG_CHANGE Entity=[entityName=雷霆绽放 id=78 zone=HAND zonePos=2 cardId=SCH_427 player=2] tag=NUM_TURNS_IN_HAND value=8 
D 09:57:43.9649015 GameState.DebugPrintPower() -     TAG_CHANGE Entity=[entityName=活体根须 id=56 zone=HAND zonePos=3 cardId=CORE_AT_037 player=2] tag=NUM_TURNS_IN_HAND value=8 
D 09:57:43.9649015 GameState.DebugPrintPower() -     TAG_CHANGE Entity=[entityName=月光射线 id=60 zone=HAND zonePos=4 cardId=TID_001 player=2] tag=NUM_TURNS_IN_HAND value=8 
D 09:57:43.9649015 GameState.DebugPrintPower() -     TAG_CHANGE Entity=[entityName=黑市拍卖师 id=75 zone=HAND zonePos=5 cardId=JAIL_718 player=2] tag=NUM_TURNS_IN_HAND value=6 
D 09:57:43.9649015 GameState.DebugPrintPower() -     TAG_CHANGE Entity=[entityName=波涛形塑 id=87 zone=HAND zonePos=6 cardId=TIME_701 player=2] tag=NUM_TURNS_IN_HAND value=4 
D 09:57:43.9649015 GameState.DebugPrintPower() -     TAG_CHANGE Entity=[entityName=月火术 id=86 zone=HAND zonePos=7 cardId=CS2_008 player=2] tag=NUM_TURNS_IN_HAND value=2 
D 09:57:43.9649015 GameState.DebugPrintPower() -     TAG_CHANGE Entity=湫然#51704 tag=CURRENT_PLAYER value=0 
D 09:57:43.9649015 GameState.DebugPrintPower() -     TAG_CHANGE Entity=拯救网瘾对手#5318 tag=CURRENT_PLAYER value=1 
D 09:57:43.9649015 GameState.DebugPrintPower() -     TAG_CHANGE Entity=GameEntity tag=TURN value=8 
D 09:57:43.9649015 GameState.DebugPrintPower() -     TAG_CHANGE Entity=GameEntity tag=1882 value=7 
D 09:57:43.9649015 GameState.DebugPrintPower() -     TAG_CHANGE Entity=拯救网瘾对手#5318 tag=TURN value=4 
D 09:57:43.9649015 GameState.DebugPrintPower() -     TAG_CHANGE Entity=GameEntity tag=NEXT_STEP value=MAIN_READY 
D 09:57:43.9649015 GameState.DebugPrintPower() - BLOCK_END
D 09:57:43.9649015 GameState.DebugPrintPower() - TAG_CHANGE Entity=GameEntity tag=STEP value=MAIN_READY 
D 09:57:43.9649015 GameState.DebugPrintPower() - BLOCK_START BlockType=TRIGGER Entity=拯救网瘾对手#5318 EffectCardId=System.Collections.Generic.List`1[System.String] EffectIndex=-1 Target=0 SubOption=-1 TriggerKeyword=TAG_NOT_SET
D 09:57:43.9649015 GameState.DebugPrintPower() -     TAG_CHANGE Entity=GameEntity tag=NUM_TURNS_IN_PLAY value=8 
D 09:57:43.9649015 GameState.DebugPrintPower() -     TAG_CHANGE Entity=拯救网瘾对手#5318 tag=NUM_TURNS_IN_PLAY value=8 
D 09:57:43.9649015 GameState.DebugPrintPower() -     TAG_CHANGE Entity=湫然#51704 tag=NUM_TURNS_IN_PLAY value=8 
D 09:57:43.9649015 GameState.DebugPrintPower() -     TAG_CHANGE Entity=[entityName=雷克萨 id=90 zone=PLAY zonePos=0 cardId=HERO_05 player=1] tag=NUM_TURNS_IN_PLAY value=8 
D 09:57:43.9649015 GameState.DebugPrintPower() -     TAG_CHANGE Entity=[entityName=稳固射击 id=91 zone=PLAY zonePos=0 cardId=HERO_05bp player=1] tag=NUM_TURNS_IN_PLAY value=8 
D 09:57:43.9649015 GameState.DebugPrintPower() -     TAG_CHANGE Entity=[entityName=嘲风望月露娜拉 id=92 zone=PLAY zonePos=0 cardId=HERO_06bi player=2] tag=NUM_TURNS_IN_PLAY value=8 
D 09:57:43.9649015 GameState.DebugPrintPower() -     TAG_CHANGE Entity=[entityName=变形 id=93 zone=PLAY zonePos=0 cardId=HERO_06ebp player=2] tag=NUM_TURNS_IN_PLAY value=8 
D 09:57:43.9649015 GameState.DebugPrintPower() -     TAG_CHANGE Entity=[entityName=奇迹推销员 id=4 zone=PLAY zonePos=1 cardId=WW_331 player=1] tag=NUM_TURNS_IN_PLAY value=6 
D 09:57:43.9649015 GameState.DebugPrintPower() -     TAG_CHANGE Entity=[entityName=下水道管网 id=15 zone=PLAY zonePos=2 cardId=JAIL_877 player=1] tag=NUM_TURNS_IN_PLAY value=4 
D 09:57:43.9649015 GameState.DebugPrintPower() -     TAG_CHANGE Entity=[entityName=鼠吻贮藏者 id=110 zone=PLAY zonePos=3 cardId=JAIL_877t player=1] tag=NUM_TURNS_IN_PLAY value=4 
D 09:57:43.9649015 GameState.DebugPrintPower() -     TAG_CHANGE Entity=[entityName=侧进蛇 id=116 zone=PLAY zonePos=4 cardId=WW_806t player=1] tag=NUM_TURNS_IN_PLAY value=2 
D 09:57:43.9649015 GameState.DebugPrintPower() -     TAG_CHANGE Entity=[entityName=侧进蛇 id=117 zone=PLAY zonePos=5 cardId=WW_806t player=1] tag=NUM_TURNS_IN_PLAY value=2 
D 09:57:43.9649015 GameState.DebugPrintPower() -     TAG_CHANGE Entity=拯救网瘾对手#5318 tag=RESOURCES value=4 
D 09:57:43.9649015 GameState.DebugPrintPower() -     TAG_CHANGE Entity=拯救网瘾对手#5318 tag=RESOURCES_USED value=0 
D 09:57:43.9649015 GameState.DebugPrintPower() -     TAG_CHANGE Entity=拯救网瘾对手#5318 tag=NUM_CARDS_PLAYED_THIS_TURN value=0 
D 09:57:43.9649015 GameState.DebugPrintPower() -     TAG_CHANGE Entity=拯救网瘾对手#5318 tag=NUM_OPTIONS_PLAYED_THIS_TURN value=0 
D 09:57:43.9649015 GameState.DebugPrintPower() -     TAG_CHANGE Entity=拯救网瘾对手#5318 tag=430 value=0 
D 09:57:43.9649015 GameState.DebugPrintPower() -     TAG_CHANGE Entity=[entityName=稳固射击 id=91 zone=PLAY zonePos=0 cardId=HERO_05bp player=1] tag=EXHAUSTED value=0 
D 09:57:43.9649015 GameState.DebugPrintPower() -     TAG_CHANGE Entity=[entityName=奇迹推销员 id=4 zone=PLAY zonePos=1 cardId=WW_331 player=1] tag=EXHAUSTED value=0 
D 09:57:43.9649015 GameState.DebugPrintPower() -     TAG_CHANGE Entity=[entityName=下水道管网 id=15 zone=PLAY zonePos=2 cardId=JAIL_877 player=1] tag=EXHAUSTED value=0 
D 09:57:43.9649015 GameState.DebugPrintPower() -     TAG_CHANGE Entity=[entityName=鼠吻贮藏者 id=110 zone=PLAY zonePos=3 cardId=JAIL_877t player=1] tag=EXHAUSTED value=0 
D 09:57:43.9649015 GameState.DebugPrintPower() -     TAG_CHANGE Entity=[entityName=侧进蛇 id=116 zone=PLAY zonePos=4 cardId=WW_806t player=1] tag=EXHAUSTED value=0 
D 09:57:43.9649015 GameState.DebugPrintPower() -     TAG_CHANGE Entity=[entityName=侧进蛇 id=117 zone=PLAY zonePos=5 cardId=WW_806t player=1] tag=EXHAUSTED value=0 
D 09:57:43.9649015 GameState.DebugPrintPower() -     TAG_CHANGE Entity=湫然#51704 tag=NUM_CARDS_DRAWN_THIS_TURN value=0 
D 09:57:43.9649015 GameState.DebugPrintPower() -     TAG_CHANGE Entity=GameEntity tag=NEXT_STEP value=MAIN_START_TRIGGERS 
D 09:57:43.9649015 GameState.DebugPrintPower() -     TAG_CHANGE Entity=湫然#51704 tag=DAMAGE_DEALT_TO_HERO_LAST_TURN value=0 
D 09:57:43.9649015 GameState.DebugPrintPower() -     TAG_CHANGE Entity=拯救网瘾对手#5318 tag=HEROPOWER_ACTIVATIONS_THIS_TURN value=0 
D 09:57:43.9649015 GameState.DebugPrintPower() -     TAG_CHANGE Entity=[entityName=稳固射击 id=91 zone=PLAY zonePos=0 cardId=HERO_05bp player=1] tag=HEROPOWER_ACTIVATIONS_THIS_TURN value=0 
D 09:57:43.9649015 GameState.DebugPrintPower() -     TAG_CHANGE Entity=拯救网瘾对手#5318 tag=1739 value=0 
D 09:57:43.9649015 GameState.DebugPrintPower() - BLOCK_END
D 09:57:43.9649015 GameState.DebugPrintPower() - TAG_CHANGE Entity=GameEntity tag=STEP value=MAIN_START_TRIGGERS 
D 09:57:43.9649015 GameState.DebugPrintPower() - BLOCK_START BlockType=TRIGGER Entity=拯救网瘾对手#5318 EffectCardId=System.Collections.Generic.List`1[System.String] EffectIndex=-1 Target=0 SubOption=-1 TriggerKeyword=TAG_NOT_SET
D 09:57:43.9649015 GameState.DebugPrintPower() -     TAG_CHANGE Entity=GameEntity tag=NEXT_STEP value=MAIN_START 
D 09:57:43.9649015 GameState.DebugPrintPower() - BLOCK_END
D 09:57:43.9649015 GameState.DebugPrintPower() - TAG_CHANGE Entity=GameEntity tag=STEP value=MAIN_START 
D 09:57:43.9649015 GameState.DebugPrintPower() - BLOCK_START BlockType=TRIGGER Entity=拯救网瘾对手#5318 EffectCardId=System.Collections.Generic.List`1[System.String] EffectIndex=-1 Target=0 SubOption=-1 TriggerKeyword=TAG_NOT_SET
D 09:57:43.9649015 GameState.DebugPrintPower() -     TAG_CHANGE Entity=拯救网瘾对手#5318 tag=2166 value=25 
D 09:57:43.9649015 GameState.DebugPrintPower() -     TAG_CHANGE Entity=拯救网瘾对手#5318 tag=467 value=1 
D 09:57:43.9649015 GameState.DebugPrintPower() -     TAG_CHANGE Entity=[entityName=UNKNOWN ENTITY [cardType=INVALID] id=25 zone=DECK zonePos=0 cardId= player=1] tag=ZONE value=HAND 
D 09:57:43.9649015 GameState.DebugPrintPower() -     TAG_CHANGE Entity=[entityName=UNKNOWN ENTITY [cardType=INVALID] id=25 zone=DECK zonePos=0 cardId= player=1] tag=ZONE_POSITION value=6 
D 09:57:43.9649015 GameState.DebugPrintPower() -     TAG_CHANGE Entity=[entityName=UNKNOWN ENTITY [cardType=INVALID] id=25 zone=DECK zonePos=0 cardId= player=1] tag=ZONE_POSITION value=0 
D 09:57:43.9649015 GameState.DebugPrintPower() -     TAG_CHANGE Entity=[entityName=UNKNOWN ENTITY [cardType=INVALID] id=25 zone=DECK zonePos=0 cardId= player=1] tag=ZONE_POSITION value=6 
D 09:57:43.9649015 GameState.DebugPrintPower() -     TAG_CHANGE Entity=拯救网瘾对手#5318 tag=NUM_CARDS_DRAWN_THIS_TURN value=1 
D 09:57:43.9649015 GameState.DebugPrintPower() -     TAG_CHANGE Entity=拯救网瘾对手#5318 tag=995 value=4 
D 09:57:43.9649015 GameState.DebugPrintPower() -     TAG_CHANGE Entity=拯救网瘾对手#5318 tag=467 value=0 
D 09:57:43.9649015 GameState.DebugPrintPower() -     TAG_CHANGE Entity=GameEntity tag=NEXT_STEP value=MAIN_ACTION 
D 09:57:43.9649015 GameState.DebugPrintPower() - BLOCK_END
D 09:57:43.9649015 GameState.DebugPrintPower() - TAG_CHANGE Entity=GameEntity tag=STEP value=MAIN_ACTION 
D 09:57:43.9649015 GameState.DebugPrintPower() - BLOCK_START BlockType=TRIGGER Entity=拯救网瘾对手#5318 EffectCardId=System.Collections.Generic.List`1[System.String] EffectIndex=-1 Target=0 SubOption=-1 TriggerKeyword=TAG_NOT_SET
D 09:57:43.9649015 GameState.DebugPrintPower() -     TAG_CHANGE Entity=GameEntity tag=NEXT_STEP value=MAIN_END 
D 09:57:43.9649015 GameState.DebugPrintPower() - BLOCK_END
D 09:57:43.9649015 PowerTaskList.DebugDump() - ID=178 ParentID=0 PreviousID=0 TaskCount=1
D 09:57:43.9649015 PowerTaskList.DebugDump() - Block Start=(null)
D 09:57:43.9649015 PowerTaskList.DebugPrintPower() -     TAG_CHANGE Entity=GameEntity tag=STEP value=MAIN_END 
D 09:57:43.9649015 PowerTaskList.DebugDump() - Block End=(null)
D 09:57:43.9649015 PowerProcessor.PrepareHistoryForCurrentTaskList() - m_currentTaskList=178
D 09:57:43.9649015 PowerProcessor.EndCurrentTaskList() - m_currentTaskList=178
D 09:57:43.9649015 PowerTaskList.DebugDump() - ID=179 ParentID=178 PreviousID=0 TaskCount=0
D 09:57:43.9649015 PowerTaskList.DebugPrintPower() - BLOCK_START BlockType=TRIGGER Entity=拯救网瘾对手#5318 EffectCardId=System.Collections.Generic.List`1[System.String] EffectIndex=-1 Target=0 SubOption=-1 TriggerKeyword=TAG_NOT_SET
D 09:57:43.9649015 PowerTaskList.DebugPrintPower() - BLOCK_END
D 09:57:43.9649015 PowerProcessor.PrepareHistoryForCurrentTaskList() - m_currentTaskList=179
D 09:57:43.9649015 PowerProcessor.EndCurrentTaskList() - m_currentTaskList=179
D 09:57:43.9649015 PowerTaskList.DebugDump() - ID=180 ParentID=0 PreviousID=0 TaskCount=1
D 09:57:43.9649015 PowerTaskList.DebugPrintPower() - BLOCK_START BlockType=TRIGGER Entity=湫然#51704 EffectCardId=System.Collections.Generic.List`1[System.String] EffectIndex=-1 Target=0 SubOption=-1 TriggerKeyword=TAG_NOT_SET
D 09:57:43.9649015 PowerTaskList.DebugPrintPower() -     TAG_CHANGE Entity=GameEntity tag=NEXT_STEP value=MAIN_CLEANUP 
D 09:57:43.9649015 PowerTaskList.DebugPrintPower() - BLOCK_END
D 09:57:43.9649015 PowerProcessor.PrepareHistoryForCurrentTaskList() - m_currentTaskList=180
D 09:57:43.9649015 PowerProcessor.EndCurrentTaskList() - m_currentTaskList=180
D 09:57:43.9649015 PowerTaskList.DebugDump() - ID=181 ParentID=0 PreviousID=0 TaskCount=0
D 09:57:43.9649015 PowerTaskList.DebugPrintPower() - BLOCK_START BlockType=TRIGGER Entity=湫然#51704 EffectCardId=System.Collections.Generic.List`1[System.String] EffectIndex=-1 Target=0 SubOption=-1 TriggerKeyword=TAG_NOT_SET
D 09:57:43.9649015 PowerTaskList.DebugPrintPower() - BLOCK_END
D 09:57:43.9649015 PowerProcessor.PrepareHistoryForCurrentTaskList() - m_currentTaskList=181
D 09:57:43.9649015 PowerProcessor.EndCurrentTaskList() - m_currentTaskList=181
D 09:57:43.9649015 PowerTaskList.DebugDump() - ID=182 ParentID=0 PreviousID=0 TaskCount=11
D 09:57:43.9649015 PowerTaskList.DebugPrintPower() - BLOCK_START BlockType=TRIGGER Entity=[entityName=正在预备 id=120 zone=PLAY zonePos=0 cardId=JAIL_907e02 player=2] EffectCardId=System.Collections.Generic.List`1[System.String] EffectIndex=2 Target=0 SubOption=-1 TriggerKeyword=TAG_NOT_SET
D 09:57:43.9649015 PowerTaskList.DebugPrintPower() -     TAG_CHANGE Entity=[entityName=正在预备 id=120 zone=PLAY zonePos=0 cardId=JAIL_907e02 player=2] tag=2747 value=120 
D 09:57:43.9649015 PowerTaskList.DebugPrintPower() -     TAG_CHANGE Entity=[entityName=正在预备 id=120 zone=PLAY zonePos=0 cardId=JAIL_907e02 player=2] tag=4741 value=1 
D 09:57:43.9649015 PowerTaskList.DebugPrintPower() -     TAG_CHANGE Entity=[entityName=正在预备 id=120 zone=PLAY zonePos=0 cardId=JAIL_907e02 player=2] tag=LAST_AFFECTED_BY value=120 
D 09:57:43.9649015 PowerTaskList.DebugPrintPower() -     TAG_CHANGE Entity=[entityName=正在预备 id=120 zone=PLAY zonePos=0 cardId=JAIL_907e02 player=2] tag=1068 value=4 
D 09:57:43.9649015 PowerTaskList.DebugPrintPower() -     TAG_CHANGE Entity=[entityName=正在预备 id=120 zone=PLAY zonePos=0 cardId=JAIL_907e02 player=2] tag=1068 value=0 
D 09:57:43.9649015 PowerTaskList.DebugPrintPower() -     TAG_CHANGE Entity=[entityName=正在预备 id=120 zone=PLAY zonePos=0 cardId=JAIL_907e02 player=2] tag=ZONE value=GRAVEYARD 
D 09:57:43.9649015 PowerTaskList.DebugPrintPower() -     TAG_CHANGE Entity=[entityName=正在预备 id=120 zone=PLAY zonePos=0 cardId=JAIL_907e02 player=2] tag=1234 value=75 
D 09:57:43.9649015 PowerTaskList.DebugPrintPower() -     HIDE_ENTITY - Entity=[entityName=正在预备 id=120 zone=PLAY zonePos=0 cardId=JAIL_907e02 player=2] tag=ZONE value=GRAVEYARD
D 09:57:43.9649015 PowerTaskList.DebugPrintPower() -     TAG_CHANGE Entity=[entityName=黑市拍卖师 id=75 zone=HAND zonePos=5 cardId=JAIL_718 player=2] tag=LITERALLY_UNPLAYABLE value=0 
D 09:57:43.9649015 PowerTaskList.DebugPrintPower() -     TAG_CHANGE Entity=[entityName=黑市拍卖师 id=75 zone=HAND zonePos=5 cardId=JAIL_718 player=2] tag=UNPLAYABLE_VISUALS value=0 
D 09:57:43.9649015 PowerTaskList.DebugPrintPower() -     TAG_CHANGE Entity=[entityName=黑市拍卖师 id=75 zone=HAND zonePos=5 cardId=JAIL_718 player=2] tag=PREPARING value=0 
D 09:57:43.9649015 PowerTaskList.DebugPrintPower() - BLOCK_END
D 09:57:43.9649015 PowerProcessor.PrepareHistoryForCurrentTaskList() - m_currentTaskList=182
D 09:57:43.9724440 PowerProcessor.EndCurrentTaskList() - m_currentTaskList=182
D 09:57:43.9786788 PowerTaskList.DebugDump() - ID=183 ParentID=0 PreviousID=0 TaskCount=1
D 09:57:43.9786788 PowerTaskList.DebugDump() - Block Start=(null)
D 09:57:43.9786788 PowerTaskList.DebugPrintPower() -     TAG_CHANGE Entity=GameEntity tag=STEP value=MAIN_CLEANUP 
D 09:57:43.9786788 PowerTaskList.DebugDump() - Block End=(null)
D 09:57:43.9786788 PowerProcessor.PrepareHistoryForCurrentTaskList() - m_currentTaskList=183
D 09:57:43.9786788 PowerProcessor.EndCurrentTaskList() - m_currentTaskList=183
D 09:57:43.9786788 PowerTaskList.DebugDump() - ID=184 ParentID=0 PreviousID=0 TaskCount=0
D 09:57:43.9786788 PowerTaskList.DebugPrintPower() - BLOCK_START BlockType=TRIGGER Entity=拯救网瘾对手#5318 EffectCardId=System.Collections.Generic.List`1[System.String] EffectIndex=-1 Target=0 SubOption=-1 TriggerKeyword=TAG_NOT_SET
D 09:57:43.9786788 PowerTaskList.DebugPrintPower() - BLOCK_END
D 09:57:43.9786788 PowerProcessor.PrepareHistoryForCurrentTaskList() - m_currentTaskList=184
D 09:57:43.9786788 PowerProcessor.EndCurrentTaskList() - m_currentTaskList=184
D 09:57:43.9786788 PowerTaskList.DebugDump() - ID=185 ParentID=0 PreviousID=0 TaskCount=1
D 09:57:43.9786788 PowerTaskList.DebugPrintPower() - BLOCK_START BlockType=TRIGGER Entity=湫然#51704 EffectCardId=System.Collections.Generic.List`1[System.String] EffectIndex=-1 Target=0 SubOption=-1 TriggerKeyword=TAG_NOT_SET
D 09:57:43.9786788 PowerTaskList.DebugPrintPower() -     TAG_CHANGE Entity=GameEntity tag=NEXT_STEP value=MAIN_NEXT 
D 09:57:43.9786788 PowerTaskList.DebugPrintPower() - BLOCK_END
D 09:57:43.9786788 PowerProcessor.PrepareHistoryForCurrentTaskList() - m_currentTaskList=185
D 09:57:43.9786788 PowerProcessor.EndCurrentTaskList() - m_currentTaskList=185
D 09:57:43.9786788 PowerTaskList.DebugDump() - ID=186 ParentID=0 PreviousID=0 TaskCount=1
D 09:57:43.9786788 PowerTaskList.DebugDump() - Block Start=(null)
D 09:57:43.9786788 PowerTaskList.DebugPrintPower() -     TAG_CHANGE Entity=GameEntity tag=STEP value=MAIN_NEXT 
D 09:57:43.9786788 PowerTaskList.DebugDump() - Block End=(null)
D 09:57:43.9786788 PowerProcessor.PrepareHistoryForCurrentTaskList() - m_currentTaskList=186
D 09:57:43.9786788 PowerProcessor.EndCurrentTaskList() - m_currentTaskList=186
D 09:57:43.9786788 PowerTaskList.DebugDump() - ID=187 ParentID=0 PreviousID=0 TaskCount=15
D 09:57:43.9786788 PowerTaskList.DebugPrintPower() - BLOCK_START BlockType=TRIGGER Entity=GameEntity EffectCardId=System.Collections.Generic.List`1[System.String] EffectIndex=-1 Target=0 SubOption=-1 TriggerKeyword=TAG_NOT_SET
D 09:57:43.9786788 PowerTaskList.DebugPrintPower() -     TAG_CHANGE Entity=湫然#51704 tag=1292 value=0 
D 09:57:43.9786788 PowerTaskList.DebugPrintPower() -     TAG_CHANGE Entity=拯救网瘾对手#5318 tag=1292 value=1 
D 09:57:43.9786788 PowerTaskList.DebugPrintPower() -     TAG_CHANGE Entity=[entityName=黑市拍卖师 id=51 zone=HAND zonePos=1 cardId=JAIL_718 player=2] tag=NUM_TURNS_IN_HAND value=8 
D 09:57:43.9786788 PowerTaskList.DebugPrintPower() -     TAG_CHANGE Entity=[entityName=雷霆绽放 id=78 zone=HAND zonePos=2 cardId=SCH_427 player=2] tag=NUM_TURNS_IN_HAND value=8 
D 09:57:43.9786788 PowerTaskList.DebugPrintPower() -     TAG_CHANGE Entity=[entityName=活体根须 id=56 zone=HAND zonePos=3 cardId=CORE_AT_037 player=2] tag=NUM_TURNS_IN_HAND value=8 
D 09:57:43.9786788 PowerTaskList.DebugPrintPower() -     TAG_CHANGE Entity=[entityName=月光射线 id=60 zone=HAND zonePos=4 cardId=TID_001 player=2] tag=NUM_TURNS_IN_HAND value=8 
D 09:57:43.9786788 PowerTaskList.DebugPrintPower() -     TAG_CHANGE Entity=[entityName=黑市拍卖师 id=75 zone=HAND zonePos=5 cardId=JAIL_718 player=2] tag=NUM_TURNS_IN_HAND value=6 
D 09:57:43.9786788 PowerTaskList.DebugPrintPower() -     TAG_CHANGE Entity=[entityName=波涛形塑 id=87 zone=HAND zonePos=6 cardId=TIME_701 player=2] tag=NUM_TURNS_IN_HAND value=4 
D 09:57:43.9786788 PowerTaskList.DebugPrintPower() -     TAG_CHANGE Entity=[entityName=月火术 id=86 zone=HAND zonePos=7 cardId=CS2_008 player=2] tag=NUM_TURNS_IN_HAND value=2 
D 09:57:43.9786788 PowerTaskList.DebugPrintPower() -     TAG_CHANGE Entity=湫然#51704 tag=CURRENT_PLAYER value=0 
D 09:57:43.9786788 PowerTaskList.DebugPrintPower() -     TAG_CHANGE Entity=拯救网瘾对手#5318 tag=CURRENT_PLAYER value=1 
D 09:57:43.9786788 PowerTaskList.DebugPrintPower() -     TAG_CHANGE Entity=GameEntity tag=TURN value=8 
D 09:57:43.9786788 PowerTaskList.DebugPrintPower() -     TAG_CHANGE Entity=GameEntity tag=1882 value=7 
D 09:57:43.9786788 PowerTaskList.DebugPrintPower() -     TAG_CHANGE Entity=拯救网瘾对手#5318 tag=TURN value=4 
D 09:57:43.9786788 PowerTaskList.DebugPrintPower() -     TAG_CHANGE Entity=GameEntity tag=NEXT_STEP value=MAIN_READY 
D 09:57:43.9786788 PowerTaskList.DebugPrintPower() - BLOCK_END
D 09:57:43.9786788 PowerProcessor.PrepareHistoryForCurrentTaskList() - m_currentTaskList=187
D 09:57:43.9786788 PowerProcessor.EndCurrentTaskList() - m_currentTaskList=187
D 09:57:43.9786788 PowerTaskList.DebugDump() - ID=188 ParentID=0 PreviousID=0 TaskCount=1
D 09:57:43.9786788 PowerTaskList.DebugDump() - Block Start=(null)
D 09:57:43.9786788 PowerTaskList.DebugPrintPower() -     TAG_CHANGE Entity=GameEntity tag=STEP value=MAIN_READY 
D 09:57:43.9786788 PowerTaskList.DebugDump() - Block End=(null)
D 09:57:43.9786788 PowerProcessor.PrepareHistoryForCurrentTaskList() - m_currentTaskList=188
D 09:57:43.9786788 PowerProcessor.EndCurrentTaskList() - m_currentTaskList=188
D 09:57:43.9786788 PowerTaskList.DebugDump() - ID=189 ParentID=0 PreviousID=0 TaskCount=29
D 09:57:43.9786788 PowerTaskList.DebugPrintPower() - BLOCK_START BlockType=TRIGGER Entity=拯救网瘾对手#5318 EffectCardId=System.Collections.Generic.List`1[System.String] EffectIndex=-1 Target=0 SubOption=-1 TriggerKeyword=TAG_NOT_SET
D 09:57:43.9786788 PowerTaskList.DebugPrintPower() -     TAG_CHANGE Entity=GameEntity tag=NUM_TURNS_IN_PLAY value=8 
D 09:57:43.9786788 PowerTaskList.DebugPrintPower() -     TAG_CHANGE Entity=拯救网瘾对手#5318 tag=NUM_TURNS_IN_PLAY value=8 
D 09:57:43.9786788 PowerTaskList.DebugPrintPower() -     TAG_CHANGE Entity=湫然#51704 tag=NUM_TURNS_IN_PLAY value=8 
D 09:57:43.9786788 PowerTaskList.DebugPrintPower() -     TAG_CHANGE Entity=[entityName=雷克萨 id=90 zone=PLAY zonePos=0 cardId=HERO_05 player=1] tag=NUM_TURNS_IN_PLAY value=8 
D 09:57:43.9786788 PowerTaskList.DebugPrintPower() -     TAG_CHANGE Entity=[entityName=稳固射击 id=91 zone=PLAY zonePos=0 cardId=HERO_05bp player=1] tag=NUM_TURNS_IN_PLAY value=8 
D 09:57:43.9786788 PowerTaskList.DebugPrintPower() -     TAG_CHANGE Entity=[entityName=嘲风望月露娜拉 id=92 zone=PLAY zonePos=0 cardId=HERO_06bi player=2] tag=NUM_TURNS_IN_PLAY value=8 
D 09:57:43.9786788 PowerTaskList.DebugPrintPower() -     TAG_CHANGE Entity=[entityName=变形 id=93 zone=PLAY zonePos=0 cardId=HERO_06ebp player=2] tag=NUM_TURNS_IN_PLAY value=8 
D 09:57:43.9786788 PowerTaskList.DebugPrintPower() -     TAG_CHANGE Entity=[entityName=奇迹推销员 id=4 zone=PLAY zonePos=1 cardId=WW_331 player=1] tag=NUM_TURNS_IN_PLAY value=6 
D 09:57:43.9786788 PowerTaskList.DebugPrintPower() -     TAG_CHANGE Entity=[entityName=下水道管网 id=15 zone=PLAY zonePos=2 cardId=JAIL_877 player=1] tag=NUM_TURNS_IN_PLAY value=4 
D 09:57:43.9786788 PowerTaskList.DebugPrintPower() -     TAG_CHANGE Entity=[entityName=鼠吻贮藏者 id=110 zone=PLAY zonePos=3 cardId=JAIL_877t player=1] tag=NUM_TURNS_IN_PLAY value=4 
D 09:57:43.9786788 PowerTaskList.DebugPrintPower() -     TAG_CHANGE Entity=[entityName=侧进蛇 id=116 zone=PLAY zonePos=4 cardId=WW_806t player=1] tag=NUM_TURNS_IN_PLAY value=2 
D 09:57:43.9786788 PowerTaskList.DebugPrintPower() -     TAG_CHANGE Entity=[entityName=侧进蛇 id=117 zone=PLAY zonePos=5 cardId=WW_806t player=1] tag=NUM_TURNS_IN_PLAY value=2 
D 09:57:43.9786788 PowerTaskList.DebugPrintPower() -     TAG_CHANGE Entity=拯救网瘾对手#5318 tag=RESOURCES value=4 
D 09:57:43.9786788 PowerTaskList.DebugPrintPower() -     TAG_CHANGE Entity=拯救网瘾对手#5318 tag=RESOURCES_USED value=0 
D 09:57:43.9786788 PowerTaskList.DebugPrintPower() -     TAG_CHANGE Entity=拯救网瘾对手#5318 tag=NUM_CARDS_PLAYED_THIS_TURN value=0 
D 09:57:43.9786788 PowerTaskList.DebugPrintPower() -     TAG_CHANGE Entity=拯救网瘾对手#5318 tag=NUM_OPTIONS_PLAYED_THIS_TURN value=0 
D 09:57:43.9786788 PowerTaskList.DebugPrintPower() -     TAG_CHANGE Entity=拯救网瘾对手#5318 tag=430 value=0 
D 09:57:43.9786788 PowerTaskList.DebugPrintPower() -     TAG_CHANGE Entity=[entityName=稳固射击 id=91 zone=PLAY zonePos=0 cardId=HERO_05bp player=1] tag=EXHAUSTED value=0 
D 09:57:43.9786788 PowerTaskList.DebugPrintPower() -     TAG_CHANGE Entity=[entityName=奇迹推销员 id=4 zone=PLAY zonePos=1 cardId=WW_331 player=1] tag=EXHAUSTED value=0 
D 09:57:43.9786788 PowerTaskList.DebugPrintPower() -     TAG_CHANGE Entity=[entityName=下水道管网 id=15 zone=PLAY zonePos=2 cardId=JAIL_877 player=1] tag=EXHAUSTED value=0 
D 09:57:43.9786788 PowerTaskList.DebugPrintPower() -     TAG_CHANGE Entity=[entityName=鼠吻贮藏者 id=110 zone=PLAY zonePos=3 cardId=JAIL_877t player=1] tag=EXHAUSTED value=0 
D 09:57:43.9786788 PowerTaskList.DebugPrintPower() -     TAG_CHANGE Entity=[entityName=侧进蛇 id=116 zone=PLAY zonePos=4 cardId=WW_806t player=1] tag=EXHAUSTED value=0 
D 09:57:43.9786788 PowerTaskList.DebugPrintPower() -     TAG_CHANGE Entity=[entityName=侧进蛇 id=117 zone=PLAY zonePos=5 cardId=WW_806t player=1] tag=EXHAUSTED value=0 
D 09:57:43.9786788 PowerTaskList.DebugPrintPower() -     TAG_CHANGE Entity=湫然#51704 tag=NUM_CARDS_DRAWN_THIS_TURN value=0 
D 09:57:43.9786788 PowerTaskList.DebugPrintPower() -     TAG_CHANGE Entity=GameEntity tag=NEXT_STEP value=MAIN_START_TRIGGERS 
D 09:57:43.9786788 PowerTaskList.DebugPrintPower() -     TAG_CHANGE Entity=湫然#51704 tag=DAMAGE_DEALT_TO_HERO_LAST_TURN value=0 
D 09:57:43.9786788 PowerTaskList.DebugPrintPower() -     TAG_CHANGE Entity=拯救网瘾对手#5318 tag=HEROPOWER_ACTIVATIONS_THIS_TURN value=0 
D 09:57:43.9786788 PowerTaskList.DebugPrintPower() -     TAG_CHANGE Entity=[entityName=稳固射击 id=91 zone=PLAY zonePos=0 cardId=HERO_05bp player=1] tag=HEROPOWER_ACTIVATIONS_THIS_TURN value=0 
D 09:57:43.9786788 PowerTaskList.DebugPrintPower() -     TAG_CHANGE Entity=拯救网瘾对手#5318 tag=1739 value=0 
D 09:57:43.9786788 PowerTaskList.DebugPrintPower() - BLOCK_END
D 09:57:43.9786788 PowerProcessor.PrepareHistoryForCurrentTaskList() - m_currentTaskList=189
D 09:57:43.9786788 PowerProcessor.EndCurrentTaskList() - m_currentTaskList=189
D 09:57:43.9786788 PowerTaskList.DebugDump() - ID=190 ParentID=0 PreviousID=0 TaskCount=1
D 09:57:43.9786788 PowerTaskList.DebugDump() - Block Start=(null)
D 09:57:43.9786788 PowerTaskList.DebugPrintPower() -     TAG_CHANGE Entity=GameEntity tag=STEP value=MAIN_START_TRIGGERS 
D 09:57:43.9786788 PowerTaskList.DebugDump() - Block End=(null)
D 09:57:43.9786788 PowerProcessor.PrepareHistoryForCurrentTaskList() - m_currentTaskList=190
D 09:57:43.9786788 PowerProcessor.EndCurrentTaskList() - m_currentTaskList=190
D 09:57:43.9786788 PowerTaskList.DebugDump() - ID=191 ParentID=0 PreviousID=0 TaskCount=1
D 09:57:43.9786788 PowerTaskList.DebugPrintPower() - BLOCK_START BlockType=TRIGGER Entity=拯救网瘾对手#5318 EffectCardId=System.Collections.Generic.List`1[System.String] EffectIndex=-1 Target=0 SubOption=-1 TriggerKeyword=TAG_NOT_SET
D 09:57:43.9786788 PowerTaskList.DebugPrintPower() -     TAG_CHANGE Entity=GameEntity tag=NEXT_STEP value=MAIN_START 
D 09:57:43.9786788 PowerTaskList.DebugPrintPower() - BLOCK_END
D 09:57:43.9786788 PowerProcessor.PrepareHistoryForCurrentTaskList() - m_currentTaskList=191
D 09:57:43.9786788 PowerProcessor.EndCurrentTaskList() - m_currentTaskList=191
D 09:57:43.9786788 PowerTaskList.DebugDump() - ID=192 ParentID=0 PreviousID=0 TaskCount=1
D 09:57:43.9786788 PowerTaskList.DebugDump() - Block Start=(null)
D 09:57:43.9786788 PowerTaskList.DebugPrintPower() -     TAG_CHANGE Entity=GameEntity tag=STEP value=MAIN_START 
D 09:57:43.9786788 PowerTaskList.DebugDump() - Block End=(null)
D 09:57:43.9786788 PowerProcessor.PrepareHistoryForCurrentTaskList() - m_currentTaskList=192
D 09:57:43.9786788 PowerProcessor.EndCurrentTaskList() - m_currentTaskList=192
D 09:57:43.9786788 PowerTaskList.DebugDump() - ID=193 ParentID=0 PreviousID=0 TaskCount=10
D 09:57:43.9786788 PowerTaskList.DebugPrintPower() - BLOCK_START BlockType=TRIGGER Entity=拯救网瘾对手#5318 EffectCardId=System.Collections.Generic.List`1[System.String] EffectIndex=-1 Target=0 SubOption=-1 TriggerKeyword=TAG_NOT_SET
D 09:57:43.9786788 PowerTaskList.DebugPrintPower() -     TAG_CHANGE Entity=拯救网瘾对手#5318 tag=2166 value=25 
D 09:57:43.9786788 PowerTaskList.DebugPrintPower() -     TAG_CHANGE Entity=拯救网瘾对手#5318 tag=467 value=1 
D 09:57:43.9786788 PowerTaskList.DebugPrintPower() -     TAG_CHANGE Entity=[entityName=UNKNOWN ENTITY [cardType=INVALID] id=25 zone=DECK zonePos=0 cardId= player=1] tag=ZONE value=HAND 
D 09:57:43.9786788 PowerTaskList.DebugPrintPower() -     TAG_CHANGE Entity=[entityName=UNKNOWN ENTITY [cardType=INVALID] id=25 zone=DECK zonePos=0 cardId= player=1] tag=ZONE_POSITION value=6 
D 09:57:43.9786788 PowerTaskList.DebugPrintPower() -     TAG_CHANGE Entity=[entityName=UNKNOWN ENTITY [cardType=INVALID] id=25 zone=DECK zonePos=0 cardId= player=1] tag=ZONE_POSITION value=0 
D 09:57:43.9786788 PowerTaskList.DebugPrintPower() -     TAG_CHANGE Entity=[entityName=UNKNOWN ENTITY [cardType=INVALID] id=25 zone=DECK zonePos=0 cardId= player=1] tag=ZONE_POSITION value=6 
D 09:57:43.9786788 PowerTaskList.DebugPrintPower() -     TAG_CHANGE Entity=拯救网瘾对手#5318 tag=NUM_CARDS_DRAWN_THIS_TURN value=1 
D 09:57:43.9786788 PowerTaskList.DebugPrintPower() -     TAG_CHANGE Entity=拯救网瘾对手#5318 tag=995 value=4 
D 09:57:43.9786788 PowerTaskList.DebugPrintPower() -     TAG_CHANGE Entity=拯救网瘾对手#5318 tag=467 value=0 
D 09:57:43.9786788 PowerTaskList.DebugPrintPower() -     TAG_CHANGE Entity=GameEntity tag=NEXT_STEP value=MAIN_ACTION 
D 09:57:43.9786788 PowerTaskList.DebugPrintPower() - BLOCK_END
D 09:57:43.9786788 PowerProcessor.PrepareHistoryForCurrentTaskList() - m_currentTaskList=193
D 09:57:45.5044377 PowerProcessor.EndCurrentTaskList() - m_currentTaskList=193
D 09:57:45.5114857 PowerTaskList.DebugDump() - ID=194 ParentID=0 PreviousID=0 TaskCount=1
D 09:57:45.5114857 PowerTaskList.DebugDump() - Block Start=(null)
D 09:57:45.5114857 PowerTaskList.DebugPrintPower() -     TAG_CHANGE Entity=GameEntity tag=STEP value=MAIN_ACTION 
D 09:57:45.5114857 PowerTaskList.DebugDump() - Block End=(null)
D 09:57:45.5114857 PowerProcessor.PrepareHistoryForCurrentTaskList() - m_currentTaskList=194
D 09:57:45.5114857 PowerProcessor.EndCurrentTaskList() - m_currentTaskList=194
D 09:57:45.5114857 PowerTaskList.DebugDump() - ID=195 ParentID=0 PreviousID=0 TaskCount=1
D 09:57:45.5114857 PowerTaskList.DebugPrintPower() - BLOCK_START BlockType=TRIGGER Entity=拯救网瘾对手#5318 EffectCardId=System.Collections.Generic.List`1[System.String] EffectIndex=-1 Target=0 SubOption=-1 TriggerKeyword=TAG_NOT_SET
D 09:57:45.5114857 PowerTaskList.DebugPrintPower() -     TAG_CHANGE Entity=GameEntity tag=NEXT_STEP value=MAIN_END 
D 09:57:45.5114857 PowerTaskList.DebugPrintPower() - BLOCK_END
D 09:57:45.5114857 PowerProcessor.PrepareHistoryForCurrentTaskList() - m_currentTaskList=195
D 09:57:45.5114857 PowerProcessor.EndCurrentTaskList() - m_currentTaskList=195
D 09:58:22.2045327 GameState.DebugPrintPowerList() - Count=21
D 09:58:22.2045327 GameState.DebugPrintPower() - BLOCK_START BlockType=PLAY Entity=[entityName=UNKNOWN ENTITY [cardType=INVALID] id=94 zone=HAND zonePos=3 cardId= player=1] EffectCardId=System.Collections.Generic.List`1[System.String] EffectIndex=0 Target=0 SubOption=-1 
D 09:58:22.2045327 GameState.DebugPrintPower() -     TAG_CHANGE Entity=拯救网瘾对手#5318 tag=NUM_CARDS_PLAYED_THIS_TURN value=1 
D 09:58:22.2045327 GameState.DebugPrintPower() -     TAG_CHANGE Entity=拯救网瘾对手#5318 tag=430 value=1 
D 09:58:22.2045327 GameState.DebugPrintPower() -     TAG_CHANGE Entity=[entityName=UNKNOWN ENTITY [cardType=INVALID] id=25 zone=HAND zonePos=6 cardId= player=1] tag=ZONE_POSITION value=5 
D 09:58:22.2045327 GameState.DebugPrintPower() -     TAG_CHANGE Entity=[entityName=UNKNOWN ENTITY [cardType=INVALID] id=40 zone=HAND zonePos=5 cardId= player=1] tag=ZONE_POSITION value=4 
D 09:58:22.2045327 GameState.DebugPrintPower() -     TAG_CHANGE Entity=[entityName=UNKNOWN ENTITY [cardType=INVALID] id=24 zone=HAND zonePos=4 cardId= player=1] tag=ZONE_POSITION value=3 
D 09:58:22.2045327 GameState.DebugPrintPower() -     TAG_CHANGE Entity=[entityName=UNKNOWN ENTITY [cardType=INVALID] id=94 zone=HAND zonePos=3 cardId= player=1] tag=ZONE_POSITION value=0 
D 09:58:22.2045327 GameState.DebugPrintPower() -     SHOW_ENTITY - Updating Entity=[entityName=UNKNOWN ENTITY [cardType=INVALID] id=94 zone=HAND zonePos=3 cardId= player=1] CardID=EDR_COIN2
D 09:58:22.2045327 GameState.DebugPrintPower() -         tag=CONTROLLER value=1
D 09:58:22.2045327 GameState.DebugPrintPower() -         tag=CARDTYPE value=SPELL
D 09:58:22.2045327 GameState.DebugPrintPower() -         tag=ZONE value=PLAY
D 09:58:22.2045327 GameState.DebugPrintPower() -         tag=ENTITY_ID value=94
D 09:58:22.2045327 GameState.DebugPrintPower() -         tag=CLASS value=NEUTRAL
D 09:58:22.2045327 GameState.DebugPrintPower() -         tag=JUST_PLAYED value=1
D 09:58:22.2045327 GameState.DebugPrintPower() -         tag=ZONE_POSITION value=0
D 09:58:22.2045327 GameState.DebugPrintPower() -         tag=NUM_TURNS_IN_HAND value=8
D 09:58:22.2045327 GameState.DebugPrintPower() -         tag=CREATOR value=1
D 09:58:22.2045327 GameState.DebugPrintPower() -         tag=1068 value=0
D 09:58:22.2045327 GameState.DebugPrintPower() -         tag=SPAWN_TIME_COUNT value=1
D 09:58:22.2045327 GameState.DebugPrintPower() -         tag=COIN_CARD value=1
D 09:58:22.2045327 GameState.DebugPrintPower() -         tag=3557 value=3
D 09:58:22.2045327 GameState.DebugPrintPower() -         tag=4901 value=0
D 09:58:22.2045327 GameState.DebugPrintPower() -     META_DATA - Meta=SLUSH_TIME Data=3000 InfoCount=1
D 09:58:22.2045327 GameState.DebugPrintPower() -                 Info[0] = [entityName=UNKNOWN ENTITY [cardType=INVALID] id=94 zone=HAND zonePos=3 cardId= player=1]
D 09:58:22.2045327 GameState.DebugPrintPower() -     TAG_CHANGE Entity=拯救网瘾对手#5318 tag=NUM_SPELLS_PLAYED_THIS_GAME value=2 
D 09:58:22.2045327 GameState.DebugPrintPower() -     BLOCK_START BlockType=POWER Entity=[entityName=UNKNOWN ENTITY [cardType=INVALID] id=94 zone=HAND zonePos=3 cardId= player=1] EffectCardId=System.Collections.Generic.List`1[System.String] EffectIndex=0 Target=0 SubOption=-1 
D 09:58:22.2045327 GameState.DebugPrintPower() -         TAG_CHANGE Entity=拯救网瘾对手#5318 tag=TEMP_RESOURCES value=1 
D 09:58:22.2045327 GameState.DebugPrintPower() -     BLOCK_END
D 09:58:22.2045327 GameState.DebugPrintPower() -     TAG_CHANGE Entity=[entityName=UNKNOWN ENTITY [cardType=INVALID] id=94 zone=HAND zonePos=3 cardId= player=1] tag=1068 value=4 
D 09:58:22.2045327 GameState.DebugPrintPower() -     TAG_CHANGE Entity=[entityName=UNKNOWN ENTITY [cardType=INVALID] id=94 zone=HAND zonePos=3 cardId= player=1] tag=1068 value=0 
D 09:58:22.2045327 GameState.DebugPrintPower() -     TAG_CHANGE Entity=[entityName=UNKNOWN ENTITY [cardType=INVALID] id=94 zone=HAND zonePos=3 cardId= player=1] tag=ZONE value=GRAVEYARD 
D 09:58:22.2045327 GameState.DebugPrintPower() -     TAG_CHANGE Entity=拯救网瘾对手#5318 tag=COMBO_ACTIVE value=1 
D 09:58:22.2045327 GameState.DebugPrintPower() -     TAG_CHANGE Entity=GameEntity tag=1323 value=13 
D 09:58:22.2045327 GameState.DebugPrintPower() -     TAG_CHANGE Entity=拯救网瘾对手#5318 tag=NUM_OPTIONS_PLAYED_THIS_TURN value=1 
D 09:58:22.2045327 GameState.DebugPrintPower() - BLOCK_END
D 09:58:22.2045327 GameState.DebugPrintPower() - META_DATA - Meta=SLUSH_TIME Data=1000 InfoCount=1
D 09:58:22.2045327 GameState.DebugPrintPower() -             Info[0] = [entityName=UNKNOWN ENTITY [cardType=INVALID] id=94 zone=HAND zonePos=3 cardId= player=1]
D 09:58:22.2045327 PowerTaskList.DebugDump() - ID=196 ParentID=0 PreviousID=0 TaskCount=9
D 09:58:22.2045327 PowerTaskList.DebugPrintPower() - BLOCK_START BlockType=PLAY Entity=[entityName=UNKNOWN ENTITY [cardType=INVALID] id=94 zone=HAND zonePos=3 cardId= player=1] EffectCardId=System.Collections.Generic.List`1[System.String] EffectIndex=0 Target=0 SubOption=-1 
D 09:58:22.2045327 PowerTaskList.DebugPrintPower() -     TAG_CHANGE Entity=拯救网瘾对手#5318 tag=NUM_CARDS_PLAYED_THIS_TURN value=1 
D 09:58:22.2045327 PowerTaskList.DebugPrintPower() -     TAG_CHANGE Entity=拯救网瘾对手#5318 tag=430 value=1 
D 09:58:22.2045327 PowerTaskList.DebugPrintPower() -     TAG_CHANGE Entity=[entityName=UNKNOWN ENTITY [cardType=INVALID] id=25 zone=HAND zonePos=6 cardId= player=1] tag=ZONE_POSITION value=5 
D 09:58:22.2045327 PowerTaskList.DebugPrintPower() -     TAG_CHANGE Entity=[entityName=UNKNOWN ENTITY [cardType=INVALID] id=40 zone=HAND zonePos=5 cardId= player=1] tag=ZONE_POSITION value=4 
D 09:58:22.2045327 PowerTaskList.DebugPrintPower() -     TAG_CHANGE Entity=[entityName=UNKNOWN ENTITY [cardType=INVALID] id=24 zone=HAND zonePos=4 cardId= player=1] tag=ZONE_POSITION value=3 
D 09:58:22.2045327 PowerTaskList.DebugPrintPower() -     TAG_CHANGE Entity=[entityName=UNKNOWN ENTITY [cardType=INVALID] id=94 zone=HAND zonePos=3 cardId= player=1] tag=ZONE_POSITION value=0 
D 09:58:22.2045327 PowerTaskList.DebugPrintPower() -     SHOW_ENTITY - Updating Entity=[entityName=UNKNOWN ENTITY [cardType=INVALID] id=94 zone=HAND zonePos=3 cardId= player=1] CardID=EDR_COIN2
D 09:58:22.2045327 PowerTaskList.DebugPrintPower() -         tag=CONTROLLER value=1
D 09:58:22.2045327 PowerTaskList.DebugPrintPower() -         tag=CARDTYPE value=SPELL
D 09:58:22.2045327 PowerTaskList.DebugPrintPower() -         tag=ZONE value=PLAY
D 09:58:22.2045327 PowerTaskList.DebugPrintPower() -         tag=ENTITY_ID value=94
D 09:58:22.2045327 PowerTaskList.DebugPrintPower() -         tag=CLASS value=NEUTRAL
D 09:58:22.2045327 PowerTaskList.DebugPrintPower() -         tag=JUST_PLAYED value=1
D 09:58:22.2045327 PowerTaskList.DebugPrintPower() -         tag=ZONE_POSITION value=0
D 09:58:22.2045327 PowerTaskList.DebugPrintPower() -         tag=NUM_TURNS_IN_HAND value=8
D 09:58:22.2045327 PowerTaskList.DebugPrintPower() -         tag=CREATOR value=1
D 09:58:22.2045327 PowerTaskList.DebugPrintPower() -         tag=1068 value=0
D 09:58:22.2045327 PowerTaskList.DebugPrintPower() -         tag=SPAWN_TIME_COUNT value=1
D 09:58:22.2045327 PowerTaskList.DebugPrintPower() -         tag=COIN_CARD value=1
D 09:58:22.2045327 PowerTaskList.DebugPrintPower() -         tag=3557 value=3
D 09:58:22.2045327 PowerTaskList.DebugPrintPower() -         tag=4901 value=0
D 09:58:22.2045327 PowerTaskList.DebugPrintPower() -     META_DATA - Meta=SLUSH_TIME Data=3000 InfoCount=1
D 09:58:22.2045327 PowerTaskList.DebugPrintPower() -                 Info[0] = [entityName=UNKNOWN ENTITY [cardType=INVALID] id=94 zone=HAND zonePos=3 cardId= player=1]
D 09:58:22.2045327 PowerTaskList.DebugPrintPower() -     TAG_CHANGE Entity=拯救网瘾对手#5318 tag=NUM_SPELLS_PLAYED_THIS_GAME value=2 
D 09:58:22.2045327 PowerTaskList.DebugDump() - Block End=(null)
D 09:58:22.2045327 PowerProcessor.PrepareHistoryForCurrentTaskList() - m_currentTaskList=196
D 09:58:22.2045327 PowerProcessor.DoTaskListForCard() - unhandled BlockType PLAY for sourceEntity [entityName=UNKNOWN ENTITY [cardType=INVALID] id=94 zone=HAND zonePos=3 cardId= player=1]
D 09:58:23.6090028 PowerProcessor.EndCurrentTaskList() - m_currentTaskList=196
D 09:58:23.6161698 GameState.DebugPrintPowerList() - Count=30
D 09:58:23.6161698 GameState.DebugPrintPower() - BLOCK_START BlockType=PLAY Entity=[entityName=下水道管网 id=15 zone=PLAY zonePos=2 cardId=JAIL_877 player=1] EffectCardId=System.Collections.Generic.List`1[System.String] EffectIndex=0 Target=0 SubOption=-1 
D 09:58:23.6161698 GameState.DebugPrintPower() -     BLOCK_START BlockType=POWER Entity=[entityName=下水道管网 id=15 zone=PLAY zonePos=2 cardId=JAIL_877 player=1] EffectCardId=System.Collections.Generic.List`1[System.String] EffectIndex=0 Target=0 SubOption=-1 
D 09:58:23.6161698 GameState.DebugPrintPower() -         TAG_CHANGE Entity=[entityName=下水道管网 id=15 zone=PLAY zonePos=2 cardId=JAIL_877 player=1] tag=DAMAGE value=2 
D 09:58:23.6161698 GameState.DebugPrintPower() -         BLOCK_START BlockType=DEATHS Entity=GameEntity EffectCardId=System.Collections.Generic.List`1[System.String] EffectIndex=0 Target=0 SubOption=-1 
D 09:58:23.6161698 GameState.DebugPrintPower() -             TAG_CHANGE Entity=[entityName=下水道管网 id=15 zone=PLAY zonePos=2 cardId=JAIL_877 player=1] tag=1068 value=4 
D 09:58:23.6161698 GameState.DebugPrintPower() -             TAG_CHANGE Entity=[entityName=下水道管网 id=15 zone=PLAY zonePos=2 cardId=JAIL_877 player=1] tag=1068 value=0 
D 09:58:23.6161698 GameState.DebugPrintPower() -             TAG_CHANGE Entity=[entityName=侧进蛇 id=117 zone=PLAY zonePos=5 cardId=WW_806t player=1] tag=ZONE_POSITION value=4 
D 09:58:23.6161698 GameState.DebugPrintPower() -             TAG_CHANGE Entity=[entityName=侧进蛇 id=116 zone=PLAY zonePos=4 cardId=WW_806t player=1] tag=ZONE_POSITION value=3 
D 09:58:23.6161698 GameState.DebugPrintPower() -             TAG_CHANGE Entity=[entityName=鼠吻贮藏者 id=110 zone=PLAY zonePos=3 cardId=JAIL_877t player=1] tag=ZONE_POSITION value=2 
D 09:58:23.6161698 GameState.DebugPrintPower() -             TAG_CHANGE Entity=[entityName=下水道管网 id=15 zone=PLAY zonePos=2 cardId=JAIL_877 player=1] tag=1037 value=1 
D 09:58:23.6161698 GameState.DebugPrintPower() -             TAG_CHANGE Entity=[entityName=下水道管网 id=15 zone=PLAY zonePos=2 cardId=JAIL_877 player=1] tag=ZONE_POSITION value=0 
D 09:58:23.6161698 GameState.DebugPrintPower() -             TAG_CHANGE Entity=[entityName=下水道管网 id=15 zone=PLAY zonePos=2 cardId=JAIL_877 player=1] tag=ZONE value=GRAVEYARD 
D 09:58:23.6161698 GameState.DebugPrintPower() -             TAG_CHANGE Entity=[entityName=下水道管网 id=15 zone=PLAY zonePos=2 cardId=JAIL_877 player=1] tag=DAMAGE value=0 
D 09:58:23.6161698 GameState.DebugPrintPower() -         BLOCK_END
D 09:58:23.6161698 GameState.DebugPrintPower() -         META_DATA - Meta=EFFECT_TIMING Data=0 InfoCount=1
D 09:58:23.6161698 GameState.DebugPrintPower() -                     Info[0] = [entityName=下水道管网 id=15 zone=PLAY zonePos=2 cardId=JAIL_877 player=1]
D 09:58:23.6161698 GameState.DebugPrintPower() -         SUB_SPELL_START - SpellPrefabGUID=ReuseFX_Undead_SpawnToHand_Burrowing_Mist_Super:249eb64f06e8a4f4b8a3640af5e02aa0 Source=15 TargetCount=0
D 09:58:23.6161698 GameState.DebugPrintPower() -                           Source = [entityName=下水道管网 id=15 zone=PLAY zonePos=2 cardId=JAIL_877 player=1]
D 09:58:23.6161698 GameState.DebugPrintPower() -             TAG_CHANGE Entity=[entityName=侧进蛇 id=117 zone=PLAY zonePos=5 cardId=WW_806t player=1] tag=ZONE_POSITION value=5 
D 09:58:23.6161698 GameState.DebugPrintPower() -             TAG_CHANGE Entity=[entityName=侧进蛇 id=116 zone=PLAY zonePos=4 cardId=WW_806t player=1] tag=ZONE_POSITION value=4 
D 09:58:23.6161698 GameState.DebugPrintPower() -             TAG_CHANGE Entity=[entityName=鼠吻贮藏者 id=110 zone=PLAY zonePos=3 cardId=JAIL_877t player=1] tag=ZONE_POSITION value=3 
D 09:58:23.6161698 GameState.DebugPrintPower() -             FULL_ENTITY - Creating ID=123 CardID=JAIL_877t
D 09:58:23.6161698 GameState.DebugPrintPower() -                 tag=CONTROLLER value=1
D 09:58:23.6161698 GameState.DebugPrintPower() -                 tag=CARDTYPE value=MINION
D 09:58:23.6161698 GameState.DebugPrintPower() -                 tag=1196 value=1
D 09:58:23.6161698 GameState.DebugPrintPower() -                 tag=TAG_LAST_KNOWN_COST_IN_HAND value=2
D 09:58:23.6161698 GameState.DebugPrintPower() -                 tag=479 value=2
D 09:58:23.6161698 GameState.DebugPrintPower() -                 tag=COST value=2
D 09:58:23.6161698 GameState.DebugPrintPower() -                 tag=ATK value=2
D 09:58:23.6161698 GameState.DebugPrintPower() -                 tag=HEALTH value=1
D 09:58:23.6161698 GameState.DebugPrintPower() -                 tag=EXHAUSTED value=1
D 09:58:23.6161698 GameState.DebugPrintPower() -                 tag=ZONE value=PLAY
D 09:58:23.6161698 GameState.DebugPrintPower() -                 tag=ENTITY_ID value=123
D 09:58:23.6161698 GameState.DebugPrintPower() -                 tag=CLASS value=HUNTER
D 09:58:23.6161698 GameState.DebugPrintPower() -                 tag=CARDRACE value=BEAST
D 09:58:23.6161698 GameState.DebugPrintPower() -                 tag=DEATHRATTLE value=1
D 09:58:23.6161698 GameState.DebugPrintPower() -                 tag=ZONE_POSITION value=2
D 09:58:23.6161698 GameState.DebugPrintPower() -                 tag=CREATOR value=15
D 09:58:23.6161698 GameState.DebugPrintPower() -                 tag=1037 value=1
D 09:58:23.6161698 GameState.DebugPrintPower() -                 tag=1254 value=15
D 09:58:23.6161698 GameState.DebugPrintPower() -                 tag=CREATOR_DBID value=126295
D 09:58:23.6161698 GameState.DebugPrintPower() -                 tag=SPAWN_TIME_COUNT value=1
D 09:58:23.6161698 GameState.DebugPrintPower() -                 tag=HAS_ACTIVATE_POWER value=1
D 09:58:23.6161698 GameState.DebugPrintPower() -                 tag=3085 value=1
D 09:58:23.6161698 GameState.DebugPrintPower() -                 tag=4901 value=1
D 09:58:23.6161698 GameState.DebugPrintPower() -             TAG_CHANGE Entity=123 tag=4901 value=0 
D 09:58:23.6161698 GameState.DebugPrintPower() -         SUB_SPELL_END
D 09:58:23.6161698 GameState.DebugPrintPower() -         TAG_CHANGE Entity=[entityName=下水道管网 id=15 zone=PLAY zonePos=2 cardId=JAIL_877 player=1] tag=LOCATION_ACTION_COOLDOWN value=1 
D 09:58:23.6161698 GameState.DebugPrintPower() -     BLOCK_END
D 09:58:23.6161698 GameState.DebugPrintPower() -     TAG_CHANGE Entity=拯救网瘾对手#5318 tag=3525 value=2 
D 09:58:23.6161698 GameState.DebugPrintPower() -     TAG_CHANGE Entity=[entityName=下水道管网 id=15 zone=PLAY zonePos=2 cardId=JAIL_877 player=1] tag=DAMAGE value=1 
D 09:58:23.6161698 GameState.DebugPrintPower() -     TAG_CHANGE Entity=GameEntity tag=1323 value=14 
D 09:58:23.6161698 GameState.DebugPrintPower() -     TAG_CHANGE Entity=拯救网瘾对手#5318 tag=NUM_OPTIONS_PLAYED_THIS_TURN value=2 
D 09:58:23.6161698 GameState.DebugPrintPower() - BLOCK_END
D 09:58:23.6161698 GameState.DebugPrintPower() - META_DATA - Meta=SLUSH_TIME Data=1000 InfoCount=1
D 09:58:23.6161698 GameState.DebugPrintPower() -             Info[0] = [entityName=下水道管网 id=15 zone=PLAY zonePos=2 cardId=JAIL_877 player=1]
D 09:58:23.6161698 PowerTaskList.DebugDump() - ID=197 ParentID=196 PreviousID=0 TaskCount=1
D 09:58:23.6161698 PowerTaskList.DebugPrintPower() - BLOCK_START BlockType=POWER Entity=[entityName=幸运币 id=94 zone=PLAY zonePos=0 cardId=EDR_COIN2 player=1] EffectCardId=System.Collections.Generic.List`1[System.String] EffectIndex=0 Target=0 SubOption=-1 
D 09:58:23.6161698 PowerTaskList.DebugPrintPower() -     TAG_CHANGE Entity=拯救网瘾对手#5318 tag=TEMP_RESOURCES value=1 
D 09:58:23.6161698 PowerTaskList.DebugPrintPower() - BLOCK_END
D 09:58:23.6161698 PowerProcessor.PrepareHistoryForCurrentTaskList() - m_currentTaskList=197
D 09:58:23.6653854 PowerProcessor.EndCurrentTaskList() - m_currentTaskList=197
D 09:58:23.6653854 PowerTaskList.DebugDump() - ID=198 ParentID=0 PreviousID=196 TaskCount=6
D 09:58:23.6653854 PowerTaskList.DebugDump() - Block Start=(null)
D 09:58:23.6653854 PowerTaskList.DebugPrintPower() -     TAG_CHANGE Entity=[entityName=幸运币 id=94 zone=PLAY zonePos=0 cardId=EDR_COIN2 player=1] tag=1068 value=4 
D 09:58:23.6653854 PowerTaskList.DebugPrintPower() -     TAG_CHANGE Entity=[entityName=幸运币 id=94 zone=PLAY zonePos=0 cardId=EDR_COIN2 player=1] tag=1068 value=0 
D 09:58:23.6653854 PowerTaskList.DebugPrintPower() -     TAG_CHANGE Entity=[entityName=幸运币 id=94 zone=PLAY zonePos=0 cardId=EDR_COIN2 player=1] tag=ZONE value=GRAVEYARD 
D 09:58:23.6653854 PowerTaskList.DebugPrintPower() -     TAG_CHANGE Entity=拯救网瘾对手#5318 tag=COMBO_ACTIVE value=1 
D 09:58:23.6653854 PowerTaskList.DebugPrintPower() -     TAG_CHANGE Entity=GameEntity tag=1323 value=13 
D 09:58:23.6653854 PowerTaskList.DebugPrintPower() -     TAG_CHANGE Entity=拯救网瘾对手#5318 tag=NUM_OPTIONS_PLAYED_THIS_TURN value=1 
D 09:58:23.6653854 PowerTaskList.DebugPrintPower() - BLOCK_END
D 09:58:23.6653854 PowerProcessor.PrepareHistoryForCurrentTaskList() - m_currentTaskList=198
D 09:58:23.6653854 PowerProcessor.DoTaskListForCard() - unhandled BlockType PLAY for sourceEntity [entityName=幸运币 id=94 zone=PLAY zonePos=0 cardId=EDR_COIN2 player=1]
D 09:58:23.6786573 PowerProcessor.EndCurrentTaskList() - m_currentTaskList=198
D 09:58:25.2151966 GameState.DebugPrintPowerList() - Count=38
D 09:58:25.2151966 GameState.DebugPrintPower() - TAG_CHANGE Entity=[entityName=鼠吻贮藏者 id=123 zone=PLAY zonePos=2 cardId=JAIL_877t player=1] tag=1196 value=0 
D 09:58:25.2151966 GameState.DebugPrintPower() - BLOCK_START BlockType=PLAY Entity=[entityName=UNKNOWN ENTITY [cardType=INVALID] id=40 zone=HAND zonePos=4 cardId= player=1] EffectCardId=System.Collections.Generic.List`1[System.String] EffectIndex=0 Target=0 SubOption=-1 
D 09:58:25.2151966 GameState.DebugPrintPower() -     TAG_CHANGE Entity=拯救网瘾对手#5318 tag=2245 value=11 
D 09:58:25.2151966 GameState.DebugPrintPower() -     TAG_CHANGE Entity=拯救网瘾对手#5318 tag=TEMP_RESOURCES value=0 
D 09:58:25.2151966 GameState.DebugPrintPower() -     TAG_CHANGE Entity=拯救网瘾对手#5318 tag=RESOURCES_USED value=4 
D 09:58:25.2151966 GameState.DebugPrintPower() -     TAG_CHANGE Entity=拯救网瘾对手#5318 tag=NUM_RESOURCES_SPENT_THIS_GAME value=11 
D 09:58:25.2151966 GameState.DebugPrintPower() -     TAG_CHANGE Entity=拯救网瘾对手#5318 tag=NUM_CARDS_PLAYED_THIS_TURN value=2 
D 09:58:25.2151966 GameState.DebugPrintPower() -     TAG_CHANGE Entity=拯救网瘾对手#5318 tag=NUM_MINIONS_PLAYED_THIS_TURN value=1 
D 09:58:25.2151966 GameState.DebugPrintPower() -     TAG_CHANGE Entity=[entityName=UNKNOWN ENTITY [cardType=INVALID] id=25 zone=HAND zonePos=5 cardId= player=1] tag=ZONE_POSITION value=4 
D 09:58:25.2151966 GameState.DebugPrintPower() -     TAG_CHANGE Entity=[entityName=UNKNOWN ENTITY [cardType=INVALID] id=40 zone=HAND zonePos=4 cardId= player=1] tag=ZONE_POSITION value=0 
D 09:58:25.2151966 GameState.DebugPrintPower() -     SHOW_ENTITY - Updating Entity=[entityName=UNKNOWN ENTITY [cardType=INVALID] id=40 zone=HAND zonePos=4 cardId= player=1] CardID=FP1_030
D 09:58:25.2151966 GameState.DebugPrintPower() -         tag=CONTROLLER value=1
D 09:58:25.2151966 GameState.DebugPrintPower() -         tag=CARDTYPE value=MINION
D 09:58:25.2151966 GameState.DebugPrintPower() -         tag=TAG_LAST_KNOWN_COST_IN_HAND value=5
D 09:58:25.2151966 GameState.DebugPrintPower() -         tag=479 value=5
D 09:58:25.2151966 GameState.DebugPrintPower() -         tag=COST value=5
D 09:58:25.2151966 GameState.DebugPrintPower() -         tag=ATK value=5
D 09:58:25.2151966 GameState.DebugPrintPower() -         tag=HEALTH value=5
D 09:58:25.2151966 GameState.DebugPrintPower() -         tag=ZONE value=PLAY
D 09:58:25.2151966 GameState.DebugPrintPower() -         tag=ENTITY_ID value=40
D 09:58:25.2151966 GameState.DebugPrintPower() -         tag=ELITE value=1
D 09:58:25.2151966 GameState.DebugPrintPower() -         tag=CLASS value=NEUTRAL
D 09:58:25.2151966 GameState.DebugPrintPower() -         tag=CARDRACE value=UNDEAD
D 09:58:25.2151966 GameState.DebugPrintPower() -         tag=RARITY value=LEGENDARY
D 09:58:25.2151966 GameState.DebugPrintPower() -         tag=BATTLECRY value=1
D 09:58:25.2151966 GameState.DebugPrintPower() -         tag=JUST_PLAYED value=1
D 09:58:25.2151966 GameState.DebugPrintPower() -         tag=ZONE_POSITION value=0
D 09:58:25.2151966 GameState.DebugPrintPower() -         tag=NUM_TURNS_IN_HAND value=3
D 09:58:25.2151966 GameState.DebugPrintPower() -         tag=478 value=1
D 09:58:25.2151966 GameState.DebugPrintPower() -         tag=1037 value=0
D 09:58:25.2151966 GameState.DebugPrintPower() -         tag=1043 value=1
D 09:58:25.2151966 GameState.DebugPrintPower() -         tag=1068 value=0
D 09:58:25.2151966 GameState.DebugPrintPower() -         tag=SPAWN_TIME_COUNT value=1
D 09:58:25.2151966 GameState.DebugPrintPower() -         tag=1570 value=6
D 09:58:25.2151966 GameState.DebugPrintPower() -         tag=HAS_DIAMOND_QUALITY value=1
D 09:58:25.2151966 GameState.DebugPrintPower() -         tag=HAS_SIGNATURE_QUALITY value=1
D 09:58:25.2151966 GameState.DebugPrintPower() -         tag=HAS_ACTIVATE_POWER value=1
D 09:58:25.2151966 GameState.DebugPrintPower() -         tag=3085 value=5
D 09:58:25.2151966 GameState.DebugPrintPower() -         tag=3557 value=4
D 09:58:25.2151966 GameState.DebugPrintPower() -         tag=4472 value=5
D 09:58:25.2151966 GameState.DebugPrintPower() -     TAG_CHANGE Entity=[entityName=UNKNOWN ENTITY [cardType=INVALID] id=40 zone=HAND zonePos=4 cardId= player=1] tag=ZONE_POSITION value=6 
D 09:58:25.2151966 GameState.DebugPrintPower() -     TAG_CHANGE Entity=[entityName=UNKNOWN ENTITY [cardType=INVALID] id=40 zone=HAND zonePos=4 cardId= player=1] tag=1196 value=1 
D 09:58:25.2151966 GameState.DebugPrintPower() -     TAG_CHANGE Entity=[entityName=UNKNOWN ENTITY [cardType=INVALID] id=40 zone=HAND zonePos=4 cardId= player=1] tag=EXHAUSTED value=1 
D 09:58:25.2151966 GameState.DebugPrintPower() -     META_DATA - Meta=SLUSH_TIME Data=3000 InfoCount=1
D 09:58:25.2151966 GameState.DebugPrintPower() -                 Info[0] = [entityName=UNKNOWN ENTITY [cardType=INVALID] id=40 zone=HAND zonePos=4 cardId= player=1]
D 09:58:25.2151966 GameState.DebugPrintPower() -     BLOCK_START BlockType=POWER Entity=[entityName=UNKNOWN ENTITY [cardType=INVALID] id=40 zone=HAND zonePos=4 cardId= player=1] EffectCardId=System.Collections.Generic.List`1[System.String] EffectIndex=0 Target=0 SubOption=-1 
D 09:58:25.2151966 GameState.DebugPrintPower() -         FULL_ENTITY - Creating ID=125 CardID=
D 09:58:25.2151966 GameState.DebugPrintPower() -             tag=ZONE value=SETASIDE
D 09:58:25.2151966 GameState.DebugPrintPower() -             tag=CONTROLLER value=1
D 09:58:25.2151966 GameState.DebugPrintPower() -             tag=ENTITY_ID value=125
D 09:58:25.2151966 GameState.DebugPrintPower() -         SHOW_ENTITY - Updating Entity=125 CardID=FP1_030e
D 09:58:25.2151966 GameState.DebugPrintPower() -             tag=CONTROLLER value=1
D 09:58:25.2151966 GameState.DebugPrintPower() -             tag=CARDTYPE value=ENCHANTMENT
D 09:58:25.2151966 GameState.DebugPrintPower() -             tag=ATTACHED value=3
D 09:58:25.2151966 GameState.DebugPrintPower() -             tag=ZONE value=SETASIDE
D 09:58:25.2151966 GameState.DebugPrintPower() -             tag=ENTITY_ID value=125
D 09:58:25.2151966 GameState.DebugPrintPower() -             tag=CLASS value=NEUTRAL
D 09:58:25.2151966 GameState.DebugPrintPower() -             tag=CREATOR value=40
D 09:58:25.2151966 GameState.DebugPrintPower() -             tag=1037 value=1
D 09:58:25.2151966 GameState.DebugPrintPower() -             tag=1068 value=0
D 09:58:25.2151966 GameState.DebugPrintPower() -             tag=CREATOR_DBID value=1914
D 09:58:25.2151966 GameState.DebugPrintPower() -             tag=SPAWN_TIME_COUNT value=1
D 09:58:25.2151966 GameState.DebugPrintPower() -             tag=4901 value=0
D 09:58:25.2151966 GameState.DebugPrintPower() -         TAG_CHANGE Entity=125 tag=1068 value=1 
D 09:58:25.2151966 GameState.DebugPrintPower() -         TAG_CHANGE Entity=125 tag=1068 value=0 
D 09:58:25.2151966 GameState.DebugPrintPower() -         TAG_CHANGE Entity=125 tag=ZONE value=PLAY 
D 09:58:25.2151966 GameState.DebugPrintPower() -         TAG_CHANGE Entity=[entityName=波涛形塑 id=87 zone=HAND zonePos=6 cardId=TIME_701 player=2] tag=TAG_LAST_KNOWN_COST_IN_HAND value=6 
D 09:58:25.2151966 GameState.DebugPrintPower() -         TAG_CHANGE Entity=[entityName=月火术 id=86 zone=HAND zonePos=7 cardId=CS2_008 player=2] tag=TAG_LAST_KNOWN_COST_IN_HAND value=5 
D 09:58:25.2151966 GameState.DebugPrintPower() -         TAG_CHANGE Entity=[entityName=雷霆绽放 id=78 zone=HAND zonePos=2 cardId=SCH_427 player=2] tag=TAG_LAST_KNOWN_COST_IN_HAND value=5 
D 09:58:25.2151966 GameState.DebugPrintPower() -         TAG_CHANGE Entity=[entityName=月光射线 id=60 zone=HAND zonePos=4 cardId=TID_001 player=2] tag=TAG_LAST_KNOWN_COST_IN_HAND value=6 
D 09:58:25.2151966 GameState.DebugPrintPower() -         TAG_CHANGE Entity=[entityName=活体根须 id=56 zone=HAND zonePos=3 cardId=CORE_AT_037 player=2] tag=TAG_LAST_KNOWN_COST_IN_HAND value=6 
D 09:58:25.2151966 GameState.DebugPrintPower() -         TAG_CHANGE Entity=[entityName=波涛形塑 id=87 zone=HAND zonePos=6 cardId=TIME_701 player=2] tag=COST value=6 
D 09:58:25.2151966 GameState.DebugPrintPower() -         TAG_CHANGE Entity=[entityName=月火术 id=86 zone=HAND zonePos=7 cardId=CS2_008 player=2] tag=COST value=5 
D 09:58:25.2151966 GameState.DebugPrintPower() -         TAG_CHANGE Entity=[entityName=雷霆绽放 id=78 zone=HAND zonePos=2 cardId=SCH_427 player=2] tag=COST value=5 
D 09:58:25.2151966 GameState.DebugPrintPower() -         TAG_CHANGE Entity=[entityName=月光射线 id=60 zone=HAND zonePos=4 cardId=TID_001 player=2] tag=COST value=6 
D 09:58:25.2151966 GameState.DebugPrintPower() -         TAG_CHANGE Entity=[entityName=活体根须 id=56 zone=HAND zonePos=3 cardId=CORE_AT_037 player=2] tag=COST value=6 
D 09:58:25.2151966 GameState.DebugPrintPower() -         TAG_CHANGE Entity=湫然#51704 tag=4741 value=2 
D 09:58:25.2151966 GameState.DebugPrintPower() -         TAG_CHANGE Entity=湫然#51704 tag=LAST_AFFECTED_BY value=40 
D 09:58:25.2151966 GameState.DebugPrintPower() -     BLOCK_END
D 09:58:25.2151966 GameState.DebugPrintPower() -     TAG_CHANGE Entity=GameEntity tag=1323 value=15 
D 09:58:25.2151966 GameState.DebugPrintPower() -     TAG_CHANGE Entity=拯救网瘾对手#5318 tag=NUM_OPTIONS_PLAYED_THIS_TURN value=3 
D 09:58:25.2151966 GameState.DebugPrintPower() - BLOCK_END
D 09:58:25.2151966 GameState.DebugPrintPower() - META_DATA - Meta=SLUSH_TIME Data=1000 InfoCount=1
D 09:58:25.2151966 GameState.DebugPrintPower() -             Info[0] = [entityName=UNKNOWN ENTITY [cardType=INVALID] id=40 zone=HAND zonePos=4 cardId= player=1]
D 09:58:26.2422737 PowerTaskList.DebugDump() - ID=199 ParentID=0 PreviousID=0 TaskCount=1
D 09:58:26.2422737 PowerTaskList.DebugDump() - Block Start=(null)
D 09:58:26.2422737 PowerTaskList.DebugPrintPower() -     META_DATA - Meta=SLUSH_TIME Data=1000 InfoCount=1
D 09:58:26.2422737 PowerTaskList.DebugPrintPower() -                 Info[0] = [entityName=幸运币 id=94 zone=GRAVEYARD zonePos=0 cardId=EDR_COIN2 player=1]
D 09:58:26.2422737 PowerTaskList.DebugDump() - Block End=(null)
D 09:58:26.2422737 PowerProcessor.PrepareHistoryForCurrentTaskList() - m_currentTaskList=199
D 09:58:26.2422737 PowerProcessor.EndCurrentTaskList() - m_currentTaskList=199
D 09:58:26.2422737 PowerTaskList.DebugDump() - ID=200 ParentID=0 PreviousID=0 TaskCount=0
D 09:58:26.2422737 PowerTaskList.DebugPrintPower() - BLOCK_START BlockType=PLAY Entity=[entityName=下水道管网 id=15 zone=PLAY zonePos=2 cardId=JAIL_877 player=1] EffectCardId=System.Collections.Generic.List`1[System.String] EffectIndex=0 Target=0 SubOption=-1 
D 09:58:26.2422737 PowerTaskList.DebugDump() - Block End=(null)
D 09:58:26.2422737 PowerProcessor.PrepareHistoryForCurrentTaskList() - m_currentTaskList=200
D 09:58:26.2422737 PowerProcessor.DoTaskListForCard() - unhandled BlockType PLAY for sourceEntity [entityName=下水道管网 id=15 zone=PLAY zonePos=2 cardId=JAIL_877 player=1]
D 09:58:26.2422737 PowerProcessor.EndCurrentTaskList() - m_currentTaskList=200
D 09:58:26.4088120 GameState.DebugPrintPowerList() - Count=38
D 09:58:26.4088120 GameState.DebugPrintPower() - TAG_CHANGE Entity=[entityName=UNKNOWN ENTITY [cardType=INVALID] id=40 zone=HAND zonePos=4 cardId= player=1] tag=1196 value=0 
D 09:58:26.4088120 GameState.DebugPrintPower() - BLOCK_START BlockType=ATTACK Entity=[entityName=鼠吻贮藏者 id=110 zone=PLAY zonePos=3 cardId=JAIL_877t player=1] EffectCardId=System.Collections.Generic.List`1[System.String] EffectIndex=0 Target=[entityName=嘲风望月露娜拉 id=92 zone=PLAY zonePos=0 cardId=HERO_06bi player=2] SubOption=-1 
D 09:58:26.4088120 GameState.DebugPrintPower() -     TAG_CHANGE Entity=拯救网瘾对手#5318 tag=NUM_FRIENDLY_MINIONS_THAT_ATTACKED_THIS_TURN value=1 
D 09:58:26.4088120 GameState.DebugPrintPower() -     TAG_CHANGE Entity=GameEntity tag=PROPOSED_ATTACKER value=110 
D 09:58:26.4088120 GameState.DebugPrintPower() -     TAG_CHANGE Entity=GameEntity tag=PROPOSED_DEFENDER value=92 
D 09:58:26.4088120 GameState.DebugPrintPower() -     TAG_CHANGE Entity=[entityName=鼠吻贮藏者 id=110 zone=PLAY zonePos=3 cardId=JAIL_877t player=1] tag=ATTACKING value=1 
D 09:58:26.4088120 GameState.DebugPrintPower() -     META_DATA - Meta=SLUSH_TIME Data=1200 InfoCount=1
D 09:58:26.4088120 GameState.DebugPrintPower() -                 Info[0] = [entityName=鼠吻贮藏者 id=110 zone=PLAY zonePos=3 cardId=JAIL_877t player=1]
D 09:58:26.4088120 GameState.DebugPrintPower() -     TAG_CHANGE Entity=[entityName=嘲风望月露娜拉 id=92 zone=PLAY zonePos=0 cardId=HERO_06bi player=2] tag=DEFENDING value=1 
D 09:58:26.4088120 GameState.DebugPrintPower() -     TAG_CHANGE Entity=[entityName=鼠吻贮藏者 id=110 zone=PLAY zonePos=3 cardId=JAIL_877t player=1] tag=NUM_ATTACKS_THIS_TURN value=1 
D 09:58:26.4088120 GameState.DebugPrintPower() -     TAG_CHANGE Entity=[entityName=鼠吻贮藏者 id=110 zone=PLAY zonePos=3 cardId=JAIL_877t player=1] tag=4163 value=2 
D 09:58:26.4088120 GameState.DebugPrintPower() -     TAG_CHANGE Entity=[entityName=鼠吻贮藏者 id=110 zone=PLAY zonePos=3 cardId=JAIL_877t player=1] tag=EXHAUSTED value=1 
D 09:58:26.4088120 GameState.DebugPrintPower() -     TAG_CHANGE Entity=[entityName=嘲风望月露娜拉 id=92 zone=PLAY zonePos=0 cardId=HERO_06bi player=2] tag=2187 value=110 
D 09:58:26.4088120 GameState.DebugPrintPower() -     TAG_CHANGE Entity=[entityName=嘲风望月露娜拉 id=92 zone=PLAY zonePos=0 cardId=HERO_06bi player=2] tag=PREDAMAGE value=2 
D 09:58:26.4088120 GameState.DebugPrintPower() -     TAG_CHANGE Entity=[entityName=嘲风望月露娜拉 id=92 zone=PLAY zonePos=0 cardId=HERO_06bi player=2] tag=1173 value=92 
D 09:58:26.4088120 GameState.DebugPrintPower() -     TAG_CHANGE Entity=[entityName=嘲风望月露娜拉 id=92 zone=PLAY zonePos=0 cardId=HERO_06bi player=2] tag=2187 value=0 
D 09:58:26.4088120 GameState.DebugPrintPower() -     TAG_CHANGE Entity=[entityName=嘲风望月露娜拉 id=92 zone=PLAY zonePos=0 cardId=HERO_06bi player=2] tag=PREDAMAGE value=0 
D 09:58:26.4088120 GameState.DebugPrintPower() -     TAG_CHANGE Entity=[entityName=嘲风望月露娜拉 id=92 zone=PLAY zonePos=0 cardId=HERO_06bi player=2] tag=1173 value=0 
D 09:58:26.4088120 GameState.DebugPrintPower() -     TAG_CHANGE Entity=[entityName=嘲风望月露娜拉 id=92 zone=PLAY zonePos=0 cardId=HERO_06bi player=2] tag=PREDAMAGE value=2 
D 09:58:26.4088120 GameState.DebugPrintPower() -     TAG_CHANGE Entity=[entityName=嘲风望月露娜拉 id=92 zone=PLAY zonePos=0 cardId=HERO_06bi player=2] tag=PREDAMAGE value=0 
D 09:58:26.4088120 GameState.DebugPrintPower() -     META_DATA - Meta=DAMAGE Data=2 InfoCount=1
D 09:58:26.4088120 GameState.DebugPrintPower() -                 Info[0] = [entityName=嘲风望月露娜拉 id=92 zone=PLAY zonePos=0 cardId=HERO_06bi player=2]
D 09:58:26.4088120 GameState.DebugPrintPower() -     TAG_CHANGE Entity=[entityName=嘲风望月露娜拉 id=92 zone=PLAY zonePos=0 cardId=HERO_06bi player=2] tag=4741 value=6 
D 09:58:26.4088120 GameState.DebugPrintPower() -     TAG_CHANGE Entity=[entityName=嘲风望月露娜拉 id=92 zone=PLAY zonePos=0 cardId=HERO_06bi player=2] tag=LAST_AFFECTED_BY value=110 
D 09:58:26.4088120 GameState.DebugPrintPower() -     TAG_CHANGE Entity=[entityName=嘲风望月露娜拉 id=92 zone=PLAY zonePos=0 cardId=HERO_06bi player=2] tag=DAMAGE value=9 
D 09:58:26.4088120 GameState.DebugPrintPower() -     TAG_CHANGE Entity=湫然#51704 tag=464 value=2 
D 09:58:26.4088120 GameState.DebugPrintPower() -     TAG_CHANGE Entity=湫然#51704 tag=1853 value=10 
D 09:58:26.4088120 GameState.DebugPrintPower() -     TAG_CHANGE Entity=湫然#51704 tag=4453 value=1 
D 09:58:26.4088120 GameState.DebugPrintPower() -     TAG_CHANGE Entity=湫然#51704 tag=DAMAGE_DEALT_TO_HERO_LAST_TURN value=2 
D 09:58:26.4088120 GameState.DebugPrintPower() -     TAG_CHANGE Entity=湫然#51704 tag=1575 value=1 
D 09:58:26.4088120 GameState.DebugPrintPower() -     TAG_CHANGE Entity=GameEntity tag=1710 value=1 
D 09:58:26.4088120 GameState.DebugPrintPower() -     TAG_CHANGE Entity=GameEntity tag=1710 value=0 
D 09:58:26.4088120 GameState.DebugPrintPower() -     TAG_CHANGE Entity=GameEntity tag=PROPOSED_ATTACKER value=0 
D 09:58:26.4088120 GameState.DebugPrintPower() -     TAG_CHANGE Entity=GameEntity tag=PROPOSED_DEFENDER value=0 
D 09:58:26.4088120 GameState.DebugPrintPower() -     TAG_CHANGE Entity=[entityName=鼠吻贮藏者 id=110 zone=PLAY zonePos=3 cardId=JAIL_877t player=1] tag=ATTACKING value=0 
D 09:58:26.4088120 GameState.DebugPrintPower() -     TAG_CHANGE Entity=[entityName=嘲风望月露娜拉 id=92 zone=PLAY zonePos=0 cardId=HERO_06bi player=2] tag=DEFENDING value=0 
D 09:58:26.4088120 GameState.DebugPrintPower() - BLOCK_END
D 09:58:26.4088120 GameState.DebugPrintPower() - TAG_CHANGE Entity=GameEntity tag=1323 value=16 
D 09:58:26.4088120 GameState.DebugPrintPower() - TAG_CHANGE Entity=拯救网瘾对手#5318 tag=NUM_OPTIONS_PLAYED_THIS_TURN value=4 
D 09:58:26.4088120 GameState.DebugPrintPower() - META_DATA - Meta=SLUSH_TIME Data=1000 InfoCount=1
D 09:58:26.4088120 GameState.DebugPrintPower() -             Info[0] = [entityName=鼠吻贮藏者 id=110 zone=PLAY zonePos=3 cardId=JAIL_877t player=1]
D 09:58:27.2560547 PowerTaskList.DebugDump() - ID=201 ParentID=200 PreviousID=0 TaskCount=1
D 09:58:27.2560547 PowerTaskList.DebugPrintPower() - BLOCK_START BlockType=POWER Entity=[entityName=下水道管网 id=15 zone=PLAY zonePos=2 cardId=JAIL_877 player=1] EffectCardId=System.Collections.Generic.List`1[System.String] EffectIndex=0 Target=0 SubOption=-1 
D 09:58:27.2560547 PowerTaskList.DebugPrintPower() -     TAG_CHANGE Entity=[entityName=下水道管网 id=15 zone=PLAY zonePos=2 cardId=JAIL_877 player=1] tag=DAMAGE value=2 
D 09:58:27.2560547 PowerTaskList.DebugDump() - Block End=(null)
D 09:58:27.2560547 PowerProcessor.PrepareHistoryForCurrentTaskList() - m_currentTaskList=201
D 09:58:27.2560547 PowerProcessor.EndCurrentTaskList() - m_currentTaskList=201
D 09:58:27.2560547 PowerTaskList.DebugDump() - ID=202 ParentID=201 PreviousID=0 TaskCount=9
D 09:58:27.2560547 PowerTaskList.DebugPrintPower() - BLOCK_START BlockType=DEATHS Entity=GameEntity EffectCardId=System.Collections.Generic.List`1[System.String] EffectIndex=0 Target=0 SubOption=-1 
D 09:58:27.2560547 PowerTaskList.DebugPrintPower() -     TAG_CHANGE Entity=[entityName=下水道管网 id=15 zone=PLAY zonePos=2 cardId=JAIL_877 player=1] tag=1068 value=4 
D 09:58:27.2560547 PowerTaskList.DebugPrintPower() -     TAG_CHANGE Entity=[entityName=下水道管网 id=15 zone=PLAY zonePos=2 cardId=JAIL_877 player=1] tag=1068 value=0 
D 09:58:27.2560547 PowerTaskList.DebugPrintPower() -     TAG_CHANGE Entity=[entityName=侧进蛇 id=117 zone=PLAY zonePos=5 cardId=WW_806t player=1] tag=ZONE_POSITION value=4 
D 09:58:27.2560547 PowerTaskList.DebugPrintPower() -     TAG_CHANGE Entity=[entityName=侧进蛇 id=116 zone=PLAY zonePos=4 cardId=WW_806t player=1] tag=ZONE_POSITION value=3 
D 09:58:27.2560547 PowerTaskList.DebugPrintPower() -     TAG_CHANGE Entity=[entityName=鼠吻贮藏者 id=110 zone=PLAY zonePos=3 cardId=JAIL_877t player=1] tag=ZONE_POSITION value=2 
D 09:58:27.2560547 PowerTaskList.DebugPrintPower() -     TAG_CHANGE Entity=[entityName=下水道管网 id=15 zone=PLAY zonePos=2 cardId=JAIL_877 player=1] tag=1037 value=1 
D 09:58:27.2560547 PowerTaskList.DebugPrintPower() -     TAG_CHANGE Entity=[entityName=下水道管网 id=15 zone=PLAY zonePos=2 cardId=JAIL_877 player=1] tag=ZONE_POSITION value=0 
D 09:58:27.2560547 PowerTaskList.DebugPrintPower() -     TAG_CHANGE Entity=[entityName=下水道管网 id=15 zone=PLAY zonePos=2 cardId=JAIL_877 player=1] tag=ZONE value=GRAVEYARD 
D 09:58:27.2560547 PowerTaskList.DebugPrintPower() -     TAG_CHANGE Entity=[entityName=下水道管网 id=15 zone=PLAY zonePos=2 cardId=JAIL_877 player=1] tag=DAMAGE value=0 
D 09:58:27.2560547 PowerTaskList.DebugPrintPower() - BLOCK_END
D 09:58:27.2560547 PowerProcessor.PrepareHistoryForCurrentTaskList() - m_currentTaskList=202
D 09:58:27.2857552 PowerProcessor.EndCurrentTaskList() - m_currentTaskList=202
D 09:58:27.2947474 PowerTaskList.DebugDump() - ID=203 ParentID=0 PreviousID=201 TaskCount=1
D 09:58:27.2947474 PowerTaskList.DebugDump() - Block Start=(null)
D 09:58:27.2947474 PowerTaskList.DebugPrintPower() -     META_DATA - Meta=EFFECT_TIMING Data=0 InfoCount=1
D 09:58:27.2947474 PowerTaskList.DebugPrintPower() -                 Info[0] = [entityName=下水道管网 id=15 zone=GRAVEYARD zonePos=0 cardId=JAIL_877 player=1]
D 09:58:27.2947474 PowerTaskList.DebugDump() - Block End=(null)
D 09:58:27.2947474 PowerProcessor.PrepareHistoryForCurrentTaskList() - m_currentTaskList=203
D 09:58:27.2947474 PowerProcessor.EndCurrentTaskList() - m_currentTaskList=203
D 09:58:27.2947474 PowerTaskList.DebugDump() - ID=204 ParentID=200 PreviousID=203 TaskCount=7
D 09:58:27.2947474 PowerTaskList.DebugDump() - Block Start=(null)
D 09:58:27.2947474 PowerTaskList.DebugPrintPower() -     SUB_SPELL_START - SpellPrefabGUID=ReuseFX_Undead_SpawnToHand_Burrowing_Mist_Super:249eb64f06e8a4f4b8a3640af5e02aa0 Source=15 TargetCount=0
D 09:58:27.2947474 PowerTaskList.DebugPrintPower() -                       Source = [entityName=下水道管网 id=15 zone=GRAVEYARD zonePos=0 cardId=JAIL_877 player=1]
D 09:58:27.2947474 PowerTaskList.DebugPrintPower() -         TAG_CHANGE Entity=[entityName=侧进蛇 id=117 zone=PLAY zonePos=4 cardId=WW_806t player=1] tag=ZONE_POSITION value=5 
D 09:58:27.2947474 PowerTaskList.DebugPrintPower() -         TAG_CHANGE Entity=[entityName=侧进蛇 id=116 zone=PLAY zonePos=3 cardId=WW_806t player=1] tag=ZONE_POSITION value=4 
D 09:58:27.2947474 PowerTaskList.DebugPrintPower() -         TAG_CHANGE Entity=[entityName=鼠吻贮藏者 id=110 zone=PLAY zonePos=2 cardId=JAIL_877t player=1] tag=ZONE_POSITION value=3 
D 09:58:27.2947474 PowerTaskList.DebugPrintPower() -         FULL_ENTITY - Updating [entityName=鼠吻贮藏者 id=123 zone=PLAY zonePos=2 cardId=JAIL_877t player=1] CardID=JAIL_877t
D 09:58:27.2947474 PowerTaskList.DebugPrintPower() -             tag=CONTROLLER value=1
D 09:58:27.2947474 PowerTaskList.DebugPrintPower() -             tag=CARDTYPE value=MINION
D 09:58:27.2947474 PowerTaskList.DebugPrintPower() -             tag=1196 value=1
D 09:58:27.2947474 PowerTaskList.DebugPrintPower() -             tag=TAG_LAST_KNOWN_COST_IN_HAND value=2
D 09:58:27.2947474 PowerTaskList.DebugPrintPower() -             tag=479 value=2
D 09:58:27.2947474 PowerTaskList.DebugPrintPower() -             tag=COST value=2
D 09:58:27.2947474 PowerTaskList.DebugPrintPower() -             tag=ATK value=2
D 09:58:27.2947474 PowerTaskList.DebugPrintPower() -             tag=HEALTH value=1
D 09:58:27.2947474 PowerTaskList.DebugPrintPower() -             tag=EXHAUSTED value=1
D 09:58:27.2947474 PowerTaskList.DebugPrintPower() -             tag=ZONE value=PLAY
D 09:58:27.2947474 PowerTaskList.DebugPrintPower() -             tag=ENTITY_ID value=123
D 09:58:27.2947474 PowerTaskList.DebugPrintPower() -             tag=CLASS value=HUNTER
D 09:58:27.2947474 PowerTaskList.DebugPrintPower() -             tag=CARDRACE value=BEAST
D 09:58:27.2947474 PowerTaskList.DebugPrintPower() -             tag=DEATHRATTLE value=1
D 09:58:27.2947474 PowerTaskList.DebugPrintPower() -             tag=ZONE_POSITION value=2
D 09:58:27.2947474 PowerTaskList.DebugPrintPower() -             tag=CREATOR value=15
D 09:58:27.2947474 PowerTaskList.DebugPrintPower() -             tag=1037 value=1
D 09:58:27.2947474 PowerTaskList.DebugPrintPower() -             tag=1254 value=15
D 09:58:27.2947474 PowerTaskList.DebugPrintPower() -             tag=CREATOR_DBID value=126295
D 09:58:27.2947474 PowerTaskList.DebugPrintPower() -             tag=SPAWN_TIME_COUNT value=1
D 09:58:27.2947474 PowerTaskList.DebugPrintPower() -             tag=HAS_ACTIVATE_POWER value=1
D 09:58:27.2947474 PowerTaskList.DebugPrintPower() -             tag=3085 value=1
D 09:58:27.2947474 PowerTaskList.DebugPrintPower() -             tag=4901 value=1
D 09:58:27.2947474 PowerTaskList.DebugPrintPower() -         TAG_CHANGE Entity=[entityName=鼠吻贮藏者 id=123 zone=PLAY zonePos=2 cardId=JAIL_877t player=1] tag=4901 value=0 
D 09:58:27.2947474 PowerTaskList.DebugPrintPower() -     SUB_SPELL_END
D 09:58:27.2947474 PowerTaskList.DebugDump() - Block End=(null)
D 09:58:27.2947474 PowerProcessor.PrepareHistoryForCurrentTaskList() - m_currentTaskList=204
D 09:58:27.4092636 GameState.DebugPrintPowerList() - Count=42
D 09:58:27.4092636 GameState.DebugPrintPower() - TAG_CHANGE Entity=[entityName=侧进蛇 id=116 zone=PLAY zonePos=3 cardId=WW_806t player=1] tag=CARD_TARGET value=92 
D 09:58:27.4092636 GameState.DebugPrintPower() - BLOCK_START BlockType=ATTACK Entity=[entityName=侧进蛇 id=116 zone=PLAY zonePos=3 cardId=WW_806t player=1] EffectCardId=System.Collections.Generic.List`1[System.String] EffectIndex=0 Target=[entityName=嘲风望月露娜拉 id=92 zone=PLAY zonePos=0 cardId=HERO_06bi player=2] SubOption=-1 
D 09:58:27.4092636 GameState.DebugPrintPower() -     TAG_CHANGE Entity=[entityName=侧进蛇 id=116 zone=PLAY zonePos=3 cardId=WW_806t player=1] tag=1715 value=116 
D 09:58:27.4092636 GameState.DebugPrintPower() -     TAG_CHANGE Entity=[entityName=嘲风望月露娜拉 id=92 zone=PLAY zonePos=0 cardId=HERO_06bi player=2] tag=1715 value=116 
D 09:58:27.4092636 GameState.DebugPrintPower() -     TAG_CHANGE Entity=拯救网瘾对手#5318 tag=NUM_FRIENDLY_MINIONS_THAT_ATTACKED_THIS_TURN value=2 
D 09:58:27.4092636 GameState.DebugPrintPower() -     TAG_CHANGE Entity=GameEntity tag=PROPOSED_ATTACKER value=116 
D 09:58:27.4092636 GameState.DebugPrintPower() -     TAG_CHANGE Entity=GameEntity tag=PROPOSED_DEFENDER value=92 
D 09:58:27.4092636 GameState.DebugPrintPower() -     TAG_CHANGE Entity=[entityName=侧进蛇 id=116 zone=PLAY zonePos=3 cardId=WW_806t player=1] tag=STEALTH value=0 
D 09:58:27.4092636 GameState.DebugPrintPower() -     TAG_CHANGE Entity=[entityName=侧进蛇 id=116 zone=PLAY zonePos=3 cardId=WW_806t player=1] tag=3654 value=1 
D 09:58:27.4092636 GameState.DebugPrintPower() -     TAG_CHANGE Entity=[entityName=侧进蛇 id=116 zone=PLAY zonePos=3 cardId=WW_806t player=1] tag=ATTACKING value=1 
D 09:58:27.4092636 GameState.DebugPrintPower() -     META_DATA - Meta=SLUSH_TIME Data=1200 InfoCount=1
D 09:58:27.4092636 GameState.DebugPrintPower() -                 Info[0] = [entityName=侧进蛇 id=116 zone=PLAY zonePos=3 cardId=WW_806t player=1]
D 09:58:27.4092636 GameState.DebugPrintPower() -     TAG_CHANGE Entity=[entityName=侧进蛇 id=116 zone=PLAY zonePos=3 cardId=WW_806t player=1] tag=3619 value=0 
D 09:58:27.4092636 GameState.DebugPrintPower() -     TAG_CHANGE Entity=[entityName=嘲风望月露娜拉 id=92 zone=PLAY zonePos=0 cardId=HERO_06bi player=2] tag=DEFENDING value=1 
D 09:58:27.4092636 GameState.DebugPrintPower() -     TAG_CHANGE Entity=[entityName=侧进蛇 id=116 zone=PLAY zonePos=3 cardId=WW_806t player=1] tag=NUM_ATTACKS_THIS_TURN value=1 
D 09:58:27.4092636 GameState.DebugPrintPower() -     TAG_CHANGE Entity=[entityName=侧进蛇 id=116 zone=PLAY zonePos=3 cardId=WW_806t player=1] tag=4163 value=1 
D 09:58:27.4092636 GameState.DebugPrintPower() -     TAG_CHANGE Entity=[entityName=侧进蛇 id=116 zone=PLAY zonePos=3 cardId=WW_806t player=1] tag=EXHAUSTED value=1 
D 09:58:27.4092636 GameState.DebugPrintPower() -     TAG_CHANGE Entity=[entityName=嘲风望月露娜拉 id=92 zone=PLAY zonePos=0 cardId=HERO_06bi player=2] tag=2187 value=116 
D 09:58:27.4092636 GameState.DebugPrintPower() -     TAG_CHANGE Entity=[entityName=嘲风望月露娜拉 id=92 zone=PLAY zonePos=0 cardId=HERO_06bi player=2] tag=PREDAMAGE value=1 
D 09:58:27.4092636 GameState.DebugPrintPower() -     TAG_CHANGE Entity=[entityName=嘲风望月露娜拉 id=92 zone=PLAY zonePos=0 cardId=HERO_06bi player=2] tag=1173 value=92 
D 09:58:27.4092636 GameState.DebugPrintPower() -     TAG_CHANGE Entity=[entityName=嘲风望月露娜拉 id=92 zone=PLAY zonePos=0 cardId=HERO_06bi player=2] tag=2187 value=0 
D 09:58:27.4092636 GameState.DebugPrintPower() -     TAG_CHANGE Entity=[entityName=嘲风望月露娜拉 id=92 zone=PLAY zonePos=0 cardId=HERO_06bi player=2] tag=PREDAMAGE value=0 
D 09:58:27.4092636 GameState.DebugPrintPower() -     TAG_CHANGE Entity=[entityName=嘲风望月露娜拉 id=92 zone=PLAY zonePos=0 cardId=HERO_06bi player=2] tag=1173 value=0 
D 09:58:27.4092636 GameState.DebugPrintPower() -     TAG_CHANGE Entity=[entityName=嘲风望月露娜拉 id=92 zone=PLAY zonePos=0 cardId=HERO_06bi player=2] tag=PREDAMAGE value=1 
D 09:58:27.4092636 GameState.DebugPrintPower() -     TAG_CHANGE Entity=[entityName=嘲风望月露娜拉 id=92 zone=PLAY zonePos=0 cardId=HERO_06bi player=2] tag=PREDAMAGE value=0 
D 09:58:27.4092636 GameState.DebugPrintPower() -     META_DATA - Meta=DAMAGE Data=1 InfoCount=1
D 09:58:27.4092636 GameState.DebugPrintPower() -                 Info[0] = [entityName=嘲风望月露娜拉 id=92 zone=PLAY zonePos=0 cardId=HERO_06bi player=2]
D 09:58:27.4092636 GameState.DebugPrintPower() -     TAG_CHANGE Entity=[entityName=嘲风望月露娜拉 id=92 zone=PLAY zonePos=0 cardId=HERO_06bi player=2] tag=4741 value=7 
D 09:58:27.4092636 GameState.DebugPrintPower() -     TAG_CHANGE Entity=[entityName=嘲风望月露娜拉 id=92 zone=PLAY zonePos=0 cardId=HERO_06bi player=2] tag=LAST_AFFECTED_BY value=116 
D 09:58:27.4092636 GameState.DebugPrintPower() -     TAG_CHANGE Entity=[entityName=嘲风望月露娜拉 id=92 zone=PLAY zonePos=0 cardId=HERO_06bi player=2] tag=DAMAGE value=10 
D 09:58:27.4092636 GameState.DebugPrintPower() -     TAG_CHANGE Entity=湫然#51704 tag=464 value=3 
D 09:58:27.4092636 GameState.DebugPrintPower() -     TAG_CHANGE Entity=湫然#51704 tag=1853 value=11 
D 09:58:27.4092636 GameState.DebugPrintPower() -     TAG_CHANGE Entity=湫然#51704 tag=4453 value=2 
D 09:58:27.4092636 GameState.DebugPrintPower() -     TAG_CHANGE Entity=湫然#51704 tag=DAMAGE_DEALT_TO_HERO_LAST_TURN value=3 
D 09:58:27.4092636 GameState.DebugPrintPower() -     TAG_CHANGE Entity=GameEntity tag=1710 value=1 
D 09:58:27.4092636 GameState.DebugPrintPower() -     TAG_CHANGE Entity=GameEntity tag=1710 value=0 
D 09:58:27.4092636 GameState.DebugPrintPower() -     TAG_CHANGE Entity=GameEntity tag=PROPOSED_ATTACKER value=0 
D 09:58:27.4092636 GameState.DebugPrintPower() -     TAG_CHANGE Entity=GameEntity tag=PROPOSED_DEFENDER value=0 
D 09:58:27.4092636 GameState.DebugPrintPower() -     TAG_CHANGE Entity=[entityName=侧进蛇 id=116 zone=PLAY zonePos=3 cardId=WW_806t player=1] tag=ATTACKING value=0 
D 09:58:27.4092636 GameState.DebugPrintPower() -     TAG_CHANGE Entity=[entityName=嘲风望月露娜拉 id=92 zone=PLAY zonePos=0 cardId=HERO_06bi player=2] tag=DEFENDING value=0 
D 09:58:27.4092636 GameState.DebugPrintPower() - BLOCK_END
D 09:58:27.4092636 GameState.DebugPrintPower() - TAG_CHANGE Entity=GameEntity tag=1323 value=17 
D 09:58:27.4092636 GameState.DebugPrintPower() - TAG_CHANGE Entity=拯救网瘾对手#5318 tag=NUM_OPTIONS_PLAYED_THIS_TURN value=5 
D 09:58:27.4092636 GameState.DebugPrintPower() - META_DATA - Meta=SLUSH_TIME Data=1000 InfoCount=1
D 09:58:27.4092636 GameState.DebugPrintPower() -             Info[0] = [entityName=侧进蛇 id=116 zone=PLAY zonePos=3 cardId=WW_806t player=1]
D 09:58:28.2985463 PowerProcessor.EndCurrentTaskList() - m_currentTaskList=204
D 09:58:28.3057906 GameState.DebugPrintPowerList() - Count=42
D 09:58:28.3057906 GameState.DebugPrintPower() - TAG_CHANGE Entity=[entityName=侧进蛇 id=117 zone=PLAY zonePos=5 cardId=WW_806t player=1] tag=CARD_TARGET value=92 
D 09:58:28.3057906 GameState.DebugPrintPower() - BLOCK_START BlockType=ATTACK Entity=[entityName=侧进蛇 id=117 zone=PLAY zonePos=5 cardId=WW_806t player=1] EffectCardId=System.Collections.Generic.List`1[System.String] EffectIndex=0 Target=[entityName=嘲风望月露娜拉 id=92 zone=PLAY zonePos=0 cardId=HERO_06bi player=2] SubOption=-1 
D 09:58:28.3057906 GameState.DebugPrintPower() -     TAG_CHANGE Entity=[entityName=侧进蛇 id=117 zone=PLAY zonePos=5 cardId=WW_806t player=1] tag=1715 value=117 
D 09:58:28.3057906 GameState.DebugPrintPower() -     TAG_CHANGE Entity=[entityName=嘲风望月露娜拉 id=92 zone=PLAY zonePos=0 cardId=HERO_06bi player=2] tag=1715 value=117 
D 09:58:28.3057906 GameState.DebugPrintPower() -     TAG_CHANGE Entity=拯救网瘾对手#5318 tag=NUM_FRIENDLY_MINIONS_THAT_ATTACKED_THIS_TURN value=3 
D 09:58:28.3057906 GameState.DebugPrintPower() -     TAG_CHANGE Entity=GameEntity tag=PROPOSED_ATTACKER value=117 
D 09:58:28.3057906 GameState.DebugPrintPower() -     TAG_CHANGE Entity=GameEntity tag=PROPOSED_DEFENDER value=92 
D 09:58:28.3057906 GameState.DebugPrintPower() -     TAG_CHANGE Entity=[entityName=侧进蛇 id=117 zone=PLAY zonePos=5 cardId=WW_806t player=1] tag=STEALTH value=0 
D 09:58:28.3057906 GameState.DebugPrintPower() -     TAG_CHANGE Entity=[entityName=侧进蛇 id=117 zone=PLAY zonePos=5 cardId=WW_806t player=1] tag=3654 value=1 
D 09:58:28.3057906 GameState.DebugPrintPower() -     TAG_CHANGE Entity=[entityName=侧进蛇 id=117 zone=PLAY zonePos=5 cardId=WW_806t player=1] tag=ATTACKING value=1 
D 09:58:28.3057906 GameState.DebugPrintPower() -     META_DATA - Meta=SLUSH_TIME Data=1200 InfoCount=1
D 09:58:28.3057906 GameState.DebugPrintPower() -                 Info[0] = [entityName=侧进蛇 id=117 zone=PLAY zonePos=5 cardId=WW_806t player=1]
D 09:58:28.3057906 GameState.DebugPrintPower() -     TAG_CHANGE Entity=[entityName=侧进蛇 id=117 zone=PLAY zonePos=5 cardId=WW_806t player=1] tag=3619 value=0 
D 09:58:28.3057906 GameState.DebugPrintPower() -     TAG_CHANGE Entity=[entityName=嘲风望月露娜拉 id=92 zone=PLAY zonePos=0 cardId=HERO_06bi player=2] tag=DEFENDING value=1 
D 09:58:28.3057906 GameState.DebugPrintPower() -     TAG_CHANGE Entity=[entityName=侧进蛇 id=117 zone=PLAY zonePos=5 cardId=WW_806t player=1] tag=NUM_ATTACKS_THIS_TURN value=1 
D 09:58:28.3057906 GameState.DebugPrintPower() -     TAG_CHANGE Entity=[entityName=侧进蛇 id=117 zone=PLAY zonePos=5 cardId=WW_806t player=1] tag=4163 value=1 
D 09:58:28.3057906 GameState.DebugPrintPower() -     TAG_CHANGE Entity=[entityName=侧进蛇 id=117 zone=PLAY zonePos=5 cardId=WW_806t player=1] tag=EXHAUSTED value=1 
D 09:58:28.3057906 GameState.DebugPrintPower() -     TAG_CHANGE Entity=[entityName=嘲风望月露娜拉 id=92 zone=PLAY zonePos=0 cardId=HERO_06bi player=2] tag=2187 value=117 
D 09:58:28.3057906 GameState.DebugPrintPower() -     TAG_CHANGE Entity=[entityName=嘲风望月露娜拉 id=92 zone=PLAY zonePos=0 cardId=HERO_06bi player=2] tag=PREDAMAGE value=1 
D 09:58:28.3057906 GameState.DebugPrintPower() -     TAG_CHANGE Entity=[entityName=嘲风望月露娜拉 id=92 zone=PLAY zonePos=0 cardId=HERO_06bi player=2] tag=1173 value=92 
D 09:58:28.3057906 GameState.DebugPrintPower() -     TAG_CHANGE Entity=[entityName=嘲风望月露娜拉 id=92 zone=PLAY zonePos=0 cardId=HERO_06bi player=2] tag=2187 value=0 
D 09:58:28.3057906 GameState.DebugPrintPower() -     TAG_CHANGE Entity=[entityName=嘲风望月露娜拉 id=92 zone=PLAY zonePos=0 cardId=HERO_06bi player=2] tag=PREDAMAGE value=0 
D 09:58:28.3057906 GameState.DebugPrintPower() -     TAG_CHANGE Entity=[entityName=嘲风望月露娜拉 id=92 zone=PLAY zonePos=0 cardId=HERO_06bi player=2] tag=1173 value=0 
D 09:58:28.3057906 GameState.DebugPrintPower() -     TAG_CHANGE Entity=[entityName=嘲风望月露娜拉 id=92 zone=PLAY zonePos=0 cardId=HERO_06bi player=2] tag=PREDAMAGE value=1 
D 09:58:28.3057906 GameState.DebugPrintPower() -     TAG_CHANGE Entity=[entityName=嘲风望月露娜拉 id=92 zone=PLAY zonePos=0 cardId=HERO_06bi player=2] tag=PREDAMAGE value=0 
D 09:58:28.3057906 GameState.DebugPrintPower() -     META_DATA - Meta=DAMAGE Data=1 InfoCount=1
D 09:58:28.3057906 GameState.DebugPrintPower() -                 Info[0] = [entityName=嘲风望月露娜拉 id=92 zone=PLAY zonePos=0 cardId=HERO_06bi player=2]
D 09:58:28.3057906 GameState.DebugPrintPower() -     TAG_CHANGE Entity=[entityName=嘲风望月露娜拉 id=92 zone=PLAY zonePos=0 cardId=HERO_06bi player=2] tag=4741 value=8 
D 09:58:28.3057906 GameState.DebugPrintPower() -     TAG_CHANGE Entity=[entityName=嘲风望月露娜拉 id=92 zone=PLAY zonePos=0 cardId=HERO_06bi player=2] tag=LAST_AFFECTED_BY value=117 
D 09:58:28.3057906 GameState.DebugPrintPower() -     TAG_CHANGE Entity=[entityName=嘲风望月露娜拉 id=92 zone=PLAY zonePos=0 cardId=HERO_06bi player=2] tag=DAMAGE value=11 
D 09:58:28.3057906 GameState.DebugPrintPower() -     TAG_CHANGE Entity=湫然#51704 tag=464 value=4 
D 09:58:28.3057906 GameState.DebugPrintPower() -     TAG_CHANGE Entity=湫然#51704 tag=1853 value=12 
D 09:58:28.3057906 GameState.DebugPrintPower() -     TAG_CHANGE Entity=湫然#51704 tag=4453 value=3 
D 09:58:28.3057906 GameState.DebugPrintPower() -     TAG_CHANGE Entity=湫然#51704 tag=DAMAGE_DEALT_TO_HERO_LAST_TURN value=4 
D 09:58:28.3057906 GameState.DebugPrintPower() -     TAG_CHANGE Entity=GameEntity tag=1710 value=1 
D 09:58:28.3057906 GameState.DebugPrintPower() -     TAG_CHANGE Entity=GameEntity tag=1710 value=0 
D 09:58:28.3057906 GameState.DebugPrintPower() -     TAG_CHANGE Entity=GameEntity tag=PROPOSED_ATTACKER value=0 
D 09:58:28.3057906 GameState.DebugPrintPower() -     TAG_CHANGE Entity=GameEntity tag=PROPOSED_DEFENDER value=0 
D 09:58:28.3057906 GameState.DebugPrintPower() -     TAG_CHANGE Entity=[entityName=侧进蛇 id=117 zone=PLAY zonePos=5 cardId=WW_806t player=1] tag=ATTACKING value=0 
D 09:58:28.3057906 GameState.DebugPrintPower() -     TAG_CHANGE Entity=[entityName=嘲风望月露娜拉 id=92 zone=PLAY zonePos=0 cardId=HERO_06bi player=2] tag=DEFENDING value=0 
D 09:58:28.3057906 GameState.DebugPrintPower() - BLOCK_END
D 09:58:28.3057906 GameState.DebugPrintPower() - TAG_CHANGE Entity=GameEntity tag=1323 value=18 
D 09:58:28.3057906 GameState.DebugPrintPower() - TAG_CHANGE Entity=拯救网瘾对手#5318 tag=NUM_OPTIONS_PLAYED_THIS_TURN value=6 
D 09:58:28.3057906 GameState.DebugPrintPower() - META_DATA - Meta=SLUSH_TIME Data=1000 InfoCount=1
D 09:58:28.3057906 GameState.DebugPrintPower() -             Info[0] = [entityName=侧进蛇 id=117 zone=PLAY zonePos=5 cardId=WW_806t player=1]
D 09:58:28.4191864 PowerTaskList.DebugDump() - ID=205 ParentID=200 PreviousID=204 TaskCount=1
D 09:58:28.4191864 PowerTaskList.DebugDump() - Block Start=(null)
D 09:58:28.4191864 PowerTaskList.DebugPrintPower() -     TAG_CHANGE Entity=[entityName=下水道管网 id=15 zone=GRAVEYARD zonePos=0 cardId=JAIL_877 player=1] tag=LOCATION_ACTION_COOLDOWN value=1 
D 09:58:28.4191864 PowerTaskList.DebugPrintPower() - BLOCK_END
D 09:58:28.4191864 PowerProcessor.PrepareHistoryForCurrentTaskList() - m_currentTaskList=205
D 09:58:28.4191864 PowerProcessor.EndCurrentTaskList() - m_currentTaskList=205
D 09:58:28.4191864 PowerTaskList.DebugDump() - ID=206 ParentID=0 PreviousID=200 TaskCount=4
D 09:58:28.4191864 PowerTaskList.DebugDump() - Block Start=(null)
D 09:58:28.4191864 PowerTaskList.DebugPrintPower() -     TAG_CHANGE Entity=拯救网瘾对手#5318 tag=3525 value=2 
D 09:58:28.4191864 PowerTaskList.DebugPrintPower() -     TAG_CHANGE Entity=[entityName=下水道管网 id=15 zone=GRAVEYARD zonePos=0 cardId=JAIL_877 player=1] tag=DAMAGE value=1 
D 09:58:28.4191864 PowerTaskList.DebugPrintPower() -     TAG_CHANGE Entity=GameEntity tag=1323 value=14 
D 09:58:28.4191864 PowerTaskList.DebugPrintPower() -     TAG_CHANGE Entity=拯救网瘾对手#5318 tag=NUM_OPTIONS_PLAYED_THIS_TURN value=2 
D 09:58:28.4191864 PowerTaskList.DebugPrintPower() - BLOCK_END
D 09:58:28.4191864 PowerProcessor.PrepareHistoryForCurrentTaskList() - m_currentTaskList=206
D 09:58:28.4191864 PowerProcessor.DoTaskListForCard() - unhandled BlockType PLAY for sourceEntity [entityName=下水道管网 id=15 zone=GRAVEYARD zonePos=0 cardId=JAIL_877 player=1]
D 09:58:28.4191864 PowerProcessor.EndCurrentTaskList() - m_currentTaskList=206
D 09:58:29.2592240 PowerTaskList.DebugDump() - ID=207 ParentID=0 PreviousID=0 TaskCount=1
D 09:58:29.2592240 PowerTaskList.DebugDump() - Block Start=(null)
D 09:58:29.2592240 PowerTaskList.DebugPrintPower() -     META_DATA - Meta=SLUSH_TIME Data=1000 InfoCount=1
D 09:58:29.2592240 PowerTaskList.DebugPrintPower() -                 Info[0] = [entityName=下水道管网 id=15 zone=GRAVEYARD zonePos=0 cardId=JAIL_877 player=1]
D 09:58:29.2592240 PowerTaskList.DebugDump() - Block End=(null)
D 09:58:29.2592240 PowerProcessor.PrepareHistoryForCurrentTaskList() - m_currentTaskList=207
D 09:58:29.2592240 PowerProcessor.EndCurrentTaskList() - m_currentTaskList=207
D 09:58:29.2592240 PowerTaskList.DebugDump() - ID=208 ParentID=0 PreviousID=0 TaskCount=1
D 09:58:29.2592240 PowerTaskList.DebugDump() - Block Start=(null)
D 09:58:29.2592240 PowerTaskList.DebugPrintPower() -     TAG_CHANGE Entity=[entityName=鼠吻贮藏者 id=123 zone=PLAY zonePos=2 cardId=JAIL_877t player=1] tag=1196 value=0 
D 09:58:29.2592240 PowerTaskList.DebugDump() - Block End=(null)
D 09:58:29.2592240 PowerProcessor.PrepareHistoryForCurrentTaskList() - m_currentTaskList=208
D 09:58:29.2592240 PowerProcessor.EndCurrentTaskList() - m_currentTaskList=208
D 09:58:29.2592240 PowerTaskList.DebugDump() - ID=209 ParentID=208 PreviousID=0 TaskCount=13
D 09:58:29.2592240 PowerTaskList.DebugPrintPower() - BLOCK_START BlockType=PLAY Entity=[entityName=UNKNOWN ENTITY [cardType=INVALID] id=40 zone=HAND zonePos=4 cardId= player=1] EffectCardId=System.Collections.Generic.List`1[System.String] EffectIndex=0 Target=0 SubOption=-1 
D 09:58:29.2592240 PowerTaskList.DebugPrintPower() -     TAG_CHANGE Entity=拯救网瘾对手#5318 tag=2245 value=11 
D 09:58:29.2592240 PowerTaskList.DebugPrintPower() -     TAG_CHANGE Entity=拯救网瘾对手#5318 tag=TEMP_RESOURCES value=0 
D 09:58:29.2592240 PowerTaskList.DebugPrintPower() -     TAG_CHANGE Entity=拯救网瘾对手#5318 tag=RESOURCES_USED value=4 
D 09:58:29.2592240 PowerTaskList.DebugPrintPower() -     TAG_CHANGE Entity=拯救网瘾对手#5318 tag=NUM_RESOURCES_SPENT_THIS_GAME value=11 
D 09:58:29.2592240 PowerTaskList.DebugPrintPower() -     TAG_CHANGE Entity=拯救网瘾对手#5318 tag=NUM_CARDS_PLAYED_THIS_TURN value=2 
D 09:58:29.2592240 PowerTaskList.DebugPrintPower() -     TAG_CHANGE Entity=拯救网瘾对手#5318 tag=NUM_MINIONS_PLAYED_THIS_TURN value=1 
D 09:58:29.2592240 PowerTaskList.DebugPrintPower() -     TAG_CHANGE Entity=[entityName=UNKNOWN ENTITY [cardType=INVALID] id=25 zone=HAND zonePos=5 cardId= player=1] tag=ZONE_POSITION value=4 
D 09:58:29.2592240 PowerTaskList.DebugPrintPower() -     TAG_CHANGE Entity=[entityName=UNKNOWN ENTITY [cardType=INVALID] id=40 zone=HAND zonePos=4 cardId= player=1] tag=ZONE_POSITION value=0 
D 09:58:29.2592240 PowerTaskList.DebugPrintPower() -     SHOW_ENTITY - Updating Entity=[entityName=UNKNOWN ENTITY [cardType=INVALID] id=40 zone=HAND zonePos=4 cardId= player=1] CardID=FP1_030
D 09:58:29.2592240 PowerTaskList.DebugPrintPower() -         tag=CONTROLLER value=1
D 09:58:29.2592240 PowerTaskList.DebugPrintPower() -         tag=CARDTYPE value=MINION
D 09:58:29.2592240 PowerTaskList.DebugPrintPower() -         tag=TAG_LAST_KNOWN_COST_IN_HAND value=5
D 09:58:29.2592240 PowerTaskList.DebugPrintPower() -         tag=479 value=5
D 09:58:29.2592240 PowerTaskList.DebugPrintPower() -         tag=COST value=5
D 09:58:29.2592240 PowerTaskList.DebugPrintPower() -         tag=ATK value=5
D 09:58:29.2592240 PowerTaskList.DebugPrintPower() -         tag=HEALTH value=5
D 09:58:29.2592240 PowerTaskList.DebugPrintPower() -         tag=ZONE value=PLAY
D 09:58:29.2592240 PowerTaskList.DebugPrintPower() -         tag=ENTITY_ID value=40
D 09:58:29.2592240 PowerTaskList.DebugPrintPower() -         tag=ELITE value=1
D 09:58:29.2592240 PowerTaskList.DebugPrintPower() -         tag=CLASS value=NEUTRAL
D 09:58:29.2592240 PowerTaskList.DebugPrintPower() -         tag=CARDRACE value=UNDEAD
D 09:58:29.2592240 PowerTaskList.DebugPrintPower() -         tag=RARITY value=LEGENDARY
D 09:58:29.2592240 PowerTaskList.DebugPrintPower() -         tag=BATTLECRY value=1
D 09:58:29.2592240 PowerTaskList.DebugPrintPower() -         tag=JUST_PLAYED value=1
D 09:58:29.2592240 PowerTaskList.DebugPrintPower() -         tag=ZONE_POSITION value=0
D 09:58:29.2592240 PowerTaskList.DebugPrintPower() -         tag=NUM_TURNS_IN_HAND value=3
D 09:58:29.2592240 PowerTaskList.DebugPrintPower() -         tag=478 value=1
D 09:58:29.2592240 PowerTaskList.DebugPrintPower() -         tag=1037 value=0
D 09:58:29.2592240 PowerTaskList.DebugPrintPower() -         tag=1043 value=1
D 09:58:29.2592240 PowerTaskList.DebugPrintPower() -         tag=1068 value=0
D 09:58:29.2592240 PowerTaskList.DebugPrintPower() -         tag=SPAWN_TIME_COUNT value=1
D 09:58:29.2592240 PowerTaskList.DebugPrintPower() -         tag=1570 value=6
D 09:58:29.2592240 PowerTaskList.DebugPrintPower() -         tag=HAS_DIAMOND_QUALITY value=1
D 09:58:29.2592240 PowerTaskList.DebugPrintPower() -         tag=HAS_SIGNATURE_QUALITY value=1
D 09:58:29.2592240 PowerTaskList.DebugPrintPower() -         tag=HAS_ACTIVATE_POWER value=1
D 09:58:29.2592240 PowerTaskList.DebugPrintPower() -         tag=3085 value=5
D 09:58:29.2592240 PowerTaskList.DebugPrintPower() -         tag=3557 value=4
D 09:58:29.2592240 PowerTaskList.DebugPrintPower() -         tag=4472 value=5
D 09:58:29.2592240 PowerTaskList.DebugPrintPower() -     TAG_CHANGE Entity=[entityName=UNKNOWN ENTITY [cardType=INVALID] id=40 zone=HAND zonePos=4 cardId= player=1] tag=ZONE_POSITION value=6 
D 09:58:29.2592240 PowerTaskList.DebugPrintPower() -     TAG_CHANGE Entity=[entityName=UNKNOWN ENTITY [cardType=INVALID] id=40 zone=HAND zonePos=4 cardId= player=1] tag=1196 value=1 
D 09:58:29.2592240 PowerTaskList.DebugPrintPower() -     TAG_CHANGE Entity=[entityName=UNKNOWN ENTITY [cardType=INVALID] id=40 zone=HAND zonePos=4 cardId= player=1] tag=EXHAUSTED value=1 
D 09:58:29.2592240 PowerTaskList.DebugPrintPower() -     META_DATA - Meta=SLUSH_TIME Data=3000 InfoCount=1
D 09:58:29.2592240 PowerTaskList.DebugPrintPower() -                 Info[0] = [entityName=UNKNOWN ENTITY [cardType=INVALID] id=40 zone=HAND zonePos=4 cardId= player=1]
D 09:58:29.2592240 PowerTaskList.DebugDump() - Block End=(null)
D 09:58:29.2592240 PowerProcessor.PrepareHistoryForCurrentTaskList() - m_currentTaskList=209
D 09:58:29.2592240 PowerProcessor.DoTaskListForCard() - unhandled BlockType PLAY for sourceEntity [entityName=UNKNOWN ENTITY [cardType=INVALID] id=40 zone=HAND zonePos=4 cardId= player=1]
D 09:58:29.3361971 GameState.DebugPrintPowerList() - Count=37
D 09:58:29.3361971 GameState.DebugPrintPower() - BLOCK_START BlockType=ATTACK Entity=[entityName=奇迹推销员 id=4 zone=PLAY zonePos=1 cardId=WW_331 player=1] EffectCardId=System.Collections.Generic.List`1[System.String] EffectIndex=0 Target=[entityName=嘲风望月露娜拉 id=92 zone=PLAY zonePos=0 cardId=HERO_06bi player=2] SubOption=-1 
D 09:58:29.3361971 GameState.DebugPrintPower() -     TAG_CHANGE Entity=[entityName=嘲风望月露娜拉 id=92 zone=PLAY zonePos=0 cardId=HERO_06bi player=2] tag=1715 value=4 
D 09:58:29.3361971 GameState.DebugPrintPower() -     TAG_CHANGE Entity=拯救网瘾对手#5318 tag=NUM_FRIENDLY_MINIONS_THAT_ATTACKED_THIS_TURN value=4 
D 09:58:29.3361971 GameState.DebugPrintPower() -     TAG_CHANGE Entity=GameEntity tag=PROPOSED_ATTACKER value=4 
D 09:58:29.3361971 GameState.DebugPrintPower() -     TAG_CHANGE Entity=GameEntity tag=PROPOSED_DEFENDER value=92 
D 09:58:29.3361971 GameState.DebugPrintPower() -     TAG_CHANGE Entity=[entityName=奇迹推销员 id=4 zone=PLAY zonePos=1 cardId=WW_331 player=1] tag=ATTACKING value=1 
D 09:58:29.3361971 GameState.DebugPrintPower() -     META_DATA - Meta=SLUSH_TIME Data=1200 InfoCount=1
D 09:58:29.3361971 GameState.DebugPrintPower() -                 Info[0] = [entityName=奇迹推销员 id=4 zone=PLAY zonePos=1 cardId=WW_331 player=1]
D 09:58:29.3361971 GameState.DebugPrintPower() -     TAG_CHANGE Entity=[entityName=嘲风望月露娜拉 id=92 zone=PLAY zonePos=0 cardId=HERO_06bi player=2] tag=DEFENDING value=1 
D 09:58:29.3361971 GameState.DebugPrintPower() -     TAG_CHANGE Entity=[entityName=奇迹推销员 id=4 zone=PLAY zonePos=1 cardId=WW_331 player=1] tag=NUM_ATTACKS_THIS_TURN value=1 
D 09:58:29.3361971 GameState.DebugPrintPower() -     TAG_CHANGE Entity=[entityName=奇迹推销员 id=4 zone=PLAY zonePos=1 cardId=WW_331 player=1] tag=4163 value=3 
D 09:58:29.3361971 GameState.DebugPrintPower() -     TAG_CHANGE Entity=[entityName=奇迹推销员 id=4 zone=PLAY zonePos=1 cardId=WW_331 player=1] tag=EXHAUSTED value=1 
D 09:58:29.3361971 GameState.DebugPrintPower() -     TAG_CHANGE Entity=[entityName=嘲风望月露娜拉 id=92 zone=PLAY zonePos=0 cardId=HERO_06bi player=2] tag=2187 value=4 
D 09:58:29.3361971 GameState.DebugPrintPower() -     TAG_CHANGE Entity=[entityName=嘲风望月露娜拉 id=92 zone=PLAY zonePos=0 cardId=HERO_06bi player=2] tag=PREDAMAGE value=2 
D 09:58:29.3361971 GameState.DebugPrintPower() -     TAG_CHANGE Entity=[entityName=嘲风望月露娜拉 id=92 zone=PLAY zonePos=0 cardId=HERO_06bi player=2] tag=1173 value=92 
D 09:58:29.3361971 GameState.DebugPrintPower() -     TAG_CHANGE Entity=[entityName=嘲风望月露娜拉 id=92 zone=PLAY zonePos=0 cardId=HERO_06bi player=2] tag=2187 value=0 
D 09:58:29.3361971 GameState.DebugPrintPower() -     TAG_CHANGE Entity=[entityName=嘲风望月露娜拉 id=92 zone=PLAY zonePos=0 cardId=HERO_06bi player=2] tag=PREDAMAGE value=0 
D 09:58:29.3361971 GameState.DebugPrintPower() -     TAG_CHANGE Entity=[entityName=嘲风望月露娜拉 id=92 zone=PLAY zonePos=0 cardId=HERO_06bi player=2] tag=1173 value=0 
D 09:58:29.3361971 GameState.DebugPrintPower() -     TAG_CHANGE Entity=[entityName=嘲风望月露娜拉 id=92 zone=PLAY zonePos=0 cardId=HERO_06bi player=2] tag=PREDAMAGE value=2 
D 09:58:29.3361971 GameState.DebugPrintPower() -     TAG_CHANGE Entity=[entityName=嘲风望月露娜拉 id=92 zone=PLAY zonePos=0 cardId=HERO_06bi player=2] tag=PREDAMAGE value=0 
D 09:58:29.3361971 GameState.DebugPrintPower() -     META_DATA - Meta=DAMAGE Data=2 InfoCount=1
D 09:58:29.3361971 GameState.DebugPrintPower() -                 Info[0] = [entityName=嘲风望月露娜拉 id=92 zone=PLAY zonePos=0 cardId=HERO_06bi player=2]
D 09:58:29.3361971 GameState.DebugPrintPower() -     TAG_CHANGE Entity=[entityName=嘲风望月露娜拉 id=92 zone=PLAY zonePos=0 cardId=HERO_06bi player=2] tag=4741 value=9 
D 09:58:29.3361971 GameState.DebugPrintPower() -     TAG_CHANGE Entity=[entityName=嘲风望月露娜拉 id=92 zone=PLAY zonePos=0 cardId=HERO_06bi player=2] tag=LAST_AFFECTED_BY value=4 
D 09:58:29.3361971 GameState.DebugPrintPower() -     TAG_CHANGE Entity=[entityName=嘲风望月露娜拉 id=92 zone=PLAY zonePos=0 cardId=HERO_06bi player=2] tag=DAMAGE value=13 
D 09:58:29.3361971 GameState.DebugPrintPower() -     TAG_CHANGE Entity=湫然#51704 tag=464 value=6 
D 09:58:29.3361971 GameState.DebugPrintPower() -     TAG_CHANGE Entity=湫然#51704 tag=1853 value=14 
D 09:58:29.3361971 GameState.DebugPrintPower() -     TAG_CHANGE Entity=湫然#51704 tag=4453 value=4 
D 09:58:29.3361971 GameState.DebugPrintPower() -     TAG_CHANGE Entity=湫然#51704 tag=DAMAGE_DEALT_TO_HERO_LAST_TURN value=6 
D 09:58:29.3361971 GameState.DebugPrintPower() -     TAG_CHANGE Entity=GameEntity tag=1710 value=1 
D 09:58:29.3361971 GameState.DebugPrintPower() -     TAG_CHANGE Entity=GameEntity tag=1710 value=0 
D 09:58:29.3361971 GameState.DebugPrintPower() -     TAG_CHANGE Entity=GameEntity tag=PROPOSED_ATTACKER value=0 
D 09:58:29.3361971 GameState.DebugPrintPower() -     TAG_CHANGE Entity=GameEntity tag=PROPOSED_DEFENDER value=0 
D 09:58:29.3361971 GameState.DebugPrintPower() -     TAG_CHANGE Entity=[entityName=奇迹推销员 id=4 zone=PLAY zonePos=1 cardId=WW_331 player=1] tag=ATTACKING value=0 
D 09:58:29.3361971 GameState.DebugPrintPower() -     TAG_CHANGE Entity=[entityName=嘲风望月露娜拉 id=92 zone=PLAY zonePos=0 cardId=HERO_06bi player=2] tag=DEFENDING value=0 
D 09:58:29.3361971 GameState.DebugPrintPower() - BLOCK_END
D 09:58:29.3361971 GameState.DebugPrintPower() - TAG_CHANGE Entity=GameEntity tag=1323 value=19 
D 09:58:29.3361971 GameState.DebugPrintPower() - TAG_CHANGE Entity=拯救网瘾对手#5318 tag=NUM_OPTIONS_PLAYED_THIS_TURN value=7 
D 09:58:29.3361971 GameState.DebugPrintPower() - META_DATA - Meta=SLUSH_TIME Data=1000 InfoCount=1
D 09:58:29.3361971 GameState.DebugPrintPower() -             Info[0] = [entityName=奇迹推销员 id=4 zone=PLAY zonePos=1 cardId=WW_331 player=1]
D 09:58:30.7946097 PowerProcessor.EndCurrentTaskList() - m_currentTaskList=209
D 09:58:30.8011701 PowerTaskList.DebugDump() - ID=210 ParentID=209 PreviousID=0 TaskCount=17
D 09:58:30.8011701 PowerTaskList.DebugPrintPower() - BLOCK_START BlockType=POWER Entity=[entityName=洛欧塞布 id=40 zone=PLAY zonePos=6 cardId=FP1_030 player=1] EffectCardId=System.Collections.Generic.List`1[System.String] EffectIndex=0 Target=0 SubOption=-1 
D 09:58:30.8011701 PowerTaskList.DebugPrintPower() -     FULL_ENTITY - Updating [entityName=UNKNOWN ENTITY [cardType=INVALID] id=125 zone=SETASIDE zonePos=0 cardId= player=1] CardID=
D 09:58:30.8011701 PowerTaskList.DebugPrintPower() -         tag=ZONE value=SETASIDE
D 09:58:30.8011701 PowerTaskList.DebugPrintPower() -         tag=CONTROLLER value=1
D 09:58:30.8011701 PowerTaskList.DebugPrintPower() -         tag=ENTITY_ID value=125
D 09:58:30.8011701 PowerTaskList.DebugPrintPower() -     SHOW_ENTITY - Updating Entity=[entityName=UNKNOWN ENTITY [cardType=INVALID] id=125 zone=SETASIDE zonePos=0 cardId= player=1] CardID=FP1_030e
D 09:58:30.8011701 PowerTaskList.DebugPrintPower() -         tag=CONTROLLER value=1
D 09:58:30.8011701 PowerTaskList.DebugPrintPower() -         tag=CARDTYPE value=ENCHANTMENT
D 09:58:30.8011701 PowerTaskList.DebugPrintPower() -         tag=ATTACHED value=3
D 09:58:30.8011701 PowerTaskList.DebugPrintPower() -         tag=ZONE value=SETASIDE
D 09:58:30.8011701 PowerTaskList.DebugPrintPower() -         tag=ENTITY_ID value=125
D 09:58:30.8011701 PowerTaskList.DebugPrintPower() -         tag=CLASS value=NEUTRAL
D 09:58:30.8011701 PowerTaskList.DebugPrintPower() -         tag=CREATOR value=40
D 09:58:30.8011701 PowerTaskList.DebugPrintPower() -         tag=1037 value=1
D 09:58:30.8011701 PowerTaskList.DebugPrintPower() -         tag=1068 value=0
D 09:58:30.8011701 PowerTaskList.DebugPrintPower() -         tag=CREATOR_DBID value=1914
D 09:58:30.8011701 PowerTaskList.DebugPrintPower() -         tag=SPAWN_TIME_COUNT value=1
D 09:58:30.8011701 PowerTaskList.DebugPrintPower() -         tag=4901 value=0
D 09:58:30.8011701 PowerTaskList.DebugPrintPower() -     TAG_CHANGE Entity=[entityName=UNKNOWN ENTITY [cardType=INVALID] id=125 zone=SETASIDE zonePos=0 cardId= player=1] tag=1068 value=1 
D 09:58:30.8011701 PowerTaskList.DebugPrintPower() -     TAG_CHANGE Entity=[entityName=UNKNOWN ENTITY [cardType=INVALID] id=125 zone=SETASIDE zonePos=0 cardId= player=1] tag=1068 value=0 
D 09:58:30.8011701 PowerTaskList.DebugPrintPower() -     TAG_CHANGE Entity=[entityName=UNKNOWN ENTITY [cardType=INVALID] id=125 zone=SETASIDE zonePos=0 cardId= player=1] tag=ZONE value=PLAY 
D 09:58:30.8011701 PowerTaskList.DebugPrintPower() -     TAG_CHANGE Entity=[entityName=波涛形塑 id=87 zone=HAND zonePos=6 cardId=TIME_701 player=2] tag=TAG_LAST_KNOWN_COST_IN_HAND value=6 
D 09:58:30.8011701 PowerTaskList.DebugPrintPower() -     TAG_CHANGE Entity=[entityName=月火术 id=86 zone=HAND zonePos=7 cardId=CS2_008 player=2] tag=TAG_LAST_KNOWN_COST_IN_HAND value=5 
D 09:58:30.8011701 PowerTaskList.DebugPrintPower() -     TAG_CHANGE Entity=[entityName=雷霆绽放 id=78 zone=HAND zonePos=2 cardId=SCH_427 player=2] tag=TAG_LAST_KNOWN_COST_IN_HAND value=5 
D 09:58:30.8011701 PowerTaskList.DebugPrintPower() -     TAG_CHANGE Entity=[entityName=月光射线 id=60 zone=HAND zonePos=4 cardId=TID_001 player=2] tag=TAG_LAST_KNOWN_COST_IN_HAND value=6 
D 09:58:30.8011701 PowerTaskList.DebugPrintPower() -     TAG_CHANGE Entity=[entityName=活体根须 id=56 zone=HAND zonePos=3 cardId=CORE_AT_037 player=2] tag=TAG_LAST_KNOWN_COST_IN_HAND value=6 
D 09:58:30.8011701 PowerTaskList.DebugPrintPower() -     TAG_CHANGE Entity=[entityName=波涛形塑 id=87 zone=HAND zonePos=6 cardId=TIME_701 player=2] tag=COST value=6 
D 09:58:30.8011701 PowerTaskList.DebugPrintPower() -     TAG_CHANGE Entity=[entityName=月火术 id=86 zone=HAND zonePos=7 cardId=CS2_008 player=2] tag=COST value=5 
D 09:58:30.8011701 PowerTaskList.DebugPrintPower() -     TAG_CHANGE Entity=[entityName=雷霆绽放 id=78 zone=HAND zonePos=2 cardId=SCH_427 player=2] tag=COST value=5 
D 09:58:30.8011701 PowerTaskList.DebugPrintPower() -     TAG_CHANGE Entity=[entityName=月光射线 id=60 zone=HAND zonePos=4 cardId=TID_001 player=2] tag=COST value=6 
D 09:58:30.8011701 PowerTaskList.DebugPrintPower() -     TAG_CHANGE Entity=[entityName=活体根须 id=56 zone=HAND zonePos=3 cardId=CORE_AT_037 player=2] tag=COST value=6 
D 09:58:30.8011701 PowerTaskList.DebugPrintPower() -     TAG_CHANGE Entity=湫然#51704 tag=4741 value=2 
D 09:58:30.8011701 PowerTaskList.DebugPrintPower() -     TAG_CHANGE Entity=湫然#51704 tag=LAST_AFFECTED_BY value=40 
D 09:58:30.8011701 PowerTaskList.DebugPrintPower() - BLOCK_END
D 09:58:30.8011701 PowerProcessor.PrepareHistoryForCurrentTaskList() - m_currentTaskList=210
D 09:58:31.0346852 PowerProcessor.EndCurrentTaskList() - m_currentTaskList=210
D 09:58:31.0376843 PowerTaskList.DebugDump() - ID=211 ParentID=0 PreviousID=209 TaskCount=2
D 09:58:31.0376843 PowerTaskList.DebugDump() - Block Start=(null)
D 09:58:31.0376843 PowerTaskList.DebugPrintPower() -     TAG_CHANGE Entity=GameEntity tag=1323 value=15 
D 09:58:31.0376843 PowerTaskList.DebugPrintPower() -     TAG_CHANGE Entity=拯救网瘾对手#5318 tag=NUM_OPTIONS_PLAYED_THIS_TURN value=3 
D 09:58:31.0376843 PowerTaskList.DebugPrintPower() - BLOCK_END
D 09:58:31.0376843 PowerProcessor.PrepareHistoryForCurrentTaskList() - m_currentTaskList=211
D 09:58:31.0376843 PowerProcessor.DoTaskListForCard() - unhandled BlockType PLAY for sourceEntity [entityName=洛欧塞布 id=40 zone=PLAY zonePos=6 cardId=FP1_030 player=1]
D 09:58:31.0376843 PowerProcessor.EndCurrentTaskList() - m_currentTaskList=211
D 09:58:32.3299383 PowerTaskList.DebugDump() - ID=212 ParentID=0 PreviousID=0 TaskCount=1
D 09:58:32.3299383 PowerTaskList.DebugDump() - Block Start=(null)
D 09:58:32.3299383 PowerTaskList.DebugPrintPower() -     META_DATA - Meta=SLUSH_TIME Data=1000 InfoCount=1
D 09:58:32.3299383 PowerTaskList.DebugPrintPower() -                 Info[0] = [entityName=洛欧塞布 id=40 zone=PLAY zonePos=6 cardId=FP1_030 player=1]
D 09:58:32.3299383 PowerTaskList.DebugDump() - Block End=(null)
D 09:58:32.3299383 PowerProcessor.PrepareHistoryForCurrentTaskList() - m_currentTaskList=212
D 09:58:32.3299383 PowerProcessor.EndCurrentTaskList() - m_currentTaskList=212
D 09:58:32.3299383 PowerTaskList.DebugDump() - ID=213 ParentID=0 PreviousID=0 TaskCount=1
D 09:58:32.3299383 PowerTaskList.DebugDump() - Block Start=(null)
D 09:58:32.3299383 PowerTaskList.DebugPrintPower() -     TAG_CHANGE Entity=[entityName=洛欧塞布 id=40 zone=PLAY zonePos=6 cardId=FP1_030 player=1] tag=1196 value=0 
D 09:58:32.3299383 PowerTaskList.DebugDump() - Block End=(null)
D 09:58:32.3299383 PowerProcessor.PrepareHistoryForCurrentTaskList() - m_currentTaskList=213
D 09:58:32.3299383 PowerProcessor.EndCurrentTaskList() - m_currentTaskList=213
D 09:58:32.3299383 PowerTaskList.DebugDump() - ID=214 ParentID=213 PreviousID=0 TaskCount=32
D 09:58:32.3299383 PowerTaskList.DebugPrintPower() - BLOCK_START BlockType=ATTACK Entity=[entityName=鼠吻贮藏者 id=110 zone=PLAY zonePos=3 cardId=JAIL_877t player=1] EffectCardId=System.Collections.Generic.List`1[System.String] EffectIndex=0 Target=[entityName=嘲风望月露娜拉 id=92 zone=PLAY zonePos=0 cardId=HERO_06bi player=2] SubOption=-1 
D 09:58:32.3299383 PowerTaskList.DebugPrintPower() -     TAG_CHANGE Entity=拯救网瘾对手#5318 tag=NUM_FRIENDLY_MINIONS_THAT_ATTACKED_THIS_TURN value=1 
D 09:58:32.3299383 PowerTaskList.DebugPrintPower() -     TAG_CHANGE Entity=GameEntity tag=PROPOSED_ATTACKER value=110 
D 09:58:32.3299383 PowerTaskList.DebugPrintPower() -     TAG_CHANGE Entity=GameEntity tag=PROPOSED_DEFENDER value=92 
D 09:58:32.3299383 PowerTaskList.DebugPrintPower() -     TAG_CHANGE Entity=[entityName=鼠吻贮藏者 id=110 zone=PLAY zonePos=3 cardId=JAIL_877t player=1] tag=ATTACKING value=1 
D 09:58:32.3299383 PowerTaskList.DebugPrintPower() -     META_DATA - Meta=SLUSH_TIME Data=1200 InfoCount=1
D 09:58:32.3299383 PowerTaskList.DebugPrintPower() -                 Info[0] = [entityName=鼠吻贮藏者 id=110 zone=PLAY zonePos=3 cardId=JAIL_877t player=1]
D 09:58:32.3299383 PowerTaskList.DebugPrintPower() -     TAG_CHANGE Entity=[entityName=嘲风望月露娜拉 id=92 zone=PLAY zonePos=0 cardId=HERO_06bi player=2] tag=DEFENDING value=1 
D 09:58:32.3299383 PowerTaskList.DebugPrintPower() -     TAG_CHANGE Entity=[entityName=鼠吻贮藏者 id=110 zone=PLAY zonePos=3 cardId=JAIL_877t player=1] tag=NUM_ATTACKS_THIS_TURN value=1 
D 09:58:32.3299383 PowerTaskList.DebugPrintPower() -     TAG_CHANGE Entity=[entityName=鼠吻贮藏者 id=110 zone=PLAY zonePos=3 cardId=JAIL_877t player=1] tag=4163 value=2 
D 09:58:32.3299383 PowerTaskList.DebugPrintPower() -     TAG_CHANGE Entity=[entityName=鼠吻贮藏者 id=110 zone=PLAY zonePos=3 cardId=JAIL_877t player=1] tag=EXHAUSTED value=1 
D 09:58:32.3299383 PowerTaskList.DebugPrintPower() -     TAG_CHANGE Entity=[entityName=嘲风望月露娜拉 id=92 zone=PLAY zonePos=0 cardId=HERO_06bi player=2] tag=2187 value=110 
D 09:58:32.3299383 PowerTaskList.DebugPrintPower() -     TAG_CHANGE Entity=[entityName=嘲风望月露娜拉 id=92 zone=PLAY zonePos=0 cardId=HERO_06bi player=2] tag=PREDAMAGE value=2 
D 09:58:32.3299383 PowerTaskList.DebugPrintPower() -     TAG_CHANGE Entity=[entityName=嘲风望月露娜拉 id=92 zone=PLAY zonePos=0 cardId=HERO_06bi player=2] tag=1173 value=92 
D 09:58:32.3299383 PowerTaskList.DebugPrintPower() -     TAG_CHANGE Entity=[entityName=嘲风望月露娜拉 id=92 zone=PLAY zonePos=0 cardId=HERO_06bi player=2] tag=2187 value=0 
D 09:58:32.3299383 PowerTaskList.DebugPrintPower() -     TAG_CHANGE Entity=[entityName=嘲风望月露娜拉 id=92 zone=PLAY zonePos=0 cardId=HERO_06bi player=2] tag=PREDAMAGE value=0 
D 09:58:32.3299383 PowerTaskList.DebugPrintPower() -     TAG_CHANGE Entity=[entityName=嘲风望月露娜拉 id=92 zone=PLAY zonePos=0 cardId=HERO_06bi player=2] tag=1173 value=0 
D 09:58:32.3299383 PowerTaskList.DebugPrintPower() -     TAG_CHANGE Entity=[entityName=嘲风望月露娜拉 id=92 zone=PLAY zonePos=0 cardId=HERO_06bi player=2] tag=PREDAMAGE value=2 
D 09:58:32.3299383 PowerTaskList.DebugPrintPower() -     TAG_CHANGE Entity=[entityName=嘲风望月露娜拉 id=92 zone=PLAY zonePos=0 cardId=HERO_06bi player=2] tag=PREDAMAGE value=0 
D 09:58:32.3299383 PowerTaskList.DebugPrintPower() -     META_DATA - Meta=DAMAGE Data=2 InfoCount=1
D 09:58:32.3299383 PowerTaskList.DebugPrintPower() -                 Info[0] = [entityName=嘲风望月露娜拉 id=92 zone=PLAY zonePos=0 cardId=HERO_06bi player=2]
D 09:58:32.3299383 PowerTaskList.DebugPrintPower() -     TAG_CHANGE Entity=[entityName=嘲风望月露娜拉 id=92 zone=PLAY zonePos=0 cardId=HERO_06bi player=2] tag=4741 value=6 
D 09:58:32.3299383 PowerTaskList.DebugPrintPower() -     TAG_CHANGE Entity=[entityName=嘲风望月露娜拉 id=92 zone=PLAY zonePos=0 cardId=HERO_06bi player=2] tag=LAST_AFFECTED_BY value=110 
D 09:58:32.3299383 PowerTaskList.DebugPrintPower() -     TAG_CHANGE Entity=[entityName=嘲风望月露娜拉 id=92 zone=PLAY zonePos=0 cardId=HERO_06bi player=2] tag=DAMAGE value=9 
D 09:58:32.3299383 PowerTaskList.DebugPrintPower() -     TAG_CHANGE Entity=湫然#51704 tag=464 value=2 
D 09:58:32.3299383 PowerTaskList.DebugPrintPower() -     TAG_CHANGE Entity=湫然#51704 tag=1853 value=10 
D 09:58:32.3299383 PowerTaskList.DebugPrintPower() -     TAG_CHANGE Entity=湫然#51704 tag=4453 value=1 
D 09:58:32.3299383 PowerTaskList.DebugPrintPower() -     TAG_CHANGE Entity=湫然#51704 tag=DAMAGE_DEALT_TO_HERO_LAST_TURN value=2 
D 09:58:32.3299383 PowerTaskList.DebugPrintPower() -     TAG_CHANGE Entity=湫然#51704 tag=1575 value=1 
D 09:58:32.3299383 PowerTaskList.DebugPrintPower() -     TAG_CHANGE Entity=GameEntity tag=1710 value=1 
D 09:58:32.3299383 PowerTaskList.DebugPrintPower() -     TAG_CHANGE Entity=GameEntity tag=1710 value=0 
D 09:58:32.3299383 PowerTaskList.DebugPrintPower() -     TAG_CHANGE Entity=GameEntity tag=PROPOSED_ATTACKER value=0 
D 09:58:32.3299383 PowerTaskList.DebugPrintPower() -     TAG_CHANGE Entity=GameEntity tag=PROPOSED_DEFENDER value=0 
D 09:58:32.3299383 PowerTaskList.DebugPrintPower() -     TAG_CHANGE Entity=[entityName=鼠吻贮藏者 id=110 zone=PLAY zonePos=3 cardId=JAIL_877t player=1] tag=ATTACKING value=0 
D 09:58:32.3299383 PowerTaskList.DebugPrintPower() -     TAG_CHANGE Entity=[entityName=嘲风望月露娜拉 id=92 zone=PLAY zonePos=0 cardId=HERO_06bi player=2] tag=DEFENDING value=0 
D 09:58:32.3299383 PowerTaskList.DebugPrintPower() - BLOCK_END
D 09:58:32.3299383 PowerProcessor.PrepareHistoryForCurrentTaskList() - m_currentTaskList=214
D 09:58:33.5464025 PowerProcessor.EndCurrentTaskList() - m_currentTaskList=214
D 09:58:33.5519719 PowerTaskList.DebugDump() - ID=215 ParentID=0 PreviousID=0 TaskCount=3
D 09:58:33.5519719 PowerTaskList.DebugDump() - Block Start=(null)
D 09:58:33.5519719 PowerTaskList.DebugPrintPower() -     TAG_CHANGE Entity=GameEntity tag=1323 value=16 
D 09:58:33.5519719 PowerTaskList.DebugPrintPower() -     TAG_CHANGE Entity=拯救网瘾对手#5318 tag=NUM_OPTIONS_PLAYED_THIS_TURN value=4 
D 09:58:33.5519719 PowerTaskList.DebugPrintPower() -     META_DATA - Meta=SLUSH_TIME Data=1000 InfoCount=1
D 09:58:33.5519719 PowerTaskList.DebugPrintPower() -                 Info[0] = [entityName=鼠吻贮藏者 id=110 zone=PLAY zonePos=3 cardId=JAIL_877t player=1]
D 09:58:33.5519719 PowerTaskList.DebugDump() - Block End=(null)
D 09:58:33.5519719 PowerProcessor.PrepareHistoryForCurrentTaskList() - m_currentTaskList=215
D 09:58:33.5519719 PowerProcessor.EndCurrentTaskList() - m_currentTaskList=215
D 09:58:33.5519719 PowerTaskList.DebugDump() - ID=216 ParentID=0 PreviousID=0 TaskCount=1
D 09:58:33.5519719 PowerTaskList.DebugDump() - Block Start=(null)
D 09:58:33.5519719 PowerTaskList.DebugPrintPower() -     TAG_CHANGE Entity=[entityName=侧进蛇 id=116 zone=PLAY zonePos=4 cardId=WW_806t player=1] tag=CARD_TARGET value=92 
D 09:58:33.5519719 PowerTaskList.DebugDump() - Block End=(null)
D 09:58:33.5519719 PowerProcessor.PrepareHistoryForCurrentTaskList() - m_currentTaskList=216
D 09:58:33.5519719 PowerProcessor.EndCurrentTaskList() - m_currentTaskList=216
D 09:58:33.5519719 PowerTaskList.DebugDump() - ID=217 ParentID=216 PreviousID=0 TaskCount=36
D 09:58:33.5519719 PowerTaskList.DebugPrintPower() - BLOCK_START BlockType=ATTACK Entity=[entityName=侧进蛇 id=116 zone=PLAY zonePos=4 cardId=WW_806t player=1] EffectCardId=System.Collections.Generic.List`1[System.String] EffectIndex=0 Target=[entityName=嘲风望月露娜拉 id=92 zone=PLAY zonePos=0 cardId=HERO_06bi player=2] SubOption=-1 
D 09:58:33.5519719 PowerTaskList.DebugPrintPower() -     TAG_CHANGE Entity=[entityName=侧进蛇 id=116 zone=PLAY zonePos=4 cardId=WW_806t player=1] tag=1715 value=116 
D 09:58:33.5519719 PowerTaskList.DebugPrintPower() -     TAG_CHANGE Entity=[entityName=嘲风望月露娜拉 id=92 zone=PLAY zonePos=0 cardId=HERO_06bi player=2] tag=1715 value=116 
D 09:58:33.5519719 PowerTaskList.DebugPrintPower() -     TAG_CHANGE Entity=拯救网瘾对手#5318 tag=NUM_FRIENDLY_MINIONS_THAT_ATTACKED_THIS_TURN value=2 
D 09:58:33.5519719 PowerTaskList.DebugPrintPower() -     TAG_CHANGE Entity=GameEntity tag=PROPOSED_ATTACKER value=116 
D 09:58:33.5519719 PowerTaskList.DebugPrintPower() -     TAG_CHANGE Entity=GameEntity tag=PROPOSED_DEFENDER value=92 
D 09:58:33.5519719 PowerTaskList.DebugPrintPower() -     TAG_CHANGE Entity=[entityName=侧进蛇 id=116 zone=PLAY zonePos=4 cardId=WW_806t player=1] tag=STEALTH value=0 
D 09:58:33.5519719 PowerTaskList.DebugPrintPower() -     TAG_CHANGE Entity=[entityName=侧进蛇 id=116 zone=PLAY zonePos=4 cardId=WW_806t player=1] tag=3654 value=1 
D 09:58:33.5519719 PowerTaskList.DebugPrintPower() -     TAG_CHANGE Entity=[entityName=侧进蛇 id=116 zone=PLAY zonePos=4 cardId=WW_806t player=1] tag=ATTACKING value=1 
D 09:58:33.5519719 PowerTaskList.DebugPrintPower() -     META_DATA - Meta=SLUSH_TIME Data=1200 InfoCount=1
D 09:58:33.5519719 PowerTaskList.DebugPrintPower() -                 Info[0] = [entityName=侧进蛇 id=116 zone=PLAY zonePos=4 cardId=WW_806t player=1]
D 09:58:33.5519719 PowerTaskList.DebugPrintPower() -     TAG_CHANGE Entity=[entityName=侧进蛇 id=116 zone=PLAY zonePos=4 cardId=WW_806t player=1] tag=3619 value=0 
D 09:58:33.5519719 PowerTaskList.DebugPrintPower() -     TAG_CHANGE Entity=[entityName=嘲风望月露娜拉 id=92 zone=PLAY zonePos=0 cardId=HERO_06bi player=2] tag=DEFENDING value=1 
D 09:58:33.5519719 PowerTaskList.DebugPrintPower() -     TAG_CHANGE Entity=[entityName=侧进蛇 id=116 zone=PLAY zonePos=4 cardId=WW_806t player=1] tag=NUM_ATTACKS_THIS_TURN value=1 
D 09:58:33.5519719 PowerTaskList.DebugPrintPower() -     TAG_CHANGE Entity=[entityName=侧进蛇 id=116 zone=PLAY zonePos=4 cardId=WW_806t player=1] tag=4163 value=1 
D 09:58:33.5519719 PowerTaskList.DebugPrintPower() -     TAG_CHANGE Entity=[entityName=侧进蛇 id=116 zone=PLAY zonePos=4 cardId=WW_806t player=1] tag=EXHAUSTED value=1 
D 09:58:33.5519719 PowerTaskList.DebugPrintPower() -     TAG_CHANGE Entity=[entityName=嘲风望月露娜拉 id=92 zone=PLAY zonePos=0 cardId=HERO_06bi player=2] tag=2187 value=116 
D 09:58:33.5519719 PowerTaskList.DebugPrintPower() -     TAG_CHANGE Entity=[entityName=嘲风望月露娜拉 id=92 zone=PLAY zonePos=0 cardId=HERO_06bi player=2] tag=PREDAMAGE value=1 
D 09:58:33.5519719 PowerTaskList.DebugPrintPower() -     TAG_CHANGE Entity=[entityName=嘲风望月露娜拉 id=92 zone=PLAY zonePos=0 cardId=HERO_06bi player=2] tag=1173 value=92 
D 09:58:33.5519719 PowerTaskList.DebugPrintPower() -     TAG_CHANGE Entity=[entityName=嘲风望月露娜拉 id=92 zone=PLAY zonePos=0 cardId=HERO_06bi player=2] tag=2187 value=0 
D 09:58:33.5519719 PowerTaskList.DebugPrintPower() -     TAG_CHANGE Entity=[entityName=嘲风望月露娜拉 id=92 zone=PLAY zonePos=0 cardId=HERO_06bi player=2] tag=PREDAMAGE value=0 
D 09:58:33.5519719 PowerTaskList.DebugPrintPower() -     TAG_CHANGE Entity=[entityName=嘲风望月露娜拉 id=92 zone=PLAY zonePos=0 cardId=HERO_06bi player=2] tag=1173 value=0 
D 09:58:33.5519719 PowerTaskList.DebugPrintPower() -     TAG_CHANGE Entity=[entityName=嘲风望月露娜拉 id=92 zone=PLAY zonePos=0 cardId=HERO_06bi player=2] tag=PREDAMAGE value=1 
D 09:58:33.5519719 PowerTaskList.DebugPrintPower() -     TAG_CHANGE Entity=[entityName=嘲风望月露娜拉 id=92 zone=PLAY zonePos=0 cardId=HERO_06bi player=2] tag=PREDAMAGE value=0 
D 09:58:33.5519719 PowerTaskList.DebugPrintPower() -     META_DATA - Meta=DAMAGE Data=1 InfoCount=1
D 09:58:33.5519719 PowerTaskList.DebugPrintPower() -                 Info[0] = [entityName=嘲风望月露娜拉 id=92 zone=PLAY zonePos=0 cardId=HERO_06bi player=2]
D 09:58:33.5519719 PowerTaskList.DebugPrintPower() -     TAG_CHANGE Entity=[entityName=嘲风望月露娜拉 id=92 zone=PLAY zonePos=0 cardId=HERO_06bi player=2] tag=4741 value=7 
D 09:58:33.5519719 PowerTaskList.DebugPrintPower() -     TAG_CHANGE Entity=[entityName=嘲风望月露娜拉 id=92 zone=PLAY zonePos=0 cardId=HERO_06bi player=2] tag=LAST_AFFECTED_BY value=116 
D 09:58:33.5519719 PowerTaskList.DebugPrintPower() -     TAG_CHANGE Entity=[entityName=嘲风望月露娜拉 id=92 zone=PLAY zonePos=0 cardId=HERO_06bi player=2] tag=DAMAGE value=10 
D 09:58:33.5519719 PowerTaskList.DebugPrintPower() -     TAG_CHANGE Entity=湫然#51704 tag=464 value=3 
D 09:58:33.5519719 PowerTaskList.DebugPrintPower() -     TAG_CHANGE Entity=湫然#51704 tag=1853 value=11 
D 09:58:33.5519719 PowerTaskList.DebugPrintPower() -     TAG_CHANGE Entity=湫然#51704 tag=4453 value=2 
D 09:58:33.5519719 PowerTaskList.DebugPrintPower() -     TAG_CHANGE Entity=湫然#51704 tag=DAMAGE_DEALT_TO_HERO_LAST_TURN value=3 
D 09:58:33.5519719 PowerTaskList.DebugPrintPower() -     TAG_CHANGE Entity=GameEntity tag=1710 value=1 
D 09:58:33.5519719 PowerTaskList.DebugPrintPower() -     TAG_CHANGE Entity=GameEntity tag=1710 value=0 
D 09:58:33.5519719 PowerTaskList.DebugPrintPower() -     TAG_CHANGE Entity=GameEntity tag=PROPOSED_ATTACKER value=0 
D 09:58:33.5519719 PowerTaskList.DebugPrintPower() -     TAG_CHANGE Entity=GameEntity tag=PROPOSED_DEFENDER value=0 
D 09:58:33.5519719 PowerTaskList.DebugPrintPower() -     TAG_CHANGE Entity=[entityName=侧进蛇 id=116 zone=PLAY zonePos=4 cardId=WW_806t player=1] tag=ATTACKING value=0 
D 09:58:33.5519719 PowerTaskList.DebugPrintPower() -     TAG_CHANGE Entity=[entityName=嘲风望月露娜拉 id=92 zone=PLAY zonePos=0 cardId=HERO_06bi player=2] tag=DEFENDING value=0 
D 09:58:33.5519719 PowerTaskList.DebugPrintPower() - BLOCK_END
D 09:58:33.5519719 PowerProcessor.PrepareHistoryForCurrentTaskList() - m_currentTaskList=217
D 09:58:34.7682738 PowerProcessor.EndCurrentTaskList() - m_currentTaskList=217
D 09:58:34.7748004 PowerTaskList.DebugDump() - ID=218 ParentID=0 PreviousID=0 TaskCount=3
D 09:58:34.7748004 PowerTaskList.DebugDump() - Block Start=(null)
D 09:58:34.7748004 PowerTaskList.DebugPrintPower() -     TAG_CHANGE Entity=GameEntity tag=1323 value=17 
D 09:58:34.7748004 PowerTaskList.DebugPrintPower() -     TAG_CHANGE Entity=拯救网瘾对手#5318 tag=NUM_OPTIONS_PLAYED_THIS_TURN value=5 
D 09:58:34.7748004 PowerTaskList.DebugPrintPower() -     META_DATA - Meta=SLUSH_TIME Data=1000 InfoCount=1
D 09:58:34.7748004 PowerTaskList.DebugPrintPower() -                 Info[0] = [entityName=侧进蛇 id=116 zone=PLAY zonePos=4 cardId=WW_806t player=1]
D 09:58:34.7748004 PowerTaskList.DebugDump() - Block End=(null)
D 09:58:34.7748004 PowerProcessor.PrepareHistoryForCurrentTaskList() - m_currentTaskList=218
D 09:58:34.7748004 PowerProcessor.EndCurrentTaskList() - m_currentTaskList=218
D 09:58:34.7748004 PowerTaskList.DebugDump() - ID=219 ParentID=0 PreviousID=0 TaskCount=1
D 09:58:34.7748004 PowerTaskList.DebugDump() - Block Start=(null)
D 09:58:34.7748004 PowerTaskList.DebugPrintPower() -     TAG_CHANGE Entity=[entityName=侧进蛇 id=117 zone=PLAY zonePos=5 cardId=WW_806t player=1] tag=CARD_TARGET value=92 
D 09:58:34.7748004 PowerTaskList.DebugDump() - Block End=(null)
D 09:58:34.7748004 PowerProcessor.PrepareHistoryForCurrentTaskList() - m_currentTaskList=219
D 09:58:34.7748004 PowerProcessor.EndCurrentTaskList() - m_currentTaskList=219
D 09:58:34.7748004 PowerTaskList.DebugDump() - ID=220 ParentID=219 PreviousID=0 TaskCount=36
D 09:58:34.7748004 PowerTaskList.DebugPrintPower() - BLOCK_START BlockType=ATTACK Entity=[entityName=侧进蛇 id=117 zone=PLAY zonePos=5 cardId=WW_806t player=1] EffectCardId=System.Collections.Generic.List`1[System.String] EffectIndex=0 Target=[entityName=嘲风望月露娜拉 id=92 zone=PLAY zonePos=0 cardId=HERO_06bi player=2] SubOption=-1 
D 09:58:34.7748004 PowerTaskList.DebugPrintPower() -     TAG_CHANGE Entity=[entityName=侧进蛇 id=117 zone=PLAY zonePos=5 cardId=WW_806t player=1] tag=1715 value=117 
D 09:58:34.7748004 PowerTaskList.DebugPrintPower() -     TAG_CHANGE Entity=[entityName=嘲风望月露娜拉 id=92 zone=PLAY zonePos=0 cardId=HERO_06bi player=2] tag=1715 value=117 
D 09:58:34.7748004 PowerTaskList.DebugPrintPower() -     TAG_CHANGE Entity=拯救网瘾对手#5318 tag=NUM_FRIENDLY_MINIONS_THAT_ATTACKED_THIS_TURN value=3 
D 09:58:34.7748004 PowerTaskList.DebugPrintPower() -     TAG_CHANGE Entity=GameEntity tag=PROPOSED_ATTACKER value=117 
D 09:58:34.7748004 PowerTaskList.DebugPrintPower() -     TAG_CHANGE Entity=GameEntity tag=PROPOSED_DEFENDER value=92 
D 09:58:34.7748004 PowerTaskList.DebugPrintPower() -     TAG_CHANGE Entity=[entityName=侧进蛇 id=117 zone=PLAY zonePos=5 cardId=WW_806t player=1] tag=STEALTH value=0 
D 09:58:34.7748004 PowerTaskList.DebugPrintPower() -     TAG_CHANGE Entity=[entityName=侧进蛇 id=117 zone=PLAY zonePos=5 cardId=WW_806t player=1] tag=3654 value=1 
D 09:58:34.7748004 PowerTaskList.DebugPrintPower() -     TAG_CHANGE Entity=[entityName=侧进蛇 id=117 zone=PLAY zonePos=5 cardId=WW_806t player=1] tag=ATTACKING value=1 
D 09:58:34.7748004 PowerTaskList.DebugPrintPower() -     META_DATA - Meta=SLUSH_TIME Data=1200 InfoCount=1
D 09:58:34.7748004 PowerTaskList.DebugPrintPower() -                 Info[0] = [entityName=侧进蛇 id=117 zone=PLAY zonePos=5 cardId=WW_806t player=1]
D 09:58:34.7748004 PowerTaskList.DebugPrintPower() -     TAG_CHANGE Entity=[entityName=侧进蛇 id=117 zone=PLAY zonePos=5 cardId=WW_806t player=1] tag=3619 value=0 
D 09:58:34.7748004 PowerTaskList.DebugPrintPower() -     TAG_CHANGE Entity=[entityName=嘲风望月露娜拉 id=92 zone=PLAY zonePos=0 cardId=HERO_06bi player=2] tag=DEFENDING value=1 
D 09:58:34.7748004 PowerTaskList.DebugPrintPower() -     TAG_CHANGE Entity=[entityName=侧进蛇 id=117 zone=PLAY zonePos=5 cardId=WW_806t player=1] tag=NUM_ATTACKS_THIS_TURN value=1 
D 09:58:34.7748004 PowerTaskList.DebugPrintPower() -     TAG_CHANGE Entity=[entityName=侧进蛇 id=117 zone=PLAY zonePos=5 cardId=WW_806t player=1] tag=4163 value=1 
D 09:58:34.7748004 PowerTaskList.DebugPrintPower() -     TAG_CHANGE Entity=[entityName=侧进蛇 id=117 zone=PLAY zonePos=5 cardId=WW_806t player=1] tag=EXHAUSTED value=1 
D 09:58:34.7748004 PowerTaskList.DebugPrintPower() -     TAG_CHANGE Entity=[entityName=嘲风望月露娜拉 id=92 zone=PLAY zonePos=0 cardId=HERO_06bi player=2] tag=2187 value=117 
D 09:58:34.7748004 PowerTaskList.DebugPrintPower() -     TAG_CHANGE Entity=[entityName=嘲风望月露娜拉 id=92 zone=PLAY zonePos=0 cardId=HERO_06bi player=2] tag=PREDAMAGE value=1 
D 09:58:34.7748004 PowerTaskList.DebugPrintPower() -     TAG_CHANGE Entity=[entityName=嘲风望月露娜拉 id=92 zone=PLAY zonePos=0 cardId=HERO_06bi player=2] tag=1173 value=92 
D 09:58:34.7748004 PowerTaskList.DebugPrintPower() -     TAG_CHANGE Entity=[entityName=嘲风望月露娜拉 id=92 zone=PLAY zonePos=0 cardId=HERO_06bi player=2] tag=2187 value=0 
D 09:58:34.7748004 PowerTaskList.DebugPrintPower() -     TAG_CHANGE Entity=[entityName=嘲风望月露娜拉 id=92 zone=PLAY zonePos=0 cardId=HERO_06bi player=2] tag=PREDAMAGE value=0 
D 09:58:34.7748004 PowerTaskList.DebugPrintPower() -     TAG_CHANGE Entity=[entityName=嘲风望月露娜拉 id=92 zone=PLAY zonePos=0 cardId=HERO_06bi player=2] tag=1173 value=0 
D 09:58:34.7748004 PowerTaskList.DebugPrintPower() -     TAG_CHANGE Entity=[entityName=嘲风望月露娜拉 id=92 zone=PLAY zonePos=0 cardId=HERO_06bi player=2] tag=PREDAMAGE value=1 
D 09:58:34.7748004 PowerTaskList.DebugPrintPower() -     TAG_CHANGE Entity=[entityName=嘲风望月露娜拉 id=92 zone=PLAY zonePos=0 cardId=HERO_06bi player=2] tag=PREDAMAGE value=0 
D 09:58:34.7748004 PowerTaskList.DebugPrintPower() -     META_DATA - Meta=DAMAGE Data=1 InfoCount=1
D 09:58:34.7748004 PowerTaskList.DebugPrintPower() -                 Info[0] = [entityName=嘲风望月露娜拉 id=92 zone=PLAY zonePos=0 cardId=HERO_06bi player=2]
D 09:58:34.7748004 PowerTaskList.DebugPrintPower() -     TAG_CHANGE Entity=[entityName=嘲风望月露娜拉 id=92 zone=PLAY zonePos=0 cardId=HERO_06bi player=2] tag=4741 value=8 
D 09:58:34.7748004 PowerTaskList.DebugPrintPower() -     TAG_CHANGE Entity=[entityName=嘲风望月露娜拉 id=92 zone=PLAY zonePos=0 cardId=HERO_06bi player=2] tag=LAST_AFFECTED_BY value=117 
D 09:58:34.7748004 PowerTaskList.DebugPrintPower() -     TAG_CHANGE Entity=[entityName=嘲风望月露娜拉 id=92 zone=PLAY zonePos=0 cardId=HERO_06bi player=2] tag=DAMAGE value=11 
D 09:58:34.7748004 PowerTaskList.DebugPrintPower() -     TAG_CHANGE Entity=湫然#51704 tag=464 value=4 
D 09:58:34.7748004 PowerTaskList.DebugPrintPower() -     TAG_CHANGE Entity=湫然#51704 tag=1853 value=12 
D 09:58:34.7748004 PowerTaskList.DebugPrintPower() -     TAG_CHANGE Entity=湫然#51704 tag=4453 value=3 
D 09:58:34.7748004 PowerTaskList.DebugPrintPower() -     TAG_CHANGE Entity=湫然#51704 tag=DAMAGE_DEALT_TO_HERO_LAST_TURN value=4 
D 09:58:34.7748004 PowerTaskList.DebugPrintPower() -     TAG_CHANGE Entity=GameEntity tag=1710 value=1 
D 09:58:34.7748004 PowerTaskList.DebugPrintPower() -     TAG_CHANGE Entity=GameEntity tag=1710 value=0 
D 09:58:34.7748004 PowerTaskList.DebugPrintPower() -     TAG_CHANGE Entity=GameEntity tag=PROPOSED_ATTACKER value=0 
D 09:58:34.7748004 PowerTaskList.DebugPrintPower() -     TAG_CHANGE Entity=GameEntity tag=PROPOSED_DEFENDER value=0 
D 09:58:34.7748004 PowerTaskList.DebugPrintPower() -     TAG_CHANGE Entity=[entityName=侧进蛇 id=117 zone=PLAY zonePos=5 cardId=WW_806t player=1] tag=ATTACKING value=0 
D 09:58:34.7748004 PowerTaskList.DebugPrintPower() -     TAG_CHANGE Entity=[entityName=嘲风望月露娜拉 id=92 zone=PLAY zonePos=0 cardId=HERO_06bi player=2] tag=DEFENDING value=0 
D 09:58:34.7748004 PowerTaskList.DebugPrintPower() - BLOCK_END
D 09:58:34.7748004 PowerProcessor.PrepareHistoryForCurrentTaskList() - m_currentTaskList=220
D 09:58:35.9911517 PowerProcessor.EndCurrentTaskList() - m_currentTaskList=220
D 09:58:35.9972133 PowerTaskList.DebugDump() - ID=221 ParentID=0 PreviousID=0 TaskCount=3
D 09:58:35.9972133 PowerTaskList.DebugDump() - Block Start=(null)
D 09:58:35.9972133 PowerTaskList.DebugPrintPower() -     TAG_CHANGE Entity=GameEntity tag=1323 value=18 
D 09:58:35.9972133 PowerTaskList.DebugPrintPower() -     TAG_CHANGE Entity=拯救网瘾对手#5318 tag=NUM_OPTIONS_PLAYED_THIS_TURN value=6 
D 09:58:35.9972133 PowerTaskList.DebugPrintPower() -     META_DATA - Meta=SLUSH_TIME Data=1000 InfoCount=1
D 09:58:35.9972133 PowerTaskList.DebugPrintPower() -                 Info[0] = [entityName=侧进蛇 id=117 zone=PLAY zonePos=5 cardId=WW_806t player=1]
D 09:58:35.9972133 PowerTaskList.DebugDump() - Block End=(null)
D 09:58:35.9972133 PowerProcessor.PrepareHistoryForCurrentTaskList() - m_currentTaskList=221
D 09:58:35.9972133 PowerProcessor.EndCurrentTaskList() - m_currentTaskList=221
D 09:58:35.9972133 PowerTaskList.DebugDump() - ID=222 ParentID=0 PreviousID=0 TaskCount=32
D 09:58:35.9972133 PowerTaskList.DebugPrintPower() - BLOCK_START BlockType=ATTACK Entity=[entityName=奇迹推销员 id=4 zone=PLAY zonePos=1 cardId=WW_331 player=1] EffectCardId=System.Collections.Generic.List`1[System.String] EffectIndex=0 Target=[entityName=嘲风望月露娜拉 id=92 zone=PLAY zonePos=0 cardId=HERO_06bi player=2] SubOption=-1 
D 09:58:35.9972133 PowerTaskList.DebugPrintPower() -     TAG_CHANGE Entity=[entityName=嘲风望月露娜拉 id=92 zone=PLAY zonePos=0 cardId=HERO_06bi player=2] tag=1715 value=4 
D 09:58:35.9972133 PowerTaskList.DebugPrintPower() -     TAG_CHANGE Entity=拯救网瘾对手#5318 tag=NUM_FRIENDLY_MINIONS_THAT_ATTACKED_THIS_TURN value=4 
D 09:58:35.9972133 PowerTaskList.DebugPrintPower() -     TAG_CHANGE Entity=GameEntity tag=PROPOSED_ATTACKER value=4 
D 09:58:35.9972133 PowerTaskList.DebugPrintPower() -     TAG_CHANGE Entity=GameEntity tag=PROPOSED_DEFENDER value=92 
D 09:58:35.9972133 PowerTaskList.DebugPrintPower() -     TAG_CHANGE Entity=[entityName=奇迹推销员 id=4 zone=PLAY zonePos=1 cardId=WW_331 player=1] tag=ATTACKING value=1 
D 09:58:35.9972133 PowerTaskList.DebugPrintPower() -     META_DATA - Meta=SLUSH_TIME Data=1200 InfoCount=1
D 09:58:35.9972133 PowerTaskList.DebugPrintPower() -                 Info[0] = [entityName=奇迹推销员 id=4 zone=PLAY zonePos=1 cardId=WW_331 player=1]
D 09:58:35.9972133 PowerTaskList.DebugPrintPower() -     TAG_CHANGE Entity=[entityName=嘲风望月露娜拉 id=92 zone=PLAY zonePos=0 cardId=HERO_06bi player=2] tag=DEFENDING value=1 
D 09:58:35.9972133 PowerTaskList.DebugPrintPower() -     TAG_CHANGE Entity=[entityName=奇迹推销员 id=4 zone=PLAY zonePos=1 cardId=WW_331 player=1] tag=NUM_ATTACKS_THIS_TURN value=1 
D 09:58:35.9972133 PowerTaskList.DebugPrintPower() -     TAG_CHANGE Entity=[entityName=奇迹推销员 id=4 zone=PLAY zonePos=1 cardId=WW_331 player=1] tag=4163 value=3 
D 09:58:35.9972133 PowerTaskList.DebugPrintPower() -     TAG_CHANGE Entity=[entityName=奇迹推销员 id=4 zone=PLAY zonePos=1 cardId=WW_331 player=1] tag=EXHAUSTED value=1 
D 09:58:35.9972133 PowerTaskList.DebugPrintPower() -     TAG_CHANGE Entity=[entityName=嘲风望月露娜拉 id=92 zone=PLAY zonePos=0 cardId=HERO_06bi player=2] tag=2187 value=4 
D 09:58:35.9972133 PowerTaskList.DebugPrintPower() -     TAG_CHANGE Entity=[entityName=嘲风望月露娜拉 id=92 zone=PLAY zonePos=0 cardId=HERO_06bi player=2] tag=PREDAMAGE value=2 
D 09:58:35.9972133 PowerTaskList.DebugPrintPower() -     TAG_CHANGE Entity=[entityName=嘲风望月露娜拉 id=92 zone=PLAY zonePos=0 cardId=HERO_06bi player=2] tag=1173 value=92 
D 09:58:35.9972133 PowerTaskList.DebugPrintPower() -     TAG_CHANGE Entity=[entityName=嘲风望月露娜拉 id=92 zone=PLAY zonePos=0 cardId=HERO_06bi player=2] tag=2187 value=0 
D 09:58:35.9972133 PowerTaskList.DebugPrintPower() -     TAG_CHANGE Entity=[entityName=嘲风望月露娜拉 id=92 zone=PLAY zonePos=0 cardId=HERO_06bi player=2] tag=PREDAMAGE value=0 
D 09:58:35.9972133 PowerTaskList.DebugPrintPower() -     TAG_CHANGE Entity=[entityName=嘲风望月露娜拉 id=92 zone=PLAY zonePos=0 cardId=HERO_06bi player=2] tag=1173 value=0 
D 09:58:35.9972133 PowerTaskList.DebugPrintPower() -     TAG_CHANGE Entity=[entityName=嘲风望月露娜拉 id=92 zone=PLAY zonePos=0 cardId=HERO_06bi player=2] tag=PREDAMAGE value=2 
D 09:58:35.9972133 PowerTaskList.DebugPrintPower() -     TAG_CHANGE Entity=[entityName=嘲风望月露娜拉 id=92 zone=PLAY zonePos=0 cardId=HERO_06bi player=2] tag=PREDAMAGE value=0 
D 09:58:35.9972133 PowerTaskList.DebugPrintPower() -     META_DATA - Meta=DAMAGE Data=2 InfoCount=1
D 09:58:35.9972133 PowerTaskList.DebugPrintPower() -                 Info[0] = [entityName=嘲风望月露娜拉 id=92 zone=PLAY zonePos=0 cardId=HERO_06bi player=2]
D 09:58:35.9972133 PowerTaskList.DebugPrintPower() -     TAG_CHANGE Entity=[entityName=嘲风望月露娜拉 id=92 zone=PLAY zonePos=0 cardId=HERO_06bi player=2] tag=4741 value=9 
D 09:58:35.9972133 PowerTaskList.DebugPrintPower() -     TAG_CHANGE Entity=[entityName=嘲风望月露娜拉 id=92 zone=PLAY zonePos=0 cardId=HERO_06bi player=2] tag=LAST_AFFECTED_BY value=4 
D 09:58:35.9972133 PowerTaskList.DebugPrintPower() -     TAG_CHANGE Entity=[entityName=嘲风望月露娜拉 id=92 zone=PLAY zonePos=0 cardId=HERO_06bi player=2] tag=DAMAGE value=13 
D 09:58:35.9972133 PowerTaskList.DebugPrintPower() -     TAG_CHANGE Entity=湫然#51704 tag=464 value=6 
D 09:58:35.9972133 PowerTaskList.DebugPrintPower() -     TAG_CHANGE Entity=湫然#51704 tag=1853 value=14 
D 09:58:35.9972133 PowerTaskList.DebugPrintPower() -     TAG_CHANGE Entity=湫然#51704 tag=4453 value=4 
D 09:58:35.9972133 PowerTaskList.DebugPrintPower() -     TAG_CHANGE Entity=湫然#51704 tag=DAMAGE_DEALT_TO_HERO_LAST_TURN value=6 
D 09:58:35.9972133 PowerTaskList.DebugPrintPower() -     TAG_CHANGE Entity=GameEntity tag=1710 value=1 
D 09:58:35.9972133 PowerTaskList.DebugPrintPower() -     TAG_CHANGE Entity=GameEntity tag=1710 value=0 
D 09:58:35.9972133 PowerTaskList.DebugPrintPower() -     TAG_CHANGE Entity=GameEntity tag=PROPOSED_ATTACKER value=0 
D 09:58:35.9972133 PowerTaskList.DebugPrintPower() -     TAG_CHANGE Entity=GameEntity tag=PROPOSED_DEFENDER value=0 
D 09:58:35.9972133 PowerTaskList.DebugPrintPower() -     TAG_CHANGE Entity=[entityName=奇迹推销员 id=4 zone=PLAY zonePos=1 cardId=WW_331 player=1] tag=ATTACKING value=0 
D 09:58:35.9972133 PowerTaskList.DebugPrintPower() -     TAG_CHANGE Entity=[entityName=嘲风望月露娜拉 id=92 zone=PLAY zonePos=0 cardId=HERO_06bi player=2] tag=DEFENDING value=0 
D 09:58:35.9972133 PowerTaskList.DebugPrintPower() - BLOCK_END
D 09:58:35.9972133 PowerProcessor.PrepareHistoryForCurrentTaskList() - m_currentTaskList=222
D 09:58:37.2136156 PowerProcessor.EndCurrentTaskList() - m_currentTaskList=222
D 09:58:37.2206423 PowerTaskList.DebugDump() - ID=223 ParentID=0 PreviousID=0 TaskCount=3
D 09:58:37.2206423 PowerTaskList.DebugDump() - Block Start=(null)
D 09:58:37.2206423 PowerTaskList.DebugPrintPower() -     TAG_CHANGE Entity=GameEntity tag=1323 value=19 
D 09:58:37.2206423 PowerTaskList.DebugPrintPower() -     TAG_CHANGE Entity=拯救网瘾对手#5318 tag=NUM_OPTIONS_PLAYED_THIS_TURN value=7 
D 09:58:37.2206423 PowerTaskList.DebugPrintPower() -     META_DATA - Meta=SLUSH_TIME Data=1000 InfoCount=1
D 09:58:37.2206423 PowerTaskList.DebugPrintPower() -                 Info[0] = [entityName=奇迹推销员 id=4 zone=PLAY zonePos=1 cardId=WW_331 player=1]
D 09:58:37.2206423 PowerTaskList.DebugDump() - Block End=(null)
D 09:58:37.2206423 PowerProcessor.PrepareHistoryForCurrentTaskList() - m_currentTaskList=223
D 09:58:37.2206423 PowerProcessor.EndCurrentTaskList() - m_currentTaskList=223
D 09:58:51.4952613 GameState.DebugPrintPowerList() - Count=89
D 09:58:51.4952613 GameState.DebugPrintPower() - TAG_CHANGE Entity=GameEntity tag=STEP value=MAIN_END 
D 09:58:51.4952613 GameState.DebugPrintPower() - BLOCK_START BlockType=TRIGGER Entity=拯救网瘾对手#5318 EffectCardId=System.Collections.Generic.List`1[System.String] EffectIndex=-1 Target=0 SubOption=-1 TriggerKeyword=TAG_NOT_SET
D 09:58:51.4952613 GameState.DebugPrintPower() -     TAG_CHANGE Entity=GameEntity tag=NEXT_STEP value=MAIN_CLEANUP 
D 09:58:51.4952613 GameState.DebugPrintPower() - BLOCK_END
D 09:58:51.4952613 GameState.DebugPrintPower() - BLOCK_START BlockType=TRIGGER Entity=拯救网瘾对手#5318 EffectCardId=System.Collections.Generic.List`1[System.String] EffectIndex=-1 Target=0 SubOption=-1 TriggerKeyword=TAG_NOT_SET
D 09:58:51.4952613 GameState.DebugPrintPower() - BLOCK_END
D 09:58:51.4952613 GameState.DebugPrintPower() - BLOCK_START BlockType=TRIGGER Entity=湫然#51704 EffectCardId=System.Collections.Generic.List`1[System.String] EffectIndex=-1 Target=0 SubOption=-1 TriggerKeyword=TAG_NOT_SET
D 09:58:51.4952613 GameState.DebugPrintPower() - BLOCK_END
D 09:58:51.4952613 GameState.DebugPrintPower() - TAG_CHANGE Entity=GameEntity tag=STEP value=MAIN_CLEANUP 
D 09:58:51.4952613 GameState.DebugPrintPower() - BLOCK_START BlockType=TRIGGER Entity=拯救网瘾对手#5318 EffectCardId=System.Collections.Generic.List`1[System.String] EffectIndex=-1 Target=0 SubOption=-1 TriggerKeyword=TAG_NOT_SET
D 09:58:51.4952613 GameState.DebugPrintPower() -     TAG_CHANGE Entity=[entityName=洛欧塞布 id=40 zone=PLAY zonePos=6 cardId=FP1_030 player=1] tag=JUST_PLAYED value=0 
D 09:58:51.4952613 GameState.DebugPrintPower() -     TAG_CHANGE Entity=拯救网瘾对手#5318 tag=COMBO_ACTIVE value=0 
D 09:58:51.4952613 GameState.DebugPrintPower() -     TAG_CHANGE Entity=GameEntity tag=NEXT_STEP value=MAIN_NEXT 
D 09:58:51.4952613 GameState.DebugPrintPower() - BLOCK_END
D 09:58:51.4952613 GameState.DebugPrintPower() - BLOCK_START BlockType=TRIGGER Entity=湫然#51704 EffectCardId=System.Collections.Generic.List`1[System.String] EffectIndex=-1 Target=0 SubOption=-1 TriggerKeyword=TAG_NOT_SET
D 09:58:51.4952613 GameState.DebugPrintPower() - BLOCK_END
D 09:58:51.4952613 GameState.DebugPrintPower() - TAG_CHANGE Entity=GameEntity tag=STEP value=MAIN_NEXT 
D 09:58:51.4952613 GameState.DebugPrintPower() - BLOCK_START BlockType=TRIGGER Entity=GameEntity EffectCardId=System.Collections.Generic.List`1[System.String] EffectIndex=-1 Target=0 SubOption=-1 TriggerKeyword=TAG_NOT_SET
D 09:58:51.4952613 GameState.DebugPrintPower() -     TAG_CHANGE Entity=拯救网瘾对手#5318 tag=1292 value=0 
D 09:58:51.4952613 GameState.DebugPrintPower() -     TAG_CHANGE Entity=湫然#51704 tag=1292 value=1 
D 09:58:51.4952613 GameState.DebugPrintPower() -     TAG_CHANGE Entity=[entityName=黑市拍卖师 id=51 zone=HAND zonePos=1 cardId=JAIL_718 player=2] tag=NUM_TURNS_IN_HAND value=9 
D 09:58:51.4952613 GameState.DebugPrintPower() -     TAG_CHANGE Entity=[entityName=雷霆绽放 id=78 zone=HAND zonePos=2 cardId=SCH_427 player=2] tag=NUM_TURNS_IN_HAND value=9 
D 09:58:51.4952613 GameState.DebugPrintPower() -     TAG_CHANGE Entity=[entityName=活体根须 id=56 zone=HAND zonePos=3 cardId=CORE_AT_037 player=2] tag=NUM_TURNS_IN_HAND value=9 
D 09:58:51.4952613 GameState.DebugPrintPower() -     TAG_CHANGE Entity=[entityName=月光射线 id=60 zone=HAND zonePos=4 cardId=TID_001 player=2] tag=NUM_TURNS_IN_HAND value=9 
D 09:58:51.4952613 GameState.DebugPrintPower() -     TAG_CHANGE Entity=[entityName=黑市拍卖师 id=75 zone=HAND zonePos=5 cardId=JAIL_718 player=2] tag=NUM_TURNS_IN_HAND value=7 
D 09:58:51.4952613 GameState.DebugPrintPower() -     TAG_CHANGE Entity=[entityName=波涛形塑 id=87 zone=HAND zonePos=6 cardId=TIME_701 player=2] tag=NUM_TURNS_IN_HAND value=5 
D 09:58:51.4952613 GameState.DebugPrintPower() -     TAG_CHANGE Entity=[entityName=月火术 id=86 zone=HAND zonePos=7 cardId=CS2_008 player=2] tag=NUM_TURNS_IN_HAND value=3 
D 09:58:51.4952613 GameState.DebugPrintPower() -     TAG_CHANGE Entity=拯救网瘾对手#5318 tag=CURRENT_PLAYER value=0 
D 09:58:51.4952613 GameState.DebugPrintPower() -     TAG_CHANGE Entity=湫然#51704 tag=CURRENT_PLAYER value=1 
D 09:58:51.4952613 GameState.DebugPrintPower() -     TAG_CHANGE Entity=GameEntity tag=TURN value=9 
D 09:58:51.4952613 GameState.DebugPrintPower() -     TAG_CHANGE Entity=GameEntity tag=1882 value=8 
D 09:58:51.4952613 GameState.DebugPrintPower() -     TAG_CHANGE Entity=湫然#51704 tag=TURN value=5 
D 09:58:51.4952613 GameState.DebugPrintPower() -     TAG_CHANGE Entity=GameEntity tag=NEXT_STEP value=MAIN_READY 
D 09:58:51.4952613 GameState.DebugPrintPower() - BLOCK_END
D 09:58:51.4952613 GameState.DebugPrintPower() - TAG_CHANGE Entity=GameEntity tag=STEP value=MAIN_READY 
D 09:58:51.4952613 GameState.DebugPrintPower() - BLOCK_START BlockType=TRIGGER Entity=湫然#51704 EffectCardId=System.Collections.Generic.List`1[System.String] EffectIndex=-1 Target=0 SubOption=-1 TriggerKeyword=TAG_NOT_SET
D 09:58:51.4952613 GameState.DebugPrintPower() -     TAG_CHANGE Entity=GameEntity tag=NUM_TURNS_IN_PLAY value=9 
D 09:58:51.4952613 GameState.DebugPrintPower() -     TAG_CHANGE Entity=拯救网瘾对手#5318 tag=NUM_TURNS_IN_PLAY value=9 
D 09:58:51.4952613 GameState.DebugPrintPower() -     TAG_CHANGE Entity=湫然#51704 tag=NUM_TURNS_IN_PLAY value=9 
D 09:58:51.4952613 GameState.DebugPrintPower() -     TAG_CHANGE Entity=[entityName=雷克萨 id=90 zone=PLAY zonePos=0 cardId=HERO_05 player=1] tag=NUM_TURNS_IN_PLAY value=9 
D 09:58:51.4952613 GameState.DebugPrintPower() -     TAG_CHANGE Entity=[entityName=稳固射击 id=91 zone=PLAY zonePos=0 cardId=HERO_05bp player=1] tag=NUM_TURNS_IN_PLAY value=9 
D 09:58:51.4952613 GameState.DebugPrintPower() -     TAG_CHANGE Entity=[entityName=嘲风望月露娜拉 id=92 zone=PLAY zonePos=0 cardId=HERO_06bi player=2] tag=NUM_TURNS_IN_PLAY value=9 
D 09:58:51.4952613 GameState.DebugPrintPower() -     TAG_CHANGE Entity=[entityName=变形 id=93 zone=PLAY zonePos=0 cardId=HERO_06ebp player=2] tag=NUM_TURNS_IN_PLAY value=9 
D 09:58:51.4952613 GameState.DebugPrintPower() -     TAG_CHANGE Entity=[entityName=奇迹推销员 id=4 zone=PLAY zonePos=1 cardId=WW_331 player=1] tag=NUM_TURNS_IN_PLAY value=7 
D 09:58:51.4952613 GameState.DebugPrintPower() -     TAG_CHANGE Entity=[entityName=鼠吻贮藏者 id=110 zone=PLAY zonePos=3 cardId=JAIL_877t player=1] tag=NUM_TURNS_IN_PLAY value=5 
D 09:58:51.4952613 GameState.DebugPrintPower() -     TAG_CHANGE Entity=[entityName=侧进蛇 id=116 zone=PLAY zonePos=4 cardId=WW_806t player=1] tag=NUM_TURNS_IN_PLAY value=3 
D 09:58:51.4952613 GameState.DebugPrintPower() -     TAG_CHANGE Entity=[entityName=侧进蛇 id=117 zone=PLAY zonePos=5 cardId=WW_806t player=1] tag=NUM_TURNS_IN_PLAY value=3 
D 09:58:51.4952613 GameState.DebugPrintPower() -     TAG_CHANGE Entity=[entityName=鼠吻贮藏者 id=123 zone=PLAY zonePos=2 cardId=JAIL_877t player=1] tag=NUM_TURNS_IN_PLAY value=1 
D 09:58:51.4952613 GameState.DebugPrintPower() -     TAG_CHANGE Entity=[entityName=洛欧塞布 id=40 zone=PLAY zonePos=6 cardId=FP1_030 player=1] tag=NUM_TURNS_IN_PLAY value=1 
D 09:58:51.4952613 GameState.DebugPrintPower() -     TAG_CHANGE Entity=湫然#51704 tag=RESOURCES value=5 
D 09:58:51.4952613 GameState.DebugPrintPower() -     TAG_CHANGE Entity=湫然#51704 tag=RESOURCES_USED value=0 
D 09:58:51.4952613 GameState.DebugPrintPower() -     TAG_CHANGE Entity=[entityName=奇迹推销员 id=4 zone=PLAY zonePos=1 cardId=WW_331 player=1] tag=NUM_ATTACKS_THIS_TURN value=0 
D 09:58:51.4952613 GameState.DebugPrintPower() -     TAG_CHANGE Entity=[entityName=鼠吻贮藏者 id=110 zone=PLAY zonePos=3 cardId=JAIL_877t player=1] tag=NUM_ATTACKS_THIS_TURN value=0 
D 09:58:51.4952613 GameState.DebugPrintPower() -     TAG_CHANGE Entity=[entityName=侧进蛇 id=116 zone=PLAY zonePos=4 cardId=WW_806t player=1] tag=NUM_ATTACKS_THIS_TURN value=0 
D 09:58:51.4952613 GameState.DebugPrintPower() -     TAG_CHANGE Entity=[entityName=侧进蛇 id=117 zone=PLAY zonePos=5 cardId=WW_806t player=1] tag=NUM_ATTACKS_THIS_TURN value=0 
D 09:58:51.4952613 GameState.DebugPrintPower() -     TAG_CHANGE Entity=湫然#51704 tag=NUM_OPTIONS_PLAYED_THIS_TURN value=0 
D 09:58:51.4952613 GameState.DebugPrintPower() -     TAG_CHANGE Entity=湫然#51704 tag=3242 value=0 
D 09:58:51.4952613 GameState.DebugPrintPower() -     TAG_CHANGE Entity=拯救网瘾对手#5318 tag=NUM_CARDS_DRAWN_THIS_TURN value=0 
D 09:58:51.4952613 GameState.DebugPrintPower() -     TAG_CHANGE Entity=GameEntity tag=NEXT_STEP value=MAIN_START_TRIGGERS 
D 09:58:51.4952613 GameState.DebugPrintPower() -     TAG_CHANGE Entity=湫然#51704 tag=464 value=0 
D 09:58:51.4952613 GameState.DebugPrintPower() -     TAG_CHANGE Entity=湫然#51704 tag=4453 value=0 
D 09:58:51.4952613 GameState.DebugPrintPower() -     TAG_CHANGE Entity=湫然#51704 tag=1575 value=0 
D 09:58:51.4952613 GameState.DebugPrintPower() -     TAG_CHANGE Entity=拯救网瘾对手#5318 tag=NUM_FRIENDLY_MINIONS_THAT_ATTACKED_THIS_TURN value=0 
D 09:58:51.4952613 GameState.DebugPrintPower() - BLOCK_END
D 09:58:51.4952613 GameState.DebugPrintPower() - TAG_CHANGE Entity=GameEntity tag=STEP value=MAIN_START_TRIGGERS 
D 09:58:51.4952613 GameState.DebugPrintPower() - BLOCK_START BlockType=TRIGGER Entity=湫然#51704 EffectCardId=System.Collections.Generic.List`1[System.String] EffectIndex=-1 Target=0 SubOption=-1 TriggerKeyword=TAG_NOT_SET
D 09:58:51.4952613 GameState.DebugPrintPower() -     TAG_CHANGE Entity=GameEntity tag=NEXT_STEP value=MAIN_START 
D 09:58:51.4952613 GameState.DebugPrintPower() - BLOCK_END
D 09:58:51.4952613 GameState.DebugPrintPower() - TAG_CHANGE Entity=GameEntity tag=STEP value=MAIN_START 
D 09:58:51.4952613 GameState.DebugPrintPower() - BLOCK_START BlockType=TRIGGER Entity=湫然#51704 EffectCardId=System.Collections.Generic.List`1[System.String] EffectIndex=-1 Target=0 SubOption=-1 TriggerKeyword=TAG_NOT_SET
D 09:58:51.4952613 GameState.DebugPrintPower() -     TAG_CHANGE Entity=湫然#51704 tag=2166 value=61 
D 09:58:51.4952613 GameState.DebugPrintPower() -     TAG_CHANGE Entity=湫然#51704 tag=467 value=1 
D 09:58:51.4952613 GameState.DebugPrintPower() -     SHOW_ENTITY - Updating Entity=[entityName=月火术 id=61 zone=DECK zonePos=0 cardId= player=2] CardID=CS2_008
D 09:58:51.4952613 GameState.DebugPrintPower() -         tag=CONTROLLER value=2
D 09:58:51.4952613 GameState.DebugPrintPower() -         tag=CARDTYPE value=SPELL
D 09:58:51.4952613 GameState.DebugPrintPower() -         tag=PREMIUM value=1
D 09:58:51.4952613 GameState.DebugPrintPower() -         tag=ZONE value=HAND
D 09:58:51.4952613 GameState.DebugPrintPower() -         tag=ENTITY_ID value=61
D 09:58:51.4952613 GameState.DebugPrintPower() -         tag=CLASS value=DRUID
D 09:58:51.4952613 GameState.DebugPrintPower() -         tag=FACTION value=NEUTRAL
D 09:58:51.4952613 GameState.DebugPrintPower() -         tag=RARITY value=FREE
D 09:58:51.4952613 GameState.DebugPrintPower() -         tag=ZONE_POSITION value=0
D 09:58:51.4952613 GameState.DebugPrintPower() -         tag=NUM_TURNS_IN_HAND value=1
D 09:58:51.4952613 GameState.DebugPrintPower() -         tag=478 value=2
D 09:58:51.4952613 GameState.DebugPrintPower() -         tag=1037 value=2
D 09:58:51.4952613 GameState.DebugPrintPower() -         tag=1043 value=1
D 09:58:51.4952613 GameState.DebugPrintPower() -         tag=1068 value=0
D 09:58:51.4952613 GameState.DebugPrintPower() -         tag=1380 value=1
D 09:58:51.4952613 GameState.DebugPrintPower() -         tag=SPAWN_TIME_COUNT value=1
D 09:58:51.4952613 GameState.DebugPrintPower() -         tag=SPELL_SCHOOL value=1
D 09:58:51.4952613 GameState.DebugPrintPower() -     TAG_CHANGE Entity=[entityName=月火术 id=61 zone=DECK zonePos=0 cardId= player=2] tag=ZONE_POSITION value=8 
D 09:58:51.4952613 GameState.DebugPrintPower() -     TAG_CHANGE Entity=[entityName=月火术 id=61 zone=DECK zonePos=0 cardId= player=2] tag=ZONE_POSITION value=0 
D 09:58:51.4952613 GameState.DebugPrintPower() -     TAG_CHANGE Entity=[entityName=月火术 id=61 zone=DECK zonePos=0 cardId= player=2] tag=ZONE_POSITION value=8 
D 09:58:51.4952613 GameState.DebugPrintPower() -     TAG_CHANGE Entity=湫然#51704 tag=3242 value=1 
D 09:58:51.4952613 GameState.DebugPrintPower() -     TAG_CHANGE Entity=湫然#51704 tag=NUM_CARDS_DRAWN_THIS_TURN value=1 
D 09:58:51.4952613 GameState.DebugPrintPower() -     TAG_CHANGE Entity=湫然#51704 tag=995 value=5 
D 09:58:51.4952613 GameState.DebugPrintPower() -     TAG_CHANGE Entity=[entityName=月火术 id=61 zone=DECK zonePos=0 cardId= player=2] tag=1570 value=9 
D 09:58:51.4952613 GameState.DebugPrintPower() -     TAG_CHANGE Entity=湫然#51704 tag=467 value=0 
D 09:58:51.4952613 GameState.DebugPrintPower() -     TAG_CHANGE Entity=GameEntity tag=NEXT_STEP value=MAIN_ACTION 
D 09:58:51.4952613 GameState.DebugPrintPower() - BLOCK_END
D 09:58:51.4952613 GameState.DebugPrintPower() - TAG_CHANGE Entity=[entityName=月火术 id=61 zone=DECK zonePos=0 cardId= player=2] tag=TAG_LAST_KNOWN_COST_IN_HAND value=5 
D 09:58:51.4952613 GameState.DebugPrintPower() - TAG_CHANGE Entity=[entityName=月火术 id=61 zone=DECK zonePos=0 cardId= player=2] tag=COST value=5 
D 09:58:51.4952613 GameState.DebugPrintPower() - TAG_CHANGE Entity=GameEntity tag=STEP value=MAIN_ACTION 
D 09:58:51.4952613 GameState.DebugPrintPower() - BLOCK_START BlockType=TRIGGER Entity=湫然#51704 EffectCardId=System.Collections.Generic.List`1[System.String] EffectIndex=-1 Target=0 SubOption=-1 TriggerKeyword=TAG_NOT_SET
D 09:58:51.4952613 GameState.DebugPrintPower() -     TAG_CHANGE Entity=GameEntity tag=NEXT_STEP value=MAIN_END 
D 09:58:51.4952613 GameState.DebugPrintPower() - BLOCK_END
D 09:58:51.4952613 PowerTaskList.DebugDump() - ID=224 ParentID=0 PreviousID=0 TaskCount=1
D 09:58:51.4952613 PowerTaskList.DebugDump() - Block Start=(null)
D 09:58:51.4952613 PowerTaskList.DebugPrintPower() -     TAG_CHANGE Entity=GameEntity tag=STEP value=MAIN_END 
D 09:58:51.4952613 PowerTaskList.DebugDump() - Block End=(null)
D 09:58:51.4952613 PowerProcessor.PrepareHistoryForCurrentTaskList() - m_currentTaskList=224
D 09:58:51.4952613 PowerProcessor.EndCurrentTaskList() - m_currentTaskList=224
D 09:58:51.4952613 PowerTaskList.DebugDump() - ID=225 ParentID=224 PreviousID=0 TaskCount=1
D 09:58:51.4952613 PowerTaskList.DebugPrintPower() - BLOCK_START BlockType=TRIGGER Entity=拯救网瘾对手#5318 EffectCardId=System.Collections.Generic.List`1[System.String] EffectIndex=-1 Target=0 SubOption=-1 TriggerKeyword=TAG_NOT_SET
D 09:58:51.4952613 PowerTaskList.DebugPrintPower() -     TAG_CHANGE Entity=GameEntity tag=NEXT_STEP value=MAIN_CLEANUP 
D 09:58:51.4952613 PowerTaskList.DebugPrintPower() - BLOCK_END
D 09:58:51.4952613 PowerProcessor.PrepareHistoryForCurrentTaskList() - m_currentTaskList=225
D 09:58:51.4952613 PowerProcessor.EndCurrentTaskList() - m_currentTaskList=225
D 09:58:51.4952613 PowerTaskList.DebugDump() - ID=226 ParentID=0 PreviousID=0 TaskCount=0
D 09:58:51.4952613 PowerTaskList.DebugPrintPower() - BLOCK_START BlockType=TRIGGER Entity=拯救网瘾对手#5318 EffectCardId=System.Collections.Generic.List`1[System.String] EffectIndex=-1 Target=0 SubOption=-1 TriggerKeyword=TAG_NOT_SET
D 09:58:51.4952613 PowerTaskList.DebugPrintPower() - BLOCK_END
D 09:58:51.4952613 PowerProcessor.PrepareHistoryForCurrentTaskList() - m_currentTaskList=226
D 09:58:51.4952613 PowerProcessor.EndCurrentTaskList() - m_currentTaskList=226
D 09:58:51.4952613 PowerTaskList.DebugDump() - ID=227 ParentID=0 PreviousID=0 TaskCount=0
D 09:58:51.4952613 PowerTaskList.DebugPrintPower() - BLOCK_START BlockType=TRIGGER Entity=湫然#51704 EffectCardId=System.Collections.Generic.List`1[System.String] EffectIndex=-1 Target=0 SubOption=-1 TriggerKeyword=TAG_NOT_SET
D 09:58:51.4952613 PowerTaskList.DebugPrintPower() - BLOCK_END
D 09:58:51.4952613 PowerProcessor.PrepareHistoryForCurrentTaskList() - m_currentTaskList=227
D 09:58:51.4952613 PowerProcessor.EndCurrentTaskList() - m_currentTaskList=227
D 09:58:51.4952613 PowerTaskList.DebugDump() - ID=228 ParentID=0 PreviousID=0 TaskCount=1
D 09:58:51.4952613 PowerTaskList.DebugDump() - Block Start=(null)
D 09:58:51.4952613 PowerTaskList.DebugPrintPower() -     TAG_CHANGE Entity=GameEntity tag=STEP value=MAIN_CLEANUP 
D 09:58:51.4952613 PowerTaskList.DebugDump() - Block End=(null)
D 09:58:51.4952613 PowerProcessor.PrepareHistoryForCurrentTaskList() - m_currentTaskList=228
D 09:58:51.4952613 PowerProcessor.EndCurrentTaskList() - m_currentTaskList=228
D 09:58:51.4952613 PowerTaskList.DebugDump() - ID=229 ParentID=0 PreviousID=0 TaskCount=3
D 09:58:51.4952613 PowerTaskList.DebugPrintPower() - BLOCK_START BlockType=TRIGGER Entity=拯救网瘾对手#5318 EffectCardId=System.Collections.Generic.List`1[System.String] EffectIndex=-1 Target=0 SubOption=-1 TriggerKeyword=TAG_NOT_SET
D 09:58:51.4952613 PowerTaskList.DebugPrintPower() -     TAG_CHANGE Entity=[entityName=洛欧塞布 id=40 zone=PLAY zonePos=6 cardId=FP1_030 player=1] tag=JUST_PLAYED value=0 
D 09:58:51.4952613 PowerTaskList.DebugPrintPower() -     TAG_CHANGE Entity=拯救网瘾对手#5318 tag=COMBO_ACTIVE value=0 
D 09:58:51.4952613 PowerTaskList.DebugPrintPower() -     TAG_CHANGE Entity=GameEntity tag=NEXT_STEP value=MAIN_NEXT 
D 09:58:51.4952613 PowerTaskList.DebugPrintPower() - BLOCK_END
D 09:58:51.4952613 PowerProcessor.PrepareHistoryForCurrentTaskList() - m_currentTaskList=229
D 09:58:51.4952613 PowerProcessor.EndCurrentTaskList() - m_currentTaskList=229
D 09:58:51.4952613 PowerTaskList.DebugDump() - ID=230 ParentID=0 PreviousID=0 TaskCount=0
D 09:58:51.4952613 PowerTaskList.DebugPrintPower() - BLOCK_START BlockType=TRIGGER Entity=湫然#51704 EffectCardId=System.Collections.Generic.List`1[System.String] EffectIndex=-1 Target=0 SubOption=-1 TriggerKeyword=TAG_NOT_SET
D 09:58:51.4952613 PowerTaskList.DebugPrintPower() - BLOCK_END
D 09:58:51.4952613 PowerProcessor.PrepareHistoryForCurrentTaskList() - m_currentTaskList=230
D 09:58:51.4952613 PowerProcessor.EndCurrentTaskList() - m_currentTaskList=230
D 09:58:51.4952613 PowerTaskList.DebugDump() - ID=231 ParentID=0 PreviousID=0 TaskCount=1
D 09:58:51.4952613 PowerTaskList.DebugDump() - Block Start=(null)
D 09:58:51.4952613 PowerTaskList.DebugPrintPower() -     TAG_CHANGE Entity=GameEntity tag=STEP value=MAIN_NEXT 
D 09:58:51.4952613 PowerTaskList.DebugDump() - Block End=(null)
D 09:58:51.4952613 PowerProcessor.PrepareHistoryForCurrentTaskList() - m_currentTaskList=231
D 09:58:51.4952613 PowerProcessor.EndCurrentTaskList() - m_currentTaskList=231
D 09:58:51.4952613 PowerTaskList.DebugDump() - ID=232 ParentID=0 PreviousID=0 TaskCount=15
D 09:58:51.4952613 PowerTaskList.DebugPrintPower() - BLOCK_START BlockType=TRIGGER Entity=GameEntity EffectCardId=System.Collections.Generic.List`1[System.String] EffectIndex=-1 Target=0 SubOption=-1 TriggerKeyword=TAG_NOT_SET
D 09:58:51.4952613 PowerTaskList.DebugPrintPower() -     TAG_CHANGE Entity=拯救网瘾对手#5318 tag=1292 value=0 
D 09:58:51.4952613 PowerTaskList.DebugPrintPower() -     TAG_CHANGE Entity=湫然#51704 tag=1292 value=1 
D 09:58:51.4952613 PowerTaskList.DebugPrintPower() -     TAG_CHANGE Entity=[entityName=黑市拍卖师 id=51 zone=HAND zonePos=1 cardId=JAIL_718 player=2] tag=NUM_TURNS_IN_HAND value=9 
D 09:58:51.4952613 PowerTaskList.DebugPrintPower() -     TAG_CHANGE Entity=[entityName=雷霆绽放 id=78 zone=HAND zonePos=2 cardId=SCH_427 player=2] tag=NUM_TURNS_IN_HAND value=9 
D 09:58:51.4952613 PowerTaskList.DebugPrintPower() -     TAG_CHANGE Entity=[entityName=活体根须 id=56 zone=HAND zonePos=3 cardId=CORE_AT_037 player=2] tag=NUM_TURNS_IN_HAND value=9 
D 09:58:51.4952613 PowerTaskList.DebugPrintPower() -     TAG_CHANGE Entity=[entityName=月光射线 id=60 zone=HAND zonePos=4 cardId=TID_001 player=2] tag=NUM_TURNS_IN_HAND value=9 
D 09:58:51.4952613 PowerTaskList.DebugPrintPower() -     TAG_CHANGE Entity=[entityName=黑市拍卖师 id=75 zone=HAND zonePos=5 cardId=JAIL_718 player=2] tag=NUM_TURNS_IN_HAND value=7 
D 09:58:51.4952613 PowerTaskList.DebugPrintPower() -     TAG_CHANGE Entity=[entityName=波涛形塑 id=87 zone=HAND zonePos=6 cardId=TIME_701 player=2] tag=NUM_TURNS_IN_HAND value=5 
D 09:58:51.4952613 PowerTaskList.DebugPrintPower() -     TAG_CHANGE Entity=[entityName=月火术 id=86 zone=HAND zonePos=7 cardId=CS2_008 player=2] tag=NUM_TURNS_IN_HAND value=3 
D 09:58:51.4952613 PowerTaskList.DebugPrintPower() -     TAG_CHANGE Entity=拯救网瘾对手#5318 tag=CURRENT_PLAYER value=0 
D 09:58:51.4952613 PowerTaskList.DebugPrintPower() -     TAG_CHANGE Entity=湫然#51704 tag=CURRENT_PLAYER value=1 
D 09:58:51.4952613 PowerTaskList.DebugPrintPower() -     TAG_CHANGE Entity=GameEntity tag=TURN value=9 
D 09:58:51.4952613 PowerTaskList.DebugPrintPower() -     TAG_CHANGE Entity=GameEntity tag=1882 value=8 
D 09:58:51.4952613 PowerTaskList.DebugPrintPower() -     TAG_CHANGE Entity=湫然#51704 tag=TURN value=5 
D 09:58:51.4952613 PowerTaskList.DebugPrintPower() -     TAG_CHANGE Entity=GameEntity tag=NEXT_STEP value=MAIN_READY 
D 09:58:51.4952613 PowerTaskList.DebugPrintPower() - BLOCK_END
D 09:58:51.4952613 PowerProcessor.PrepareHistoryForCurrentTaskList() - m_currentTaskList=232
D 09:58:51.4952613 PowerProcessor.EndCurrentTaskList() - m_currentTaskList=232
D 09:58:51.4952613 PowerTaskList.DebugDump() - ID=233 ParentID=0 PreviousID=0 TaskCount=1
D 09:58:51.4952613 PowerTaskList.DebugDump() - Block Start=(null)
D 09:58:51.4952613 PowerTaskList.DebugPrintPower() -     TAG_CHANGE Entity=GameEntity tag=STEP value=MAIN_READY 
D 09:58:51.4952613 PowerTaskList.DebugDump() - Block End=(null)
D 09:58:51.4952613 PowerProcessor.PrepareHistoryForCurrentTaskList() - m_currentTaskList=233
D 09:58:51.4952613 PowerProcessor.EndCurrentTaskList() - m_currentTaskList=233
D 09:58:51.4952613 PowerTaskList.DebugDump() - ID=234 ParentID=0 PreviousID=0 TaskCount=27
D 09:58:51.4952613 PowerTaskList.DebugPrintPower() - BLOCK_START BlockType=TRIGGER Entity=湫然#51704 EffectCardId=System.Collections.Generic.List`1[System.String] EffectIndex=-1 Target=0 SubOption=-1 TriggerKeyword=TAG_NOT_SET
D 09:58:51.4952613 PowerTaskList.DebugPrintPower() -     TAG_CHANGE Entity=GameEntity tag=NUM_TURNS_IN_PLAY value=9 
D 09:58:51.4952613 PowerTaskList.DebugPrintPower() -     TAG_CHANGE Entity=拯救网瘾对手#5318 tag=NUM_TURNS_IN_PLAY value=9 
D 09:58:51.4952613 PowerTaskList.DebugPrintPower() -     TAG_CHANGE Entity=湫然#51704 tag=NUM_TURNS_IN_PLAY value=9 
D 09:58:51.4952613 PowerTaskList.DebugPrintPower() -     TAG_CHANGE Entity=[entityName=雷克萨 id=90 zone=PLAY zonePos=0 cardId=HERO_05 player=1] tag=NUM_TURNS_IN_PLAY value=9 
D 09:58:51.4952613 PowerTaskList.DebugPrintPower() -     TAG_CHANGE Entity=[entityName=稳固射击 id=91 zone=PLAY zonePos=0 cardId=HERO_05bp player=1] tag=NUM_TURNS_IN_PLAY value=9 
D 09:58:51.4952613 PowerTaskList.DebugPrintPower() -     TAG_CHANGE Entity=[entityName=嘲风望月露娜拉 id=92 zone=PLAY zonePos=0 cardId=HERO_06bi player=2] tag=NUM_TURNS_IN_PLAY value=9 
D 09:58:51.4952613 PowerTaskList.DebugPrintPower() -     TAG_CHANGE Entity=[entityName=变形 id=93 zone=PLAY zonePos=0 cardId=HERO_06ebp player=2] tag=NUM_TURNS_IN_PLAY value=9 
D 09:58:51.4952613 PowerTaskList.DebugPrintPower() -     TAG_CHANGE Entity=[entityName=奇迹推销员 id=4 zone=PLAY zonePos=1 cardId=WW_331 player=1] tag=NUM_TURNS_IN_PLAY value=7 
D 09:58:51.4952613 PowerTaskList.DebugPrintPower() -     TAG_CHANGE Entity=[entityName=鼠吻贮藏者 id=110 zone=PLAY zonePos=3 cardId=JAIL_877t player=1] tag=NUM_TURNS_IN_PLAY value=5 
D 09:58:51.4952613 PowerTaskList.DebugPrintPower() -     TAG_CHANGE Entity=[entityName=侧进蛇 id=116 zone=PLAY zonePos=4 cardId=WW_806t player=1] tag=NUM_TURNS_IN_PLAY value=3 
D 09:58:51.4952613 PowerTaskList.DebugPrintPower() -     TAG_CHANGE Entity=[entityName=侧进蛇 id=117 zone=PLAY zonePos=5 cardId=WW_806t player=1] tag=NUM_TURNS_IN_PLAY value=3 
D 09:58:51.4952613 PowerTaskList.DebugPrintPower() -     TAG_CHANGE Entity=[entityName=鼠吻贮藏者 id=123 zone=PLAY zonePos=2 cardId=JAIL_877t player=1] tag=NUM_TURNS_IN_PLAY value=1 
D 09:58:51.4952613 PowerTaskList.DebugPrintPower() -     TAG_CHANGE Entity=[entityName=洛欧塞布 id=40 zone=PLAY zonePos=6 cardId=FP1_030 player=1] tag=NUM_TURNS_IN_PLAY value=1 
D 09:58:51.4952613 PowerTaskList.DebugPrintPower() -     TAG_CHANGE Entity=湫然#51704 tag=RESOURCES value=5 
D 09:58:51.4952613 PowerTaskList.DebugPrintPower() -     TAG_CHANGE Entity=湫然#51704 tag=RESOURCES_USED value=0 
D 09:58:51.4952613 PowerTaskList.DebugPrintPower() -     TAG_CHANGE Entity=[entityName=奇迹推销员 id=4 zone=PLAY zonePos=1 cardId=WW_331 player=1] tag=NUM_ATTACKS_THIS_TURN value=0 
D 09:58:51.4952613 PowerTaskList.DebugPrintPower() -     TAG_CHANGE Entity=[entityName=鼠吻贮藏者 id=110 zone=PLAY zonePos=3 cardId=JAIL_877t player=1] tag=NUM_ATTACKS_THIS_TURN value=0 
D 09:58:51.4952613 PowerTaskList.DebugPrintPower() -     TAG_CHANGE Entity=[entityName=侧进蛇 id=116 zone=PLAY zonePos=4 cardId=WW_806t player=1] tag=NUM_ATTACKS_THIS_TURN value=0 
D 09:58:51.4952613 PowerTaskList.DebugPrintPower() -     TAG_CHANGE Entity=[entityName=侧进蛇 id=117 zone=PLAY zonePos=5 cardId=WW_806t player=1] tag=NUM_ATTACKS_THIS_TURN value=0 
D 09:58:51.4952613 PowerTaskList.DebugPrintPower() -     TAG_CHANGE Entity=湫然#51704 tag=NUM_OPTIONS_PLAYED_THIS_TURN value=0 
D 09:58:51.4952613 PowerTaskList.DebugPrintPower() -     TAG_CHANGE Entity=湫然#51704 tag=3242 value=0 
D 09:58:51.4952613 PowerTaskList.DebugPrintPower() -     TAG_CHANGE Entity=拯救网瘾对手#5318 tag=NUM_CARDS_DRAWN_THIS_TURN value=0 
D 09:58:51.4952613 PowerTaskList.DebugPrintPower() -     TAG_CHANGE Entity=GameEntity tag=NEXT_STEP value=MAIN_START_TRIGGERS 
D 09:58:51.4952613 PowerTaskList.DebugPrintPower() -     TAG_CHANGE Entity=湫然#51704 tag=464 value=0 
D 09:58:51.4952613 PowerTaskList.DebugPrintPower() -     TAG_CHANGE Entity=湫然#51704 tag=4453 value=0 
D 09:58:51.4952613 PowerTaskList.DebugPrintPower() -     TAG_CHANGE Entity=湫然#51704 tag=1575 value=0 
D 09:58:51.4952613 PowerTaskList.DebugPrintPower() -     TAG_CHANGE Entity=拯救网瘾对手#5318 tag=NUM_FRIENDLY_MINIONS_THAT_ATTACKED_THIS_TURN value=0 
D 09:58:51.4952613 PowerTaskList.DebugPrintPower() - BLOCK_END
D 09:58:51.4952613 PowerProcessor.PrepareHistoryForCurrentTaskList() - m_currentTaskList=234
D 09:58:51.4952613 PowerProcessor.EndCurrentTaskList() - m_currentTaskList=234
D 09:58:51.4952613 PowerTaskList.DebugDump() - ID=235 ParentID=0 PreviousID=0 TaskCount=1
D 09:58:51.4952613 PowerTaskList.DebugDump() - Block Start=(null)
D 09:58:51.4952613 PowerTaskList.DebugPrintPower() -     TAG_CHANGE Entity=GameEntity tag=STEP value=MAIN_START_TRIGGERS 
D 09:58:51.4952613 PowerTaskList.DebugDump() - Block End=(null)
D 09:58:51.4952613 PowerProcessor.PrepareHistoryForCurrentTaskList() - m_currentTaskList=235
D 09:58:51.4952613 PowerProcessor.EndCurrentTaskList() - m_currentTaskList=235
D 09:58:51.4952613 PowerTaskList.DebugDump() - ID=236 ParentID=0 PreviousID=0 TaskCount=1
D 09:58:51.4952613 PowerTaskList.DebugPrintPower() - BLOCK_START BlockType=TRIGGER Entity=湫然#51704 EffectCardId=System.Collections.Generic.List`1[System.String] EffectIndex=-1 Target=0 SubOption=-1 TriggerKeyword=TAG_NOT_SET
D 09:58:51.4952613 PowerTaskList.DebugPrintPower() -     TAG_CHANGE Entity=GameEntity tag=NEXT_STEP value=MAIN_START 
D 09:58:51.4952613 PowerTaskList.DebugPrintPower() - BLOCK_END
D 09:58:51.4952613 PowerProcessor.PrepareHistoryForCurrentTaskList() - m_currentTaskList=236
D 09:58:51.4952613 PowerProcessor.EndCurrentTaskList() - m_currentTaskList=236
D 09:58:51.4952613 PowerTaskList.DebugDump() - ID=237 ParentID=0 PreviousID=0 TaskCount=1
D 09:58:51.4952613 PowerTaskList.DebugDump() - Block Start=(null)
D 09:58:51.4952613 PowerTaskList.DebugPrintPower() -     TAG_CHANGE Entity=GameEntity tag=STEP value=MAIN_START 
D 09:58:51.4952613 PowerTaskList.DebugDump() - Block End=(null)
D 09:58:51.4952613 PowerProcessor.PrepareHistoryForCurrentTaskList() - m_currentTaskList=237
D 09:58:51.4952613 PowerProcessor.EndCurrentTaskList() - m_currentTaskList=237
D 09:58:51.4952613 PowerTaskList.DebugDump() - ID=238 ParentID=0 PreviousID=0 TaskCount=12
D 09:58:51.4952613 PowerTaskList.DebugPrintPower() - BLOCK_START BlockType=TRIGGER Entity=湫然#51704 EffectCardId=System.Collections.Generic.List`1[System.String] EffectIndex=-1 Target=0 SubOption=-1 TriggerKeyword=TAG_NOT_SET
D 09:58:51.4952613 PowerTaskList.DebugPrintPower() -     TAG_CHANGE Entity=湫然#51704 tag=2166 value=61 
D 09:58:51.4952613 PowerTaskList.DebugPrintPower() -     TAG_CHANGE Entity=湫然#51704 tag=467 value=1 
D 09:58:51.4952613 PowerTaskList.DebugPrintPower() -     SHOW_ENTITY - Updating Entity=[entityName=月火术 id=61 zone=DECK zonePos=0 cardId= player=2] CardID=CS2_008
D 09:58:51.4952613 PowerTaskList.DebugPrintPower() -         tag=CONTROLLER value=2
D 09:58:51.4952613 PowerTaskList.DebugPrintPower() -         tag=CARDTYPE value=SPELL
D 09:58:51.4952613 PowerTaskList.DebugPrintPower() -         tag=PREMIUM value=1
D 09:58:51.4952613 PowerTaskList.DebugPrintPower() -         tag=ZONE value=HAND
D 09:58:51.4952613 PowerTaskList.DebugPrintPower() -         tag=ENTITY_ID value=61
D 09:58:51.4952613 PowerTaskList.DebugPrintPower() -         tag=CLASS value=DRUID
D 09:58:51.4952613 PowerTaskList.DebugPrintPower() -         tag=FACTION value=NEUTRAL
D 09:58:51.4952613 PowerTaskList.DebugPrintPower() -         tag=RARITY value=FREE
D 09:58:51.4952613 PowerTaskList.DebugPrintPower() -         tag=ZONE_POSITION value=0
D 09:58:51.4952613 PowerTaskList.DebugPrintPower() -         tag=NUM_TURNS_IN_HAND value=1
D 09:58:51.4952613 PowerTaskList.DebugPrintPower() -         tag=478 value=2
D 09:58:51.4952613 PowerTaskList.DebugPrintPower() -         tag=1037 value=2
D 09:58:51.4952613 PowerTaskList.DebugPrintPower() -         tag=1043 value=1
D 09:58:51.4952613 PowerTaskList.DebugPrintPower() -         tag=1068 value=0
D 09:58:51.4952613 PowerTaskList.DebugPrintPower() -         tag=1380 value=1
D 09:58:51.4952613 PowerTaskList.DebugPrintPower() -         tag=SPAWN_TIME_COUNT value=1
D 09:58:51.4952613 PowerTaskList.DebugPrintPower() -         tag=SPELL_SCHOOL value=1
D 09:58:51.4952613 PowerTaskList.DebugPrintPower() -     TAG_CHANGE Entity=[entityName=月火术 id=61 zone=DECK zonePos=0 cardId= player=2] tag=ZONE_POSITION value=8 
D 09:58:51.4952613 PowerTaskList.DebugPrintPower() -     TAG_CHANGE Entity=[entityName=月火术 id=61 zone=DECK zonePos=0 cardId= player=2] tag=ZONE_POSITION value=0 
D 09:58:51.4952613 PowerTaskList.DebugPrintPower() -     TAG_CHANGE Entity=[entityName=月火术 id=61 zone=DECK zonePos=0 cardId= player=2] tag=ZONE_POSITION value=8 
D 09:58:51.4952613 PowerTaskList.DebugPrintPower() -     TAG_CHANGE Entity=湫然#51704 tag=3242 value=1 
D 09:58:51.4952613 PowerTaskList.DebugPrintPower() -     TAG_CHANGE Entity=湫然#51704 tag=NUM_CARDS_DRAWN_THIS_TURN value=1 
D 09:58:51.4952613 PowerTaskList.DebugPrintPower() -     TAG_CHANGE Entity=湫然#51704 tag=995 value=5 
D 09:58:51.4952613 PowerTaskList.DebugPrintPower() -     TAG_CHANGE Entity=[entityName=月火术 id=61 zone=DECK zonePos=0 cardId= player=2] tag=1570 value=9 
D 09:58:51.4952613 PowerTaskList.DebugPrintPower() -     TAG_CHANGE Entity=湫然#51704 tag=467 value=0 
D 09:58:51.4952613 PowerTaskList.DebugPrintPower() -     TAG_CHANGE Entity=GameEntity tag=NEXT_STEP value=MAIN_ACTION 
D 09:58:51.4952613 PowerTaskList.DebugPrintPower() - BLOCK_END
D 09:58:51.4952613 PowerProcessor.PrepareHistoryForCurrentTaskList() - m_currentTaskList=238
D 09:58:51.5859044 GameState.DebugPrintOptions() - id=28
D 09:58:51.5859044 GameState.DebugPrintOptions() -   option 0 type=END_TURN mainEntity= error=INVALID errorParam=
D 09:58:51.5859044 GameState.DebugPrintOptions() -   option 1 type=POWER mainEntity=[entityName=黑市拍卖师 id=51 zone=HAND zonePos=1 cardId=JAIL_718 player=2] error=NONE errorParam=
D 09:58:51.5859044 GameState.DebugPrintOptions() -   option 2 type=POWER mainEntity=[entityName=雷霆绽放 id=78 zone=HAND zonePos=2 cardId=SCH_427 player=2] error=NONE errorParam=
D 09:58:51.5859044 GameState.DebugPrintOptions() -   option 3 type=POWER mainEntity=[entityName=黑市拍卖师 id=75 zone=HAND zonePos=5 cardId=JAIL_718 player=2] error=NONE errorParam=
D 09:58:51.5859044 GameState.DebugPrintOptions() -   option 4 type=POWER mainEntity=[entityName=月火术 id=86 zone=HAND zonePos=7 cardId=CS2_008 player=2] error=NONE errorParam=
D 09:58:51.5859044 GameState.DebugPrintOptions() -     target 0 entity=[entityName=雷克萨 id=90 zone=PLAY zonePos=0 cardId=HERO_05 player=1] error=NONE errorParam=
D 09:58:51.5859044 GameState.DebugPrintOptions() -     target 1 entity=[entityName=嘲风望月露娜拉 id=92 zone=PLAY zonePos=0 cardId=HERO_06bi player=2] error=NONE errorParam=
D 09:58:51.5859044 GameState.DebugPrintOptions() -     target 2 entity=[entityName=奇迹推销员 id=4 zone=PLAY zonePos=1 cardId=WW_331 player=1] error=NONE errorParam=
D 09:58:51.5859044 GameState.DebugPrintOptions() -     target 3 entity=[entityName=鼠吻贮藏者 id=110 zone=PLAY zonePos=3 cardId=JAIL_877t player=1] error=NONE errorParam=
D 09:58:51.5859044 GameState.DebugPrintOptions() -     target 4 entity=[entityName=侧进蛇 id=116 zone=PLAY zonePos=4 cardId=WW_806t player=1] error=NONE errorParam=
D 09:58:51.5859044 GameState.DebugPrintOptions() -     target 5 entity=[entityName=侧进蛇 id=117 zone=PLAY zonePos=5 cardId=WW_806t player=1] error=NONE errorParam=
D 09:58:51.5859044 GameState.DebugPrintOptions() -     target 6 entity=[entityName=鼠吻贮藏者 id=123 zone=PLAY zonePos=2 cardId=JAIL_877t player=1] error=NONE errorParam=
D 09:58:51.5859044 GameState.DebugPrintOptions() -     target 7 entity=[entityName=洛欧塞布 id=40 zone=PLAY zonePos=6 cardId=FP1_030 player=1] error=NONE errorParam=
D 09:58:51.5859044 GameState.DebugPrintOptions() -   option 5 type=POWER mainEntity=[entityName=月火术 id=61 zone=HAND zonePos=8 cardId=CS2_008 player=2] error=NONE errorParam=
D 09:58:51.5859044 GameState.DebugPrintOptions() -     target 0 entity=[entityName=雷克萨 id=90 zone=PLAY zonePos=0 cardId=HERO_05 player=1] error=NONE errorParam=
D 09:58:51.5859044 GameState.DebugPrintOptions() -     target 1 entity=[entityName=嘲风望月露娜拉 id=92 zone=PLAY zonePos=0 cardId=HERO_06bi player=2] error=NONE errorParam=
D 09:58:51.5859044 GameState.DebugPrintOptions() -     target 2 entity=[entityName=奇迹推销员 id=4 zone=PLAY zonePos=1 cardId=WW_331 player=1] error=NONE errorParam=
D 09:58:51.5859044 GameState.DebugPrintOptions() -     target 3 entity=[entityName=鼠吻贮藏者 id=110 zone=PLAY zonePos=3 cardId=JAIL_877t player=1] error=NONE errorParam=
D 09:58:51.5859044 GameState.DebugPrintOptions() -     target 4 entity=[entityName=侧进蛇 id=116 zone=PLAY zonePos=4 cardId=WW_806t player=1] error=NONE errorParam=
D 09:58:51.5859044 GameState.DebugPrintOptions() -     target 5 entity=[entityName=侧进蛇 id=117 zone=PLAY zonePos=5 cardId=WW_806t player=1] error=NONE errorParam=
D 09:58:51.5859044 GameState.DebugPrintOptions() -     target 6 entity=[entityName=鼠吻贮藏者 id=123 zone=PLAY zonePos=2 cardId=JAIL_877t player=1] error=NONE errorParam=
D 09:58:51.5859044 GameState.DebugPrintOptions() -     target 7 entity=[entityName=洛欧塞布 id=40 zone=PLAY zonePos=6 cardId=FP1_030 player=1] error=NONE errorParam=
D 09:58:51.5859044 GameState.DebugPrintOptions() -   option 6 type=POWER mainEntity=[entityName=变形 id=93 zone=PLAY zonePos=0 cardId=HERO_06ebp player=2] error=NONE errorParam=
D 09:58:51.5859044 GameState.DebugPrintOptions() -   option 7 type=POWER mainEntity=[entityName=活体根须 id=56 zone=HAND zonePos=3 cardId=CORE_AT_037 player=2] error=REQ_ENOUGH_MANA errorParam=
D 09:58:51.5859044 GameState.DebugPrintOptions() -   option 8 type=POWER mainEntity=[entityName=月光射线 id=60 zone=HAND zonePos=4 cardId=TID_001 player=2] error=REQ_ENOUGH_MANA errorParam=
D 09:58:51.5859044 GameState.DebugPrintOptions() -   option 9 type=POWER mainEntity=[entityName=波涛形塑 id=87 zone=HAND zonePos=6 cardId=TIME_701 player=2] error=REQ_ENOUGH_MANA errorParam=
D 09:58:51.5859044 GameState.DebugPrintOptions() -   option 10 type=POWER mainEntity=[entityName=雷克萨 id=90 zone=PLAY zonePos=0 cardId=HERO_05 player=1] error=REQ_YOUR_TURN errorParam=
D 09:58:51.5859044 GameState.DebugPrintOptions() -   option 11 type=POWER mainEntity=[entityName=稳固射击 id=91 zone=PLAY zonePos=0 cardId=HERO_05bp player=1] error=REQ_YOUR_TURN errorParam=
D 09:58:51.5859044 GameState.DebugPrintOptions() -   option 12 type=POWER mainEntity=[entityName=嘲风望月露娜拉 id=92 zone=PLAY zonePos=0 cardId=HERO_06bi player=2] error=REQ_ATTACK_GREATER_THAN_0 errorParam=
D 09:58:51.5859044 GameState.DebugPrintOptions() -   option 13 type=POWER mainEntity=[entityName=奇迹推销员 id=4 zone=PLAY zonePos=1 cardId=WW_331 player=1] error=REQ_YOUR_TURN errorParam=
D 09:58:51.5859044 GameState.DebugPrintOptions() -   option 14 type=POWER mainEntity=[entityName=鼠吻贮藏者 id=110 zone=PLAY zonePos=3 cardId=JAIL_877t player=1] error=REQ_YOUR_TURN errorParam=
D 09:58:51.5859044 GameState.DebugPrintOptions() -   option 15 type=POWER mainEntity=[entityName=侧进蛇 id=116 zone=PLAY zonePos=4 cardId=WW_806t player=1] error=REQ_YOUR_TURN errorParam=
D 09:58:51.5859044 GameState.DebugPrintOptions() -   option 16 type=POWER mainEntity=[entityName=侧进蛇 id=117 zone=PLAY zonePos=5 cardId=WW_806t player=1] error=REQ_YOUR_TURN errorParam=
D 09:58:51.5859044 GameState.DebugPrintOptions() -   option 17 type=POWER mainEntity=[entityName=鼠吻贮藏者 id=123 zone=PLAY zonePos=2 cardId=JAIL_877t player=1] error=REQ_YOUR_TURN errorParam=
D 09:58:51.5859044 GameState.DebugPrintOptions() -   option 18 type=POWER mainEntity=[entityName=洛欧塞布 id=40 zone=PLAY zonePos=6 cardId=FP1_030 player=1] error=REQ_YOUR_TURN errorParam=
D 09:58:52.0167396 PowerProcessor.EndCurrentTaskList() - m_currentTaskList=238
D 09:58:52.0232845 PowerTaskList.DebugDump() - ID=239 ParentID=0 PreviousID=0 TaskCount=3
D 09:58:52.0232845 PowerTaskList.DebugDump() - Block Start=(null)
D 09:58:52.0232845 PowerTaskList.DebugPrintPower() -     TAG_CHANGE Entity=[entityName=月火术 id=61 zone=HAND zonePos=8 cardId=CS2_008 player=2] tag=TAG_LAST_KNOWN_COST_IN_HAND value=5 
D 09:58:52.0232845 PowerTaskList.DebugPrintPower() -     TAG_CHANGE Entity=[entityName=月火术 id=61 zone=HAND zonePos=8 cardId=CS2_008 player=2] tag=COST value=5 
D 09:58:52.0232845 PowerTaskList.DebugPrintPower() -     TAG_CHANGE Entity=GameEntity tag=STEP value=MAIN_ACTION 
D 09:58:52.0232845 PowerTaskList.DebugDump() - Block End=(null)
D 09:58:52.0232845 PowerProcessor.PrepareHistoryForCurrentTaskList() - m_currentTaskList=239
D 09:58:52.0232845 PowerProcessor.EndCurrentTaskList() - m_currentTaskList=239
D 09:58:52.0232845 PowerTaskList.DebugDump() - ID=240 ParentID=0 PreviousID=0 TaskCount=1
D 09:58:52.0232845 PowerTaskList.DebugPrintPower() - BLOCK_START BlockType=TRIGGER Entity=湫然#51704 EffectCardId=System.Collections.Generic.List`1[System.String] EffectIndex=-1 Target=0 SubOption=-1 TriggerKeyword=TAG_NOT_SET
D 09:58:52.0232845 PowerTaskList.DebugPrintPower() -     TAG_CHANGE Entity=GameEntity tag=NEXT_STEP value=MAIN_END 
D 09:58:52.0232845 PowerTaskList.DebugPrintPower() - BLOCK_END
D 09:58:52.0232845 PowerProcessor.PrepareHistoryForCurrentTaskList() - m_currentTaskList=240
D 09:58:52.0232845 PowerProcessor.EndCurrentTaskList() - m_currentTaskList=240
D 09:58:54.1808266 GameState.SendOption() - selectedOption=6 selectedSubOption=-1 selectedTarget=0 selectedPosition=0
D 09:58:54.4577906 GameState.DebugPrintPowerList() - Count=32
D 09:58:54.4577906 GameState.DebugPrintPower() - BLOCK_START BlockType=PLAY Entity=[entityName=变形 id=93 zone=PLAY zonePos=0 cardId=HERO_06ebp player=2] EffectCardId=System.Collections.Generic.List`1[System.String] EffectIndex=0 Target=0 SubOption=-1 
D 09:58:54.4577906 GameState.DebugPrintPower() -     TAG_CHANGE Entity=湫然#51704 tag=2245 value=11 
D 09:58:54.4577906 GameState.DebugPrintPower() -     TAG_CHANGE Entity=湫然#51704 tag=RESOURCES_USED value=2 
D 09:58:54.4577906 GameState.DebugPrintPower() -     TAG_CHANGE Entity=湫然#51704 tag=NUM_RESOURCES_SPENT_THIS_GAME value=11 
D 09:58:54.4577906 GameState.DebugPrintPower() -     META_DATA - Meta=SLUSH_TIME Data=2000 InfoCount=1
D 09:58:54.4577906 GameState.DebugPrintPower() -                 Info[0] = [entityName=变形 id=93 zone=PLAY zonePos=0 cardId=HERO_06ebp player=2]
D 09:58:54.4577906 GameState.DebugPrintPower() -     BLOCK_START BlockType=POWER Entity=[entityName=变形 id=93 zone=PLAY zonePos=0 cardId=HERO_06ebp player=2] EffectCardId=System.Collections.Generic.List`1[System.String] EffectIndex=0 Target=0 SubOption=-1 
D 09:58:54.4577906 GameState.DebugPrintPower() -         META_DATA - Meta=EFFECT_TIMING Data=0 InfoCount=1
D 09:58:54.4577906 GameState.DebugPrintPower() -                     Info[0] = [entityName=变形 id=93 zone=PLAY zonePos=0 cardId=HERO_06ebp player=2]
D 09:58:54.4577906 GameState.DebugPrintPower() -         TAG_CHANGE Entity=[entityName=嘲风望月露娜拉 id=92 zone=PLAY zonePos=0 cardId=HERO_06bi player=2] tag=3883 value=1 
D 09:58:54.4577906 GameState.DebugPrintPower() -         TAG_CHANGE Entity=[entityName=嘲风望月露娜拉 id=92 zone=PLAY zonePos=0 cardId=HERO_06bi player=2] tag=3883 value=0 
D 09:58:54.4577906 GameState.DebugPrintPower() -         TAG_CHANGE Entity=[entityName=嘲风望月露娜拉 id=92 zone=PLAY zonePos=0 cardId=HERO_06bi player=2] tag=ARMOR value=1 
D 09:58:54.4577906 GameState.DebugPrintPower() -         TAG_CHANGE Entity=湫然#51704 tag=ARMOR_GAINED_THIS_GAME value=2 
D 09:58:54.4577906 GameState.DebugPrintPower() -         TAG_CHANGE Entity=湫然#51704 tag=2786 value=1 
D 09:58:54.4577906 GameState.DebugPrintPower() -         FULL_ENTITY - Creating ID=126 CardID=
D 09:58:54.4577906 GameState.DebugPrintPower() -             tag=ZONE value=SETASIDE
D 09:58:54.4577906 GameState.DebugPrintPower() -             tag=CONTROLLER value=2
D 09:58:54.4577906 GameState.DebugPrintPower() -             tag=ENTITY_ID value=126
D 09:58:54.4577906 GameState.DebugPrintPower() -         SHOW_ENTITY - Updating Entity=126 CardID=CS2_017o
D 09:58:54.4577906 GameState.DebugPrintPower() -             tag=CONTROLLER value=2
D 09:58:54.4577906 GameState.DebugPrintPower() -             tag=CARDTYPE value=ENCHANTMENT
D 09:58:54.4577906 GameState.DebugPrintPower() -             tag=TAG_SCRIPT_DATA_NUM_1 value=1
D 09:58:54.4577906 GameState.DebugPrintPower() -             tag=PREMIUM value=1
D 09:58:54.4577906 GameState.DebugPrintPower() -             tag=ATTACHED value=92
D 09:58:54.4577906 GameState.DebugPrintPower() -             tag=ZONE value=SETASIDE
D 09:58:54.4577906 GameState.DebugPrintPower() -             tag=ENTITY_ID value=126
D 09:58:54.4577906 GameState.DebugPrintPower() -             tag=CLASS value=DRUID
D 09:58:54.4577906 GameState.DebugPrintPower() -             tag=CREATOR value=93
D 09:58:54.4577906 GameState.DebugPrintPower() -             tag=TAG_ONE_TURN_EFFECT value=1
D 09:58:54.4577906 GameState.DebugPrintPower() -             tag=1037 value=2
D 09:58:54.4577906 GameState.DebugPrintPower() -             tag=1068 value=0
D 09:58:54.4577906 GameState.DebugPrintPower() -             tag=CREATOR_DBID value=66926
D 09:58:54.4577906 GameState.DebugPrintPower() -             tag=SPAWN_TIME_COUNT value=1
D 09:58:54.4577906 GameState.DebugPrintPower() -             tag=4901 value=0
D 09:58:54.4577906 GameState.DebugPrintPower() -         TAG_CHANGE Entity=[entityName=嘲风望月露娜拉 id=92 zone=PLAY zonePos=0 cardId=HERO_06bi player=2] tag=TAG_ONE_TURN_EFFECT value=1 
D 09:58:54.4577906 GameState.DebugPrintPower() -         TAG_CHANGE Entity=126 tag=1068 value=1 
D 09:58:54.4577906 GameState.DebugPrintPower() -         TAG_CHANGE Entity=126 tag=1068 value=0 
D 09:58:54.4577906 GameState.DebugPrintPower() -         TAG_CHANGE Entity=126 tag=ZONE value=PLAY 
D 09:58:54.4577906 GameState.DebugPrintPower() -         TAG_CHANGE Entity=[entityName=嘲风望月露娜拉 id=92 zone=PLAY zonePos=0 cardId=HERO_06bi player=2] tag=479 value=1 
D 09:58:54.4577906 GameState.DebugPrintPower() -         TAG_CHANGE Entity=[entityName=嘲风望月露娜拉 id=92 zone=PLAY zonePos=0 cardId=HERO_06bi player=2] tag=ATK value=1 
D 09:58:54.4577906 GameState.DebugPrintPower() -         TAG_CHANGE Entity=[entityName=嘲风望月露娜拉 id=92 zone=PLAY zonePos=0 cardId=HERO_06bi player=2] tag=4741 value=10 
D 09:58:54.4577906 GameState.DebugPrintPower() -         TAG_CHANGE Entity=[entityName=嘲风望月露娜拉 id=92 zone=PLAY zonePos=0 cardId=HERO_06bi player=2] tag=LAST_AFFECTED_BY value=93 
D 09:58:54.4577906 GameState.DebugPrintPower() -     BLOCK_END
D 09:58:54.4577906 GameState.DebugPrintPower() -     TAG_CHANGE Entity=湫然#51704 tag=HEROPOWER_ACTIVATIONS_THIS_TURN value=1 
D 09:58:54.4577906 GameState.DebugPrintPower() -     TAG_CHANGE Entity=湫然#51704 tag=1739 value=1 
D 09:58:54.4577906 GameState.DebugPrintPower() -     TAG_CHANGE Entity=湫然#51704 tag=NUM_TIMES_HERO_POWER_USED_THIS_GAME value=2 
D 09:58:54.4577906 GameState.DebugPrintPower() -     TAG_CHANGE Entity=[entityName=变形 id=93 zone=PLAY zonePos=0 cardId=HERO_06ebp player=2] tag=HEROPOWER_ACTIVATIONS_THIS_TURN value=1 
D 09:58:54.4577906 GameState.DebugPrintPower() -     TAG_CHANGE Entity=[entityName=变形 id=93 zone=PLAY zonePos=0 cardId=HERO_06ebp player=2] tag=EXHAUSTED value=1 
D 09:58:54.4577906 GameState.DebugPrintPower() -     TAG_CHANGE Entity=GameEntity tag=1323 value=20 
D 09:58:54.4577906 GameState.DebugPrintPower() -     TAG_CHANGE Entity=湫然#51704 tag=NUM_OPTIONS_PLAYED_THIS_TURN value=1 
D 09:58:54.4577906 GameState.DebugPrintPower() - BLOCK_END
D 09:58:54.4577906 GameState.DebugPrintPower() - META_DATA - Meta=SLUSH_TIME Data=1000 InfoCount=1
D 09:58:54.4577906 GameState.DebugPrintPower() -             Info[0] = [entityName=变形 id=93 zone=PLAY zonePos=0 cardId=HERO_06ebp player=2]
D 09:58:54.4577906 PowerTaskList.DebugDump() - ID=241 ParentID=0 PreviousID=0 TaskCount=4
D 09:58:54.4577906 PowerTaskList.DebugPrintPower() - BLOCK_START BlockType=PLAY Entity=[entityName=变形 id=93 zone=PLAY zonePos=0 cardId=HERO_06ebp player=2] EffectCardId=System.Collections.Generic.List`1[System.String] EffectIndex=0 Target=0 SubOption=-1 
D 09:58:54.4577906 PowerTaskList.DebugPrintPower() -     TAG_CHANGE Entity=湫然#51704 tag=2245 value=11 
D 09:58:54.4577906 PowerTaskList.DebugPrintPower() -     TAG_CHANGE Entity=湫然#51704 tag=RESOURCES_USED value=2 
D 09:58:54.4577906 PowerTaskList.DebugPrintPower() -     TAG_CHANGE Entity=湫然#51704 tag=NUM_RESOURCES_SPENT_THIS_GAME value=11 
D 09:58:54.4577906 PowerTaskList.DebugPrintPower() -     META_DATA - Meta=SLUSH_TIME Data=2000 InfoCount=1
D 09:58:54.4577906 PowerTaskList.DebugPrintPower() -                 Info[0] = [entityName=变形 id=93 zone=PLAY zonePos=0 cardId=HERO_06ebp player=2]
D 09:58:54.4577906 PowerTaskList.DebugDump() - Block End=(null)
D 09:58:54.4577906 PowerProcessor.PrepareHistoryForCurrentTaskList() - m_currentTaskList=241
D 09:58:54.4577906 PowerProcessor.DoTaskListForCard() - unhandled BlockType PLAY for sourceEntity [entityName=变形 id=93 zone=PLAY zonePos=0 cardId=HERO_06ebp player=2]
D 09:58:54.4577906 PowerProcessor.EndCurrentTaskList() - m_currentTaskList=241
D 09:58:54.4577906 PowerTaskList.DebugDump() - ID=242 ParentID=241 PreviousID=0 TaskCount=16
D 09:58:54.4577906 PowerTaskList.DebugPrintPower() - BLOCK_START BlockType=POWER Entity=[entityName=变形 id=93 zone=PLAY zonePos=0 cardId=HERO_06ebp player=2] EffectCardId=System.Collections.Generic.List`1[System.String] EffectIndex=0 Target=0 SubOption=-1 
D 09:58:54.4577906 PowerTaskList.DebugPrintPower() -     META_DATA - Meta=EFFECT_TIMING Data=0 InfoCount=1
D 09:58:54.4577906 PowerTaskList.DebugPrintPower() -                 Info[0] = [entityName=变形 id=93 zone=PLAY zonePos=0 cardId=HERO_06ebp player=2]
D 09:58:54.4577906 PowerTaskList.DebugPrintPower() -     TAG_CHANGE Entity=[entityName=嘲风望月露娜拉 id=92 zone=PLAY zonePos=0 cardId=HERO_06bi player=2] tag=3883 value=1 
D 09:58:54.4577906 PowerTaskList.DebugPrintPower() -     TAG_CHANGE Entity=[entityName=嘲风望月露娜拉 id=92 zone=PLAY zonePos=0 cardId=HERO_06bi player=2] tag=3883 value=0 
D 09:58:54.4577906 PowerTaskList.DebugPrintPower() -     TAG_CHANGE Entity=[entityName=嘲风望月露娜拉 id=92 zone=PLAY zonePos=0 cardId=HERO_06bi player=2] tag=ARMOR value=1 
D 09:58:54.4577906 PowerTaskList.DebugPrintPower() -     TAG_CHANGE Entity=湫然#51704 tag=ARMOR_GAINED_THIS_GAME value=2 
D 09:58:54.4577906 PowerTaskList.DebugPrintPower() -     TAG_CHANGE Entity=湫然#51704 tag=2786 value=1 
D 09:58:54.4577906 PowerTaskList.DebugPrintPower() -     FULL_ENTITY - Updating [entityName=UNKNOWN ENTITY [cardType=INVALID] id=126 zone=SETASIDE zonePos=0 cardId= player=2] CardID=
D 09:58:54.4577906 PowerTaskList.DebugPrintPower() -         tag=ZONE value=SETASIDE
D 09:58:54.4577906 PowerTaskList.DebugPrintPower() -         tag=CONTROLLER value=2
D 09:58:54.4577906 PowerTaskList.DebugPrintPower() -         tag=ENTITY_ID value=126
D 09:58:54.4577906 PowerTaskList.DebugPrintPower() -     SHOW_ENTITY - Updating Entity=[entityName=UNKNOWN ENTITY [cardType=INVALID] id=126 zone=SETASIDE zonePos=0 cardId= player=2] CardID=CS2_017o
D 09:58:54.4577906 PowerTaskList.DebugPrintPower() -         tag=CONTROLLER value=2
D 09:58:54.4577906 PowerTaskList.DebugPrintPower() -         tag=CARDTYPE value=ENCHANTMENT
D 09:58:54.4577906 PowerTaskList.DebugPrintPower() -         tag=TAG_SCRIPT_DATA_NUM_1 value=1
D 09:58:54.4577906 PowerTaskList.DebugPrintPower() -         tag=PREMIUM value=1
D 09:58:54.4577906 PowerTaskList.DebugPrintPower() -         tag=ATTACHED value=92
D 09:58:54.4577906 PowerTaskList.DebugPrintPower() -         tag=ZONE value=SETASIDE
D 09:58:54.4577906 PowerTaskList.DebugPrintPower() -         tag=ENTITY_ID value=126
D 09:58:54.4577906 PowerTaskList.DebugPrintPower() -         tag=CLASS value=DRUID
D 09:58:54.4577906 PowerTaskList.DebugPrintPower() -         tag=CREATOR value=93
D 09:58:54.4577906 PowerTaskList.DebugPrintPower() -         tag=TAG_ONE_TURN_EFFECT value=1
D 09:58:54.4577906 PowerTaskList.DebugPrintPower() -         tag=1037 value=2
D 09:58:54.4577906 PowerTaskList.DebugPrintPower() -         tag=1068 value=0
D 09:58:54.4577906 PowerTaskList.DebugPrintPower() -         tag=CREATOR_DBID value=66926
D 09:58:54.4577906 PowerTaskList.DebugPrintPower() -         tag=SPAWN_TIME_COUNT value=1
D 09:58:54.4577906 PowerTaskList.DebugPrintPower() -         tag=4901 value=0
D 09:58:54.4577906 PowerTaskList.DebugPrintPower() -     TAG_CHANGE Entity=[entityName=嘲风望月露娜拉 id=92 zone=PLAY zonePos=0 cardId=HERO_06bi player=2] tag=TAG_ONE_TURN_EFFECT value=1 
D 09:58:54.4577906 PowerTaskList.DebugPrintPower() -     TAG_CHANGE Entity=[entityName=UNKNOWN ENTITY [cardType=INVALID] id=126 zone=SETASIDE zonePos=0 cardId= player=2] tag=1068 value=1 
D 09:58:54.4577906 PowerTaskList.DebugPrintPower() -     TAG_CHANGE Entity=[entityName=UNKNOWN ENTITY [cardType=INVALID] id=126 zone=SETASIDE zonePos=0 cardId= player=2] tag=1068 value=0 
D 09:58:54.4577906 PowerTaskList.DebugPrintPower() -     TAG_CHANGE Entity=[entityName=UNKNOWN ENTITY [cardType=INVALID] id=126 zone=SETASIDE zonePos=0 cardId= player=2] tag=ZONE value=PLAY 
D 09:58:54.4577906 PowerTaskList.DebugPrintPower() -     TAG_CHANGE Entity=[entityName=嘲风望月露娜拉 id=92 zone=PLAY zonePos=0 cardId=HERO_06bi player=2] tag=479 value=1 
D 09:58:54.4577906 PowerTaskList.DebugPrintPower() -     TAG_CHANGE Entity=[entityName=嘲风望月露娜拉 id=92 zone=PLAY zonePos=0 cardId=HERO_06bi player=2] tag=ATK value=1 
D 09:58:54.4577906 PowerTaskList.DebugPrintPower() -     TAG_CHANGE Entity=[entityName=嘲风望月露娜拉 id=92 zone=PLAY zonePos=0 cardId=HERO_06bi player=2] tag=4741 value=10 
D 09:58:54.4577906 PowerTaskList.DebugPrintPower() -     TAG_CHANGE Entity=[entityName=嘲风望月露娜拉 id=92 zone=PLAY zonePos=0 cardId=HERO_06bi player=2] tag=LAST_AFFECTED_BY value=93 
D 09:58:54.4577906 PowerTaskList.DebugPrintPower() - BLOCK_END
D 09:58:54.4577906 PowerProcessor.PrepareHistoryForCurrentTaskList() - m_currentTaskList=242
D 09:58:54.4643087 GameState.DebugPrintOptions() - id=29
D 09:58:54.4643087 GameState.DebugPrintOptions() -   option 0 type=END_TURN mainEntity= error=INVALID errorParam=
D 09:58:54.4643087 GameState.DebugPrintOptions() -   option 1 type=POWER mainEntity=[entityName=嘲风望月露娜拉 id=92 zone=PLAY zonePos=0 cardId=HERO_06bi player=2] error=NONE errorParam=
D 09:58:54.4643087 GameState.DebugPrintOptions() -     target 0 entity=[entityName=雷克萨 id=90 zone=PLAY zonePos=0 cardId=HERO_05 player=1] error=NONE errorParam=
D 09:58:54.4643087 GameState.DebugPrintOptions() -     target 1 entity=[entityName=奇迹推销员 id=4 zone=PLAY zonePos=1 cardId=WW_331 player=1] error=NONE errorParam=
D 09:58:54.4643087 GameState.DebugPrintOptions() -     target 2 entity=[entityName=鼠吻贮藏者 id=110 zone=PLAY zonePos=3 cardId=JAIL_877t player=1] error=NONE errorParam=
D 09:58:54.4643087 GameState.DebugPrintOptions() -     target 3 entity=[entityName=侧进蛇 id=116 zone=PLAY zonePos=4 cardId=WW_806t player=1] error=NONE errorParam=
D 09:58:54.4643087 GameState.DebugPrintOptions() -     target 4 entity=[entityName=侧进蛇 id=117 zone=PLAY zonePos=5 cardId=WW_806t player=1] error=NONE errorParam=
D 09:58:54.4643087 GameState.DebugPrintOptions() -     target 5 entity=[entityName=鼠吻贮藏者 id=123 zone=PLAY zonePos=2 cardId=JAIL_877t player=1] error=NONE errorParam=
D 09:58:54.4643087 GameState.DebugPrintOptions() -     target 6 entity=[entityName=洛欧塞布 id=40 zone=PLAY zonePos=6 cardId=FP1_030 player=1] error=NONE errorParam=
D 09:58:54.4643087 GameState.DebugPrintOptions() -     target 7 entity=[entityName=嘲风望月露娜拉 id=92 zone=PLAY zonePos=0 cardId=HERO_06bi player=2] error=REQ_ENEMY_TARGET errorParam=
D 09:58:54.4643087 GameState.DebugPrintOptions() -   option 2 type=POWER mainEntity=[entityName=黑市拍卖师 id=51 zone=HAND zonePos=1 cardId=JAIL_718 player=2] error=REQ_ENOUGH_MANA errorParam=
D 09:58:54.4643087 GameState.DebugPrintOptions() -   option 3 type=POWER mainEntity=[entityName=雷霆绽放 id=78 zone=HAND zonePos=2 cardId=SCH_427 player=2] error=REQ_ENOUGH_MANA errorParam=
D 09:58:54.4643087 GameState.DebugPrintOptions() -   option 4 type=POWER mainEntity=[entityName=活体根须 id=56 zone=HAND zonePos=3 cardId=CORE_AT_037 player=2] error=REQ_ENOUGH_MANA errorParam=
D 09:58:54.4643087 GameState.DebugPrintOptions() -   option 5 type=POWER mainEntity=[entityName=月光射线 id=60 zone=HAND zonePos=4 cardId=TID_001 player=2] error=REQ_ENOUGH_MANA errorParam=
D 09:58:54.4643087 GameState.DebugPrintOptions() -   option 6 type=POWER mainEntity=[entityName=黑市拍卖师 id=75 zone=HAND zonePos=5 cardId=JAIL_718 player=2] error=REQ_ENOUGH_MANA errorParam=
D 09:58:54.4643087 GameState.DebugPrintOptions() -   option 7 type=POWER mainEntity=[entityName=波涛形塑 id=87 zone=HAND zonePos=6 cardId=TIME_701 player=2] error=REQ_ENOUGH_MANA errorParam=
D 09:58:54.4643087 GameState.DebugPrintOptions() -   option 8 type=POWER mainEntity=[entityName=月火术 id=86 zone=HAND zonePos=7 cardId=CS2_008 player=2] error=REQ_ENOUGH_MANA errorParam=
D 09:58:54.4643087 GameState.DebugPrintOptions() -   option 9 type=POWER mainEntity=[entityName=月火术 id=61 zone=HAND zonePos=8 cardId=CS2_008 player=2] error=REQ_ENOUGH_MANA errorParam=
D 09:58:54.4643087 GameState.DebugPrintOptions() -   option 10 type=POWER mainEntity=[entityName=雷克萨 id=90 zone=PLAY zonePos=0 cardId=HERO_05 player=1] error=REQ_YOUR_TURN errorParam=
D 09:58:54.4643087 GameState.DebugPrintOptions() -   option 11 type=POWER mainEntity=[entityName=稳固射击 id=91 zone=PLAY zonePos=0 cardId=HERO_05bp player=1] error=REQ_YOUR_TURN errorParam=
D 09:58:54.4643087 GameState.DebugPrintOptions() -   option 12 type=POWER mainEntity=[entityName=变形 id=93 zone=PLAY zonePos=0 cardId=HERO_06ebp player=2] error=REQ_NOT_EXHAUSTED_HERO_POWER errorParam=
D 09:58:54.4643087 GameState.DebugPrintOptions() -   option 13 type=POWER mainEntity=[entityName=奇迹推销员 id=4 zone=PLAY zonePos=1 cardId=WW_331 player=1] error=REQ_YOUR_TURN errorParam=
D 09:58:54.4643087 GameState.DebugPrintOptions() -   option 14 type=POWER mainEntity=[entityName=鼠吻贮藏者 id=110 zone=PLAY zonePos=3 cardId=JAIL_877t player=1] error=REQ_YOUR_TURN errorParam=
D 09:58:54.4643087 GameState.DebugPrintOptions() -   option 15 type=POWER mainEntity=[entityName=侧进蛇 id=116 zone=PLAY zonePos=4 cardId=WW_806t player=1] error=REQ_YOUR_TURN errorParam=
D 09:58:54.4643087 GameState.DebugPrintOptions() -   option 16 type=POWER mainEntity=[entityName=侧进蛇 id=117 zone=PLAY zonePos=5 cardId=WW_806t player=1] error=REQ_YOUR_TURN errorParam=
D 09:58:54.4643087 GameState.DebugPrintOptions() -   option 17 type=POWER mainEntity=[entityName=鼠吻贮藏者 id=123 zone=PLAY zonePos=2 cardId=JAIL_877t player=1] error=REQ_YOUR_TURN errorParam=
D 09:58:54.4643087 GameState.DebugPrintOptions() -   option 18 type=POWER mainEntity=[entityName=洛欧塞布 id=40 zone=PLAY zonePos=6 cardId=FP1_030 player=1] error=REQ_YOUR_TURN errorParam=
D 09:58:54.7567052 PowerProcessor.EndCurrentTaskList() - m_currentTaskList=242
D 09:58:55.8958849 PowerTaskList.DebugDump() - ID=243 ParentID=0 PreviousID=241 TaskCount=7
D 09:58:55.8958849 PowerTaskList.DebugDump() - Block Start=(null)
D 09:58:55.8958849 PowerTaskList.DebugPrintPower() -     TAG_CHANGE Entity=湫然#51704 tag=HEROPOWER_ACTIVATIONS_THIS_TURN value=1 
D 09:58:55.8958849 PowerTaskList.DebugPrintPower() -     TAG_CHANGE Entity=湫然#51704 tag=1739 value=1 
D 09:58:55.8958849 PowerTaskList.DebugPrintPower() -     TAG_CHANGE Entity=湫然#51704 tag=NUM_TIMES_HERO_POWER_USED_THIS_GAME value=2 
D 09:58:55.8958849 PowerTaskList.DebugPrintPower() -     TAG_CHANGE Entity=[entityName=变形 id=93 zone=PLAY zonePos=0 cardId=HERO_06ebp player=2] tag=HEROPOWER_ACTIVATIONS_THIS_TURN value=1 
D 09:58:55.8958849 PowerTaskList.DebugPrintPower() -     TAG_CHANGE Entity=[entityName=变形 id=93 zone=PLAY zonePos=0 cardId=HERO_06ebp player=2] tag=EXHAUSTED value=1 
D 09:58:55.8958849 PowerTaskList.DebugPrintPower() -     TAG_CHANGE Entity=GameEntity tag=1323 value=20 
D 09:58:55.8958849 PowerTaskList.DebugPrintPower() -     TAG_CHANGE Entity=湫然#51704 tag=NUM_OPTIONS_PLAYED_THIS_TURN value=1 
D 09:58:55.8958849 PowerTaskList.DebugPrintPower() - BLOCK_END
D 09:58:55.8958849 PowerProcessor.PrepareHistoryForCurrentTaskList() - m_currentTaskList=243
D 09:58:55.8958849 PowerProcessor.DoTaskListForCard() - unhandled BlockType PLAY for sourceEntity [entityName=变形 id=93 zone=PLAY zonePos=0 cardId=HERO_06ebp player=2]
D 09:58:55.8958849 PowerProcessor.EndCurrentTaskList() - m_currentTaskList=243
D 09:58:55.8958849 PowerTaskList.DebugDump() - ID=244 ParentID=0 PreviousID=0 TaskCount=1
D 09:58:55.8958849 PowerTaskList.DebugDump() - Block Start=(null)
D 09:58:55.8958849 PowerTaskList.DebugPrintPower() -     META_DATA - Meta=SLUSH_TIME Data=1000 InfoCount=1
D 09:58:55.8958849 PowerTaskList.DebugPrintPower() -                 Info[0] = [entityName=变形 id=93 zone=PLAY zonePos=0 cardId=HERO_06ebp player=2]
D 09:58:55.8958849 PowerTaskList.DebugDump() - Block End=(null)
D 09:58:55.8958849 PowerProcessor.PrepareHistoryForCurrentTaskList() - m_currentTaskList=244
D 09:58:55.8958849 PowerProcessor.EndCurrentTaskList() - m_currentTaskList=244
D 09:58:56.8756653 GameState.SendOption() - selectedOption=1 selectedSubOption=-1 selectedTarget=90 selectedPosition=0
D 09:58:57.1731161 GameState.DebugPrintPowerList() - Count=39
D 09:58:57.1731161 GameState.DebugPrintPower() - BLOCK_START BlockType=ATTACK Entity=[entityName=嘲风望月露娜拉 id=92 zone=PLAY zonePos=0 cardId=HERO_06bi player=2] EffectCardId=System.Collections.Generic.List`1[System.String] EffectIndex=0 Target=[entityName=雷克萨 id=90 zone=PLAY zonePos=0 cardId=HERO_05 player=1] SubOption=-1 
D 09:58:57.1731161 GameState.DebugPrintPower() -     TAG_CHANGE Entity=[entityName=嘲风望月露娜拉 id=92 zone=PLAY zonePos=0 cardId=HERO_06bi player=2] tag=1715 value=92 
D 09:58:57.1731161 GameState.DebugPrintPower() -     TAG_CHANGE Entity=GameEntity tag=PROPOSED_ATTACKER value=92 
D 09:58:57.1731161 GameState.DebugPrintPower() -     TAG_CHANGE Entity=GameEntity tag=PROPOSED_DEFENDER value=90 
D 09:58:57.1731161 GameState.DebugPrintPower() -     TAG_CHANGE Entity=[entityName=嘲风望月露娜拉 id=92 zone=PLAY zonePos=0 cardId=HERO_06bi player=2] tag=ATTACKING value=1 
D 09:58:57.1731161 GameState.DebugPrintPower() -     META_DATA - Meta=SLUSH_TIME Data=1200 InfoCount=1
D 09:58:57.1731161 GameState.DebugPrintPower() -                 Info[0] = [entityName=嘲风望月露娜拉 id=92 zone=PLAY zonePos=0 cardId=HERO_06bi player=2]
D 09:58:57.1731161 GameState.DebugPrintPower() -     TAG_CHANGE Entity=[entityName=雷克萨 id=90 zone=PLAY zonePos=0 cardId=HERO_05 player=1] tag=DEFENDING value=1 
D 09:58:57.1731161 GameState.DebugPrintPower() -     TAG_CHANGE Entity=[entityName=嘲风望月露娜拉 id=92 zone=PLAY zonePos=0 cardId=HERO_06bi player=2] tag=NUM_ATTACKS_THIS_TURN value=1 
D 09:58:57.1731161 GameState.DebugPrintPower() -     TAG_CHANGE Entity=[entityName=嘲风望月露娜拉 id=92 zone=PLAY zonePos=0 cardId=HERO_06bi player=2] tag=4163 value=2 
D 09:58:57.1731161 GameState.DebugPrintPower() -     TAG_CHANGE Entity=[entityName=嘲风望月露娜拉 id=92 zone=PLAY zonePos=0 cardId=HERO_06bi player=2] tag=EXHAUSTED value=1 
D 09:58:57.1731161 GameState.DebugPrintPower() -     TAG_CHANGE Entity=[entityName=雷克萨 id=90 zone=PLAY zonePos=0 cardId=HERO_05 player=1] tag=2187 value=92 
D 09:58:57.1731161 GameState.DebugPrintPower() -     TAG_CHANGE Entity=[entityName=雷克萨 id=90 zone=PLAY zonePos=0 cardId=HERO_05 player=1] tag=PREDAMAGE value=1 
D 09:58:57.1731161 GameState.DebugPrintPower() -     TAG_CHANGE Entity=[entityName=雷克萨 id=90 zone=PLAY zonePos=0 cardId=HERO_05 player=1] tag=1173 value=90 
D 09:58:57.1731161 GameState.DebugPrintPower() -     TAG_CHANGE Entity=[entityName=雷克萨 id=90 zone=PLAY zonePos=0 cardId=HERO_05 player=1] tag=2187 value=0 
D 09:58:57.1731161 GameState.DebugPrintPower() -     TAG_CHANGE Entity=[entityName=雷克萨 id=90 zone=PLAY zonePos=0 cardId=HERO_05 player=1] tag=PREDAMAGE value=0 
D 09:58:57.1731161 GameState.DebugPrintPower() -     TAG_CHANGE Entity=[entityName=雷克萨 id=90 zone=PLAY zonePos=0 cardId=HERO_05 player=1] tag=1173 value=0 
D 09:58:57.1731161 GameState.DebugPrintPower() -     TAG_CHANGE Entity=湫然#51704 tag=2335 value=2 
D 09:58:57.1731161 GameState.DebugPrintPower() -     TAG_CHANGE Entity=[entityName=雷克萨 id=90 zone=PLAY zonePos=0 cardId=HERO_05 player=1] tag=PREDAMAGE value=1 
D 09:58:57.1731161 GameState.DebugPrintPower() -     TAG_CHANGE Entity=[entityName=雷克萨 id=90 zone=PLAY zonePos=0 cardId=HERO_05 player=1] tag=PREDAMAGE value=0 
D 09:58:57.1731161 GameState.DebugPrintPower() -     META_DATA - Meta=DAMAGE Data=1 InfoCount=1
D 09:58:57.1731161 GameState.DebugPrintPower() -                 Info[0] = [entityName=雷克萨 id=90 zone=PLAY zonePos=0 cardId=HERO_05 player=1]
D 09:58:57.1731161 GameState.DebugPrintPower() -     TAG_CHANGE Entity=[entityName=雷克萨 id=90 zone=PLAY zonePos=0 cardId=HERO_05 player=1] tag=4741 value=3 
D 09:58:57.1731161 GameState.DebugPrintPower() -     TAG_CHANGE Entity=[entityName=雷克萨 id=90 zone=PLAY zonePos=0 cardId=HERO_05 player=1] tag=DAMAGE value=2 
D 09:58:57.1731161 GameState.DebugPrintPower() -     TAG_CHANGE Entity=拯救网瘾对手#5318 tag=464 value=1 
D 09:58:57.1731161 GameState.DebugPrintPower() -     TAG_CHANGE Entity=拯救网瘾对手#5318 tag=1853 value=2 
D 09:58:57.1731161 GameState.DebugPrintPower() -     TAG_CHANGE Entity=拯救网瘾对手#5318 tag=4453 value=1 
D 09:58:57.1731161 GameState.DebugPrintPower() -     TAG_CHANGE Entity=拯救网瘾对手#5318 tag=DAMAGE_DEALT_TO_HERO_LAST_TURN value=1 
D 09:58:57.1731161 GameState.DebugPrintPower() -     TAG_CHANGE Entity=拯救网瘾对手#5318 tag=1575 value=1 
D 09:58:57.1731161 GameState.DebugPrintPower() -     TAG_CHANGE Entity=GameEntity tag=1710 value=1 
D 09:58:57.1731161 GameState.DebugPrintPower() -     TAG_CHANGE Entity=GameEntity tag=1710 value=0 
D 09:58:57.1731161 GameState.DebugPrintPower() -     TAG_CHANGE Entity=GameEntity tag=PROPOSED_ATTACKER value=0 
D 09:58:57.1731161 GameState.DebugPrintPower() -     TAG_CHANGE Entity=GameEntity tag=PROPOSED_DEFENDER value=0 
D 09:58:57.1731161 GameState.DebugPrintPower() -     TAG_CHANGE Entity=[entityName=嘲风望月露娜拉 id=92 zone=PLAY zonePos=0 cardId=HERO_06bi player=2] tag=ATTACKING value=0 
D 09:58:57.1731161 GameState.DebugPrintPower() -     TAG_CHANGE Entity=[entityName=雷克萨 id=90 zone=PLAY zonePos=0 cardId=HERO_05 player=1] tag=DEFENDING value=0 
D 09:58:57.1731161 GameState.DebugPrintPower() - BLOCK_END
D 09:58:57.1731161 GameState.DebugPrintPower() - BLOCK_START BlockType=TRIGGER Entity=湫然#51704 EffectCardId=System.Collections.Generic.List`1[System.String] EffectIndex=-1 Target=0 SubOption=-1 TriggerKeyword=TAG_NOT_SET
D 09:58:57.1731161 GameState.DebugPrintPower() - BLOCK_END
D 09:58:57.1731161 GameState.DebugPrintPower() - TAG_CHANGE Entity=GameEntity tag=1323 value=21 
D 09:58:57.1731161 GameState.DebugPrintPower() - TAG_CHANGE Entity=湫然#51704 tag=NUM_OPTIONS_PLAYED_THIS_TURN value=2 
D 09:58:57.1731161 GameState.DebugPrintPower() - META_DATA - Meta=SLUSH_TIME Data=1000 InfoCount=1
D 09:58:57.1731161 GameState.DebugPrintPower() -             Info[0] = [entityName=嘲风望月露娜拉 id=92 zone=PLAY zonePos=0 cardId=HERO_06bi player=2]
D 09:58:57.1731161 PowerTaskList.DebugDump() - ID=245 ParentID=0 PreviousID=0 TaskCount=32
D 09:58:57.1731161 PowerTaskList.DebugPrintPower() - BLOCK_START BlockType=ATTACK Entity=[entityName=嘲风望月露娜拉 id=92 zone=PLAY zonePos=0 cardId=HERO_06bi player=2] EffectCardId=System.Collections.Generic.List`1[System.String] EffectIndex=0 Target=[entityName=雷克萨 id=90 zone=PLAY zonePos=0 cardId=HERO_05 player=1] SubOption=-1 
D 09:58:57.1731161 PowerTaskList.DebugPrintPower() -     TAG_CHANGE Entity=[entityName=嘲风望月露娜拉 id=92 zone=PLAY zonePos=0 cardId=HERO_06bi player=2] tag=1715 value=92 
D 09:58:57.1731161 PowerTaskList.DebugPrintPower() -     TAG_CHANGE Entity=GameEntity tag=PROPOSED_ATTACKER value=92 
D 09:58:57.1731161 PowerTaskList.DebugPrintPower() -     TAG_CHANGE Entity=GameEntity tag=PROPOSED_DEFENDER value=90 
D 09:58:57.1731161 PowerTaskList.DebugPrintPower() -     TAG_CHANGE Entity=[entityName=嘲风望月露娜拉 id=92 zone=PLAY zonePos=0 cardId=HERO_06bi player=2] tag=ATTACKING value=1 
D 09:58:57.1731161 PowerTaskList.DebugPrintPower() -     META_DATA - Meta=SLUSH_TIME Data=1200 InfoCount=1
D 09:58:57.1731161 PowerTaskList.DebugPrintPower() -                 Info[0] = [entityName=嘲风望月露娜拉 id=92 zone=PLAY zonePos=0 cardId=HERO_06bi player=2]
D 09:58:57.1731161 PowerTaskList.DebugPrintPower() -     TAG_CHANGE Entity=[entityName=雷克萨 id=90 zone=PLAY zonePos=0 cardId=HERO_05 player=1] tag=DEFENDING value=1 
D 09:58:57.1731161 PowerTaskList.DebugPrintPower() -     TAG_CHANGE Entity=[entityName=嘲风望月露娜拉 id=92 zone=PLAY zonePos=0 cardId=HERO_06bi player=2] tag=NUM_ATTACKS_THIS_TURN value=1 
D 09:58:57.1731161 PowerTaskList.DebugPrintPower() -     TAG_CHANGE Entity=[entityName=嘲风望月露娜拉 id=92 zone=PLAY zonePos=0 cardId=HERO_06bi player=2] tag=4163 value=2 
D 09:58:57.1731161 PowerTaskList.DebugPrintPower() -     TAG_CHANGE Entity=[entityName=嘲风望月露娜拉 id=92 zone=PLAY zonePos=0 cardId=HERO_06bi player=2] tag=EXHAUSTED value=1 
D 09:58:57.1731161 PowerTaskList.DebugPrintPower() -     TAG_CHANGE Entity=[entityName=雷克萨 id=90 zone=PLAY zonePos=0 cardId=HERO_05 player=1] tag=2187 value=92 
D 09:58:57.1731161 PowerTaskList.DebugPrintPower() -     TAG_CHANGE Entity=[entityName=雷克萨 id=90 zone=PLAY zonePos=0 cardId=HERO_05 player=1] tag=PREDAMAGE value=1 
D 09:58:57.1731161 PowerTaskList.DebugPrintPower() -     TAG_CHANGE Entity=[entityName=雷克萨 id=90 zone=PLAY zonePos=0 cardId=HERO_05 player=1] tag=1173 value=90 
D 09:58:57.1731161 PowerTaskList.DebugPrintPower() -     TAG_CHANGE Entity=[entityName=雷克萨 id=90 zone=PLAY zonePos=0 cardId=HERO_05 player=1] tag=2187 value=0 
D 09:58:57.1731161 PowerTaskList.DebugPrintPower() -     TAG_CHANGE Entity=[entityName=雷克萨 id=90 zone=PLAY zonePos=0 cardId=HERO_05 player=1] tag=PREDAMAGE value=0 
D 09:58:57.1731161 PowerTaskList.DebugPrintPower() -     TAG_CHANGE Entity=[entityName=雷克萨 id=90 zone=PLAY zonePos=0 cardId=HERO_05 player=1] tag=1173 value=0 
D 09:58:57.1731161 PowerTaskList.DebugPrintPower() -     TAG_CHANGE Entity=湫然#51704 tag=2335 value=2 
D 09:58:57.1731161 PowerTaskList.DebugPrintPower() -     TAG_CHANGE Entity=[entityName=雷克萨 id=90 zone=PLAY zonePos=0 cardId=HERO_05 player=1] tag=PREDAMAGE value=1 
D 09:58:57.1731161 PowerTaskList.DebugPrintPower() -     TAG_CHANGE Entity=[entityName=雷克萨 id=90 zone=PLAY zonePos=0 cardId=HERO_05 player=1] tag=PREDAMAGE value=0 
D 09:58:57.1731161 PowerTaskList.DebugPrintPower() -     META_DATA - Meta=DAMAGE Data=1 InfoCount=1
D 09:58:57.1731161 PowerTaskList.DebugPrintPower() -                 Info[0] = [entityName=雷克萨 id=90 zone=PLAY zonePos=0 cardId=HERO_05 player=1]
D 09:58:57.1731161 PowerTaskList.DebugPrintPower() -     TAG_CHANGE Entity=[entityName=雷克萨 id=90 zone=PLAY zonePos=0 cardId=HERO_05 player=1] tag=4741 value=3 
D 09:58:57.1731161 PowerTaskList.DebugPrintPower() -     TAG_CHANGE Entity=[entityName=雷克萨 id=90 zone=PLAY zonePos=0 cardId=HERO_05 player=1] tag=DAMAGE value=2 
D 09:58:57.1731161 PowerTaskList.DebugPrintPower() -     TAG_CHANGE Entity=拯救网瘾对手#5318 tag=464 value=1 
D 09:58:57.1731161 PowerTaskList.DebugPrintPower() -     TAG_CHANGE Entity=拯救网瘾对手#5318 tag=1853 value=2 
D 09:58:57.1731161 PowerTaskList.DebugPrintPower() -     TAG_CHANGE Entity=拯救网瘾对手#5318 tag=4453 value=1 
D 09:58:57.1731161 PowerTaskList.DebugPrintPower() -     TAG_CHANGE Entity=拯救网瘾对手#5318 tag=DAMAGE_DEALT_TO_HERO_LAST_TURN value=1 
D 09:58:57.1731161 PowerTaskList.DebugPrintPower() -     TAG_CHANGE Entity=拯救网瘾对手#5318 tag=1575 value=1 
D 09:58:57.1731161 PowerTaskList.DebugPrintPower() -     TAG_CHANGE Entity=GameEntity tag=1710 value=1 
D 09:58:57.1731161 PowerTaskList.DebugPrintPower() -     TAG_CHANGE Entity=GameEntity tag=1710 value=0 
D 09:58:57.1731161 PowerTaskList.DebugPrintPower() -     TAG_CHANGE Entity=GameEntity tag=PROPOSED_ATTACKER value=0 
D 09:58:57.1731161 PowerTaskList.DebugPrintPower() -     TAG_CHANGE Entity=GameEntity tag=PROPOSED_DEFENDER value=0 
D 09:58:57.1731161 PowerTaskList.DebugPrintPower() -     TAG_CHANGE Entity=[entityName=嘲风望月露娜拉 id=92 zone=PLAY zonePos=0 cardId=HERO_06bi player=2] tag=ATTACKING value=0 
D 09:58:57.1731161 PowerTaskList.DebugPrintPower() -     TAG_CHANGE Entity=[entityName=雷克萨 id=90 zone=PLAY zonePos=0 cardId=HERO_05 player=1] tag=DEFENDING value=0 
D 09:58:57.1731161 PowerTaskList.DebugPrintPower() - BLOCK_END
D 09:58:57.1731161 PowerProcessor.PrepareHistoryForCurrentTaskList() - m_currentTaskList=245
D 09:58:57.1804142 GameState.DebugPrintOptions() - id=30
D 09:58:57.1804142 GameState.DebugPrintOptions() -   option 0 type=END_TURN mainEntity= error=INVALID errorParam=
D 09:58:57.1804142 GameState.DebugPrintOptions() -   option 1 type=POWER mainEntity=[entityName=黑市拍卖师 id=51 zone=HAND zonePos=1 cardId=JAIL_718 player=2] error=REQ_ENOUGH_MANA errorParam=
D 09:58:57.1804142 GameState.DebugPrintOptions() -   option 2 type=POWER mainEntity=[entityName=雷霆绽放 id=78 zone=HAND zonePos=2 cardId=SCH_427 player=2] error=REQ_ENOUGH_MANA errorParam=
D 09:58:57.1804142 GameState.DebugPrintOptions() -   option 3 type=POWER mainEntity=[entityName=活体根须 id=56 zone=HAND zonePos=3 cardId=CORE_AT_037 player=2] error=REQ_ENOUGH_MANA errorParam=
D 09:58:57.1804142 GameState.DebugPrintOptions() -   option 4 type=POWER mainEntity=[entityName=月光射线 id=60 zone=HAND zonePos=4 cardId=TID_001 player=2] error=REQ_ENOUGH_MANA errorParam=
D 09:58:57.1804142 GameState.DebugPrintOptions() -   option 5 type=POWER mainEntity=[entityName=黑市拍卖师 id=75 zone=HAND zonePos=5 cardId=JAIL_718 player=2] error=REQ_ENOUGH_MANA errorParam=
D 09:58:57.1804142 GameState.DebugPrintOptions() -   option 6 type=POWER mainEntity=[entityName=波涛形塑 id=87 zone=HAND zonePos=6 cardId=TIME_701 player=2] error=REQ_ENOUGH_MANA errorParam=
D 09:58:57.1804142 GameState.DebugPrintOptions() -   option 7 type=POWER mainEntity=[entityName=月火术 id=86 zone=HAND zonePos=7 cardId=CS2_008 player=2] error=REQ_ENOUGH_MANA errorParam=
D 09:58:57.1804142 GameState.DebugPrintOptions() -   option 8 type=POWER mainEntity=[entityName=月火术 id=61 zone=HAND zonePos=8 cardId=CS2_008 player=2] error=REQ_ENOUGH_MANA errorParam=
D 09:58:57.1804142 GameState.DebugPrintOptions() -   option 9 type=POWER mainEntity=[entityName=雷克萨 id=90 zone=PLAY zonePos=0 cardId=HERO_05 player=1] error=REQ_YOUR_TURN errorParam=
D 09:58:57.1804142 GameState.DebugPrintOptions() -   option 10 type=POWER mainEntity=[entityName=稳固射击 id=91 zone=PLAY zonePos=0 cardId=HERO_05bp player=1] error=REQ_YOUR_TURN errorParam=
D 09:58:57.1804142 GameState.DebugPrintOptions() -   option 11 type=POWER mainEntity=[entityName=嘲风望月露娜拉 id=92 zone=PLAY zonePos=0 cardId=HERO_06bi player=2] error=REQ_NOT_EXHAUSTED_ACTIVATE errorParam=
D 09:58:57.1804142 GameState.DebugPrintOptions() -   option 12 type=POWER mainEntity=[entityName=变形 id=93 zone=PLAY zonePos=0 cardId=HERO_06ebp player=2] error=REQ_NOT_EXHAUSTED_HERO_POWER errorParam=
D 09:58:57.1804142 GameState.DebugPrintOptions() -   option 13 type=POWER mainEntity=[entityName=奇迹推销员 id=4 zone=PLAY zonePos=1 cardId=WW_331 player=1] error=REQ_YOUR_TURN errorParam=
D 09:58:57.1804142 GameState.DebugPrintOptions() -   option 14 type=POWER mainEntity=[entityName=鼠吻贮藏者 id=110 zone=PLAY zonePos=3 cardId=JAIL_877t player=1] error=REQ_YOUR_TURN errorParam=
D 09:58:57.1804142 GameState.DebugPrintOptions() -   option 15 type=POWER mainEntity=[entityName=侧进蛇 id=116 zone=PLAY zonePos=4 cardId=WW_806t player=1] error=REQ_YOUR_TURN errorParam=
D 09:58:57.1804142 GameState.DebugPrintOptions() -   option 16 type=POWER mainEntity=[entityName=侧进蛇 id=117 zone=PLAY zonePos=5 cardId=WW_806t player=1] error=REQ_YOUR_TURN errorParam=
D 09:58:57.1804142 GameState.DebugPrintOptions() -   option 17 type=POWER mainEntity=[entityName=鼠吻贮藏者 id=123 zone=PLAY zonePos=2 cardId=JAIL_877t player=1] error=REQ_YOUR_TURN errorParam=
D 09:58:57.1804142 GameState.DebugPrintOptions() -   option 18 type=POWER mainEntity=[entityName=洛欧塞布 id=40 zone=PLAY zonePos=6 cardId=FP1_030 player=1] error=REQ_YOUR_TURN errorParam=
D 09:58:57.7305163 GameState.SendOption() - selectedOption=0 selectedSubOption=-1 selectedTarget=0 selectedPosition=0
D 09:58:58.1901061 PowerProcessor.EndCurrentTaskList() - m_currentTaskList=245
D 09:58:58.1901061 PowerTaskList.DebugDump() - ID=246 ParentID=0 PreviousID=0 TaskCount=0
D 09:58:58.1901061 PowerTaskList.DebugPrintPower() - BLOCK_START BlockType=TRIGGER Entity=湫然#51704 EffectCardId=System.Collections.Generic.List`1[System.String] EffectIndex=-1 Target=0 SubOption=-1 TriggerKeyword=TAG_NOT_SET
D 09:58:58.1901061 PowerTaskList.DebugPrintPower() - BLOCK_END
D 09:58:58.1901061 PowerProcessor.PrepareHistoryForCurrentTaskList() - m_currentTaskList=246
D 09:58:58.1901061 PowerProcessor.EndCurrentTaskList() - m_currentTaskList=246
D 09:58:58.1901061 PowerTaskList.DebugDump() - ID=247 ParentID=0 PreviousID=0 TaskCount=3
D 09:58:58.1901061 PowerTaskList.DebugDump() - Block Start=(null)
D 09:58:58.1901061 PowerTaskList.DebugPrintPower() -     TAG_CHANGE Entity=GameEntity tag=1323 value=21 
D 09:58:58.1901061 PowerTaskList.DebugPrintPower() -     TAG_CHANGE Entity=湫然#51704 tag=NUM_OPTIONS_PLAYED_THIS_TURN value=2 
D 09:58:58.1901061 PowerTaskList.DebugPrintPower() -     META_DATA - Meta=SLUSH_TIME Data=1000 InfoCount=1
D 09:58:58.1901061 PowerTaskList.DebugPrintPower() -                 Info[0] = [entityName=嘲风望月露娜拉 id=92 zone=PLAY zonePos=0 cardId=HERO_06bi player=2]
D 09:58:58.1901061 PowerTaskList.DebugDump() - Block End=(null)
D 09:58:58.1901061 PowerProcessor.PrepareHistoryForCurrentTaskList() - m_currentTaskList=247
D 09:58:58.1901061 PowerProcessor.EndCurrentTaskList() - m_currentTaskList=247
D 09:58:58.5716614 GameState.DebugPrintPowerList() - Count=125
D 09:58:58.5716614 GameState.DebugPrintPower() - TAG_CHANGE Entity=GameEntity tag=STEP value=MAIN_END 
D 09:58:58.5716614 GameState.DebugPrintPower() - BLOCK_START BlockType=TRIGGER Entity=拯救网瘾对手#5318 EffectCardId=System.Collections.Generic.List`1[System.String] EffectIndex=-1 Target=0 SubOption=-1 TriggerKeyword=TAG_NOT_SET
D 09:58:58.5716614 GameState.DebugPrintPower() - BLOCK_END
D 09:58:58.5716614 GameState.DebugPrintPower() - BLOCK_START BlockType=TRIGGER Entity=湫然#51704 EffectCardId=System.Collections.Generic.List`1[System.String] EffectIndex=-1 Target=0 SubOption=-1 TriggerKeyword=TAG_NOT_SET
D 09:58:58.5716614 GameState.DebugPrintPower() -     TAG_CHANGE Entity=GameEntity tag=NEXT_STEP value=MAIN_CLEANUP 
D 09:58:58.5716614 GameState.DebugPrintPower() - BLOCK_END
D 09:58:58.5716614 GameState.DebugPrintPower() - BLOCK_START BlockType=TRIGGER Entity=湫然#51704 EffectCardId=System.Collections.Generic.List`1[System.String] EffectIndex=-1 Target=0 SubOption=-1 TriggerKeyword=TAG_NOT_SET
D 09:58:58.5716614 GameState.DebugPrintPower() - BLOCK_END
D 09:58:58.5716614 GameState.DebugPrintPower() - BLOCK_START BlockType=TRIGGER Entity=[entityName=死灵光环 id=125 zone=PLAY zonePos=0 cardId=FP1_030e player=1] EffectCardId=System.Collections.Generic.List`1[System.String] EffectIndex=0 Target=0 SubOption=-1 TriggerKeyword=TAG_NOT_SET
D 09:58:58.5716614 GameState.DebugPrintPower() -     TAG_CHANGE Entity=[entityName=死灵光环 id=125 zone=PLAY zonePos=0 cardId=FP1_030e player=1] tag=2747 value=125 
D 09:58:58.5716614 GameState.DebugPrintPower() -     TAG_CHANGE Entity=[entityName=死灵光环 id=125 zone=PLAY zonePos=0 cardId=FP1_030e player=1] tag=4741 value=1 
D 09:58:58.5716614 GameState.DebugPrintPower() -     TAG_CHANGE Entity=[entityName=死灵光环 id=125 zone=PLAY zonePos=0 cardId=FP1_030e player=1] tag=LAST_AFFECTED_BY value=125 
D 09:58:58.5716614 GameState.DebugPrintPower() -     TAG_CHANGE Entity=[entityName=死灵光环 id=125 zone=PLAY zonePos=0 cardId=FP1_030e player=1] tag=1068 value=4 
D 09:58:58.5716614 GameState.DebugPrintPower() -     TAG_CHANGE Entity=[entityName=死灵光环 id=125 zone=PLAY zonePos=0 cardId=FP1_030e player=1] tag=1068 value=0 
D 09:58:58.5716614 GameState.DebugPrintPower() -     TAG_CHANGE Entity=[entityName=死灵光环 id=125 zone=PLAY zonePos=0 cardId=FP1_030e player=1] tag=ZONE value=GRAVEYARD 
D 09:58:58.5716614 GameState.DebugPrintPower() -     TAG_CHANGE Entity=[entityName=死灵光环 id=125 zone=PLAY zonePos=0 cardId=FP1_030e player=1] tag=1234 value=3 
D 09:58:58.5716614 GameState.DebugPrintPower() -     HIDE_ENTITY - Entity=[entityName=死灵光环 id=125 zone=PLAY zonePos=0 cardId=FP1_030e player=1] tag=ZONE value=GRAVEYARD
D 09:58:58.5716614 GameState.DebugPrintPower() -     TAG_CHANGE Entity=[entityName=波涛形塑 id=87 zone=HAND zonePos=6 cardId=TIME_701 player=2] tag=TAG_LAST_KNOWN_COST_IN_HAND value=1 
D 09:58:58.5716614 GameState.DebugPrintPower() -     TAG_CHANGE Entity=[entityName=月火术 id=86 zone=HAND zonePos=7 cardId=CS2_008 player=2] tag=TAG_LAST_KNOWN_COST_IN_HAND value=0 
D 09:58:58.5716614 GameState.DebugPrintPower() -     TAG_CHANGE Entity=[entityName=雷霆绽放 id=78 zone=HAND zonePos=2 cardId=SCH_427 player=2] tag=TAG_LAST_KNOWN_COST_IN_HAND value=0 
D 09:58:58.5716614 GameState.DebugPrintPower() -     TAG_CHANGE Entity=[entityName=月火术 id=61 zone=HAND zonePos=8 cardId=CS2_008 player=2] tag=TAG_LAST_KNOWN_COST_IN_HAND value=0 
D 09:58:58.5716614 GameState.DebugPrintPower() -     TAG_CHANGE Entity=[entityName=月光射线 id=60 zone=HAND zonePos=4 cardId=TID_001 player=2] tag=TAG_LAST_KNOWN_COST_IN_HAND value=1 
D 09:58:58.5716614 GameState.DebugPrintPower() -     TAG_CHANGE Entity=[entityName=活体根须 id=56 zone=HAND zonePos=3 cardId=CORE_AT_037 player=2] tag=TAG_LAST_KNOWN_COST_IN_HAND value=1 
D 09:58:58.5716614 GameState.DebugPrintPower() -     TAG_CHANGE Entity=[entityName=波涛形塑 id=87 zone=HAND zonePos=6 cardId=TIME_701 player=2] tag=COST value=1 
D 09:58:58.5716614 GameState.DebugPrintPower() -     TAG_CHANGE Entity=[entityName=月火术 id=86 zone=HAND zonePos=7 cardId=CS2_008 player=2] tag=COST value=0 
D 09:58:58.5716614 GameState.DebugPrintPower() -     TAG_CHANGE Entity=[entityName=雷霆绽放 id=78 zone=HAND zonePos=2 cardId=SCH_427 player=2] tag=COST value=0 
D 09:58:58.5716614 GameState.DebugPrintPower() -     TAG_CHANGE Entity=[entityName=月火术 id=61 zone=HAND zonePos=8 cardId=CS2_008 player=2] tag=COST value=0 
D 09:58:58.5716614 GameState.DebugPrintPower() -     TAG_CHANGE Entity=[entityName=月光射线 id=60 zone=HAND zonePos=4 cardId=TID_001 player=2] tag=COST value=1 
D 09:58:58.5716614 GameState.DebugPrintPower() -     TAG_CHANGE Entity=[entityName=活体根须 id=56 zone=HAND zonePos=3 cardId=CORE_AT_037 player=2] tag=COST value=1 
D 09:58:58.5716614 GameState.DebugPrintPower() - BLOCK_END
D 09:58:58.5716614 GameState.DebugPrintPower() - TAG_CHANGE Entity=GameEntity tag=STEP value=MAIN_CLEANUP 
D 09:58:58.5716614 GameState.DebugPrintPower() - BLOCK_START BlockType=TRIGGER Entity=拯救网瘾对手#5318 EffectCardId=System.Collections.Generic.List`1[System.String] EffectIndex=-1 Target=0 SubOption=-1 TriggerKeyword=TAG_NOT_SET
D 09:58:58.5716614 GameState.DebugPrintPower() - BLOCK_END
D 09:58:58.5716614 GameState.DebugPrintPower() - BLOCK_START BlockType=TRIGGER Entity=湫然#51704 EffectCardId=System.Collections.Generic.List`1[System.String] EffectIndex=-1 Target=0 SubOption=-1 TriggerKeyword=TAG_NOT_SET
D 09:58:58.5716614 GameState.DebugPrintPower() -     TAG_CHANGE Entity=湫然#51704 tag=1854 value=4 
D 09:58:58.5716614 GameState.DebugPrintPower() -     TAG_CHANGE Entity=GameEntity tag=NEXT_STEP value=MAIN_NEXT 
D 09:58:58.5716614 GameState.DebugPrintPower() - BLOCK_END
D 09:58:58.5716614 GameState.DebugPrintPower() - BLOCK_START BlockType=TRIGGER Entity=[entityName=额外攻击力 id=126 zone=PLAY zonePos=0 cardId=CS2_017o player=2] EffectCardId=System.Collections.Generic.List`1[System.String] EffectIndex=-1 Target=0 SubOption=-1 TriggerKeyword=TAG_ONE_TURN_EFFECT
D 09:58:58.5716614 GameState.DebugPrintPower() -     TAG_CHANGE Entity=[entityName=额外攻击力 id=126 zone=PLAY zonePos=0 cardId=CS2_017o player=2] tag=2747 value=126 
D 09:58:58.5716614 GameState.DebugPrintPower() -     TAG_CHANGE Entity=[entityName=额外攻击力 id=126 zone=PLAY zonePos=0 cardId=CS2_017o player=2] tag=4741 value=1 
D 09:58:58.5716614 GameState.DebugPrintPower() -     TAG_CHANGE Entity=[entityName=额外攻击力 id=126 zone=PLAY zonePos=0 cardId=CS2_017o player=2] tag=LAST_AFFECTED_BY value=126 
D 09:58:58.5716614 GameState.DebugPrintPower() -     TAG_CHANGE Entity=[entityName=额外攻击力 id=126 zone=PLAY zonePos=0 cardId=CS2_017o player=2] tag=1068 value=4 
D 09:58:58.5716614 GameState.DebugPrintPower() -     TAG_CHANGE Entity=[entityName=额外攻击力 id=126 zone=PLAY zonePos=0 cardId=CS2_017o player=2] tag=1068 value=0 
D 09:58:58.5716614 GameState.DebugPrintPower() -     TAG_CHANGE Entity=[entityName=额外攻击力 id=126 zone=PLAY zonePos=0 cardId=CS2_017o player=2] tag=ZONE value=GRAVEYARD 
D 09:58:58.5716614 GameState.DebugPrintPower() -     TAG_CHANGE Entity=[entityName=嘲风望月露娜拉 id=92 zone=PLAY zonePos=0 cardId=HERO_06bi player=2] tag=TAG_ONE_TURN_EFFECT value=0 
D 09:58:58.5716614 GameState.DebugPrintPower() -     TAG_CHANGE Entity=[entityName=额外攻击力 id=126 zone=PLAY zonePos=0 cardId=CS2_017o player=2] tag=1234 value=92 
D 09:58:58.5716614 GameState.DebugPrintPower() -     HIDE_ENTITY - Entity=[entityName=额外攻击力 id=126 zone=PLAY zonePos=0 cardId=CS2_017o player=2] tag=ZONE value=GRAVEYARD
D 09:58:58.5716614 GameState.DebugPrintPower() -     TAG_CHANGE Entity=[entityName=嘲风望月露娜拉 id=92 zone=PLAY zonePos=0 cardId=HERO_06bi player=2] tag=479 value=0 
D 09:58:58.5716614 GameState.DebugPrintPower() -     TAG_CHANGE Entity=[entityName=嘲风望月露娜拉 id=92 zone=PLAY zonePos=0 cardId=HERO_06bi player=2] tag=ATK value=0 
D 09:58:58.5716614 GameState.DebugPrintPower() - BLOCK_END
D 09:58:58.5716614 GameState.DebugPrintPower() - TAG_CHANGE Entity=GameEntity tag=STEP value=MAIN_NEXT 
D 09:58:58.5716614 GameState.DebugPrintPower() - BLOCK_START BlockType=TRIGGER Entity=GameEntity EffectCardId=System.Collections.Generic.List`1[System.String] EffectIndex=-1 Target=0 SubOption=-1 TriggerKeyword=TAG_NOT_SET
D 09:58:58.5716614 GameState.DebugPrintPower() -     TAG_CHANGE Entity=湫然#51704 tag=1292 value=0 
D 09:58:58.5716614 GameState.DebugPrintPower() -     TAG_CHANGE Entity=拯救网瘾对手#5318 tag=1292 value=1 
D 09:58:58.5716614 GameState.DebugPrintPower() -     TAG_CHANGE Entity=[entityName=黑市拍卖师 id=51 zone=HAND zonePos=1 cardId=JAIL_718 player=2] tag=NUM_TURNS_IN_HAND value=10 
D 09:58:58.5716614 GameState.DebugPrintPower() -     TAG_CHANGE Entity=[entityName=雷霆绽放 id=78 zone=HAND zonePos=2 cardId=SCH_427 player=2] tag=NUM_TURNS_IN_HAND value=10 
D 09:58:58.5716614 GameState.DebugPrintPower() -     TAG_CHANGE Entity=[entityName=活体根须 id=56 zone=HAND zonePos=3 cardId=CORE_AT_037 player=2] tag=NUM_TURNS_IN_HAND value=10 
D 09:58:58.5716614 GameState.DebugPrintPower() -     TAG_CHANGE Entity=[entityName=月光射线 id=60 zone=HAND zonePos=4 cardId=TID_001 player=2] tag=NUM_TURNS_IN_HAND value=10 
D 09:58:58.5716614 GameState.DebugPrintPower() -     TAG_CHANGE Entity=[entityName=黑市拍卖师 id=75 zone=HAND zonePos=5 cardId=JAIL_718 player=2] tag=NUM_TURNS_IN_HAND value=8 
D 09:58:58.5716614 GameState.DebugPrintPower() -     TAG_CHANGE Entity=[entityName=波涛形塑 id=87 zone=HAND zonePos=6 cardId=TIME_701 player=2] tag=NUM_TURNS_IN_HAND value=6 
D 09:58:58.5716614 GameState.DebugPrintPower() -     TAG_CHANGE Entity=[entityName=月火术 id=86 zone=HAND zonePos=7 cardId=CS2_008 player=2] tag=NUM_TURNS_IN_HAND value=4 
D 09:58:58.5716614 GameState.DebugPrintPower() -     TAG_CHANGE Entity=[entityName=月火术 id=61 zone=HAND zonePos=8 cardId=CS2_008 player=2] tag=NUM_TURNS_IN_HAND value=2 
D 09:58:58.5716614 GameState.DebugPrintPower() -     TAG_CHANGE Entity=湫然#51704 tag=CURRENT_PLAYER value=0 
D 09:58:58.5716614 GameState.DebugPrintPower() -     TAG_CHANGE Entity=拯救网瘾对手#5318 tag=CURRENT_PLAYER value=1 
D 09:58:58.5716614 GameState.DebugPrintPower() -     TAG_CHANGE Entity=GameEntity tag=TURN value=10 
D 09:58:58.5716614 GameState.DebugPrintPower() -     TAG_CHANGE Entity=GameEntity tag=1882 value=9 
D 09:58:58.5716614 GameState.DebugPrintPower() -     TAG_CHANGE Entity=拯救网瘾对手#5318 tag=TURN value=5 
D 09:58:58.5716614 GameState.DebugPrintPower() -     TAG_CHANGE Entity=GameEntity tag=NEXT_STEP value=MAIN_READY 
D 09:58:58.5716614 GameState.DebugPrintPower() - BLOCK_END
D 09:58:58.5716614 GameState.DebugPrintPower() - TAG_CHANGE Entity=GameEntity tag=STEP value=MAIN_READY 
D 09:58:58.5716614 GameState.DebugPrintPower() - BLOCK_START BlockType=TRIGGER Entity=拯救网瘾对手#5318 EffectCardId=System.Collections.Generic.List`1[System.String] EffectIndex=-1 Target=0 SubOption=-1 TriggerKeyword=TAG_NOT_SET
D 09:58:58.5716614 GameState.DebugPrintPower() -     TAG_CHANGE Entity=GameEntity tag=NUM_TURNS_IN_PLAY value=10 
D 09:58:58.5716614 GameState.DebugPrintPower() -     TAG_CHANGE Entity=拯救网瘾对手#5318 tag=NUM_TURNS_IN_PLAY value=10 
D 09:58:58.5716614 GameState.DebugPrintPower() -     TAG_CHANGE Entity=湫然#51704 tag=NUM_TURNS_IN_PLAY value=10 
D 09:58:58.5716614 GameState.DebugPrintPower() -     TAG_CHANGE Entity=[entityName=雷克萨 id=90 zone=PLAY zonePos=0 cardId=HERO_05 player=1] tag=NUM_TURNS_IN_PLAY value=10 
D 09:58:58.5716614 GameState.DebugPrintPower() -     TAG_CHANGE Entity=[entityName=稳固射击 id=91 zone=PLAY zonePos=0 cardId=HERO_05bp player=1] tag=NUM_TURNS_IN_PLAY value=10 
D 09:58:58.5716614 GameState.DebugPrintPower() -     TAG_CHANGE Entity=[entityName=嘲风望月露娜拉 id=92 zone=PLAY zonePos=0 cardId=HERO_06bi player=2] tag=NUM_TURNS_IN_PLAY value=10 
D 09:58:58.5716614 GameState.DebugPrintPower() -     TAG_CHANGE Entity=[entityName=变形 id=93 zone=PLAY zonePos=0 cardId=HERO_06ebp player=2] tag=NUM_TURNS_IN_PLAY value=10 
D 09:58:58.5716614 GameState.DebugPrintPower() -     TAG_CHANGE Entity=[entityName=奇迹推销员 id=4 zone=PLAY zonePos=1 cardId=WW_331 player=1] tag=NUM_TURNS_IN_PLAY value=8 
D 09:58:58.5716614 GameState.DebugPrintPower() -     TAG_CHANGE Entity=[entityName=鼠吻贮藏者 id=110 zone=PLAY zonePos=3 cardId=JAIL_877t player=1] tag=NUM_TURNS_IN_PLAY value=6 
D 09:58:58.5716614 GameState.DebugPrintPower() -     TAG_CHANGE Entity=[entityName=侧进蛇 id=116 zone=PLAY zonePos=4 cardId=WW_806t player=1] tag=NUM_TURNS_IN_PLAY value=4 
D 09:58:58.5716614 GameState.DebugPrintPower() -     TAG_CHANGE Entity=[entityName=侧进蛇 id=117 zone=PLAY zonePos=5 cardId=WW_806t player=1] tag=NUM_TURNS_IN_PLAY value=4 
D 09:58:58.5716614 GameState.DebugPrintPower() -     TAG_CHANGE Entity=[entityName=鼠吻贮藏者 id=123 zone=PLAY zonePos=2 cardId=JAIL_877t player=1] tag=NUM_TURNS_IN_PLAY value=2 
D 09:58:58.5716614 GameState.DebugPrintPower() -     TAG_CHANGE Entity=[entityName=洛欧塞布 id=40 zone=PLAY zonePos=6 cardId=FP1_030 player=1] tag=NUM_TURNS_IN_PLAY value=2 
D 09:58:58.5716614 GameState.DebugPrintPower() -     TAG_CHANGE Entity=拯救网瘾对手#5318 tag=RESOURCES value=5 
D 09:58:58.5716614 GameState.DebugPrintPower() -     TAG_CHANGE Entity=拯救网瘾对手#5318 tag=RESOURCES_USED value=0 
D 09:58:58.5716614 GameState.DebugPrintPower() -     TAG_CHANGE Entity=拯救网瘾对手#5318 tag=NUM_CARDS_PLAYED_THIS_TURN value=0 
D 09:58:58.5716614 GameState.DebugPrintPower() -     TAG_CHANGE Entity=拯救网瘾对手#5318 tag=NUM_MINIONS_PLAYED_THIS_TURN value=0 
D 09:58:58.5716614 GameState.DebugPrintPower() -     TAG_CHANGE Entity=拯救网瘾对手#5318 tag=NUM_OPTIONS_PLAYED_THIS_TURN value=0 
D 09:58:58.5716614 GameState.DebugPrintPower() -     TAG_CHANGE Entity=拯救网瘾对手#5318 tag=430 value=0 
D 09:58:58.5716614 GameState.DebugPrintPower() -     TAG_CHANGE Entity=[entityName=奇迹推销员 id=4 zone=PLAY zonePos=1 cardId=WW_331 player=1] tag=EXHAUSTED value=0 
D 09:58:58.5716614 GameState.DebugPrintPower() -     TAG_CHANGE Entity=[entityName=鼠吻贮藏者 id=110 zone=PLAY zonePos=3 cardId=JAIL_877t player=1] tag=EXHAUSTED value=0 
D 09:58:58.5716614 GameState.DebugPrintPower() -     TAG_CHANGE Entity=[entityName=侧进蛇 id=116 zone=PLAY zonePos=4 cardId=WW_806t player=1] tag=EXHAUSTED value=0 
D 09:58:58.5716614 GameState.DebugPrintPower() -     TAG_CHANGE Entity=[entityName=侧进蛇 id=117 zone=PLAY zonePos=5 cardId=WW_806t player=1] tag=EXHAUSTED value=0 
D 09:58:58.5716614 GameState.DebugPrintPower() -     TAG_CHANGE Entity=[entityName=鼠吻贮藏者 id=123 zone=PLAY zonePos=2 cardId=JAIL_877t player=1] tag=EXHAUSTED value=0 
D 09:58:58.5716614 GameState.DebugPrintPower() -     TAG_CHANGE Entity=[entityName=洛欧塞布 id=40 zone=PLAY zonePos=6 cardId=FP1_030 player=1] tag=EXHAUSTED value=0 
D 09:58:58.5716614 GameState.DebugPrintPower() -     TAG_CHANGE Entity=湫然#51704 tag=NUM_CARDS_DRAWN_THIS_TURN value=0 
D 09:58:58.5716614 GameState.DebugPrintPower() -     TAG_CHANGE Entity=GameEntity tag=NEXT_STEP value=MAIN_START_TRIGGERS 
D 09:58:58.5716614 GameState.DebugPrintPower() -     TAG_CHANGE Entity=拯救网瘾对手#5318 tag=464 value=0 
D 09:58:58.5716614 GameState.DebugPrintPower() -     TAG_CHANGE Entity=拯救网瘾对手#5318 tag=4453 value=0 
D 09:58:58.5716614 GameState.DebugPrintPower() -     TAG_CHANGE Entity=拯救网瘾对手#5318 tag=1575 value=0 
D 09:58:58.5716614 GameState.DebugPrintPower() -     TAG_CHANGE Entity=湫然#51704 tag=2786 value=0 
D 09:58:58.5716614 GameState.DebugPrintPower() -     TAG_CHANGE Entity=湫然#51704 tag=DAMAGE_DEALT_TO_HERO_LAST_TURN value=0 
D 09:58:58.5716614 GameState.DebugPrintPower() - BLOCK_END
D 09:58:58.5716614 GameState.DebugPrintPower() - TAG_CHANGE Entity=GameEntity tag=STEP value=MAIN_START_TRIGGERS 
D 09:58:58.5716614 GameState.DebugPrintPower() - BLOCK_START BlockType=TRIGGER Entity=拯救网瘾对手#5318 EffectCardId=System.Collections.Generic.List`1[System.String] EffectIndex=-1 Target=0 SubOption=-1 TriggerKeyword=TAG_NOT_SET
D 09:58:58.5716614 GameState.DebugPrintPower() -     TAG_CHANGE Entity=GameEntity tag=NEXT_STEP value=MAIN_START 
D 09:58:58.5716614 GameState.DebugPrintPower() - BLOCK_END
D 09:58:58.5716614 GameState.DebugPrintPower() - TAG_CHANGE Entity=GameEntity tag=STEP value=MAIN_START 
D 09:58:58.5716614 GameState.DebugPrintPower() - BLOCK_START BlockType=TRIGGER Entity=拯救网瘾对手#5318 EffectCardId=System.Collections.Generic.List`1[System.String] EffectIndex=-1 Target=0 SubOption=-1 TriggerKeyword=TAG_NOT_SET
D 09:58:58.5716614 GameState.DebugPrintPower() -     TAG_CHANGE Entity=拯救网瘾对手#5318 tag=2166 value=13 
D 09:58:58.5716614 GameState.DebugPrintPower() -     TAG_CHANGE Entity=拯救网瘾对手#5318 tag=467 value=1 
D 09:58:58.5716614 GameState.DebugPrintPower() -     TAG_CHANGE Entity=[entityName=UNKNOWN ENTITY [cardType=INVALID] id=13 zone=DECK zonePos=0 cardId= player=1] tag=ZONE value=HAND 
D 09:58:58.5716614 GameState.DebugPrintPower() -     TAG_CHANGE Entity=[entityName=UNKNOWN ENTITY [cardType=INVALID] id=13 zone=DECK zonePos=0 cardId= player=1] tag=ZONE_POSITION value=5 
D 09:58:58.5716614 GameState.DebugPrintPower() -     TAG_CHANGE Entity=[entityName=UNKNOWN ENTITY [cardType=INVALID] id=13 zone=DECK zonePos=0 cardId= player=1] tag=ZONE_POSITION value=0 
D 09:58:58.5716614 GameState.DebugPrintPower() -     TAG_CHANGE Entity=[entityName=UNKNOWN ENTITY [cardType=INVALID] id=13 zone=DECK zonePos=0 cardId= player=1] tag=ZONE_POSITION value=5 
D 09:58:58.5716614 GameState.DebugPrintPower() -     TAG_CHANGE Entity=拯救网瘾对手#5318 tag=NUM_CARDS_DRAWN_THIS_TURN value=1 
D 09:58:58.5716614 GameState.DebugPrintPower() -     TAG_CHANGE Entity=拯救网瘾对手#5318 tag=995 value=5 
D 09:58:58.5716614 GameState.DebugPrintPower() -     TAG_CHANGE Entity=拯救网瘾对手#5318 tag=467 value=0 
D 09:58:58.5716614 GameState.DebugPrintPower() -     TAG_CHANGE Entity=GameEntity tag=NEXT_STEP value=MAIN_ACTION 
D 09:58:58.5716614 GameState.DebugPrintPower() - BLOCK_END
D 09:58:58.5716614 GameState.DebugPrintPower() - TAG_CHANGE Entity=GameEntity tag=STEP value=MAIN_ACTION 
D 09:58:58.5716614 GameState.DebugPrintPower() - BLOCK_START BlockType=TRIGGER Entity=拯救网瘾对手#5318 EffectCardId=System.Collections.Generic.List`1[System.String] EffectIndex=-1 Target=0 SubOption=-1 TriggerKeyword=TAG_NOT_SET
D 09:58:58.5716614 GameState.DebugPrintPower() -     TAG_CHANGE Entity=GameEntity tag=NEXT_STEP value=MAIN_END 
D 09:58:58.5716614 GameState.DebugPrintPower() - BLOCK_END
D 09:58:58.5716614 PowerTaskList.DebugDump() - ID=248 ParentID=0 PreviousID=0 TaskCount=1
D 09:58:58.5716614 PowerTaskList.DebugDump() - Block Start=(null)
D 09:58:58.5716614 PowerTaskList.DebugPrintPower() -     TAG_CHANGE Entity=GameEntity tag=STEP value=MAIN_END 
D 09:58:58.5716614 PowerTaskList.DebugDump() - Block End=(null)
D 09:58:58.5716614 PowerProcessor.PrepareHistoryForCurrentTaskList() - m_currentTaskList=248
D 09:58:58.5716614 PowerProcessor.EndCurrentTaskList() - m_currentTaskList=248
D 09:58:58.5716614 PowerTaskList.DebugDump() - ID=249 ParentID=248 PreviousID=0 TaskCount=0
D 09:58:58.5716614 PowerTaskList.DebugPrintPower() - BLOCK_START BlockType=TRIGGER Entity=拯救网瘾对手#5318 EffectCardId=System.Collections.Generic.List`1[System.String] EffectIndex=-1 Target=0 SubOption=-1 TriggerKeyword=TAG_NOT_SET
D 09:58:58.5716614 PowerTaskList.DebugPrintPower() - BLOCK_END
D 09:58:58.5716614 PowerProcessor.PrepareHistoryForCurrentTaskList() - m_currentTaskList=249
D 09:58:58.5716614 PowerProcessor.EndCurrentTaskList() - m_currentTaskList=249
D 09:58:58.5716614 PowerTaskList.DebugDump() - ID=250 ParentID=0 PreviousID=0 TaskCount=1
D 09:58:58.5716614 PowerTaskList.DebugPrintPower() - BLOCK_START BlockType=TRIGGER Entity=湫然#51704 EffectCardId=System.Collections.Generic.List`1[System.String] EffectIndex=-1 Target=0 SubOption=-1 TriggerKeyword=TAG_NOT_SET
D 09:58:58.5716614 PowerTaskList.DebugPrintPower() -     TAG_CHANGE Entity=GameEntity tag=NEXT_STEP value=MAIN_CLEANUP 
D 09:58:58.5716614 PowerTaskList.DebugPrintPower() - BLOCK_END
D 09:58:58.5716614 PowerProcessor.PrepareHistoryForCurrentTaskList() - m_currentTaskList=250
D 09:58:58.5716614 PowerProcessor.EndCurrentTaskList() - m_currentTaskList=250
D 09:58:58.5716614 PowerTaskList.DebugDump() - ID=251 ParentID=0 PreviousID=0 TaskCount=0
D 09:58:58.5716614 PowerTaskList.DebugPrintPower() - BLOCK_START BlockType=TRIGGER Entity=湫然#51704 EffectCardId=System.Collections.Generic.List`1[System.String] EffectIndex=-1 Target=0 SubOption=-1 TriggerKeyword=TAG_NOT_SET
D 09:58:58.5716614 PowerTaskList.DebugPrintPower() - BLOCK_END
D 09:58:58.5716614 PowerProcessor.PrepareHistoryForCurrentTaskList() - m_currentTaskList=251
D 09:58:58.5716614 PowerProcessor.EndCurrentTaskList() - m_currentTaskList=251
D 09:58:58.5716614 PowerTaskList.DebugDump() - ID=252 ParentID=0 PreviousID=0 TaskCount=20
D 09:58:58.5716614 PowerTaskList.DebugPrintPower() - BLOCK_START BlockType=TRIGGER Entity=[entityName=死灵光环 id=125 zone=PLAY zonePos=0 cardId=FP1_030e player=1] EffectCardId=System.Collections.Generic.List`1[System.String] EffectIndex=0 Target=0 SubOption=-1 TriggerKeyword=TAG_NOT_SET
D 09:58:58.5716614 PowerTaskList.DebugPrintPower() -     TAG_CHANGE Entity=[entityName=死灵光环 id=125 zone=PLAY zonePos=0 cardId=FP1_030e player=1] tag=2747 value=125 
D 09:58:58.5716614 PowerTaskList.DebugPrintPower() -     TAG_CHANGE Entity=[entityName=死灵光环 id=125 zone=PLAY zonePos=0 cardId=FP1_030e player=1] tag=4741 value=1 
D 09:58:58.5716614 PowerTaskList.DebugPrintPower() -     TAG_CHANGE Entity=[entityName=死灵光环 id=125 zone=PLAY zonePos=0 cardId=FP1_030e player=1] tag=LAST_AFFECTED_BY value=125 
D 09:58:58.5716614 PowerTaskList.DebugPrintPower() -     TAG_CHANGE Entity=[entityName=死灵光环 id=125 zone=PLAY zonePos=0 cardId=FP1_030e player=1] tag=1068 value=4 
D 09:58:58.5716614 PowerTaskList.DebugPrintPower() -     TAG_CHANGE Entity=[entityName=死灵光环 id=125 zone=PLAY zonePos=0 cardId=FP1_030e player=1] tag=1068 value=0 
D 09:58:58.5716614 PowerTaskList.DebugPrintPower() -     TAG_CHANGE Entity=[entityName=死灵光环 id=125 zone=PLAY zonePos=0 cardId=FP1_030e player=1] tag=ZONE value=GRAVEYARD 
D 09:58:58.5716614 PowerTaskList.DebugPrintPower() -     TAG_CHANGE Entity=[entityName=死灵光环 id=125 zone=PLAY zonePos=0 cardId=FP1_030e player=1] tag=1234 value=3 
D 09:58:58.5716614 PowerTaskList.DebugPrintPower() -     HIDE_ENTITY - Entity=[entityName=死灵光环 id=125 zone=PLAY zonePos=0 cardId=FP1_030e player=1] tag=ZONE value=GRAVEYARD
D 09:58:58.5716614 PowerTaskList.DebugPrintPower() -     TAG_CHANGE Entity=[entityName=波涛形塑 id=87 zone=HAND zonePos=6 cardId=TIME_701 player=2] tag=TAG_LAST_KNOWN_COST_IN_HAND value=1 
D 09:58:58.5716614 PowerTaskList.DebugPrintPower() -     TAG_CHANGE Entity=[entityName=月火术 id=86 zone=HAND zonePos=7 cardId=CS2_008 player=2] tag=TAG_LAST_KNOWN_COST_IN_HAND value=0 
D 09:58:58.5716614 PowerTaskList.DebugPrintPower() -     TAG_CHANGE Entity=[entityName=雷霆绽放 id=78 zone=HAND zonePos=2 cardId=SCH_427 player=2] tag=TAG_LAST_KNOWN_COST_IN_HAND value=0 
D 09:58:58.5716614 PowerTaskList.DebugPrintPower() -     TAG_CHANGE Entity=[entityName=月火术 id=61 zone=HAND zonePos=8 cardId=CS2_008 player=2] tag=TAG_LAST_KNOWN_COST_IN_HAND value=0 
D 09:58:58.5716614 PowerTaskList.DebugPrintPower() -     TAG_CHANGE Entity=[entityName=月光射线 id=60 zone=HAND zonePos=4 cardId=TID_001 player=2] tag=TAG_LAST_KNOWN_COST_IN_HAND value=1 
D 09:58:58.5716614 PowerTaskList.DebugPrintPower() -     TAG_CHANGE Entity=[entityName=活体根须 id=56 zone=HAND zonePos=3 cardId=CORE_AT_037 player=2] tag=TAG_LAST_KNOWN_COST_IN_HAND value=1 
D 09:58:58.5716614 PowerTaskList.DebugPrintPower() -     TAG_CHANGE Entity=[entityName=波涛形塑 id=87 zone=HAND zonePos=6 cardId=TIME_701 player=2] tag=COST value=1 
D 09:58:58.5716614 PowerTaskList.DebugPrintPower() -     TAG_CHANGE Entity=[entityName=月火术 id=86 zone=HAND zonePos=7 cardId=CS2_008 player=2] tag=COST value=0 
D 09:58:58.5716614 PowerTaskList.DebugPrintPower() -     TAG_CHANGE Entity=[entityName=雷霆绽放 id=78 zone=HAND zonePos=2 cardId=SCH_427 player=2] tag=COST value=0 
D 09:58:58.5716614 PowerTaskList.DebugPrintPower() -     TAG_CHANGE Entity=[entityName=月火术 id=61 zone=HAND zonePos=8 cardId=CS2_008 player=2] tag=COST value=0 
D 09:58:58.5716614 PowerTaskList.DebugPrintPower() -     TAG_CHANGE Entity=[entityName=月光射线 id=60 zone=HAND zonePos=4 cardId=TID_001 player=2] tag=COST value=1 
D 09:58:58.5716614 PowerTaskList.DebugPrintPower() -     TAG_CHANGE Entity=[entityName=活体根须 id=56 zone=HAND zonePos=3 cardId=CORE_AT_037 player=2] tag=COST value=1 
D 09:58:58.5716614 PowerTaskList.DebugPrintPower() - BLOCK_END
D 09:58:58.5716614 PowerProcessor.PrepareHistoryForCurrentTaskList() - m_currentTaskList=252
D 09:58:58.5792341 PowerProcessor.EndCurrentTaskList() - m_currentTaskList=252
D 09:58:58.5850251 PowerTaskList.DebugDump() - ID=253 ParentID=0 PreviousID=0 TaskCount=1
D 09:58:58.5850251 PowerTaskList.DebugDump() - Block Start=(null)
D 09:58:58.5850251 PowerTaskList.DebugPrintPower() -     TAG_CHANGE Entity=GameEntity tag=STEP value=MAIN_CLEANUP 
D 09:58:58.5850251 PowerTaskList.DebugDump() - Block End=(null)
D 09:58:58.5850251 PowerProcessor.PrepareHistoryForCurrentTaskList() - m_currentTaskList=253
D 09:58:58.5850251 PowerProcessor.EndCurrentTaskList() - m_currentTaskList=253
D 09:58:58.5850251 PowerTaskList.DebugDump() - ID=254 ParentID=0 PreviousID=0 TaskCount=0
D 09:58:58.5850251 PowerTaskList.DebugPrintPower() - BLOCK_START BlockType=TRIGGER Entity=拯救网瘾对手#5318 EffectCardId=System.Collections.Generic.List`1[System.String] EffectIndex=-1 Target=0 SubOption=-1 TriggerKeyword=TAG_NOT_SET
D 09:58:58.5850251 PowerTaskList.DebugPrintPower() - BLOCK_END
D 09:58:58.5850251 PowerProcessor.PrepareHistoryForCurrentTaskList() - m_currentTaskList=254
D 09:58:58.5850251 PowerProcessor.EndCurrentTaskList() - m_currentTaskList=254
D 09:58:58.5850251 PowerTaskList.DebugDump() - ID=255 ParentID=0 PreviousID=0 TaskCount=2
D 09:58:58.5850251 PowerTaskList.DebugPrintPower() - BLOCK_START BlockType=TRIGGER Entity=湫然#51704 EffectCardId=System.Collections.Generic.List`1[System.String] EffectIndex=-1 Target=0 SubOption=-1 TriggerKeyword=TAG_NOT_SET
D 09:58:58.5850251 PowerTaskList.DebugPrintPower() -     TAG_CHANGE Entity=湫然#51704 tag=1854 value=4 
D 09:58:58.5850251 PowerTaskList.DebugPrintPower() -     TAG_CHANGE Entity=GameEntity tag=NEXT_STEP value=MAIN_NEXT 
D 09:58:58.5850251 PowerTaskList.DebugPrintPower() - BLOCK_END
D 09:58:58.5850251 PowerProcessor.PrepareHistoryForCurrentTaskList() - m_currentTaskList=255
D 09:58:58.5850251 PowerProcessor.EndCurrentTaskList() - m_currentTaskList=255
D 09:58:58.5850251 PowerTaskList.DebugDump() - ID=256 ParentID=0 PreviousID=0 TaskCount=11
D 09:58:58.5850251 PowerTaskList.DebugPrintPower() - BLOCK_START BlockType=TRIGGER Entity=[entityName=额外攻击力 id=126 zone=PLAY zonePos=0 cardId=CS2_017o player=2] EffectCardId=System.Collections.Generic.List`1[System.String] EffectIndex=-1 Target=0 SubOption=-1 TriggerKeyword=TAG_ONE_TURN_EFFECT
D 09:58:58.5850251 PowerTaskList.DebugPrintPower() -     TAG_CHANGE Entity=[entityName=额外攻击力 id=126 zone=PLAY zonePos=0 cardId=CS2_017o player=2] tag=2747 value=126 
D 09:58:58.5850251 PowerTaskList.DebugPrintPower() -     TAG_CHANGE Entity=[entityName=额外攻击力 id=126 zone=PLAY zonePos=0 cardId=CS2_017o player=2] tag=4741 value=1 
D 09:58:58.5850251 PowerTaskList.DebugPrintPower() -     TAG_CHANGE Entity=[entityName=额外攻击力 id=126 zone=PLAY zonePos=0 cardId=CS2_017o player=2] tag=LAST_AFFECTED_BY value=126 
D 09:58:58.5850251 PowerTaskList.DebugPrintPower() -     TAG_CHANGE Entity=[entityName=额外攻击力 id=126 zone=PLAY zonePos=0 cardId=CS2_017o player=2] tag=1068 value=4 
D 09:58:58.5850251 PowerTaskList.DebugPrintPower() -     TAG_CHANGE Entity=[entityName=额外攻击力 id=126 zone=PLAY zonePos=0 cardId=CS2_017o player=2] tag=1068 value=0 
D 09:58:58.5850251 PowerTaskList.DebugPrintPower() -     TAG_CHANGE Entity=[entityName=额外攻击力 id=126 zone=PLAY zonePos=0 cardId=CS2_017o player=2] tag=ZONE value=GRAVEYARD 
D 09:58:58.5850251 PowerTaskList.DebugPrintPower() -     TAG_CHANGE Entity=[entityName=嘲风望月露娜拉 id=92 zone=PLAY zonePos=0 cardId=HERO_06bi player=2] tag=TAG_ONE_TURN_EFFECT value=0 
D 09:58:58.5850251 PowerTaskList.DebugPrintPower() -     TAG_CHANGE Entity=[entityName=额外攻击力 id=126 zone=PLAY zonePos=0 cardId=CS2_017o player=2] tag=1234 value=92 
D 09:58:58.5850251 PowerTaskList.DebugPrintPower() -     HIDE_ENTITY - Entity=[entityName=额外攻击力 id=126 zone=PLAY zonePos=0 cardId=CS2_017o player=2] tag=ZONE value=GRAVEYARD
D 09:58:58.5850251 PowerTaskList.DebugPrintPower() -     TAG_CHANGE Entity=[entityName=嘲风望月露娜拉 id=92 zone=PLAY zonePos=0 cardId=HERO_06bi player=2] tag=479 value=0 
D 09:58:58.5850251 PowerTaskList.DebugPrintPower() -     TAG_CHANGE Entity=[entityName=嘲风望月露娜拉 id=92 zone=PLAY zonePos=0 cardId=HERO_06bi player=2] tag=ATK value=0 
D 09:58:58.5850251 PowerTaskList.DebugPrintPower() - BLOCK_END
D 09:58:58.5850251 PowerProcessor.PrepareHistoryForCurrentTaskList() - m_currentTaskList=256
D 09:58:58.5990870 PowerProcessor.EndCurrentTaskList() - m_currentTaskList=256
D 09:58:58.6050650 PowerTaskList.DebugDump() - ID=257 ParentID=0 PreviousID=0 TaskCount=1
D 09:58:58.6050650 PowerTaskList.DebugDump() - Block Start=(null)
D 09:58:58.6050650 PowerTaskList.DebugPrintPower() -     TAG_CHANGE Entity=GameEntity tag=STEP value=MAIN_NEXT 
D 09:58:58.6050650 PowerTaskList.DebugDump() - Block End=(null)
D 09:58:58.6050650 PowerProcessor.PrepareHistoryForCurrentTaskList() - m_currentTaskList=257
D 09:58:58.6050650 PowerProcessor.EndCurrentTaskList() - m_currentTaskList=257
D 09:58:58.6050650 PowerTaskList.DebugDump() - ID=258 ParentID=0 PreviousID=0 TaskCount=16
D 09:58:58.6050650 PowerTaskList.DebugPrintPower() - BLOCK_START BlockType=TRIGGER Entity=GameEntity EffectCardId=System.Collections.Generic.List`1[System.String] EffectIndex=-1 Target=0 SubOption=-1 TriggerKeyword=TAG_NOT_SET
D 09:58:58.6050650 PowerTaskList.DebugPrintPower() -     TAG_CHANGE Entity=湫然#51704 tag=1292 value=0 
D 09:58:58.6050650 PowerTaskList.DebugPrintPower() -     TAG_CHANGE Entity=拯救网瘾对手#5318 tag=1292 value=1 
D 09:58:58.6050650 PowerTaskList.DebugPrintPower() -     TAG_CHANGE Entity=[entityName=黑市拍卖师 id=51 zone=HAND zonePos=1 cardId=JAIL_718 player=2] tag=NUM_TURNS_IN_HAND value=10 
D 09:58:58.6050650 PowerTaskList.DebugPrintPower() -     TAG_CHANGE Entity=[entityName=雷霆绽放 id=78 zone=HAND zonePos=2 cardId=SCH_427 player=2] tag=NUM_TURNS_IN_HAND value=10 
D 09:58:58.6050650 PowerTaskList.DebugPrintPower() -     TAG_CHANGE Entity=[entityName=活体根须 id=56 zone=HAND zonePos=3 cardId=CORE_AT_037 player=2] tag=NUM_TURNS_IN_HAND value=10 
D 09:58:58.6050650 PowerTaskList.DebugPrintPower() -     TAG_CHANGE Entity=[entityName=月光射线 id=60 zone=HAND zonePos=4 cardId=TID_001 player=2] tag=NUM_TURNS_IN_HAND value=10 
D 09:58:58.6050650 PowerTaskList.DebugPrintPower() -     TAG_CHANGE Entity=[entityName=黑市拍卖师 id=75 zone=HAND zonePos=5 cardId=JAIL_718 player=2] tag=NUM_TURNS_IN_HAND value=8 
D 09:58:58.6050650 PowerTaskList.DebugPrintPower() -     TAG_CHANGE Entity=[entityName=波涛形塑 id=87 zone=HAND zonePos=6 cardId=TIME_701 player=2] tag=NUM_TURNS_IN_HAND value=6 
D 09:58:58.6050650 PowerTaskList.DebugPrintPower() -     TAG_CHANGE Entity=[entityName=月火术 id=86 zone=HAND zonePos=7 cardId=CS2_008 player=2] tag=NUM_TURNS_IN_HAND value=4 
D 09:58:58.6050650 PowerTaskList.DebugPrintPower() -     TAG_CHANGE Entity=[entityName=月火术 id=61 zone=HAND zonePos=8 cardId=CS2_008 player=2] tag=NUM_TURNS_IN_HAND value=2 
D 09:58:58.6050650 PowerTaskList.DebugPrintPower() -     TAG_CHANGE Entity=湫然#51704 tag=CURRENT_PLAYER value=0 
D 09:58:58.6050650 PowerTaskList.DebugPrintPower() -     TAG_CHANGE Entity=拯救网瘾对手#5318 tag=CURRENT_PLAYER value=1 
D 09:58:58.6050650 PowerTaskList.DebugPrintPower() -     TAG_CHANGE Entity=GameEntity tag=TURN value=10 
D 09:58:58.6050650 PowerTaskList.DebugPrintPower() -     TAG_CHANGE Entity=GameEntity tag=1882 value=9 
D 09:58:58.6050650 PowerTaskList.DebugPrintPower() -     TAG_CHANGE Entity=拯救网瘾对手#5318 tag=TURN value=5 
D 09:58:58.6050650 PowerTaskList.DebugPrintPower() -     TAG_CHANGE Entity=GameEntity tag=NEXT_STEP value=MAIN_READY 
D 09:58:58.6050650 PowerTaskList.DebugPrintPower() - BLOCK_END
D 09:58:58.6050650 PowerProcessor.PrepareHistoryForCurrentTaskList() - m_currentTaskList=258
D 09:58:58.6050650 PowerProcessor.EndCurrentTaskList() - m_currentTaskList=258
D 09:58:58.6050650 PowerTaskList.DebugDump() - ID=259 ParentID=0 PreviousID=0 TaskCount=1
D 09:58:58.6050650 PowerTaskList.DebugDump() - Block Start=(null)
D 09:58:58.6050650 PowerTaskList.DebugPrintPower() -     TAG_CHANGE Entity=GameEntity tag=STEP value=MAIN_READY 
D 09:58:58.6050650 PowerTaskList.DebugDump() - Block End=(null)
D 09:58:58.6050650 PowerProcessor.PrepareHistoryForCurrentTaskList() - m_currentTaskList=259
D 09:58:58.6050650 PowerProcessor.EndCurrentTaskList() - m_currentTaskList=259
D 09:58:58.6050650 PowerTaskList.DebugDump() - ID=260 ParentID=0 PreviousID=0 TaskCount=32
D 09:58:58.6050650 PowerTaskList.DebugPrintPower() - BLOCK_START BlockType=TRIGGER Entity=拯救网瘾对手#5318 EffectCardId=System.Collections.Generic.List`1[System.String] EffectIndex=-1 Target=0 SubOption=-1 TriggerKeyword=TAG_NOT_SET
D 09:58:58.6050650 PowerTaskList.DebugPrintPower() -     TAG_CHANGE Entity=GameEntity tag=NUM_TURNS_IN_PLAY value=10 
D 09:58:58.6050650 PowerTaskList.DebugPrintPower() -     TAG_CHANGE Entity=拯救网瘾对手#5318 tag=NUM_TURNS_IN_PLAY value=10 
D 09:58:58.6050650 PowerTaskList.DebugPrintPower() -     TAG_CHANGE Entity=湫然#51704 tag=NUM_TURNS_IN_PLAY value=10 
D 09:58:58.6050650 PowerTaskList.DebugPrintPower() -     TAG_CHANGE Entity=[entityName=雷克萨 id=90 zone=PLAY zonePos=0 cardId=HERO_05 player=1] tag=NUM_TURNS_IN_PLAY value=10 
D 09:58:58.6050650 PowerTaskList.DebugPrintPower() -     TAG_CHANGE Entity=[entityName=稳固射击 id=91 zone=PLAY zonePos=0 cardId=HERO_05bp player=1] tag=NUM_TURNS_IN_PLAY value=10 
D 09:58:58.6050650 PowerTaskList.DebugPrintPower() -     TAG_CHANGE Entity=[entityName=嘲风望月露娜拉 id=92 zone=PLAY zonePos=0 cardId=HERO_06bi player=2] tag=NUM_TURNS_IN_PLAY value=10 
D 09:58:58.6050650 PowerTaskList.DebugPrintPower() -     TAG_CHANGE Entity=[entityName=变形 id=93 zone=PLAY zonePos=0 cardId=HERO_06ebp player=2] tag=NUM_TURNS_IN_PLAY value=10 
D 09:58:58.6050650 PowerTaskList.DebugPrintPower() -     TAG_CHANGE Entity=[entityName=奇迹推销员 id=4 zone=PLAY zonePos=1 cardId=WW_331 player=1] tag=NUM_TURNS_IN_PLAY value=8 
D 09:58:58.6050650 PowerTaskList.DebugPrintPower() -     TAG_CHANGE Entity=[entityName=鼠吻贮藏者 id=110 zone=PLAY zonePos=3 cardId=JAIL_877t player=1] tag=NUM_TURNS_IN_PLAY value=6 
D 09:58:58.6050650 PowerTaskList.DebugPrintPower() -     TAG_CHANGE Entity=[entityName=侧进蛇 id=116 zone=PLAY zonePos=4 cardId=WW_806t player=1] tag=NUM_TURNS_IN_PLAY value=4 
D 09:58:58.6050650 PowerTaskList.DebugPrintPower() -     TAG_CHANGE Entity=[entityName=侧进蛇 id=117 zone=PLAY zonePos=5 cardId=WW_806t player=1] tag=NUM_TURNS_IN_PLAY value=4 
D 09:58:58.6050650 PowerTaskList.DebugPrintPower() -     TAG_CHANGE Entity=[entityName=鼠吻贮藏者 id=123 zone=PLAY zonePos=2 cardId=JAIL_877t player=1] tag=NUM_TURNS_IN_PLAY value=2 
D 09:58:58.6050650 PowerTaskList.DebugPrintPower() -     TAG_CHANGE Entity=[entityName=洛欧塞布 id=40 zone=PLAY zonePos=6 cardId=FP1_030 player=1] tag=NUM_TURNS_IN_PLAY value=2 
D 09:58:58.6050650 PowerTaskList.DebugPrintPower() -     TAG_CHANGE Entity=拯救网瘾对手#5318 tag=RESOURCES value=5 
D 09:58:58.6050650 PowerTaskList.DebugPrintPower() -     TAG_CHANGE Entity=拯救网瘾对手#5318 tag=RESOURCES_USED value=0 
D 09:58:58.6050650 PowerTaskList.DebugPrintPower() -     TAG_CHANGE Entity=拯救网瘾对手#5318 tag=NUM_CARDS_PLAYED_THIS_TURN value=0 
D 09:58:58.6050650 PowerTaskList.DebugPrintPower() -     TAG_CHANGE Entity=拯救网瘾对手#5318 tag=NUM_MINIONS_PLAYED_THIS_TURN value=0 
D 09:58:58.6050650 PowerTaskList.DebugPrintPower() -     TAG_CHANGE Entity=拯救网瘾对手#5318 tag=NUM_OPTIONS_PLAYED_THIS_TURN value=0 
D 09:58:58.6050650 PowerTaskList.DebugPrintPower() -     TAG_CHANGE Entity=拯救网瘾对手#5318 tag=430 value=0 
D 09:58:58.6050650 PowerTaskList.DebugPrintPower() -     TAG_CHANGE Entity=[entityName=奇迹推销员 id=4 zone=PLAY zonePos=1 cardId=WW_331 player=1] tag=EXHAUSTED value=0 
D 09:58:58.6050650 PowerTaskList.DebugPrintPower() -     TAG_CHANGE Entity=[entityName=鼠吻贮藏者 id=110 zone=PLAY zonePos=3 cardId=JAIL_877t player=1] tag=EXHAUSTED value=0 
D 09:58:58.6050650 PowerTaskList.DebugPrintPower() -     TAG_CHANGE Entity=[entityName=侧进蛇 id=116 zone=PLAY zonePos=4 cardId=WW_806t player=1] tag=EXHAUSTED value=0 
D 09:58:58.6050650 PowerTaskList.DebugPrintPower() -     TAG_CHANGE Entity=[entityName=侧进蛇 id=117 zone=PLAY zonePos=5 cardId=WW_806t player=1] tag=EXHAUSTED value=0 
D 09:58:58.6050650 PowerTaskList.DebugPrintPower() -     TAG_CHANGE Entity=[entityName=鼠吻贮藏者 id=123 zone=PLAY zonePos=2 cardId=JAIL_877t player=1] tag=EXHAUSTED value=0 
D 09:58:58.6050650 PowerTaskList.DebugPrintPower() -     TAG_CHANGE Entity=[entityName=洛欧塞布 id=40 zone=PLAY zonePos=6 cardId=FP1_030 player=1] tag=EXHAUSTED value=0 
D 09:58:58.6050650 PowerTaskList.DebugPrintPower() -     TAG_CHANGE Entity=湫然#51704 tag=NUM_CARDS_DRAWN_THIS_TURN value=0 
D 09:58:58.6050650 PowerTaskList.DebugPrintPower() -     TAG_CHANGE Entity=GameEntity tag=NEXT_STEP value=MAIN_START_TRIGGERS 
D 09:58:58.6050650 PowerTaskList.DebugPrintPower() -     TAG_CHANGE Entity=拯救网瘾对手#5318 tag=464 value=0 
D 09:58:58.6050650 PowerTaskList.DebugPrintPower() -     TAG_CHANGE Entity=拯救网瘾对手#5318 tag=4453 value=0 
D 09:58:58.6050650 PowerTaskList.DebugPrintPower() -     TAG_CHANGE Entity=拯救网瘾对手#5318 tag=1575 value=0 
D 09:58:58.6050650 PowerTaskList.DebugPrintPower() -     TAG_CHANGE Entity=湫然#51704 tag=2786 value=0 
D 09:58:58.6050650 PowerTaskList.DebugPrintPower() -     TAG_CHANGE Entity=湫然#51704 tag=DAMAGE_DEALT_TO_HERO_LAST_TURN value=0 
D 09:58:58.6050650 PowerTaskList.DebugPrintPower() - BLOCK_END
D 09:58:58.6050650 PowerProcessor.PrepareHistoryForCurrentTaskList() - m_currentTaskList=260
D 09:58:58.6050650 PowerProcessor.EndCurrentTaskList() - m_currentTaskList=260
D 09:58:58.6050650 PowerTaskList.DebugDump() - ID=261 ParentID=0 PreviousID=0 TaskCount=1
D 09:58:58.6050650 PowerTaskList.DebugDump() - Block Start=(null)
D 09:58:58.6050650 PowerTaskList.DebugPrintPower() -     TAG_CHANGE Entity=GameEntity tag=STEP value=MAIN_START_TRIGGERS 
D 09:58:58.6050650 PowerTaskList.DebugDump() - Block End=(null)
D 09:58:58.6050650 PowerProcessor.PrepareHistoryForCurrentTaskList() - m_currentTaskList=261
D 09:58:58.6050650 PowerProcessor.EndCurrentTaskList() - m_currentTaskList=261
D 09:58:58.6050650 PowerTaskList.DebugDump() - ID=262 ParentID=0 PreviousID=0 TaskCount=1
D 09:58:58.6050650 PowerTaskList.DebugPrintPower() - BLOCK_START BlockType=TRIGGER Entity=拯救网瘾对手#5318 EffectCardId=System.Collections.Generic.List`1[System.String] EffectIndex=-1 Target=0 SubOption=-1 TriggerKeyword=TAG_NOT_SET
D 09:58:58.6050650 PowerTaskList.DebugPrintPower() -     TAG_CHANGE Entity=GameEntity tag=NEXT_STEP value=MAIN_START 
D 09:58:58.6050650 PowerTaskList.DebugPrintPower() - BLOCK_END
D 09:58:58.6050650 PowerProcessor.PrepareHistoryForCurrentTaskList() - m_currentTaskList=262
D 09:58:58.6050650 PowerProcessor.EndCurrentTaskList() - m_currentTaskList=262
D 09:58:58.6050650 PowerTaskList.DebugDump() - ID=263 ParentID=0 PreviousID=0 TaskCount=1
D 09:58:58.6050650 PowerTaskList.DebugDump() - Block Start=(null)
D 09:58:58.6050650 PowerTaskList.DebugPrintPower() -     TAG_CHANGE Entity=GameEntity tag=STEP value=MAIN_START 
D 09:58:58.6050650 PowerTaskList.DebugDump() - Block End=(null)
D 09:58:58.6050650 PowerProcessor.PrepareHistoryForCurrentTaskList() - m_currentTaskList=263
D 09:58:58.6050650 PowerProcessor.EndCurrentTaskList() - m_currentTaskList=263
D 09:58:58.6050650 PowerTaskList.DebugDump() - ID=264 ParentID=0 PreviousID=0 TaskCount=10
D 09:58:58.6050650 PowerTaskList.DebugPrintPower() - BLOCK_START BlockType=TRIGGER Entity=拯救网瘾对手#5318 EffectCardId=System.Collections.Generic.List`1[System.String] EffectIndex=-1 Target=0 SubOption=-1 TriggerKeyword=TAG_NOT_SET
D 09:58:58.6050650 PowerTaskList.DebugPrintPower() -     TAG_CHANGE Entity=拯救网瘾对手#5318 tag=2166 value=13 
D 09:58:58.6050650 PowerTaskList.DebugPrintPower() -     TAG_CHANGE Entity=拯救网瘾对手#5318 tag=467 value=1 
D 09:58:58.6050650 PowerTaskList.DebugPrintPower() -     TAG_CHANGE Entity=[entityName=UNKNOWN ENTITY [cardType=INVALID] id=13 zone=DECK zonePos=0 cardId= player=1] tag=ZONE value=HAND 
D 09:58:58.6050650 PowerTaskList.DebugPrintPower() -     TAG_CHANGE Entity=[entityName=UNKNOWN ENTITY [cardType=INVALID] id=13 zone=DECK zonePos=0 cardId= player=1] tag=ZONE_POSITION value=5 
D 09:58:58.6050650 PowerTaskList.DebugPrintPower() -     TAG_CHANGE Entity=[entityName=UNKNOWN ENTITY [cardType=INVALID] id=13 zone=DECK zonePos=0 cardId= player=1] tag=ZONE_POSITION value=0 
D 09:58:58.6050650 PowerTaskList.DebugPrintPower() -     TAG_CHANGE Entity=[entityName=UNKNOWN ENTITY [cardType=INVALID] id=13 zone=DECK zonePos=0 cardId= player=1] tag=ZONE_POSITION value=5 
D 09:58:58.6050650 PowerTaskList.DebugPrintPower() -     TAG_CHANGE Entity=拯救网瘾对手#5318 tag=NUM_CARDS_DRAWN_THIS_TURN value=1 
D 09:58:58.6050650 PowerTaskList.DebugPrintPower() -     TAG_CHANGE Entity=拯救网瘾对手#5318 tag=995 value=5 
D 09:58:58.6050650 PowerTaskList.DebugPrintPower() -     TAG_CHANGE Entity=拯救网瘾对手#5318 tag=467 value=0 
D 09:58:58.6050650 PowerTaskList.DebugPrintPower() -     TAG_CHANGE Entity=GameEntity tag=NEXT_STEP value=MAIN_ACTION 
D 09:58:58.6050650 PowerTaskList.DebugPrintPower() - BLOCK_END
D 09:58:58.6050650 PowerProcessor.PrepareHistoryForCurrentTaskList() - m_currentTaskList=264
D 09:59:00.1276929 PowerProcessor.EndCurrentTaskList() - m_currentTaskList=264
D 09:59:00.1338440 PowerTaskList.DebugDump() - ID=265 ParentID=0 PreviousID=0 TaskCount=1
D 09:59:00.1338440 PowerTaskList.DebugDump() - Block Start=(null)
D 09:59:00.1338440 PowerTaskList.DebugPrintPower() -     TAG_CHANGE Entity=GameEntity tag=STEP value=MAIN_ACTION 
D 09:59:00.1338440 PowerTaskList.DebugDump() - Block End=(null)
D 09:59:00.1338440 PowerProcessor.PrepareHistoryForCurrentTaskList() - m_currentTaskList=265
D 09:59:00.1338440 PowerProcessor.EndCurrentTaskList() - m_currentTaskList=265
D 09:59:00.1338440 PowerTaskList.DebugDump() - ID=266 ParentID=0 PreviousID=0 TaskCount=1
D 09:59:00.1338440 PowerTaskList.DebugPrintPower() - BLOCK_START BlockType=TRIGGER Entity=拯救网瘾对手#5318 EffectCardId=System.Collections.Generic.List`1[System.String] EffectIndex=-1 Target=0 SubOption=-1 TriggerKeyword=TAG_NOT_SET
D 09:59:00.1338440 PowerTaskList.DebugPrintPower() -     TAG_CHANGE Entity=GameEntity tag=NEXT_STEP value=MAIN_END 
D 09:59:00.1338440 PowerTaskList.DebugPrintPower() - BLOCK_END
D 09:59:00.1338440 PowerProcessor.PrepareHistoryForCurrentTaskList() - m_currentTaskList=266
D 09:59:00.1338440 PowerProcessor.EndCurrentTaskList() - m_currentTaskList=266
D 09:59:17.7030166 GameState.DebugPrintPowerList() - Count=19
D 09:59:17.7030166 GameState.DebugPrintPower() - TAG_CHANGE Entity=拯救网瘾对手#5318 tag=PLAYSTATE value=CONCEDED 
D 09:59:17.7030166 GameState.DebugPrintPower() - TAG_CHANGE Entity=拯救网瘾对手#5318 tag=3479 value=1 
D 09:59:17.7030166 GameState.DebugPrintPower() - TAG_CHANGE Entity=拯救网瘾对手#5318 tag=PLAYSTATE value=LOST 
D 09:59:17.7030166 GameState.DebugPrintPower() - TAG_CHANGE Entity=湫然#51704 tag=PLAYSTATE value=WON 
D 09:59:17.7030166 GameState.DebugPrintPower() - TAG_CHANGE Entity=[entityName=黑市拍卖师 id=51 zone=HAND zonePos=1 cardId=JAIL_718 player=2] tag=NUM_TURNS_IN_HAND value=11 
D 09:59:17.7030166 GameState.DebugPrintPower() - TAG_CHANGE Entity=[entityName=雷霆绽放 id=78 zone=HAND zonePos=2 cardId=SCH_427 player=2] tag=NUM_TURNS_IN_HAND value=11 
D 09:59:17.7030166 GameState.DebugPrintPower() - TAG_CHANGE Entity=[entityName=活体根须 id=56 zone=HAND zonePos=3 cardId=CORE_AT_037 player=2] tag=NUM_TURNS_IN_HAND value=11 
D 09:59:17.7030166 GameState.DebugPrintPower() - TAG_CHANGE Entity=[entityName=月光射线 id=60 zone=HAND zonePos=4 cardId=TID_001 player=2] tag=NUM_TURNS_IN_HAND value=11 
D 09:59:17.7030166 GameState.DebugPrintPower() - TAG_CHANGE Entity=[entityName=黑市拍卖师 id=75 zone=HAND zonePos=5 cardId=JAIL_718 player=2] tag=NUM_TURNS_IN_HAND value=9 
D 09:59:17.7030166 GameState.DebugPrintPower() - TAG_CHANGE Entity=[entityName=波涛形塑 id=87 zone=HAND zonePos=6 cardId=TIME_701 player=2] tag=NUM_TURNS_IN_HAND value=7 
D 09:59:17.7030166 GameState.DebugPrintPower() - TAG_CHANGE Entity=[entityName=月火术 id=86 zone=HAND zonePos=7 cardId=CS2_008 player=2] tag=NUM_TURNS_IN_HAND value=5 
D 09:59:17.7030166 GameState.DebugPrintPower() - TAG_CHANGE Entity=[entityName=月火术 id=61 zone=HAND zonePos=8 cardId=CS2_008 player=2] tag=NUM_TURNS_IN_HAND value=3 
D 09:59:17.7030166 GameState.DebugPrintPower() - TAG_CHANGE Entity=GameEntity tag=NEXT_STEP value=FINAL_WRAPUP 
D 09:59:17.7030166 GameState.DebugPrintPower() - TAG_CHANGE Entity=GameEntity tag=STEP value=FINAL_WRAPUP 
D 09:59:17.7030166 GameState.DebugPrintPower() - BLOCK_START BlockType=TRIGGER Entity=GameEntity EffectCardId=System.Collections.Generic.List`1[System.String] EffectIndex=-1 Target=0 SubOption=-1 TriggerKeyword=TAG_NOT_SET
D 09:59:17.7030166 GameState.DebugPrintPower() -     TAG_CHANGE Entity=GameEntity tag=NEXT_STEP value=FINAL_GAMEOVER 
D 09:59:17.7030166 GameState.DebugPrintPower() - BLOCK_END
D 09:59:17.7030166 GameState.DebugPrintPower() - TAG_CHANGE Entity=GameEntity tag=STEP value=FINAL_GAMEOVER 
D 09:59:17.7030166 GameState.DebugPrintPower() - TAG_CHANGE Entity=GameEntity tag=STATE value=COMPLETE 
D 09:59:17.7030166 PowerTaskList.DebugDump() - ID=267 ParentID=0 PreviousID=0 TaskCount=14
D 09:59:17.7030166 PowerTaskList.DebugDump() - Block Start=(null)
D 09:59:17.7030166 PowerTaskList.DebugPrintPower() -     TAG_CHANGE Entity=拯救网瘾对手#5318 tag=PLAYSTATE value=CONCEDED 
D 09:59:17.7030166 PowerTaskList.DebugPrintPower() -     TAG_CHANGE Entity=拯救网瘾对手#5318 tag=3479 value=1 
D 09:59:17.7030166 PowerTaskList.DebugPrintPower() -     TAG_CHANGE Entity=拯救网瘾对手#5318 tag=PLAYSTATE value=LOST 
D 09:59:17.7030166 PowerTaskList.DebugPrintPower() -     TAG_CHANGE Entity=湫然#51704 tag=PLAYSTATE value=WON 
D 09:59:17.7030166 PowerTaskList.DebugPrintPower() -     TAG_CHANGE Entity=[entityName=黑市拍卖师 id=51 zone=HAND zonePos=1 cardId=JAIL_718 player=2] tag=NUM_TURNS_IN_HAND value=11 
D 09:59:17.7030166 PowerTaskList.DebugPrintPower() -     TAG_CHANGE Entity=[entityName=雷霆绽放 id=78 zone=HAND zonePos=2 cardId=SCH_427 player=2] tag=NUM_TURNS_IN_HAND value=11 
D 09:59:17.7030166 PowerTaskList.DebugPrintPower() -     TAG_CHANGE Entity=[entityName=活体根须 id=56 zone=HAND zonePos=3 cardId=CORE_AT_037 player=2] tag=NUM_TURNS_IN_HAND value=11 
D 09:59:17.7030166 PowerTaskList.DebugPrintPower() -     TAG_CHANGE Entity=[entityName=月光射线 id=60 zone=HAND zonePos=4 cardId=TID_001 player=2] tag=NUM_TURNS_IN_HAND value=11 
D 09:59:17.7030166 PowerTaskList.DebugPrintPower() -     TAG_CHANGE Entity=[entityName=黑市拍卖师 id=75 zone=HAND zonePos=5 cardId=JAIL_718 player=2] tag=NUM_TURNS_IN_HAND value=9 
D 09:59:17.7030166 PowerTaskList.DebugPrintPower() -     TAG_CHANGE Entity=[entityName=波涛形塑 id=87 zone=HAND zonePos=6 cardId=TIME_701 player=2] tag=NUM_TURNS_IN_HAND value=7 
D 09:59:17.7030166 PowerTaskList.DebugPrintPower() -     TAG_CHANGE Entity=[entityName=月火术 id=86 zone=HAND zonePos=7 cardId=CS2_008 player=2] tag=NUM_TURNS_IN_HAND value=5 
D 09:59:17.7030166 PowerTaskList.DebugPrintPower() -     TAG_CHANGE Entity=[entityName=月火术 id=61 zone=HAND zonePos=8 cardId=CS2_008 player=2] tag=NUM_TURNS_IN_HAND value=3 
D 09:59:17.7030166 PowerTaskList.DebugPrintPower() -     TAG_CHANGE Entity=GameEntity tag=NEXT_STEP value=FINAL_WRAPUP 
D 09:59:17.7030166 PowerTaskList.DebugPrintPower() -     TAG_CHANGE Entity=GameEntity tag=STEP value=FINAL_WRAPUP 
D 09:59:17.7030166 PowerTaskList.DebugDump() - Block End=(null)
D 09:59:17.7030166 PowerProcessor.PrepareHistoryForCurrentTaskList() - m_currentTaskList=267
D 09:59:17.7030166 PowerProcessor.EndCurrentTaskList() - m_currentTaskList=267
D 09:59:17.7030166 PowerTaskList.DebugDump() - ID=268 ParentID=267 PreviousID=0 TaskCount=1
D 09:59:17.7030166 PowerTaskList.DebugPrintPower() - BLOCK_START BlockType=TRIGGER Entity=GameEntity EffectCardId=System.Collections.Generic.List`1[System.String] EffectIndex=-1 Target=0 SubOption=-1 TriggerKeyword=TAG_NOT_SET
D 09:59:17.7030166 PowerTaskList.DebugPrintPower() -     TAG_CHANGE Entity=GameEntity tag=NEXT_STEP value=FINAL_GAMEOVER 
D 09:59:17.7030166 PowerTaskList.DebugPrintPower() - BLOCK_END
D 09:59:17.7030166 PowerProcessor.PrepareHistoryForCurrentTaskList() - m_currentTaskList=268
D 09:59:17.7030166 PowerProcessor.EndCurrentTaskList() - m_currentTaskList=268
D 09:59:17.7030166 PowerTaskList.DebugDump() - ID=269 ParentID=0 PreviousID=0 TaskCount=2
D 09:59:17.7030166 PowerTaskList.DebugDump() - Block Start=(null)
D 09:59:17.7030166 PowerTaskList.DebugPrintPower() -     TAG_CHANGE Entity=GameEntity tag=STEP value=FINAL_GAMEOVER 
D 09:59:17.7030166 PowerTaskList.DebugPrintPower() -     TAG_CHANGE Entity=GameEntity tag=STATE value=COMPLETE 
D 09:59:17.7030166 PowerTaskList.DebugDump() - Block End=(null)
D 09:59:17.7030166 PowerProcessor.PrepareHistoryForCurrentTaskList() - m_currentTaskList=269
D 09:59:17.7030166 PowerProcessor.EndCurrentTaskList() - m_currentTaskList=269
D 09:59:40.5443919 GameState.DebugPrintPowerList() - Count=144
