D 22:43:45.8414001 GameState.DebugPrintPower() - CREATE_GAME
D 22:43:45.8414001 GameState.DebugPrintPower() -     GameEntity EntityID=1
D 22:43:45.8414001 GameState.DebugPrintPower() -         tag=CARDTYPE value=GAME
D 22:43:45.8414001 GameState.DebugPrintPower() -         tag=ZONE value=PLAY
D 22:43:45.8414001 GameState.DebugPrintPower() -         tag=ENTITY_ID value=1
D 22:43:45.8414001 GameState.DebugPrintPower() -         tag=937 value=2
D 22:43:45.8414001 GameState.DebugPrintPower() -         tag=SPAWN_TIME_COUNT value=1
D 22:43:45.8414001 GameState.DebugPrintPower() -         tag=GAME_SEED value=1888463405
D 22:43:45.8414001 GameState.DebugPrintPower() -     Player EntityID=2 PlayerID=1 GameAccountId=[hi=144115211015832391 lo=83449896]
D 22:43:45.8414001 GameState.DebugPrintPower() -         tag=CONTROLLER value=1
D 22:43:45.8414001 GameState.DebugPrintPower() -         tag=CARDTYPE value=PLAYER
D 22:43:45.8414001 GameState.DebugPrintPower() -         tag=PLAYER_ID value=1
D 22:43:45.8414001 GameState.DebugPrintPower() -         tag=HERO_ENTITY value=74
D 22:43:45.8414001 GameState.DebugPrintPower() -         tag=MAXHANDSIZE value=10
D 22:43:45.8414001 GameState.DebugPrintPower() -         tag=STARTHANDSIZE value=4
D 22:43:45.8414001 GameState.DebugPrintPower() -         tag=TEAM_ID value=1
D 22:43:45.8414001 GameState.DebugPrintPower() -         tag=ZONE value=PLAY
D 22:43:45.8414001 GameState.DebugPrintPower() -         tag=ENTITY_ID value=2
D 22:43:45.8414001 GameState.DebugPrintPower() -         tag=MAXRESOURCES value=10
D 22:43:45.8414001 GameState.DebugPrintPower() -         tag=SPAWN_TIME_COUNT value=1
D 22:43:45.8414001 GameState.DebugPrintPower() -         tag=MAX_EXCAVATE_TIER value=2
D 22:43:45.8414001 GameState.DebugPrintPower() -     Player EntityID=3 PlayerID=2 GameAccountId=[hi=144115211015832391 lo=141078302]
D 22:43:45.8414001 GameState.DebugPrintPower() -         tag=CONTROLLER value=2
D 22:43:45.8414001 GameState.DebugPrintPower() -         tag=CARDTYPE value=PLAYER
D 22:43:45.8414001 GameState.DebugPrintPower() -         tag=PLAYER_ID value=2
D 22:43:45.8414001 GameState.DebugPrintPower() -         tag=HERO_ENTITY value=76
D 22:43:45.8414001 GameState.DebugPrintPower() -         tag=MAXHANDSIZE value=10
D 22:43:45.8414001 GameState.DebugPrintPower() -         tag=STARTHANDSIZE value=4
D 22:43:45.8414001 GameState.DebugPrintPower() -         tag=TEAM_ID value=2
D 22:43:45.8414001 GameState.DebugPrintPower() -         tag=ZONE value=PLAY
D 22:43:45.8414001 GameState.DebugPrintPower() -         tag=ENTITY_ID value=3
D 22:43:45.8414001 GameState.DebugPrintPower() -         tag=MAXRESOURCES value=10
D 22:43:45.8414001 GameState.DebugPrintPower() -         tag=SPAWN_TIME_COUNT value=1
D 22:43:45.8414001 GameState.DebugPrintPower() -         tag=MAX_EXCAVATE_TIER value=3
D 22:43:45.8414001 GameState.DebugPrintPower() - FULL_ENTITY - Creating ID=4 CardID=
D 22:43:45.8414001 GameState.DebugPrintPower() -     tag=ZONE value=DECK
D 22:43:45.8414001 GameState.DebugPrintPower() -     tag=CONTROLLER value=1
D 22:43:45.8414001 GameState.DebugPrintPower() -     tag=ENTITY_ID value=4
D 22:43:45.8414001 GameState.DebugPrintPower() - FULL_ENTITY - Creating ID=5 CardID=
D 22:43:45.8414001 GameState.DebugPrintPower() -     tag=ZONE value=DECK
D 22:43:45.8414001 GameState.DebugPrintPower() -     tag=CONTROLLER value=1
D 22:43:45.8414001 GameState.DebugPrintPower() -     tag=ENTITY_ID value=5
D 22:43:45.8414001 GameState.DebugPrintPower() - FULL_ENTITY - Creating ID=6 CardID=
D 22:43:45.8414001 GameState.DebugPrintPower() -     tag=ZONE value=DECK
D 22:43:45.8414001 GameState.DebugPrintPower() -     tag=CONTROLLER value=1
D 22:43:45.8414001 GameState.DebugPrintPower() -     tag=ENTITY_ID value=6
D 22:43:45.8414001 GameState.DebugPrintPower() - FULL_ENTITY - Creating ID=7 CardID=
D 22:43:45.8414001 GameState.DebugPrintPower() -     tag=ZONE value=DECK
D 22:43:45.8414001 GameState.DebugPrintPower() -     tag=CONTROLLER value=1
D 22:43:45.8414001 GameState.DebugPrintPower() -     tag=ENTITY_ID value=7
D 22:43:45.8414001 GameState.DebugPrintPower() - FULL_ENTITY - Creating ID=8 CardID=
D 22:43:45.8414001 GameState.DebugPrintPower() -     tag=ZONE value=SETASIDE
D 22:43:45.8414001 GameState.DebugPrintPower() -     tag=CONTROLLER value=1
D 22:43:45.8414001 GameState.DebugPrintPower() -     tag=ENTITY_ID value=8
D 22:43:45.8414001 GameState.DebugPrintPower() - FULL_ENTITY - Creating ID=9 CardID=
D 22:43:45.8414001 GameState.DebugPrintPower() -     tag=ZONE value=SETASIDE
D 22:43:45.8414001 GameState.DebugPrintPower() -     tag=CONTROLLER value=1
D 22:43:45.8414001 GameState.DebugPrintPower() -     tag=ENTITY_ID value=9
D 22:43:45.8414001 GameState.DebugPrintPower() - FULL_ENTITY - Creating ID=10 CardID=
D 22:43:45.8414001 GameState.DebugPrintPower() -     tag=ZONE value=DECK
D 22:43:45.8414001 GameState.DebugPrintPower() -     tag=CONTROLLER value=1
D 22:43:45.8414001 GameState.DebugPrintPower() -     tag=ENTITY_ID value=10
D 22:43:45.8414001 GameState.DebugPrintPower() - FULL_ENTITY - Creating ID=11 CardID=
D 22:43:45.8414001 GameState.DebugPrintPower() -     tag=ZONE value=DECK
D 22:43:45.8414001 GameState.DebugPrintPower() -     tag=CONTROLLER value=1
D 22:43:45.8414001 GameState.DebugPrintPower() -     tag=ENTITY_ID value=11
D 22:43:45.8414001 GameState.DebugPrintPower() - FULL_ENTITY - Creating ID=12 CardID=
D 22:43:45.8414001 GameState.DebugPrintPower() -     tag=ZONE value=DECK
D 22:43:45.8414001 GameState.DebugPrintPower() -     tag=CONTROLLER value=1
D 22:43:45.8414001 GameState.DebugPrintPower() -     tag=ENTITY_ID value=12
D 22:43:45.8414001 GameState.DebugPrintPower() - FULL_ENTITY - Creating ID=13 CardID=
D 22:43:45.8414001 GameState.DebugPrintPower() -     tag=ZONE value=DECK
D 22:43:45.8414001 GameState.DebugPrintPower() -     tag=CONTROLLER value=1
D 22:43:45.8414001 GameState.DebugPrintPower() -     tag=ENTITY_ID value=13
D 22:43:45.8414001 GameState.DebugPrintPower() - FULL_ENTITY - Creating ID=14 CardID=
D 22:43:45.8414001 GameState.DebugPrintPower() -     tag=ZONE value=DECK
D 22:43:45.8414001 GameState.DebugPrintPower() -     tag=CONTROLLER value=1
D 22:43:45.8414001 GameState.DebugPrintPower() -     tag=ENTITY_ID value=14
D 22:43:45.8414001 GameState.DebugPrintPower() - FULL_ENTITY - Creating ID=15 CardID=
D 22:43:45.8414001 GameState.DebugPrintPower() -     tag=ZONE value=SETASIDE
D 22:43:45.8414001 GameState.DebugPrintPower() -     tag=CONTROLLER value=1
D 22:43:45.8414001 GameState.DebugPrintPower() -     tag=ENTITY_ID value=15
D 22:43:45.8414001 GameState.DebugPrintPower() - FULL_ENTITY - Creating ID=16 CardID=
D 22:43:45.8414001 GameState.DebugPrintPower() -     tag=ZONE value=SETASIDE
D 22:43:45.8414001 GameState.DebugPrintPower() -     tag=CONTROLLER value=1
D 22:43:45.8414001 GameState.DebugPrintPower() -     tag=ENTITY_ID value=16
D 22:43:45.8414001 GameState.DebugPrintPower() - FULL_ENTITY - Creating ID=17 CardID=
D 22:43:45.8414001 GameState.DebugPrintPower() -     tag=ZONE value=DECK
D 22:43:45.8414001 GameState.DebugPrintPower() -     tag=CONTROLLER value=1
D 22:43:45.8414001 GameState.DebugPrintPower() -     tag=ENTITY_ID value=17
D 22:43:45.8414001 GameState.DebugPrintPower() - FULL_ENTITY - Creating ID=18 CardID=
D 22:43:45.8414001 GameState.DebugPrintPower() -     tag=ZONE value=DECK
D 22:43:45.8414001 GameState.DebugPrintPower() -     tag=CONTROLLER value=1
D 22:43:45.8414001 GameState.DebugPrintPower() -     tag=ENTITY_ID value=18
D 22:43:45.8414001 GameState.DebugPrintPower() - FULL_ENTITY - Creating ID=19 CardID=
D 22:43:45.8414001 GameState.DebugPrintPower() -     tag=ZONE value=DECK
D 22:43:45.8414001 GameState.DebugPrintPower() -     tag=CONTROLLER value=1
D 22:43:45.8414001 GameState.DebugPrintPower() -     tag=ENTITY_ID value=19
D 22:43:45.8414001 GameState.DebugPrintPower() - FULL_ENTITY - Creating ID=20 CardID=
D 22:43:45.8414001 GameState.DebugPrintPower() -     tag=ZONE value=DECK
D 22:43:45.8414001 GameState.DebugPrintPower() -     tag=CONTROLLER value=1
D 22:43:45.8414001 GameState.DebugPrintPower() -     tag=ENTITY_ID value=20
D 22:43:45.8414001 GameState.DebugPrintPower() - FULL_ENTITY - Creating ID=21 CardID=
D 22:43:45.8414001 GameState.DebugPrintPower() -     tag=ZONE value=SETASIDE
D 22:43:45.8414001 GameState.DebugPrintPower() -     tag=CONTROLLER value=1
D 22:43:45.8414001 GameState.DebugPrintPower() -     tag=ENTITY_ID value=21
D 22:43:45.8414001 GameState.DebugPrintPower() - FULL_ENTITY - Creating ID=22 CardID=
D 22:43:45.8414001 GameState.DebugPrintPower() -     tag=ZONE value=SETASIDE
D 22:43:45.8414001 GameState.DebugPrintPower() -     tag=CONTROLLER value=1
D 22:43:45.8414001 GameState.DebugPrintPower() -     tag=ENTITY_ID value=22
D 22:43:45.8414001 GameState.DebugPrintPower() - FULL_ENTITY - Creating ID=23 CardID=
D 22:43:45.8414001 GameState.DebugPrintPower() -     tag=ZONE value=DECK
D 22:43:45.8414001 GameState.DebugPrintPower() -     tag=CONTROLLER value=1
D 22:43:45.8414001 GameState.DebugPrintPower() -     tag=ENTITY_ID value=23
D 22:43:45.8414001 GameState.DebugPrintPower() - FULL_ENTITY - Creating ID=24 CardID=
D 22:43:45.8414001 GameState.DebugPrintPower() -     tag=ZONE value=DECK
D 22:43:45.8414001 GameState.DebugPrintPower() -     tag=CONTROLLER value=1
D 22:43:45.8414001 GameState.DebugPrintPower() -     tag=ENTITY_ID value=24
D 22:43:45.8414001 GameState.DebugPrintPower() - FULL_ENTITY - Creating ID=25 CardID=
D 22:43:45.8414001 GameState.DebugPrintPower() -     tag=ZONE value=DECK
D 22:43:45.8414001 GameState.DebugPrintPower() -     tag=CONTROLLER value=1
D 22:43:45.8414001 GameState.DebugPrintPower() -     tag=ENTITY_ID value=25
D 22:43:45.8414001 GameState.DebugPrintPower() - FULL_ENTITY - Creating ID=26 CardID=
D 22:43:45.8414001 GameState.DebugPrintPower() -     tag=ZONE value=DECK
D 22:43:45.8414001 GameState.DebugPrintPower() -     tag=CONTROLLER value=1
D 22:43:45.8414001 GameState.DebugPrintPower() -     tag=ENTITY_ID value=26
D 22:43:45.8414001 GameState.DebugPrintPower() - FULL_ENTITY - Creating ID=27 CardID=
D 22:43:45.8414001 GameState.DebugPrintPower() -     tag=ZONE value=SETASIDE
D 22:43:45.8414001 GameState.DebugPrintPower() -     tag=CONTROLLER value=1
D 22:43:45.8414001 GameState.DebugPrintPower() -     tag=ENTITY_ID value=27
D 22:43:45.8414001 GameState.DebugPrintPower() - FULL_ENTITY - Creating ID=28 CardID=
D 22:43:45.8414001 GameState.DebugPrintPower() -     tag=ZONE value=SETASIDE
D 22:43:45.8414001 GameState.DebugPrintPower() -     tag=CONTROLLER value=1
D 22:43:45.8414001 GameState.DebugPrintPower() -     tag=ENTITY_ID value=28
D 22:43:45.8414001 GameState.DebugPrintPower() - FULL_ENTITY - Creating ID=29 CardID=
D 22:43:45.8414001 GameState.DebugPrintPower() -     tag=ZONE value=DECK
D 22:43:45.8414001 GameState.DebugPrintPower() -     tag=CONTROLLER value=1
D 22:43:45.8414001 GameState.DebugPrintPower() -     tag=ENTITY_ID value=29
D 22:43:45.8414001 GameState.DebugPrintPower() - FULL_ENTITY - Creating ID=30 CardID=
D 22:43:45.8414001 GameState.DebugPrintPower() -     tag=ZONE value=DECK
D 22:43:45.8414001 GameState.DebugPrintPower() -     tag=CONTROLLER value=1
D 22:43:45.8414001 GameState.DebugPrintPower() -     tag=ENTITY_ID value=30
D 22:43:45.8414001 GameState.DebugPrintPower() - FULL_ENTITY - Creating ID=31 CardID=
D 22:43:45.8414001 GameState.DebugPrintPower() -     tag=ZONE value=DECK
D 22:43:45.8414001 GameState.DebugPrintPower() -     tag=CONTROLLER value=1
D 22:43:45.8414001 GameState.DebugPrintPower() -     tag=ENTITY_ID value=31
D 22:43:45.8414001 GameState.DebugPrintPower() - FULL_ENTITY - Creating ID=32 CardID=
D 22:43:45.8414001 GameState.DebugPrintPower() -     tag=ZONE value=DECK
D 22:43:45.8414001 GameState.DebugPrintPower() -     tag=CONTROLLER value=1
D 22:43:45.8414001 GameState.DebugPrintPower() -     tag=ENTITY_ID value=32
D 22:43:45.8414001 GameState.DebugPrintPower() - FULL_ENTITY - Creating ID=33 CardID=
D 22:43:45.8414001 GameState.DebugPrintPower() -     tag=ZONE value=DECK
D 22:43:45.8414001 GameState.DebugPrintPower() -     tag=CONTROLLER value=1
D 22:43:45.8414001 GameState.DebugPrintPower() -     tag=ENTITY_ID value=33
D 22:43:45.8414001 GameState.DebugPrintPower() - FULL_ENTITY - Creating ID=34 CardID=
D 22:43:45.8414001 GameState.DebugPrintPower() -     tag=ZONE value=DECK
D 22:43:45.8414001 GameState.DebugPrintPower() -     tag=CONTROLLER value=1
D 22:43:45.8414001 GameState.DebugPrintPower() -     tag=ENTITY_ID value=34
D 22:43:45.8414001 GameState.DebugPrintPower() - FULL_ENTITY - Creating ID=35 CardID=
D 22:43:45.8414001 GameState.DebugPrintPower() -     tag=ZONE value=DECK
D 22:43:45.8414001 GameState.DebugPrintPower() -     tag=CONTROLLER value=1
D 22:43:45.8414001 GameState.DebugPrintPower() -     tag=ENTITY_ID value=35
D 22:43:45.8414001 GameState.DebugPrintPower() - FULL_ENTITY - Creating ID=36 CardID=
D 22:43:45.8414001 GameState.DebugPrintPower() -     tag=ZONE value=DECK
D 22:43:45.8414001 GameState.DebugPrintPower() -     tag=CONTROLLER value=1
D 22:43:45.8414001 GameState.DebugPrintPower() -     tag=ENTITY_ID value=36
D 22:43:45.8414001 GameState.DebugPrintPower() - FULL_ENTITY - Creating ID=37 CardID=
D 22:43:45.8414001 GameState.DebugPrintPower() -     tag=ZONE value=DECK
D 22:43:45.8414001 GameState.DebugPrintPower() -     tag=CONTROLLER value=1
D 22:43:45.8414001 GameState.DebugPrintPower() -     tag=ENTITY_ID value=37
D 22:43:45.8414001 GameState.DebugPrintPower() - FULL_ENTITY - Creating ID=38 CardID=
D 22:43:45.8414001 GameState.DebugPrintPower() -     tag=ZONE value=DECK
D 22:43:45.8414001 GameState.DebugPrintPower() -     tag=CONTROLLER value=1
D 22:43:45.8414001 GameState.DebugPrintPower() -     tag=ENTITY_ID value=38
D 22:43:45.8414001 GameState.DebugPrintPower() - FULL_ENTITY - Creating ID=39 CardID=
D 22:43:45.8414001 GameState.DebugPrintPower() -     tag=ZONE value=DECK
D 22:43:45.8414001 GameState.DebugPrintPower() -     tag=CONTROLLER value=1
D 22:43:45.8414001 GameState.DebugPrintPower() -     tag=ENTITY_ID value=39
D 22:43:45.8414001 GameState.DebugPrintPower() - FULL_ENTITY - Creating ID=40 CardID=
D 22:43:45.8414001 GameState.DebugPrintPower() -     tag=ZONE value=SETASIDE
D 22:43:45.8414001 GameState.DebugPrintPower() -     tag=CONTROLLER value=1
D 22:43:45.8414001 GameState.DebugPrintPower() -     tag=ENTITY_ID value=40
D 22:43:45.8414001 GameState.DebugPrintPower() - FULL_ENTITY - Creating ID=41 CardID=
D 22:43:45.8414001 GameState.DebugPrintPower() -     tag=ZONE value=SETASIDE
D 22:43:45.8414001 GameState.DebugPrintPower() -     tag=CONTROLLER value=1
D 22:43:45.8414001 GameState.DebugPrintPower() -     tag=ENTITY_ID value=41
D 22:43:45.8414001 GameState.DebugPrintPower() - FULL_ENTITY - Creating ID=42 CardID=
D 22:43:45.8414001 GameState.DebugPrintPower() -     tag=ZONE value=DECK
D 22:43:45.8414001 GameState.DebugPrintPower() -     tag=CONTROLLER value=1
D 22:43:45.8414001 GameState.DebugPrintPower() -     tag=ENTITY_ID value=42
D 22:43:45.8414001 GameState.DebugPrintPower() - FULL_ENTITY - Creating ID=43 CardID=
D 22:43:45.8414001 GameState.DebugPrintPower() -     tag=ZONE value=DECK
D 22:43:45.8414001 GameState.DebugPrintPower() -     tag=CONTROLLER value=1
D 22:43:45.8414001 GameState.DebugPrintPower() -     tag=ENTITY_ID value=43
D 22:43:45.8414001 GameState.DebugPrintPower() - FULL_ENTITY - Creating ID=44 CardID=
D 22:43:45.8414001 GameState.DebugPrintPower() -     tag=ZONE value=DECK
D 22:43:45.8414001 GameState.DebugPrintPower() -     tag=CONTROLLER value=2
D 22:43:45.8414001 GameState.DebugPrintPower() -     tag=ENTITY_ID value=44
D 22:43:45.8414001 GameState.DebugPrintPower() - FULL_ENTITY - Creating ID=45 CardID=
D 22:43:45.8414001 GameState.DebugPrintPower() -     tag=ZONE value=DECK
D 22:43:45.8414001 GameState.DebugPrintPower() -     tag=CONTROLLER value=2
D 22:43:45.8414001 GameState.DebugPrintPower() -     tag=ENTITY_ID value=45
D 22:43:45.8414001 GameState.DebugPrintPower() - FULL_ENTITY - Creating ID=46 CardID=
D 22:43:45.8414001 GameState.DebugPrintPower() -     tag=ZONE value=DECK
D 22:43:45.8414001 GameState.DebugPrintPower() -     tag=CONTROLLER value=2
D 22:43:45.8414001 GameState.DebugPrintPower() -     tag=ENTITY_ID value=46
D 22:43:45.8414001 GameState.DebugPrintPower() - FULL_ENTITY - Creating ID=47 CardID=
D 22:43:45.8414001 GameState.DebugPrintPower() -     tag=ZONE value=DECK
D 22:43:45.8414001 GameState.DebugPrintPower() -     tag=CONTROLLER value=2
D 22:43:45.8414001 GameState.DebugPrintPower() -     tag=ENTITY_ID value=47
D 22:43:45.8414001 GameState.DebugPrintPower() - FULL_ENTITY - Creating ID=48 CardID=
D 22:43:45.8414001 GameState.DebugPrintPower() -     tag=ZONE value=DECK
D 22:43:45.8414001 GameState.DebugPrintPower() -     tag=CONTROLLER value=2
D 22:43:45.8414001 GameState.DebugPrintPower() -     tag=ENTITY_ID value=48
D 22:43:45.8414001 GameState.DebugPrintPower() - FULL_ENTITY - Creating ID=49 CardID=
D 22:43:45.8414001 GameState.DebugPrintPower() -     tag=ZONE value=DECK
D 22:43:45.8414001 GameState.DebugPrintPower() -     tag=CONTROLLER value=2
D 22:43:45.8414001 GameState.DebugPrintPower() -     tag=ENTITY_ID value=49
D 22:43:45.8414001 GameState.DebugPrintPower() - FULL_ENTITY - Creating ID=50 CardID=
D 22:43:45.8414001 GameState.DebugPrintPower() -     tag=ZONE value=DECK
D 22:43:45.8414001 GameState.DebugPrintPower() -     tag=CONTROLLER value=2
D 22:43:45.8414001 GameState.DebugPrintPower() -     tag=ENTITY_ID value=50
D 22:43:45.8414001 GameState.DebugPrintPower() - FULL_ENTITY - Creating ID=51 CardID=
D 22:43:45.8414001 GameState.DebugPrintPower() -     tag=ZONE value=DECK
D 22:43:45.8414001 GameState.DebugPrintPower() -     tag=CONTROLLER value=2
D 22:43:45.8414001 GameState.DebugPrintPower() -     tag=ENTITY_ID value=51
D 22:43:45.8414001 GameState.DebugPrintPower() - FULL_ENTITY - Creating ID=52 CardID=
D 22:43:45.8414001 GameState.DebugPrintPower() -     tag=ZONE value=DECK
D 22:43:45.8414001 GameState.DebugPrintPower() -     tag=CONTROLLER value=2
D 22:43:45.8414001 GameState.DebugPrintPower() -     tag=ENTITY_ID value=52
D 22:43:45.8414001 GameState.DebugPrintPower() - FULL_ENTITY - Creating ID=53 CardID=
D 22:43:45.8414001 GameState.DebugPrintPower() -     tag=ZONE value=DECK
D 22:43:45.8414001 GameState.DebugPrintPower() -     tag=CONTROLLER value=2
D 22:43:45.8414001 GameState.DebugPrintPower() -     tag=ENTITY_ID value=53
D 22:43:45.8414001 GameState.DebugPrintPower() - FULL_ENTITY - Creating ID=54 CardID=
D 22:43:45.8414001 GameState.DebugPrintPower() -     tag=ZONE value=DECK
D 22:43:45.8414001 GameState.DebugPrintPower() -     tag=CONTROLLER value=2
D 22:43:45.8414001 GameState.DebugPrintPower() -     tag=ENTITY_ID value=54
D 22:43:45.8414001 GameState.DebugPrintPower() - FULL_ENTITY - Creating ID=55 CardID=
D 22:43:45.8414001 GameState.DebugPrintPower() -     tag=ZONE value=DECK
D 22:43:45.8414001 GameState.DebugPrintPower() -     tag=CONTROLLER value=2
D 22:43:45.8414001 GameState.DebugPrintPower() -     tag=ENTITY_ID value=55
D 22:43:45.8414001 GameState.DebugPrintPower() - FULL_ENTITY - Creating ID=56 CardID=
D 22:43:45.8414001 GameState.DebugPrintPower() -     tag=ZONE value=DECK
D 22:43:45.8414001 GameState.DebugPrintPower() -     tag=CONTROLLER value=2
D 22:43:45.8414001 GameState.DebugPrintPower() -     tag=ENTITY_ID value=56
D 22:43:45.8414001 GameState.DebugPrintPower() - FULL_ENTITY - Creating ID=57 CardID=
D 22:43:45.8414001 GameState.DebugPrintPower() -     tag=ZONE value=DECK
D 22:43:45.8414001 GameState.DebugPrintPower() -     tag=CONTROLLER value=2
D 22:43:45.8414001 GameState.DebugPrintPower() -     tag=ENTITY_ID value=57
D 22:43:45.8414001 GameState.DebugPrintPower() - FULL_ENTITY - Creating ID=58 CardID=
D 22:43:45.8414001 GameState.DebugPrintPower() -     tag=ZONE value=DECK
D 22:43:45.8414001 GameState.DebugPrintPower() -     tag=CONTROLLER value=2
D 22:43:45.8414001 GameState.DebugPrintPower() -     tag=ENTITY_ID value=58
D 22:43:45.8414001 GameState.DebugPrintPower() - FULL_ENTITY - Creating ID=59 CardID=
D 22:43:45.8414001 GameState.DebugPrintPower() -     tag=ZONE value=DECK
D 22:43:45.8414001 GameState.DebugPrintPower() -     tag=CONTROLLER value=2
D 22:43:45.8414001 GameState.DebugPrintPower() -     tag=ENTITY_ID value=59
D 22:43:45.8414001 GameState.DebugPrintPower() - FULL_ENTITY - Creating ID=60 CardID=
D 22:43:45.8414001 GameState.DebugPrintPower() -     tag=ZONE value=DECK
D 22:43:45.8414001 GameState.DebugPrintPower() -     tag=CONTROLLER value=2
D 22:43:45.8414001 GameState.DebugPrintPower() -     tag=ENTITY_ID value=60
D 22:43:45.8414001 GameState.DebugPrintPower() - FULL_ENTITY - Creating ID=61 CardID=
D 22:43:45.8414001 GameState.DebugPrintPower() -     tag=ZONE value=DECK
D 22:43:45.8414001 GameState.DebugPrintPower() -     tag=CONTROLLER value=2
D 22:43:45.8414001 GameState.DebugPrintPower() -     tag=ENTITY_ID value=61
D 22:43:45.8414001 GameState.DebugPrintPower() - FULL_ENTITY - Creating ID=62 CardID=
D 22:43:45.8414001 GameState.DebugPrintPower() -     tag=ZONE value=DECK
D 22:43:45.8414001 GameState.DebugPrintPower() -     tag=CONTROLLER value=2
D 22:43:45.8414001 GameState.DebugPrintPower() -     tag=ENTITY_ID value=62
D 22:43:45.8414001 GameState.DebugPrintPower() - FULL_ENTITY - Creating ID=63 CardID=
D 22:43:45.8414001 GameState.DebugPrintPower() -     tag=ZONE value=DECK
D 22:43:45.8414001 GameState.DebugPrintPower() -     tag=CONTROLLER value=2
D 22:43:45.8414001 GameState.DebugPrintPower() -     tag=ENTITY_ID value=63
D 22:43:45.8414001 GameState.DebugPrintPower() - FULL_ENTITY - Creating ID=64 CardID=
D 22:43:45.8414001 GameState.DebugPrintPower() -     tag=ZONE value=DECK
D 22:43:45.8414001 GameState.DebugPrintPower() -     tag=CONTROLLER value=2
D 22:43:45.8414001 GameState.DebugPrintPower() -     tag=ENTITY_ID value=64
D 22:43:45.8414001 GameState.DebugPrintPower() - FULL_ENTITY - Creating ID=65 CardID=
D 22:43:45.8414001 GameState.DebugPrintPower() -     tag=ZONE value=DECK
D 22:43:45.8414001 GameState.DebugPrintPower() -     tag=CONTROLLER value=2
D 22:43:45.8414001 GameState.DebugPrintPower() -     tag=ENTITY_ID value=65
D 22:43:45.8414001 GameState.DebugPrintPower() - FULL_ENTITY - Creating ID=66 CardID=
D 22:43:45.8414001 GameState.DebugPrintPower() -     tag=ZONE value=DECK
D 22:43:45.8414001 GameState.DebugPrintPower() -     tag=CONTROLLER value=2
D 22:43:45.8414001 GameState.DebugPrintPower() -     tag=ENTITY_ID value=66
D 22:43:45.8414001 GameState.DebugPrintPower() - FULL_ENTITY - Creating ID=67 CardID=
D 22:43:45.8414001 GameState.DebugPrintPower() -     tag=ZONE value=DECK
D 22:43:45.8414001 GameState.DebugPrintPower() -     tag=CONTROLLER value=2
D 22:43:45.8414001 GameState.DebugPrintPower() -     tag=ENTITY_ID value=67
D 22:43:45.8414001 GameState.DebugPrintPower() - FULL_ENTITY - Creating ID=68 CardID=
D 22:43:45.8414001 GameState.DebugPrintPower() -     tag=ZONE value=DECK
D 22:43:45.8414001 GameState.DebugPrintPower() -     tag=CONTROLLER value=2
D 22:43:45.8414001 GameState.DebugPrintPower() -     tag=ENTITY_ID value=68
D 22:43:45.8414001 GameState.DebugPrintPower() - FULL_ENTITY - Creating ID=69 CardID=
D 22:43:45.8414001 GameState.DebugPrintPower() -     tag=ZONE value=DECK
D 22:43:45.8414001 GameState.DebugPrintPower() -     tag=CONTROLLER value=2
D 22:43:45.8414001 GameState.DebugPrintPower() -     tag=ENTITY_ID value=69
D 22:43:45.8414001 GameState.DebugPrintPower() - FULL_ENTITY - Creating ID=70 CardID=
D 22:43:45.8414001 GameState.DebugPrintPower() -     tag=ZONE value=DECK
D 22:43:45.8414001 GameState.DebugPrintPower() -     tag=CONTROLLER value=2
D 22:43:45.8414001 GameState.DebugPrintPower() -     tag=ENTITY_ID value=70
D 22:43:45.8414001 GameState.DebugPrintPower() - FULL_ENTITY - Creating ID=71 CardID=
D 22:43:45.8414001 GameState.DebugPrintPower() -     tag=ZONE value=DECK
D 22:43:45.8414001 GameState.DebugPrintPower() -     tag=CONTROLLER value=2
D 22:43:45.8414001 GameState.DebugPrintPower() -     tag=ENTITY_ID value=71
D 22:43:45.8414001 GameState.DebugPrintPower() - FULL_ENTITY - Creating ID=72 CardID=
D 22:43:45.8414001 GameState.DebugPrintPower() -     tag=ZONE value=DECK
D 22:43:45.8414001 GameState.DebugPrintPower() -     tag=CONTROLLER value=2
D 22:43:45.8414001 GameState.DebugPrintPower() -     tag=ENTITY_ID value=72
D 22:43:45.8414001 GameState.DebugPrintPower() - FULL_ENTITY - Creating ID=73 CardID=
D 22:43:45.8414001 GameState.DebugPrintPower() -     tag=ZONE value=DECK
D 22:43:45.8414001 GameState.DebugPrintPower() -     tag=CONTROLLER value=2
D 22:43:45.8414001 GameState.DebugPrintPower() -     tag=ENTITY_ID value=73
D 22:43:45.8414001 GameState.DebugPrintPower() - FULL_ENTITY - Creating ID=74 CardID=HERO_06bi
D 22:43:45.8414001 GameState.DebugPrintPower() -     tag=CONTROLLER value=1
D 22:43:45.8414001 GameState.DebugPrintPower() -     tag=CARDTYPE value=HERO
D 22:43:45.8414001 GameState.DebugPrintPower() -     tag=HEALTH value=30
D 22:43:45.8414001 GameState.DebugPrintPower() -     tag=PREMIUM value=1
D 22:43:45.8414001 GameState.DebugPrintPower() -     tag=ZONE value=PLAY
D 22:43:45.8414001 GameState.DebugPrintPower() -     tag=ENTITY_ID value=74
D 22:43:45.8414001 GameState.DebugPrintPower() -     tag=CLASS value=DRUID
D 22:43:45.8414001 GameState.DebugPrintPower() -     tag=FACTION value=NEUTRAL
D 22:43:45.8414001 GameState.DebugPrintPower() -     tag=RARITY value=FREE
D 22:43:45.8414001 GameState.DebugPrintPower() -     tag=HERO_POWER value=66926
D 22:43:45.8414001 GameState.DebugPrintPower() -     tag=HIDE_WATERMARK value=1
D 22:43:45.8414001 GameState.DebugPrintPower() -     tag=SPAWN_TIME_COUNT value=1
D 22:43:45.8414001 GameState.DebugPrintPower() -     tag=EMOTECHARACTER value=20
D 22:43:45.8414001 GameState.DebugPrintPower() -     tag=HAS_ACTIVATE_POWER value=1
D 22:43:45.8414001 GameState.DebugPrintPower() -     tag=EMOTECLASS value=6
D 22:43:45.8414001 GameState.DebugPrintPower() -     tag=3085 value=30
D 22:43:45.8414001 GameState.DebugPrintPower() - FULL_ENTITY - Creating ID=75 CardID=HERO_06ebp
D 22:43:45.8414001 GameState.DebugPrintPower() -     tag=CONTROLLER value=1
D 22:43:45.8414001 GameState.DebugPrintPower() -     tag=CARDTYPE value=HERO_POWER
D 22:43:45.8414001 GameState.DebugPrintPower() -     tag=TAG_LAST_KNOWN_COST_IN_HAND value=2
D 22:43:45.8414001 GameState.DebugPrintPower() -     tag=COST value=2
D 22:43:45.8414001 GameState.DebugPrintPower() -     tag=PREMIUM value=1
D 22:43:45.8414001 GameState.DebugPrintPower() -     tag=ZONE value=PLAY
D 22:43:45.8414001 GameState.DebugPrintPower() -     tag=ENTITY_ID value=75
D 22:43:45.8414001 GameState.DebugPrintPower() -     tag=CLASS value=DRUID
D 22:43:45.8414001 GameState.DebugPrintPower() -     tag=FACTION value=NEUTRAL
D 22:43:45.8414001 GameState.DebugPrintPower() -     tag=RARITY value=FREE
D 22:43:45.8414001 GameState.DebugPrintPower() -     tag=CREATOR value=74
D 22:43:45.8414001 GameState.DebugPrintPower() -     tag=1037 value=1
D 22:43:45.8414001 GameState.DebugPrintPower() -     tag=1086 value=66928
D 22:43:45.8414001 GameState.DebugPrintPower() -     tag=CREATOR_DBID value=123761
D 22:43:45.8414001 GameState.DebugPrintPower() -     tag=SPAWN_TIME_COUNT value=1
D 22:43:45.8414001 GameState.DebugPrintPower() -     tag=HAS_ACTIVATE_POWER value=1
D 22:43:45.8414001 GameState.DebugPrintPower() - FULL_ENTITY - Creating ID=76 CardID=HERO_01al_Garrosh
D 22:43:45.8414001 GameState.DebugPrintPower() -     tag=CONTROLLER value=2
D 22:43:45.8414001 GameState.DebugPrintPower() -     tag=CARDTYPE value=HERO
D 22:43:45.8414001 GameState.DebugPrintPower() -     tag=HEALTH value=30
D 22:43:45.8414001 GameState.DebugPrintPower() -     tag=ZONE value=PLAY
D 22:43:45.8414001 GameState.DebugPrintPower() -     tag=ENTITY_ID value=76
D 22:43:45.8414001 GameState.DebugPrintPower() -     tag=CLASS value=WARRIOR
D 22:43:45.8414001 GameState.DebugPrintPower() -     tag=FACTION value=NEUTRAL
D 22:43:45.8414001 GameState.DebugPrintPower() -     tag=RARITY value=FREE
D 22:43:45.8414001 GameState.DebugPrintPower() -     tag=HERO_POWER value=66836
D 22:43:45.8414001 GameState.DebugPrintPower() -     tag=HIDE_WATERMARK value=1
D 22:43:45.8414001 GameState.DebugPrintPower() -     tag=SPAWN_TIME_COUNT value=1
D 22:43:45.8414001 GameState.DebugPrintPower() -     tag=EMOTECHARACTER value=1
D 22:43:45.8414001 GameState.DebugPrintPower() -     tag=HAS_ACTIVATE_POWER value=1
D 22:43:45.8414001 GameState.DebugPrintPower() -     tag=EMOTECLASS value=1
D 22:43:45.8414001 GameState.DebugPrintPower() -     tag=3085 value=30
D 22:43:45.8414001 GameState.DebugPrintPower() - FULL_ENTITY - Creating ID=77 CardID=HERO_01dbp
D 22:43:45.8414001 GameState.DebugPrintPower() -     tag=CONTROLLER value=2
D 22:43:45.8414001 GameState.DebugPrintPower() -     tag=CARDTYPE value=HERO_POWER
D 22:43:45.8414001 GameState.DebugPrintPower() -     tag=TAG_LAST_KNOWN_COST_IN_HAND value=2
D 22:43:45.8414001 GameState.DebugPrintPower() -     tag=COST value=2
D 22:43:45.8414001 GameState.DebugPrintPower() -     tag=ZONE value=PLAY
D 22:43:45.8414001 GameState.DebugPrintPower() -     tag=ENTITY_ID value=77
D 22:43:45.8414001 GameState.DebugPrintPower() -     tag=CLASS value=WARRIOR
D 22:43:45.8414001 GameState.DebugPrintPower() -     tag=FACTION value=NEUTRAL
D 22:43:45.8414001 GameState.DebugPrintPower() -     tag=RARITY value=FREE
D 22:43:45.8414001 GameState.DebugPrintPower() -     tag=CREATOR value=76
D 22:43:45.8414001 GameState.DebugPrintPower() -     tag=1037 value=2
D 22:43:45.8414001 GameState.DebugPrintPower() -     tag=1086 value=66837
D 22:43:45.8414001 GameState.DebugPrintPower() -     tag=CREATOR_DBID value=107736
D 22:43:45.8414001 GameState.DebugPrintPower() -     tag=SPAWN_TIME_COUNT value=1
D 22:43:45.8414001 GameState.DebugPrintPower() -     tag=HAS_ACTIVATE_POWER value=1
D 22:43:45.8414001 GameState.DebugPrintPower() - TAG_CHANGE Entity=1 tag=STATE value=RUNNING 
D 22:43:45.8414001 GameState.DebugPrintPower() - TAG_CHANGE Entity=2 tag=PLAYSTATE value=PLAYING 
D 22:43:45.8414001 GameState.DebugPrintPower() - TAG_CHANGE Entity=3 tag=PLAYSTATE value=PLAYING 
D 22:43:45.8414001 GameState.DebugPrintPower() - BLOCK_START BlockType=TRIGGER Entity=1 EffectCardId=System.Collections.Generic.List`1[System.String] EffectIndex=6 Target=0 SubOption=-1 TriggerKeyword=TAG_NOT_SET
D 22:43:45.8414001 GameState.DebugPrintPower() - BLOCK_END
D 22:43:45.8414001 GameState.DebugPrintPower() - BLOCK_START BlockType=TRIGGER Entity=1 EffectCardId=System.Collections.Generic.List`1[System.String] EffectIndex=-1 Target=0 SubOption=-1 TriggerKeyword=TAG_NOT_SET
D 22:43:45.8414001 GameState.DebugPrintPower() -     TAG_CHANGE Entity=2 tag=CURRENT_PLAYER value=1 
D 22:43:45.8414001 GameState.DebugPrintPower() -     TAG_CHANGE Entity=2 tag=FIRST_PLAYER value=1 
D 22:43:45.8414001 GameState.DebugPrintPower() -     TAG_CHANGE Entity=1 tag=TURN value=1 
D 22:43:45.8414001 GameState.DebugPrintPower() -     TAG_CHANGE Entity=2 tag=2166 value=25 
D 22:43:45.8414001 GameState.DebugPrintPower() -     TAG_CHANGE Entity=2 tag=467 value=3 
D 22:43:45.8414001 GameState.DebugPrintPower() -     SHOW_ENTITY - Updating Entity=25 CardID=TIME_701
D 22:43:45.8414001 GameState.DebugPrintPower() -         tag=CONTROLLER value=1
D 22:43:45.8414001 GameState.DebugPrintPower() -         tag=CARDTYPE value=SPELL
D 22:43:45.8414001 GameState.DebugPrintPower() -         tag=TAG_LAST_KNOWN_COST_IN_HAND value=1
D 22:43:45.8414001 GameState.DebugPrintPower() -         tag=COST value=1
D 22:43:45.8414001 GameState.DebugPrintPower() -         tag=ZONE value=HAND
D 22:43:45.8414001 GameState.DebugPrintPower() -         tag=ENTITY_ID value=25
D 22:43:45.8414001 GameState.DebugPrintPower() -         tag=CLASS value=DRUID
D 22:43:45.8414001 GameState.DebugPrintPower() -         tag=RARITY value=RARE
D 22:43:45.8414001 GameState.DebugPrintPower() -         tag=DISCOVER value=1
D 22:43:45.8414001 GameState.DebugPrintPower() -         tag=478 value=1
D 22:43:45.8414001 GameState.DebugPrintPower() -         tag=1043 value=1
D 22:43:45.8414001 GameState.DebugPrintPower() -         tag=1068 value=0
D 22:43:45.8414001 GameState.DebugPrintPower() -         tag=USE_DISCOVER_VISUALS value=1
D 22:43:45.8414001 GameState.DebugPrintPower() -         tag=SPAWN_TIME_COUNT value=1
D 22:43:45.8414001 GameState.DebugPrintPower() -         tag=SPELL_SCHOOL value=4
D 22:43:45.8414001 GameState.DebugPrintPower() -     TAG_CHANGE Entity=25 tag=NUM_TURNS_IN_HAND value=1 
D 22:43:45.8414001 GameState.DebugPrintPower() -     TAG_CHANGE Entity=25 tag=ZONE_POSITION value=1 
D 22:43:45.8414001 GameState.DebugPrintPower() -     TAG_CHANGE Entity=25 tag=ZONE_POSITION value=0 
D 22:43:45.8414001 GameState.DebugPrintPower() -     TAG_CHANGE Entity=25 tag=ZONE_POSITION value=1 
D 22:43:45.8414001 GameState.DebugPrintPower() -     TAG_CHANGE Entity=2 tag=2166 value=35 
D 22:43:45.8414001 GameState.DebugPrintPower() -     TAG_CHANGE Entity=2 tag=467 value=2 
D 22:43:45.8414001 GameState.DebugPrintPower() -     SHOW_ENTITY - Updating Entity=35 CardID=CS2_008
D 22:43:45.8414001 GameState.DebugPrintPower() -         tag=CONTROLLER value=1
D 22:43:45.8414001 GameState.DebugPrintPower() -         tag=CARDTYPE value=SPELL
D 22:43:45.8414001 GameState.DebugPrintPower() -         tag=PREMIUM value=1
D 22:43:45.8414001 GameState.DebugPrintPower() -         tag=ZONE value=HAND
D 22:43:45.8414001 GameState.DebugPrintPower() -         tag=ENTITY_ID value=35
D 22:43:45.8414001 GameState.DebugPrintPower() -         tag=CLASS value=DRUID
D 22:43:45.8414001 GameState.DebugPrintPower() -         tag=FACTION value=NEUTRAL
D 22:43:45.8414001 GameState.DebugPrintPower() -         tag=RARITY value=FREE
D 22:43:45.8414001 GameState.DebugPrintPower() -         tag=478 value=1
D 22:43:45.8414001 GameState.DebugPrintPower() -         tag=1043 value=1
D 22:43:45.8414001 GameState.DebugPrintPower() -         tag=1068 value=0
D 22:43:45.8414001 GameState.DebugPrintPower() -         tag=SPAWN_TIME_COUNT value=1
D 22:43:45.8414001 GameState.DebugPrintPower() -         tag=SPELL_SCHOOL value=1
D 22:43:45.8414001 GameState.DebugPrintPower() -     TAG_CHANGE Entity=35 tag=NUM_TURNS_IN_HAND value=1 
D 22:43:45.8414001 GameState.DebugPrintPower() -     TAG_CHANGE Entity=35 tag=ZONE_POSITION value=2 
D 22:43:45.8414001 GameState.DebugPrintPower() -     TAG_CHANGE Entity=35 tag=ZONE_POSITION value=0 
D 22:43:45.8414001 GameState.DebugPrintPower() -     TAG_CHANGE Entity=35 tag=ZONE_POSITION value=2 
D 22:43:45.8414001 GameState.DebugPrintPower() -     TAG_CHANGE Entity=2 tag=2166 value=24 
D 22:43:45.8414001 GameState.DebugPrintPower() -     TAG_CHANGE Entity=2 tag=467 value=1 
D 22:43:45.8414001 GameState.DebugPrintPower() -     SHOW_ENTITY - Updating Entity=24 CardID=JAIL_718
D 22:43:45.8414001 GameState.DebugPrintPower() -         tag=CONTROLLER value=1
D 22:43:45.8414001 GameState.DebugPrintPower() -         tag=CARDTYPE value=MINION
D 22:43:45.8414001 GameState.DebugPrintPower() -         tag=TAG_LAST_KNOWN_COST_IN_HAND value=9
D 22:43:45.8414001 GameState.DebugPrintPower() -         tag=479 value=4
D 22:43:45.8414001 GameState.DebugPrintPower() -         tag=COST value=9
D 22:43:45.8414001 GameState.DebugPrintPower() -         tag=ATK value=4
D 22:43:45.8414001 GameState.DebugPrintPower() -         tag=HEALTH value=4
D 22:43:45.8414001 GameState.DebugPrintPower() -         tag=TRIGGER_VISUAL value=1
D 22:43:45.8414001 GameState.DebugPrintPower() -         tag=ZONE value=HAND
D 22:43:45.8414001 GameState.DebugPrintPower() -         tag=ENTITY_ID value=24
D 22:43:45.8414001 GameState.DebugPrintPower() -         tag=CLASS value=NEUTRAL
D 22:43:45.8414001 GameState.DebugPrintPower() -         tag=RARITY value=EPIC
D 22:43:45.8414001 GameState.DebugPrintPower() -         tag=478 value=1
D 22:43:45.8414001 GameState.DebugPrintPower() -         tag=1043 value=1
D 22:43:45.8414001 GameState.DebugPrintPower() -         tag=1068 value=0
D 22:43:45.8414001 GameState.DebugPrintPower() -         tag=SPAWN_TIME_COUNT value=1
D 22:43:45.8414001 GameState.DebugPrintPower() -         tag=DECK_ACTION_COST value=1
D 22:43:45.8414001 GameState.DebugPrintPower() -         tag=HAS_SIGNATURE_QUALITY value=1
D 22:43:45.8414001 GameState.DebugPrintPower() -         tag=HAS_ACTIVATE_POWER value=1
D 22:43:45.8414001 GameState.DebugPrintPower() -         tag=3085 value=4
D 22:43:45.8414001 GameState.DebugPrintPower() -         tag=PREPARE value=1
D 22:43:45.8414001 GameState.DebugPrintPower() -         tag=4472 value=4
D 22:43:45.8414001 GameState.DebugPrintPower() -     TAG_CHANGE Entity=24 tag=NUM_TURNS_IN_HAND value=1 
D 22:43:45.8414001 GameState.DebugPrintPower() -     TAG_CHANGE Entity=24 tag=ZONE_POSITION value=3 
D 22:43:45.8414001 GameState.DebugPrintPower() -     TAG_CHANGE Entity=24 tag=ZONE_POSITION value=0 
D 22:43:45.8414001 GameState.DebugPrintPower() -     TAG_CHANGE Entity=24 tag=ZONE_POSITION value=3 
D 22:43:45.8414001 GameState.DebugPrintPower() -     TAG_CHANGE Entity=2 tag=467 value=0 
D 22:43:45.8414001 GameState.DebugPrintPower() -     TAG_CHANGE Entity=2 tag=NUM_TURNS_LEFT value=1 
D 22:43:45.8414001 GameState.DebugPrintPower() -     TAG_CHANGE Entity=3 tag=2166 value=44 
D 22:43:45.8414001 GameState.DebugPrintPower() -     TAG_CHANGE Entity=3 tag=467 value=4 
D 22:43:45.8414001 GameState.DebugPrintPower() -     TAG_CHANGE Entity=44 tag=ZONE value=HAND 
D 22:43:45.8414001 GameState.DebugPrintPower() -     TAG_CHANGE Entity=44 tag=ZONE_POSITION value=1 
D 22:43:45.8414001 GameState.DebugPrintPower() -     TAG_CHANGE Entity=44 tag=ZONE_POSITION value=0 
D 22:43:45.8414001 GameState.DebugPrintPower() -     TAG_CHANGE Entity=44 tag=ZONE_POSITION value=1 
D 22:43:45.8414001 GameState.DebugPrintPower() -     TAG_CHANGE Entity=3 tag=2166 value=68 
D 22:43:45.8414001 GameState.DebugPrintPower() -     TAG_CHANGE Entity=3 tag=467 value=3 
D 22:43:45.8414001 GameState.DebugPrintPower() -     TAG_CHANGE Entity=68 tag=ZONE value=HAND 
D 22:43:45.8414001 GameState.DebugPrintPower() -     TAG_CHANGE Entity=68 tag=ZONE_POSITION value=2 
D 22:43:45.8414001 GameState.DebugPrintPower() -     TAG_CHANGE Entity=68 tag=ZONE_POSITION value=0 
D 22:43:45.8414001 GameState.DebugPrintPower() -     TAG_CHANGE Entity=68 tag=ZONE_POSITION value=2 
D 22:43:45.8414001 GameState.DebugPrintPower() -     TAG_CHANGE Entity=3 tag=2166 value=47 
D 22:43:45.8414001 GameState.DebugPrintPower() -     TAG_CHANGE Entity=3 tag=467 value=2 
D 22:43:45.8414001 GameState.DebugPrintPower() -     TAG_CHANGE Entity=47 tag=ZONE value=HAND 
D 22:43:45.8414001 GameState.DebugPrintPower() -     TAG_CHANGE Entity=47 tag=ZONE_POSITION value=3 
D 22:43:45.8414001 GameState.DebugPrintPower() -     TAG_CHANGE Entity=47 tag=ZONE_POSITION value=0 
D 22:43:45.8414001 GameState.DebugPrintPower() -     TAG_CHANGE Entity=47 tag=ZONE_POSITION value=3 
D 22:43:45.8414001 GameState.DebugPrintPower() -     TAG_CHANGE Entity=3 tag=2166 value=69 
D 22:43:45.8414001 GameState.DebugPrintPower() -     TAG_CHANGE Entity=3 tag=467 value=1 
D 22:43:45.8414001 GameState.DebugPrintPower() -     TAG_CHANGE Entity=69 tag=ZONE value=HAND 
D 22:43:45.8414001 GameState.DebugPrintPower() -     TAG_CHANGE Entity=69 tag=ZONE_POSITION value=4 
D 22:43:45.8414001 GameState.DebugPrintPower() -     TAG_CHANGE Entity=69 tag=ZONE_POSITION value=0 
D 22:43:45.8414001 GameState.DebugPrintPower() -     TAG_CHANGE Entity=69 tag=ZONE_POSITION value=4 
D 22:43:45.8414001 GameState.DebugPrintPower() -     TAG_CHANGE Entity=3 tag=467 value=0 
D 22:43:45.8414001 GameState.DebugPrintPower() -     TAG_CHANGE Entity=3 tag=NUM_TURNS_LEFT value=1 
D 22:43:45.8414001 GameState.DebugPrintPower() -     FULL_ENTITY - Creating ID=78 CardID=
D 22:43:45.8414001 GameState.DebugPrintPower() -         tag=ZONE value=HAND
D 22:43:45.8414001 GameState.DebugPrintPower() -         tag=CONTROLLER value=2
D 22:43:45.8414001 GameState.DebugPrintPower() -         tag=ENTITY_ID value=78
D 22:43:45.8414001 GameState.DebugPrintPower() -         tag=ZONE_POSITION value=5
D 22:43:45.8414001 GameState.DebugPrintPower() -     TAG_CHANGE Entity=2 tag=TIMEOUT value=45 
D 22:43:45.8414001 GameState.DebugPrintPower() -     TAG_CHANGE Entity=3 tag=TIMEOUT value=45 
D 22:43:45.8414001 GameState.DebugPrintPower() -     TAG_CHANGE Entity=1 tag=10 value=85 
D 22:43:45.8414001 GameState.DebugPrintPower() -     TAG_CHANGE Entity=1 tag=NEXT_STEP value=BEGIN_MULLIGAN 
D 22:43:45.8414001 GameState.DebugPrintPower() - BLOCK_END
D 22:43:45.8414001 GameState.DebugPrintGame() - BuildNumber=250339
D 22:43:45.8414001 GameState.DebugPrintGame() - GameType=GT_RANKED
D 22:43:45.8414001 GameState.DebugPrintGame() - FormatType=FT_WILD
D 22:43:45.8414001 GameState.DebugPrintGame() - ScenarioID=2
D 22:43:45.8414001 GameState.DebugPrintGame() - PlayerID=1, PlayerName=湫然#51704
D 22:43:45.8414001 GameState.DebugPrintGame() - PlayerID=2, PlayerName=UNKNOWN HUMAN PLAYER
D 22:43:45.8414001 GameState.DebugPrintPowerList() - Count=3
D 22:43:45.8414001 GameState.DebugPrintPower() - TAG_CHANGE Entity=GameEntity tag=STEP value=BEGIN_MULLIGAN 
D 22:43:45.8414001 GameState.DebugPrintPower() - BLOCK_START BlockType=TRIGGER Entity=GameEntity EffectCardId=System.Collections.Generic.List`1[System.String] EffectIndex=-1 Target=0 SubOption=-1 TriggerKeyword=TAG_NOT_SET
D 22:43:45.8414001 GameState.DebugPrintPower() -     TAG_CHANGE Entity=湫然#51704 tag=MULLIGAN_STATE value=INPUT 
D 22:43:45.8414001 PowerTaskList.DebugDump() - ID=1 ParentID=0 PreviousID=0 TaskCount=78
D 22:43:45.8414001 PowerTaskList.DebugDump() - Block Start=(null)
D 22:43:45.8414001 PowerTaskList.DebugPrintPower() -     CREATE_GAME
D 22:43:45.8414001 PowerTaskList.DebugPrintPower() -         GameEntity EntityID=1
D 22:43:45.8414001 PowerTaskList.DebugPrintPower() -             tag=CARDTYPE value=GAME
D 22:43:45.8414001 PowerTaskList.DebugPrintPower() -             tag=ZONE value=PLAY
D 22:43:45.8414001 PowerTaskList.DebugPrintPower() -             tag=ENTITY_ID value=1
D 22:43:45.8414001 PowerTaskList.DebugPrintPower() -             tag=937 value=2
D 22:43:45.8414001 PowerTaskList.DebugPrintPower() -             tag=SPAWN_TIME_COUNT value=1
D 22:43:45.8414001 PowerTaskList.DebugPrintPower() -             tag=GAME_SEED value=1888463405
D 22:43:45.8414001 PowerTaskList.DebugPrintPower() -         Player EntityID=2 PlayerID=1 GameAccountId=[hi=144115211015832391 lo=83449896]
D 22:43:45.8414001 PowerTaskList.DebugPrintPower() -             tag=CONTROLLER value=1
D 22:43:45.8414001 PowerTaskList.DebugPrintPower() -             tag=CARDTYPE value=PLAYER
D 22:43:45.8414001 PowerTaskList.DebugPrintPower() -             tag=PLAYER_ID value=1
D 22:43:45.8414001 PowerTaskList.DebugPrintPower() -             tag=HERO_ENTITY value=74
D 22:43:45.8414001 PowerTaskList.DebugPrintPower() -             tag=MAXHANDSIZE value=10
D 22:43:45.8414001 PowerTaskList.DebugPrintPower() -             tag=STARTHANDSIZE value=4
D 22:43:45.8414001 PowerTaskList.DebugPrintPower() -             tag=TEAM_ID value=1
D 22:43:45.8414001 PowerTaskList.DebugPrintPower() -             tag=ZONE value=PLAY
D 22:43:45.8414001 PowerTaskList.DebugPrintPower() -             tag=ENTITY_ID value=2
D 22:43:45.8414001 PowerTaskList.DebugPrintPower() -             tag=MAXRESOURCES value=10
D 22:43:45.8414001 PowerTaskList.DebugPrintPower() -             tag=SPAWN_TIME_COUNT value=1
D 22:43:45.8414001 PowerTaskList.DebugPrintPower() -             tag=MAX_EXCAVATE_TIER value=2
D 22:43:45.8414001 PowerTaskList.DebugPrintPower() -         Player EntityID=3 PlayerID=2 GameAccountId=[hi=144115211015832391 lo=141078302]
D 22:43:45.8414001 PowerTaskList.DebugPrintPower() -             tag=CONTROLLER value=2
D 22:43:45.8414001 PowerTaskList.DebugPrintPower() -             tag=CARDTYPE value=PLAYER
D 22:43:45.8414001 PowerTaskList.DebugPrintPower() -             tag=PLAYER_ID value=2
D 22:43:45.8414001 PowerTaskList.DebugPrintPower() -             tag=HERO_ENTITY value=76
D 22:43:45.8414001 PowerTaskList.DebugPrintPower() -             tag=MAXHANDSIZE value=10
D 22:43:45.8414001 PowerTaskList.DebugPrintPower() -             tag=STARTHANDSIZE value=4
D 22:43:45.8414001 PowerTaskList.DebugPrintPower() -             tag=TEAM_ID value=2
D 22:43:45.8414001 PowerTaskList.DebugPrintPower() -             tag=ZONE value=PLAY
D 22:43:45.8414001 PowerTaskList.DebugPrintPower() -             tag=ENTITY_ID value=3
D 22:43:45.8414001 PowerTaskList.DebugPrintPower() -             tag=MAXRESOURCES value=10
D 22:43:45.8414001 PowerTaskList.DebugPrintPower() -             tag=SPAWN_TIME_COUNT value=1
D 22:43:45.8414001 PowerTaskList.DebugPrintPower() -             tag=MAX_EXCAVATE_TIER value=3
D 22:43:45.8414001 PowerTaskList.DebugPrintPower() -     FULL_ENTITY - Updating [entityName=UNKNOWN ENTITY [cardType=INVALID] id=4 zone=DECK zonePos=0 cardId= player=1] CardID=
D 22:43:45.8414001 PowerTaskList.DebugPrintPower() -         tag=ZONE value=DECK
D 22:43:45.8414001 PowerTaskList.DebugPrintPower() -         tag=CONTROLLER value=1
D 22:43:45.8414001 PowerTaskList.DebugPrintPower() -         tag=ENTITY_ID value=4
D 22:43:45.8414001 PowerTaskList.DebugPrintPower() -     FULL_ENTITY - Updating [entityName=UNKNOWN ENTITY [cardType=INVALID] id=5 zone=DECK zonePos=0 cardId= player=1] CardID=
D 22:43:45.8414001 PowerTaskList.DebugPrintPower() -         tag=ZONE value=DECK
D 22:43:45.8414001 PowerTaskList.DebugPrintPower() -         tag=CONTROLLER value=1
D 22:43:45.8414001 PowerTaskList.DebugPrintPower() -         tag=ENTITY_ID value=5
D 22:43:45.8414001 PowerTaskList.DebugPrintPower() -     FULL_ENTITY - Updating [entityName=UNKNOWN ENTITY [cardType=INVALID] id=6 zone=DECK zonePos=0 cardId= player=1] CardID=
D 22:43:45.8414001 PowerTaskList.DebugPrintPower() -         tag=ZONE value=DECK
D 22:43:45.8414001 PowerTaskList.DebugPrintPower() -         tag=CONTROLLER value=1
D 22:43:45.8414001 PowerTaskList.DebugPrintPower() -         tag=ENTITY_ID value=6
D 22:43:45.8414001 PowerTaskList.DebugPrintPower() -     FULL_ENTITY - Updating [entityName=UNKNOWN ENTITY [cardType=INVALID] id=7 zone=DECK zonePos=0 cardId= player=1] CardID=
D 22:43:45.8414001 PowerTaskList.DebugPrintPower() -         tag=ZONE value=DECK
D 22:43:45.8414001 PowerTaskList.DebugPrintPower() -         tag=CONTROLLER value=1
D 22:43:45.8414001 PowerTaskList.DebugPrintPower() -         tag=ENTITY_ID value=7
D 22:43:45.8414001 PowerTaskList.DebugPrintPower() -     FULL_ENTITY - Updating [entityName=UNKNOWN ENTITY [cardType=INVALID] id=8 zone=SETASIDE zonePos=0 cardId= player=1] CardID=
D 22:43:45.8414001 PowerTaskList.DebugPrintPower() -         tag=ZONE value=SETASIDE
D 22:43:45.8414001 PowerTaskList.DebugPrintPower() -         tag=CONTROLLER value=1
D 22:43:45.8414001 PowerTaskList.DebugPrintPower() -         tag=ENTITY_ID value=8
D 22:43:45.8414001 PowerTaskList.DebugPrintPower() -     FULL_ENTITY - Updating [entityName=UNKNOWN ENTITY [cardType=INVALID] id=9 zone=SETASIDE zonePos=0 cardId= player=1] CardID=
D 22:43:45.8414001 PowerTaskList.DebugPrintPower() -         tag=ZONE value=SETASIDE
D 22:43:45.8414001 PowerTaskList.DebugPrintPower() -         tag=CONTROLLER value=1
D 22:43:45.8414001 PowerTaskList.DebugPrintPower() -         tag=ENTITY_ID value=9
D 22:43:45.8414001 PowerTaskList.DebugPrintPower() -     FULL_ENTITY - Updating [entityName=UNKNOWN ENTITY [cardType=INVALID] id=10 zone=DECK zonePos=0 cardId= player=1] CardID=
D 22:43:45.8414001 PowerTaskList.DebugPrintPower() -         tag=ZONE value=DECK
D 22:43:45.8414001 PowerTaskList.DebugPrintPower() -         tag=CONTROLLER value=1
D 22:43:45.8414001 PowerTaskList.DebugPrintPower() -         tag=ENTITY_ID value=10
D 22:43:45.8414001 PowerTaskList.DebugPrintPower() -     FULL_ENTITY - Updating [entityName=UNKNOWN ENTITY [cardType=INVALID] id=11 zone=DECK zonePos=0 cardId= player=1] CardID=
D 22:43:45.8414001 PowerTaskList.DebugPrintPower() -         tag=ZONE value=DECK
D 22:43:45.8414001 PowerTaskList.DebugPrintPower() -         tag=CONTROLLER value=1
D 22:43:45.8414001 PowerTaskList.DebugPrintPower() -         tag=ENTITY_ID value=11
D 22:43:45.8414001 PowerTaskList.DebugPrintPower() -     FULL_ENTITY - Updating [entityName=UNKNOWN ENTITY [cardType=INVALID] id=12 zone=DECK zonePos=0 cardId= player=1] CardID=
D 22:43:45.8414001 PowerTaskList.DebugPrintPower() -         tag=ZONE value=DECK
D 22:43:45.8414001 PowerTaskList.DebugPrintPower() -         tag=CONTROLLER value=1
D 22:43:45.8414001 PowerTaskList.DebugPrintPower() -         tag=ENTITY_ID value=12
D 22:43:45.8414001 PowerTaskList.DebugPrintPower() -     FULL_ENTITY - Updating [entityName=UNKNOWN ENTITY [cardType=INVALID] id=13 zone=DECK zonePos=0 cardId= player=1] CardID=
D 22:43:45.8414001 PowerTaskList.DebugPrintPower() -         tag=ZONE value=DECK
D 22:43:45.8414001 PowerTaskList.DebugPrintPower() -         tag=CONTROLLER value=1
D 22:43:45.8414001 PowerTaskList.DebugPrintPower() -         tag=ENTITY_ID value=13
D 22:43:45.8414001 PowerTaskList.DebugPrintPower() -     FULL_ENTITY - Updating [entityName=UNKNOWN ENTITY [cardType=INVALID] id=14 zone=DECK zonePos=0 cardId= player=1] CardID=
D 22:43:45.8414001 PowerTaskList.DebugPrintPower() -         tag=ZONE value=DECK
D 22:43:45.8414001 PowerTaskList.DebugPrintPower() -         tag=CONTROLLER value=1
D 22:43:45.8414001 PowerTaskList.DebugPrintPower() -         tag=ENTITY_ID value=14
D 22:43:45.8414001 PowerTaskList.DebugPrintPower() -     FULL_ENTITY - Updating [entityName=UNKNOWN ENTITY [cardType=INVALID] id=15 zone=SETASIDE zonePos=0 cardId= player=1] CardID=
D 22:43:45.8414001 PowerTaskList.DebugPrintPower() -         tag=ZONE value=SETASIDE
D 22:43:45.8414001 PowerTaskList.DebugPrintPower() -         tag=CONTROLLER value=1
D 22:43:45.8414001 PowerTaskList.DebugPrintPower() -         tag=ENTITY_ID value=15
D 22:43:45.8414001 PowerTaskList.DebugPrintPower() -     FULL_ENTITY - Updating [entityName=UNKNOWN ENTITY [cardType=INVALID] id=16 zone=SETASIDE zonePos=0 cardId= player=1] CardID=
D 22:43:45.8414001 PowerTaskList.DebugPrintPower() -         tag=ZONE value=SETASIDE
D 22:43:45.8414001 PowerTaskList.DebugPrintPower() -         tag=CONTROLLER value=1
D 22:43:45.8414001 PowerTaskList.DebugPrintPower() -         tag=ENTITY_ID value=16
D 22:43:45.8414001 PowerTaskList.DebugPrintPower() -     FULL_ENTITY - Updating [entityName=UNKNOWN ENTITY [cardType=INVALID] id=17 zone=DECK zonePos=0 cardId= player=1] CardID=
D 22:43:45.8414001 PowerTaskList.DebugPrintPower() -         tag=ZONE value=DECK
D 22:43:45.8414001 PowerTaskList.DebugPrintPower() -         tag=CONTROLLER value=1
D 22:43:45.8414001 PowerTaskList.DebugPrintPower() -         tag=ENTITY_ID value=17
D 22:43:45.8414001 PowerTaskList.DebugPrintPower() -     FULL_ENTITY - Updating [entityName=UNKNOWN ENTITY [cardType=INVALID] id=18 zone=DECK zonePos=0 cardId= player=1] CardID=
D 22:43:45.8414001 PowerTaskList.DebugPrintPower() -         tag=ZONE value=DECK
D 22:43:45.8414001 PowerTaskList.DebugPrintPower() -         tag=CONTROLLER value=1
D 22:43:45.8414001 PowerTaskList.DebugPrintPower() -         tag=ENTITY_ID value=18
D 22:43:45.8414001 PowerTaskList.DebugPrintPower() -     FULL_ENTITY - Updating [entityName=UNKNOWN ENTITY [cardType=INVALID] id=19 zone=DECK zonePos=0 cardId= player=1] CardID=
D 22:43:45.8414001 PowerTaskList.DebugPrintPower() -         tag=ZONE value=DECK
D 22:43:45.8414001 PowerTaskList.DebugPrintPower() -         tag=CONTROLLER value=1
D 22:43:45.8414001 PowerTaskList.DebugPrintPower() -         tag=ENTITY_ID value=19
D 22:43:45.8414001 PowerTaskList.DebugPrintPower() -     FULL_ENTITY - Updating [entityName=UNKNOWN ENTITY [cardType=INVALID] id=20 zone=DECK zonePos=0 cardId= player=1] CardID=
D 22:43:45.8414001 PowerTaskList.DebugPrintPower() -         tag=ZONE value=DECK
D 22:43:45.8414001 PowerTaskList.DebugPrintPower() -         tag=CONTROLLER value=1
D 22:43:45.8414001 PowerTaskList.DebugPrintPower() -         tag=ENTITY_ID value=20
D 22:43:45.8414001 PowerTaskList.DebugPrintPower() -     FULL_ENTITY - Updating [entityName=UNKNOWN ENTITY [cardType=INVALID] id=21 zone=SETASIDE zonePos=0 cardId= player=1] CardID=
D 22:43:45.8414001 PowerTaskList.DebugPrintPower() -         tag=ZONE value=SETASIDE
D 22:43:45.8414001 PowerTaskList.DebugPrintPower() -         tag=CONTROLLER value=1
D 22:43:45.8414001 PowerTaskList.DebugPrintPower() -         tag=ENTITY_ID value=21
D 22:43:45.8414001 PowerTaskList.DebugPrintPower() -     FULL_ENTITY - Updating [entityName=UNKNOWN ENTITY [cardType=INVALID] id=22 zone=SETASIDE zonePos=0 cardId= player=1] CardID=
D 22:43:45.8414001 PowerTaskList.DebugPrintPower() -         tag=ZONE value=SETASIDE
D 22:43:45.8414001 PowerTaskList.DebugPrintPower() -         tag=CONTROLLER value=1
D 22:43:45.8414001 PowerTaskList.DebugPrintPower() -         tag=ENTITY_ID value=22
D 22:43:45.8414001 PowerTaskList.DebugPrintPower() -     FULL_ENTITY - Updating [entityName=UNKNOWN ENTITY [cardType=INVALID] id=23 zone=DECK zonePos=0 cardId= player=1] CardID=
D 22:43:45.8414001 PowerTaskList.DebugPrintPower() -         tag=ZONE value=DECK
D 22:43:45.8414001 PowerTaskList.DebugPrintPower() -         tag=CONTROLLER value=1
D 22:43:45.8414001 PowerTaskList.DebugPrintPower() -         tag=ENTITY_ID value=23
D 22:43:45.8414001 PowerTaskList.DebugPrintPower() -     FULL_ENTITY - Updating [entityName=UNKNOWN ENTITY [cardType=INVALID] id=24 zone=DECK zonePos=0 cardId= player=1] CardID=
D 22:43:45.8414001 PowerTaskList.DebugPrintPower() -         tag=ZONE value=DECK
D 22:43:45.8414001 PowerTaskList.DebugPrintPower() -         tag=CONTROLLER value=1
D 22:43:45.8414001 PowerTaskList.DebugPrintPower() -         tag=ENTITY_ID value=24
D 22:43:45.8414001 PowerTaskList.DebugPrintPower() -     FULL_ENTITY - Updating [entityName=UNKNOWN ENTITY [cardType=INVALID] id=25 zone=DECK zonePos=0 cardId= player=1] CardID=
D 22:43:45.8414001 PowerTaskList.DebugPrintPower() -         tag=ZONE value=DECK
D 22:43:45.8414001 PowerTaskList.DebugPrintPower() -         tag=CONTROLLER value=1
D 22:43:45.8414001 PowerTaskList.DebugPrintPower() -         tag=ENTITY_ID value=25
D 22:43:45.8414001 PowerTaskList.DebugPrintPower() -     FULL_ENTITY - Updating [entityName=UNKNOWN ENTITY [cardType=INVALID] id=26 zone=DECK zonePos=0 cardId= player=1] CardID=
D 22:43:45.8414001 PowerTaskList.DebugPrintPower() -         tag=ZONE value=DECK
D 22:43:45.8414001 PowerTaskList.DebugPrintPower() -         tag=CONTROLLER value=1
D 22:43:45.8414001 PowerTaskList.DebugPrintPower() -         tag=ENTITY_ID value=26
D 22:43:45.8414001 PowerTaskList.DebugPrintPower() -     FULL_ENTITY - Updating [entityName=UNKNOWN ENTITY [cardType=INVALID] id=27 zone=SETASIDE zonePos=0 cardId= player=1] CardID=
D 22:43:45.8414001 PowerTaskList.DebugPrintPower() -         tag=ZONE value=SETASIDE
D 22:43:45.8414001 PowerTaskList.DebugPrintPower() -         tag=CONTROLLER value=1
D 22:43:45.8414001 PowerTaskList.DebugPrintPower() -         tag=ENTITY_ID value=27
D 22:43:45.8414001 PowerTaskList.DebugPrintPower() -     FULL_ENTITY - Updating [entityName=UNKNOWN ENTITY [cardType=INVALID] id=28 zone=SETASIDE zonePos=0 cardId= player=1] CardID=
D 22:43:45.8414001 PowerTaskList.DebugPrintPower() -         tag=ZONE value=SETASIDE
D 22:43:45.8414001 PowerTaskList.DebugPrintPower() -         tag=CONTROLLER value=1
D 22:43:45.8414001 PowerTaskList.DebugPrintPower() -         tag=ENTITY_ID value=28
D 22:43:45.8414001 PowerTaskList.DebugPrintPower() -     FULL_ENTITY - Updating [entityName=UNKNOWN ENTITY [cardType=INVALID] id=29 zone=DECK zonePos=0 cardId= player=1] CardID=
D 22:43:45.8414001 PowerTaskList.DebugPrintPower() -         tag=ZONE value=DECK
D 22:43:45.8414001 PowerTaskList.DebugPrintPower() -         tag=CONTROLLER value=1
D 22:43:45.8414001 PowerTaskList.DebugPrintPower() -         tag=ENTITY_ID value=29
D 22:43:45.8414001 PowerTaskList.DebugPrintPower() -     FULL_ENTITY - Updating [entityName=UNKNOWN ENTITY [cardType=INVALID] id=30 zone=DECK zonePos=0 cardId= player=1] CardID=
D 22:43:45.8414001 PowerTaskList.DebugPrintPower() -         tag=ZONE value=DECK
D 22:43:45.8414001 PowerTaskList.DebugPrintPower() -         tag=CONTROLLER value=1
D 22:43:45.8414001 PowerTaskList.DebugPrintPower() -         tag=ENTITY_ID value=30
D 22:43:45.8414001 PowerTaskList.DebugPrintPower() -     FULL_ENTITY - Updating [entityName=UNKNOWN ENTITY [cardType=INVALID] id=31 zone=DECK zonePos=0 cardId= player=1] CardID=
D 22:43:45.8414001 PowerTaskList.DebugPrintPower() -         tag=ZONE value=DECK
D 22:43:45.8414001 PowerTaskList.DebugPrintPower() -         tag=CONTROLLER value=1
D 22:43:45.8414001 PowerTaskList.DebugPrintPower() -         tag=ENTITY_ID value=31
D 22:43:45.8414001 PowerTaskList.DebugPrintPower() -     FULL_ENTITY - Updating [entityName=UNKNOWN ENTITY [cardType=INVALID] id=32 zone=DECK zonePos=0 cardId= player=1] CardID=
D 22:43:45.8414001 PowerTaskList.DebugPrintPower() -         tag=ZONE value=DECK
D 22:43:45.8414001 PowerTaskList.DebugPrintPower() -         tag=CONTROLLER value=1
D 22:43:45.8414001 PowerTaskList.DebugPrintPower() -         tag=ENTITY_ID value=32
D 22:43:45.8414001 PowerTaskList.DebugPrintPower() -     FULL_ENTITY - Updating [entityName=UNKNOWN ENTITY [cardType=INVALID] id=33 zone=DECK zonePos=0 cardId= player=1] CardID=
D 22:43:45.8414001 PowerTaskList.DebugPrintPower() -         tag=ZONE value=DECK
D 22:43:45.8414001 PowerTaskList.DebugPrintPower() -         tag=CONTROLLER value=1
D 22:43:45.8414001 PowerTaskList.DebugPrintPower() -         tag=ENTITY_ID value=33
D 22:43:45.8414001 PowerTaskList.DebugPrintPower() -     FULL_ENTITY - Updating [entityName=UNKNOWN ENTITY [cardType=INVALID] id=34 zone=DECK zonePos=0 cardId= player=1] CardID=
D 22:43:45.8414001 PowerTaskList.DebugPrintPower() -         tag=ZONE value=DECK
D 22:43:45.8414001 PowerTaskList.DebugPrintPower() -         tag=CONTROLLER value=1
D 22:43:45.8414001 PowerTaskList.DebugPrintPower() -         tag=ENTITY_ID value=34
D 22:43:45.8414001 PowerTaskList.DebugPrintPower() -     FULL_ENTITY - Updating [entityName=UNKNOWN ENTITY [cardType=INVALID] id=35 zone=DECK zonePos=0 cardId= player=1] CardID=
D 22:43:45.8414001 PowerTaskList.DebugPrintPower() -         tag=ZONE value=DECK
D 22:43:45.8414001 PowerTaskList.DebugPrintPower() -         tag=CONTROLLER value=1
D 22:43:45.8414001 PowerTaskList.DebugPrintPower() -         tag=ENTITY_ID value=35
D 22:43:45.8414001 PowerTaskList.DebugPrintPower() -     FULL_ENTITY - Updating [entityName=UNKNOWN ENTITY [cardType=INVALID] id=36 zone=DECK zonePos=0 cardId= player=1] CardID=
D 22:43:45.8414001 PowerTaskList.DebugPrintPower() -         tag=ZONE value=DECK
D 22:43:45.8414001 PowerTaskList.DebugPrintPower() -         tag=CONTROLLER value=1
D 22:43:45.8414001 PowerTaskList.DebugPrintPower() -         tag=ENTITY_ID value=36
D 22:43:45.8414001 PowerTaskList.DebugPrintPower() -     FULL_ENTITY - Updating [entityName=UNKNOWN ENTITY [cardType=INVALID] id=37 zone=DECK zonePos=0 cardId= player=1] CardID=
D 22:43:45.8414001 PowerTaskList.DebugPrintPower() -         tag=ZONE value=DECK
D 22:43:45.8414001 PowerTaskList.DebugPrintPower() -         tag=CONTROLLER value=1
D 22:43:45.8414001 PowerTaskList.DebugPrintPower() -         tag=ENTITY_ID value=37
D 22:43:45.8414001 PowerTaskList.DebugPrintPower() -     FULL_ENTITY - Updating [entityName=UNKNOWN ENTITY [cardType=INVALID] id=38 zone=DECK zonePos=0 cardId= player=1] CardID=
D 22:43:45.8414001 PowerTaskList.DebugPrintPower() -         tag=ZONE value=DECK
D 22:43:45.8414001 PowerTaskList.DebugPrintPower() -         tag=CONTROLLER value=1
D 22:43:45.8414001 PowerTaskList.DebugPrintPower() -         tag=ENTITY_ID value=38
D 22:43:45.8414001 PowerTaskList.DebugPrintPower() -     FULL_ENTITY - Updating [entityName=UNKNOWN ENTITY [cardType=INVALID] id=39 zone=DECK zonePos=0 cardId= player=1] CardID=
D 22:43:45.8414001 PowerTaskList.DebugPrintPower() -         tag=ZONE value=DECK
D 22:43:45.8414001 PowerTaskList.DebugPrintPower() -         tag=CONTROLLER value=1
D 22:43:45.8414001 PowerTaskList.DebugPrintPower() -         tag=ENTITY_ID value=39
D 22:43:45.8414001 PowerTaskList.DebugPrintPower() -     FULL_ENTITY - Updating [entityName=UNKNOWN ENTITY [cardType=INVALID] id=40 zone=SETASIDE zonePos=0 cardId= player=1] CardID=
D 22:43:45.8414001 PowerTaskList.DebugPrintPower() -         tag=ZONE value=SETASIDE
D 22:43:45.8414001 PowerTaskList.DebugPrintPower() -         tag=CONTROLLER value=1
D 22:43:45.8414001 PowerTaskList.DebugPrintPower() -         tag=ENTITY_ID value=40
D 22:43:45.8414001 PowerTaskList.DebugPrintPower() -     FULL_ENTITY - Updating [entityName=UNKNOWN ENTITY [cardType=INVALID] id=41 zone=SETASIDE zonePos=0 cardId= player=1] CardID=
D 22:43:45.8414001 PowerTaskList.DebugPrintPower() -         tag=ZONE value=SETASIDE
D 22:43:45.8414001 PowerTaskList.DebugPrintPower() -         tag=CONTROLLER value=1
D 22:43:45.8414001 PowerTaskList.DebugPrintPower() -         tag=ENTITY_ID value=41
D 22:43:45.8414001 PowerTaskList.DebugPrintPower() -     FULL_ENTITY - Updating [entityName=UNKNOWN ENTITY [cardType=INVALID] id=42 zone=DECK zonePos=0 cardId= player=1] CardID=
D 22:43:45.8414001 PowerTaskList.DebugPrintPower() -         tag=ZONE value=DECK
D 22:43:45.8414001 PowerTaskList.DebugPrintPower() -         tag=CONTROLLER value=1
D 22:43:45.8414001 PowerTaskList.DebugPrintPower() -         tag=ENTITY_ID value=42
D 22:43:45.8414001 PowerTaskList.DebugPrintPower() -     FULL_ENTITY - Updating [entityName=UNKNOWN ENTITY [cardType=INVALID] id=43 zone=DECK zonePos=0 cardId= player=1] CardID=
D 22:43:45.8414001 PowerTaskList.DebugPrintPower() -         tag=ZONE value=DECK
D 22:43:45.8414001 PowerTaskList.DebugPrintPower() -         tag=CONTROLLER value=1
D 22:43:45.8414001 PowerTaskList.DebugPrintPower() -         tag=ENTITY_ID value=43
D 22:43:45.8414001 PowerTaskList.DebugPrintPower() -     FULL_ENTITY - Updating [entityName=UNKNOWN ENTITY [cardType=INVALID] id=44 zone=DECK zonePos=0 cardId= player=2] CardID=
D 22:43:45.8414001 PowerTaskList.DebugPrintPower() -         tag=ZONE value=DECK
D 22:43:45.8414001 PowerTaskList.DebugPrintPower() -         tag=CONTROLLER value=2
D 22:43:45.8414001 PowerTaskList.DebugPrintPower() -         tag=ENTITY_ID value=44
D 22:43:45.8414001 PowerTaskList.DebugPrintPower() -     FULL_ENTITY - Updating [entityName=UNKNOWN ENTITY [cardType=INVALID] id=45 zone=DECK zonePos=0 cardId= player=2] CardID=
D 22:43:45.8414001 PowerTaskList.DebugPrintPower() -         tag=ZONE value=DECK
D 22:43:45.8414001 PowerTaskList.DebugPrintPower() -         tag=CONTROLLER value=2
D 22:43:45.8414001 PowerTaskList.DebugPrintPower() -         tag=ENTITY_ID value=45
D 22:43:45.8414001 PowerTaskList.DebugPrintPower() -     FULL_ENTITY - Updating [entityName=UNKNOWN ENTITY [cardType=INVALID] id=46 zone=DECK zonePos=0 cardId= player=2] CardID=
D 22:43:45.8414001 PowerTaskList.DebugPrintPower() -         tag=ZONE value=DECK
D 22:43:45.8414001 PowerTaskList.DebugPrintPower() -         tag=CONTROLLER value=2
D 22:43:45.8414001 PowerTaskList.DebugPrintPower() -         tag=ENTITY_ID value=46
D 22:43:45.8414001 PowerTaskList.DebugPrintPower() -     FULL_ENTITY - Updating [entityName=UNKNOWN ENTITY [cardType=INVALID] id=47 zone=DECK zonePos=0 cardId= player=2] CardID=
D 22:43:45.8414001 PowerTaskList.DebugPrintPower() -         tag=ZONE value=DECK
D 22:43:45.8414001 PowerTaskList.DebugPrintPower() -         tag=CONTROLLER value=2
D 22:43:45.8414001 PowerTaskList.DebugPrintPower() -         tag=ENTITY_ID value=47
D 22:43:45.8414001 PowerTaskList.DebugPrintPower() -     FULL_ENTITY - Updating [entityName=UNKNOWN ENTITY [cardType=INVALID] id=48 zone=DECK zonePos=0 cardId= player=2] CardID=
D 22:43:45.8414001 PowerTaskList.DebugPrintPower() -         tag=ZONE value=DECK
D 22:43:45.8414001 PowerTaskList.DebugPrintPower() -         tag=CONTROLLER value=2
D 22:43:45.8414001 PowerTaskList.DebugPrintPower() -         tag=ENTITY_ID value=48
D 22:43:45.8414001 PowerTaskList.DebugPrintPower() -     FULL_ENTITY - Updating [entityName=UNKNOWN ENTITY [cardType=INVALID] id=49 zone=DECK zonePos=0 cardId= player=2] CardID=
D 22:43:45.8414001 PowerTaskList.DebugPrintPower() -         tag=ZONE value=DECK
D 22:43:45.8414001 PowerTaskList.DebugPrintPower() -         tag=CONTROLLER value=2
D 22:43:45.8414001 PowerTaskList.DebugPrintPower() -         tag=ENTITY_ID value=49
D 22:43:45.8414001 PowerTaskList.DebugPrintPower() -     FULL_ENTITY - Updating [entityName=UNKNOWN ENTITY [cardType=INVALID] id=50 zone=DECK zonePos=0 cardId= player=2] CardID=
D 22:43:45.8414001 PowerTaskList.DebugPrintPower() -         tag=ZONE value=DECK
D 22:43:45.8414001 PowerTaskList.DebugPrintPower() -         tag=CONTROLLER value=2
D 22:43:45.8414001 PowerTaskList.DebugPrintPower() -         tag=ENTITY_ID value=50
D 22:43:45.8414001 PowerTaskList.DebugPrintPower() -     FULL_ENTITY - Updating [entityName=UNKNOWN ENTITY [cardType=INVALID] id=51 zone=DECK zonePos=0 cardId= player=2] CardID=
D 22:43:45.8414001 PowerTaskList.DebugPrintPower() -         tag=ZONE value=DECK
D 22:43:45.8414001 PowerTaskList.DebugPrintPower() -         tag=CONTROLLER value=2
D 22:43:45.8414001 PowerTaskList.DebugPrintPower() -         tag=ENTITY_ID value=51
D 22:43:45.8414001 PowerTaskList.DebugPrintPower() -     FULL_ENTITY - Updating [entityName=UNKNOWN ENTITY [cardType=INVALID] id=52 zone=DECK zonePos=0 cardId= player=2] CardID=
D 22:43:45.8414001 PowerTaskList.DebugPrintPower() -         tag=ZONE value=DECK
D 22:43:45.8414001 PowerTaskList.DebugPrintPower() -         tag=CONTROLLER value=2
D 22:43:45.8414001 PowerTaskList.DebugPrintPower() -         tag=ENTITY_ID value=52
D 22:43:45.8414001 PowerTaskList.DebugPrintPower() -     FULL_ENTITY - Updating [entityName=UNKNOWN ENTITY [cardType=INVALID] id=53 zone=DECK zonePos=0 cardId= player=2] CardID=
D 22:43:45.8414001 PowerTaskList.DebugPrintPower() -         tag=ZONE value=DECK
D 22:43:45.8414001 PowerTaskList.DebugPrintPower() -         tag=CONTROLLER value=2
D 22:43:45.8414001 PowerTaskList.DebugPrintPower() -         tag=ENTITY_ID value=53
D 22:43:45.8414001 PowerTaskList.DebugPrintPower() -     FULL_ENTITY - Updating [entityName=UNKNOWN ENTITY [cardType=INVALID] id=54 zone=DECK zonePos=0 cardId= player=2] CardID=
D 22:43:45.8414001 PowerTaskList.DebugPrintPower() -         tag=ZONE value=DECK
D 22:43:45.8414001 PowerTaskList.DebugPrintPower() -         tag=CONTROLLER value=2
D 22:43:45.8414001 PowerTaskList.DebugPrintPower() -         tag=ENTITY_ID value=54
D 22:43:45.8414001 PowerTaskList.DebugPrintPower() -     FULL_ENTITY - Updating [entityName=UNKNOWN ENTITY [cardType=INVALID] id=55 zone=DECK zonePos=0 cardId= player=2] CardID=
D 22:43:45.8414001 PowerTaskList.DebugPrintPower() -         tag=ZONE value=DECK
D 22:43:45.8414001 PowerTaskList.DebugPrintPower() -         tag=CONTROLLER value=2
D 22:43:45.8414001 PowerTaskList.DebugPrintPower() -         tag=ENTITY_ID value=55
D 22:43:45.8414001 PowerTaskList.DebugPrintPower() -     FULL_ENTITY - Updating [entityName=UNKNOWN ENTITY [cardType=INVALID] id=56 zone=DECK zonePos=0 cardId= player=2] CardID=
D 22:43:45.8414001 PowerTaskList.DebugPrintPower() -         tag=ZONE value=DECK
D 22:43:45.8414001 PowerTaskList.DebugPrintPower() -         tag=CONTROLLER value=2
D 22:43:45.8414001 PowerTaskList.DebugPrintPower() -         tag=ENTITY_ID value=56
D 22:43:45.8414001 PowerTaskList.DebugPrintPower() -     FULL_ENTITY - Updating [entityName=UNKNOWN ENTITY [cardType=INVALID] id=57 zone=DECK zonePos=0 cardId= player=2] CardID=
D 22:43:45.8414001 PowerTaskList.DebugPrintPower() -         tag=ZONE value=DECK
D 22:43:45.8414001 PowerTaskList.DebugPrintPower() -         tag=CONTROLLER value=2
D 22:43:45.8414001 PowerTaskList.DebugPrintPower() -         tag=ENTITY_ID value=57
D 22:43:45.8414001 PowerTaskList.DebugPrintPower() -     FULL_ENTITY - Updating [entityName=UNKNOWN ENTITY [cardType=INVALID] id=58 zone=DECK zonePos=0 cardId= player=2] CardID=
D 22:43:45.8414001 PowerTaskList.DebugPrintPower() -         tag=ZONE value=DECK
D 22:43:45.8414001 PowerTaskList.DebugPrintPower() -         tag=CONTROLLER value=2
D 22:43:45.8414001 PowerTaskList.DebugPrintPower() -         tag=ENTITY_ID value=58
D 22:43:45.8414001 PowerTaskList.DebugPrintPower() -     FULL_ENTITY - Updating [entityName=UNKNOWN ENTITY [cardType=INVALID] id=59 zone=DECK zonePos=0 cardId= player=2] CardID=
D 22:43:45.8414001 PowerTaskList.DebugPrintPower() -         tag=ZONE value=DECK
D 22:43:45.8414001 PowerTaskList.DebugPrintPower() -         tag=CONTROLLER value=2
D 22:43:45.8414001 PowerTaskList.DebugPrintPower() -         tag=ENTITY_ID value=59
D 22:43:45.8414001 PowerTaskList.DebugPrintPower() -     FULL_ENTITY - Updating [entityName=UNKNOWN ENTITY [cardType=INVALID] id=60 zone=DECK zonePos=0 cardId= player=2] CardID=
D 22:43:45.8414001 PowerTaskList.DebugPrintPower() -         tag=ZONE value=DECK
D 22:43:45.8414001 PowerTaskList.DebugPrintPower() -         tag=CONTROLLER value=2
D 22:43:45.8414001 PowerTaskList.DebugPrintPower() -         tag=ENTITY_ID value=60
D 22:43:45.8414001 PowerTaskList.DebugPrintPower() -     FULL_ENTITY - Updating [entityName=UNKNOWN ENTITY [cardType=INVALID] id=61 zone=DECK zonePos=0 cardId= player=2] CardID=
D 22:43:45.8414001 PowerTaskList.DebugPrintPower() -         tag=ZONE value=DECK
D 22:43:45.8414001 PowerTaskList.DebugPrintPower() -         tag=CONTROLLER value=2
D 22:43:45.8414001 PowerTaskList.DebugPrintPower() -         tag=ENTITY_ID value=61
D 22:43:45.8414001 PowerTaskList.DebugPrintPower() -     FULL_ENTITY - Updating [entityName=UNKNOWN ENTITY [cardType=INVALID] id=62 zone=DECK zonePos=0 cardId= player=2] CardID=
D 22:43:45.8414001 PowerTaskList.DebugPrintPower() -         tag=ZONE value=DECK
D 22:43:45.8414001 PowerTaskList.DebugPrintPower() -         tag=CONTROLLER value=2
D 22:43:45.8414001 PowerTaskList.DebugPrintPower() -         tag=ENTITY_ID value=62
D 22:43:45.8414001 PowerTaskList.DebugPrintPower() -     FULL_ENTITY - Updating [entityName=UNKNOWN ENTITY [cardType=INVALID] id=63 zone=DECK zonePos=0 cardId= player=2] CardID=
D 22:43:45.8414001 PowerTaskList.DebugPrintPower() -         tag=ZONE value=DECK
D 22:43:45.8414001 PowerTaskList.DebugPrintPower() -         tag=CONTROLLER value=2
D 22:43:45.8414001 PowerTaskList.DebugPrintPower() -         tag=ENTITY_ID value=63
D 22:43:45.8414001 PowerTaskList.DebugPrintPower() -     FULL_ENTITY - Updating [entityName=UNKNOWN ENTITY [cardType=INVALID] id=64 zone=DECK zonePos=0 cardId= player=2] CardID=
D 22:43:45.8414001 PowerTaskList.DebugPrintPower() -         tag=ZONE value=DECK
D 22:43:45.8414001 PowerTaskList.DebugPrintPower() -         tag=CONTROLLER value=2
D 22:43:45.8414001 PowerTaskList.DebugPrintPower() -         tag=ENTITY_ID value=64
D 22:43:45.8414001 PowerTaskList.DebugPrintPower() -     FULL_ENTITY - Updating [entityName=UNKNOWN ENTITY [cardType=INVALID] id=65 zone=DECK zonePos=0 cardId= player=2] CardID=
D 22:43:45.8414001 PowerTaskList.DebugPrintPower() -         tag=ZONE value=DECK
D 22:43:45.8414001 PowerTaskList.DebugPrintPower() -         tag=CONTROLLER value=2
D 22:43:45.8414001 PowerTaskList.DebugPrintPower() -         tag=ENTITY_ID value=65
D 22:43:45.8414001 PowerTaskList.DebugPrintPower() -     FULL_ENTITY - Updating [entityName=UNKNOWN ENTITY [cardType=INVALID] id=66 zone=DECK zonePos=0 cardId= player=2] CardID=
D 22:43:45.8414001 PowerTaskList.DebugPrintPower() -         tag=ZONE value=DECK
D 22:43:45.8414001 PowerTaskList.DebugPrintPower() -         tag=CONTROLLER value=2
D 22:43:45.8414001 PowerTaskList.DebugPrintPower() -         tag=ENTITY_ID value=66
D 22:43:45.8414001 PowerTaskList.DebugPrintPower() -     FULL_ENTITY - Updating [entityName=UNKNOWN ENTITY [cardType=INVALID] id=67 zone=DECK zonePos=0 cardId= player=2] CardID=
D 22:43:45.8414001 PowerTaskList.DebugPrintPower() -         tag=ZONE value=DECK
D 22:43:45.8414001 PowerTaskList.DebugPrintPower() -         tag=CONTROLLER value=2
D 22:43:45.8414001 PowerTaskList.DebugPrintPower() -         tag=ENTITY_ID value=67
D 22:43:45.8414001 PowerTaskList.DebugPrintPower() -     FULL_ENTITY - Updating [entityName=UNKNOWN ENTITY [cardType=INVALID] id=68 zone=DECK zonePos=0 cardId= player=2] CardID=
D 22:43:45.8414001 PowerTaskList.DebugPrintPower() -         tag=ZONE value=DECK
D 22:43:45.8414001 PowerTaskList.DebugPrintPower() -         tag=CONTROLLER value=2
D 22:43:45.8414001 PowerTaskList.DebugPrintPower() -         tag=ENTITY_ID value=68
D 22:43:45.8414001 PowerTaskList.DebugPrintPower() -     FULL_ENTITY - Updating [entityName=UNKNOWN ENTITY [cardType=INVALID] id=69 zone=DECK zonePos=0 cardId= player=2] CardID=
D 22:43:45.8414001 PowerTaskList.DebugPrintPower() -         tag=ZONE value=DECK
D 22:43:45.8414001 PowerTaskList.DebugPrintPower() -         tag=CONTROLLER value=2
D 22:43:45.8414001 PowerTaskList.DebugPrintPower() -         tag=ENTITY_ID value=69
D 22:43:45.8414001 PowerTaskList.DebugPrintPower() -     FULL_ENTITY - Updating [entityName=UNKNOWN ENTITY [cardType=INVALID] id=70 zone=DECK zonePos=0 cardId= player=2] CardID=
D 22:43:45.8414001 PowerTaskList.DebugPrintPower() -         tag=ZONE value=DECK
D 22:43:45.8414001 PowerTaskList.DebugPrintPower() -         tag=CONTROLLER value=2
D 22:43:45.8414001 PowerTaskList.DebugPrintPower() -         tag=ENTITY_ID value=70
D 22:43:45.8414001 PowerTaskList.DebugPrintPower() -     FULL_ENTITY - Updating [entityName=UNKNOWN ENTITY [cardType=INVALID] id=71 zone=DECK zonePos=0 cardId= player=2] CardID=
D 22:43:45.8414001 PowerTaskList.DebugPrintPower() -         tag=ZONE value=DECK
D 22:43:45.8414001 PowerTaskList.DebugPrintPower() -         tag=CONTROLLER value=2
D 22:43:45.8414001 PowerTaskList.DebugPrintPower() -         tag=ENTITY_ID value=71
D 22:43:45.8414001 PowerTaskList.DebugPrintPower() -     FULL_ENTITY - Updating [entityName=UNKNOWN ENTITY [cardType=INVALID] id=72 zone=DECK zonePos=0 cardId= player=2] CardID=
D 22:43:45.8414001 PowerTaskList.DebugPrintPower() -         tag=ZONE value=DECK
D 22:43:45.8414001 PowerTaskList.DebugPrintPower() -         tag=CONTROLLER value=2
D 22:43:45.8414001 PowerTaskList.DebugPrintPower() -         tag=ENTITY_ID value=72
D 22:43:45.8414001 PowerTaskList.DebugPrintPower() -     FULL_ENTITY - Updating [entityName=UNKNOWN ENTITY [cardType=INVALID] id=73 zone=DECK zonePos=0 cardId= player=2] CardID=
D 22:43:45.8414001 PowerTaskList.DebugPrintPower() -         tag=ZONE value=DECK
D 22:43:45.8414001 PowerTaskList.DebugPrintPower() -         tag=CONTROLLER value=2
D 22:43:45.8414001 PowerTaskList.DebugPrintPower() -         tag=ENTITY_ID value=73
D 22:43:45.8414001 PowerTaskList.DebugPrintPower() -     FULL_ENTITY - Updating [entityName=嘲风望月露娜拉 id=74 zone=PLAY zonePos=0 cardId=HERO_06bi player=1] CardID=HERO_06bi
D 22:43:45.8414001 PowerTaskList.DebugPrintPower() -         tag=CONTROLLER value=1
D 22:43:45.8414001 PowerTaskList.DebugPrintPower() -         tag=CARDTYPE value=HERO
D 22:43:45.8414001 PowerTaskList.DebugPrintPower() -         tag=HEALTH value=30
D 22:43:45.8414001 PowerTaskList.DebugPrintPower() -         tag=PREMIUM value=1
D 22:43:45.8414001 PowerTaskList.DebugPrintPower() -         tag=ZONE value=PLAY
D 22:43:45.8414001 PowerTaskList.DebugPrintPower() -         tag=ENTITY_ID value=74
D 22:43:45.8414001 PowerTaskList.DebugPrintPower() -         tag=CLASS value=DRUID
D 22:43:45.8414001 PowerTaskList.DebugPrintPower() -         tag=FACTION value=NEUTRAL
D 22:43:45.8414001 PowerTaskList.DebugPrintPower() -         tag=RARITY value=FREE
D 22:43:45.8414001 PowerTaskList.DebugPrintPower() -         tag=HERO_POWER value=66926
D 22:43:45.8414001 PowerTaskList.DebugPrintPower() -         tag=HIDE_WATERMARK value=1
D 22:43:45.8414001 PowerTaskList.DebugPrintPower() -         tag=SPAWN_TIME_COUNT value=1
D 22:43:45.8414001 PowerTaskList.DebugPrintPower() -         tag=EMOTECHARACTER value=20
D 22:43:45.8414001 PowerTaskList.DebugPrintPower() -         tag=HAS_ACTIVATE_POWER value=1
D 22:43:45.8414001 PowerTaskList.DebugPrintPower() -         tag=EMOTECLASS value=6
D 22:43:45.8414001 PowerTaskList.DebugPrintPower() -         tag=3085 value=30
D 22:43:45.8414001 PowerTaskList.DebugPrintPower() -     FULL_ENTITY - Updating [entityName=变形 id=75 zone=PLAY zonePos=0 cardId=HERO_06ebp player=1] CardID=HERO_06ebp
D 22:43:45.8414001 PowerTaskList.DebugPrintPower() -         tag=CONTROLLER value=1
D 22:43:45.8414001 PowerTaskList.DebugPrintPower() -         tag=CARDTYPE value=HERO_POWER
D 22:43:45.8414001 PowerTaskList.DebugPrintPower() -         tag=TAG_LAST_KNOWN_COST_IN_HAND value=2
D 22:43:45.8414001 PowerTaskList.DebugPrintPower() -         tag=COST value=2
D 22:43:45.8414001 PowerTaskList.DebugPrintPower() -         tag=PREMIUM value=1
D 22:43:45.8414001 PowerTaskList.DebugPrintPower() -         tag=ZONE value=PLAY
D 22:43:45.8414001 PowerTaskList.DebugPrintPower() -         tag=ENTITY_ID value=75
D 22:43:45.8414001 PowerTaskList.DebugPrintPower() -         tag=CLASS value=DRUID
D 22:43:45.8414001 PowerTaskList.DebugPrintPower() -         tag=FACTION value=NEUTRAL
D 22:43:45.8414001 PowerTaskList.DebugPrintPower() -         tag=RARITY value=FREE
D 22:43:45.8414001 PowerTaskList.DebugPrintPower() -         tag=CREATOR value=74
D 22:43:45.8414001 PowerTaskList.DebugPrintPower() -         tag=1037 value=1
D 22:43:45.8414001 PowerTaskList.DebugPrintPower() -         tag=1086 value=66928
D 22:43:45.8414001 PowerTaskList.DebugPrintPower() -         tag=CREATOR_DBID value=123761
D 22:43:45.8414001 PowerTaskList.DebugPrintPower() -         tag=SPAWN_TIME_COUNT value=1
D 22:43:45.8414001 PowerTaskList.DebugPrintPower() -         tag=HAS_ACTIVATE_POWER value=1
D 22:43:45.8414001 PowerTaskList.DebugPrintPower() -     FULL_ENTITY - Updating [entityName=毁灭者加尔鲁什 id=76 zone=PLAY zonePos=0 cardId=HERO_01al_Garrosh player=2] CardID=HERO_01al_Garrosh
D 22:43:45.8414001 PowerTaskList.DebugPrintPower() -         tag=CONTROLLER value=2
D 22:43:45.8414001 PowerTaskList.DebugPrintPower() -         tag=CARDTYPE value=HERO
D 22:43:45.8414001 PowerTaskList.DebugPrintPower() -         tag=HEALTH value=30
D 22:43:45.8414001 PowerTaskList.DebugPrintPower() -         tag=ZONE value=PLAY
D 22:43:45.8414001 PowerTaskList.DebugPrintPower() -         tag=ENTITY_ID value=76
D 22:43:45.8414001 PowerTaskList.DebugPrintPower() -         tag=CLASS value=WARRIOR
D 22:43:45.8414001 PowerTaskList.DebugPrintPower() -         tag=FACTION value=NEUTRAL
D 22:43:45.8414001 PowerTaskList.DebugPrintPower() -         tag=RARITY value=FREE
D 22:43:45.8414001 PowerTaskList.DebugPrintPower() -         tag=HERO_POWER value=66836
D 22:43:45.8414001 PowerTaskList.DebugPrintPower() -         tag=HIDE_WATERMARK value=1
D 22:43:45.8414001 PowerTaskList.DebugPrintPower() -         tag=SPAWN_TIME_COUNT value=1
D 22:43:45.8414001 PowerTaskList.DebugPrintPower() -         tag=EMOTECHARACTER value=1
D 22:43:45.8414001 PowerTaskList.DebugPrintPower() -         tag=HAS_ACTIVATE_POWER value=1
D 22:43:45.8414001 PowerTaskList.DebugPrintPower() -         tag=EMOTECLASS value=1
D 22:43:45.8414001 PowerTaskList.DebugPrintPower() -         tag=3085 value=30
D 22:43:45.8414001 PowerTaskList.DebugPrintPower() -     FULL_ENTITY - Updating [entityName=全副武装！ id=77 zone=PLAY zonePos=0 cardId=HERO_01dbp player=2] CardID=HERO_01dbp
D 22:43:45.8414001 PowerTaskList.DebugPrintPower() -         tag=CONTROLLER value=2
D 22:43:45.8414001 PowerTaskList.DebugPrintPower() -         tag=CARDTYPE value=HERO_POWER
D 22:43:45.8414001 PowerTaskList.DebugPrintPower() -         tag=TAG_LAST_KNOWN_COST_IN_HAND value=2
D 22:43:45.8414001 PowerTaskList.DebugPrintPower() -         tag=COST value=2
D 22:43:45.8414001 PowerTaskList.DebugPrintPower() -         tag=ZONE value=PLAY
D 22:43:45.8414001 PowerTaskList.DebugPrintPower() -         tag=ENTITY_ID value=77
D 22:43:45.8414001 PowerTaskList.DebugPrintPower() -         tag=CLASS value=WARRIOR
D 22:43:45.8414001 PowerTaskList.DebugPrintPower() -         tag=FACTION value=NEUTRAL
D 22:43:45.8414001 PowerTaskList.DebugPrintPower() -         tag=RARITY value=FREE
D 22:43:45.8414001 PowerTaskList.DebugPrintPower() -         tag=CREATOR value=76
D 22:43:45.8414001 PowerTaskList.DebugPrintPower() -         tag=1037 value=2
D 22:43:45.8414001 PowerTaskList.DebugPrintPower() -         tag=1086 value=66837
D 22:43:45.8414001 PowerTaskList.DebugPrintPower() -         tag=CREATOR_DBID value=107736
D 22:43:45.8414001 PowerTaskList.DebugPrintPower() -         tag=SPAWN_TIME_COUNT value=1
D 22:43:45.8414001 PowerTaskList.DebugPrintPower() -         tag=HAS_ACTIVATE_POWER value=1
D 22:43:45.8414001 PowerTaskList.DebugPrintPower() -     TAG_CHANGE Entity=GameEntity tag=STATE value=RUNNING 
D 22:43:45.8414001 PowerTaskList.DebugPrintPower() -     TAG_CHANGE Entity=湫然#51704 tag=PLAYSTATE value=PLAYING 
D 22:43:45.8414001 PowerTaskList.DebugPrintPower() -     TAG_CHANGE Entity=UNKNOWN HUMAN PLAYER tag=PLAYSTATE value=PLAYING 
D 22:43:45.8414001 PowerTaskList.DebugDump() - Block End=(null)
D 22:43:45.8414001 PowerProcessor.PrepareHistoryForCurrentTaskList() - m_currentTaskList=1
D 22:43:45.9107538 GameState.DebugPrintEntityChoices() - id=1 Player=湫然#51704 TaskList=5 ChoiceType=MULLIGAN CountMin=0 CountMax=3
D 22:43:45.9107538 GameState.DebugPrintEntityChoices() -   Source=GameEntity
D 22:43:45.9107538 GameState.DebugPrintEntityChoices() -   Entities[0]=[entityName=UNKNOWN ENTITY [cardType=INVALID] id=25 zone=DECK zonePos=0 cardId= player=1]
D 22:43:45.9107538 GameState.DebugPrintEntityChoices() -   Entities[1]=[entityName=UNKNOWN ENTITY [cardType=INVALID] id=35 zone=DECK zonePos=0 cardId= player=1]
D 22:43:45.9107538 GameState.DebugPrintEntityChoices() -   Entities[2]=[entityName=UNKNOWN ENTITY [cardType=INVALID] id=24 zone=DECK zonePos=0 cardId= player=1]
D 22:43:45.9178236 GameState.DebugPrintPowerList() - Count=1
D 22:43:45.9178236 GameState.DebugPrintPower() - TAG_CHANGE Entity=UNKNOWN HUMAN PLAYER tag=MULLIGAN_STATE value=INPUT 
D 22:43:45.9249124 GameState.DebugPrintEntityChoices() - id=2 Player=元始天尊#51413 TaskList=6 ChoiceType=MULLIGAN CountMin=0 CountMax=5
D 22:43:45.9249124 GameState.DebugPrintEntityChoices() -   Source=GameEntity
D 22:43:45.9249124 GameState.DebugPrintEntityChoices() -   Entities[0]=[entityName=UNKNOWN ENTITY [cardType=INVALID] id=44 zone=DECK zonePos=0 cardId= player=2]
D 22:43:45.9249124 GameState.DebugPrintEntityChoices() -   Entities[1]=[entityName=UNKNOWN ENTITY [cardType=INVALID] id=68 zone=DECK zonePos=0 cardId= player=2]
D 22:43:45.9249124 GameState.DebugPrintEntityChoices() -   Entities[2]=[entityName=UNKNOWN ENTITY [cardType=INVALID] id=47 zone=DECK zonePos=0 cardId= player=2]
D 22:43:45.9249124 GameState.DebugPrintEntityChoices() -   Entities[3]=[entityName=UNKNOWN ENTITY [cardType=INVALID] id=69 zone=DECK zonePos=0 cardId= player=2]
D 22:43:45.9249124 GameState.DebugPrintEntityChoices() -   Entities[4]=[entityName=UNKNOWN ENTITY [cardType=INVALID] id=78 zone=HAND zonePos=5 cardId= player=2]
D 22:43:47.8666562 PowerProcessor.EndCurrentTaskList() - m_currentTaskList=1
D 22:43:47.8733915 PowerTaskList.DebugDump() - ID=2 ParentID=1 PreviousID=0 TaskCount=0
D 22:43:47.8733915 PowerTaskList.DebugPrintPower() - BLOCK_START BlockType=TRIGGER Entity=GameEntity EffectCardId=System.Collections.Generic.List`1[System.String] EffectIndex=6 Target=0 SubOption=-1 TriggerKeyword=TAG_NOT_SET
D 22:43:47.8733915 PowerTaskList.DebugPrintPower() - BLOCK_END
D 22:43:47.8733915 PowerProcessor.PrepareHistoryForCurrentTaskList() - m_currentTaskList=2
D 22:43:47.8733915 PowerProcessor.EndCurrentTaskList() - m_currentTaskList=2
D 22:43:47.8733915 PowerTaskList.DebugDump() - ID=3 ParentID=0 PreviousID=0 TaskCount=57
D 22:43:47.8733915 PowerTaskList.DebugPrintPower() - BLOCK_START BlockType=TRIGGER Entity=GameEntity EffectCardId=System.Collections.Generic.List`1[System.String] EffectIndex=-1 Target=0 SubOption=-1 TriggerKeyword=TAG_NOT_SET
D 22:43:47.8733915 PowerTaskList.DebugPrintPower() -     TAG_CHANGE Entity=湫然#51704 tag=CURRENT_PLAYER value=1 
D 22:43:47.8733915 PowerTaskList.DebugPrintPower() -     TAG_CHANGE Entity=湫然#51704 tag=FIRST_PLAYER value=1 
D 22:43:47.8733915 PowerTaskList.DebugPrintPower() -     TAG_CHANGE Entity=GameEntity tag=TURN value=1 
D 22:43:47.8733915 PowerTaskList.DebugPrintPower() -     TAG_CHANGE Entity=湫然#51704 tag=2166 value=25 
D 22:43:47.8733915 PowerTaskList.DebugPrintPower() -     TAG_CHANGE Entity=湫然#51704 tag=467 value=3 
D 22:43:47.8733915 PowerTaskList.DebugPrintPower() -     SHOW_ENTITY - Updating Entity=[entityName=UNKNOWN ENTITY [cardType=INVALID] id=25 zone=DECK zonePos=0 cardId= player=1] CardID=TIME_701
D 22:43:47.8733915 PowerTaskList.DebugPrintPower() -         tag=CONTROLLER value=1
D 22:43:47.8733915 PowerTaskList.DebugPrintPower() -         tag=CARDTYPE value=SPELL
D 22:43:47.8733915 PowerTaskList.DebugPrintPower() -         tag=TAG_LAST_KNOWN_COST_IN_HAND value=1
D 22:43:47.8733915 PowerTaskList.DebugPrintPower() -         tag=COST value=1
D 22:43:47.8733915 PowerTaskList.DebugPrintPower() -         tag=ZONE value=HAND
D 22:43:47.8733915 PowerTaskList.DebugPrintPower() -         tag=ENTITY_ID value=25
D 22:43:47.8733915 PowerTaskList.DebugPrintPower() -         tag=CLASS value=DRUID
D 22:43:47.8733915 PowerTaskList.DebugPrintPower() -         tag=RARITY value=RARE
D 22:43:47.8733915 PowerTaskList.DebugPrintPower() -         tag=DISCOVER value=1
D 22:43:47.8733915 PowerTaskList.DebugPrintPower() -         tag=478 value=1
D 22:43:47.8733915 PowerTaskList.DebugPrintPower() -         tag=1043 value=1
D 22:43:47.8733915 PowerTaskList.DebugPrintPower() -         tag=1068 value=0
D 22:43:47.8733915 PowerTaskList.DebugPrintPower() -         tag=USE_DISCOVER_VISUALS value=1
D 22:43:47.8733915 PowerTaskList.DebugPrintPower() -         tag=SPAWN_TIME_COUNT value=1
D 22:43:47.8733915 PowerTaskList.DebugPrintPower() -         tag=SPELL_SCHOOL value=4
D 22:43:47.8733915 PowerTaskList.DebugPrintPower() -     TAG_CHANGE Entity=[entityName=UNKNOWN ENTITY [cardType=INVALID] id=25 zone=DECK zonePos=0 cardId= player=1] tag=NUM_TURNS_IN_HAND value=1 
D 22:43:47.8733915 PowerTaskList.DebugPrintPower() -     TAG_CHANGE Entity=[entityName=UNKNOWN ENTITY [cardType=INVALID] id=25 zone=DECK zonePos=0 cardId= player=1] tag=ZONE_POSITION value=1 
D 22:43:47.8733915 PowerTaskList.DebugPrintPower() -     TAG_CHANGE Entity=[entityName=UNKNOWN ENTITY [cardType=INVALID] id=25 zone=DECK zonePos=0 cardId= player=1] tag=ZONE_POSITION value=0 
D 22:43:47.8733915 PowerTaskList.DebugPrintPower() -     TAG_CHANGE Entity=[entityName=UNKNOWN ENTITY [cardType=INVALID] id=25 zone=DECK zonePos=0 cardId= player=1] tag=ZONE_POSITION value=1 
D 22:43:47.8733915 PowerTaskList.DebugPrintPower() -     TAG_CHANGE Entity=湫然#51704 tag=2166 value=35 
D 22:43:47.8733915 PowerTaskList.DebugPrintPower() -     TAG_CHANGE Entity=湫然#51704 tag=467 value=2 
D 22:43:47.8733915 PowerTaskList.DebugPrintPower() -     SHOW_ENTITY - Updating Entity=[entityName=UNKNOWN ENTITY [cardType=INVALID] id=35 zone=DECK zonePos=0 cardId= player=1] CardID=CS2_008
D 22:43:47.8733915 PowerTaskList.DebugPrintPower() -         tag=CONTROLLER value=1
D 22:43:47.8733915 PowerTaskList.DebugPrintPower() -         tag=CARDTYPE value=SPELL
D 22:43:47.8733915 PowerTaskList.DebugPrintPower() -         tag=PREMIUM value=1
D 22:43:47.8733915 PowerTaskList.DebugPrintPower() -         tag=ZONE value=HAND
D 22:43:47.8733915 PowerTaskList.DebugPrintPower() -         tag=ENTITY_ID value=35
D 22:43:47.8733915 PowerTaskList.DebugPrintPower() -         tag=CLASS value=DRUID
D 22:43:47.8733915 PowerTaskList.DebugPrintPower() -         tag=FACTION value=NEUTRAL
D 22:43:47.8733915 PowerTaskList.DebugPrintPower() -         tag=RARITY value=FREE
D 22:43:47.8733915 PowerTaskList.DebugPrintPower() -         tag=478 value=1
D 22:43:47.8733915 PowerTaskList.DebugPrintPower() -         tag=1043 value=1
D 22:43:47.8733915 PowerTaskList.DebugPrintPower() -         tag=1068 value=0
D 22:43:47.8733915 PowerTaskList.DebugPrintPower() -         tag=SPAWN_TIME_COUNT value=1
D 22:43:47.8733915 PowerTaskList.DebugPrintPower() -         tag=SPELL_SCHOOL value=1
D 22:43:47.8733915 PowerTaskList.DebugPrintPower() -     TAG_CHANGE Entity=[entityName=UNKNOWN ENTITY [cardType=INVALID] id=35 zone=DECK zonePos=0 cardId= player=1] tag=NUM_TURNS_IN_HAND value=1 
D 22:43:47.8733915 PowerTaskList.DebugPrintPower() -     TAG_CHANGE Entity=[entityName=UNKNOWN ENTITY [cardType=INVALID] id=35 zone=DECK zonePos=0 cardId= player=1] tag=ZONE_POSITION value=2 
D 22:43:47.8733915 PowerTaskList.DebugPrintPower() -     TAG_CHANGE Entity=[entityName=UNKNOWN ENTITY [cardType=INVALID] id=35 zone=DECK zonePos=0 cardId= player=1] tag=ZONE_POSITION value=0 
D 22:43:47.8733915 PowerTaskList.DebugPrintPower() -     TAG_CHANGE Entity=[entityName=UNKNOWN ENTITY [cardType=INVALID] id=35 zone=DECK zonePos=0 cardId= player=1] tag=ZONE_POSITION value=2 
D 22:43:47.8733915 PowerTaskList.DebugPrintPower() -     TAG_CHANGE Entity=湫然#51704 tag=2166 value=24 
D 22:43:47.8733915 PowerTaskList.DebugPrintPower() -     TAG_CHANGE Entity=湫然#51704 tag=467 value=1 
D 22:43:47.8733915 PowerTaskList.DebugPrintPower() -     SHOW_ENTITY - Updating Entity=[entityName=UNKNOWN ENTITY [cardType=INVALID] id=24 zone=DECK zonePos=0 cardId= player=1] CardID=JAIL_718
D 22:43:47.8733915 PowerTaskList.DebugPrintPower() -         tag=CONTROLLER value=1
D 22:43:47.8733915 PowerTaskList.DebugPrintPower() -         tag=CARDTYPE value=MINION
D 22:43:47.8733915 PowerTaskList.DebugPrintPower() -         tag=TAG_LAST_KNOWN_COST_IN_HAND value=9
D 22:43:47.8733915 PowerTaskList.DebugPrintPower() -         tag=479 value=4
D 22:43:47.8733915 PowerTaskList.DebugPrintPower() -         tag=COST value=9
D 22:43:47.8733915 PowerTaskList.DebugPrintPower() -         tag=ATK value=4
D 22:43:47.8733915 PowerTaskList.DebugPrintPower() -         tag=HEALTH value=4
D 22:43:47.8733915 PowerTaskList.DebugPrintPower() -         tag=TRIGGER_VISUAL value=1
D 22:43:47.8733915 PowerTaskList.DebugPrintPower() -         tag=ZONE value=HAND
D 22:43:47.8733915 PowerTaskList.DebugPrintPower() -         tag=ENTITY_ID value=24
D 22:43:47.8733915 PowerTaskList.DebugPrintPower() -         tag=CLASS value=NEUTRAL
D 22:43:47.8733915 PowerTaskList.DebugPrintPower() -         tag=RARITY value=EPIC
D 22:43:47.8733915 PowerTaskList.DebugPrintPower() -         tag=478 value=1
D 22:43:47.8733915 PowerTaskList.DebugPrintPower() -         tag=1043 value=1
D 22:43:47.8733915 PowerTaskList.DebugPrintPower() -         tag=1068 value=0
D 22:43:47.8733915 PowerTaskList.DebugPrintPower() -         tag=SPAWN_TIME_COUNT value=1
D 22:43:47.8733915 PowerTaskList.DebugPrintPower() -         tag=DECK_ACTION_COST value=1
D 22:43:47.8733915 PowerTaskList.DebugPrintPower() -         tag=HAS_SIGNATURE_QUALITY value=1
D 22:43:47.8733915 PowerTaskList.DebugPrintPower() -         tag=HAS_ACTIVATE_POWER value=1
D 22:43:47.8733915 PowerTaskList.DebugPrintPower() -         tag=3085 value=4
D 22:43:47.8733915 PowerTaskList.DebugPrintPower() -         tag=PREPARE value=1
D 22:43:47.8733915 PowerTaskList.DebugPrintPower() -         tag=4472 value=4
D 22:43:47.8733915 PowerTaskList.DebugPrintPower() -     TAG_CHANGE Entity=[entityName=UNKNOWN ENTITY [cardType=INVALID] id=24 zone=DECK zonePos=0 cardId= player=1] tag=NUM_TURNS_IN_HAND value=1 
D 22:43:47.8733915 PowerTaskList.DebugPrintPower() -     TAG_CHANGE Entity=[entityName=UNKNOWN ENTITY [cardType=INVALID] id=24 zone=DECK zonePos=0 cardId= player=1] tag=ZONE_POSITION value=3 
D 22:43:47.8733915 PowerTaskList.DebugPrintPower() -     TAG_CHANGE Entity=[entityName=UNKNOWN ENTITY [cardType=INVALID] id=24 zone=DECK zonePos=0 cardId= player=1] tag=ZONE_POSITION value=0 
D 22:43:47.8733915 PowerTaskList.DebugPrintPower() -     TAG_CHANGE Entity=[entityName=UNKNOWN ENTITY [cardType=INVALID] id=24 zone=DECK zonePos=0 cardId= player=1] tag=ZONE_POSITION value=3 
D 22:43:47.8733915 PowerTaskList.DebugPrintPower() -     TAG_CHANGE Entity=湫然#51704 tag=467 value=0 
D 22:43:47.8733915 PowerTaskList.DebugPrintPower() -     TAG_CHANGE Entity=湫然#51704 tag=NUM_TURNS_LEFT value=1 
D 22:43:47.8733915 PowerTaskList.DebugPrintPower() -     TAG_CHANGE Entity=元始天尊#51413 tag=2166 value=44 
D 22:43:47.8733915 PowerTaskList.DebugPrintPower() -     TAG_CHANGE Entity=元始天尊#51413 tag=467 value=4 
D 22:43:47.8733915 PowerTaskList.DebugPrintPower() -     TAG_CHANGE Entity=[entityName=UNKNOWN ENTITY [cardType=INVALID] id=44 zone=DECK zonePos=0 cardId= player=2] tag=ZONE value=HAND 
D 22:43:47.8733915 PowerTaskList.DebugPrintPower() -     TAG_CHANGE Entity=[entityName=UNKNOWN ENTITY [cardType=INVALID] id=44 zone=DECK zonePos=0 cardId= player=2] tag=ZONE_POSITION value=1 
D 22:43:47.8733915 PowerTaskList.DebugPrintPower() -     TAG_CHANGE Entity=[entityName=UNKNOWN ENTITY [cardType=INVALID] id=44 zone=DECK zonePos=0 cardId= player=2] tag=ZONE_POSITION value=0 
D 22:43:47.8733915 PowerTaskList.DebugPrintPower() -     TAG_CHANGE Entity=[entityName=UNKNOWN ENTITY [cardType=INVALID] id=44 zone=DECK zonePos=0 cardId= player=2] tag=ZONE_POSITION value=1 
D 22:43:47.8733915 PowerTaskList.DebugPrintPower() -     TAG_CHANGE Entity=元始天尊#51413 tag=2166 value=68 
D 22:43:47.8733915 PowerTaskList.DebugPrintPower() -     TAG_CHANGE Entity=元始天尊#51413 tag=467 value=3 
D 22:43:47.8733915 PowerTaskList.DebugPrintPower() -     TAG_CHANGE Entity=[entityName=UNKNOWN ENTITY [cardType=INVALID] id=68 zone=DECK zonePos=0 cardId= player=2] tag=ZONE value=HAND 
D 22:43:47.8733915 PowerTaskList.DebugPrintPower() -     TAG_CHANGE Entity=[entityName=UNKNOWN ENTITY [cardType=INVALID] id=68 zone=DECK zonePos=0 cardId= player=2] tag=ZONE_POSITION value=2 
D 22:43:47.8733915 PowerTaskList.DebugPrintPower() -     TAG_CHANGE Entity=[entityName=UNKNOWN ENTITY [cardType=INVALID] id=68 zone=DECK zonePos=0 cardId= player=2] tag=ZONE_POSITION value=0 
D 22:43:47.8733915 PowerTaskList.DebugPrintPower() -     TAG_CHANGE Entity=[entityName=UNKNOWN ENTITY [cardType=INVALID] id=68 zone=DECK zonePos=0 cardId= player=2] tag=ZONE_POSITION value=2 
D 22:43:47.8733915 PowerTaskList.DebugPrintPower() -     TAG_CHANGE Entity=元始天尊#51413 tag=2166 value=47 
D 22:43:47.8733915 PowerTaskList.DebugPrintPower() -     TAG_CHANGE Entity=元始天尊#51413 tag=467 value=2 
D 22:43:47.8733915 PowerTaskList.DebugPrintPower() -     TAG_CHANGE Entity=[entityName=UNKNOWN ENTITY [cardType=INVALID] id=47 zone=DECK zonePos=0 cardId= player=2] tag=ZONE value=HAND 
D 22:43:47.8733915 PowerTaskList.DebugPrintPower() -     TAG_CHANGE Entity=[entityName=UNKNOWN ENTITY [cardType=INVALID] id=47 zone=DECK zonePos=0 cardId= player=2] tag=ZONE_POSITION value=3 
D 22:43:47.8733915 PowerTaskList.DebugPrintPower() -     TAG_CHANGE Entity=[entityName=UNKNOWN ENTITY [cardType=INVALID] id=47 zone=DECK zonePos=0 cardId= player=2] tag=ZONE_POSITION value=0 
D 22:43:47.8733915 PowerTaskList.DebugPrintPower() -     TAG_CHANGE Entity=[entityName=UNKNOWN ENTITY [cardType=INVALID] id=47 zone=DECK zonePos=0 cardId= player=2] tag=ZONE_POSITION value=3 
D 22:43:47.8733915 PowerTaskList.DebugPrintPower() -     TAG_CHANGE Entity=元始天尊#51413 tag=2166 value=69 
D 22:43:47.8733915 PowerTaskList.DebugPrintPower() -     TAG_CHANGE Entity=元始天尊#51413 tag=467 value=1 
D 22:43:47.8733915 PowerTaskList.DebugPrintPower() -     TAG_CHANGE Entity=[entityName=UNKNOWN ENTITY [cardType=INVALID] id=69 zone=DECK zonePos=0 cardId= player=2] tag=ZONE value=HAND 
D 22:43:47.8733915 PowerTaskList.DebugPrintPower() -     TAG_CHANGE Entity=[entityName=UNKNOWN ENTITY [cardType=INVALID] id=69 zone=DECK zonePos=0 cardId= player=2] tag=ZONE_POSITION value=4 
D 22:43:47.8733915 PowerTaskList.DebugPrintPower() -     TAG_CHANGE Entity=[entityName=UNKNOWN ENTITY [cardType=INVALID] id=69 zone=DECK zonePos=0 cardId= player=2] tag=ZONE_POSITION value=0 
D 22:43:47.8733915 PowerTaskList.DebugPrintPower() -     TAG_CHANGE Entity=[entityName=UNKNOWN ENTITY [cardType=INVALID] id=69 zone=DECK zonePos=0 cardId= player=2] tag=ZONE_POSITION value=4 
D 22:43:47.8733915 PowerTaskList.DebugPrintPower() -     TAG_CHANGE Entity=元始天尊#51413 tag=467 value=0 
D 22:43:47.8733915 PowerTaskList.DebugPrintPower() -     TAG_CHANGE Entity=元始天尊#51413 tag=NUM_TURNS_LEFT value=1 
D 22:43:47.8733915 PowerTaskList.DebugPrintPower() -     FULL_ENTITY - Updating [entityName=UNKNOWN ENTITY [cardType=INVALID] id=78 zone=HAND zonePos=5 cardId= player=2] CardID=
D 22:43:47.8733915 PowerTaskList.DebugPrintPower() -         tag=ZONE value=HAND
D 22:43:47.8733915 PowerTaskList.DebugPrintPower() -         tag=CONTROLLER value=2
D 22:43:47.8733915 PowerTaskList.DebugPrintPower() -         tag=ENTITY_ID value=78
D 22:43:47.8733915 PowerTaskList.DebugPrintPower() -         tag=ZONE_POSITION value=5
D 22:43:47.8733915 PowerTaskList.DebugPrintPower() -     TAG_CHANGE Entity=湫然#51704 tag=TIMEOUT value=45 
D 22:43:47.8733915 PowerTaskList.DebugPrintPower() -     TAG_CHANGE Entity=元始天尊#51413 tag=TIMEOUT value=45 
D 22:43:47.8733915 PowerTaskList.DebugPrintPower() -     TAG_CHANGE Entity=GameEntity tag=10 value=85 
D 22:43:47.8733915 PowerTaskList.DebugPrintPower() -     TAG_CHANGE Entity=GameEntity tag=NEXT_STEP value=BEGIN_MULLIGAN 
D 22:43:47.8733915 PowerTaskList.DebugPrintPower() - BLOCK_END
D 22:43:47.8733915 PowerProcessor.PrepareHistoryForCurrentTaskList() - m_currentTaskList=3
D 22:43:48.0378352 PowerProcessor.EndCurrentTaskList() - m_currentTaskList=3
D 22:43:48.0433805 PowerTaskList.DebugDump() - ID=4 ParentID=0 PreviousID=0 TaskCount=1
D 22:43:48.0433805 PowerTaskList.DebugDump() - Block Start=(null)
D 22:43:48.0433805 PowerTaskList.DebugPrintPower() -     TAG_CHANGE Entity=GameEntity tag=STEP value=BEGIN_MULLIGAN 
D 22:43:48.0433805 PowerTaskList.DebugDump() - Block End=(null)
D 22:43:48.0433805 PowerProcessor.PrepareHistoryForCurrentTaskList() - m_currentTaskList=4
D 22:43:48.0433805 PowerProcessor.EndCurrentTaskList() - m_currentTaskList=4
D 22:43:48.0433805 PowerTaskList.DebugDump() - ID=5 ParentID=4 PreviousID=0 TaskCount=1
D 22:43:48.0433805 PowerTaskList.DebugPrintPower() - BLOCK_START BlockType=TRIGGER Entity=GameEntity EffectCardId=System.Collections.Generic.List`1[System.String] EffectIndex=-1 Target=0 SubOption=-1 TriggerKeyword=TAG_NOT_SET
D 22:43:48.0433805 PowerTaskList.DebugPrintPower() -     TAG_CHANGE Entity=湫然#51704 tag=MULLIGAN_STATE value=INPUT 
D 22:43:48.0433805 PowerTaskList.DebugDump() - Block End=(null)
D 22:43:48.0433805 PowerProcessor.PrepareHistoryForCurrentTaskList() - m_currentTaskList=5
D 22:43:48.0433805 PowerProcessor.EndCurrentTaskList() - m_currentTaskList=5
D 22:43:48.0433805 PowerTaskList.DebugDump() - ID=6 ParentID=0 PreviousID=5 TaskCount=1
D 22:43:48.0433805 PowerTaskList.DebugDump() - Block Start=(null)
D 22:43:48.0433805 PowerTaskList.DebugPrintPower() -     TAG_CHANGE Entity=元始天尊#51413 tag=MULLIGAN_STATE value=INPUT 
D 22:43:48.0433805 PowerTaskList.DebugDump() - Block End=(null)
D 22:43:48.0433805 PowerProcessor.PrepareHistoryForCurrentTaskList() - m_currentTaskList=6
D 22:43:48.0433805 PowerProcessor.EndCurrentTaskList() - m_currentTaskList=6
D 22:44:06.1410675 GameState.DebugPrintEntitiesChosen() - id=2 Player=元始天尊#51413 EntitiesCount=2
D 22:44:06.1410675 GameState.DebugPrintEntitiesChosen() -   Entities[0]=[entityName=UNKNOWN ENTITY [cardType=INVALID] id=47 zone=HAND zonePos=3 cardId= player=2]
D 22:44:06.1410675 GameState.DebugPrintEntitiesChosen() -   Entities[1]=[entityName=UNKNOWN ENTITY [cardType=INVALID] id=69 zone=HAND zonePos=4 cardId= player=2]
D 22:44:07.9670179 GameState.SendChoices() - id=1 ChoiceType=MULLIGAN
D 22:44:07.9670179 GameState.SendChoices() -   m_chosenEntities[0]=[entityName=波涛形塑 id=25 zone=HAND zonePos=1 cardId=TIME_701 player=1]
D 22:44:07.9670179 GameState.SendChoices() -   m_chosenEntities[1]=[entityName=黑市拍卖师 id=24 zone=HAND zonePos=3 cardId=JAIL_718 player=1]
D 22:44:08.1471791 GameState.DebugPrintEntitiesChosen() - id=1 Player=湫然#51704 EntitiesCount=2
D 22:44:08.1471791 GameState.DebugPrintEntitiesChosen() -   Entities[0]=[entityName=波涛形塑 id=25 zone=HAND zonePos=1 cardId=TIME_701 player=1]
D 22:44:08.1471791 GameState.DebugPrintEntitiesChosen() -   Entities[1]=[entityName=黑市拍卖师 id=24 zone=HAND zonePos=3 cardId=JAIL_718 player=1]
D 22:44:08.2320498 GameState.DebugPrintPowerList() - Count=65
D 22:44:08.2320498 GameState.DebugPrintPower() - BLOCK_END
D 22:44:08.2320498 GameState.DebugPrintPower() - TAG_CHANGE Entity=元始天尊#51413 tag=MULLIGAN_STATE value=DEALING 
D 22:44:08.2320498 GameState.DebugPrintPower() - BLOCK_START BlockType=TRIGGER Entity=元始天尊#51413 EffectCardId=System.Collections.Generic.List`1[System.String] EffectIndex=-1 Target=0 SubOption=-1 TriggerKeyword=TAG_NOT_SET
D 22:44:08.2320498 GameState.DebugPrintPower() -     TAG_CHANGE Entity=[entityName=UNKNOWN ENTITY [cardType=INVALID] id=55 zone=DECK zonePos=0 cardId= player=2] tag=ZONE value=HAND 
D 22:44:08.2320498 GameState.DebugPrintPower() -     TAG_CHANGE Entity=[entityName=UNKNOWN ENTITY [cardType=INVALID] id=55 zone=DECK zonePos=0 cardId= player=2] tag=ZONE_POSITION value=1 
D 22:44:08.2320498 GameState.DebugPrintPower() -     TAG_CHANGE Entity=[entityName=UNKNOWN ENTITY [cardType=INVALID] id=44 zone=HAND zonePos=1 cardId= player=2] tag=ZONE_POSITION value=0 
D 22:44:08.2320498 GameState.DebugPrintPower() -     TAG_CHANGE Entity=[entityName=UNKNOWN ENTITY [cardType=INVALID] id=44 zone=HAND zonePos=1 cardId= player=2] tag=ZONE value=DECK 
D 22:44:08.2320498 GameState.DebugPrintPower() -     TAG_CHANGE Entity=[entityName=UNKNOWN ENTITY [cardType=INVALID] id=49 zone=DECK zonePos=0 cardId= player=2] tag=ZONE value=HAND 
D 22:44:08.2320498 GameState.DebugPrintPower() -     TAG_CHANGE Entity=[entityName=UNKNOWN ENTITY [cardType=INVALID] id=49 zone=DECK zonePos=0 cardId= player=2] tag=ZONE_POSITION value=2 
D 22:44:08.2320498 GameState.DebugPrintPower() -     TAG_CHANGE Entity=[entityName=UNKNOWN ENTITY [cardType=INVALID] id=68 zone=HAND zonePos=2 cardId= player=2] tag=ZONE_POSITION value=0 
D 22:44:08.2320498 GameState.DebugPrintPower() -     TAG_CHANGE Entity=[entityName=UNKNOWN ENTITY [cardType=INVALID] id=68 zone=HAND zonePos=2 cardId= player=2] tag=ZONE value=DECK 
D 22:44:08.2320498 GameState.DebugPrintPower() -     TAG_CHANGE Entity=元始天尊#51413 tag=MULLIGAN_STATE value=WAITING 
D 22:44:08.2320498 GameState.DebugPrintPower() - BLOCK_END
D 22:44:08.2320498 GameState.DebugPrintPower() - BLOCK_START BlockType=TRIGGER Entity=元始天尊#51413 EffectCardId=System.Collections.Generic.List`1[System.String] EffectIndex=-1 Target=0 SubOption=-1 TriggerKeyword=TAG_NOT_SET
D 22:44:08.2320498 GameState.DebugPrintPower() -     TAG_CHANGE Entity=元始天尊#51413 tag=MULLIGAN_STATE value=DONE 
D 22:44:08.2320498 GameState.DebugPrintPower() - BLOCK_END
D 22:44:08.2320498 GameState.DebugPrintPower() - TAG_CHANGE Entity=湫然#51704 tag=MULLIGAN_STATE value=DEALING 
D 22:44:08.2320498 GameState.DebugPrintPower() - BLOCK_START BlockType=TRIGGER Entity=湫然#51704 EffectCardId=System.Collections.Generic.List`1[System.String] EffectIndex=-1 Target=0 SubOption=-1 TriggerKeyword=TAG_NOT_SET
D 22:44:08.2320498 GameState.DebugPrintPower() -     SHOW_ENTITY - Updating Entity=[entityName=UNKNOWN ENTITY [cardType=INVALID] id=12 zone=DECK zonePos=0 cardId= player=1] CardID=SC_753
D 22:44:08.2320498 GameState.DebugPrintPower() -         tag=CONTROLLER value=1
D 22:44:08.2320498 GameState.DebugPrintPower() -         tag=CARDTYPE value=SPELL
D 22:44:08.2320498 GameState.DebugPrintPower() -         tag=TAG_LAST_KNOWN_COST_IN_HAND value=2
D 22:44:08.2320498 GameState.DebugPrintPower() -         tag=COST value=2
D 22:44:08.2320498 GameState.DebugPrintPower() -         tag=ZONE value=HAND
D 22:44:08.2320498 GameState.DebugPrintPower() -         tag=ENTITY_ID value=12
D 22:44:08.2320498 GameState.DebugPrintPower() -         tag=RARITY value=COMMON
D 22:44:08.2320498 GameState.DebugPrintPower() -         tag=MULTIPLE_CLASSES value=106
D 22:44:08.2320498 GameState.DebugPrintPower() -         tag=478 value=1
D 22:44:08.2320498 GameState.DebugPrintPower() -         tag=1037 value=1
D 22:44:08.2320498 GameState.DebugPrintPower() -         tag=1043 value=1
D 22:44:08.2320498 GameState.DebugPrintPower() -         tag=1068 value=0
D 22:44:08.2320498 GameState.DebugPrintPower() -         tag=SPAWN_TIME_COUNT value=1
D 22:44:08.2320498 GameState.DebugPrintPower() -         tag=1724 value=1
D 22:44:08.2320498 GameState.DebugPrintPower() -         tag=MINI_SET value=1
D 22:44:08.2320498 GameState.DebugPrintPower() -         tag=PROTOSS value=1
D 22:44:08.2320498 GameState.DebugPrintPower() -     TAG_CHANGE Entity=[entityName=UNKNOWN ENTITY [cardType=INVALID] id=12 zone=DECK zonePos=0 cardId= player=1] tag=NUM_TURNS_IN_HAND value=1 
D 22:44:08.2320498 GameState.DebugPrintPower() -     TAG_CHANGE Entity=[entityName=UNKNOWN ENTITY [cardType=INVALID] id=12 zone=DECK zonePos=0 cardId= player=1] tag=ZONE_POSITION value=2 
D 22:44:08.2320498 GameState.DebugPrintPower() -     TAG_CHANGE Entity=[entityName=月火术 id=35 zone=HAND zonePos=2 cardId=CS2_008 player=1] tag=1068 value=2 
D 22:44:08.2320498 GameState.DebugPrintPower() -     TAG_CHANGE Entity=[entityName=月火术 id=35 zone=HAND zonePos=2 cardId=CS2_008 player=1] tag=1068 value=0 
D 22:44:08.2320498 GameState.DebugPrintPower() -     TAG_CHANGE Entity=[entityName=月火术 id=35 zone=HAND zonePos=2 cardId=CS2_008 player=1] tag=1037 value=1 
D 22:44:08.2320498 GameState.DebugPrintPower() -     TAG_CHANGE Entity=[entityName=月火术 id=35 zone=HAND zonePos=2 cardId=CS2_008 player=1] tag=ZONE_POSITION value=0 
D 22:44:08.2320498 GameState.DebugPrintPower() -     TAG_CHANGE Entity=[entityName=月火术 id=35 zone=HAND zonePos=2 cardId=CS2_008 player=1] tag=1043 value=0 
D 22:44:08.2320498 GameState.DebugPrintPower() -     HIDE_ENTITY - Entity=[entityName=月火术 id=35 zone=HAND zonePos=2 cardId=CS2_008 player=1] tag=ZONE value=DECK
D 22:44:08.2320498 GameState.DebugPrintPower() -     TAG_CHANGE Entity=[entityName=月火术 id=35 zone=HAND zonePos=2 cardId=CS2_008 player=1] tag=ZONE value=DECK 
D 22:44:08.2320498 GameState.DebugPrintPower() -     TAG_CHANGE Entity=湫然#51704 tag=MULLIGAN_STATE value=WAITING 
D 22:44:08.2320498 GameState.DebugPrintPower() - BLOCK_END
D 22:44:08.2320498 GameState.DebugPrintPower() - BLOCK_START BlockType=TRIGGER Entity=湫然#51704 EffectCardId=System.Collections.Generic.List`1[System.String] EffectIndex=-1 Target=0 SubOption=-1 TriggerKeyword=TAG_NOT_SET
D 22:44:08.2320498 GameState.DebugPrintPower() -     TAG_CHANGE Entity=湫然#51704 tag=MULLIGAN_STATE value=DONE 
D 22:44:08.2320498 GameState.DebugPrintPower() -     SHUFFLE_DECK PlayerID=1
D 22:44:08.2320498 GameState.DebugPrintPower() -     SHUFFLE_DECK PlayerID=2
D 22:44:08.2320498 GameState.DebugPrintPower() -     TAG_CHANGE Entity=湫然#51704 tag=TURN value=1 
D 22:44:08.2320498 GameState.DebugPrintPower() -     TAG_CHANGE Entity=GameEntity tag=NEXT_STEP value=MAIN_READY 
D 22:44:08.2320498 GameState.DebugPrintPower() - BLOCK_END
D 22:44:08.2320498 GameState.DebugPrintPower() - BLOCK_START BlockType=TRIGGER Entity=[entityName=UNKNOWN ENTITY [cardType=INVALID] id=57 zone=DECK zonePos=0 cardId= player=2] EffectCardId=System.Collections.Generic.List`1[System.String] EffectIndex=3 Target=0 SubOption=-1 TriggerKeyword=TAG_NOT_SET
D 22:44:08.2320498 GameState.DebugPrintPower() -     SHOW_ENTITY - Updating Entity=[entityName=UNKNOWN ENTITY [cardType=INVALID] id=57 zone=DECK zonePos=0 cardId= player=2] CardID=JAIL_384
D 22:44:08.2320498 GameState.DebugPrintPower() -         tag=CONTROLLER value=2
D 22:44:08.2320498 GameState.DebugPrintPower() -         tag=CARDTYPE value=MINION
D 22:44:08.2320498 GameState.DebugPrintPower() -         tag=TAG_LAST_KNOWN_COST_IN_HAND value=8
D 22:44:08.2320498 GameState.DebugPrintPower() -         tag=479 value=10
D 22:44:08.2320498 GameState.DebugPrintPower() -         tag=COST value=8
D 22:44:08.2320498 GameState.DebugPrintPower() -         tag=ATK value=10
D 22:44:08.2320498 GameState.DebugPrintPower() -         tag=HEALTH value=10
D 22:44:08.2320498 GameState.DebugPrintPower() -         tag=ZONE value=DECK
D 22:44:08.2320498 GameState.DebugPrintPower() -         tag=ENTITY_ID value=57
D 22:44:08.2320498 GameState.DebugPrintPower() -         tag=ELITE value=1
D 22:44:08.2320498 GameState.DebugPrintPower() -         tag=TAUNT value=1
D 22:44:08.2320498 GameState.DebugPrintPower() -         tag=CLASS value=WARRIOR
D 22:44:08.2320498 GameState.DebugPrintPower() -         tag=RARITY value=LEGENDARY
D 22:44:08.2320498 GameState.DebugPrintPower() -         tag=REVEALED value=1
D 22:44:08.2320498 GameState.DebugPrintPower() -         tag=478 value=2
D 22:44:08.2320498 GameState.DebugPrintPower() -         tag=START_OF_GAME_KEYWORD value=1
D 22:44:08.2320498 GameState.DebugPrintPower() -         tag=1043 value=1
D 22:44:08.2320498 GameState.DebugPrintPower() -         tag=1068 value=0
D 22:44:08.2320498 GameState.DebugPrintPower() -         tag=SPAWN_TIME_COUNT value=1
D 22:44:08.2320498 GameState.DebugPrintPower() -         tag=HAS_SIGNATURE_QUALITY value=1
D 22:44:08.2320498 GameState.DebugPrintPower() -         tag=HAS_ACTIVATE_POWER value=1
D 22:44:08.2320498 GameState.DebugPrintPower() -         tag=2936 value=1
D 22:44:08.2320498 GameState.DebugPrintPower() -         tag=3085 value=10
D 22:44:08.2320498 GameState.DebugPrintPower() -         tag=4472 value=10
D 22:44:08.2320498 GameState.DebugPrintPower() -         tag=4818 value=1
D 22:44:08.2320498 GameState.DebugPrintPower() - BLOCK_END
D 22:44:08.2320498 GameState.DebugPrintPower() - BLOCK_START BlockType=TRIGGER Entity=[entityName=UNKNOWN ENTITY [cardType=INVALID] id=33 zone=DECK zonePos=0 cardId= player=1] EffectCardId=System.Collections.Generic.List`1[System.String] EffectIndex=1 Target=0 SubOption=-1 TriggerKeyword=1724
D 22:44:08.2320498 GameState.DebugPrintPower() -     FULL_ENTITY - Creating ID=79 CardID=
D 22:44:08.2320498 GameState.DebugPrintPower() -         tag=ZONE value=SETASIDE
D 22:44:08.2320498 GameState.DebugPrintPower() -         tag=CONTROLLER value=1
D 22:44:08.2320498 GameState.DebugPrintPower() -         tag=ENTITY_ID value=79
D 22:44:08.2320498 GameState.DebugPrintPower() -     SHOW_ENTITY - Updating Entity=79 CardID=VAC_422e
D 22:44:08.2320498 GameState.DebugPrintPower() -         tag=CONTROLLER value=1
D 22:44:08.2320498 GameState.DebugPrintPower() -         tag=CARDTYPE value=ENCHANTMENT
D 22:44:08.2320498 GameState.DebugPrintPower() -         tag=ATTACHED value=2
D 22:44:08.2320498 GameState.DebugPrintPower() -         tag=ZONE value=SETASIDE
D 22:44:08.2320498 GameState.DebugPrintPower() -         tag=ENTITY_ID value=79
D 22:44:08.2320498 GameState.DebugPrintPower() -         tag=CLASS value=NEUTRAL
D 22:44:08.2320498 GameState.DebugPrintPower() -         tag=CREATOR value=33
D 22:44:08.2320498 GameState.DebugPrintPower() -         tag=1037 value=1
D 22:44:08.2320498 GameState.DebugPrintPower() -         tag=1068 value=0
D 22:44:08.2320498 GameState.DebugPrintPower() -         tag=CREATOR_DBID value=105893
D 22:44:08.2320498 GameState.DebugPrintPower() -         tag=SPAWN_TIME_COUNT value=1
D 22:44:08.2320498 GameState.DebugPrintPower() -         tag=4901 value=0
D 22:44:08.2320498 GameState.DebugPrintPower() -     TAG_CHANGE Entity=79 tag=1068 value=1 
D 22:44:08.2320498 GameState.DebugPrintPower() -     TAG_CHANGE Entity=79 tag=1068 value=0 
D 22:44:08.2320498 GameState.DebugPrintPower() -     TAG_CHANGE Entity=79 tag=ZONE value=PLAY 
D 22:44:08.2320498 GameState.DebugPrintPower() -     TAG_CHANGE Entity=湫然#51704 tag=4741 value=1 
D 22:44:08.2320498 GameState.DebugPrintPower() -     TAG_CHANGE Entity=湫然#51704 tag=LAST_AFFECTED_BY value=33 
D 22:44:08.2320498 GameState.DebugPrintPower() -     TAG_CHANGE Entity=79 tag=TAG_SCRIPT_DATA_NUM_1 value=105893 
D 22:44:08.2320498 GameState.DebugPrintPower() -     TAG_CHANGE Entity=79 tag=TAG_SCRIPT_DATA_NUM_2 value=4 
D 22:44:08.2320498 GameState.DebugPrintPower() - BLOCK_END
D 22:44:08.2320498 GameState.DebugPrintPower() - BLOCK_START BlockType=TRIGGER Entity=[entityName=UNKNOWN ENTITY [cardType=INVALID] id=57 zone=DECK zonePos=0 cardId= player=2] EffectCardId=System.Collections.Generic.List`1[System.String] EffectIndex=1 Target=0 SubOption=-1 TriggerKeyword=START_OF_GAME_KEYWORD
D 22:44:08.2320498 GameState.DebugPrintPower() -     TAG_CHANGE Entity=[entityName=UNKNOWN ENTITY [cardType=INVALID] id=57 zone=DECK zonePos=0 cardId= player=2] tag=TAG_SCRIPT_DATA_NUM_1 value=1 
D 22:44:08.2320498 GameState.DebugPrintPower() -     META_DATA - Meta=OVERRIDE_HISTORY Data=0 InfoCount=1
D 22:44:08.2320498 GameState.DebugPrintPower() -                 Info[0] = [entityName=UNKNOWN ENTITY [cardType=INVALID] id=57 zone=DECK zonePos=0 cardId= player=2]
D 22:44:08.2320498 GameState.DebugPrintPower() -     META_DATA - Meta=HISTORY_TRIGGER_SOURCE Data=0 InfoCount=1
D 22:44:08.2320498 GameState.DebugPrintPower() -                 Info[0] = [entityName=UNKNOWN ENTITY [cardType=INVALID] id=57 zone=DECK zonePos=0 cardId= player=2]
D 22:44:08.2320498 GameState.DebugPrintPower() -     FULL_ENTITY - Creating ID=80 CardID=
D 22:44:08.2320498 GameState.DebugPrintPower() -         tag=ZONE value=DECK
D 22:44:08.2320498 GameState.DebugPrintPower() -         tag=CONTROLLER value=2
D 22:44:08.2320498 GameState.DebugPrintPower() -         tag=ENTITY_ID value=80
D 22:44:08.2320498 GameState.DebugPrintPower() -     META_DATA - Meta=HISTORY_TARGET Data=0 InfoCount=1
D 22:44:08.2320498 GameState.DebugPrintPower() -                 Info[0] = 80
D 22:44:08.2320498 GameState.DebugPrintPower() -     FULL_ENTITY - Creating ID=81 CardID=
D 22:44:08.2320498 GameState.DebugPrintPower() -         tag=ZONE value=DECK
D 22:44:08.2320498 GameState.DebugPrintPower() -         tag=CONTROLLER value=2
D 22:44:08.2320498 GameState.DebugPrintPower() -         tag=ENTITY_ID value=81
D 22:44:08.2320498 GameState.DebugPrintPower() -     META_DATA - Meta=HISTORY_TARGET Data=0 InfoCount=1
D 22:44:08.2320498 GameState.DebugPrintPower() -                 Info[0] = 81
D 22:44:08.2320498 GameState.DebugPrintPower() -     SHUFFLE_DECK PlayerID=2
D 22:44:08.2320498 GameState.DebugPrintPower() -     HIDE_ENTITY - Entity=[entityName=UNKNOWN ENTITY [cardType=INVALID] id=57 zone=DECK zonePos=0 cardId= player=2] tag=ZONE value=DECK
D 22:44:08.2320498 GameState.DebugPrintPower() -     TAG_CHANGE Entity=[entityName=UNKNOWN ENTITY [cardType=INVALID] id=57 zone=DECK zonePos=0 cardId= player=2] tag=REVEALED value=0 
D 22:44:08.2320498 GameState.DebugPrintPower() - BLOCK_END
D 22:44:08.2320498 GameState.DebugPrintPower() - BLOCK_START BlockType=TRIGGER Entity=GameEntity EffectCardId=System.Collections.Generic.List`1[System.String] EffectIndex=4 Target=0 SubOption=-1 TriggerKeyword=TAG_NOT_SET
D 22:44:08.2320498 GameState.DebugPrintPower() - BLOCK_END
D 22:44:08.2320498 PowerTaskList.DebugDump() - ID=7 ParentID=0 PreviousID=6 TaskCount=0
D 22:44:08.2320498 PowerTaskList.DebugDump() - Block Start=(null)
D 22:44:08.2320498 PowerTaskList.DebugPrintPower() - BLOCK_END
D 22:44:08.2320498 PowerProcessor.PrepareHistoryForCurrentTaskList() - m_currentTaskList=7
D 22:44:08.2320498 PowerProcessor.EndCurrentTaskList() - m_currentTaskList=7
D 22:44:08.2320498 PowerTaskList.DebugDump() - ID=8 ParentID=0 PreviousID=0 TaskCount=1
D 22:44:08.2320498 PowerTaskList.DebugDump() - Block Start=(null)
D 22:44:08.2320498 PowerTaskList.DebugPrintPower() -     TAG_CHANGE Entity=元始天尊#51413 tag=MULLIGAN_STATE value=DEALING 
D 22:44:08.2320498 PowerTaskList.DebugDump() - Block End=(null)
D 22:44:08.2320498 PowerProcessor.PrepareHistoryForCurrentTaskList() - m_currentTaskList=8
D 22:44:08.2320498 PowerProcessor.EndCurrentTaskList() - m_currentTaskList=8
D 22:44:08.2320498 PowerTaskList.DebugDump() - ID=9 ParentID=0 PreviousID=0 TaskCount=9
D 22:44:08.2320498 PowerTaskList.DebugPrintPower() - BLOCK_START BlockType=TRIGGER Entity=元始天尊#51413 EffectCardId=System.Collections.Generic.List`1[System.String] EffectIndex=-1 Target=0 SubOption=-1 TriggerKeyword=TAG_NOT_SET
D 22:44:08.2320498 PowerTaskList.DebugPrintPower() -     TAG_CHANGE Entity=[entityName=UNKNOWN ENTITY [cardType=INVALID] id=55 zone=DECK zonePos=0 cardId= player=2] tag=ZONE value=HAND 
D 22:44:08.2320498 PowerTaskList.DebugPrintPower() -     TAG_CHANGE Entity=[entityName=UNKNOWN ENTITY [cardType=INVALID] id=55 zone=DECK zonePos=0 cardId= player=2] tag=ZONE_POSITION value=1 
D 22:44:08.2320498 PowerTaskList.DebugPrintPower() -     TAG_CHANGE Entity=[entityName=UNKNOWN ENTITY [cardType=INVALID] id=44 zone=HAND zonePos=1 cardId= player=2] tag=ZONE_POSITION value=0 
D 22:44:08.2320498 PowerTaskList.DebugPrintPower() -     TAG_CHANGE Entity=[entityName=UNKNOWN ENTITY [cardType=INVALID] id=44 zone=HAND zonePos=1 cardId= player=2] tag=ZONE value=DECK 
D 22:44:08.2320498 PowerTaskList.DebugPrintPower() -     TAG_CHANGE Entity=[entityName=UNKNOWN ENTITY [cardType=INVALID] id=49 zone=DECK zonePos=0 cardId= player=2] tag=ZONE value=HAND 
D 22:44:08.2320498 PowerTaskList.DebugPrintPower() -     TAG_CHANGE Entity=[entityName=UNKNOWN ENTITY [cardType=INVALID] id=49 zone=DECK zonePos=0 cardId= player=2] tag=ZONE_POSITION value=2 
D 22:44:08.2320498 PowerTaskList.DebugPrintPower() -     TAG_CHANGE Entity=[entityName=UNKNOWN ENTITY [cardType=INVALID] id=68 zone=HAND zonePos=2 cardId= player=2] tag=ZONE_POSITION value=0 
D 22:44:08.2320498 PowerTaskList.DebugPrintPower() -     TAG_CHANGE Entity=[entityName=UNKNOWN ENTITY [cardType=INVALID] id=68 zone=HAND zonePos=2 cardId= player=2] tag=ZONE value=DECK 
D 22:44:08.2320498 PowerTaskList.DebugPrintPower() -     TAG_CHANGE Entity=元始天尊#51413 tag=MULLIGAN_STATE value=WAITING 
D 22:44:08.2320498 PowerTaskList.DebugPrintPower() - BLOCK_END
