D 21:43:23.1543334 GameState.DebugPrintPower() - CREATE_GAME
D 21:43:23.1543334 GameState.DebugPrintPower() -     GameEntity EntityID=1
D 21:43:23.1543334 GameState.DebugPrintPower() -         tag=CARDTYPE value=GAME
D 21:43:23.1543334 GameState.DebugPrintPower() -         tag=ZONE value=PLAY
D 21:43:23.1543334 GameState.DebugPrintPower() -         tag=ENTITY_ID value=1
D 21:43:23.1543334 GameState.DebugPrintPower() -         tag=937 value=2
D 21:43:23.1543334 GameState.DebugPrintPower() -         tag=SPAWN_TIME_COUNT value=1
D 21:43:23.1543334 GameState.DebugPrintPower() -         tag=GAME_SEED value=1247682035
D 21:43:23.1543334 GameState.DebugPrintPower() -     Player EntityID=2 PlayerID=1 GameAccountId=[hi=144115211015832391 lo=165171177]
D 21:43:23.1543334 GameState.DebugPrintPower() -         tag=CONTROLLER value=1
D 21:43:23.1543334 GameState.DebugPrintPower() -         tag=CARDTYPE value=PLAYER
D 21:43:23.1543334 GameState.DebugPrintPower() -         tag=PLAYER_ID value=1
D 21:43:23.1543334 GameState.DebugPrintPower() -         tag=HERO_ENTITY value=67
D 21:43:23.1543334 GameState.DebugPrintPower() -         tag=MAXHANDSIZE value=10
D 21:43:23.1543334 GameState.DebugPrintPower() -         tag=STARTHANDSIZE value=4
D 21:43:23.1543334 GameState.DebugPrintPower() -         tag=TEAM_ID value=1
D 21:43:23.1543334 GameState.DebugPrintPower() -         tag=ZONE value=PLAY
D 21:43:23.1543334 GameState.DebugPrintPower() -         tag=ENTITY_ID value=2
D 21:43:23.1543334 GameState.DebugPrintPower() -         tag=MAXRESOURCES value=10
D 21:43:23.1543334 GameState.DebugPrintPower() -         tag=SPAWN_TIME_COUNT value=1
D 21:43:23.1543334 GameState.DebugPrintPower() -         tag=MAX_EXCAVATE_TIER value=2
D 21:43:23.1543334 GameState.DebugPrintPower() -     Player EntityID=3 PlayerID=2 GameAccountId=[hi=144115211015832391 lo=83449896]
D 21:43:23.1543334 GameState.DebugPrintPower() -         tag=CONTROLLER value=2
D 21:43:23.1543334 GameState.DebugPrintPower() -         tag=CARDTYPE value=PLAYER
D 21:43:23.1543334 GameState.DebugPrintPower() -         tag=PLAYER_ID value=2
D 21:43:23.1543334 GameState.DebugPrintPower() -         tag=HERO_ENTITY value=69
D 21:43:23.1543334 GameState.DebugPrintPower() -         tag=MAXHANDSIZE value=10
D 21:43:23.1543334 GameState.DebugPrintPower() -         tag=STARTHANDSIZE value=4
D 21:43:23.1543334 GameState.DebugPrintPower() -         tag=TEAM_ID value=2
D 21:43:23.1543334 GameState.DebugPrintPower() -         tag=ZONE value=PLAY
D 21:43:23.1543334 GameState.DebugPrintPower() -         tag=ENTITY_ID value=3
D 21:43:23.1543334 GameState.DebugPrintPower() -         tag=MAXRESOURCES value=10
D 21:43:23.1543334 GameState.DebugPrintPower() -         tag=SPAWN_TIME_COUNT value=1
D 21:43:23.1543334 GameState.DebugPrintPower() -         tag=MAX_EXCAVATE_TIER value=2
D 21:43:23.1543334 GameState.DebugPrintPower() - FULL_ENTITY - Creating ID=4 CardID=
D 21:43:23.1543334 GameState.DebugPrintPower() -     tag=ZONE value=DECK
D 21:43:23.1543334 GameState.DebugPrintPower() -     tag=CONTROLLER value=1
D 21:43:23.1543334 GameState.DebugPrintPower() -     tag=ENTITY_ID value=4
D 21:43:23.1543334 GameState.DebugPrintPower() - FULL_ENTITY - Creating ID=5 CardID=
D 21:43:23.1543334 GameState.DebugPrintPower() -     tag=ZONE value=DECK
D 21:43:23.1543334 GameState.DebugPrintPower() -     tag=CONTROLLER value=1
D 21:43:23.1543334 GameState.DebugPrintPower() -     tag=ENTITY_ID value=5
D 21:43:23.1543334 GameState.DebugPrintPower() - FULL_ENTITY - Creating ID=6 CardID=
D 21:43:23.1543334 GameState.DebugPrintPower() -     tag=ZONE value=DECK
D 21:43:23.1543334 GameState.DebugPrintPower() -     tag=CONTROLLER value=1
D 21:43:23.1543334 GameState.DebugPrintPower() -     tag=ENTITY_ID value=6
D 21:43:23.1543334 GameState.DebugPrintPower() - FULL_ENTITY - Creating ID=7 CardID=
D 21:43:23.1543334 GameState.DebugPrintPower() -     tag=ZONE value=DECK
D 21:43:23.1543334 GameState.DebugPrintPower() -     tag=CONTROLLER value=1
D 21:43:23.1543334 GameState.DebugPrintPower() -     tag=ENTITY_ID value=7
D 21:43:23.1543334 GameState.DebugPrintPower() - FULL_ENTITY - Creating ID=8 CardID=
D 21:43:23.1543334 GameState.DebugPrintPower() -     tag=ZONE value=DECK
D 21:43:23.1543334 GameState.DebugPrintPower() -     tag=CONTROLLER value=1
D 21:43:23.1543334 GameState.DebugPrintPower() -     tag=ENTITY_ID value=8
D 21:43:23.1543334 GameState.DebugPrintPower() - FULL_ENTITY - Creating ID=9 CardID=
D 21:43:23.1543334 GameState.DebugPrintPower() -     tag=ZONE value=DECK
D 21:43:23.1543334 GameState.DebugPrintPower() -     tag=CONTROLLER value=1
D 21:43:23.1543334 GameState.DebugPrintPower() -     tag=ENTITY_ID value=9
D 21:43:23.1543334 GameState.DebugPrintPower() - FULL_ENTITY - Creating ID=10 CardID=
D 21:43:23.1543334 GameState.DebugPrintPower() -     tag=ZONE value=DECK
D 21:43:23.1543334 GameState.DebugPrintPower() -     tag=CONTROLLER value=1
D 21:43:23.1543334 GameState.DebugPrintPower() -     tag=ENTITY_ID value=10
D 21:43:23.1543334 GameState.DebugPrintPower() - FULL_ENTITY - Creating ID=11 CardID=
D 21:43:23.1543334 GameState.DebugPrintPower() -     tag=ZONE value=DECK
D 21:43:23.1543334 GameState.DebugPrintPower() -     tag=CONTROLLER value=1
D 21:43:23.1543334 GameState.DebugPrintPower() -     tag=ENTITY_ID value=11
D 21:43:23.1543334 GameState.DebugPrintPower() - FULL_ENTITY - Creating ID=12 CardID=
D 21:43:23.1543334 GameState.DebugPrintPower() -     tag=ZONE value=DECK
D 21:43:23.1543334 GameState.DebugPrintPower() -     tag=CONTROLLER value=1
D 21:43:23.1543334 GameState.DebugPrintPower() -     tag=ENTITY_ID value=12
D 21:43:23.1543334 GameState.DebugPrintPower() - FULL_ENTITY - Creating ID=13 CardID=
D 21:43:23.1543334 GameState.DebugPrintPower() -     tag=ZONE value=DECK
D 21:43:23.1543334 GameState.DebugPrintPower() -     tag=CONTROLLER value=1
D 21:43:23.1543334 GameState.DebugPrintPower() -     tag=ENTITY_ID value=13
D 21:43:23.1543334 GameState.DebugPrintPower() - FULL_ENTITY - Creating ID=14 CardID=
D 21:43:23.1543334 GameState.DebugPrintPower() -     tag=ZONE value=DECK
D 21:43:23.1543334 GameState.DebugPrintPower() -     tag=CONTROLLER value=1
D 21:43:23.1543334 GameState.DebugPrintPower() -     tag=ENTITY_ID value=14
D 21:43:23.1543334 GameState.DebugPrintPower() - FULL_ENTITY - Creating ID=15 CardID=
D 21:43:23.1543334 GameState.DebugPrintPower() -     tag=ZONE value=DECK
D 21:43:23.1543334 GameState.DebugPrintPower() -     tag=CONTROLLER value=1
D 21:43:23.1543334 GameState.DebugPrintPower() -     tag=ENTITY_ID value=15
D 21:43:23.1543334 GameState.DebugPrintPower() - FULL_ENTITY - Creating ID=16 CardID=
D 21:43:23.1543334 GameState.DebugPrintPower() -     tag=ZONE value=DECK
D 21:43:23.1543334 GameState.DebugPrintPower() -     tag=CONTROLLER value=1
D 21:43:23.1543334 GameState.DebugPrintPower() -     tag=ENTITY_ID value=16
D 21:43:23.1543334 GameState.DebugPrintPower() - FULL_ENTITY - Creating ID=17 CardID=
D 21:43:23.1543334 GameState.DebugPrintPower() -     tag=ZONE value=DECK
D 21:43:23.1543334 GameState.DebugPrintPower() -     tag=CONTROLLER value=1
D 21:43:23.1543334 GameState.DebugPrintPower() -     tag=ENTITY_ID value=17
D 21:43:23.1543334 GameState.DebugPrintPower() - FULL_ENTITY - Creating ID=18 CardID=
D 21:43:23.1543334 GameState.DebugPrintPower() -     tag=ZONE value=DECK
D 21:43:23.1543334 GameState.DebugPrintPower() -     tag=CONTROLLER value=1
D 21:43:23.1543334 GameState.DebugPrintPower() -     tag=ENTITY_ID value=18
D 21:43:23.1543334 GameState.DebugPrintPower() - FULL_ENTITY - Creating ID=19 CardID=
D 21:43:23.1543334 GameState.DebugPrintPower() -     tag=ZONE value=DECK
D 21:43:23.1543334 GameState.DebugPrintPower() -     tag=CONTROLLER value=1
D 21:43:23.1543334 GameState.DebugPrintPower() -     tag=ENTITY_ID value=19
D 21:43:23.1543334 GameState.DebugPrintPower() - FULL_ENTITY - Creating ID=20 CardID=
D 21:43:23.1543334 GameState.DebugPrintPower() -     tag=ZONE value=DECK
D 21:43:23.1543334 GameState.DebugPrintPower() -     tag=CONTROLLER value=1
D 21:43:23.1543334 GameState.DebugPrintPower() -     tag=ENTITY_ID value=20
D 21:43:23.1543334 GameState.DebugPrintPower() - FULL_ENTITY - Creating ID=21 CardID=
D 21:43:23.1543334 GameState.DebugPrintPower() -     tag=ZONE value=DECK
D 21:43:23.1543334 GameState.DebugPrintPower() -     tag=CONTROLLER value=1
D 21:43:23.1543334 GameState.DebugPrintPower() -     tag=ENTITY_ID value=21
D 21:43:23.1543334 GameState.DebugPrintPower() - FULL_ENTITY - Creating ID=22 CardID=
D 21:43:23.1543334 GameState.DebugPrintPower() -     tag=ZONE value=DECK
D 21:43:23.1543334 GameState.DebugPrintPower() -     tag=CONTROLLER value=1
D 21:43:23.1543334 GameState.DebugPrintPower() -     tag=ENTITY_ID value=22
D 21:43:23.1543334 GameState.DebugPrintPower() - FULL_ENTITY - Creating ID=23 CardID=
D 21:43:23.1543334 GameState.DebugPrintPower() -     tag=ZONE value=DECK
D 21:43:23.1543334 GameState.DebugPrintPower() -     tag=CONTROLLER value=1
D 21:43:23.1543334 GameState.DebugPrintPower() -     tag=ENTITY_ID value=23
D 21:43:23.1543334 GameState.DebugPrintPower() - FULL_ENTITY - Creating ID=24 CardID=
D 21:43:23.1543334 GameState.DebugPrintPower() -     tag=ZONE value=SETASIDE
D 21:43:23.1543334 GameState.DebugPrintPower() -     tag=CONTROLLER value=1
D 21:43:23.1543334 GameState.DebugPrintPower() -     tag=ENTITY_ID value=24
D 21:43:23.1543334 GameState.DebugPrintPower() - FULL_ENTITY - Creating ID=25 CardID=
D 21:43:23.1543334 GameState.DebugPrintPower() -     tag=ZONE value=SETASIDE
D 21:43:23.1543334 GameState.DebugPrintPower() -     tag=CONTROLLER value=1
D 21:43:23.1543334 GameState.DebugPrintPower() -     tag=ENTITY_ID value=25
D 21:43:23.1543334 GameState.DebugPrintPower() - FULL_ENTITY - Creating ID=26 CardID=
D 21:43:23.1543334 GameState.DebugPrintPower() -     tag=ZONE value=SETASIDE
D 21:43:23.1543334 GameState.DebugPrintPower() -     tag=CONTROLLER value=1
D 21:43:23.1543334 GameState.DebugPrintPower() -     tag=ENTITY_ID value=26
D 21:43:23.1543334 GameState.DebugPrintPower() - FULL_ENTITY - Creating ID=27 CardID=
D 21:43:23.1543334 GameState.DebugPrintPower() -     tag=ZONE value=DECK
D 21:43:23.1543334 GameState.DebugPrintPower() -     tag=CONTROLLER value=2
D 21:43:23.1543334 GameState.DebugPrintPower() -     tag=ENTITY_ID value=27
D 21:43:23.1543334 GameState.DebugPrintPower() - FULL_ENTITY - Creating ID=28 CardID=
D 21:43:23.1543334 GameState.DebugPrintPower() -     tag=ZONE value=DECK
D 21:43:23.1543334 GameState.DebugPrintPower() -     tag=CONTROLLER value=2
D 21:43:23.1543334 GameState.DebugPrintPower() -     tag=ENTITY_ID value=28
D 21:43:23.1543334 GameState.DebugPrintPower() - FULL_ENTITY - Creating ID=29 CardID=
D 21:43:23.1543334 GameState.DebugPrintPower() -     tag=ZONE value=DECK
D 21:43:23.1543334 GameState.DebugPrintPower() -     tag=CONTROLLER value=2
D 21:43:23.1543334 GameState.DebugPrintPower() -     tag=ENTITY_ID value=29
D 21:43:23.1543334 GameState.DebugPrintPower() - FULL_ENTITY - Creating ID=30 CardID=
D 21:43:23.1543334 GameState.DebugPrintPower() -     tag=ZONE value=DECK
D 21:43:23.1543334 GameState.DebugPrintPower() -     tag=CONTROLLER value=2
D 21:43:23.1543334 GameState.DebugPrintPower() -     tag=ENTITY_ID value=30
D 21:43:23.1543334 GameState.DebugPrintPower() - FULL_ENTITY - Creating ID=31 CardID=
D 21:43:23.1543334 GameState.DebugPrintPower() -     tag=ZONE value=DECK
D 21:43:23.1543334 GameState.DebugPrintPower() -     tag=CONTROLLER value=2
D 21:43:23.1543334 GameState.DebugPrintPower() -     tag=ENTITY_ID value=31
D 21:43:23.1543334 GameState.DebugPrintPower() - FULL_ENTITY - Creating ID=32 CardID=
D 21:43:23.1543334 GameState.DebugPrintPower() -     tag=ZONE value=DECK
D 21:43:23.1543334 GameState.DebugPrintPower() -     tag=CONTROLLER value=2
D 21:43:23.1543334 GameState.DebugPrintPower() -     tag=ENTITY_ID value=32
D 21:43:23.1543334 GameState.DebugPrintPower() - FULL_ENTITY - Creating ID=33 CardID=
D 21:43:23.1543334 GameState.DebugPrintPower() -     tag=ZONE value=DECK
D 21:43:23.1543334 GameState.DebugPrintPower() -     tag=CONTROLLER value=2
D 21:43:23.1543334 GameState.DebugPrintPower() -     tag=ENTITY_ID value=33
D 21:43:23.1543334 GameState.DebugPrintPower() - FULL_ENTITY - Creating ID=34 CardID=
D 21:43:23.1543334 GameState.DebugPrintPower() -     tag=ZONE value=DECK
D 21:43:23.1543334 GameState.DebugPrintPower() -     tag=CONTROLLER value=2
D 21:43:23.1543334 GameState.DebugPrintPower() -     tag=ENTITY_ID value=34
D 21:43:23.1543334 GameState.DebugPrintPower() - FULL_ENTITY - Creating ID=35 CardID=
D 21:43:23.1543334 GameState.DebugPrintPower() -     tag=ZONE value=DECK
D 21:43:23.1543334 GameState.DebugPrintPower() -     tag=CONTROLLER value=2
D 21:43:23.1543334 GameState.DebugPrintPower() -     tag=ENTITY_ID value=35
D 21:43:23.1543334 GameState.DebugPrintPower() - FULL_ENTITY - Creating ID=36 CardID=
D 21:43:23.1543334 GameState.DebugPrintPower() -     tag=ZONE value=DECK
D 21:43:23.1543334 GameState.DebugPrintPower() -     tag=CONTROLLER value=2
D 21:43:23.1543334 GameState.DebugPrintPower() -     tag=ENTITY_ID value=36
D 21:43:23.1543334 GameState.DebugPrintPower() - FULL_ENTITY - Creating ID=37 CardID=
D 21:43:23.1543334 GameState.DebugPrintPower() -     tag=ZONE value=DECK
D 21:43:23.1543334 GameState.DebugPrintPower() -     tag=CONTROLLER value=2
D 21:43:23.1543334 GameState.DebugPrintPower() -     tag=ENTITY_ID value=37
D 21:43:23.1543334 GameState.DebugPrintPower() - FULL_ENTITY - Creating ID=38 CardID=
D 21:43:23.1543334 GameState.DebugPrintPower() -     tag=ZONE value=DECK
D 21:43:23.1543334 GameState.DebugPrintPower() -     tag=CONTROLLER value=2
D 21:43:23.1543334 GameState.DebugPrintPower() -     tag=ENTITY_ID value=38
D 21:43:23.1543334 GameState.DebugPrintPower() - FULL_ENTITY - Creating ID=39 CardID=
D 21:43:23.1543334 GameState.DebugPrintPower() -     tag=ZONE value=DECK
D 21:43:23.1543334 GameState.DebugPrintPower() -     tag=CONTROLLER value=2
D 21:43:23.1543334 GameState.DebugPrintPower() -     tag=ENTITY_ID value=39
D 21:43:23.1543334 GameState.DebugPrintPower() - FULL_ENTITY - Creating ID=40 CardID=
D 21:43:23.1543334 GameState.DebugPrintPower() -     tag=ZONE value=DECK
D 21:43:23.1543334 GameState.DebugPrintPower() -     tag=CONTROLLER value=2
D 21:43:23.1543334 GameState.DebugPrintPower() -     tag=ENTITY_ID value=40
D 21:43:23.1543334 GameState.DebugPrintPower() - FULL_ENTITY - Creating ID=41 CardID=
D 21:43:23.1543334 GameState.DebugPrintPower() -     tag=ZONE value=SETASIDE
D 21:43:23.1543334 GameState.DebugPrintPower() -     tag=CONTROLLER value=2
D 21:43:23.1543334 GameState.DebugPrintPower() -     tag=ENTITY_ID value=41
D 21:43:23.1543334 GameState.DebugPrintPower() - FULL_ENTITY - Creating ID=42 CardID=
D 21:43:23.1543334 GameState.DebugPrintPower() -     tag=ZONE value=SETASIDE
D 21:43:23.1543334 GameState.DebugPrintPower() -     tag=CONTROLLER value=2
D 21:43:23.1543334 GameState.DebugPrintPower() -     tag=ENTITY_ID value=42
D 21:43:23.1543334 GameState.DebugPrintPower() - FULL_ENTITY - Creating ID=43 CardID=
D 21:43:23.1543334 GameState.DebugPrintPower() -     tag=ZONE value=DECK
D 21:43:23.1543334 GameState.DebugPrintPower() -     tag=CONTROLLER value=2
D 21:43:23.1543334 GameState.DebugPrintPower() -     tag=ENTITY_ID value=43
D 21:43:23.1543334 GameState.DebugPrintPower() - FULL_ENTITY - Creating ID=44 CardID=
D 21:43:23.1543334 GameState.DebugPrintPower() -     tag=ZONE value=DECK
D 21:43:23.1543334 GameState.DebugPrintPower() -     tag=CONTROLLER value=2
D 21:43:23.1543334 GameState.DebugPrintPower() -     tag=ENTITY_ID value=44
D 21:43:23.1543334 GameState.DebugPrintPower() - FULL_ENTITY - Creating ID=45 CardID=
D 21:43:23.1543334 GameState.DebugPrintPower() -     tag=ZONE value=DECK
D 21:43:23.1543334 GameState.DebugPrintPower() -     tag=CONTROLLER value=2
D 21:43:23.1543334 GameState.DebugPrintPower() -     tag=ENTITY_ID value=45
D 21:43:23.1543334 GameState.DebugPrintPower() - FULL_ENTITY - Creating ID=46 CardID=
D 21:43:23.1543334 GameState.DebugPrintPower() -     tag=ZONE value=DECK
D 21:43:23.1543334 GameState.DebugPrintPower() -     tag=CONTROLLER value=2
D 21:43:23.1543334 GameState.DebugPrintPower() -     tag=ENTITY_ID value=46
D 21:43:23.1543334 GameState.DebugPrintPower() - FULL_ENTITY - Creating ID=47 CardID=
D 21:43:23.1543334 GameState.DebugPrintPower() -     tag=ZONE value=DECK
D 21:43:23.1543334 GameState.DebugPrintPower() -     tag=CONTROLLER value=2
D 21:43:23.1543334 GameState.DebugPrintPower() -     tag=ENTITY_ID value=47
D 21:43:23.1543334 GameState.DebugPrintPower() - FULL_ENTITY - Creating ID=48 CardID=
D 21:43:23.1543334 GameState.DebugPrintPower() -     tag=ZONE value=DECK
D 21:43:23.1543334 GameState.DebugPrintPower() -     tag=CONTROLLER value=2
D 21:43:23.1543334 GameState.DebugPrintPower() -     tag=ENTITY_ID value=48
D 21:43:23.1543334 GameState.DebugPrintPower() - FULL_ENTITY - Creating ID=49 CardID=
D 21:43:23.1543334 GameState.DebugPrintPower() -     tag=ZONE value=DECK
D 21:43:23.1543334 GameState.DebugPrintPower() -     tag=CONTROLLER value=2
D 21:43:23.1543334 GameState.DebugPrintPower() -     tag=ENTITY_ID value=49
D 21:43:23.1543334 GameState.DebugPrintPower() - FULL_ENTITY - Creating ID=50 CardID=
D 21:43:23.1543334 GameState.DebugPrintPower() -     tag=ZONE value=DECK
D 21:43:23.1543334 GameState.DebugPrintPower() -     tag=CONTROLLER value=2
D 21:43:23.1543334 GameState.DebugPrintPower() -     tag=ENTITY_ID value=50
D 21:43:23.1543334 GameState.DebugPrintPower() - FULL_ENTITY - Creating ID=51 CardID=
D 21:43:23.1543334 GameState.DebugPrintPower() -     tag=ZONE value=DECK
D 21:43:23.1543334 GameState.DebugPrintPower() -     tag=CONTROLLER value=2
D 21:43:23.1543334 GameState.DebugPrintPower() -     tag=ENTITY_ID value=51
D 21:43:23.1543334 GameState.DebugPrintPower() - FULL_ENTITY - Creating ID=52 CardID=
D 21:43:23.1543334 GameState.DebugPrintPower() -     tag=ZONE value=SETASIDE
D 21:43:23.1543334 GameState.DebugPrintPower() -     tag=CONTROLLER value=2
D 21:43:23.1543334 GameState.DebugPrintPower() -     tag=ENTITY_ID value=52
D 21:43:23.1543334 GameState.DebugPrintPower() - FULL_ENTITY - Creating ID=53 CardID=
D 21:43:23.1543334 GameState.DebugPrintPower() -     tag=ZONE value=SETASIDE
D 21:43:23.1543334 GameState.DebugPrintPower() -     tag=CONTROLLER value=2
D 21:43:23.1543334 GameState.DebugPrintPower() -     tag=ENTITY_ID value=53
D 21:43:23.1543334 GameState.DebugPrintPower() - FULL_ENTITY - Creating ID=54 CardID=
D 21:43:23.1543334 GameState.DebugPrintPower() -     tag=ZONE value=DECK
D 21:43:23.1543334 GameState.DebugPrintPower() -     tag=CONTROLLER value=2
D 21:43:23.1543334 GameState.DebugPrintPower() -     tag=ENTITY_ID value=54
D 21:43:23.1543334 GameState.DebugPrintPower() - FULL_ENTITY - Creating ID=55 CardID=
D 21:43:23.1543334 GameState.DebugPrintPower() -     tag=ZONE value=SETASIDE
D 21:43:23.1543334 GameState.DebugPrintPower() -     tag=CONTROLLER value=2
D 21:43:23.1543334 GameState.DebugPrintPower() -     tag=ENTITY_ID value=55
D 21:43:23.1543334 GameState.DebugPrintPower() - FULL_ENTITY - Creating ID=56 CardID=
D 21:43:23.1543334 GameState.DebugPrintPower() -     tag=ZONE value=SETASIDE
D 21:43:23.1543334 GameState.DebugPrintPower() -     tag=CONTROLLER value=2
D 21:43:23.1543334 GameState.DebugPrintPower() -     tag=ENTITY_ID value=56
D 21:43:23.1543334 GameState.DebugPrintPower() - FULL_ENTITY - Creating ID=57 CardID=
D 21:43:23.1543334 GameState.DebugPrintPower() -     tag=ZONE value=DECK
D 21:43:23.1543334 GameState.DebugPrintPower() -     tag=CONTROLLER value=2
D 21:43:23.1543334 GameState.DebugPrintPower() -     tag=ENTITY_ID value=57
D 21:43:23.1543334 GameState.DebugPrintPower() - FULL_ENTITY - Creating ID=58 CardID=
D 21:43:23.1543334 GameState.DebugPrintPower() -     tag=ZONE value=DECK
D 21:43:23.1543334 GameState.DebugPrintPower() -     tag=CONTROLLER value=2
D 21:43:23.1543334 GameState.DebugPrintPower() -     tag=ENTITY_ID value=58
D 21:43:23.1543334 GameState.DebugPrintPower() - FULL_ENTITY - Creating ID=59 CardID=
D 21:43:23.1543334 GameState.DebugPrintPower() -     tag=ZONE value=DECK
D 21:43:23.1543334 GameState.DebugPrintPower() -     tag=CONTROLLER value=2
D 21:43:23.1543334 GameState.DebugPrintPower() -     tag=ENTITY_ID value=59
D 21:43:23.1543334 GameState.DebugPrintPower() - FULL_ENTITY - Creating ID=60 CardID=
D 21:43:23.1543334 GameState.DebugPrintPower() -     tag=ZONE value=SETASIDE
D 21:43:23.1543334 GameState.DebugPrintPower() -     tag=CONTROLLER value=2
D 21:43:23.1543334 GameState.DebugPrintPower() -     tag=ENTITY_ID value=60
D 21:43:23.1543334 GameState.DebugPrintPower() - FULL_ENTITY - Creating ID=61 CardID=
D 21:43:23.1543334 GameState.DebugPrintPower() -     tag=ZONE value=SETASIDE
D 21:43:23.1543334 GameState.DebugPrintPower() -     tag=CONTROLLER value=2
D 21:43:23.1543334 GameState.DebugPrintPower() -     tag=ENTITY_ID value=61
D 21:43:23.1543334 GameState.DebugPrintPower() - FULL_ENTITY - Creating ID=62 CardID=
D 21:43:23.1543334 GameState.DebugPrintPower() -     tag=ZONE value=DECK
D 21:43:23.1543334 GameState.DebugPrintPower() -     tag=CONTROLLER value=2
D 21:43:23.1543334 GameState.DebugPrintPower() -     tag=ENTITY_ID value=62
D 21:43:23.1543334 GameState.DebugPrintPower() - FULL_ENTITY - Creating ID=63 CardID=
D 21:43:23.1543334 GameState.DebugPrintPower() -     tag=ZONE value=DECK
D 21:43:23.1543334 GameState.DebugPrintPower() -     tag=CONTROLLER value=2
D 21:43:23.1543334 GameState.DebugPrintPower() -     tag=ENTITY_ID value=63
D 21:43:23.1543334 GameState.DebugPrintPower() - FULL_ENTITY - Creating ID=64 CardID=
D 21:43:23.1543334 GameState.DebugPrintPower() -     tag=ZONE value=DECK
D 21:43:23.1543334 GameState.DebugPrintPower() -     tag=CONTROLLER value=2
D 21:43:23.1543334 GameState.DebugPrintPower() -     tag=ENTITY_ID value=64
D 21:43:23.1543334 GameState.DebugPrintPower() - FULL_ENTITY - Creating ID=65 CardID=
D 21:43:23.1543334 GameState.DebugPrintPower() -     tag=ZONE value=SETASIDE
D 21:43:23.1543334 GameState.DebugPrintPower() -     tag=CONTROLLER value=2
D 21:43:23.1543334 GameState.DebugPrintPower() -     tag=ENTITY_ID value=65
D 21:43:23.1543334 GameState.DebugPrintPower() - FULL_ENTITY - Creating ID=66 CardID=
D 21:43:23.1543334 GameState.DebugPrintPower() -     tag=ZONE value=SETASIDE
D 21:43:23.1543334 GameState.DebugPrintPower() -     tag=CONTROLLER value=2
D 21:43:23.1543334 GameState.DebugPrintPower() -     tag=ENTITY_ID value=66
D 21:43:23.1543334 GameState.DebugPrintPower() - FULL_ENTITY - Creating ID=67 CardID=HERO_09
D 21:43:23.1543334 GameState.DebugPrintPower() -     tag=CONTROLLER value=1
D 21:43:23.1543334 GameState.DebugPrintPower() -     tag=CARDTYPE value=HERO
D 21:43:23.1543334 GameState.DebugPrintPower() -     tag=HEALTH value=30
D 21:43:23.1543334 GameState.DebugPrintPower() -     tag=PREMIUM value=1
D 21:43:23.1543334 GameState.DebugPrintPower() -     tag=ZONE value=PLAY
D 21:43:23.1543334 GameState.DebugPrintPower() -     tag=ENTITY_ID value=67
D 21:43:23.1543334 GameState.DebugPrintPower() -     tag=CLASS value=PRIEST
D 21:43:23.1543334 GameState.DebugPrintPower() -     tag=FACTION value=NEUTRAL
D 21:43:23.1543334 GameState.DebugPrintPower() -     tag=RARITY value=FREE
D 21:43:23.1543334 GameState.DebugPrintPower() -     tag=HERO_POWER value=479
D 21:43:23.1543334 GameState.DebugPrintPower() -     tag=SPAWN_TIME_COUNT value=1
D 21:43:23.1543334 GameState.DebugPrintPower() -     tag=EMOTECHARACTER value=31
D 21:43:23.1543334 GameState.DebugPrintPower() -     tag=HAS_ACTIVATE_POWER value=1
D 21:43:23.1543334 GameState.DebugPrintPower() -     tag=EMOTECLASS value=9
D 21:43:23.1543334 GameState.DebugPrintPower() -     tag=3085 value=30
D 21:43:23.1543334 GameState.DebugPrintPower() - FULL_ENTITY - Creating ID=68 CardID=HERO_09bp
D 21:43:23.1543334 GameState.DebugPrintPower() -     tag=CONTROLLER value=1
D 21:43:23.1543334 GameState.DebugPrintPower() -     tag=CARDTYPE value=HERO_POWER
D 21:43:23.1543334 GameState.DebugPrintPower() -     tag=TAG_LAST_KNOWN_COST_IN_HAND value=2
D 21:43:23.1543334 GameState.DebugPrintPower() -     tag=COST value=2
D 21:43:23.1543334 GameState.DebugPrintPower() -     tag=PREMIUM value=1
D 21:43:23.1543334 GameState.DebugPrintPower() -     tag=ZONE value=PLAY
D 21:43:23.1543334 GameState.DebugPrintPower() -     tag=ENTITY_ID value=68
D 21:43:23.1543334 GameState.DebugPrintPower() -     tag=CLASS value=PRIEST
D 21:43:23.1543334 GameState.DebugPrintPower() -     tag=FACTION value=NEUTRAL
D 21:43:23.1543334 GameState.DebugPrintPower() -     tag=RARITY value=FREE
D 21:43:23.1543334 GameState.DebugPrintPower() -     tag=CREATOR value=67
D 21:43:23.1543334 GameState.DebugPrintPower() -     tag=1037 value=1
D 21:43:23.1543334 GameState.DebugPrintPower() -     tag=1086 value=2741
D 21:43:23.1543334 GameState.DebugPrintPower() -     tag=CREATOR_DBID value=813
D 21:43:23.1543334 GameState.DebugPrintPower() -     tag=SPAWN_TIME_COUNT value=1
D 21:43:23.1543334 GameState.DebugPrintPower() -     tag=HAS_ACTIVATE_POWER value=1
D 21:43:23.1543334 GameState.DebugPrintPower() - FULL_ENTITY - Creating ID=69 CardID=HERO_06bi
D 21:43:23.1543334 GameState.DebugPrintPower() -     tag=CONTROLLER value=2
D 21:43:23.1543334 GameState.DebugPrintPower() -     tag=CARDTYPE value=HERO
D 21:43:23.1543334 GameState.DebugPrintPower() -     tag=HEALTH value=30
D 21:43:23.1543334 GameState.DebugPrintPower() -     tag=PREMIUM value=1
D 21:43:23.1543334 GameState.DebugPrintPower() -     tag=ZONE value=PLAY
D 21:43:23.1543334 GameState.DebugPrintPower() -     tag=ENTITY_ID value=69
D 21:43:23.1543334 GameState.DebugPrintPower() -     tag=CLASS value=DRUID
D 21:43:23.1543334 GameState.DebugPrintPower() -     tag=FACTION value=NEUTRAL
D 21:43:23.1543334 GameState.DebugPrintPower() -     tag=RARITY value=FREE
D 21:43:23.1543334 GameState.DebugPrintPower() -     tag=HERO_POWER value=66926
D 21:43:23.1543334 GameState.DebugPrintPower() -     tag=HIDE_WATERMARK value=1
D 21:43:23.1543334 GameState.DebugPrintPower() -     tag=SPAWN_TIME_COUNT value=1
D 21:43:23.1543334 GameState.DebugPrintPower() -     tag=EMOTECHARACTER value=20
D 21:43:23.1543334 GameState.DebugPrintPower() -     tag=HAS_ACTIVATE_POWER value=1
D 21:43:23.1543334 GameState.DebugPrintPower() -     tag=EMOTECLASS value=6
D 21:43:23.1543334 GameState.DebugPrintPower() -     tag=3085 value=30
D 21:43:23.1543334 GameState.DebugPrintPower() - FULL_ENTITY - Creating ID=70 CardID=HERO_06ebp
D 21:43:23.1543334 GameState.DebugPrintPower() -     tag=CONTROLLER value=2
D 21:43:23.1543334 GameState.DebugPrintPower() -     tag=CARDTYPE value=HERO_POWER
D 21:43:23.1543334 GameState.DebugPrintPower() -     tag=TAG_LAST_KNOWN_COST_IN_HAND value=2
D 21:43:23.1543334 GameState.DebugPrintPower() -     tag=COST value=2
D 21:43:23.1543334 GameState.DebugPrintPower() -     tag=PREMIUM value=1
D 21:43:23.1543334 GameState.DebugPrintPower() -     tag=ZONE value=PLAY
D 21:43:23.1543334 GameState.DebugPrintPower() -     tag=ENTITY_ID value=70
D 21:43:23.1543334 GameState.DebugPrintPower() -     tag=CLASS value=DRUID
D 21:43:23.1543334 GameState.DebugPrintPower() -     tag=FACTION value=NEUTRAL
D 21:43:23.1543334 GameState.DebugPrintPower() -     tag=RARITY value=FREE
D 21:43:23.1543334 GameState.DebugPrintPower() -     tag=CREATOR value=69
D 21:43:23.1543334 GameState.DebugPrintPower() -     tag=1037 value=2
D 21:43:23.1543334 GameState.DebugPrintPower() -     tag=1086 value=66928
D 21:43:23.1543334 GameState.DebugPrintPower() -     tag=CREATOR_DBID value=123761
D 21:43:23.1543334 GameState.DebugPrintPower() -     tag=SPAWN_TIME_COUNT value=1
D 21:43:23.1543334 GameState.DebugPrintPower() -     tag=HAS_ACTIVATE_POWER value=1
D 21:43:23.1543334 GameState.DebugPrintPower() - TAG_CHANGE Entity=1 tag=STATE value=RUNNING 
D 21:43:23.1543334 GameState.DebugPrintPower() - TAG_CHANGE Entity=2 tag=PLAYSTATE value=PLAYING 
D 21:43:23.1543334 GameState.DebugPrintPower() - TAG_CHANGE Entity=3 tag=PLAYSTATE value=PLAYING 
D 21:43:23.1543334 GameState.DebugPrintPower() - BLOCK_START BlockType=TRIGGER Entity=12 EffectCardId=System.Collections.Generic.List`1[System.String] EffectIndex=0 Target=0 SubOption=-1 TriggerKeyword=TAG_NOT_SET
D 21:43:23.1543334 GameState.DebugPrintPower() -     SHOW_ENTITY - Updating Entity=12 CardID=JAIL_430
D 21:43:23.1543334 GameState.DebugPrintPower() -         tag=CONTROLLER value=1
D 21:43:23.1543334 GameState.DebugPrintPower() -         tag=CARDTYPE value=MINION
D 21:43:23.1543334 GameState.DebugPrintPower() -         tag=TAG_LAST_KNOWN_COST_IN_HAND value=7
D 21:43:23.1543334 GameState.DebugPrintPower() -         tag=479 value=7
D 21:43:23.1543334 GameState.DebugPrintPower() -         tag=COST value=7
D 21:43:23.1543334 GameState.DebugPrintPower() -         tag=ATK value=7
D 21:43:23.1543334 GameState.DebugPrintPower() -         tag=HEALTH value=7
D 21:43:23.1543334 GameState.DebugPrintPower() -         tag=ZONE value=DECK
D 21:43:23.1543334 GameState.DebugPrintPower() -         tag=ENTITY_ID value=12
D 21:43:23.1543334 GameState.DebugPrintPower() -         tag=ELITE value=1
D 21:43:23.1543334 GameState.DebugPrintPower() -         tag=CLASS value=PRIEST
D 21:43:23.1543334 GameState.DebugPrintPower() -         tag=CARDRACE value=UNDEAD
D 21:43:23.1543334 GameState.DebugPrintPower() -         tag=RARITY value=LEGENDARY
D 21:43:23.1543334 GameState.DebugPrintPower() -         tag=BATTLECRY value=1
D 21:43:23.1543334 GameState.DebugPrintPower() -         tag=REVEALED value=1
D 21:43:23.1543334 GameState.DebugPrintPower() -         tag=478 value=1
D 21:43:23.1543334 GameState.DebugPrintPower() -         tag=START_OF_GAME_KEYWORD value=1
D 21:43:23.1543334 GameState.DebugPrintPower() -         tag=DECK_RULE_MOD_DECK_SIZE value=20
D 21:43:23.1543334 GameState.DebugPrintPower() -         tag=1043 value=1
D 21:43:23.1543334 GameState.DebugPrintPower() -         tag=1068 value=0
D 21:43:23.1543334 GameState.DebugPrintPower() -         tag=SPAWN_TIME_COUNT value=1
D 21:43:23.1543334 GameState.DebugPrintPower() -         tag=HAS_SIGNATURE_QUALITY value=1
D 21:43:23.1543334 GameState.DebugPrintPower() -         tag=HAS_ACTIVATE_POWER value=1
D 21:43:23.1543334 GameState.DebugPrintPower() -         tag=2936 value=1
D 21:43:23.1543334 GameState.DebugPrintPower() -         tag=3085 value=7
D 21:43:23.1543334 GameState.DebugPrintPower() -         tag=4472 value=7
D 21:43:23.1543334 GameState.DebugPrintPower() -         tag=4818 value=1
D 21:43:23.1543334 GameState.DebugPrintPower() -     FULL_ENTITY - Creating ID=71 CardID=
D 21:43:23.1543334 GameState.DebugPrintPower() -         tag=ZONE value=DECK
D 21:43:23.1543334 GameState.DebugPrintPower() -         tag=CONTROLLER value=1
D 21:43:23.1543334 GameState.DebugPrintPower() -         tag=ENTITY_ID value=71
D 21:43:23.1543334 GameState.DebugPrintPower() -     TAG_CHANGE Entity=71 tag=DISPLAYED_CREATOR value=12 
D 21:43:23.1543334 GameState.DebugPrintPower() -     FULL_ENTITY - Creating ID=72 CardID=
D 21:43:23.1543334 GameState.DebugPrintPower() -         tag=ZONE value=DECK
D 21:43:23.1543334 GameState.DebugPrintPower() -         tag=CONTROLLER value=1
D 21:43:23.1543334 GameState.DebugPrintPower() -         tag=ENTITY_ID value=72
D 21:43:23.1543334 GameState.DebugPrintPower() -     FULL_ENTITY - Creating ID=73 CardID=
D 21:43:23.1543334 GameState.DebugPrintPower() -         tag=ZONE value=SETASIDE
D 21:43:23.1543334 GameState.DebugPrintPower() -         tag=CONTROLLER value=1
D 21:43:23.1543334 GameState.DebugPrintPower() -         tag=ENTITY_ID value=73
D 21:43:23.1543334 GameState.DebugPrintPower() -     FULL_ENTITY - Creating ID=74 CardID=
D 21:43:23.1543334 GameState.DebugPrintPower() -         tag=ZONE value=SETASIDE
D 21:43:23.1543334 GameState.DebugPrintPower() -         tag=CONTROLLER value=1
D 21:43:23.1543334 GameState.DebugPrintPower() -         tag=ENTITY_ID value=74
D 21:43:23.1543334 GameState.DebugPrintPower() -     TAG_CHANGE Entity=72 tag=DISPLAYED_CREATOR value=12 
D 21:43:23.1543334 GameState.DebugPrintPower() -     FULL_ENTITY - Creating ID=75 CardID=
D 21:43:23.1543334 GameState.DebugPrintPower() -         tag=ZONE value=DECK
D 21:43:23.1543334 GameState.DebugPrintPower() -         tag=CONTROLLER value=1
D 21:43:23.1543334 GameState.DebugPrintPower() -         tag=ENTITY_ID value=75
D 21:43:23.1543334 GameState.DebugPrintPower() -     TAG_CHANGE Entity=75 tag=DISPLAYED_CREATOR value=12 
D 21:43:23.1543334 GameState.DebugPrintPower() -     FULL_ENTITY - Creating ID=76 CardID=
D 21:43:23.1543334 GameState.DebugPrintPower() -         tag=ZONE value=DECK
D 21:43:23.1543334 GameState.DebugPrintPower() -         tag=CONTROLLER value=1
D 21:43:23.1543334 GameState.DebugPrintPower() -         tag=ENTITY_ID value=76
D 21:43:23.1543334 GameState.DebugPrintPower() -     TAG_CHANGE Entity=76 tag=DISPLAYED_CREATOR value=12 
D 21:43:23.1543334 GameState.DebugPrintPower() -     FULL_ENTITY - Creating ID=77 CardID=
D 21:43:23.1543334 GameState.DebugPrintPower() -         tag=ZONE value=DECK
D 21:43:23.1543334 GameState.DebugPrintPower() -         tag=CONTROLLER value=1
D 21:43:23.1543334 GameState.DebugPrintPower() -         tag=ENTITY_ID value=77
D 21:43:23.1543334 GameState.DebugPrintPower() -     TAG_CHANGE Entity=77 tag=DISPLAYED_CREATOR value=12 
D 21:43:23.1543334 GameState.DebugPrintPower() -     FULL_ENTITY - Creating ID=78 CardID=
D 21:43:23.1543334 GameState.DebugPrintPower() -         tag=ZONE value=DECK
D 21:43:23.1543334 GameState.DebugPrintPower() -         tag=CONTROLLER value=1
D 21:43:23.1543334 GameState.DebugPrintPower() -         tag=ENTITY_ID value=78
D 21:43:23.1543334 GameState.DebugPrintPower() -     FULL_ENTITY - Creating ID=79 CardID=
D 21:43:23.1543334 GameState.DebugPrintPower() -         tag=ZONE value=SETASIDE
D 21:43:23.1543334 GameState.DebugPrintPower() -         tag=CONTROLLER value=1
D 21:43:23.1543334 GameState.DebugPrintPower() -         tag=ENTITY_ID value=79
D 21:43:23.1543334 GameState.DebugPrintPower() -     FULL_ENTITY - Creating ID=80 CardID=
D 21:43:23.1543334 GameState.DebugPrintPower() -         tag=ZONE value=SETASIDE
D 21:43:23.1543334 GameState.DebugPrintPower() -         tag=CONTROLLER value=1
D 21:43:23.1543334 GameState.DebugPrintPower() -         tag=ENTITY_ID value=80
D 21:43:23.1543334 GameState.DebugPrintPower() -     TAG_CHANGE Entity=78 tag=DISPLAYED_CREATOR value=12 
D 21:43:23.1543334 GameState.DebugPrintPower() -     FULL_ENTITY - Creating ID=81 CardID=
D 21:43:23.1543334 GameState.DebugPrintPower() -         tag=ZONE value=DECK
D 21:43:23.1543334 GameState.DebugPrintPower() -         tag=CONTROLLER value=1
D 21:43:23.1543334 GameState.DebugPrintPower() -         tag=ENTITY_ID value=81
D 21:43:23.1543334 GameState.DebugPrintPower() -     TAG_CHANGE Entity=81 tag=DISPLAYED_CREATOR value=12 
D 21:43:23.1543334 GameState.DebugPrintPower() -     FULL_ENTITY - Creating ID=82 CardID=
D 21:43:23.1543334 GameState.DebugPrintPower() -         tag=ZONE value=DECK
D 21:43:23.1543334 GameState.DebugPrintPower() -         tag=CONTROLLER value=1
D 21:43:23.1543334 GameState.DebugPrintPower() -         tag=ENTITY_ID value=82
D 21:43:23.1543334 GameState.DebugPrintPower() -     TAG_CHANGE Entity=82 tag=DISPLAYED_CREATOR value=12 
D 21:43:23.1543334 GameState.DebugPrintPower() -     FULL_ENTITY - Creating ID=83 CardID=
D 21:43:23.1543334 GameState.DebugPrintPower() -         tag=ZONE value=DECK
D 21:43:23.1543334 GameState.DebugPrintPower() -         tag=CONTROLLER value=1
D 21:43:23.1543334 GameState.DebugPrintPower() -         tag=ENTITY_ID value=83
D 21:43:23.1543334 GameState.DebugPrintPower() -     TAG_CHANGE Entity=83 tag=DISPLAYED_CREATOR value=12 
D 21:43:23.1543334 GameState.DebugPrintPower() -     FULL_ENTITY - Creating ID=84 CardID=
D 21:43:23.1543334 GameState.DebugPrintPower() -         tag=ZONE value=DECK
D 21:43:23.1543334 GameState.DebugPrintPower() -         tag=CONTROLLER value=1
D 21:43:23.1543334 GameState.DebugPrintPower() -         tag=ENTITY_ID value=84
D 21:43:23.1543334 GameState.DebugPrintPower() -     TAG_CHANGE Entity=84 tag=DISPLAYED_CREATOR value=12 
D 21:43:23.1543334 GameState.DebugPrintPower() -     FULL_ENTITY - Creating ID=85 CardID=
D 21:43:23.1543334 GameState.DebugPrintPower() -         tag=ZONE value=DECK
D 21:43:23.1543334 GameState.DebugPrintPower() -         tag=CONTROLLER value=1
D 21:43:23.1543334 GameState.DebugPrintPower() -         tag=ENTITY_ID value=85
D 21:43:23.1543334 GameState.DebugPrintPower() -     FULL_ENTITY - Creating ID=86 CardID=
D 21:43:23.1543334 GameState.DebugPrintPower() -         tag=ZONE value=SETASIDE
D 21:43:23.1543334 GameState.DebugPrintPower() -         tag=CONTROLLER value=1
D 21:43:23.1543334 GameState.DebugPrintPower() -         tag=ENTITY_ID value=86
D 21:43:23.1543334 GameState.DebugPrintPower() -     FULL_ENTITY - Creating ID=87 CardID=
D 21:43:23.1543334 GameState.DebugPrintPower() -         tag=ZONE value=SETASIDE
D 21:43:23.1543334 GameState.DebugPrintPower() -         tag=CONTROLLER value=1
D 21:43:23.1543334 GameState.DebugPrintPower() -         tag=ENTITY_ID value=87
D 21:43:23.1543334 GameState.DebugPrintPower() -     TAG_CHANGE Entity=85 tag=DISPLAYED_CREATOR value=12 
D 21:43:23.1543334 GameState.DebugPrintPower() -     FULL_ENTITY - Creating ID=88 CardID=
D 21:43:23.1543334 GameState.DebugPrintPower() -         tag=ZONE value=DECK
D 21:43:23.1543334 GameState.DebugPrintPower() -         tag=CONTROLLER value=1
D 21:43:23.1543334 GameState.DebugPrintPower() -         tag=ENTITY_ID value=88
D 21:43:23.1543334 GameState.DebugPrintPower() -     TAG_CHANGE Entity=88 tag=DISPLAYED_CREATOR value=12 
D 21:43:23.1543334 GameState.DebugPrintPower() -     FULL_ENTITY - Creating ID=89 CardID=
D 21:43:23.1543334 GameState.DebugPrintPower() -         tag=ZONE value=DECK
D 21:43:23.1543334 GameState.DebugPrintPower() -         tag=CONTROLLER value=1
D 21:43:23.1543334 GameState.DebugPrintPower() -         tag=ENTITY_ID value=89
D 21:43:23.1543334 GameState.DebugPrintPower() -     TAG_CHANGE Entity=89 tag=DISPLAYED_CREATOR value=12 
D 21:43:23.1543334 GameState.DebugPrintPower() -     FULL_ENTITY - Creating ID=90 CardID=
D 21:43:23.1543334 GameState.DebugPrintPower() -         tag=ZONE value=DECK
D 21:43:23.1543334 GameState.DebugPrintPower() -         tag=CONTROLLER value=1
D 21:43:23.1543334 GameState.DebugPrintPower() -         tag=ENTITY_ID value=90
D 21:43:23.1543334 GameState.DebugPrintPower() -     TAG_CHANGE Entity=90 tag=DISPLAYED_CREATOR value=12 
D 21:43:23.1543334 GameState.DebugPrintPower() -     FULL_ENTITY - Creating ID=91 CardID=
D 21:43:23.1543334 GameState.DebugPrintPower() -         tag=ZONE value=DECK
D 21:43:23.1543334 GameState.DebugPrintPower() -         tag=CONTROLLER value=1
D 21:43:23.1543334 GameState.DebugPrintPower() -         tag=ENTITY_ID value=91
D 21:43:23.1543334 GameState.DebugPrintPower() -     TAG_CHANGE Entity=91 tag=DISPLAYED_CREATOR value=12 
D 21:43:23.1543334 GameState.DebugPrintPower() -     FULL_ENTITY - Creating ID=92 CardID=
D 21:43:23.1543334 GameState.DebugPrintPower() -         tag=ZONE value=DECK
D 21:43:23.1543334 GameState.DebugPrintPower() -         tag=CONTROLLER value=1
D 21:43:23.1543334 GameState.DebugPrintPower() -         tag=ENTITY_ID value=92
D 21:43:23.1543334 GameState.DebugPrintPower() -     TAG_CHANGE Entity=92 tag=DISPLAYED_CREATOR value=12 
D 21:43:23.1543334 GameState.DebugPrintPower() -     FULL_ENTITY - Creating ID=93 CardID=
D 21:43:23.1543334 GameState.DebugPrintPower() -         tag=ZONE value=DECK
D 21:43:23.1543334 GameState.DebugPrintPower() -         tag=CONTROLLER value=1
D 21:43:23.1543334 GameState.DebugPrintPower() -         tag=ENTITY_ID value=93
D 21:43:23.1543334 GameState.DebugPrintPower() -     TAG_CHANGE Entity=93 tag=DISPLAYED_CREATOR value=12 
D 21:43:23.1543334 GameState.DebugPrintPower() -     FULL_ENTITY - Creating ID=94 CardID=
D 21:43:23.1543334 GameState.DebugPrintPower() -         tag=ZONE value=DECK
D 21:43:23.1543334 GameState.DebugPrintPower() -         tag=CONTROLLER value=1
D 21:43:23.1543334 GameState.DebugPrintPower() -         tag=ENTITY_ID value=94
D 21:43:23.1543334 GameState.DebugPrintPower() -     TAG_CHANGE Entity=94 tag=DISPLAYED_CREATOR value=12 
D 21:43:23.1543334 GameState.DebugPrintPower() -     FULL_ENTITY - Creating ID=95 CardID=
D 21:43:23.1543334 GameState.DebugPrintPower() -         tag=ZONE value=DECK
D 21:43:23.1543334 GameState.DebugPrintPower() -         tag=CONTROLLER value=1
D 21:43:23.1543334 GameState.DebugPrintPower() -         tag=ENTITY_ID value=95
D 21:43:23.1543334 GameState.DebugPrintPower() -     FULL_ENTITY - Creating ID=96 CardID=
D 21:43:23.1543334 GameState.DebugPrintPower() -         tag=ZONE value=SETASIDE
D 21:43:23.1543334 GameState.DebugPrintPower() -         tag=CONTROLLER value=1
D 21:43:23.1543334 GameState.DebugPrintPower() -         tag=ENTITY_ID value=96
D 21:43:23.1543334 GameState.DebugPrintPower() -     FULL_ENTITY - Creating ID=97 CardID=
D 21:43:23.1543334 GameState.DebugPrintPower() -         tag=ZONE value=SETASIDE
D 21:43:23.1543334 GameState.DebugPrintPower() -         tag=CONTROLLER value=1
D 21:43:23.1543334 GameState.DebugPrintPower() -         tag=ENTITY_ID value=97
D 21:43:23.1543334 GameState.DebugPrintPower() -     TAG_CHANGE Entity=95 tag=DISPLAYED_CREATOR value=12 
D 21:43:23.1543334 GameState.DebugPrintPower() -     FULL_ENTITY - Creating ID=98 CardID=
D 21:43:23.1543334 GameState.DebugPrintPower() -         tag=ZONE value=DECK
D 21:43:23.1543334 GameState.DebugPrintPower() -         tag=CONTROLLER value=1
D 21:43:23.1543334 GameState.DebugPrintPower() -         tag=ENTITY_ID value=98
D 21:43:23.1543334 GameState.DebugPrintPower() -     TAG_CHANGE Entity=98 tag=DISPLAYED_CREATOR value=12 
D 21:43:23.1543334 GameState.DebugPrintPower() -     FULL_ENTITY - Creating ID=99 CardID=
D 21:43:23.1543334 GameState.DebugPrintPower() -         tag=ZONE value=SETASIDE
D 21:43:23.1543334 GameState.DebugPrintPower() -         tag=CONTROLLER value=1
D 21:43:23.1543334 GameState.DebugPrintPower() -         tag=ENTITY_ID value=99
D 21:43:23.1543334 GameState.DebugPrintPower() -     SHOW_ENTITY - Updating Entity=99 CardID=JAIL_430e1
D 21:43:23.1543334 GameState.DebugPrintPower() -         tag=CONTROLLER value=1
D 21:43:23.1543334 GameState.DebugPrintPower() -         tag=CARDTYPE value=ENCHANTMENT
D 21:43:23.1543334 GameState.DebugPrintPower() -         tag=ATTACHED value=2
D 21:43:23.1543334 GameState.DebugPrintPower() -         tag=ZONE value=SETASIDE
D 21:43:23.1543334 GameState.DebugPrintPower() -         tag=ENTITY_ID value=99
D 21:43:23.1543334 GameState.DebugPrintPower() -         tag=CLASS value=PRIEST
D 21:43:23.1543334 GameState.DebugPrintPower() -         tag=CREATOR value=12
D 21:43:23.1543334 GameState.DebugPrintPower() -         tag=1037 value=1
D 21:43:23.1543334 GameState.DebugPrintPower() -         tag=1068 value=0
D 21:43:23.1543334 GameState.DebugPrintPower() -         tag=CREATOR_DBID value=126055
D 21:43:23.1543334 GameState.DebugPrintPower() -         tag=SPAWN_TIME_COUNT value=1
D 21:43:23.1543334 GameState.DebugPrintPower() -         tag=4901 value=0
D 21:43:23.1543334 GameState.DebugPrintPower() -     TAG_CHANGE Entity=99 tag=1068 value=1 
D 21:43:23.1543334 GameState.DebugPrintPower() -     TAG_CHANGE Entity=99 tag=1068 value=0 
D 21:43:23.1543334 GameState.DebugPrintPower() -     TAG_CHANGE Entity=99 tag=ZONE value=PLAY 
D 21:43:23.1543334 GameState.DebugPrintPower() -     TAG_CHANGE Entity=2 tag=4741 value=1 
D 21:43:23.1543334 GameState.DebugPrintPower() -     TAG_CHANGE Entity=2 tag=LAST_AFFECTED_BY value=12 
D 21:43:23.1543334 GameState.DebugPrintPower() -     META_DATA - Meta=TARGET Data=0 InfoCount=1
D 21:43:23.1543334 GameState.DebugPrintPower() -                 Info[0] = 12
D 21:43:23.1543334 GameState.DebugPrintPower() -     HIDE_ENTITY - Entity=12 tag=ZONE value=DECK
D 21:43:23.1543334 GameState.DebugPrintPower() -     TAG_CHANGE Entity=12 tag=REVEALED value=0 
D 21:43:23.1543334 GameState.DebugPrintPower() -     META_DATA - Meta=OVERRIDE_HISTORY Data=0 InfoCount=1
D 21:43:23.1543334 GameState.DebugPrintPower() -                 Info[0] = 12
D 21:43:23.1543334 GameState.DebugPrintPower() - BLOCK_END
D 21:43:23.1543334 GameState.DebugPrintPower() - BLOCK_START BlockType=TRIGGER Entity=1 EffectCardId=System.Collections.Generic.List`1[System.String] EffectIndex=6 Target=0 SubOption=-1 TriggerKeyword=TAG_NOT_SET
D 21:43:23.1543334 GameState.DebugPrintPower() - BLOCK_END
D 21:43:23.1543334 GameState.DebugPrintPower() - BLOCK_START BlockType=TRIGGER Entity=1 EffectCardId=System.Collections.Generic.List`1[System.String] EffectIndex=-1 Target=0 SubOption=-1 TriggerKeyword=TAG_NOT_SET
D 21:43:23.1543334 GameState.DebugPrintPower() -     TAG_CHANGE Entity=3 tag=CURRENT_PLAYER value=1 
D 21:43:23.1543334 GameState.DebugPrintPower() -     TAG_CHANGE Entity=3 tag=FIRST_PLAYER value=1 
D 21:43:23.1543334 GameState.DebugPrintPower() -     TAG_CHANGE Entity=1 tag=TURN value=1 
D 21:43:23.1543334 GameState.DebugPrintPower() -     TAG_CHANGE Entity=2 tag=2166 value=13 
D 21:43:23.1543334 GameState.DebugPrintPower() -     TAG_CHANGE Entity=2 tag=467 value=4 
D 21:43:23.1543334 GameState.DebugPrintPower() -     TAG_CHANGE Entity=13 tag=ZONE value=HAND 
D 21:43:23.1543334 GameState.DebugPrintPower() -     TAG_CHANGE Entity=13 tag=ZONE_POSITION value=1 
D 21:43:23.1543334 GameState.DebugPrintPower() -     TAG_CHANGE Entity=13 tag=ZONE_POSITION value=0 
D 21:43:23.1543334 GameState.DebugPrintPower() -     TAG_CHANGE Entity=13 tag=ZONE_POSITION value=1 
D 21:43:23.1543334 GameState.DebugPrintPower() -     TAG_CHANGE Entity=2 tag=2166 value=4 
D 21:43:23.1543334 GameState.DebugPrintPower() -     TAG_CHANGE Entity=2 tag=467 value=3 
D 21:43:23.1543334 GameState.DebugPrintPower() -     TAG_CHANGE Entity=4 tag=ZONE value=HAND 
D 21:43:23.1543334 GameState.DebugPrintPower() -     TAG_CHANGE Entity=4 tag=ZONE_POSITION value=2 
D 21:43:23.1543334 GameState.DebugPrintPower() -     TAG_CHANGE Entity=4 tag=ZONE_POSITION value=0 
D 21:43:23.1543334 GameState.DebugPrintPower() -     TAG_CHANGE Entity=4 tag=ZONE_POSITION value=2 
D 21:43:23.1543334 GameState.DebugPrintPower() -     TAG_CHANGE Entity=2 tag=2166 value=18 
D 21:43:23.1543334 GameState.DebugPrintPower() -     TAG_CHANGE Entity=2 tag=467 value=2 
D 21:43:23.1543334 GameState.DebugPrintPower() -     TAG_CHANGE Entity=18 tag=ZONE value=HAND 
D 21:43:23.1543334 GameState.DebugPrintPower() -     TAG_CHANGE Entity=18 tag=ZONE_POSITION value=3 
D 21:43:23.1543334 GameState.DebugPrintPower() -     TAG_CHANGE Entity=18 tag=ZONE_POSITION value=0 
D 21:43:23.1543334 GameState.DebugPrintPower() -     TAG_CHANGE Entity=18 tag=ZONE_POSITION value=3 
D 21:43:23.1543334 GameState.DebugPrintPower() -     TAG_CHANGE Entity=2 tag=2166 value=11 
D 21:43:23.1543334 GameState.DebugPrintPower() -     TAG_CHANGE Entity=2 tag=467 value=1 
D 21:43:23.1543334 GameState.DebugPrintPower() -     TAG_CHANGE Entity=11 tag=ZONE value=HAND 
D 21:43:23.1543334 GameState.DebugPrintPower() -     TAG_CHANGE Entity=11 tag=ZONE_POSITION value=4 
D 21:43:23.1543334 GameState.DebugPrintPower() -     TAG_CHANGE Entity=11 tag=ZONE_POSITION value=0 
D 21:43:23.1543334 GameState.DebugPrintPower() -     TAG_CHANGE Entity=11 tag=ZONE_POSITION value=4 
D 21:43:23.1543334 GameState.DebugPrintPower() -     TAG_CHANGE Entity=2 tag=467 value=0 
D 21:43:23.1543334 GameState.DebugPrintPower() -     TAG_CHANGE Entity=2 tag=NUM_TURNS_LEFT value=1 
D 21:43:23.1543334 GameState.DebugPrintPower() -     FULL_ENTITY - Creating ID=100 CardID=
D 21:43:23.1543334 GameState.DebugPrintPower() -         tag=ZONE value=HAND
D 21:43:23.1543334 GameState.DebugPrintPower() -         tag=CONTROLLER value=1
D 21:43:23.1543334 GameState.DebugPrintPower() -         tag=ENTITY_ID value=100
D 21:43:23.1543334 GameState.DebugPrintPower() -         tag=ZONE_POSITION value=5
D 21:43:23.1543334 GameState.DebugPrintPower() -     TAG_CHANGE Entity=3 tag=2166 value=32 
D 21:43:23.1543334 GameState.DebugPrintPower() -     TAG_CHANGE Entity=3 tag=467 value=3 
D 21:43:23.1543334 GameState.DebugPrintPower() -     SHOW_ENTITY - Updating Entity=32 CardID=SCH_427
D 21:43:23.1543334 GameState.DebugPrintPower() -         tag=CONTROLLER value=2
D 21:43:23.1543334 GameState.DebugPrintPower() -         tag=CARDTYPE value=SPELL
D 21:43:23.1543334 GameState.DebugPrintPower() -         tag=ZONE value=HAND
D 21:43:23.1543334 GameState.DebugPrintPower() -         tag=ENTITY_ID value=32
D 21:43:23.1543334 GameState.DebugPrintPower() -         tag=CLASS value=DRUID
D 21:43:23.1543334 GameState.DebugPrintPower() -         tag=RARITY value=COMMON
D 21:43:23.1543334 GameState.DebugPrintPower() -         tag=OVERLOAD value=1
D 21:43:23.1543334 GameState.DebugPrintPower() -         tag=MULTIPLE_CLASSES value=130
D 21:43:23.1543334 GameState.DebugPrintPower() -         tag=478 value=2
D 21:43:23.1543334 GameState.DebugPrintPower() -         tag=1043 value=1
D 21:43:23.1543334 GameState.DebugPrintPower() -         tag=1068 value=0
D 21:43:23.1543334 GameState.DebugPrintPower() -         tag=SPAWN_TIME_COUNT value=1
D 21:43:23.1543334 GameState.DebugPrintPower() -         tag=SPELL_SCHOOL value=4
D 21:43:23.1543334 GameState.DebugPrintPower() -         tag=3908 value=1
D 21:43:23.1543334 GameState.DebugPrintPower() -     TAG_CHANGE Entity=32 tag=NUM_TURNS_IN_HAND value=1 
D 21:43:23.1543334 GameState.DebugPrintPower() -     TAG_CHANGE Entity=32 tag=ZONE_POSITION value=1 
D 21:43:23.1543334 GameState.DebugPrintPower() -     TAG_CHANGE Entity=32 tag=ZONE_POSITION value=0 
D 21:43:23.1543334 GameState.DebugPrintPower() -     TAG_CHANGE Entity=32 tag=ZONE_POSITION value=1 
D 21:43:23.1543334 GameState.DebugPrintPower() -     TAG_CHANGE Entity=3 tag=2166 value=39 
D 21:43:23.1543334 GameState.DebugPrintPower() -     TAG_CHANGE Entity=3 tag=467 value=2 
D 21:43:23.1543334 GameState.DebugPrintPower() -     SHOW_ENTITY - Updating Entity=39 CardID=BT_724
D 21:43:23.1543334 GameState.DebugPrintPower() -         tag=CONTROLLER value=2
D 21:43:23.1543334 GameState.DebugPrintPower() -         tag=CARDTYPE value=MINION
D 21:43:23.1543334 GameState.DebugPrintPower() -         tag=TAG_LAST_KNOWN_COST_IN_HAND value=1
D 21:43:23.1543334 GameState.DebugPrintPower() -         tag=479 value=2
D 21:43:23.1543334 GameState.DebugPrintPower() -         tag=COST value=1
D 21:43:23.1543334 GameState.DebugPrintPower() -         tag=ATK value=2
D 21:43:23.1543334 GameState.DebugPrintPower() -         tag=HEALTH value=1
D 21:43:23.1543334 GameState.DebugPrintPower() -         tag=ZONE value=HAND
D 21:43:23.1543334 GameState.DebugPrintPower() -         tag=ENTITY_ID value=39
D 21:43:23.1543334 GameState.DebugPrintPower() -         tag=CLASS value=NEUTRAL
D 21:43:23.1543334 GameState.DebugPrintPower() -         tag=RARITY value=COMMON
D 21:43:23.1543334 GameState.DebugPrintPower() -         tag=BATTLECRY value=1
D 21:43:23.1543334 GameState.DebugPrintPower() -         tag=478 value=2
D 21:43:23.1543334 GameState.DebugPrintPower() -         tag=1043 value=1
D 21:43:23.1543334 GameState.DebugPrintPower() -         tag=1068 value=0
D 21:43:23.1543334 GameState.DebugPrintPower() -         tag=SPAWN_TIME_COUNT value=1
D 21:43:23.1543334 GameState.DebugPrintPower() -         tag=HAS_ACTIVATE_POWER value=1
D 21:43:23.1543334 GameState.DebugPrintPower() -         tag=3085 value=1
D 21:43:23.1543334 GameState.DebugPrintPower() -         tag=4472 value=2
D 21:43:23.1543334 GameState.DebugPrintPower() -     TAG_CHANGE Entity=39 tag=NUM_TURNS_IN_HAND value=1 
D 21:43:23.1543334 GameState.DebugPrintPower() -     TAG_CHANGE Entity=39 tag=ZONE_POSITION value=2 
D 21:43:23.1543334 GameState.DebugPrintPower() -     TAG_CHANGE Entity=39 tag=ZONE_POSITION value=0 
D 21:43:23.1543334 GameState.DebugPrintPower() -     TAG_CHANGE Entity=39 tag=ZONE_POSITION value=2 
D 21:43:23.1543334 GameState.DebugPrintPower() -     TAG_CHANGE Entity=3 tag=2166 value=30 
D 21:43:23.1543334 GameState.DebugPrintPower() -     TAG_CHANGE Entity=3 tag=467 value=1 
D 21:43:23.1543334 GameState.DebugPrintPower() -     SHOW_ENTITY - Updating Entity=30 CardID=TID_001
D 21:43:23.1543334 GameState.DebugPrintPower() -         tag=CONTROLLER value=2
D 21:43:23.1543334 GameState.DebugPrintPower() -         tag=CARDTYPE value=SPELL
D 21:43:23.1543334 GameState.DebugPrintPower() -         tag=TAG_LAST_KNOWN_COST_IN_HAND value=1
D 21:43:23.1543334 GameState.DebugPrintPower() -         tag=COST value=1
D 21:43:23.1543334 GameState.DebugPrintPower() -         tag=ZONE value=HAND
D 21:43:23.1543334 GameState.DebugPrintPower() -         tag=ENTITY_ID value=30
D 21:43:23.1543334 GameState.DebugPrintPower() -         tag=CLASS value=DRUID
D 21:43:23.1543334 GameState.DebugPrintPower() -         tag=FACTION value=NEUTRAL
D 21:43:23.1543334 GameState.DebugPrintPower() -         tag=RARITY value=COMMON
D 21:43:23.1543334 GameState.DebugPrintPower() -         tag=478 value=2
D 21:43:23.1543334 GameState.DebugPrintPower() -         tag=1043 value=1
D 21:43:23.1543334 GameState.DebugPrintPower() -         tag=1068 value=0
D 21:43:23.1543334 GameState.DebugPrintPower() -         tag=SPAWN_TIME_COUNT value=1
D 21:43:23.1543334 GameState.DebugPrintPower() -         tag=SPELL_SCHOOL value=1
D 21:43:23.1543334 GameState.DebugPrintPower() -         tag=MINI_SET value=1
D 21:43:23.1543334 GameState.DebugPrintPower() -     TAG_CHANGE Entity=30 tag=NUM_TURNS_IN_HAND value=1 
D 21:43:23.1543334 GameState.DebugPrintPower() -     TAG_CHANGE Entity=30 tag=ZONE_POSITION value=3 
D 21:43:23.1543334 GameState.DebugPrintPower() -     TAG_CHANGE Entity=30 tag=ZONE_POSITION value=0 
D 21:43:23.1543334 GameState.DebugPrintPower() -     TAG_CHANGE Entity=30 tag=ZONE_POSITION value=3 
D 21:43:23.1543334 GameState.DebugPrintPower() -     TAG_CHANGE Entity=3 tag=467 value=0 
D 21:43:23.1543334 GameState.DebugPrintPower() -     TAG_CHANGE Entity=3 tag=NUM_TURNS_LEFT value=1 
D 21:43:23.1543334 GameState.DebugPrintPower() -     TAG_CHANGE Entity=2 tag=TIMEOUT value=45 
D 21:43:23.1543334 GameState.DebugPrintPower() -     TAG_CHANGE Entity=3 tag=TIMEOUT value=45 
D 21:43:23.1543334 GameState.DebugPrintPower() -     TAG_CHANGE Entity=1 tag=10 value=85 
D 21:43:23.1543334 GameState.DebugPrintPower() -     TAG_CHANGE Entity=1 tag=NEXT_STEP value=BEGIN_MULLIGAN 
D 21:43:23.1543334 GameState.DebugPrintPower() - BLOCK_END
D 21:43:23.1543334 GameState.DebugPrintGame() - BuildNumber=250339
D 21:43:23.1543334 GameState.DebugPrintGame() - GameType=GT_RANKED
D 21:43:23.1543334 GameState.DebugPrintGame() - FormatType=FT_WILD
D 21:43:23.1543334 GameState.DebugPrintGame() - ScenarioID=2
D 21:43:23.1543334 GameState.DebugPrintGame() - PlayerID=1, PlayerName=UNKNOWN HUMAN PLAYER
D 21:43:23.1543334 GameState.DebugPrintGame() - PlayerID=2, PlayerName=湫然#51704
D 21:43:23.1543334 GameState.DebugPrintEntityChoices() - id=1 Player=UNKNOWN HUMAN PLAYER TaskList= ChoiceType=MULLIGAN CountMin=0 CountMax=5
D 21:43:23.1543334 GameState.DebugPrintEntityChoices() -   Source=GameEntity
D 21:43:23.1543334 GameState.DebugPrintEntityChoices() -   Entities[0]=[entityName=UNKNOWN ENTITY [cardType=INVALID] id=13 zone=DECK zonePos=0 cardId= player=1]
D 21:43:23.1543334 GameState.DebugPrintEntityChoices() -   Entities[1]=[entityName=UNKNOWN ENTITY [cardType=INVALID] id=4 zone=DECK zonePos=0 cardId= player=1]
D 21:43:23.1543334 GameState.DebugPrintEntityChoices() -   Entities[2]=[entityName=UNKNOWN ENTITY [cardType=INVALID] id=18 zone=DECK zonePos=0 cardId= player=1]
D 21:43:23.1543334 GameState.DebugPrintEntityChoices() -   Entities[3]=[entityName=UNKNOWN ENTITY [cardType=INVALID] id=11 zone=DECK zonePos=0 cardId= player=1]
D 21:43:23.1543334 GameState.DebugPrintEntityChoices() -   Entities[4]=[entityName=UNKNOWN ENTITY [cardType=INVALID] id=100 zone=HAND zonePos=5 cardId= player=1]
D 21:43:23.1543334 GameState.DebugPrintEntityChoices() - id=2 Player=湫然#51704 TaskList= ChoiceType=MULLIGAN CountMin=0 CountMax=3
D 21:43:23.1543334 GameState.DebugPrintEntityChoices() -   Source=GameEntity
D 21:43:23.1543334 GameState.DebugPrintEntityChoices() -   Entities[0]=[entityName=UNKNOWN ENTITY [cardType=INVALID] id=32 zone=DECK zonePos=0 cardId= player=2]
D 21:43:23.1543334 GameState.DebugPrintEntityChoices() -   Entities[1]=[entityName=UNKNOWN ENTITY [cardType=INVALID] id=39 zone=DECK zonePos=0 cardId= player=2]
D 21:43:23.1543334 GameState.DebugPrintEntityChoices() -   Entities[2]=[entityName=UNKNOWN ENTITY [cardType=INVALID] id=30 zone=DECK zonePos=0 cardId= player=2]
D 21:43:23.1543334 GameState.DebugPrintPowerList() - Count=3
D 21:43:23.1543334 GameState.DebugPrintPower() - TAG_CHANGE Entity=GameEntity tag=STEP value=BEGIN_MULLIGAN 
D 21:43:23.1543334 GameState.DebugPrintPower() - BLOCK_START BlockType=TRIGGER Entity=GameEntity EffectCardId=System.Collections.Generic.List`1[System.String] EffectIndex=-1 Target=0 SubOption=-1 TriggerKeyword=TAG_NOT_SET
D 21:43:23.1543334 GameState.DebugPrintPower() -     TAG_CHANGE Entity=UNKNOWN HUMAN PLAYER tag=MULLIGAN_STATE value=INPUT 
D 21:43:23.1543334 GameState.DebugPrintPowerList() - Count=1
D 21:43:23.1543334 GameState.DebugPrintPower() - TAG_CHANGE Entity=湫然#51704 tag=MULLIGAN_STATE value=INPUT 
D 21:43:23.1543334 PowerTaskList.DebugDump() - ID=1 ParentID=0 PreviousID=0 TaskCount=71
D 21:43:23.1543334 PowerTaskList.DebugDump() - Block Start=(null)
D 21:43:23.1543334 PowerTaskList.DebugPrintPower() -     CREATE_GAME
D 21:43:23.1543334 PowerTaskList.DebugPrintPower() -         GameEntity EntityID=1
D 21:43:23.1543334 PowerTaskList.DebugPrintPower() -             tag=CARDTYPE value=GAME
D 21:43:23.1543334 PowerTaskList.DebugPrintPower() -             tag=ZONE value=PLAY
D 21:43:23.1543334 PowerTaskList.DebugPrintPower() -             tag=ENTITY_ID value=1
D 21:43:23.1543334 PowerTaskList.DebugPrintPower() -             tag=937 value=2
D 21:43:23.1543334 PowerTaskList.DebugPrintPower() -             tag=SPAWN_TIME_COUNT value=1
D 21:43:23.1543334 PowerTaskList.DebugPrintPower() -             tag=GAME_SEED value=1247682035
D 21:43:23.1543334 PowerTaskList.DebugPrintPower() -         Player EntityID=2 PlayerID=1 GameAccountId=[hi=144115211015832391 lo=165171177]
D 21:43:23.1543334 PowerTaskList.DebugPrintPower() -             tag=CONTROLLER value=1
D 21:43:23.1543334 PowerTaskList.DebugPrintPower() -             tag=CARDTYPE value=PLAYER
D 21:43:23.1543334 PowerTaskList.DebugPrintPower() -             tag=PLAYER_ID value=1
D 21:43:23.1543334 PowerTaskList.DebugPrintPower() -             tag=HERO_ENTITY value=67
D 21:43:23.1543334 PowerTaskList.DebugPrintPower() -             tag=MAXHANDSIZE value=10
D 21:43:23.1543334 PowerTaskList.DebugPrintPower() -             tag=STARTHANDSIZE value=4
D 21:43:23.1543334 PowerTaskList.DebugPrintPower() -             tag=TEAM_ID value=1
D 21:43:23.1543334 PowerTaskList.DebugPrintPower() -             tag=ZONE value=PLAY
D 21:43:23.1543334 PowerTaskList.DebugPrintPower() -             tag=ENTITY_ID value=2
D 21:43:23.1543334 PowerTaskList.DebugPrintPower() -             tag=MAXRESOURCES value=10
D 21:43:23.1543334 PowerTaskList.DebugPrintPower() -             tag=SPAWN_TIME_COUNT value=1
D 21:43:23.1543334 PowerTaskList.DebugPrintPower() -             tag=MAX_EXCAVATE_TIER value=2
D 21:43:23.1543334 PowerTaskList.DebugPrintPower() -         Player EntityID=3 PlayerID=2 GameAccountId=[hi=144115211015832391 lo=83449896]
D 21:43:23.1543334 PowerTaskList.DebugPrintPower() -             tag=CONTROLLER value=2
D 21:43:23.1543334 PowerTaskList.DebugPrintPower() -             tag=CARDTYPE value=PLAYER
D 21:43:23.1543334 PowerTaskList.DebugPrintPower() -             tag=PLAYER_ID value=2
D 21:43:23.1543334 PowerTaskList.DebugPrintPower() -             tag=HERO_ENTITY value=69
D 21:43:23.1543334 PowerTaskList.DebugPrintPower() -             tag=MAXHANDSIZE value=10
D 21:43:23.1543334 PowerTaskList.DebugPrintPower() -             tag=STARTHANDSIZE value=4
D 21:43:23.1543334 PowerTaskList.DebugPrintPower() -             tag=TEAM_ID value=2
D 21:43:23.1543334 PowerTaskList.DebugPrintPower() -             tag=ZONE value=PLAY
D 21:43:23.1543334 PowerTaskList.DebugPrintPower() -             tag=ENTITY_ID value=3
D 21:43:23.1543334 PowerTaskList.DebugPrintPower() -             tag=MAXRESOURCES value=10
D 21:43:23.1543334 PowerTaskList.DebugPrintPower() -             tag=SPAWN_TIME_COUNT value=1
D 21:43:23.1543334 PowerTaskList.DebugPrintPower() -             tag=MAX_EXCAVATE_TIER value=2
D 21:43:23.1543334 PowerTaskList.DebugPrintPower() -     FULL_ENTITY - Updating [entityName=UNKNOWN ENTITY [cardType=INVALID] id=4 zone=DECK zonePos=0 cardId= player=1] CardID=
D 21:43:23.1543334 PowerTaskList.DebugPrintPower() -         tag=ZONE value=DECK
D 21:43:23.1543334 PowerTaskList.DebugPrintPower() -         tag=CONTROLLER value=1
D 21:43:23.1543334 PowerTaskList.DebugPrintPower() -         tag=ENTITY_ID value=4
D 21:43:23.1543334 PowerTaskList.DebugPrintPower() -     FULL_ENTITY - Updating [entityName=UNKNOWN ENTITY [cardType=INVALID] id=5 zone=DECK zonePos=0 cardId= player=1] CardID=
D 21:43:23.1543334 PowerTaskList.DebugPrintPower() -         tag=ZONE value=DECK
D 21:43:23.1543334 PowerTaskList.DebugPrintPower() -         tag=CONTROLLER value=1
D 21:43:23.1543334 PowerTaskList.DebugPrintPower() -         tag=ENTITY_ID value=5
D 21:43:23.1543334 PowerTaskList.DebugPrintPower() -     FULL_ENTITY - Updating [entityName=UNKNOWN ENTITY [cardType=INVALID] id=6 zone=DECK zonePos=0 cardId= player=1] CardID=
D 21:43:23.1543334 PowerTaskList.DebugPrintPower() -         tag=ZONE value=DECK
D 21:43:23.1543334 PowerTaskList.DebugPrintPower() -         tag=CONTROLLER value=1
D 21:43:23.1543334 PowerTaskList.DebugPrintPower() -         tag=ENTITY_ID value=6
D 21:43:23.1543334 PowerTaskList.DebugPrintPower() -     FULL_ENTITY - Updating [entityName=UNKNOWN ENTITY [cardType=INVALID] id=7 zone=DECK zonePos=0 cardId= player=1] CardID=
D 21:43:23.1543334 PowerTaskList.DebugPrintPower() -         tag=ZONE value=DECK
D 21:43:23.1543334 PowerTaskList.DebugPrintPower() -         tag=CONTROLLER value=1
D 21:43:23.1543334 PowerTaskList.DebugPrintPower() -         tag=ENTITY_ID value=7
D 21:43:23.1543334 PowerTaskList.DebugPrintPower() -     FULL_ENTITY - Updating [entityName=UNKNOWN ENTITY [cardType=INVALID] id=8 zone=DECK zonePos=0 cardId= player=1] CardID=
D 21:43:23.1543334 PowerTaskList.DebugPrintPower() -         tag=ZONE value=DECK
D 21:43:23.1543334 PowerTaskList.DebugPrintPower() -         tag=CONTROLLER value=1
D 21:43:23.1543334 PowerTaskList.DebugPrintPower() -         tag=ENTITY_ID value=8
D 21:43:23.1543334 PowerTaskList.DebugPrintPower() -     FULL_ENTITY - Updating [entityName=UNKNOWN ENTITY [cardType=INVALID] id=9 zone=DECK zonePos=0 cardId= player=1] CardID=
D 21:43:23.1543334 PowerTaskList.DebugPrintPower() -         tag=ZONE value=DECK
D 21:43:23.1543334 PowerTaskList.DebugPrintPower() -         tag=CONTROLLER value=1
D 21:43:23.1543334 PowerTaskList.DebugPrintPower() -         tag=ENTITY_ID value=9
D 21:43:23.1543334 PowerTaskList.DebugPrintPower() -     FULL_ENTITY - Updating [entityName=UNKNOWN ENTITY [cardType=INVALID] id=10 zone=DECK zonePos=0 cardId= player=1] CardID=
D 21:43:23.1543334 PowerTaskList.DebugPrintPower() -         tag=ZONE value=DECK
D 21:43:23.1543334 PowerTaskList.DebugPrintPower() -         tag=CONTROLLER value=1
D 21:43:23.1543334 PowerTaskList.DebugPrintPower() -         tag=ENTITY_ID value=10
D 21:43:23.1543334 PowerTaskList.DebugPrintPower() -     FULL_ENTITY - Updating [entityName=UNKNOWN ENTITY [cardType=INVALID] id=11 zone=DECK zonePos=0 cardId= player=1] CardID=
D 21:43:23.1543334 PowerTaskList.DebugPrintPower() -         tag=ZONE value=DECK
D 21:43:23.1543334 PowerTaskList.DebugPrintPower() -         tag=CONTROLLER value=1
D 21:43:23.1543334 PowerTaskList.DebugPrintPower() -         tag=ENTITY_ID value=11
D 21:43:23.1543334 PowerTaskList.DebugPrintPower() -     FULL_ENTITY - Updating [entityName=UNKNOWN ENTITY [cardType=INVALID] id=12 zone=DECK zonePos=0 cardId= player=1] CardID=
D 21:43:23.1543334 PowerTaskList.DebugPrintPower() -         tag=ZONE value=DECK
D 21:43:23.1543334 PowerTaskList.DebugPrintPower() -         tag=CONTROLLER value=1
D 21:43:23.1543334 PowerTaskList.DebugPrintPower() -         tag=ENTITY_ID value=12
D 21:43:23.1543334 PowerTaskList.DebugPrintPower() -     FULL_ENTITY - Updating [entityName=UNKNOWN ENTITY [cardType=INVALID] id=13 zone=DECK zonePos=0 cardId= player=1] CardID=
D 21:43:23.1543334 PowerTaskList.DebugPrintPower() -         tag=ZONE value=DECK
D 21:43:23.1543334 PowerTaskList.DebugPrintPower() -         tag=CONTROLLER value=1
D 21:43:23.1543334 PowerTaskList.DebugPrintPower() -         tag=ENTITY_ID value=13
D 21:43:23.1543334 PowerTaskList.DebugPrintPower() -     FULL_ENTITY - Updating [entityName=UNKNOWN ENTITY [cardType=INVALID] id=14 zone=DECK zonePos=0 cardId= player=1] CardID=
D 21:43:23.1543334 PowerTaskList.DebugPrintPower() -         tag=ZONE value=DECK
D 21:43:23.1543334 PowerTaskList.DebugPrintPower() -         tag=CONTROLLER value=1
D 21:43:23.1543334 PowerTaskList.DebugPrintPower() -         tag=ENTITY_ID value=14
D 21:43:23.1543334 PowerTaskList.DebugPrintPower() -     FULL_ENTITY - Updating [entityName=UNKNOWN ENTITY [cardType=INVALID] id=15 zone=DECK zonePos=0 cardId= player=1] CardID=
D 21:43:23.1543334 PowerTaskList.DebugPrintPower() -         tag=ZONE value=DECK
D 21:43:23.1543334 PowerTaskList.DebugPrintPower() -         tag=CONTROLLER value=1
D 21:43:23.1543334 PowerTaskList.DebugPrintPower() -         tag=ENTITY_ID value=15
D 21:43:23.1543334 PowerTaskList.DebugPrintPower() -     FULL_ENTITY - Updating [entityName=UNKNOWN ENTITY [cardType=INVALID] id=16 zone=DECK zonePos=0 cardId= player=1] CardID=
D 21:43:23.1543334 PowerTaskList.DebugPrintPower() -         tag=ZONE value=DECK
D 21:43:23.1543334 PowerTaskList.DebugPrintPower() -         tag=CONTROLLER value=1
D 21:43:23.1543334 PowerTaskList.DebugPrintPower() -         tag=ENTITY_ID value=16
D 21:43:23.1543334 PowerTaskList.DebugPrintPower() -     FULL_ENTITY - Updating [entityName=UNKNOWN ENTITY [cardType=INVALID] id=17 zone=DECK zonePos=0 cardId= player=1] CardID=
D 21:43:23.1543334 PowerTaskList.DebugPrintPower() -         tag=ZONE value=DECK
D 21:43:23.1543334 PowerTaskList.DebugPrintPower() -         tag=CONTROLLER value=1
D 21:43:23.1543334 PowerTaskList.DebugPrintPower() -         tag=ENTITY_ID value=17
D 21:43:23.1543334 PowerTaskList.DebugPrintPower() -     FULL_ENTITY - Updating [entityName=UNKNOWN ENTITY [cardType=INVALID] id=18 zone=DECK zonePos=0 cardId= player=1] CardID=
D 21:43:23.1543334 PowerTaskList.DebugPrintPower() -         tag=ZONE value=DECK
D 21:43:23.1543334 PowerTaskList.DebugPrintPower() -         tag=CONTROLLER value=1
D 21:43:23.1543334 PowerTaskList.DebugPrintPower() -         tag=ENTITY_ID value=18
D 21:43:23.1543334 PowerTaskList.DebugPrintPower() -     FULL_ENTITY - Updating [entityName=UNKNOWN ENTITY [cardType=INVALID] id=19 zone=DECK zonePos=0 cardId= player=1] CardID=
D 21:43:23.1543334 PowerTaskList.DebugPrintPower() -         tag=ZONE value=DECK
D 21:43:23.1543334 PowerTaskList.DebugPrintPower() -         tag=CONTROLLER value=1
D 21:43:23.1543334 PowerTaskList.DebugPrintPower() -         tag=ENTITY_ID value=19
D 21:43:23.1543334 PowerTaskList.DebugPrintPower() -     FULL_ENTITY - Updating [entityName=UNKNOWN ENTITY [cardType=INVALID] id=20 zone=DECK zonePos=0 cardId= player=1] CardID=
D 21:43:23.1543334 PowerTaskList.DebugPrintPower() -         tag=ZONE value=DECK
D 21:43:23.1543334 PowerTaskList.DebugPrintPower() -         tag=CONTROLLER value=1
D 21:43:23.1543334 PowerTaskList.DebugPrintPower() -         tag=ENTITY_ID value=20
D 21:43:23.1543334 PowerTaskList.DebugPrintPower() -     FULL_ENTITY - Updating [entityName=UNKNOWN ENTITY [cardType=INVALID] id=21 zone=DECK zonePos=0 cardId= player=1] CardID=
D 21:43:23.1543334 PowerTaskList.DebugPrintPower() -         tag=ZONE value=DECK
D 21:43:23.1543334 PowerTaskList.DebugPrintPower() -         tag=CONTROLLER value=1
D 21:43:23.1543334 PowerTaskList.DebugPrintPower() -         tag=ENTITY_ID value=21
D 21:43:23.1543334 PowerTaskList.DebugPrintPower() -     FULL_ENTITY - Updating [entityName=UNKNOWN ENTITY [cardType=INVALID] id=22 zone=DECK zonePos=0 cardId= player=1] CardID=
D 21:43:23.1543334 PowerTaskList.DebugPrintPower() -         tag=ZONE value=DECK
D 21:43:23.1543334 PowerTaskList.DebugPrintPower() -         tag=CONTROLLER value=1
D 21:43:23.1543334 PowerTaskList.DebugPrintPower() -         tag=ENTITY_ID value=22
D 21:43:23.1543334 PowerTaskList.DebugPrintPower() -     FULL_ENTITY - Updating [entityName=UNKNOWN ENTITY [cardType=INVALID] id=23 zone=DECK zonePos=0 cardId= player=1] CardID=
D 21:43:23.1543334 PowerTaskList.DebugPrintPower() -         tag=ZONE value=DECK
D 21:43:23.1543334 PowerTaskList.DebugPrintPower() -         tag=CONTROLLER value=1
D 21:43:23.1543334 PowerTaskList.DebugPrintPower() -         tag=ENTITY_ID value=23
D 21:43:23.1543334 PowerTaskList.DebugPrintPower() -     FULL_ENTITY - Updating [entityName=UNKNOWN ENTITY [cardType=INVALID] id=24 zone=SETASIDE zonePos=0 cardId= player=1] CardID=
D 21:43:23.1543334 PowerTaskList.DebugPrintPower() -         tag=ZONE value=SETASIDE
D 21:43:23.1543334 PowerTaskList.DebugPrintPower() -         tag=CONTROLLER value=1
D 21:43:23.1543334 PowerTaskList.DebugPrintPower() -         tag=ENTITY_ID value=24
D 21:43:23.1543334 PowerTaskList.DebugPrintPower() -     FULL_ENTITY - Updating [entityName=UNKNOWN ENTITY [cardType=INVALID] id=25 zone=SETASIDE zonePos=0 cardId= player=1] CardID=
D 21:43:23.1543334 PowerTaskList.DebugPrintPower() -         tag=ZONE value=SETASIDE
D 21:43:23.1543334 PowerTaskList.DebugPrintPower() -         tag=CONTROLLER value=1
D 21:43:23.1543334 PowerTaskList.DebugPrintPower() -         tag=ENTITY_ID value=25
D 21:43:23.1543334 PowerTaskList.DebugPrintPower() -     FULL_ENTITY - Updating [entityName=UNKNOWN ENTITY [cardType=INVALID] id=26 zone=SETASIDE zonePos=0 cardId= player=1] CardID=
D 21:43:23.1543334 PowerTaskList.DebugPrintPower() -         tag=ZONE value=SETASIDE
D 21:43:23.1543334 PowerTaskList.DebugPrintPower() -         tag=CONTROLLER value=1
D 21:43:23.1543334 PowerTaskList.DebugPrintPower() -         tag=ENTITY_ID value=26
D 21:43:23.1543334 PowerTaskList.DebugPrintPower() -     FULL_ENTITY - Updating [entityName=UNKNOWN ENTITY [cardType=INVALID] id=27 zone=DECK zonePos=0 cardId= player=2] CardID=
D 21:43:23.1543334 PowerTaskList.DebugPrintPower() -         tag=ZONE value=DECK
D 21:43:23.1543334 PowerTaskList.DebugPrintPower() -         tag=CONTROLLER value=2
D 21:43:23.1543334 PowerTaskList.DebugPrintPower() -         tag=ENTITY_ID value=27
D 21:43:23.1543334 PowerTaskList.DebugPrintPower() -     FULL_ENTITY - Updating [entityName=UNKNOWN ENTITY [cardType=INVALID] id=28 zone=DECK zonePos=0 cardId= player=2] CardID=
D 21:43:23.1543334 PowerTaskList.DebugPrintPower() -         tag=ZONE value=DECK
D 21:43:23.1543334 PowerTaskList.DebugPrintPower() -         tag=CONTROLLER value=2
D 21:43:23.1543334 PowerTaskList.DebugPrintPower() -         tag=ENTITY_ID value=28
D 21:43:23.1543334 PowerTaskList.DebugPrintPower() -     FULL_ENTITY - Updating [entityName=UNKNOWN ENTITY [cardType=INVALID] id=29 zone=DECK zonePos=0 cardId= player=2] CardID=
D 21:43:23.1543334 PowerTaskList.DebugPrintPower() -         tag=ZONE value=DECK
D 21:43:23.1543334 PowerTaskList.DebugPrintPower() -         tag=CONTROLLER value=2
D 21:43:23.1543334 PowerTaskList.DebugPrintPower() -         tag=ENTITY_ID value=29
D 21:43:23.1543334 PowerTaskList.DebugPrintPower() -     FULL_ENTITY - Updating [entityName=UNKNOWN ENTITY [cardType=INVALID] id=30 zone=DECK zonePos=0 cardId= player=2] CardID=
D 21:43:23.1543334 PowerTaskList.DebugPrintPower() -         tag=ZONE value=DECK
D 21:43:23.1543334 PowerTaskList.DebugPrintPower() -         tag=CONTROLLER value=2
D 21:43:23.1543334 PowerTaskList.DebugPrintPower() -         tag=ENTITY_ID value=30
D 21:43:23.1543334 PowerTaskList.DebugPrintPower() -     FULL_ENTITY - Updating [entityName=UNKNOWN ENTITY [cardType=INVALID] id=31 zone=DECK zonePos=0 cardId= player=2] CardID=
D 21:43:23.1543334 PowerTaskList.DebugPrintPower() -         tag=ZONE value=DECK
D 21:43:23.1543334 PowerTaskList.DebugPrintPower() -         tag=CONTROLLER value=2
D 21:43:23.1543334 PowerTaskList.DebugPrintPower() -         tag=ENTITY_ID value=31
D 21:43:23.1543334 PowerTaskList.DebugPrintPower() -     FULL_ENTITY - Updating [entityName=UNKNOWN ENTITY [cardType=INVALID] id=32 zone=DECK zonePos=0 cardId= player=2] CardID=
D 21:43:23.1543334 PowerTaskList.DebugPrintPower() -         tag=ZONE value=DECK
D 21:43:23.1543334 PowerTaskList.DebugPrintPower() -         tag=CONTROLLER value=2
D 21:43:23.1543334 PowerTaskList.DebugPrintPower() -         tag=ENTITY_ID value=32
D 21:43:23.1543334 PowerTaskList.DebugPrintPower() -     FULL_ENTITY - Updating [entityName=UNKNOWN ENTITY [cardType=INVALID] id=33 zone=DECK zonePos=0 cardId= player=2] CardID=
D 21:43:23.1543334 PowerTaskList.DebugPrintPower() -         tag=ZONE value=DECK
D 21:43:23.1543334 PowerTaskList.DebugPrintPower() -         tag=CONTROLLER value=2
D 21:43:23.1543334 PowerTaskList.DebugPrintPower() -         tag=ENTITY_ID value=33
D 21:43:23.1543334 PowerTaskList.DebugPrintPower() -     FULL_ENTITY - Updating [entityName=UNKNOWN ENTITY [cardType=INVALID] id=34 zone=DECK zonePos=0 cardId= player=2] CardID=
D 21:43:23.1543334 PowerTaskList.DebugPrintPower() -         tag=ZONE value=DECK
D 21:43:23.1543334 PowerTaskList.DebugPrintPower() -         tag=CONTROLLER value=2
D 21:43:23.1543334 PowerTaskList.DebugPrintPower() -         tag=ENTITY_ID value=34
D 21:43:23.1543334 PowerTaskList.DebugPrintPower() -     FULL_ENTITY - Updating [entityName=UNKNOWN ENTITY [cardType=INVALID] id=35 zone=DECK zonePos=0 cardId= player=2] CardID=
D 21:43:23.1543334 PowerTaskList.DebugPrintPower() -         tag=ZONE value=DECK
D 21:43:23.1543334 PowerTaskList.DebugPrintPower() -         tag=CONTROLLER value=2
D 21:43:23.1543334 PowerTaskList.DebugPrintPower() -         tag=ENTITY_ID value=35
D 21:43:23.1543334 PowerTaskList.DebugPrintPower() -     FULL_ENTITY - Updating [entityName=UNKNOWN ENTITY [cardType=INVALID] id=36 zone=DECK zonePos=0 cardId= player=2] CardID=
D 21:43:23.1543334 PowerTaskList.DebugPrintPower() -         tag=ZONE value=DECK
D 21:43:23.1543334 PowerTaskList.DebugPrintPower() -         tag=CONTROLLER value=2
D 21:43:23.1543334 PowerTaskList.DebugPrintPower() -         tag=ENTITY_ID value=36
D 21:43:23.1543334 PowerTaskList.DebugPrintPower() -     FULL_ENTITY - Updating [entityName=UNKNOWN ENTITY [cardType=INVALID] id=37 zone=DECK zonePos=0 cardId= player=2] CardID=
D 21:43:23.1543334 PowerTaskList.DebugPrintPower() -         tag=ZONE value=DECK
D 21:43:23.1543334 PowerTaskList.DebugPrintPower() -         tag=CONTROLLER value=2
D 21:43:23.1543334 PowerTaskList.DebugPrintPower() -         tag=ENTITY_ID value=37
D 21:43:23.1543334 PowerTaskList.DebugPrintPower() -     FULL_ENTITY - Updating [entityName=UNKNOWN ENTITY [cardType=INVALID] id=38 zone=DECK zonePos=0 cardId= player=2] CardID=
D 21:43:23.1543334 PowerTaskList.DebugPrintPower() -         tag=ZONE value=DECK
D 21:43:23.1543334 PowerTaskList.DebugPrintPower() -         tag=CONTROLLER value=2
D 21:43:23.1543334 PowerTaskList.DebugPrintPower() -         tag=ENTITY_ID value=38
D 21:43:23.1543334 PowerTaskList.DebugPrintPower() -     FULL_ENTITY - Updating [entityName=UNKNOWN ENTITY [cardType=INVALID] id=39 zone=DECK zonePos=0 cardId= player=2] CardID=
D 21:43:23.1543334 PowerTaskList.DebugPrintPower() -         tag=ZONE value=DECK
D 21:43:23.1543334 PowerTaskList.DebugPrintPower() -         tag=CONTROLLER value=2
D 21:43:23.1543334 PowerTaskList.DebugPrintPower() -         tag=ENTITY_ID value=39
D 21:43:23.1543334 PowerTaskList.DebugPrintPower() -     FULL_ENTITY - Updating [entityName=UNKNOWN ENTITY [cardType=INVALID] id=40 zone=DECK zonePos=0 cardId= player=2] CardID=
D 21:43:23.1543334 PowerTaskList.DebugPrintPower() -         tag=ZONE value=DECK
D 21:43:23.1543334 PowerTaskList.DebugPrintPower() -         tag=CONTROLLER value=2
D 21:43:23.1543334 PowerTaskList.DebugPrintPower() -         tag=ENTITY_ID value=40
D 21:43:23.1543334 PowerTaskList.DebugPrintPower() -     FULL_ENTITY - Updating [entityName=UNKNOWN ENTITY [cardType=INVALID] id=41 zone=SETASIDE zonePos=0 cardId= player=2] CardID=
D 21:43:23.1543334 PowerTaskList.DebugPrintPower() -         tag=ZONE value=SETASIDE
D 21:43:23.1543334 PowerTaskList.DebugPrintPower() -         tag=CONTROLLER value=2
D 21:43:23.1543334 PowerTaskList.DebugPrintPower() -         tag=ENTITY_ID value=41
D 21:43:23.1543334 PowerTaskList.DebugPrintPower() -     FULL_ENTITY - Updating [entityName=UNKNOWN ENTITY [cardType=INVALID] id=42 zone=SETASIDE zonePos=0 cardId= player=2] CardID=
D 21:43:23.1543334 PowerTaskList.DebugPrintPower() -         tag=ZONE value=SETASIDE
D 21:43:23.1543334 PowerTaskList.DebugPrintPower() -         tag=CONTROLLER value=2
D 21:43:23.1543334 PowerTaskList.DebugPrintPower() -         tag=ENTITY_ID value=42
D 21:43:23.1543334 PowerTaskList.DebugPrintPower() -     FULL_ENTITY - Updating [entityName=UNKNOWN ENTITY [cardType=INVALID] id=43 zone=DECK zonePos=0 cardId= player=2] CardID=
D 21:43:23.1543334 PowerTaskList.DebugPrintPower() -         tag=ZONE value=DECK
D 21:43:23.1543334 PowerTaskList.DebugPrintPower() -         tag=CONTROLLER value=2
D 21:43:23.1543334 PowerTaskList.DebugPrintPower() -         tag=ENTITY_ID value=43
D 21:43:23.1543334 PowerTaskList.DebugPrintPower() -     FULL_ENTITY - Updating [entityName=UNKNOWN ENTITY [cardType=INVALID] id=44 zone=DECK zonePos=0 cardId= player=2] CardID=
D 21:43:23.1543334 PowerTaskList.DebugPrintPower() -         tag=ZONE value=DECK
D 21:43:23.1543334 PowerTaskList.DebugPrintPower() -         tag=CONTROLLER value=2
D 21:43:23.1543334 PowerTaskList.DebugPrintPower() -         tag=ENTITY_ID value=44
D 21:43:23.1543334 PowerTaskList.DebugPrintPower() -     FULL_ENTITY - Updating [entityName=UNKNOWN ENTITY [cardType=INVALID] id=45 zone=DECK zonePos=0 cardId= player=2] CardID=
D 21:43:23.1543334 PowerTaskList.DebugPrintPower() -         tag=ZONE value=DECK
D 21:43:23.1543334 PowerTaskList.DebugPrintPower() -         tag=CONTROLLER value=2
D 21:43:23.1543334 PowerTaskList.DebugPrintPower() -         tag=ENTITY_ID value=45
D 21:43:23.1543334 PowerTaskList.DebugPrintPower() -     FULL_ENTITY - Updating [entityName=UNKNOWN ENTITY [cardType=INVALID] id=46 zone=DECK zonePos=0 cardId= player=2] CardID=
D 21:43:23.1543334 PowerTaskList.DebugPrintPower() -         tag=ZONE value=DECK
D 21:43:23.1543334 PowerTaskList.DebugPrintPower() -         tag=CONTROLLER value=2
D 21:43:23.1543334 PowerTaskList.DebugPrintPower() -         tag=ENTITY_ID value=46
D 21:43:23.1543334 PowerTaskList.DebugPrintPower() -     FULL_ENTITY - Updating [entityName=UNKNOWN ENTITY [cardType=INVALID] id=47 zone=DECK zonePos=0 cardId= player=2] CardID=
D 21:43:23.1543334 PowerTaskList.DebugPrintPower() -         tag=ZONE value=DECK
D 21:43:23.1543334 PowerTaskList.DebugPrintPower() -         tag=CONTROLLER value=2
D 21:43:23.1543334 PowerTaskList.DebugPrintPower() -         tag=ENTITY_ID value=47
D 21:43:23.1543334 PowerTaskList.DebugPrintPower() -     FULL_ENTITY - Updating [entityName=UNKNOWN ENTITY [cardType=INVALID] id=48 zone=DECK zonePos=0 cardId= player=2] CardID=
D 21:43:23.1543334 PowerTaskList.DebugPrintPower() -         tag=ZONE value=DECK
D 21:43:23.1543334 PowerTaskList.DebugPrintPower() -         tag=CONTROLLER value=2
D 21:43:23.1543334 PowerTaskList.DebugPrintPower() -         tag=ENTITY_ID value=48
D 21:43:23.1543334 PowerTaskList.DebugPrintPower() -     FULL_ENTITY - Updating [entityName=UNKNOWN ENTITY [cardType=INVALID] id=49 zone=DECK zonePos=0 cardId= player=2] CardID=
D 21:43:23.1543334 PowerTaskList.DebugPrintPower() -         tag=ZONE value=DECK
D 21:43:23.1543334 PowerTaskList.DebugPrintPower() -         tag=CONTROLLER value=2
D 21:43:23.1543334 PowerTaskList.DebugPrintPower() -         tag=ENTITY_ID value=49
D 21:43:23.1543334 PowerTaskList.DebugPrintPower() -     FULL_ENTITY - Updating [entityName=UNKNOWN ENTITY [cardType=INVALID] id=50 zone=DECK zonePos=0 cardId= player=2] CardID=
D 21:43:23.1543334 PowerTaskList.DebugPrintPower() -         tag=ZONE value=DECK
D 21:43:23.1543334 PowerTaskList.DebugPrintPower() -         tag=CONTROLLER value=2
D 21:43:23.1543334 PowerTaskList.DebugPrintPower() -         tag=ENTITY_ID value=50
D 21:43:23.1543334 PowerTaskList.DebugPrintPower() -     FULL_ENTITY - Updating [entityName=UNKNOWN ENTITY [cardType=INVALID] id=51 zone=DECK zonePos=0 cardId= player=2] CardID=
D 21:43:23.1543334 PowerTaskList.DebugPrintPower() -         tag=ZONE value=DECK
D 21:43:23.1543334 PowerTaskList.DebugPrintPower() -         tag=CONTROLLER value=2
D 21:43:23.1543334 PowerTaskList.DebugPrintPower() -         tag=ENTITY_ID value=51
D 21:43:23.1543334 PowerTaskList.DebugPrintPower() -     FULL_ENTITY - Updating [entityName=UNKNOWN ENTITY [cardType=INVALID] id=52 zone=SETASIDE zonePos=0 cardId= player=2] CardID=
D 21:43:23.1543334 PowerTaskList.DebugPrintPower() -         tag=ZONE value=SETASIDE
D 21:43:23.1543334 PowerTaskList.DebugPrintPower() -         tag=CONTROLLER value=2
D 21:43:23.1543334 PowerTaskList.DebugPrintPower() -         tag=ENTITY_ID value=52
D 21:43:23.1543334 PowerTaskList.DebugPrintPower() -     FULL_ENTITY - Updating [entityName=UNKNOWN ENTITY [cardType=INVALID] id=53 zone=SETASIDE zonePos=0 cardId= player=2] CardID=
D 21:43:23.1543334 PowerTaskList.DebugPrintPower() -         tag=ZONE value=SETASIDE
D 21:43:23.1543334 PowerTaskList.DebugPrintPower() -         tag=CONTROLLER value=2
D 21:43:23.1543334 PowerTaskList.DebugPrintPower() -         tag=ENTITY_ID value=53
D 21:43:23.1543334 PowerTaskList.DebugPrintPower() -     FULL_ENTITY - Updating [entityName=UNKNOWN ENTITY [cardType=INVALID] id=54 zone=DECK zonePos=0 cardId= player=2] CardID=
D 21:43:23.1543334 PowerTaskList.DebugPrintPower() -         tag=ZONE value=DECK
D 21:43:23.1543334 PowerTaskList.DebugPrintPower() -         tag=CONTROLLER value=2
D 21:43:23.1543334 PowerTaskList.DebugPrintPower() -         tag=ENTITY_ID value=54
D 21:43:23.1543334 PowerTaskList.DebugPrintPower() -     FULL_ENTITY - Updating [entityName=UNKNOWN ENTITY [cardType=INVALID] id=55 zone=SETASIDE zonePos=0 cardId= player=2] CardID=
D 21:43:23.1543334 PowerTaskList.DebugPrintPower() -         tag=ZONE value=SETASIDE
D 21:43:23.1543334 PowerTaskList.DebugPrintPower() -         tag=CONTROLLER value=2
D 21:43:23.1543334 PowerTaskList.DebugPrintPower() -         tag=ENTITY_ID value=55
D 21:43:23.1543334 PowerTaskList.DebugPrintPower() -     FULL_ENTITY - Updating [entityName=UNKNOWN ENTITY [cardType=INVALID] id=56 zone=SETASIDE zonePos=0 cardId= player=2] CardID=
D 21:43:23.1543334 PowerTaskList.DebugPrintPower() -         tag=ZONE value=SETASIDE
D 21:43:23.1543334 PowerTaskList.DebugPrintPower() -         tag=CONTROLLER value=2
D 21:43:23.1543334 PowerTaskList.DebugPrintPower() -         tag=ENTITY_ID value=56
D 21:43:23.1543334 PowerTaskList.DebugPrintPower() -     FULL_ENTITY - Updating [entityName=UNKNOWN ENTITY [cardType=INVALID] id=57 zone=DECK zonePos=0 cardId= player=2] CardID=
D 21:43:23.1543334 PowerTaskList.DebugPrintPower() -         tag=ZONE value=DECK
D 21:43:23.1543334 PowerTaskList.DebugPrintPower() -         tag=CONTROLLER value=2
D 21:43:23.1543334 PowerTaskList.DebugPrintPower() -         tag=ENTITY_ID value=57
D 21:43:23.1543334 PowerTaskList.DebugPrintPower() -     FULL_ENTITY - Updating [entityName=UNKNOWN ENTITY [cardType=INVALID] id=58 zone=DECK zonePos=0 cardId= player=2] CardID=
D 21:43:23.1543334 PowerTaskList.DebugPrintPower() -         tag=ZONE value=DECK
D 21:43:23.1543334 PowerTaskList.DebugPrintPower() -         tag=CONTROLLER value=2
D 21:43:23.1543334 PowerTaskList.DebugPrintPower() -         tag=ENTITY_ID value=58
D 21:43:23.1543334 PowerTaskList.DebugPrintPower() -     FULL_ENTITY - Updating [entityName=UNKNOWN ENTITY [cardType=INVALID] id=59 zone=DECK zonePos=0 cardId= player=2] CardID=
D 21:43:23.1543334 PowerTaskList.DebugPrintPower() -         tag=ZONE value=DECK
D 21:43:23.1543334 PowerTaskList.DebugPrintPower() -         tag=CONTROLLER value=2
D 21:43:23.1543334 PowerTaskList.DebugPrintPower() -         tag=ENTITY_ID value=59
D 21:43:23.1543334 PowerTaskList.DebugPrintPower() -     FULL_ENTITY - Updating [entityName=UNKNOWN ENTITY [cardType=INVALID] id=60 zone=SETASIDE zonePos=0 cardId= player=2] CardID=
D 21:43:23.1543334 PowerTaskList.DebugPrintPower() -         tag=ZONE value=SETASIDE
D 21:43:23.1543334 PowerTaskList.DebugPrintPower() -         tag=CONTROLLER value=2
D 21:43:23.1543334 PowerTaskList.DebugPrintPower() -         tag=ENTITY_ID value=60
D 21:43:23.1543334 PowerTaskList.DebugPrintPower() -     FULL_ENTITY - Updating [entityName=UNKNOWN ENTITY [cardType=INVALID] id=61 zone=SETASIDE zonePos=0 cardId= player=2] CardID=
D 21:43:23.1543334 PowerTaskList.DebugPrintPower() -         tag=ZONE value=SETASIDE
D 21:43:23.1543334 PowerTaskList.DebugPrintPower() -         tag=CONTROLLER value=2
D 21:43:23.1543334 PowerTaskList.DebugPrintPower() -         tag=ENTITY_ID value=61
D 21:43:23.1543334 PowerTaskList.DebugPrintPower() -     FULL_ENTITY - Updating [entityName=UNKNOWN ENTITY [cardType=INVALID] id=62 zone=DECK zonePos=0 cardId= player=2] CardID=
D 21:43:23.1543334 PowerTaskList.DebugPrintPower() -         tag=ZONE value=DECK
D 21:43:23.1543334 PowerTaskList.DebugPrintPower() -         tag=CONTROLLER value=2
D 21:43:23.1543334 PowerTaskList.DebugPrintPower() -         tag=ENTITY_ID value=62
D 21:43:23.1543334 PowerTaskList.DebugPrintPower() -     FULL_ENTITY - Updating [entityName=UNKNOWN ENTITY [cardType=INVALID] id=63 zone=DECK zonePos=0 cardId= player=2] CardID=
D 21:43:23.1543334 PowerTaskList.DebugPrintPower() -         tag=ZONE value=DECK
D 21:43:23.1543334 PowerTaskList.DebugPrintPower() -         tag=CONTROLLER value=2
D 21:43:23.1543334 PowerTaskList.DebugPrintPower() -         tag=ENTITY_ID value=63
D 21:43:23.1543334 PowerTaskList.DebugPrintPower() -     FULL_ENTITY - Updating [entityName=UNKNOWN ENTITY [cardType=INVALID] id=64 zone=DECK zonePos=0 cardId= player=2] CardID=
D 21:43:23.1543334 PowerTaskList.DebugPrintPower() -         tag=ZONE value=DECK
D 21:43:23.1543334 PowerTaskList.DebugPrintPower() -         tag=CONTROLLER value=2
D 21:43:23.1543334 PowerTaskList.DebugPrintPower() -         tag=ENTITY_ID value=64
D 21:43:23.1543334 PowerTaskList.DebugPrintPower() -     FULL_ENTITY - Updating [entityName=UNKNOWN ENTITY [cardType=INVALID] id=65 zone=SETASIDE zonePos=0 cardId= player=2] CardID=
D 21:43:23.1543334 PowerTaskList.DebugPrintPower() -         tag=ZONE value=SETASIDE
D 21:43:23.1543334 PowerTaskList.DebugPrintPower() -         tag=CONTROLLER value=2
D 21:43:23.1543334 PowerTaskList.DebugPrintPower() -         tag=ENTITY_ID value=65
D 21:43:23.1543334 PowerTaskList.DebugPrintPower() -     FULL_ENTITY - Updating [entityName=UNKNOWN ENTITY [cardType=INVALID] id=66 zone=SETASIDE zonePos=0 cardId= player=2] CardID=
D 21:43:23.1543334 PowerTaskList.DebugPrintPower() -         tag=ZONE value=SETASIDE
D 21:43:23.1543334 PowerTaskList.DebugPrintPower() -         tag=CONTROLLER value=2
D 21:43:23.1543334 PowerTaskList.DebugPrintPower() -         tag=ENTITY_ID value=66
D 21:43:23.1543334 PowerTaskList.DebugPrintPower() -     FULL_ENTITY - Updating [entityName=安度因·乌瑞恩 id=67 zone=PLAY zonePos=0 cardId=HERO_09 player=1] CardID=HERO_09
D 21:43:23.1543334 PowerTaskList.DebugPrintPower() -         tag=CONTROLLER value=1
D 21:43:23.1543334 PowerTaskList.DebugPrintPower() -         tag=CARDTYPE value=HERO
D 21:43:23.1543334 PowerTaskList.DebugPrintPower() -         tag=HEALTH value=30
D 21:43:23.1543334 PowerTaskList.DebugPrintPower() -         tag=PREMIUM value=1
D 21:43:23.1543334 PowerTaskList.DebugPrintPower() -         tag=ZONE value=PLAY
D 21:43:23.1543334 PowerTaskList.DebugPrintPower() -         tag=ENTITY_ID value=67
D 21:43:23.1543334 PowerTaskList.DebugPrintPower() -         tag=CLASS value=PRIEST
D 21:43:23.1543334 PowerTaskList.DebugPrintPower() -         tag=FACTION value=NEUTRAL
D 21:43:23.1543334 PowerTaskList.DebugPrintPower() -         tag=RARITY value=FREE
D 21:43:23.1543334 PowerTaskList.DebugPrintPower() -         tag=HERO_POWER value=479
D 21:43:23.1543334 PowerTaskList.DebugPrintPower() -         tag=SPAWN_TIME_COUNT value=1
D 21:43:23.1543334 PowerTaskList.DebugPrintPower() -         tag=EMOTECHARACTER value=31
D 21:43:23.1543334 PowerTaskList.DebugPrintPower() -         tag=HAS_ACTIVATE_POWER value=1
D 21:43:23.1543334 PowerTaskList.DebugPrintPower() -         tag=EMOTECLASS value=9
D 21:43:23.1543334 PowerTaskList.DebugPrintPower() -         tag=3085 value=30
D 21:43:23.1543334 PowerTaskList.DebugPrintPower() -     FULL_ENTITY - Updating [entityName=次级治疗术 id=68 zone=PLAY zonePos=0 cardId=HERO_09bp player=1] CardID=HERO_09bp
D 21:43:23.1543334 PowerTaskList.DebugPrintPower() -         tag=CONTROLLER value=1
D 21:43:23.1543334 PowerTaskList.DebugPrintPower() -         tag=CARDTYPE value=HERO_POWER
D 21:43:23.1543334 PowerTaskList.DebugPrintPower() -         tag=TAG_LAST_KNOWN_COST_IN_HAND value=2
D 21:43:23.1543334 PowerTaskList.DebugPrintPower() -         tag=COST value=2
D 21:43:23.1543334 PowerTaskList.DebugPrintPower() -         tag=PREMIUM value=1
D 21:43:23.1543334 PowerTaskList.DebugPrintPower() -         tag=ZONE value=PLAY
D 21:43:23.1543334 PowerTaskList.DebugPrintPower() -         tag=ENTITY_ID value=68
D 21:43:23.1543334 PowerTaskList.DebugPrintPower() -         tag=CLASS value=PRIEST
D 21:43:23.1543334 PowerTaskList.DebugPrintPower() -         tag=FACTION value=NEUTRAL
D 21:43:23.1543334 PowerTaskList.DebugPrintPower() -         tag=RARITY value=FREE
D 21:43:23.1543334 PowerTaskList.DebugPrintPower() -         tag=CREATOR value=67
D 21:43:23.1543334 PowerTaskList.DebugPrintPower() -         tag=1037 value=1
D 21:43:23.1543334 PowerTaskList.DebugPrintPower() -         tag=1086 value=2741
D 21:43:23.1543334 PowerTaskList.DebugPrintPower() -         tag=CREATOR_DBID value=813
D 21:43:23.1543334 PowerTaskList.DebugPrintPower() -         tag=SPAWN_TIME_COUNT value=1
D 21:43:23.1543334 PowerTaskList.DebugPrintPower() -         tag=HAS_ACTIVATE_POWER value=1
D 21:43:23.1543334 PowerTaskList.DebugPrintPower() -     FULL_ENTITY - Updating [entityName=嘲风望月露娜拉 id=69 zone=PLAY zonePos=0 cardId=HERO_06bi player=2] CardID=HERO_06bi
D 21:43:23.1543334 PowerTaskList.DebugPrintPower() -         tag=CONTROLLER value=2
D 21:43:23.1543334 PowerTaskList.DebugPrintPower() -         tag=CARDTYPE value=HERO
D 21:43:23.1543334 PowerTaskList.DebugPrintPower() -         tag=HEALTH value=30
D 21:43:23.1543334 PowerTaskList.DebugPrintPower() -         tag=PREMIUM value=1
D 21:43:23.1543334 PowerTaskList.DebugPrintPower() -         tag=ZONE value=PLAY
D 21:43:23.1543334 PowerTaskList.DebugPrintPower() -         tag=ENTITY_ID value=69
D 21:43:23.1543334 PowerTaskList.DebugPrintPower() -         tag=CLASS value=DRUID
D 21:43:23.1543334 PowerTaskList.DebugPrintPower() -         tag=FACTION value=NEUTRAL
D 21:43:23.1543334 PowerTaskList.DebugPrintPower() -         tag=RARITY value=FREE
D 21:43:23.1543334 PowerTaskList.DebugPrintPower() -         tag=HERO_POWER value=66926
D 21:43:23.1543334 PowerTaskList.DebugPrintPower() -         tag=HIDE_WATERMARK value=1
D 21:43:23.1543334 PowerTaskList.DebugPrintPower() -         tag=SPAWN_TIME_COUNT value=1
D 21:43:23.1543334 PowerTaskList.DebugPrintPower() -         tag=EMOTECHARACTER value=20
D 21:43:23.1543334 PowerTaskList.DebugPrintPower() -         tag=HAS_ACTIVATE_POWER value=1
D 21:43:23.1543334 PowerTaskList.DebugPrintPower() -         tag=EMOTECLASS value=6
D 21:43:23.1543334 PowerTaskList.DebugPrintPower() -         tag=3085 value=30
D 21:43:23.1543334 PowerTaskList.DebugPrintPower() -     FULL_ENTITY - Updating [entityName=变形 id=70 zone=PLAY zonePos=0 cardId=HERO_06ebp player=2] CardID=HERO_06ebp
D 21:43:23.1543334 PowerTaskList.DebugPrintPower() -         tag=CONTROLLER value=2
D 21:43:23.1543334 PowerTaskList.DebugPrintPower() -         tag=CARDTYPE value=HERO_POWER
D 21:43:23.1543334 PowerTaskList.DebugPrintPower() -         tag=TAG_LAST_KNOWN_COST_IN_HAND value=2
D 21:43:23.1543334 PowerTaskList.DebugPrintPower() -         tag=COST value=2
D 21:43:23.1543334 PowerTaskList.DebugPrintPower() -         tag=PREMIUM value=1
D 21:43:23.1543334 PowerTaskList.DebugPrintPower() -         tag=ZONE value=PLAY
D 21:43:23.1543334 PowerTaskList.DebugPrintPower() -         tag=ENTITY_ID value=70
D 21:43:23.1543334 PowerTaskList.DebugPrintPower() -         tag=CLASS value=DRUID
D 21:43:23.1543334 PowerTaskList.DebugPrintPower() -         tag=FACTION value=NEUTRAL
D 21:43:23.1543334 PowerTaskList.DebugPrintPower() -         tag=RARITY value=FREE
D 21:43:23.1543334 PowerTaskList.DebugPrintPower() -         tag=CREATOR value=69
D 21:43:23.1543334 PowerTaskList.DebugPrintPower() -         tag=1037 value=2
D 21:43:23.1543334 PowerTaskList.DebugPrintPower() -         tag=1086 value=66928
D 21:43:23.1543334 PowerTaskList.DebugPrintPower() -         tag=CREATOR_DBID value=123761
D 21:43:23.1543334 PowerTaskList.DebugPrintPower() -         tag=SPAWN_TIME_COUNT value=1
D 21:43:23.1543334 PowerTaskList.DebugPrintPower() -         tag=HAS_ACTIVATE_POWER value=1
D 21:43:23.1543334 PowerTaskList.DebugPrintPower() -     TAG_CHANGE Entity=GameEntity tag=STATE value=RUNNING 
D 21:43:23.1543334 PowerTaskList.DebugPrintPower() -     TAG_CHANGE Entity=UNKNOWN HUMAN PLAYER tag=PLAYSTATE value=PLAYING 
D 21:43:23.1543334 PowerTaskList.DebugPrintPower() -     TAG_CHANGE Entity=湫然#51704 tag=PLAYSTATE value=PLAYING 
D 21:43:23.1543334 PowerTaskList.DebugDump() - Block End=(null)
D 21:43:23.1543334 PowerProcessor.PrepareHistoryForCurrentTaskList() - m_currentTaskList=1
D 21:43:25.2770156 PowerProcessor.EndCurrentTaskList() - m_currentTaskList=1
D 21:43:25.2842300 PowerTaskList.DebugDump() - ID=2 ParentID=1 PreviousID=0 TaskCount=60
D 21:43:25.2842300 PowerTaskList.DebugPrintPower() - BLOCK_START BlockType=TRIGGER Entity=[entityName=UNKNOWN ENTITY [cardType=INVALID] id=12 zone=DECK zonePos=0 cardId= player=1] EffectCardId=System.Collections.Generic.List`1[System.String] EffectIndex=0 Target=0 SubOption=-1 TriggerKeyword=TAG_NOT_SET
D 21:43:25.2842300 PowerTaskList.DebugPrintPower() -     SHOW_ENTITY - Updating Entity=[entityName=UNKNOWN ENTITY [cardType=INVALID] id=12 zone=DECK zonePos=0 cardId= player=1] CardID=JAIL_430
D 21:43:25.2842300 PowerTaskList.DebugPrintPower() -         tag=CONTROLLER value=1
D 21:43:25.2842300 PowerTaskList.DebugPrintPower() -         tag=CARDTYPE value=MINION
D 21:43:25.2842300 PowerTaskList.DebugPrintPower() -         tag=TAG_LAST_KNOWN_COST_IN_HAND value=7
D 21:43:25.2842300 PowerTaskList.DebugPrintPower() -         tag=479 value=7
D 21:43:25.2842300 PowerTaskList.DebugPrintPower() -         tag=COST value=7
D 21:43:25.2842300 PowerTaskList.DebugPrintPower() -         tag=ATK value=7
D 21:43:25.2842300 PowerTaskList.DebugPrintPower() -         tag=HEALTH value=7
D 21:43:25.2842300 PowerTaskList.DebugPrintPower() -         tag=ZONE value=DECK
D 21:43:25.2842300 PowerTaskList.DebugPrintPower() -         tag=ENTITY_ID value=12
D 21:43:25.2842300 PowerTaskList.DebugPrintPower() -         tag=ELITE value=1
D 21:43:25.2842300 PowerTaskList.DebugPrintPower() -         tag=CLASS value=PRIEST
D 21:43:25.2842300 PowerTaskList.DebugPrintPower() -         tag=CARDRACE value=UNDEAD
D 21:43:25.2842300 PowerTaskList.DebugPrintPower() -         tag=RARITY value=LEGENDARY
D 21:43:25.2842300 PowerTaskList.DebugPrintPower() -         tag=BATTLECRY value=1
D 21:43:25.2842300 PowerTaskList.DebugPrintPower() -         tag=REVEALED value=1
D 21:43:25.2842300 PowerTaskList.DebugPrintPower() -         tag=478 value=1
D 21:43:25.2842300 PowerTaskList.DebugPrintPower() -         tag=START_OF_GAME_KEYWORD value=1
D 21:43:25.2842300 PowerTaskList.DebugPrintPower() -         tag=DECK_RULE_MOD_DECK_SIZE value=20
D 21:43:25.2842300 PowerTaskList.DebugPrintPower() -         tag=1043 value=1
D 21:43:25.2842300 PowerTaskList.DebugPrintPower() -         tag=1068 value=0
D 21:43:25.2842300 PowerTaskList.DebugPrintPower() -         tag=SPAWN_TIME_COUNT value=1
D 21:43:25.2842300 PowerTaskList.DebugPrintPower() -         tag=HAS_SIGNATURE_QUALITY value=1
D 21:43:25.2842300 PowerTaskList.DebugPrintPower() -         tag=HAS_ACTIVATE_POWER value=1
D 21:43:25.2842300 PowerTaskList.DebugPrintPower() -         tag=2936 value=1
D 21:43:25.2842300 PowerTaskList.DebugPrintPower() -         tag=3085 value=7
D 21:43:25.2842300 PowerTaskList.DebugPrintPower() -         tag=4472 value=7
D 21:43:25.2842300 PowerTaskList.DebugPrintPower() -         tag=4818 value=1
D 21:43:25.2842300 PowerTaskList.DebugPrintPower() -     FULL_ENTITY - Updating [entityName=UNKNOWN ENTITY [cardType=INVALID] id=71 zone=DECK zonePos=0 cardId= player=1] CardID=
D 21:43:25.2842300 PowerTaskList.DebugPrintPower() -         tag=ZONE value=DECK
D 21:43:25.2842300 PowerTaskList.DebugPrintPower() -         tag=CONTROLLER value=1
D 21:43:25.2842300 PowerTaskList.DebugPrintPower() -         tag=ENTITY_ID value=71
D 21:43:25.2842300 PowerTaskList.DebugPrintPower() -     TAG_CHANGE Entity=[entityName=UNKNOWN ENTITY [cardType=INVALID] id=71 zone=DECK zonePos=0 cardId= player=1] tag=DISPLAYED_CREATOR value=12 
D 21:43:25.2842300 PowerTaskList.DebugPrintPower() -     FULL_ENTITY - Updating [entityName=UNKNOWN ENTITY [cardType=INVALID] id=72 zone=DECK zonePos=0 cardId= player=1] CardID=
D 21:43:25.2842300 PowerTaskList.DebugPrintPower() -         tag=ZONE value=DECK
D 21:43:25.2842300 PowerTaskList.DebugPrintPower() -         tag=CONTROLLER value=1
D 21:43:25.2842300 PowerTaskList.DebugPrintPower() -         tag=ENTITY_ID value=72
D 21:43:25.2842300 PowerTaskList.DebugPrintPower() -     FULL_ENTITY - Updating [entityName=UNKNOWN ENTITY [cardType=INVALID] id=73 zone=SETASIDE zonePos=0 cardId= player=1] CardID=
D 21:43:25.2842300 PowerTaskList.DebugPrintPower() -         tag=ZONE value=SETASIDE
D 21:43:25.2842300 PowerTaskList.DebugPrintPower() -         tag=CONTROLLER value=1
D 21:43:25.2842300 PowerTaskList.DebugPrintPower() -         tag=ENTITY_ID value=73
D 21:43:25.2842300 PowerTaskList.DebugPrintPower() -     FULL_ENTITY - Updating [entityName=UNKNOWN ENTITY [cardType=INVALID] id=74 zone=SETASIDE zonePos=0 cardId= player=1] CardID=
D 21:43:25.2842300 PowerTaskList.DebugPrintPower() -         tag=ZONE value=SETASIDE
D 21:43:25.2842300 PowerTaskList.DebugPrintPower() -         tag=CONTROLLER value=1
D 21:43:25.2842300 PowerTaskList.DebugPrintPower() -         tag=ENTITY_ID value=74
D 21:43:25.2842300 PowerTaskList.DebugPrintPower() -     TAG_CHANGE Entity=[entityName=UNKNOWN ENTITY [cardType=INVALID] id=72 zone=DECK zonePos=0 cardId= player=1] tag=DISPLAYED_CREATOR value=12 
D 21:43:25.2842300 PowerTaskList.DebugPrintPower() -     FULL_ENTITY - Updating [entityName=UNKNOWN ENTITY [cardType=INVALID] id=75 zone=DECK zonePos=0 cardId= player=1] CardID=
D 21:43:25.2842300 PowerTaskList.DebugPrintPower() -         tag=ZONE value=DECK
D 21:43:25.2842300 PowerTaskList.DebugPrintPower() -         tag=CONTROLLER value=1
D 21:43:25.2842300 PowerTaskList.DebugPrintPower() -         tag=ENTITY_ID value=75
D 21:43:25.2842300 PowerTaskList.DebugPrintPower() -     TAG_CHANGE Entity=[entityName=UNKNOWN ENTITY [cardType=INVALID] id=75 zone=DECK zonePos=0 cardId= player=1] tag=DISPLAYED_CREATOR value=12 
D 21:43:25.2842300 PowerTaskList.DebugPrintPower() -     FULL_ENTITY - Updating [entityName=UNKNOWN ENTITY [cardType=INVALID] id=76 zone=DECK zonePos=0 cardId= player=1] CardID=
D 21:43:25.2842300 PowerTaskList.DebugPrintPower() -         tag=ZONE value=DECK
D 21:43:25.2842300 PowerTaskList.DebugPrintPower() -         tag=CONTROLLER value=1
D 21:43:25.2842300 PowerTaskList.DebugPrintPower() -         tag=ENTITY_ID value=76
D 21:43:25.2842300 PowerTaskList.DebugPrintPower() -     TAG_CHANGE Entity=[entityName=UNKNOWN ENTITY [cardType=INVALID] id=76 zone=DECK zonePos=0 cardId= player=1] tag=DISPLAYED_CREATOR value=12 
D 21:43:25.2842300 PowerTaskList.DebugPrintPower() -     FULL_ENTITY - Updating [entityName=UNKNOWN ENTITY [cardType=INVALID] id=77 zone=DECK zonePos=0 cardId= player=1] CardID=
D 21:43:25.2842300 PowerTaskList.DebugPrintPower() -         tag=ZONE value=DECK
D 21:43:25.2842300 PowerTaskList.DebugPrintPower() -         tag=CONTROLLER value=1
D 21:43:25.2842300 PowerTaskList.DebugPrintPower() -         tag=ENTITY_ID value=77
D 21:43:25.2842300 PowerTaskList.DebugPrintPower() -     TAG_CHANGE Entity=[entityName=UNKNOWN ENTITY [cardType=INVALID] id=77 zone=DECK zonePos=0 cardId= player=1] tag=DISPLAYED_CREATOR value=12 
D 21:43:25.2842300 PowerTaskList.DebugPrintPower() -     FULL_ENTITY - Updating [entityName=UNKNOWN ENTITY [cardType=INVALID] id=78 zone=DECK zonePos=0 cardId= player=1] CardID=
D 21:43:25.2842300 PowerTaskList.DebugPrintPower() -         tag=ZONE value=DECK
D 21:43:25.2842300 PowerTaskList.DebugPrintPower() -         tag=CONTROLLER value=1
D 21:43:25.2842300 PowerTaskList.DebugPrintPower() -         tag=ENTITY_ID value=78
D 21:43:25.2842300 PowerTaskList.DebugPrintPower() -     FULL_ENTITY - Updating [entityName=UNKNOWN ENTITY [cardType=INVALID] id=79 zone=SETASIDE zonePos=0 cardId= player=1] CardID=
D 21:43:25.2842300 PowerTaskList.DebugPrintPower() -         tag=ZONE value=SETASIDE
D 21:43:25.2842300 PowerTaskList.DebugPrintPower() -         tag=CONTROLLER value=1
D 21:43:25.2842300 PowerTaskList.DebugPrintPower() -         tag=ENTITY_ID value=79
D 21:43:25.2842300 PowerTaskList.DebugPrintPower() -     FULL_ENTITY - Updating [entityName=UNKNOWN ENTITY [cardType=INVALID] id=80 zone=SETASIDE zonePos=0 cardId= player=1] CardID=
D 21:43:25.2842300 PowerTaskList.DebugPrintPower() -         tag=ZONE value=SETASIDE
D 21:43:25.2842300 PowerTaskList.DebugPrintPower() -         tag=CONTROLLER value=1
D 21:43:25.2842300 PowerTaskList.DebugPrintPower() -         tag=ENTITY_ID value=80
D 21:43:25.2842300 PowerTaskList.DebugPrintPower() -     TAG_CHANGE Entity=[entityName=UNKNOWN ENTITY [cardType=INVALID] id=78 zone=DECK zonePos=0 cardId= player=1] tag=DISPLAYED_CREATOR value=12 
D 21:43:25.2842300 PowerTaskList.DebugPrintPower() -     FULL_ENTITY - Updating [entityName=UNKNOWN ENTITY [cardType=INVALID] id=81 zone=DECK zonePos=0 cardId= player=1] CardID=
D 21:43:25.2842300 PowerTaskList.DebugPrintPower() -         tag=ZONE value=DECK
D 21:43:25.2842300 PowerTaskList.DebugPrintPower() -         tag=CONTROLLER value=1
D 21:43:25.2842300 PowerTaskList.DebugPrintPower() -         tag=ENTITY_ID value=81
D 21:43:25.2842300 PowerTaskList.DebugPrintPower() -     TAG_CHANGE Entity=[entityName=UNKNOWN ENTITY [cardType=INVALID] id=81 zone=DECK zonePos=0 cardId= player=1] tag=DISPLAYED_CREATOR value=12 
D 21:43:25.2842300 PowerTaskList.DebugPrintPower() -     FULL_ENTITY - Updating [entityName=UNKNOWN ENTITY [cardType=INVALID] id=82 zone=DECK zonePos=0 cardId= player=1] CardID=
D 21:43:25.2842300 PowerTaskList.DebugPrintPower() -         tag=ZONE value=DECK
D 21:43:25.2842300 PowerTaskList.DebugPrintPower() -         tag=CONTROLLER value=1
D 21:43:25.2842300 PowerTaskList.DebugPrintPower() -         tag=ENTITY_ID value=82
D 21:43:25.2842300 PowerTaskList.DebugPrintPower() -     TAG_CHANGE Entity=[entityName=UNKNOWN ENTITY [cardType=INVALID] id=82 zone=DECK zonePos=0 cardId= player=1] tag=DISPLAYED_CREATOR value=12 
D 21:43:25.2842300 PowerTaskList.DebugPrintPower() -     FULL_ENTITY - Updating [entityName=UNKNOWN ENTITY [cardType=INVALID] id=83 zone=DECK zonePos=0 cardId= player=1] CardID=
D 21:43:25.2842300 PowerTaskList.DebugPrintPower() -         tag=ZONE value=DECK
D 21:43:25.2842300 PowerTaskList.DebugPrintPower() -         tag=CONTROLLER value=1
D 21:43:25.2842300 PowerTaskList.DebugPrintPower() -         tag=ENTITY_ID value=83
D 21:43:25.2842300 PowerTaskList.DebugPrintPower() -     TAG_CHANGE Entity=[entityName=UNKNOWN ENTITY [cardType=INVALID] id=83 zone=DECK zonePos=0 cardId= player=1] tag=DISPLAYED_CREATOR value=12 
D 21:43:25.2842300 PowerTaskList.DebugPrintPower() -     FULL_ENTITY - Updating [entityName=UNKNOWN ENTITY [cardType=INVALID] id=84 zone=DECK zonePos=0 cardId= player=1] CardID=
D 21:43:25.2842300 PowerTaskList.DebugPrintPower() -         tag=ZONE value=DECK
D 21:43:25.2842300 PowerTaskList.DebugPrintPower() -         tag=CONTROLLER value=1
D 21:43:25.2842300 PowerTaskList.DebugPrintPower() -         tag=ENTITY_ID value=84
D 21:43:25.2842300 PowerTaskList.DebugPrintPower() -     TAG_CHANGE Entity=[entityName=UNKNOWN ENTITY [cardType=INVALID] id=84 zone=DECK zonePos=0 cardId= player=1] tag=DISPLAYED_CREATOR value=12 
D 21:43:25.2842300 PowerTaskList.DebugPrintPower() -     FULL_ENTITY - Updating [entityName=UNKNOWN ENTITY [cardType=INVALID] id=85 zone=DECK zonePos=0 cardId= player=1] CardID=
D 21:43:25.2842300 PowerTaskList.DebugPrintPower() -         tag=ZONE value=DECK
D 21:43:25.2842300 PowerTaskList.DebugPrintPower() -         tag=CONTROLLER value=1
D 21:43:25.2842300 PowerTaskList.DebugPrintPower() -         tag=ENTITY_ID value=85
D 21:43:25.2842300 PowerTaskList.DebugPrintPower() -     FULL_ENTITY - Updating [entityName=UNKNOWN ENTITY [cardType=INVALID] id=86 zone=SETASIDE zonePos=0 cardId= player=1] CardID=
D 21:43:25.2842300 PowerTaskList.DebugPrintPower() -         tag=ZONE value=SETASIDE
D 21:43:25.2842300 PowerTaskList.DebugPrintPower() -         tag=CONTROLLER value=1
D 21:43:25.2842300 PowerTaskList.DebugPrintPower() -         tag=ENTITY_ID value=86
D 21:43:25.2842300 PowerTaskList.DebugPrintPower() -     FULL_ENTITY - Updating [entityName=UNKNOWN ENTITY [cardType=INVALID] id=87 zone=SETASIDE zonePos=0 cardId= player=1] CardID=
D 21:43:25.2842300 PowerTaskList.DebugPrintPower() -         tag=ZONE value=SETASIDE
D 21:43:25.2842300 PowerTaskList.DebugPrintPower() -         tag=CONTROLLER value=1
D 21:43:25.2842300 PowerTaskList.DebugPrintPower() -         tag=ENTITY_ID value=87
D 21:43:25.2842300 PowerTaskList.DebugPrintPower() -     TAG_CHANGE Entity=[entityName=UNKNOWN ENTITY [cardType=INVALID] id=85 zone=DECK zonePos=0 cardId= player=1] tag=DISPLAYED_CREATOR value=12 
D 21:43:25.2842300 PowerTaskList.DebugPrintPower() -     FULL_ENTITY - Updating [entityName=UNKNOWN ENTITY [cardType=INVALID] id=88 zone=DECK zonePos=0 cardId= player=1] CardID=
D 21:43:25.2842300 PowerTaskList.DebugPrintPower() -         tag=ZONE value=DECK
D 21:43:25.2842300 PowerTaskList.DebugPrintPower() -         tag=CONTROLLER value=1
D 21:43:25.2842300 PowerTaskList.DebugPrintPower() -         tag=ENTITY_ID value=88
D 21:43:25.2842300 PowerTaskList.DebugPrintPower() -     TAG_CHANGE Entity=[entityName=UNKNOWN ENTITY [cardType=INVALID] id=88 zone=DECK zonePos=0 cardId= player=1] tag=DISPLAYED_CREATOR value=12 
D 21:43:25.2842300 PowerTaskList.DebugPrintPower() -     FULL_ENTITY - Updating [entityName=UNKNOWN ENTITY [cardType=INVALID] id=89 zone=DECK zonePos=0 cardId= player=1] CardID=
D 21:43:25.2842300 PowerTaskList.DebugPrintPower() -         tag=ZONE value=DECK
D 21:43:25.2842300 PowerTaskList.DebugPrintPower() -         tag=CONTROLLER value=1
D 21:43:25.2842300 PowerTaskList.DebugPrintPower() -         tag=ENTITY_ID value=89
D 21:43:25.2842300 PowerTaskList.DebugPrintPower() -     TAG_CHANGE Entity=[entityName=UNKNOWN ENTITY [cardType=INVALID] id=89 zone=DECK zonePos=0 cardId= player=1] tag=DISPLAYED_CREATOR value=12 
D 21:43:25.2842300 PowerTaskList.DebugPrintPower() -     FULL_ENTITY - Updating [entityName=UNKNOWN ENTITY [cardType=INVALID] id=90 zone=DECK zonePos=0 cardId= player=1] CardID=
D 21:43:25.2842300 PowerTaskList.DebugPrintPower() -         tag=ZONE value=DECK
D 21:43:25.2842300 PowerTaskList.DebugPrintPower() -         tag=CONTROLLER value=1
D 21:43:25.2842300 PowerTaskList.DebugPrintPower() -         tag=ENTITY_ID value=90
D 21:43:25.2842300 PowerTaskList.DebugPrintPower() -     TAG_CHANGE Entity=[entityName=UNKNOWN ENTITY [cardType=INVALID] id=90 zone=DECK zonePos=0 cardId= player=1] tag=DISPLAYED_CREATOR value=12 
D 21:43:25.2842300 PowerTaskList.DebugPrintPower() -     FULL_ENTITY - Updating [entityName=UNKNOWN ENTITY [cardType=INVALID] id=91 zone=DECK zonePos=0 cardId= player=1] CardID=
D 21:43:25.2842300 PowerTaskList.DebugPrintPower() -         tag=ZONE value=DECK
D 21:43:25.2842300 PowerTaskList.DebugPrintPower() -         tag=CONTROLLER value=1
D 21:43:25.2842300 PowerTaskList.DebugPrintPower() -         tag=ENTITY_ID value=91
D 21:43:25.2842300 PowerTaskList.DebugPrintPower() -     TAG_CHANGE Entity=[entityName=UNKNOWN ENTITY [cardType=INVALID] id=91 zone=DECK zonePos=0 cardId= player=1] tag=DISPLAYED_CREATOR value=12 
D 21:43:25.2842300 PowerTaskList.DebugPrintPower() -     FULL_ENTITY - Updating [entityName=UNKNOWN ENTITY [cardType=INVALID] id=92 zone=DECK zonePos=0 cardId= player=1] CardID=
D 21:43:25.2842300 PowerTaskList.DebugPrintPower() -         tag=ZONE value=DECK
D 21:43:25.2842300 PowerTaskList.DebugPrintPower() -         tag=CONTROLLER value=1
D 21:43:25.2842300 PowerTaskList.DebugPrintPower() -         tag=ENTITY_ID value=92
D 21:43:25.2842300 PowerTaskList.DebugPrintPower() -     TAG_CHANGE Entity=[entityName=UNKNOWN ENTITY [cardType=INVALID] id=92 zone=DECK zonePos=0 cardId= player=1] tag=DISPLAYED_CREATOR value=12 
D 21:43:25.2842300 PowerTaskList.DebugPrintPower() -     FULL_ENTITY - Updating [entityName=UNKNOWN ENTITY [cardType=INVALID] id=93 zone=DECK zonePos=0 cardId= player=1] CardID=
D 21:43:25.2842300 PowerTaskList.DebugPrintPower() -         tag=ZONE value=DECK
D 21:43:25.2842300 PowerTaskList.DebugPrintPower() -         tag=CONTROLLER value=1
D 21:43:25.2842300 PowerTaskList.DebugPrintPower() -         tag=ENTITY_ID value=93
D 21:43:25.2842300 PowerTaskList.DebugPrintPower() -     TAG_CHANGE Entity=[entityName=UNKNOWN ENTITY [cardType=INVALID] id=93 zone=DECK zonePos=0 cardId= player=1] tag=DISPLAYED_CREATOR value=12 
D 21:43:25.2842300 PowerTaskList.DebugPrintPower() -     FULL_ENTITY - Updating [entityName=UNKNOWN ENTITY [cardType=INVALID] id=94 zone=DECK zonePos=0 cardId= player=1] CardID=
D 21:43:25.2842300 PowerTaskList.DebugPrintPower() -         tag=ZONE value=DECK
D 21:43:25.2842300 PowerTaskList.DebugPrintPower() -         tag=CONTROLLER value=1
D 21:43:25.2842300 PowerTaskList.DebugPrintPower() -         tag=ENTITY_ID value=94
D 21:43:25.2842300 PowerTaskList.DebugPrintPower() -     TAG_CHANGE Entity=[entityName=UNKNOWN ENTITY [cardType=INVALID] id=94 zone=DECK zonePos=0 cardId= player=1] tag=DISPLAYED_CREATOR value=12 
D 21:43:25.2842300 PowerTaskList.DebugPrintPower() -     FULL_ENTITY - Updating [entityName=UNKNOWN ENTITY [cardType=INVALID] id=95 zone=DECK zonePos=0 cardId= player=1] CardID=
D 21:43:25.2842300 PowerTaskList.DebugPrintPower() -         tag=ZONE value=DECK
D 21:43:25.2842300 PowerTaskList.DebugPrintPower() -         tag=CONTROLLER value=1
D 21:43:25.2842300 PowerTaskList.DebugPrintPower() -         tag=ENTITY_ID value=95
D 21:43:25.2842300 PowerTaskList.DebugPrintPower() -     FULL_ENTITY - Updating [entityName=UNKNOWN ENTITY [cardType=INVALID] id=96 zone=SETASIDE zonePos=0 cardId= player=1] CardID=
D 21:43:25.2842300 PowerTaskList.DebugPrintPower() -         tag=ZONE value=SETASIDE
D 21:43:25.2842300 PowerTaskList.DebugPrintPower() -         tag=CONTROLLER value=1
D 21:43:25.2842300 PowerTaskList.DebugPrintPower() -         tag=ENTITY_ID value=96
D 21:43:25.2842300 PowerTaskList.DebugPrintPower() -     FULL_ENTITY - Updating [entityName=UNKNOWN ENTITY [cardType=INVALID] id=97 zone=SETASIDE zonePos=0 cardId= player=1] CardID=
D 21:43:25.2842300 PowerTaskList.DebugPrintPower() -         tag=ZONE value=SETASIDE
D 21:43:25.2842300 PowerTaskList.DebugPrintPower() -         tag=CONTROLLER value=1
D 21:43:25.2842300 PowerTaskList.DebugPrintPower() -         tag=ENTITY_ID value=97
D 21:43:25.2842300 PowerTaskList.DebugPrintPower() -     TAG_CHANGE Entity=[entityName=UNKNOWN ENTITY [cardType=INVALID] id=95 zone=DECK zonePos=0 cardId= player=1] tag=DISPLAYED_CREATOR value=12 
D 21:43:25.2842300 PowerTaskList.DebugPrintPower() -     FULL_ENTITY - Updating [entityName=UNKNOWN ENTITY [cardType=INVALID] id=98 zone=DECK zonePos=0 cardId= player=1] CardID=
D 21:43:25.2842300 PowerTaskList.DebugPrintPower() -         tag=ZONE value=DECK
D 21:43:25.2842300 PowerTaskList.DebugPrintPower() -         tag=CONTROLLER value=1
D 21:43:25.2842300 PowerTaskList.DebugPrintPower() -         tag=ENTITY_ID value=98
D 21:43:25.2842300 PowerTaskList.DebugPrintPower() -     TAG_CHANGE Entity=[entityName=UNKNOWN ENTITY [cardType=INVALID] id=98 zone=DECK zonePos=0 cardId= player=1] tag=DISPLAYED_CREATOR value=12 
D 21:43:25.2842300 PowerTaskList.DebugPrintPower() -     FULL_ENTITY - Updating [entityName=UNKNOWN ENTITY [cardType=INVALID] id=99 zone=SETASIDE zonePos=0 cardId= player=1] CardID=
D 21:43:25.2842300 PowerTaskList.DebugPrintPower() -         tag=ZONE value=SETASIDE
D 21:43:25.2842300 PowerTaskList.DebugPrintPower() -         tag=CONTROLLER value=1
D 21:43:25.2842300 PowerTaskList.DebugPrintPower() -         tag=ENTITY_ID value=99
D 21:43:25.2842300 PowerTaskList.DebugPrintPower() -     SHOW_ENTITY - Updating Entity=[entityName=UNKNOWN ENTITY [cardType=INVALID] id=99 zone=SETASIDE zonePos=0 cardId= player=1] CardID=JAIL_430e1
D 21:43:25.2842300 PowerTaskList.DebugPrintPower() -         tag=CONTROLLER value=1
D 21:43:25.2842300 PowerTaskList.DebugPrintPower() -         tag=CARDTYPE value=ENCHANTMENT
D 21:43:25.2842300 PowerTaskList.DebugPrintPower() -         tag=ATTACHED value=2
D 21:43:25.2842300 PowerTaskList.DebugPrintPower() -         tag=ZONE value=SETASIDE
D 21:43:25.2842300 PowerTaskList.DebugPrintPower() -         tag=ENTITY_ID value=99
D 21:43:25.2842300 PowerTaskList.DebugPrintPower() -         tag=CLASS value=PRIEST
D 21:43:25.2842300 PowerTaskList.DebugPrintPower() -         tag=CREATOR value=12
D 21:43:25.2842300 PowerTaskList.DebugPrintPower() -         tag=1037 value=1
D 21:43:25.2842300 PowerTaskList.DebugPrintPower() -         tag=1068 value=0
D 21:43:25.2842300 PowerTaskList.DebugPrintPower() -         tag=CREATOR_DBID value=126055
D 21:43:25.2842300 PowerTaskList.DebugPrintPower() -         tag=SPAWN_TIME_COUNT value=1
D 21:43:25.2842300 PowerTaskList.DebugPrintPower() -         tag=4901 value=0
D 21:43:25.2842300 PowerTaskList.DebugPrintPower() -     TAG_CHANGE Entity=[entityName=UNKNOWN ENTITY [cardType=INVALID] id=99 zone=SETASIDE zonePos=0 cardId= player=1] tag=1068 value=1 
D 21:43:25.2842300 PowerTaskList.DebugPrintPower() -     TAG_CHANGE Entity=[entityName=UNKNOWN ENTITY [cardType=INVALID] id=99 zone=SETASIDE zonePos=0 cardId= player=1] tag=1068 value=0 
D 21:43:25.2842300 PowerTaskList.DebugPrintPower() -     TAG_CHANGE Entity=[entityName=UNKNOWN ENTITY [cardType=INVALID] id=99 zone=SETASIDE zonePos=0 cardId= player=1] tag=ZONE value=PLAY 
D 21:43:25.2842300 PowerTaskList.DebugPrintPower() -     TAG_CHANGE Entity=Rose#55519 tag=4741 value=1 
D 21:43:25.2842300 PowerTaskList.DebugPrintPower() -     TAG_CHANGE Entity=Rose#55519 tag=LAST_AFFECTED_BY value=12 
D 21:43:25.2842300 PowerTaskList.DebugPrintPower() -     META_DATA - Meta=TARGET Data=0 InfoCount=1
D 21:43:25.2842300 PowerTaskList.DebugPrintPower() -                 Info[0] = [entityName=UNKNOWN ENTITY [cardType=INVALID] id=12 zone=DECK zonePos=0 cardId= player=1]
D 21:43:25.2842300 PowerTaskList.DebugPrintPower() -     HIDE_ENTITY - Entity=[entityName=UNKNOWN ENTITY [cardType=INVALID] id=12 zone=DECK zonePos=0 cardId= player=1] tag=ZONE value=DECK
D 21:43:25.2842300 PowerTaskList.DebugPrintPower() -     TAG_CHANGE Entity=[entityName=UNKNOWN ENTITY [cardType=INVALID] id=12 zone=DECK zonePos=0 cardId= player=1] tag=REVEALED value=0 
D 21:43:25.2842300 PowerTaskList.DebugPrintPower() -     META_DATA - Meta=OVERRIDE_HISTORY Data=0 InfoCount=1
D 21:43:25.2842300 PowerTaskList.DebugPrintPower() -                 Info[0] = [entityName=UNKNOWN ENTITY [cardType=INVALID] id=12 zone=DECK zonePos=0 cardId= player=1]
D 21:43:25.2842300 PowerTaskList.DebugPrintPower() - BLOCK_END
D 21:43:25.2842300 PowerProcessor.PrepareHistoryForCurrentTaskList() - m_currentTaskList=2
D 21:43:25.8789119 PowerProcessor.EndCurrentTaskList() - m_currentTaskList=2
D 21:43:25.8824496 PowerTaskList.DebugDump() - ID=3 ParentID=0 PreviousID=0 TaskCount=0
D 21:43:25.8824496 PowerTaskList.DebugPrintPower() - BLOCK_START BlockType=TRIGGER Entity=GameEntity EffectCardId=System.Collections.Generic.List`1[System.String] EffectIndex=6 Target=0 SubOption=-1 TriggerKeyword=TAG_NOT_SET
D 21:43:25.8824496 PowerTaskList.DebugPrintPower() - BLOCK_END
D 21:43:25.8824496 PowerProcessor.PrepareHistoryForCurrentTaskList() - m_currentTaskList=3
D 21:43:25.8824496 PowerProcessor.EndCurrentTaskList() - m_currentTaskList=3
D 21:43:25.8824496 PowerTaskList.DebugDump() - ID=4 ParentID=0 PreviousID=0 TaskCount=57
D 21:43:25.8824496 PowerTaskList.DebugPrintPower() - BLOCK_START BlockType=TRIGGER Entity=GameEntity EffectCardId=System.Collections.Generic.List`1[System.String] EffectIndex=-1 Target=0 SubOption=-1 TriggerKeyword=TAG_NOT_SET
D 21:43:25.8824496 PowerTaskList.DebugPrintPower() -     TAG_CHANGE Entity=湫然#51704 tag=CURRENT_PLAYER value=1 
D 21:43:25.8824496 PowerTaskList.DebugPrintPower() -     TAG_CHANGE Entity=湫然#51704 tag=FIRST_PLAYER value=1 
D 21:43:25.8824496 PowerTaskList.DebugPrintPower() -     TAG_CHANGE Entity=GameEntity tag=TURN value=1 
D 21:43:25.8824496 PowerTaskList.DebugPrintPower() -     TAG_CHANGE Entity=Rose#55519 tag=2166 value=13 
D 21:43:25.8824496 PowerTaskList.DebugPrintPower() -     TAG_CHANGE Entity=Rose#55519 tag=467 value=4 
D 21:43:25.8824496 PowerTaskList.DebugPrintPower() -     TAG_CHANGE Entity=[entityName=UNKNOWN ENTITY [cardType=INVALID] id=13 zone=DECK zonePos=0 cardId= player=1] tag=ZONE value=HAND 
D 21:43:25.8824496 PowerTaskList.DebugPrintPower() -     TAG_CHANGE Entity=[entityName=UNKNOWN ENTITY [cardType=INVALID] id=13 zone=DECK zonePos=0 cardId= player=1] tag=ZONE_POSITION value=1 
D 21:43:25.8824496 PowerTaskList.DebugPrintPower() -     TAG_CHANGE Entity=[entityName=UNKNOWN ENTITY [cardType=INVALID] id=13 zone=DECK zonePos=0 cardId= player=1] tag=ZONE_POSITION value=0 
D 21:43:25.8824496 PowerTaskList.DebugPrintPower() -     TAG_CHANGE Entity=[entityName=UNKNOWN ENTITY [cardType=INVALID] id=13 zone=DECK zonePos=0 cardId= player=1] tag=ZONE_POSITION value=1 
D 21:43:25.8824496 PowerTaskList.DebugPrintPower() -     TAG_CHANGE Entity=Rose#55519 tag=2166 value=4 
D 21:43:25.8824496 PowerTaskList.DebugPrintPower() -     TAG_CHANGE Entity=Rose#55519 tag=467 value=3 
D 21:43:25.8824496 PowerTaskList.DebugPrintPower() -     TAG_CHANGE Entity=[entityName=UNKNOWN ENTITY [cardType=INVALID] id=4 zone=DECK zonePos=0 cardId= player=1] tag=ZONE value=HAND 
D 21:43:25.8824496 PowerTaskList.DebugPrintPower() -     TAG_CHANGE Entity=[entityName=UNKNOWN ENTITY [cardType=INVALID] id=4 zone=DECK zonePos=0 cardId= player=1] tag=ZONE_POSITION value=2 
D 21:43:25.8824496 PowerTaskList.DebugPrintPower() -     TAG_CHANGE Entity=[entityName=UNKNOWN ENTITY [cardType=INVALID] id=4 zone=DECK zonePos=0 cardId= player=1] tag=ZONE_POSITION value=0 
D 21:43:25.8824496 PowerTaskList.DebugPrintPower() -     TAG_CHANGE Entity=[entityName=UNKNOWN ENTITY [cardType=INVALID] id=4 zone=DECK zonePos=0 cardId= player=1] tag=ZONE_POSITION value=2 
D 21:43:25.8824496 PowerTaskList.DebugPrintPower() -     TAG_CHANGE Entity=Rose#55519 tag=2166 value=18 
D 21:43:25.8824496 PowerTaskList.DebugPrintPower() -     TAG_CHANGE Entity=Rose#55519 tag=467 value=2 
D 21:43:25.8824496 PowerTaskList.DebugPrintPower() -     TAG_CHANGE Entity=[entityName=UNKNOWN ENTITY [cardType=INVALID] id=18 zone=DECK zonePos=0 cardId= player=1] tag=ZONE value=HAND 
D 21:43:25.8824496 PowerTaskList.DebugPrintPower() -     TAG_CHANGE Entity=[entityName=UNKNOWN ENTITY [cardType=INVALID] id=18 zone=DECK zonePos=0 cardId= player=1] tag=ZONE_POSITION value=3 
D 21:43:25.8824496 PowerTaskList.DebugPrintPower() -     TAG_CHANGE Entity=[entityName=UNKNOWN ENTITY [cardType=INVALID] id=18 zone=DECK zonePos=0 cardId= player=1] tag=ZONE_POSITION value=0 
D 21:43:25.8824496 PowerTaskList.DebugPrintPower() -     TAG_CHANGE Entity=[entityName=UNKNOWN ENTITY [cardType=INVALID] id=18 zone=DECK zonePos=0 cardId= player=1] tag=ZONE_POSITION value=3 
D 21:43:25.8824496 PowerTaskList.DebugPrintPower() -     TAG_CHANGE Entity=Rose#55519 tag=2166 value=11 
D 21:43:25.8824496 PowerTaskList.DebugPrintPower() -     TAG_CHANGE Entity=Rose#55519 tag=467 value=1 
D 21:43:25.8824496 PowerTaskList.DebugPrintPower() -     TAG_CHANGE Entity=[entityName=UNKNOWN ENTITY [cardType=INVALID] id=11 zone=DECK zonePos=0 cardId= player=1] tag=ZONE value=HAND 
D 21:43:25.8824496 PowerTaskList.DebugPrintPower() -     TAG_CHANGE Entity=[entityName=UNKNOWN ENTITY [cardType=INVALID] id=11 zone=DECK zonePos=0 cardId= player=1] tag=ZONE_POSITION value=4 
D 21:43:25.8824496 PowerTaskList.DebugPrintPower() -     TAG_CHANGE Entity=[entityName=UNKNOWN ENTITY [cardType=INVALID] id=11 zone=DECK zonePos=0 cardId= player=1] tag=ZONE_POSITION value=0 
D 21:43:25.8824496 PowerTaskList.DebugPrintPower() -     TAG_CHANGE Entity=[entityName=UNKNOWN ENTITY [cardType=INVALID] id=11 zone=DECK zonePos=0 cardId= player=1] tag=ZONE_POSITION value=4 
D 21:43:25.8824496 PowerTaskList.DebugPrintPower() -     TAG_CHANGE Entity=Rose#55519 tag=467 value=0 
D 21:43:25.8824496 PowerTaskList.DebugPrintPower() -     TAG_CHANGE Entity=Rose#55519 tag=NUM_TURNS_LEFT value=1 
D 21:43:25.8824496 PowerTaskList.DebugPrintPower() -     FULL_ENTITY - Updating [entityName=UNKNOWN ENTITY [cardType=INVALID] id=100 zone=HAND zonePos=5 cardId= player=1] CardID=
D 21:43:25.8824496 PowerTaskList.DebugPrintPower() -         tag=ZONE value=HAND
D 21:43:25.8824496 PowerTaskList.DebugPrintPower() -         tag=CONTROLLER value=1
D 21:43:25.8824496 PowerTaskList.DebugPrintPower() -         tag=ENTITY_ID value=100
D 21:43:25.8824496 PowerTaskList.DebugPrintPower() -         tag=ZONE_POSITION value=5
D 21:43:25.8824496 PowerTaskList.DebugPrintPower() -     TAG_CHANGE Entity=湫然#51704 tag=2166 value=32 
D 21:43:25.8824496 PowerTaskList.DebugPrintPower() -     TAG_CHANGE Entity=湫然#51704 tag=467 value=3 
D 21:43:25.8824496 PowerTaskList.DebugPrintPower() -     SHOW_ENTITY - Updating Entity=[entityName=UNKNOWN ENTITY [cardType=INVALID] id=32 zone=DECK zonePos=0 cardId= player=2] CardID=SCH_427
D 21:43:25.8824496 PowerTaskList.DebugPrintPower() -         tag=CONTROLLER value=2
D 21:43:25.8824496 PowerTaskList.DebugPrintPower() -         tag=CARDTYPE value=SPELL
D 21:43:25.8824496 PowerTaskList.DebugPrintPower() -         tag=ZONE value=HAND
D 21:43:25.8824496 PowerTaskList.DebugPrintPower() -         tag=ENTITY_ID value=32
D 21:43:25.8824496 PowerTaskList.DebugPrintPower() -         tag=CLASS value=DRUID
D 21:43:25.8824496 PowerTaskList.DebugPrintPower() -         tag=RARITY value=COMMON
D 21:43:25.8824496 PowerTaskList.DebugPrintPower() -         tag=OVERLOAD value=1
D 21:43:25.8824496 PowerTaskList.DebugPrintPower() -         tag=MULTIPLE_CLASSES value=130
D 21:43:25.8824496 PowerTaskList.DebugPrintPower() -         tag=478 value=2
D 21:43:25.8824496 PowerTaskList.DebugPrintPower() -         tag=1043 value=1
D 21:43:25.8824496 PowerTaskList.DebugPrintPower() -         tag=1068 value=0
D 21:43:25.8824496 PowerTaskList.DebugPrintPower() -         tag=SPAWN_TIME_COUNT value=1
D 21:43:25.8824496 PowerTaskList.DebugPrintPower() -         tag=SPELL_SCHOOL value=4
D 21:43:25.8824496 PowerTaskList.DebugPrintPower() -         tag=3908 value=1
D 21:43:25.8824496 PowerTaskList.DebugPrintPower() -     TAG_CHANGE Entity=[entityName=UNKNOWN ENTITY [cardType=INVALID] id=32 zone=DECK zonePos=0 cardId= player=2] tag=NUM_TURNS_IN_HAND value=1 
D 21:43:25.8824496 PowerTaskList.DebugPrintPower() -     TAG_CHANGE Entity=[entityName=UNKNOWN ENTITY [cardType=INVALID] id=32 zone=DECK zonePos=0 cardId= player=2] tag=ZONE_POSITION value=1 
D 21:43:25.8824496 PowerTaskList.DebugPrintPower() -     TAG_CHANGE Entity=[entityName=UNKNOWN ENTITY [cardType=INVALID] id=32 zone=DECK zonePos=0 cardId= player=2] tag=ZONE_POSITION value=0 
D 21:43:25.8824496 PowerTaskList.DebugPrintPower() -     TAG_CHANGE Entity=[entityName=UNKNOWN ENTITY [cardType=INVALID] id=32 zone=DECK zonePos=0 cardId= player=2] tag=ZONE_POSITION value=1 
D 21:43:25.8824496 PowerTaskList.DebugPrintPower() -     TAG_CHANGE Entity=湫然#51704 tag=2166 value=39 
D 21:43:25.8824496 PowerTaskList.DebugPrintPower() -     TAG_CHANGE Entity=湫然#51704 tag=467 value=2 
D 21:43:25.8824496 PowerTaskList.DebugPrintPower() -     SHOW_ENTITY - Updating Entity=[entityName=UNKNOWN ENTITY [cardType=INVALID] id=39 zone=DECK zonePos=0 cardId= player=2] CardID=BT_724
D 21:43:25.8824496 PowerTaskList.DebugPrintPower() -         tag=CONTROLLER value=2
D 21:43:25.8824496 PowerTaskList.DebugPrintPower() -         tag=CARDTYPE value=MINION
D 21:43:25.8824496 PowerTaskList.DebugPrintPower() -         tag=TAG_LAST_KNOWN_COST_IN_HAND value=1
D 21:43:25.8824496 PowerTaskList.DebugPrintPower() -         tag=479 value=2
D 21:43:25.8824496 PowerTaskList.DebugPrintPower() -         tag=COST value=1
D 21:43:25.8824496 PowerTaskList.DebugPrintPower() -         tag=ATK value=2
D 21:43:25.8824496 PowerTaskList.DebugPrintPower() -         tag=HEALTH value=1
D 21:43:25.8824496 PowerTaskList.DebugPrintPower() -         tag=ZONE value=HAND
D 21:43:25.8824496 PowerTaskList.DebugPrintPower() -         tag=ENTITY_ID value=39
D 21:43:25.8824496 PowerTaskList.DebugPrintPower() -         tag=CLASS value=NEUTRAL
D 21:43:25.8824496 PowerTaskList.DebugPrintPower() -         tag=RARITY value=COMMON
D 21:43:25.8824496 PowerTaskList.DebugPrintPower() -         tag=BATTLECRY value=1
D 21:43:25.8824496 PowerTaskList.DebugPrintPower() -         tag=478 value=2
D 21:43:25.8824496 PowerTaskList.DebugPrintPower() -         tag=1043 value=1
D 21:43:25.8824496 PowerTaskList.DebugPrintPower() -         tag=1068 value=0
D 21:43:25.8824496 PowerTaskList.DebugPrintPower() -         tag=SPAWN_TIME_COUNT value=1
D 21:43:25.8824496 PowerTaskList.DebugPrintPower() -         tag=HAS_ACTIVATE_POWER value=1
D 21:43:25.8824496 PowerTaskList.DebugPrintPower() -         tag=3085 value=1
D 21:43:25.8824496 PowerTaskList.DebugPrintPower() -         tag=4472 value=2
D 21:43:25.8824496 PowerTaskList.DebugPrintPower() -     TAG_CHANGE Entity=[entityName=UNKNOWN ENTITY [cardType=INVALID] id=39 zone=DECK zonePos=0 cardId= player=2] tag=NUM_TURNS_IN_HAND value=1 
D 21:43:25.8824496 PowerTaskList.DebugPrintPower() -     TAG_CHANGE Entity=[entityName=UNKNOWN ENTITY [cardType=INVALID] id=39 zone=DECK zonePos=0 cardId= player=2] tag=ZONE_POSITION value=2 
D 21:43:25.8824496 PowerTaskList.DebugPrintPower() -     TAG_CHANGE Entity=[entityName=UNKNOWN ENTITY [cardType=INVALID] id=39 zone=DECK zonePos=0 cardId= player=2] tag=ZONE_POSITION value=0 
D 21:43:25.8824496 PowerTaskList.DebugPrintPower() -     TAG_CHANGE Entity=[entityName=UNKNOWN ENTITY [cardType=INVALID] id=39 zone=DECK zonePos=0 cardId= player=2] tag=ZONE_POSITION value=2 
D 21:43:25.8824496 PowerTaskList.DebugPrintPower() -     TAG_CHANGE Entity=湫然#51704 tag=2166 value=30 
D 21:43:25.8824496 PowerTaskList.DebugPrintPower() -     TAG_CHANGE Entity=湫然#51704 tag=467 value=1 
D 21:43:25.8824496 PowerTaskList.DebugPrintPower() -     SHOW_ENTITY - Updating Entity=[entityName=UNKNOWN ENTITY [cardType=INVALID] id=30 zone=DECK zonePos=0 cardId= player=2] CardID=TID_001
D 21:43:25.8824496 PowerTaskList.DebugPrintPower() -         tag=CONTROLLER value=2
D 21:43:25.8824496 PowerTaskList.DebugPrintPower() -         tag=CARDTYPE value=SPELL
D 21:43:25.8824496 PowerTaskList.DebugPrintPower() -         tag=TAG_LAST_KNOWN_COST_IN_HAND value=1
D 21:43:25.8824496 PowerTaskList.DebugPrintPower() -         tag=COST value=1
D 21:43:25.8824496 PowerTaskList.DebugPrintPower() -         tag=ZONE value=HAND
D 21:43:25.8824496 PowerTaskList.DebugPrintPower() -         tag=ENTITY_ID value=30
D 21:43:25.8824496 PowerTaskList.DebugPrintPower() -         tag=CLASS value=DRUID
D 21:43:25.8824496 PowerTaskList.DebugPrintPower() -         tag=FACTION value=NEUTRAL
D 21:43:25.8824496 PowerTaskList.DebugPrintPower() -         tag=RARITY value=COMMON
D 21:43:25.8824496 PowerTaskList.DebugPrintPower() -         tag=478 value=2
D 21:43:25.8824496 PowerTaskList.DebugPrintPower() -         tag=1043 value=1
D 21:43:25.8824496 PowerTaskList.DebugPrintPower() -         tag=1068 value=0
D 21:43:25.8824496 PowerTaskList.DebugPrintPower() -         tag=SPAWN_TIME_COUNT value=1
D 21:43:25.8824496 PowerTaskList.DebugPrintPower() -         tag=SPELL_SCHOOL value=1
D 21:43:25.8824496 PowerTaskList.DebugPrintPower() -         tag=MINI_SET value=1
D 21:43:25.8824496 PowerTaskList.DebugPrintPower() -     TAG_CHANGE Entity=[entityName=UNKNOWN ENTITY [cardType=INVALID] id=30 zone=DECK zonePos=0 cardId= player=2] tag=NUM_TURNS_IN_HAND value=1 
D 21:43:25.8824496 PowerTaskList.DebugPrintPower() -     TAG_CHANGE Entity=[entityName=UNKNOWN ENTITY [cardType=INVALID] id=30 zone=DECK zonePos=0 cardId= player=2] tag=ZONE_POSITION value=3 
D 21:43:25.8824496 PowerTaskList.DebugPrintPower() -     TAG_CHANGE Entity=[entityName=UNKNOWN ENTITY [cardType=INVALID] id=30 zone=DECK zonePos=0 cardId= player=2] tag=ZONE_POSITION value=0 
D 21:43:25.8824496 PowerTaskList.DebugPrintPower() -     TAG_CHANGE Entity=[entityName=UNKNOWN ENTITY [cardType=INVALID] id=30 zone=DECK zonePos=0 cardId= player=2] tag=ZONE_POSITION value=3 
D 21:43:25.8824496 PowerTaskList.DebugPrintPower() -     TAG_CHANGE Entity=湫然#51704 tag=467 value=0 
D 21:43:25.8824496 PowerTaskList.DebugPrintPower() -     TAG_CHANGE Entity=湫然#51704 tag=NUM_TURNS_LEFT value=1 
D 21:43:25.8824496 PowerTaskList.DebugPrintPower() -     TAG_CHANGE Entity=Rose#55519 tag=TIMEOUT value=45 
D 21:43:25.8824496 PowerTaskList.DebugPrintPower() -     TAG_CHANGE Entity=湫然#51704 tag=TIMEOUT value=45 
D 21:43:25.8824496 PowerTaskList.DebugPrintPower() -     TAG_CHANGE Entity=GameEntity tag=10 value=85 
D 21:43:25.8824496 PowerTaskList.DebugPrintPower() -     TAG_CHANGE Entity=GameEntity tag=NEXT_STEP value=BEGIN_MULLIGAN 
D 21:43:25.8824496 PowerTaskList.DebugPrintPower() - BLOCK_END
D 21:43:25.8824496 PowerProcessor.PrepareHistoryForCurrentTaskList() - m_currentTaskList=4
D 21:43:26.1220219 PowerProcessor.EndCurrentTaskList() - m_currentTaskList=4
D 21:43:26.1276550 PowerTaskList.DebugDump() - ID=5 ParentID=0 PreviousID=0 TaskCount=1
D 21:43:26.1276550 PowerTaskList.DebugDump() - Block Start=(null)
D 21:43:26.1276550 PowerTaskList.DebugPrintPower() -     TAG_CHANGE Entity=GameEntity tag=STEP value=BEGIN_MULLIGAN 
D 21:43:26.1276550 PowerTaskList.DebugDump() - Block End=(null)
D 21:43:26.1276550 PowerProcessor.PrepareHistoryForCurrentTaskList() - m_currentTaskList=5
D 21:43:26.1276550 PowerProcessor.EndCurrentTaskList() - m_currentTaskList=5
D 21:43:26.1276550 PowerTaskList.DebugDump() - ID=6 ParentID=5 PreviousID=0 TaskCount=1
D 21:43:26.1276550 PowerTaskList.DebugPrintPower() - BLOCK_START BlockType=TRIGGER Entity=GameEntity EffectCardId=System.Collections.Generic.List`1[System.String] EffectIndex=-1 Target=0 SubOption=-1 TriggerKeyword=TAG_NOT_SET
D 21:43:26.1276550 PowerTaskList.DebugPrintPower() -     TAG_CHANGE Entity=Rose#55519 tag=MULLIGAN_STATE value=INPUT 
D 21:43:26.1276550 PowerTaskList.DebugDump() - Block End=(null)
D 21:43:26.1276550 PowerProcessor.PrepareHistoryForCurrentTaskList() - m_currentTaskList=6
D 21:43:26.1276550 PowerProcessor.EndCurrentTaskList() - m_currentTaskList=6
D 21:43:26.1276550 PowerTaskList.DebugDump() - ID=7 ParentID=0 PreviousID=6 TaskCount=1
D 21:43:26.1276550 PowerTaskList.DebugDump() - Block Start=(null)
D 21:43:26.1276550 PowerTaskList.DebugPrintPower() -     TAG_CHANGE Entity=湫然#51704 tag=MULLIGAN_STATE value=INPUT 
D 21:43:26.1276550 PowerTaskList.DebugDump() - Block End=(null)
D 21:43:26.1276550 PowerProcessor.PrepareHistoryForCurrentTaskList() - m_currentTaskList=7
D 21:43:26.1276550 PowerProcessor.EndCurrentTaskList() - m_currentTaskList=7
D 21:43:41.5302969 GameState.DebugPrintEntitiesChosen() - id=1 Player=Rose#55519 EntitiesCount=3
D 21:43:41.5302969 GameState.DebugPrintEntitiesChosen() -   Entities[0]=[entityName=UNKNOWN ENTITY [cardType=INVALID] id=13 zone=HAND zonePos=1 cardId= player=1]
D 21:43:41.5302969 GameState.DebugPrintEntitiesChosen() -   Entities[1]=[entityName=UNKNOWN ENTITY [cardType=INVALID] id=4 zone=HAND zonePos=2 cardId= player=1]
D 21:43:41.5302969 GameState.DebugPrintEntitiesChosen() -   Entities[2]=[entityName=UNKNOWN ENTITY [cardType=INVALID] id=11 zone=HAND zonePos=4 cardId= player=1]
D 21:43:44.7765194 GameState.SendChoices() - id=2 ChoiceType=MULLIGAN
D 21:43:45.0670154 GameState.DebugPrintEntitiesChosen() - id=2 Player=湫然#51704 EntitiesCount=0
D 21:43:45.1160594 GameState.DebugPrintPowerList() - Count=105
D 21:43:45.1160594 GameState.DebugPrintPower() - BLOCK_END
D 21:43:45.1160594 GameState.DebugPrintPower() - TAG_CHANGE Entity=Rose#55519 tag=MULLIGAN_STATE value=DEALING 
D 21:43:45.1160594 GameState.DebugPrintPower() - BLOCK_START BlockType=TRIGGER Entity=Rose#55519 EffectCardId=System.Collections.Generic.List`1[System.String] EffectIndex=-1 Target=0 SubOption=-1 TriggerKeyword=TAG_NOT_SET
D 21:43:45.1160594 GameState.DebugPrintPower() -     TAG_CHANGE Entity=[entityName=UNKNOWN ENTITY [cardType=INVALID] id=9 zone=DECK zonePos=0 cardId= player=1] tag=ZONE value=HAND 
D 21:43:45.1160594 GameState.DebugPrintPower() -     TAG_CHANGE Entity=[entityName=UNKNOWN ENTITY [cardType=INVALID] id=9 zone=DECK zonePos=0 cardId= player=1] tag=ZONE_POSITION value=3 
D 21:43:45.1160594 GameState.DebugPrintPower() -     TAG_CHANGE Entity=[entityName=UNKNOWN ENTITY [cardType=INVALID] id=18 zone=HAND zonePos=3 cardId= player=1] tag=ZONE_POSITION value=0 
D 21:43:45.1160594 GameState.DebugPrintPower() -     TAG_CHANGE Entity=[entityName=UNKNOWN ENTITY [cardType=INVALID] id=18 zone=HAND zonePos=3 cardId= player=1] tag=ZONE value=DECK 
D 21:43:45.1160594 GameState.DebugPrintPower() -     TAG_CHANGE Entity=Rose#55519 tag=MULLIGAN_STATE value=WAITING 
D 21:43:45.1160594 GameState.DebugPrintPower() - BLOCK_END
D 21:43:45.1160594 GameState.DebugPrintPower() - BLOCK_START BlockType=TRIGGER Entity=Rose#55519 EffectCardId=System.Collections.Generic.List`1[System.String] EffectIndex=-1 Target=0 SubOption=-1 TriggerKeyword=TAG_NOT_SET
D 21:43:45.1160594 GameState.DebugPrintPower() -     TAG_CHANGE Entity=Rose#55519 tag=MULLIGAN_STATE value=DONE 
D 21:43:45.1160594 GameState.DebugPrintPower() - BLOCK_END
D 21:43:45.1160594 GameState.DebugPrintPower() - TAG_CHANGE Entity=湫然#51704 tag=MULLIGAN_STATE value=DEALING 
D 21:43:45.1160594 GameState.DebugPrintPower() - BLOCK_START BlockType=TRIGGER Entity=湫然#51704 EffectCardId=System.Collections.Generic.List`1[System.String] EffectIndex=-1 Target=0 SubOption=-1 TriggerKeyword=TAG_NOT_SET
D 21:43:45.1160594 GameState.DebugPrintPower() -     SHOW_ENTITY - Updating Entity=[entityName=UNKNOWN ENTITY [cardType=INVALID] id=38 zone=DECK zonePos=0 cardId= player=2] CardID=TID_001
D 21:43:45.1160594 GameState.DebugPrintPower() -         tag=CONTROLLER value=2
D 21:43:45.1160594 GameState.DebugPrintPower() -         tag=CARDTYPE value=SPELL
D 21:43:45.1160594 GameState.DebugPrintPower() -         tag=TAG_LAST_KNOWN_COST_IN_HAND value=1
D 21:43:45.1160594 GameState.DebugPrintPower() -         tag=COST value=1
D 21:43:45.1160594 GameState.DebugPrintPower() -         tag=ZONE value=HAND
D 21:43:45.1160594 GameState.DebugPrintPower() -         tag=ENTITY_ID value=38
D 21:43:45.1160594 GameState.DebugPrintPower() -         tag=CLASS value=DRUID
D 21:43:45.1160594 GameState.DebugPrintPower() -         tag=FACTION value=NEUTRAL
D 21:43:45.1160594 GameState.DebugPrintPower() -         tag=RARITY value=COMMON
D 21:43:45.1160594 GameState.DebugPrintPower() -         tag=478 value=2
D 21:43:45.1160594 GameState.DebugPrintPower() -         tag=1037 value=2
D 21:43:45.1160594 GameState.DebugPrintPower() -         tag=1043 value=1
D 21:43:45.1160594 GameState.DebugPrintPower() -         tag=1068 value=0
D 21:43:45.1160594 GameState.DebugPrintPower() -         tag=SPAWN_TIME_COUNT value=1
D 21:43:45.1160594 GameState.DebugPrintPower() -         tag=SPELL_SCHOOL value=1
D 21:43:45.1160594 GameState.DebugPrintPower() -         tag=MINI_SET value=1
D 21:43:45.1160594 GameState.DebugPrintPower() -     TAG_CHANGE Entity=[entityName=UNKNOWN ENTITY [cardType=INVALID] id=38 zone=DECK zonePos=0 cardId= player=2] tag=NUM_TURNS_IN_HAND value=1 
D 21:43:45.1160594 GameState.DebugPrintPower() -     TAG_CHANGE Entity=[entityName=UNKNOWN ENTITY [cardType=INVALID] id=38 zone=DECK zonePos=0 cardId= player=2] tag=ZONE_POSITION value=1 
D 21:43:45.1160594 GameState.DebugPrintPower() -     TAG_CHANGE Entity=[entityName=雷霆绽放 id=32 zone=HAND zonePos=1 cardId=SCH_427 player=2] tag=1068 value=2 
D 21:43:45.1160594 GameState.DebugPrintPower() -     TAG_CHANGE Entity=[entityName=雷霆绽放 id=32 zone=HAND zonePos=1 cardId=SCH_427 player=2] tag=1068 value=0 
D 21:43:45.1160594 GameState.DebugPrintPower() -     TAG_CHANGE Entity=[entityName=雷霆绽放 id=32 zone=HAND zonePos=1 cardId=SCH_427 player=2] tag=1037 value=2 
D 21:43:45.1160594 GameState.DebugPrintPower() -     TAG_CHANGE Entity=[entityName=雷霆绽放 id=32 zone=HAND zonePos=1 cardId=SCH_427 player=2] tag=ZONE_POSITION value=0 
D 21:43:45.1160594 GameState.DebugPrintPower() -     TAG_CHANGE Entity=[entityName=雷霆绽放 id=32 zone=HAND zonePos=1 cardId=SCH_427 player=2] tag=1043 value=0 
D 21:43:45.1160594 GameState.DebugPrintPower() -     HIDE_ENTITY - Entity=[entityName=雷霆绽放 id=32 zone=HAND zonePos=1 cardId=SCH_427 player=2] tag=ZONE value=DECK
D 21:43:45.1160594 GameState.DebugPrintPower() -     TAG_CHANGE Entity=[entityName=雷霆绽放 id=32 zone=HAND zonePos=1 cardId=SCH_427 player=2] tag=ZONE value=DECK 
D 21:43:45.1160594 GameState.DebugPrintPower() -     SHOW_ENTITY - Updating Entity=[entityName=UNKNOWN ENTITY [cardType=INVALID] id=64 zone=DECK zonePos=0 cardId= player=2] CardID=TTN_955
D 21:43:45.1160594 GameState.DebugPrintPower() -         tag=CONTROLLER value=2
D 21:43:45.1160594 GameState.DebugPrintPower() -         tag=CARDTYPE value=SPELL
D 21:43:45.1160594 GameState.DebugPrintPower() -         tag=TAG_LAST_KNOWN_COST_IN_HAND value=2
D 21:43:45.1160594 GameState.DebugPrintPower() -         tag=COST value=2
D 21:43:45.1160594 GameState.DebugPrintPower() -         tag=PREMIUM value=1
D 21:43:45.1160594 GameState.DebugPrintPower() -         tag=ZONE value=HAND
D 21:43:45.1160594 GameState.DebugPrintPower() -         tag=ENTITY_ID value=64
D 21:43:45.1160594 GameState.DebugPrintPower() -         tag=CLASS value=DRUID
D 21:43:45.1160594 GameState.DebugPrintPower() -         tag=RARITY value=COMMON
D 21:43:45.1160594 GameState.DebugPrintPower() -         tag=CHOOSE_ONE value=1
D 21:43:45.1160594 GameState.DebugPrintPower() -         tag=478 value=2
D 21:43:45.1160594 GameState.DebugPrintPower() -         tag=1037 value=2
D 21:43:45.1160594 GameState.DebugPrintPower() -         tag=1043 value=1
D 21:43:45.1160594 GameState.DebugPrintPower() -         tag=1068 value=0
D 21:43:45.1160594 GameState.DebugPrintPower() -         tag=SPAWN_TIME_COUNT value=1
D 21:43:45.1160594 GameState.DebugPrintPower() -         tag=SPELL_SCHOOL value=4
D 21:43:45.1160594 GameState.DebugPrintPower() -     SHOW_ENTITY - Updating Entity=[entityName=UNKNOWN ENTITY [cardType=INVALID] id=65 zone=SETASIDE zonePos=0 cardId= player=2] CardID=TTN_955A
D 21:43:45.1160594 GameState.DebugPrintPower() -         tag=CONTROLLER value=2
D 21:43:45.1160594 GameState.DebugPrintPower() -         tag=CARDTYPE value=SPELL
D 21:43:45.1160594 GameState.DebugPrintPower() -         tag=TAG_LAST_KNOWN_COST_IN_HAND value=2
D 21:43:45.1160594 GameState.DebugPrintPower() -         tag=COST value=2
D 21:43:45.1160594 GameState.DebugPrintPower() -         tag=PREMIUM value=1
D 21:43:45.1160594 GameState.DebugPrintPower() -         tag=ZONE value=SETASIDE
D 21:43:45.1160594 GameState.DebugPrintPower() -         tag=ENTITY_ID value=65
D 21:43:45.1160594 GameState.DebugPrintPower() -         tag=CLASS value=DRUID
D 21:43:45.1160594 GameState.DebugPrintPower() -         tag=CREATOR value=64
D 21:43:45.1160594 GameState.DebugPrintPower() -         tag=PARENT_CARD value=64
D 21:43:45.1160594 GameState.DebugPrintPower() -         tag=1068 value=0
D 21:43:45.1160594 GameState.DebugPrintPower() -         tag=CREATOR_DBID value=100093
D 21:43:45.1160594 GameState.DebugPrintPower() -         tag=SPAWN_TIME_COUNT value=1
D 21:43:45.1160594 GameState.DebugPrintPower() -         tag=SPELL_SCHOOL value=4
D 21:43:45.1160594 GameState.DebugPrintPower() -         tag=4901 value=0
D 21:43:45.1160594 GameState.DebugPrintPower() -     SHOW_ENTITY - Updating Entity=[entityName=UNKNOWN ENTITY [cardType=INVALID] id=66 zone=SETASIDE zonePos=0 cardId= player=2] CardID=TTN_955B
D 21:43:45.1160594 GameState.DebugPrintPower() -         tag=CONTROLLER value=2
D 21:43:45.1160594 GameState.DebugPrintPower() -         tag=CARDTYPE value=SPELL
D 21:43:45.1160594 GameState.DebugPrintPower() -         tag=TAG_LAST_KNOWN_COST_IN_HAND value=2
D 21:43:45.1160594 GameState.DebugPrintPower() -         tag=COST value=2
D 21:43:45.1160594 GameState.DebugPrintPower() -         tag=PREMIUM value=1
D 21:43:45.1160594 GameState.DebugPrintPower() -         tag=ZONE value=SETASIDE
D 21:43:45.1160594 GameState.DebugPrintPower() -         tag=ENTITY_ID value=66
D 21:43:45.1160594 GameState.DebugPrintPower() -         tag=CLASS value=DRUID
D 21:43:45.1160594 GameState.DebugPrintPower() -         tag=CREATOR value=64
D 21:43:45.1160594 GameState.DebugPrintPower() -         tag=PARENT_CARD value=64
D 21:43:45.1160594 GameState.DebugPrintPower() -         tag=1068 value=0
D 21:43:45.1160594 GameState.DebugPrintPower() -         tag=CREATOR_DBID value=100093
D 21:43:45.1160594 GameState.DebugPrintPower() -         tag=SPAWN_TIME_COUNT value=1
D 21:43:45.1160594 GameState.DebugPrintPower() -         tag=SPELL_SCHOOL value=4
D 21:43:45.1160594 GameState.DebugPrintPower() -         tag=4901 value=0
D 21:43:45.1160594 GameState.DebugPrintPower() -     TAG_CHANGE Entity=[entityName=UNKNOWN ENTITY [cardType=INVALID] id=64 zone=DECK zonePos=0 cardId= player=2] tag=NUM_TURNS_IN_HAND value=1 
D 21:43:45.1160594 GameState.DebugPrintPower() -     TAG_CHANGE Entity=[entityName=UNKNOWN ENTITY [cardType=INVALID] id=64 zone=DECK zonePos=0 cardId= player=2] tag=ZONE_POSITION value=2 
D 21:43:45.1160594 GameState.DebugPrintPower() -     TAG_CHANGE Entity=[entityName=虚灵改装师 id=39 zone=HAND zonePos=2 cardId=BT_724 player=2] tag=1068 value=2 
D 21:43:45.1160594 GameState.DebugPrintPower() -     TAG_CHANGE Entity=[entityName=虚灵改装师 id=39 zone=HAND zonePos=2 cardId=BT_724 player=2] tag=1068 value=0 
D 21:43:45.1160594 GameState.DebugPrintPower() -     TAG_CHANGE Entity=[entityName=虚灵改装师 id=39 zone=HAND zonePos=2 cardId=BT_724 player=2] tag=1037 value=2 
D 21:43:45.1160594 GameState.DebugPrintPower() -     TAG_CHANGE Entity=[entityName=虚灵改装师 id=39 zone=HAND zonePos=2 cardId=BT_724 player=2] tag=ZONE_POSITION value=0 
D 21:43:45.1160594 GameState.DebugPrintPower() -     TAG_CHANGE Entity=[entityName=虚灵改装师 id=39 zone=HAND zonePos=2 cardId=BT_724 player=2] tag=1043 value=0 
D 21:43:45.1160594 GameState.DebugPrintPower() -     HIDE_ENTITY - Entity=[entityName=虚灵改装师 id=39 zone=HAND zonePos=2 cardId=BT_724 player=2] tag=ZONE value=DECK
D 21:43:45.1160594 GameState.DebugPrintPower() -     TAG_CHANGE Entity=[entityName=虚灵改装师 id=39 zone=HAND zonePos=2 cardId=BT_724 player=2] tag=ZONE value=DECK 
D 21:43:45.1160594 GameState.DebugPrintPower() -     SHOW_ENTITY - Updating Entity=[entityName=UNKNOWN ENTITY [cardType=INVALID] id=62 zone=DECK zonePos=0 cardId= player=2] CardID=BOT_054
D 21:43:45.1160594 GameState.DebugPrintPower() -         tag=CONTROLLER value=2
D 21:43:45.1160594 GameState.DebugPrintPower() -         tag=CARDTYPE value=SPELL
D 21:43:45.1160594 GameState.DebugPrintPower() -         tag=TAG_LAST_KNOWN_COST_IN_HAND value=1
D 21:43:45.1160594 GameState.DebugPrintPower() -         tag=COST value=1
D 21:43:45.1160594 GameState.DebugPrintPower() -         tag=ZONE value=HAND
D 21:43:45.1160594 GameState.DebugPrintPower() -         tag=ENTITY_ID value=62
D 21:43:45.1160594 GameState.DebugPrintPower() -         tag=CLASS value=DRUID
D 21:43:45.1160594 GameState.DebugPrintPower() -         tag=RARITY value=COMMON
D 21:43:45.1160594 GameState.DebugPrintPower() -         tag=478 value=2
D 21:43:45.1160594 GameState.DebugPrintPower() -         tag=1037 value=2
D 21:43:45.1160594 GameState.DebugPrintPower() -         tag=1043 value=1
D 21:43:45.1160594 GameState.DebugPrintPower() -         tag=1068 value=0
D 21:43:45.1160594 GameState.DebugPrintPower() -         tag=SPAWN_TIME_COUNT value=1
D 21:43:45.1160594 GameState.DebugPrintPower() -         tag=SPELL_SCHOOL value=4
D 21:43:45.1160594 GameState.DebugPrintPower() -     TAG_CHANGE Entity=[entityName=UNKNOWN ENTITY [cardType=INVALID] id=62 zone=DECK zonePos=0 cardId= player=2] tag=NUM_TURNS_IN_HAND value=1 
D 21:43:45.1160594 GameState.DebugPrintPower() -     TAG_CHANGE Entity=[entityName=UNKNOWN ENTITY [cardType=INVALID] id=62 zone=DECK zonePos=0 cardId= player=2] tag=ZONE_POSITION value=3 
D 21:43:45.1160594 GameState.DebugPrintPower() -     TAG_CHANGE Entity=[entityName=月光射线 id=30 zone=HAND zonePos=3 cardId=TID_001 player=2] tag=1068 value=2 
D 21:43:45.1160594 GameState.DebugPrintPower() -     TAG_CHANGE Entity=[entityName=月光射线 id=30 zone=HAND zonePos=3 cardId=TID_001 player=2] tag=1068 value=0 
D 21:43:45.1160594 GameState.DebugPrintPower() -     TAG_CHANGE Entity=[entityName=月光射线 id=30 zone=HAND zonePos=3 cardId=TID_001 player=2] tag=1037 value=2 
D 21:43:45.1160594 GameState.DebugPrintPower() -     TAG_CHANGE Entity=[entityName=月光射线 id=30 zone=HAND zonePos=3 cardId=TID_001 player=2] tag=ZONE_POSITION value=0 
D 21:43:45.1160594 GameState.DebugPrintPower() -     TAG_CHANGE Entity=[entityName=月光射线 id=30 zone=HAND zonePos=3 cardId=TID_001 player=2] tag=1043 value=0 
D 21:43:45.1160594 GameState.DebugPrintPower() -     HIDE_ENTITY - Entity=[entityName=月光射线 id=30 zone=HAND zonePos=3 cardId=TID_001 player=2] tag=ZONE value=DECK
D 21:43:45.1160594 GameState.DebugPrintPower() -     TAG_CHANGE Entity=[entityName=月光射线 id=30 zone=HAND zonePos=3 cardId=TID_001 player=2] tag=ZONE value=DECK 
D 21:43:45.1160594 GameState.DebugPrintPower() -     TAG_CHANGE Entity=湫然#51704 tag=MULLIGAN_STATE value=WAITING 
D 21:43:45.1160594 GameState.DebugPrintPower() - BLOCK_END
D 21:43:45.1160594 GameState.DebugPrintPower() - BLOCK_START BlockType=TRIGGER Entity=湫然#51704 EffectCardId=System.Collections.Generic.List`1[System.String] EffectIndex=-1 Target=0 SubOption=-1 TriggerKeyword=TAG_NOT_SET
D 21:43:45.1160594 GameState.DebugPrintPower() -     TAG_CHANGE Entity=湫然#51704 tag=MULLIGAN_STATE value=DONE 
D 21:43:45.1160594 GameState.DebugPrintPower() -     SHUFFLE_DECK PlayerID=1
D 21:43:45.1160594 GameState.DebugPrintPower() -     SHUFFLE_DECK PlayerID=2
D 21:43:45.1160594 GameState.DebugPrintPower() -     TAG_CHANGE Entity=湫然#51704 tag=TURN value=1 
D 21:43:45.1160594 GameState.DebugPrintPower() -     TAG_CHANGE Entity=GameEntity tag=NEXT_STEP value=MAIN_READY 
D 21:43:45.1160594 GameState.DebugPrintPower() - BLOCK_END
D 21:43:45.1160594 GameState.DebugPrintPower() - BLOCK_START BlockType=TRIGGER Entity=[entityName=裂魂者阿扎莉娜 id=12 zone=DECK zonePos=0 cardId= player=1] EffectCardId=System.Collections.Generic.List`1[System.String] EffectIndex=2 Target=0 SubOption=-1 TriggerKeyword=START_OF_GAME_KEYWORD
D 21:43:45.1160594 GameState.DebugPrintPower() -     SHOW_ENTITY - Updating Entity=[entityName=裂魂者阿扎莉娜 id=12 zone=DECK zonePos=0 cardId= player=1] CardID=JAIL_430
D 21:43:45.1160594 GameState.DebugPrintPower() -         tag=CONTROLLER value=1
D 21:43:45.1160594 GameState.DebugPrintPower() -         tag=CARDTYPE value=MINION
D 21:43:45.1160594 GameState.DebugPrintPower() -         tag=TAG_LAST_KNOWN_COST_IN_HAND value=7
D 21:43:45.1160594 GameState.DebugPrintPower() -         tag=479 value=7
D 21:43:45.1160594 GameState.DebugPrintPower() -         tag=COST value=7
D 21:43:45.1160594 GameState.DebugPrintPower() -         tag=ATK value=7
D 21:43:45.1160594 GameState.DebugPrintPower() -         tag=HEALTH value=7
D 21:43:45.1160594 GameState.DebugPrintPower() -         tag=ZONE value=DECK
D 21:43:45.1160594 GameState.DebugPrintPower() -         tag=ENTITY_ID value=12
D 21:43:45.1160594 GameState.DebugPrintPower() -         tag=ELITE value=1
D 21:43:45.1160594 GameState.DebugPrintPower() -         tag=CLASS value=PRIEST
D 21:43:45.1160594 GameState.DebugPrintPower() -         tag=CARDRACE value=UNDEAD
D 21:43:45.1160594 GameState.DebugPrintPower() -         tag=RARITY value=LEGENDARY
D 21:43:45.1160594 GameState.DebugPrintPower() -         tag=BATTLECRY value=1
D 21:43:45.1160594 GameState.DebugPrintPower() -         tag=REVEALED value=1
D 21:43:45.1160594 GameState.DebugPrintPower() -         tag=478 value=1
D 21:43:45.1160594 GameState.DebugPrintPower() -         tag=START_OF_GAME_KEYWORD value=1
D 21:43:45.1160594 GameState.DebugPrintPower() -         tag=DECK_RULE_MOD_DECK_SIZE value=20
D 21:43:45.1160594 GameState.DebugPrintPower() -         tag=1043 value=1
D 21:43:45.1160594 GameState.DebugPrintPower() -         tag=1068 value=0
D 21:43:45.1160594 GameState.DebugPrintPower() -         tag=SPAWN_TIME_COUNT value=1
D 21:43:45.1160594 GameState.DebugPrintPower() -         tag=HAS_SIGNATURE_QUALITY value=1
D 21:43:45.1160594 GameState.DebugPrintPower() -         tag=HAS_ACTIVATE_POWER value=1
D 21:43:45.1160594 GameState.DebugPrintPower() -         tag=2936 value=1
D 21:43:45.1160594 GameState.DebugPrintPower() -         tag=3085 value=7
D 21:43:45.1160594 GameState.DebugPrintPower() -         tag=4472 value=7
D 21:43:45.1160594 GameState.DebugPrintPower() -         tag=4818 value=1
D 21:43:45.1160594 GameState.DebugPrintPower() -     SUB_SPELL_START - SpellPrefabGUID=JAIL_430_AzalinaSoulsever_FAB_StartOfGame_FX:347a09cdabd38b04c832ab44d9edc111 Source=0 TargetCount=0
D 21:43:45.1160594 GameState.DebugPrintPower() -         META_DATA - Meta=TARGET Data=0 InfoCount=1
D 21:43:45.1160594 GameState.DebugPrintPower() -                     Info[0] = [entityName=裂魂者阿扎莉娜 id=12 zone=DECK zonePos=0 cardId= player=1]
D 21:43:45.1160594 GameState.DebugPrintPower() -         META_DATA - Meta=OVERRIDE_HISTORY Data=0 InfoCount=1
D 21:43:45.1160594 GameState.DebugPrintPower() -                     Info[0] = [entityName=裂魂者阿扎莉娜 id=12 zone=DECK zonePos=0 cardId= player=1]
D 21:43:45.1160594 GameState.DebugPrintPower() -         HIDE_ENTITY - Entity=[entityName=裂魂者阿扎莉娜 id=12 zone=DECK zonePos=0 cardId= player=1] tag=ZONE value=DECK
D 21:43:45.1160594 GameState.DebugPrintPower() -         TAG_CHANGE Entity=[entityName=裂魂者阿扎莉娜 id=12 zone=DECK zonePos=0 cardId= player=1] tag=REVEALED value=0 
D 21:43:45.1160594 GameState.DebugPrintPower() -     SUB_SPELL_END
D 21:43:45.1160594 GameState.DebugPrintPower() -     SUB_SPELL_START - SpellPrefabGUID=ReuseFX_Shadow_BuffImpact_Super:9267a3b2b8b76654e85107553d70a58d Source=0 TargetCount=1
D 21:43:45.1160594 GameState.DebugPrintPower() -                       Targets[0] = [entityName=安度因·乌瑞恩 id=67 zone=PLAY zonePos=0 cardId=HERO_09 player=1]
D 21:43:45.1160594 GameState.DebugPrintPower() -         META_DATA - Meta=TARGET Data=0 InfoCount=1
D 21:43:45.1160594 GameState.DebugPrintPower() -                     Info[0] = [entityName=安度因·乌瑞恩 id=67 zone=PLAY zonePos=0 cardId=HERO_09 player=1]
D 21:43:45.1160594 GameState.DebugPrintPower() -         TAG_CHANGE Entity=Rose#55519 tag=1575 value=1 
D 21:43:45.1160594 GameState.DebugPrintPower() -         FULL_ENTITY - Creating ID=101 CardID=
D 21:43:45.1160594 GameState.DebugPrintPower() -             tag=ZONE value=SETASIDE
D 21:43:45.1160594 GameState.DebugPrintPower() -             tag=CONTROLLER value=1
D 21:43:45.1160594 GameState.DebugPrintPower() -             tag=ENTITY_ID value=101
D 21:43:45.1160594 GameState.DebugPrintPower() -         SHOW_ENTITY - Updating Entity=101 CardID=TLC_835e
D 21:43:45.1160594 GameState.DebugPrintPower() -             tag=CONTROLLER value=1
D 21:43:45.1160594 GameState.DebugPrintPower() -             tag=CARDTYPE value=ENCHANTMENT
D 21:43:45.1160594 GameState.DebugPrintPower() -             tag=TAG_SCRIPT_DATA_NUM_1 value=40
D 21:43:45.1160594 GameState.DebugPrintPower() -             tag=PREMIUM value=1
D 21:43:45.1160594 GameState.DebugPrintPower() -             tag=ATTACHED value=67
D 21:43:45.1160594 GameState.DebugPrintPower() -             tag=ZONE value=SETASIDE
D 21:43:45.1160594 GameState.DebugPrintPower() -             tag=ENTITY_ID value=101
D 21:43:45.1160594 GameState.DebugPrintPower() -             tag=CLASS value=PRIEST
D 21:43:45.1160594 GameState.DebugPrintPower() -             tag=CREATOR value=12
D 21:43:45.1160594 GameState.DebugPrintPower() -             tag=1037 value=1
D 21:43:45.1160594 GameState.DebugPrintPower() -             tag=1068 value=0
D 21:43:45.1160594 GameState.DebugPrintPower() -             tag=CREATOR_DBID value=126055
D 21:43:45.1160594 GameState.DebugPrintPower() -             tag=SPAWN_TIME_COUNT value=1
D 21:43:45.1160594 GameState.DebugPrintPower() -             tag=4901 value=0
D 21:43:45.1160594 GameState.DebugPrintPower() -         TAG_CHANGE Entity=101 tag=1068 value=1 
D 21:43:45.1160594 GameState.DebugPrintPower() -         TAG_CHANGE Entity=101 tag=1068 value=0 
D 21:43:45.1160594 GameState.DebugPrintPower() -         TAG_CHANGE Entity=101 tag=ZONE value=PLAY 
D 21:43:45.1160594 GameState.DebugPrintPower() -         TAG_CHANGE Entity=[entityName=安度因·乌瑞恩 id=67 zone=PLAY zonePos=0 cardId=HERO_09 player=1] tag=3085 value=40 
D 21:43:45.1160594 GameState.DebugPrintPower() -         TAG_CHANGE Entity=[entityName=安度因·乌瑞恩 id=67 zone=PLAY zonePos=0 cardId=HERO_09 player=1] tag=HEALTH value=40 
D 21:43:45.1160594 GameState.DebugPrintPower() -         TAG_CHANGE Entity=[entityName=安度因·乌瑞恩 id=67 zone=PLAY zonePos=0 cardId=HERO_09 player=1] tag=4741 value=1 
D 21:43:45.1160594 GameState.DebugPrintPower() -         TAG_CHANGE Entity=[entityName=安度因·乌瑞恩 id=67 zone=PLAY zonePos=0 cardId=HERO_09 player=1] tag=LAST_AFFECTED_BY value=12 
D 21:43:45.1160594 GameState.DebugPrintPower() -     SUB_SPELL_END
D 21:43:45.1160594 GameState.DebugPrintPower() - BLOCK_END
D 21:43:45.1160594 GameState.DebugPrintPower() - BLOCK_START BlockType=TRIGGER Entity=[entityName=UNKNOWN ENTITY [cardType=INVALID] id=10 zone=DECK zonePos=0 cardId= player=1] EffectCardId=System.Collections.Generic.List`1[System.String] EffectIndex=1 Target=0 SubOption=-1 TriggerKeyword=1724
D 21:43:45.1160594 GameState.DebugPrintPower() -     FULL_ENTITY - Creating ID=102 CardID=
D 21:43:45.1160594 GameState.DebugPrintPower() -         tag=ZONE value=SETASIDE
D 21:43:45.1160594 GameState.DebugPrintPower() -         tag=CONTROLLER value=1
D 21:43:45.1160594 GameState.DebugPrintPower() -         tag=ENTITY_ID value=102
D 21:43:45.1160594 GameState.DebugPrintPower() -     SHOW_ENTITY - Updating Entity=102 CardID=VAC_422e
D 21:43:45.1160594 GameState.DebugPrintPower() -         tag=CONTROLLER value=1
D 21:43:45.1160594 GameState.DebugPrintPower() -         tag=CARDTYPE value=ENCHANTMENT
D 21:43:45.1160594 GameState.DebugPrintPower() -         tag=ATTACHED value=2
D 21:43:45.1160594 GameState.DebugPrintPower() -         tag=ZONE value=SETASIDE
D 21:43:45.1160594 GameState.DebugPrintPower() -         tag=ENTITY_ID value=102
D 21:43:45.1160594 GameState.DebugPrintPower() -         tag=CLASS value=NEUTRAL
D 21:43:45.1160594 GameState.DebugPrintPower() -         tag=CREATOR value=10
D 21:43:45.1160594 GameState.DebugPrintPower() -         tag=1037 value=1
D 21:43:45.1160594 GameState.DebugPrintPower() -         tag=1068 value=0
D 21:43:45.1160594 GameState.DebugPrintPower() -         tag=CREATOR_DBID value=108887
D 21:43:45.1160594 GameState.DebugPrintPower() -         tag=SPAWN_TIME_COUNT value=1
D 21:43:45.1160594 GameState.DebugPrintPower() -         tag=4901 value=0
D 21:43:45.1160594 GameState.DebugPrintPower() -     TAG_CHANGE Entity=102 tag=1068 value=1 
D 21:43:45.1160594 GameState.DebugPrintPower() -     TAG_CHANGE Entity=102 tag=1068 value=0 
D 21:43:45.1160594 GameState.DebugPrintPower() -     TAG_CHANGE Entity=102 tag=ZONE value=PLAY 
D 21:43:45.1160594 GameState.DebugPrintPower() -     TAG_CHANGE Entity=Rose#55519 tag=4741 value=2 
D 21:43:45.1160594 GameState.DebugPrintPower() -     TAG_CHANGE Entity=Rose#55519 tag=LAST_AFFECTED_BY value=10 
D 21:43:45.1160594 GameState.DebugPrintPower() -     TAG_CHANGE Entity=102 tag=TAG_SCRIPT_DATA_NUM_1 value=108887 
D 21:43:45.1160594 GameState.DebugPrintPower() -     TAG_CHANGE Entity=102 tag=TAG_SCRIPT_DATA_NUM_2 value=3 
D 21:43:45.1160594 GameState.DebugPrintPower() - BLOCK_END
D 21:43:45.1160594 GameState.DebugPrintPower() - BLOCK_START BlockType=TRIGGER Entity=[entityName=UNKNOWN ENTITY [cardType=INVALID] id=43 zone=DECK zonePos=0 cardId= player=2] EffectCardId=System.Collections.Generic.List`1[System.String] EffectIndex=1 Target=0 SubOption=-1 TriggerKeyword=1724
D 21:43:45.1160594 GameState.DebugPrintPower() -     FULL_ENTITY - Creating ID=103 CardID=
D 21:43:45.1160594 GameState.DebugPrintPower() -         tag=ZONE value=SETASIDE
D 21:43:45.1160594 GameState.DebugPrintPower() -         tag=CONTROLLER value=2
D 21:43:45.1160594 GameState.DebugPrintPower() -         tag=ENTITY_ID value=103
D 21:43:45.1160594 GameState.DebugPrintPower() -     SHOW_ENTITY - Updating Entity=103 CardID=VAC_422e
D 21:43:45.1160594 GameState.DebugPrintPower() -         tag=CONTROLLER value=2
D 21:43:45.1160594 GameState.DebugPrintPower() -         tag=CARDTYPE value=ENCHANTMENT
D 21:43:45.1160594 GameState.DebugPrintPower() -         tag=ATTACHED value=3
D 21:43:45.1160594 GameState.DebugPrintPower() -         tag=ZONE value=SETASIDE
D 21:43:45.1160594 GameState.DebugPrintPower() -         tag=ENTITY_ID value=103
D 21:43:45.1160594 GameState.DebugPrintPower() -         tag=CLASS value=NEUTRAL
D 21:43:45.1160594 GameState.DebugPrintPower() -         tag=CREATOR value=43
D 21:43:45.1160594 GameState.DebugPrintPower() -         tag=1037 value=2
D 21:43:45.1160594 GameState.DebugPrintPower() -         tag=1068 value=0
D 21:43:45.1160594 GameState.DebugPrintPower() -         tag=CREATOR_DBID value=105893
D 21:43:45.1160594 GameState.DebugPrintPower() -         tag=SPAWN_TIME_COUNT value=1
D 21:43:45.1160594 GameState.DebugPrintPower() -         tag=4901 value=0
D 21:43:45.1160594 GameState.DebugPrintPower() -     TAG_CHANGE Entity=103 tag=1068 value=1 
D 21:43:45.1160594 GameState.DebugPrintPower() -     TAG_CHANGE Entity=103 tag=1068 value=0 
D 21:43:45.1160594 GameState.DebugPrintPower() -     TAG_CHANGE Entity=103 tag=ZONE value=PLAY 
D 21:43:45.1160594 GameState.DebugPrintPower() -     TAG_CHANGE Entity=湫然#51704 tag=4741 value=1 
D 21:43:45.1160594 GameState.DebugPrintPower() -     TAG_CHANGE Entity=湫然#51704 tag=LAST_AFFECTED_BY value=43 
D 21:43:45.1160594 GameState.DebugPrintPower() -     TAG_CHANGE Entity=103 tag=TAG_SCRIPT_DATA_NUM_1 value=105893 
D 21:43:45.1160594 GameState.DebugPrintPower() -     TAG_CHANGE Entity=103 tag=TAG_SCRIPT_DATA_NUM_2 value=4 
D 21:43:45.1160594 GameState.DebugPrintPower() - BLOCK_END
D 21:43:45.1160594 GameState.DebugPrintPower() - BLOCK_START BlockType=TRIGGER Entity=[entityName=UNKNOWN ENTITY [cardType=INVALID] id=89 zone=DECK zonePos=0 cardId= player=1] EffectCardId=System.Collections.Generic.List`1[System.String] EffectIndex=1 Target=0 SubOption=-1 TriggerKeyword=1724
D 21:43:45.1160594 GameState.DebugPrintPower() -     TAG_CHANGE Entity=102 tag=TAG_SCRIPT_DATA_NUM_1 value=105893 
D 21:43:45.1160594 GameState.DebugPrintPower() -     TAG_CHANGE Entity=102 tag=TAG_SCRIPT_DATA_NUM_2 value=4 
D 21:43:45.1160594 GameState.DebugPrintPower() - BLOCK_END
D 21:43:45.1160594 GameState.DebugPrintPower() - BLOCK_START BlockType=TRIGGER Entity=GameEntity EffectCardId=System.Collections.Generic.List`1[System.String] EffectIndex=4 Target=0 SubOption=-1 TriggerKeyword=TAG_NOT_SET
D 21:43:45.1160594 GameState.DebugPrintPower() - BLOCK_END
D 21:43:45.1160594 PowerTaskList.DebugDump() - ID=8 ParentID=0 PreviousID=7 TaskCount=0
D 21:43:45.1160594 PowerTaskList.DebugDump() - Block Start=(null)
D 21:43:45.1160594 PowerTaskList.DebugPrintPower() - BLOCK_END
D 21:43:45.1160594 PowerProcessor.PrepareHistoryForCurrentTaskList() - m_currentTaskList=8
D 21:43:45.1160594 PowerProcessor.EndCurrentTaskList() - m_currentTaskList=8
D 21:43:45.1160594 PowerTaskList.DebugDump() - ID=9 ParentID=0 PreviousID=0 TaskCount=1
D 21:43:45.1160594 PowerTaskList.DebugDump() - Block Start=(null)
D 21:43:45.1160594 PowerTaskList.DebugPrintPower() -     TAG_CHANGE Entity=Rose#55519 tag=MULLIGAN_STATE value=DEALING 
D 21:43:45.1160594 PowerTaskList.DebugDump() - Block End=(null)
D 21:43:45.1160594 PowerProcessor.PrepareHistoryForCurrentTaskList() - m_currentTaskList=9
D 21:43:45.1160594 PowerProcessor.EndCurrentTaskList() - m_currentTaskList=9
D 21:43:45.1160594 PowerTaskList.DebugDump() - ID=10 ParentID=0 PreviousID=0 TaskCount=5
D 21:43:45.1160594 PowerTaskList.DebugPrintPower() - BLOCK_START BlockType=TRIGGER Entity=Rose#55519 EffectCardId=System.Collections.Generic.List`1[System.String] EffectIndex=-1 Target=0 SubOption=-1 TriggerKeyword=TAG_NOT_SET
D 21:43:45.1160594 PowerTaskList.DebugPrintPower() -     TAG_CHANGE Entity=[entityName=UNKNOWN ENTITY [cardType=INVALID] id=9 zone=DECK zonePos=0 cardId= player=1] tag=ZONE value=HAND 
D 21:43:45.1160594 PowerTaskList.DebugPrintPower() -     TAG_CHANGE Entity=[entityName=UNKNOWN ENTITY [cardType=INVALID] id=9 zone=DECK zonePos=0 cardId= player=1] tag=ZONE_POSITION value=3 
D 21:43:45.1160594 PowerTaskList.DebugPrintPower() -     TAG_CHANGE Entity=[entityName=UNKNOWN ENTITY [cardType=INVALID] id=18 zone=HAND zonePos=3 cardId= player=1] tag=ZONE_POSITION value=0 
D 21:43:45.1160594 PowerTaskList.DebugPrintPower() -     TAG_CHANGE Entity=[entityName=UNKNOWN ENTITY [cardType=INVALID] id=18 zone=HAND zonePos=3 cardId= player=1] tag=ZONE value=DECK 
D 21:43:45.1160594 PowerTaskList.DebugPrintPower() -     TAG_CHANGE Entity=Rose#55519 tag=MULLIGAN_STATE value=WAITING 
D 21:43:45.1160594 PowerTaskList.DebugPrintPower() - BLOCK_END
D 21:43:45.1160594 PowerProcessor.PrepareHistoryForCurrentTaskList() - m_currentTaskList=10
D 21:43:45.4638139 GameState.DebugPrintPowerList() - Count=37
D 21:43:45.4638139 GameState.DebugPrintPower() - TAG_CHANGE Entity=GameEntity tag=STEP value=MAIN_READY 
D 21:43:45.4638139 GameState.DebugPrintPower() - BLOCK_START BlockType=TRIGGER Entity=湫然#51704 EffectCardId=System.Collections.Generic.List`1[System.String] EffectIndex=-1 Target=0 SubOption=-1 TriggerKeyword=TAG_NOT_SET
D 21:43:45.4638139 GameState.DebugPrintPower() -     TAG_CHANGE Entity=GameEntity tag=NUM_TURNS_IN_PLAY value=1 
D 21:43:45.4638139 GameState.DebugPrintPower() -     TAG_CHANGE Entity=Rose#55519 tag=NUM_TURNS_IN_PLAY value=1 
D 21:43:45.4638139 GameState.DebugPrintPower() -     TAG_CHANGE Entity=湫然#51704 tag=NUM_TURNS_IN_PLAY value=1 
D 21:43:45.4638139 GameState.DebugPrintPower() -     TAG_CHANGE Entity=[entityName=安度因·乌瑞恩 id=67 zone=PLAY zonePos=0 cardId=HERO_09 player=1] tag=NUM_TURNS_IN_PLAY value=1 
D 21:43:45.4638139 GameState.DebugPrintPower() -     TAG_CHANGE Entity=[entityName=次级治疗术 id=68 zone=PLAY zonePos=0 cardId=HERO_09bp player=1] tag=NUM_TURNS_IN_PLAY value=1 
D 21:43:45.4638139 GameState.DebugPrintPower() -     TAG_CHANGE Entity=[entityName=嘲风望月露娜拉 id=69 zone=PLAY zonePos=0 cardId=HERO_06bi player=2] tag=NUM_TURNS_IN_PLAY value=1 
D 21:43:45.4638139 GameState.DebugPrintPower() -     TAG_CHANGE Entity=[entityName=变形 id=70 zone=PLAY zonePos=0 cardId=HERO_06ebp player=2] tag=NUM_TURNS_IN_PLAY value=1 
D 21:43:45.4638139 GameState.DebugPrintPower() -     TAG_CHANGE Entity=湫然#51704 tag=RESOURCES value=1 
D 21:43:45.4638139 GameState.DebugPrintPower() -     TAG_CHANGE Entity=GameEntity tag=NEXT_STEP value=MAIN_START_TRIGGERS 
D 21:43:45.4638139 GameState.DebugPrintPower() -     TAG_CHANGE Entity=Rose#55519 tag=1575 value=0 
D 21:43:45.4638139 GameState.DebugPrintPower() - BLOCK_END
D 21:43:45.4638139 GameState.DebugPrintPower() - TAG_CHANGE Entity=GameEntity tag=STEP value=MAIN_START_TRIGGERS 
D 21:43:45.4638139 GameState.DebugPrintPower() - BLOCK_START BlockType=TRIGGER Entity=湫然#51704 EffectCardId=System.Collections.Generic.List`1[System.String] EffectIndex=-1 Target=0 SubOption=-1 TriggerKeyword=TAG_NOT_SET
D 21:43:45.4638139 GameState.DebugPrintPower() -     TAG_CHANGE Entity=GameEntity tag=NEXT_STEP value=MAIN_START 
D 21:43:45.4638139 GameState.DebugPrintPower() - BLOCK_END
D 21:43:45.4638139 GameState.DebugPrintPower() - TAG_CHANGE Entity=GameEntity tag=STEP value=MAIN_START 
D 21:43:45.4638139 GameState.DebugPrintPower() - BLOCK_START BlockType=TRIGGER Entity=湫然#51704 EffectCardId=System.Collections.Generic.List`1[System.String] EffectIndex=-1 Target=0 SubOption=-1 TriggerKeyword=TAG_NOT_SET
D 21:43:45.4638139 GameState.DebugPrintPower() -     TAG_CHANGE Entity=湫然#51704 tag=2166 value=57 
D 21:43:45.4638139 GameState.DebugPrintPower() -     TAG_CHANGE Entity=湫然#51704 tag=467 value=1 
D 21:43:45.4638139 GameState.DebugPrintPower() -     SHOW_ENTITY - Updating Entity=[entityName=UNKNOWN ENTITY [cardType=INVALID] id=57 zone=DECK zonePos=0 cardId= player=2] CardID=SC_755
D 21:43:45.4638139 GameState.DebugPrintPower() -         tag=CONTROLLER value=2
D 21:43:45.4638139 GameState.DebugPrintPower() -         tag=CARDTYPE value=SPELL
D 21:43:45.4638139 GameState.DebugPrintPower() -         tag=ZONE value=HAND
D 21:43:45.4638139 GameState.DebugPrintPower() -         tag=ENTITY_ID value=57
D 21:43:45.4638139 GameState.DebugPrintPower() -         tag=CLASS value=DRUID
D 21:43:45.4638139 GameState.DebugPrintPower() -         tag=RARITY value=COMMON
D 21:43:45.4638139 GameState.DebugPrintPower() -         tag=478 value=2
D 21:43:45.4638139 GameState.DebugPrintPower() -         tag=1037 value=2
D 21:43:45.4638139 GameState.DebugPrintPower() -         tag=1043 value=1
D 21:43:45.4638139 GameState.DebugPrintPower() -         tag=1068 value=0
D 21:43:45.4638139 GameState.DebugPrintPower() -         tag=SPAWN_TIME_COUNT value=1
D 21:43:45.4638139 GameState.DebugPrintPower() -         tag=1724 value=1
D 21:43:45.4638139 GameState.DebugPrintPower() -         tag=MINI_SET value=1
D 21:43:45.4638139 GameState.DebugPrintPower() -         tag=PROTOSS value=1
D 21:43:45.4638139 GameState.DebugPrintPower() -     TAG_CHANGE Entity=[entityName=UNKNOWN ENTITY [cardType=INVALID] id=57 zone=DECK zonePos=0 cardId= player=2] tag=NUM_TURNS_IN_HAND value=1 
D 21:43:45.4638139 GameState.DebugPrintPower() -     TAG_CHANGE Entity=[entityName=UNKNOWN ENTITY [cardType=INVALID] id=57 zone=DECK zonePos=0 cardId= player=2] tag=ZONE_POSITION value=4 
D 21:43:45.4638139 GameState.DebugPrintPower() -     TAG_CHANGE Entity=[entityName=UNKNOWN ENTITY [cardType=INVALID] id=57 zone=DECK zonePos=0 cardId= player=2] tag=ZONE_POSITION value=0 
D 21:43:45.4638139 GameState.DebugPrintPower() -     TAG_CHANGE Entity=[entityName=UNKNOWN ENTITY [cardType=INVALID] id=57 zone=DECK zonePos=0 cardId= player=2] tag=ZONE_POSITION value=4 
D 21:43:45.4638139 GameState.DebugPrintPower() -     TAG_CHANGE Entity=湫然#51704 tag=3242 value=1 
D 21:43:45.4638139 GameState.DebugPrintPower() -     TAG_CHANGE Entity=湫然#51704 tag=NUM_CARDS_DRAWN_THIS_TURN value=1 
D 21:43:45.4638139 GameState.DebugPrintPower() -     TAG_CHANGE Entity=湫然#51704 tag=995 value=1 
D 21:43:45.4638139 GameState.DebugPrintPower() -     TAG_CHANGE Entity=[entityName=UNKNOWN ENTITY [cardType=INVALID] id=57 zone=DECK zonePos=0 cardId= player=2] tag=1570 value=1 
D 21:43:45.4638139 GameState.DebugPrintPower() -     TAG_CHANGE Entity=湫然#51704 tag=467 value=0 
D 21:43:45.4638139 GameState.DebugPrintPower() -     TAG_CHANGE Entity=GameEntity tag=NEXT_STEP value=MAIN_ACTION 
D 21:43:45.4638139 GameState.DebugPrintPower() - BLOCK_END
D 21:43:45.4638139 GameState.DebugPrintPower() - TAG_CHANGE Entity=GameEntity tag=STEP value=MAIN_ACTION 
D 21:43:45.4638139 GameState.DebugPrintPower() - BLOCK_START BlockType=TRIGGER Entity=湫然#51704 EffectCardId=System.Collections.Generic.List`1[System.String] EffectIndex=-1 Target=0 SubOption=-1 TriggerKeyword=TAG_NOT_SET
D 21:43:45.4638139 GameState.DebugPrintPower() -     TAG_CHANGE Entity=GameEntity tag=NEXT_STEP value=MAIN_END 
D 21:43:45.4638139 GameState.DebugPrintPower() - BLOCK_END
D 21:43:45.5484852 GameState.DebugPrintOptions() - id=1
D 21:43:45.5484852 GameState.DebugPrintOptions() -   option 0 type=END_TURN mainEntity= error=INVALID errorParam=
D 21:43:45.5484852 GameState.DebugPrintOptions() -   option 1 type=POWER mainEntity=[entityName=UNKNOWN ENTITY [cardType=INVALID] id=38 zone=DECK zonePos=0 cardId= player=2] error=NONE errorParam=
D 21:43:45.5484852 GameState.DebugPrintOptions() -     target 0 entity=[entityName=安度因·乌瑞恩 id=67 zone=PLAY zonePos=0 cardId=HERO_09 player=1] error=NONE errorParam=
D 21:43:45.5484852 GameState.DebugPrintOptions() -     target 1 entity=[entityName=嘲风望月露娜拉 id=69 zone=PLAY zonePos=0 cardId=HERO_06bi player=2] error=REQ_ENEMY_TARGET errorParam=
D 21:43:45.5484852 GameState.DebugPrintOptions() -   option 2 type=POWER mainEntity=[entityName=UNKNOWN ENTITY [cardType=INVALID] id=62 zone=DECK zonePos=0 cardId= player=2] error=NONE errorParam=
D 21:43:45.5484852 GameState.DebugPrintOptions() -   option 3 type=POWER mainEntity=[entityName=UNKNOWN ENTITY [cardType=INVALID] id=57 zone=DECK zonePos=0 cardId= player=2] error=NONE errorParam=
D 21:43:45.5484852 GameState.DebugPrintOptions() -   option 4 type=POWER mainEntity=[entityName=UNKNOWN ENTITY [cardType=INVALID] id=64 zone=DECK zonePos=0 cardId= player=2] error=REQ_ENOUGH_MANA errorParam=
D 21:43:45.5484852 GameState.DebugPrintOptions() -   option 5 type=POWER mainEntity=[entityName=安度因·乌瑞恩 id=67 zone=PLAY zonePos=0 cardId=HERO_09 player=1] error=REQ_YOUR_TURN errorParam=
D 21:43:45.5484852 GameState.DebugPrintOptions() -   option 6 type=POWER mainEntity=[entityName=次级治疗术 id=68 zone=PLAY zonePos=0 cardId=HERO_09bp player=1] error=REQ_YOUR_TURN errorParam=
D 21:43:45.5484852 GameState.DebugPrintOptions() -   option 7 type=POWER mainEntity=[entityName=嘲风望月露娜拉 id=69 zone=PLAY zonePos=0 cardId=HERO_06bi player=2] error=REQ_ATTACK_GREATER_THAN_0 errorParam=
D 21:43:45.5484852 GameState.DebugPrintOptions() -   option 8 type=POWER mainEntity=[entityName=变形 id=70 zone=PLAY zonePos=0 cardId=HERO_06ebp player=2] error=REQ_ENOUGH_MANA errorParam=
D 21:43:46.6544732 PowerProcessor.EndCurrentTaskList() - m_currentTaskList=10
D 21:43:46.6615088 PowerTaskList.DebugDump() - ID=11 ParentID=0 PreviousID=0 TaskCount=1
D 21:43:46.6615088 PowerTaskList.DebugPrintPower() - BLOCK_START BlockType=TRIGGER Entity=Rose#55519 EffectCardId=System.Collections.Generic.List`1[System.String] EffectIndex=-1 Target=0 SubOption=-1 TriggerKeyword=TAG_NOT_SET
D 21:43:46.6615088 PowerTaskList.DebugPrintPower() -     TAG_CHANGE Entity=Rose#55519 tag=MULLIGAN_STATE value=DONE 
D 21:43:46.6615088 PowerTaskList.DebugPrintPower() - BLOCK_END
D 21:43:46.6615088 PowerProcessor.PrepareHistoryForCurrentTaskList() - m_currentTaskList=11
D 21:43:46.6615088 PowerProcessor.EndCurrentTaskList() - m_currentTaskList=11
D 21:43:46.6615088 PowerTaskList.DebugDump() - ID=12 ParentID=0 PreviousID=0 TaskCount=1
D 21:43:46.6615088 PowerTaskList.DebugDump() - Block Start=(null)
D 21:43:46.6615088 PowerTaskList.DebugPrintPower() -     TAG_CHANGE Entity=湫然#51704 tag=MULLIGAN_STATE value=DEALING 
D 21:43:46.6615088 PowerTaskList.DebugDump() - Block End=(null)
D 21:43:46.6615088 PowerProcessor.PrepareHistoryForCurrentTaskList() - m_currentTaskList=12
D 21:43:46.6615088 PowerProcessor.EndCurrentTaskList() - m_currentTaskList=12
D 21:43:46.6615088 PowerTaskList.DebugDump() - ID=13 ParentID=0 PreviousID=0 TaskCount=33
D 21:43:46.6615088 PowerTaskList.DebugPrintPower() - BLOCK_START BlockType=TRIGGER Entity=湫然#51704 EffectCardId=System.Collections.Generic.List`1[System.String] EffectIndex=-1 Target=0 SubOption=-1 TriggerKeyword=TAG_NOT_SET
D 21:43:46.6615088 PowerTaskList.DebugPrintPower() -     SHOW_ENTITY - Updating Entity=[entityName=UNKNOWN ENTITY [cardType=INVALID] id=38 zone=DECK zonePos=0 cardId= player=2] CardID=TID_001
D 21:43:46.6615088 PowerTaskList.DebugPrintPower() -         tag=CONTROLLER value=2
D 21:43:46.6615088 PowerTaskList.DebugPrintPower() -         tag=CARDTYPE value=SPELL
D 21:43:46.6615088 PowerTaskList.DebugPrintPower() -         tag=TAG_LAST_KNOWN_COST_IN_HAND value=1
D 21:43:46.6615088 PowerTaskList.DebugPrintPower() -         tag=COST value=1
D 21:43:46.6615088 PowerTaskList.DebugPrintPower() -         tag=ZONE value=HAND
D 21:43:46.6615088 PowerTaskList.DebugPrintPower() -         tag=ENTITY_ID value=38
D 21:43:46.6615088 PowerTaskList.DebugPrintPower() -         tag=CLASS value=DRUID
D 21:43:46.6615088 PowerTaskList.DebugPrintPower() -         tag=FACTION value=NEUTRAL
D 21:43:46.6615088 PowerTaskList.DebugPrintPower() -         tag=RARITY value=COMMON
D 21:43:46.6615088 PowerTaskList.DebugPrintPower() -         tag=478 value=2
D 21:43:46.6615088 PowerTaskList.DebugPrintPower() -         tag=1037 value=2
D 21:43:46.6615088 PowerTaskList.DebugPrintPower() -         tag=1043 value=1
D 21:43:46.6615088 PowerTaskList.DebugPrintPower() -         tag=1068 value=0
D 21:43:46.6615088 PowerTaskList.DebugPrintPower() -         tag=SPAWN_TIME_COUNT value=1
D 21:43:46.6615088 PowerTaskList.DebugPrintPower() -         tag=SPELL_SCHOOL value=1
D 21:43:46.6615088 PowerTaskList.DebugPrintPower() -         tag=MINI_SET value=1
D 21:43:46.6615088 PowerTaskList.DebugPrintPower() -     TAG_CHANGE Entity=[entityName=UNKNOWN ENTITY [cardType=INVALID] id=38 zone=DECK zonePos=0 cardId= player=2] tag=NUM_TURNS_IN_HAND value=1 
D 21:43:46.6615088 PowerTaskList.DebugPrintPower() -     TAG_CHANGE Entity=[entityName=UNKNOWN ENTITY [cardType=INVALID] id=38 zone=DECK zonePos=0 cardId= player=2] tag=ZONE_POSITION value=1 
D 21:43:46.6615088 PowerTaskList.DebugPrintPower() -     TAG_CHANGE Entity=[entityName=雷霆绽放 id=32 zone=HAND zonePos=1 cardId=SCH_427 player=2] tag=1068 value=2 
D 21:43:46.6615088 PowerTaskList.DebugPrintPower() -     TAG_CHANGE Entity=[entityName=雷霆绽放 id=32 zone=HAND zonePos=1 cardId=SCH_427 player=2] tag=1068 value=0 
D 21:43:46.6615088 PowerTaskList.DebugPrintPower() -     TAG_CHANGE Entity=[entityName=雷霆绽放 id=32 zone=HAND zonePos=1 cardId=SCH_427 player=2] tag=1037 value=2 
D 21:43:46.6615088 PowerTaskList.DebugPrintPower() -     TAG_CHANGE Entity=[entityName=雷霆绽放 id=32 zone=HAND zonePos=1 cardId=SCH_427 player=2] tag=ZONE_POSITION value=0 
D 21:43:46.6615088 PowerTaskList.DebugPrintPower() -     TAG_CHANGE Entity=[entityName=雷霆绽放 id=32 zone=HAND zonePos=1 cardId=SCH_427 player=2] tag=1043 value=0 
D 21:43:46.6615088 PowerTaskList.DebugPrintPower() -     HIDE_ENTITY - Entity=[entityName=雷霆绽放 id=32 zone=HAND zonePos=1 cardId=SCH_427 player=2] tag=ZONE value=DECK
D 21:43:46.6615088 PowerTaskList.DebugPrintPower() -     TAG_CHANGE Entity=[entityName=雷霆绽放 id=32 zone=HAND zonePos=1 cardId=SCH_427 player=2] tag=ZONE value=DECK 
D 21:43:46.6615088 PowerTaskList.DebugPrintPower() -     SHOW_ENTITY - Updating Entity=[entityName=UNKNOWN ENTITY [cardType=INVALID] id=64 zone=DECK zonePos=0 cardId= player=2] CardID=TTN_955
D 21:43:46.6615088 PowerTaskList.DebugPrintPower() -         tag=CONTROLLER value=2
D 21:43:46.6615088 PowerTaskList.DebugPrintPower() -         tag=CARDTYPE value=SPELL
D 21:43:46.6615088 PowerTaskList.DebugPrintPower() -         tag=TAG_LAST_KNOWN_COST_IN_HAND value=2
D 21:43:46.6615088 PowerTaskList.DebugPrintPower() -         tag=COST value=2
D 21:43:46.6615088 PowerTaskList.DebugPrintPower() -         tag=PREMIUM value=1
D 21:43:46.6615088 PowerTaskList.DebugPrintPower() -         tag=ZONE value=HAND
D 21:43:46.6615088 PowerTaskList.DebugPrintPower() -         tag=ENTITY_ID value=64
D 21:43:46.6615088 PowerTaskList.DebugPrintPower() -         tag=CLASS value=DRUID
D 21:43:46.6615088 PowerTaskList.DebugPrintPower() -         tag=RARITY value=COMMON
D 21:43:46.6615088 PowerTaskList.DebugPrintPower() -         tag=CHOOSE_ONE value=1
D 21:43:46.6615088 PowerTaskList.DebugPrintPower() -         tag=478 value=2
D 21:43:46.6615088 PowerTaskList.DebugPrintPower() -         tag=1037 value=2
D 21:43:46.6615088 PowerTaskList.DebugPrintPower() -         tag=1043 value=1
D 21:43:46.6615088 PowerTaskList.DebugPrintPower() -         tag=1068 value=0
D 21:43:46.6615088 PowerTaskList.DebugPrintPower() -         tag=SPAWN_TIME_COUNT value=1
D 21:43:46.6615088 PowerTaskList.DebugPrintPower() -         tag=SPELL_SCHOOL value=4
D 21:43:46.6615088 PowerTaskList.DebugPrintPower() -     SHOW_ENTITY - Updating Entity=[entityName=UNKNOWN ENTITY [cardType=INVALID] id=65 zone=SETASIDE zonePos=0 cardId= player=2] CardID=TTN_955A
D 21:43:46.6615088 PowerTaskList.DebugPrintPower() -         tag=CONTROLLER value=2
D 21:43:46.6615088 PowerTaskList.DebugPrintPower() -         tag=CARDTYPE value=SPELL
D 21:43:46.6615088 PowerTaskList.DebugPrintPower() -         tag=TAG_LAST_KNOWN_COST_IN_HAND value=2
D 21:43:46.6615088 PowerTaskList.DebugPrintPower() -         tag=COST value=2
D 21:43:46.6615088 PowerTaskList.DebugPrintPower() -         tag=PREMIUM value=1
D 21:43:46.6615088 PowerTaskList.DebugPrintPower() -         tag=ZONE value=SETASIDE
D 21:43:46.6615088 PowerTaskList.DebugPrintPower() -         tag=ENTITY_ID value=65
D 21:43:46.6615088 PowerTaskList.DebugPrintPower() -         tag=CLASS value=DRUID
D 21:43:46.6615088 PowerTaskList.DebugPrintPower() -         tag=CREATOR value=64
D 21:43:46.6615088 PowerTaskList.DebugPrintPower() -         tag=PARENT_CARD value=64
D 21:43:46.6615088 PowerTaskList.DebugPrintPower() -         tag=1068 value=0
D 21:43:46.6615088 PowerTaskList.DebugPrintPower() -         tag=CREATOR_DBID value=100093
D 21:43:46.6615088 PowerTaskList.DebugPrintPower() -         tag=SPAWN_TIME_COUNT value=1
D 21:43:46.6615088 PowerTaskList.DebugPrintPower() -         tag=SPELL_SCHOOL value=4
D 21:43:46.6615088 PowerTaskList.DebugPrintPower() -         tag=4901 value=0
D 21:43:46.6615088 PowerTaskList.DebugPrintPower() -     SHOW_ENTITY - Updating Entity=[entityName=UNKNOWN ENTITY [cardType=INVALID] id=66 zone=SETASIDE zonePos=0 cardId= player=2] CardID=TTN_955B
D 21:43:46.6615088 PowerTaskList.DebugPrintPower() -         tag=CONTROLLER value=2
D 21:43:46.6615088 PowerTaskList.DebugPrintPower() -         tag=CARDTYPE value=SPELL
D 21:43:46.6615088 PowerTaskList.DebugPrintPower() -         tag=TAG_LAST_KNOWN_COST_IN_HAND value=2
D 21:43:46.6615088 PowerTaskList.DebugPrintPower() -         tag=COST value=2
D 21:43:46.6615088 PowerTaskList.DebugPrintPower() -         tag=PREMIUM value=1
D 21:43:46.6615088 PowerTaskList.DebugPrintPower() -         tag=ZONE value=SETASIDE
D 21:43:46.6615088 PowerTaskList.DebugPrintPower() -         tag=ENTITY_ID value=66
D 21:43:46.6615088 PowerTaskList.DebugPrintPower() -         tag=CLASS value=DRUID
D 21:43:46.6615088 PowerTaskList.DebugPrintPower() -         tag=CREATOR value=64
D 21:43:46.6615088 PowerTaskList.DebugPrintPower() -         tag=PARENT_CARD value=64
D 21:43:46.6615088 PowerTaskList.DebugPrintPower() -         tag=1068 value=0
D 21:43:46.6615088 PowerTaskList.DebugPrintPower() -         tag=CREATOR_DBID value=100093
D 21:43:46.6615088 PowerTaskList.DebugPrintPower() -         tag=SPAWN_TIME_COUNT value=1
D 21:43:46.6615088 PowerTaskList.DebugPrintPower() -         tag=SPELL_SCHOOL value=4
D 21:43:46.6615088 PowerTaskList.DebugPrintPower() -         tag=4901 value=0
D 21:43:46.6615088 PowerTaskList.DebugPrintPower() -     TAG_CHANGE Entity=[entityName=UNKNOWN ENTITY [cardType=INVALID] id=64 zone=DECK zonePos=0 cardId= player=2] tag=NUM_TURNS_IN_HAND value=1 
D 21:43:46.6615088 PowerTaskList.DebugPrintPower() -     TAG_CHANGE Entity=[entityName=UNKNOWN ENTITY [cardType=INVALID] id=64 zone=DECK zonePos=0 cardId= player=2] tag=ZONE_POSITION value=2 
D 21:43:46.6615088 PowerTaskList.DebugPrintPower() -     TAG_CHANGE Entity=[entityName=虚灵改装师 id=39 zone=HAND zonePos=2 cardId=BT_724 player=2] tag=1068 value=2 
D 21:43:46.6615088 PowerTaskList.DebugPrintPower() -     TAG_CHANGE Entity=[entityName=虚灵改装师 id=39 zone=HAND zonePos=2 cardId=BT_724 player=2] tag=1068 value=0 
D 21:43:46.6615088 PowerTaskList.DebugPrintPower() -     TAG_CHANGE Entity=[entityName=虚灵改装师 id=39 zone=HAND zonePos=2 cardId=BT_724 player=2] tag=1037 value=2 
D 21:43:46.6615088 PowerTaskList.DebugPrintPower() -     TAG_CHANGE Entity=[entityName=虚灵改装师 id=39 zone=HAND zonePos=2 cardId=BT_724 player=2] tag=ZONE_POSITION value=0 
D 21:43:46.6615088 PowerTaskList.DebugPrintPower() -     TAG_CHANGE Entity=[entityName=虚灵改装师 id=39 zone=HAND zonePos=2 cardId=BT_724 player=2] tag=1043 value=0 
D 21:43:46.6615088 PowerTaskList.DebugPrintPower() -     HIDE_ENTITY - Entity=[entityName=虚灵改装师 id=39 zone=HAND zonePos=2 cardId=BT_724 player=2] tag=ZONE value=DECK
D 21:43:46.6615088 PowerTaskList.DebugPrintPower() -     TAG_CHANGE Entity=[entityName=虚灵改装师 id=39 zone=HAND zonePos=2 cardId=BT_724 player=2] tag=ZONE value=DECK 
D 21:43:46.6615088 PowerTaskList.DebugPrintPower() -     SHOW_ENTITY - Updating Entity=[entityName=UNKNOWN ENTITY [cardType=INVALID] id=62 zone=DECK zonePos=0 cardId= player=2] CardID=BOT_054
D 21:43:46.6615088 PowerTaskList.DebugPrintPower() -         tag=CONTROLLER value=2
D 21:43:46.6615088 PowerTaskList.DebugPrintPower() -         tag=CARDTYPE value=SPELL
D 21:43:46.6615088 PowerTaskList.DebugPrintPower() -         tag=TAG_LAST_KNOWN_COST_IN_HAND value=1
D 21:43:46.6615088 PowerTaskList.DebugPrintPower() -         tag=COST value=1
D 21:43:46.6615088 PowerTaskList.DebugPrintPower() -         tag=ZONE value=HAND
D 21:43:46.6615088 PowerTaskList.DebugPrintPower() -         tag=ENTITY_ID value=62
D 21:43:46.6615088 PowerTaskList.DebugPrintPower() -         tag=CLASS value=DRUID
D 21:43:46.6615088 PowerTaskList.DebugPrintPower() -         tag=RARITY value=COMMON
D 21:43:46.6615088 PowerTaskList.DebugPrintPower() -         tag=478 value=2
D 21:43:46.6615088 PowerTaskList.DebugPrintPower() -         tag=1037 value=2
D 21:43:46.6615088 PowerTaskList.DebugPrintPower() -         tag=1043 value=1
D 21:43:46.6615088 PowerTaskList.DebugPrintPower() -         tag=1068 value=0
D 21:43:46.6615088 PowerTaskList.DebugPrintPower() -         tag=SPAWN_TIME_COUNT value=1
D 21:43:46.6615088 PowerTaskList.DebugPrintPower() -         tag=SPELL_SCHOOL value=4
D 21:43:46.6615088 PowerTaskList.DebugPrintPower() -     TAG_CHANGE Entity=[entityName=UNKNOWN ENTITY [cardType=INVALID] id=62 zone=DECK zonePos=0 cardId= player=2] tag=NUM_TURNS_IN_HAND value=1 
D 21:43:46.6615088 PowerTaskList.DebugPrintPower() -     TAG_CHANGE Entity=[entityName=UNKNOWN ENTITY [cardType=INVALID] id=62 zone=DECK zonePos=0 cardId= player=2] tag=ZONE_POSITION value=3 
D 21:43:46.6615088 PowerTaskList.DebugPrintPower() -     TAG_CHANGE Entity=[entityName=月光射线 id=30 zone=HAND zonePos=3 cardId=TID_001 player=2] tag=1068 value=2 
D 21:43:46.6615088 PowerTaskList.DebugPrintPower() -     TAG_CHANGE Entity=[entityName=月光射线 id=30 zone=HAND zonePos=3 cardId=TID_001 player=2] tag=1068 value=0 
D 21:43:46.6615088 PowerTaskList.DebugPrintPower() -     TAG_CHANGE Entity=[entityName=月光射线 id=30 zone=HAND zonePos=3 cardId=TID_001 player=2] tag=1037 value=2 
D 21:43:46.6615088 PowerTaskList.DebugPrintPower() -     TAG_CHANGE Entity=[entityName=月光射线 id=30 zone=HAND zonePos=3 cardId=TID_001 player=2] tag=ZONE_POSITION value=0 
D 21:43:46.6615088 PowerTaskList.DebugPrintPower() -     TAG_CHANGE Entity=[entityName=月光射线 id=30 zone=HAND zonePos=3 cardId=TID_001 player=2] tag=1043 value=0 
D 21:43:46.6615088 PowerTaskList.DebugPrintPower() -     HIDE_ENTITY - Entity=[entityName=月光射线 id=30 zone=HAND zonePos=3 cardId=TID_001 player=2] tag=ZONE value=DECK
D 21:43:46.6615088 PowerTaskList.DebugPrintPower() -     TAG_CHANGE Entity=[entityName=月光射线 id=30 zone=HAND zonePos=3 cardId=TID_001 player=2] tag=ZONE value=DECK 
D 21:43:46.6615088 PowerTaskList.DebugPrintPower() -     TAG_CHANGE Entity=湫然#51704 tag=MULLIGAN_STATE value=WAITING 
D 21:43:46.6615088 PowerTaskList.DebugPrintPower() - BLOCK_END
D 21:43:46.6615088 PowerProcessor.PrepareHistoryForCurrentTaskList() - m_currentTaskList=13
D 21:43:46.7953069 PowerProcessor.EndCurrentTaskList() - m_currentTaskList=13
D 21:43:46.8023758 PowerTaskList.DebugDump() - ID=14 ParentID=0 PreviousID=0 TaskCount=5
D 21:43:46.8023758 PowerTaskList.DebugPrintPower() - BLOCK_START BlockType=TRIGGER Entity=湫然#51704 EffectCardId=System.Collections.Generic.List`1[System.String] EffectIndex=-1 Target=0 SubOption=-1 TriggerKeyword=TAG_NOT_SET
D 21:43:46.8023758 PowerTaskList.DebugPrintPower() -     TAG_CHANGE Entity=湫然#51704 tag=MULLIGAN_STATE value=DONE 
D 21:43:46.8023758 PowerTaskList.DebugPrintPower() -     SHUFFLE_DECK PlayerID=1
D 21:43:46.8023758 PowerTaskList.DebugPrintPower() -     SHUFFLE_DECK PlayerID=2
D 21:43:46.8023758 PowerTaskList.DebugPrintPower() -     TAG_CHANGE Entity=湫然#51704 tag=TURN value=1 
D 21:43:46.8023758 PowerTaskList.DebugPrintPower() -     TAG_CHANGE Entity=GameEntity tag=NEXT_STEP value=MAIN_READY 
D 21:43:46.8023758 PowerTaskList.DebugPrintPower() - BLOCK_END
D 21:43:46.8023758 PowerProcessor.PrepareHistoryForCurrentTaskList() - m_currentTaskList=14
D 21:43:52.3229416 PowerProcessor.EndCurrentTaskList() - m_currentTaskList=14
D 21:43:52.3229416 PowerTaskList.DebugDump() - ID=15 ParentID=0 PreviousID=0 TaskCount=1
D 21:43:52.3229416 PowerTaskList.DebugPrintPower() - BLOCK_START BlockType=TRIGGER Entity=[entityName=裂魂者阿扎莉娜 id=12 zone=DECK zonePos=0 cardId= player=1] EffectCardId=System.Collections.Generic.List`1[System.String] EffectIndex=2 Target=0 SubOption=-1 TriggerKeyword=START_OF_GAME_KEYWORD
D 21:43:52.3229416 PowerTaskList.DebugPrintPower() -     SHOW_ENTITY - Updating Entity=[entityName=裂魂者阿扎莉娜 id=12 zone=DECK zonePos=0 cardId= player=1] CardID=JAIL_430
D 21:43:52.3229416 PowerTaskList.DebugPrintPower() -         tag=CONTROLLER value=1
D 21:43:52.3229416 PowerTaskList.DebugPrintPower() -         tag=CARDTYPE value=MINION
D 21:43:52.3229416 PowerTaskList.DebugPrintPower() -         tag=TAG_LAST_KNOWN_COST_IN_HAND value=7
D 21:43:52.3229416 PowerTaskList.DebugPrintPower() -         tag=479 value=7
D 21:43:52.3229416 PowerTaskList.DebugPrintPower() -         tag=COST value=7
D 21:43:52.3229416 PowerTaskList.DebugPrintPower() -         tag=ATK value=7
D 21:43:52.3229416 PowerTaskList.DebugPrintPower() -         tag=HEALTH value=7
D 21:43:52.3229416 PowerTaskList.DebugPrintPower() -         tag=ZONE value=DECK
D 21:43:52.3229416 PowerTaskList.DebugPrintPower() -         tag=ENTITY_ID value=12
D 21:43:52.3229416 PowerTaskList.DebugPrintPower() -         tag=ELITE value=1
D 21:43:52.3229416 PowerTaskList.DebugPrintPower() -         tag=CLASS value=PRIEST
D 21:43:52.3229416 PowerTaskList.DebugPrintPower() -         tag=CARDRACE value=UNDEAD
D 21:43:52.3229416 PowerTaskList.DebugPrintPower() -         tag=RARITY value=LEGENDARY
D 21:43:52.3229416 PowerTaskList.DebugPrintPower() -         tag=BATTLECRY value=1
D 21:43:52.3229416 PowerTaskList.DebugPrintPower() -         tag=REVEALED value=1
D 21:43:52.3229416 PowerTaskList.DebugPrintPower() -         tag=478 value=1
D 21:43:52.3229416 PowerTaskList.DebugPrintPower() -         tag=START_OF_GAME_KEYWORD value=1
D 21:43:52.3229416 PowerTaskList.DebugPrintPower() -         tag=DECK_RULE_MOD_DECK_SIZE value=20
D 21:43:52.3229416 PowerTaskList.DebugPrintPower() -         tag=1043 value=1
D 21:43:52.3229416 PowerTaskList.DebugPrintPower() -         tag=1068 value=0
D 21:43:52.3229416 PowerTaskList.DebugPrintPower() -         tag=SPAWN_TIME_COUNT value=1
D 21:43:52.3229416 PowerTaskList.DebugPrintPower() -         tag=HAS_SIGNATURE_QUALITY value=1
D 21:43:52.3229416 PowerTaskList.DebugPrintPower() -         tag=HAS_ACTIVATE_POWER value=1
D 21:43:52.3229416 PowerTaskList.DebugPrintPower() -         tag=2936 value=1
D 21:43:52.3229416 PowerTaskList.DebugPrintPower() -         tag=3085 value=7
D 21:43:52.3229416 PowerTaskList.DebugPrintPower() -         tag=4472 value=7
D 21:43:52.3229416 PowerTaskList.DebugPrintPower() -         tag=4818 value=1
D 21:43:52.3229416 PowerTaskList.DebugDump() - Block End=(null)
D 21:43:52.3229416 PowerProcessor.PrepareHistoryForCurrentTaskList() - m_currentTaskList=15
D 21:43:52.3300722 PowerProcessor.EndCurrentTaskList() - m_currentTaskList=15
D 21:43:52.3371408 PowerTaskList.DebugDump() - ID=16 ParentID=0 PreviousID=15 TaskCount=6
D 21:43:52.3371408 PowerTaskList.DebugDump() - Block Start=(null)
D 21:43:52.3371408 PowerTaskList.DebugPrintPower() -     SUB_SPELL_START - SpellPrefabGUID=JAIL_430_AzalinaSoulsever_FAB_StartOfGame_FX:347a09cdabd38b04c832ab44d9edc111 Source=0 TargetCount=0
D 21:43:52.3371408 PowerTaskList.DebugPrintPower() -         META_DATA - Meta=TARGET Data=0 InfoCount=1
D 21:43:52.3371408 PowerTaskList.DebugPrintPower() -                     Info[0] = [entityName=裂魂者阿扎莉娜 id=12 zone=DECK zonePos=0 cardId=JAIL_430 player=1]
D 21:43:52.3371408 PowerTaskList.DebugPrintPower() -         META_DATA - Meta=OVERRIDE_HISTORY Data=0 InfoCount=1
D 21:43:52.3371408 PowerTaskList.DebugPrintPower() -                     Info[0] = [entityName=裂魂者阿扎莉娜 id=12 zone=DECK zonePos=0 cardId=JAIL_430 player=1]
D 21:43:52.3371408 PowerTaskList.DebugPrintPower() -         HIDE_ENTITY - Entity=[entityName=裂魂者阿扎莉娜 id=12 zone=DECK zonePos=0 cardId=JAIL_430 player=1] tag=ZONE value=DECK
D 21:43:52.3371408 PowerTaskList.DebugPrintPower() -         TAG_CHANGE Entity=[entityName=裂魂者阿扎莉娜 id=12 zone=DECK zonePos=0 cardId=JAIL_430 player=1] tag=REVEALED value=0 
D 21:43:52.3371408 PowerTaskList.DebugPrintPower() -     SUB_SPELL_END
D 21:43:52.3371408 PowerTaskList.DebugDump() - Block End=(null)
D 21:43:52.3371408 PowerProcessor.PrepareHistoryForCurrentTaskList() - m_currentTaskList=16
D 21:43:56.7390632 PowerProcessor.EndCurrentTaskList() - m_currentTaskList=16
D 21:43:56.7455395 PowerTaskList.DebugDump() - ID=17 ParentID=0 PreviousID=16 TaskCount=1
D 21:43:56.7455395 PowerTaskList.DebugDump() - Block Start=(null)
D 21:43:56.7455395 PowerTaskList.DebugPrintPower() -     META_DATA - Meta=ARTIFICIAL_HISTORY_INTERRUPT Data=0 InfoCount=0
D 21:43:56.7455395 PowerTaskList.DebugDump() - Block End=(null)
D 21:43:56.7455395 PowerProcessor.PrepareHistoryForCurrentTaskList() - m_currentTaskList=17
D 21:43:56.7455395 PowerProcessor.EndCurrentTaskList() - m_currentTaskList=17
D 21:43:56.7455395 PowerTaskList.DebugDump() - ID=18 ParentID=0 PreviousID=17 TaskCount=13
D 21:43:56.7455395 PowerTaskList.DebugDump() - Block Start=(null)
D 21:43:56.7455395 PowerTaskList.DebugPrintPower() -     SUB_SPELL_START - SpellPrefabGUID=ReuseFX_Shadow_BuffImpact_Super:9267a3b2b8b76654e85107553d70a58d Source=0 TargetCount=1
D 21:43:56.7455395 PowerTaskList.DebugPrintPower() -                       Targets[0] = [entityName=安度因·乌瑞恩 id=67 zone=PLAY zonePos=0 cardId=HERO_09 player=1]
D 21:43:56.7455395 PowerTaskList.DebugPrintPower() -         META_DATA - Meta=TARGET Data=0 InfoCount=1
D 21:43:56.7455395 PowerTaskList.DebugPrintPower() -                     Info[0] = [entityName=安度因·乌瑞恩 id=67 zone=PLAY zonePos=0 cardId=HERO_09 player=1]
D 21:43:56.7455395 PowerTaskList.DebugPrintPower() -         TAG_CHANGE Entity=Rose#55519 tag=1575 value=1 
D 21:43:56.7455395 PowerTaskList.DebugPrintPower() -         FULL_ENTITY - Updating [entityName=UNKNOWN ENTITY [cardType=INVALID] id=101 zone=SETASIDE zonePos=0 cardId= player=1] CardID=
D 21:43:56.7455395 PowerTaskList.DebugPrintPower() -             tag=ZONE value=SETASIDE
D 21:43:56.7455395 PowerTaskList.DebugPrintPower() -             tag=CONTROLLER value=1
D 21:43:56.7455395 PowerTaskList.DebugPrintPower() -             tag=ENTITY_ID value=101
D 21:43:56.7455395 PowerTaskList.DebugPrintPower() -         SHOW_ENTITY - Updating Entity=[entityName=UNKNOWN ENTITY [cardType=INVALID] id=101 zone=SETASIDE zonePos=0 cardId= player=1] CardID=TLC_835e
D 21:43:56.7455395 PowerTaskList.DebugPrintPower() -             tag=CONTROLLER value=1
D 21:43:56.7455395 PowerTaskList.DebugPrintPower() -             tag=CARDTYPE value=ENCHANTMENT
D 21:43:56.7455395 PowerTaskList.DebugPrintPower() -             tag=TAG_SCRIPT_DATA_NUM_1 value=40
D 21:43:56.7455395 PowerTaskList.DebugPrintPower() -             tag=PREMIUM value=1
D 21:43:56.7455395 PowerTaskList.DebugPrintPower() -             tag=ATTACHED value=67
D 21:43:56.7455395 PowerTaskList.DebugPrintPower() -             tag=ZONE value=SETASIDE
D 21:43:56.7455395 PowerTaskList.DebugPrintPower() -             tag=ENTITY_ID value=101
D 21:43:56.7455395 PowerTaskList.DebugPrintPower() -             tag=CLASS value=PRIEST
D 21:43:56.7455395 PowerTaskList.DebugPrintPower() -             tag=CREATOR value=12
D 21:43:56.7455395 PowerTaskList.DebugPrintPower() -             tag=1037 value=1
D 21:43:56.7455395 PowerTaskList.DebugPrintPower() -             tag=1068 value=0
D 21:43:56.7455395 PowerTaskList.DebugPrintPower() -             tag=CREATOR_DBID value=126055
D 21:43:56.7455395 PowerTaskList.DebugPrintPower() -             tag=SPAWN_TIME_COUNT value=1
D 21:43:56.7455395 PowerTaskList.DebugPrintPower() -             tag=4901 value=0
D 21:43:56.7455395 PowerTaskList.DebugPrintPower() -         TAG_CHANGE Entity=[entityName=UNKNOWN ENTITY [cardType=INVALID] id=101 zone=SETASIDE zonePos=0 cardId= player=1] tag=1068 value=1 
D 21:43:56.7455395 PowerTaskList.DebugPrintPower() -         TAG_CHANGE Entity=[entityName=UNKNOWN ENTITY [cardType=INVALID] id=101 zone=SETASIDE zonePos=0 cardId= player=1] tag=1068 value=0 
D 21:43:56.7455395 PowerTaskList.DebugPrintPower() -         TAG_CHANGE Entity=[entityName=UNKNOWN ENTITY [cardType=INVALID] id=101 zone=SETASIDE zonePos=0 cardId= player=1] tag=ZONE value=PLAY 
D 21:43:56.7455395 PowerTaskList.DebugPrintPower() -         TAG_CHANGE Entity=[entityName=安度因·乌瑞恩 id=67 zone=PLAY zonePos=0 cardId=HERO_09 player=1] tag=3085 value=40 
D 21:43:56.7455395 PowerTaskList.DebugPrintPower() -         TAG_CHANGE Entity=[entityName=安度因·乌瑞恩 id=67 zone=PLAY zonePos=0 cardId=HERO_09 player=1] tag=HEALTH value=40 
D 21:43:56.7455395 PowerTaskList.DebugPrintPower() -         TAG_CHANGE Entity=[entityName=安度因·乌瑞恩 id=67 zone=PLAY zonePos=0 cardId=HERO_09 player=1] tag=4741 value=1 
D 21:43:56.7455395 PowerTaskList.DebugPrintPower() -         TAG_CHANGE Entity=[entityName=安度因·乌瑞恩 id=67 zone=PLAY zonePos=0 cardId=HERO_09 player=1] tag=LAST_AFFECTED_BY value=12 
D 21:43:56.7455395 PowerTaskList.DebugPrintPower() -     SUB_SPELL_END
D 21:43:56.7455395 PowerTaskList.DebugDump() - Block End=(null)
D 21:43:56.7455395 PowerProcessor.PrepareHistoryForCurrentTaskList() - m_currentTaskList=18
D 21:43:57.3343869 PowerProcessor.EndCurrentTaskList() - m_currentTaskList=18
D 21:43:57.3416102 PowerTaskList.DebugDump() - ID=19 ParentID=0 PreviousID=18 TaskCount=0
D 21:43:57.3416102 PowerTaskList.DebugDump() - Block Start=(null)
D 21:43:57.3416102 PowerTaskList.DebugPrintPower() - BLOCK_END
D 21:43:57.3416102 PowerProcessor.PrepareHistoryForCurrentTaskList() - m_currentTaskList=19
D 21:43:57.3416102 PowerProcessor.EndCurrentTaskList() - m_currentTaskList=19
D 21:43:57.3416102 PowerTaskList.DebugDump() - ID=20 ParentID=0 PreviousID=0 TaskCount=9
D 21:43:57.3416102 PowerTaskList.DebugPrintPower() - BLOCK_START BlockType=TRIGGER Entity=[entityName=UNKNOWN ENTITY [cardType=INVALID] id=10 zone=DECK zonePos=0 cardId= player=1] EffectCardId=System.Collections.Generic.List`1[System.String] EffectIndex=1 Target=0 SubOption=-1 TriggerKeyword=1724
D 21:43:57.3416102 PowerTaskList.DebugPrintPower() -     FULL_ENTITY - Updating [entityName=UNKNOWN ENTITY [cardType=INVALID] id=102 zone=SETASIDE zonePos=0 cardId= player=1] CardID=
D 21:43:57.3416102 PowerTaskList.DebugPrintPower() -         tag=ZONE value=SETASIDE
D 21:43:57.3416102 PowerTaskList.DebugPrintPower() -         tag=CONTROLLER value=1
D 21:43:57.3416102 PowerTaskList.DebugPrintPower() -         tag=ENTITY_ID value=102
D 21:43:57.3416102 PowerTaskList.DebugPrintPower() -     SHOW_ENTITY - Updating Entity=[entityName=UNKNOWN ENTITY [cardType=INVALID] id=102 zone=SETASIDE zonePos=0 cardId= player=1] CardID=VAC_422e
D 21:43:57.3416102 PowerTaskList.DebugPrintPower() -         tag=CONTROLLER value=1
D 21:43:57.3416102 PowerTaskList.DebugPrintPower() -         tag=CARDTYPE value=ENCHANTMENT
D 21:43:57.3416102 PowerTaskList.DebugPrintPower() -         tag=ATTACHED value=2
D 21:43:57.3416102 PowerTaskList.DebugPrintPower() -         tag=ZONE value=SETASIDE
D 21:43:57.3416102 PowerTaskList.DebugPrintPower() -         tag=ENTITY_ID value=102
D 21:43:57.3416102 PowerTaskList.DebugPrintPower() -         tag=CLASS value=NEUTRAL
D 21:43:57.3416102 PowerTaskList.DebugPrintPower() -         tag=CREATOR value=10
D 21:43:57.3416102 PowerTaskList.DebugPrintPower() -         tag=1037 value=1
D 21:43:57.3416102 PowerTaskList.DebugPrintPower() -         tag=1068 value=0
D 21:43:57.3416102 PowerTaskList.DebugPrintPower() -         tag=CREATOR_DBID value=108887
D 21:43:57.3416102 PowerTaskList.DebugPrintPower() -         tag=SPAWN_TIME_COUNT value=1
D 21:43:57.3416102 PowerTaskList.DebugPrintPower() -         tag=4901 value=0
D 21:43:57.3416102 PowerTaskList.DebugPrintPower() -     TAG_CHANGE Entity=[entityName=UNKNOWN ENTITY [cardType=INVALID] id=102 zone=SETASIDE zonePos=0 cardId= player=1] tag=1068 value=1 
D 21:43:57.3416102 PowerTaskList.DebugPrintPower() -     TAG_CHANGE Entity=[entityName=UNKNOWN ENTITY [cardType=INVALID] id=102 zone=SETASIDE zonePos=0 cardId= player=1] tag=1068 value=0 
D 21:43:57.3416102 PowerTaskList.DebugPrintPower() -     TAG_CHANGE Entity=[entityName=UNKNOWN ENTITY [cardType=INVALID] id=102 zone=SETASIDE zonePos=0 cardId= player=1] tag=ZONE value=PLAY 
D 21:43:57.3416102 PowerTaskList.DebugPrintPower() -     TAG_CHANGE Entity=Rose#55519 tag=4741 value=2 
D 21:43:57.3416102 PowerTaskList.DebugPrintPower() -     TAG_CHANGE Entity=Rose#55519 tag=LAST_AFFECTED_BY value=10 
D 21:43:57.3416102 PowerTaskList.DebugPrintPower() -     TAG_CHANGE Entity=[entityName=UNKNOWN ENTITY [cardType=INVALID] id=102 zone=SETASIDE zonePos=0 cardId= player=1] tag=TAG_SCRIPT_DATA_NUM_1 value=108887 
D 21:43:57.3416102 PowerTaskList.DebugPrintPower() -     TAG_CHANGE Entity=[entityName=UNKNOWN ENTITY [cardType=INVALID] id=102 zone=SETASIDE zonePos=0 cardId= player=1] tag=TAG_SCRIPT_DATA_NUM_2 value=3 
D 21:43:57.3416102 PowerTaskList.DebugPrintPower() - BLOCK_END
D 21:43:57.3416102 PowerProcessor.PrepareHistoryForCurrentTaskList() - m_currentTaskList=20
D 21:43:57.3916681 PowerProcessor.EndCurrentTaskList() - m_currentTaskList=20
D 21:43:57.3981367 PowerTaskList.DebugDump() - ID=21 ParentID=0 PreviousID=0 TaskCount=9
D 21:43:57.3981367 PowerTaskList.DebugPrintPower() - BLOCK_START BlockType=TRIGGER Entity=[entityName=UNKNOWN ENTITY [cardType=INVALID] id=43 zone=DECK zonePos=0 cardId= player=2] EffectCardId=System.Collections.Generic.List`1[System.String] EffectIndex=1 Target=0 SubOption=-1 TriggerKeyword=1724
D 21:43:57.3981367 PowerTaskList.DebugPrintPower() -     FULL_ENTITY - Updating [entityName=UNKNOWN ENTITY [cardType=INVALID] id=103 zone=SETASIDE zonePos=0 cardId= player=2] CardID=
D 21:43:57.3981367 PowerTaskList.DebugPrintPower() -         tag=ZONE value=SETASIDE
D 21:43:57.3981367 PowerTaskList.DebugPrintPower() -         tag=CONTROLLER value=2
D 21:43:57.3981367 PowerTaskList.DebugPrintPower() -         tag=ENTITY_ID value=103
D 21:43:57.3981367 PowerTaskList.DebugPrintPower() -     SHOW_ENTITY - Updating Entity=[entityName=UNKNOWN ENTITY [cardType=INVALID] id=103 zone=SETASIDE zonePos=0 cardId= player=2] CardID=VAC_422e
D 21:43:57.3981367 PowerTaskList.DebugPrintPower() -         tag=CONTROLLER value=2
D 21:43:57.3981367 PowerTaskList.DebugPrintPower() -         tag=CARDTYPE value=ENCHANTMENT
D 21:43:57.3981367 PowerTaskList.DebugPrintPower() -         tag=ATTACHED value=3
D 21:43:57.3981367 PowerTaskList.DebugPrintPower() -         tag=ZONE value=SETASIDE
D 21:43:57.3981367 PowerTaskList.DebugPrintPower() -         tag=ENTITY_ID value=103
D 21:43:57.3981367 PowerTaskList.DebugPrintPower() -         tag=CLASS value=NEUTRAL
D 21:43:57.3981367 PowerTaskList.DebugPrintPower() -         tag=CREATOR value=43
D 21:43:57.3981367 PowerTaskList.DebugPrintPower() -         tag=1037 value=2
D 21:43:57.3981367 PowerTaskList.DebugPrintPower() -         tag=1068 value=0
D 21:43:57.3981367 PowerTaskList.DebugPrintPower() -         tag=CREATOR_DBID value=105893
D 21:43:57.3981367 PowerTaskList.DebugPrintPower() -         tag=SPAWN_TIME_COUNT value=1
D 21:43:57.3981367 PowerTaskList.DebugPrintPower() -         tag=4901 value=0
D 21:43:57.3981367 PowerTaskList.DebugPrintPower() -     TAG_CHANGE Entity=[entityName=UNKNOWN ENTITY [cardType=INVALID] id=103 zone=SETASIDE zonePos=0 cardId= player=2] tag=1068 value=1 
D 21:43:57.3981367 PowerTaskList.DebugPrintPower() -     TAG_CHANGE Entity=[entityName=UNKNOWN ENTITY [cardType=INVALID] id=103 zone=SETASIDE zonePos=0 cardId= player=2] tag=1068 value=0 
D 21:43:57.3981367 PowerTaskList.DebugPrintPower() -     TAG_CHANGE Entity=[entityName=UNKNOWN ENTITY [cardType=INVALID] id=103 zone=SETASIDE zonePos=0 cardId= player=2] tag=ZONE value=PLAY 
D 21:43:57.3981367 PowerTaskList.DebugPrintPower() -     TAG_CHANGE Entity=湫然#51704 tag=4741 value=1 
D 21:43:57.3981367 PowerTaskList.DebugPrintPower() -     TAG_CHANGE Entity=湫然#51704 tag=LAST_AFFECTED_BY value=43 
D 21:43:57.3981367 PowerTaskList.DebugPrintPower() -     TAG_CHANGE Entity=[entityName=UNKNOWN ENTITY [cardType=INVALID] id=103 zone=SETASIDE zonePos=0 cardId= player=2] tag=TAG_SCRIPT_DATA_NUM_1 value=105893 
D 21:43:57.3981367 PowerTaskList.DebugPrintPower() -     TAG_CHANGE Entity=[entityName=UNKNOWN ENTITY [cardType=INVALID] id=103 zone=SETASIDE zonePos=0 cardId= player=2] tag=TAG_SCRIPT_DATA_NUM_2 value=4 
D 21:43:57.3981367 PowerTaskList.DebugPrintPower() - BLOCK_END
D 21:43:57.3981367 PowerProcessor.PrepareHistoryForCurrentTaskList() - m_currentTaskList=21
D 21:43:57.4182671 PowerProcessor.EndCurrentTaskList() - m_currentTaskList=21
D 21:43:57.4237939 PowerTaskList.DebugDump() - ID=22 ParentID=0 PreviousID=0 TaskCount=2
D 21:43:57.4237939 PowerTaskList.DebugPrintPower() - BLOCK_START BlockType=TRIGGER Entity=[entityName=UNKNOWN ENTITY [cardType=INVALID] id=89 zone=DECK zonePos=0 cardId= player=1] EffectCardId=System.Collections.Generic.List`1[System.String] EffectIndex=1 Target=0 SubOption=-1 TriggerKeyword=1724
D 21:43:57.4237939 PowerTaskList.DebugPrintPower() -     TAG_CHANGE Entity=[entityName=游客额外效果 id=102 zone=PLAY zonePos=0 cardId=VAC_422e player=1] tag=TAG_SCRIPT_DATA_NUM_1 value=105893 
D 21:43:57.4237939 PowerTaskList.DebugPrintPower() -     TAG_CHANGE Entity=[entityName=游客额外效果 id=102 zone=PLAY zonePos=0 cardId=VAC_422e player=1] tag=TAG_SCRIPT_DATA_NUM_2 value=4 
D 21:43:57.4237939 PowerTaskList.DebugPrintPower() - BLOCK_END
D 21:43:57.4237939 PowerProcessor.PrepareHistoryForCurrentTaskList() - m_currentTaskList=22
D 21:43:57.4237939 PowerProcessor.EndCurrentTaskList() - m_currentTaskList=22
D 21:43:57.4237939 PowerTaskList.DebugDump() - ID=23 ParentID=0 PreviousID=0 TaskCount=0
D 21:43:57.4237939 PowerTaskList.DebugPrintPower() - BLOCK_START BlockType=TRIGGER Entity=GameEntity EffectCardId=System.Collections.Generic.List`1[System.String] EffectIndex=4 Target=0 SubOption=-1 TriggerKeyword=TAG_NOT_SET
D 21:43:57.4237939 PowerTaskList.DebugPrintPower() - BLOCK_END
D 21:43:57.4237939 PowerProcessor.PrepareHistoryForCurrentTaskList() - m_currentTaskList=23
D 21:43:57.4237939 PowerProcessor.EndCurrentTaskList() - m_currentTaskList=23
D 21:43:57.4237939 PowerTaskList.DebugDump() - ID=24 ParentID=0 PreviousID=0 TaskCount=1
D 21:43:57.4237939 PowerTaskList.DebugDump() - Block Start=(null)
D 21:43:57.4237939 PowerTaskList.DebugPrintPower() -     TAG_CHANGE Entity=GameEntity tag=STEP value=MAIN_READY 
D 21:43:57.4237939 PowerTaskList.DebugDump() - Block End=(null)
D 21:43:57.4237939 PowerProcessor.PrepareHistoryForCurrentTaskList() - m_currentTaskList=24
D 21:43:57.4237939 PowerProcessor.EndCurrentTaskList() - m_currentTaskList=24
D 21:43:57.4237939 PowerTaskList.DebugDump() - ID=25 ParentID=24 PreviousID=0 TaskCount=10
D 21:43:57.4237939 PowerTaskList.DebugPrintPower() - BLOCK_START BlockType=TRIGGER Entity=湫然#51704 EffectCardId=System.Collections.Generic.List`1[System.String] EffectIndex=-1 Target=0 SubOption=-1 TriggerKeyword=TAG_NOT_SET
D 21:43:57.4237939 PowerTaskList.DebugPrintPower() -     TAG_CHANGE Entity=GameEntity tag=NUM_TURNS_IN_PLAY value=1 
D 21:43:57.4237939 PowerTaskList.DebugPrintPower() -     TAG_CHANGE Entity=Rose#55519 tag=NUM_TURNS_IN_PLAY value=1 
D 21:43:57.4237939 PowerTaskList.DebugPrintPower() -     TAG_CHANGE Entity=湫然#51704 tag=NUM_TURNS_IN_PLAY value=1 
D 21:43:57.4237939 PowerTaskList.DebugPrintPower() -     TAG_CHANGE Entity=[entityName=安度因·乌瑞恩 id=67 zone=PLAY zonePos=0 cardId=HERO_09 player=1] tag=NUM_TURNS_IN_PLAY value=1 
D 21:43:57.4237939 PowerTaskList.DebugPrintPower() -     TAG_CHANGE Entity=[entityName=次级治疗术 id=68 zone=PLAY zonePos=0 cardId=HERO_09bp player=1] tag=NUM_TURNS_IN_PLAY value=1 
D 21:43:57.4237939 PowerTaskList.DebugPrintPower() -     TAG_CHANGE Entity=[entityName=嘲风望月露娜拉 id=69 zone=PLAY zonePos=0 cardId=HERO_06bi player=2] tag=NUM_TURNS_IN_PLAY value=1 
D 21:43:57.4237939 PowerTaskList.DebugPrintPower() -     TAG_CHANGE Entity=[entityName=变形 id=70 zone=PLAY zonePos=0 cardId=HERO_06ebp player=2] tag=NUM_TURNS_IN_PLAY value=1 
D 21:43:57.4237939 PowerTaskList.DebugPrintPower() -     TAG_CHANGE Entity=湫然#51704 tag=RESOURCES value=1 
D 21:43:57.4237939 PowerTaskList.DebugPrintPower() -     TAG_CHANGE Entity=GameEntity tag=NEXT_STEP value=MAIN_START_TRIGGERS 
D 21:43:57.4237939 PowerTaskList.DebugPrintPower() -     TAG_CHANGE Entity=Rose#55519 tag=1575 value=0 
D 21:43:57.4237939 PowerTaskList.DebugPrintPower() - BLOCK_END
D 21:43:57.4237939 PowerProcessor.PrepareHistoryForCurrentTaskList() - m_currentTaskList=25
D 21:43:57.4237939 PowerProcessor.EndCurrentTaskList() - m_currentTaskList=25
D 21:43:57.4237939 PowerTaskList.DebugDump() - ID=26 ParentID=0 PreviousID=0 TaskCount=1
D 21:43:57.4237939 PowerTaskList.DebugDump() - Block Start=(null)
D 21:43:57.4237939 PowerTaskList.DebugPrintPower() -     TAG_CHANGE Entity=GameEntity tag=STEP value=MAIN_START_TRIGGERS 
D 21:43:57.4237939 PowerTaskList.DebugDump() - Block End=(null)
D 21:43:57.4237939 PowerProcessor.PrepareHistoryForCurrentTaskList() - m_currentTaskList=26
D 21:43:57.4237939 PowerProcessor.EndCurrentTaskList() - m_currentTaskList=26
D 21:43:57.4237939 PowerTaskList.DebugDump() - ID=27 ParentID=0 PreviousID=0 TaskCount=1
D 21:43:57.4237939 PowerTaskList.DebugPrintPower() - BLOCK_START BlockType=TRIGGER Entity=湫然#51704 EffectCardId=System.Collections.Generic.List`1[System.String] EffectIndex=-1 Target=0 SubOption=-1 TriggerKeyword=TAG_NOT_SET
D 21:43:57.4237939 PowerTaskList.DebugPrintPower() -     TAG_CHANGE Entity=GameEntity tag=NEXT_STEP value=MAIN_START 
D 21:43:57.4237939 PowerTaskList.DebugPrintPower() - BLOCK_END
D 21:43:57.4237939 PowerProcessor.PrepareHistoryForCurrentTaskList() - m_currentTaskList=27
D 21:43:57.4237939 PowerProcessor.EndCurrentTaskList() - m_currentTaskList=27
D 21:43:57.4237939 PowerTaskList.DebugDump() - ID=28 ParentID=0 PreviousID=0 TaskCount=1
D 21:43:57.4237939 PowerTaskList.DebugDump() - Block Start=(null)
D 21:43:57.4237939 PowerTaskList.DebugPrintPower() -     TAG_CHANGE Entity=GameEntity tag=STEP value=MAIN_START 
D 21:43:57.4237939 PowerTaskList.DebugDump() - Block End=(null)
D 21:43:57.4237939 PowerProcessor.PrepareHistoryForCurrentTaskList() - m_currentTaskList=28
D 21:43:57.4237939 PowerProcessor.EndCurrentTaskList() - m_currentTaskList=28
D 21:43:57.4237939 PowerTaskList.DebugDump() - ID=29 ParentID=0 PreviousID=0 TaskCount=13
D 21:43:57.4237939 PowerTaskList.DebugPrintPower() - BLOCK_START BlockType=TRIGGER Entity=湫然#51704 EffectCardId=System.Collections.Generic.List`1[System.String] EffectIndex=-1 Target=0 SubOption=-1 TriggerKeyword=TAG_NOT_SET
D 21:43:57.4237939 PowerTaskList.DebugPrintPower() -     TAG_CHANGE Entity=湫然#51704 tag=2166 value=57 
D 21:43:57.4237939 PowerTaskList.DebugPrintPower() -     TAG_CHANGE Entity=湫然#51704 tag=467 value=1 
D 21:43:57.4237939 PowerTaskList.DebugPrintPower() -     SHOW_ENTITY - Updating Entity=[entityName=UNKNOWN ENTITY [cardType=INVALID] id=57 zone=DECK zonePos=0 cardId= player=2] CardID=SC_755
D 21:43:57.4237939 PowerTaskList.DebugPrintPower() -         tag=CONTROLLER value=2
D 21:43:57.4237939 PowerTaskList.DebugPrintPower() -         tag=CARDTYPE value=SPELL
D 21:43:57.4237939 PowerTaskList.DebugPrintPower() -         tag=ZONE value=HAND
D 21:43:57.4237939 PowerTaskList.DebugPrintPower() -         tag=ENTITY_ID value=57
D 21:43:57.4237939 PowerTaskList.DebugPrintPower() -         tag=CLASS value=DRUID
D 21:43:57.4237939 PowerTaskList.DebugPrintPower() -         tag=RARITY value=COMMON
D 21:43:57.4237939 PowerTaskList.DebugPrintPower() -         tag=478 value=2
D 21:43:57.4237939 PowerTaskList.DebugPrintPower() -         tag=1037 value=2
D 21:43:57.4237939 PowerTaskList.DebugPrintPower() -         tag=1043 value=1
D 21:43:57.4237939 PowerTaskList.DebugPrintPower() -         tag=1068 value=0
D 21:43:57.4237939 PowerTaskList.DebugPrintPower() -         tag=SPAWN_TIME_COUNT value=1
D 21:43:57.4237939 PowerTaskList.DebugPrintPower() -         tag=1724 value=1
D 21:43:57.4237939 PowerTaskList.DebugPrintPower() -         tag=MINI_SET value=1
D 21:43:57.4237939 PowerTaskList.DebugPrintPower() -         tag=PROTOSS value=1
D 21:43:57.4237939 PowerTaskList.DebugPrintPower() -     TAG_CHANGE Entity=[entityName=UNKNOWN ENTITY [cardType=INVALID] id=57 zone=DECK zonePos=0 cardId= player=2] tag=NUM_TURNS_IN_HAND value=1 
D 21:43:57.4237939 PowerTaskList.DebugPrintPower() -     TAG_CHANGE Entity=[entityName=UNKNOWN ENTITY [cardType=INVALID] id=57 zone=DECK zonePos=0 cardId= player=2] tag=ZONE_POSITION value=4 
D 21:43:57.4237939 PowerTaskList.DebugPrintPower() -     TAG_CHANGE Entity=[entityName=UNKNOWN ENTITY [cardType=INVALID] id=57 zone=DECK zonePos=0 cardId= player=2] tag=ZONE_POSITION value=0 
D 21:43:57.4237939 PowerTaskList.DebugPrintPower() -     TAG_CHANGE Entity=[entityName=UNKNOWN ENTITY [cardType=INVALID] id=57 zone=DECK zonePos=0 cardId= player=2] tag=ZONE_POSITION value=4 
D 21:43:57.4237939 PowerTaskList.DebugPrintPower() -     TAG_CHANGE Entity=湫然#51704 tag=3242 value=1 
D 21:43:57.4237939 PowerTaskList.DebugPrintPower() -     TAG_CHANGE Entity=湫然#51704 tag=NUM_CARDS_DRAWN_THIS_TURN value=1 
D 21:43:57.4237939 PowerTaskList.DebugPrintPower() -     TAG_CHANGE Entity=湫然#51704 tag=995 value=1 
D 21:43:57.4237939 PowerTaskList.DebugPrintPower() -     TAG_CHANGE Entity=[entityName=UNKNOWN ENTITY [cardType=INVALID] id=57 zone=DECK zonePos=0 cardId= player=2] tag=1570 value=1 
D 21:43:57.4237939 PowerTaskList.DebugPrintPower() -     TAG_CHANGE Entity=湫然#51704 tag=467 value=0 
D 21:43:57.4237939 PowerTaskList.DebugPrintPower() -     TAG_CHANGE Entity=GameEntity tag=NEXT_STEP value=MAIN_ACTION 
D 21:43:57.4237939 PowerTaskList.DebugPrintPower() - BLOCK_END
D 21:43:57.4237939 PowerProcessor.PrepareHistoryForCurrentTaskList() - m_currentTaskList=29
D 21:43:57.9986721 PowerProcessor.EndCurrentTaskList() - m_currentTaskList=29
D 21:43:58.0057051 PowerTaskList.DebugDump() - ID=30 ParentID=0 PreviousID=0 TaskCount=1
D 21:43:58.0057051 PowerTaskList.DebugDump() - Block Start=(null)
D 21:43:58.0057051 PowerTaskList.DebugPrintPower() -     TAG_CHANGE Entity=GameEntity tag=STEP value=MAIN_ACTION 
D 21:43:58.0057051 PowerTaskList.DebugDump() - Block End=(null)
D 21:43:58.0057051 PowerProcessor.PrepareHistoryForCurrentTaskList() - m_currentTaskList=30
D 21:43:58.0057051 PowerProcessor.EndCurrentTaskList() - m_currentTaskList=30
D 21:43:58.0057051 PowerTaskList.DebugDump() - ID=31 ParentID=0 PreviousID=0 TaskCount=1
D 21:43:58.0057051 PowerTaskList.DebugPrintPower() - BLOCK_START BlockType=TRIGGER Entity=湫然#51704 EffectCardId=System.Collections.Generic.List`1[System.String] EffectIndex=-1 Target=0 SubOption=-1 TriggerKeyword=TAG_NOT_SET
D 21:43:58.0057051 PowerTaskList.DebugPrintPower() -     TAG_CHANGE Entity=GameEntity tag=NEXT_STEP value=MAIN_END 
D 21:43:58.0057051 PowerTaskList.DebugPrintPower() - BLOCK_END
D 21:43:58.0057051 PowerProcessor.PrepareHistoryForCurrentTaskList() - m_currentTaskList=31
D 21:43:58.0057051 PowerProcessor.EndCurrentTaskList() - m_currentTaskList=31
D 21:44:06.7386097 GameState.SendOption() - selectedOption=0 selectedSubOption=-1 selectedTarget=0 selectedPosition=0
D 21:44:07.5658955 GameState.DebugPrintPowerList() - Count=67
D 21:44:07.5658955 GameState.DebugPrintPower() - TAG_CHANGE Entity=GameEntity tag=STEP value=MAIN_END 
D 21:44:07.5658955 GameState.DebugPrintPower() - BLOCK_START BlockType=TRIGGER Entity=Rose#55519 EffectCardId=System.Collections.Generic.List`1[System.String] EffectIndex=-1 Target=0 SubOption=-1 TriggerKeyword=TAG_NOT_SET
D 21:44:07.5658955 GameState.DebugPrintPower() - BLOCK_END
D 21:44:07.5658955 GameState.DebugPrintPower() - BLOCK_START BlockType=TRIGGER Entity=湫然#51704 EffectCardId=System.Collections.Generic.List`1[System.String] EffectIndex=-1 Target=0 SubOption=-1 TriggerKeyword=TAG_NOT_SET
D 21:44:07.5658955 GameState.DebugPrintPower() -     TAG_CHANGE Entity=GameEntity tag=NEXT_STEP value=MAIN_CLEANUP 
D 21:44:07.5658955 GameState.DebugPrintPower() - BLOCK_END
D 21:44:07.5658955 GameState.DebugPrintPower() - BLOCK_START BlockType=TRIGGER Entity=湫然#51704 EffectCardId=System.Collections.Generic.List`1[System.String] EffectIndex=-1 Target=0 SubOption=-1 TriggerKeyword=TAG_NOT_SET
D 21:44:07.5658955 GameState.DebugPrintPower() - BLOCK_END
D 21:44:07.5658955 GameState.DebugPrintPower() - TAG_CHANGE Entity=GameEntity tag=STEP value=MAIN_CLEANUP 
D 21:44:07.5658955 GameState.DebugPrintPower() - BLOCK_START BlockType=TRIGGER Entity=Rose#55519 EffectCardId=System.Collections.Generic.List`1[System.String] EffectIndex=-1 Target=0 SubOption=-1 TriggerKeyword=TAG_NOT_SET
D 21:44:07.5658955 GameState.DebugPrintPower() - BLOCK_END
D 21:44:07.5658955 GameState.DebugPrintPower() - BLOCK_START BlockType=TRIGGER Entity=湫然#51704 EffectCardId=System.Collections.Generic.List`1[System.String] EffectIndex=-1 Target=0 SubOption=-1 TriggerKeyword=TAG_NOT_SET
D 21:44:07.5658955 GameState.DebugPrintPower() -     TAG_CHANGE Entity=湫然#51704 tag=1854 value=1 
D 21:44:07.5658955 GameState.DebugPrintPower() -     TAG_CHANGE Entity=GameEntity tag=NEXT_STEP value=MAIN_NEXT 
D 21:44:07.5658955 GameState.DebugPrintPower() - BLOCK_END
D 21:44:07.5658955 GameState.DebugPrintPower() - TAG_CHANGE Entity=GameEntity tag=STEP value=MAIN_NEXT 
D 21:44:07.5658955 GameState.DebugPrintPower() - BLOCK_START BlockType=TRIGGER Entity=GameEntity EffectCardId=System.Collections.Generic.List`1[System.String] EffectIndex=-1 Target=0 SubOption=-1 TriggerKeyword=TAG_NOT_SET
D 21:44:07.5658955 GameState.DebugPrintPower() -     TAG_CHANGE Entity=湫然#51704 tag=1292 value=1 
D 21:44:07.5658955 GameState.DebugPrintPower() -     TAG_CHANGE Entity=湫然#51704 tag=1292 value=0 
D 21:44:07.5658955 GameState.DebugPrintPower() -     TAG_CHANGE Entity=Rose#55519 tag=1292 value=1 
D 21:44:07.5658955 GameState.DebugPrintPower() -     TAG_CHANGE Entity=湫然#51704 tag=TIMEOUT value=55 
D 21:44:07.5658955 GameState.DebugPrintPower() -     TAG_CHANGE Entity=[entityName=月光射线 id=38 zone=HAND zonePos=1 cardId=TID_001 player=2] tag=NUM_TURNS_IN_HAND value=2 
D 21:44:07.5658955 GameState.DebugPrintPower() -     TAG_CHANGE Entity=[entityName=生命缚誓者的礼物 id=64 zone=HAND zonePos=2 cardId=TTN_955 player=2] tag=NUM_TURNS_IN_HAND value=2 
D 21:44:07.5658955 GameState.DebugPrintPower() -     TAG_CHANGE Entity=[entityName=生物计划 id=62 zone=HAND zonePos=3 cardId=BOT_054 player=2] tag=NUM_TURNS_IN_HAND value=2 
D 21:44:07.5658955 GameState.DebugPrintPower() -     TAG_CHANGE Entity=[entityName=建造水晶塔 id=57 zone=HAND zonePos=4 cardId=SC_755 player=2] tag=NUM_TURNS_IN_HAND value=2 
D 21:44:07.5658955 GameState.DebugPrintPower() -     TAG_CHANGE Entity=湫然#51704 tag=CURRENT_PLAYER value=0 
D 21:44:07.5658955 GameState.DebugPrintPower() -     TAG_CHANGE Entity=Rose#55519 tag=CURRENT_PLAYER value=1 
D 21:44:07.5658955 GameState.DebugPrintPower() -     TAG_CHANGE Entity=GameEntity tag=TURN value=2 
D 21:44:07.5658955 GameState.DebugPrintPower() -     TAG_CHANGE Entity=GameEntity tag=1882 value=1 
D 21:44:07.5658955 GameState.DebugPrintPower() -     TAG_CHANGE Entity=Rose#55519 tag=TURN value=1 
D 21:44:07.5658955 GameState.DebugPrintPower() -     TAG_CHANGE Entity=GameEntity tag=NEXT_STEP value=MAIN_READY 
D 21:44:07.5658955 GameState.DebugPrintPower() - BLOCK_END
D 21:44:07.5658955 GameState.DebugPrintPower() - TAG_CHANGE Entity=GameEntity tag=STEP value=MAIN_READY 
D 21:44:07.5658955 GameState.DebugPrintPower() - BLOCK_START BlockType=TRIGGER Entity=Rose#55519 EffectCardId=System.Collections.Generic.List`1[System.String] EffectIndex=-1 Target=0 SubOption=-1 TriggerKeyword=TAG_NOT_SET
D 21:44:07.5658955 GameState.DebugPrintPower() -     TAG_CHANGE Entity=GameEntity tag=NUM_TURNS_IN_PLAY value=2 
D 21:44:07.5658955 GameState.DebugPrintPower() -     TAG_CHANGE Entity=Rose#55519 tag=NUM_TURNS_IN_PLAY value=2 
D 21:44:07.5658955 GameState.DebugPrintPower() -     TAG_CHANGE Entity=湫然#51704 tag=NUM_TURNS_IN_PLAY value=2 
D 21:44:07.5658955 GameState.DebugPrintPower() -     TAG_CHANGE Entity=[entityName=安度因·乌瑞恩 id=67 zone=PLAY zonePos=0 cardId=HERO_09 player=1] tag=NUM_TURNS_IN_PLAY value=2 
D 21:44:07.5658955 GameState.DebugPrintPower() -     TAG_CHANGE Entity=[entityName=次级治疗术 id=68 zone=PLAY zonePos=0 cardId=HERO_09bp player=1] tag=NUM_TURNS_IN_PLAY value=2 
D 21:44:07.5658955 GameState.DebugPrintPower() -     TAG_CHANGE Entity=[entityName=嘲风望月露娜拉 id=69 zone=PLAY zonePos=0 cardId=HERO_06bi player=2] tag=NUM_TURNS_IN_PLAY value=2 
D 21:44:07.5658955 GameState.DebugPrintPower() -     TAG_CHANGE Entity=[entityName=变形 id=70 zone=PLAY zonePos=0 cardId=HERO_06ebp player=2] tag=NUM_TURNS_IN_PLAY value=2 
D 21:44:07.5658955 GameState.DebugPrintPower() -     TAG_CHANGE Entity=Rose#55519 tag=RESOURCES value=1 
D 21:44:07.5658955 GameState.DebugPrintPower() -     TAG_CHANGE Entity=湫然#51704 tag=NUM_CARDS_DRAWN_THIS_TURN value=0 
D 21:44:07.5658955 GameState.DebugPrintPower() -     TAG_CHANGE Entity=GameEntity tag=NEXT_STEP value=MAIN_START_TRIGGERS 
D 21:44:07.5658955 GameState.DebugPrintPower() - BLOCK_END
D 21:44:07.5658955 GameState.DebugPrintPower() - TAG_CHANGE Entity=GameEntity tag=STEP value=MAIN_START_TRIGGERS 
D 21:44:07.5658955 GameState.DebugPrintPower() - BLOCK_START BlockType=TRIGGER Entity=Rose#55519 EffectCardId=System.Collections.Generic.List`1[System.String] EffectIndex=-1 Target=0 SubOption=-1 TriggerKeyword=TAG_NOT_SET
D 21:44:07.5658955 GameState.DebugPrintPower() -     TAG_CHANGE Entity=GameEntity tag=NEXT_STEP value=MAIN_START 
D 21:44:07.5658955 GameState.DebugPrintPower() - BLOCK_END
D 21:44:07.5658955 GameState.DebugPrintPower() - TAG_CHANGE Entity=GameEntity tag=STEP value=MAIN_START 
D 21:44:07.5658955 GameState.DebugPrintPower() - BLOCK_START BlockType=TRIGGER Entity=Rose#55519 EffectCardId=System.Collections.Generic.List`1[System.String] EffectIndex=-1 Target=0 SubOption=-1 TriggerKeyword=TAG_NOT_SET
D 21:44:07.5658955 GameState.DebugPrintPower() -     TAG_CHANGE Entity=Rose#55519 tag=2166 value=8 
D 21:44:07.5658955 GameState.DebugPrintPower() -     TAG_CHANGE Entity=Rose#55519 tag=467 value=1 
D 21:44:07.5658955 GameState.DebugPrintPower() -     TAG_CHANGE Entity=[entityName=UNKNOWN ENTITY [cardType=INVALID] id=8 zone=DECK zonePos=0 cardId= player=1] tag=ZONE value=HAND 
D 21:44:07.5658955 GameState.DebugPrintPower() -     TAG_CHANGE Entity=[entityName=UNKNOWN ENTITY [cardType=INVALID] id=8 zone=DECK zonePos=0 cardId= player=1] tag=ZONE_POSITION value=6 
D 21:44:07.5658955 GameState.DebugPrintPower() -     TAG_CHANGE Entity=[entityName=UNKNOWN ENTITY [cardType=INVALID] id=8 zone=DECK zonePos=0 cardId= player=1] tag=ZONE_POSITION value=0 
D 21:44:07.5658955 GameState.DebugPrintPower() -     TAG_CHANGE Entity=[entityName=UNKNOWN ENTITY [cardType=INVALID] id=8 zone=DECK zonePos=0 cardId= player=1] tag=ZONE_POSITION value=6 
D 21:44:07.5658955 GameState.DebugPrintPower() -     TAG_CHANGE Entity=Rose#55519 tag=3242 value=1 
D 21:44:07.5658955 GameState.DebugPrintPower() -     TAG_CHANGE Entity=Rose#55519 tag=NUM_CARDS_DRAWN_THIS_TURN value=1 
D 21:44:07.5658955 GameState.DebugPrintPower() -     TAG_CHANGE Entity=Rose#55519 tag=995 value=1 
D 21:44:07.5658955 GameState.DebugPrintPower() -     TAG_CHANGE Entity=Rose#55519 tag=467 value=0 
D 21:44:07.5658955 GameState.DebugPrintPower() -     TAG_CHANGE Entity=GameEntity tag=NEXT_STEP value=MAIN_ACTION 
D 21:44:07.5658955 GameState.DebugPrintPower() - BLOCK_END
D 21:44:07.5658955 GameState.DebugPrintPower() - TAG_CHANGE Entity=GameEntity tag=STEP value=MAIN_ACTION 
D 21:44:07.5658955 GameState.DebugPrintPower() - BLOCK_START BlockType=TRIGGER Entity=Rose#55519 EffectCardId=System.Collections.Generic.List`1[System.String] EffectIndex=-1 Target=0 SubOption=-1 TriggerKeyword=TAG_NOT_SET
D 21:44:07.5658955 GameState.DebugPrintPower() -     TAG_CHANGE Entity=GameEntity tag=NEXT_STEP value=MAIN_END 
D 21:44:07.5658955 GameState.DebugPrintPower() - BLOCK_END
D 21:44:07.5658955 PowerTaskList.DebugDump() - ID=32 ParentID=0 PreviousID=0 TaskCount=1
D 21:44:07.5658955 PowerTaskList.DebugDump() - Block Start=(null)
D 21:44:07.5658955 PowerTaskList.DebugPrintPower() -     TAG_CHANGE Entity=GameEntity tag=STEP value=MAIN_END 
D 21:44:07.5658955 PowerTaskList.DebugDump() - Block End=(null)
D 21:44:07.5658955 PowerProcessor.PrepareHistoryForCurrentTaskList() - m_currentTaskList=32
D 21:44:07.5658955 PowerProcessor.EndCurrentTaskList() - m_currentTaskList=32
D 21:44:07.5658955 PowerTaskList.DebugDump() - ID=33 ParentID=32 PreviousID=0 TaskCount=0
D 21:44:07.5658955 PowerTaskList.DebugPrintPower() - BLOCK_START BlockType=TRIGGER Entity=Rose#55519 EffectCardId=System.Collections.Generic.List`1[System.String] EffectIndex=-1 Target=0 SubOption=-1 TriggerKeyword=TAG_NOT_SET
D 21:44:07.5658955 PowerTaskList.DebugPrintPower() - BLOCK_END
D 21:44:07.5658955 PowerProcessor.PrepareHistoryForCurrentTaskList() - m_currentTaskList=33
D 21:44:07.5658955 PowerProcessor.EndCurrentTaskList() - m_currentTaskList=33
D 21:44:07.5658955 PowerTaskList.DebugDump() - ID=34 ParentID=0 PreviousID=0 TaskCount=1
D 21:44:07.5658955 PowerTaskList.DebugPrintPower() - BLOCK_START BlockType=TRIGGER Entity=湫然#51704 EffectCardId=System.Collections.Generic.List`1[System.String] EffectIndex=-1 Target=0 SubOption=-1 TriggerKeyword=TAG_NOT_SET
D 21:44:07.5658955 PowerTaskList.DebugPrintPower() -     TAG_CHANGE Entity=GameEntity tag=NEXT_STEP value=MAIN_CLEANUP 
D 21:44:07.5658955 PowerTaskList.DebugPrintPower() - BLOCK_END
D 21:44:07.5658955 PowerProcessor.PrepareHistoryForCurrentTaskList() - m_currentTaskList=34
D 21:44:07.5658955 PowerProcessor.EndCurrentTaskList() - m_currentTaskList=34
D 21:44:07.5658955 PowerTaskList.DebugDump() - ID=35 ParentID=0 PreviousID=0 TaskCount=0
D 21:44:07.5658955 PowerTaskList.DebugPrintPower() - BLOCK_START BlockType=TRIGGER Entity=湫然#51704 EffectCardId=System.Collections.Generic.List`1[System.String] EffectIndex=-1 Target=0 SubOption=-1 TriggerKeyword=TAG_NOT_SET
D 21:44:07.5658955 PowerTaskList.DebugPrintPower() - BLOCK_END
D 21:44:07.5658955 PowerProcessor.PrepareHistoryForCurrentTaskList() - m_currentTaskList=35
D 21:44:07.5658955 PowerProcessor.EndCurrentTaskList() - m_currentTaskList=35
D 21:44:07.5658955 PowerTaskList.DebugDump() - ID=36 ParentID=0 PreviousID=0 TaskCount=1
D 21:44:07.5658955 PowerTaskList.DebugDump() - Block Start=(null)
D 21:44:07.5658955 PowerTaskList.DebugPrintPower() -     TAG_CHANGE Entity=GameEntity tag=STEP value=MAIN_CLEANUP 
D 21:44:07.5658955 PowerTaskList.DebugDump() - Block End=(null)
D 21:44:07.5658955 PowerProcessor.PrepareHistoryForCurrentTaskList() - m_currentTaskList=36
D 21:44:07.5658955 PowerProcessor.EndCurrentTaskList() - m_currentTaskList=36
D 21:44:07.5658955 PowerTaskList.DebugDump() - ID=37 ParentID=0 PreviousID=0 TaskCount=0
D 21:44:07.5658955 PowerTaskList.DebugPrintPower() - BLOCK_START BlockType=TRIGGER Entity=Rose#55519 EffectCardId=System.Collections.Generic.List`1[System.String] EffectIndex=-1 Target=0 SubOption=-1 TriggerKeyword=TAG_NOT_SET
D 21:44:07.5658955 PowerTaskList.DebugPrintPower() - BLOCK_END
D 21:44:07.5658955 PowerProcessor.PrepareHistoryForCurrentTaskList() - m_currentTaskList=37
D 21:44:07.5658955 PowerProcessor.EndCurrentTaskList() - m_currentTaskList=37
D 21:44:07.5658955 PowerTaskList.DebugDump() - ID=38 ParentID=0 PreviousID=0 TaskCount=2
D 21:44:07.5658955 PowerTaskList.DebugPrintPower() - BLOCK_START BlockType=TRIGGER Entity=湫然#51704 EffectCardId=System.Collections.Generic.List`1[System.String] EffectIndex=-1 Target=0 SubOption=-1 TriggerKeyword=TAG_NOT_SET
D 21:44:07.5658955 PowerTaskList.DebugPrintPower() -     TAG_CHANGE Entity=湫然#51704 tag=1854 value=1 
D 21:44:07.5658955 PowerTaskList.DebugPrintPower() -     TAG_CHANGE Entity=GameEntity tag=NEXT_STEP value=MAIN_NEXT 
D 21:44:07.5658955 PowerTaskList.DebugPrintPower() - BLOCK_END
D 21:44:07.5658955 PowerProcessor.PrepareHistoryForCurrentTaskList() - m_currentTaskList=38
D 21:44:07.5658955 PowerProcessor.EndCurrentTaskList() - m_currentTaskList=38
D 21:44:07.5658955 PowerTaskList.DebugDump() - ID=39 ParentID=0 PreviousID=0 TaskCount=1
D 21:44:07.5658955 PowerTaskList.DebugDump() - Block Start=(null)
D 21:44:07.5658955 PowerTaskList.DebugPrintPower() -     TAG_CHANGE Entity=GameEntity tag=STEP value=MAIN_NEXT 
D 21:44:07.5658955 PowerTaskList.DebugDump() - Block End=(null)
D 21:44:07.5658955 PowerProcessor.PrepareHistoryForCurrentTaskList() - m_currentTaskList=39
D 21:44:07.5658955 PowerProcessor.EndCurrentTaskList() - m_currentTaskList=39
D 21:44:07.5658955 PowerTaskList.DebugDump() - ID=40 ParentID=0 PreviousID=0 TaskCount=14
D 21:44:07.5658955 PowerTaskList.DebugPrintPower() - BLOCK_START BlockType=TRIGGER Entity=GameEntity EffectCardId=System.Collections.Generic.List`1[System.String] EffectIndex=-1 Target=0 SubOption=-1 TriggerKeyword=TAG_NOT_SET
D 21:44:07.5658955 PowerTaskList.DebugPrintPower() -     TAG_CHANGE Entity=湫然#51704 tag=1292 value=1 
D 21:44:07.5658955 PowerTaskList.DebugPrintPower() -     TAG_CHANGE Entity=湫然#51704 tag=1292 value=0 
D 21:44:07.5658955 PowerTaskList.DebugPrintPower() -     TAG_CHANGE Entity=Rose#55519 tag=1292 value=1 
D 21:44:07.5658955 PowerTaskList.DebugPrintPower() -     TAG_CHANGE Entity=湫然#51704 tag=TIMEOUT value=55 
D 21:44:07.5658955 PowerTaskList.DebugPrintPower() -     TAG_CHANGE Entity=[entityName=月光射线 id=38 zone=HAND zonePos=1 cardId=TID_001 player=2] tag=NUM_TURNS_IN_HAND value=2 
D 21:44:07.5658955 PowerTaskList.DebugPrintPower() -     TAG_CHANGE Entity=[entityName=生命缚誓者的礼物 id=64 zone=HAND zonePos=2 cardId=TTN_955 player=2] tag=NUM_TURNS_IN_HAND value=2 
D 21:44:07.5658955 PowerTaskList.DebugPrintPower() -     TAG_CHANGE Entity=[entityName=生物计划 id=62 zone=HAND zonePos=3 cardId=BOT_054 player=2] tag=NUM_TURNS_IN_HAND value=2 
D 21:44:07.5658955 PowerTaskList.DebugPrintPower() -     TAG_CHANGE Entity=[entityName=建造水晶塔 id=57 zone=HAND zonePos=4 cardId=SC_755 player=2] tag=NUM_TURNS_IN_HAND value=2 
D 21:44:07.5658955 PowerTaskList.DebugPrintPower() -     TAG_CHANGE Entity=湫然#51704 tag=CURRENT_PLAYER value=0 
D 21:44:07.5658955 PowerTaskList.DebugPrintPower() -     TAG_CHANGE Entity=Rose#55519 tag=CURRENT_PLAYER value=1 
D 21:44:07.5658955 PowerTaskList.DebugPrintPower() -     TAG_CHANGE Entity=GameEntity tag=TURN value=2 
D 21:44:07.5658955 PowerTaskList.DebugPrintPower() -     TAG_CHANGE Entity=GameEntity tag=1882 value=1 
D 21:44:07.5658955 PowerTaskList.DebugPrintPower() -     TAG_CHANGE Entity=Rose#55519 tag=TURN value=1 
D 21:44:07.5658955 PowerTaskList.DebugPrintPower() -     TAG_CHANGE Entity=GameEntity tag=NEXT_STEP value=MAIN_READY 
D 21:44:07.5658955 PowerTaskList.DebugPrintPower() - BLOCK_END
D 21:44:07.5658955 PowerProcessor.PrepareHistoryForCurrentTaskList() - m_currentTaskList=40
D 21:44:07.5658955 PowerProcessor.EndCurrentTaskList() - m_currentTaskList=40
D 21:44:07.5658955 PowerTaskList.DebugDump() - ID=41 ParentID=0 PreviousID=0 TaskCount=1
D 21:44:07.5658955 PowerTaskList.DebugDump() - Block Start=(null)
D 21:44:07.5658955 PowerTaskList.DebugPrintPower() -     TAG_CHANGE Entity=GameEntity tag=STEP value=MAIN_READY 
D 21:44:07.5658955 PowerTaskList.DebugDump() - Block End=(null)
D 21:44:07.5658955 PowerProcessor.PrepareHistoryForCurrentTaskList() - m_currentTaskList=41
D 21:44:07.5658955 PowerProcessor.EndCurrentTaskList() - m_currentTaskList=41
D 21:44:07.5658955 PowerTaskList.DebugDump() - ID=42 ParentID=0 PreviousID=0 TaskCount=10
D 21:44:07.5658955 PowerTaskList.DebugPrintPower() - BLOCK_START BlockType=TRIGGER Entity=Rose#55519 EffectCardId=System.Collections.Generic.List`1[System.String] EffectIndex=-1 Target=0 SubOption=-1 TriggerKeyword=TAG_NOT_SET
D 21:44:07.5658955 PowerTaskList.DebugPrintPower() -     TAG_CHANGE Entity=GameEntity tag=NUM_TURNS_IN_PLAY value=2 
D 21:44:07.5658955 PowerTaskList.DebugPrintPower() -     TAG_CHANGE Entity=Rose#55519 tag=NUM_TURNS_IN_PLAY value=2 
D 21:44:07.5658955 PowerTaskList.DebugPrintPower() -     TAG_CHANGE Entity=湫然#51704 tag=NUM_TURNS_IN_PLAY value=2 
D 21:44:07.5658955 PowerTaskList.DebugPrintPower() -     TAG_CHANGE Entity=[entityName=安度因·乌瑞恩 id=67 zone=PLAY zonePos=0 cardId=HERO_09 player=1] tag=NUM_TURNS_IN_PLAY value=2 
D 21:44:07.5658955 PowerTaskList.DebugPrintPower() -     TAG_CHANGE Entity=[entityName=次级治疗术 id=68 zone=PLAY zonePos=0 cardId=HERO_09bp player=1] tag=NUM_TURNS_IN_PLAY value=2 
D 21:44:07.5658955 PowerTaskList.DebugPrintPower() -     TAG_CHANGE Entity=[entityName=嘲风望月露娜拉 id=69 zone=PLAY zonePos=0 cardId=HERO_06bi player=2] tag=NUM_TURNS_IN_PLAY value=2 
D 21:44:07.5658955 PowerTaskList.DebugPrintPower() -     TAG_CHANGE Entity=[entityName=变形 id=70 zone=PLAY zonePos=0 cardId=HERO_06ebp player=2] tag=NUM_TURNS_IN_PLAY value=2 
D 21:44:07.5658955 PowerTaskList.DebugPrintPower() -     TAG_CHANGE Entity=Rose#55519 tag=RESOURCES value=1 
D 21:44:07.5658955 PowerTaskList.DebugPrintPower() -     TAG_CHANGE Entity=湫然#51704 tag=NUM_CARDS_DRAWN_THIS_TURN value=0 
D 21:44:07.5658955 PowerTaskList.DebugPrintPower() -     TAG_CHANGE Entity=GameEntity tag=NEXT_STEP value=MAIN_START_TRIGGERS 
D 21:44:07.5658955 PowerTaskList.DebugPrintPower() - BLOCK_END
D 21:44:07.5658955 PowerProcessor.PrepareHistoryForCurrentTaskList() - m_currentTaskList=42
D 21:44:07.5658955 PowerProcessor.EndCurrentTaskList() - m_currentTaskList=42
D 21:44:07.5658955 PowerTaskList.DebugDump() - ID=43 ParentID=0 PreviousID=0 TaskCount=1
D 21:44:07.5658955 PowerTaskList.DebugDump() - Block Start=(null)
D 21:44:07.5658955 PowerTaskList.DebugPrintPower() -     TAG_CHANGE Entity=GameEntity tag=STEP value=MAIN_START_TRIGGERS 
D 21:44:07.5658955 PowerTaskList.DebugDump() - Block End=(null)
D 21:44:07.5658955 PowerProcessor.PrepareHistoryForCurrentTaskList() - m_currentTaskList=43
D 21:44:07.5658955 PowerProcessor.EndCurrentTaskList() - m_currentTaskList=43
D 21:44:07.5658955 PowerTaskList.DebugDump() - ID=44 ParentID=0 PreviousID=0 TaskCount=1
D 21:44:07.5658955 PowerTaskList.DebugPrintPower() - BLOCK_START BlockType=TRIGGER Entity=Rose#55519 EffectCardId=System.Collections.Generic.List`1[System.String] EffectIndex=-1 Target=0 SubOption=-1 TriggerKeyword=TAG_NOT_SET
D 21:44:07.5658955 PowerTaskList.DebugPrintPower() -     TAG_CHANGE Entity=GameEntity tag=NEXT_STEP value=MAIN_START 
D 21:44:07.5658955 PowerTaskList.DebugPrintPower() - BLOCK_END
D 21:44:07.5658955 PowerProcessor.PrepareHistoryForCurrentTaskList() - m_currentTaskList=44
D 21:44:07.5658955 PowerProcessor.EndCurrentTaskList() - m_currentTaskList=44
D 21:44:07.5658955 PowerTaskList.DebugDump() - ID=45 ParentID=0 PreviousID=0 TaskCount=1
D 21:44:07.5658955 PowerTaskList.DebugDump() - Block Start=(null)
D 21:44:07.5658955 PowerTaskList.DebugPrintPower() -     TAG_CHANGE Entity=GameEntity tag=STEP value=MAIN_START 
D 21:44:07.5658955 PowerTaskList.DebugDump() - Block End=(null)
D 21:44:07.5658955 PowerProcessor.PrepareHistoryForCurrentTaskList() - m_currentTaskList=45
D 21:44:07.5658955 PowerProcessor.EndCurrentTaskList() - m_currentTaskList=45
D 21:44:07.5658955 PowerTaskList.DebugDump() - ID=46 ParentID=0 PreviousID=0 TaskCount=11
D 21:44:07.5658955 PowerTaskList.DebugPrintPower() - BLOCK_START BlockType=TRIGGER Entity=Rose#55519 EffectCardId=System.Collections.Generic.List`1[System.String] EffectIndex=-1 Target=0 SubOption=-1 TriggerKeyword=TAG_NOT_SET
D 21:44:07.5658955 PowerTaskList.DebugPrintPower() -     TAG_CHANGE Entity=Rose#55519 tag=2166 value=8 
D 21:44:07.5658955 PowerTaskList.DebugPrintPower() -     TAG_CHANGE Entity=Rose#55519 tag=467 value=1 
D 21:44:07.5658955 PowerTaskList.DebugPrintPower() -     TAG_CHANGE Entity=[entityName=UNKNOWN ENTITY [cardType=INVALID] id=8 zone=DECK zonePos=0 cardId= player=1] tag=ZONE value=HAND 
D 21:44:07.5658955 PowerTaskList.DebugPrintPower() -     TAG_CHANGE Entity=[entityName=UNKNOWN ENTITY [cardType=INVALID] id=8 zone=DECK zonePos=0 cardId= player=1] tag=ZONE_POSITION value=6 
D 21:44:07.5658955 PowerTaskList.DebugPrintPower() -     TAG_CHANGE Entity=[entityName=UNKNOWN ENTITY [cardType=INVALID] id=8 zone=DECK zonePos=0 cardId= player=1] tag=ZONE_POSITION value=0 
D 21:44:07.5658955 PowerTaskList.DebugPrintPower() -     TAG_CHANGE Entity=[entityName=UNKNOWN ENTITY [cardType=INVALID] id=8 zone=DECK zonePos=0 cardId= player=1] tag=ZONE_POSITION value=6 
D 21:44:07.5658955 PowerTaskList.DebugPrintPower() -     TAG_CHANGE Entity=Rose#55519 tag=3242 value=1 
D 21:44:07.5658955 PowerTaskList.DebugPrintPower() -     TAG_CHANGE Entity=Rose#55519 tag=NUM_CARDS_DRAWN_THIS_TURN value=1 
D 21:44:07.5658955 PowerTaskList.DebugPrintPower() -     TAG_CHANGE Entity=Rose#55519 tag=995 value=1 
D 21:44:07.5658955 PowerTaskList.DebugPrintPower() -     TAG_CHANGE Entity=Rose#55519 tag=467 value=0 
D 21:44:07.5658955 PowerTaskList.DebugPrintPower() -     TAG_CHANGE Entity=GameEntity tag=NEXT_STEP value=MAIN_ACTION 
D 21:44:07.5658955 PowerTaskList.DebugPrintPower() - BLOCK_END
D 21:44:07.5658955 PowerProcessor.PrepareHistoryForCurrentTaskList() - m_currentTaskList=46
D 21:44:08.1911152 PowerProcessor.EndCurrentTaskList() - m_currentTaskList=46
D 21:44:08.1979545 PowerTaskList.DebugDump() - ID=47 ParentID=0 PreviousID=0 TaskCount=1
D 21:44:08.1979545 PowerTaskList.DebugDump() - Block Start=(null)
D 21:44:08.1979545 PowerTaskList.DebugPrintPower() -     TAG_CHANGE Entity=GameEntity tag=STEP value=MAIN_ACTION 
D 21:44:08.1979545 PowerTaskList.DebugDump() - Block End=(null)
D 21:44:08.1979545 PowerProcessor.PrepareHistoryForCurrentTaskList() - m_currentTaskList=47
D 21:44:08.1979545 PowerProcessor.EndCurrentTaskList() - m_currentTaskList=47
D 21:44:08.1979545 PowerTaskList.DebugDump() - ID=48 ParentID=0 PreviousID=0 TaskCount=1
D 21:44:08.1979545 PowerTaskList.DebugPrintPower() - BLOCK_START BlockType=TRIGGER Entity=Rose#55519 EffectCardId=System.Collections.Generic.List`1[System.String] EffectIndex=-1 Target=0 SubOption=-1 TriggerKeyword=TAG_NOT_SET
D 21:44:08.1979545 PowerTaskList.DebugPrintPower() -     TAG_CHANGE Entity=GameEntity tag=NEXT_STEP value=MAIN_END 
D 21:44:08.1979545 PowerTaskList.DebugPrintPower() - BLOCK_END
D 21:44:08.1979545 PowerProcessor.PrepareHistoryForCurrentTaskList() - m_currentTaskList=48
D 21:44:08.1979545 PowerProcessor.EndCurrentTaskList() - m_currentTaskList=48
D 21:44:10.4645467 GameState.DebugPrintPowerList() - Count=28
D 21:44:10.4645467 GameState.DebugPrintPower() - BLOCK_START BlockType=PLAY Entity=[entityName=UNKNOWN ENTITY [cardType=INVALID] id=13 zone=HAND zonePos=1 cardId= player=1] EffectCardId=System.Collections.Generic.List`1[System.String] EffectIndex=0 Target=0 SubOption=-1 
D 21:44:10.4645467 GameState.DebugPrintPower() -     TAG_CHANGE Entity=Rose#55519 tag=2245 value=1 
D 21:44:10.4645467 GameState.DebugPrintPower() -     TAG_CHANGE Entity=Rose#55519 tag=RESOURCES_USED value=1 
D 21:44:10.4645467 GameState.DebugPrintPower() -     TAG_CHANGE Entity=Rose#55519 tag=NUM_RESOURCES_SPENT_THIS_GAME value=1 
D 21:44:10.4645467 GameState.DebugPrintPower() -     TAG_CHANGE Entity=Rose#55519 tag=NUM_CARDS_PLAYED_THIS_TURN value=1 
D 21:44:10.4645467 GameState.DebugPrintPower() -     TAG_CHANGE Entity=Rose#55519 tag=430 value=1 
D 21:44:10.4645467 GameState.DebugPrintPower() -     TAG_CHANGE Entity=[entityName=UNKNOWN ENTITY [cardType=INVALID] id=8 zone=HAND zonePos=6 cardId= player=1] tag=ZONE_POSITION value=5 
D 21:44:10.4645467 GameState.DebugPrintPower() -     TAG_CHANGE Entity=[entityName=UNKNOWN ENTITY [cardType=INVALID] id=9 zone=HAND zonePos=3 cardId= player=1] tag=ZONE_POSITION value=2 
D 21:44:10.4645467 GameState.DebugPrintPower() -     TAG_CHANGE Entity=[entityName=UNKNOWN ENTITY [cardType=INVALID] id=100 zone=HAND zonePos=5 cardId= player=1] tag=ZONE_POSITION value=4 
D 21:44:10.4645467 GameState.DebugPrintPower() -     TAG_CHANGE Entity=[entityName=UNKNOWN ENTITY [cardType=INVALID] id=11 zone=HAND zonePos=4 cardId= player=1] tag=ZONE_POSITION value=3 
D 21:44:10.4645467 GameState.DebugPrintPower() -     TAG_CHANGE Entity=[entityName=UNKNOWN ENTITY [cardType=INVALID] id=4 zone=HAND zonePos=2 cardId= player=1] tag=ZONE_POSITION value=1 
D 21:44:10.4645467 GameState.DebugPrintPower() -     TAG_CHANGE Entity=[entityName=UNKNOWN ENTITY [cardType=INVALID] id=13 zone=HAND zonePos=1 cardId= player=1] tag=ZONE_POSITION value=0 
D 21:44:10.4645467 GameState.DebugPrintPower() -     TAG_CHANGE Entity=[entityName=UNKNOWN ENTITY [cardType=INVALID] id=13 zone=HAND zonePos=1 cardId= player=1] tag=EXHAUSTED value=0 
D 21:44:10.4645467 GameState.DebugPrintPower() -     TAG_CHANGE Entity=[entityName=UNKNOWN ENTITY [cardType=INVALID] id=13 zone=HAND zonePos=1 cardId= player=1] tag=SECRET value=0 
D 21:44:10.4645467 GameState.DebugPrintPower() -     TAG_CHANGE Entity=[entityName=UNKNOWN ENTITY [cardType=INVALID] id=13 zone=HAND zonePos=1 cardId= player=1] tag=CLASS value=PRIEST 
D 21:44:10.4645467 GameState.DebugPrintPower() -     TAG_CHANGE Entity=[entityName=UNKNOWN ENTITY [cardType=INVALID] id=13 zone=HAND zonePos=1 cardId= player=1] tag=MULTIPLE_CLASSES value=0 
D 21:44:10.4645467 GameState.DebugPrintPower() -     TAG_CHANGE Entity=[entityName=UNKNOWN ENTITY [cardType=INVALID] id=13 zone=HAND zonePos=1 cardId= player=1] tag=COST value=1 
D 21:44:10.4645467 GameState.DebugPrintPower() -     TAG_CHANGE Entity=[entityName=UNKNOWN ENTITY [cardType=INVALID] id=13 zone=HAND zonePos=1 cardId= player=1] tag=TAG_LAST_KNOWN_COST_IN_HAND value=1 
D 21:44:10.4645467 GameState.DebugPrintPower() -     TAG_CHANGE Entity=[entityName=UNKNOWN ENTITY [cardType=INVALID] id=13 zone=HAND zonePos=1 cardId= player=1] tag=SECRET_LOCKED value=0 
D 21:44:10.4645467 GameState.DebugPrintPower() -     SHOW_ENTITY - Updating Entity=[entityName=UNKNOWN ENTITY [cardType=INVALID] id=13 zone=HAND zonePos=1 cardId= player=1] CardID=SW_433
D 21:44:10.4645467 GameState.DebugPrintPower() -         tag=CONTROLLER value=1
D 21:44:10.4645467 GameState.DebugPrintPower() -         tag=CARDTYPE value=SPELL
D 21:44:10.4645467 GameState.DebugPrintPower() -         tag=TAG_LAST_KNOWN_COST_IN_HAND value=1
D 21:44:10.4645467 GameState.DebugPrintPower() -         tag=COST value=1
D 21:44:10.4645467 GameState.DebugPrintPower() -         tag=ZONE value=SECRET
D 21:44:10.4645467 GameState.DebugPrintPower() -         tag=ENTITY_ID value=13
D 21:44:10.4645467 GameState.DebugPrintPower() -         tag=ELITE value=1
D 21:44:10.4645467 GameState.DebugPrintPower() -         tag=CLASS value=PRIEST
D 21:44:10.4645467 GameState.DebugPrintPower() -         tag=RARITY value=LEGENDARY
D 21:44:10.4645467 GameState.DebugPrintPower() -         tag=JUST_PLAYED value=1
D 21:44:10.4645467 GameState.DebugPrintPower() -         tag=ZONE_POSITION value=0
D 21:44:10.4645467 GameState.DebugPrintPower() -         tag=NUM_TURNS_IN_HAND value=2
D 21:44:10.4645467 GameState.DebugPrintPower() -         tag=478 value=1
D 21:44:10.4645467 GameState.DebugPrintPower() -         tag=QUEST_PROGRESS_TOTAL value=3
D 21:44:10.4645467 GameState.DebugPrintPower() -         tag=DONT_PICK_FROM_SUBSETS value=1
D 21:44:10.4645467 GameState.DebugPrintPower() -         tag=839 value=1
D 21:44:10.4645467 GameState.DebugPrintPower() -         tag=1043 value=1
D 21:44:10.4645467 GameState.DebugPrintPower() -         tag=1068 value=0
D 21:44:10.4645467 GameState.DebugPrintPower() -         tag=QUEST_REWARD_DATABASE_ID value=64350
D 21:44:10.4645467 GameState.DebugPrintPower() -         tag=USE_DISCOVER_VISUALS value=1
D 21:44:10.4645467 GameState.DebugPrintPower() -         tag=SPAWN_TIME_COUNT value=1
D 21:44:10.4645467 GameState.DebugPrintPower() -         tag=QUESTLINE value=1
D 21:44:10.4645467 GameState.DebugPrintPower() -         tag=QUESTLINE_FINAL_REWARD_DATABASE_ID value=65723
D 21:44:10.4645467 GameState.DebugPrintPower() -         tag=QUESTLINE_PART value=1
D 21:44:10.4645467 GameState.DebugPrintPower() -         tag=3557 value=1
D 21:44:10.4645467 GameState.DebugPrintPower() -     TAG_CHANGE Entity=[entityName=UNKNOWN ENTITY [cardType=INVALID] id=13 zone=HAND zonePos=1 cardId= player=1] tag=3736 value=1 
D 21:44:10.4645467 GameState.DebugPrintPower() -     META_DATA - Meta=SLUSH_TIME Data=3000 InfoCount=1
D 21:44:10.4645467 GameState.DebugPrintPower() -                 Info[0] = [entityName=UNKNOWN ENTITY [cardType=INVALID] id=13 zone=HAND zonePos=1 cardId= player=1]
D 21:44:10.4645467 GameState.DebugPrintPower() -     TAG_CHANGE Entity=Rose#55519 tag=NUM_SPELLS_PLAYED_THIS_GAME value=1 
D 21:44:10.4645467 GameState.DebugPrintPower() -     TAG_CHANGE Entity=Rose#55519 tag=COMBO_ACTIVE value=1 
D 21:44:10.4645467 GameState.DebugPrintPower() -     TAG_CHANGE Entity=GameEntity tag=1323 value=1 
D 21:44:10.4645467 GameState.DebugPrintPower() -     TAG_CHANGE Entity=Rose#55519 tag=NUM_OPTIONS_PLAYED_THIS_TURN value=1 
D 21:44:10.4645467 GameState.DebugPrintPower() - BLOCK_END
D 21:44:10.4645467 GameState.DebugPrintPower() - META_DATA - Meta=SLUSH_TIME Data=1000 InfoCount=1
D 21:44:10.4645467 GameState.DebugPrintPower() -             Info[0] = [entityName=UNKNOWN ENTITY [cardType=INVALID] id=13 zone=HAND zonePos=1 cardId= player=1]
D 21:44:10.4645467 PowerTaskList.DebugDump() - ID=49 ParentID=0 PreviousID=0 TaskCount=25
D 21:44:10.4645467 PowerTaskList.DebugPrintPower() - BLOCK_START BlockType=PLAY Entity=[entityName=UNKNOWN ENTITY [cardType=INVALID] id=13 zone=HAND zonePos=1 cardId= player=1] EffectCardId=System.Collections.Generic.List`1[System.String] EffectIndex=0 Target=0 SubOption=-1 
D 21:44:10.4645467 PowerTaskList.DebugPrintPower() -     TAG_CHANGE Entity=Rose#55519 tag=2245 value=1 
D 21:44:10.4645467 PowerTaskList.DebugPrintPower() -     TAG_CHANGE Entity=Rose#55519 tag=RESOURCES_USED value=1 
D 21:44:10.4645467 PowerTaskList.DebugPrintPower() -     TAG_CHANGE Entity=Rose#55519 tag=NUM_RESOURCES_SPENT_THIS_GAME value=1 
D 21:44:10.4645467 PowerTaskList.DebugPrintPower() -     TAG_CHANGE Entity=Rose#55519 tag=NUM_CARDS_PLAYED_THIS_TURN value=1 
D 21:44:10.4645467 PowerTaskList.DebugPrintPower() -     TAG_CHANGE Entity=Rose#55519 tag=430 value=1 
D 21:44:10.4645467 PowerTaskList.DebugPrintPower() -     TAG_CHANGE Entity=[entityName=UNKNOWN ENTITY [cardType=INVALID] id=8 zone=HAND zonePos=6 cardId= player=1] tag=ZONE_POSITION value=5 
D 21:44:10.4645467 PowerTaskList.DebugPrintPower() -     TAG_CHANGE Entity=[entityName=UNKNOWN ENTITY [cardType=INVALID] id=9 zone=HAND zonePos=3 cardId= player=1] tag=ZONE_POSITION value=2 
D 21:44:10.4645467 PowerTaskList.DebugPrintPower() -     TAG_CHANGE Entity=[entityName=UNKNOWN ENTITY [cardType=INVALID] id=100 zone=HAND zonePos=5 cardId= player=1] tag=ZONE_POSITION value=4 
D 21:44:10.4645467 PowerTaskList.DebugPrintPower() -     TAG_CHANGE Entity=[entityName=UNKNOWN ENTITY [cardType=INVALID] id=11 zone=HAND zonePos=4 cardId= player=1] tag=ZONE_POSITION value=3 
D 21:44:10.4645467 PowerTaskList.DebugPrintPower() -     TAG_CHANGE Entity=[entityName=UNKNOWN ENTITY [cardType=INVALID] id=4 zone=HAND zonePos=2 cardId= player=1] tag=ZONE_POSITION value=1 
D 21:44:10.4645467 PowerTaskList.DebugPrintPower() -     TAG_CHANGE Entity=[entityName=UNKNOWN ENTITY [cardType=INVALID] id=13 zone=HAND zonePos=1 cardId= player=1] tag=ZONE_POSITION value=0 
D 21:44:10.4645467 PowerTaskList.DebugPrintPower() -     TAG_CHANGE Entity=[entityName=UNKNOWN ENTITY [cardType=INVALID] id=13 zone=HAND zonePos=1 cardId= player=1] tag=EXHAUSTED value=0 
D 21:44:10.4645467 PowerTaskList.DebugPrintPower() -     TAG_CHANGE Entity=[entityName=UNKNOWN ENTITY [cardType=INVALID] id=13 zone=HAND zonePos=1 cardId= player=1] tag=SECRET value=0 
D 21:44:10.4645467 PowerTaskList.DebugPrintPower() -     TAG_CHANGE Entity=[entityName=UNKNOWN ENTITY [cardType=INVALID] id=13 zone=HAND zonePos=1 cardId= player=1] tag=CLASS value=PRIEST 
D 21:44:10.4645467 PowerTaskList.DebugPrintPower() -     TAG_CHANGE Entity=[entityName=UNKNOWN ENTITY [cardType=INVALID] id=13 zone=HAND zonePos=1 cardId= player=1] tag=MULTIPLE_CLASSES value=0 
D 21:44:10.4645467 PowerTaskList.DebugPrintPower() -     TAG_CHANGE Entity=[entityName=UNKNOWN ENTITY [cardType=INVALID] id=13 zone=HAND zonePos=1 cardId= player=1] tag=COST value=1 
D 21:44:10.4645467 PowerTaskList.DebugPrintPower() -     TAG_CHANGE Entity=[entityName=UNKNOWN ENTITY [cardType=INVALID] id=13 zone=HAND zonePos=1 cardId= player=1] tag=TAG_LAST_KNOWN_COST_IN_HAND value=1 
D 21:44:10.4645467 PowerTaskList.DebugPrintPower() -     TAG_CHANGE Entity=[entityName=UNKNOWN ENTITY [cardType=INVALID] id=13 zone=HAND zonePos=1 cardId= player=1] tag=SECRET_LOCKED value=0 
D 21:44:10.4645467 PowerTaskList.DebugPrintPower() -     SHOW_ENTITY - Updating Entity=[entityName=UNKNOWN ENTITY [cardType=INVALID] id=13 zone=HAND zonePos=1 cardId= player=1] CardID=SW_433
D 21:44:10.4645467 PowerTaskList.DebugPrintPower() -         tag=CONTROLLER value=1
D 21:44:10.4645467 PowerTaskList.DebugPrintPower() -         tag=CARDTYPE value=SPELL
D 21:44:10.4645467 PowerTaskList.DebugPrintPower() -         tag=TAG_LAST_KNOWN_COST_IN_HAND value=1
D 21:44:10.4645467 PowerTaskList.DebugPrintPower() -         tag=COST value=1
D 21:44:10.4645467 PowerTaskList.DebugPrintPower() -         tag=ZONE value=SECRET
D 21:44:10.4645467 PowerTaskList.DebugPrintPower() -         tag=ENTITY_ID value=13
D 21:44:10.4645467 PowerTaskList.DebugPrintPower() -         tag=ELITE value=1
D 21:44:10.4645467 PowerTaskList.DebugPrintPower() -         tag=CLASS value=PRIEST
D 21:44:10.4645467 PowerTaskList.DebugPrintPower() -         tag=RARITY value=LEGENDARY
D 21:44:10.4645467 PowerTaskList.DebugPrintPower() -         tag=JUST_PLAYED value=1
D 21:44:10.4645467 PowerTaskList.DebugPrintPower() -         tag=ZONE_POSITION value=0
D 21:44:10.4645467 PowerTaskList.DebugPrintPower() -         tag=NUM_TURNS_IN_HAND value=2
D 21:44:10.4645467 PowerTaskList.DebugPrintPower() -         tag=478 value=1
D 21:44:10.4645467 PowerTaskList.DebugPrintPower() -         tag=QUEST_PROGRESS_TOTAL value=3
D 21:44:10.4645467 PowerTaskList.DebugPrintPower() -         tag=DONT_PICK_FROM_SUBSETS value=1
D 21:44:10.4645467 PowerTaskList.DebugPrintPower() -         tag=839 value=1
D 21:44:10.4645467 PowerTaskList.DebugPrintPower() -         tag=1043 value=1
D 21:44:10.4645467 PowerTaskList.DebugPrintPower() -         tag=1068 value=0
D 21:44:10.4645467 PowerTaskList.DebugPrintPower() -         tag=QUEST_REWARD_DATABASE_ID value=64350
D 21:44:10.4645467 PowerTaskList.DebugPrintPower() -         tag=USE_DISCOVER_VISUALS value=1
D 21:44:10.4645467 PowerTaskList.DebugPrintPower() -         tag=SPAWN_TIME_COUNT value=1
D 21:44:10.4645467 PowerTaskList.DebugPrintPower() -         tag=QUESTLINE value=1
D 21:44:10.4645467 PowerTaskList.DebugPrintPower() -         tag=QUESTLINE_FINAL_REWARD_DATABASE_ID value=65723
D 21:44:10.4645467 PowerTaskList.DebugPrintPower() -         tag=QUESTLINE_PART value=1
D 21:44:10.4645467 PowerTaskList.DebugPrintPower() -         tag=3557 value=1
D 21:44:10.4645467 PowerTaskList.DebugPrintPower() -     TAG_CHANGE Entity=[entityName=UNKNOWN ENTITY [cardType=INVALID] id=13 zone=HAND zonePos=1 cardId= player=1] tag=3736 value=1 
D 21:44:10.4645467 PowerTaskList.DebugPrintPower() -     META_DATA - Meta=SLUSH_TIME Data=3000 InfoCount=1
D 21:44:10.4645467 PowerTaskList.DebugPrintPower() -                 Info[0] = [entityName=UNKNOWN ENTITY [cardType=INVALID] id=13 zone=HAND zonePos=1 cardId= player=1]
D 21:44:10.4645467 PowerTaskList.DebugPrintPower() -     TAG_CHANGE Entity=Rose#55519 tag=NUM_SPELLS_PLAYED_THIS_GAME value=1 
D 21:44:10.4645467 PowerTaskList.DebugPrintPower() -     TAG_CHANGE Entity=Rose#55519 tag=COMBO_ACTIVE value=1 
D 21:44:10.4645467 PowerTaskList.DebugPrintPower() -     TAG_CHANGE Entity=GameEntity tag=1323 value=1 
D 21:44:10.4645467 PowerTaskList.DebugPrintPower() -     TAG_CHANGE Entity=Rose#55519 tag=NUM_OPTIONS_PLAYED_THIS_TURN value=1 
D 21:44:10.4645467 PowerTaskList.DebugPrintPower() - BLOCK_END
D 21:44:10.4645467 PowerProcessor.PrepareHistoryForCurrentTaskList() - m_currentTaskList=49
D 21:44:10.4645467 PowerProcessor.DoTaskListForCard() - unhandled BlockType PLAY for sourceEntity [entityName=UNKNOWN ENTITY [cardType=INVALID] id=13 zone=HAND zonePos=1 cardId= player=1]
D 21:44:11.5230111 PowerProcessor.EndCurrentTaskList() - m_currentTaskList=49
D 21:44:12.1531992 GameState.DebugPrintPowerList() - Count=69
D 21:44:12.1531992 GameState.DebugPrintPower() - TAG_CHANGE Entity=GameEntity tag=STEP value=MAIN_END 
D 21:44:12.1531992 GameState.DebugPrintPower() - BLOCK_START BlockType=TRIGGER Entity=Rose#55519 EffectCardId=System.Collections.Generic.List`1[System.String] EffectIndex=-1 Target=0 SubOption=-1 TriggerKeyword=TAG_NOT_SET
D 21:44:12.1531992 GameState.DebugPrintPower() -     TAG_CHANGE Entity=GameEntity tag=NEXT_STEP value=MAIN_CLEANUP 
D 21:44:12.1531992 GameState.DebugPrintPower() - BLOCK_END
D 21:44:12.1531992 GameState.DebugPrintPower() - BLOCK_START BlockType=TRIGGER Entity=Rose#55519 EffectCardId=System.Collections.Generic.List`1[System.String] EffectIndex=-1 Target=0 SubOption=-1 TriggerKeyword=TAG_NOT_SET
D 21:44:12.1531992 GameState.DebugPrintPower() - BLOCK_END
D 21:44:12.1531992 GameState.DebugPrintPower() - BLOCK_START BlockType=TRIGGER Entity=湫然#51704 EffectCardId=System.Collections.Generic.List`1[System.String] EffectIndex=-1 Target=0 SubOption=-1 TriggerKeyword=TAG_NOT_SET
D 21:44:12.1531992 GameState.DebugPrintPower() - BLOCK_END
D 21:44:12.1531992 GameState.DebugPrintPower() - TAG_CHANGE Entity=GameEntity tag=STEP value=MAIN_CLEANUP 
D 21:44:12.1531992 GameState.DebugPrintPower() - BLOCK_START BlockType=TRIGGER Entity=Rose#55519 EffectCardId=System.Collections.Generic.List`1[System.String] EffectIndex=-1 Target=0 SubOption=-1 TriggerKeyword=TAG_NOT_SET
D 21:44:12.1531992 GameState.DebugPrintPower() -     TAG_CHANGE Entity=Rose#55519 tag=COMBO_ACTIVE value=0 
D 21:44:12.1531992 GameState.DebugPrintPower() -     TAG_CHANGE Entity=GameEntity tag=NEXT_STEP value=MAIN_NEXT 
D 21:44:12.1531992 GameState.DebugPrintPower() - BLOCK_END
D 21:44:12.1531992 GameState.DebugPrintPower() - BLOCK_START BlockType=TRIGGER Entity=湫然#51704 EffectCardId=System.Collections.Generic.List`1[System.String] EffectIndex=-1 Target=0 SubOption=-1 TriggerKeyword=TAG_NOT_SET
D 21:44:12.1531992 GameState.DebugPrintPower() - BLOCK_END
D 21:44:12.1531992 GameState.DebugPrintPower() - TAG_CHANGE Entity=GameEntity tag=STEP value=MAIN_NEXT 
D 21:44:12.1531992 GameState.DebugPrintPower() - BLOCK_START BlockType=TRIGGER Entity=GameEntity EffectCardId=System.Collections.Generic.List`1[System.String] EffectIndex=-1 Target=0 SubOption=-1 TriggerKeyword=TAG_NOT_SET
D 21:44:12.1531992 GameState.DebugPrintPower() -     TAG_CHANGE Entity=Rose#55519 tag=1292 value=0 
D 21:44:12.1531992 GameState.DebugPrintPower() -     TAG_CHANGE Entity=湫然#51704 tag=1292 value=1 
D 21:44:12.1531992 GameState.DebugPrintPower() -     TAG_CHANGE Entity=Rose#55519 tag=TIMEOUT value=55 
D 21:44:12.1531992 GameState.DebugPrintPower() -     TAG_CHANGE Entity=[entityName=月光射线 id=38 zone=HAND zonePos=1 cardId=TID_001 player=2] tag=NUM_TURNS_IN_HAND value=3 
D 21:44:12.1531992 GameState.DebugPrintPower() -     TAG_CHANGE Entity=[entityName=生命缚誓者的礼物 id=64 zone=HAND zonePos=2 cardId=TTN_955 player=2] tag=NUM_TURNS_IN_HAND value=3 
D 21:44:12.1531992 GameState.DebugPrintPower() -     TAG_CHANGE Entity=[entityName=生物计划 id=62 zone=HAND zonePos=3 cardId=BOT_054 player=2] tag=NUM_TURNS_IN_HAND value=3 
D 21:44:12.1531992 GameState.DebugPrintPower() -     TAG_CHANGE Entity=[entityName=建造水晶塔 id=57 zone=HAND zonePos=4 cardId=SC_755 player=2] tag=NUM_TURNS_IN_HAND value=3 
D 21:44:12.1531992 GameState.DebugPrintPower() -     TAG_CHANGE Entity=Rose#55519 tag=CURRENT_PLAYER value=0 
D 21:44:12.1531992 GameState.DebugPrintPower() -     TAG_CHANGE Entity=湫然#51704 tag=CURRENT_PLAYER value=1 
D 21:44:12.1531992 GameState.DebugPrintPower() -     TAG_CHANGE Entity=GameEntity tag=TURN value=3 
D 21:44:12.1531992 GameState.DebugPrintPower() -     TAG_CHANGE Entity=GameEntity tag=1882 value=2 
D 21:44:12.1531992 GameState.DebugPrintPower() -     TAG_CHANGE Entity=湫然#51704 tag=TURN value=2 
D 21:44:12.1531992 GameState.DebugPrintPower() -     TAG_CHANGE Entity=GameEntity tag=NEXT_STEP value=MAIN_READY 
D 21:44:12.1531992 GameState.DebugPrintPower() - BLOCK_END
D 21:44:12.1531992 GameState.DebugPrintPower() - TAG_CHANGE Entity=GameEntity tag=STEP value=MAIN_READY 
D 21:44:12.1531992 GameState.DebugPrintPower() - BLOCK_START BlockType=TRIGGER Entity=湫然#51704 EffectCardId=System.Collections.Generic.List`1[System.String] EffectIndex=-1 Target=0 SubOption=-1 TriggerKeyword=TAG_NOT_SET
D 21:44:12.1531992 GameState.DebugPrintPower() -     TAG_CHANGE Entity=GameEntity tag=NUM_TURNS_IN_PLAY value=3 
D 21:44:12.1531992 GameState.DebugPrintPower() -     TAG_CHANGE Entity=Rose#55519 tag=NUM_TURNS_IN_PLAY value=3 
D 21:44:12.1531992 GameState.DebugPrintPower() -     TAG_CHANGE Entity=湫然#51704 tag=NUM_TURNS_IN_PLAY value=3 
D 21:44:12.1531992 GameState.DebugPrintPower() -     TAG_CHANGE Entity=[entityName=安度因·乌瑞恩 id=67 zone=PLAY zonePos=0 cardId=HERO_09 player=1] tag=NUM_TURNS_IN_PLAY value=3 
D 21:44:12.1531992 GameState.DebugPrintPower() -     TAG_CHANGE Entity=[entityName=次级治疗术 id=68 zone=PLAY zonePos=0 cardId=HERO_09bp player=1] tag=NUM_TURNS_IN_PLAY value=3 
D 21:44:12.1531992 GameState.DebugPrintPower() -     TAG_CHANGE Entity=[entityName=嘲风望月露娜拉 id=69 zone=PLAY zonePos=0 cardId=HERO_06bi player=2] tag=NUM_TURNS_IN_PLAY value=3 
D 21:44:12.1531992 GameState.DebugPrintPower() -     TAG_CHANGE Entity=[entityName=变形 id=70 zone=PLAY zonePos=0 cardId=HERO_06ebp player=2] tag=NUM_TURNS_IN_PLAY value=3 
D 21:44:12.1531992 GameState.DebugPrintPower() -     TAG_CHANGE Entity=[entityName=寻求指引 id=13 zone=SECRET zonePos=0 cardId=SW_433 player=1] tag=NUM_TURNS_IN_PLAY value=1 
D 21:44:12.1531992 GameState.DebugPrintPower() -     TAG_CHANGE Entity=湫然#51704 tag=RESOURCES value=2 
D 21:44:12.1531992 GameState.DebugPrintPower() -     TAG_CHANGE Entity=湫然#51704 tag=3242 value=0 
D 21:44:12.1531992 GameState.DebugPrintPower() -     TAG_CHANGE Entity=Rose#55519 tag=NUM_CARDS_DRAWN_THIS_TURN value=0 
D 21:44:12.1531992 GameState.DebugPrintPower() -     TAG_CHANGE Entity=GameEntity tag=NEXT_STEP value=MAIN_START_TRIGGERS 
D 21:44:12.1531992 GameState.DebugPrintPower() - BLOCK_END
D 21:44:12.1531992 GameState.DebugPrintPower() - TAG_CHANGE Entity=GameEntity tag=STEP value=MAIN_START_TRIGGERS 
D 21:44:12.1531992 GameState.DebugPrintPower() - BLOCK_START BlockType=TRIGGER Entity=湫然#51704 EffectCardId=System.Collections.Generic.List`1[System.String] EffectIndex=-1 Target=0 SubOption=-1 TriggerKeyword=TAG_NOT_SET
D 21:44:12.1531992 GameState.DebugPrintPower() -     TAG_CHANGE Entity=GameEntity tag=NEXT_STEP value=MAIN_START 
D 21:44:12.1531992 GameState.DebugPrintPower() - BLOCK_END
D 21:44:12.1531992 GameState.DebugPrintPower() - TAG_CHANGE Entity=GameEntity tag=STEP value=MAIN_START 
D 21:44:12.1531992 GameState.DebugPrintPower() - BLOCK_START BlockType=TRIGGER Entity=湫然#51704 EffectCardId=System.Collections.Generic.List`1[System.String] EffectIndex=-1 Target=0 SubOption=-1 TriggerKeyword=TAG_NOT_SET
D 21:44:12.1531992 GameState.DebugPrintPower() -     TAG_CHANGE Entity=湫然#51704 tag=2166 value=35 
D 21:44:12.1531992 GameState.DebugPrintPower() -     TAG_CHANGE Entity=湫然#51704 tag=467 value=1 
D 21:44:12.1531992 GameState.DebugPrintPower() -     SHOW_ENTITY - Updating Entity=[entityName=UNKNOWN ENTITY [cardType=INVALID] id=35 zone=DECK zonePos=0 cardId= player=2] CardID=BT_724
D 21:44:12.1531992 GameState.DebugPrintPower() -         tag=CONTROLLER value=2
D 21:44:12.1531992 GameState.DebugPrintPower() -         tag=CARDTYPE value=MINION
D 21:44:12.1531992 GameState.DebugPrintPower() -         tag=TAG_LAST_KNOWN_COST_IN_HAND value=1
D 21:44:12.1531992 GameState.DebugPrintPower() -         tag=479 value=2
D 21:44:12.1531992 GameState.DebugPrintPower() -         tag=COST value=1
D 21:44:12.1531992 GameState.DebugPrintPower() -         tag=ATK value=2
D 21:44:12.1531992 GameState.DebugPrintPower() -         tag=HEALTH value=1
D 21:44:12.1531992 GameState.DebugPrintPower() -         tag=ZONE value=HAND
D 21:44:12.1531992 GameState.DebugPrintPower() -         tag=ENTITY_ID value=35
D 21:44:12.1531992 GameState.DebugPrintPower() -         tag=CLASS value=NEUTRAL
D 21:44:12.1531992 GameState.DebugPrintPower() -         tag=RARITY value=COMMON
D 21:44:12.1531992 GameState.DebugPrintPower() -         tag=BATTLECRY value=1
D 21:44:12.1531992 GameState.DebugPrintPower() -         tag=478 value=2
D 21:44:12.1531992 GameState.DebugPrintPower() -         tag=1037 value=2
D 21:44:12.1531992 GameState.DebugPrintPower() -         tag=1043 value=1
D 21:44:12.1531992 GameState.DebugPrintPower() -         tag=1068 value=0
D 21:44:12.1531992 GameState.DebugPrintPower() -         tag=SPAWN_TIME_COUNT value=1
D 21:44:12.1531992 GameState.DebugPrintPower() -         tag=HAS_ACTIVATE_POWER value=1
D 21:44:12.1531992 GameState.DebugPrintPower() -         tag=3085 value=1
D 21:44:12.1531992 GameState.DebugPrintPower() -         tag=4472 value=2
D 21:44:12.1531992 GameState.DebugPrintPower() -     TAG_CHANGE Entity=[entityName=UNKNOWN ENTITY [cardType=INVALID] id=35 zone=DECK zonePos=0 cardId= player=2] tag=NUM_TURNS_IN_HAND value=1 
D 21:44:12.1531992 GameState.DebugPrintPower() -     TAG_CHANGE Entity=[entityName=UNKNOWN ENTITY [cardType=INVALID] id=35 zone=DECK zonePos=0 cardId= player=2] tag=ZONE_POSITION value=5 
D 21:44:12.1531992 GameState.DebugPrintPower() -     TAG_CHANGE Entity=[entityName=UNKNOWN ENTITY [cardType=INVALID] id=35 zone=DECK zonePos=0 cardId= player=2] tag=ZONE_POSITION value=0 
D 21:44:12.1531992 GameState.DebugPrintPower() -     TAG_CHANGE Entity=[entityName=UNKNOWN ENTITY [cardType=INVALID] id=35 zone=DECK zonePos=0 cardId= player=2] tag=ZONE_POSITION value=5 
D 21:44:12.1531992 GameState.DebugPrintPower() -     TAG_CHANGE Entity=湫然#51704 tag=NUM_CARDS_DRAWN_THIS_TURN value=1 
D 21:44:12.1531992 GameState.DebugPrintPower() -     TAG_CHANGE Entity=湫然#51704 tag=995 value=2 
D 21:44:12.1531992 GameState.DebugPrintPower() -     TAG_CHANGE Entity=[entityName=UNKNOWN ENTITY [cardType=INVALID] id=35 zone=DECK zonePos=0 cardId= player=2] tag=1570 value=3 
D 21:44:12.1531992 GameState.DebugPrintPower() -     TAG_CHANGE Entity=湫然#51704 tag=467 value=0 
D 21:44:12.1531992 GameState.DebugPrintPower() -     TAG_CHANGE Entity=GameEntity tag=NEXT_STEP value=MAIN_ACTION 
D 21:44:12.1531992 GameState.DebugPrintPower() - BLOCK_END
D 21:44:12.1531992 GameState.DebugPrintPower() - TAG_CHANGE Entity=GameEntity tag=STEP value=MAIN_ACTION 
D 21:44:12.1531992 GameState.DebugPrintPower() - BLOCK_START BlockType=TRIGGER Entity=湫然#51704 EffectCardId=System.Collections.Generic.List`1[System.String] EffectIndex=-1 Target=0 SubOption=-1 TriggerKeyword=TAG_NOT_SET
D 21:44:12.1531992 GameState.DebugPrintPower() -     TAG_CHANGE Entity=GameEntity tag=NEXT_STEP value=MAIN_END 
D 21:44:12.1531992 GameState.DebugPrintPower() - BLOCK_END
D 21:44:12.2433713 GameState.DebugPrintOptions() - id=4
D 21:44:12.2433713 GameState.DebugPrintOptions() -   option 0 type=END_TURN mainEntity= error=INVALID errorParam=
D 21:44:12.2433713 GameState.DebugPrintOptions() -   option 1 type=POWER mainEntity=[entityName=月光射线 id=38 zone=HAND zonePos=1 cardId=TID_001 player=2] error=NONE errorParam=
D 21:44:12.2433713 GameState.DebugPrintOptions() -     target 0 entity=[entityName=安度因·乌瑞恩 id=67 zone=PLAY zonePos=0 cardId=HERO_09 player=1] error=NONE errorParam=
D 21:44:12.2433713 GameState.DebugPrintOptions() -     target 1 entity=[entityName=嘲风望月露娜拉 id=69 zone=PLAY zonePos=0 cardId=HERO_06bi player=2] error=REQ_ENEMY_TARGET errorParam=
D 21:44:12.2433713 GameState.DebugPrintOptions() -   option 2 type=POWER mainEntity=[entityName=生命缚誓者的礼物 id=64 zone=HAND zonePos=2 cardId=TTN_955 player=2] error=NONE errorParam=
D 21:44:12.2433713 GameState.DebugPrintOptions() -     subOption 0 entity=[entityName=生命缚誓者的绽放 id=65 zone=SETASIDE zonePos=0 cardId=TTN_955A player=2] error=NONE errorParam=
D 21:44:12.2433713 GameState.DebugPrintOptions() -     subOption 1 entity=[entityName=生命缚誓者的生长 id=66 zone=SETASIDE zonePos=0 cardId=TTN_955B player=2] error=NONE errorParam=
D 21:44:12.2433713 GameState.DebugPrintOptions() -   option 3 type=POWER mainEntity=[entityName=生物计划 id=62 zone=HAND zonePos=3 cardId=BOT_054 player=2] error=NONE errorParam=
D 21:44:12.2433713 GameState.DebugPrintOptions() -   option 4 type=POWER mainEntity=[entityName=建造水晶塔 id=57 zone=HAND zonePos=4 cardId=SC_755 player=2] error=NONE errorParam=
D 21:44:12.2433713 GameState.DebugPrintOptions() -   option 5 type=POWER mainEntity=[entityName=UNKNOWN ENTITY [cardType=INVALID] id=35 zone=DECK zonePos=0 cardId= player=2] error=NONE errorParam=
D 21:44:12.2433713 GameState.DebugPrintOptions() -   option 6 type=POWER mainEntity=[entityName=变形 id=70 zone=PLAY zonePos=0 cardId=HERO_06ebp player=2] error=NONE errorParam=
D 21:44:12.2433713 GameState.DebugPrintOptions() -   option 7 type=POWER mainEntity=[entityName=安度因·乌瑞恩 id=67 zone=PLAY zonePos=0 cardId=HERO_09 player=1] error=REQ_YOUR_TURN errorParam=
D 21:44:12.2433713 GameState.DebugPrintOptions() -   option 8 type=POWER mainEntity=[entityName=次级治疗术 id=68 zone=PLAY zonePos=0 cardId=HERO_09bp player=1] error=REQ_YOUR_TURN errorParam=
D 21:44:12.2433713 GameState.DebugPrintOptions() -   option 9 type=POWER mainEntity=[entityName=嘲风望月露娜拉 id=69 zone=PLAY zonePos=0 cardId=HERO_06bi player=2] error=REQ_ATTACK_GREATER_THAN_0 errorParam=
D 21:44:14.5171842 PowerTaskList.DebugDump() - ID=50 ParentID=0 PreviousID=0 TaskCount=1
D 21:44:14.5171842 PowerTaskList.DebugDump() - Block Start=(null)
D 21:44:14.5171842 PowerTaskList.DebugPrintPower() -     META_DATA - Meta=SLUSH_TIME Data=1000 InfoCount=1
D 21:44:14.5171842 PowerTaskList.DebugPrintPower() -                 Info[0] = [entityName=寻求指引 id=13 zone=SECRET zonePos=0 cardId=SW_433 player=1]
D 21:44:14.5171842 PowerTaskList.DebugDump() - Block End=(null)
D 21:44:14.5171842 PowerProcessor.PrepareHistoryForCurrentTaskList() - m_currentTaskList=50
D 21:44:14.5171842 PowerProcessor.EndCurrentTaskList() - m_currentTaskList=50
D 21:44:14.5171842 PowerTaskList.DebugDump() - ID=51 ParentID=0 PreviousID=0 TaskCount=1
D 21:44:14.5171842 PowerTaskList.DebugDump() - Block Start=(null)
D 21:44:14.5171842 PowerTaskList.DebugPrintPower() -     TAG_CHANGE Entity=GameEntity tag=STEP value=MAIN_END 
D 21:44:14.5171842 PowerTaskList.DebugDump() - Block End=(null)
D 21:44:14.5171842 PowerProcessor.PrepareHistoryForCurrentTaskList() - m_currentTaskList=51
D 21:44:14.5171842 PowerProcessor.EndCurrentTaskList() - m_currentTaskList=51
D 21:44:14.5171842 PowerTaskList.DebugDump() - ID=52 ParentID=51 PreviousID=0 TaskCount=1
D 21:44:14.5171842 PowerTaskList.DebugPrintPower() - BLOCK_START BlockType=TRIGGER Entity=Rose#55519 EffectCardId=System.Collections.Generic.List`1[System.String] EffectIndex=-1 Target=0 SubOption=-1 TriggerKeyword=TAG_NOT_SET
D 21:44:14.5171842 PowerTaskList.DebugPrintPower() -     TAG_CHANGE Entity=GameEntity tag=NEXT_STEP value=MAIN_CLEANUP 
D 21:44:14.5171842 PowerTaskList.DebugPrintPower() - BLOCK_END
D 21:44:14.5171842 PowerProcessor.PrepareHistoryForCurrentTaskList() - m_currentTaskList=52
D 21:44:14.5171842 PowerProcessor.EndCurrentTaskList() - m_currentTaskList=52
D 21:44:14.5171842 PowerTaskList.DebugDump() - ID=53 ParentID=0 PreviousID=0 TaskCount=0
D 21:44:14.5171842 PowerTaskList.DebugPrintPower() - BLOCK_START BlockType=TRIGGER Entity=Rose#55519 EffectCardId=System.Collections.Generic.List`1[System.String] EffectIndex=-1 Target=0 SubOption=-1 TriggerKeyword=TAG_NOT_SET
D 21:44:14.5171842 PowerTaskList.DebugPrintPower() - BLOCK_END
D 21:44:14.5171842 PowerProcessor.PrepareHistoryForCurrentTaskList() - m_currentTaskList=53
D 21:44:14.5171842 PowerProcessor.EndCurrentTaskList() - m_currentTaskList=53
D 21:44:14.5171842 PowerTaskList.DebugDump() - ID=54 ParentID=0 PreviousID=0 TaskCount=0
D 21:44:14.5171842 PowerTaskList.DebugPrintPower() - BLOCK_START BlockType=TRIGGER Entity=湫然#51704 EffectCardId=System.Collections.Generic.List`1[System.String] EffectIndex=-1 Target=0 SubOption=-1 TriggerKeyword=TAG_NOT_SET
D 21:44:14.5171842 PowerTaskList.DebugPrintPower() - BLOCK_END
D 21:44:14.5171842 PowerProcessor.PrepareHistoryForCurrentTaskList() - m_currentTaskList=54
D 21:44:14.5171842 PowerProcessor.EndCurrentTaskList() - m_currentTaskList=54
D 21:44:14.5171842 PowerTaskList.DebugDump() - ID=55 ParentID=0 PreviousID=0 TaskCount=1
D 21:44:14.5171842 PowerTaskList.DebugDump() - Block Start=(null)
D 21:44:14.5171842 PowerTaskList.DebugPrintPower() -     TAG_CHANGE Entity=GameEntity tag=STEP value=MAIN_CLEANUP 
D 21:44:14.5171842 PowerTaskList.DebugDump() - Block End=(null)
D 21:44:14.5171842 PowerProcessor.PrepareHistoryForCurrentTaskList() - m_currentTaskList=55
D 21:44:14.5171842 PowerProcessor.EndCurrentTaskList() - m_currentTaskList=55
D 21:44:14.5171842 PowerTaskList.DebugDump() - ID=56 ParentID=0 PreviousID=0 TaskCount=2
D 21:44:14.5171842 PowerTaskList.DebugPrintPower() - BLOCK_START BlockType=TRIGGER Entity=Rose#55519 EffectCardId=System.Collections.Generic.List`1[System.String] EffectIndex=-1 Target=0 SubOption=-1 TriggerKeyword=TAG_NOT_SET
D 21:44:14.5171842 PowerTaskList.DebugPrintPower() -     TAG_CHANGE Entity=Rose#55519 tag=COMBO_ACTIVE value=0 
D 21:44:14.5171842 PowerTaskList.DebugPrintPower() -     TAG_CHANGE Entity=GameEntity tag=NEXT_STEP value=MAIN_NEXT 
D 21:44:14.5171842 PowerTaskList.DebugPrintPower() - BLOCK_END
D 21:44:14.5171842 PowerProcessor.PrepareHistoryForCurrentTaskList() - m_currentTaskList=56
D 21:44:14.5171842 PowerProcessor.EndCurrentTaskList() - m_currentTaskList=56
D 21:44:14.5171842 PowerTaskList.DebugDump() - ID=57 ParentID=0 PreviousID=0 TaskCount=0
D 21:44:14.5171842 PowerTaskList.DebugPrintPower() - BLOCK_START BlockType=TRIGGER Entity=湫然#51704 EffectCardId=System.Collections.Generic.List`1[System.String] EffectIndex=-1 Target=0 SubOption=-1 TriggerKeyword=TAG_NOT_SET
D 21:44:14.5171842 PowerTaskList.DebugPrintPower() - BLOCK_END
D 21:44:14.5171842 PowerProcessor.PrepareHistoryForCurrentTaskList() - m_currentTaskList=57
D 21:44:14.5171842 PowerProcessor.EndCurrentTaskList() - m_currentTaskList=57
D 21:44:14.5171842 PowerTaskList.DebugDump() - ID=58 ParentID=0 PreviousID=0 TaskCount=1
D 21:44:14.5171842 PowerTaskList.DebugDump() - Block Start=(null)
D 21:44:14.5171842 PowerTaskList.DebugPrintPower() -     TAG_CHANGE Entity=GameEntity tag=STEP value=MAIN_NEXT 
D 21:44:14.5171842 PowerTaskList.DebugDump() - Block End=(null)
D 21:44:14.5171842 PowerProcessor.PrepareHistoryForCurrentTaskList() - m_currentTaskList=58
D 21:44:14.5171842 PowerProcessor.EndCurrentTaskList() - m_currentTaskList=58
D 21:44:14.5171842 PowerTaskList.DebugDump() - ID=59 ParentID=0 PreviousID=0 TaskCount=13
D 21:44:14.5171842 PowerTaskList.DebugPrintPower() - BLOCK_START BlockType=TRIGGER Entity=GameEntity EffectCardId=System.Collections.Generic.List`1[System.String] EffectIndex=-1 Target=0 SubOption=-1 TriggerKeyword=TAG_NOT_SET
D 21:44:14.5171842 PowerTaskList.DebugPrintPower() -     TAG_CHANGE Entity=Rose#55519 tag=1292 value=0 
D 21:44:14.5171842 PowerTaskList.DebugPrintPower() -     TAG_CHANGE Entity=湫然#51704 tag=1292 value=1 
D 21:44:14.5171842 PowerTaskList.DebugPrintPower() -     TAG_CHANGE Entity=Rose#55519 tag=TIMEOUT value=55 
D 21:44:14.5171842 PowerTaskList.DebugPrintPower() -     TAG_CHANGE Entity=[entityName=月光射线 id=38 zone=HAND zonePos=1 cardId=TID_001 player=2] tag=NUM_TURNS_IN_HAND value=3 
D 21:44:14.5171842 PowerTaskList.DebugPrintPower() -     TAG_CHANGE Entity=[entityName=生命缚誓者的礼物 id=64 zone=HAND zonePos=2 cardId=TTN_955 player=2] tag=NUM_TURNS_IN_HAND value=3 
D 21:44:14.5171842 PowerTaskList.DebugPrintPower() -     TAG_CHANGE Entity=[entityName=生物计划 id=62 zone=HAND zonePos=3 cardId=BOT_054 player=2] tag=NUM_TURNS_IN_HAND value=3 
D 21:44:14.5171842 PowerTaskList.DebugPrintPower() -     TAG_CHANGE Entity=[entityName=建造水晶塔 id=57 zone=HAND zonePos=4 cardId=SC_755 player=2] tag=NUM_TURNS_IN_HAND value=3 
D 21:44:14.5171842 PowerTaskList.DebugPrintPower() -     TAG_CHANGE Entity=Rose#55519 tag=CURRENT_PLAYER value=0 
D 21:44:14.5171842 PowerTaskList.DebugPrintPower() -     TAG_CHANGE Entity=湫然#51704 tag=CURRENT_PLAYER value=1 
D 21:44:14.5171842 PowerTaskList.DebugPrintPower() -     TAG_CHANGE Entity=GameEntity tag=TURN value=3 
D 21:44:14.5171842 PowerTaskList.DebugPrintPower() -     TAG_CHANGE Entity=GameEntity tag=1882 value=2 
D 21:44:14.5171842 PowerTaskList.DebugPrintPower() -     TAG_CHANGE Entity=湫然#51704 tag=TURN value=2 
D 21:44:14.5171842 PowerTaskList.DebugPrintPower() -     TAG_CHANGE Entity=GameEntity tag=NEXT_STEP value=MAIN_READY 
D 21:44:14.5171842 PowerTaskList.DebugPrintPower() - BLOCK_END
D 21:44:14.5171842 PowerProcessor.PrepareHistoryForCurrentTaskList() - m_currentTaskList=59
D 21:44:14.5171842 PowerProcessor.EndCurrentTaskList() - m_currentTaskList=59
D 21:44:14.5171842 PowerTaskList.DebugDump() - ID=60 ParentID=0 PreviousID=0 TaskCount=1
D 21:44:14.5171842 PowerTaskList.DebugDump() - Block Start=(null)
D 21:44:14.5171842 PowerTaskList.DebugPrintPower() -     TAG_CHANGE Entity=GameEntity tag=STEP value=MAIN_READY 
D 21:44:14.5171842 PowerTaskList.DebugDump() - Block End=(null)
D 21:44:14.5171842 PowerProcessor.PrepareHistoryForCurrentTaskList() - m_currentTaskList=60
D 21:44:14.5171842 PowerProcessor.EndCurrentTaskList() - m_currentTaskList=60
D 21:44:14.5171842 PowerTaskList.DebugDump() - ID=61 ParentID=0 PreviousID=0 TaskCount=12
D 21:44:14.5171842 PowerTaskList.DebugPrintPower() - BLOCK_START BlockType=TRIGGER Entity=湫然#51704 EffectCardId=System.Collections.Generic.List`1[System.String] EffectIndex=-1 Target=0 SubOption=-1 TriggerKeyword=TAG_NOT_SET
D 21:44:14.5171842 PowerTaskList.DebugPrintPower() -     TAG_CHANGE Entity=GameEntity tag=NUM_TURNS_IN_PLAY value=3 
D 21:44:14.5171842 PowerTaskList.DebugPrintPower() -     TAG_CHANGE Entity=Rose#55519 tag=NUM_TURNS_IN_PLAY value=3 
D 21:44:14.5171842 PowerTaskList.DebugPrintPower() -     TAG_CHANGE Entity=湫然#51704 tag=NUM_TURNS_IN_PLAY value=3 
D 21:44:14.5171842 PowerTaskList.DebugPrintPower() -     TAG_CHANGE Entity=[entityName=安度因·乌瑞恩 id=67 zone=PLAY zonePos=0 cardId=HERO_09 player=1] tag=NUM_TURNS_IN_PLAY value=3 
D 21:44:14.5171842 PowerTaskList.DebugPrintPower() -     TAG_CHANGE Entity=[entityName=次级治疗术 id=68 zone=PLAY zonePos=0 cardId=HERO_09bp player=1] tag=NUM_TURNS_IN_PLAY value=3 
D 21:44:14.5171842 PowerTaskList.DebugPrintPower() -     TAG_CHANGE Entity=[entityName=嘲风望月露娜拉 id=69 zone=PLAY zonePos=0 cardId=HERO_06bi player=2] tag=NUM_TURNS_IN_PLAY value=3 
D 21:44:14.5171842 PowerTaskList.DebugPrintPower() -     TAG_CHANGE Entity=[entityName=变形 id=70 zone=PLAY zonePos=0 cardId=HERO_06ebp player=2] tag=NUM_TURNS_IN_PLAY value=3 
D 21:44:14.5171842 PowerTaskList.DebugPrintPower() -     TAG_CHANGE Entity=[entityName=寻求指引 id=13 zone=SECRET zonePos=0 cardId=SW_433 player=1] tag=NUM_TURNS_IN_PLAY value=1 
D 21:44:14.5171842 PowerTaskList.DebugPrintPower() -     TAG_CHANGE Entity=湫然#51704 tag=RESOURCES value=2 
D 21:44:14.5171842 PowerTaskList.DebugPrintPower() -     TAG_CHANGE Entity=湫然#51704 tag=3242 value=0 
D 21:44:14.5171842 PowerTaskList.DebugPrintPower() -     TAG_CHANGE Entity=Rose#55519 tag=NUM_CARDS_DRAWN_THIS_TURN value=0 
D 21:44:14.5171842 PowerTaskList.DebugPrintPower() -     TAG_CHANGE Entity=GameEntity tag=NEXT_STEP value=MAIN_START_TRIGGERS 
D 21:44:14.5171842 PowerTaskList.DebugPrintPower() - BLOCK_END
D 21:44:14.5171842 PowerProcessor.PrepareHistoryForCurrentTaskList() - m_currentTaskList=61
D 21:44:14.5171842 PowerProcessor.EndCurrentTaskList() - m_currentTaskList=61
D 21:44:14.5171842 PowerTaskList.DebugDump() - ID=62 ParentID=0 PreviousID=0 TaskCount=1
D 21:44:14.5171842 PowerTaskList.DebugDump() - Block Start=(null)
D 21:44:14.5171842 PowerTaskList.DebugPrintPower() -     TAG_CHANGE Entity=GameEntity tag=STEP value=MAIN_START_TRIGGERS 
D 21:44:14.5171842 PowerTaskList.DebugDump() - Block End=(null)
D 21:44:14.5171842 PowerProcessor.PrepareHistoryForCurrentTaskList() - m_currentTaskList=62
D 21:44:14.5171842 PowerProcessor.EndCurrentTaskList() - m_currentTaskList=62
D 21:44:14.5171842 PowerTaskList.DebugDump() - ID=63 ParentID=0 PreviousID=0 TaskCount=1
D 21:44:14.5171842 PowerTaskList.DebugPrintPower() - BLOCK_START BlockType=TRIGGER Entity=湫然#51704 EffectCardId=System.Collections.Generic.List`1[System.String] EffectIndex=-1 Target=0 SubOption=-1 TriggerKeyword=TAG_NOT_SET
D 21:44:14.5171842 PowerTaskList.DebugPrintPower() -     TAG_CHANGE Entity=GameEntity tag=NEXT_STEP value=MAIN_START 
D 21:44:14.5171842 PowerTaskList.DebugPrintPower() - BLOCK_END
D 21:44:14.5171842 PowerProcessor.PrepareHistoryForCurrentTaskList() - m_currentTaskList=63
D 21:44:14.5171842 PowerProcessor.EndCurrentTaskList() - m_currentTaskList=63
D 21:44:14.5171842 PowerTaskList.DebugDump() - ID=64 ParentID=0 PreviousID=0 TaskCount=1
D 21:44:14.5171842 PowerTaskList.DebugDump() - Block Start=(null)
D 21:44:14.5171842 PowerTaskList.DebugPrintPower() -     TAG_CHANGE Entity=GameEntity tag=STEP value=MAIN_START 
D 21:44:14.5171842 PowerTaskList.DebugDump() - Block End=(null)
D 21:44:14.5171842 PowerProcessor.PrepareHistoryForCurrentTaskList() - m_currentTaskList=64
D 21:44:14.5171842 PowerProcessor.EndCurrentTaskList() - m_currentTaskList=64
D 21:44:14.5171842 PowerTaskList.DebugDump() - ID=65 ParentID=0 PreviousID=0 TaskCount=12
D 21:44:14.5171842 PowerTaskList.DebugPrintPower() - BLOCK_START BlockType=TRIGGER Entity=湫然#51704 EffectCardId=System.Collections.Generic.List`1[System.String] EffectIndex=-1 Target=0 SubOption=-1 TriggerKeyword=TAG_NOT_SET
D 21:44:14.5171842 PowerTaskList.DebugPrintPower() -     TAG_CHANGE Entity=湫然#51704 tag=2166 value=35 
D 21:44:14.5171842 PowerTaskList.DebugPrintPower() -     TAG_CHANGE Entity=湫然#51704 tag=467 value=1 
D 21:44:14.5171842 PowerTaskList.DebugPrintPower() -     SHOW_ENTITY - Updating Entity=[entityName=UNKNOWN ENTITY [cardType=INVALID] id=35 zone=DECK zonePos=0 cardId= player=2] CardID=BT_724
D 21:44:14.5171842 PowerTaskList.DebugPrintPower() -         tag=CONTROLLER value=2
D 21:44:14.5171842 PowerTaskList.DebugPrintPower() -         tag=CARDTYPE value=MINION
D 21:44:14.5171842 PowerTaskList.DebugPrintPower() -         tag=TAG_LAST_KNOWN_COST_IN_HAND value=1
D 21:44:14.5171842 PowerTaskList.DebugPrintPower() -         tag=479 value=2
D 21:44:14.5171842 PowerTaskList.DebugPrintPower() -         tag=COST value=1
D 21:44:14.5171842 PowerTaskList.DebugPrintPower() -         tag=ATK value=2
D 21:44:14.5171842 PowerTaskList.DebugPrintPower() -         tag=HEALTH value=1
D 21:44:14.5171842 PowerTaskList.DebugPrintPower() -         tag=ZONE value=HAND
D 21:44:14.5171842 PowerTaskList.DebugPrintPower() -         tag=ENTITY_ID value=35
D 21:44:14.5171842 PowerTaskList.DebugPrintPower() -         tag=CLASS value=NEUTRAL
D 21:44:14.5171842 PowerTaskList.DebugPrintPower() -         tag=RARITY value=COMMON
D 21:44:14.5171842 PowerTaskList.DebugPrintPower() -         tag=BATTLECRY value=1
D 21:44:14.5171842 PowerTaskList.DebugPrintPower() -         tag=478 value=2
D 21:44:14.5171842 PowerTaskList.DebugPrintPower() -         tag=1037 value=2
D 21:44:14.5171842 PowerTaskList.DebugPrintPower() -         tag=1043 value=1
D 21:44:14.5171842 PowerTaskList.DebugPrintPower() -         tag=1068 value=0
D 21:44:14.5171842 PowerTaskList.DebugPrintPower() -         tag=SPAWN_TIME_COUNT value=1
D 21:44:14.5171842 PowerTaskList.DebugPrintPower() -         tag=HAS_ACTIVATE_POWER value=1
D 21:44:14.5171842 PowerTaskList.DebugPrintPower() -         tag=3085 value=1
D 21:44:14.5171842 PowerTaskList.DebugPrintPower() -         tag=4472 value=2
D 21:44:14.5171842 PowerTaskList.DebugPrintPower() -     TAG_CHANGE Entity=[entityName=UNKNOWN ENTITY [cardType=INVALID] id=35 zone=DECK zonePos=0 cardId= player=2] tag=NUM_TURNS_IN_HAND value=1 
D 21:44:14.5171842 PowerTaskList.DebugPrintPower() -     TAG_CHANGE Entity=[entityName=UNKNOWN ENTITY [cardType=INVALID] id=35 zone=DECK zonePos=0 cardId= player=2] tag=ZONE_POSITION value=5 
D 21:44:14.5171842 PowerTaskList.DebugPrintPower() -     TAG_CHANGE Entity=[entityName=UNKNOWN ENTITY [cardType=INVALID] id=35 zone=DECK zonePos=0 cardId= player=2] tag=ZONE_POSITION value=0 
D 21:44:14.5171842 PowerTaskList.DebugPrintPower() -     TAG_CHANGE Entity=[entityName=UNKNOWN ENTITY [cardType=INVALID] id=35 zone=DECK zonePos=0 cardId= player=2] tag=ZONE_POSITION value=5 
D 21:44:14.5171842 PowerTaskList.DebugPrintPower() -     TAG_CHANGE Entity=湫然#51704 tag=NUM_CARDS_DRAWN_THIS_TURN value=1 
D 21:44:14.5171842 PowerTaskList.DebugPrintPower() -     TAG_CHANGE Entity=湫然#51704 tag=995 value=2 
D 21:44:14.5171842 PowerTaskList.DebugPrintPower() -     TAG_CHANGE Entity=[entityName=UNKNOWN ENTITY [cardType=INVALID] id=35 zone=DECK zonePos=0 cardId= player=2] tag=1570 value=3 
D 21:44:14.5171842 PowerTaskList.DebugPrintPower() -     TAG_CHANGE Entity=湫然#51704 tag=467 value=0 
D 21:44:14.5171842 PowerTaskList.DebugPrintPower() -     TAG_CHANGE Entity=GameEntity tag=NEXT_STEP value=MAIN_ACTION 
D 21:44:14.5171842 PowerTaskList.DebugPrintPower() - BLOCK_END
D 21:44:14.5171842 PowerProcessor.PrepareHistoryForCurrentTaskList() - m_currentTaskList=65
D 21:44:15.0383187 PowerProcessor.EndCurrentTaskList() - m_currentTaskList=65
D 21:44:15.0447935 PowerTaskList.DebugDump() - ID=66 ParentID=0 PreviousID=0 TaskCount=1
D 21:44:15.0447935 PowerTaskList.DebugDump() - Block Start=(null)
D 21:44:15.0447935 PowerTaskList.DebugPrintPower() -     TAG_CHANGE Entity=GameEntity tag=STEP value=MAIN_ACTION 
D 21:44:15.0447935 PowerTaskList.DebugDump() - Block End=(null)
D 21:44:15.0447935 PowerProcessor.PrepareHistoryForCurrentTaskList() - m_currentTaskList=66
D 21:44:15.0447935 PowerProcessor.EndCurrentTaskList() - m_currentTaskList=66
D 21:44:15.0447935 PowerTaskList.DebugDump() - ID=67 ParentID=0 PreviousID=0 TaskCount=1
D 21:44:15.0447935 PowerTaskList.DebugPrintPower() - BLOCK_START BlockType=TRIGGER Entity=湫然#51704 EffectCardId=System.Collections.Generic.List`1[System.String] EffectIndex=-1 Target=0 SubOption=-1 TriggerKeyword=TAG_NOT_SET
D 21:44:15.0447935 PowerTaskList.DebugPrintPower() -     TAG_CHANGE Entity=GameEntity tag=NEXT_STEP value=MAIN_END 
D 21:44:15.0447935 PowerTaskList.DebugPrintPower() - BLOCK_END
D 21:44:15.0447935 PowerProcessor.PrepareHistoryForCurrentTaskList() - m_currentTaskList=67
D 21:44:15.0447935 PowerProcessor.EndCurrentTaskList() - m_currentTaskList=67
D 21:44:23.4092801 GameState.SendOption() - selectedOption=6 selectedSubOption=-1 selectedTarget=0 selectedPosition=0
D 21:44:23.8099343 GameState.DebugPrintPowerList() - Count=32
D 21:44:23.8099343 GameState.DebugPrintPower() - BLOCK_START BlockType=PLAY Entity=[entityName=变形 id=70 zone=PLAY zonePos=0 cardId=HERO_06ebp player=2] EffectCardId=System.Collections.Generic.List`1[System.String] EffectIndex=0 Target=0 SubOption=-1 
D 21:44:23.8099343 GameState.DebugPrintPower() -     TAG_CHANGE Entity=湫然#51704 tag=2245 value=2 
D 21:44:23.8099343 GameState.DebugPrintPower() -     TAG_CHANGE Entity=湫然#51704 tag=RESOURCES_USED value=2 
D 21:44:23.8099343 GameState.DebugPrintPower() -     TAG_CHANGE Entity=湫然#51704 tag=NUM_RESOURCES_SPENT_THIS_GAME value=2 
D 21:44:23.8099343 GameState.DebugPrintPower() -     META_DATA - Meta=SLUSH_TIME Data=2000 InfoCount=1
D 21:44:23.8099343 GameState.DebugPrintPower() -                 Info[0] = [entityName=变形 id=70 zone=PLAY zonePos=0 cardId=HERO_06ebp player=2]
D 21:44:23.8099343 GameState.DebugPrintPower() -     BLOCK_START BlockType=POWER Entity=[entityName=变形 id=70 zone=PLAY zonePos=0 cardId=HERO_06ebp player=2] EffectCardId=System.Collections.Generic.List`1[System.String] EffectIndex=0 Target=0 SubOption=-1 
D 21:44:23.8099343 GameState.DebugPrintPower() -         META_DATA - Meta=EFFECT_TIMING Data=0 InfoCount=1
D 21:44:23.8099343 GameState.DebugPrintPower() -                     Info[0] = [entityName=变形 id=70 zone=PLAY zonePos=0 cardId=HERO_06ebp player=2]
D 21:44:23.8099343 GameState.DebugPrintPower() -         TAG_CHANGE Entity=[entityName=嘲风望月露娜拉 id=69 zone=PLAY zonePos=0 cardId=HERO_06bi player=2] tag=3883 value=1 
D 21:44:23.8099343 GameState.DebugPrintPower() -         TAG_CHANGE Entity=[entityName=嘲风望月露娜拉 id=69 zone=PLAY zonePos=0 cardId=HERO_06bi player=2] tag=3883 value=0 
D 21:44:23.8099343 GameState.DebugPrintPower() -         TAG_CHANGE Entity=[entityName=嘲风望月露娜拉 id=69 zone=PLAY zonePos=0 cardId=HERO_06bi player=2] tag=ARMOR value=1 
D 21:44:23.8099343 GameState.DebugPrintPower() -         TAG_CHANGE Entity=湫然#51704 tag=ARMOR_GAINED_THIS_GAME value=1 
D 21:44:23.8099343 GameState.DebugPrintPower() -         TAG_CHANGE Entity=湫然#51704 tag=2786 value=1 
D 21:44:23.8099343 GameState.DebugPrintPower() -         FULL_ENTITY - Creating ID=115 CardID=
D 21:44:23.8099343 GameState.DebugPrintPower() -             tag=ZONE value=SETASIDE
D 21:44:23.8099343 GameState.DebugPrintPower() -             tag=CONTROLLER value=2
D 21:44:23.8099343 GameState.DebugPrintPower() -             tag=ENTITY_ID value=115
D 21:44:23.8099343 GameState.DebugPrintPower() -         SHOW_ENTITY - Updating Entity=115 CardID=CS2_017o
D 21:44:23.8099343 GameState.DebugPrintPower() -             tag=CONTROLLER value=2
D 21:44:23.8099343 GameState.DebugPrintPower() -             tag=CARDTYPE value=ENCHANTMENT
D 21:44:23.8099343 GameState.DebugPrintPower() -             tag=TAG_SCRIPT_DATA_NUM_1 value=1
D 21:44:23.8099343 GameState.DebugPrintPower() -             tag=PREMIUM value=1
D 21:44:23.8099343 GameState.DebugPrintPower() -             tag=ATTACHED value=69
D 21:44:23.8099343 GameState.DebugPrintPower() -             tag=ZONE value=SETASIDE
D 21:44:23.8099343 GameState.DebugPrintPower() -             tag=ENTITY_ID value=115
D 21:44:23.8099343 GameState.DebugPrintPower() -             tag=CLASS value=DRUID
D 21:44:23.8099343 GameState.DebugPrintPower() -             tag=CREATOR value=70
D 21:44:23.8099343 GameState.DebugPrintPower() -             tag=TAG_ONE_TURN_EFFECT value=1
D 21:44:23.8099343 GameState.DebugPrintPower() -             tag=1037 value=2
D 21:44:23.8099343 GameState.DebugPrintPower() -             tag=1068 value=0
D 21:44:23.8099343 GameState.DebugPrintPower() -             tag=CREATOR_DBID value=66926
D 21:44:23.8099343 GameState.DebugPrintPower() -             tag=SPAWN_TIME_COUNT value=1
D 21:44:23.8099343 GameState.DebugPrintPower() -             tag=4901 value=0
D 21:44:23.8099343 GameState.DebugPrintPower() -         TAG_CHANGE Entity=[entityName=嘲风望月露娜拉 id=69 zone=PLAY zonePos=0 cardId=HERO_06bi player=2] tag=TAG_ONE_TURN_EFFECT value=1 
D 21:44:23.8099343 GameState.DebugPrintPower() -         TAG_CHANGE Entity=115 tag=1068 value=1 
D 21:44:23.8099343 GameState.DebugPrintPower() -         TAG_CHANGE Entity=115 tag=1068 value=0 
D 21:44:23.8099343 GameState.DebugPrintPower() -         TAG_CHANGE Entity=115 tag=ZONE value=PLAY 
D 21:44:23.8099343 GameState.DebugPrintPower() -         TAG_CHANGE Entity=[entityName=嘲风望月露娜拉 id=69 zone=PLAY zonePos=0 cardId=HERO_06bi player=2] tag=479 value=1 
D 21:44:23.8099343 GameState.DebugPrintPower() -         TAG_CHANGE Entity=[entityName=嘲风望月露娜拉 id=69 zone=PLAY zonePos=0 cardId=HERO_06bi player=2] tag=ATK value=1 
D 21:44:23.8099343 GameState.DebugPrintPower() -         TAG_CHANGE Entity=[entityName=嘲风望月露娜拉 id=69 zone=PLAY zonePos=0 cardId=HERO_06bi player=2] tag=4741 value=1 
D 21:44:23.8099343 GameState.DebugPrintPower() -         TAG_CHANGE Entity=[entityName=嘲风望月露娜拉 id=69 zone=PLAY zonePos=0 cardId=HERO_06bi player=2] tag=LAST_AFFECTED_BY value=70 
D 21:44:23.8099343 GameState.DebugPrintPower() -     BLOCK_END
D 21:44:23.8099343 GameState.DebugPrintPower() -     TAG_CHANGE Entity=湫然#51704 tag=HEROPOWER_ACTIVATIONS_THIS_TURN value=1 
D 21:44:23.8099343 GameState.DebugPrintPower() -     TAG_CHANGE Entity=湫然#51704 tag=1739 value=1 
D 21:44:23.8099343 GameState.DebugPrintPower() -     TAG_CHANGE Entity=湫然#51704 tag=NUM_TIMES_HERO_POWER_USED_THIS_GAME value=1 
D 21:44:23.8099343 GameState.DebugPrintPower() -     TAG_CHANGE Entity=[entityName=变形 id=70 zone=PLAY zonePos=0 cardId=HERO_06ebp player=2] tag=HEROPOWER_ACTIVATIONS_THIS_TURN value=1 
D 21:44:23.8099343 GameState.DebugPrintPower() -     TAG_CHANGE Entity=[entityName=变形 id=70 zone=PLAY zonePos=0 cardId=HERO_06ebp player=2] tag=EXHAUSTED value=1 
D 21:44:23.8099343 GameState.DebugPrintPower() -     TAG_CHANGE Entity=GameEntity tag=1323 value=2 
D 21:44:23.8099343 GameState.DebugPrintPower() -     TAG_CHANGE Entity=湫然#51704 tag=NUM_OPTIONS_PLAYED_THIS_TURN value=1 
D 21:44:23.8099343 GameState.DebugPrintPower() - BLOCK_END
D 21:44:23.8099343 GameState.DebugPrintPower() - META_DATA - Meta=SLUSH_TIME Data=1000 InfoCount=1
D 21:44:23.8099343 GameState.DebugPrintPower() -             Info[0] = [entityName=变形 id=70 zone=PLAY zonePos=0 cardId=HERO_06ebp player=2]
D 21:44:23.8099343 PowerTaskList.DebugDump() - ID=68 ParentID=0 PreviousID=0 TaskCount=4
D 21:44:23.8099343 PowerTaskList.DebugPrintPower() - BLOCK_START BlockType=PLAY Entity=[entityName=变形 id=70 zone=PLAY zonePos=0 cardId=HERO_06ebp player=2] EffectCardId=System.Collections.Generic.List`1[System.String] EffectIndex=0 Target=0 SubOption=-1 
D 21:44:23.8099343 PowerTaskList.DebugPrintPower() -     TAG_CHANGE Entity=湫然#51704 tag=2245 value=2 
D 21:44:23.8099343 PowerTaskList.DebugPrintPower() -     TAG_CHANGE Entity=湫然#51704 tag=RESOURCES_USED value=2 
D 21:44:23.8099343 PowerTaskList.DebugPrintPower() -     TAG_CHANGE Entity=湫然#51704 tag=NUM_RESOURCES_SPENT_THIS_GAME value=2 
D 21:44:23.8099343 PowerTaskList.DebugPrintPower() -     META_DATA - Meta=SLUSH_TIME Data=2000 InfoCount=1
D 21:44:23.8099343 PowerTaskList.DebugPrintPower() -                 Info[0] = [entityName=变形 id=70 zone=PLAY zonePos=0 cardId=HERO_06ebp player=2]
D 21:44:23.8099343 PowerTaskList.DebugDump() - Block End=(null)
D 21:44:23.8099343 PowerProcessor.PrepareHistoryForCurrentTaskList() - m_currentTaskList=68
D 21:44:23.8099343 PowerProcessor.DoTaskListForCard() - unhandled BlockType PLAY for sourceEntity [entityName=变形 id=70 zone=PLAY zonePos=0 cardId=HERO_06ebp player=2]
D 21:44:23.8099343 PowerProcessor.EndCurrentTaskList() - m_currentTaskList=68
D 21:44:23.8099343 PowerTaskList.DebugDump() - ID=69 ParentID=68 PreviousID=0 TaskCount=16
D 21:44:23.8099343 PowerTaskList.DebugPrintPower() - BLOCK_START BlockType=POWER Entity=[entityName=变形 id=70 zone=PLAY zonePos=0 cardId=HERO_06ebp player=2] EffectCardId=System.Collections.Generic.List`1[System.String] EffectIndex=0 Target=0 SubOption=-1 
D 21:44:23.8099343 PowerTaskList.DebugPrintPower() -     META_DATA - Meta=EFFECT_TIMING Data=0 InfoCount=1
D 21:44:23.8099343 PowerTaskList.DebugPrintPower() -                 Info[0] = [entityName=变形 id=70 zone=PLAY zonePos=0 cardId=HERO_06ebp player=2]
D 21:44:23.8099343 PowerTaskList.DebugPrintPower() -     TAG_CHANGE Entity=[entityName=嘲风望月露娜拉 id=69 zone=PLAY zonePos=0 cardId=HERO_06bi player=2] tag=3883 value=1 
D 21:44:23.8099343 PowerTaskList.DebugPrintPower() -     TAG_CHANGE Entity=[entityName=嘲风望月露娜拉 id=69 zone=PLAY zonePos=0 cardId=HERO_06bi player=2] tag=3883 value=0 
D 21:44:23.8099343 PowerTaskList.DebugPrintPower() -     TAG_CHANGE Entity=[entityName=嘲风望月露娜拉 id=69 zone=PLAY zonePos=0 cardId=HERO_06bi player=2] tag=ARMOR value=1 
D 21:44:23.8099343 PowerTaskList.DebugPrintPower() -     TAG_CHANGE Entity=湫然#51704 tag=ARMOR_GAINED_THIS_GAME value=1 
D 21:44:23.8099343 PowerTaskList.DebugPrintPower() -     TAG_CHANGE Entity=湫然#51704 tag=2786 value=1 
D 21:44:23.8099343 PowerTaskList.DebugPrintPower() -     FULL_ENTITY - Updating [entityName=UNKNOWN ENTITY [cardType=INVALID] id=115 zone=SETASIDE zonePos=0 cardId= player=2] CardID=
D 21:44:23.8099343 PowerTaskList.DebugPrintPower() -         tag=ZONE value=SETASIDE
D 21:44:23.8099343 PowerTaskList.DebugPrintPower() -         tag=CONTROLLER value=2
D 21:44:23.8099343 PowerTaskList.DebugPrintPower() -         tag=ENTITY_ID value=115
D 21:44:23.8099343 PowerTaskList.DebugPrintPower() -     SHOW_ENTITY - Updating Entity=[entityName=UNKNOWN ENTITY [cardType=INVALID] id=115 zone=SETASIDE zonePos=0 cardId= player=2] CardID=CS2_017o
D 21:44:23.8099343 PowerTaskList.DebugPrintPower() -         tag=CONTROLLER value=2
D 21:44:23.8099343 PowerTaskList.DebugPrintPower() -         tag=CARDTYPE value=ENCHANTMENT
D 21:44:23.8099343 PowerTaskList.DebugPrintPower() -         tag=TAG_SCRIPT_DATA_NUM_1 value=1
D 21:44:23.8099343 PowerTaskList.DebugPrintPower() -         tag=PREMIUM value=1
D 21:44:23.8099343 PowerTaskList.DebugPrintPower() -         tag=ATTACHED value=69
D 21:44:23.8099343 PowerTaskList.DebugPrintPower() -         tag=ZONE value=SETASIDE
D 21:44:23.8099343 PowerTaskList.DebugPrintPower() -         tag=ENTITY_ID value=115
D 21:44:23.8099343 PowerTaskList.DebugPrintPower() -         tag=CLASS value=DRUID
D 21:44:23.8099343 PowerTaskList.DebugPrintPower() -         tag=CREATOR value=70
D 21:44:23.8099343 PowerTaskList.DebugPrintPower() -         tag=TAG_ONE_TURN_EFFECT value=1
D 21:44:23.8099343 PowerTaskList.DebugPrintPower() -         tag=1037 value=2
D 21:44:23.8099343 PowerTaskList.DebugPrintPower() -         tag=1068 value=0
D 21:44:23.8099343 PowerTaskList.DebugPrintPower() -         tag=CREATOR_DBID value=66926
D 21:44:23.8099343 PowerTaskList.DebugPrintPower() -         tag=SPAWN_TIME_COUNT value=1
D 21:44:23.8099343 PowerTaskList.DebugPrintPower() -         tag=4901 value=0
D 21:44:23.8099343 PowerTaskList.DebugPrintPower() -     TAG_CHANGE Entity=[entityName=嘲风望月露娜拉 id=69 zone=PLAY zonePos=0 cardId=HERO_06bi player=2] tag=TAG_ONE_TURN_EFFECT value=1 
D 21:44:23.8099343 PowerTaskList.DebugPrintPower() -     TAG_CHANGE Entity=[entityName=UNKNOWN ENTITY [cardType=INVALID] id=115 zone=SETASIDE zonePos=0 cardId= player=2] tag=1068 value=1 
D 21:44:23.8099343 PowerTaskList.DebugPrintPower() -     TAG_CHANGE Entity=[entityName=UNKNOWN ENTITY [cardType=INVALID] id=115 zone=SETASIDE zonePos=0 cardId= player=2] tag=1068 value=0 
D 21:44:23.8099343 PowerTaskList.DebugPrintPower() -     TAG_CHANGE Entity=[entityName=UNKNOWN ENTITY [cardType=INVALID] id=115 zone=SETASIDE zonePos=0 cardId= player=2] tag=ZONE value=PLAY 
D 21:44:23.8099343 PowerTaskList.DebugPrintPower() -     TAG_CHANGE Entity=[entityName=嘲风望月露娜拉 id=69 zone=PLAY zonePos=0 cardId=HERO_06bi player=2] tag=479 value=1 
D 21:44:23.8099343 PowerTaskList.DebugPrintPower() -     TAG_CHANGE Entity=[entityName=嘲风望月露娜拉 id=69 zone=PLAY zonePos=0 cardId=HERO_06bi player=2] tag=ATK value=1 
D 21:44:23.8099343 PowerTaskList.DebugPrintPower() -     TAG_CHANGE Entity=[entityName=嘲风望月露娜拉 id=69 zone=PLAY zonePos=0 cardId=HERO_06bi player=2] tag=4741 value=1 
D 21:44:23.8099343 PowerTaskList.DebugPrintPower() -     TAG_CHANGE Entity=[entityName=嘲风望月露娜拉 id=69 zone=PLAY zonePos=0 cardId=HERO_06bi player=2] tag=LAST_AFFECTED_BY value=70 
D 21:44:23.8099343 PowerTaskList.DebugPrintPower() - BLOCK_END
D 21:44:23.8099343 PowerProcessor.PrepareHistoryForCurrentTaskList() - m_currentTaskList=69
D 21:44:23.8192739 GameState.DebugPrintOptions() - id=5
D 21:44:23.8192739 GameState.DebugPrintOptions() -   option 0 type=END_TURN mainEntity= error=INVALID errorParam=
D 21:44:23.8192739 GameState.DebugPrintOptions() -   option 1 type=POWER mainEntity=[entityName=建造水晶塔 id=57 zone=HAND zonePos=4 cardId=SC_755 player=2] error=NONE errorParam=
D 21:44:23.8192739 GameState.DebugPrintOptions() -   option 2 type=POWER mainEntity=[entityName=嘲风望月露娜拉 id=69 zone=PLAY zonePos=0 cardId=HERO_06bi player=2] error=NONE errorParam=
D 21:44:23.8192739 GameState.DebugPrintOptions() -     target 0 entity=[entityName=安度因·乌瑞恩 id=67 zone=PLAY zonePos=0 cardId=HERO_09 player=1] error=NONE errorParam=
D 21:44:23.8192739 GameState.DebugPrintOptions() -     target 1 entity=[entityName=嘲风望月露娜拉 id=69 zone=PLAY zonePos=0 cardId=HERO_06bi player=2] error=REQ_ENEMY_TARGET errorParam=
D 21:44:23.8192739 GameState.DebugPrintOptions() -   option 3 type=POWER mainEntity=[entityName=月光射线 id=38 zone=HAND zonePos=1 cardId=TID_001 player=2] error=REQ_ENOUGH_MANA errorParam=
D 21:44:23.8192739 GameState.DebugPrintOptions() -   option 4 type=POWER mainEntity=[entityName=生命缚誓者的礼物 id=64 zone=HAND zonePos=2 cardId=TTN_955 player=2] error=REQ_ENOUGH_MANA errorParam=
D 21:44:23.8192739 GameState.DebugPrintOptions() -   option 5 type=POWER mainEntity=[entityName=生物计划 id=62 zone=HAND zonePos=3 cardId=BOT_054 player=2] error=REQ_ENOUGH_MANA errorParam=
D 21:44:23.8192739 GameState.DebugPrintOptions() -   option 6 type=POWER mainEntity=[entityName=虚灵改装师 id=35 zone=HAND zonePos=5 cardId=BT_724 player=2] error=REQ_ENOUGH_MANA errorParam=
D 21:44:23.8192739 GameState.DebugPrintOptions() -   option 7 type=POWER mainEntity=[entityName=安度因·乌瑞恩 id=67 zone=PLAY zonePos=0 cardId=HERO_09 player=1] error=REQ_YOUR_TURN errorParam=
D 21:44:23.8192739 GameState.DebugPrintOptions() -   option 8 type=POWER mainEntity=[entityName=次级治疗术 id=68 zone=PLAY zonePos=0 cardId=HERO_09bp player=1] error=REQ_YOUR_TURN errorParam=
D 21:44:23.8192739 GameState.DebugPrintOptions() -   option 9 type=POWER mainEntity=[entityName=变形 id=70 zone=PLAY zonePos=0 cardId=HERO_06ebp player=2] error=REQ_NOT_EXHAUSTED_HERO_POWER errorParam=
D 21:44:24.1218436 PowerProcessor.EndCurrentTaskList() - m_currentTaskList=69
D 21:44:24.1977897 GameState.SendOption() - selectedOption=2 selectedSubOption=-1 selectedTarget=67 selectedPosition=0
D 21:44:24.6205033 GameState.DebugPrintPowerList() - Count=42
D 21:44:24.6205033 GameState.DebugPrintPower() - TAG_CHANGE Entity=[entityName=嘲风望月露娜拉 id=69 zone=PLAY zonePos=0 cardId=HERO_06bi player=2] tag=CARD_TARGET value=67 
D 21:44:24.6205033 GameState.DebugPrintPower() - BLOCK_START BlockType=ATTACK Entity=[entityName=嘲风望月露娜拉 id=69 zone=PLAY zonePos=0 cardId=HERO_06bi player=2] EffectCardId=System.Collections.Generic.List`1[System.String] EffectIndex=0 Target=[entityName=安度因·乌瑞恩 id=67 zone=PLAY zonePos=0 cardId=HERO_09 player=1] SubOption=-1 
D 21:44:24.6205033 GameState.DebugPrintPower() -     TAG_CHANGE Entity=[entityName=嘲风望月露娜拉 id=69 zone=PLAY zonePos=0 cardId=HERO_06bi player=2] tag=1715 value=69 
D 21:44:24.6205033 GameState.DebugPrintPower() -     TAG_CHANGE Entity=[entityName=安度因·乌瑞恩 id=67 zone=PLAY zonePos=0 cardId=HERO_09 player=1] tag=1715 value=69 
D 21:44:24.6205033 GameState.DebugPrintPower() -     TAG_CHANGE Entity=GameEntity tag=PROPOSED_ATTACKER value=69 
D 21:44:24.6205033 GameState.DebugPrintPower() -     TAG_CHANGE Entity=GameEntity tag=PROPOSED_DEFENDER value=67 
D 21:44:24.6205033 GameState.DebugPrintPower() -     TAG_CHANGE Entity=[entityName=嘲风望月露娜拉 id=69 zone=PLAY zonePos=0 cardId=HERO_06bi player=2] tag=ATTACKING value=1 
D 21:44:24.6205033 GameState.DebugPrintPower() -     META_DATA - Meta=SLUSH_TIME Data=1200 InfoCount=1
D 21:44:24.6205033 GameState.DebugPrintPower() -                 Info[0] = [entityName=嘲风望月露娜拉 id=69 zone=PLAY zonePos=0 cardId=HERO_06bi player=2]
D 21:44:24.6205033 GameState.DebugPrintPower() -     TAG_CHANGE Entity=[entityName=安度因·乌瑞恩 id=67 zone=PLAY zonePos=0 cardId=HERO_09 player=1] tag=DEFENDING value=1 
D 21:44:24.6205033 GameState.DebugPrintPower() -     TAG_CHANGE Entity=[entityName=嘲风望月露娜拉 id=69 zone=PLAY zonePos=0 cardId=HERO_06bi player=2] tag=NUM_ATTACKS_THIS_TURN value=1 
D 21:44:24.6205033 GameState.DebugPrintPower() -     TAG_CHANGE Entity=[entityName=嘲风望月露娜拉 id=69 zone=PLAY zonePos=0 cardId=HERO_06bi player=2] tag=4163 value=1 
D 21:44:24.6205033 GameState.DebugPrintPower() -     TAG_CHANGE Entity=[entityName=嘲风望月露娜拉 id=69 zone=PLAY zonePos=0 cardId=HERO_06bi player=2] tag=EXHAUSTED value=1 
D 21:44:24.6205033 GameState.DebugPrintPower() -     TAG_CHANGE Entity=[entityName=安度因·乌瑞恩 id=67 zone=PLAY zonePos=0 cardId=HERO_09 player=1] tag=2187 value=69 
D 21:44:24.6205033 GameState.DebugPrintPower() -     TAG_CHANGE Entity=[entityName=安度因·乌瑞恩 id=67 zone=PLAY zonePos=0 cardId=HERO_09 player=1] tag=PREDAMAGE value=1 
D 21:44:24.6205033 GameState.DebugPrintPower() -     TAG_CHANGE Entity=[entityName=安度因·乌瑞恩 id=67 zone=PLAY zonePos=0 cardId=HERO_09 player=1] tag=1173 value=67 
D 21:44:24.6205033 GameState.DebugPrintPower() -     TAG_CHANGE Entity=[entityName=安度因·乌瑞恩 id=67 zone=PLAY zonePos=0 cardId=HERO_09 player=1] tag=2187 value=0 
D 21:44:24.6205033 GameState.DebugPrintPower() -     TAG_CHANGE Entity=[entityName=安度因·乌瑞恩 id=67 zone=PLAY zonePos=0 cardId=HERO_09 player=1] tag=PREDAMAGE value=0 
D 21:44:24.6205033 GameState.DebugPrintPower() -     TAG_CHANGE Entity=[entityName=安度因·乌瑞恩 id=67 zone=PLAY zonePos=0 cardId=HERO_09 player=1] tag=1173 value=0 
D 21:44:24.6205033 GameState.DebugPrintPower() -     TAG_CHANGE Entity=湫然#51704 tag=2335 value=1 
D 21:44:24.6205033 GameState.DebugPrintPower() -     TAG_CHANGE Entity=[entityName=安度因·乌瑞恩 id=67 zone=PLAY zonePos=0 cardId=HERO_09 player=1] tag=PREDAMAGE value=1 
D 21:44:24.6205033 GameState.DebugPrintPower() -     TAG_CHANGE Entity=[entityName=安度因·乌瑞恩 id=67 zone=PLAY zonePos=0 cardId=HERO_09 player=1] tag=PREDAMAGE value=0 
D 21:44:24.6205033 GameState.DebugPrintPower() -     META_DATA - Meta=DAMAGE Data=1 InfoCount=1
D 21:44:24.6205033 GameState.DebugPrintPower() -                 Info[0] = [entityName=安度因·乌瑞恩 id=67 zone=PLAY zonePos=0 cardId=HERO_09 player=1]
D 21:44:24.6205033 GameState.DebugPrintPower() -     TAG_CHANGE Entity=[entityName=安度因·乌瑞恩 id=67 zone=PLAY zonePos=0 cardId=HERO_09 player=1] tag=4741 value=2 
D 21:44:24.6205033 GameState.DebugPrintPower() -     TAG_CHANGE Entity=[entityName=安度因·乌瑞恩 id=67 zone=PLAY zonePos=0 cardId=HERO_09 player=1] tag=LAST_AFFECTED_BY value=69 
D 21:44:24.6205033 GameState.DebugPrintPower() -     TAG_CHANGE Entity=[entityName=安度因·乌瑞恩 id=67 zone=PLAY zonePos=0 cardId=HERO_09 player=1] tag=DAMAGE value=1 
D 21:44:24.6205033 GameState.DebugPrintPower() -     TAG_CHANGE Entity=Rose#55519 tag=464 value=1 
D 21:44:24.6205033 GameState.DebugPrintPower() -     TAG_CHANGE Entity=Rose#55519 tag=1853 value=1 
D 21:44:24.6205033 GameState.DebugPrintPower() -     TAG_CHANGE Entity=Rose#55519 tag=4453 value=1 
D 21:44:24.6205033 GameState.DebugPrintPower() -     TAG_CHANGE Entity=Rose#55519 tag=DAMAGE_DEALT_TO_HERO_LAST_TURN value=1 
D 21:44:24.6205033 GameState.DebugPrintPower() -     TAG_CHANGE Entity=Rose#55519 tag=1575 value=1 
D 21:44:24.6205033 GameState.DebugPrintPower() -     TAG_CHANGE Entity=GameEntity tag=1710 value=1 
D 21:44:24.6205033 GameState.DebugPrintPower() -     TAG_CHANGE Entity=GameEntity tag=1710 value=0 
D 21:44:24.6205033 GameState.DebugPrintPower() -     TAG_CHANGE Entity=GameEntity tag=PROPOSED_ATTACKER value=0 
D 21:44:24.6205033 GameState.DebugPrintPower() -     TAG_CHANGE Entity=GameEntity tag=PROPOSED_DEFENDER value=0 
D 21:44:24.6205033 GameState.DebugPrintPower() -     TAG_CHANGE Entity=[entityName=嘲风望月露娜拉 id=69 zone=PLAY zonePos=0 cardId=HERO_06bi player=2] tag=ATTACKING value=0 
D 21:44:24.6205033 GameState.DebugPrintPower() -     TAG_CHANGE Entity=[entityName=安度因·乌瑞恩 id=67 zone=PLAY zonePos=0 cardId=HERO_09 player=1] tag=DEFENDING value=0 
D 21:44:24.6205033 GameState.DebugPrintPower() - BLOCK_END
D 21:44:24.6205033 GameState.DebugPrintPower() - BLOCK_START BlockType=TRIGGER Entity=湫然#51704 EffectCardId=System.Collections.Generic.List`1[System.String] EffectIndex=-1 Target=0 SubOption=-1 TriggerKeyword=TAG_NOT_SET
D 21:44:24.6205033 GameState.DebugPrintPower() - BLOCK_END
D 21:44:24.6205033 GameState.DebugPrintPower() - TAG_CHANGE Entity=GameEntity tag=1323 value=3 
D 21:44:24.6205033 GameState.DebugPrintPower() - TAG_CHANGE Entity=湫然#51704 tag=NUM_OPTIONS_PLAYED_THIS_TURN value=2 
D 21:44:24.6205033 GameState.DebugPrintPower() - META_DATA - Meta=SLUSH_TIME Data=1000 InfoCount=1
D 21:44:24.6205033 GameState.DebugPrintPower() -             Info[0] = [entityName=嘲风望月露娜拉 id=69 zone=PLAY zonePos=0 cardId=HERO_06bi player=2]
D 21:44:24.6270451 GameState.DebugPrintOptions() - id=6
D 21:44:24.6270451 GameState.DebugPrintOptions() -   option 0 type=END_TURN mainEntity= error=INVALID errorParam=
D 21:44:24.6270451 GameState.DebugPrintOptions() -   option 1 type=POWER mainEntity=[entityName=建造水晶塔 id=57 zone=HAND zonePos=4 cardId=SC_755 player=2] error=NONE errorParam=
D 21:44:24.6270451 GameState.DebugPrintOptions() -   option 2 type=POWER mainEntity=[entityName=月光射线 id=38 zone=HAND zonePos=1 cardId=TID_001 player=2] error=REQ_ENOUGH_MANA errorParam=
D 21:44:24.6270451 GameState.DebugPrintOptions() -   option 3 type=POWER mainEntity=[entityName=生命缚誓者的礼物 id=64 zone=HAND zonePos=2 cardId=TTN_955 player=2] error=REQ_ENOUGH_MANA errorParam=
D 21:44:24.6270451 GameState.DebugPrintOptions() -   option 4 type=POWER mainEntity=[entityName=生物计划 id=62 zone=HAND zonePos=3 cardId=BOT_054 player=2] error=REQ_ENOUGH_MANA errorParam=
D 21:44:24.6270451 GameState.DebugPrintOptions() -   option 5 type=POWER mainEntity=[entityName=虚灵改装师 id=35 zone=HAND zonePos=5 cardId=BT_724 player=2] error=REQ_ENOUGH_MANA errorParam=
D 21:44:24.6270451 GameState.DebugPrintOptions() -   option 6 type=POWER mainEntity=[entityName=安度因·乌瑞恩 id=67 zone=PLAY zonePos=0 cardId=HERO_09 player=1] error=REQ_YOUR_TURN errorParam=
D 21:44:24.6270451 GameState.DebugPrintOptions() -   option 7 type=POWER mainEntity=[entityName=次级治疗术 id=68 zone=PLAY zonePos=0 cardId=HERO_09bp player=1] error=REQ_YOUR_TURN errorParam=
D 21:44:24.6270451 GameState.DebugPrintOptions() -   option 8 type=POWER mainEntity=[entityName=嘲风望月露娜拉 id=69 zone=PLAY zonePos=0 cardId=HERO_06bi player=2] error=REQ_NOT_EXHAUSTED_ACTIVATE errorParam=
D 21:44:24.6270451 GameState.DebugPrintOptions() -   option 9 type=POWER mainEntity=[entityName=变形 id=70 zone=PLAY zonePos=0 cardId=HERO_06ebp player=2] error=REQ_NOT_EXHAUSTED_HERO_POWER errorParam=
D 21:44:24.7810984 GameState.SendOption() - selectedOption=0 selectedSubOption=-1 selectedTarget=0 selectedPosition=0
D 21:44:25.2543742 PowerTaskList.DebugDump() - ID=70 ParentID=0 PreviousID=68 TaskCount=7
D 21:44:25.2543742 PowerTaskList.DebugDump() - Block Start=(null)
D 21:44:25.2543742 PowerTaskList.DebugPrintPower() -     TAG_CHANGE Entity=湫然#51704 tag=HEROPOWER_ACTIVATIONS_THIS_TURN value=1 
D 21:44:25.2543742 PowerTaskList.DebugPrintPower() -     TAG_CHANGE Entity=湫然#51704 tag=1739 value=1 
D 21:44:25.2543742 PowerTaskList.DebugPrintPower() -     TAG_CHANGE Entity=湫然#51704 tag=NUM_TIMES_HERO_POWER_USED_THIS_GAME value=1 
D 21:44:25.2543742 PowerTaskList.DebugPrintPower() -     TAG_CHANGE Entity=[entityName=变形 id=70 zone=PLAY zonePos=0 cardId=HERO_06ebp player=2] tag=HEROPOWER_ACTIVATIONS_THIS_TURN value=1 
D 21:44:25.2543742 PowerTaskList.DebugPrintPower() -     TAG_CHANGE Entity=[entityName=变形 id=70 zone=PLAY zonePos=0 cardId=HERO_06ebp player=2] tag=EXHAUSTED value=1 
D 21:44:25.2543742 PowerTaskList.DebugPrintPower() -     TAG_CHANGE Entity=GameEntity tag=1323 value=2 
D 21:44:25.2543742 PowerTaskList.DebugPrintPower() -     TAG_CHANGE Entity=湫然#51704 tag=NUM_OPTIONS_PLAYED_THIS_TURN value=1 
D 21:44:25.2543742 PowerTaskList.DebugPrintPower() - BLOCK_END
D 21:44:25.2543742 PowerProcessor.PrepareHistoryForCurrentTaskList() - m_currentTaskList=70
D 21:44:25.2543742 PowerProcessor.DoTaskListForCard() - unhandled BlockType PLAY for sourceEntity [entityName=变形 id=70 zone=PLAY zonePos=0 cardId=HERO_06ebp player=2]
D 21:44:25.2543742 PowerProcessor.EndCurrentTaskList() - m_currentTaskList=70
D 21:44:25.2543742 PowerTaskList.DebugDump() - ID=71 ParentID=0 PreviousID=0 TaskCount=1
D 21:44:25.2543742 PowerTaskList.DebugDump() - Block Start=(null)
D 21:44:25.2543742 PowerTaskList.DebugPrintPower() -     META_DATA - Meta=SLUSH_TIME Data=1000 InfoCount=1
D 21:44:25.2543742 PowerTaskList.DebugPrintPower() -                 Info[0] = [entityName=变形 id=70 zone=PLAY zonePos=0 cardId=HERO_06ebp player=2]
D 21:44:25.2543742 PowerTaskList.DebugDump() - Block End=(null)
D 21:44:25.2543742 PowerProcessor.PrepareHistoryForCurrentTaskList() - m_currentTaskList=71
D 21:44:25.2543742 PowerProcessor.EndCurrentTaskList() - m_currentTaskList=71
D 21:44:25.2543742 PowerTaskList.DebugDump() - ID=72 ParentID=0 PreviousID=0 TaskCount=1
D 21:44:25.2543742 PowerTaskList.DebugDump() - Block Start=(null)
D 21:44:25.2543742 PowerTaskList.DebugPrintPower() -     TAG_CHANGE Entity=[entityName=嘲风望月露娜拉 id=69 zone=PLAY zonePos=0 cardId=HERO_06bi player=2] tag=CARD_TARGET value=67 
D 21:44:25.2543742 PowerTaskList.DebugDump() - Block End=(null)
D 21:44:25.2543742 PowerProcessor.PrepareHistoryForCurrentTaskList() - m_currentTaskList=72
D 21:44:25.2543742 PowerProcessor.EndCurrentTaskList() - m_currentTaskList=72
D 21:44:25.2543742 PowerTaskList.DebugDump() - ID=73 ParentID=72 PreviousID=0 TaskCount=34
D 21:44:25.2543742 PowerTaskList.DebugPrintPower() - BLOCK_START BlockType=ATTACK Entity=[entityName=嘲风望月露娜拉 id=69 zone=PLAY zonePos=0 cardId=HERO_06bi player=2] EffectCardId=System.Collections.Generic.List`1[System.String] EffectIndex=0 Target=[entityName=安度因·乌瑞恩 id=67 zone=PLAY zonePos=0 cardId=HERO_09 player=1] SubOption=-1 
D 21:44:25.2543742 PowerTaskList.DebugPrintPower() -     TAG_CHANGE Entity=[entityName=嘲风望月露娜拉 id=69 zone=PLAY zonePos=0 cardId=HERO_06bi player=2] tag=1715 value=69 
D 21:44:25.2543742 PowerTaskList.DebugPrintPower() -     TAG_CHANGE Entity=[entityName=安度因·乌瑞恩 id=67 zone=PLAY zonePos=0 cardId=HERO_09 player=1] tag=1715 value=69 
D 21:44:25.2543742 PowerTaskList.DebugPrintPower() -     TAG_CHANGE Entity=GameEntity tag=PROPOSED_ATTACKER value=69 
D 21:44:25.2543742 PowerTaskList.DebugPrintPower() -     TAG_CHANGE Entity=GameEntity tag=PROPOSED_DEFENDER value=67 
D 21:44:25.2543742 PowerTaskList.DebugPrintPower() -     TAG_CHANGE Entity=[entityName=嘲风望月露娜拉 id=69 zone=PLAY zonePos=0 cardId=HERO_06bi player=2] tag=ATTACKING value=1 
D 21:44:25.2543742 PowerTaskList.DebugPrintPower() -     META_DATA - Meta=SLUSH_TIME Data=1200 InfoCount=1
D 21:44:25.2543742 PowerTaskList.DebugPrintPower() -                 Info[0] = [entityName=嘲风望月露娜拉 id=69 zone=PLAY zonePos=0 cardId=HERO_06bi player=2]
D 21:44:25.2543742 PowerTaskList.DebugPrintPower() -     TAG_CHANGE Entity=[entityName=安度因·乌瑞恩 id=67 zone=PLAY zonePos=0 cardId=HERO_09 player=1] tag=DEFENDING value=1 
D 21:44:25.2543742 PowerTaskList.DebugPrintPower() -     TAG_CHANGE Entity=[entityName=嘲风望月露娜拉 id=69 zone=PLAY zonePos=0 cardId=HERO_06bi player=2] tag=NUM_ATTACKS_THIS_TURN value=1 
D 21:44:25.2543742 PowerTaskList.DebugPrintPower() -     TAG_CHANGE Entity=[entityName=嘲风望月露娜拉 id=69 zone=PLAY zonePos=0 cardId=HERO_06bi player=2] tag=4163 value=1 
D 21:44:25.2543742 PowerTaskList.DebugPrintPower() -     TAG_CHANGE Entity=[entityName=嘲风望月露娜拉 id=69 zone=PLAY zonePos=0 cardId=HERO_06bi player=2] tag=EXHAUSTED value=1 
D 21:44:25.2543742 PowerTaskList.DebugPrintPower() -     TAG_CHANGE Entity=[entityName=安度因·乌瑞恩 id=67 zone=PLAY zonePos=0 cardId=HERO_09 player=1] tag=2187 value=69 
D 21:44:25.2543742 PowerTaskList.DebugPrintPower() -     TAG_CHANGE Entity=[entityName=安度因·乌瑞恩 id=67 zone=PLAY zonePos=0 cardId=HERO_09 player=1] tag=PREDAMAGE value=1 
D 21:44:25.2543742 PowerTaskList.DebugPrintPower() -     TAG_CHANGE Entity=[entityName=安度因·乌瑞恩 id=67 zone=PLAY zonePos=0 cardId=HERO_09 player=1] tag=1173 value=67 
D 21:44:25.2543742 PowerTaskList.DebugPrintPower() -     TAG_CHANGE Entity=[entityName=安度因·乌瑞恩 id=67 zone=PLAY zonePos=0 cardId=HERO_09 player=1] tag=2187 value=0 
D 21:44:25.2543742 PowerTaskList.DebugPrintPower() -     TAG_CHANGE Entity=[entityName=安度因·乌瑞恩 id=67 zone=PLAY zonePos=0 cardId=HERO_09 player=1] tag=PREDAMAGE value=0 
D 21:44:25.2543742 PowerTaskList.DebugPrintPower() -     TAG_CHANGE Entity=[entityName=安度因·乌瑞恩 id=67 zone=PLAY zonePos=0 cardId=HERO_09 player=1] tag=1173 value=0 
D 21:44:25.2543742 PowerTaskList.DebugPrintPower() -     TAG_CHANGE Entity=湫然#51704 tag=2335 value=1 
D 21:44:25.2543742 PowerTaskList.DebugPrintPower() -     TAG_CHANGE Entity=[entityName=安度因·乌瑞恩 id=67 zone=PLAY zonePos=0 cardId=HERO_09 player=1] tag=PREDAMAGE value=1 
D 21:44:25.2543742 PowerTaskList.DebugPrintPower() -     TAG_CHANGE Entity=[entityName=安度因·乌瑞恩 id=67 zone=PLAY zonePos=0 cardId=HERO_09 player=1] tag=PREDAMAGE value=0 
D 21:44:25.2543742 PowerTaskList.DebugPrintPower() -     META_DATA - Meta=DAMAGE Data=1 InfoCount=1
D 21:44:25.2543742 PowerTaskList.DebugPrintPower() -                 Info[0] = [entityName=安度因·乌瑞恩 id=67 zone=PLAY zonePos=0 cardId=HERO_09 player=1]
D 21:44:25.2543742 PowerTaskList.DebugPrintPower() -     TAG_CHANGE Entity=[entityName=安度因·乌瑞恩 id=67 zone=PLAY zonePos=0 cardId=HERO_09 player=1] tag=4741 value=2 
D 21:44:25.2543742 PowerTaskList.DebugPrintPower() -     TAG_CHANGE Entity=[entityName=安度因·乌瑞恩 id=67 zone=PLAY zonePos=0 cardId=HERO_09 player=1] tag=LAST_AFFECTED_BY value=69 
D 21:44:25.2543742 PowerTaskList.DebugPrintPower() -     TAG_CHANGE Entity=[entityName=安度因·乌瑞恩 id=67 zone=PLAY zonePos=0 cardId=HERO_09 player=1] tag=DAMAGE value=1 
D 21:44:25.2543742 PowerTaskList.DebugPrintPower() -     TAG_CHANGE Entity=Rose#55519 tag=464 value=1 
D 21:44:25.2543742 PowerTaskList.DebugPrintPower() -     TAG_CHANGE Entity=Rose#55519 tag=1853 value=1 
D 21:44:25.2543742 PowerTaskList.DebugPrintPower() -     TAG_CHANGE Entity=Rose#55519 tag=4453 value=1 
D 21:44:25.2543742 PowerTaskList.DebugPrintPower() -     TAG_CHANGE Entity=Rose#55519 tag=DAMAGE_DEALT_TO_HERO_LAST_TURN value=1 
D 21:44:25.2543742 PowerTaskList.DebugPrintPower() -     TAG_CHANGE Entity=Rose#55519 tag=1575 value=1 
D 21:44:25.2543742 PowerTaskList.DebugPrintPower() -     TAG_CHANGE Entity=GameEntity tag=1710 value=1 
D 21:44:25.2543742 PowerTaskList.DebugPrintPower() -     TAG_CHANGE Entity=GameEntity tag=1710 value=0 
D 21:44:25.2543742 PowerTaskList.DebugPrintPower() -     TAG_CHANGE Entity=GameEntity tag=PROPOSED_ATTACKER value=0 
D 21:44:25.2543742 PowerTaskList.DebugPrintPower() -     TAG_CHANGE Entity=GameEntity tag=PROPOSED_DEFENDER value=0 
D 21:44:25.2543742 PowerTaskList.DebugPrintPower() -     TAG_CHANGE Entity=[entityName=嘲风望月露娜拉 id=69 zone=PLAY zonePos=0 cardId=HERO_06bi player=2] tag=ATTACKING value=0 
D 21:44:25.2543742 PowerTaskList.DebugPrintPower() -     TAG_CHANGE Entity=[entityName=安度因·乌瑞恩 id=67 zone=PLAY zonePos=0 cardId=HERO_09 player=1] tag=DEFENDING value=0 
D 21:44:25.2543742 PowerTaskList.DebugPrintPower() - BLOCK_END
D 21:44:25.2543742 PowerProcessor.PrepareHistoryForCurrentTaskList() - m_currentTaskList=73
D 21:44:25.6112604 GameState.DebugPrintPowerList() - Count=90
D 21:44:25.6112604 GameState.DebugPrintPower() - TAG_CHANGE Entity=GameEntity tag=STEP value=MAIN_END 
D 21:44:25.6112604 GameState.DebugPrintPower() - BLOCK_START BlockType=TRIGGER Entity=Rose#55519 EffectCardId=System.Collections.Generic.List`1[System.String] EffectIndex=-1 Target=0 SubOption=-1 TriggerKeyword=TAG_NOT_SET
D 21:44:25.6112604 GameState.DebugPrintPower() - BLOCK_END
D 21:44:25.6112604 GameState.DebugPrintPower() - BLOCK_START BlockType=TRIGGER Entity=湫然#51704 EffectCardId=System.Collections.Generic.List`1[System.String] EffectIndex=-1 Target=0 SubOption=-1 TriggerKeyword=TAG_NOT_SET
D 21:44:25.6112604 GameState.DebugPrintPower() -     TAG_CHANGE Entity=GameEntity tag=NEXT_STEP value=MAIN_CLEANUP 
D 21:44:25.6112604 GameState.DebugPrintPower() - BLOCK_END
D 21:44:25.6112604 GameState.DebugPrintPower() - BLOCK_START BlockType=TRIGGER Entity=湫然#51704 EffectCardId=System.Collections.Generic.List`1[System.String] EffectIndex=-1 Target=0 SubOption=-1 TriggerKeyword=TAG_NOT_SET
D 21:44:25.6112604 GameState.DebugPrintPower() - BLOCK_END
D 21:44:25.6112604 GameState.DebugPrintPower() - TAG_CHANGE Entity=GameEntity tag=STEP value=MAIN_CLEANUP 
D 21:44:25.6112604 GameState.DebugPrintPower() - BLOCK_START BlockType=TRIGGER Entity=Rose#55519 EffectCardId=System.Collections.Generic.List`1[System.String] EffectIndex=-1 Target=0 SubOption=-1 TriggerKeyword=TAG_NOT_SET
D 21:44:25.6112604 GameState.DebugPrintPower() - BLOCK_END
D 21:44:25.6112604 GameState.DebugPrintPower() - BLOCK_START BlockType=TRIGGER Entity=湫然#51704 EffectCardId=System.Collections.Generic.List`1[System.String] EffectIndex=-1 Target=0 SubOption=-1 TriggerKeyword=TAG_NOT_SET
D 21:44:25.6112604 GameState.DebugPrintPower() -     TAG_CHANGE Entity=GameEntity tag=NEXT_STEP value=MAIN_NEXT 
D 21:44:25.6112604 GameState.DebugPrintPower() - BLOCK_END
D 21:44:25.6112604 GameState.DebugPrintPower() - BLOCK_START BlockType=TRIGGER Entity=[entityName=额外攻击力 id=115 zone=PLAY zonePos=0 cardId=CS2_017o player=2] EffectCardId=System.Collections.Generic.List`1[System.String] EffectIndex=-1 Target=0 SubOption=-1 TriggerKeyword=TAG_ONE_TURN_EFFECT
D 21:44:25.6112604 GameState.DebugPrintPower() -     TAG_CHANGE Entity=[entityName=额外攻击力 id=115 zone=PLAY zonePos=0 cardId=CS2_017o player=2] tag=2747 value=115 
D 21:44:25.6112604 GameState.DebugPrintPower() -     TAG_CHANGE Entity=[entityName=额外攻击力 id=115 zone=PLAY zonePos=0 cardId=CS2_017o player=2] tag=4741 value=1 
D 21:44:25.6112604 GameState.DebugPrintPower() -     TAG_CHANGE Entity=[entityName=额外攻击力 id=115 zone=PLAY zonePos=0 cardId=CS2_017o player=2] tag=LAST_AFFECTED_BY value=115 
D 21:44:25.6112604 GameState.DebugPrintPower() -     TAG_CHANGE Entity=[entityName=额外攻击力 id=115 zone=PLAY zonePos=0 cardId=CS2_017o player=2] tag=1068 value=4 
D 21:44:25.6112604 GameState.DebugPrintPower() -     TAG_CHANGE Entity=[entityName=额外攻击力 id=115 zone=PLAY zonePos=0 cardId=CS2_017o player=2] tag=1068 value=0 
D 21:44:25.6112604 GameState.DebugPrintPower() -     TAG_CHANGE Entity=[entityName=额外攻击力 id=115 zone=PLAY zonePos=0 cardId=CS2_017o player=2] tag=ZONE value=GRAVEYARD 
D 21:44:25.6112604 GameState.DebugPrintPower() -     TAG_CHANGE Entity=[entityName=嘲风望月露娜拉 id=69 zone=PLAY zonePos=0 cardId=HERO_06bi player=2] tag=TAG_ONE_TURN_EFFECT value=0 
D 21:44:25.6112604 GameState.DebugPrintPower() -     TAG_CHANGE Entity=[entityName=额外攻击力 id=115 zone=PLAY zonePos=0 cardId=CS2_017o player=2] tag=1234 value=69 
D 21:44:25.6112604 GameState.DebugPrintPower() -     HIDE_ENTITY - Entity=[entityName=额外攻击力 id=115 zone=PLAY zonePos=0 cardId=CS2_017o player=2] tag=ZONE value=GRAVEYARD
D 21:44:25.6112604 GameState.DebugPrintPower() -     TAG_CHANGE Entity=[entityName=嘲风望月露娜拉 id=69 zone=PLAY zonePos=0 cardId=HERO_06bi player=2] tag=479 value=0 
D 21:44:25.6112604 GameState.DebugPrintPower() -     TAG_CHANGE Entity=[entityName=嘲风望月露娜拉 id=69 zone=PLAY zonePos=0 cardId=HERO_06bi player=2] tag=ATK value=0 
D 21:44:25.6112604 GameState.DebugPrintPower() - BLOCK_END
D 21:44:25.6112604 GameState.DebugPrintPower() - TAG_CHANGE Entity=GameEntity tag=STEP value=MAIN_NEXT 
D 21:44:25.6112604 GameState.DebugPrintPower() - BLOCK_START BlockType=TRIGGER Entity=GameEntity EffectCardId=System.Collections.Generic.List`1[System.String] EffectIndex=-1 Target=0 SubOption=-1 TriggerKeyword=TAG_NOT_SET
D 21:44:25.6112604 GameState.DebugPrintPower() -     TAG_CHANGE Entity=湫然#51704 tag=1292 value=0 
D 21:44:25.6112604 GameState.DebugPrintPower() -     TAG_CHANGE Entity=Rose#55519 tag=1292 value=1 
D 21:44:25.6112604 GameState.DebugPrintPower() -     TAG_CHANGE Entity=湫然#51704 tag=TIMEOUT value=75 
D 21:44:25.6112604 GameState.DebugPrintPower() -     TAG_CHANGE Entity=[entityName=月光射线 id=38 zone=HAND zonePos=1 cardId=TID_001 player=2] tag=NUM_TURNS_IN_HAND value=4 
D 21:44:25.6112604 GameState.DebugPrintPower() -     TAG_CHANGE Entity=[entityName=生命缚誓者的礼物 id=64 zone=HAND zonePos=2 cardId=TTN_955 player=2] tag=NUM_TURNS_IN_HAND value=4 
D 21:44:25.6112604 GameState.DebugPrintPower() -     TAG_CHANGE Entity=[entityName=生物计划 id=62 zone=HAND zonePos=3 cardId=BOT_054 player=2] tag=NUM_TURNS_IN_HAND value=4 
D 21:44:25.6112604 GameState.DebugPrintPower() -     TAG_CHANGE Entity=[entityName=建造水晶塔 id=57 zone=HAND zonePos=4 cardId=SC_755 player=2] tag=NUM_TURNS_IN_HAND value=4 
D 21:44:25.6112604 GameState.DebugPrintPower() -     TAG_CHANGE Entity=[entityName=虚灵改装师 id=35 zone=HAND zonePos=5 cardId=BT_724 player=2] tag=NUM_TURNS_IN_HAND value=2 
D 21:44:25.6112604 GameState.DebugPrintPower() -     TAG_CHANGE Entity=湫然#51704 tag=CURRENT_PLAYER value=0 
D 21:44:25.6112604 GameState.DebugPrintPower() -     TAG_CHANGE Entity=Rose#55519 tag=CURRENT_PLAYER value=1 
D 21:44:25.6112604 GameState.DebugPrintPower() -     TAG_CHANGE Entity=GameEntity tag=TURN value=4 
D 21:44:25.6112604 GameState.DebugPrintPower() -     TAG_CHANGE Entity=GameEntity tag=1882 value=3 
D 21:44:25.6112604 GameState.DebugPrintPower() -     TAG_CHANGE Entity=Rose#55519 tag=TURN value=2 
D 21:44:25.6112604 GameState.DebugPrintPower() -     TAG_CHANGE Entity=GameEntity tag=NEXT_STEP value=MAIN_READY 
D 21:44:25.6112604 GameState.DebugPrintPower() - BLOCK_END
D 21:44:25.6112604 GameState.DebugPrintPower() - TAG_CHANGE Entity=GameEntity tag=STEP value=MAIN_READY 
D 21:44:25.6112604 GameState.DebugPrintPower() - BLOCK_START BlockType=TRIGGER Entity=Rose#55519 EffectCardId=System.Collections.Generic.List`1[System.String] EffectIndex=-1 Target=0 SubOption=-1 TriggerKeyword=TAG_NOT_SET
D 21:44:25.6112604 GameState.DebugPrintPower() -     TAG_CHANGE Entity=GameEntity tag=NUM_TURNS_IN_PLAY value=4 
D 21:44:25.6112604 GameState.DebugPrintPower() -     TAG_CHANGE Entity=Rose#55519 tag=NUM_TURNS_IN_PLAY value=4 
D 21:44:25.6112604 GameState.DebugPrintPower() -     TAG_CHANGE Entity=湫然#51704 tag=NUM_TURNS_IN_PLAY value=4 
D 21:44:25.6112604 GameState.DebugPrintPower() -     TAG_CHANGE Entity=[entityName=安度因·乌瑞恩 id=67 zone=PLAY zonePos=0 cardId=HERO_09 player=1] tag=NUM_TURNS_IN_PLAY value=4 
D 21:44:25.6112604 GameState.DebugPrintPower() -     TAG_CHANGE Entity=[entityName=次级治疗术 id=68 zone=PLAY zonePos=0 cardId=HERO_09bp player=1] tag=NUM_TURNS_IN_PLAY value=4 
D 21:44:25.6112604 GameState.DebugPrintPower() -     TAG_CHANGE Entity=[entityName=嘲风望月露娜拉 id=69 zone=PLAY zonePos=0 cardId=HERO_06bi player=2] tag=NUM_TURNS_IN_PLAY value=4 
D 21:44:25.6112604 GameState.DebugPrintPower() -     TAG_CHANGE Entity=[entityName=变形 id=70 zone=PLAY zonePos=0 cardId=HERO_06ebp player=2] tag=NUM_TURNS_IN_PLAY value=4 
D 21:44:25.6112604 GameState.DebugPrintPower() -     TAG_CHANGE Entity=[entityName=寻求指引 id=13 zone=SECRET zonePos=0 cardId=SW_433 player=1] tag=NUM_TURNS_IN_PLAY value=2 
D 21:44:25.6112604 GameState.DebugPrintPower() -     TAG_CHANGE Entity=Rose#55519 tag=RESOURCES value=2 
D 21:44:25.6112604 GameState.DebugPrintPower() -     TAG_CHANGE Entity=Rose#55519 tag=RESOURCES_USED value=0 
D 21:44:25.6112604 GameState.DebugPrintPower() -     TAG_CHANGE Entity=Rose#55519 tag=NUM_CARDS_PLAYED_THIS_TURN value=0 
D 21:44:25.6112604 GameState.DebugPrintPower() -     TAG_CHANGE Entity=Rose#55519 tag=NUM_OPTIONS_PLAYED_THIS_TURN value=0 
D 21:44:25.6112604 GameState.DebugPrintPower() -     TAG_CHANGE Entity=Rose#55519 tag=430 value=0 
D 21:44:25.6112604 GameState.DebugPrintPower() -     TAG_CHANGE Entity=Rose#55519 tag=3242 value=0 
D 21:44:25.6112604 GameState.DebugPrintPower() -     TAG_CHANGE Entity=[entityName=寻求指引 id=13 zone=SECRET zonePos=0 cardId=SW_433 player=1] tag=EXHAUSTED value=1 
D 21:44:25.6112604 GameState.DebugPrintPower() -     TAG_CHANGE Entity=湫然#51704 tag=NUM_CARDS_DRAWN_THIS_TURN value=0 
D 21:44:25.6112604 GameState.DebugPrintPower() -     TAG_CHANGE Entity=GameEntity tag=NEXT_STEP value=MAIN_START_TRIGGERS 
D 21:44:25.6112604 GameState.DebugPrintPower() -     TAG_CHANGE Entity=Rose#55519 tag=464 value=0 
D 21:44:25.6112604 GameState.DebugPrintPower() -     TAG_CHANGE Entity=Rose#55519 tag=4453 value=0 
D 21:44:25.6112604 GameState.DebugPrintPower() -     TAG_CHANGE Entity=Rose#55519 tag=1575 value=0 
D 21:44:25.6112604 GameState.DebugPrintPower() -     TAG_CHANGE Entity=湫然#51704 tag=2786 value=0 
D 21:44:25.6112604 GameState.DebugPrintPower() - BLOCK_END
D 21:44:25.6112604 GameState.DebugPrintPower() - TAG_CHANGE Entity=GameEntity tag=STEP value=MAIN_START_TRIGGERS 
D 21:44:25.6112604 GameState.DebugPrintPower() - BLOCK_START BlockType=TRIGGER Entity=Rose#55519 EffectCardId=System.Collections.Generic.List`1[System.String] EffectIndex=-1 Target=0 SubOption=-1 TriggerKeyword=TAG_NOT_SET
D 21:44:25.6112604 GameState.DebugPrintPower() -     TAG_CHANGE Entity=GameEntity tag=NEXT_STEP value=MAIN_START 
D 21:44:25.6112604 GameState.DebugPrintPower() - BLOCK_END
D 21:44:25.6112604 GameState.DebugPrintPower() - TAG_CHANGE Entity=GameEntity tag=STEP value=MAIN_START 
D 21:44:25.6112604 GameState.DebugPrintPower() - BLOCK_START BlockType=TRIGGER Entity=Rose#55519 EffectCardId=System.Collections.Generic.List`1[System.String] EffectIndex=-1 Target=0 SubOption=-1 TriggerKeyword=TAG_NOT_SET
D 21:44:25.6112604 GameState.DebugPrintPower() -     TAG_CHANGE Entity=Rose#55519 tag=2166 value=17 
D 21:44:25.6112604 GameState.DebugPrintPower() -     TAG_CHANGE Entity=Rose#55519 tag=467 value=1 
D 21:44:25.6112604 GameState.DebugPrintPower() -     TAG_CHANGE Entity=[entityName=UNKNOWN ENTITY [cardType=INVALID] id=17 zone=DECK zonePos=0 cardId= player=1] tag=ZONE value=HAND 
D 21:44:25.6112604 GameState.DebugPrintPower() -     TAG_CHANGE Entity=[entityName=UNKNOWN ENTITY [cardType=INVALID] id=17 zone=DECK zonePos=0 cardId= player=1] tag=ZONE_POSITION value=6 
D 21:44:25.6112604 GameState.DebugPrintPower() -     TAG_CHANGE Entity=[entityName=UNKNOWN ENTITY [cardType=INVALID] id=17 zone=DECK zonePos=0 cardId= player=1] tag=ZONE_POSITION value=0 
D 21:44:25.6112604 GameState.DebugPrintPower() -     TAG_CHANGE Entity=[entityName=UNKNOWN ENTITY [cardType=INVALID] id=17 zone=DECK zonePos=0 cardId= player=1] tag=ZONE_POSITION value=6 
D 21:44:25.6112604 GameState.DebugPrintPower() -     TAG_CHANGE Entity=Rose#55519 tag=3242 value=1 
D 21:44:25.6112604 GameState.DebugPrintPower() -     TAG_CHANGE Entity=Rose#55519 tag=NUM_CARDS_DRAWN_THIS_TURN value=1 
D 21:44:25.6112604 GameState.DebugPrintPower() -     TAG_CHANGE Entity=Rose#55519 tag=995 value=2 
D 21:44:25.6112604 GameState.DebugPrintPower() -     TAG_CHANGE Entity=Rose#55519 tag=467 value=0 
D 21:44:25.6112604 GameState.DebugPrintPower() -     TAG_CHANGE Entity=GameEntity tag=NEXT_STEP value=MAIN_ACTION 
D 21:44:25.6112604 GameState.DebugPrintPower() - BLOCK_END
D 21:44:25.6112604 GameState.DebugPrintPower() - TAG_CHANGE Entity=GameEntity tag=STEP value=MAIN_ACTION 
D 21:44:25.6112604 GameState.DebugPrintPower() - BLOCK_START BlockType=TRIGGER Entity=Rose#55519 EffectCardId=System.Collections.Generic.List`1[System.String] EffectIndex=-1 Target=0 SubOption=-1 TriggerKeyword=TAG_NOT_SET
D 21:44:25.6112604 GameState.DebugPrintPower() -     TAG_CHANGE Entity=GameEntity tag=NEXT_STEP value=MAIN_END 
D 21:44:25.6112604 GameState.DebugPrintPower() - BLOCK_END
D 21:44:26.2728116 PowerProcessor.EndCurrentTaskList() - m_currentTaskList=73
D 21:44:26.2728116 PowerTaskList.DebugDump() - ID=74 ParentID=0 PreviousID=0 TaskCount=0
D 21:44:26.2728116 PowerTaskList.DebugPrintPower() - BLOCK_START BlockType=TRIGGER Entity=湫然#51704 EffectCardId=System.Collections.Generic.List`1[System.String] EffectIndex=-1 Target=0 SubOption=-1 TriggerKeyword=TAG_NOT_SET
D 21:44:26.2728116 PowerTaskList.DebugPrintPower() - BLOCK_END
D 21:44:26.2728116 PowerProcessor.PrepareHistoryForCurrentTaskList() - m_currentTaskList=74
D 21:44:26.2728116 PowerProcessor.EndCurrentTaskList() - m_currentTaskList=74
D 21:44:26.2728116 PowerTaskList.DebugDump() - ID=75 ParentID=0 PreviousID=0 TaskCount=3
D 21:44:26.2728116 PowerTaskList.DebugDump() - Block Start=(null)
D 21:44:26.2728116 PowerTaskList.DebugPrintPower() -     TAG_CHANGE Entity=GameEntity tag=1323 value=3 
D 21:44:26.2728116 PowerTaskList.DebugPrintPower() -     TAG_CHANGE Entity=湫然#51704 tag=NUM_OPTIONS_PLAYED_THIS_TURN value=2 
D 21:44:26.2728116 PowerTaskList.DebugPrintPower() -     META_DATA - Meta=SLUSH_TIME Data=1000 InfoCount=1
D 21:44:26.2728116 PowerTaskList.DebugPrintPower() -                 Info[0] = [entityName=嘲风望月露娜拉 id=69 zone=PLAY zonePos=0 cardId=HERO_06bi player=2]
D 21:44:26.2728116 PowerTaskList.DebugDump() - Block End=(null)
D 21:44:26.2728116 PowerProcessor.PrepareHistoryForCurrentTaskList() - m_currentTaskList=75
D 21:44:26.2728116 PowerProcessor.EndCurrentTaskList() - m_currentTaskList=75
D 21:44:26.2728116 PowerTaskList.DebugDump() - ID=76 ParentID=0 PreviousID=0 TaskCount=1
D 21:44:26.2728116 PowerTaskList.DebugDump() - Block Start=(null)
D 21:44:26.2728116 PowerTaskList.DebugPrintPower() -     TAG_CHANGE Entity=GameEntity tag=STEP value=MAIN_END 
D 21:44:26.2728116 PowerTaskList.DebugDump() - Block End=(null)
D 21:44:26.2728116 PowerProcessor.PrepareHistoryForCurrentTaskList() - m_currentTaskList=76
D 21:44:26.2728116 PowerProcessor.EndCurrentTaskList() - m_currentTaskList=76
D 21:44:26.2728116 PowerTaskList.DebugDump() - ID=77 ParentID=76 PreviousID=0 TaskCount=0
D 21:44:26.2728116 PowerTaskList.DebugPrintPower() - BLOCK_START BlockType=TRIGGER Entity=Rose#55519 EffectCardId=System.Collections.Generic.List`1[System.String] EffectIndex=-1 Target=0 SubOption=-1 TriggerKeyword=TAG_NOT_SET
D 21:44:26.2728116 PowerTaskList.DebugPrintPower() - BLOCK_END
D 21:44:26.2728116 PowerProcessor.PrepareHistoryForCurrentTaskList() - m_currentTaskList=77
D 21:44:26.2728116 PowerProcessor.EndCurrentTaskList() - m_currentTaskList=77
D 21:44:26.2728116 PowerTaskList.DebugDump() - ID=78 ParentID=0 PreviousID=0 TaskCount=1
D 21:44:26.2728116 PowerTaskList.DebugPrintPower() - BLOCK_START BlockType=TRIGGER Entity=湫然#51704 EffectCardId=System.Collections.Generic.List`1[System.String] EffectIndex=-1 Target=0 SubOption=-1 TriggerKeyword=TAG_NOT_SET
D 21:44:26.2728116 PowerTaskList.DebugPrintPower() -     TAG_CHANGE Entity=GameEntity tag=NEXT_STEP value=MAIN_CLEANUP 
D 21:44:26.2728116 PowerTaskList.DebugPrintPower() - BLOCK_END
D 21:44:26.2728116 PowerProcessor.PrepareHistoryForCurrentTaskList() - m_currentTaskList=78
D 21:44:26.2728116 PowerProcessor.EndCurrentTaskList() - m_currentTaskList=78
D 21:44:26.2728116 PowerTaskList.DebugDump() - ID=79 ParentID=0 PreviousID=0 TaskCount=0
D 21:44:26.2728116 PowerTaskList.DebugPrintPower() - BLOCK_START BlockType=TRIGGER Entity=湫然#51704 EffectCardId=System.Collections.Generic.List`1[System.String] EffectIndex=-1 Target=0 SubOption=-1 TriggerKeyword=TAG_NOT_SET
D 21:44:26.2728116 PowerTaskList.DebugPrintPower() - BLOCK_END
D 21:44:26.2728116 PowerProcessor.PrepareHistoryForCurrentTaskList() - m_currentTaskList=79
D 21:44:26.2728116 PowerProcessor.EndCurrentTaskList() - m_currentTaskList=79
D 21:44:26.2728116 PowerTaskList.DebugDump() - ID=80 ParentID=0 PreviousID=0 TaskCount=1
D 21:44:26.2728116 PowerTaskList.DebugDump() - Block Start=(null)
D 21:44:26.2728116 PowerTaskList.DebugPrintPower() -     TAG_CHANGE Entity=GameEntity tag=STEP value=MAIN_CLEANUP 
D 21:44:26.2728116 PowerTaskList.DebugDump() - Block End=(null)
D 21:44:26.2728116 PowerProcessor.PrepareHistoryForCurrentTaskList() - m_currentTaskList=80
D 21:44:26.2728116 PowerProcessor.EndCurrentTaskList() - m_currentTaskList=80
D 21:44:26.2728116 PowerTaskList.DebugDump() - ID=81 ParentID=0 PreviousID=0 TaskCount=0
D 21:44:26.2728116 PowerTaskList.DebugPrintPower() - BLOCK_START BlockType=TRIGGER Entity=Rose#55519 EffectCardId=System.Collections.Generic.List`1[System.String] EffectIndex=-1 Target=0 SubOption=-1 TriggerKeyword=TAG_NOT_SET
D 21:44:26.2728116 PowerTaskList.DebugPrintPower() - BLOCK_END
D 21:44:26.2728116 PowerProcessor.PrepareHistoryForCurrentTaskList() - m_currentTaskList=81
D 21:44:26.2728116 PowerProcessor.EndCurrentTaskList() - m_currentTaskList=81
D 21:44:26.2728116 PowerTaskList.DebugDump() - ID=82 ParentID=0 PreviousID=0 TaskCount=1
D 21:44:26.2728116 PowerTaskList.DebugPrintPower() - BLOCK_START BlockType=TRIGGER Entity=湫然#51704 EffectCardId=System.Collections.Generic.List`1[System.String] EffectIndex=-1 Target=0 SubOption=-1 TriggerKeyword=TAG_NOT_SET
D 21:44:26.2728116 PowerTaskList.DebugPrintPower() -     TAG_CHANGE Entity=GameEntity tag=NEXT_STEP value=MAIN_NEXT 
D 21:44:26.2728116 PowerTaskList.DebugPrintPower() - BLOCK_END
D 21:44:26.2728116 PowerProcessor.PrepareHistoryForCurrentTaskList() - m_currentTaskList=82
D 21:44:26.2728116 PowerProcessor.EndCurrentTaskList() - m_currentTaskList=82
D 21:44:26.2728116 PowerTaskList.DebugDump() - ID=83 ParentID=0 PreviousID=0 TaskCount=11
D 21:44:26.2728116 PowerTaskList.DebugPrintPower() - BLOCK_START BlockType=TRIGGER Entity=[entityName=额外攻击力 id=115 zone=PLAY zonePos=0 cardId=CS2_017o player=2] EffectCardId=System.Collections.Generic.List`1[System.String] EffectIndex=-1 Target=0 SubOption=-1 TriggerKeyword=TAG_ONE_TURN_EFFECT
D 21:44:26.2728116 PowerTaskList.DebugPrintPower() -     TAG_CHANGE Entity=[entityName=额外攻击力 id=115 zone=PLAY zonePos=0 cardId=CS2_017o player=2] tag=2747 value=115 
D 21:44:26.2728116 PowerTaskList.DebugPrintPower() -     TAG_CHANGE Entity=[entityName=额外攻击力 id=115 zone=PLAY zonePos=0 cardId=CS2_017o player=2] tag=4741 value=1 
D 21:44:26.2728116 PowerTaskList.DebugPrintPower() -     TAG_CHANGE Entity=[entityName=额外攻击力 id=115 zone=PLAY zonePos=0 cardId=CS2_017o player=2] tag=LAST_AFFECTED_BY value=115 
D 21:44:26.2728116 PowerTaskList.DebugPrintPower() -     TAG_CHANGE Entity=[entityName=额外攻击力 id=115 zone=PLAY zonePos=0 cardId=CS2_017o player=2] tag=1068 value=4 
D 21:44:26.2728116 PowerTaskList.DebugPrintPower() -     TAG_CHANGE Entity=[entityName=额外攻击力 id=115 zone=PLAY zonePos=0 cardId=CS2_017o player=2] tag=1068 value=0 
D 21:44:26.2728116 PowerTaskList.DebugPrintPower() -     TAG_CHANGE Entity=[entityName=额外攻击力 id=115 zone=PLAY zonePos=0 cardId=CS2_017o player=2] tag=ZONE value=GRAVEYARD 
D 21:44:26.2728116 PowerTaskList.DebugPrintPower() -     TAG_CHANGE Entity=[entityName=嘲风望月露娜拉 id=69 zone=PLAY zonePos=0 cardId=HERO_06bi player=2] tag=TAG_ONE_TURN_EFFECT value=0 
D 21:44:26.2728116 PowerTaskList.DebugPrintPower() -     TAG_CHANGE Entity=[entityName=额外攻击力 id=115 zone=PLAY zonePos=0 cardId=CS2_017o player=2] tag=1234 value=69 
D 21:44:26.2728116 PowerTaskList.DebugPrintPower() -     HIDE_ENTITY - Entity=[entityName=额外攻击力 id=115 zone=PLAY zonePos=0 cardId=CS2_017o player=2] tag=ZONE value=GRAVEYARD
D 21:44:26.2728116 PowerTaskList.DebugPrintPower() -     TAG_CHANGE Entity=[entityName=嘲风望月露娜拉 id=69 zone=PLAY zonePos=0 cardId=HERO_06bi player=2] tag=479 value=0 
D 21:44:26.2728116 PowerTaskList.DebugPrintPower() -     TAG_CHANGE Entity=[entityName=嘲风望月露娜拉 id=69 zone=PLAY zonePos=0 cardId=HERO_06bi player=2] tag=ATK value=0 
D 21:44:26.2728116 PowerTaskList.DebugPrintPower() - BLOCK_END
D 21:44:26.2728116 PowerProcessor.PrepareHistoryForCurrentTaskList() - m_currentTaskList=83
D 21:44:26.3053778 PowerProcessor.EndCurrentTaskList() - m_currentTaskList=83
D 21:44:26.3146501 PowerTaskList.DebugDump() - ID=84 ParentID=0 PreviousID=0 TaskCount=1
D 21:44:26.3146501 PowerTaskList.DebugDump() - Block Start=(null)
D 21:44:26.3146501 PowerTaskList.DebugPrintPower() -     TAG_CHANGE Entity=GameEntity tag=STEP value=MAIN_NEXT 
D 21:44:26.3146501 PowerTaskList.DebugDump() - Block End=(null)
D 21:44:26.3146501 PowerProcessor.PrepareHistoryForCurrentTaskList() - m_currentTaskList=84
D 21:44:26.3146501 PowerProcessor.EndCurrentTaskList() - m_currentTaskList=84
D 21:44:26.3146501 PowerTaskList.DebugDump() - ID=85 ParentID=0 PreviousID=0 TaskCount=14
D 21:44:26.3146501 PowerTaskList.DebugPrintPower() - BLOCK_START BlockType=TRIGGER Entity=GameEntity EffectCardId=System.Collections.Generic.List`1[System.String] EffectIndex=-1 Target=0 SubOption=-1 TriggerKeyword=TAG_NOT_SET
D 21:44:26.3146501 PowerTaskList.DebugPrintPower() -     TAG_CHANGE Entity=湫然#51704 tag=1292 value=0 
D 21:44:26.3146501 PowerTaskList.DebugPrintPower() -     TAG_CHANGE Entity=Rose#55519 tag=1292 value=1 
D 21:44:26.3146501 PowerTaskList.DebugPrintPower() -     TAG_CHANGE Entity=湫然#51704 tag=TIMEOUT value=75 
D 21:44:26.3146501 PowerTaskList.DebugPrintPower() -     TAG_CHANGE Entity=[entityName=月光射线 id=38 zone=HAND zonePos=1 cardId=TID_001 player=2] tag=NUM_TURNS_IN_HAND value=4 
D 21:44:26.3146501 PowerTaskList.DebugPrintPower() -     TAG_CHANGE Entity=[entityName=生命缚誓者的礼物 id=64 zone=HAND zonePos=2 cardId=TTN_955 player=2] tag=NUM_TURNS_IN_HAND value=4 
D 21:44:26.3146501 PowerTaskList.DebugPrintPower() -     TAG_CHANGE Entity=[entityName=生物计划 id=62 zone=HAND zonePos=3 cardId=BOT_054 player=2] tag=NUM_TURNS_IN_HAND value=4 
D 21:44:26.3146501 PowerTaskList.DebugPrintPower() -     TAG_CHANGE Entity=[entityName=建造水晶塔 id=57 zone=HAND zonePos=4 cardId=SC_755 player=2] tag=NUM_TURNS_IN_HAND value=4 
D 21:44:26.3146501 PowerTaskList.DebugPrintPower() -     TAG_CHANGE Entity=[entityName=虚灵改装师 id=35 zone=HAND zonePos=5 cardId=BT_724 player=2] tag=NUM_TURNS_IN_HAND value=2 
D 21:44:26.3146501 PowerTaskList.DebugPrintPower() -     TAG_CHANGE Entity=湫然#51704 tag=CURRENT_PLAYER value=0 
D 21:44:26.3146501 PowerTaskList.DebugPrintPower() -     TAG_CHANGE Entity=Rose#55519 tag=CURRENT_PLAYER value=1 
D 21:44:26.3146501 PowerTaskList.DebugPrintPower() -     TAG_CHANGE Entity=GameEntity tag=TURN value=4 
D 21:44:26.3146501 PowerTaskList.DebugPrintPower() -     TAG_CHANGE Entity=GameEntity tag=1882 value=3 
D 21:44:26.3146501 PowerTaskList.DebugPrintPower() -     TAG_CHANGE Entity=Rose#55519 tag=TURN value=2 
D 21:44:26.3146501 PowerTaskList.DebugPrintPower() -     TAG_CHANGE Entity=GameEntity tag=NEXT_STEP value=MAIN_READY 
D 21:44:26.3146501 PowerTaskList.DebugPrintPower() - BLOCK_END
D 21:44:26.3146501 PowerProcessor.PrepareHistoryForCurrentTaskList() - m_currentTaskList=85
D 21:44:26.3146501 PowerProcessor.EndCurrentTaskList() - m_currentTaskList=85
D 21:44:26.3146501 PowerTaskList.DebugDump() - ID=86 ParentID=0 PreviousID=0 TaskCount=1
D 21:44:26.3146501 PowerTaskList.DebugDump() - Block Start=(null)
D 21:44:26.3146501 PowerTaskList.DebugPrintPower() -     TAG_CHANGE Entity=GameEntity tag=STEP value=MAIN_READY 
D 21:44:26.3146501 PowerTaskList.DebugDump() - Block End=(null)
D 21:44:26.3146501 PowerProcessor.PrepareHistoryForCurrentTaskList() - m_currentTaskList=86
D 21:44:26.3146501 PowerProcessor.EndCurrentTaskList() - m_currentTaskList=86
D 21:44:26.3146501 PowerTaskList.DebugDump() - ID=87 ParentID=0 PreviousID=0 TaskCount=21
D 21:44:26.3146501 PowerTaskList.DebugPrintPower() - BLOCK_START BlockType=TRIGGER Entity=Rose#55519 EffectCardId=System.Collections.Generic.List`1[System.String] EffectIndex=-1 Target=0 SubOption=-1 TriggerKeyword=TAG_NOT_SET
D 21:44:26.3146501 PowerTaskList.DebugPrintPower() -     TAG_CHANGE Entity=GameEntity tag=NUM_TURNS_IN_PLAY value=4 
D 21:44:26.3146501 PowerTaskList.DebugPrintPower() -     TAG_CHANGE Entity=Rose#55519 tag=NUM_TURNS_IN_PLAY value=4 
D 21:44:26.3146501 PowerTaskList.DebugPrintPower() -     TAG_CHANGE Entity=湫然#51704 tag=NUM_TURNS_IN_PLAY value=4 
D 21:44:26.3146501 PowerTaskList.DebugPrintPower() -     TAG_CHANGE Entity=[entityName=安度因·乌瑞恩 id=67 zone=PLAY zonePos=0 cardId=HERO_09 player=1] tag=NUM_TURNS_IN_PLAY value=4 
D 21:44:26.3146501 PowerTaskList.DebugPrintPower() -     TAG_CHANGE Entity=[entityName=次级治疗术 id=68 zone=PLAY zonePos=0 cardId=HERO_09bp player=1] tag=NUM_TURNS_IN_PLAY value=4 
D 21:44:26.3146501 PowerTaskList.DebugPrintPower() -     TAG_CHANGE Entity=[entityName=嘲风望月露娜拉 id=69 zone=PLAY zonePos=0 cardId=HERO_06bi player=2] tag=NUM_TURNS_IN_PLAY value=4 
D 21:44:26.3146501 PowerTaskList.DebugPrintPower() -     TAG_CHANGE Entity=[entityName=变形 id=70 zone=PLAY zonePos=0 cardId=HERO_06ebp player=2] tag=NUM_TURNS_IN_PLAY value=4 
D 21:44:26.3146501 PowerTaskList.DebugPrintPower() -     TAG_CHANGE Entity=[entityName=寻求指引 id=13 zone=SECRET zonePos=0 cardId=SW_433 player=1] tag=NUM_TURNS_IN_PLAY value=2 
D 21:44:26.3146501 PowerTaskList.DebugPrintPower() -     TAG_CHANGE Entity=Rose#55519 tag=RESOURCES value=2 
D 21:44:26.3146501 PowerTaskList.DebugPrintPower() -     TAG_CHANGE Entity=Rose#55519 tag=RESOURCES_USED value=0 
D 21:44:26.3146501 PowerTaskList.DebugPrintPower() -     TAG_CHANGE Entity=Rose#55519 tag=NUM_CARDS_PLAYED_THIS_TURN value=0 
D 21:44:26.3146501 PowerTaskList.DebugPrintPower() -     TAG_CHANGE Entity=Rose#55519 tag=NUM_OPTIONS_PLAYED_THIS_TURN value=0 
D 21:44:26.3146501 PowerTaskList.DebugPrintPower() -     TAG_CHANGE Entity=Rose#55519 tag=430 value=0 
D 21:44:26.3146501 PowerTaskList.DebugPrintPower() -     TAG_CHANGE Entity=Rose#55519 tag=3242 value=0 
D 21:44:26.3146501 PowerTaskList.DebugPrintPower() -     TAG_CHANGE Entity=[entityName=寻求指引 id=13 zone=SECRET zonePos=0 cardId=SW_433 player=1] tag=EXHAUSTED value=1 
D 21:44:26.3146501 PowerTaskList.DebugPrintPower() -     TAG_CHANGE Entity=湫然#51704 tag=NUM_CARDS_DRAWN_THIS_TURN value=0 
D 21:44:26.3146501 PowerTaskList.DebugPrintPower() -     TAG_CHANGE Entity=GameEntity tag=NEXT_STEP value=MAIN_START_TRIGGERS 
D 21:44:26.3146501 PowerTaskList.DebugPrintPower() -     TAG_CHANGE Entity=Rose#55519 tag=464 value=0 
D 21:44:26.3146501 PowerTaskList.DebugPrintPower() -     TAG_CHANGE Entity=Rose#55519 tag=4453 value=0 
D 21:44:26.3146501 PowerTaskList.DebugPrintPower() -     TAG_CHANGE Entity=Rose#55519 tag=1575 value=0 
D 21:44:26.3146501 PowerTaskList.DebugPrintPower() -     TAG_CHANGE Entity=湫然#51704 tag=2786 value=0 
D 21:44:26.3146501 PowerTaskList.DebugPrintPower() - BLOCK_END
D 21:44:26.3146501 PowerProcessor.PrepareHistoryForCurrentTaskList() - m_currentTaskList=87
D 21:44:26.3146501 PowerProcessor.EndCurrentTaskList() - m_currentTaskList=87
D 21:44:26.3146501 PowerTaskList.DebugDump() - ID=88 ParentID=0 PreviousID=0 TaskCount=1
D 21:44:26.3146501 PowerTaskList.DebugDump() - Block Start=(null)
D 21:44:26.3146501 PowerTaskList.DebugPrintPower() -     TAG_CHANGE Entity=GameEntity tag=STEP value=MAIN_START_TRIGGERS 
D 21:44:26.3146501 PowerTaskList.DebugDump() - Block End=(null)
D 21:44:26.3146501 PowerProcessor.PrepareHistoryForCurrentTaskList() - m_currentTaskList=88
D 21:44:26.3146501 PowerProcessor.EndCurrentTaskList() - m_currentTaskList=88
D 21:44:26.3146501 PowerTaskList.DebugDump() - ID=89 ParentID=0 PreviousID=0 TaskCount=1
D 21:44:26.3146501 PowerTaskList.DebugPrintPower() - BLOCK_START BlockType=TRIGGER Entity=Rose#55519 EffectCardId=System.Collections.Generic.List`1[System.String] EffectIndex=-1 Target=0 SubOption=-1 TriggerKeyword=TAG_NOT_SET
D 21:44:26.3146501 PowerTaskList.DebugPrintPower() -     TAG_CHANGE Entity=GameEntity tag=NEXT_STEP value=MAIN_START 
D 21:44:26.3146501 PowerTaskList.DebugPrintPower() - BLOCK_END
D 21:44:26.3146501 PowerProcessor.PrepareHistoryForCurrentTaskList() - m_currentTaskList=89
D 21:44:26.3146501 PowerProcessor.EndCurrentTaskList() - m_currentTaskList=89
D 21:44:26.3146501 PowerTaskList.DebugDump() - ID=90 ParentID=0 PreviousID=0 TaskCount=1
D 21:44:26.3146501 PowerTaskList.DebugDump() - Block Start=(null)
D 21:44:26.3146501 PowerTaskList.DebugPrintPower() -     TAG_CHANGE Entity=GameEntity tag=STEP value=MAIN_START 
D 21:44:26.3146501 PowerTaskList.DebugDump() - Block End=(null)
D 21:44:26.3146501 PowerProcessor.PrepareHistoryForCurrentTaskList() - m_currentTaskList=90
D 21:44:26.3146501 PowerProcessor.EndCurrentTaskList() - m_currentTaskList=90
D 21:44:26.3146501 PowerTaskList.DebugDump() - ID=91 ParentID=0 PreviousID=0 TaskCount=11
D 21:44:26.3146501 PowerTaskList.DebugPrintPower() - BLOCK_START BlockType=TRIGGER Entity=Rose#55519 EffectCardId=System.Collections.Generic.List`1[System.String] EffectIndex=-1 Target=0 SubOption=-1 TriggerKeyword=TAG_NOT_SET
D 21:44:26.3146501 PowerTaskList.DebugPrintPower() -     TAG_CHANGE Entity=Rose#55519 tag=2166 value=17 
D 21:44:26.3146501 PowerTaskList.DebugPrintPower() -     TAG_CHANGE Entity=Rose#55519 tag=467 value=1 
D 21:44:26.3146501 PowerTaskList.DebugPrintPower() -     TAG_CHANGE Entity=[entityName=UNKNOWN ENTITY [cardType=INVALID] id=17 zone=DECK zonePos=0 cardId= player=1] tag=ZONE value=HAND 
D 21:44:26.3146501 PowerTaskList.DebugPrintPower() -     TAG_CHANGE Entity=[entityName=UNKNOWN ENTITY [cardType=INVALID] id=17 zone=DECK zonePos=0 cardId= player=1] tag=ZONE_POSITION value=6 
D 21:44:26.3146501 PowerTaskList.DebugPrintPower() -     TAG_CHANGE Entity=[entityName=UNKNOWN ENTITY [cardType=INVALID] id=17 zone=DECK zonePos=0 cardId= player=1] tag=ZONE_POSITION value=0 
D 21:44:26.3146501 PowerTaskList.DebugPrintPower() -     TAG_CHANGE Entity=[entityName=UNKNOWN ENTITY [cardType=INVALID] id=17 zone=DECK zonePos=0 cardId= player=1] tag=ZONE_POSITION value=6 
D 21:44:26.3146501 PowerTaskList.DebugPrintPower() -     TAG_CHANGE Entity=Rose#55519 tag=3242 value=1 
D 21:44:26.3146501 PowerTaskList.DebugPrintPower() -     TAG_CHANGE Entity=Rose#55519 tag=NUM_CARDS_DRAWN_THIS_TURN value=1 
D 21:44:26.3146501 PowerTaskList.DebugPrintPower() -     TAG_CHANGE Entity=Rose#55519 tag=995 value=2 
D 21:44:26.3146501 PowerTaskList.DebugPrintPower() -     TAG_CHANGE Entity=Rose#55519 tag=467 value=0 
D 21:44:26.3146501 PowerTaskList.DebugPrintPower() -     TAG_CHANGE Entity=GameEntity tag=NEXT_STEP value=MAIN_ACTION 
D 21:44:26.3146501 PowerTaskList.DebugPrintPower() - BLOCK_END
D 21:44:26.3146501 PowerProcessor.PrepareHistoryForCurrentTaskList() - m_currentTaskList=91
D 21:44:27.8364240 PowerProcessor.EndCurrentTaskList() - m_currentTaskList=91
D 21:44:27.8439644 PowerTaskList.DebugDump() - ID=92 ParentID=0 PreviousID=0 TaskCount=1
D 21:44:27.8439644 PowerTaskList.DebugDump() - Block Start=(null)
D 21:44:27.8439644 PowerTaskList.DebugPrintPower() -     TAG_CHANGE Entity=GameEntity tag=STEP value=MAIN_ACTION 
D 21:44:27.8439644 PowerTaskList.DebugDump() - Block End=(null)
D 21:44:27.8439644 PowerProcessor.PrepareHistoryForCurrentTaskList() - m_currentTaskList=92
D 21:44:27.8439644 PowerProcessor.EndCurrentTaskList() - m_currentTaskList=92
D 21:44:27.8439644 PowerTaskList.DebugDump() - ID=93 ParentID=0 PreviousID=0 TaskCount=1
D 21:44:27.8439644 PowerTaskList.DebugPrintPower() - BLOCK_START BlockType=TRIGGER Entity=Rose#55519 EffectCardId=System.Collections.Generic.List`1[System.String] EffectIndex=-1 Target=0 SubOption=-1 TriggerKeyword=TAG_NOT_SET
D 21:44:27.8439644 PowerTaskList.DebugPrintPower() -     TAG_CHANGE Entity=GameEntity tag=NEXT_STEP value=MAIN_END 
D 21:44:27.8439644 PowerTaskList.DebugPrintPower() - BLOCK_END
D 21:44:27.8439644 PowerProcessor.PrepareHistoryForCurrentTaskList() - m_currentTaskList=93
D 21:44:27.8439644 PowerProcessor.EndCurrentTaskList() - m_currentTaskList=93
D 21:44:33.5977454 GameState.DebugPrintPowerList() - Count=70
D 21:44:33.5977454 GameState.DebugPrintPower() - BLOCK_START BlockType=PLAY Entity=[entityName=UNKNOWN ENTITY [cardType=INVALID] id=9 zone=HAND zonePos=2 cardId= player=1] EffectCardId=System.Collections.Generic.List`1[System.String] EffectIndex=0 Target=0 SubOption=-1 
D 21:44:33.5977454 GameState.DebugPrintPower() -     TAG_CHANGE Entity=Rose#55519 tag=2245 value=3 
D 21:44:33.5977454 GameState.DebugPrintPower() -     TAG_CHANGE Entity=Rose#55519 tag=RESOURCES_USED value=2 
D 21:44:33.5977454 GameState.DebugPrintPower() -     TAG_CHANGE Entity=Rose#55519 tag=NUM_RESOURCES_SPENT_THIS_GAME value=3 
D 21:44:33.5977454 GameState.DebugPrintPower() -     TAG_CHANGE Entity=Rose#55519 tag=NUM_CARDS_PLAYED_THIS_TURN value=1 
D 21:44:33.5977454 GameState.DebugPrintPower() -     TAG_CHANGE Entity=Rose#55519 tag=NUM_MINIONS_PLAYED_THIS_TURN value=1 
D 21:44:33.5977454 GameState.DebugPrintPower() -     TAG_CHANGE Entity=[entityName=UNKNOWN ENTITY [cardType=INVALID] id=17 zone=HAND zonePos=6 cardId= player=1] tag=ZONE_POSITION value=5 
D 21:44:33.5977454 GameState.DebugPrintPower() -     TAG_CHANGE Entity=[entityName=UNKNOWN ENTITY [cardType=INVALID] id=8 zone=HAND zonePos=5 cardId= player=1] tag=ZONE_POSITION value=4 
D 21:44:33.5977454 GameState.DebugPrintPower() -     TAG_CHANGE Entity=[entityName=UNKNOWN ENTITY [cardType=INVALID] id=100 zone=HAND zonePos=4 cardId= player=1] tag=ZONE_POSITION value=3 
D 21:44:33.5977454 GameState.DebugPrintPower() -     TAG_CHANGE Entity=[entityName=UNKNOWN ENTITY [cardType=INVALID] id=11 zone=HAND zonePos=3 cardId= player=1] tag=ZONE_POSITION value=2 
D 21:44:33.5977454 GameState.DebugPrintPower() -     TAG_CHANGE Entity=[entityName=UNKNOWN ENTITY [cardType=INVALID] id=9 zone=HAND zonePos=2 cardId= player=1] tag=ZONE_POSITION value=0 
D 21:44:33.5977454 GameState.DebugPrintPower() -     SHOW_ENTITY - Updating Entity=[entityName=UNKNOWN ENTITY [cardType=INVALID] id=9 zone=HAND zonePos=2 cardId= player=1] CardID=REV_246
D 21:44:33.5977454 GameState.DebugPrintPower() -         tag=CONTROLLER value=1
D 21:44:33.5977454 GameState.DebugPrintPower() -         tag=CARDTYPE value=MINION
D 21:44:33.5977454 GameState.DebugPrintPower() -         tag=TAG_LAST_KNOWN_COST_IN_HAND value=2
D 21:44:33.5977454 GameState.DebugPrintPower() -         tag=479 value=2
D 21:44:33.5977454 GameState.DebugPrintPower() -         tag=COST value=2
D 21:44:33.5977454 GameState.DebugPrintPower() -         tag=ATK value=2
D 21:44:33.5977454 GameState.DebugPrintPower() -         tag=HEALTH value=3
D 21:44:33.5977454 GameState.DebugPrintPower() -         tag=ZONE value=PLAY
D 21:44:33.5977454 GameState.DebugPrintPower() -         tag=ENTITY_ID value=9
D 21:44:33.5977454 GameState.DebugPrintPower() -         tag=CLASS value=PRIEST
D 21:44:33.5977454 GameState.DebugPrintPower() -         tag=RARITY value=EPIC
D 21:44:33.5977454 GameState.DebugPrintPower() -         tag=BATTLECRY value=1
D 21:44:33.5977454 GameState.DebugPrintPower() -         tag=JUST_PLAYED value=1
D 21:44:33.5977454 GameState.DebugPrintPower() -         tag=ZONE_POSITION value=0
D 21:44:33.5977454 GameState.DebugPrintPower() -         tag=NUM_TURNS_IN_HAND value=4
D 21:44:33.5977454 GameState.DebugPrintPower() -         tag=478 value=1
D 21:44:33.5977454 GameState.DebugPrintPower() -         tag=1037 value=0
D 21:44:33.5977454 GameState.DebugPrintPower() -         tag=1043 value=1
D 21:44:33.5977454 GameState.DebugPrintPower() -         tag=1068 value=0
D 21:44:33.5977454 GameState.DebugPrintPower() -         tag=SPAWN_TIME_COUNT value=1
D 21:44:33.5977454 GameState.DebugPrintPower() -         tag=HAS_ACTIVATE_POWER value=1
D 21:44:33.5977454 GameState.DebugPrintPower() -         tag=3085 value=3
D 21:44:33.5977454 GameState.DebugPrintPower() -         tag=3557 value=2
D 21:44:33.5977454 GameState.DebugPrintPower() -         tag=4472 value=2
D 21:44:33.5977454 GameState.DebugPrintPower() -     TAG_CHANGE Entity=[entityName=UNKNOWN ENTITY [cardType=INVALID] id=9 zone=HAND zonePos=2 cardId= player=1] tag=ZONE_POSITION value=1 
D 21:44:33.5977454 GameState.DebugPrintPower() -     TAG_CHANGE Entity=[entityName=UNKNOWN ENTITY [cardType=INVALID] id=9 zone=HAND zonePos=2 cardId= player=1] tag=1196 value=1 
D 21:44:33.5977454 GameState.DebugPrintPower() -     TAG_CHANGE Entity=[entityName=UNKNOWN ENTITY [cardType=INVALID] id=9 zone=HAND zonePos=2 cardId= player=1] tag=EXHAUSTED value=1 
D 21:44:33.5977454 GameState.DebugPrintPower() -     META_DATA - Meta=SLUSH_TIME Data=3000 InfoCount=1
D 21:44:33.5977454 GameState.DebugPrintPower() -                 Info[0] = [entityName=UNKNOWN ENTITY [cardType=INVALID] id=9 zone=HAND zonePos=2 cardId= player=1]
D 21:44:33.5977454 GameState.DebugPrintPower() -     BLOCK_START BlockType=POWER Entity=[entityName=UNKNOWN ENTITY [cardType=INVALID] id=9 zone=HAND zonePos=2 cardId= player=1] EffectCardId=System.Collections.Generic.List`1[System.String] EffectIndex=0 Target=0 SubOption=-1 
D 21:44:33.5977454 GameState.DebugPrintPower() -         META_DATA - Meta=EFFECT_TIMING Data=0 InfoCount=1
D 21:44:33.5977454 GameState.DebugPrintPower() -                     Info[0] = [entityName=UNKNOWN ENTITY [cardType=INVALID] id=9 zone=HAND zonePos=2 cardId= player=1]
D 21:44:33.5977454 GameState.DebugPrintPower() -         SUB_SPELL_START - SpellPrefabGUID=ReuseFX_Shadow_HandBuff_ScaleUp_Super:5f7cf1c62a5adff4aab0fabde6220034 Source=9 TargetCount=0
D 21:44:33.5977454 GameState.DebugPrintPower() -                           Source = [entityName=UNKNOWN ENTITY [cardType=INVALID] id=9 zone=HAND zonePos=2 cardId= player=1]
D 21:44:33.5977454 GameState.DebugPrintPower() -         SUB_SPELL_END
D 21:44:33.5977454 GameState.DebugPrintPower() -         FULL_ENTITY - Creating ID=117 CardID=
D 21:44:33.5977454 GameState.DebugPrintPower() -             tag=ZONE value=SETASIDE
D 21:44:33.5977454 GameState.DebugPrintPower() -             tag=CONTROLLER value=1
D 21:44:33.5977454 GameState.DebugPrintPower() -             tag=ENTITY_ID value=117
D 21:44:33.5977454 GameState.DebugPrintPower() -         TAG_CHANGE Entity=117 tag=ZONE value=PLAY 
D 21:44:33.5977454 GameState.DebugPrintPower() -         FULL_ENTITY - Creating ID=118 CardID=
D 21:44:33.5977454 GameState.DebugPrintPower() -             tag=ZONE value=SETASIDE
D 21:44:33.5977454 GameState.DebugPrintPower() -             tag=CONTROLLER value=1
D 21:44:33.5977454 GameState.DebugPrintPower() -             tag=ENTITY_ID value=118
D 21:44:33.5977454 GameState.DebugPrintPower() -         TAG_CHANGE Entity=118 tag=ZONE value=PLAY 
D 21:44:33.5977454 GameState.DebugPrintPower() -         FULL_ENTITY - Creating ID=119 CardID=
D 21:44:33.5977454 GameState.DebugPrintPower() -             tag=ZONE value=SETASIDE
D 21:44:33.5977454 GameState.DebugPrintPower() -             tag=CONTROLLER value=1
D 21:44:33.5977454 GameState.DebugPrintPower() -             tag=ENTITY_ID value=119
D 21:44:33.5977454 GameState.DebugPrintPower() -         TAG_CHANGE Entity=119 tag=ZONE value=PLAY 
D 21:44:33.5977454 GameState.DebugPrintPower() -         FULL_ENTITY - Creating ID=120 CardID=
D 21:44:33.5977454 GameState.DebugPrintPower() -             tag=ZONE value=SETASIDE
D 21:44:33.5977454 GameState.DebugPrintPower() -             tag=CONTROLLER value=1
D 21:44:33.5977454 GameState.DebugPrintPower() -             tag=ENTITY_ID value=120
D 21:44:33.5977454 GameState.DebugPrintPower() -         TAG_CHANGE Entity=120 tag=ZONE value=PLAY 
D 21:44:33.5977454 GameState.DebugPrintPower() -         FULL_ENTITY - Creating ID=121 CardID=
D 21:44:33.5977454 GameState.DebugPrintPower() -             tag=ZONE value=SETASIDE
D 21:44:33.5977454 GameState.DebugPrintPower() -             tag=CONTROLLER value=1
D 21:44:33.5977454 GameState.DebugPrintPower() -             tag=ENTITY_ID value=121
D 21:44:33.5977454 GameState.DebugPrintPower() -         TAG_CHANGE Entity=121 tag=ZONE value=PLAY 
D 21:44:33.5977454 GameState.DebugPrintPower() -         FULL_ENTITY - Creating ID=122 CardID=
D 21:44:33.5977454 GameState.DebugPrintPower() -             tag=ZONE value=SETASIDE
D 21:44:33.5977454 GameState.DebugPrintPower() -             tag=CONTROLLER value=1
D 21:44:33.5977454 GameState.DebugPrintPower() -             tag=ENTITY_ID value=122
D 21:44:33.5977454 GameState.DebugPrintPower() -         TAG_CHANGE Entity=122 tag=ZONE value=PLAY 
D 21:44:33.5977454 GameState.DebugPrintPower() -         FULL_ENTITY - Creating ID=123 CardID=
D 21:44:33.5977454 GameState.DebugPrintPower() -             tag=ZONE value=SETASIDE
D 21:44:33.5977454 GameState.DebugPrintPower() -             tag=CONTROLLER value=1
D 21:44:33.5977454 GameState.DebugPrintPower() -             tag=ENTITY_ID value=123
D 21:44:33.5977454 GameState.DebugPrintPower() -         TAG_CHANGE Entity=123 tag=ZONE value=PLAY 
D 21:44:33.5977454 GameState.DebugPrintPower() -         FULL_ENTITY - Creating ID=124 CardID=
D 21:44:33.5977454 GameState.DebugPrintPower() -             tag=ZONE value=SETASIDE
D 21:44:33.5977454 GameState.DebugPrintPower() -             tag=CONTROLLER value=1
D 21:44:33.5977454 GameState.DebugPrintPower() -             tag=ENTITY_ID value=124
D 21:44:33.5977454 GameState.DebugPrintPower() -         TAG_CHANGE Entity=124 tag=ZONE value=PLAY 
D 21:44:33.5977454 GameState.DebugPrintPower() -         FULL_ENTITY - Creating ID=125 CardID=
D 21:44:33.5977454 GameState.DebugPrintPower() -             tag=ZONE value=SETASIDE
D 21:44:33.5977454 GameState.DebugPrintPower() -             tag=CONTROLLER value=1
D 21:44:33.5977454 GameState.DebugPrintPower() -             tag=ENTITY_ID value=125
D 21:44:33.5977454 GameState.DebugPrintPower() -         TAG_CHANGE Entity=125 tag=ZONE value=PLAY 
D 21:44:33.5977454 GameState.DebugPrintPower() -         FULL_ENTITY - Creating ID=126 CardID=
D 21:44:33.5977454 GameState.DebugPrintPower() -             tag=ZONE value=SETASIDE
D 21:44:33.5977454 GameState.DebugPrintPower() -             tag=CONTROLLER value=1
D 21:44:33.5977454 GameState.DebugPrintPower() -             tag=ENTITY_ID value=126
D 21:44:33.5977454 GameState.DebugPrintPower() -         TAG_CHANGE Entity=126 tag=ZONE value=PLAY 
D 21:44:33.5977454 GameState.DebugPrintPower() -         FULL_ENTITY - Creating ID=127 CardID=
D 21:44:33.5977454 GameState.DebugPrintPower() -             tag=ZONE value=SETASIDE
D 21:44:33.5977454 GameState.DebugPrintPower() -             tag=CONTROLLER value=1
D 21:44:33.5977454 GameState.DebugPrintPower() -             tag=ENTITY_ID value=127
D 21:44:33.5977454 GameState.DebugPrintPower() -         TAG_CHANGE Entity=127 tag=ZONE value=PLAY 
D 21:44:33.5977454 GameState.DebugPrintPower() -         FULL_ENTITY - Creating ID=128 CardID=
D 21:44:33.5977454 GameState.DebugPrintPower() -             tag=ZONE value=SETASIDE
D 21:44:33.5977454 GameState.DebugPrintPower() -             tag=CONTROLLER value=1
D 21:44:33.5977454 GameState.DebugPrintPower() -             tag=ENTITY_ID value=128
D 21:44:33.5977454 GameState.DebugPrintPower() -         TAG_CHANGE Entity=128 tag=ZONE value=PLAY 
D 21:44:33.5977454 GameState.DebugPrintPower() -         FULL_ENTITY - Creating ID=129 CardID=
D 21:44:33.5977454 GameState.DebugPrintPower() -             tag=ZONE value=SETASIDE
D 21:44:33.5977454 GameState.DebugPrintPower() -             tag=CONTROLLER value=1
D 21:44:33.5977454 GameState.DebugPrintPower() -             tag=ENTITY_ID value=129
D 21:44:33.5977454 GameState.DebugPrintPower() -         TAG_CHANGE Entity=129 tag=ZONE value=PLAY 
D 21:44:33.5977454 GameState.DebugPrintPower() -         FULL_ENTITY - Creating ID=130 CardID=
D 21:44:33.5977454 GameState.DebugPrintPower() -             tag=ZONE value=SETASIDE
D 21:44:33.5977454 GameState.DebugPrintPower() -             tag=CONTROLLER value=1
D 21:44:33.5977454 GameState.DebugPrintPower() -             tag=ENTITY_ID value=130
D 21:44:33.5977454 GameState.DebugPrintPower() -         TAG_CHANGE Entity=130 tag=ZONE value=PLAY 
D 21:44:33.5977454 GameState.DebugPrintPower() -         FULL_ENTITY - Creating ID=131 CardID=
D 21:44:33.5977454 GameState.DebugPrintPower() -             tag=ZONE value=SETASIDE
D 21:44:33.5977454 GameState.DebugPrintPower() -             tag=CONTROLLER value=1
D 21:44:33.5977454 GameState.DebugPrintPower() -             tag=ENTITY_ID value=131
D 21:44:33.5977454 GameState.DebugPrintPower() -         TAG_CHANGE Entity=131 tag=ZONE value=PLAY 
D 21:44:33.5977454 GameState.DebugPrintPower() -         FULL_ENTITY - Creating ID=132 CardID=
D 21:44:33.5977454 GameState.DebugPrintPower() -             tag=ZONE value=SETASIDE
D 21:44:33.5977454 GameState.DebugPrintPower() -             tag=CONTROLLER value=1
D 21:44:33.5977454 GameState.DebugPrintPower() -             tag=ENTITY_ID value=132
D 21:44:33.5977454 GameState.DebugPrintPower() -         TAG_CHANGE Entity=132 tag=ZONE value=PLAY 
D 21:44:33.5977454 GameState.DebugPrintPower() -         FULL_ENTITY - Creating ID=133 CardID=
D 21:44:33.5977454 GameState.DebugPrintPower() -             tag=ZONE value=SETASIDE
D 21:44:33.5977454 GameState.DebugPrintPower() -             tag=CONTROLLER value=1
D 21:44:33.5977454 GameState.DebugPrintPower() -             tag=ENTITY_ID value=133
D 21:44:33.5977454 GameState.DebugPrintPower() -         TAG_CHANGE Entity=133 tag=ZONE value=PLAY 
D 21:44:33.5977454 GameState.DebugPrintPower() -         FULL_ENTITY - Creating ID=134 CardID=
D 21:44:33.5977454 GameState.DebugPrintPower() -             tag=ZONE value=SETASIDE
D 21:44:33.5977454 GameState.DebugPrintPower() -             tag=CONTROLLER value=1
D 21:44:33.5977454 GameState.DebugPrintPower() -             tag=ENTITY_ID value=134
D 21:44:33.5977454 GameState.DebugPrintPower() -         TAG_CHANGE Entity=134 tag=ZONE value=PLAY 
D 21:44:33.5977454 GameState.DebugPrintPower() -         FULL_ENTITY - Creating ID=135 CardID=
D 21:44:33.5977454 GameState.DebugPrintPower() -             tag=ZONE value=SETASIDE
D 21:44:33.5977454 GameState.DebugPrintPower() -             tag=CONTROLLER value=1
D 21:44:33.5977454 GameState.DebugPrintPower() -             tag=ENTITY_ID value=135
D 21:44:33.5977454 GameState.DebugPrintPower() -         TAG_CHANGE Entity=135 tag=ZONE value=PLAY 
D 21:44:33.5977454 GameState.DebugPrintPower() -         FULL_ENTITY - Creating ID=136 CardID=
D 21:44:33.5977454 GameState.DebugPrintPower() -             tag=ZONE value=SETASIDE
D 21:44:33.5977454 GameState.DebugPrintPower() -             tag=CONTROLLER value=1
D 21:44:33.5977454 GameState.DebugPrintPower() -             tag=ENTITY_ID value=136
D 21:44:33.5977454 GameState.DebugPrintPower() -         TAG_CHANGE Entity=136 tag=ZONE value=PLAY 
D 21:44:33.5977454 GameState.DebugPrintPower() -     BLOCK_END
D 21:44:33.5977454 GameState.DebugPrintPower() -     BLOCK_START BlockType=TRIGGER Entity=[entityName=寻求指引 id=13 zone=SECRET zonePos=0 cardId=SW_433 player=1] EffectCardId=System.Collections.Generic.List`1[System.String] EffectIndex=1 Target=0 SubOption=-1 TriggerKeyword=TAG_NOT_SET
D 21:44:33.5977454 GameState.DebugPrintPower() -         TAG_CHANGE Entity=[entityName=寻求指引 id=13 zone=SECRET zonePos=0 cardId=SW_433 player=1] tag=QUEST_PROGRESS value=1 
D 21:44:33.5977454 GameState.DebugPrintPower() -         TAG_CHANGE Entity=[entityName=寻求指引 id=13 zone=SECRET zonePos=0 cardId=SW_433 player=1] tag=QUESTLINE_REQUIREMENT_MET_1 value=1 
D 21:44:33.5977454 GameState.DebugPrintPower() -     BLOCK_END
D 21:44:33.5977454 GameState.DebugPrintPower() -     TAG_CHANGE Entity=Rose#55519 tag=COMBO_ACTIVE value=1 
D 21:44:33.5977454 GameState.DebugPrintPower() -     TAG_CHANGE Entity=GameEntity tag=1323 value=4 
D 21:44:33.5977454 GameState.DebugPrintPower() -     TAG_CHANGE Entity=Rose#55519 tag=NUM_OPTIONS_PLAYED_THIS_TURN value=1 
D 21:44:33.5977454 GameState.DebugPrintPower() - BLOCK_END
D 21:44:33.5977454 GameState.DebugPrintPower() - META_DATA - Meta=SLUSH_TIME Data=1000 InfoCount=1
D 21:44:33.5977454 GameState.DebugPrintPower() -             Info[0] = [entityName=UNKNOWN ENTITY [cardType=INVALID] id=9 zone=HAND zonePos=2 cardId= player=1]
D 21:44:33.5977454 PowerTaskList.DebugDump() - ID=94 ParentID=0 PreviousID=0 TaskCount=15
D 21:44:33.5977454 PowerTaskList.DebugPrintPower() - BLOCK_START BlockType=PLAY Entity=[entityName=UNKNOWN ENTITY [cardType=INVALID] id=9 zone=HAND zonePos=2 cardId= player=1] EffectCardId=System.Collections.Generic.List`1[System.String] EffectIndex=0 Target=0 SubOption=-1 
D 21:44:33.5977454 PowerTaskList.DebugPrintPower() -     TAG_CHANGE Entity=Rose#55519 tag=2245 value=3 
D 21:44:33.5977454 PowerTaskList.DebugPrintPower() -     TAG_CHANGE Entity=Rose#55519 tag=RESOURCES_USED value=2 
D 21:44:33.5977454 PowerTaskList.DebugPrintPower() -     TAG_CHANGE Entity=Rose#55519 tag=NUM_RESOURCES_SPENT_THIS_GAME value=3 
D 21:44:33.5977454 PowerTaskList.DebugPrintPower() -     TAG_CHANGE Entity=Rose#55519 tag=NUM_CARDS_PLAYED_THIS_TURN value=1 
D 21:44:33.5977454 PowerTaskList.DebugPrintPower() -     TAG_CHANGE Entity=Rose#55519 tag=NUM_MINIONS_PLAYED_THIS_TURN value=1 
D 21:44:33.5977454 PowerTaskList.DebugPrintPower() -     TAG_CHANGE Entity=[entityName=UNKNOWN ENTITY [cardType=INVALID] id=17 zone=HAND zonePos=6 cardId= player=1] tag=ZONE_POSITION value=5 
D 21:44:33.5977454 PowerTaskList.DebugPrintPower() -     TAG_CHANGE Entity=[entityName=UNKNOWN ENTITY [cardType=INVALID] id=8 zone=HAND zonePos=5 cardId= player=1] tag=ZONE_POSITION value=4 
D 21:44:33.5977454 PowerTaskList.DebugPrintPower() -     TAG_CHANGE Entity=[entityName=UNKNOWN ENTITY [cardType=INVALID] id=100 zone=HAND zonePos=4 cardId= player=1] tag=ZONE_POSITION value=3 
D 21:44:33.5977454 PowerTaskList.DebugPrintPower() -     TAG_CHANGE Entity=[entityName=UNKNOWN ENTITY [cardType=INVALID] id=11 zone=HAND zonePos=3 cardId= player=1] tag=ZONE_POSITION value=2 
D 21:44:33.5977454 PowerTaskList.DebugPrintPower() -     TAG_CHANGE Entity=[entityName=UNKNOWN ENTITY [cardType=INVALID] id=9 zone=HAND zonePos=2 cardId= player=1] tag=ZONE_POSITION value=0 
D 21:44:33.5977454 PowerTaskList.DebugPrintPower() -     SHOW_ENTITY - Updating Entity=[entityName=UNKNOWN ENTITY [cardType=INVALID] id=9 zone=HAND zonePos=2 cardId= player=1] CardID=REV_246
D 21:44:33.5977454 PowerTaskList.DebugPrintPower() -         tag=CONTROLLER value=1
D 21:44:33.5977454 PowerTaskList.DebugPrintPower() -         tag=CARDTYPE value=MINION
D 21:44:33.5977454 PowerTaskList.DebugPrintPower() -         tag=TAG_LAST_KNOWN_COST_IN_HAND value=2
D 21:44:33.5977454 PowerTaskList.DebugPrintPower() -         tag=479 value=2
D 21:44:33.5977454 PowerTaskList.DebugPrintPower() -         tag=COST value=2
D 21:44:33.5977454 PowerTaskList.DebugPrintPower() -         tag=ATK value=2
D 21:44:33.5977454 PowerTaskList.DebugPrintPower() -         tag=HEALTH value=3
D 21:44:33.5977454 PowerTaskList.DebugPrintPower() -         tag=ZONE value=PLAY
D 21:44:33.5977454 PowerTaskList.DebugPrintPower() -         tag=ENTITY_ID value=9
D 21:44:33.5977454 PowerTaskList.DebugPrintPower() -         tag=CLASS value=PRIEST
D 21:44:33.5977454 PowerTaskList.DebugPrintPower() -         tag=RARITY value=EPIC
D 21:44:33.5977454 PowerTaskList.DebugPrintPower() -         tag=BATTLECRY value=1
D 21:44:33.5977454 PowerTaskList.DebugPrintPower() -         tag=JUST_PLAYED value=1
D 21:44:33.5977454 PowerTaskList.DebugPrintPower() -         tag=ZONE_POSITION value=0
D 21:44:33.5977454 PowerTaskList.DebugPrintPower() -         tag=NUM_TURNS_IN_HAND value=4
D 21:44:33.5977454 PowerTaskList.DebugPrintPower() -         tag=478 value=1
D 21:44:33.5977454 PowerTaskList.DebugPrintPower() -         tag=1037 value=0
D 21:44:33.5977454 PowerTaskList.DebugPrintPower() -         tag=1043 value=1
D 21:44:33.5977454 PowerTaskList.DebugPrintPower() -         tag=1068 value=0
D 21:44:33.5977454 PowerTaskList.DebugPrintPower() -         tag=SPAWN_TIME_COUNT value=1
D 21:44:33.5977454 PowerTaskList.DebugPrintPower() -         tag=HAS_ACTIVATE_POWER value=1
D 21:44:33.5977454 PowerTaskList.DebugPrintPower() -         tag=3085 value=3
D 21:44:33.5977454 PowerTaskList.DebugPrintPower() -         tag=3557 value=2
D 21:44:33.5977454 PowerTaskList.DebugPrintPower() -         tag=4472 value=2
D 21:44:33.5977454 PowerTaskList.DebugPrintPower() -     TAG_CHANGE Entity=[entityName=UNKNOWN ENTITY [cardType=INVALID] id=9 zone=HAND zonePos=2 cardId= player=1] tag=ZONE_POSITION value=1 
D 21:44:33.5977454 PowerTaskList.DebugPrintPower() -     TAG_CHANGE Entity=[entityName=UNKNOWN ENTITY [cardType=INVALID] id=9 zone=HAND zonePos=2 cardId= player=1] tag=1196 value=1 
D 21:44:33.5977454 PowerTaskList.DebugPrintPower() -     TAG_CHANGE Entity=[entityName=UNKNOWN ENTITY [cardType=INVALID] id=9 zone=HAND zonePos=2 cardId= player=1] tag=EXHAUSTED value=1 
D 21:44:33.5977454 PowerTaskList.DebugPrintPower() -     META_DATA - Meta=SLUSH_TIME Data=3000 InfoCount=1
D 21:44:33.5977454 PowerTaskList.DebugPrintPower() -                 Info[0] = [entityName=UNKNOWN ENTITY [cardType=INVALID] id=9 zone=HAND zonePos=2 cardId= player=1]
D 21:44:33.5977454 PowerTaskList.DebugDump() - Block End=(null)
D 21:44:33.5977454 PowerProcessor.PrepareHistoryForCurrentTaskList() - m_currentTaskList=94
D 21:44:33.5977454 PowerProcessor.DoTaskListForCard() - unhandled BlockType PLAY for sourceEntity [entityName=UNKNOWN ENTITY [cardType=INVALID] id=9 zone=HAND zonePos=2 cardId= player=1]
D 21:44:35.1601453 PowerProcessor.EndCurrentTaskList() - m_currentTaskList=94
D 21:44:35.1663141 PowerTaskList.DebugDump() - ID=95 ParentID=94 PreviousID=0 TaskCount=1
D 21:44:35.1663141 PowerTaskList.DebugPrintPower() - BLOCK_START BlockType=POWER Entity=[entityName=神秘访客 id=9 zone=PLAY zonePos=1 cardId=REV_246 player=1] EffectCardId=System.Collections.Generic.List`1[System.String] EffectIndex=0 Target=0 SubOption=-1 
D 21:44:35.1663141 PowerTaskList.DebugPrintPower() -     META_DATA - Meta=EFFECT_TIMING Data=0 InfoCount=1
D 21:44:35.1663141 PowerTaskList.DebugPrintPower() -                 Info[0] = [entityName=神秘访客 id=9 zone=PLAY zonePos=1 cardId=REV_246 player=1]
D 21:44:35.1663141 PowerTaskList.DebugDump() - Block End=(null)
D 21:44:35.1663141 PowerProcessor.PrepareHistoryForCurrentTaskList() - m_currentTaskList=95
D 21:44:35.3946084 PowerProcessor.EndCurrentTaskList() - m_currentTaskList=95
D 21:44:35.3946084 PowerTaskList.DebugDump() - ID=96 ParentID=94 PreviousID=95 TaskCount=2
D 21:44:35.3946084 PowerTaskList.DebugDump() - Block Start=(null)
D 21:44:35.3946084 PowerTaskList.DebugPrintPower() -     SUB_SPELL_START - SpellPrefabGUID=ReuseFX_Shadow_HandBuff_ScaleUp_Super:5f7cf1c62a5adff4aab0fabde6220034 Source=9 TargetCount=0
D 21:44:35.3946084 PowerTaskList.DebugPrintPower() -                       Source = [entityName=神秘访客 id=9 zone=PLAY zonePos=1 cardId=REV_246 player=1]
D 21:44:35.3946084 PowerTaskList.DebugPrintPower() -     SUB_SPELL_END
D 21:44:35.3946084 PowerTaskList.DebugDump() - Block End=(null)
D 21:44:35.3946084 PowerProcessor.PrepareHistoryForCurrentTaskList() - m_currentTaskList=96
D 21:44:35.4087706 PowerProcessor.EndCurrentTaskList() - m_currentTaskList=96
D 21:44:35.4141317 PowerTaskList.DebugDump() - ID=97 ParentID=94 PreviousID=96 TaskCount=40
D 21:44:35.4141317 PowerTaskList.DebugDump() - Block Start=(null)
D 21:44:35.4141317 PowerTaskList.DebugPrintPower() -     FULL_ENTITY - Updating [entityName=UNKNOWN ENTITY [cardType=INVALID] id=117 zone=SETASIDE zonePos=0 cardId= player=1] CardID=
D 21:44:35.4141317 PowerTaskList.DebugPrintPower() -         tag=ZONE value=SETASIDE
D 21:44:35.4141317 PowerTaskList.DebugPrintPower() -         tag=CONTROLLER value=1
D 21:44:35.4141317 PowerTaskList.DebugPrintPower() -         tag=ENTITY_ID value=117
D 21:44:35.4141317 PowerTaskList.DebugPrintPower() -     TAG_CHANGE Entity=[entityName=UNKNOWN ENTITY [cardType=INVALID] id=117 zone=SETASIDE zonePos=0 cardId= player=1] tag=ZONE value=PLAY 
D 21:44:35.4141317 PowerTaskList.DebugPrintPower() -     FULL_ENTITY - Updating [entityName=UNKNOWN ENTITY [cardType=INVALID] id=118 zone=SETASIDE zonePos=0 cardId= player=1] CardID=
D 21:44:35.4141317 PowerTaskList.DebugPrintPower() -         tag=ZONE value=SETASIDE
D 21:44:35.4141317 PowerTaskList.DebugPrintPower() -         tag=CONTROLLER value=1
D 21:44:35.4141317 PowerTaskList.DebugPrintPower() -         tag=ENTITY_ID value=118
D 21:44:35.4141317 PowerTaskList.DebugPrintPower() -     TAG_CHANGE Entity=[entityName=UNKNOWN ENTITY [cardType=INVALID] id=118 zone=SETASIDE zonePos=0 cardId= player=1] tag=ZONE value=PLAY 
D 21:44:35.4141317 PowerTaskList.DebugPrintPower() -     FULL_ENTITY - Updating [entityName=UNKNOWN ENTITY [cardType=INVALID] id=119 zone=SETASIDE zonePos=0 cardId= player=1] CardID=
D 21:44:35.4141317 PowerTaskList.DebugPrintPower() -         tag=ZONE value=SETASIDE
D 21:44:35.4141317 PowerTaskList.DebugPrintPower() -         tag=CONTROLLER value=1
D 21:44:35.4141317 PowerTaskList.DebugPrintPower() -         tag=ENTITY_ID value=119
D 21:44:35.4141317 PowerTaskList.DebugPrintPower() -     TAG_CHANGE Entity=[entityName=UNKNOWN ENTITY [cardType=INVALID] id=119 zone=SETASIDE zonePos=0 cardId= player=1] tag=ZONE value=PLAY 
D 21:44:35.4141317 PowerTaskList.DebugPrintPower() -     FULL_ENTITY - Updating [entityName=UNKNOWN ENTITY [cardType=INVALID] id=120 zone=SETASIDE zonePos=0 cardId= player=1] CardID=
D 21:44:35.4141317 PowerTaskList.DebugPrintPower() -         tag=ZONE value=SETASIDE
D 21:44:35.4141317 PowerTaskList.DebugPrintPower() -         tag=CONTROLLER value=1
D 21:44:35.4141317 PowerTaskList.DebugPrintPower() -         tag=ENTITY_ID value=120
D 21:44:35.4141317 PowerTaskList.DebugPrintPower() -     TAG_CHANGE Entity=[entityName=UNKNOWN ENTITY [cardType=INVALID] id=120 zone=SETASIDE zonePos=0 cardId= player=1] tag=ZONE value=PLAY 
D 21:44:35.4141317 PowerTaskList.DebugPrintPower() -     FULL_ENTITY - Updating [entityName=UNKNOWN ENTITY [cardType=INVALID] id=121 zone=SETASIDE zonePos=0 cardId= player=1] CardID=
D 21:44:35.4141317 PowerTaskList.DebugPrintPower() -         tag=ZONE value=SETASIDE
D 21:44:35.4141317 PowerTaskList.DebugPrintPower() -         tag=CONTROLLER value=1
D 21:44:35.4141317 PowerTaskList.DebugPrintPower() -         tag=ENTITY_ID value=121
D 21:44:35.4141317 PowerTaskList.DebugPrintPower() -     TAG_CHANGE Entity=[entityName=UNKNOWN ENTITY [cardType=INVALID] id=121 zone=SETASIDE zonePos=0 cardId= player=1] tag=ZONE value=PLAY 
D 21:44:35.4141317 PowerTaskList.DebugPrintPower() -     FULL_ENTITY - Updating [entityName=UNKNOWN ENTITY [cardType=INVALID] id=122 zone=SETASIDE zonePos=0 cardId= player=1] CardID=
D 21:44:35.4141317 PowerTaskList.DebugPrintPower() -         tag=ZONE value=SETASIDE
D 21:44:35.4141317 PowerTaskList.DebugPrintPower() -         tag=CONTROLLER value=1
D 21:44:35.4141317 PowerTaskList.DebugPrintPower() -         tag=ENTITY_ID value=122
D 21:44:35.4141317 PowerTaskList.DebugPrintPower() -     TAG_CHANGE Entity=[entityName=UNKNOWN ENTITY [cardType=INVALID] id=122 zone=SETASIDE zonePos=0 cardId= player=1] tag=ZONE value=PLAY 
D 21:44:35.4141317 PowerTaskList.DebugPrintPower() -     FULL_ENTITY - Updating [entityName=UNKNOWN ENTITY [cardType=INVALID] id=123 zone=SETASIDE zonePos=0 cardId= player=1] CardID=
D 21:44:35.4141317 PowerTaskList.DebugPrintPower() -         tag=ZONE value=SETASIDE
D 21:44:35.4141317 PowerTaskList.DebugPrintPower() -         tag=CONTROLLER value=1
D 21:44:35.4141317 PowerTaskList.DebugPrintPower() -         tag=ENTITY_ID value=123
D 21:44:35.4141317 PowerTaskList.DebugPrintPower() -     TAG_CHANGE Entity=[entityName=UNKNOWN ENTITY [cardType=INVALID] id=123 zone=SETASIDE zonePos=0 cardId= player=1] tag=ZONE value=PLAY 
D 21:44:35.4141317 PowerTaskList.DebugPrintPower() -     FULL_ENTITY - Updating [entityName=UNKNOWN ENTITY [cardType=INVALID] id=124 zone=SETASIDE zonePos=0 cardId= player=1] CardID=
D 21:44:35.4141317 PowerTaskList.DebugPrintPower() -         tag=ZONE value=SETASIDE
D 21:44:35.4141317 PowerTaskList.DebugPrintPower() -         tag=CONTROLLER value=1
D 21:44:35.4141317 PowerTaskList.DebugPrintPower() -         tag=ENTITY_ID value=124
D 21:44:35.4141317 PowerTaskList.DebugPrintPower() -     TAG_CHANGE Entity=[entityName=UNKNOWN ENTITY [cardType=INVALID] id=124 zone=SETASIDE zonePos=0 cardId= player=1] tag=ZONE value=PLAY 
D 21:44:35.4141317 PowerTaskList.DebugPrintPower() -     FULL_ENTITY - Updating [entityName=UNKNOWN ENTITY [cardType=INVALID] id=125 zone=SETASIDE zonePos=0 cardId= player=1] CardID=
D 21:44:35.4141317 PowerTaskList.DebugPrintPower() -         tag=ZONE value=SETASIDE
D 21:44:35.4141317 PowerTaskList.DebugPrintPower() -         tag=CONTROLLER value=1
D 21:44:35.4141317 PowerTaskList.DebugPrintPower() -         tag=ENTITY_ID value=125
D 21:44:35.4141317 PowerTaskList.DebugPrintPower() -     TAG_CHANGE Entity=[entityName=UNKNOWN ENTITY [cardType=INVALID] id=125 zone=SETASIDE zonePos=0 cardId= player=1] tag=ZONE value=PLAY 
D 21:44:35.4141317 PowerTaskList.DebugPrintPower() -     FULL_ENTITY - Updating [entityName=UNKNOWN ENTITY [cardType=INVALID] id=126 zone=SETASIDE zonePos=0 cardId= player=1] CardID=
D 21:44:35.4141317 PowerTaskList.DebugPrintPower() -         tag=ZONE value=SETASIDE
D 21:44:35.4141317 PowerTaskList.DebugPrintPower() -         tag=CONTROLLER value=1
D 21:44:35.4141317 PowerTaskList.DebugPrintPower() -         tag=ENTITY_ID value=126
D 21:44:35.4141317 PowerTaskList.DebugPrintPower() -     TAG_CHANGE Entity=[entityName=UNKNOWN ENTITY [cardType=INVALID] id=126 zone=SETASIDE zonePos=0 cardId= player=1] tag=ZONE value=PLAY 
D 21:44:35.4141317 PowerTaskList.DebugPrintPower() -     FULL_ENTITY - Updating [entityName=UNKNOWN ENTITY [cardType=INVALID] id=127 zone=SETASIDE zonePos=0 cardId= player=1] CardID=
D 21:44:35.4141317 PowerTaskList.DebugPrintPower() -         tag=ZONE value=SETASIDE
D 21:44:35.4141317 PowerTaskList.DebugPrintPower() -         tag=CONTROLLER value=1
D 21:44:35.4141317 PowerTaskList.DebugPrintPower() -         tag=ENTITY_ID value=127
D 21:44:35.4141317 PowerTaskList.DebugPrintPower() -     TAG_CHANGE Entity=[entityName=UNKNOWN ENTITY [cardType=INVALID] id=127 zone=SETASIDE zonePos=0 cardId= player=1] tag=ZONE value=PLAY 
D 21:44:35.4141317 PowerTaskList.DebugPrintPower() -     FULL_ENTITY - Updating [entityName=UNKNOWN ENTITY [cardType=INVALID] id=128 zone=SETASIDE zonePos=0 cardId= player=1] CardID=
D 21:44:35.4141317 PowerTaskList.DebugPrintPower() -         tag=ZONE value=SETASIDE
D 21:44:35.4141317 PowerTaskList.DebugPrintPower() -         tag=CONTROLLER value=1
D 21:44:35.4141317 PowerTaskList.DebugPrintPower() -         tag=ENTITY_ID value=128
D 21:44:35.4141317 PowerTaskList.DebugPrintPower() -     TAG_CHANGE Entity=[entityName=UNKNOWN ENTITY [cardType=INVALID] id=128 zone=SETASIDE zonePos=0 cardId= player=1] tag=ZONE value=PLAY 
D 21:44:35.4141317 PowerTaskList.DebugPrintPower() -     FULL_ENTITY - Updating [entityName=UNKNOWN ENTITY [cardType=INVALID] id=129 zone=SETASIDE zonePos=0 cardId= player=1] CardID=
D 21:44:35.4141317 PowerTaskList.DebugPrintPower() -         tag=ZONE value=SETASIDE
D 21:44:35.4141317 PowerTaskList.DebugPrintPower() -         tag=CONTROLLER value=1
D 21:44:35.4141317 PowerTaskList.DebugPrintPower() -         tag=ENTITY_ID value=129
D 21:44:35.4141317 PowerTaskList.DebugPrintPower() -     TAG_CHANGE Entity=[entityName=UNKNOWN ENTITY [cardType=INVALID] id=129 zone=SETASIDE zonePos=0 cardId= player=1] tag=ZONE value=PLAY 
D 21:44:35.4141317 PowerTaskList.DebugPrintPower() -     FULL_ENTITY - Updating [entityName=UNKNOWN ENTITY [cardType=INVALID] id=130 zone=SETASIDE zonePos=0 cardId= player=1] CardID=
D 21:44:35.4141317 PowerTaskList.DebugPrintPower() -         tag=ZONE value=SETASIDE
D 21:44:35.4141317 PowerTaskList.DebugPrintPower() -         tag=CONTROLLER value=1
D 21:44:35.4141317 PowerTaskList.DebugPrintPower() -         tag=ENTITY_ID value=130
D 21:44:35.4141317 PowerTaskList.DebugPrintPower() -     TAG_CHANGE Entity=[entityName=UNKNOWN ENTITY [cardType=INVALID] id=130 zone=SETASIDE zonePos=0 cardId= player=1] tag=ZONE value=PLAY 
D 21:44:35.4141317 PowerTaskList.DebugPrintPower() -     FULL_ENTITY - Updating [entityName=UNKNOWN ENTITY [cardType=INVALID] id=131 zone=SETASIDE zonePos=0 cardId= player=1] CardID=
D 21:44:35.4141317 PowerTaskList.DebugPrintPower() -         tag=ZONE value=SETASIDE
D 21:44:35.4141317 PowerTaskList.DebugPrintPower() -         tag=CONTROLLER value=1
D 21:44:35.4141317 PowerTaskList.DebugPrintPower() -         tag=ENTITY_ID value=131
D 21:44:35.4141317 PowerTaskList.DebugPrintPower() -     TAG_CHANGE Entity=[entityName=UNKNOWN ENTITY [cardType=INVALID] id=131 zone=SETASIDE zonePos=0 cardId= player=1] tag=ZONE value=PLAY 
D 21:44:35.4141317 PowerTaskList.DebugPrintPower() -     FULL_ENTITY - Updating [entityName=UNKNOWN ENTITY [cardType=INVALID] id=132 zone=SETASIDE zonePos=0 cardId= player=1] CardID=
D 21:44:35.4141317 PowerTaskList.DebugPrintPower() -         tag=ZONE value=SETASIDE
D 21:44:35.4141317 PowerTaskList.DebugPrintPower() -         tag=CONTROLLER value=1
D 21:44:35.4141317 PowerTaskList.DebugPrintPower() -         tag=ENTITY_ID value=132
D 21:44:35.4141317 PowerTaskList.DebugPrintPower() -     TAG_CHANGE Entity=[entityName=UNKNOWN ENTITY [cardType=INVALID] id=132 zone=SETASIDE zonePos=0 cardId= player=1] tag=ZONE value=PLAY 
D 21:44:35.4141317 PowerTaskList.DebugPrintPower() -     FULL_ENTITY - Updating [entityName=UNKNOWN ENTITY [cardType=INVALID] id=133 zone=SETASIDE zonePos=0 cardId= player=1] CardID=
D 21:44:35.4141317 PowerTaskList.DebugPrintPower() -         tag=ZONE value=SETASIDE
D 21:44:35.4141317 PowerTaskList.DebugPrintPower() -         tag=CONTROLLER value=1
D 21:44:35.4141317 PowerTaskList.DebugPrintPower() -         tag=ENTITY_ID value=133
D 21:44:35.4141317 PowerTaskList.DebugPrintPower() -     TAG_CHANGE Entity=[entityName=UNKNOWN ENTITY [cardType=INVALID] id=133 zone=SETASIDE zonePos=0 cardId= player=1] tag=ZONE value=PLAY 
D 21:44:35.4141317 PowerTaskList.DebugPrintPower() -     FULL_ENTITY - Updating [entityName=UNKNOWN ENTITY [cardType=INVALID] id=134 zone=SETASIDE zonePos=0 cardId= player=1] CardID=
D 21:44:35.4141317 PowerTaskList.DebugPrintPower() -         tag=ZONE value=SETASIDE
D 21:44:35.4141317 PowerTaskList.DebugPrintPower() -         tag=CONTROLLER value=1
D 21:44:35.4141317 PowerTaskList.DebugPrintPower() -         tag=ENTITY_ID value=134
D 21:44:35.4141317 PowerTaskList.DebugPrintPower() -     TAG_CHANGE Entity=[entityName=UNKNOWN ENTITY [cardType=INVALID] id=134 zone=SETASIDE zonePos=0 cardId= player=1] tag=ZONE value=PLAY 
D 21:44:35.4141317 PowerTaskList.DebugPrintPower() -     FULL_ENTITY - Updating [entityName=UNKNOWN ENTITY [cardType=INVALID] id=135 zone=SETASIDE zonePos=0 cardId= player=1] CardID=
D 21:44:35.4141317 PowerTaskList.DebugPrintPower() -         tag=ZONE value=SETASIDE
D 21:44:35.4141317 PowerTaskList.DebugPrintPower() -         tag=CONTROLLER value=1
D 21:44:35.4141317 PowerTaskList.DebugPrintPower() -         tag=ENTITY_ID value=135
D 21:44:35.4141317 PowerTaskList.DebugPrintPower() -     TAG_CHANGE Entity=[entityName=UNKNOWN ENTITY [cardType=INVALID] id=135 zone=SETASIDE zonePos=0 cardId= player=1] tag=ZONE value=PLAY 
D 21:44:35.4141317 PowerTaskList.DebugPrintPower() -     FULL_ENTITY - Updating [entityName=UNKNOWN ENTITY [cardType=INVALID] id=136 zone=SETASIDE zonePos=0 cardId= player=1] CardID=
D 21:44:35.4141317 PowerTaskList.DebugPrintPower() -         tag=ZONE value=SETASIDE
D 21:44:35.4141317 PowerTaskList.DebugPrintPower() -         tag=CONTROLLER value=1
D 21:44:35.4141317 PowerTaskList.DebugPrintPower() -         tag=ENTITY_ID value=136
D 21:44:35.4141317 PowerTaskList.DebugPrintPower() -     TAG_CHANGE Entity=[entityName=UNKNOWN ENTITY [cardType=INVALID] id=136 zone=SETASIDE zonePos=0 cardId= player=1] tag=ZONE value=PLAY 
D 21:44:35.4141317 PowerTaskList.DebugPrintPower() - BLOCK_END
D 21:44:35.4141317 PowerProcessor.PrepareHistoryForCurrentTaskList() - m_currentTaskList=97
D 21:44:35.4141317 PowerSpellController [taskListId=97].InitPowerSpell() - FAILED to attach task list to spell ReuseFX_Shadow_DeckAE_DeckBuff_Super(Clone) (SuperSpell) for Card [entityName=神秘访客 id=9 zone=PLAY zonePos=1 cardId=REV_246 player=1]
D 21:44:35.6934968 PowerProcessor.EndCurrentTaskList() - m_currentTaskList=97
D 21:44:35.6991833 PowerTaskList.DebugDump() - ID=98 ParentID=0 PreviousID=94 TaskCount=0
D 21:44:35.6991833 PowerTaskList.DebugDump() - Block Start=(null)
D 21:44:35.6991833 PowerTaskList.DebugDump() - Block End=(null)
D 21:44:35.6991833 PowerProcessor.PrepareHistoryForCurrentTaskList() - m_currentTaskList=98
D 21:44:35.6991833 PowerProcessor.DoTaskListForCard() - unhandled BlockType PLAY for sourceEntity [entityName=神秘访客 id=9 zone=PLAY zonePos=1 cardId=REV_246 player=1]
D 21:44:35.6991833 PowerProcessor.EndCurrentTaskList() - m_currentTaskList=98
D 21:44:35.6991833 PowerTaskList.DebugDump() - ID=99 ParentID=94 PreviousID=0 TaskCount=2
D 21:44:35.6991833 PowerTaskList.DebugPrintPower() - BLOCK_START BlockType=TRIGGER Entity=[entityName=寻求指引 id=13 zone=SECRET zonePos=0 cardId=SW_433 player=1] EffectCardId=System.Collections.Generic.List`1[System.String] EffectIndex=1 Target=0 SubOption=-1 TriggerKeyword=TAG_NOT_SET
D 21:44:35.6991833 PowerTaskList.DebugPrintPower() -     TAG_CHANGE Entity=[entityName=寻求指引 id=13 zone=SECRET zonePos=0 cardId=SW_433 player=1] tag=QUEST_PROGRESS value=1 
D 21:44:35.6991833 PowerTaskList.DebugPrintPower() -     TAG_CHANGE Entity=[entityName=寻求指引 id=13 zone=SECRET zonePos=0 cardId=SW_433 player=1] tag=QUESTLINE_REQUIREMENT_MET_1 value=1 
D 21:44:35.6991833 PowerTaskList.DebugPrintPower() - BLOCK_END
D 21:44:35.6991833 PowerProcessor.PrepareHistoryForCurrentTaskList() - m_currentTaskList=99
D 21:44:35.6991833 PowerProcessor.EndCurrentTaskList() - m_currentTaskList=99
D 21:44:35.6991833 PowerTaskList.DebugDump() - ID=100 ParentID=0 PreviousID=98 TaskCount=3
D 21:44:35.6991833 PowerTaskList.DebugDump() - Block Start=(null)
D 21:44:35.6991833 PowerTaskList.DebugPrintPower() -     TAG_CHANGE Entity=Rose#55519 tag=COMBO_ACTIVE value=1 
D 21:44:35.6991833 PowerTaskList.DebugPrintPower() -     TAG_CHANGE Entity=GameEntity tag=1323 value=4 
D 21:44:35.6991833 PowerTaskList.DebugPrintPower() -     TAG_CHANGE Entity=Rose#55519 tag=NUM_OPTIONS_PLAYED_THIS_TURN value=1 
D 21:44:35.6991833 PowerTaskList.DebugPrintPower() - BLOCK_END
D 21:44:35.6991833 PowerProcessor.PrepareHistoryForCurrentTaskList() - m_currentTaskList=100
D 21:44:35.6991833 PowerProcessor.DoTaskListForCard() - unhandled BlockType PLAY for sourceEntity [entityName=神秘访客 id=9 zone=PLAY zonePos=1 cardId=REV_246 player=1]
D 21:44:35.6991833 PowerProcessor.EndCurrentTaskList() - m_currentTaskList=100
D 21:44:36.3879132 GameState.DebugPrintPowerList() - Count=83
D 21:44:36.3879132 GameState.DebugPrintPower() - TAG_CHANGE Entity=[entityName=神秘访客 id=9 zone=PLAY zonePos=1 cardId=REV_246 player=1] tag=1196 value=0 
D 21:44:36.3879132 GameState.DebugPrintPower() - TAG_CHANGE Entity=GameEntity tag=STEP value=MAIN_END 
D 21:44:36.3879132 GameState.DebugPrintPower() - BLOCK_START BlockType=TRIGGER Entity=Rose#55519 EffectCardId=System.Collections.Generic.List`1[System.String] EffectIndex=-1 Target=0 SubOption=-1 TriggerKeyword=TAG_NOT_SET
D 21:44:36.3879132 GameState.DebugPrintPower() -     TAG_CHANGE Entity=GameEntity tag=NEXT_STEP value=MAIN_CLEANUP 
D 21:44:36.3879132 GameState.DebugPrintPower() - BLOCK_END
D 21:44:36.3879132 GameState.DebugPrintPower() - BLOCK_START BlockType=TRIGGER Entity=Rose#55519 EffectCardId=System.Collections.Generic.List`1[System.String] EffectIndex=-1 Target=0 SubOption=-1 TriggerKeyword=TAG_NOT_SET
D 21:44:36.3879132 GameState.DebugPrintPower() - BLOCK_END
D 21:44:36.3879132 GameState.DebugPrintPower() - BLOCK_START BlockType=TRIGGER Entity=湫然#51704 EffectCardId=System.Collections.Generic.List`1[System.String] EffectIndex=-1 Target=0 SubOption=-1 TriggerKeyword=TAG_NOT_SET
D 21:44:36.3879132 GameState.DebugPrintPower() - BLOCK_END
D 21:44:36.3879132 GameState.DebugPrintPower() - TAG_CHANGE Entity=GameEntity tag=STEP value=MAIN_CLEANUP 
D 21:44:36.3879132 GameState.DebugPrintPower() - BLOCK_START BlockType=TRIGGER Entity=Rose#55519 EffectCardId=System.Collections.Generic.List`1[System.String] EffectIndex=-1 Target=0 SubOption=-1 TriggerKeyword=TAG_NOT_SET
D 21:44:36.3879132 GameState.DebugPrintPower() -     TAG_CHANGE Entity=[entityName=神秘访客 id=9 zone=PLAY zonePos=1 cardId=REV_246 player=1] tag=JUST_PLAYED value=0 
D 21:44:36.3879132 GameState.DebugPrintPower() -     TAG_CHANGE Entity=Rose#55519 tag=COMBO_ACTIVE value=0 
D 21:44:36.3879132 GameState.DebugPrintPower() -     TAG_CHANGE Entity=GameEntity tag=NEXT_STEP value=MAIN_NEXT 
D 21:44:36.3879132 GameState.DebugPrintPower() -     TAG_CHANGE Entity=[entityName=寻求指引 id=13 zone=SECRET zonePos=0 cardId=SW_433 player=1] tag=EXHAUSTED value=0 
D 21:44:36.3879132 GameState.DebugPrintPower() - BLOCK_END
D 21:44:36.3879132 GameState.DebugPrintPower() - BLOCK_START BlockType=TRIGGER Entity=湫然#51704 EffectCardId=System.Collections.Generic.List`1[System.String] EffectIndex=-1 Target=0 SubOption=-1 TriggerKeyword=TAG_NOT_SET
D 21:44:36.3879132 GameState.DebugPrintPower() - BLOCK_END
D 21:44:36.3879132 GameState.DebugPrintPower() - TAG_CHANGE Entity=GameEntity tag=STEP value=MAIN_NEXT 
D 21:44:36.3879132 GameState.DebugPrintPower() - BLOCK_START BlockType=TRIGGER Entity=GameEntity EffectCardId=System.Collections.Generic.List`1[System.String] EffectIndex=-1 Target=0 SubOption=-1 TriggerKeyword=TAG_NOT_SET
D 21:44:36.3879132 GameState.DebugPrintPower() -     TAG_CHANGE Entity=Rose#55519 tag=1292 value=0 
D 21:44:36.3879132 GameState.DebugPrintPower() -     TAG_CHANGE Entity=湫然#51704 tag=1292 value=1 
D 21:44:36.3879132 GameState.DebugPrintPower() -     TAG_CHANGE Entity=Rose#55519 tag=TIMEOUT value=75 
D 21:44:36.3879132 GameState.DebugPrintPower() -     TAG_CHANGE Entity=[entityName=月光射线 id=38 zone=HAND zonePos=1 cardId=TID_001 player=2] tag=NUM_TURNS_IN_HAND value=5 
D 21:44:36.3879132 GameState.DebugPrintPower() -     TAG_CHANGE Entity=[entityName=生命缚誓者的礼物 id=64 zone=HAND zonePos=2 cardId=TTN_955 player=2] tag=NUM_TURNS_IN_HAND value=5 
D 21:44:36.3879132 GameState.DebugPrintPower() -     TAG_CHANGE Entity=[entityName=生物计划 id=62 zone=HAND zonePos=3 cardId=BOT_054 player=2] tag=NUM_TURNS_IN_HAND value=5 
D 21:44:36.3879132 GameState.DebugPrintPower() -     TAG_CHANGE Entity=[entityName=建造水晶塔 id=57 zone=HAND zonePos=4 cardId=SC_755 player=2] tag=NUM_TURNS_IN_HAND value=5 
D 21:44:36.3879132 GameState.DebugPrintPower() -     TAG_CHANGE Entity=[entityName=虚灵改装师 id=35 zone=HAND zonePos=5 cardId=BT_724 player=2] tag=NUM_TURNS_IN_HAND value=3 
D 21:44:36.3879132 GameState.DebugPrintPower() -     TAG_CHANGE Entity=Rose#55519 tag=CURRENT_PLAYER value=0 
D 21:44:36.3879132 GameState.DebugPrintPower() -     TAG_CHANGE Entity=湫然#51704 tag=CURRENT_PLAYER value=1 
D 21:44:36.3879132 GameState.DebugPrintPower() -     TAG_CHANGE Entity=GameEntity tag=TURN value=5 
D 21:44:36.3879132 GameState.DebugPrintPower() -     TAG_CHANGE Entity=GameEntity tag=1882 value=4 
D 21:44:36.3879132 GameState.DebugPrintPower() -     TAG_CHANGE Entity=湫然#51704 tag=TURN value=3 
D 21:44:36.3879132 GameState.DebugPrintPower() -     TAG_CHANGE Entity=GameEntity tag=NEXT_STEP value=MAIN_READY 
D 21:44:36.3879132 GameState.DebugPrintPower() - BLOCK_END
D 21:44:36.3879132 GameState.DebugPrintPower() - TAG_CHANGE Entity=GameEntity tag=STEP value=MAIN_READY 
D 21:44:36.3879132 GameState.DebugPrintPower() - BLOCK_START BlockType=TRIGGER Entity=湫然#51704 EffectCardId=System.Collections.Generic.List`1[System.String] EffectIndex=-1 Target=0 SubOption=-1 TriggerKeyword=TAG_NOT_SET
D 21:44:36.3879132 GameState.DebugPrintPower() -     TAG_CHANGE Entity=GameEntity tag=NUM_TURNS_IN_PLAY value=5 
D 21:44:36.3879132 GameState.DebugPrintPower() -     TAG_CHANGE Entity=Rose#55519 tag=NUM_TURNS_IN_PLAY value=5 
D 21:44:36.3879132 GameState.DebugPrintPower() -     TAG_CHANGE Entity=湫然#51704 tag=NUM_TURNS_IN_PLAY value=5 
D 21:44:36.3879132 GameState.DebugPrintPower() -     TAG_CHANGE Entity=[entityName=安度因·乌瑞恩 id=67 zone=PLAY zonePos=0 cardId=HERO_09 player=1] tag=NUM_TURNS_IN_PLAY value=5 
D 21:44:36.3879132 GameState.DebugPrintPower() -     TAG_CHANGE Entity=[entityName=次级治疗术 id=68 zone=PLAY zonePos=0 cardId=HERO_09bp player=1] tag=NUM_TURNS_IN_PLAY value=5 
D 21:44:36.3879132 GameState.DebugPrintPower() -     TAG_CHANGE Entity=[entityName=嘲风望月露娜拉 id=69 zone=PLAY zonePos=0 cardId=HERO_06bi player=2] tag=NUM_TURNS_IN_PLAY value=5 
D 21:44:36.3879132 GameState.DebugPrintPower() -     TAG_CHANGE Entity=[entityName=变形 id=70 zone=PLAY zonePos=0 cardId=HERO_06ebp player=2] tag=NUM_TURNS_IN_PLAY value=5 
D 21:44:36.3879132 GameState.DebugPrintPower() -     TAG_CHANGE Entity=[entityName=神秘访客 id=9 zone=PLAY zonePos=1 cardId=REV_246 player=1] tag=NUM_TURNS_IN_PLAY value=1 
D 21:44:36.3879132 GameState.DebugPrintPower() -     TAG_CHANGE Entity=[entityName=寻求指引 id=13 zone=SECRET zonePos=0 cardId=SW_433 player=1] tag=NUM_TURNS_IN_PLAY value=3 
D 21:44:36.3879132 GameState.DebugPrintPower() -     TAG_CHANGE Entity=湫然#51704 tag=RESOURCES value=3 
D 21:44:36.3879132 GameState.DebugPrintPower() -     TAG_CHANGE Entity=湫然#51704 tag=RESOURCES_USED value=0 
D 21:44:36.3879132 GameState.DebugPrintPower() -     TAG_CHANGE Entity=湫然#51704 tag=NUM_OPTIONS_PLAYED_THIS_TURN value=0 
D 21:44:36.3879132 GameState.DebugPrintPower() -     TAG_CHANGE Entity=[entityName=嘲风望月露娜拉 id=69 zone=PLAY zonePos=0 cardId=HERO_06bi player=2] tag=EXHAUSTED value=0 
D 21:44:36.3879132 GameState.DebugPrintPower() -     TAG_CHANGE Entity=[entityName=变形 id=70 zone=PLAY zonePos=0 cardId=HERO_06ebp player=2] tag=EXHAUSTED value=0 
D 21:44:36.3879132 GameState.DebugPrintPower() -     TAG_CHANGE Entity=Rose#55519 tag=NUM_CARDS_DRAWN_THIS_TURN value=0 
D 21:44:36.3879132 GameState.DebugPrintPower() -     TAG_CHANGE Entity=GameEntity tag=NEXT_STEP value=MAIN_START_TRIGGERS 
D 21:44:36.3879132 GameState.DebugPrintPower() -     TAG_CHANGE Entity=Rose#55519 tag=DAMAGE_DEALT_TO_HERO_LAST_TURN value=0 
D 21:44:36.3879132 GameState.DebugPrintPower() -     TAG_CHANGE Entity=[entityName=嘲风望月露娜拉 id=69 zone=PLAY zonePos=0 cardId=HERO_06bi player=2] tag=NUM_ATTACKS_THIS_TURN value=0 
D 21:44:36.3879132 GameState.DebugPrintPower() -     TAG_CHANGE Entity=湫然#51704 tag=HEROPOWER_ACTIVATIONS_THIS_TURN value=0 
D 21:44:36.3879132 GameState.DebugPrintPower() -     TAG_CHANGE Entity=[entityName=变形 id=70 zone=PLAY zonePos=0 cardId=HERO_06ebp player=2] tag=HEROPOWER_ACTIVATIONS_THIS_TURN value=0 
D 21:44:36.3879132 GameState.DebugPrintPower() -     TAG_CHANGE Entity=湫然#51704 tag=1739 value=0 
D 21:44:36.3879132 GameState.DebugPrintPower() - BLOCK_END
D 21:44:36.3879132 GameState.DebugPrintPower() - TAG_CHANGE Entity=GameEntity tag=STEP value=MAIN_START_TRIGGERS 
D 21:44:36.3879132 GameState.DebugPrintPower() - BLOCK_START BlockType=TRIGGER Entity=湫然#51704 EffectCardId=System.Collections.Generic.List`1[System.String] EffectIndex=-1 Target=0 SubOption=-1 TriggerKeyword=TAG_NOT_SET
D 21:44:36.3879132 GameState.DebugPrintPower() -     TAG_CHANGE Entity=GameEntity tag=NEXT_STEP value=MAIN_START 
D 21:44:36.3879132 GameState.DebugPrintPower() - BLOCK_END
D 21:44:36.3879132 GameState.DebugPrintPower() - TAG_CHANGE Entity=GameEntity tag=STEP value=MAIN_START 
D 21:44:36.3879132 GameState.DebugPrintPower() - BLOCK_START BlockType=TRIGGER Entity=湫然#51704 EffectCardId=System.Collections.Generic.List`1[System.String] EffectIndex=-1 Target=0 SubOption=-1 TriggerKeyword=TAG_NOT_SET
D 21:44:36.3879132 GameState.DebugPrintPower() -     TAG_CHANGE Entity=湫然#51704 tag=2166 value=50 
D 21:44:36.3879132 GameState.DebugPrintPower() -     TAG_CHANGE Entity=湫然#51704 tag=467 value=1 
D 21:44:36.3879132 GameState.DebugPrintPower() -     SHOW_ENTITY - Updating Entity=[entityName=UNKNOWN ENTITY [cardType=INVALID] id=50 zone=DECK zonePos=0 cardId= player=2] CardID=CS2_008
D 21:44:36.3879132 GameState.DebugPrintPower() -         tag=CONTROLLER value=2
D 21:44:36.3879132 GameState.DebugPrintPower() -         tag=CARDTYPE value=SPELL
D 21:44:36.3879132 GameState.DebugPrintPower() -         tag=PREMIUM value=1
D 21:44:36.3879132 GameState.DebugPrintPower() -         tag=ZONE value=HAND
D 21:44:36.3879132 GameState.DebugPrintPower() -         tag=ENTITY_ID value=50
D 21:44:36.3879132 GameState.DebugPrintPower() -         tag=CLASS value=DRUID
D 21:44:36.3879132 GameState.DebugPrintPower() -         tag=FACTION value=NEUTRAL
D 21:44:36.3879132 GameState.DebugPrintPower() -         tag=RARITY value=FREE
D 21:44:36.3879132 GameState.DebugPrintPower() -         tag=478 value=2
D 21:44:36.3879132 GameState.DebugPrintPower() -         tag=1037 value=2
D 21:44:36.3879132 GameState.DebugPrintPower() -         tag=1043 value=1
D 21:44:36.3879132 GameState.DebugPrintPower() -         tag=1068 value=0
D 21:44:36.3879132 GameState.DebugPrintPower() -         tag=SPAWN_TIME_COUNT value=1
D 21:44:36.3879132 GameState.DebugPrintPower() -         tag=SPELL_SCHOOL value=1
D 21:44:36.3879132 GameState.DebugPrintPower() -     TAG_CHANGE Entity=[entityName=UNKNOWN ENTITY [cardType=INVALID] id=50 zone=DECK zonePos=0 cardId= player=2] tag=NUM_TURNS_IN_HAND value=1 
D 21:44:36.3879132 GameState.DebugPrintPower() -     TAG_CHANGE Entity=[entityName=UNKNOWN ENTITY [cardType=INVALID] id=50 zone=DECK zonePos=0 cardId= player=2] tag=ZONE_POSITION value=6 
D 21:44:36.3879132 GameState.DebugPrintPower() -     TAG_CHANGE Entity=[entityName=UNKNOWN ENTITY [cardType=INVALID] id=50 zone=DECK zonePos=0 cardId= player=2] tag=ZONE_POSITION value=0 
D 21:44:36.3879132 GameState.DebugPrintPower() -     TAG_CHANGE Entity=[entityName=UNKNOWN ENTITY [cardType=INVALID] id=50 zone=DECK zonePos=0 cardId= player=2] tag=ZONE_POSITION value=6 
D 21:44:36.3879132 GameState.DebugPrintPower() -     TAG_CHANGE Entity=湫然#51704 tag=3242 value=1 
D 21:44:36.3879132 GameState.DebugPrintPower() -     TAG_CHANGE Entity=湫然#51704 tag=NUM_CARDS_DRAWN_THIS_TURN value=1 
D 21:44:36.3879132 GameState.DebugPrintPower() -     TAG_CHANGE Entity=湫然#51704 tag=995 value=3 
D 21:44:36.3879132 GameState.DebugPrintPower() -     TAG_CHANGE Entity=[entityName=UNKNOWN ENTITY [cardType=INVALID] id=50 zone=DECK zonePos=0 cardId= player=2] tag=1570 value=5 
D 21:44:36.3879132 GameState.DebugPrintPower() -     TAG_CHANGE Entity=湫然#51704 tag=467 value=0 
D 21:44:36.3879132 GameState.DebugPrintPower() -     TAG_CHANGE Entity=GameEntity tag=NEXT_STEP value=MAIN_ACTION 
D 21:44:36.3879132 GameState.DebugPrintPower() - BLOCK_END
D 21:44:36.3879132 GameState.DebugPrintPower() - TAG_CHANGE Entity=GameEntity tag=STEP value=MAIN_ACTION 
D 21:44:36.3879132 GameState.DebugPrintPower() - BLOCK_START BlockType=TRIGGER Entity=湫然#51704 EffectCardId=System.Collections.Generic.List`1[System.String] EffectIndex=-1 Target=0 SubOption=-1 TriggerKeyword=TAG_NOT_SET
D 21:44:36.3879132 GameState.DebugPrintPower() -     TAG_CHANGE Entity=GameEntity tag=NEXT_STEP value=MAIN_END 
D 21:44:36.3879132 GameState.DebugPrintPower() - BLOCK_END
D 21:44:36.4780952 GameState.DebugPrintOptions() - id=9
D 21:44:36.4780952 GameState.DebugPrintOptions() -   option 0 type=END_TURN mainEntity= error=INVALID errorParam=
D 21:44:36.4780952 GameState.DebugPrintOptions() -   option 1 type=POWER mainEntity=[entityName=月光射线 id=38 zone=HAND zonePos=1 cardId=TID_001 player=2] error=NONE errorParam=
D 21:44:36.4780952 GameState.DebugPrintOptions() -     target 0 entity=[entityName=安度因·乌瑞恩 id=67 zone=PLAY zonePos=0 cardId=HERO_09 player=1] error=NONE errorParam=
D 21:44:36.4780952 GameState.DebugPrintOptions() -     target 1 entity=[entityName=神秘访客 id=9 zone=PLAY zonePos=1 cardId=REV_246 player=1] error=NONE errorParam=
D 21:44:36.4780952 GameState.DebugPrintOptions() -     target 2 entity=[entityName=嘲风望月露娜拉 id=69 zone=PLAY zonePos=0 cardId=HERO_06bi player=2] error=REQ_ENEMY_TARGET errorParam=
D 21:44:36.4780952 GameState.DebugPrintOptions() -   option 2 type=POWER mainEntity=[entityName=生命缚誓者的礼物 id=64 zone=HAND zonePos=2 cardId=TTN_955 player=2] error=NONE errorParam=
D 21:44:36.4780952 GameState.DebugPrintOptions() -     subOption 0 entity=[entityName=生命缚誓者的绽放 id=65 zone=SETASIDE zonePos=0 cardId=TTN_955A player=2] error=NONE errorParam=
D 21:44:36.4780952 GameState.DebugPrintOptions() -     subOption 1 entity=[entityName=生命缚誓者的生长 id=66 zone=SETASIDE zonePos=0 cardId=TTN_955B player=2] error=NONE errorParam=
D 21:44:36.4780952 GameState.DebugPrintOptions() -   option 3 type=POWER mainEntity=[entityName=生物计划 id=62 zone=HAND zonePos=3 cardId=BOT_054 player=2] error=NONE errorParam=
D 21:44:36.4780952 GameState.DebugPrintOptions() -   option 4 type=POWER mainEntity=[entityName=建造水晶塔 id=57 zone=HAND zonePos=4 cardId=SC_755 player=2] error=NONE errorParam=
D 21:44:36.4780952 GameState.DebugPrintOptions() -   option 5 type=POWER mainEntity=[entityName=虚灵改装师 id=35 zone=HAND zonePos=5 cardId=BT_724 player=2] error=NONE errorParam=
D 21:44:36.4780952 GameState.DebugPrintOptions() -     target 0 entity=[entityName=神秘访客 id=9 zone=PLAY zonePos=1 cardId=REV_246 player=1] error=NONE errorParam=
D 21:44:36.4780952 GameState.DebugPrintOptions() -     target 1 entity=[entityName=安度因·乌瑞恩 id=67 zone=PLAY zonePos=0 cardId=HERO_09 player=1] error=REQ_MINION_TARGET errorParam=
D 21:44:36.4780952 GameState.DebugPrintOptions() -     target 2 entity=[entityName=嘲风望月露娜拉 id=69 zone=PLAY zonePos=0 cardId=HERO_06bi player=2] error=REQ_MINION_TARGET errorParam=
D 21:44:36.4780952 GameState.DebugPrintOptions() -   option 6 type=POWER mainEntity=[entityName=UNKNOWN ENTITY [cardType=INVALID] id=50 zone=DECK zonePos=0 cardId= player=2] error=NONE errorParam=
D 21:44:36.4780952 GameState.DebugPrintOptions() -     target 0 entity=[entityName=安度因·乌瑞恩 id=67 zone=PLAY zonePos=0 cardId=HERO_09 player=1] error=NONE errorParam=
D 21:44:36.4780952 GameState.DebugPrintOptions() -     target 1 entity=[entityName=嘲风望月露娜拉 id=69 zone=PLAY zonePos=0 cardId=HERO_06bi player=2] error=NONE errorParam=
D 21:44:36.4780952 GameState.DebugPrintOptions() -     target 2 entity=[entityName=神秘访客 id=9 zone=PLAY zonePos=1 cardId=REV_246 player=1] error=NONE errorParam=
D 21:44:36.4780952 GameState.DebugPrintOptions() -   option 7 type=POWER mainEntity=[entityName=变形 id=70 zone=PLAY zonePos=0 cardId=HERO_06ebp player=2] error=NONE errorParam=
D 21:44:36.4780952 GameState.DebugPrintOptions() -   option 8 type=POWER mainEntity=[entityName=安度因·乌瑞恩 id=67 zone=PLAY zonePos=0 cardId=HERO_09 player=1] error=REQ_YOUR_TURN errorParam=
D 21:44:36.4780952 GameState.DebugPrintOptions() -   option 9 type=POWER mainEntity=[entityName=次级治疗术 id=68 zone=PLAY zonePos=0 cardId=HERO_09bp player=1] error=REQ_YOUR_TURN errorParam=
D 21:44:36.4780952 GameState.DebugPrintOptions() -   option 10 type=POWER mainEntity=[entityName=嘲风望月露娜拉 id=69 zone=PLAY zonePos=0 cardId=HERO_06bi player=2] error=REQ_ATTACK_GREATER_THAN_0 errorParam=
D 21:44:36.4780952 GameState.DebugPrintOptions() -   option 11 type=POWER mainEntity=[entityName=神秘访客 id=9 zone=PLAY zonePos=1 cardId=REV_246 player=1] error=REQ_YOUR_TURN errorParam=
D 21:44:36.6588449 PowerTaskList.DebugDump() - ID=101 ParentID=0 PreviousID=0 TaskCount=1
D 21:44:36.6588449 PowerTaskList.DebugDump() - Block Start=(null)
D 21:44:36.6588449 PowerTaskList.DebugPrintPower() -     META_DATA - Meta=SLUSH_TIME Data=1000 InfoCount=1
D 21:44:36.6588449 PowerTaskList.DebugPrintPower() -                 Info[0] = [entityName=神秘访客 id=9 zone=PLAY zonePos=1 cardId=REV_246 player=1]
D 21:44:36.6588449 PowerTaskList.DebugDump() - Block End=(null)
D 21:44:36.6588449 PowerProcessor.PrepareHistoryForCurrentTaskList() - m_currentTaskList=101
D 21:44:36.6588449 PowerProcessor.EndCurrentTaskList() - m_currentTaskList=101
D 21:44:36.6588449 PowerTaskList.DebugDump() - ID=102 ParentID=0 PreviousID=0 TaskCount=2
D 21:44:36.6588449 PowerTaskList.DebugDump() - Block Start=(null)
D 21:44:36.6588449 PowerTaskList.DebugPrintPower() -     TAG_CHANGE Entity=[entityName=神秘访客 id=9 zone=PLAY zonePos=1 cardId=REV_246 player=1] tag=1196 value=0 
D 21:44:36.6588449 PowerTaskList.DebugPrintPower() -     TAG_CHANGE Entity=GameEntity tag=STEP value=MAIN_END 
D 21:44:36.6588449 PowerTaskList.DebugDump() - Block End=(null)
D 21:44:36.6588449 PowerProcessor.PrepareHistoryForCurrentTaskList() - m_currentTaskList=102
D 21:44:36.6588449 PowerProcessor.EndCurrentTaskList() - m_currentTaskList=102
D 21:44:36.6588449 PowerTaskList.DebugDump() - ID=103 ParentID=102 PreviousID=0 TaskCount=1
D 21:44:36.6588449 PowerTaskList.DebugPrintPower() - BLOCK_START BlockType=TRIGGER Entity=Rose#55519 EffectCardId=System.Collections.Generic.List`1[System.String] EffectIndex=-1 Target=0 SubOption=-1 TriggerKeyword=TAG_NOT_SET
D 21:44:36.6588449 PowerTaskList.DebugPrintPower() -     TAG_CHANGE Entity=GameEntity tag=NEXT_STEP value=MAIN_CLEANUP 
D 21:44:36.6588449 PowerTaskList.DebugPrintPower() - BLOCK_END
D 21:44:36.6588449 PowerProcessor.PrepareHistoryForCurrentTaskList() - m_currentTaskList=103
D 21:44:36.6588449 PowerProcessor.EndCurrentTaskList() - m_currentTaskList=103
D 21:44:36.6588449 PowerTaskList.DebugDump() - ID=104 ParentID=0 PreviousID=0 TaskCount=0
D 21:44:36.6588449 PowerTaskList.DebugPrintPower() - BLOCK_START BlockType=TRIGGER Entity=Rose#55519 EffectCardId=System.Collections.Generic.List`1[System.String] EffectIndex=-1 Target=0 SubOption=-1 TriggerKeyword=TAG_NOT_SET
D 21:44:36.6588449 PowerTaskList.DebugPrintPower() - BLOCK_END
D 21:44:36.6588449 PowerProcessor.PrepareHistoryForCurrentTaskList() - m_currentTaskList=104
D 21:44:36.6588449 PowerProcessor.EndCurrentTaskList() - m_currentTaskList=104
D 21:44:36.6588449 PowerTaskList.DebugDump() - ID=105 ParentID=0 PreviousID=0 TaskCount=0
D 21:44:36.6588449 PowerTaskList.DebugPrintPower() - BLOCK_START BlockType=TRIGGER Entity=湫然#51704 EffectCardId=System.Collections.Generic.List`1[System.String] EffectIndex=-1 Target=0 SubOption=-1 TriggerKeyword=TAG_NOT_SET
D 21:44:36.6588449 PowerTaskList.DebugPrintPower() - BLOCK_END
D 21:44:36.6588449 PowerProcessor.PrepareHistoryForCurrentTaskList() - m_currentTaskList=105
D 21:44:36.6588449 PowerProcessor.EndCurrentTaskList() - m_currentTaskList=105
D 21:44:36.6588449 PowerTaskList.DebugDump() - ID=106 ParentID=0 PreviousID=0 TaskCount=1
D 21:44:36.6588449 PowerTaskList.DebugDump() - Block Start=(null)
D 21:44:36.6588449 PowerTaskList.DebugPrintPower() -     TAG_CHANGE Entity=GameEntity tag=STEP value=MAIN_CLEANUP 
D 21:44:36.6588449 PowerTaskList.DebugDump() - Block End=(null)
D 21:44:36.6588449 PowerProcessor.PrepareHistoryForCurrentTaskList() - m_currentTaskList=106
D 21:44:36.6588449 PowerProcessor.EndCurrentTaskList() - m_currentTaskList=106
D 21:44:36.6588449 PowerTaskList.DebugDump() - ID=107 ParentID=0 PreviousID=0 TaskCount=4
D 21:44:36.6588449 PowerTaskList.DebugPrintPower() - BLOCK_START BlockType=TRIGGER Entity=Rose#55519 EffectCardId=System.Collections.Generic.List`1[System.String] EffectIndex=-1 Target=0 SubOption=-1 TriggerKeyword=TAG_NOT_SET
D 21:44:36.6588449 PowerTaskList.DebugPrintPower() -     TAG_CHANGE Entity=[entityName=神秘访客 id=9 zone=PLAY zonePos=1 cardId=REV_246 player=1] tag=JUST_PLAYED value=0 
D 21:44:36.6588449 PowerTaskList.DebugPrintPower() -     TAG_CHANGE Entity=Rose#55519 tag=COMBO_ACTIVE value=0 
D 21:44:36.6588449 PowerTaskList.DebugPrintPower() -     TAG_CHANGE Entity=GameEntity tag=NEXT_STEP value=MAIN_NEXT 
D 21:44:36.6588449 PowerTaskList.DebugPrintPower() -     TAG_CHANGE Entity=[entityName=寻求指引 id=13 zone=SECRET zonePos=0 cardId=SW_433 player=1] tag=EXHAUSTED value=0 
D 21:44:36.6588449 PowerTaskList.DebugPrintPower() - BLOCK_END
D 21:44:36.6588449 PowerProcessor.PrepareHistoryForCurrentTaskList() - m_currentTaskList=107
D 21:44:36.6588449 PowerProcessor.EndCurrentTaskList() - m_currentTaskList=107
D 21:44:36.6588449 PowerTaskList.DebugDump() - ID=108 ParentID=0 PreviousID=0 TaskCount=0
D 21:44:36.6588449 PowerTaskList.DebugPrintPower() - BLOCK_START BlockType=TRIGGER Entity=湫然#51704 EffectCardId=System.Collections.Generic.List`1[System.String] EffectIndex=-1 Target=0 SubOption=-1 TriggerKeyword=TAG_NOT_SET
D 21:44:36.6588449 PowerTaskList.DebugPrintPower() - BLOCK_END
D 21:44:36.6588449 PowerProcessor.PrepareHistoryForCurrentTaskList() - m_currentTaskList=108
D 21:44:36.6588449 PowerProcessor.EndCurrentTaskList() - m_currentTaskList=108
D 21:44:36.6588449 PowerTaskList.DebugDump() - ID=109 ParentID=0 PreviousID=0 TaskCount=1
D 21:44:36.6588449 PowerTaskList.DebugDump() - Block Start=(null)
D 21:44:36.6588449 PowerTaskList.DebugPrintPower() -     TAG_CHANGE Entity=GameEntity tag=STEP value=MAIN_NEXT 
D 21:44:36.6588449 PowerTaskList.DebugDump() - Block End=(null)
D 21:44:36.6588449 PowerProcessor.PrepareHistoryForCurrentTaskList() - m_currentTaskList=109
D 21:44:36.6588449 PowerProcessor.EndCurrentTaskList() - m_currentTaskList=109
D 21:44:36.6588449 PowerTaskList.DebugDump() - ID=110 ParentID=0 PreviousID=0 TaskCount=14
D 21:44:36.6588449 PowerTaskList.DebugPrintPower() - BLOCK_START BlockType=TRIGGER Entity=GameEntity EffectCardId=System.Collections.Generic.List`1[System.String] EffectIndex=-1 Target=0 SubOption=-1 TriggerKeyword=TAG_NOT_SET
D 21:44:36.6588449 PowerTaskList.DebugPrintPower() -     TAG_CHANGE Entity=Rose#55519 tag=1292 value=0 
D 21:44:36.6588449 PowerTaskList.DebugPrintPower() -     TAG_CHANGE Entity=湫然#51704 tag=1292 value=1 
D 21:44:36.6588449 PowerTaskList.DebugPrintPower() -     TAG_CHANGE Entity=Rose#55519 tag=TIMEOUT value=75 
D 21:44:36.6588449 PowerTaskList.DebugPrintPower() -     TAG_CHANGE Entity=[entityName=月光射线 id=38 zone=HAND zonePos=1 cardId=TID_001 player=2] tag=NUM_TURNS_IN_HAND value=5 
D 21:44:36.6588449 PowerTaskList.DebugPrintPower() -     TAG_CHANGE Entity=[entityName=生命缚誓者的礼物 id=64 zone=HAND zonePos=2 cardId=TTN_955 player=2] tag=NUM_TURNS_IN_HAND value=5 
D 21:44:36.6588449 PowerTaskList.DebugPrintPower() -     TAG_CHANGE Entity=[entityName=生物计划 id=62 zone=HAND zonePos=3 cardId=BOT_054 player=2] tag=NUM_TURNS_IN_HAND value=5 
D 21:44:36.6588449 PowerTaskList.DebugPrintPower() -     TAG_CHANGE Entity=[entityName=建造水晶塔 id=57 zone=HAND zonePos=4 cardId=SC_755 player=2] tag=NUM_TURNS_IN_HAND value=5 
D 21:44:36.6588449 PowerTaskList.DebugPrintPower() -     TAG_CHANGE Entity=[entityName=虚灵改装师 id=35 zone=HAND zonePos=5 cardId=BT_724 player=2] tag=NUM_TURNS_IN_HAND value=3 
D 21:44:36.6588449 PowerTaskList.DebugPrintPower() -     TAG_CHANGE Entity=Rose#55519 tag=CURRENT_PLAYER value=0 
D 21:44:36.6588449 PowerTaskList.DebugPrintPower() -     TAG_CHANGE Entity=湫然#51704 tag=CURRENT_PLAYER value=1 
D 21:44:36.6588449 PowerTaskList.DebugPrintPower() -     TAG_CHANGE Entity=GameEntity tag=TURN value=5 
D 21:44:36.6588449 PowerTaskList.DebugPrintPower() -     TAG_CHANGE Entity=GameEntity tag=1882 value=4 
D 21:44:36.6588449 PowerTaskList.DebugPrintPower() -     TAG_CHANGE Entity=湫然#51704 tag=TURN value=3 
D 21:44:36.6588449 PowerTaskList.DebugPrintPower() -     TAG_CHANGE Entity=GameEntity tag=NEXT_STEP value=MAIN_READY 
D 21:44:36.6588449 PowerTaskList.DebugPrintPower() - BLOCK_END
D 21:44:36.6588449 PowerProcessor.PrepareHistoryForCurrentTaskList() - m_currentTaskList=110
D 21:44:36.6588449 PowerProcessor.EndCurrentTaskList() - m_currentTaskList=110
D 21:44:36.6588449 PowerTaskList.DebugDump() - ID=111 ParentID=0 PreviousID=0 TaskCount=1
D 21:44:36.6588449 PowerTaskList.DebugDump() - Block Start=(null)
D 21:44:36.6588449 PowerTaskList.DebugPrintPower() -     TAG_CHANGE Entity=GameEntity tag=STEP value=MAIN_READY 
D 21:44:36.6588449 PowerTaskList.DebugDump() - Block End=(null)
D 21:44:36.6588449 PowerProcessor.PrepareHistoryForCurrentTaskList() - m_currentTaskList=111
D 21:44:36.6588449 PowerProcessor.EndCurrentTaskList() - m_currentTaskList=111
D 21:44:36.6588449 PowerTaskList.DebugDump() - ID=112 ParentID=0 PreviousID=0 TaskCount=21
D 21:44:36.6588449 PowerTaskList.DebugPrintPower() - BLOCK_START BlockType=TRIGGER Entity=湫然#51704 EffectCardId=System.Collections.Generic.List`1[System.String] EffectIndex=-1 Target=0 SubOption=-1 TriggerKeyword=TAG_NOT_SET
D 21:44:36.6588449 PowerTaskList.DebugPrintPower() -     TAG_CHANGE Entity=GameEntity tag=NUM_TURNS_IN_PLAY value=5 
D 21:44:36.6588449 PowerTaskList.DebugPrintPower() -     TAG_CHANGE Entity=Rose#55519 tag=NUM_TURNS_IN_PLAY value=5 
D 21:44:36.6588449 PowerTaskList.DebugPrintPower() -     TAG_CHANGE Entity=湫然#51704 tag=NUM_TURNS_IN_PLAY value=5 
D 21:44:36.6588449 PowerTaskList.DebugPrintPower() -     TAG_CHANGE Entity=[entityName=安度因·乌瑞恩 id=67 zone=PLAY zonePos=0 cardId=HERO_09 player=1] tag=NUM_TURNS_IN_PLAY value=5 
D 21:44:36.6588449 PowerTaskList.DebugPrintPower() -     TAG_CHANGE Entity=[entityName=次级治疗术 id=68 zone=PLAY zonePos=0 cardId=HERO_09bp player=1] tag=NUM_TURNS_IN_PLAY value=5 
D 21:44:36.6588449 PowerTaskList.DebugPrintPower() -     TAG_CHANGE Entity=[entityName=嘲风望月露娜拉 id=69 zone=PLAY zonePos=0 cardId=HERO_06bi player=2] tag=NUM_TURNS_IN_PLAY value=5 
D 21:44:36.6588449 PowerTaskList.DebugPrintPower() -     TAG_CHANGE Entity=[entityName=变形 id=70 zone=PLAY zonePos=0 cardId=HERO_06ebp player=2] tag=NUM_TURNS_IN_PLAY value=5 
D 21:44:36.6588449 PowerTaskList.DebugPrintPower() -     TAG_CHANGE Entity=[entityName=神秘访客 id=9 zone=PLAY zonePos=1 cardId=REV_246 player=1] tag=NUM_TURNS_IN_PLAY value=1 
D 21:44:36.6588449 PowerTaskList.DebugPrintPower() -     TAG_CHANGE Entity=[entityName=寻求指引 id=13 zone=SECRET zonePos=0 cardId=SW_433 player=1] tag=NUM_TURNS_IN_PLAY value=3 
D 21:44:36.6588449 PowerTaskList.DebugPrintPower() -     TAG_CHANGE Entity=湫然#51704 tag=RESOURCES value=3 
D 21:44:36.6588449 PowerTaskList.DebugPrintPower() -     TAG_CHANGE Entity=湫然#51704 tag=RESOURCES_USED value=0 
D 21:44:36.6588449 PowerTaskList.DebugPrintPower() -     TAG_CHANGE Entity=湫然#51704 tag=NUM_OPTIONS_PLAYED_THIS_TURN value=0 
D 21:44:36.6588449 PowerTaskList.DebugPrintPower() -     TAG_CHANGE Entity=[entityName=嘲风望月露娜拉 id=69 zone=PLAY zonePos=0 cardId=HERO_06bi player=2] tag=EXHAUSTED value=0 
D 21:44:36.6588449 PowerTaskList.DebugPrintPower() -     TAG_CHANGE Entity=[entityName=变形 id=70 zone=PLAY zonePos=0 cardId=HERO_06ebp player=2] tag=EXHAUSTED value=0 
D 21:44:36.6588449 PowerTaskList.DebugPrintPower() -     TAG_CHANGE Entity=Rose#55519 tag=NUM_CARDS_DRAWN_THIS_TURN value=0 
D 21:44:36.6588449 PowerTaskList.DebugPrintPower() -     TAG_CHANGE Entity=GameEntity tag=NEXT_STEP value=MAIN_START_TRIGGERS 
D 21:44:36.6588449 PowerTaskList.DebugPrintPower() -     TAG_CHANGE Entity=Rose#55519 tag=DAMAGE_DEALT_TO_HERO_LAST_TURN value=0 
D 21:44:36.6588449 PowerTaskList.DebugPrintPower() -     TAG_CHANGE Entity=[entityName=嘲风望月露娜拉 id=69 zone=PLAY zonePos=0 cardId=HERO_06bi player=2] tag=NUM_ATTACKS_THIS_TURN value=0 
D 21:44:36.6588449 PowerTaskList.DebugPrintPower() -     TAG_CHANGE Entity=湫然#51704 tag=HEROPOWER_ACTIVATIONS_THIS_TURN value=0 
D 21:44:36.6588449 PowerTaskList.DebugPrintPower() -     TAG_CHANGE Entity=[entityName=变形 id=70 zone=PLAY zonePos=0 cardId=HERO_06ebp player=2] tag=HEROPOWER_ACTIVATIONS_THIS_TURN value=0 
D 21:44:36.6588449 PowerTaskList.DebugPrintPower() -     TAG_CHANGE Entity=湫然#51704 tag=1739 value=0 
D 21:44:36.6588449 PowerTaskList.DebugPrintPower() - BLOCK_END
D 21:44:36.6588449 PowerProcessor.PrepareHistoryForCurrentTaskList() - m_currentTaskList=112
D 21:44:36.6588449 PowerProcessor.EndCurrentTaskList() - m_currentTaskList=112
D 21:44:36.6588449 PowerTaskList.DebugDump() - ID=113 ParentID=0 PreviousID=0 TaskCount=1
D 21:44:36.6588449 PowerTaskList.DebugDump() - Block Start=(null)
D 21:44:36.6588449 PowerTaskList.DebugPrintPower() -     TAG_CHANGE Entity=GameEntity tag=STEP value=MAIN_START_TRIGGERS 
D 21:44:36.6588449 PowerTaskList.DebugDump() - Block End=(null)
D 21:44:36.6588449 PowerProcessor.PrepareHistoryForCurrentTaskList() - m_currentTaskList=113
D 21:44:36.6588449 PowerProcessor.EndCurrentTaskList() - m_currentTaskList=113
D 21:44:36.6588449 PowerTaskList.DebugDump() - ID=114 ParentID=0 PreviousID=0 TaskCount=1
D 21:44:36.6588449 PowerTaskList.DebugPrintPower() - BLOCK_START BlockType=TRIGGER Entity=湫然#51704 EffectCardId=System.Collections.Generic.List`1[System.String] EffectIndex=-1 Target=0 SubOption=-1 TriggerKeyword=TAG_NOT_SET
D 21:44:36.6588449 PowerTaskList.DebugPrintPower() -     TAG_CHANGE Entity=GameEntity tag=NEXT_STEP value=MAIN_START 
D 21:44:36.6588449 PowerTaskList.DebugPrintPower() - BLOCK_END
D 21:44:36.6588449 PowerProcessor.PrepareHistoryForCurrentTaskList() - m_currentTaskList=114
D 21:44:36.6588449 PowerProcessor.EndCurrentTaskList() - m_currentTaskList=114
D 21:44:36.6588449 PowerTaskList.DebugDump() - ID=115 ParentID=0 PreviousID=0 TaskCount=1
D 21:44:36.6588449 PowerTaskList.DebugDump() - Block Start=(null)
D 21:44:36.6588449 PowerTaskList.DebugPrintPower() -     TAG_CHANGE Entity=GameEntity tag=STEP value=MAIN_START 
D 21:44:36.6588449 PowerTaskList.DebugDump() - Block End=(null)
D 21:44:36.6588449 PowerProcessor.PrepareHistoryForCurrentTaskList() - m_currentTaskList=115
D 21:44:36.6588449 PowerProcessor.EndCurrentTaskList() - m_currentTaskList=115
D 21:44:36.6588449 PowerTaskList.DebugDump() - ID=116 ParentID=0 PreviousID=0 TaskCount=13
D 21:44:36.6588449 PowerTaskList.DebugPrintPower() - BLOCK_START BlockType=TRIGGER Entity=湫然#51704 EffectCardId=System.Collections.Generic.List`1[System.String] EffectIndex=-1 Target=0 SubOption=-1 TriggerKeyword=TAG_NOT_SET
D 21:44:36.6588449 PowerTaskList.DebugPrintPower() -     TAG_CHANGE Entity=湫然#51704 tag=2166 value=50 
D 21:44:36.6588449 PowerTaskList.DebugPrintPower() -     TAG_CHANGE Entity=湫然#51704 tag=467 value=1 
D 21:44:36.6588449 PowerTaskList.DebugPrintPower() -     SHOW_ENTITY - Updating Entity=[entityName=UNKNOWN ENTITY [cardType=INVALID] id=50 zone=DECK zonePos=0 cardId= player=2] CardID=CS2_008
D 21:44:36.6588449 PowerTaskList.DebugPrintPower() -         tag=CONTROLLER value=2
D 21:44:36.6588449 PowerTaskList.DebugPrintPower() -         tag=CARDTYPE value=SPELL
D 21:44:36.6588449 PowerTaskList.DebugPrintPower() -         tag=PREMIUM value=1
D 21:44:36.6588449 PowerTaskList.DebugPrintPower() -         tag=ZONE value=HAND
D 21:44:36.6588449 PowerTaskList.DebugPrintPower() -         tag=ENTITY_ID value=50
D 21:44:36.6588449 PowerTaskList.DebugPrintPower() -         tag=CLASS value=DRUID
D 21:44:36.6588449 PowerTaskList.DebugPrintPower() -         tag=FACTION value=NEUTRAL
D 21:44:36.6588449 PowerTaskList.DebugPrintPower() -         tag=RARITY value=FREE
D 21:44:36.6588449 PowerTaskList.DebugPrintPower() -         tag=478 value=2
D 21:44:36.6588449 PowerTaskList.DebugPrintPower() -         tag=1037 value=2
D 21:44:36.6588449 PowerTaskList.DebugPrintPower() -         tag=1043 value=1
D 21:44:36.6588449 PowerTaskList.DebugPrintPower() -         tag=1068 value=0
D 21:44:36.6588449 PowerTaskList.DebugPrintPower() -         tag=SPAWN_TIME_COUNT value=1
D 21:44:36.6588449 PowerTaskList.DebugPrintPower() -         tag=SPELL_SCHOOL value=1
D 21:44:36.6588449 PowerTaskList.DebugPrintPower() -     TAG_CHANGE Entity=[entityName=UNKNOWN ENTITY [cardType=INVALID] id=50 zone=DECK zonePos=0 cardId= player=2] tag=NUM_TURNS_IN_HAND value=1 
D 21:44:36.6588449 PowerTaskList.DebugPrintPower() -     TAG_CHANGE Entity=[entityName=UNKNOWN ENTITY [cardType=INVALID] id=50 zone=DECK zonePos=0 cardId= player=2] tag=ZONE_POSITION value=6 
D 21:44:36.6588449 PowerTaskList.DebugPrintPower() -     TAG_CHANGE Entity=[entityName=UNKNOWN ENTITY [cardType=INVALID] id=50 zone=DECK zonePos=0 cardId= player=2] tag=ZONE_POSITION value=0 
D 21:44:36.6588449 PowerTaskList.DebugPrintPower() -     TAG_CHANGE Entity=[entityName=UNKNOWN ENTITY [cardType=INVALID] id=50 zone=DECK zonePos=0 cardId= player=2] tag=ZONE_POSITION value=6 
D 21:44:36.6588449 PowerTaskList.DebugPrintPower() -     TAG_CHANGE Entity=湫然#51704 tag=3242 value=1 
D 21:44:36.6588449 PowerTaskList.DebugPrintPower() -     TAG_CHANGE Entity=湫然#51704 tag=NUM_CARDS_DRAWN_THIS_TURN value=1 
D 21:44:36.6588449 PowerTaskList.DebugPrintPower() -     TAG_CHANGE Entity=湫然#51704 tag=995 value=3 
D 21:44:36.6588449 PowerTaskList.DebugPrintPower() -     TAG_CHANGE Entity=[entityName=UNKNOWN ENTITY [cardType=INVALID] id=50 zone=DECK zonePos=0 cardId= player=2] tag=1570 value=5 
D 21:44:36.6588449 PowerTaskList.DebugPrintPower() -     TAG_CHANGE Entity=湫然#51704 tag=467 value=0 
D 21:44:36.6588449 PowerTaskList.DebugPrintPower() -     TAG_CHANGE Entity=GameEntity tag=NEXT_STEP value=MAIN_ACTION 
D 21:44:36.6588449 PowerTaskList.DebugPrintPower() - BLOCK_END
D 21:44:36.6588449 PowerProcessor.PrepareHistoryForCurrentTaskList() - m_currentTaskList=116
D 21:44:37.1821036 PowerProcessor.EndCurrentTaskList() - m_currentTaskList=116
D 21:44:37.1888710 PowerTaskList.DebugDump() - ID=117 ParentID=0 PreviousID=0 TaskCount=1
D 21:44:37.1888710 PowerTaskList.DebugDump() - Block Start=(null)
D 21:44:37.1888710 PowerTaskList.DebugPrintPower() -     TAG_CHANGE Entity=GameEntity tag=STEP value=MAIN_ACTION 
D 21:44:37.1888710 PowerTaskList.DebugDump() - Block End=(null)
D 21:44:37.1888710 PowerProcessor.PrepareHistoryForCurrentTaskList() - m_currentTaskList=117
D 21:44:37.1888710 PowerProcessor.EndCurrentTaskList() - m_currentTaskList=117
D 21:44:37.1888710 PowerTaskList.DebugDump() - ID=118 ParentID=0 PreviousID=0 TaskCount=1
D 21:44:37.1888710 PowerTaskList.DebugPrintPower() - BLOCK_START BlockType=TRIGGER Entity=湫然#51704 EffectCardId=System.Collections.Generic.List`1[System.String] EffectIndex=-1 Target=0 SubOption=-1 TriggerKeyword=TAG_NOT_SET
D 21:44:37.1888710 PowerTaskList.DebugPrintPower() -     TAG_CHANGE Entity=GameEntity tag=NEXT_STEP value=MAIN_END 
D 21:44:37.1888710 PowerTaskList.DebugPrintPower() - BLOCK_END
D 21:44:37.1888710 PowerProcessor.PrepareHistoryForCurrentTaskList() - m_currentTaskList=118
D 21:44:37.1888710 PowerProcessor.EndCurrentTaskList() - m_currentTaskList=118
D 21:44:40.3253465 GameState.SendOption() - selectedOption=7 selectedSubOption=-1 selectedTarget=0 selectedPosition=0
D 21:44:40.7684648 GameState.DebugPrintPowerList() - Count=31
D 21:44:40.7684648 GameState.DebugPrintPower() - BLOCK_START BlockType=PLAY Entity=[entityName=变形 id=70 zone=PLAY zonePos=0 cardId=HERO_06ebp player=2] EffectCardId=System.Collections.Generic.List`1[System.String] EffectIndex=0 Target=0 SubOption=-1 
D 21:44:40.7684648 GameState.DebugPrintPower() -     TAG_CHANGE Entity=湫然#51704 tag=2245 value=4 
D 21:44:40.7684648 GameState.DebugPrintPower() -     TAG_CHANGE Entity=湫然#51704 tag=RESOURCES_USED value=2 
D 21:44:40.7684648 GameState.DebugPrintPower() -     TAG_CHANGE Entity=湫然#51704 tag=NUM_RESOURCES_SPENT_THIS_GAME value=4 
D 21:44:40.7684648 GameState.DebugPrintPower() -     META_DATA - Meta=SLUSH_TIME Data=2000 InfoCount=1
D 21:44:40.7684648 GameState.DebugPrintPower() -                 Info[0] = [entityName=变形 id=70 zone=PLAY zonePos=0 cardId=HERO_06ebp player=2]
D 21:44:40.7684648 GameState.DebugPrintPower() -     BLOCK_START BlockType=POWER Entity=[entityName=变形 id=70 zone=PLAY zonePos=0 cardId=HERO_06ebp player=2] EffectCardId=System.Collections.Generic.List`1[System.String] EffectIndex=0 Target=0 SubOption=-1 
D 21:44:40.7684648 GameState.DebugPrintPower() -         META_DATA - Meta=EFFECT_TIMING Data=0 InfoCount=1
D 21:44:40.7684648 GameState.DebugPrintPower() -                     Info[0] = [entityName=变形 id=70 zone=PLAY zonePos=0 cardId=HERO_06ebp player=2]
D 21:44:40.7684648 GameState.DebugPrintPower() -         TAG_CHANGE Entity=[entityName=嘲风望月露娜拉 id=69 zone=PLAY zonePos=0 cardId=HERO_06bi player=2] tag=3883 value=1 
D 21:44:40.7684648 GameState.DebugPrintPower() -         TAG_CHANGE Entity=[entityName=嘲风望月露娜拉 id=69 zone=PLAY zonePos=0 cardId=HERO_06bi player=2] tag=3883 value=0 
D 21:44:40.7684648 GameState.DebugPrintPower() -         TAG_CHANGE Entity=[entityName=嘲风望月露娜拉 id=69 zone=PLAY zonePos=0 cardId=HERO_06bi player=2] tag=ARMOR value=2 
D 21:44:40.7684648 GameState.DebugPrintPower() -         TAG_CHANGE Entity=湫然#51704 tag=ARMOR_GAINED_THIS_GAME value=2 
D 21:44:40.7684648 GameState.DebugPrintPower() -         TAG_CHANGE Entity=湫然#51704 tag=2786 value=1 
D 21:44:40.7684648 GameState.DebugPrintPower() -         FULL_ENTITY - Creating ID=137 CardID=
D 21:44:40.7684648 GameState.DebugPrintPower() -             tag=ZONE value=SETASIDE
D 21:44:40.7684648 GameState.DebugPrintPower() -             tag=CONTROLLER value=2
D 21:44:40.7684648 GameState.DebugPrintPower() -             tag=ENTITY_ID value=137
D 21:44:40.7684648 GameState.DebugPrintPower() -         SHOW_ENTITY - Updating Entity=137 CardID=CS2_017o
D 21:44:40.7684648 GameState.DebugPrintPower() -             tag=CONTROLLER value=2
D 21:44:40.7684648 GameState.DebugPrintPower() -             tag=CARDTYPE value=ENCHANTMENT
D 21:44:40.7684648 GameState.DebugPrintPower() -             tag=TAG_SCRIPT_DATA_NUM_1 value=1
D 21:44:40.7684648 GameState.DebugPrintPower() -             tag=PREMIUM value=1
D 21:44:40.7684648 GameState.DebugPrintPower() -             tag=ATTACHED value=69
D 21:44:40.7684648 GameState.DebugPrintPower() -             tag=ZONE value=SETASIDE
D 21:44:40.7684648 GameState.DebugPrintPower() -             tag=ENTITY_ID value=137
D 21:44:40.7684648 GameState.DebugPrintPower() -             tag=CLASS value=DRUID
D 21:44:40.7684648 GameState.DebugPrintPower() -             tag=CREATOR value=70
D 21:44:40.7684648 GameState.DebugPrintPower() -             tag=TAG_ONE_TURN_EFFECT value=1
D 21:44:40.7684648 GameState.DebugPrintPower() -             tag=1037 value=2
D 21:44:40.7684648 GameState.DebugPrintPower() -             tag=1068 value=0
D 21:44:40.7684648 GameState.DebugPrintPower() -             tag=CREATOR_DBID value=66926
D 21:44:40.7684648 GameState.DebugPrintPower() -             tag=SPAWN_TIME_COUNT value=1
D 21:44:40.7684648 GameState.DebugPrintPower() -             tag=4901 value=0
D 21:44:40.7684648 GameState.DebugPrintPower() -         TAG_CHANGE Entity=[entityName=嘲风望月露娜拉 id=69 zone=PLAY zonePos=0 cardId=HERO_06bi player=2] tag=TAG_ONE_TURN_EFFECT value=1 
D 21:44:40.7684648 GameState.DebugPrintPower() -         TAG_CHANGE Entity=137 tag=1068 value=1 
D 21:44:40.7684648 GameState.DebugPrintPower() -         TAG_CHANGE Entity=137 tag=1068 value=0 
D 21:44:40.7684648 GameState.DebugPrintPower() -         TAG_CHANGE Entity=137 tag=ZONE value=PLAY 
D 21:44:40.7684648 GameState.DebugPrintPower() -         TAG_CHANGE Entity=[entityName=嘲风望月露娜拉 id=69 zone=PLAY zonePos=0 cardId=HERO_06bi player=2] tag=479 value=1 
D 21:44:40.7684648 GameState.DebugPrintPower() -         TAG_CHANGE Entity=[entityName=嘲风望月露娜拉 id=69 zone=PLAY zonePos=0 cardId=HERO_06bi player=2] tag=ATK value=1 
D 21:44:40.7684648 GameState.DebugPrintPower() -         TAG_CHANGE Entity=[entityName=嘲风望月露娜拉 id=69 zone=PLAY zonePos=0 cardId=HERO_06bi player=2] tag=4741 value=2 
D 21:44:40.7684648 GameState.DebugPrintPower() -     BLOCK_END
D 21:44:40.7684648 GameState.DebugPrintPower() -     TAG_CHANGE Entity=湫然#51704 tag=HEROPOWER_ACTIVATIONS_THIS_TURN value=1 
D 21:44:40.7684648 GameState.DebugPrintPower() -     TAG_CHANGE Entity=湫然#51704 tag=1739 value=1 
D 21:44:40.7684648 GameState.DebugPrintPower() -     TAG_CHANGE Entity=湫然#51704 tag=NUM_TIMES_HERO_POWER_USED_THIS_GAME value=2 
D 21:44:40.7684648 GameState.DebugPrintPower() -     TAG_CHANGE Entity=[entityName=变形 id=70 zone=PLAY zonePos=0 cardId=HERO_06ebp player=2] tag=HEROPOWER_ACTIVATIONS_THIS_TURN value=1 
D 21:44:40.7684648 GameState.DebugPrintPower() -     TAG_CHANGE Entity=[entityName=变形 id=70 zone=PLAY zonePos=0 cardId=HERO_06ebp player=2] tag=EXHAUSTED value=1 
D 21:44:40.7684648 GameState.DebugPrintPower() -     TAG_CHANGE Entity=GameEntity tag=1323 value=5 
D 21:44:40.7684648 GameState.DebugPrintPower() -     TAG_CHANGE Entity=湫然#51704 tag=NUM_OPTIONS_PLAYED_THIS_TURN value=1 
D 21:44:40.7684648 GameState.DebugPrintPower() - BLOCK_END
D 21:44:40.7684648 GameState.DebugPrintPower() - META_DATA - Meta=SLUSH_TIME Data=1000 InfoCount=1
D 21:44:40.7684648 GameState.DebugPrintPower() -             Info[0] = [entityName=变形 id=70 zone=PLAY zonePos=0 cardId=HERO_06ebp player=2]
D 21:44:40.7684648 PowerTaskList.DebugDump() - ID=119 ParentID=0 PreviousID=0 TaskCount=4
D 21:44:40.7684648 PowerTaskList.DebugPrintPower() - BLOCK_START BlockType=PLAY Entity=[entityName=变形 id=70 zone=PLAY zonePos=0 cardId=HERO_06ebp player=2] EffectCardId=System.Collections.Generic.List`1[System.String] EffectIndex=0 Target=0 SubOption=-1 
D 21:44:40.7684648 PowerTaskList.DebugPrintPower() -     TAG_CHANGE Entity=湫然#51704 tag=2245 value=4 
D 21:44:40.7684648 PowerTaskList.DebugPrintPower() -     TAG_CHANGE Entity=湫然#51704 tag=RESOURCES_USED value=2 
D 21:44:40.7684648 PowerTaskList.DebugPrintPower() -     TAG_CHANGE Entity=湫然#51704 tag=NUM_RESOURCES_SPENT_THIS_GAME value=4 
D 21:44:40.7684648 PowerTaskList.DebugPrintPower() -     META_DATA - Meta=SLUSH_TIME Data=2000 InfoCount=1
D 21:44:40.7684648 PowerTaskList.DebugPrintPower() -                 Info[0] = [entityName=变形 id=70 zone=PLAY zonePos=0 cardId=HERO_06ebp player=2]
D 21:44:40.7684648 PowerTaskList.DebugDump() - Block End=(null)
D 21:44:40.7684648 PowerProcessor.PrepareHistoryForCurrentTaskList() - m_currentTaskList=119
D 21:44:40.7684648 PowerProcessor.DoTaskListForCard() - unhandled BlockType PLAY for sourceEntity [entityName=变形 id=70 zone=PLAY zonePos=0 cardId=HERO_06ebp player=2]
D 21:44:40.7684648 PowerProcessor.EndCurrentTaskList() - m_currentTaskList=119
D 21:44:40.7684648 PowerTaskList.DebugDump() - ID=120 ParentID=119 PreviousID=0 TaskCount=15
D 21:44:40.7684648 PowerTaskList.DebugPrintPower() - BLOCK_START BlockType=POWER Entity=[entityName=变形 id=70 zone=PLAY zonePos=0 cardId=HERO_06ebp player=2] EffectCardId=System.Collections.Generic.List`1[System.String] EffectIndex=0 Target=0 SubOption=-1 
D 21:44:40.7684648 PowerTaskList.DebugPrintPower() -     META_DATA - Meta=EFFECT_TIMING Data=0 InfoCount=1
D 21:44:40.7684648 PowerTaskList.DebugPrintPower() -                 Info[0] = [entityName=变形 id=70 zone=PLAY zonePos=0 cardId=HERO_06ebp player=2]
D 21:44:40.7684648 PowerTaskList.DebugPrintPower() -     TAG_CHANGE Entity=[entityName=嘲风望月露娜拉 id=69 zone=PLAY zonePos=0 cardId=HERO_06bi player=2] tag=3883 value=1 
D 21:44:40.7684648 PowerTaskList.DebugPrintPower() -     TAG_CHANGE Entity=[entityName=嘲风望月露娜拉 id=69 zone=PLAY zonePos=0 cardId=HERO_06bi player=2] tag=3883 value=0 
D 21:44:40.7684648 PowerTaskList.DebugPrintPower() -     TAG_CHANGE Entity=[entityName=嘲风望月露娜拉 id=69 zone=PLAY zonePos=0 cardId=HERO_06bi player=2] tag=ARMOR value=2 
D 21:44:40.7684648 PowerTaskList.DebugPrintPower() -     TAG_CHANGE Entity=湫然#51704 tag=ARMOR_GAINED_THIS_GAME value=2 
D 21:44:40.7684648 PowerTaskList.DebugPrintPower() -     TAG_CHANGE Entity=湫然#51704 tag=2786 value=1 
D 21:44:40.7684648 PowerTaskList.DebugPrintPower() -     FULL_ENTITY - Updating [entityName=UNKNOWN ENTITY [cardType=INVALID] id=137 zone=SETASIDE zonePos=0 cardId= player=2] CardID=
D 21:44:40.7684648 PowerTaskList.DebugPrintPower() -         tag=ZONE value=SETASIDE
D 21:44:40.7684648 PowerTaskList.DebugPrintPower() -         tag=CONTROLLER value=2
D 21:44:40.7684648 PowerTaskList.DebugPrintPower() -         tag=ENTITY_ID value=137
D 21:44:40.7684648 PowerTaskList.DebugPrintPower() -     SHOW_ENTITY - Updating Entity=[entityName=UNKNOWN ENTITY [cardType=INVALID] id=137 zone=SETASIDE zonePos=0 cardId= player=2] CardID=CS2_017o
D 21:44:40.7684648 PowerTaskList.DebugPrintPower() -         tag=CONTROLLER value=2
D 21:44:40.7684648 PowerTaskList.DebugPrintPower() -         tag=CARDTYPE value=ENCHANTMENT
D 21:44:40.7684648 PowerTaskList.DebugPrintPower() -         tag=TAG_SCRIPT_DATA_NUM_1 value=1
D 21:44:40.7684648 PowerTaskList.DebugPrintPower() -         tag=PREMIUM value=1
D 21:44:40.7684648 PowerTaskList.DebugPrintPower() -         tag=ATTACHED value=69
D 21:44:40.7684648 PowerTaskList.DebugPrintPower() -         tag=ZONE value=SETASIDE
D 21:44:40.7684648 PowerTaskList.DebugPrintPower() -         tag=ENTITY_ID value=137
D 21:44:40.7684648 PowerTaskList.DebugPrintPower() -         tag=CLASS value=DRUID
D 21:44:40.7684648 PowerTaskList.DebugPrintPower() -         tag=CREATOR value=70
D 21:44:40.7684648 PowerTaskList.DebugPrintPower() -         tag=TAG_ONE_TURN_EFFECT value=1
D 21:44:40.7684648 PowerTaskList.DebugPrintPower() -         tag=1037 value=2
D 21:44:40.7684648 PowerTaskList.DebugPrintPower() -         tag=1068 value=0
D 21:44:40.7684648 PowerTaskList.DebugPrintPower() -         tag=CREATOR_DBID value=66926
D 21:44:40.7684648 PowerTaskList.DebugPrintPower() -         tag=SPAWN_TIME_COUNT value=1
D 21:44:40.7684648 PowerTaskList.DebugPrintPower() -         tag=4901 value=0
D 21:44:40.7684648 PowerTaskList.DebugPrintPower() -     TAG_CHANGE Entity=[entityName=嘲风望月露娜拉 id=69 zone=PLAY zonePos=0 cardId=HERO_06bi player=2] tag=TAG_ONE_TURN_EFFECT value=1 
D 21:44:40.7684648 PowerTaskList.DebugPrintPower() -     TAG_CHANGE Entity=[entityName=UNKNOWN ENTITY [cardType=INVALID] id=137 zone=SETASIDE zonePos=0 cardId= player=2] tag=1068 value=1 
D 21:44:40.7684648 PowerTaskList.DebugPrintPower() -     TAG_CHANGE Entity=[entityName=UNKNOWN ENTITY [cardType=INVALID] id=137 zone=SETASIDE zonePos=0 cardId= player=2] tag=1068 value=0 
D 21:44:40.7684648 PowerTaskList.DebugPrintPower() -     TAG_CHANGE Entity=[entityName=UNKNOWN ENTITY [cardType=INVALID] id=137 zone=SETASIDE zonePos=0 cardId= player=2] tag=ZONE value=PLAY 
D 21:44:40.7684648 PowerTaskList.DebugPrintPower() -     TAG_CHANGE Entity=[entityName=嘲风望月露娜拉 id=69 zone=PLAY zonePos=0 cardId=HERO_06bi player=2] tag=479 value=1 
D 21:44:40.7684648 PowerTaskList.DebugPrintPower() -     TAG_CHANGE Entity=[entityName=嘲风望月露娜拉 id=69 zone=PLAY zonePos=0 cardId=HERO_06bi player=2] tag=ATK value=1 
D 21:44:40.7684648 PowerTaskList.DebugPrintPower() -     TAG_CHANGE Entity=[entityName=嘲风望月露娜拉 id=69 zone=PLAY zonePos=0 cardId=HERO_06bi player=2] tag=4741 value=2 
D 21:44:40.7684648 PowerTaskList.DebugPrintPower() - BLOCK_END
D 21:44:40.7684648 PowerProcessor.PrepareHistoryForCurrentTaskList() - m_currentTaskList=120
D 21:44:40.7760627 GameState.DebugPrintOptions() - id=10
D 21:44:40.7760627 GameState.DebugPrintOptions() -   option 0 type=END_TURN mainEntity= error=INVALID errorParam=
D 21:44:40.7760627 GameState.DebugPrintOptions() -   option 1 type=POWER mainEntity=[entityName=月光射线 id=38 zone=HAND zonePos=1 cardId=TID_001 player=2] error=NONE errorParam=
D 21:44:40.7760627 GameState.DebugPrintOptions() -     target 0 entity=[entityName=安度因·乌瑞恩 id=67 zone=PLAY zonePos=0 cardId=HERO_09 player=1] error=NONE errorParam=
D 21:44:40.7760627 GameState.DebugPrintOptions() -     target 1 entity=[entityName=神秘访客 id=9 zone=PLAY zonePos=1 cardId=REV_246 player=1] error=NONE errorParam=
D 21:44:40.7760627 GameState.DebugPrintOptions() -     target 2 entity=[entityName=嘲风望月露娜拉 id=69 zone=PLAY zonePos=0 cardId=HERO_06bi player=2] error=REQ_ENEMY_TARGET errorParam=
D 21:44:40.7760627 GameState.DebugPrintOptions() -   option 2 type=POWER mainEntity=[entityName=生物计划 id=62 zone=HAND zonePos=3 cardId=BOT_054 player=2] error=NONE errorParam=
D 21:44:40.7760627 GameState.DebugPrintOptions() -   option 3 type=POWER mainEntity=[entityName=建造水晶塔 id=57 zone=HAND zonePos=4 cardId=SC_755 player=2] error=NONE errorParam=
D 21:44:40.7760627 GameState.DebugPrintOptions() -   option 4 type=POWER mainEntity=[entityName=虚灵改装师 id=35 zone=HAND zonePos=5 cardId=BT_724 player=2] error=NONE errorParam=
D 21:44:40.7760627 GameState.DebugPrintOptions() -     target 0 entity=[entityName=神秘访客 id=9 zone=PLAY zonePos=1 cardId=REV_246 player=1] error=NONE errorParam=
D 21:44:40.7760627 GameState.DebugPrintOptions() -     target 1 entity=[entityName=安度因·乌瑞恩 id=67 zone=PLAY zonePos=0 cardId=HERO_09 player=1] error=REQ_MINION_TARGET errorParam=
D 21:44:40.7760627 GameState.DebugPrintOptions() -     target 2 entity=[entityName=嘲风望月露娜拉 id=69 zone=PLAY zonePos=0 cardId=HERO_06bi player=2] error=REQ_MINION_TARGET errorParam=
D 21:44:40.7760627 GameState.DebugPrintOptions() -   option 5 type=POWER mainEntity=[entityName=月火术 id=50 zone=HAND zonePos=6 cardId=CS2_008 player=2] error=NONE errorParam=
D 21:44:40.7760627 GameState.DebugPrintOptions() -     target 0 entity=[entityName=安度因·乌瑞恩 id=67 zone=PLAY zonePos=0 cardId=HERO_09 player=1] error=NONE errorParam=
D 21:44:40.7760627 GameState.DebugPrintOptions() -     target 1 entity=[entityName=嘲风望月露娜拉 id=69 zone=PLAY zonePos=0 cardId=HERO_06bi player=2] error=NONE errorParam=
D 21:44:40.7760627 GameState.DebugPrintOptions() -     target 2 entity=[entityName=神秘访客 id=9 zone=PLAY zonePos=1 cardId=REV_246 player=1] error=NONE errorParam=
D 21:44:40.7760627 GameState.DebugPrintOptions() -   option 6 type=POWER mainEntity=[entityName=嘲风望月露娜拉 id=69 zone=PLAY zonePos=0 cardId=HERO_06bi player=2] error=NONE errorParam=
D 21:44:40.7760627 GameState.DebugPrintOptions() -     target 0 entity=[entityName=安度因·乌瑞恩 id=67 zone=PLAY zonePos=0 cardId=HERO_09 player=1] error=NONE errorParam=
D 21:44:40.7760627 GameState.DebugPrintOptions() -     target 1 entity=[entityName=神秘访客 id=9 zone=PLAY zonePos=1 cardId=REV_246 player=1] error=NONE errorParam=
D 21:44:40.7760627 GameState.DebugPrintOptions() -     target 2 entity=[entityName=嘲风望月露娜拉 id=69 zone=PLAY zonePos=0 cardId=HERO_06bi player=2] error=REQ_ENEMY_TARGET errorParam=
D 21:44:40.7760627 GameState.DebugPrintOptions() -   option 7 type=POWER mainEntity=[entityName=生命缚誓者的礼物 id=64 zone=HAND zonePos=2 cardId=TTN_955 player=2] error=REQ_ENOUGH_MANA errorParam=
D 21:44:40.7760627 GameState.DebugPrintOptions() -   option 8 type=POWER mainEntity=[entityName=安度因·乌瑞恩 id=67 zone=PLAY zonePos=0 cardId=HERO_09 player=1] error=REQ_YOUR_TURN errorParam=
D 21:44:40.7760627 GameState.DebugPrintOptions() -   option 9 type=POWER mainEntity=[entityName=次级治疗术 id=68 zone=PLAY zonePos=0 cardId=HERO_09bp player=1] error=REQ_YOUR_TURN errorParam=
D 21:44:40.7760627 GameState.DebugPrintOptions() -   option 10 type=POWER mainEntity=[entityName=变形 id=70 zone=PLAY zonePos=0 cardId=HERO_06ebp player=2] error=REQ_NOT_EXHAUSTED_HERO_POWER errorParam=
D 21:44:40.7760627 GameState.DebugPrintOptions() -   option 11 type=POWER mainEntity=[entityName=神秘访客 id=9 zone=PLAY zonePos=1 cardId=REV_246 player=1] error=REQ_YOUR_TURN errorParam=
D 21:44:41.0694515 PowerProcessor.EndCurrentTaskList() - m_currentTaskList=120
D 21:44:41.0753958 PowerTaskList.DebugDump() - ID=121 ParentID=0 PreviousID=119 TaskCount=7
D 21:44:41.0753958 PowerTaskList.DebugDump() - Block Start=(null)
D 21:44:41.0753958 PowerTaskList.DebugPrintPower() -     TAG_CHANGE Entity=湫然#51704 tag=HEROPOWER_ACTIVATIONS_THIS_TURN value=1 
D 21:44:41.0753958 PowerTaskList.DebugPrintPower() -     TAG_CHANGE Entity=湫然#51704 tag=1739 value=1 
D 21:44:41.0753958 PowerTaskList.DebugPrintPower() -     TAG_CHANGE Entity=湫然#51704 tag=NUM_TIMES_HERO_POWER_USED_THIS_GAME value=2 
D 21:44:41.0753958 PowerTaskList.DebugPrintPower() -     TAG_CHANGE Entity=[entityName=变形 id=70 zone=PLAY zonePos=0 cardId=HERO_06ebp player=2] tag=HEROPOWER_ACTIVATIONS_THIS_TURN value=1 
D 21:44:41.0753958 PowerTaskList.DebugPrintPower() -     TAG_CHANGE Entity=[entityName=变形 id=70 zone=PLAY zonePos=0 cardId=HERO_06ebp player=2] tag=EXHAUSTED value=1 
D 21:44:41.0753958 PowerTaskList.DebugPrintPower() -     TAG_CHANGE Entity=GameEntity tag=1323 value=5 
D 21:44:41.0753958 PowerTaskList.DebugPrintPower() -     TAG_CHANGE Entity=湫然#51704 tag=NUM_OPTIONS_PLAYED_THIS_TURN value=1 
D 21:44:41.0753958 PowerTaskList.DebugPrintPower() - BLOCK_END
D 21:44:41.0753958 PowerProcessor.PrepareHistoryForCurrentTaskList() - m_currentTaskList=121
D 21:44:41.0753958 PowerProcessor.DoTaskListForCard() - unhandled BlockType PLAY for sourceEntity [entityName=变形 id=70 zone=PLAY zonePos=0 cardId=HERO_06ebp player=2]
D 21:44:41.0753958 PowerProcessor.EndCurrentTaskList() - m_currentTaskList=121
D 21:44:41.0753958 PowerTaskList.DebugDump() - ID=122 ParentID=0 PreviousID=0 TaskCount=1
D 21:44:41.0753958 PowerTaskList.DebugDump() - Block Start=(null)
D 21:44:41.0753958 PowerTaskList.DebugPrintPower() -     META_DATA - Meta=SLUSH_TIME Data=1000 InfoCount=1
D 21:44:41.0753958 PowerTaskList.DebugPrintPower() -                 Info[0] = [entityName=变形 id=70 zone=PLAY zonePos=0 cardId=HERO_06ebp player=2]
D 21:44:41.0753958 PowerTaskList.DebugDump() - Block End=(null)
D 21:44:41.0753958 PowerProcessor.PrepareHistoryForCurrentTaskList() - m_currentTaskList=122
D 21:44:41.0753958 PowerProcessor.EndCurrentTaskList() - m_currentTaskList=122
D 21:44:42.8477900 GameState.SendOption() - selectedOption=6 selectedSubOption=-1 selectedTarget=67 selectedPosition=0
D 21:44:43.2640693 GameState.DebugPrintPowerList() - Count=38
D 21:44:43.2640693 GameState.DebugPrintPower() - BLOCK_START BlockType=ATTACK Entity=[entityName=嘲风望月露娜拉 id=69 zone=PLAY zonePos=0 cardId=HERO_06bi player=2] EffectCardId=System.Collections.Generic.List`1[System.String] EffectIndex=0 Target=[entityName=安度因·乌瑞恩 id=67 zone=PLAY zonePos=0 cardId=HERO_09 player=1] SubOption=-1 
D 21:44:43.2640693 GameState.DebugPrintPower() -     TAG_CHANGE Entity=GameEntity tag=PROPOSED_ATTACKER value=69 
D 21:44:43.2640693 GameState.DebugPrintPower() -     TAG_CHANGE Entity=GameEntity tag=PROPOSED_DEFENDER value=67 
D 21:44:43.2640693 GameState.DebugPrintPower() -     TAG_CHANGE Entity=[entityName=嘲风望月露娜拉 id=69 zone=PLAY zonePos=0 cardId=HERO_06bi player=2] tag=ATTACKING value=1 
D 21:44:43.2640693 GameState.DebugPrintPower() -     META_DATA - Meta=SLUSH_TIME Data=1200 InfoCount=1
D 21:44:43.2640693 GameState.DebugPrintPower() -                 Info[0] = [entityName=嘲风望月露娜拉 id=69 zone=PLAY zonePos=0 cardId=HERO_06bi player=2]
D 21:44:43.2640693 GameState.DebugPrintPower() -     TAG_CHANGE Entity=[entityName=安度因·乌瑞恩 id=67 zone=PLAY zonePos=0 cardId=HERO_09 player=1] tag=DEFENDING value=1 
D 21:44:43.2640693 GameState.DebugPrintPower() -     TAG_CHANGE Entity=[entityName=嘲风望月露娜拉 id=69 zone=PLAY zonePos=0 cardId=HERO_06bi player=2] tag=NUM_ATTACKS_THIS_TURN value=1 
D 21:44:43.2640693 GameState.DebugPrintPower() -     TAG_CHANGE Entity=[entityName=嘲风望月露娜拉 id=69 zone=PLAY zonePos=0 cardId=HERO_06bi player=2] tag=4163 value=2 
D 21:44:43.2640693 GameState.DebugPrintPower() -     TAG_CHANGE Entity=[entityName=嘲风望月露娜拉 id=69 zone=PLAY zonePos=0 cardId=HERO_06bi player=2] tag=EXHAUSTED value=1 
D 21:44:43.2640693 GameState.DebugPrintPower() -     TAG_CHANGE Entity=[entityName=安度因·乌瑞恩 id=67 zone=PLAY zonePos=0 cardId=HERO_09 player=1] tag=2187 value=69 
D 21:44:43.2640693 GameState.DebugPrintPower() -     TAG_CHANGE Entity=[entityName=安度因·乌瑞恩 id=67 zone=PLAY zonePos=0 cardId=HERO_09 player=1] tag=PREDAMAGE value=1 
D 21:44:43.2640693 GameState.DebugPrintPower() -     TAG_CHANGE Entity=[entityName=安度因·乌瑞恩 id=67 zone=PLAY zonePos=0 cardId=HERO_09 player=1] tag=1173 value=67 
D 21:44:43.2640693 GameState.DebugPrintPower() -     TAG_CHANGE Entity=[entityName=安度因·乌瑞恩 id=67 zone=PLAY zonePos=0 cardId=HERO_09 player=1] tag=2187 value=0 
D 21:44:43.2640693 GameState.DebugPrintPower() -     TAG_CHANGE Entity=[entityName=安度因·乌瑞恩 id=67 zone=PLAY zonePos=0 cardId=HERO_09 player=1] tag=PREDAMAGE value=0 
D 21:44:43.2640693 GameState.DebugPrintPower() -     TAG_CHANGE Entity=[entityName=安度因·乌瑞恩 id=67 zone=PLAY zonePos=0 cardId=HERO_09 player=1] tag=1173 value=0 
D 21:44:43.2640693 GameState.DebugPrintPower() -     TAG_CHANGE Entity=湫然#51704 tag=2335 value=2 
D 21:44:43.2640693 GameState.DebugPrintPower() -     TAG_CHANGE Entity=[entityName=安度因·乌瑞恩 id=67 zone=PLAY zonePos=0 cardId=HERO_09 player=1] tag=PREDAMAGE value=1 
D 21:44:43.2640693 GameState.DebugPrintPower() -     TAG_CHANGE Entity=[entityName=安度因·乌瑞恩 id=67 zone=PLAY zonePos=0 cardId=HERO_09 player=1] tag=PREDAMAGE value=0 
D 21:44:43.2640693 GameState.DebugPrintPower() -     META_DATA - Meta=DAMAGE Data=1 InfoCount=1
D 21:44:43.2640693 GameState.DebugPrintPower() -                 Info[0] = [entityName=安度因·乌瑞恩 id=67 zone=PLAY zonePos=0 cardId=HERO_09 player=1]
D 21:44:43.2640693 GameState.DebugPrintPower() -     TAG_CHANGE Entity=[entityName=安度因·乌瑞恩 id=67 zone=PLAY zonePos=0 cardId=HERO_09 player=1] tag=4741 value=3 
D 21:44:43.2640693 GameState.DebugPrintPower() -     TAG_CHANGE Entity=[entityName=安度因·乌瑞恩 id=67 zone=PLAY zonePos=0 cardId=HERO_09 player=1] tag=DAMAGE value=2 
D 21:44:43.2640693 GameState.DebugPrintPower() -     TAG_CHANGE Entity=Rose#55519 tag=464 value=1 
D 21:44:43.2640693 GameState.DebugPrintPower() -     TAG_CHANGE Entity=Rose#55519 tag=1853 value=2 
D 21:44:43.2640693 GameState.DebugPrintPower() -     TAG_CHANGE Entity=Rose#55519 tag=4453 value=1 
D 21:44:43.2640693 GameState.DebugPrintPower() -     TAG_CHANGE Entity=Rose#55519 tag=DAMAGE_DEALT_TO_HERO_LAST_TURN value=1 
D 21:44:43.2640693 GameState.DebugPrintPower() -     TAG_CHANGE Entity=Rose#55519 tag=1575 value=1 
D 21:44:43.2640693 GameState.DebugPrintPower() -     TAG_CHANGE Entity=GameEntity tag=1710 value=1 
D 21:44:43.2640693 GameState.DebugPrintPower() -     TAG_CHANGE Entity=GameEntity tag=1710 value=0 
D 21:44:43.2640693 GameState.DebugPrintPower() -     TAG_CHANGE Entity=GameEntity tag=PROPOSED_ATTACKER value=0 
D 21:44:43.2640693 GameState.DebugPrintPower() -     TAG_CHANGE Entity=GameEntity tag=PROPOSED_DEFENDER value=0 
D 21:44:43.2640693 GameState.DebugPrintPower() -     TAG_CHANGE Entity=[entityName=嘲风望月露娜拉 id=69 zone=PLAY zonePos=0 cardId=HERO_06bi player=2] tag=ATTACKING value=0 
D 21:44:43.2640693 GameState.DebugPrintPower() -     TAG_CHANGE Entity=[entityName=安度因·乌瑞恩 id=67 zone=PLAY zonePos=0 cardId=HERO_09 player=1] tag=DEFENDING value=0 
D 21:44:43.2640693 GameState.DebugPrintPower() - BLOCK_END
D 21:44:43.2640693 GameState.DebugPrintPower() - BLOCK_START BlockType=TRIGGER Entity=湫然#51704 EffectCardId=System.Collections.Generic.List`1[System.String] EffectIndex=-1 Target=0 SubOption=-1 TriggerKeyword=TAG_NOT_SET
D 21:44:43.2640693 GameState.DebugPrintPower() - BLOCK_END
D 21:44:43.2640693 GameState.DebugPrintPower() - TAG_CHANGE Entity=GameEntity tag=1323 value=6 
D 21:44:43.2640693 GameState.DebugPrintPower() - TAG_CHANGE Entity=湫然#51704 tag=NUM_OPTIONS_PLAYED_THIS_TURN value=2 
D 21:44:43.2640693 GameState.DebugPrintPower() - META_DATA - Meta=SLUSH_TIME Data=1000 InfoCount=1
D 21:44:43.2640693 GameState.DebugPrintPower() -             Info[0] = [entityName=嘲风望月露娜拉 id=69 zone=PLAY zonePos=0 cardId=HERO_06bi player=2]
D 21:44:43.2640693 PowerTaskList.DebugDump() - ID=123 ParentID=0 PreviousID=0 TaskCount=31
D 21:44:43.2640693 PowerTaskList.DebugPrintPower() - BLOCK_START BlockType=ATTACK Entity=[entityName=嘲风望月露娜拉 id=69 zone=PLAY zonePos=0 cardId=HERO_06bi player=2] EffectCardId=System.Collections.Generic.List`1[System.String] EffectIndex=0 Target=[entityName=安度因·乌瑞恩 id=67 zone=PLAY zonePos=0 cardId=HERO_09 player=1] SubOption=-1 
D 21:44:43.2640693 PowerTaskList.DebugPrintPower() -     TAG_CHANGE Entity=GameEntity tag=PROPOSED_ATTACKER value=69 
D 21:44:43.2640693 PowerTaskList.DebugPrintPower() -     TAG_CHANGE Entity=GameEntity tag=PROPOSED_DEFENDER value=67 
D 21:44:43.2640693 PowerTaskList.DebugPrintPower() -     TAG_CHANGE Entity=[entityName=嘲风望月露娜拉 id=69 zone=PLAY zonePos=0 cardId=HERO_06bi player=2] tag=ATTACKING value=1 
D 21:44:43.2640693 PowerTaskList.DebugPrintPower() -     META_DATA - Meta=SLUSH_TIME Data=1200 InfoCount=1
D 21:44:43.2640693 PowerTaskList.DebugPrintPower() -                 Info[0] = [entityName=嘲风望月露娜拉 id=69 zone=PLAY zonePos=0 cardId=HERO_06bi player=2]
D 21:44:43.2640693 PowerTaskList.DebugPrintPower() -     TAG_CHANGE Entity=[entityName=安度因·乌瑞恩 id=67 zone=PLAY zonePos=0 cardId=HERO_09 player=1] tag=DEFENDING value=1 
D 21:44:43.2640693 PowerTaskList.DebugPrintPower() -     TAG_CHANGE Entity=[entityName=嘲风望月露娜拉 id=69 zone=PLAY zonePos=0 cardId=HERO_06bi player=2] tag=NUM_ATTACKS_THIS_TURN value=1 
D 21:44:43.2640693 PowerTaskList.DebugPrintPower() -     TAG_CHANGE Entity=[entityName=嘲风望月露娜拉 id=69 zone=PLAY zonePos=0 cardId=HERO_06bi player=2] tag=4163 value=2 
D 21:44:43.2640693 PowerTaskList.DebugPrintPower() -     TAG_CHANGE Entity=[entityName=嘲风望月露娜拉 id=69 zone=PLAY zonePos=0 cardId=HERO_06bi player=2] tag=EXHAUSTED value=1 
D 21:44:43.2640693 PowerTaskList.DebugPrintPower() -     TAG_CHANGE Entity=[entityName=安度因·乌瑞恩 id=67 zone=PLAY zonePos=0 cardId=HERO_09 player=1] tag=2187 value=69 
D 21:44:43.2640693 PowerTaskList.DebugPrintPower() -     TAG_CHANGE Entity=[entityName=安度因·乌瑞恩 id=67 zone=PLAY zonePos=0 cardId=HERO_09 player=1] tag=PREDAMAGE value=1 
D 21:44:43.2640693 PowerTaskList.DebugPrintPower() -     TAG_CHANGE Entity=[entityName=安度因·乌瑞恩 id=67 zone=PLAY zonePos=0 cardId=HERO_09 player=1] tag=1173 value=67 
D 21:44:43.2640693 PowerTaskList.DebugPrintPower() -     TAG_CHANGE Entity=[entityName=安度因·乌瑞恩 id=67 zone=PLAY zonePos=0 cardId=HERO_09 player=1] tag=2187 value=0 
D 21:44:43.2640693 PowerTaskList.DebugPrintPower() -     TAG_CHANGE Entity=[entityName=安度因·乌瑞恩 id=67 zone=PLAY zonePos=0 cardId=HERO_09 player=1] tag=PREDAMAGE value=0 
D 21:44:43.2640693 PowerTaskList.DebugPrintPower() -     TAG_CHANGE Entity=[entityName=安度因·乌瑞恩 id=67 zone=PLAY zonePos=0 cardId=HERO_09 player=1] tag=1173 value=0 
D 21:44:43.2640693 PowerTaskList.DebugPrintPower() -     TAG_CHANGE Entity=湫然#51704 tag=2335 value=2 
D 21:44:43.2640693 PowerTaskList.DebugPrintPower() -     TAG_CHANGE Entity=[entityName=安度因·乌瑞恩 id=67 zone=PLAY zonePos=0 cardId=HERO_09 player=1] tag=PREDAMAGE value=1 
D 21:44:43.2640693 PowerTaskList.DebugPrintPower() -     TAG_CHANGE Entity=[entityName=安度因·乌瑞恩 id=67 zone=PLAY zonePos=0 cardId=HERO_09 player=1] tag=PREDAMAGE value=0 
D 21:44:43.2640693 PowerTaskList.DebugPrintPower() -     META_DATA - Meta=DAMAGE Data=1 InfoCount=1
D 21:44:43.2640693 PowerTaskList.DebugPrintPower() -                 Info[0] = [entityName=安度因·乌瑞恩 id=67 zone=PLAY zonePos=0 cardId=HERO_09 player=1]
D 21:44:43.2640693 PowerTaskList.DebugPrintPower() -     TAG_CHANGE Entity=[entityName=安度因·乌瑞恩 id=67 zone=PLAY zonePos=0 cardId=HERO_09 player=1] tag=4741 value=3 
D 21:44:43.2640693 PowerTaskList.DebugPrintPower() -     TAG_CHANGE Entity=[entityName=安度因·乌瑞恩 id=67 zone=PLAY zonePos=0 cardId=HERO_09 player=1] tag=DAMAGE value=2 
D 21:44:43.2640693 PowerTaskList.DebugPrintPower() -     TAG_CHANGE Entity=Rose#55519 tag=464 value=1 
D 21:44:43.2640693 PowerTaskList.DebugPrintPower() -     TAG_CHANGE Entity=Rose#55519 tag=1853 value=2 
D 21:44:43.2640693 PowerTaskList.DebugPrintPower() -     TAG_CHANGE Entity=Rose#55519 tag=4453 value=1 
D 21:44:43.2640693 PowerTaskList.DebugPrintPower() -     TAG_CHANGE Entity=Rose#55519 tag=DAMAGE_DEALT_TO_HERO_LAST_TURN value=1 
D 21:44:43.2640693 PowerTaskList.DebugPrintPower() -     TAG_CHANGE Entity=Rose#55519 tag=1575 value=1 
D 21:44:43.2640693 PowerTaskList.DebugPrintPower() -     TAG_CHANGE Entity=GameEntity tag=1710 value=1 
D 21:44:43.2640693 PowerTaskList.DebugPrintPower() -     TAG_CHANGE Entity=GameEntity tag=1710 value=0 
D 21:44:43.2640693 PowerTaskList.DebugPrintPower() -     TAG_CHANGE Entity=GameEntity tag=PROPOSED_ATTACKER value=0 
D 21:44:43.2640693 PowerTaskList.DebugPrintPower() -     TAG_CHANGE Entity=GameEntity tag=PROPOSED_DEFENDER value=0 
D 21:44:43.2640693 PowerTaskList.DebugPrintPower() -     TAG_CHANGE Entity=[entityName=嘲风望月露娜拉 id=69 zone=PLAY zonePos=0 cardId=HERO_06bi player=2] tag=ATTACKING value=0 
D 21:44:43.2640693 PowerTaskList.DebugPrintPower() -     TAG_CHANGE Entity=[entityName=安度因·乌瑞恩 id=67 zone=PLAY zonePos=0 cardId=HERO_09 player=1] tag=DEFENDING value=0 
D 21:44:43.2640693 PowerTaskList.DebugPrintPower() - BLOCK_END
D 21:44:43.2640693 PowerProcessor.PrepareHistoryForCurrentTaskList() - m_currentTaskList=123
D 21:44:43.2701238 GameState.DebugPrintOptions() - id=11
D 21:44:43.2701238 GameState.DebugPrintOptions() -   option 0 type=END_TURN mainEntity= error=INVALID errorParam=
D 21:44:43.2701238 GameState.DebugPrintOptions() -   option 1 type=POWER mainEntity=[entityName=月光射线 id=38 zone=HAND zonePos=1 cardId=TID_001 player=2] error=NONE errorParam=
D 21:44:43.2701238 GameState.DebugPrintOptions() -     target 0 entity=[entityName=安度因·乌瑞恩 id=67 zone=PLAY zonePos=0 cardId=HERO_09 player=1] error=NONE errorParam=
D 21:44:43.2701238 GameState.DebugPrintOptions() -     target 1 entity=[entityName=神秘访客 id=9 zone=PLAY zonePos=1 cardId=REV_246 player=1] error=NONE errorParam=
D 21:44:43.2701238 GameState.DebugPrintOptions() -     target 2 entity=[entityName=嘲风望月露娜拉 id=69 zone=PLAY zonePos=0 cardId=HERO_06bi player=2] error=REQ_ENEMY_TARGET errorParam=
D 21:44:43.2701238 GameState.DebugPrintOptions() -   option 2 type=POWER mainEntity=[entityName=生物计划 id=62 zone=HAND zonePos=3 cardId=BOT_054 player=2] error=NONE errorParam=
D 21:44:43.2701238 GameState.DebugPrintOptions() -   option 3 type=POWER mainEntity=[entityName=建造水晶塔 id=57 zone=HAND zonePos=4 cardId=SC_755 player=2] error=NONE errorParam=
D 21:44:43.2701238 GameState.DebugPrintOptions() -   option 4 type=POWER mainEntity=[entityName=虚灵改装师 id=35 zone=HAND zonePos=5 cardId=BT_724 player=2] error=NONE errorParam=
D 21:44:43.2701238 GameState.DebugPrintOptions() -     target 0 entity=[entityName=神秘访客 id=9 zone=PLAY zonePos=1 cardId=REV_246 player=1] error=NONE errorParam=
D 21:44:43.2701238 GameState.DebugPrintOptions() -     target 1 entity=[entityName=安度因·乌瑞恩 id=67 zone=PLAY zonePos=0 cardId=HERO_09 player=1] error=REQ_MINION_TARGET errorParam=
D 21:44:43.2701238 GameState.DebugPrintOptions() -     target 2 entity=[entityName=嘲风望月露娜拉 id=69 zone=PLAY zonePos=0 cardId=HERO_06bi player=2] error=REQ_MINION_TARGET errorParam=
D 21:44:43.2701238 GameState.DebugPrintOptions() -   option 5 type=POWER mainEntity=[entityName=月火术 id=50 zone=HAND zonePos=6 cardId=CS2_008 player=2] error=NONE errorParam=
D 21:44:43.2701238 GameState.DebugPrintOptions() -     target 0 entity=[entityName=安度因·乌瑞恩 id=67 zone=PLAY zonePos=0 cardId=HERO_09 player=1] error=NONE errorParam=
D 21:44:43.2701238 GameState.DebugPrintOptions() -     target 1 entity=[entityName=嘲风望月露娜拉 id=69 zone=PLAY zonePos=0 cardId=HERO_06bi player=2] error=NONE errorParam=
D 21:44:43.2701238 GameState.DebugPrintOptions() -     target 2 entity=[entityName=神秘访客 id=9 zone=PLAY zonePos=1 cardId=REV_246 player=1] error=NONE errorParam=
D 21:44:43.2701238 GameState.DebugPrintOptions() -   option 6 type=POWER mainEntity=[entityName=生命缚誓者的礼物 id=64 zone=HAND zonePos=2 cardId=TTN_955 player=2] error=REQ_ENOUGH_MANA errorParam=
D 21:44:43.2701238 GameState.DebugPrintOptions() -   option 7 type=POWER mainEntity=[entityName=安度因·乌瑞恩 id=67 zone=PLAY zonePos=0 cardId=HERO_09 player=1] error=REQ_YOUR_TURN errorParam=
D 21:44:43.2701238 GameState.DebugPrintOptions() -   option 8 type=POWER mainEntity=[entityName=次级治疗术 id=68 zone=PLAY zonePos=0 cardId=HERO_09bp player=1] error=REQ_YOUR_TURN errorParam=
D 21:44:43.2701238 GameState.DebugPrintOptions() -   option 9 type=POWER mainEntity=[entityName=嘲风望月露娜拉 id=69 zone=PLAY zonePos=0 cardId=HERO_06bi player=2] error=REQ_NOT_EXHAUSTED_ACTIVATE errorParam=
D 21:44:43.2701238 GameState.DebugPrintOptions() -   option 10 type=POWER mainEntity=[entityName=变形 id=70 zone=PLAY zonePos=0 cardId=HERO_06ebp player=2] error=REQ_NOT_EXHAUSTED_HERO_POWER errorParam=
D 21:44:43.2701238 GameState.DebugPrintOptions() -   option 11 type=POWER mainEntity=[entityName=神秘访客 id=9 zone=PLAY zonePos=1 cardId=REV_246 player=1] error=REQ_YOUR_TURN errorParam=
D 21:44:44.2788909 PowerProcessor.EndCurrentTaskList() - m_currentTaskList=123
D 21:44:44.2788909 PowerTaskList.DebugDump() - ID=124 ParentID=0 PreviousID=0 TaskCount=0
D 21:44:44.2788909 PowerTaskList.DebugPrintPower() - BLOCK_START BlockType=TRIGGER Entity=湫然#51704 EffectCardId=System.Collections.Generic.List`1[System.String] EffectIndex=-1 Target=0 SubOption=-1 TriggerKeyword=TAG_NOT_SET
D 21:44:44.2788909 PowerTaskList.DebugPrintPower() - BLOCK_END
D 21:44:44.2788909 PowerProcessor.PrepareHistoryForCurrentTaskList() - m_currentTaskList=124
D 21:44:44.2788909 PowerProcessor.EndCurrentTaskList() - m_currentTaskList=124
D 21:44:44.2788909 PowerTaskList.DebugDump() - ID=125 ParentID=0 PreviousID=0 TaskCount=3
D 21:44:44.2788909 PowerTaskList.DebugDump() - Block Start=(null)
D 21:44:44.2788909 PowerTaskList.DebugPrintPower() -     TAG_CHANGE Entity=GameEntity tag=1323 value=6 
D 21:44:44.2788909 PowerTaskList.DebugPrintPower() -     TAG_CHANGE Entity=湫然#51704 tag=NUM_OPTIONS_PLAYED_THIS_TURN value=2 
D 21:44:44.2788909 PowerTaskList.DebugPrintPower() -     META_DATA - Meta=SLUSH_TIME Data=1000 InfoCount=1
D 21:44:44.2788909 PowerTaskList.DebugPrintPower() -                 Info[0] = [entityName=嘲风望月露娜拉 id=69 zone=PLAY zonePos=0 cardId=HERO_06bi player=2]
D 21:44:44.2788909 PowerTaskList.DebugDump() - Block End=(null)
D 21:44:44.2788909 PowerProcessor.PrepareHistoryForCurrentTaskList() - m_currentTaskList=125
D 21:44:44.2788909 PowerProcessor.EndCurrentTaskList() - m_currentTaskList=125
D 21:44:45.6964869 GameState.SendOption() - selectedOption=0 selectedSubOption=-1 selectedTarget=0 selectedPosition=0
D 21:44:46.5493626 GameState.DebugPrintPowerList() - Count=93
D 21:44:46.5493626 GameState.DebugPrintPower() - TAG_CHANGE Entity=GameEntity tag=STEP value=MAIN_END 
D 21:44:46.5493626 GameState.DebugPrintPower() - BLOCK_START BlockType=TRIGGER Entity=Rose#55519 EffectCardId=System.Collections.Generic.List`1[System.String] EffectIndex=-1 Target=0 SubOption=-1 TriggerKeyword=TAG_NOT_SET
D 21:44:46.5493626 GameState.DebugPrintPower() - BLOCK_END
D 21:44:46.5493626 GameState.DebugPrintPower() - BLOCK_START BlockType=TRIGGER Entity=湫然#51704 EffectCardId=System.Collections.Generic.List`1[System.String] EffectIndex=-1 Target=0 SubOption=-1 TriggerKeyword=TAG_NOT_SET
D 21:44:46.5493626 GameState.DebugPrintPower() -     TAG_CHANGE Entity=GameEntity tag=NEXT_STEP value=MAIN_CLEANUP 
D 21:44:46.5493626 GameState.DebugPrintPower() - BLOCK_END
D 21:44:46.5493626 GameState.DebugPrintPower() - BLOCK_START BlockType=TRIGGER Entity=湫然#51704 EffectCardId=System.Collections.Generic.List`1[System.String] EffectIndex=-1 Target=0 SubOption=-1 TriggerKeyword=TAG_NOT_SET
D 21:44:46.5493626 GameState.DebugPrintPower() - BLOCK_END
D 21:44:46.5493626 GameState.DebugPrintPower() - TAG_CHANGE Entity=GameEntity tag=STEP value=MAIN_CLEANUP 
D 21:44:46.5493626 GameState.DebugPrintPower() - BLOCK_START BlockType=TRIGGER Entity=Rose#55519 EffectCardId=System.Collections.Generic.List`1[System.String] EffectIndex=-1 Target=0 SubOption=-1 TriggerKeyword=TAG_NOT_SET
D 21:44:46.5493626 GameState.DebugPrintPower() - BLOCK_END
D 21:44:46.5493626 GameState.DebugPrintPower() - BLOCK_START BlockType=TRIGGER Entity=湫然#51704 EffectCardId=System.Collections.Generic.List`1[System.String] EffectIndex=-1 Target=0 SubOption=-1 TriggerKeyword=TAG_NOT_SET
D 21:44:46.5493626 GameState.DebugPrintPower() -     TAG_CHANGE Entity=湫然#51704 tag=1854 value=2 
D 21:44:46.5493626 GameState.DebugPrintPower() -     TAG_CHANGE Entity=GameEntity tag=NEXT_STEP value=MAIN_NEXT 
D 21:44:46.5493626 GameState.DebugPrintPower() - BLOCK_END
D 21:44:46.5493626 GameState.DebugPrintPower() - BLOCK_START BlockType=TRIGGER Entity=[entityName=额外攻击力 id=137 zone=PLAY zonePos=0 cardId=CS2_017o player=2] EffectCardId=System.Collections.Generic.List`1[System.String] EffectIndex=-1 Target=0 SubOption=-1 TriggerKeyword=TAG_ONE_TURN_EFFECT
D 21:44:46.5493626 GameState.DebugPrintPower() -     TAG_CHANGE Entity=[entityName=额外攻击力 id=137 zone=PLAY zonePos=0 cardId=CS2_017o player=2] tag=2747 value=137 
D 21:44:46.5493626 GameState.DebugPrintPower() -     TAG_CHANGE Entity=[entityName=额外攻击力 id=137 zone=PLAY zonePos=0 cardId=CS2_017o player=2] tag=4741 value=1 
D 21:44:46.5493626 GameState.DebugPrintPower() -     TAG_CHANGE Entity=[entityName=额外攻击力 id=137 zone=PLAY zonePos=0 cardId=CS2_017o player=2] tag=LAST_AFFECTED_BY value=137 
D 21:44:46.5493626 GameState.DebugPrintPower() -     TAG_CHANGE Entity=[entityName=额外攻击力 id=137 zone=PLAY zonePos=0 cardId=CS2_017o player=2] tag=1068 value=4 
D 21:44:46.5493626 GameState.DebugPrintPower() -     TAG_CHANGE Entity=[entityName=额外攻击力 id=137 zone=PLAY zonePos=0 cardId=CS2_017o player=2] tag=1068 value=0 
D 21:44:46.5493626 GameState.DebugPrintPower() -     TAG_CHANGE Entity=[entityName=额外攻击力 id=137 zone=PLAY zonePos=0 cardId=CS2_017o player=2] tag=ZONE value=GRAVEYARD 
D 21:44:46.5493626 GameState.DebugPrintPower() -     TAG_CHANGE Entity=[entityName=嘲风望月露娜拉 id=69 zone=PLAY zonePos=0 cardId=HERO_06bi player=2] tag=TAG_ONE_TURN_EFFECT value=0 
D 21:44:46.5493626 GameState.DebugPrintPower() -     TAG_CHANGE Entity=[entityName=额外攻击力 id=137 zone=PLAY zonePos=0 cardId=CS2_017o player=2] tag=1234 value=69 
D 21:44:46.5493626 GameState.DebugPrintPower() -     HIDE_ENTITY - Entity=[entityName=额外攻击力 id=137 zone=PLAY zonePos=0 cardId=CS2_017o player=2] tag=ZONE value=GRAVEYARD
D 21:44:46.5493626 GameState.DebugPrintPower() -     TAG_CHANGE Entity=[entityName=嘲风望月露娜拉 id=69 zone=PLAY zonePos=0 cardId=HERO_06bi player=2] tag=479 value=0 
D 21:44:46.5493626 GameState.DebugPrintPower() -     TAG_CHANGE Entity=[entityName=嘲风望月露娜拉 id=69 zone=PLAY zonePos=0 cardId=HERO_06bi player=2] tag=ATK value=0 
D 21:44:46.5493626 GameState.DebugPrintPower() - BLOCK_END
D 21:44:46.5493626 GameState.DebugPrintPower() - TAG_CHANGE Entity=GameEntity tag=STEP value=MAIN_NEXT 
D 21:44:46.5493626 GameState.DebugPrintPower() - BLOCK_START BlockType=TRIGGER Entity=GameEntity EffectCardId=System.Collections.Generic.List`1[System.String] EffectIndex=-1 Target=0 SubOption=-1 TriggerKeyword=TAG_NOT_SET
D 21:44:46.5493626 GameState.DebugPrintPower() -     TAG_CHANGE Entity=湫然#51704 tag=1292 value=0 
D 21:44:46.5493626 GameState.DebugPrintPower() -     TAG_CHANGE Entity=Rose#55519 tag=1292 value=1 
D 21:44:46.5493626 GameState.DebugPrintPower() -     TAG_CHANGE Entity=[entityName=月光射线 id=38 zone=HAND zonePos=1 cardId=TID_001 player=2] tag=NUM_TURNS_IN_HAND value=6 
D 21:44:46.5493626 GameState.DebugPrintPower() -     TAG_CHANGE Entity=[entityName=生命缚誓者的礼物 id=64 zone=HAND zonePos=2 cardId=TTN_955 player=2] tag=NUM_TURNS_IN_HAND value=6 
D 21:44:46.5493626 GameState.DebugPrintPower() -     TAG_CHANGE Entity=[entityName=生物计划 id=62 zone=HAND zonePos=3 cardId=BOT_054 player=2] tag=NUM_TURNS_IN_HAND value=6 
D 21:44:46.5493626 GameState.DebugPrintPower() -     TAG_CHANGE Entity=[entityName=建造水晶塔 id=57 zone=HAND zonePos=4 cardId=SC_755 player=2] tag=NUM_TURNS_IN_HAND value=6 
D 21:44:46.5493626 GameState.DebugPrintPower() -     TAG_CHANGE Entity=[entityName=虚灵改装师 id=35 zone=HAND zonePos=5 cardId=BT_724 player=2] tag=NUM_TURNS_IN_HAND value=4 
D 21:44:46.5493626 GameState.DebugPrintPower() -     TAG_CHANGE Entity=[entityName=月火术 id=50 zone=HAND zonePos=6 cardId=CS2_008 player=2] tag=NUM_TURNS_IN_HAND value=2 
D 21:44:46.5493626 GameState.DebugPrintPower() -     TAG_CHANGE Entity=湫然#51704 tag=CURRENT_PLAYER value=0 
D 21:44:46.5493626 GameState.DebugPrintPower() -     TAG_CHANGE Entity=Rose#55519 tag=CURRENT_PLAYER value=1 
D 21:44:46.5493626 GameState.DebugPrintPower() -     TAG_CHANGE Entity=GameEntity tag=TURN value=6 
D 21:44:46.5493626 GameState.DebugPrintPower() -     TAG_CHANGE Entity=GameEntity tag=1882 value=5 
D 21:44:46.5493626 GameState.DebugPrintPower() -     TAG_CHANGE Entity=Rose#55519 tag=TURN value=3 
D 21:44:46.5493626 GameState.DebugPrintPower() -     TAG_CHANGE Entity=GameEntity tag=NEXT_STEP value=MAIN_READY 
D 21:44:46.5493626 GameState.DebugPrintPower() - BLOCK_END
D 21:44:46.5493626 GameState.DebugPrintPower() - TAG_CHANGE Entity=GameEntity tag=STEP value=MAIN_READY 
D 21:44:46.5493626 GameState.DebugPrintPower() - BLOCK_START BlockType=TRIGGER Entity=Rose#55519 EffectCardId=System.Collections.Generic.List`1[System.String] EffectIndex=-1 Target=0 SubOption=-1 TriggerKeyword=TAG_NOT_SET
D 21:44:46.5493626 GameState.DebugPrintPower() -     TAG_CHANGE Entity=GameEntity tag=NUM_TURNS_IN_PLAY value=6 
D 21:44:46.5493626 GameState.DebugPrintPower() -     TAG_CHANGE Entity=Rose#55519 tag=NUM_TURNS_IN_PLAY value=6 
D 21:44:46.5493626 GameState.DebugPrintPower() -     TAG_CHANGE Entity=湫然#51704 tag=NUM_TURNS_IN_PLAY value=6 
D 21:44:46.5493626 GameState.DebugPrintPower() -     TAG_CHANGE Entity=[entityName=安度因·乌瑞恩 id=67 zone=PLAY zonePos=0 cardId=HERO_09 player=1] tag=NUM_TURNS_IN_PLAY value=6 
D 21:44:46.5493626 GameState.DebugPrintPower() -     TAG_CHANGE Entity=[entityName=次级治疗术 id=68 zone=PLAY zonePos=0 cardId=HERO_09bp player=1] tag=NUM_TURNS_IN_PLAY value=6 
D 21:44:46.5493626 GameState.DebugPrintPower() -     TAG_CHANGE Entity=[entityName=嘲风望月露娜拉 id=69 zone=PLAY zonePos=0 cardId=HERO_06bi player=2] tag=NUM_TURNS_IN_PLAY value=6 
D 21:44:46.5493626 GameState.DebugPrintPower() -     TAG_CHANGE Entity=[entityName=变形 id=70 zone=PLAY zonePos=0 cardId=HERO_06ebp player=2] tag=NUM_TURNS_IN_PLAY value=6 
D 21:44:46.5493626 GameState.DebugPrintPower() -     TAG_CHANGE Entity=[entityName=神秘访客 id=9 zone=PLAY zonePos=1 cardId=REV_246 player=1] tag=NUM_TURNS_IN_PLAY value=2 
D 21:44:46.5493626 GameState.DebugPrintPower() -     TAG_CHANGE Entity=[entityName=寻求指引 id=13 zone=SECRET zonePos=0 cardId=SW_433 player=1] tag=NUM_TURNS_IN_PLAY value=4 
D 21:44:46.5493626 GameState.DebugPrintPower() -     TAG_CHANGE Entity=Rose#55519 tag=RESOURCES value=3 
D 21:44:46.5493626 GameState.DebugPrintPower() -     TAG_CHANGE Entity=Rose#55519 tag=RESOURCES_USED value=0 
D 21:44:46.5493626 GameState.DebugPrintPower() -     TAG_CHANGE Entity=Rose#55519 tag=NUM_CARDS_PLAYED_THIS_TURN value=0 
D 21:44:46.5493626 GameState.DebugPrintPower() -     TAG_CHANGE Entity=Rose#55519 tag=NUM_MINIONS_PLAYED_THIS_TURN value=0 
D 21:44:46.5493626 GameState.DebugPrintPower() -     TAG_CHANGE Entity=Rose#55519 tag=NUM_OPTIONS_PLAYED_THIS_TURN value=0 
D 21:44:46.5493626 GameState.DebugPrintPower() -     TAG_CHANGE Entity=Rose#55519 tag=3242 value=0 
D 21:44:46.5493626 GameState.DebugPrintPower() -     TAG_CHANGE Entity=[entityName=神秘访客 id=9 zone=PLAY zonePos=1 cardId=REV_246 player=1] tag=EXHAUSTED value=0 
D 21:44:46.5493626 GameState.DebugPrintPower() -     TAG_CHANGE Entity=[entityName=寻求指引 id=13 zone=SECRET zonePos=0 cardId=SW_433 player=1] tag=EXHAUSTED value=1 
D 21:44:46.5493626 GameState.DebugPrintPower() -     TAG_CHANGE Entity=湫然#51704 tag=NUM_CARDS_DRAWN_THIS_TURN value=0 
D 21:44:46.5493626 GameState.DebugPrintPower() -     TAG_CHANGE Entity=GameEntity tag=NEXT_STEP value=MAIN_START_TRIGGERS 
D 21:44:46.5493626 GameState.DebugPrintPower() -     TAG_CHANGE Entity=Rose#55519 tag=464 value=0 
D 21:44:46.5493626 GameState.DebugPrintPower() -     TAG_CHANGE Entity=Rose#55519 tag=4453 value=0 
D 21:44:46.5493626 GameState.DebugPrintPower() -     TAG_CHANGE Entity=Rose#55519 tag=1575 value=0 
D 21:44:46.5493626 GameState.DebugPrintPower() -     TAG_CHANGE Entity=湫然#51704 tag=2786 value=0 
D 21:44:46.5493626 GameState.DebugPrintPower() - BLOCK_END
D 21:44:46.5493626 GameState.DebugPrintPower() - TAG_CHANGE Entity=GameEntity tag=STEP value=MAIN_START_TRIGGERS 
D 21:44:46.5493626 GameState.DebugPrintPower() - BLOCK_START BlockType=TRIGGER Entity=Rose#55519 EffectCardId=System.Collections.Generic.List`1[System.String] EffectIndex=-1 Target=0 SubOption=-1 TriggerKeyword=TAG_NOT_SET
D 21:44:46.5493626 GameState.DebugPrintPower() -     TAG_CHANGE Entity=GameEntity tag=NEXT_STEP value=MAIN_START 
D 21:44:46.5493626 GameState.DebugPrintPower() - BLOCK_END
D 21:44:46.5493626 GameState.DebugPrintPower() - TAG_CHANGE Entity=GameEntity tag=STEP value=MAIN_START 
D 21:44:46.5493626 GameState.DebugPrintPower() - BLOCK_START BlockType=TRIGGER Entity=Rose#55519 EffectCardId=System.Collections.Generic.List`1[System.String] EffectIndex=-1 Target=0 SubOption=-1 TriggerKeyword=TAG_NOT_SET
D 21:44:46.5493626 GameState.DebugPrintPower() -     TAG_CHANGE Entity=Rose#55519 tag=2166 value=5 
D 21:44:46.5493626 GameState.DebugPrintPower() -     TAG_CHANGE Entity=Rose#55519 tag=467 value=1 
D 21:44:46.5493626 GameState.DebugPrintPower() -     TAG_CHANGE Entity=[entityName=UNKNOWN ENTITY [cardType=INVALID] id=5 zone=DECK zonePos=0 cardId= player=1] tag=ZONE value=HAND 
D 21:44:46.5493626 GameState.DebugPrintPower() -     TAG_CHANGE Entity=[entityName=UNKNOWN ENTITY [cardType=INVALID] id=5 zone=DECK zonePos=0 cardId= player=1] tag=ZONE_POSITION value=6 
D 21:44:46.5493626 GameState.DebugPrintPower() -     TAG_CHANGE Entity=[entityName=UNKNOWN ENTITY [cardType=INVALID] id=5 zone=DECK zonePos=0 cardId= player=1] tag=ZONE_POSITION value=0 
D 21:44:46.5493626 GameState.DebugPrintPower() -     TAG_CHANGE Entity=[entityName=UNKNOWN ENTITY [cardType=INVALID] id=5 zone=DECK zonePos=0 cardId= player=1] tag=ZONE_POSITION value=6 
D 21:44:46.5493626 GameState.DebugPrintPower() -     TAG_CHANGE Entity=Rose#55519 tag=3242 value=1 
D 21:44:46.5493626 GameState.DebugPrintPower() -     TAG_CHANGE Entity=Rose#55519 tag=NUM_CARDS_DRAWN_THIS_TURN value=1 
D 21:44:46.5493626 GameState.DebugPrintPower() -     TAG_CHANGE Entity=Rose#55519 tag=995 value=3 
D 21:44:46.5493626 GameState.DebugPrintPower() -     TAG_CHANGE Entity=Rose#55519 tag=467 value=0 
D 21:44:46.5493626 GameState.DebugPrintPower() -     TAG_CHANGE Entity=GameEntity tag=NEXT_STEP value=MAIN_ACTION 
D 21:44:46.5493626 GameState.DebugPrintPower() - BLOCK_END
D 21:44:46.5493626 GameState.DebugPrintPower() - TAG_CHANGE Entity=GameEntity tag=STEP value=MAIN_ACTION 
D 21:44:46.5493626 GameState.DebugPrintPower() - BLOCK_START BlockType=TRIGGER Entity=Rose#55519 EffectCardId=System.Collections.Generic.List`1[System.String] EffectIndex=-1 Target=0 SubOption=-1 TriggerKeyword=TAG_NOT_SET
D 21:44:46.5493626 GameState.DebugPrintPower() -     TAG_CHANGE Entity=GameEntity tag=NEXT_STEP value=MAIN_END 
D 21:44:46.5493626 GameState.DebugPrintPower() - BLOCK_END
D 21:44:46.5493626 PowerTaskList.DebugDump() - ID=126 ParentID=0 PreviousID=0 TaskCount=1
D 21:44:46.5493626 PowerTaskList.DebugDump() - Block Start=(null)
D 21:44:46.5493626 PowerTaskList.DebugPrintPower() -     TAG_CHANGE Entity=GameEntity tag=STEP value=MAIN_END 
D 21:44:46.5493626 PowerTaskList.DebugDump() - Block End=(null)
D 21:44:46.5493626 PowerProcessor.PrepareHistoryForCurrentTaskList() - m_currentTaskList=126
D 21:44:46.5493626 PowerProcessor.EndCurrentTaskList() - m_currentTaskList=126
D 21:44:46.5493626 PowerTaskList.DebugDump() - ID=127 ParentID=126 PreviousID=0 TaskCount=0
D 21:44:46.5493626 PowerTaskList.DebugPrintPower() - BLOCK_START BlockType=TRIGGER Entity=Rose#55519 EffectCardId=System.Collections.Generic.List`1[System.String] EffectIndex=-1 Target=0 SubOption=-1 TriggerKeyword=TAG_NOT_SET
D 21:44:46.5493626 PowerTaskList.DebugPrintPower() - BLOCK_END
D 21:44:46.5493626 PowerProcessor.PrepareHistoryForCurrentTaskList() - m_currentTaskList=127
D 21:44:46.5493626 PowerProcessor.EndCurrentTaskList() - m_currentTaskList=127
D 21:44:46.5493626 PowerTaskList.DebugDump() - ID=128 ParentID=0 PreviousID=0 TaskCount=1
D 21:44:46.5493626 PowerTaskList.DebugPrintPower() - BLOCK_START BlockType=TRIGGER Entity=湫然#51704 EffectCardId=System.Collections.Generic.List`1[System.String] EffectIndex=-1 Target=0 SubOption=-1 TriggerKeyword=TAG_NOT_SET
D 21:44:46.5493626 PowerTaskList.DebugPrintPower() -     TAG_CHANGE Entity=GameEntity tag=NEXT_STEP value=MAIN_CLEANUP 
D 21:44:46.5493626 PowerTaskList.DebugPrintPower() - BLOCK_END
D 21:44:46.5493626 PowerProcessor.PrepareHistoryForCurrentTaskList() - m_currentTaskList=128
D 21:44:46.5493626 PowerProcessor.EndCurrentTaskList() - m_currentTaskList=128
D 21:44:46.5493626 PowerTaskList.DebugDump() - ID=129 ParentID=0 PreviousID=0 TaskCount=0
D 21:44:46.5493626 PowerTaskList.DebugPrintPower() - BLOCK_START BlockType=TRIGGER Entity=湫然#51704 EffectCardId=System.Collections.Generic.List`1[System.String] EffectIndex=-1 Target=0 SubOption=-1 TriggerKeyword=TAG_NOT_SET
D 21:44:46.5493626 PowerTaskList.DebugPrintPower() - BLOCK_END
D 21:44:46.5493626 PowerProcessor.PrepareHistoryForCurrentTaskList() - m_currentTaskList=129
D 21:44:46.5493626 PowerProcessor.EndCurrentTaskList() - m_currentTaskList=129
D 21:44:46.5493626 PowerTaskList.DebugDump() - ID=130 ParentID=0 PreviousID=0 TaskCount=1
D 21:44:46.5493626 PowerTaskList.DebugDump() - Block Start=(null)
D 21:44:46.5493626 PowerTaskList.DebugPrintPower() -     TAG_CHANGE Entity=GameEntity tag=STEP value=MAIN_CLEANUP 
D 21:44:46.5493626 PowerTaskList.DebugDump() - Block End=(null)
D 21:44:46.5493626 PowerProcessor.PrepareHistoryForCurrentTaskList() - m_currentTaskList=130
D 21:44:46.5493626 PowerProcessor.EndCurrentTaskList() - m_currentTaskList=130
D 21:44:46.5493626 PowerTaskList.DebugDump() - ID=131 ParentID=0 PreviousID=0 TaskCount=0
D 21:44:46.5493626 PowerTaskList.DebugPrintPower() - BLOCK_START BlockType=TRIGGER Entity=Rose#55519 EffectCardId=System.Collections.Generic.List`1[System.String] EffectIndex=-1 Target=0 SubOption=-1 TriggerKeyword=TAG_NOT_SET
D 21:44:46.5493626 PowerTaskList.DebugPrintPower() - BLOCK_END
D 21:44:46.5493626 PowerProcessor.PrepareHistoryForCurrentTaskList() - m_currentTaskList=131
D 21:44:46.5493626 PowerProcessor.EndCurrentTaskList() - m_currentTaskList=131
D 21:44:46.5493626 PowerTaskList.DebugDump() - ID=132 ParentID=0 PreviousID=0 TaskCount=2
D 21:44:46.5493626 PowerTaskList.DebugPrintPower() - BLOCK_START BlockType=TRIGGER Entity=湫然#51704 EffectCardId=System.Collections.Generic.List`1[System.String] EffectIndex=-1 Target=0 SubOption=-1 TriggerKeyword=TAG_NOT_SET
D 21:44:46.5493626 PowerTaskList.DebugPrintPower() -     TAG_CHANGE Entity=湫然#51704 tag=1854 value=2 
D 21:44:46.5493626 PowerTaskList.DebugPrintPower() -     TAG_CHANGE Entity=GameEntity tag=NEXT_STEP value=MAIN_NEXT 
D 21:44:46.5493626 PowerTaskList.DebugPrintPower() - BLOCK_END
D 21:44:46.5493626 PowerProcessor.PrepareHistoryForCurrentTaskList() - m_currentTaskList=132
D 21:44:46.5493626 PowerProcessor.EndCurrentTaskList() - m_currentTaskList=132
D 21:44:46.5493626 PowerTaskList.DebugDump() - ID=133 ParentID=0 PreviousID=0 TaskCount=11
D 21:44:46.5493626 PowerTaskList.DebugPrintPower() - BLOCK_START BlockType=TRIGGER Entity=[entityName=额外攻击力 id=137 zone=PLAY zonePos=0 cardId=CS2_017o player=2] EffectCardId=System.Collections.Generic.List`1[System.String] EffectIndex=-1 Target=0 SubOption=-1 TriggerKeyword=TAG_ONE_TURN_EFFECT
D 21:44:46.5493626 PowerTaskList.DebugPrintPower() -     TAG_CHANGE Entity=[entityName=额外攻击力 id=137 zone=PLAY zonePos=0 cardId=CS2_017o player=2] tag=2747 value=137 
D 21:44:46.5493626 PowerTaskList.DebugPrintPower() -     TAG_CHANGE Entity=[entityName=额外攻击力 id=137 zone=PLAY zonePos=0 cardId=CS2_017o player=2] tag=4741 value=1 
D 21:44:46.5493626 PowerTaskList.DebugPrintPower() -     TAG_CHANGE Entity=[entityName=额外攻击力 id=137 zone=PLAY zonePos=0 cardId=CS2_017o player=2] tag=LAST_AFFECTED_BY value=137 
D 21:44:46.5493626 PowerTaskList.DebugPrintPower() -     TAG_CHANGE Entity=[entityName=额外攻击力 id=137 zone=PLAY zonePos=0 cardId=CS2_017o player=2] tag=1068 value=4 
D 21:44:46.5493626 PowerTaskList.DebugPrintPower() -     TAG_CHANGE Entity=[entityName=额外攻击力 id=137 zone=PLAY zonePos=0 cardId=CS2_017o player=2] tag=1068 value=0 
D 21:44:46.5493626 PowerTaskList.DebugPrintPower() -     TAG_CHANGE Entity=[entityName=额外攻击力 id=137 zone=PLAY zonePos=0 cardId=CS2_017o player=2] tag=ZONE value=GRAVEYARD 
D 21:44:46.5493626 PowerTaskList.DebugPrintPower() -     TAG_CHANGE Entity=[entityName=嘲风望月露娜拉 id=69 zone=PLAY zonePos=0 cardId=HERO_06bi player=2] tag=TAG_ONE_TURN_EFFECT value=0 
D 21:44:46.5493626 PowerTaskList.DebugPrintPower() -     TAG_CHANGE Entity=[entityName=额外攻击力 id=137 zone=PLAY zonePos=0 cardId=CS2_017o player=2] tag=1234 value=69 
D 21:44:46.5493626 PowerTaskList.DebugPrintPower() -     HIDE_ENTITY - Entity=[entityName=额外攻击力 id=137 zone=PLAY zonePos=0 cardId=CS2_017o player=2] tag=ZONE value=GRAVEYARD
D 21:44:46.5493626 PowerTaskList.DebugPrintPower() -     TAG_CHANGE Entity=[entityName=嘲风望月露娜拉 id=69 zone=PLAY zonePos=0 cardId=HERO_06bi player=2] tag=479 value=0 
D 21:44:46.5493626 PowerTaskList.DebugPrintPower() -     TAG_CHANGE Entity=[entityName=嘲风望月露娜拉 id=69 zone=PLAY zonePos=0 cardId=HERO_06bi player=2] tag=ATK value=0 
D 21:44:46.5493626 PowerTaskList.DebugPrintPower() - BLOCK_END
D 21:44:46.5493626 PowerProcessor.PrepareHistoryForCurrentTaskList() - m_currentTaskList=133
D 21:44:46.5574106 PowerProcessor.EndCurrentTaskList() - m_currentTaskList=133
D 21:44:46.5635994 PowerTaskList.DebugDump() - ID=134 ParentID=0 PreviousID=0 TaskCount=1
D 21:44:46.5635994 PowerTaskList.DebugDump() - Block Start=(null)
D 21:44:46.5635994 PowerTaskList.DebugPrintPower() -     TAG_CHANGE Entity=GameEntity tag=STEP value=MAIN_NEXT 
D 21:44:46.5635994 PowerTaskList.DebugDump() - Block End=(null)
D 21:44:46.5635994 PowerProcessor.PrepareHistoryForCurrentTaskList() - m_currentTaskList=134
D 21:44:46.5635994 PowerProcessor.EndCurrentTaskList() - m_currentTaskList=134
D 21:44:46.5635994 PowerTaskList.DebugDump() - ID=135 ParentID=0 PreviousID=0 TaskCount=14
D 21:44:46.5635994 PowerTaskList.DebugPrintPower() - BLOCK_START BlockType=TRIGGER Entity=GameEntity EffectCardId=System.Collections.Generic.List`1[System.String] EffectIndex=-1 Target=0 SubOption=-1 TriggerKeyword=TAG_NOT_SET
D 21:44:46.5635994 PowerTaskList.DebugPrintPower() -     TAG_CHANGE Entity=湫然#51704 tag=1292 value=0 
D 21:44:46.5635994 PowerTaskList.DebugPrintPower() -     TAG_CHANGE Entity=Rose#55519 tag=1292 value=1 
D 21:44:46.5635994 PowerTaskList.DebugPrintPower() -     TAG_CHANGE Entity=[entityName=月光射线 id=38 zone=HAND zonePos=1 cardId=TID_001 player=2] tag=NUM_TURNS_IN_HAND value=6 
D 21:44:46.5635994 PowerTaskList.DebugPrintPower() -     TAG_CHANGE Entity=[entityName=生命缚誓者的礼物 id=64 zone=HAND zonePos=2 cardId=TTN_955 player=2] tag=NUM_TURNS_IN_HAND value=6 
D 21:44:46.5635994 PowerTaskList.DebugPrintPower() -     TAG_CHANGE Entity=[entityName=生物计划 id=62 zone=HAND zonePos=3 cardId=BOT_054 player=2] tag=NUM_TURNS_IN_HAND value=6 
D 21:44:46.5635994 PowerTaskList.DebugPrintPower() -     TAG_CHANGE Entity=[entityName=建造水晶塔 id=57 zone=HAND zonePos=4 cardId=SC_755 player=2] tag=NUM_TURNS_IN_HAND value=6 
D 21:44:46.5635994 PowerTaskList.DebugPrintPower() -     TAG_CHANGE Entity=[entityName=虚灵改装师 id=35 zone=HAND zonePos=5 cardId=BT_724 player=2] tag=NUM_TURNS_IN_HAND value=4 
D 21:44:46.5635994 PowerTaskList.DebugPrintPower() -     TAG_CHANGE Entity=[entityName=月火术 id=50 zone=HAND zonePos=6 cardId=CS2_008 player=2] tag=NUM_TURNS_IN_HAND value=2 
D 21:44:46.5635994 PowerTaskList.DebugPrintPower() -     TAG_CHANGE Entity=湫然#51704 tag=CURRENT_PLAYER value=0 
D 21:44:46.5635994 PowerTaskList.DebugPrintPower() -     TAG_CHANGE Entity=Rose#55519 tag=CURRENT_PLAYER value=1 
D 21:44:46.5635994 PowerTaskList.DebugPrintPower() -     TAG_CHANGE Entity=GameEntity tag=TURN value=6 
D 21:44:46.5635994 PowerTaskList.DebugPrintPower() -     TAG_CHANGE Entity=GameEntity tag=1882 value=5 
D 21:44:46.5635994 PowerTaskList.DebugPrintPower() -     TAG_CHANGE Entity=Rose#55519 tag=TURN value=3 
D 21:44:46.5635994 PowerTaskList.DebugPrintPower() -     TAG_CHANGE Entity=GameEntity tag=NEXT_STEP value=MAIN_READY 
D 21:44:46.5635994 PowerTaskList.DebugPrintPower() - BLOCK_END
D 21:44:46.5635994 PowerProcessor.PrepareHistoryForCurrentTaskList() - m_currentTaskList=135
D 21:44:46.5635994 PowerProcessor.EndCurrentTaskList() - m_currentTaskList=135
D 21:44:46.5635994 PowerTaskList.DebugDump() - ID=136 ParentID=0 PreviousID=0 TaskCount=1
D 21:44:46.5635994 PowerTaskList.DebugDump() - Block Start=(null)
D 21:44:46.5635994 PowerTaskList.DebugPrintPower() -     TAG_CHANGE Entity=GameEntity tag=STEP value=MAIN_READY 
D 21:44:46.5635994 PowerTaskList.DebugDump() - Block End=(null)
D 21:44:46.5635994 PowerProcessor.PrepareHistoryForCurrentTaskList() - m_currentTaskList=136
D 21:44:46.5635994 PowerProcessor.EndCurrentTaskList() - m_currentTaskList=136
D 21:44:46.5635994 PowerTaskList.DebugDump() - ID=137 ParentID=0 PreviousID=0 TaskCount=23
D 21:44:46.5635994 PowerTaskList.DebugPrintPower() - BLOCK_START BlockType=TRIGGER Entity=Rose#55519 EffectCardId=System.Collections.Generic.List`1[System.String] EffectIndex=-1 Target=0 SubOption=-1 TriggerKeyword=TAG_NOT_SET
D 21:44:46.5635994 PowerTaskList.DebugPrintPower() -     TAG_CHANGE Entity=GameEntity tag=NUM_TURNS_IN_PLAY value=6 
D 21:44:46.5635994 PowerTaskList.DebugPrintPower() -     TAG_CHANGE Entity=Rose#55519 tag=NUM_TURNS_IN_PLAY value=6 
D 21:44:46.5635994 PowerTaskList.DebugPrintPower() -     TAG_CHANGE Entity=湫然#51704 tag=NUM_TURNS_IN_PLAY value=6 
D 21:44:46.5635994 PowerTaskList.DebugPrintPower() -     TAG_CHANGE Entity=[entityName=安度因·乌瑞恩 id=67 zone=PLAY zonePos=0 cardId=HERO_09 player=1] tag=NUM_TURNS_IN_PLAY value=6 
D 21:44:46.5635994 PowerTaskList.DebugPrintPower() -     TAG_CHANGE Entity=[entityName=次级治疗术 id=68 zone=PLAY zonePos=0 cardId=HERO_09bp player=1] tag=NUM_TURNS_IN_PLAY value=6 
D 21:44:46.5635994 PowerTaskList.DebugPrintPower() -     TAG_CHANGE Entity=[entityName=嘲风望月露娜拉 id=69 zone=PLAY zonePos=0 cardId=HERO_06bi player=2] tag=NUM_TURNS_IN_PLAY value=6 
D 21:44:46.5635994 PowerTaskList.DebugPrintPower() -     TAG_CHANGE Entity=[entityName=变形 id=70 zone=PLAY zonePos=0 cardId=HERO_06ebp player=2] tag=NUM_TURNS_IN_PLAY value=6 
D 21:44:46.5635994 PowerTaskList.DebugPrintPower() -     TAG_CHANGE Entity=[entityName=神秘访客 id=9 zone=PLAY zonePos=1 cardId=REV_246 player=1] tag=NUM_TURNS_IN_PLAY value=2 
D 21:44:46.5635994 PowerTaskList.DebugPrintPower() -     TAG_CHANGE Entity=[entityName=寻求指引 id=13 zone=SECRET zonePos=0 cardId=SW_433 player=1] tag=NUM_TURNS_IN_PLAY value=4 
D 21:44:46.5635994 PowerTaskList.DebugPrintPower() -     TAG_CHANGE Entity=Rose#55519 tag=RESOURCES value=3 
D 21:44:46.5635994 PowerTaskList.DebugPrintPower() -     TAG_CHANGE Entity=Rose#55519 tag=RESOURCES_USED value=0 
D 21:44:46.5635994 PowerTaskList.DebugPrintPower() -     TAG_CHANGE Entity=Rose#55519 tag=NUM_CARDS_PLAYED_THIS_TURN value=0 
D 21:44:46.5635994 PowerTaskList.DebugPrintPower() -     TAG_CHANGE Entity=Rose#55519 tag=NUM_MINIONS_PLAYED_THIS_TURN value=0 
D 21:44:46.5635994 PowerTaskList.DebugPrintPower() -     TAG_CHANGE Entity=Rose#55519 tag=NUM_OPTIONS_PLAYED_THIS_TURN value=0 
D 21:44:46.5635994 PowerTaskList.DebugPrintPower() -     TAG_CHANGE Entity=Rose#55519 tag=3242 value=0 
D 21:44:46.5635994 PowerTaskList.DebugPrintPower() -     TAG_CHANGE Entity=[entityName=神秘访客 id=9 zone=PLAY zonePos=1 cardId=REV_246 player=1] tag=EXHAUSTED value=0 
D 21:44:46.5635994 PowerTaskList.DebugPrintPower() -     TAG_CHANGE Entity=[entityName=寻求指引 id=13 zone=SECRET zonePos=0 cardId=SW_433 player=1] tag=EXHAUSTED value=1 
D 21:44:46.5635994 PowerTaskList.DebugPrintPower() -     TAG_CHANGE Entity=湫然#51704 tag=NUM_CARDS_DRAWN_THIS_TURN value=0 
D 21:44:46.5635994 PowerTaskList.DebugPrintPower() -     TAG_CHANGE Entity=GameEntity tag=NEXT_STEP value=MAIN_START_TRIGGERS 
D 21:44:46.5635994 PowerTaskList.DebugPrintPower() -     TAG_CHANGE Entity=Rose#55519 tag=464 value=0 
D 21:44:46.5635994 PowerTaskList.DebugPrintPower() -     TAG_CHANGE Entity=Rose#55519 tag=4453 value=0 
D 21:44:46.5635994 PowerTaskList.DebugPrintPower() -     TAG_CHANGE Entity=Rose#55519 tag=1575 value=0 
D 21:44:46.5635994 PowerTaskList.DebugPrintPower() -     TAG_CHANGE Entity=湫然#51704 tag=2786 value=0 
D 21:44:46.5635994 PowerTaskList.DebugPrintPower() - BLOCK_END
D 21:44:46.5635994 PowerProcessor.PrepareHistoryForCurrentTaskList() - m_currentTaskList=137
D 21:44:46.5635994 PowerProcessor.EndCurrentTaskList() - m_currentTaskList=137
D 21:44:46.5635994 PowerTaskList.DebugDump() - ID=138 ParentID=0 PreviousID=0 TaskCount=1
D 21:44:46.5635994 PowerTaskList.DebugDump() - Block Start=(null)
D 21:44:46.5635994 PowerTaskList.DebugPrintPower() -     TAG_CHANGE Entity=GameEntity tag=STEP value=MAIN_START_TRIGGERS 
D 21:44:46.5635994 PowerTaskList.DebugDump() - Block End=(null)
D 21:44:46.5635994 PowerProcessor.PrepareHistoryForCurrentTaskList() - m_currentTaskList=138
D 21:44:46.5635994 PowerProcessor.EndCurrentTaskList() - m_currentTaskList=138
D 21:44:46.5635994 PowerTaskList.DebugDump() - ID=139 ParentID=0 PreviousID=0 TaskCount=1
D 21:44:46.5635994 PowerTaskList.DebugPrintPower() - BLOCK_START BlockType=TRIGGER Entity=Rose#55519 EffectCardId=System.Collections.Generic.List`1[System.String] EffectIndex=-1 Target=0 SubOption=-1 TriggerKeyword=TAG_NOT_SET
D 21:44:46.5635994 PowerTaskList.DebugPrintPower() -     TAG_CHANGE Entity=GameEntity tag=NEXT_STEP value=MAIN_START 
D 21:44:46.5635994 PowerTaskList.DebugPrintPower() - BLOCK_END
D 21:44:46.5635994 PowerProcessor.PrepareHistoryForCurrentTaskList() - m_currentTaskList=139
D 21:44:46.5635994 PowerProcessor.EndCurrentTaskList() - m_currentTaskList=139
D 21:44:46.5635994 PowerTaskList.DebugDump() - ID=140 ParentID=0 PreviousID=0 TaskCount=1
D 21:44:46.5635994 PowerTaskList.DebugDump() - Block Start=(null)
D 21:44:46.5635994 PowerTaskList.DebugPrintPower() -     TAG_CHANGE Entity=GameEntity tag=STEP value=MAIN_START 
D 21:44:46.5635994 PowerTaskList.DebugDump() - Block End=(null)
D 21:44:46.5635994 PowerProcessor.PrepareHistoryForCurrentTaskList() - m_currentTaskList=140
D 21:44:46.5635994 PowerProcessor.EndCurrentTaskList() - m_currentTaskList=140
D 21:44:46.5635994 PowerTaskList.DebugDump() - ID=141 ParentID=0 PreviousID=0 TaskCount=11
D 21:44:46.5635994 PowerTaskList.DebugPrintPower() - BLOCK_START BlockType=TRIGGER Entity=Rose#55519 EffectCardId=System.Collections.Generic.List`1[System.String] EffectIndex=-1 Target=0 SubOption=-1 TriggerKeyword=TAG_NOT_SET
D 21:44:46.5635994 PowerTaskList.DebugPrintPower() -     TAG_CHANGE Entity=Rose#55519 tag=2166 value=5 
D 21:44:46.5635994 PowerTaskList.DebugPrintPower() -     TAG_CHANGE Entity=Rose#55519 tag=467 value=1 
D 21:44:46.5635994 PowerTaskList.DebugPrintPower() -     TAG_CHANGE Entity=[entityName=UNKNOWN ENTITY [cardType=INVALID] id=5 zone=DECK zonePos=0 cardId= player=1] tag=ZONE value=HAND 
D 21:44:46.5635994 PowerTaskList.DebugPrintPower() -     TAG_CHANGE Entity=[entityName=UNKNOWN ENTITY [cardType=INVALID] id=5 zone=DECK zonePos=0 cardId= player=1] tag=ZONE_POSITION value=6 
D 21:44:46.5635994 PowerTaskList.DebugPrintPower() -     TAG_CHANGE Entity=[entityName=UNKNOWN ENTITY [cardType=INVALID] id=5 zone=DECK zonePos=0 cardId= player=1] tag=ZONE_POSITION value=0 
D 21:44:46.5635994 PowerTaskList.DebugPrintPower() -     TAG_CHANGE Entity=[entityName=UNKNOWN ENTITY [cardType=INVALID] id=5 zone=DECK zonePos=0 cardId= player=1] tag=ZONE_POSITION value=6 
D 21:44:46.5635994 PowerTaskList.DebugPrintPower() -     TAG_CHANGE Entity=Rose#55519 tag=3242 value=1 
D 21:44:46.5635994 PowerTaskList.DebugPrintPower() -     TAG_CHANGE Entity=Rose#55519 tag=NUM_CARDS_DRAWN_THIS_TURN value=1 
D 21:44:46.5635994 PowerTaskList.DebugPrintPower() -     TAG_CHANGE Entity=Rose#55519 tag=995 value=3 
D 21:44:46.5635994 PowerTaskList.DebugPrintPower() -     TAG_CHANGE Entity=Rose#55519 tag=467 value=0 
D 21:44:46.5635994 PowerTaskList.DebugPrintPower() -     TAG_CHANGE Entity=GameEntity tag=NEXT_STEP value=MAIN_ACTION 
D 21:44:46.5635994 PowerTaskList.DebugPrintPower() - BLOCK_END
D 21:44:46.5635994 PowerProcessor.PrepareHistoryForCurrentTaskList() - m_currentTaskList=141
D 21:44:47.8711585 PowerProcessor.EndCurrentTaskList() - m_currentTaskList=141
D 21:44:47.8777025 PowerTaskList.DebugDump() - ID=142 ParentID=0 PreviousID=0 TaskCount=1
D 21:44:47.8777025 PowerTaskList.DebugDump() - Block Start=(null)
D 21:44:47.8777025 PowerTaskList.DebugPrintPower() -     TAG_CHANGE Entity=GameEntity tag=STEP value=MAIN_ACTION 
D 21:44:47.8777025 PowerTaskList.DebugDump() - Block End=(null)
D 21:44:47.8777025 PowerProcessor.PrepareHistoryForCurrentTaskList() - m_currentTaskList=142
D 21:44:47.8777025 PowerProcessor.EndCurrentTaskList() - m_currentTaskList=142
D 21:44:47.8777025 PowerTaskList.DebugDump() - ID=143 ParentID=0 PreviousID=0 TaskCount=1
D 21:44:47.8777025 PowerTaskList.DebugPrintPower() - BLOCK_START BlockType=TRIGGER Entity=Rose#55519 EffectCardId=System.Collections.Generic.List`1[System.String] EffectIndex=-1 Target=0 SubOption=-1 TriggerKeyword=TAG_NOT_SET
D 21:44:47.8777025 PowerTaskList.DebugPrintPower() -     TAG_CHANGE Entity=GameEntity tag=NEXT_STEP value=MAIN_END 
D 21:44:47.8777025 PowerTaskList.DebugPrintPower() - BLOCK_END
D 21:44:47.8777025 PowerProcessor.PrepareHistoryForCurrentTaskList() - m_currentTaskList=143
D 21:44:47.8777025 PowerProcessor.EndCurrentTaskList() - m_currentTaskList=143
D 21:44:51.0396342 GameState.DebugPrintPowerList() - Count=20
D 21:44:51.0396342 GameState.DebugPrintPower() - BLOCK_START BlockType=PLAY Entity=[entityName=UNKNOWN ENTITY [cardType=INVALID] id=4 zone=HAND zonePos=1 cardId= player=1] EffectCardId=System.Collections.Generic.List`1[System.String] EffectIndex=0 Target=0 SubOption=-1 
D 21:44:51.0396342 GameState.DebugPrintPower() -     TAG_CHANGE Entity=Rose#55519 tag=2245 value=5 
D 21:44:51.0396342 GameState.DebugPrintPower() -     TAG_CHANGE Entity=Rose#55519 tag=RESOURCES_USED value=2 
D 21:44:51.0396342 GameState.DebugPrintPower() -     TAG_CHANGE Entity=Rose#55519 tag=NUM_RESOURCES_SPENT_THIS_GAME value=5 
D 21:44:51.0396342 GameState.DebugPrintPower() -     TAG_CHANGE Entity=Rose#55519 tag=NUM_CARDS_PLAYED_THIS_TURN value=1 
D 21:44:51.0396342 GameState.DebugPrintPower() -     TAG_CHANGE Entity=Rose#55519 tag=430 value=1 
D 21:44:51.0396342 GameState.DebugPrintPower() -     TAG_CHANGE Entity=[entityName=UNKNOWN ENTITY [cardType=INVALID] id=5 zone=HAND zonePos=6 cardId= player=1] tag=ZONE_POSITION value=5 
D 21:44:51.0396342 GameState.DebugPrintPower() -     TAG_CHANGE Entity=[entityName=UNKNOWN ENTITY [cardType=INVALID] id=17 zone=HAND zonePos=5 cardId= player=1] tag=ZONE_POSITION value=4 
D 21:44:51.0396342 GameState.DebugPrintPower() -     TAG_CHANGE Entity=[entityName=UNKNOWN ENTITY [cardType=INVALID] id=8 zone=HAND zonePos=4 cardId= player=1] tag=ZONE_POSITION value=3 
D 21:44:51.0396342 GameState.DebugPrintPower() -     TAG_CHANGE Entity=[entityName=UNKNOWN ENTITY [cardType=INVALID] id=100 zone=HAND zonePos=3 cardId= player=1] tag=ZONE_POSITION value=2 
D 21:44:51.0396342 GameState.DebugPrintPower() -     TAG_CHANGE Entity=[entityName=UNKNOWN ENTITY [cardType=INVALID] id=11 zone=HAND zonePos=2 cardId= player=1] tag=ZONE_POSITION value=1 
D 21:44:51.0396342 GameState.DebugPrintPower() -     TAG_CHANGE Entity=[entityName=UNKNOWN ENTITY [cardType=INVALID] id=4 zone=HAND zonePos=1 cardId= player=1] tag=ZONE_POSITION value=0 
D 21:44:51.0396342 GameState.DebugPrintPower() -     SHOW_ENTITY - Updating Entity=[entityName=UNKNOWN ENTITY [cardType=INVALID] id=4 zone=HAND zonePos=1 cardId= player=1] CardID=VAC_408
D 21:44:51.0396342 GameState.DebugPrintPower() -         tag=CONTROLLER value=1
D 21:44:51.0396342 GameState.DebugPrintPower() -         tag=CARDTYPE value=SPELL
D 21:44:51.0396342 GameState.DebugPrintPower() -         tag=TAG_LAST_KNOWN_COST_IN_HAND value=2
D 21:44:51.0396342 GameState.DebugPrintPower() -         tag=COST value=2
D 21:44:51.0396342 GameState.DebugPrintPower() -         tag=PREMIUM value=1
D 21:44:51.0396342 GameState.DebugPrintPower() -         tag=ZONE value=PLAY
D 21:44:51.0396342 GameState.DebugPrintPower() -         tag=ENTITY_ID value=4
D 21:44:51.0396342 GameState.DebugPrintPower() -         tag=CLASS value=HUNTER
D 21:44:51.0396342 GameState.DebugPrintPower() -         tag=RARITY value=RARE
D 21:44:51.0396342 GameState.DebugPrintPower() -         tag=JUST_PLAYED value=1
D 21:44:51.0396342 GameState.DebugPrintPower() -         tag=ZONE_POSITION value=0
D 21:44:51.0396342 GameState.DebugPrintPower() -         tag=NUM_TURNS_IN_HAND value=6
D 21:44:51.0396342 GameState.DebugPrintPower() -         tag=DISCOVER value=1
D 21:44:51.0396342 GameState.DebugPrintPower() -         tag=478 value=1
D 21:44:51.0396342 GameState.DebugPrintPower() -         tag=1043 value=1
D 21:44:51.0396342 GameState.DebugPrintPower() -         tag=1068 value=0
D 21:44:51.0396342 GameState.DebugPrintPower() -         tag=USE_DISCOVER_VISUALS value=1
D 21:44:51.0396342 GameState.DebugPrintPower() -         tag=SPAWN_TIME_COUNT value=1
D 21:44:51.0396342 GameState.DebugPrintPower() -         tag=3557 value=1
D 21:44:51.0396342 GameState.DebugPrintPower() -     META_DATA - Meta=SLUSH_TIME Data=3000 InfoCount=1
D 21:44:51.0396342 GameState.DebugPrintPower() -                 Info[0] = [entityName=UNKNOWN ENTITY [cardType=INVALID] id=4 zone=HAND zonePos=1 cardId= player=1]
D 21:44:51.0396342 GameState.DebugPrintPower() -     TAG_CHANGE Entity=Rose#55519 tag=NUM_SPELLS_PLAYED_THIS_GAME value=2 
D 21:44:51.0396342 GameState.DebugPrintPower() -     BLOCK_START BlockType=POWER Entity=[entityName=UNKNOWN ENTITY [cardType=INVALID] id=4 zone=HAND zonePos=1 cardId= player=1] EffectCardId=System.Collections.Generic.List`1[System.String] EffectIndex=0 Target=0 SubOption=-1 
D 21:44:51.0396342 GameState.DebugPrintPower() -         META_DATA - Meta=OVERRIDE_HISTORY Data=0 InfoCount=1
D 21:44:51.0396342 GameState.DebugPrintPower() -                     Info[0] = [entityName=UNKNOWN ENTITY [cardType=INVALID] id=4 zone=HAND zonePos=1 cardId= player=1]
D 21:44:51.0396342 GameState.DebugPrintPower() -         FULL_ENTITY - Creating ID=139 CardID=
D 21:44:51.0396342 GameState.DebugPrintPower() -             tag=ZONE value=SETASIDE
D 21:44:51.0396342 GameState.DebugPrintPower() -             tag=CONTROLLER value=1
D 21:44:51.0396342 GameState.DebugPrintPower() -             tag=ENTITY_ID value=139
D 21:44:51.0396342 GameState.DebugPrintPower() -         FULL_ENTITY - Creating ID=140 CardID=
D 21:44:51.0396342 GameState.DebugPrintPower() -             tag=ZONE value=SETASIDE
D 21:44:51.0396342 GameState.DebugPrintPower() -             tag=CONTROLLER value=1
D 21:44:51.0396342 GameState.DebugPrintPower() -             tag=ENTITY_ID value=140
D 21:44:51.0396342 GameState.DebugPrintPower() -         FULL_ENTITY - Creating ID=141 CardID=
D 21:44:51.0396342 GameState.DebugPrintPower() -             tag=ZONE value=SETASIDE
D 21:44:51.0396342 GameState.DebugPrintPower() -             tag=CONTROLLER value=1
D 21:44:51.0396342 GameState.DebugPrintPower() -             tag=ENTITY_ID value=141
D 21:44:51.0396342 PowerTaskList.DebugDump() - ID=144 ParentID=0 PreviousID=0 TaskCount=14
D 21:44:51.0396342 PowerTaskList.DebugPrintPower() - BLOCK_START BlockType=PLAY Entity=[entityName=UNKNOWN ENTITY [cardType=INVALID] id=4 zone=HAND zonePos=1 cardId= player=1] EffectCardId=System.Collections.Generic.List`1[System.String] EffectIndex=0 Target=0 SubOption=-1 
D 21:44:51.0396342 PowerTaskList.DebugPrintPower() -     TAG_CHANGE Entity=Rose#55519 tag=2245 value=5 
D 21:44:51.0396342 PowerTaskList.DebugPrintPower() -     TAG_CHANGE Entity=Rose#55519 tag=RESOURCES_USED value=2 
D 21:44:51.0396342 PowerTaskList.DebugPrintPower() -     TAG_CHANGE Entity=Rose#55519 tag=NUM_RESOURCES_SPENT_THIS_GAME value=5 
D 21:44:51.0396342 PowerTaskList.DebugPrintPower() -     TAG_CHANGE Entity=Rose#55519 tag=NUM_CARDS_PLAYED_THIS_TURN value=1 
D 21:44:51.0396342 PowerTaskList.DebugPrintPower() -     TAG_CHANGE Entity=Rose#55519 tag=430 value=1 
D 21:44:51.0396342 PowerTaskList.DebugPrintPower() -     TAG_CHANGE Entity=[entityName=UNKNOWN ENTITY [cardType=INVALID] id=5 zone=HAND zonePos=6 cardId= player=1] tag=ZONE_POSITION value=5 
D 21:44:51.0396342 PowerTaskList.DebugPrintPower() -     TAG_CHANGE Entity=[entityName=UNKNOWN ENTITY [cardType=INVALID] id=17 zone=HAND zonePos=5 cardId= player=1] tag=ZONE_POSITION value=4 
D 21:44:51.0396342 PowerTaskList.DebugPrintPower() -     TAG_CHANGE Entity=[entityName=UNKNOWN ENTITY [cardType=INVALID] id=8 zone=HAND zonePos=4 cardId= player=1] tag=ZONE_POSITION value=3 
D 21:44:51.0396342 PowerTaskList.DebugPrintPower() -     TAG_CHANGE Entity=[entityName=UNKNOWN ENTITY [cardType=INVALID] id=100 zone=HAND zonePos=3 cardId= player=1] tag=ZONE_POSITION value=2 
D 21:44:51.0396342 PowerTaskList.DebugPrintPower() -     TAG_CHANGE Entity=[entityName=UNKNOWN ENTITY [cardType=INVALID] id=11 zone=HAND zonePos=2 cardId= player=1] tag=ZONE_POSITION value=1 
D 21:44:51.0396342 PowerTaskList.DebugPrintPower() -     TAG_CHANGE Entity=[entityName=UNKNOWN ENTITY [cardType=INVALID] id=4 zone=HAND zonePos=1 cardId= player=1] tag=ZONE_POSITION value=0 
D 21:44:51.0396342 PowerTaskList.DebugPrintPower() -     SHOW_ENTITY - Updating Entity=[entityName=UNKNOWN ENTITY [cardType=INVALID] id=4 zone=HAND zonePos=1 cardId= player=1] CardID=VAC_408
D 21:44:51.0396342 PowerTaskList.DebugPrintPower() -         tag=CONTROLLER value=1
D 21:44:51.0396342 PowerTaskList.DebugPrintPower() -         tag=CARDTYPE value=SPELL
D 21:44:51.0396342 PowerTaskList.DebugPrintPower() -         tag=TAG_LAST_KNOWN_COST_IN_HAND value=2
D 21:44:51.0396342 PowerTaskList.DebugPrintPower() -         tag=COST value=2
D 21:44:51.0396342 PowerTaskList.DebugPrintPower() -         tag=PREMIUM value=1
D 21:44:51.0396342 PowerTaskList.DebugPrintPower() -         tag=ZONE value=PLAY
D 21:44:51.0396342 PowerTaskList.DebugPrintPower() -         tag=ENTITY_ID value=4
D 21:44:51.0396342 PowerTaskList.DebugPrintPower() -         tag=CLASS value=HUNTER
D 21:44:51.0396342 PowerTaskList.DebugPrintPower() -         tag=RARITY value=RARE
D 21:44:51.0396342 PowerTaskList.DebugPrintPower() -         tag=JUST_PLAYED value=1
D 21:44:51.0396342 PowerTaskList.DebugPrintPower() -         tag=ZONE_POSITION value=0
D 21:44:51.0396342 PowerTaskList.DebugPrintPower() -         tag=NUM_TURNS_IN_HAND value=6
D 21:44:51.0396342 PowerTaskList.DebugPrintPower() -         tag=DISCOVER value=1
D 21:44:51.0396342 PowerTaskList.DebugPrintPower() -         tag=478 value=1
D 21:44:51.0396342 PowerTaskList.DebugPrintPower() -         tag=1043 value=1
D 21:44:51.0396342 PowerTaskList.DebugPrintPower() -         tag=1068 value=0
D 21:44:51.0396342 PowerTaskList.DebugPrintPower() -         tag=USE_DISCOVER_VISUALS value=1
D 21:44:51.0396342 PowerTaskList.DebugPrintPower() -         tag=SPAWN_TIME_COUNT value=1
D 21:44:51.0396342 PowerTaskList.DebugPrintPower() -         tag=3557 value=1
D 21:44:51.0396342 PowerTaskList.DebugPrintPower() -     META_DATA - Meta=SLUSH_TIME Data=3000 InfoCount=1
D 21:44:51.0396342 PowerTaskList.DebugPrintPower() -                 Info[0] = [entityName=UNKNOWN ENTITY [cardType=INVALID] id=4 zone=HAND zonePos=1 cardId= player=1]
D 21:44:51.0396342 PowerTaskList.DebugPrintPower() -     TAG_CHANGE Entity=Rose#55519 tag=NUM_SPELLS_PLAYED_THIS_GAME value=2 
D 21:44:51.0396342 PowerTaskList.DebugDump() - Block End=(null)
D 21:44:51.0396342 PowerProcessor.PrepareHistoryForCurrentTaskList() - m_currentTaskList=144
D 21:44:51.0396342 PowerProcessor.DoTaskListForCard() - unhandled BlockType PLAY for sourceEntity [entityName=UNKNOWN ENTITY [cardType=INVALID] id=4 zone=HAND zonePos=1 cardId= player=1]
D 21:44:51.1347972 GameState.DebugPrintEntityChoices() - id=3 Player=Rose#55519 TaskList=145 ChoiceType=GENERAL CountMin=1 CountMax=1
D 21:44:51.1347972 GameState.DebugPrintEntityChoices() -   Source=[entityName=观赏鸟类 id=4 zone=PLAY zonePos=0 cardId=VAC_408 player=1]
D 21:44:51.1347972 GameState.DebugPrintEntityChoices() -   Entities[0]=[entityName=UNKNOWN ENTITY [cardType=INVALID] id=139 zone=SETASIDE zonePos=0 cardId= player=1]
D 21:44:51.1347972 GameState.DebugPrintEntityChoices() -   Entities[1]=[entityName=UNKNOWN ENTITY [cardType=INVALID] id=140 zone=SETASIDE zonePos=0 cardId= player=1]
D 21:44:51.1347972 GameState.DebugPrintEntityChoices() -   Entities[2]=[entityName=UNKNOWN ENTITY [cardType=INVALID] id=141 zone=SETASIDE zonePos=0 cardId= player=1]
D 21:44:51.1347972 ChoiceCardMgr.WaitThenShowChoices() - id=3 WAIT for taskList 145
D 21:44:51.6557629 PowerProcessor.EndCurrentTaskList() - m_currentTaskList=144
D 21:44:52.0738224 PowerTaskList.DebugDump() - ID=145 ParentID=144 PreviousID=0 TaskCount=4
D 21:44:52.0738224 PowerTaskList.DebugPrintPower() - BLOCK_START BlockType=POWER Entity=[entityName=观赏鸟类 id=4 zone=PLAY zonePos=0 cardId=VAC_408 player=1] EffectCardId=System.Collections.Generic.List`1[System.String] EffectIndex=0 Target=0 SubOption=-1 
D 21:44:52.0738224 PowerTaskList.DebugPrintPower() -     META_DATA - Meta=OVERRIDE_HISTORY Data=0 InfoCount=1
D 21:44:52.0738224 PowerTaskList.DebugPrintPower() -                 Info[0] = [entityName=观赏鸟类 id=4 zone=PLAY zonePos=0 cardId=VAC_408 player=1]
D 21:44:52.0738224 PowerTaskList.DebugPrintPower() -     FULL_ENTITY - Updating [entityName=UNKNOWN ENTITY [cardType=INVALID] id=139 zone=SETASIDE zonePos=0 cardId= player=1] CardID=
D 21:44:52.0738224 PowerTaskList.DebugPrintPower() -         tag=ZONE value=SETASIDE
D 21:44:52.0738224 PowerTaskList.DebugPrintPower() -         tag=CONTROLLER value=1
D 21:44:52.0738224 PowerTaskList.DebugPrintPower() -         tag=ENTITY_ID value=139
D 21:44:52.0738224 PowerTaskList.DebugPrintPower() -     FULL_ENTITY - Updating [entityName=UNKNOWN ENTITY [cardType=INVALID] id=140 zone=SETASIDE zonePos=0 cardId= player=1] CardID=
D 21:44:52.0738224 PowerTaskList.DebugPrintPower() -         tag=ZONE value=SETASIDE
D 21:44:52.0738224 PowerTaskList.DebugPrintPower() -         tag=CONTROLLER value=1
D 21:44:52.0738224 PowerTaskList.DebugPrintPower() -         tag=ENTITY_ID value=140
D 21:44:52.0738224 PowerTaskList.DebugPrintPower() -     FULL_ENTITY - Updating [entityName=UNKNOWN ENTITY [cardType=INVALID] id=141 zone=SETASIDE zonePos=0 cardId= player=1] CardID=
D 21:44:52.0738224 PowerTaskList.DebugPrintPower() -         tag=ZONE value=SETASIDE
D 21:44:52.0738224 PowerTaskList.DebugPrintPower() -         tag=CONTROLLER value=1
D 21:44:52.0738224 PowerTaskList.DebugPrintPower() -         tag=ENTITY_ID value=141
D 21:44:52.0738224 PowerTaskList.DebugDump() - Block End=(null)
D 21:44:52.0738224 PowerProcessor.PrepareHistoryForCurrentTaskList() - m_currentTaskList=145
D 21:44:52.0877042 PowerProcessor.EndCurrentTaskList() - m_currentTaskList=145
D 21:44:52.0877042 ChoiceCardMgr.WaitThenShowChoices() - id=3 BEGIN
D 21:44:54.0259093 GameState.DebugPrintEntitiesChosen() - id=3 Player=Rose#55519 EntitiesCount=1
D 21:44:54.0259093 GameState.DebugPrintEntitiesChosen() -   Entities[0]=[entityName=UNKNOWN ENTITY [cardType=INVALID] id=141 zone=SETASIDE zonePos=0 cardId= player=1]
D 21:44:54.0259093 ChoiceCardMgr.DoesLocalChoiceMatchPacket(): Null list passed in! localChoices=, packetChoices=System.Collections.Generic.List`1[System.Int32].
D 21:44:54.0259093 ChoiceCardMgr.WaitThenHideChoicesFromPacket() - id=3 END WAIT
D 21:44:54.1109556 GameState.DebugPrintPowerList() - Count=38
D 21:44:54.1109556 GameState.DebugPrintPower() - SHOW_ENTITY - Updating Entity=[entityName=UNKNOWN ENTITY [cardType=INVALID] id=141 zone=SETASIDE zonePos=0 cardId= player=1] CardID=REV_246
D 21:44:54.1109556 GameState.DebugPrintPower() -     tag=CONTROLLER value=1
D 21:44:54.1109556 GameState.DebugPrintPower() -     tag=CARDTYPE value=MINION
D 21:44:54.1109556 GameState.DebugPrintPower() -     tag=TAG_LAST_KNOWN_COST_IN_HAND value=2
D 21:44:54.1109556 GameState.DebugPrintPower() -     tag=479 value=2
D 21:44:54.1109556 GameState.DebugPrintPower() -     tag=COST value=2
D 21:44:54.1109556 GameState.DebugPrintPower() -     tag=ATK value=2
D 21:44:54.1109556 GameState.DebugPrintPower() -     tag=HEALTH value=3
D 21:44:54.1109556 GameState.DebugPrintPower() -     tag=PREMIUM value=0
D 21:44:54.1109556 GameState.DebugPrintPower() -     tag=LAST_AFFECTED_BY value=4
D 21:44:54.1109556 GameState.DebugPrintPower() -     tag=ZONE value=GRAVEYARD
D 21:44:54.1109556 GameState.DebugPrintPower() -     tag=ENTITY_ID value=141
D 21:44:54.1109556 GameState.DebugPrintPower() -     tag=CLASS value=PRIEST
D 21:44:54.1109556 GameState.DebugPrintPower() -     tag=RARITY value=EPIC
D 21:44:54.1109556 GameState.DebugPrintPower() -     tag=BATTLECRY value=1
D 21:44:54.1109556 GameState.DebugPrintPower() -     tag=LINKED_ENTITY value=22
D 21:44:54.1109556 GameState.DebugPrintPower() -     tag=CREATOR value=4
D 21:44:54.1109556 GameState.DebugPrintPower() -     tag=1037 value=1
D 21:44:54.1109556 GameState.DebugPrintPower() -     tag=1068 value=0
D 21:44:54.1109556 GameState.DebugPrintPower() -     tag=CREATOR_DBID value=106574
D 21:44:54.1109556 GameState.DebugPrintPower() -     tag=SPAWN_TIME_COUNT value=1
D 21:44:54.1109556 GameState.DebugPrintPower() -     tag=COPIED_FROM_ENTITY_ID value=22
D 21:44:54.1109556 GameState.DebugPrintPower() -     tag=HAS_ACTIVATE_POWER value=1
D 21:44:54.1109556 GameState.DebugPrintPower() -     tag=3085 value=3
D 21:44:54.1109556 GameState.DebugPrintPower() -     tag=3669 value=1
D 21:44:54.1109556 GameState.DebugPrintPower() -     tag=4741 value=2
D 21:44:54.1109556 GameState.DebugPrintPower() -     tag=4901 value=0
D 21:44:54.1109556 GameState.DebugPrintPower() - TAG_CHANGE Entity=Rose#55519 tag=2166 value=22 
D 21:44:54.1109556 GameState.DebugPrintPower() - TAG_CHANGE Entity=Rose#55519 tag=467 value=1 
D 21:44:54.1109556 GameState.DebugPrintPower() - TAG_CHANGE Entity=[entityName=UNKNOWN ENTITY [cardType=INVALID] id=22 zone=DECK zonePos=0 cardId= player=1] tag=ZONE value=HAND 
D 21:44:54.1109556 GameState.DebugPrintPower() - TAG_CHANGE Entity=[entityName=UNKNOWN ENTITY [cardType=INVALID] id=22 zone=DECK zonePos=0 cardId= player=1] tag=ZONE_POSITION value=6 
D 21:44:54.1109556 GameState.DebugPrintPower() - TAG_CHANGE Entity=[entityName=UNKNOWN ENTITY [cardType=INVALID] id=22 zone=DECK zonePos=0 cardId= player=1] tag=ZONE_POSITION value=0 
D 21:44:54.1109556 GameState.DebugPrintPower() - TAG_CHANGE Entity=[entityName=UNKNOWN ENTITY [cardType=INVALID] id=22 zone=DECK zonePos=0 cardId= player=1] tag=ZONE_POSITION value=6 
D 21:44:54.1109556 GameState.DebugPrintPower() - TAG_CHANGE Entity=Rose#55519 tag=NUM_CARDS_DRAWN_THIS_TURN value=2 
D 21:44:54.1109556 GameState.DebugPrintPower() - TAG_CHANGE Entity=Rose#55519 tag=995 value=4 
D 21:44:54.1109556 GameState.DebugPrintPower() - TAG_CHANGE Entity=Rose#55519 tag=467 value=0 
D 21:44:54.1109556 GameState.DebugPrintPower() - META_DATA - Meta=HISTORY_TARGET Data=0 InfoCount=1
D 21:44:54.1109556 GameState.DebugPrintPower() -             Info[0] = [entityName=UNKNOWN ENTITY [cardType=INVALID] id=22 zone=DECK zonePos=0 cardId= player=1]
D 21:44:54.1109556 GameState.DebugPrintPower() - SUB_SPELL_START - SpellPrefabGUID=ReuseFX_HandBuff_CardBoop_OpponentAE_Green:9f6efcf62bd3a6c41905ca944f9af416 Source=0 TargetCount=1
D 21:44:54.1109556 GameState.DebugPrintPower() -                   Targets[0] = [entityName=UNKNOWN ENTITY [cardType=INVALID] id=22 zone=DECK zonePos=0 cardId= player=1]
D 21:44:54.1109556 GameState.DebugPrintPower() - SUB_SPELL_END
D 21:44:54.1109556 GameState.DebugPrintPower() - SUB_SPELL_START - SpellPrefabGUID=ReuseFX_BuffImpact_Beast_Paw_Super:3dcd14b24f512c84fb7ac2a5ee3a7041 Source=2 TargetCount=1
D 21:44:54.1109556 GameState.DebugPrintPower() -                   Source = Rose#55519
D 21:44:54.1109556 GameState.DebugPrintPower() -                   Targets[0] = [entityName=神秘访客 id=9 zone=PLAY zonePos=1 cardId=REV_246 player=1]
D 21:44:54.1109556 GameState.DebugPrintPower() - SUB_SPELL_END
D 21:44:54.1109556 GameState.DebugPrintPower() - FULL_ENTITY - Creating ID=142 CardID=
D 21:44:54.1109556 GameState.DebugPrintPower() -     tag=ZONE value=SETASIDE
D 21:44:54.1109556 GameState.DebugPrintPower() -     tag=CONTROLLER value=1
D 21:44:54.1109556 GameState.DebugPrintPower() -     tag=ENTITY_ID value=142
D 21:44:54.1109556 GameState.DebugPrintPower() - SHOW_ENTITY - Updating Entity=142 CardID=VAC_408e
D 21:44:54.1109556 GameState.DebugPrintPower() -     tag=CONTROLLER value=1
D 21:44:54.1109556 GameState.DebugPrintPower() -     tag=CARDTYPE value=ENCHANTMENT
D 21:44:54.1109556 GameState.DebugPrintPower() -     tag=PREMIUM value=1
D 21:44:54.1109556 GameState.DebugPrintPower() -     tag=ATTACHED value=9
D 21:44:54.1109556 GameState.DebugPrintPower() -     tag=ZONE value=SETASIDE
D 21:44:54.1109556 GameState.DebugPrintPower() -     tag=ENTITY_ID value=142
D 21:44:54.1109556 GameState.DebugPrintPower() -     tag=CLASS value=HUNTER
D 21:44:54.1109556 GameState.DebugPrintPower() -     tag=CREATOR value=4
D 21:44:54.1109556 GameState.DebugPrintPower() -     tag=1037 value=1
D 21:44:54.1109556 GameState.DebugPrintPower() -     tag=1068 value=0
D 21:44:54.1109556 GameState.DebugPrintPower() -     tag=CREATOR_DBID value=106574
D 21:44:54.1109556 GameState.DebugPrintPower() -     tag=SPAWN_TIME_COUNT value=1
D 21:44:54.1109556 GameState.DebugPrintPower() -     tag=4901 value=0
D 21:44:54.1109556 GameState.DebugPrintPower() - TAG_CHANGE Entity=142 tag=1068 value=1 
D 21:44:54.1109556 GameState.DebugPrintPower() - TAG_CHANGE Entity=142 tag=1068 value=0 
D 21:44:54.1109556 GameState.DebugPrintPower() - TAG_CHANGE Entity=142 tag=ZONE value=PLAY 
D 21:44:54.1109556 GameState.DebugPrintPower() - TAG_CHANGE Entity=[entityName=神秘访客 id=9 zone=PLAY zonePos=1 cardId=REV_246 player=1] tag=479 value=4 
D 21:44:54.1109556 GameState.DebugPrintPower() - TAG_CHANGE Entity=[entityName=神秘访客 id=9 zone=PLAY zonePos=1 cardId=REV_246 player=1] tag=3085 value=4 
D 21:44:54.1109556 GameState.DebugPrintPower() - TAG_CHANGE Entity=[entityName=神秘访客 id=9 zone=PLAY zonePos=1 cardId=REV_246 player=1] tag=HEALTH value=4 
D 21:44:54.1109556 GameState.DebugPrintPower() - TAG_CHANGE Entity=[entityName=神秘访客 id=9 zone=PLAY zonePos=1 cardId=REV_246 player=1] tag=ATK value=4 
D 21:44:54.1109556 GameState.DebugPrintPower() - TAG_CHANGE Entity=[entityName=神秘访客 id=9 zone=PLAY zonePos=1 cardId=REV_246 player=1] tag=4741 value=1 
D 21:44:54.1109556 GameState.DebugPrintPower() - TAG_CHANGE Entity=[entityName=神秘访客 id=9 zone=PLAY zonePos=1 cardId=REV_246 player=1] tag=LAST_AFFECTED_BY value=4 
D 21:44:54.1109556 GameState.DebugPrintPower() - FULL_ENTITY - Creating ID=143 CardID=
D 21:44:54.1109556 GameState.DebugPrintPower() -     tag=ZONE value=SETASIDE
D 21:44:54.1109556 GameState.DebugPrintPower() -     tag=CONTROLLER value=1
D 21:44:54.1109556 GameState.DebugPrintPower() -     tag=ENTITY_ID value=143
D 21:44:54.1109556 GameState.DebugPrintPower() - TAG_CHANGE Entity=143 tag=ZONE value=PLAY 
D 21:44:54.1109556 GameState.DebugPrintPower() - BLOCK_END
D 21:44:54.1109556 GameState.DebugPrintPower() - TAG_CHANGE Entity=[entityName=观赏鸟类 id=4 zone=PLAY zonePos=0 cardId=VAC_408 player=1] tag=1068 value=4 
D 21:44:54.1109556 GameState.DebugPrintPower() - TAG_CHANGE Entity=[entityName=观赏鸟类 id=4 zone=PLAY zonePos=0 cardId=VAC_408 player=1] tag=1068 value=0 
D 21:44:54.1109556 GameState.DebugPrintPower() - TAG_CHANGE Entity=[entityName=观赏鸟类 id=4 zone=PLAY zonePos=0 cardId=VAC_408 player=1] tag=ZONE value=GRAVEYARD 
D 21:44:54.1109556 GameState.DebugPrintPower() - TAG_CHANGE Entity=[entityName=UNKNOWN ENTITY [cardType=INVALID] id=141 zone=SETASIDE zonePos=0 cardId= player=1] tag=3669 value=0 
D 21:44:54.1109556 GameState.DebugPrintPower() - TAG_CHANGE Entity=Rose#55519 tag=COMBO_ACTIVE value=1 
D 21:44:54.1109556 GameState.DebugPrintPower() - TAG_CHANGE Entity=GameEntity tag=1323 value=7 
D 21:44:54.1109556 GameState.DebugPrintPower() - TAG_CHANGE Entity=Rose#55519 tag=NUM_OPTIONS_PLAYED_THIS_TURN value=1 
D 21:44:54.1109556 GameState.DebugPrintPower() - BLOCK_END
D 21:44:54.1109556 GameState.DebugPrintPower() - META_DATA - Meta=SLUSH_TIME Data=1000 InfoCount=1
D 21:44:54.1109556 GameState.DebugPrintPower() -             Info[0] = [entityName=观赏鸟类 id=4 zone=PLAY zonePos=0 cardId=VAC_408 player=1]
D 21:44:54.1109556 PowerTaskList.DebugDump() - ID=146 ParentID=0 PreviousID=145 TaskCount=11
D 21:44:54.1109556 PowerTaskList.DebugDump() - Block Start=(null)
D 21:44:54.1109556 PowerTaskList.DebugPrintPower() -     SHOW_ENTITY - Updating Entity=[entityName=UNKNOWN ENTITY [cardType=INVALID] id=141 zone=SETASIDE zonePos=0 cardId= player=1] CardID=REV_246
D 21:44:54.1109556 PowerTaskList.DebugPrintPower() -         tag=CONTROLLER value=1
D 21:44:54.1109556 PowerTaskList.DebugPrintPower() -         tag=CARDTYPE value=MINION
D 21:44:54.1109556 PowerTaskList.DebugPrintPower() -         tag=TAG_LAST_KNOWN_COST_IN_HAND value=2
D 21:44:54.1109556 PowerTaskList.DebugPrintPower() -         tag=479 value=2
D 21:44:54.1109556 PowerTaskList.DebugPrintPower() -         tag=COST value=2
D 21:44:54.1109556 PowerTaskList.DebugPrintPower() -         tag=ATK value=2
D 21:44:54.1109556 PowerTaskList.DebugPrintPower() -         tag=HEALTH value=3
D 21:44:54.1109556 PowerTaskList.DebugPrintPower() -         tag=PREMIUM value=0
D 21:44:54.1109556 PowerTaskList.DebugPrintPower() -         tag=LAST_AFFECTED_BY value=4
D 21:44:54.1109556 PowerTaskList.DebugPrintPower() -         tag=ZONE value=GRAVEYARD
D 21:44:54.1109556 PowerTaskList.DebugPrintPower() -         tag=ENTITY_ID value=141
D 21:44:54.1109556 PowerTaskList.DebugPrintPower() -         tag=CLASS value=PRIEST
D 21:44:54.1109556 PowerTaskList.DebugPrintPower() -         tag=RARITY value=EPIC
D 21:44:54.1109556 PowerTaskList.DebugPrintPower() -         tag=BATTLECRY value=1
D 21:44:54.1109556 PowerTaskList.DebugPrintPower() -         tag=LINKED_ENTITY value=22
D 21:44:54.1109556 PowerTaskList.DebugPrintPower() -         tag=CREATOR value=4
D 21:44:54.1109556 PowerTaskList.DebugPrintPower() -         tag=1037 value=1
D 21:44:54.1109556 PowerTaskList.DebugPrintPower() -         tag=1068 value=0
D 21:44:54.1109556 PowerTaskList.DebugPrintPower() -         tag=CREATOR_DBID value=106574
D 21:44:54.1109556 PowerTaskList.DebugPrintPower() -         tag=SPAWN_TIME_COUNT value=1
D 21:44:54.1109556 PowerTaskList.DebugPrintPower() -         tag=COPIED_FROM_ENTITY_ID value=22
D 21:44:54.1109556 PowerTaskList.DebugPrintPower() -         tag=HAS_ACTIVATE_POWER value=1
D 21:44:54.1109556 PowerTaskList.DebugPrintPower() -         tag=3085 value=3
D 21:44:54.1109556 PowerTaskList.DebugPrintPower() -         tag=3669 value=1
D 21:44:54.1109556 PowerTaskList.DebugPrintPower() -         tag=4741 value=2
D 21:44:54.1109556 PowerTaskList.DebugPrintPower() -         tag=4901 value=0
D 21:44:54.1109556 PowerTaskList.DebugPrintPower() -     TAG_CHANGE Entity=Rose#55519 tag=2166 value=22 
D 21:44:54.1109556 PowerTaskList.DebugPrintPower() -     TAG_CHANGE Entity=Rose#55519 tag=467 value=1 
D 21:44:54.1109556 PowerTaskList.DebugPrintPower() -     TAG_CHANGE Entity=[entityName=UNKNOWN ENTITY [cardType=INVALID] id=22 zone=DECK zonePos=0 cardId= player=1] tag=ZONE value=HAND 
D 21:44:54.1109556 PowerTaskList.DebugPrintPower() -     TAG_CHANGE Entity=[entityName=UNKNOWN ENTITY [cardType=INVALID] id=22 zone=DECK zonePos=0 cardId= player=1] tag=ZONE_POSITION value=6 
D 21:44:54.1109556 PowerTaskList.DebugPrintPower() -     TAG_CHANGE Entity=[entityName=UNKNOWN ENTITY [cardType=INVALID] id=22 zone=DECK zonePos=0 cardId= player=1] tag=ZONE_POSITION value=0 
D 21:44:54.1109556 PowerTaskList.DebugPrintPower() -     TAG_CHANGE Entity=[entityName=UNKNOWN ENTITY [cardType=INVALID] id=22 zone=DECK zonePos=0 cardId= player=1] tag=ZONE_POSITION value=6 
D 21:44:54.1109556 PowerTaskList.DebugPrintPower() -     TAG_CHANGE Entity=Rose#55519 tag=NUM_CARDS_DRAWN_THIS_TURN value=2 
D 21:44:54.1109556 PowerTaskList.DebugPrintPower() -     TAG_CHANGE Entity=Rose#55519 tag=995 value=4 
D 21:44:54.1109556 PowerTaskList.DebugPrintPower() -     TAG_CHANGE Entity=Rose#55519 tag=467 value=0 
D 21:44:54.1109556 PowerTaskList.DebugPrintPower() -     META_DATA - Meta=HISTORY_TARGET Data=0 InfoCount=1
D 21:44:54.1109556 PowerTaskList.DebugPrintPower() -                 Info[0] = [entityName=UNKNOWN ENTITY [cardType=INVALID] id=22 zone=DECK zonePos=0 cardId= player=1]
D 21:44:54.1109556 PowerTaskList.DebugDump() - Block End=(null)
D 21:44:54.1109556 PowerProcessor.PrepareHistoryForCurrentTaskList() - m_currentTaskList=146
D 21:44:54.8269058 GameState.DebugPrintPowerList() - Count=42
D 21:44:54.8269058 GameState.DebugPrintPower() - TAG_CHANGE Entity=[entityName=神秘访客 id=9 zone=PLAY zonePos=1 cardId=REV_246 player=1] tag=CARD_TARGET value=69 
D 21:44:54.8269058 GameState.DebugPrintPower() - BLOCK_START BlockType=ATTACK Entity=[entityName=神秘访客 id=9 zone=PLAY zonePos=1 cardId=REV_246 player=1] EffectCardId=System.Collections.Generic.List`1[System.String] EffectIndex=0 Target=[entityName=嘲风望月露娜拉 id=69 zone=PLAY zonePos=0 cardId=HERO_06bi player=2] SubOption=-1 
D 21:44:54.8269058 GameState.DebugPrintPower() -     TAG_CHANGE Entity=[entityName=神秘访客 id=9 zone=PLAY zonePos=1 cardId=REV_246 player=1] tag=1715 value=9 
D 21:44:54.8269058 GameState.DebugPrintPower() -     TAG_CHANGE Entity=[entityName=嘲风望月露娜拉 id=69 zone=PLAY zonePos=0 cardId=HERO_06bi player=2] tag=1715 value=9 
D 21:44:54.8269058 GameState.DebugPrintPower() -     TAG_CHANGE Entity=Rose#55519 tag=NUM_FRIENDLY_MINIONS_THAT_ATTACKED_THIS_TURN value=1 
D 21:44:54.8269058 GameState.DebugPrintPower() -     TAG_CHANGE Entity=GameEntity tag=PROPOSED_ATTACKER value=9 
D 21:44:54.8269058 GameState.DebugPrintPower() -     TAG_CHANGE Entity=GameEntity tag=PROPOSED_DEFENDER value=69 
D 21:44:54.8269058 GameState.DebugPrintPower() -     TAG_CHANGE Entity=[entityName=神秘访客 id=9 zone=PLAY zonePos=1 cardId=REV_246 player=1] tag=ATTACKING value=1 
D 21:44:54.8269058 GameState.DebugPrintPower() -     META_DATA - Meta=SLUSH_TIME Data=1200 InfoCount=1
D 21:44:54.8269058 GameState.DebugPrintPower() -                 Info[0] = [entityName=神秘访客 id=9 zone=PLAY zonePos=1 cardId=REV_246 player=1]
D 21:44:54.8269058 GameState.DebugPrintPower() -     TAG_CHANGE Entity=[entityName=嘲风望月露娜拉 id=69 zone=PLAY zonePos=0 cardId=HERO_06bi player=2] tag=DEFENDING value=1 
D 21:44:54.8269058 GameState.DebugPrintPower() -     TAG_CHANGE Entity=[entityName=神秘访客 id=9 zone=PLAY zonePos=1 cardId=REV_246 player=1] tag=NUM_ATTACKS_THIS_TURN value=1 
D 21:44:54.8269058 GameState.DebugPrintPower() -     TAG_CHANGE Entity=[entityName=神秘访客 id=9 zone=PLAY zonePos=1 cardId=REV_246 player=1] tag=4163 value=1 
D 21:44:54.8269058 GameState.DebugPrintPower() -     TAG_CHANGE Entity=[entityName=神秘访客 id=9 zone=PLAY zonePos=1 cardId=REV_246 player=1] tag=EXHAUSTED value=1 
D 21:44:54.8269058 GameState.DebugPrintPower() -     TAG_CHANGE Entity=[entityName=嘲风望月露娜拉 id=69 zone=PLAY zonePos=0 cardId=HERO_06bi player=2] tag=2187 value=9 
D 21:44:54.8269058 GameState.DebugPrintPower() -     TAG_CHANGE Entity=[entityName=嘲风望月露娜拉 id=69 zone=PLAY zonePos=0 cardId=HERO_06bi player=2] tag=PREDAMAGE value=4 
D 21:44:54.8269058 GameState.DebugPrintPower() -     TAG_CHANGE Entity=[entityName=嘲风望月露娜拉 id=69 zone=PLAY zonePos=0 cardId=HERO_06bi player=2] tag=1173 value=69 
D 21:44:54.8269058 GameState.DebugPrintPower() -     TAG_CHANGE Entity=[entityName=嘲风望月露娜拉 id=69 zone=PLAY zonePos=0 cardId=HERO_06bi player=2] tag=2187 value=0 
D 21:44:54.8269058 GameState.DebugPrintPower() -     TAG_CHANGE Entity=[entityName=嘲风望月露娜拉 id=69 zone=PLAY zonePos=0 cardId=HERO_06bi player=2] tag=PREDAMAGE value=0 
D 21:44:54.8269058 GameState.DebugPrintPower() -     TAG_CHANGE Entity=[entityName=嘲风望月露娜拉 id=69 zone=PLAY zonePos=0 cardId=HERO_06bi player=2] tag=1173 value=0 
D 21:44:54.8269058 GameState.DebugPrintPower() -     TAG_CHANGE Entity=[entityName=嘲风望月露娜拉 id=69 zone=PLAY zonePos=0 cardId=HERO_06bi player=2] tag=PREDAMAGE value=4 
D 21:44:54.8269058 GameState.DebugPrintPower() -     TAG_CHANGE Entity=[entityName=嘲风望月露娜拉 id=69 zone=PLAY zonePos=0 cardId=HERO_06bi player=2] tag=PREDAMAGE value=0 
D 21:44:54.8269058 GameState.DebugPrintPower() -     META_DATA - Meta=DAMAGE Data=4 InfoCount=1
D 21:44:54.8269058 GameState.DebugPrintPower() -                 Info[0] = [entityName=嘲风望月露娜拉 id=69 zone=PLAY zonePos=0 cardId=HERO_06bi player=2]
D 21:44:54.8269058 GameState.DebugPrintPower() -     TAG_CHANGE Entity=[entityName=嘲风望月露娜拉 id=69 zone=PLAY zonePos=0 cardId=HERO_06bi player=2] tag=ARMOR value=0 
D 21:44:54.8269058 GameState.DebugPrintPower() -     TAG_CHANGE Entity=湫然#51704 tag=3143 value=2 
D 21:44:54.8269058 GameState.DebugPrintPower() -     TAG_CHANGE Entity=[entityName=嘲风望月露娜拉 id=69 zone=PLAY zonePos=0 cardId=HERO_06bi player=2] tag=4741 value=3 
D 21:44:54.8269058 GameState.DebugPrintPower() -     TAG_CHANGE Entity=[entityName=嘲风望月露娜拉 id=69 zone=PLAY zonePos=0 cardId=HERO_06bi player=2] tag=LAST_AFFECTED_BY value=9 
D 21:44:54.8269058 GameState.DebugPrintPower() -     TAG_CHANGE Entity=[entityName=嘲风望月露娜拉 id=69 zone=PLAY zonePos=0 cardId=HERO_06bi player=2] tag=DAMAGE value=2 
D 21:44:54.8269058 GameState.DebugPrintPower() -     TAG_CHANGE Entity=湫然#51704 tag=464 value=4 
D 21:44:54.8269058 GameState.DebugPrintPower() -     TAG_CHANGE Entity=湫然#51704 tag=1853 value=4 
D 21:44:54.8269058 GameState.DebugPrintPower() -     TAG_CHANGE Entity=湫然#51704 tag=4453 value=1 
D 21:44:54.8269058 GameState.DebugPrintPower() -     TAG_CHANGE Entity=湫然#51704 tag=DAMAGE_DEALT_TO_HERO_LAST_TURN value=4 
D 21:44:54.8269058 GameState.DebugPrintPower() -     TAG_CHANGE Entity=湫然#51704 tag=1575 value=1 
D 21:44:54.8269058 GameState.DebugPrintPower() -     TAG_CHANGE Entity=GameEntity tag=1710 value=1 
D 21:44:54.8269058 GameState.DebugPrintPower() -     TAG_CHANGE Entity=GameEntity tag=1710 value=0 
D 21:44:54.8269058 GameState.DebugPrintPower() -     TAG_CHANGE Entity=GameEntity tag=PROPOSED_ATTACKER value=0 
D 21:44:54.8269058 GameState.DebugPrintPower() -     TAG_CHANGE Entity=GameEntity tag=PROPOSED_DEFENDER value=0 
D 21:44:54.8269058 GameState.DebugPrintPower() -     TAG_CHANGE Entity=[entityName=神秘访客 id=9 zone=PLAY zonePos=1 cardId=REV_246 player=1] tag=ATTACKING value=0 
D 21:44:54.8269058 GameState.DebugPrintPower() -     TAG_CHANGE Entity=[entityName=嘲风望月露娜拉 id=69 zone=PLAY zonePos=0 cardId=HERO_06bi player=2] tag=DEFENDING value=0 
D 21:44:54.8269058 GameState.DebugPrintPower() - BLOCK_END
D 21:44:54.8269058 GameState.DebugPrintPower() - TAG_CHANGE Entity=GameEntity tag=1323 value=8 
D 21:44:54.8269058 GameState.DebugPrintPower() - TAG_CHANGE Entity=Rose#55519 tag=NUM_OPTIONS_PLAYED_THIS_TURN value=2 
D 21:44:54.8269058 GameState.DebugPrintPower() - META_DATA - Meta=SLUSH_TIME Data=1000 InfoCount=1
D 21:44:54.8269058 GameState.DebugPrintPower() -             Info[0] = [entityName=神秘访客 id=9 zone=PLAY zonePos=1 cardId=REV_246 player=1]
D 21:44:55.6327816 PowerProcessor.EndCurrentTaskList() - m_currentTaskList=146
D 21:44:55.6405566 PowerTaskList.DebugDump() - ID=147 ParentID=144 PreviousID=146 TaskCount=2
D 21:44:55.6405566 PowerTaskList.DebugDump() - Block Start=(null)
D 21:44:55.6405566 PowerTaskList.DebugPrintPower() -     SUB_SPELL_START - SpellPrefabGUID=ReuseFX_HandBuff_CardBoop_OpponentAE_Green:9f6efcf62bd3a6c41905ca944f9af416 Source=0 TargetCount=1
D 21:44:55.6405566 PowerTaskList.DebugPrintPower() -                       Targets[0] = [entityName=UNKNOWN ENTITY [cardType=INVALID] id=22 zone=HAND zonePos=6 cardId= player=1]
D 21:44:55.6405566 PowerTaskList.DebugPrintPower() -     SUB_SPELL_END
D 21:44:55.6405566 PowerTaskList.DebugDump() - Block End=(null)
D 21:44:55.6405566 PowerProcessor.PrepareHistoryForCurrentTaskList() - m_currentTaskList=147
D 21:44:55.7250493 PowerProcessor.EndCurrentTaskList() - m_currentTaskList=147
D 21:44:55.7250493 PowerTaskList.DebugDump() - ID=148 ParentID=144 PreviousID=147 TaskCount=1
D 21:44:55.7250493 PowerTaskList.DebugDump() - Block Start=(null)
D 21:44:55.7250493 PowerTaskList.DebugPrintPower() -     META_DATA - Meta=ARTIFICIAL_HISTORY_INTERRUPT Data=0 InfoCount=0
D 21:44:55.7250493 PowerTaskList.DebugDump() - Block End=(null)
D 21:44:55.7250493 PowerProcessor.PrepareHistoryForCurrentTaskList() - m_currentTaskList=148
D 21:44:55.7250493 PowerProcessor.EndCurrentTaskList() - m_currentTaskList=148
D 21:44:55.7250493 PowerTaskList.DebugDump() - ID=149 ParentID=144 PreviousID=148 TaskCount=2
D 21:44:55.7250493 PowerTaskList.DebugDump() - Block Start=(null)
D 21:44:55.7250493 PowerTaskList.DebugPrintPower() -     SUB_SPELL_START - SpellPrefabGUID=ReuseFX_BuffImpact_Beast_Paw_Super:3dcd14b24f512c84fb7ac2a5ee3a7041 Source=2 TargetCount=1
D 21:44:55.7250493 PowerTaskList.DebugPrintPower() -                       Source = Rose#55519
D 21:44:55.7250493 PowerTaskList.DebugPrintPower() -                       Targets[0] = [entityName=神秘访客 id=9 zone=PLAY zonePos=1 cardId=REV_246 player=1]
D 21:44:55.7250493 PowerTaskList.DebugPrintPower() -     SUB_SPELL_END
D 21:44:55.7250493 PowerTaskList.DebugDump() - Block End=(null)
D 21:44:55.7250493 PowerProcessor.PrepareHistoryForCurrentTaskList() - m_currentTaskList=149
D 21:44:55.7733657 PowerProcessor.EndCurrentTaskList() - m_currentTaskList=149
D 21:44:55.7733657 PowerTaskList.DebugDump() - ID=150 ParentID=144 PreviousID=149 TaskCount=13
D 21:44:55.7733657 PowerTaskList.DebugDump() - Block Start=(null)
D 21:44:55.7733657 PowerTaskList.DebugPrintPower() -     FULL_ENTITY - Updating [entityName=UNKNOWN ENTITY [cardType=INVALID] id=142 zone=SETASIDE zonePos=0 cardId= player=1] CardID=
D 21:44:55.7733657 PowerTaskList.DebugPrintPower() -         tag=ZONE value=SETASIDE
D 21:44:55.7733657 PowerTaskList.DebugPrintPower() -         tag=CONTROLLER value=1
D 21:44:55.7733657 PowerTaskList.DebugPrintPower() -         tag=ENTITY_ID value=142
D 21:44:55.7733657 PowerTaskList.DebugPrintPower() -     SHOW_ENTITY - Updating Entity=[entityName=UNKNOWN ENTITY [cardType=INVALID] id=142 zone=SETASIDE zonePos=0 cardId= player=1] CardID=VAC_408e
D 21:44:55.7733657 PowerTaskList.DebugPrintPower() -         tag=CONTROLLER value=1
D 21:44:55.7733657 PowerTaskList.DebugPrintPower() -         tag=CARDTYPE value=ENCHANTMENT
D 21:44:55.7733657 PowerTaskList.DebugPrintPower() -         tag=PREMIUM value=1
D 21:44:55.7733657 PowerTaskList.DebugPrintPower() -         tag=ATTACHED value=9
D 21:44:55.7733657 PowerTaskList.DebugPrintPower() -         tag=ZONE value=SETASIDE
D 21:44:55.7733657 PowerTaskList.DebugPrintPower() -         tag=ENTITY_ID value=142
D 21:44:55.7733657 PowerTaskList.DebugPrintPower() -         tag=CLASS value=HUNTER
D 21:44:55.7733657 PowerTaskList.DebugPrintPower() -         tag=CREATOR value=4
D 21:44:55.7733657 PowerTaskList.DebugPrintPower() -         tag=1037 value=1
D 21:44:55.7733657 PowerTaskList.DebugPrintPower() -         tag=1068 value=0
D 21:44:55.7733657 PowerTaskList.DebugPrintPower() -         tag=CREATOR_DBID value=106574
D 21:44:55.7733657 PowerTaskList.DebugPrintPower() -         tag=SPAWN_TIME_COUNT value=1
D 21:44:55.7733657 PowerTaskList.DebugPrintPower() -         tag=4901 value=0
D 21:44:55.7733657 PowerTaskList.DebugPrintPower() -     TAG_CHANGE Entity=[entityName=UNKNOWN ENTITY [cardType=INVALID] id=142 zone=SETASIDE zonePos=0 cardId= player=1] tag=1068 value=1 
D 21:44:55.7733657 PowerTaskList.DebugPrintPower() -     TAG_CHANGE Entity=[entityName=UNKNOWN ENTITY [cardType=INVALID] id=142 zone=SETASIDE zonePos=0 cardId= player=1] tag=1068 value=0 
D 21:44:55.7733657 PowerTaskList.DebugPrintPower() -     TAG_CHANGE Entity=[entityName=UNKNOWN ENTITY [cardType=INVALID] id=142 zone=SETASIDE zonePos=0 cardId= player=1] tag=ZONE value=PLAY 
D 21:44:55.7733657 PowerTaskList.DebugPrintPower() -     TAG_CHANGE Entity=[entityName=神秘访客 id=9 zone=PLAY zonePos=1 cardId=REV_246 player=1] tag=479 value=4 
D 21:44:55.7733657 PowerTaskList.DebugPrintPower() -     TAG_CHANGE Entity=[entityName=神秘访客 id=9 zone=PLAY zonePos=1 cardId=REV_246 player=1] tag=3085 value=4 
D 21:44:55.7733657 PowerTaskList.DebugPrintPower() -     TAG_CHANGE Entity=[entityName=神秘访客 id=9 zone=PLAY zonePos=1 cardId=REV_246 player=1] tag=HEALTH value=4 
D 21:44:55.7733657 PowerTaskList.DebugPrintPower() -     TAG_CHANGE Entity=[entityName=神秘访客 id=9 zone=PLAY zonePos=1 cardId=REV_246 player=1] tag=ATK value=4 
D 21:44:55.7733657 PowerTaskList.DebugPrintPower() -     TAG_CHANGE Entity=[entityName=神秘访客 id=9 zone=PLAY zonePos=1 cardId=REV_246 player=1] tag=4741 value=1 
D 21:44:55.7733657 PowerTaskList.DebugPrintPower() -     TAG_CHANGE Entity=[entityName=神秘访客 id=9 zone=PLAY zonePos=1 cardId=REV_246 player=1] tag=LAST_AFFECTED_BY value=4 
D 21:44:55.7733657 PowerTaskList.DebugPrintPower() -     FULL_ENTITY - Updating [entityName=UNKNOWN ENTITY [cardType=INVALID] id=143 zone=SETASIDE zonePos=0 cardId= player=1] CardID=
D 21:44:55.7733657 PowerTaskList.DebugPrintPower() -         tag=ZONE value=SETASIDE
D 21:44:55.7733657 PowerTaskList.DebugPrintPower() -         tag=CONTROLLER value=1
D 21:44:55.7733657 PowerTaskList.DebugPrintPower() -         tag=ENTITY_ID value=143
D 21:44:55.7733657 PowerTaskList.DebugPrintPower() -     TAG_CHANGE Entity=[entityName=UNKNOWN ENTITY [cardType=INVALID] id=143 zone=SETASIDE zonePos=0 cardId= player=1] tag=ZONE value=PLAY 
D 21:44:55.7733657 PowerTaskList.DebugPrintPower() - BLOCK_END
D 21:44:55.7733657 PowerProcessor.PrepareHistoryForCurrentTaskList() - m_currentTaskList=150
D 21:44:55.8149991 PowerProcessor.EndCurrentTaskList() - m_currentTaskList=150
D 21:44:55.8220194 PowerTaskList.DebugDump() - ID=151 ParentID=0 PreviousID=144 TaskCount=7
D 21:44:55.8220194 PowerTaskList.DebugDump() - Block Start=(null)
D 21:44:55.8220194 PowerTaskList.DebugPrintPower() -     TAG_CHANGE Entity=[entityName=观赏鸟类 id=4 zone=PLAY zonePos=0 cardId=VAC_408 player=1] tag=1068 value=4 
D 21:44:55.8220194 PowerTaskList.DebugPrintPower() -     TAG_CHANGE Entity=[entityName=观赏鸟类 id=4 zone=PLAY zonePos=0 cardId=VAC_408 player=1] tag=1068 value=0 
D 21:44:55.8220194 PowerTaskList.DebugPrintPower() -     TAG_CHANGE Entity=[entityName=观赏鸟类 id=4 zone=PLAY zonePos=0 cardId=VAC_408 player=1] tag=ZONE value=GRAVEYARD 
D 21:44:55.8220194 PowerTaskList.DebugPrintPower() -     TAG_CHANGE Entity=[entityName=神秘访客 id=141 zone=GRAVEYARD zonePos=0 cardId=REV_246 player=1] tag=3669 value=0 
D 21:44:55.8220194 PowerTaskList.DebugPrintPower() -     TAG_CHANGE Entity=Rose#55519 tag=COMBO_ACTIVE value=1 
D 21:44:55.8220194 PowerTaskList.DebugPrintPower() -     TAG_CHANGE Entity=GameEntity tag=1323 value=7 
D 21:44:55.8220194 PowerTaskList.DebugPrintPower() -     TAG_CHANGE Entity=Rose#55519 tag=NUM_OPTIONS_PLAYED_THIS_TURN value=1 
D 21:44:55.8220194 PowerTaskList.DebugPrintPower() - BLOCK_END
D 21:44:55.8220194 PowerProcessor.PrepareHistoryForCurrentTaskList() - m_currentTaskList=151
D 21:44:55.8220194 PowerProcessor.DoTaskListForCard() - unhandled BlockType PLAY for sourceEntity [entityName=观赏鸟类 id=4 zone=PLAY zonePos=0 cardId=VAC_408 player=1]
D 21:44:55.8356721 PowerProcessor.EndCurrentTaskList() - m_currentTaskList=151
D 21:44:55.8432422 PowerTaskList.DebugDump() - ID=152 ParentID=0 PreviousID=0 TaskCount=1
D 21:44:55.8432422 PowerTaskList.DebugDump() - Block Start=(null)
D 21:44:55.8432422 PowerTaskList.DebugPrintPower() -     META_DATA - Meta=SLUSH_TIME Data=1000 InfoCount=1
D 21:44:55.8432422 PowerTaskList.DebugPrintPower() -                 Info[0] = [entityName=观赏鸟类 id=4 zone=GRAVEYARD zonePos=0 cardId=VAC_408 player=1]
D 21:44:55.8432422 PowerTaskList.DebugDump() - Block End=(null)
D 21:44:55.8432422 PowerProcessor.PrepareHistoryForCurrentTaskList() - m_currentTaskList=152
D 21:44:55.8432422 PowerProcessor.EndCurrentTaskList() - m_currentTaskList=152
D 21:44:55.8432422 PowerTaskList.DebugDump() - ID=153 ParentID=0 PreviousID=0 TaskCount=1
D 21:44:55.8432422 PowerTaskList.DebugDump() - Block Start=(null)
D 21:44:55.8432422 PowerTaskList.DebugPrintPower() -     TAG_CHANGE Entity=[entityName=神秘访客 id=9 zone=PLAY zonePos=1 cardId=REV_246 player=1] tag=CARD_TARGET value=69 
D 21:44:55.8432422 PowerTaskList.DebugDump() - Block End=(null)
D 21:44:55.8432422 PowerProcessor.PrepareHistoryForCurrentTaskList() - m_currentTaskList=153
D 21:44:55.8432422 PowerProcessor.EndCurrentTaskList() - m_currentTaskList=153
D 21:44:55.8432422 PowerTaskList.DebugDump() - ID=154 ParentID=153 PreviousID=0 TaskCount=36
D 21:44:55.8432422 PowerTaskList.DebugPrintPower() - BLOCK_START BlockType=ATTACK Entity=[entityName=神秘访客 id=9 zone=PLAY zonePos=1 cardId=REV_246 player=1] EffectCardId=System.Collections.Generic.List`1[System.String] EffectIndex=0 Target=[entityName=嘲风望月露娜拉 id=69 zone=PLAY zonePos=0 cardId=HERO_06bi player=2] SubOption=-1 
D 21:44:55.8432422 PowerTaskList.DebugPrintPower() -     TAG_CHANGE Entity=[entityName=神秘访客 id=9 zone=PLAY zonePos=1 cardId=REV_246 player=1] tag=1715 value=9 
D 21:44:55.8432422 PowerTaskList.DebugPrintPower() -     TAG_CHANGE Entity=[entityName=嘲风望月露娜拉 id=69 zone=PLAY zonePos=0 cardId=HERO_06bi player=2] tag=1715 value=9 
D 21:44:55.8432422 PowerTaskList.DebugPrintPower() -     TAG_CHANGE Entity=Rose#55519 tag=NUM_FRIENDLY_MINIONS_THAT_ATTACKED_THIS_TURN value=1 
D 21:44:55.8432422 PowerTaskList.DebugPrintPower() -     TAG_CHANGE Entity=GameEntity tag=PROPOSED_ATTACKER value=9 
D 21:44:55.8432422 PowerTaskList.DebugPrintPower() -     TAG_CHANGE Entity=GameEntity tag=PROPOSED_DEFENDER value=69 
D 21:44:55.8432422 PowerTaskList.DebugPrintPower() -     TAG_CHANGE Entity=[entityName=神秘访客 id=9 zone=PLAY zonePos=1 cardId=REV_246 player=1] tag=ATTACKING value=1 
D 21:44:55.8432422 PowerTaskList.DebugPrintPower() -     META_DATA - Meta=SLUSH_TIME Data=1200 InfoCount=1
D 21:44:55.8432422 PowerTaskList.DebugPrintPower() -                 Info[0] = [entityName=神秘访客 id=9 zone=PLAY zonePos=1 cardId=REV_246 player=1]
D 21:44:55.8432422 PowerTaskList.DebugPrintPower() -     TAG_CHANGE Entity=[entityName=嘲风望月露娜拉 id=69 zone=PLAY zonePos=0 cardId=HERO_06bi player=2] tag=DEFENDING value=1 
D 21:44:55.8432422 PowerTaskList.DebugPrintPower() -     TAG_CHANGE Entity=[entityName=神秘访客 id=9 zone=PLAY zonePos=1 cardId=REV_246 player=1] tag=NUM_ATTACKS_THIS_TURN value=1 
D 21:44:55.8432422 PowerTaskList.DebugPrintPower() -     TAG_CHANGE Entity=[entityName=神秘访客 id=9 zone=PLAY zonePos=1 cardId=REV_246 player=1] tag=4163 value=1 
D 21:44:55.8432422 PowerTaskList.DebugPrintPower() -     TAG_CHANGE Entity=[entityName=神秘访客 id=9 zone=PLAY zonePos=1 cardId=REV_246 player=1] tag=EXHAUSTED value=1 
D 21:44:55.8432422 PowerTaskList.DebugPrintPower() -     TAG_CHANGE Entity=[entityName=嘲风望月露娜拉 id=69 zone=PLAY zonePos=0 cardId=HERO_06bi player=2] tag=2187 value=9 
D 21:44:55.8432422 PowerTaskList.DebugPrintPower() -     TAG_CHANGE Entity=[entityName=嘲风望月露娜拉 id=69 zone=PLAY zonePos=0 cardId=HERO_06bi player=2] tag=PREDAMAGE value=4 
D 21:44:55.8432422 PowerTaskList.DebugPrintPower() -     TAG_CHANGE Entity=[entityName=嘲风望月露娜拉 id=69 zone=PLAY zonePos=0 cardId=HERO_06bi player=2] tag=1173 value=69 
D 21:44:55.8432422 PowerTaskList.DebugPrintPower() -     TAG_CHANGE Entity=[entityName=嘲风望月露娜拉 id=69 zone=PLAY zonePos=0 cardId=HERO_06bi player=2] tag=2187 value=0 
D 21:44:55.8432422 PowerTaskList.DebugPrintPower() -     TAG_CHANGE Entity=[entityName=嘲风望月露娜拉 id=69 zone=PLAY zonePos=0 cardId=HERO_06bi player=2] tag=PREDAMAGE value=0 
D 21:44:55.8432422 PowerTaskList.DebugPrintPower() -     TAG_CHANGE Entity=[entityName=嘲风望月露娜拉 id=69 zone=PLAY zonePos=0 cardId=HERO_06bi player=2] tag=1173 value=0 
D 21:44:55.8432422 PowerTaskList.DebugPrintPower() -     TAG_CHANGE Entity=[entityName=嘲风望月露娜拉 id=69 zone=PLAY zonePos=0 cardId=HERO_06bi player=2] tag=PREDAMAGE value=4 
D 21:44:55.8432422 PowerTaskList.DebugPrintPower() -     TAG_CHANGE Entity=[entityName=嘲风望月露娜拉 id=69 zone=PLAY zonePos=0 cardId=HERO_06bi player=2] tag=PREDAMAGE value=0 
D 21:44:55.8432422 PowerTaskList.DebugPrintPower() -     META_DATA - Meta=DAMAGE Data=4 InfoCount=1
D 21:44:55.8432422 PowerTaskList.DebugPrintPower() -                 Info[0] = [entityName=嘲风望月露娜拉 id=69 zone=PLAY zonePos=0 cardId=HERO_06bi player=2]
D 21:44:55.8432422 PowerTaskList.DebugPrintPower() -     TAG_CHANGE Entity=[entityName=嘲风望月露娜拉 id=69 zone=PLAY zonePos=0 cardId=HERO_06bi player=2] tag=ARMOR value=0 
D 21:44:55.8432422 PowerTaskList.DebugPrintPower() -     TAG_CHANGE Entity=湫然#51704 tag=3143 value=2 
D 21:44:55.8432422 PowerTaskList.DebugPrintPower() -     TAG_CHANGE Entity=[entityName=嘲风望月露娜拉 id=69 zone=PLAY zonePos=0 cardId=HERO_06bi player=2] tag=4741 value=3 
D 21:44:55.8432422 PowerTaskList.DebugPrintPower() -     TAG_CHANGE Entity=[entityName=嘲风望月露娜拉 id=69 zone=PLAY zonePos=0 cardId=HERO_06bi player=2] tag=LAST_AFFECTED_BY value=9 
D 21:44:55.8432422 PowerTaskList.DebugPrintPower() -     TAG_CHANGE Entity=[entityName=嘲风望月露娜拉 id=69 zone=PLAY zonePos=0 cardId=HERO_06bi player=2] tag=DAMAGE value=2 
D 21:44:55.8432422 PowerTaskList.DebugPrintPower() -     TAG_CHANGE Entity=湫然#51704 tag=464 value=4 
D 21:44:55.8432422 PowerTaskList.DebugPrintPower() -     TAG_CHANGE Entity=湫然#51704 tag=1853 value=4 
D 21:44:55.8432422 PowerTaskList.DebugPrintPower() -     TAG_CHANGE Entity=湫然#51704 tag=4453 value=1 
D 21:44:55.8432422 PowerTaskList.DebugPrintPower() -     TAG_CHANGE Entity=湫然#51704 tag=DAMAGE_DEALT_TO_HERO_LAST_TURN value=4 
D 21:44:55.8432422 PowerTaskList.DebugPrintPower() -     TAG_CHANGE Entity=湫然#51704 tag=1575 value=1 
D 21:44:55.8432422 PowerTaskList.DebugPrintPower() -     TAG_CHANGE Entity=GameEntity tag=1710 value=1 
D 21:44:55.8432422 PowerTaskList.DebugPrintPower() -     TAG_CHANGE Entity=GameEntity tag=1710 value=0 
D 21:44:55.8432422 PowerTaskList.DebugPrintPower() -     TAG_CHANGE Entity=GameEntity tag=PROPOSED_ATTACKER value=0 
D 21:44:55.8432422 PowerTaskList.DebugPrintPower() -     TAG_CHANGE Entity=GameEntity tag=PROPOSED_DEFENDER value=0 
D 21:44:55.8432422 PowerTaskList.DebugPrintPower() -     TAG_CHANGE Entity=[entityName=神秘访客 id=9 zone=PLAY zonePos=1 cardId=REV_246 player=1] tag=ATTACKING value=0 
D 21:44:55.8432422 PowerTaskList.DebugPrintPower() -     TAG_CHANGE Entity=[entityName=嘲风望月露娜拉 id=69 zone=PLAY zonePos=0 cardId=HERO_06bi player=2] tag=DEFENDING value=0 
D 21:44:55.8432422 PowerTaskList.DebugPrintPower() - BLOCK_END
D 21:44:55.8432422 PowerProcessor.PrepareHistoryForCurrentTaskList() - m_currentTaskList=154
D 21:44:56.9210855 GameState.DebugPrintPowerList() - Count=34
D 21:44:56.9210855 GameState.DebugPrintPower() - BLOCK_START BlockType=DECK_ACTION Entity=[entityName=UNKNOWN ENTITY [cardType=INVALID] id=5 zone=HAND zonePos=5 cardId= player=1] EffectCardId=System.Collections.Generic.List`1[System.String] EffectIndex=0 Target=0 SubOption=-1 
D 21:44:56.9210855 GameState.DebugPrintPower() -     TAG_CHANGE Entity=Rose#55519 tag=2245 value=6 
D 21:44:56.9210855 GameState.DebugPrintPower() -     TAG_CHANGE Entity=Rose#55519 tag=RESOURCES_USED value=3 
D 21:44:56.9210855 GameState.DebugPrintPower() -     TAG_CHANGE Entity=Rose#55519 tag=NUM_RESOURCES_SPENT_THIS_GAME value=6 
D 21:44:56.9210855 GameState.DebugPrintPower() -     SHOW_ENTITY - Updating Entity=[entityName=UNKNOWN ENTITY [cardType=INVALID] id=5 zone=HAND zonePos=5 cardId= player=1] CardID=SW_441
D 21:44:56.9210855 GameState.DebugPrintPower() -         tag=CONTROLLER value=1
D 21:44:56.9210855 GameState.DebugPrintPower() -         tag=CARDTYPE value=SPELL
D 21:44:56.9210855 GameState.DebugPrintPower() -         tag=TAG_LAST_KNOWN_COST_IN_HAND value=1
D 21:44:56.9210855 GameState.DebugPrintPower() -         tag=COST value=1
D 21:44:56.9210855 GameState.DebugPrintPower() -         tag=ZONE value=HAND
D 21:44:56.9210855 GameState.DebugPrintPower() -         tag=ENTITY_ID value=5
D 21:44:56.9210855 GameState.DebugPrintPower() -         tag=CLASS value=PRIEST
D 21:44:56.9210855 GameState.DebugPrintPower() -         tag=RARITY value=COMMON
D 21:44:56.9210855 GameState.DebugPrintPower() -         tag=JUST_PLAYED value=1
D 21:44:56.9210855 GameState.DebugPrintPower() -         tag=ZONE_POSITION value=5
D 21:44:56.9210855 GameState.DebugPrintPower() -         tag=NUM_TURNS_IN_HAND value=1
D 21:44:56.9210855 GameState.DebugPrintPower() -         tag=REVEALED value=1
D 21:44:56.9210855 GameState.DebugPrintPower() -         tag=478 value=1
D 21:44:56.9210855 GameState.DebugPrintPower() -         tag=1037 value=1
D 21:44:56.9210855 GameState.DebugPrintPower() -         tag=1043 value=1
D 21:44:56.9210855 GameState.DebugPrintPower() -         tag=1068 value=0
D 21:44:56.9210855 GameState.DebugPrintPower() -         tag=SPAWN_TIME_COUNT value=1
D 21:44:56.9210855 GameState.DebugPrintPower() -         tag=1570 value=6
D 21:44:56.9210855 GameState.DebugPrintPower() -         tag=SPELL_SCHOOL value=5
D 21:44:56.9210855 GameState.DebugPrintPower() -         tag=TRADEABLE value=1
D 21:44:56.9210855 GameState.DebugPrintPower() -         tag=DECK_ACTION_COST value=1
D 21:44:56.9210855 GameState.DebugPrintPower() -         tag=IS_USING_TRADE_OPTION value=1
D 21:44:56.9210855 GameState.DebugPrintPower() -         tag=3557 value=5
D 21:44:56.9210855 GameState.DebugPrintPower() -     TAG_CHANGE Entity=[entityName=UNKNOWN ENTITY [cardType=INVALID] id=5 zone=HAND zonePos=5 cardId= player=1] tag=1068 value=2 
D 21:44:56.9210855 GameState.DebugPrintPower() -     TAG_CHANGE Entity=[entityName=UNKNOWN ENTITY [cardType=INVALID] id=5 zone=HAND zonePos=5 cardId= player=1] tag=1068 value=0 
D 21:44:56.9210855 GameState.DebugPrintPower() -     TAG_CHANGE Entity=[entityName=UNKNOWN ENTITY [cardType=INVALID] id=22 zone=HAND zonePos=6 cardId= player=1] tag=ZONE_POSITION value=5 
D 21:44:56.9210855 GameState.DebugPrintPower() -     TAG_CHANGE Entity=[entityName=UNKNOWN ENTITY [cardType=INVALID] id=5 zone=HAND zonePos=5 cardId= player=1] tag=1037 value=0 
D 21:44:56.9210855 GameState.DebugPrintPower() -     TAG_CHANGE Entity=[entityName=UNKNOWN ENTITY [cardType=INVALID] id=5 zone=HAND zonePos=5 cardId= player=1] tag=ZONE_POSITION value=0 
D 21:44:56.9210855 GameState.DebugPrintPower() -     TAG_CHANGE Entity=[entityName=UNKNOWN ENTITY [cardType=INVALID] id=5 zone=HAND zonePos=5 cardId= player=1] tag=1043 value=0 
D 21:44:56.9210855 GameState.DebugPrintPower() -     TAG_CHANGE Entity=[entityName=UNKNOWN ENTITY [cardType=INVALID] id=5 zone=HAND zonePos=5 cardId= player=1] tag=ZONE value=DECK 
D 21:44:56.9210855 GameState.DebugPrintPower() -     TAG_CHANGE Entity=[entityName=UNKNOWN ENTITY [cardType=INVALID] id=5 zone=HAND zonePos=5 cardId= player=1] tag=1043 value=1 
D 21:44:56.9210855 GameState.DebugPrintPower() -     META_DATA - Meta=SLUSH_TIME Data=3000 InfoCount=1
D 21:44:56.9210855 GameState.DebugPrintPower() -                 Info[0] = [entityName=UNKNOWN ENTITY [cardType=INVALID] id=5 zone=HAND zonePos=5 cardId= player=1]
D 21:44:56.9210855 GameState.DebugPrintPower() -     BLOCK_START BlockType=POWER Entity=[entityName=UNKNOWN ENTITY [cardType=INVALID] id=5 zone=HAND zonePos=5 cardId= player=1] EffectCardId=System.Collections.Generic.List`1[System.String] EffectIndex=0 Target=0 SubOption=-1 
D 21:44:56.9210855 GameState.DebugPrintPower() -         TAG_CHANGE Entity=Rose#55519 tag=2166 value=75 
D 21:44:56.9210855 GameState.DebugPrintPower() -         TAG_CHANGE Entity=Rose#55519 tag=467 value=1 
D 21:44:56.9210855 GameState.DebugPrintPower() -         TAG_CHANGE Entity=[entityName=UNKNOWN ENTITY [cardType=INVALID] id=75 zone=DECK zonePos=0 cardId= player=1] tag=ZONE value=HAND 
D 21:44:56.9210855 GameState.DebugPrintPower() -         TAG_CHANGE Entity=[entityName=UNKNOWN ENTITY [cardType=INVALID] id=75 zone=DECK zonePos=0 cardId= player=1] tag=ZONE_POSITION value=6 
D 21:44:56.9210855 GameState.DebugPrintPower() -         TAG_CHANGE Entity=[entityName=UNKNOWN ENTITY [cardType=INVALID] id=75 zone=DECK zonePos=0 cardId= player=1] tag=ZONE_POSITION value=0 
D 21:44:56.9210855 GameState.DebugPrintPower() -         TAG_CHANGE Entity=[entityName=UNKNOWN ENTITY [cardType=INVALID] id=75 zone=DECK zonePos=0 cardId= player=1] tag=ZONE_POSITION value=6 
D 21:44:56.9210855 GameState.DebugPrintPower() -         TAG_CHANGE Entity=Rose#55519 tag=3242 value=2 
D 21:44:56.9210855 GameState.DebugPrintPower() -         TAG_CHANGE Entity=Rose#55519 tag=NUM_CARDS_DRAWN_THIS_TURN value=3 
D 21:44:56.9210855 GameState.DebugPrintPower() -         TAG_CHANGE Entity=Rose#55519 tag=995 value=5 
D 21:44:56.9210855 GameState.DebugPrintPower() -         TAG_CHANGE Entity=Rose#55519 tag=467 value=0 
D 21:44:56.9210855 GameState.DebugPrintPower() -     BLOCK_END
D 21:44:56.9210855 GameState.DebugPrintPower() -     TAG_CHANGE Entity=[entityName=UNKNOWN ENTITY [cardType=INVALID] id=5 zone=HAND zonePos=5 cardId= player=1] tag=1037 value=1 
D 21:44:56.9210855 GameState.DebugPrintPower() -     TAG_CHANGE Entity=[entityName=UNKNOWN ENTITY [cardType=INVALID] id=5 zone=HAND zonePos=5 cardId= player=1] tag=IS_USING_TRADE_OPTION value=0 
D 21:44:56.9210855 GameState.DebugPrintPower() -     HIDE_ENTITY - Entity=[entityName=UNKNOWN ENTITY [cardType=INVALID] id=5 zone=HAND zonePos=5 cardId= player=1] tag=ZONE value=DECK
D 21:44:56.9210855 GameState.DebugPrintPower() -     TAG_CHANGE Entity=[entityName=UNKNOWN ENTITY [cardType=INVALID] id=5 zone=HAND zonePos=5 cardId= player=1] tag=REVEALED value=0 
D 21:44:56.9210855 GameState.DebugPrintPower() -     TAG_CHANGE Entity=GameEntity tag=1323 value=9 
D 21:44:56.9210855 GameState.DebugPrintPower() -     TAG_CHANGE Entity=Rose#55519 tag=NUM_OPTIONS_PLAYED_THIS_TURN value=3 
D 21:44:56.9210855 GameState.DebugPrintPower() - BLOCK_END
D 21:44:56.9210855 GameState.DebugPrintPower() - META_DATA - Meta=SLUSH_TIME Data=1000 InfoCount=1
D 21:44:56.9210855 GameState.DebugPrintPower() -             Info[0] = [entityName=UNKNOWN ENTITY [cardType=INVALID] id=5 zone=HAND zonePos=5 cardId= player=1]
D 21:44:57.0692561 PowerProcessor.EndCurrentTaskList() - m_currentTaskList=154
D 21:44:58.2269265 PowerTaskList.DebugDump() - ID=155 ParentID=0 PreviousID=0 TaskCount=3
D 21:44:58.2269265 PowerTaskList.DebugDump() - Block Start=(null)
D 21:44:58.2269265 PowerTaskList.DebugPrintPower() -     TAG_CHANGE Entity=GameEntity tag=1323 value=8 
D 21:44:58.2269265 PowerTaskList.DebugPrintPower() -     TAG_CHANGE Entity=Rose#55519 tag=NUM_OPTIONS_PLAYED_THIS_TURN value=2 
D 21:44:58.2269265 PowerTaskList.DebugPrintPower() -     META_DATA - Meta=SLUSH_TIME Data=1000 InfoCount=1
D 21:44:58.2269265 PowerTaskList.DebugPrintPower() -                 Info[0] = [entityName=神秘访客 id=9 zone=PLAY zonePos=1 cardId=REV_246 player=1]
D 21:44:58.2269265 PowerTaskList.DebugDump() - Block End=(null)
D 21:44:58.2269265 PowerProcessor.PrepareHistoryForCurrentTaskList() - m_currentTaskList=155
D 21:44:58.2269265 PowerProcessor.EndCurrentTaskList() - m_currentTaskList=155
D 21:44:58.2269265 PowerTaskList.DebugDump() - ID=156 ParentID=0 PreviousID=0 TaskCount=13
D 21:44:58.2269265 PowerTaskList.DebugPrintPower() - BLOCK_START BlockType=DECK_ACTION Entity=[entityName=UNKNOWN ENTITY [cardType=INVALID] id=5 zone=HAND zonePos=5 cardId= player=1] EffectCardId=System.Collections.Generic.List`1[System.String] EffectIndex=0 Target=0 SubOption=-1 
D 21:44:58.2269265 PowerTaskList.DebugPrintPower() -     TAG_CHANGE Entity=Rose#55519 tag=2245 value=6 
D 21:44:58.2269265 PowerTaskList.DebugPrintPower() -     TAG_CHANGE Entity=Rose#55519 tag=RESOURCES_USED value=3 
D 21:44:58.2269265 PowerTaskList.DebugPrintPower() -     TAG_CHANGE Entity=Rose#55519 tag=NUM_RESOURCES_SPENT_THIS_GAME value=6 
D 21:44:58.2269265 PowerTaskList.DebugPrintPower() -     SHOW_ENTITY - Updating Entity=[entityName=UNKNOWN ENTITY [cardType=INVALID] id=5 zone=HAND zonePos=5 cardId= player=1] CardID=SW_441
D 21:44:58.2269265 PowerTaskList.DebugPrintPower() -         tag=CONTROLLER value=1
D 21:44:58.2269265 PowerTaskList.DebugPrintPower() -         tag=CARDTYPE value=SPELL
D 21:44:58.2269265 PowerTaskList.DebugPrintPower() -         tag=TAG_LAST_KNOWN_COST_IN_HAND value=1
D 21:44:58.2269265 PowerTaskList.DebugPrintPower() -         tag=COST value=1
D 21:44:58.2269265 PowerTaskList.DebugPrintPower() -         tag=ZONE value=HAND
D 21:44:58.2269265 PowerTaskList.DebugPrintPower() -         tag=ENTITY_ID value=5
D 21:44:58.2269265 PowerTaskList.DebugPrintPower() -         tag=CLASS value=PRIEST
D 21:44:58.2269265 PowerTaskList.DebugPrintPower() -         tag=RARITY value=COMMON
D 21:44:58.2269265 PowerTaskList.DebugPrintPower() -         tag=JUST_PLAYED value=1
D 21:44:58.2269265 PowerTaskList.DebugPrintPower() -         tag=ZONE_POSITION value=5
D 21:44:58.2269265 PowerTaskList.DebugPrintPower() -         tag=NUM_TURNS_IN_HAND value=1
D 21:44:58.2269265 PowerTaskList.DebugPrintPower() -         tag=REVEALED value=1
D 21:44:58.2269265 PowerTaskList.DebugPrintPower() -         tag=478 value=1
D 21:44:58.2269265 PowerTaskList.DebugPrintPower() -         tag=1037 value=1
D 21:44:58.2269265 PowerTaskList.DebugPrintPower() -         tag=1043 value=1
D 21:44:58.2269265 PowerTaskList.DebugPrintPower() -         tag=1068 value=0
D 21:44:58.2269265 PowerTaskList.DebugPrintPower() -         tag=SPAWN_TIME_COUNT value=1
D 21:44:58.2269265 PowerTaskList.DebugPrintPower() -         tag=1570 value=6
D 21:44:58.2269265 PowerTaskList.DebugPrintPower() -         tag=SPELL_SCHOOL value=5
D 21:44:58.2269265 PowerTaskList.DebugPrintPower() -         tag=TRADEABLE value=1
D 21:44:58.2269265 PowerTaskList.DebugPrintPower() -         tag=DECK_ACTION_COST value=1
D 21:44:58.2269265 PowerTaskList.DebugPrintPower() -         tag=IS_USING_TRADE_OPTION value=1
D 21:44:58.2269265 PowerTaskList.DebugPrintPower() -         tag=3557 value=5
D 21:44:58.2269265 PowerTaskList.DebugPrintPower() -     TAG_CHANGE Entity=[entityName=UNKNOWN ENTITY [cardType=INVALID] id=5 zone=HAND zonePos=5 cardId= player=1] tag=1068 value=2 
D 21:44:58.2269265 PowerTaskList.DebugPrintPower() -     TAG_CHANGE Entity=[entityName=UNKNOWN ENTITY [cardType=INVALID] id=5 zone=HAND zonePos=5 cardId= player=1] tag=1068 value=0 
D 21:44:58.2269265 PowerTaskList.DebugPrintPower() -     TAG_CHANGE Entity=[entityName=UNKNOWN ENTITY [cardType=INVALID] id=22 zone=HAND zonePos=6 cardId= player=1] tag=ZONE_POSITION value=5 
D 21:44:58.2269265 PowerTaskList.DebugPrintPower() -     TAG_CHANGE Entity=[entityName=UNKNOWN ENTITY [cardType=INVALID] id=5 zone=HAND zonePos=5 cardId= player=1] tag=1037 value=0 
D 21:44:58.2269265 PowerTaskList.DebugPrintPower() -     TAG_CHANGE Entity=[entityName=UNKNOWN ENTITY [cardType=INVALID] id=5 zone=HAND zonePos=5 cardId= player=1] tag=ZONE_POSITION value=0 
D 21:44:58.2269265 PowerTaskList.DebugPrintPower() -     TAG_CHANGE Entity=[entityName=UNKNOWN ENTITY [cardType=INVALID] id=5 zone=HAND zonePos=5 cardId= player=1] tag=1043 value=0 
D 21:44:58.2269265 PowerTaskList.DebugPrintPower() -     TAG_CHANGE Entity=[entityName=UNKNOWN ENTITY [cardType=INVALID] id=5 zone=HAND zonePos=5 cardId= player=1] tag=ZONE value=DECK 
D 21:44:58.2269265 PowerTaskList.DebugPrintPower() -     TAG_CHANGE Entity=[entityName=UNKNOWN ENTITY [cardType=INVALID] id=5 zone=HAND zonePos=5 cardId= player=1] tag=1043 value=1 
D 21:44:58.2269265 PowerTaskList.DebugPrintPower() -     META_DATA - Meta=SLUSH_TIME Data=3000 InfoCount=1
D 21:44:58.2269265 PowerTaskList.DebugPrintPower() -                 Info[0] = [entityName=UNKNOWN ENTITY [cardType=INVALID] id=5 zone=HAND zonePos=5 cardId= player=1]
D 21:44:58.2269265 PowerTaskList.DebugDump() - Block End=(null)
D 21:44:58.2269265 PowerProcessor.PrepareHistoryForCurrentTaskList() - m_currentTaskList=156
D 21:44:58.2269265 PowerProcessor.DoTaskListForCard() - unhandled BlockType DECK_ACTION for sourceEntity [entityName=UNKNOWN ENTITY [cardType=INVALID] id=5 zone=HAND zonePos=5 cardId= player=1]
D 21:44:58.5351170 PowerProcessor.EndCurrentTaskList() - m_currentTaskList=156
D 21:44:58.9932889 PowerTaskList.DebugDump() - ID=157 ParentID=156 PreviousID=0 TaskCount=10
D 21:44:58.9932889 PowerTaskList.DebugPrintPower() - BLOCK_START BlockType=POWER Entity=[entityName=纳鲁碎片 id=5 zone=DECK zonePos=0 cardId=SW_441 player=1] EffectCardId=System.Collections.Generic.List`1[System.String] EffectIndex=0 Target=0 SubOption=-1 
D 21:44:58.9932889 PowerTaskList.DebugPrintPower() -     TAG_CHANGE Entity=Rose#55519 tag=2166 value=75 
D 21:44:58.9932889 PowerTaskList.DebugPrintPower() -     TAG_CHANGE Entity=Rose#55519 tag=467 value=1 
D 21:44:58.9932889 PowerTaskList.DebugPrintPower() -     TAG_CHANGE Entity=[entityName=UNKNOWN ENTITY [cardType=INVALID] id=75 zone=DECK zonePos=0 cardId= player=1] tag=ZONE value=HAND 
D 21:44:58.9932889 PowerTaskList.DebugPrintPower() -     TAG_CHANGE Entity=[entityName=UNKNOWN ENTITY [cardType=INVALID] id=75 zone=DECK zonePos=0 cardId= player=1] tag=ZONE_POSITION value=6 
D 21:44:58.9932889 PowerTaskList.DebugPrintPower() -     TAG_CHANGE Entity=[entityName=UNKNOWN ENTITY [cardType=INVALID] id=75 zone=DECK zonePos=0 cardId= player=1] tag=ZONE_POSITION value=0 
D 21:44:58.9932889 PowerTaskList.DebugPrintPower() -     TAG_CHANGE Entity=[entityName=UNKNOWN ENTITY [cardType=INVALID] id=75 zone=DECK zonePos=0 cardId= player=1] tag=ZONE_POSITION value=6 
D 21:44:58.9932889 PowerTaskList.DebugPrintPower() -     TAG_CHANGE Entity=Rose#55519 tag=3242 value=2 
D 21:44:58.9932889 PowerTaskList.DebugPrintPower() -     TAG_CHANGE Entity=Rose#55519 tag=NUM_CARDS_DRAWN_THIS_TURN value=3 
D 21:44:58.9932889 PowerTaskList.DebugPrintPower() -     TAG_CHANGE Entity=Rose#55519 tag=995 value=5 
D 21:44:58.9932889 PowerTaskList.DebugPrintPower() -     TAG_CHANGE Entity=Rose#55519 tag=467 value=0 
D 21:44:58.9932889 PowerTaskList.DebugPrintPower() - BLOCK_END
D 21:44:58.9932889 PowerProcessor.PrepareHistoryForCurrentTaskList() - m_currentTaskList=157
D 21:44:59.7585554 PowerProcessor.EndCurrentTaskList() - m_currentTaskList=157
D 21:44:59.7645814 PowerTaskList.DebugDump() - ID=158 ParentID=0 PreviousID=156 TaskCount=6
D 21:44:59.7645814 PowerTaskList.DebugDump() - Block Start=(null)
D 21:44:59.7645814 PowerTaskList.DebugPrintPower() -     TAG_CHANGE Entity=[entityName=纳鲁碎片 id=5 zone=DECK zonePos=0 cardId=SW_441 player=1] tag=1037 value=1 
D 21:44:59.7645814 PowerTaskList.DebugPrintPower() -     TAG_CHANGE Entity=[entityName=纳鲁碎片 id=5 zone=DECK zonePos=0 cardId=SW_441 player=1] tag=IS_USING_TRADE_OPTION value=0 
D 21:44:59.7645814 PowerTaskList.DebugPrintPower() -     HIDE_ENTITY - Entity=[entityName=纳鲁碎片 id=5 zone=DECK zonePos=0 cardId=SW_441 player=1] tag=ZONE value=DECK
D 21:44:59.7645814 PowerTaskList.DebugPrintPower() -     TAG_CHANGE Entity=[entityName=纳鲁碎片 id=5 zone=DECK zonePos=0 cardId=SW_441 player=1] tag=REVEALED value=0 
D 21:44:59.7645814 PowerTaskList.DebugPrintPower() -     TAG_CHANGE Entity=GameEntity tag=1323 value=9 
D 21:44:59.7645814 PowerTaskList.DebugPrintPower() -     TAG_CHANGE Entity=Rose#55519 tag=NUM_OPTIONS_PLAYED_THIS_TURN value=3 
D 21:44:59.7645814 PowerTaskList.DebugPrintPower() - BLOCK_END
D 21:44:59.7645814 PowerProcessor.PrepareHistoryForCurrentTaskList() - m_currentTaskList=158
D 21:44:59.7645814 PowerProcessor.DoTaskListForCard() - unhandled BlockType DECK_ACTION for sourceEntity [entityName=纳鲁碎片 id=5 zone=DECK zonePos=0 cardId=SW_441 player=1]
D 21:44:59.7721462 PowerProcessor.EndCurrentTaskList() - m_currentTaskList=158
D 21:44:59.7782236 PowerTaskList.DebugDump() - ID=159 ParentID=0 PreviousID=0 TaskCount=1
D 21:44:59.7782236 PowerTaskList.DebugDump() - Block Start=(null)
D 21:44:59.7782236 PowerTaskList.DebugPrintPower() -     META_DATA - Meta=SLUSH_TIME Data=1000 InfoCount=1
D 21:44:59.7782236 PowerTaskList.DebugPrintPower() -                 Info[0] = [entityName=纳鲁碎片 id=5 zone=DECK zonePos=0 cardId= player=1]
D 21:44:59.7782236 PowerTaskList.DebugDump() - Block End=(null)
D 21:44:59.7782236 PowerProcessor.PrepareHistoryForCurrentTaskList() - m_currentTaskList=159
D 21:44:59.7782236 PowerProcessor.EndCurrentTaskList() - m_currentTaskList=159
D 21:45:01.1128609 GameState.DebugPrintPowerList() - Count=88
D 21:45:01.1128609 GameState.DebugPrintPower() - TAG_CHANGE Entity=GameEntity tag=STEP value=MAIN_END 
D 21:45:01.1128609 GameState.DebugPrintPower() - BLOCK_START BlockType=TRIGGER Entity=Rose#55519 EffectCardId=System.Collections.Generic.List`1[System.String] EffectIndex=-1 Target=0 SubOption=-1 TriggerKeyword=TAG_NOT_SET
D 21:45:01.1128609 GameState.DebugPrintPower() -     TAG_CHANGE Entity=GameEntity tag=NEXT_STEP value=MAIN_CLEANUP 
D 21:45:01.1128609 GameState.DebugPrintPower() - BLOCK_END
D 21:45:01.1128609 GameState.DebugPrintPower() - BLOCK_START BlockType=TRIGGER Entity=Rose#55519 EffectCardId=System.Collections.Generic.List`1[System.String] EffectIndex=-1 Target=0 SubOption=-1 TriggerKeyword=TAG_NOT_SET
D 21:45:01.1128609 GameState.DebugPrintPower() - BLOCK_END
D 21:45:01.1128609 GameState.DebugPrintPower() - BLOCK_START BlockType=TRIGGER Entity=湫然#51704 EffectCardId=System.Collections.Generic.List`1[System.String] EffectIndex=-1 Target=0 SubOption=-1 TriggerKeyword=TAG_NOT_SET
D 21:45:01.1128609 GameState.DebugPrintPower() - BLOCK_END
D 21:45:01.1128609 GameState.DebugPrintPower() - TAG_CHANGE Entity=GameEntity tag=STEP value=MAIN_CLEANUP 
D 21:45:01.1128609 GameState.DebugPrintPower() - BLOCK_START BlockType=TRIGGER Entity=Rose#55519 EffectCardId=System.Collections.Generic.List`1[System.String] EffectIndex=-1 Target=0 SubOption=-1 TriggerKeyword=TAG_NOT_SET
D 21:45:01.1128609 GameState.DebugPrintPower() -     TAG_CHANGE Entity=Rose#55519 tag=COMBO_ACTIVE value=0 
D 21:45:01.1128609 GameState.DebugPrintPower() -     TAG_CHANGE Entity=GameEntity tag=NEXT_STEP value=MAIN_NEXT 
D 21:45:01.1128609 GameState.DebugPrintPower() -     TAG_CHANGE Entity=[entityName=寻求指引 id=13 zone=SECRET zonePos=0 cardId=SW_433 player=1] tag=EXHAUSTED value=0 
D 21:45:01.1128609 GameState.DebugPrintPower() - BLOCK_END
D 21:45:01.1128609 GameState.DebugPrintPower() - BLOCK_START BlockType=TRIGGER Entity=湫然#51704 EffectCardId=System.Collections.Generic.List`1[System.String] EffectIndex=-1 Target=0 SubOption=-1 TriggerKeyword=TAG_NOT_SET
D 21:45:01.1128609 GameState.DebugPrintPower() - BLOCK_END
D 21:45:01.1128609 GameState.DebugPrintPower() - TAG_CHANGE Entity=GameEntity tag=STEP value=MAIN_NEXT 
D 21:45:01.1128609 GameState.DebugPrintPower() - BLOCK_START BlockType=TRIGGER Entity=GameEntity EffectCardId=System.Collections.Generic.List`1[System.String] EffectIndex=-1 Target=0 SubOption=-1 TriggerKeyword=TAG_NOT_SET
D 21:45:01.1128609 GameState.DebugPrintPower() -     TAG_CHANGE Entity=Rose#55519 tag=1292 value=0 
D 21:45:01.1128609 GameState.DebugPrintPower() -     TAG_CHANGE Entity=湫然#51704 tag=1292 value=1 
D 21:45:01.1128609 GameState.DebugPrintPower() -     TAG_CHANGE Entity=[entityName=月光射线 id=38 zone=HAND zonePos=1 cardId=TID_001 player=2] tag=NUM_TURNS_IN_HAND value=7 
D 21:45:01.1128609 GameState.DebugPrintPower() -     TAG_CHANGE Entity=[entityName=生命缚誓者的礼物 id=64 zone=HAND zonePos=2 cardId=TTN_955 player=2] tag=NUM_TURNS_IN_HAND value=7 
D 21:45:01.1128609 GameState.DebugPrintPower() -     TAG_CHANGE Entity=[entityName=生物计划 id=62 zone=HAND zonePos=3 cardId=BOT_054 player=2] tag=NUM_TURNS_IN_HAND value=7 
D 21:45:01.1128609 GameState.DebugPrintPower() -     TAG_CHANGE Entity=[entityName=建造水晶塔 id=57 zone=HAND zonePos=4 cardId=SC_755 player=2] tag=NUM_TURNS_IN_HAND value=7 
D 21:45:01.1128609 GameState.DebugPrintPower() -     TAG_CHANGE Entity=[entityName=虚灵改装师 id=35 zone=HAND zonePos=5 cardId=BT_724 player=2] tag=NUM_TURNS_IN_HAND value=5 
D 21:45:01.1128609 GameState.DebugPrintPower() -     TAG_CHANGE Entity=[entityName=月火术 id=50 zone=HAND zonePos=6 cardId=CS2_008 player=2] tag=NUM_TURNS_IN_HAND value=3 
D 21:45:01.1128609 GameState.DebugPrintPower() -     TAG_CHANGE Entity=Rose#55519 tag=CURRENT_PLAYER value=0 
D 21:45:01.1128609 GameState.DebugPrintPower() -     TAG_CHANGE Entity=湫然#51704 tag=CURRENT_PLAYER value=1 
D 21:45:01.1128609 GameState.DebugPrintPower() -     TAG_CHANGE Entity=GameEntity tag=TURN value=7 
D 21:45:01.1128609 GameState.DebugPrintPower() -     TAG_CHANGE Entity=GameEntity tag=1882 value=6 
D 21:45:01.1128609 GameState.DebugPrintPower() -     TAG_CHANGE Entity=湫然#51704 tag=TURN value=4 
D 21:45:01.1128609 GameState.DebugPrintPower() -     TAG_CHANGE Entity=GameEntity tag=NEXT_STEP value=MAIN_READY 
D 21:45:01.1128609 GameState.DebugPrintPower() - BLOCK_END
D 21:45:01.1128609 GameState.DebugPrintPower() - TAG_CHANGE Entity=GameEntity tag=STEP value=MAIN_READY 
D 21:45:01.1128609 GameState.DebugPrintPower() - BLOCK_START BlockType=TRIGGER Entity=湫然#51704 EffectCardId=System.Collections.Generic.List`1[System.String] EffectIndex=-1 Target=0 SubOption=-1 TriggerKeyword=TAG_NOT_SET
D 21:45:01.1128609 GameState.DebugPrintPower() -     TAG_CHANGE Entity=GameEntity tag=NUM_TURNS_IN_PLAY value=7 
D 21:45:01.1128609 GameState.DebugPrintPower() -     TAG_CHANGE Entity=Rose#55519 tag=NUM_TURNS_IN_PLAY value=7 
D 21:45:01.1128609 GameState.DebugPrintPower() -     TAG_CHANGE Entity=湫然#51704 tag=NUM_TURNS_IN_PLAY value=7 
D 21:45:01.1128609 GameState.DebugPrintPower() -     TAG_CHANGE Entity=[entityName=安度因·乌瑞恩 id=67 zone=PLAY zonePos=0 cardId=HERO_09 player=1] tag=NUM_TURNS_IN_PLAY value=7 
D 21:45:01.1128609 GameState.DebugPrintPower() -     TAG_CHANGE Entity=[entityName=次级治疗术 id=68 zone=PLAY zonePos=0 cardId=HERO_09bp player=1] tag=NUM_TURNS_IN_PLAY value=7 
D 21:45:01.1128609 GameState.DebugPrintPower() -     TAG_CHANGE Entity=[entityName=嘲风望月露娜拉 id=69 zone=PLAY zonePos=0 cardId=HERO_06bi player=2] tag=NUM_TURNS_IN_PLAY value=7 
D 21:45:01.1128609 GameState.DebugPrintPower() -     TAG_CHANGE Entity=[entityName=变形 id=70 zone=PLAY zonePos=0 cardId=HERO_06ebp player=2] tag=NUM_TURNS_IN_PLAY value=7 
D 21:45:01.1128609 GameState.DebugPrintPower() -     TAG_CHANGE Entity=[entityName=神秘访客 id=9 zone=PLAY zonePos=1 cardId=REV_246 player=1] tag=NUM_TURNS_IN_PLAY value=3 
D 21:45:01.1128609 GameState.DebugPrintPower() -     TAG_CHANGE Entity=[entityName=寻求指引 id=13 zone=SECRET zonePos=0 cardId=SW_433 player=1] tag=NUM_TURNS_IN_PLAY value=5 
D 21:45:01.1128609 GameState.DebugPrintPower() -     TAG_CHANGE Entity=湫然#51704 tag=RESOURCES value=4 
D 21:45:01.1128609 GameState.DebugPrintPower() -     TAG_CHANGE Entity=湫然#51704 tag=RESOURCES_USED value=0 
D 21:45:01.1128609 GameState.DebugPrintPower() -     TAG_CHANGE Entity=[entityName=神秘访客 id=9 zone=PLAY zonePos=1 cardId=REV_246 player=1] tag=NUM_ATTACKS_THIS_TURN value=0 
D 21:45:01.1128609 GameState.DebugPrintPower() -     TAG_CHANGE Entity=湫然#51704 tag=NUM_OPTIONS_PLAYED_THIS_TURN value=0 
D 21:45:01.1128609 GameState.DebugPrintPower() -     TAG_CHANGE Entity=湫然#51704 tag=3242 value=0 
D 21:45:01.1128609 GameState.DebugPrintPower() -     TAG_CHANGE Entity=[entityName=嘲风望月露娜拉 id=69 zone=PLAY zonePos=0 cardId=HERO_06bi player=2] tag=EXHAUSTED value=0 
D 21:45:01.1128609 GameState.DebugPrintPower() -     TAG_CHANGE Entity=[entityName=变形 id=70 zone=PLAY zonePos=0 cardId=HERO_06ebp player=2] tag=EXHAUSTED value=0 
D 21:45:01.1128609 GameState.DebugPrintPower() -     TAG_CHANGE Entity=Rose#55519 tag=NUM_CARDS_DRAWN_THIS_TURN value=0 
D 21:45:01.1128609 GameState.DebugPrintPower() -     TAG_CHANGE Entity=GameEntity tag=NEXT_STEP value=MAIN_START_TRIGGERS 
D 21:45:01.1128609 GameState.DebugPrintPower() -     TAG_CHANGE Entity=湫然#51704 tag=464 value=0 
D 21:45:01.1128609 GameState.DebugPrintPower() -     TAG_CHANGE Entity=湫然#51704 tag=4453 value=0 
D 21:45:01.1128609 GameState.DebugPrintPower() -     TAG_CHANGE Entity=湫然#51704 tag=1575 value=0 
D 21:45:01.1128609 GameState.DebugPrintPower() -     TAG_CHANGE Entity=湫然#51704 tag=3143 value=0 
D 21:45:01.1128609 GameState.DebugPrintPower() -     TAG_CHANGE Entity=Rose#55519 tag=DAMAGE_DEALT_TO_HERO_LAST_TURN value=0 
D 21:45:01.1128609 GameState.DebugPrintPower() -     TAG_CHANGE Entity=[entityName=嘲风望月露娜拉 id=69 zone=PLAY zonePos=0 cardId=HERO_06bi player=2] tag=NUM_ATTACKS_THIS_TURN value=0 
D 21:45:01.1128609 GameState.DebugPrintPower() -     TAG_CHANGE Entity=Rose#55519 tag=NUM_FRIENDLY_MINIONS_THAT_ATTACKED_THIS_TURN value=0 
D 21:45:01.1128609 GameState.DebugPrintPower() -     TAG_CHANGE Entity=湫然#51704 tag=HEROPOWER_ACTIVATIONS_THIS_TURN value=0 
D 21:45:01.1128609 GameState.DebugPrintPower() -     TAG_CHANGE Entity=[entityName=变形 id=70 zone=PLAY zonePos=0 cardId=HERO_06ebp player=2] tag=HEROPOWER_ACTIVATIONS_THIS_TURN value=0 
D 21:45:01.1128609 GameState.DebugPrintPower() -     TAG_CHANGE Entity=湫然#51704 tag=1739 value=0 
D 21:45:01.1128609 GameState.DebugPrintPower() - BLOCK_END
D 21:45:01.1128609 GameState.DebugPrintPower() - TAG_CHANGE Entity=GameEntity tag=STEP value=MAIN_START_TRIGGERS 
D 21:45:01.1128609 GameState.DebugPrintPower() - BLOCK_START BlockType=TRIGGER Entity=湫然#51704 EffectCardId=System.Collections.Generic.List`1[System.String] EffectIndex=-1 Target=0 SubOption=-1 TriggerKeyword=TAG_NOT_SET
D 21:45:01.1128609 GameState.DebugPrintPower() -     TAG_CHANGE Entity=GameEntity tag=NEXT_STEP value=MAIN_START 
D 21:45:01.1128609 GameState.DebugPrintPower() - BLOCK_END
D 21:45:01.1128609 GameState.DebugPrintPower() - TAG_CHANGE Entity=GameEntity tag=STEP value=MAIN_START 
D 21:45:01.1128609 GameState.DebugPrintPower() - BLOCK_START BlockType=TRIGGER Entity=湫然#51704 EffectCardId=System.Collections.Generic.List`1[System.String] EffectIndex=-1 Target=0 SubOption=-1 TriggerKeyword=TAG_NOT_SET
D 21:45:01.1128609 GameState.DebugPrintPower() -     TAG_CHANGE Entity=湫然#51704 tag=2166 value=36 
D 21:45:01.1128609 GameState.DebugPrintPower() -     TAG_CHANGE Entity=湫然#51704 tag=467 value=1 
D 21:45:01.1128609 GameState.DebugPrintPower() -     SHOW_ENTITY - Updating Entity=[entityName=UNKNOWN ENTITY [cardType=INVALID] id=36 zone=DECK zonePos=0 cardId= player=2] CardID=VAC_428
D 21:45:01.1128609 GameState.DebugPrintPower() -         tag=CONTROLLER value=2
D 21:45:01.1128609 GameState.DebugPrintPower() -         tag=CARDTYPE value=SPELL
D 21:45:01.1128609 GameState.DebugPrintPower() -         tag=TAG_LAST_KNOWN_COST_IN_HAND value=1
D 21:45:01.1128609 GameState.DebugPrintPower() -         tag=COST value=1
D 21:45:01.1128609 GameState.DebugPrintPower() -         tag=ZONE value=HAND
D 21:45:01.1128609 GameState.DebugPrintPower() -         tag=ENTITY_ID value=36
D 21:45:01.1128609 GameState.DebugPrintPower() -         tag=CLASS value=MAGE
D 21:45:01.1128609 GameState.DebugPrintPower() -         tag=RARITY value=EPIC
D 21:45:01.1128609 GameState.DebugPrintPower() -         tag=478 value=2
D 21:45:01.1128609 GameState.DebugPrintPower() -         tag=1037 value=2
D 21:45:01.1128609 GameState.DebugPrintPower() -         tag=1043 value=1
D 21:45:01.1128609 GameState.DebugPrintPower() -         tag=1068 value=0
D 21:45:01.1128609 GameState.DebugPrintPower() -         tag=SPAWN_TIME_COUNT value=1
D 21:45:01.1128609 GameState.DebugPrintPower() -     TAG_CHANGE Entity=[entityName=UNKNOWN ENTITY [cardType=INVALID] id=36 zone=DECK zonePos=0 cardId= player=2] tag=NUM_TURNS_IN_HAND value=1 
D 21:45:01.1128609 GameState.DebugPrintPower() -     TAG_CHANGE Entity=[entityName=UNKNOWN ENTITY [cardType=INVALID] id=36 zone=DECK zonePos=0 cardId= player=2] tag=ZONE_POSITION value=7 
D 21:45:01.1128609 GameState.DebugPrintPower() -     TAG_CHANGE Entity=[entityName=UNKNOWN ENTITY [cardType=INVALID] id=36 zone=DECK zonePos=0 cardId= player=2] tag=ZONE_POSITION value=0 
D 21:45:01.1128609 GameState.DebugPrintPower() -     TAG_CHANGE Entity=[entityName=UNKNOWN ENTITY [cardType=INVALID] id=36 zone=DECK zonePos=0 cardId= player=2] tag=ZONE_POSITION value=7 
D 21:45:01.1128609 GameState.DebugPrintPower() -     TAG_CHANGE Entity=湫然#51704 tag=3242 value=1 
D 21:45:01.1128609 GameState.DebugPrintPower() -     TAG_CHANGE Entity=湫然#51704 tag=NUM_CARDS_DRAWN_THIS_TURN value=1 
D 21:45:01.1128609 GameState.DebugPrintPower() -     TAG_CHANGE Entity=湫然#51704 tag=995 value=4 
D 21:45:01.1128609 GameState.DebugPrintPower() -     TAG_CHANGE Entity=[entityName=UNKNOWN ENTITY [cardType=INVALID] id=36 zone=DECK zonePos=0 cardId= player=2] tag=1570 value=7 
D 21:45:01.1128609 GameState.DebugPrintPower() -     TAG_CHANGE Entity=湫然#51704 tag=467 value=0 
D 21:45:01.1128609 GameState.DebugPrintPower() -     TAG_CHANGE Entity=GameEntity tag=NEXT_STEP value=MAIN_ACTION 
D 21:45:01.1128609 GameState.DebugPrintPower() - BLOCK_END
D 21:45:01.1128609 GameState.DebugPrintPower() - TAG_CHANGE Entity=GameEntity tag=STEP value=MAIN_ACTION 
D 21:45:01.1128609 GameState.DebugPrintPower() - BLOCK_START BlockType=TRIGGER Entity=湫然#51704 EffectCardId=System.Collections.Generic.List`1[System.String] EffectIndex=-1 Target=0 SubOption=-1 TriggerKeyword=TAG_NOT_SET
D 21:45:01.1128609 GameState.DebugPrintPower() -     TAG_CHANGE Entity=GameEntity tag=NEXT_STEP value=MAIN_END 
D 21:45:01.1128609 GameState.DebugPrintPower() - BLOCK_END
D 21:45:01.1128609 PowerTaskList.DebugDump() - ID=160 ParentID=0 PreviousID=0 TaskCount=1
D 21:45:01.1128609 PowerTaskList.DebugDump() - Block Start=(null)
D 21:45:01.1128609 PowerTaskList.DebugPrintPower() -     TAG_CHANGE Entity=GameEntity tag=STEP value=MAIN_END 
D 21:45:01.1128609 PowerTaskList.DebugDump() - Block End=(null)
D 21:45:01.1128609 PowerProcessor.PrepareHistoryForCurrentTaskList() - m_currentTaskList=160
D 21:45:01.1128609 PowerProcessor.EndCurrentTaskList() - m_currentTaskList=160
D 21:45:01.1128609 PowerTaskList.DebugDump() - ID=161 ParentID=160 PreviousID=0 TaskCount=1
D 21:45:01.1128609 PowerTaskList.DebugPrintPower() - BLOCK_START BlockType=TRIGGER Entity=Rose#55519 EffectCardId=System.Collections.Generic.List`1[System.String] EffectIndex=-1 Target=0 SubOption=-1 TriggerKeyword=TAG_NOT_SET
D 21:45:01.1128609 PowerTaskList.DebugPrintPower() -     TAG_CHANGE Entity=GameEntity tag=NEXT_STEP value=MAIN_CLEANUP 
D 21:45:01.1128609 PowerTaskList.DebugPrintPower() - BLOCK_END
D 21:45:01.1128609 PowerProcessor.PrepareHistoryForCurrentTaskList() - m_currentTaskList=161
D 21:45:01.1128609 PowerProcessor.EndCurrentTaskList() - m_currentTaskList=161
D 21:45:01.1128609 PowerTaskList.DebugDump() - ID=162 ParentID=0 PreviousID=0 TaskCount=0
D 21:45:01.1128609 PowerTaskList.DebugPrintPower() - BLOCK_START BlockType=TRIGGER Entity=Rose#55519 EffectCardId=System.Collections.Generic.List`1[System.String] EffectIndex=-1 Target=0 SubOption=-1 TriggerKeyword=TAG_NOT_SET
D 21:45:01.1128609 PowerTaskList.DebugPrintPower() - BLOCK_END
D 21:45:01.1128609 PowerProcessor.PrepareHistoryForCurrentTaskList() - m_currentTaskList=162
D 21:45:01.1128609 PowerProcessor.EndCurrentTaskList() - m_currentTaskList=162
D 21:45:01.1128609 PowerTaskList.DebugDump() - ID=163 ParentID=0 PreviousID=0 TaskCount=0
D 21:45:01.1128609 PowerTaskList.DebugPrintPower() - BLOCK_START BlockType=TRIGGER Entity=湫然#51704 EffectCardId=System.Collections.Generic.List`1[System.String] EffectIndex=-1 Target=0 SubOption=-1 TriggerKeyword=TAG_NOT_SET
D 21:45:01.1128609 PowerTaskList.DebugPrintPower() - BLOCK_END
D 21:45:01.1128609 PowerProcessor.PrepareHistoryForCurrentTaskList() - m_currentTaskList=163
D 21:45:01.1128609 PowerProcessor.EndCurrentTaskList() - m_currentTaskList=163
D 21:45:01.1128609 PowerTaskList.DebugDump() - ID=164 ParentID=0 PreviousID=0 TaskCount=1
D 21:45:01.1128609 PowerTaskList.DebugDump() - Block Start=(null)
D 21:45:01.1128609 PowerTaskList.DebugPrintPower() -     TAG_CHANGE Entity=GameEntity tag=STEP value=MAIN_CLEANUP 
D 21:45:01.1128609 PowerTaskList.DebugDump() - Block End=(null)
D 21:45:01.1128609 PowerProcessor.PrepareHistoryForCurrentTaskList() - m_currentTaskList=164
D 21:45:01.1128609 PowerProcessor.EndCurrentTaskList() - m_currentTaskList=164
D 21:45:01.1128609 PowerTaskList.DebugDump() - ID=165 ParentID=0 PreviousID=0 TaskCount=3
D 21:45:01.1128609 PowerTaskList.DebugPrintPower() - BLOCK_START BlockType=TRIGGER Entity=Rose#55519 EffectCardId=System.Collections.Generic.List`1[System.String] EffectIndex=-1 Target=0 SubOption=-1 TriggerKeyword=TAG_NOT_SET
D 21:45:01.1128609 PowerTaskList.DebugPrintPower() -     TAG_CHANGE Entity=Rose#55519 tag=COMBO_ACTIVE value=0 
D 21:45:01.1128609 PowerTaskList.DebugPrintPower() -     TAG_CHANGE Entity=GameEntity tag=NEXT_STEP value=MAIN_NEXT 
D 21:45:01.1128609 PowerTaskList.DebugPrintPower() -     TAG_CHANGE Entity=[entityName=寻求指引 id=13 zone=SECRET zonePos=0 cardId=SW_433 player=1] tag=EXHAUSTED value=0 
D 21:45:01.1128609 PowerTaskList.DebugPrintPower() - BLOCK_END
D 21:45:01.1128609 PowerProcessor.PrepareHistoryForCurrentTaskList() - m_currentTaskList=165
D 21:45:01.1128609 PowerProcessor.EndCurrentTaskList() - m_currentTaskList=165
D 21:45:01.1128609 PowerTaskList.DebugDump() - ID=166 ParentID=0 PreviousID=0 TaskCount=0
D 21:45:01.1128609 PowerTaskList.DebugPrintPower() - BLOCK_START BlockType=TRIGGER Entity=湫然#51704 EffectCardId=System.Collections.Generic.List`1[System.String] EffectIndex=-1 Target=0 SubOption=-1 TriggerKeyword=TAG_NOT_SET
D 21:45:01.1128609 PowerTaskList.DebugPrintPower() - BLOCK_END
D 21:45:01.1128609 PowerProcessor.PrepareHistoryForCurrentTaskList() - m_currentTaskList=166
D 21:45:01.1128609 PowerProcessor.EndCurrentTaskList() - m_currentTaskList=166
D 21:45:01.1128609 PowerTaskList.DebugDump() - ID=167 ParentID=0 PreviousID=0 TaskCount=1
D 21:45:01.1128609 PowerTaskList.DebugDump() - Block Start=(null)
D 21:45:01.1128609 PowerTaskList.DebugPrintPower() -     TAG_CHANGE Entity=GameEntity tag=STEP value=MAIN_NEXT 
D 21:45:01.1128609 PowerTaskList.DebugDump() - Block End=(null)
D 21:45:01.1128609 PowerProcessor.PrepareHistoryForCurrentTaskList() - m_currentTaskList=167
D 21:45:01.1128609 PowerProcessor.EndCurrentTaskList() - m_currentTaskList=167
D 21:45:01.1128609 PowerTaskList.DebugDump() - ID=168 ParentID=0 PreviousID=0 TaskCount=14
D 21:45:01.1128609 PowerTaskList.DebugPrintPower() - BLOCK_START BlockType=TRIGGER Entity=GameEntity EffectCardId=System.Collections.Generic.List`1[System.String] EffectIndex=-1 Target=0 SubOption=-1 TriggerKeyword=TAG_NOT_SET
D 21:45:01.1128609 PowerTaskList.DebugPrintPower() -     TAG_CHANGE Entity=Rose#55519 tag=1292 value=0 
D 21:45:01.1128609 PowerTaskList.DebugPrintPower() -     TAG_CHANGE Entity=湫然#51704 tag=1292 value=1 
D 21:45:01.1128609 PowerTaskList.DebugPrintPower() -     TAG_CHANGE Entity=[entityName=月光射线 id=38 zone=HAND zonePos=1 cardId=TID_001 player=2] tag=NUM_TURNS_IN_HAND value=7 
D 21:45:01.1128609 PowerTaskList.DebugPrintPower() -     TAG_CHANGE Entity=[entityName=生命缚誓者的礼物 id=64 zone=HAND zonePos=2 cardId=TTN_955 player=2] tag=NUM_TURNS_IN_HAND value=7 
D 21:45:01.1128609 PowerTaskList.DebugPrintPower() -     TAG_CHANGE Entity=[entityName=生物计划 id=62 zone=HAND zonePos=3 cardId=BOT_054 player=2] tag=NUM_TURNS_IN_HAND value=7 
D 21:45:01.1128609 PowerTaskList.DebugPrintPower() -     TAG_CHANGE Entity=[entityName=建造水晶塔 id=57 zone=HAND zonePos=4 cardId=SC_755 player=2] tag=NUM_TURNS_IN_HAND value=7 
D 21:45:01.1128609 PowerTaskList.DebugPrintPower() -     TAG_CHANGE Entity=[entityName=虚灵改装师 id=35 zone=HAND zonePos=5 cardId=BT_724 player=2] tag=NUM_TURNS_IN_HAND value=5 
D 21:45:01.1128609 PowerTaskList.DebugPrintPower() -     TAG_CHANGE Entity=[entityName=月火术 id=50 zone=HAND zonePos=6 cardId=CS2_008 player=2] tag=NUM_TURNS_IN_HAND value=3 
D 21:45:01.1128609 PowerTaskList.DebugPrintPower() -     TAG_CHANGE Entity=Rose#55519 tag=CURRENT_PLAYER value=0 
D 21:45:01.1128609 PowerTaskList.DebugPrintPower() -     TAG_CHANGE Entity=湫然#51704 tag=CURRENT_PLAYER value=1 
D 21:45:01.1128609 PowerTaskList.DebugPrintPower() -     TAG_CHANGE Entity=GameEntity tag=TURN value=7 
D 21:45:01.1128609 PowerTaskList.DebugPrintPower() -     TAG_CHANGE Entity=GameEntity tag=1882 value=6 
D 21:45:01.1128609 PowerTaskList.DebugPrintPower() -     TAG_CHANGE Entity=湫然#51704 tag=TURN value=4 
D 21:45:01.1128609 PowerTaskList.DebugPrintPower() -     TAG_CHANGE Entity=GameEntity tag=NEXT_STEP value=MAIN_READY 
D 21:45:01.1128609 PowerTaskList.DebugPrintPower() - BLOCK_END
D 21:45:01.1128609 PowerProcessor.PrepareHistoryForCurrentTaskList() - m_currentTaskList=168
D 21:45:01.1128609 PowerProcessor.EndCurrentTaskList() - m_currentTaskList=168
D 21:45:01.1128609 PowerTaskList.DebugDump() - ID=169 ParentID=0 PreviousID=0 TaskCount=1
D 21:45:01.1128609 PowerTaskList.DebugDump() - Block Start=(null)
D 21:45:01.1128609 PowerTaskList.DebugPrintPower() -     TAG_CHANGE Entity=GameEntity tag=STEP value=MAIN_READY 
D 21:45:01.1128609 PowerTaskList.DebugDump() - Block End=(null)
D 21:45:01.1128609 PowerProcessor.PrepareHistoryForCurrentTaskList() - m_currentTaskList=169
D 21:45:01.1128609 PowerProcessor.EndCurrentTaskList() - m_currentTaskList=169
D 21:45:01.1128609 PowerTaskList.DebugDump() - ID=170 ParentID=0 PreviousID=0 TaskCount=28
D 21:45:01.1128609 PowerTaskList.DebugPrintPower() - BLOCK_START BlockType=TRIGGER Entity=湫然#51704 EffectCardId=System.Collections.Generic.List`1[System.String] EffectIndex=-1 Target=0 SubOption=-1 TriggerKeyword=TAG_NOT_SET
D 21:45:01.1128609 PowerTaskList.DebugPrintPower() -     TAG_CHANGE Entity=GameEntity tag=NUM_TURNS_IN_PLAY value=7 
D 21:45:01.1128609 PowerTaskList.DebugPrintPower() -     TAG_CHANGE Entity=Rose#55519 tag=NUM_TURNS_IN_PLAY value=7 
D 21:45:01.1128609 PowerTaskList.DebugPrintPower() -     TAG_CHANGE Entity=湫然#51704 tag=NUM_TURNS_IN_PLAY value=7 
D 21:45:01.1128609 PowerTaskList.DebugPrintPower() -     TAG_CHANGE Entity=[entityName=安度因·乌瑞恩 id=67 zone=PLAY zonePos=0 cardId=HERO_09 player=1] tag=NUM_TURNS_IN_PLAY value=7 
D 21:45:01.1128609 PowerTaskList.DebugPrintPower() -     TAG_CHANGE Entity=[entityName=次级治疗术 id=68 zone=PLAY zonePos=0 cardId=HERO_09bp player=1] tag=NUM_TURNS_IN_PLAY value=7 
D 21:45:01.1128609 PowerTaskList.DebugPrintPower() -     TAG_CHANGE Entity=[entityName=嘲风望月露娜拉 id=69 zone=PLAY zonePos=0 cardId=HERO_06bi player=2] tag=NUM_TURNS_IN_PLAY value=7 
D 21:45:01.1128609 PowerTaskList.DebugPrintPower() -     TAG_CHANGE Entity=[entityName=变形 id=70 zone=PLAY zonePos=0 cardId=HERO_06ebp player=2] tag=NUM_TURNS_IN_PLAY value=7 
D 21:45:01.1128609 PowerTaskList.DebugPrintPower() -     TAG_CHANGE Entity=[entityName=神秘访客 id=9 zone=PLAY zonePos=1 cardId=REV_246 player=1] tag=NUM_TURNS_IN_PLAY value=3 
D 21:45:01.1128609 PowerTaskList.DebugPrintPower() -     TAG_CHANGE Entity=[entityName=寻求指引 id=13 zone=SECRET zonePos=0 cardId=SW_433 player=1] tag=NUM_TURNS_IN_PLAY value=5 
D 21:45:01.1128609 PowerTaskList.DebugPrintPower() -     TAG_CHANGE Entity=湫然#51704 tag=RESOURCES value=4 
D 21:45:01.1128609 PowerTaskList.DebugPrintPower() -     TAG_CHANGE Entity=湫然#51704 tag=RESOURCES_USED value=0 
D 21:45:01.1128609 PowerTaskList.DebugPrintPower() -     TAG_CHANGE Entity=[entityName=神秘访客 id=9 zone=PLAY zonePos=1 cardId=REV_246 player=1] tag=NUM_ATTACKS_THIS_TURN value=0 
D 21:45:01.1128609 PowerTaskList.DebugPrintPower() -     TAG_CHANGE Entity=湫然#51704 tag=NUM_OPTIONS_PLAYED_THIS_TURN value=0 
D 21:45:01.1128609 PowerTaskList.DebugPrintPower() -     TAG_CHANGE Entity=湫然#51704 tag=3242 value=0 
D 21:45:01.1128609 PowerTaskList.DebugPrintPower() -     TAG_CHANGE Entity=[entityName=嘲风望月露娜拉 id=69 zone=PLAY zonePos=0 cardId=HERO_06bi player=2] tag=EXHAUSTED value=0 
D 21:45:01.1128609 PowerTaskList.DebugPrintPower() -     TAG_CHANGE Entity=[entityName=变形 id=70 zone=PLAY zonePos=0 cardId=HERO_06ebp player=2] tag=EXHAUSTED value=0 
D 21:45:01.1128609 PowerTaskList.DebugPrintPower() -     TAG_CHANGE Entity=Rose#55519 tag=NUM_CARDS_DRAWN_THIS_TURN value=0 
D 21:45:01.1128609 PowerTaskList.DebugPrintPower() -     TAG_CHANGE Entity=GameEntity tag=NEXT_STEP value=MAIN_START_TRIGGERS 
D 21:45:01.1128609 PowerTaskList.DebugPrintPower() -     TAG_CHANGE Entity=湫然#51704 tag=464 value=0 
D 21:45:01.1128609 PowerTaskList.DebugPrintPower() -     TAG_CHANGE Entity=湫然#51704 tag=4453 value=0 
D 21:45:01.1128609 PowerTaskList.DebugPrintPower() -     TAG_CHANGE Entity=湫然#51704 tag=1575 value=0 
D 21:45:01.1128609 PowerTaskList.DebugPrintPower() -     TAG_CHANGE Entity=湫然#51704 tag=3143 value=0 
D 21:45:01.1128609 PowerTaskList.DebugPrintPower() -     TAG_CHANGE Entity=Rose#55519 tag=DAMAGE_DEALT_TO_HERO_LAST_TURN value=0 
D 21:45:01.1128609 PowerTaskList.DebugPrintPower() -     TAG_CHANGE Entity=[entityName=嘲风望月露娜拉 id=69 zone=PLAY zonePos=0 cardId=HERO_06bi player=2] tag=NUM_ATTACKS_THIS_TURN value=0 
D 21:45:01.1128609 PowerTaskList.DebugPrintPower() -     TAG_CHANGE Entity=Rose#55519 tag=NUM_FRIENDLY_MINIONS_THAT_ATTACKED_THIS_TURN value=0 
D 21:45:01.1128609 PowerTaskList.DebugPrintPower() -     TAG_CHANGE Entity=湫然#51704 tag=HEROPOWER_ACTIVATIONS_THIS_TURN value=0 
D 21:45:01.1128609 PowerTaskList.DebugPrintPower() -     TAG_CHANGE Entity=[entityName=变形 id=70 zone=PLAY zonePos=0 cardId=HERO_06ebp player=2] tag=HEROPOWER_ACTIVATIONS_THIS_TURN value=0 
D 21:45:01.1128609 PowerTaskList.DebugPrintPower() -     TAG_CHANGE Entity=湫然#51704 tag=1739 value=0 
D 21:45:01.1128609 PowerTaskList.DebugPrintPower() - BLOCK_END
D 21:45:01.1128609 PowerProcessor.PrepareHistoryForCurrentTaskList() - m_currentTaskList=170
D 21:45:01.1128609 PowerProcessor.EndCurrentTaskList() - m_currentTaskList=170
D 21:45:01.1128609 PowerTaskList.DebugDump() - ID=171 ParentID=0 PreviousID=0 TaskCount=1
D 21:45:01.1128609 PowerTaskList.DebugDump() - Block Start=(null)
D 21:45:01.1128609 PowerTaskList.DebugPrintPower() -     TAG_CHANGE Entity=GameEntity tag=STEP value=MAIN_START_TRIGGERS 
D 21:45:01.1128609 PowerTaskList.DebugDump() - Block End=(null)
D 21:45:01.1128609 PowerProcessor.PrepareHistoryForCurrentTaskList() - m_currentTaskList=171
D 21:45:01.1128609 PowerProcessor.EndCurrentTaskList() - m_currentTaskList=171
D 21:45:01.1128609 PowerTaskList.DebugDump() - ID=172 ParentID=0 PreviousID=0 TaskCount=1
D 21:45:01.1128609 PowerTaskList.DebugPrintPower() - BLOCK_START BlockType=TRIGGER Entity=湫然#51704 EffectCardId=System.Collections.Generic.List`1[System.String] EffectIndex=-1 Target=0 SubOption=-1 TriggerKeyword=TAG_NOT_SET
D 21:45:01.1128609 PowerTaskList.DebugPrintPower() -     TAG_CHANGE Entity=GameEntity tag=NEXT_STEP value=MAIN_START 
D 21:45:01.1128609 PowerTaskList.DebugPrintPower() - BLOCK_END
D 21:45:01.1128609 PowerProcessor.PrepareHistoryForCurrentTaskList() - m_currentTaskList=172
D 21:45:01.1128609 PowerProcessor.EndCurrentTaskList() - m_currentTaskList=172
D 21:45:01.1128609 PowerTaskList.DebugDump() - ID=173 ParentID=0 PreviousID=0 TaskCount=1
D 21:45:01.1128609 PowerTaskList.DebugDump() - Block Start=(null)
D 21:45:01.1128609 PowerTaskList.DebugPrintPower() -     TAG_CHANGE Entity=GameEntity tag=STEP value=MAIN_START 
D 21:45:01.1128609 PowerTaskList.DebugDump() - Block End=(null)
D 21:45:01.1128609 PowerProcessor.PrepareHistoryForCurrentTaskList() - m_currentTaskList=173
D 21:45:01.1128609 PowerProcessor.EndCurrentTaskList() - m_currentTaskList=173
D 21:45:01.1128609 PowerTaskList.DebugDump() - ID=174 ParentID=0 PreviousID=0 TaskCount=13
D 21:45:01.1128609 PowerTaskList.DebugPrintPower() - BLOCK_START BlockType=TRIGGER Entity=湫然#51704 EffectCardId=System.Collections.Generic.List`1[System.String] EffectIndex=-1 Target=0 SubOption=-1 TriggerKeyword=TAG_NOT_SET
D 21:45:01.1128609 PowerTaskList.DebugPrintPower() -     TAG_CHANGE Entity=湫然#51704 tag=2166 value=36 
D 21:45:01.1128609 PowerTaskList.DebugPrintPower() -     TAG_CHANGE Entity=湫然#51704 tag=467 value=1 
D 21:45:01.1128609 PowerTaskList.DebugPrintPower() -     SHOW_ENTITY - Updating Entity=[entityName=UNKNOWN ENTITY [cardType=INVALID] id=36 zone=DECK zonePos=0 cardId= player=2] CardID=VAC_428
D 21:45:01.1128609 PowerTaskList.DebugPrintPower() -         tag=CONTROLLER value=2
D 21:45:01.1128609 PowerTaskList.DebugPrintPower() -         tag=CARDTYPE value=SPELL
D 21:45:01.1128609 PowerTaskList.DebugPrintPower() -         tag=TAG_LAST_KNOWN_COST_IN_HAND value=1
D 21:45:01.1128609 PowerTaskList.DebugPrintPower() -         tag=COST value=1
D 21:45:01.1128609 PowerTaskList.DebugPrintPower() -         tag=ZONE value=HAND
D 21:45:01.1128609 PowerTaskList.DebugPrintPower() -         tag=ENTITY_ID value=36
D 21:45:01.1128609 PowerTaskList.DebugPrintPower() -         tag=CLASS value=MAGE
D 21:45:01.1128609 PowerTaskList.DebugPrintPower() -         tag=RARITY value=EPIC
D 21:45:01.1128609 PowerTaskList.DebugPrintPower() -         tag=478 value=2
D 21:45:01.1128609 PowerTaskList.DebugPrintPower() -         tag=1037 value=2
D 21:45:01.1128609 PowerTaskList.DebugPrintPower() -         tag=1043 value=1
D 21:45:01.1128609 PowerTaskList.DebugPrintPower() -         tag=1068 value=0
D 21:45:01.1128609 PowerTaskList.DebugPrintPower() -         tag=SPAWN_TIME_COUNT value=1
D 21:45:01.1128609 PowerTaskList.DebugPrintPower() -     TAG_CHANGE Entity=[entityName=UNKNOWN ENTITY [cardType=INVALID] id=36 zone=DECK zonePos=0 cardId= player=2] tag=NUM_TURNS_IN_HAND value=1 
D 21:45:01.1128609 PowerTaskList.DebugPrintPower() -     TAG_CHANGE Entity=[entityName=UNKNOWN ENTITY [cardType=INVALID] id=36 zone=DECK zonePos=0 cardId= player=2] tag=ZONE_POSITION value=7 
D 21:45:01.1128609 PowerTaskList.DebugPrintPower() -     TAG_CHANGE Entity=[entityName=UNKNOWN ENTITY [cardType=INVALID] id=36 zone=DECK zonePos=0 cardId= player=2] tag=ZONE_POSITION value=0 
D 21:45:01.1128609 PowerTaskList.DebugPrintPower() -     TAG_CHANGE Entity=[entityName=UNKNOWN ENTITY [cardType=INVALID] id=36 zone=DECK zonePos=0 cardId= player=2] tag=ZONE_POSITION value=7 
D 21:45:01.1128609 PowerTaskList.DebugPrintPower() -     TAG_CHANGE Entity=湫然#51704 tag=3242 value=1 
D 21:45:01.1128609 PowerTaskList.DebugPrintPower() -     TAG_CHANGE Entity=湫然#51704 tag=NUM_CARDS_DRAWN_THIS_TURN value=1 
D 21:45:01.1128609 PowerTaskList.DebugPrintPower() -     TAG_CHANGE Entity=湫然#51704 tag=995 value=4 
D 21:45:01.1128609 PowerTaskList.DebugPrintPower() -     TAG_CHANGE Entity=[entityName=UNKNOWN ENTITY [cardType=INVALID] id=36 zone=DECK zonePos=0 cardId= player=2] tag=1570 value=7 
D 21:45:01.1128609 PowerTaskList.DebugPrintPower() -     TAG_CHANGE Entity=湫然#51704 tag=467 value=0 
D 21:45:01.1128609 PowerTaskList.DebugPrintPower() -     TAG_CHANGE Entity=GameEntity tag=NEXT_STEP value=MAIN_ACTION 
D 21:45:01.1128609 PowerTaskList.DebugPrintPower() - BLOCK_END
D 21:45:01.1128609 PowerProcessor.PrepareHistoryForCurrentTaskList() - m_currentTaskList=174
D 21:45:01.1937460 GameState.DebugPrintOptions() - id=16
D 21:45:01.1937460 GameState.DebugPrintOptions() -   option 0 type=END_TURN mainEntity= error=INVALID errorParam=
D 21:45:01.1937460 GameState.DebugPrintOptions() -   option 1 type=POWER mainEntity=[entityName=月光射线 id=38 zone=HAND zonePos=1 cardId=TID_001 player=2] error=NONE errorParam=
D 21:45:01.1937460 GameState.DebugPrintOptions() -     target 0 entity=[entityName=安度因·乌瑞恩 id=67 zone=PLAY zonePos=0 cardId=HERO_09 player=1] error=NONE errorParam=
D 21:45:01.1937460 GameState.DebugPrintOptions() -     target 1 entity=[entityName=神秘访客 id=9 zone=PLAY zonePos=1 cardId=REV_246 player=1] error=NONE errorParam=
D 21:45:01.1937460 GameState.DebugPrintOptions() -     target 2 entity=[entityName=嘲风望月露娜拉 id=69 zone=PLAY zonePos=0 cardId=HERO_06bi player=2] error=REQ_ENEMY_TARGET errorParam=
D 21:45:01.1937460 GameState.DebugPrintOptions() -   option 2 type=POWER mainEntity=[entityName=生命缚誓者的礼物 id=64 zone=HAND zonePos=2 cardId=TTN_955 player=2] error=NONE errorParam=
D 21:45:01.1937460 GameState.DebugPrintOptions() -     subOption 0 entity=[entityName=生命缚誓者的绽放 id=65 zone=SETASIDE zonePos=0 cardId=TTN_955A player=2] error=NONE errorParam=
D 21:45:01.1937460 GameState.DebugPrintOptions() -     subOption 1 entity=[entityName=生命缚誓者的生长 id=66 zone=SETASIDE zonePos=0 cardId=TTN_955B player=2] error=NONE errorParam=
D 21:45:01.1937460 GameState.DebugPrintOptions() -   option 3 type=POWER mainEntity=[entityName=生物计划 id=62 zone=HAND zonePos=3 cardId=BOT_054 player=2] error=NONE errorParam=
D 21:45:01.1937460 GameState.DebugPrintOptions() -   option 4 type=POWER mainEntity=[entityName=建造水晶塔 id=57 zone=HAND zonePos=4 cardId=SC_755 player=2] error=NONE errorParam=
D 21:45:01.1937460 GameState.DebugPrintOptions() -   option 5 type=POWER mainEntity=[entityName=虚灵改装师 id=35 zone=HAND zonePos=5 cardId=BT_724 player=2] error=NONE errorParam=
D 21:45:01.1937460 GameState.DebugPrintOptions() -     target 0 entity=[entityName=神秘访客 id=9 zone=PLAY zonePos=1 cardId=REV_246 player=1] error=NONE errorParam=
D 21:45:01.1937460 GameState.DebugPrintOptions() -     target 1 entity=[entityName=安度因·乌瑞恩 id=67 zone=PLAY zonePos=0 cardId=HERO_09 player=1] error=REQ_MINION_TARGET errorParam=
D 21:45:01.1937460 GameState.DebugPrintOptions() -     target 2 entity=[entityName=嘲风望月露娜拉 id=69 zone=PLAY zonePos=0 cardId=HERO_06bi player=2] error=REQ_MINION_TARGET errorParam=
D 21:45:01.1937460 GameState.DebugPrintOptions() -   option 6 type=POWER mainEntity=[entityName=月火术 id=50 zone=HAND zonePos=6 cardId=CS2_008 player=2] error=NONE errorParam=
D 21:45:01.1937460 GameState.DebugPrintOptions() -     target 0 entity=[entityName=安度因·乌瑞恩 id=67 zone=PLAY zonePos=0 cardId=HERO_09 player=1] error=NONE errorParam=
D 21:45:01.1937460 GameState.DebugPrintOptions() -     target 1 entity=[entityName=嘲风望月露娜拉 id=69 zone=PLAY zonePos=0 cardId=HERO_06bi player=2] error=NONE errorParam=
D 21:45:01.1937460 GameState.DebugPrintOptions() -     target 2 entity=[entityName=神秘访客 id=9 zone=PLAY zonePos=1 cardId=REV_246 player=1] error=NONE errorParam=
D 21:45:01.1937460 GameState.DebugPrintOptions() -   option 7 type=POWER mainEntity=[entityName=顺水漂流 id=36 zone=HAND zonePos=7 cardId=VAC_428 player=2] error=NONE errorParam=
D 21:45:01.1937460 GameState.DebugPrintOptions() -     target 0 entity=[entityName=神秘访客 id=9 zone=PLAY zonePos=1 cardId=REV_246 player=1] error=NONE errorParam=
D 21:45:01.1937460 GameState.DebugPrintOptions() -     target 1 entity=[entityName=安度因·乌瑞恩 id=67 zone=PLAY zonePos=0 cardId=HERO_09 player=1] error=REQ_MINION_TARGET errorParam=
D 21:45:01.1937460 GameState.DebugPrintOptions() -     target 2 entity=[entityName=嘲风望月露娜拉 id=69 zone=PLAY zonePos=0 cardId=HERO_06bi player=2] error=REQ_MINION_TARGET errorParam=
D 21:45:01.1937460 GameState.DebugPrintOptions() -   option 8 type=POWER mainEntity=[entityName=变形 id=70 zone=PLAY zonePos=0 cardId=HERO_06ebp player=2] error=NONE errorParam=
D 21:45:01.1937460 GameState.DebugPrintOptions() -   option 9 type=POWER mainEntity=[entityName=安度因·乌瑞恩 id=67 zone=PLAY zonePos=0 cardId=HERO_09 player=1] error=REQ_YOUR_TURN errorParam=
D 21:45:01.1937460 GameState.DebugPrintOptions() -   option 10 type=POWER mainEntity=[entityName=次级治疗术 id=68 zone=PLAY zonePos=0 cardId=HERO_09bp player=1] error=REQ_YOUR_TURN errorParam=
D 21:45:01.1937460 GameState.DebugPrintOptions() -   option 11 type=POWER mainEntity=[entityName=嘲风望月露娜拉 id=69 zone=PLAY zonePos=0 cardId=HERO_06bi player=2] error=REQ_ATTACK_GREATER_THAN_0 errorParam=
D 21:45:01.1937460 GameState.DebugPrintOptions() -   option 12 type=POWER mainEntity=[entityName=神秘访客 id=9 zone=PLAY zonePos=1 cardId=REV_246 player=1] error=REQ_YOUR_TURN errorParam=
D 21:45:01.6393393 PowerProcessor.EndCurrentTaskList() - m_currentTaskList=174
D 21:45:01.6453958 PowerTaskList.DebugDump() - ID=175 ParentID=0 PreviousID=0 TaskCount=1
D 21:45:01.6453958 PowerTaskList.DebugDump() - Block Start=(null)
D 21:45:01.6453958 PowerTaskList.DebugPrintPower() -     TAG_CHANGE Entity=GameEntity tag=STEP value=MAIN_ACTION 
D 21:45:01.6453958 PowerTaskList.DebugDump() - Block End=(null)
D 21:45:01.6453958 PowerProcessor.PrepareHistoryForCurrentTaskList() - m_currentTaskList=175
D 21:45:01.6453958 PowerProcessor.EndCurrentTaskList() - m_currentTaskList=175
D 21:45:01.6453958 PowerTaskList.DebugDump() - ID=176 ParentID=0 PreviousID=0 TaskCount=1
D 21:45:01.6453958 PowerTaskList.DebugPrintPower() - BLOCK_START BlockType=TRIGGER Entity=湫然#51704 EffectCardId=System.Collections.Generic.List`1[System.String] EffectIndex=-1 Target=0 SubOption=-1 TriggerKeyword=TAG_NOT_SET
D 21:45:01.6453958 PowerTaskList.DebugPrintPower() -     TAG_CHANGE Entity=GameEntity tag=NEXT_STEP value=MAIN_END 
D 21:45:01.6453958 PowerTaskList.DebugPrintPower() - BLOCK_END
D 21:45:01.6453958 PowerProcessor.PrepareHistoryForCurrentTaskList() - m_currentTaskList=176
D 21:45:01.6453958 PowerProcessor.EndCurrentTaskList() - m_currentTaskList=176
D 21:45:03.8698110 GameState.SendOption() - selectedOption=8 selectedSubOption=-1 selectedTarget=0 selectedPosition=0
D 21:45:04.3132007 GameState.DebugPrintPowerList() - Count=32
D 21:45:04.3132007 GameState.DebugPrintPower() - BLOCK_START BlockType=PLAY Entity=[entityName=变形 id=70 zone=PLAY zonePos=0 cardId=HERO_06ebp player=2] EffectCardId=System.Collections.Generic.List`1[System.String] EffectIndex=0 Target=0 SubOption=-1 
D 21:45:04.3132007 GameState.DebugPrintPower() -     TAG_CHANGE Entity=湫然#51704 tag=2245 value=6 
D 21:45:04.3132007 GameState.DebugPrintPower() -     TAG_CHANGE Entity=湫然#51704 tag=RESOURCES_USED value=2 
D 21:45:04.3132007 GameState.DebugPrintPower() -     TAG_CHANGE Entity=湫然#51704 tag=NUM_RESOURCES_SPENT_THIS_GAME value=6 
D 21:45:04.3132007 GameState.DebugPrintPower() -     META_DATA - Meta=SLUSH_TIME Data=2000 InfoCount=1
D 21:45:04.3132007 GameState.DebugPrintPower() -                 Info[0] = [entityName=变形 id=70 zone=PLAY zonePos=0 cardId=HERO_06ebp player=2]
D 21:45:04.3132007 GameState.DebugPrintPower() -     BLOCK_START BlockType=POWER Entity=[entityName=变形 id=70 zone=PLAY zonePos=0 cardId=HERO_06ebp player=2] EffectCardId=System.Collections.Generic.List`1[System.String] EffectIndex=0 Target=0 SubOption=-1 
D 21:45:04.3132007 GameState.DebugPrintPower() -         META_DATA - Meta=EFFECT_TIMING Data=0 InfoCount=1
D 21:45:04.3132007 GameState.DebugPrintPower() -                     Info[0] = [entityName=变形 id=70 zone=PLAY zonePos=0 cardId=HERO_06ebp player=2]
D 21:45:04.3132007 GameState.DebugPrintPower() -         TAG_CHANGE Entity=[entityName=嘲风望月露娜拉 id=69 zone=PLAY zonePos=0 cardId=HERO_06bi player=2] tag=3883 value=1 
D 21:45:04.3132007 GameState.DebugPrintPower() -         TAG_CHANGE Entity=[entityName=嘲风望月露娜拉 id=69 zone=PLAY zonePos=0 cardId=HERO_06bi player=2] tag=3883 value=0 
D 21:45:04.3132007 GameState.DebugPrintPower() -         TAG_CHANGE Entity=[entityName=嘲风望月露娜拉 id=69 zone=PLAY zonePos=0 cardId=HERO_06bi player=2] tag=ARMOR value=1 
D 21:45:04.3132007 GameState.DebugPrintPower() -         TAG_CHANGE Entity=湫然#51704 tag=ARMOR_GAINED_THIS_GAME value=3 
D 21:45:04.3132007 GameState.DebugPrintPower() -         TAG_CHANGE Entity=湫然#51704 tag=2786 value=1 
D 21:45:04.3132007 GameState.DebugPrintPower() -         FULL_ENTITY - Creating ID=145 CardID=
D 21:45:04.3132007 GameState.DebugPrintPower() -             tag=ZONE value=SETASIDE
D 21:45:04.3132007 GameState.DebugPrintPower() -             tag=CONTROLLER value=2
D 21:45:04.3132007 GameState.DebugPrintPower() -             tag=ENTITY_ID value=145
D 21:45:04.3132007 GameState.DebugPrintPower() -         SHOW_ENTITY - Updating Entity=145 CardID=CS2_017o
D 21:45:04.3132007 GameState.DebugPrintPower() -             tag=CONTROLLER value=2
D 21:45:04.3132007 GameState.DebugPrintPower() -             tag=CARDTYPE value=ENCHANTMENT
D 21:45:04.3132007 GameState.DebugPrintPower() -             tag=TAG_SCRIPT_DATA_NUM_1 value=1
D 21:45:04.3132007 GameState.DebugPrintPower() -             tag=PREMIUM value=1
D 21:45:04.3132007 GameState.DebugPrintPower() -             tag=ATTACHED value=69
D 21:45:04.3132007 GameState.DebugPrintPower() -             tag=ZONE value=SETASIDE
D 21:45:04.3132007 GameState.DebugPrintPower() -             tag=ENTITY_ID value=145
D 21:45:04.3132007 GameState.DebugPrintPower() -             tag=CLASS value=DRUID
D 21:45:04.3132007 GameState.DebugPrintPower() -             tag=CREATOR value=70
D 21:45:04.3132007 GameState.DebugPrintPower() -             tag=TAG_ONE_TURN_EFFECT value=1
D 21:45:04.3132007 GameState.DebugPrintPower() -             tag=1037 value=2
D 21:45:04.3132007 GameState.DebugPrintPower() -             tag=1068 value=0
D 21:45:04.3132007 GameState.DebugPrintPower() -             tag=CREATOR_DBID value=66926
D 21:45:04.3132007 GameState.DebugPrintPower() -             tag=SPAWN_TIME_COUNT value=1
D 21:45:04.3132007 GameState.DebugPrintPower() -             tag=4901 value=0
D 21:45:04.3132007 GameState.DebugPrintPower() -         TAG_CHANGE Entity=[entityName=嘲风望月露娜拉 id=69 zone=PLAY zonePos=0 cardId=HERO_06bi player=2] tag=TAG_ONE_TURN_EFFECT value=1 
D 21:45:04.3132007 GameState.DebugPrintPower() -         TAG_CHANGE Entity=145 tag=1068 value=1 
D 21:45:04.3132007 GameState.DebugPrintPower() -         TAG_CHANGE Entity=145 tag=1068 value=0 
D 21:45:04.3132007 GameState.DebugPrintPower() -         TAG_CHANGE Entity=145 tag=ZONE value=PLAY 
D 21:45:04.3132007 GameState.DebugPrintPower() -         TAG_CHANGE Entity=[entityName=嘲风望月露娜拉 id=69 zone=PLAY zonePos=0 cardId=HERO_06bi player=2] tag=479 value=1 
D 21:45:04.3132007 GameState.DebugPrintPower() -         TAG_CHANGE Entity=[entityName=嘲风望月露娜拉 id=69 zone=PLAY zonePos=0 cardId=HERO_06bi player=2] tag=ATK value=1 
D 21:45:04.3132007 GameState.DebugPrintPower() -         TAG_CHANGE Entity=[entityName=嘲风望月露娜拉 id=69 zone=PLAY zonePos=0 cardId=HERO_06bi player=2] tag=4741 value=4 
D 21:45:04.3132007 GameState.DebugPrintPower() -         TAG_CHANGE Entity=[entityName=嘲风望月露娜拉 id=69 zone=PLAY zonePos=0 cardId=HERO_06bi player=2] tag=LAST_AFFECTED_BY value=70 
D 21:45:04.3132007 GameState.DebugPrintPower() -     BLOCK_END
D 21:45:04.3132007 GameState.DebugPrintPower() -     TAG_CHANGE Entity=湫然#51704 tag=HEROPOWER_ACTIVATIONS_THIS_TURN value=1 
D 21:45:04.3132007 GameState.DebugPrintPower() -     TAG_CHANGE Entity=湫然#51704 tag=1739 value=1 
D 21:45:04.3132007 GameState.DebugPrintPower() -     TAG_CHANGE Entity=湫然#51704 tag=NUM_TIMES_HERO_POWER_USED_THIS_GAME value=3 
D 21:45:04.3132007 GameState.DebugPrintPower() -     TAG_CHANGE Entity=[entityName=变形 id=70 zone=PLAY zonePos=0 cardId=HERO_06ebp player=2] tag=HEROPOWER_ACTIVATIONS_THIS_TURN value=1 
D 21:45:04.3132007 GameState.DebugPrintPower() -     TAG_CHANGE Entity=[entityName=变形 id=70 zone=PLAY zonePos=0 cardId=HERO_06ebp player=2] tag=EXHAUSTED value=1 
D 21:45:04.3132007 GameState.DebugPrintPower() -     TAG_CHANGE Entity=GameEntity tag=1323 value=10 
D 21:45:04.3132007 GameState.DebugPrintPower() -     TAG_CHANGE Entity=湫然#51704 tag=NUM_OPTIONS_PLAYED_THIS_TURN value=1 
D 21:45:04.3132007 GameState.DebugPrintPower() - BLOCK_END
D 21:45:04.3132007 GameState.DebugPrintPower() - META_DATA - Meta=SLUSH_TIME Data=1000 InfoCount=1
D 21:45:04.3132007 GameState.DebugPrintPower() -             Info[0] = [entityName=变形 id=70 zone=PLAY zonePos=0 cardId=HERO_06ebp player=2]
D 21:45:04.3132007 PowerTaskList.DebugDump() - ID=177 ParentID=0 PreviousID=0 TaskCount=4
D 21:45:04.3132007 PowerTaskList.DebugPrintPower() - BLOCK_START BlockType=PLAY Entity=[entityName=变形 id=70 zone=PLAY zonePos=0 cardId=HERO_06ebp player=2] EffectCardId=System.Collections.Generic.List`1[System.String] EffectIndex=0 Target=0 SubOption=-1 
D 21:45:04.3132007 PowerTaskList.DebugPrintPower() -     TAG_CHANGE Entity=湫然#51704 tag=2245 value=6 
D 21:45:04.3132007 PowerTaskList.DebugPrintPower() -     TAG_CHANGE Entity=湫然#51704 tag=RESOURCES_USED value=2 
D 21:45:04.3132007 PowerTaskList.DebugPrintPower() -     TAG_CHANGE Entity=湫然#51704 tag=NUM_RESOURCES_SPENT_THIS_GAME value=6 
D 21:45:04.3132007 PowerTaskList.DebugPrintPower() -     META_DATA - Meta=SLUSH_TIME Data=2000 InfoCount=1
D 21:45:04.3132007 PowerTaskList.DebugPrintPower() -                 Info[0] = [entityName=变形 id=70 zone=PLAY zonePos=0 cardId=HERO_06ebp player=2]
D 21:45:04.3132007 PowerTaskList.DebugDump() - Block End=(null)
D 21:45:04.3132007 PowerProcessor.PrepareHistoryForCurrentTaskList() - m_currentTaskList=177
D 21:45:04.3132007 PowerProcessor.DoTaskListForCard() - unhandled BlockType PLAY for sourceEntity [entityName=变形 id=70 zone=PLAY zonePos=0 cardId=HERO_06ebp player=2]
D 21:45:04.3132007 PowerProcessor.EndCurrentTaskList() - m_currentTaskList=177
D 21:45:04.3132007 PowerTaskList.DebugDump() - ID=178 ParentID=177 PreviousID=0 TaskCount=16
D 21:45:04.3132007 PowerTaskList.DebugPrintPower() - BLOCK_START BlockType=POWER Entity=[entityName=变形 id=70 zone=PLAY zonePos=0 cardId=HERO_06ebp player=2] EffectCardId=System.Collections.Generic.List`1[System.String] EffectIndex=0 Target=0 SubOption=-1 
D 21:45:04.3132007 PowerTaskList.DebugPrintPower() -     META_DATA - Meta=EFFECT_TIMING Data=0 InfoCount=1
D 21:45:04.3132007 PowerTaskList.DebugPrintPower() -                 Info[0] = [entityName=变形 id=70 zone=PLAY zonePos=0 cardId=HERO_06ebp player=2]
D 21:45:04.3132007 PowerTaskList.DebugPrintPower() -     TAG_CHANGE Entity=[entityName=嘲风望月露娜拉 id=69 zone=PLAY zonePos=0 cardId=HERO_06bi player=2] tag=3883 value=1 
D 21:45:04.3132007 PowerTaskList.DebugPrintPower() -     TAG_CHANGE Entity=[entityName=嘲风望月露娜拉 id=69 zone=PLAY zonePos=0 cardId=HERO_06bi player=2] tag=3883 value=0 
D 21:45:04.3132007 PowerTaskList.DebugPrintPower() -     TAG_CHANGE Entity=[entityName=嘲风望月露娜拉 id=69 zone=PLAY zonePos=0 cardId=HERO_06bi player=2] tag=ARMOR value=1 
D 21:45:04.3132007 PowerTaskList.DebugPrintPower() -     TAG_CHANGE Entity=湫然#51704 tag=ARMOR_GAINED_THIS_GAME value=3 
D 21:45:04.3132007 PowerTaskList.DebugPrintPower() -     TAG_CHANGE Entity=湫然#51704 tag=2786 value=1 
D 21:45:04.3132007 PowerTaskList.DebugPrintPower() -     FULL_ENTITY - Updating [entityName=UNKNOWN ENTITY [cardType=INVALID] id=145 zone=SETASIDE zonePos=0 cardId= player=2] CardID=
D 21:45:04.3132007 PowerTaskList.DebugPrintPower() -         tag=ZONE value=SETASIDE
D 21:45:04.3132007 PowerTaskList.DebugPrintPower() -         tag=CONTROLLER value=2
D 21:45:04.3132007 PowerTaskList.DebugPrintPower() -         tag=ENTITY_ID value=145
D 21:45:04.3132007 PowerTaskList.DebugPrintPower() -     SHOW_ENTITY - Updating Entity=[entityName=UNKNOWN ENTITY [cardType=INVALID] id=145 zone=SETASIDE zonePos=0 cardId= player=2] CardID=CS2_017o
D 21:45:04.3132007 PowerTaskList.DebugPrintPower() -         tag=CONTROLLER value=2
D 21:45:04.3132007 PowerTaskList.DebugPrintPower() -         tag=CARDTYPE value=ENCHANTMENT
D 21:45:04.3132007 PowerTaskList.DebugPrintPower() -         tag=TAG_SCRIPT_DATA_NUM_1 value=1
D 21:45:04.3132007 PowerTaskList.DebugPrintPower() -         tag=PREMIUM value=1
D 21:45:04.3132007 PowerTaskList.DebugPrintPower() -         tag=ATTACHED value=69
D 21:45:04.3132007 PowerTaskList.DebugPrintPower() -         tag=ZONE value=SETASIDE
D 21:45:04.3132007 PowerTaskList.DebugPrintPower() -         tag=ENTITY_ID value=145
D 21:45:04.3132007 PowerTaskList.DebugPrintPower() -         tag=CLASS value=DRUID
D 21:45:04.3132007 PowerTaskList.DebugPrintPower() -         tag=CREATOR value=70
D 21:45:04.3132007 PowerTaskList.DebugPrintPower() -         tag=TAG_ONE_TURN_EFFECT value=1
D 21:45:04.3132007 PowerTaskList.DebugPrintPower() -         tag=1037 value=2
D 21:45:04.3132007 PowerTaskList.DebugPrintPower() -         tag=1068 value=0
D 21:45:04.3132007 PowerTaskList.DebugPrintPower() -         tag=CREATOR_DBID value=66926
D 21:45:04.3132007 PowerTaskList.DebugPrintPower() -         tag=SPAWN_TIME_COUNT value=1
D 21:45:04.3132007 PowerTaskList.DebugPrintPower() -         tag=4901 value=0
D 21:45:04.3132007 PowerTaskList.DebugPrintPower() -     TAG_CHANGE Entity=[entityName=嘲风望月露娜拉 id=69 zone=PLAY zonePos=0 cardId=HERO_06bi player=2] tag=TAG_ONE_TURN_EFFECT value=1 
D 21:45:04.3132007 PowerTaskList.DebugPrintPower() -     TAG_CHANGE Entity=[entityName=UNKNOWN ENTITY [cardType=INVALID] id=145 zone=SETASIDE zonePos=0 cardId= player=2] tag=1068 value=1 
D 21:45:04.3132007 PowerTaskList.DebugPrintPower() -     TAG_CHANGE Entity=[entityName=UNKNOWN ENTITY [cardType=INVALID] id=145 zone=SETASIDE zonePos=0 cardId= player=2] tag=1068 value=0 
D 21:45:04.3132007 PowerTaskList.DebugPrintPower() -     TAG_CHANGE Entity=[entityName=UNKNOWN ENTITY [cardType=INVALID] id=145 zone=SETASIDE zonePos=0 cardId= player=2] tag=ZONE value=PLAY 
D 21:45:04.3132007 PowerTaskList.DebugPrintPower() -     TAG_CHANGE Entity=[entityName=嘲风望月露娜拉 id=69 zone=PLAY zonePos=0 cardId=HERO_06bi player=2] tag=479 value=1 
D 21:45:04.3132007 PowerTaskList.DebugPrintPower() -     TAG_CHANGE Entity=[entityName=嘲风望月露娜拉 id=69 zone=PLAY zonePos=0 cardId=HERO_06bi player=2] tag=ATK value=1 
D 21:45:04.3132007 PowerTaskList.DebugPrintPower() -     TAG_CHANGE Entity=[entityName=嘲风望月露娜拉 id=69 zone=PLAY zonePos=0 cardId=HERO_06bi player=2] tag=4741 value=4 
D 21:45:04.3132007 PowerTaskList.DebugPrintPower() -     TAG_CHANGE Entity=[entityName=嘲风望月露娜拉 id=69 zone=PLAY zonePos=0 cardId=HERO_06bi player=2] tag=LAST_AFFECTED_BY value=70 
D 21:45:04.3132007 PowerTaskList.DebugPrintPower() - BLOCK_END
D 21:45:04.3132007 PowerProcessor.PrepareHistoryForCurrentTaskList() - m_currentTaskList=178
D 21:45:04.3205879 GameState.DebugPrintOptions() - id=17
D 21:45:04.3205879 GameState.DebugPrintOptions() -   option 0 type=END_TURN mainEntity= error=INVALID errorParam=
D 21:45:04.3205879 GameState.DebugPrintOptions() -   option 1 type=POWER mainEntity=[entityName=月光射线 id=38 zone=HAND zonePos=1 cardId=TID_001 player=2] error=NONE errorParam=
D 21:45:04.3205879 GameState.DebugPrintOptions() -     target 0 entity=[entityName=安度因·乌瑞恩 id=67 zone=PLAY zonePos=0 cardId=HERO_09 player=1] error=NONE errorParam=
D 21:45:04.3205879 GameState.DebugPrintOptions() -     target 1 entity=[entityName=神秘访客 id=9 zone=PLAY zonePos=1 cardId=REV_246 player=1] error=NONE errorParam=
D 21:45:04.3205879 GameState.DebugPrintOptions() -     target 2 entity=[entityName=嘲风望月露娜拉 id=69 zone=PLAY zonePos=0 cardId=HERO_06bi player=2] error=REQ_ENEMY_TARGET errorParam=
D 21:45:04.3205879 GameState.DebugPrintOptions() -   option 2 type=POWER mainEntity=[entityName=生命缚誓者的礼物 id=64 zone=HAND zonePos=2 cardId=TTN_955 player=2] error=NONE errorParam=
D 21:45:04.3205879 GameState.DebugPrintOptions() -     subOption 0 entity=[entityName=生命缚誓者的绽放 id=65 zone=SETASIDE zonePos=0 cardId=TTN_955A player=2] error=NONE errorParam=
D 21:45:04.3205879 GameState.DebugPrintOptions() -     subOption 1 entity=[entityName=生命缚誓者的生长 id=66 zone=SETASIDE zonePos=0 cardId=TTN_955B player=2] error=NONE errorParam=
D 21:45:04.3205879 GameState.DebugPrintOptions() -   option 3 type=POWER mainEntity=[entityName=生物计划 id=62 zone=HAND zonePos=3 cardId=BOT_054 player=2] error=NONE errorParam=
D 21:45:04.3205879 GameState.DebugPrintOptions() -   option 4 type=POWER mainEntity=[entityName=建造水晶塔 id=57 zone=HAND zonePos=4 cardId=SC_755 player=2] error=NONE errorParam=
D 21:45:04.3205879 GameState.DebugPrintOptions() -   option 5 type=POWER mainEntity=[entityName=虚灵改装师 id=35 zone=HAND zonePos=5 cardId=BT_724 player=2] error=NONE errorParam=
D 21:45:04.3205879 GameState.DebugPrintOptions() -     target 0 entity=[entityName=神秘访客 id=9 zone=PLAY zonePos=1 cardId=REV_246 player=1] error=NONE errorParam=
D 21:45:04.3205879 GameState.DebugPrintOptions() -     target 1 entity=[entityName=安度因·乌瑞恩 id=67 zone=PLAY zonePos=0 cardId=HERO_09 player=1] error=REQ_MINION_TARGET errorParam=
D 21:45:04.3205879 GameState.DebugPrintOptions() -     target 2 entity=[entityName=嘲风望月露娜拉 id=69 zone=PLAY zonePos=0 cardId=HERO_06bi player=2] error=REQ_MINION_TARGET errorParam=
D 21:45:04.3205879 GameState.DebugPrintOptions() -   option 6 type=POWER mainEntity=[entityName=月火术 id=50 zone=HAND zonePos=6 cardId=CS2_008 player=2] error=NONE errorParam=
D 21:45:04.3205879 GameState.DebugPrintOptions() -     target 0 entity=[entityName=安度因·乌瑞恩 id=67 zone=PLAY zonePos=0 cardId=HERO_09 player=1] error=NONE errorParam=
D 21:45:04.3205879 GameState.DebugPrintOptions() -     target 1 entity=[entityName=嘲风望月露娜拉 id=69 zone=PLAY zonePos=0 cardId=HERO_06bi player=2] error=NONE errorParam=
D 21:45:04.3205879 GameState.DebugPrintOptions() -     target 2 entity=[entityName=神秘访客 id=9 zone=PLAY zonePos=1 cardId=REV_246 player=1] error=NONE errorParam=
D 21:45:04.3205879 GameState.DebugPrintOptions() -   option 7 type=POWER mainEntity=[entityName=顺水漂流 id=36 zone=HAND zonePos=7 cardId=VAC_428 player=2] error=NONE errorParam=
D 21:45:04.3205879 GameState.DebugPrintOptions() -     target 0 entity=[entityName=神秘访客 id=9 zone=PLAY zonePos=1 cardId=REV_246 player=1] error=NONE errorParam=
D 21:45:04.3205879 GameState.DebugPrintOptions() -     target 1 entity=[entityName=安度因·乌瑞恩 id=67 zone=PLAY zonePos=0 cardId=HERO_09 player=1] error=REQ_MINION_TARGET errorParam=
D 21:45:04.3205879 GameState.DebugPrintOptions() -     target 2 entity=[entityName=嘲风望月露娜拉 id=69 zone=PLAY zonePos=0 cardId=HERO_06bi player=2] error=REQ_MINION_TARGET errorParam=
D 21:45:04.3205879 GameState.DebugPrintOptions() -   option 8 type=POWER mainEntity=[entityName=嘲风望月露娜拉 id=69 zone=PLAY zonePos=0 cardId=HERO_06bi player=2] error=NONE errorParam=
D 21:45:04.3205879 GameState.DebugPrintOptions() -     target 0 entity=[entityName=安度因·乌瑞恩 id=67 zone=PLAY zonePos=0 cardId=HERO_09 player=1] error=NONE errorParam=
D 21:45:04.3205879 GameState.DebugPrintOptions() -     target 1 entity=[entityName=神秘访客 id=9 zone=PLAY zonePos=1 cardId=REV_246 player=1] error=NONE errorParam=
D 21:45:04.3205879 GameState.DebugPrintOptions() -     target 2 entity=[entityName=嘲风望月露娜拉 id=69 zone=PLAY zonePos=0 cardId=HERO_06bi player=2] error=REQ_ENEMY_TARGET errorParam=
D 21:45:04.3205879 GameState.DebugPrintOptions() -   option 9 type=POWER mainEntity=[entityName=安度因·乌瑞恩 id=67 zone=PLAY zonePos=0 cardId=HERO_09 player=1] error=REQ_YOUR_TURN errorParam=
D 21:45:04.3205879 GameState.DebugPrintOptions() -   option 10 type=POWER mainEntity=[entityName=次级治疗术 id=68 zone=PLAY zonePos=0 cardId=HERO_09bp player=1] error=REQ_YOUR_TURN errorParam=
D 21:45:04.3205879 GameState.DebugPrintOptions() -   option 11 type=POWER mainEntity=[entityName=变形 id=70 zone=PLAY zonePos=0 cardId=HERO_06ebp player=2] error=REQ_NOT_EXHAUSTED_HERO_POWER errorParam=
D 21:45:04.3205879 GameState.DebugPrintOptions() -   option 12 type=POWER mainEntity=[entityName=神秘访客 id=9 zone=PLAY zonePos=1 cardId=REV_246 player=1] error=REQ_YOUR_TURN errorParam=
D 21:45:04.6133776 PowerProcessor.EndCurrentTaskList() - m_currentTaskList=178
D 21:45:05.4305377 GameState.SendOption() - selectedOption=8 selectedSubOption=-1 selectedTarget=67 selectedPosition=0
D 21:45:05.7571003 PowerTaskList.DebugDump() - ID=179 ParentID=0 PreviousID=177 TaskCount=7
D 21:45:05.7571003 PowerTaskList.DebugDump() - Block Start=(null)
D 21:45:05.7571003 PowerTaskList.DebugPrintPower() -     TAG_CHANGE Entity=湫然#51704 tag=HEROPOWER_ACTIVATIONS_THIS_TURN value=1 
D 21:45:05.7571003 PowerTaskList.DebugPrintPower() -     TAG_CHANGE Entity=湫然#51704 tag=1739 value=1 
D 21:45:05.7571003 PowerTaskList.DebugPrintPower() -     TAG_CHANGE Entity=湫然#51704 tag=NUM_TIMES_HERO_POWER_USED_THIS_GAME value=3 
D 21:45:05.7571003 PowerTaskList.DebugPrintPower() -     TAG_CHANGE Entity=[entityName=变形 id=70 zone=PLAY zonePos=0 cardId=HERO_06ebp player=2] tag=HEROPOWER_ACTIVATIONS_THIS_TURN value=1 
D 21:45:05.7571003 PowerTaskList.DebugPrintPower() -     TAG_CHANGE Entity=[entityName=变形 id=70 zone=PLAY zonePos=0 cardId=HERO_06ebp player=2] tag=EXHAUSTED value=1 
D 21:45:05.7571003 PowerTaskList.DebugPrintPower() -     TAG_CHANGE Entity=GameEntity tag=1323 value=10 
D 21:45:05.7571003 PowerTaskList.DebugPrintPower() -     TAG_CHANGE Entity=湫然#51704 tag=NUM_OPTIONS_PLAYED_THIS_TURN value=1 
D 21:45:05.7571003 PowerTaskList.DebugPrintPower() - BLOCK_END
D 21:45:05.7571003 PowerProcessor.PrepareHistoryForCurrentTaskList() - m_currentTaskList=179
D 21:45:05.7571003 PowerProcessor.DoTaskListForCard() - unhandled BlockType PLAY for sourceEntity [entityName=变形 id=70 zone=PLAY zonePos=0 cardId=HERO_06ebp player=2]
D 21:45:05.7571003 PowerProcessor.EndCurrentTaskList() - m_currentTaskList=179
D 21:45:05.7571003 PowerTaskList.DebugDump() - ID=180 ParentID=0 PreviousID=0 TaskCount=1
D 21:45:05.7571003 PowerTaskList.DebugDump() - Block Start=(null)
D 21:45:05.7571003 PowerTaskList.DebugPrintPower() -     META_DATA - Meta=SLUSH_TIME Data=1000 InfoCount=1
D 21:45:05.7571003 PowerTaskList.DebugPrintPower() -                 Info[0] = [entityName=变形 id=70 zone=PLAY zonePos=0 cardId=HERO_06ebp player=2]
D 21:45:05.7571003 PowerTaskList.DebugDump() - Block End=(null)
D 21:45:05.7571003 PowerProcessor.PrepareHistoryForCurrentTaskList() - m_currentTaskList=180
D 21:45:05.7571003 PowerProcessor.EndCurrentTaskList() - m_currentTaskList=180
D 21:45:05.8046631 GameState.DebugPrintPowerList() - Count=39
D 21:45:05.8046631 GameState.DebugPrintPower() - BLOCK_START BlockType=ATTACK Entity=[entityName=嘲风望月露娜拉 id=69 zone=PLAY zonePos=0 cardId=HERO_06bi player=2] EffectCardId=System.Collections.Generic.List`1[System.String] EffectIndex=0 Target=[entityName=安度因·乌瑞恩 id=67 zone=PLAY zonePos=0 cardId=HERO_09 player=1] SubOption=-1 
D 21:45:05.8046631 GameState.DebugPrintPower() -     TAG_CHANGE Entity=[entityName=嘲风望月露娜拉 id=69 zone=PLAY zonePos=0 cardId=HERO_06bi player=2] tag=1715 value=69 
D 21:45:05.8046631 GameState.DebugPrintPower() -     TAG_CHANGE Entity=GameEntity tag=PROPOSED_ATTACKER value=69 
D 21:45:05.8046631 GameState.DebugPrintPower() -     TAG_CHANGE Entity=GameEntity tag=PROPOSED_DEFENDER value=67 
D 21:45:05.8046631 GameState.DebugPrintPower() -     TAG_CHANGE Entity=[entityName=嘲风望月露娜拉 id=69 zone=PLAY zonePos=0 cardId=HERO_06bi player=2] tag=ATTACKING value=1 
D 21:45:05.8046631 GameState.DebugPrintPower() -     META_DATA - Meta=SLUSH_TIME Data=1200 InfoCount=1
D 21:45:05.8046631 GameState.DebugPrintPower() -                 Info[0] = [entityName=嘲风望月露娜拉 id=69 zone=PLAY zonePos=0 cardId=HERO_06bi player=2]
D 21:45:05.8046631 GameState.DebugPrintPower() -     TAG_CHANGE Entity=[entityName=安度因·乌瑞恩 id=67 zone=PLAY zonePos=0 cardId=HERO_09 player=1] tag=DEFENDING value=1 
D 21:45:05.8046631 GameState.DebugPrintPower() -     TAG_CHANGE Entity=[entityName=嘲风望月露娜拉 id=69 zone=PLAY zonePos=0 cardId=HERO_06bi player=2] tag=NUM_ATTACKS_THIS_TURN value=1 
D 21:45:05.8046631 GameState.DebugPrintPower() -     TAG_CHANGE Entity=[entityName=嘲风望月露娜拉 id=69 zone=PLAY zonePos=0 cardId=HERO_06bi player=2] tag=4163 value=3 
D 21:45:05.8046631 GameState.DebugPrintPower() -     TAG_CHANGE Entity=[entityName=嘲风望月露娜拉 id=69 zone=PLAY zonePos=0 cardId=HERO_06bi player=2] tag=EXHAUSTED value=1 
D 21:45:05.8046631 GameState.DebugPrintPower() -     TAG_CHANGE Entity=[entityName=安度因·乌瑞恩 id=67 zone=PLAY zonePos=0 cardId=HERO_09 player=1] tag=2187 value=69 
D 21:45:05.8046631 GameState.DebugPrintPower() -     TAG_CHANGE Entity=[entityName=安度因·乌瑞恩 id=67 zone=PLAY zonePos=0 cardId=HERO_09 player=1] tag=PREDAMAGE value=1 
D 21:45:05.8046631 GameState.DebugPrintPower() -     TAG_CHANGE Entity=[entityName=安度因·乌瑞恩 id=67 zone=PLAY zonePos=0 cardId=HERO_09 player=1] tag=1173 value=67 
D 21:45:05.8046631 GameState.DebugPrintPower() -     TAG_CHANGE Entity=[entityName=安度因·乌瑞恩 id=67 zone=PLAY zonePos=0 cardId=HERO_09 player=1] tag=2187 value=0 
D 21:45:05.8046631 GameState.DebugPrintPower() -     TAG_CHANGE Entity=[entityName=安度因·乌瑞恩 id=67 zone=PLAY zonePos=0 cardId=HERO_09 player=1] tag=PREDAMAGE value=0 
D 21:45:05.8046631 GameState.DebugPrintPower() -     TAG_CHANGE Entity=[entityName=安度因·乌瑞恩 id=67 zone=PLAY zonePos=0 cardId=HERO_09 player=1] tag=1173 value=0 
D 21:45:05.8046631 GameState.DebugPrintPower() -     TAG_CHANGE Entity=湫然#51704 tag=2335 value=3 
D 21:45:05.8046631 GameState.DebugPrintPower() -     TAG_CHANGE Entity=[entityName=安度因·乌瑞恩 id=67 zone=PLAY zonePos=0 cardId=HERO_09 player=1] tag=PREDAMAGE value=1 
D 21:45:05.8046631 GameState.DebugPrintPower() -     TAG_CHANGE Entity=[entityName=安度因·乌瑞恩 id=67 zone=PLAY zonePos=0 cardId=HERO_09 player=1] tag=PREDAMAGE value=0 
D 21:45:05.8046631 GameState.DebugPrintPower() -     META_DATA - Meta=DAMAGE Data=1 InfoCount=1
D 21:45:05.8046631 GameState.DebugPrintPower() -                 Info[0] = [entityName=安度因·乌瑞恩 id=67 zone=PLAY zonePos=0 cardId=HERO_09 player=1]
D 21:45:05.8046631 GameState.DebugPrintPower() -     TAG_CHANGE Entity=[entityName=安度因·乌瑞恩 id=67 zone=PLAY zonePos=0 cardId=HERO_09 player=1] tag=4741 value=4 
D 21:45:05.8046631 GameState.DebugPrintPower() -     TAG_CHANGE Entity=[entityName=安度因·乌瑞恩 id=67 zone=PLAY zonePos=0 cardId=HERO_09 player=1] tag=DAMAGE value=3 
D 21:45:05.8046631 GameState.DebugPrintPower() -     TAG_CHANGE Entity=Rose#55519 tag=464 value=1 
D 21:45:05.8046631 GameState.DebugPrintPower() -     TAG_CHANGE Entity=Rose#55519 tag=1853 value=3 
D 21:45:05.8046631 GameState.DebugPrintPower() -     TAG_CHANGE Entity=Rose#55519 tag=4453 value=1 
D 21:45:05.8046631 GameState.DebugPrintPower() -     TAG_CHANGE Entity=Rose#55519 tag=DAMAGE_DEALT_TO_HERO_LAST_TURN value=1 
D 21:45:05.8046631 GameState.DebugPrintPower() -     TAG_CHANGE Entity=Rose#55519 tag=1575 value=1 
D 21:45:05.8046631 GameState.DebugPrintPower() -     TAG_CHANGE Entity=GameEntity tag=1710 value=1 
D 21:45:05.8046631 GameState.DebugPrintPower() -     TAG_CHANGE Entity=GameEntity tag=1710 value=0 
D 21:45:05.8046631 GameState.DebugPrintPower() -     TAG_CHANGE Entity=GameEntity tag=PROPOSED_ATTACKER value=0 
D 21:45:05.8046631 GameState.DebugPrintPower() -     TAG_CHANGE Entity=GameEntity tag=PROPOSED_DEFENDER value=0 
D 21:45:05.8046631 GameState.DebugPrintPower() -     TAG_CHANGE Entity=[entityName=嘲风望月露娜拉 id=69 zone=PLAY zonePos=0 cardId=HERO_06bi player=2] tag=ATTACKING value=0 
D 21:45:05.8046631 GameState.DebugPrintPower() -     TAG_CHANGE Entity=[entityName=安度因·乌瑞恩 id=67 zone=PLAY zonePos=0 cardId=HERO_09 player=1] tag=DEFENDING value=0 
D 21:45:05.8046631 GameState.DebugPrintPower() - BLOCK_END
D 21:45:05.8046631 GameState.DebugPrintPower() - BLOCK_START BlockType=TRIGGER Entity=湫然#51704 EffectCardId=System.Collections.Generic.List`1[System.String] EffectIndex=-1 Target=0 SubOption=-1 TriggerKeyword=TAG_NOT_SET
D 21:45:05.8046631 GameState.DebugPrintPower() - BLOCK_END
D 21:45:05.8046631 GameState.DebugPrintPower() - TAG_CHANGE Entity=GameEntity tag=1323 value=11 
D 21:45:05.8046631 GameState.DebugPrintPower() - TAG_CHANGE Entity=湫然#51704 tag=NUM_OPTIONS_PLAYED_THIS_TURN value=2 
D 21:45:05.8046631 GameState.DebugPrintPower() - META_DATA - Meta=SLUSH_TIME Data=1000 InfoCount=1
D 21:45:05.8046631 GameState.DebugPrintPower() -             Info[0] = [entityName=嘲风望月露娜拉 id=69 zone=PLAY zonePos=0 cardId=HERO_06bi player=2]
D 21:45:05.8046631 PowerTaskList.DebugDump() - ID=181 ParentID=0 PreviousID=0 TaskCount=32
D 21:45:05.8046631 PowerTaskList.DebugPrintPower() - BLOCK_START BlockType=ATTACK Entity=[entityName=嘲风望月露娜拉 id=69 zone=PLAY zonePos=0 cardId=HERO_06bi player=2] EffectCardId=System.Collections.Generic.List`1[System.String] EffectIndex=0 Target=[entityName=安度因·乌瑞恩 id=67 zone=PLAY zonePos=0 cardId=HERO_09 player=1] SubOption=-1 
D 21:45:05.8046631 PowerTaskList.DebugPrintPower() -     TAG_CHANGE Entity=[entityName=嘲风望月露娜拉 id=69 zone=PLAY zonePos=0 cardId=HERO_06bi player=2] tag=1715 value=69 
D 21:45:05.8046631 PowerTaskList.DebugPrintPower() -     TAG_CHANGE Entity=GameEntity tag=PROPOSED_ATTACKER value=69 
D 21:45:05.8046631 PowerTaskList.DebugPrintPower() -     TAG_CHANGE Entity=GameEntity tag=PROPOSED_DEFENDER value=67 
D 21:45:05.8046631 PowerTaskList.DebugPrintPower() -     TAG_CHANGE Entity=[entityName=嘲风望月露娜拉 id=69 zone=PLAY zonePos=0 cardId=HERO_06bi player=2] tag=ATTACKING value=1 
D 21:45:05.8046631 PowerTaskList.DebugPrintPower() -     META_DATA - Meta=SLUSH_TIME Data=1200 InfoCount=1
D 21:45:05.8046631 PowerTaskList.DebugPrintPower() -                 Info[0] = [entityName=嘲风望月露娜拉 id=69 zone=PLAY zonePos=0 cardId=HERO_06bi player=2]
D 21:45:05.8046631 PowerTaskList.DebugPrintPower() -     TAG_CHANGE Entity=[entityName=安度因·乌瑞恩 id=67 zone=PLAY zonePos=0 cardId=HERO_09 player=1] tag=DEFENDING value=1 
D 21:45:05.8046631 PowerTaskList.DebugPrintPower() -     TAG_CHANGE Entity=[entityName=嘲风望月露娜拉 id=69 zone=PLAY zonePos=0 cardId=HERO_06bi player=2] tag=NUM_ATTACKS_THIS_TURN value=1 
D 21:45:05.8046631 PowerTaskList.DebugPrintPower() -     TAG_CHANGE Entity=[entityName=嘲风望月露娜拉 id=69 zone=PLAY zonePos=0 cardId=HERO_06bi player=2] tag=4163 value=3 
D 21:45:05.8046631 PowerTaskList.DebugPrintPower() -     TAG_CHANGE Entity=[entityName=嘲风望月露娜拉 id=69 zone=PLAY zonePos=0 cardId=HERO_06bi player=2] tag=EXHAUSTED value=1 
D 21:45:05.8046631 PowerTaskList.DebugPrintPower() -     TAG_CHANGE Entity=[entityName=安度因·乌瑞恩 id=67 zone=PLAY zonePos=0 cardId=HERO_09 player=1] tag=2187 value=69 
D 21:45:05.8046631 PowerTaskList.DebugPrintPower() -     TAG_CHANGE Entity=[entityName=安度因·乌瑞恩 id=67 zone=PLAY zonePos=0 cardId=HERO_09 player=1] tag=PREDAMAGE value=1 
D 21:45:05.8046631 PowerTaskList.DebugPrintPower() -     TAG_CHANGE Entity=[entityName=安度因·乌瑞恩 id=67 zone=PLAY zonePos=0 cardId=HERO_09 player=1] tag=1173 value=67 
D 21:45:05.8046631 PowerTaskList.DebugPrintPower() -     TAG_CHANGE Entity=[entityName=安度因·乌瑞恩 id=67 zone=PLAY zonePos=0 cardId=HERO_09 player=1] tag=2187 value=0 
D 21:45:05.8046631 PowerTaskList.DebugPrintPower() -     TAG_CHANGE Entity=[entityName=安度因·乌瑞恩 id=67 zone=PLAY zonePos=0 cardId=HERO_09 player=1] tag=PREDAMAGE value=0 
D 21:45:05.8046631 PowerTaskList.DebugPrintPower() -     TAG_CHANGE Entity=[entityName=安度因·乌瑞恩 id=67 zone=PLAY zonePos=0 cardId=HERO_09 player=1] tag=1173 value=0 
D 21:45:05.8046631 PowerTaskList.DebugPrintPower() -     TAG_CHANGE Entity=湫然#51704 tag=2335 value=3 
D 21:45:05.8046631 PowerTaskList.DebugPrintPower() -     TAG_CHANGE Entity=[entityName=安度因·乌瑞恩 id=67 zone=PLAY zonePos=0 cardId=HERO_09 player=1] tag=PREDAMAGE value=1 
D 21:45:05.8046631 PowerTaskList.DebugPrintPower() -     TAG_CHANGE Entity=[entityName=安度因·乌瑞恩 id=67 zone=PLAY zonePos=0 cardId=HERO_09 player=1] tag=PREDAMAGE value=0 
D 21:45:05.8046631 PowerTaskList.DebugPrintPower() -     META_DATA - Meta=DAMAGE Data=1 InfoCount=1
D 21:45:05.8046631 PowerTaskList.DebugPrintPower() -                 Info[0] = [entityName=安度因·乌瑞恩 id=67 zone=PLAY zonePos=0 cardId=HERO_09 player=1]
D 21:45:05.8046631 PowerTaskList.DebugPrintPower() -     TAG_CHANGE Entity=[entityName=安度因·乌瑞恩 id=67 zone=PLAY zonePos=0 cardId=HERO_09 player=1] tag=4741 value=4 
D 21:45:05.8046631 PowerTaskList.DebugPrintPower() -     TAG_CHANGE Entity=[entityName=安度因·乌瑞恩 id=67 zone=PLAY zonePos=0 cardId=HERO_09 player=1] tag=DAMAGE value=3 
D 21:45:05.8046631 PowerTaskList.DebugPrintPower() -     TAG_CHANGE Entity=Rose#55519 tag=464 value=1 
D 21:45:05.8046631 PowerTaskList.DebugPrintPower() -     TAG_CHANGE Entity=Rose#55519 tag=1853 value=3 
D 21:45:05.8046631 PowerTaskList.DebugPrintPower() -     TAG_CHANGE Entity=Rose#55519 tag=4453 value=1 
D 21:45:05.8046631 PowerTaskList.DebugPrintPower() -     TAG_CHANGE Entity=Rose#55519 tag=DAMAGE_DEALT_TO_HERO_LAST_TURN value=1 
D 21:45:05.8046631 PowerTaskList.DebugPrintPower() -     TAG_CHANGE Entity=Rose#55519 tag=1575 value=1 
D 21:45:05.8046631 PowerTaskList.DebugPrintPower() -     TAG_CHANGE Entity=GameEntity tag=1710 value=1 
D 21:45:05.8046631 PowerTaskList.DebugPrintPower() -     TAG_CHANGE Entity=GameEntity tag=1710 value=0 
D 21:45:05.8046631 PowerTaskList.DebugPrintPower() -     TAG_CHANGE Entity=GameEntity tag=PROPOSED_ATTACKER value=0 
D 21:45:05.8046631 PowerTaskList.DebugPrintPower() -     TAG_CHANGE Entity=GameEntity tag=PROPOSED_DEFENDER value=0 
D 21:45:05.8046631 PowerTaskList.DebugPrintPower() -     TAG_CHANGE Entity=[entityName=嘲风望月露娜拉 id=69 zone=PLAY zonePos=0 cardId=HERO_06bi player=2] tag=ATTACKING value=0 
D 21:45:05.8046631 PowerTaskList.DebugPrintPower() -     TAG_CHANGE Entity=[entityName=安度因·乌瑞恩 id=67 zone=PLAY zonePos=0 cardId=HERO_09 player=1] tag=DEFENDING value=0 
D 21:45:05.8046631 PowerTaskList.DebugPrintPower() - BLOCK_END
D 21:45:05.8046631 PowerProcessor.PrepareHistoryForCurrentTaskList() - m_currentTaskList=181
D 21:45:05.8126968 GameState.DebugPrintOptions() - id=18
D 21:45:05.8126968 GameState.DebugPrintOptions() -   option 0 type=END_TURN mainEntity= error=INVALID errorParam=
D 21:45:05.8126968 GameState.DebugPrintOptions() -   option 1 type=POWER mainEntity=[entityName=月光射线 id=38 zone=HAND zonePos=1 cardId=TID_001 player=2] error=NONE errorParam=
D 21:45:05.8126968 GameState.DebugPrintOptions() -     target 0 entity=[entityName=安度因·乌瑞恩 id=67 zone=PLAY zonePos=0 cardId=HERO_09 player=1] error=NONE errorParam=
D 21:45:05.8126968 GameState.DebugPrintOptions() -     target 1 entity=[entityName=神秘访客 id=9 zone=PLAY zonePos=1 cardId=REV_246 player=1] error=NONE errorParam=
D 21:45:05.8126968 GameState.DebugPrintOptions() -     target 2 entity=[entityName=嘲风望月露娜拉 id=69 zone=PLAY zonePos=0 cardId=HERO_06bi player=2] error=REQ_ENEMY_TARGET errorParam=
D 21:45:05.8126968 GameState.DebugPrintOptions() -   option 2 type=POWER mainEntity=[entityName=生命缚誓者的礼物 id=64 zone=HAND zonePos=2 cardId=TTN_955 player=2] error=NONE errorParam=
D 21:45:05.8126968 GameState.DebugPrintOptions() -     subOption 0 entity=[entityName=生命缚誓者的绽放 id=65 zone=SETASIDE zonePos=0 cardId=TTN_955A player=2] error=NONE errorParam=
D 21:45:05.8126968 GameState.DebugPrintOptions() -     subOption 1 entity=[entityName=生命缚誓者的生长 id=66 zone=SETASIDE zonePos=0 cardId=TTN_955B player=2] error=NONE errorParam=
D 21:45:05.8126968 GameState.DebugPrintOptions() -   option 3 type=POWER mainEntity=[entityName=生物计划 id=62 zone=HAND zonePos=3 cardId=BOT_054 player=2] error=NONE errorParam=
D 21:45:05.8126968 GameState.DebugPrintOptions() -   option 4 type=POWER mainEntity=[entityName=建造水晶塔 id=57 zone=HAND zonePos=4 cardId=SC_755 player=2] error=NONE errorParam=
D 21:45:05.8126968 GameState.DebugPrintOptions() -   option 5 type=POWER mainEntity=[entityName=虚灵改装师 id=35 zone=HAND zonePos=5 cardId=BT_724 player=2] error=NONE errorParam=
D 21:45:05.8126968 GameState.DebugPrintOptions() -     target 0 entity=[entityName=神秘访客 id=9 zone=PLAY zonePos=1 cardId=REV_246 player=1] error=NONE errorParam=
D 21:45:05.8126968 GameState.DebugPrintOptions() -     target 1 entity=[entityName=安度因·乌瑞恩 id=67 zone=PLAY zonePos=0 cardId=HERO_09 player=1] error=REQ_MINION_TARGET errorParam=
D 21:45:05.8126968 GameState.DebugPrintOptions() -     target 2 entity=[entityName=嘲风望月露娜拉 id=69 zone=PLAY zonePos=0 cardId=HERO_06bi player=2] error=REQ_MINION_TARGET errorParam=
D 21:45:05.8126968 GameState.DebugPrintOptions() -   option 6 type=POWER mainEntity=[entityName=月火术 id=50 zone=HAND zonePos=6 cardId=CS2_008 player=2] error=NONE errorParam=
D 21:45:05.8126968 GameState.DebugPrintOptions() -     target 0 entity=[entityName=安度因·乌瑞恩 id=67 zone=PLAY zonePos=0 cardId=HERO_09 player=1] error=NONE errorParam=
D 21:45:05.8126968 GameState.DebugPrintOptions() -     target 1 entity=[entityName=嘲风望月露娜拉 id=69 zone=PLAY zonePos=0 cardId=HERO_06bi player=2] error=NONE errorParam=
D 21:45:05.8126968 GameState.DebugPrintOptions() -     target 2 entity=[entityName=神秘访客 id=9 zone=PLAY zonePos=1 cardId=REV_246 player=1] error=NONE errorParam=
D 21:45:05.8126968 GameState.DebugPrintOptions() -   option 7 type=POWER mainEntity=[entityName=顺水漂流 id=36 zone=HAND zonePos=7 cardId=VAC_428 player=2] error=NONE errorParam=
D 21:45:05.8126968 GameState.DebugPrintOptions() -     target 0 entity=[entityName=神秘访客 id=9 zone=PLAY zonePos=1 cardId=REV_246 player=1] error=NONE errorParam=
D 21:45:05.8126968 GameState.DebugPrintOptions() -     target 1 entity=[entityName=安度因·乌瑞恩 id=67 zone=PLAY zonePos=0 cardId=HERO_09 player=1] error=REQ_MINION_TARGET errorParam=
D 21:45:05.8126968 GameState.DebugPrintOptions() -     target 2 entity=[entityName=嘲风望月露娜拉 id=69 zone=PLAY zonePos=0 cardId=HERO_06bi player=2] error=REQ_MINION_TARGET errorParam=
D 21:45:05.8126968 GameState.DebugPrintOptions() -   option 8 type=POWER mainEntity=[entityName=安度因·乌瑞恩 id=67 zone=PLAY zonePos=0 cardId=HERO_09 player=1] error=REQ_YOUR_TURN errorParam=
D 21:45:05.8126968 GameState.DebugPrintOptions() -   option 9 type=POWER mainEntity=[entityName=次级治疗术 id=68 zone=PLAY zonePos=0 cardId=HERO_09bp player=1] error=REQ_YOUR_TURN errorParam=
D 21:45:05.8126968 GameState.DebugPrintOptions() -   option 10 type=POWER mainEntity=[entityName=嘲风望月露娜拉 id=69 zone=PLAY zonePos=0 cardId=HERO_06bi player=2] error=REQ_NOT_EXHAUSTED_ACTIVATE errorParam=
D 21:45:05.8126968 GameState.DebugPrintOptions() -   option 11 type=POWER mainEntity=[entityName=变形 id=70 zone=PLAY zonePos=0 cardId=HERO_06ebp player=2] error=REQ_NOT_EXHAUSTED_HERO_POWER errorParam=
D 21:45:05.8126968 GameState.DebugPrintOptions() -   option 12 type=POWER mainEntity=[entityName=神秘访客 id=9 zone=PLAY zonePos=1 cardId=REV_246 player=1] error=REQ_YOUR_TURN errorParam=
D 21:45:07.1239464 PowerProcessor.EndCurrentTaskList() - m_currentTaskList=181
D 21:45:07.1239464 PowerTaskList.DebugDump() - ID=182 ParentID=0 PreviousID=0 TaskCount=0
D 21:45:07.1239464 PowerTaskList.DebugPrintPower() - BLOCK_START BlockType=TRIGGER Entity=湫然#51704 EffectCardId=System.Collections.Generic.List`1[System.String] EffectIndex=-1 Target=0 SubOption=-1 TriggerKeyword=TAG_NOT_SET
D 21:45:07.1239464 PowerTaskList.DebugPrintPower() - BLOCK_END
D 21:45:07.1239464 PowerProcessor.PrepareHistoryForCurrentTaskList() - m_currentTaskList=182
D 21:45:07.1239464 PowerProcessor.EndCurrentTaskList() - m_currentTaskList=182
D 21:45:07.1239464 PowerTaskList.DebugDump() - ID=183 ParentID=0 PreviousID=0 TaskCount=3
D 21:45:07.1239464 PowerTaskList.DebugDump() - Block Start=(null)
D 21:45:07.1239464 PowerTaskList.DebugPrintPower() -     TAG_CHANGE Entity=GameEntity tag=1323 value=11 
D 21:45:07.1239464 PowerTaskList.DebugPrintPower() -     TAG_CHANGE Entity=湫然#51704 tag=NUM_OPTIONS_PLAYED_THIS_TURN value=2 
D 21:45:07.1239464 PowerTaskList.DebugPrintPower() -     META_DATA - Meta=SLUSH_TIME Data=1000 InfoCount=1
D 21:45:07.1239464 PowerTaskList.DebugPrintPower() -                 Info[0] = [entityName=嘲风望月露娜拉 id=69 zone=PLAY zonePos=0 cardId=HERO_06bi player=2]
D 21:45:07.1239464 PowerTaskList.DebugDump() - Block End=(null)
D 21:45:07.1239464 PowerProcessor.PrepareHistoryForCurrentTaskList() - m_currentTaskList=183
D 21:45:07.1239464 PowerProcessor.EndCurrentTaskList() - m_currentTaskList=183
D 21:45:07.8687265 GameState.SendOption() - selectedOption=0 selectedSubOption=-1 selectedTarget=0 selectedPosition=0
D 21:45:08.6873172 GameState.DebugPrintPowerList() - Count=95
D 21:45:08.6873172 GameState.DebugPrintPower() - TAG_CHANGE Entity=GameEntity tag=STEP value=MAIN_END 
D 21:45:08.6873172 GameState.DebugPrintPower() - BLOCK_START BlockType=TRIGGER Entity=Rose#55519 EffectCardId=System.Collections.Generic.List`1[System.String] EffectIndex=-1 Target=0 SubOption=-1 TriggerKeyword=TAG_NOT_SET
D 21:45:08.6873172 GameState.DebugPrintPower() - BLOCK_END
D 21:45:08.6873172 GameState.DebugPrintPower() - BLOCK_START BlockType=TRIGGER Entity=湫然#51704 EffectCardId=System.Collections.Generic.List`1[System.String] EffectIndex=-1 Target=0 SubOption=-1 TriggerKeyword=TAG_NOT_SET
D 21:45:08.6873172 GameState.DebugPrintPower() -     TAG_CHANGE Entity=GameEntity tag=NEXT_STEP value=MAIN_CLEANUP 
D 21:45:08.6873172 GameState.DebugPrintPower() - BLOCK_END
D 21:45:08.6873172 GameState.DebugPrintPower() - BLOCK_START BlockType=TRIGGER Entity=湫然#51704 EffectCardId=System.Collections.Generic.List`1[System.String] EffectIndex=-1 Target=0 SubOption=-1 TriggerKeyword=TAG_NOT_SET
D 21:45:08.6873172 GameState.DebugPrintPower() - BLOCK_END
D 21:45:08.6873172 GameState.DebugPrintPower() - TAG_CHANGE Entity=GameEntity tag=STEP value=MAIN_CLEANUP 
D 21:45:08.6873172 GameState.DebugPrintPower() - BLOCK_START BlockType=TRIGGER Entity=Rose#55519 EffectCardId=System.Collections.Generic.List`1[System.String] EffectIndex=-1 Target=0 SubOption=-1 TriggerKeyword=TAG_NOT_SET
D 21:45:08.6873172 GameState.DebugPrintPower() - BLOCK_END
D 21:45:08.6873172 GameState.DebugPrintPower() - BLOCK_START BlockType=TRIGGER Entity=湫然#51704 EffectCardId=System.Collections.Generic.List`1[System.String] EffectIndex=-1 Target=0 SubOption=-1 TriggerKeyword=TAG_NOT_SET
D 21:45:08.6873172 GameState.DebugPrintPower() -     TAG_CHANGE Entity=湫然#51704 tag=1854 value=4 
D 21:45:08.6873172 GameState.DebugPrintPower() -     TAG_CHANGE Entity=GameEntity tag=NEXT_STEP value=MAIN_NEXT 
D 21:45:08.6873172 GameState.DebugPrintPower() - BLOCK_END
D 21:45:08.6873172 GameState.DebugPrintPower() - BLOCK_START BlockType=TRIGGER Entity=[entityName=额外攻击力 id=145 zone=PLAY zonePos=0 cardId=CS2_017o player=2] EffectCardId=System.Collections.Generic.List`1[System.String] EffectIndex=-1 Target=0 SubOption=-1 TriggerKeyword=TAG_ONE_TURN_EFFECT
D 21:45:08.6873172 GameState.DebugPrintPower() -     TAG_CHANGE Entity=[entityName=额外攻击力 id=145 zone=PLAY zonePos=0 cardId=CS2_017o player=2] tag=2747 value=145 
D 21:45:08.6873172 GameState.DebugPrintPower() -     TAG_CHANGE Entity=[entityName=额外攻击力 id=145 zone=PLAY zonePos=0 cardId=CS2_017o player=2] tag=4741 value=1 
D 21:45:08.6873172 GameState.DebugPrintPower() -     TAG_CHANGE Entity=[entityName=额外攻击力 id=145 zone=PLAY zonePos=0 cardId=CS2_017o player=2] tag=LAST_AFFECTED_BY value=145 
D 21:45:08.6873172 GameState.DebugPrintPower() -     TAG_CHANGE Entity=[entityName=额外攻击力 id=145 zone=PLAY zonePos=0 cardId=CS2_017o player=2] tag=1068 value=4 
D 21:45:08.6873172 GameState.DebugPrintPower() -     TAG_CHANGE Entity=[entityName=额外攻击力 id=145 zone=PLAY zonePos=0 cardId=CS2_017o player=2] tag=1068 value=0 
D 21:45:08.6873172 GameState.DebugPrintPower() -     TAG_CHANGE Entity=[entityName=额外攻击力 id=145 zone=PLAY zonePos=0 cardId=CS2_017o player=2] tag=ZONE value=GRAVEYARD 
D 21:45:08.6873172 GameState.DebugPrintPower() -     TAG_CHANGE Entity=[entityName=嘲风望月露娜拉 id=69 zone=PLAY zonePos=0 cardId=HERO_06bi player=2] tag=TAG_ONE_TURN_EFFECT value=0 
D 21:45:08.6873172 GameState.DebugPrintPower() -     TAG_CHANGE Entity=[entityName=额外攻击力 id=145 zone=PLAY zonePos=0 cardId=CS2_017o player=2] tag=1234 value=69 
D 21:45:08.6873172 GameState.DebugPrintPower() -     HIDE_ENTITY - Entity=[entityName=额外攻击力 id=145 zone=PLAY zonePos=0 cardId=CS2_017o player=2] tag=ZONE value=GRAVEYARD
D 21:45:08.6873172 GameState.DebugPrintPower() -     TAG_CHANGE Entity=[entityName=嘲风望月露娜拉 id=69 zone=PLAY zonePos=0 cardId=HERO_06bi player=2] tag=479 value=0 
D 21:45:08.6873172 GameState.DebugPrintPower() -     TAG_CHANGE Entity=[entityName=嘲风望月露娜拉 id=69 zone=PLAY zonePos=0 cardId=HERO_06bi player=2] tag=ATK value=0 
D 21:45:08.6873172 GameState.DebugPrintPower() - BLOCK_END
D 21:45:08.6873172 GameState.DebugPrintPower() - TAG_CHANGE Entity=GameEntity tag=STEP value=MAIN_NEXT 
D 21:45:08.6873172 GameState.DebugPrintPower() - BLOCK_START BlockType=TRIGGER Entity=GameEntity EffectCardId=System.Collections.Generic.List`1[System.String] EffectIndex=-1 Target=0 SubOption=-1 TriggerKeyword=TAG_NOT_SET
D 21:45:08.6873172 GameState.DebugPrintPower() -     TAG_CHANGE Entity=湫然#51704 tag=1292 value=0 
D 21:45:08.6873172 GameState.DebugPrintPower() -     TAG_CHANGE Entity=Rose#55519 tag=1292 value=1 
D 21:45:08.6873172 GameState.DebugPrintPower() -     TAG_CHANGE Entity=[entityName=月光射线 id=38 zone=HAND zonePos=1 cardId=TID_001 player=2] tag=NUM_TURNS_IN_HAND value=8 
D 21:45:08.6873172 GameState.DebugPrintPower() -     TAG_CHANGE Entity=[entityName=生命缚誓者的礼物 id=64 zone=HAND zonePos=2 cardId=TTN_955 player=2] tag=NUM_TURNS_IN_HAND value=8 
D 21:45:08.6873172 GameState.DebugPrintPower() -     TAG_CHANGE Entity=[entityName=生物计划 id=62 zone=HAND zonePos=3 cardId=BOT_054 player=2] tag=NUM_TURNS_IN_HAND value=8 
D 21:45:08.6873172 GameState.DebugPrintPower() -     TAG_CHANGE Entity=[entityName=建造水晶塔 id=57 zone=HAND zonePos=4 cardId=SC_755 player=2] tag=NUM_TURNS_IN_HAND value=8 
D 21:45:08.6873172 GameState.DebugPrintPower() -     TAG_CHANGE Entity=[entityName=虚灵改装师 id=35 zone=HAND zonePos=5 cardId=BT_724 player=2] tag=NUM_TURNS_IN_HAND value=6 
D 21:45:08.6873172 GameState.DebugPrintPower() -     TAG_CHANGE Entity=[entityName=月火术 id=50 zone=HAND zonePos=6 cardId=CS2_008 player=2] tag=NUM_TURNS_IN_HAND value=4 
D 21:45:08.6873172 GameState.DebugPrintPower() -     TAG_CHANGE Entity=[entityName=顺水漂流 id=36 zone=HAND zonePos=7 cardId=VAC_428 player=2] tag=NUM_TURNS_IN_HAND value=2 
D 21:45:08.6873172 GameState.DebugPrintPower() -     TAG_CHANGE Entity=湫然#51704 tag=CURRENT_PLAYER value=0 
D 21:45:08.6873172 GameState.DebugPrintPower() -     TAG_CHANGE Entity=Rose#55519 tag=CURRENT_PLAYER value=1 
D 21:45:08.6873172 GameState.DebugPrintPower() -     TAG_CHANGE Entity=GameEntity tag=TURN value=8 
D 21:45:08.6873172 GameState.DebugPrintPower() -     TAG_CHANGE Entity=GameEntity tag=1882 value=7 
D 21:45:08.6873172 GameState.DebugPrintPower() -     TAG_CHANGE Entity=Rose#55519 tag=TURN value=4 
D 21:45:08.6873172 GameState.DebugPrintPower() -     TAG_CHANGE Entity=GameEntity tag=NEXT_STEP value=MAIN_READY 
D 21:45:08.6873172 GameState.DebugPrintPower() - BLOCK_END
D 21:45:08.6873172 GameState.DebugPrintPower() - TAG_CHANGE Entity=GameEntity tag=STEP value=MAIN_READY 
D 21:45:08.6873172 GameState.DebugPrintPower() - BLOCK_START BlockType=TRIGGER Entity=Rose#55519 EffectCardId=System.Collections.Generic.List`1[System.String] EffectIndex=-1 Target=0 SubOption=-1 TriggerKeyword=TAG_NOT_SET
D 21:45:08.6873172 GameState.DebugPrintPower() -     TAG_CHANGE Entity=GameEntity tag=NUM_TURNS_IN_PLAY value=8 
D 21:45:08.6873172 GameState.DebugPrintPower() -     TAG_CHANGE Entity=Rose#55519 tag=NUM_TURNS_IN_PLAY value=8 
D 21:45:08.6873172 GameState.DebugPrintPower() -     TAG_CHANGE Entity=湫然#51704 tag=NUM_TURNS_IN_PLAY value=8 
D 21:45:08.6873172 GameState.DebugPrintPower() -     TAG_CHANGE Entity=[entityName=安度因·乌瑞恩 id=67 zone=PLAY zonePos=0 cardId=HERO_09 player=1] tag=NUM_TURNS_IN_PLAY value=8 
D 21:45:08.6873172 GameState.DebugPrintPower() -     TAG_CHANGE Entity=[entityName=次级治疗术 id=68 zone=PLAY zonePos=0 cardId=HERO_09bp player=1] tag=NUM_TURNS_IN_PLAY value=8 
D 21:45:08.6873172 GameState.DebugPrintPower() -     TAG_CHANGE Entity=[entityName=嘲风望月露娜拉 id=69 zone=PLAY zonePos=0 cardId=HERO_06bi player=2] tag=NUM_TURNS_IN_PLAY value=8 
D 21:45:08.6873172 GameState.DebugPrintPower() -     TAG_CHANGE Entity=[entityName=变形 id=70 zone=PLAY zonePos=0 cardId=HERO_06ebp player=2] tag=NUM_TURNS_IN_PLAY value=8 
D 21:45:08.6873172 GameState.DebugPrintPower() -     TAG_CHANGE Entity=[entityName=神秘访客 id=9 zone=PLAY zonePos=1 cardId=REV_246 player=1] tag=NUM_TURNS_IN_PLAY value=4 
D 21:45:08.6873172 GameState.DebugPrintPower() -     TAG_CHANGE Entity=[entityName=寻求指引 id=13 zone=SECRET zonePos=0 cardId=SW_433 player=1] tag=NUM_TURNS_IN_PLAY value=6 
D 21:45:08.6873172 GameState.DebugPrintPower() -     TAG_CHANGE Entity=Rose#55519 tag=RESOURCES value=4 
D 21:45:08.6873172 GameState.DebugPrintPower() -     TAG_CHANGE Entity=Rose#55519 tag=RESOURCES_USED value=0 
D 21:45:08.6873172 GameState.DebugPrintPower() -     TAG_CHANGE Entity=Rose#55519 tag=NUM_CARDS_PLAYED_THIS_TURN value=0 
D 21:45:08.6873172 GameState.DebugPrintPower() -     TAG_CHANGE Entity=Rose#55519 tag=NUM_OPTIONS_PLAYED_THIS_TURN value=0 
D 21:45:08.6873172 GameState.DebugPrintPower() -     TAG_CHANGE Entity=Rose#55519 tag=430 value=0 
D 21:45:08.6873172 GameState.DebugPrintPower() -     TAG_CHANGE Entity=Rose#55519 tag=3242 value=0 
D 21:45:08.6873172 GameState.DebugPrintPower() -     TAG_CHANGE Entity=[entityName=神秘访客 id=9 zone=PLAY zonePos=1 cardId=REV_246 player=1] tag=EXHAUSTED value=0 
D 21:45:08.6873172 GameState.DebugPrintPower() -     TAG_CHANGE Entity=[entityName=寻求指引 id=13 zone=SECRET zonePos=0 cardId=SW_433 player=1] tag=EXHAUSTED value=1 
D 21:45:08.6873172 GameState.DebugPrintPower() -     TAG_CHANGE Entity=湫然#51704 tag=NUM_CARDS_DRAWN_THIS_TURN value=0 
D 21:45:08.6873172 GameState.DebugPrintPower() -     TAG_CHANGE Entity=GameEntity tag=NEXT_STEP value=MAIN_START_TRIGGERS 
D 21:45:08.6873172 GameState.DebugPrintPower() -     TAG_CHANGE Entity=Rose#55519 tag=464 value=0 
D 21:45:08.6873172 GameState.DebugPrintPower() -     TAG_CHANGE Entity=Rose#55519 tag=4453 value=0 
D 21:45:08.6873172 GameState.DebugPrintPower() -     TAG_CHANGE Entity=Rose#55519 tag=1575 value=0 
D 21:45:08.6873172 GameState.DebugPrintPower() -     TAG_CHANGE Entity=湫然#51704 tag=2786 value=0 
D 21:45:08.6873172 GameState.DebugPrintPower() -     TAG_CHANGE Entity=湫然#51704 tag=DAMAGE_DEALT_TO_HERO_LAST_TURN value=0 
D 21:45:08.6873172 GameState.DebugPrintPower() - BLOCK_END
D 21:45:08.6873172 GameState.DebugPrintPower() - TAG_CHANGE Entity=GameEntity tag=STEP value=MAIN_START_TRIGGERS 
D 21:45:08.6873172 GameState.DebugPrintPower() - BLOCK_START BlockType=TRIGGER Entity=Rose#55519 EffectCardId=System.Collections.Generic.List`1[System.String] EffectIndex=-1 Target=0 SubOption=-1 TriggerKeyword=TAG_NOT_SET
D 21:45:08.6873172 GameState.DebugPrintPower() -     TAG_CHANGE Entity=GameEntity tag=NEXT_STEP value=MAIN_START 
D 21:45:08.6873172 GameState.DebugPrintPower() - BLOCK_END
D 21:45:08.6873172 GameState.DebugPrintPower() - TAG_CHANGE Entity=GameEntity tag=STEP value=MAIN_START 
D 21:45:08.6873172 GameState.DebugPrintPower() - BLOCK_START BlockType=TRIGGER Entity=Rose#55519 EffectCardId=System.Collections.Generic.List`1[System.String] EffectIndex=-1 Target=0 SubOption=-1 TriggerKeyword=TAG_NOT_SET
D 21:45:08.6873172 GameState.DebugPrintPower() -     TAG_CHANGE Entity=Rose#55519 tag=2166 value=21 
D 21:45:08.6873172 GameState.DebugPrintPower() -     TAG_CHANGE Entity=Rose#55519 tag=467 value=1 
D 21:45:08.6873172 GameState.DebugPrintPower() -     TAG_CHANGE Entity=[entityName=UNKNOWN ENTITY [cardType=INVALID] id=21 zone=DECK zonePos=0 cardId= player=1] tag=ZONE value=HAND 
D 21:45:08.6873172 GameState.DebugPrintPower() -     TAG_CHANGE Entity=[entityName=UNKNOWN ENTITY [cardType=INVALID] id=21 zone=DECK zonePos=0 cardId= player=1] tag=ZONE_POSITION value=7 
D 21:45:08.6873172 GameState.DebugPrintPower() -     TAG_CHANGE Entity=[entityName=UNKNOWN ENTITY [cardType=INVALID] id=21 zone=DECK zonePos=0 cardId= player=1] tag=ZONE_POSITION value=0 
D 21:45:08.6873172 GameState.DebugPrintPower() -     TAG_CHANGE Entity=[entityName=UNKNOWN ENTITY [cardType=INVALID] id=21 zone=DECK zonePos=0 cardId= player=1] tag=ZONE_POSITION value=7 
D 21:45:08.6873172 GameState.DebugPrintPower() -     TAG_CHANGE Entity=Rose#55519 tag=3242 value=1 
D 21:45:08.6873172 GameState.DebugPrintPower() -     TAG_CHANGE Entity=Rose#55519 tag=NUM_CARDS_DRAWN_THIS_TURN value=1 
D 21:45:08.6873172 GameState.DebugPrintPower() -     TAG_CHANGE Entity=Rose#55519 tag=995 value=6 
D 21:45:08.6873172 GameState.DebugPrintPower() -     TAG_CHANGE Entity=Rose#55519 tag=467 value=0 
D 21:45:08.6873172 GameState.DebugPrintPower() -     TAG_CHANGE Entity=GameEntity tag=NEXT_STEP value=MAIN_ACTION 
D 21:45:08.6873172 GameState.DebugPrintPower() - BLOCK_END
D 21:45:08.6873172 GameState.DebugPrintPower() - TAG_CHANGE Entity=GameEntity tag=STEP value=MAIN_ACTION 
D 21:45:08.6873172 GameState.DebugPrintPower() - BLOCK_START BlockType=TRIGGER Entity=Rose#55519 EffectCardId=System.Collections.Generic.List`1[System.String] EffectIndex=-1 Target=0 SubOption=-1 TriggerKeyword=TAG_NOT_SET
D 21:45:08.6873172 GameState.DebugPrintPower() -     TAG_CHANGE Entity=GameEntity tag=NEXT_STEP value=MAIN_END 
D 21:45:08.6873172 GameState.DebugPrintPower() - BLOCK_END
D 21:45:08.6873172 PowerTaskList.DebugDump() - ID=184 ParentID=0 PreviousID=0 TaskCount=1
D 21:45:08.6873172 PowerTaskList.DebugDump() - Block Start=(null)
D 21:45:08.6873172 PowerTaskList.DebugPrintPower() -     TAG_CHANGE Entity=GameEntity tag=STEP value=MAIN_END 
D 21:45:08.6873172 PowerTaskList.DebugDump() - Block End=(null)
D 21:45:08.6873172 PowerProcessor.PrepareHistoryForCurrentTaskList() - m_currentTaskList=184
D 21:45:08.6873172 PowerProcessor.EndCurrentTaskList() - m_currentTaskList=184
D 21:45:08.6873172 PowerTaskList.DebugDump() - ID=185 ParentID=184 PreviousID=0 TaskCount=0
D 21:45:08.6873172 PowerTaskList.DebugPrintPower() - BLOCK_START BlockType=TRIGGER Entity=Rose#55519 EffectCardId=System.Collections.Generic.List`1[System.String] EffectIndex=-1 Target=0 SubOption=-1 TriggerKeyword=TAG_NOT_SET
D 21:45:08.6873172 PowerTaskList.DebugPrintPower() - BLOCK_END
D 21:45:08.6873172 PowerProcessor.PrepareHistoryForCurrentTaskList() - m_currentTaskList=185
D 21:45:08.6873172 PowerProcessor.EndCurrentTaskList() - m_currentTaskList=185
D 21:45:08.6873172 PowerTaskList.DebugDump() - ID=186 ParentID=0 PreviousID=0 TaskCount=1
D 21:45:08.6873172 PowerTaskList.DebugPrintPower() - BLOCK_START BlockType=TRIGGER Entity=湫然#51704 EffectCardId=System.Collections.Generic.List`1[System.String] EffectIndex=-1 Target=0 SubOption=-1 TriggerKeyword=TAG_NOT_SET
D 21:45:08.6873172 PowerTaskList.DebugPrintPower() -     TAG_CHANGE Entity=GameEntity tag=NEXT_STEP value=MAIN_CLEANUP 
D 21:45:08.6873172 PowerTaskList.DebugPrintPower() - BLOCK_END
D 21:45:08.6873172 PowerProcessor.PrepareHistoryForCurrentTaskList() - m_currentTaskList=186
D 21:45:08.6873172 PowerProcessor.EndCurrentTaskList() - m_currentTaskList=186
D 21:45:08.6873172 PowerTaskList.DebugDump() - ID=187 ParentID=0 PreviousID=0 TaskCount=0
D 21:45:08.6873172 PowerTaskList.DebugPrintPower() - BLOCK_START BlockType=TRIGGER Entity=湫然#51704 EffectCardId=System.Collections.Generic.List`1[System.String] EffectIndex=-1 Target=0 SubOption=-1 TriggerKeyword=TAG_NOT_SET
D 21:45:08.6873172 PowerTaskList.DebugPrintPower() - BLOCK_END
D 21:45:08.6873172 PowerProcessor.PrepareHistoryForCurrentTaskList() - m_currentTaskList=187
D 21:45:08.6873172 PowerProcessor.EndCurrentTaskList() - m_currentTaskList=187
D 21:45:08.6873172 PowerTaskList.DebugDump() - ID=188 ParentID=0 PreviousID=0 TaskCount=1
D 21:45:08.6873172 PowerTaskList.DebugDump() - Block Start=(null)
D 21:45:08.6873172 PowerTaskList.DebugPrintPower() -     TAG_CHANGE Entity=GameEntity tag=STEP value=MAIN_CLEANUP 
D 21:45:08.6873172 PowerTaskList.DebugDump() - Block End=(null)
D 21:45:08.6873172 PowerProcessor.PrepareHistoryForCurrentTaskList() - m_currentTaskList=188
D 21:45:08.6873172 PowerProcessor.EndCurrentTaskList() - m_currentTaskList=188
D 21:45:08.6873172 PowerTaskList.DebugDump() - ID=189 ParentID=0 PreviousID=0 TaskCount=0
D 21:45:08.6873172 PowerTaskList.DebugPrintPower() - BLOCK_START BlockType=TRIGGER Entity=Rose#55519 EffectCardId=System.Collections.Generic.List`1[System.String] EffectIndex=-1 Target=0 SubOption=-1 TriggerKeyword=TAG_NOT_SET
D 21:45:08.6873172 PowerTaskList.DebugPrintPower() - BLOCK_END
D 21:45:08.6873172 PowerProcessor.PrepareHistoryForCurrentTaskList() - m_currentTaskList=189
D 21:45:08.6873172 PowerProcessor.EndCurrentTaskList() - m_currentTaskList=189
D 21:45:08.6873172 PowerTaskList.DebugDump() - ID=190 ParentID=0 PreviousID=0 TaskCount=2
D 21:45:08.6873172 PowerTaskList.DebugPrintPower() - BLOCK_START BlockType=TRIGGER Entity=湫然#51704 EffectCardId=System.Collections.Generic.List`1[System.String] EffectIndex=-1 Target=0 SubOption=-1 TriggerKeyword=TAG_NOT_SET
D 21:45:08.6873172 PowerTaskList.DebugPrintPower() -     TAG_CHANGE Entity=湫然#51704 tag=1854 value=4 
D 21:45:08.6873172 PowerTaskList.DebugPrintPower() -     TAG_CHANGE Entity=GameEntity tag=NEXT_STEP value=MAIN_NEXT 
D 21:45:08.6873172 PowerTaskList.DebugPrintPower() - BLOCK_END
D 21:45:08.6873172 PowerProcessor.PrepareHistoryForCurrentTaskList() - m_currentTaskList=190
D 21:45:08.6873172 PowerProcessor.EndCurrentTaskList() - m_currentTaskList=190
D 21:45:08.6873172 PowerTaskList.DebugDump() - ID=191 ParentID=0 PreviousID=0 TaskCount=11
D 21:45:08.6873172 PowerTaskList.DebugPrintPower() - BLOCK_START BlockType=TRIGGER Entity=[entityName=额外攻击力 id=145 zone=PLAY zonePos=0 cardId=CS2_017o player=2] EffectCardId=System.Collections.Generic.List`1[System.String] EffectIndex=-1 Target=0 SubOption=-1 TriggerKeyword=TAG_ONE_TURN_EFFECT
D 21:45:08.6873172 PowerTaskList.DebugPrintPower() -     TAG_CHANGE Entity=[entityName=额外攻击力 id=145 zone=PLAY zonePos=0 cardId=CS2_017o player=2] tag=2747 value=145 
D 21:45:08.6873172 PowerTaskList.DebugPrintPower() -     TAG_CHANGE Entity=[entityName=额外攻击力 id=145 zone=PLAY zonePos=0 cardId=CS2_017o player=2] tag=4741 value=1 
D 21:45:08.6873172 PowerTaskList.DebugPrintPower() -     TAG_CHANGE Entity=[entityName=额外攻击力 id=145 zone=PLAY zonePos=0 cardId=CS2_017o player=2] tag=LAST_AFFECTED_BY value=145 
D 21:45:08.6873172 PowerTaskList.DebugPrintPower() -     TAG_CHANGE Entity=[entityName=额外攻击力 id=145 zone=PLAY zonePos=0 cardId=CS2_017o player=2] tag=1068 value=4 
D 21:45:08.6873172 PowerTaskList.DebugPrintPower() -     TAG_CHANGE Entity=[entityName=额外攻击力 id=145 zone=PLAY zonePos=0 cardId=CS2_017o player=2] tag=1068 value=0 
D 21:45:08.6873172 PowerTaskList.DebugPrintPower() -     TAG_CHANGE Entity=[entityName=额外攻击力 id=145 zone=PLAY zonePos=0 cardId=CS2_017o player=2] tag=ZONE value=GRAVEYARD 
D 21:45:08.6873172 PowerTaskList.DebugPrintPower() -     TAG_CHANGE Entity=[entityName=嘲风望月露娜拉 id=69 zone=PLAY zonePos=0 cardId=HERO_06bi player=2] tag=TAG_ONE_TURN_EFFECT value=0 
D 21:45:08.6873172 PowerTaskList.DebugPrintPower() -     TAG_CHANGE Entity=[entityName=额外攻击力 id=145 zone=PLAY zonePos=0 cardId=CS2_017o player=2] tag=1234 value=69 
D 21:45:08.6873172 PowerTaskList.DebugPrintPower() -     HIDE_ENTITY - Entity=[entityName=额外攻击力 id=145 zone=PLAY zonePos=0 cardId=CS2_017o player=2] tag=ZONE value=GRAVEYARD
D 21:45:08.6873172 PowerTaskList.DebugPrintPower() -     TAG_CHANGE Entity=[entityName=嘲风望月露娜拉 id=69 zone=PLAY zonePos=0 cardId=HERO_06bi player=2] tag=479 value=0 
D 21:45:08.6873172 PowerTaskList.DebugPrintPower() -     TAG_CHANGE Entity=[entityName=嘲风望月露娜拉 id=69 zone=PLAY zonePos=0 cardId=HERO_06bi player=2] tag=ATK value=0 
D 21:45:08.6873172 PowerTaskList.DebugPrintPower() - BLOCK_END
D 21:45:08.6873172 PowerProcessor.PrepareHistoryForCurrentTaskList() - m_currentTaskList=191
D 21:45:08.6950195 PowerProcessor.EndCurrentTaskList() - m_currentTaskList=191
D 21:45:08.7010651 PowerTaskList.DebugDump() - ID=192 ParentID=0 PreviousID=0 TaskCount=1
D 21:45:08.7010651 PowerTaskList.DebugDump() - Block Start=(null)
D 21:45:08.7010651 PowerTaskList.DebugPrintPower() -     TAG_CHANGE Entity=GameEntity tag=STEP value=MAIN_NEXT 
D 21:45:08.7010651 PowerTaskList.DebugDump() - Block End=(null)
D 21:45:08.7010651 PowerProcessor.PrepareHistoryForCurrentTaskList() - m_currentTaskList=192
D 21:45:08.7010651 PowerProcessor.EndCurrentTaskList() - m_currentTaskList=192
D 21:45:08.7010651 PowerTaskList.DebugDump() - ID=193 ParentID=0 PreviousID=0 TaskCount=15
D 21:45:08.7010651 PowerTaskList.DebugPrintPower() - BLOCK_START BlockType=TRIGGER Entity=GameEntity EffectCardId=System.Collections.Generic.List`1[System.String] EffectIndex=-1 Target=0 SubOption=-1 TriggerKeyword=TAG_NOT_SET
D 21:45:08.7010651 PowerTaskList.DebugPrintPower() -     TAG_CHANGE Entity=湫然#51704 tag=1292 value=0 
D 21:45:08.7010651 PowerTaskList.DebugPrintPower() -     TAG_CHANGE Entity=Rose#55519 tag=1292 value=1 
D 21:45:08.7010651 PowerTaskList.DebugPrintPower() -     TAG_CHANGE Entity=[entityName=月光射线 id=38 zone=HAND zonePos=1 cardId=TID_001 player=2] tag=NUM_TURNS_IN_HAND value=8 
D 21:45:08.7010651 PowerTaskList.DebugPrintPower() -     TAG_CHANGE Entity=[entityName=生命缚誓者的礼物 id=64 zone=HAND zonePos=2 cardId=TTN_955 player=2] tag=NUM_TURNS_IN_HAND value=8 
D 21:45:08.7010651 PowerTaskList.DebugPrintPower() -     TAG_CHANGE Entity=[entityName=生物计划 id=62 zone=HAND zonePos=3 cardId=BOT_054 player=2] tag=NUM_TURNS_IN_HAND value=8 
D 21:45:08.7010651 PowerTaskList.DebugPrintPower() -     TAG_CHANGE Entity=[entityName=建造水晶塔 id=57 zone=HAND zonePos=4 cardId=SC_755 player=2] tag=NUM_TURNS_IN_HAND value=8 
D 21:45:08.7010651 PowerTaskList.DebugPrintPower() -     TAG_CHANGE Entity=[entityName=虚灵改装师 id=35 zone=HAND zonePos=5 cardId=BT_724 player=2] tag=NUM_TURNS_IN_HAND value=6 
D 21:45:08.7010651 PowerTaskList.DebugPrintPower() -     TAG_CHANGE Entity=[entityName=月火术 id=50 zone=HAND zonePos=6 cardId=CS2_008 player=2] tag=NUM_TURNS_IN_HAND value=4 
D 21:45:08.7010651 PowerTaskList.DebugPrintPower() -     TAG_CHANGE Entity=[entityName=顺水漂流 id=36 zone=HAND zonePos=7 cardId=VAC_428 player=2] tag=NUM_TURNS_IN_HAND value=2 
D 21:45:08.7010651 PowerTaskList.DebugPrintPower() -     TAG_CHANGE Entity=湫然#51704 tag=CURRENT_PLAYER value=0 
D 21:45:08.7010651 PowerTaskList.DebugPrintPower() -     TAG_CHANGE Entity=Rose#55519 tag=CURRENT_PLAYER value=1 
D 21:45:08.7010651 PowerTaskList.DebugPrintPower() -     TAG_CHANGE Entity=GameEntity tag=TURN value=8 
D 21:45:08.7010651 PowerTaskList.DebugPrintPower() -     TAG_CHANGE Entity=GameEntity tag=1882 value=7 
D 21:45:08.7010651 PowerTaskList.DebugPrintPower() -     TAG_CHANGE Entity=Rose#55519 tag=TURN value=4 
D 21:45:08.7010651 PowerTaskList.DebugPrintPower() -     TAG_CHANGE Entity=GameEntity tag=NEXT_STEP value=MAIN_READY 
D 21:45:08.7010651 PowerTaskList.DebugPrintPower() - BLOCK_END
D 21:45:08.7010651 PowerProcessor.PrepareHistoryForCurrentTaskList() - m_currentTaskList=193
D 21:45:08.7010651 PowerProcessor.EndCurrentTaskList() - m_currentTaskList=193
D 21:45:08.7010651 PowerTaskList.DebugDump() - ID=194 ParentID=0 PreviousID=0 TaskCount=1
D 21:45:08.7010651 PowerTaskList.DebugDump() - Block Start=(null)
D 21:45:08.7010651 PowerTaskList.DebugPrintPower() -     TAG_CHANGE Entity=GameEntity tag=STEP value=MAIN_READY 
D 21:45:08.7010651 PowerTaskList.DebugDump() - Block End=(null)
D 21:45:08.7010651 PowerProcessor.PrepareHistoryForCurrentTaskList() - m_currentTaskList=194
D 21:45:08.7010651 PowerProcessor.EndCurrentTaskList() - m_currentTaskList=194
D 21:45:08.7010651 PowerTaskList.DebugDump() - ID=195 ParentID=0 PreviousID=0 TaskCount=24
D 21:45:08.7010651 PowerTaskList.DebugPrintPower() - BLOCK_START BlockType=TRIGGER Entity=Rose#55519 EffectCardId=System.Collections.Generic.List`1[System.String] EffectIndex=-1 Target=0 SubOption=-1 TriggerKeyword=TAG_NOT_SET
D 21:45:08.7010651 PowerTaskList.DebugPrintPower() -     TAG_CHANGE Entity=GameEntity tag=NUM_TURNS_IN_PLAY value=8 
D 21:45:08.7010651 PowerTaskList.DebugPrintPower() -     TAG_CHANGE Entity=Rose#55519 tag=NUM_TURNS_IN_PLAY value=8 
D 21:45:08.7010651 PowerTaskList.DebugPrintPower() -     TAG_CHANGE Entity=湫然#51704 tag=NUM_TURNS_IN_PLAY value=8 
D 21:45:08.7010651 PowerTaskList.DebugPrintPower() -     TAG_CHANGE Entity=[entityName=安度因·乌瑞恩 id=67 zone=PLAY zonePos=0 cardId=HERO_09 player=1] tag=NUM_TURNS_IN_PLAY value=8 
D 21:45:08.7010651 PowerTaskList.DebugPrintPower() -     TAG_CHANGE Entity=[entityName=次级治疗术 id=68 zone=PLAY zonePos=0 cardId=HERO_09bp player=1] tag=NUM_TURNS_IN_PLAY value=8 
D 21:45:08.7010651 PowerTaskList.DebugPrintPower() -     TAG_CHANGE Entity=[entityName=嘲风望月露娜拉 id=69 zone=PLAY zonePos=0 cardId=HERO_06bi player=2] tag=NUM_TURNS_IN_PLAY value=8 
D 21:45:08.7010651 PowerTaskList.DebugPrintPower() -     TAG_CHANGE Entity=[entityName=变形 id=70 zone=PLAY zonePos=0 cardId=HERO_06ebp player=2] tag=NUM_TURNS_IN_PLAY value=8 
D 21:45:08.7010651 PowerTaskList.DebugPrintPower() -     TAG_CHANGE Entity=[entityName=神秘访客 id=9 zone=PLAY zonePos=1 cardId=REV_246 player=1] tag=NUM_TURNS_IN_PLAY value=4 
D 21:45:08.7010651 PowerTaskList.DebugPrintPower() -     TAG_CHANGE Entity=[entityName=寻求指引 id=13 zone=SECRET zonePos=0 cardId=SW_433 player=1] tag=NUM_TURNS_IN_PLAY value=6 
D 21:45:08.7010651 PowerTaskList.DebugPrintPower() -     TAG_CHANGE Entity=Rose#55519 tag=RESOURCES value=4 
D 21:45:08.7010651 PowerTaskList.DebugPrintPower() -     TAG_CHANGE Entity=Rose#55519 tag=RESOURCES_USED value=0 
D 21:45:08.7010651 PowerTaskList.DebugPrintPower() -     TAG_CHANGE Entity=Rose#55519 tag=NUM_CARDS_PLAYED_THIS_TURN value=0 
D 21:45:08.7010651 PowerTaskList.DebugPrintPower() -     TAG_CHANGE Entity=Rose#55519 tag=NUM_OPTIONS_PLAYED_THIS_TURN value=0 
D 21:45:08.7010651 PowerTaskList.DebugPrintPower() -     TAG_CHANGE Entity=Rose#55519 tag=430 value=0 
D 21:45:08.7010651 PowerTaskList.DebugPrintPower() -     TAG_CHANGE Entity=Rose#55519 tag=3242 value=0 
D 21:45:08.7010651 PowerTaskList.DebugPrintPower() -     TAG_CHANGE Entity=[entityName=神秘访客 id=9 zone=PLAY zonePos=1 cardId=REV_246 player=1] tag=EXHAUSTED value=0 
D 21:45:08.7010651 PowerTaskList.DebugPrintPower() -     TAG_CHANGE Entity=[entityName=寻求指引 id=13 zone=SECRET zonePos=0 cardId=SW_433 player=1] tag=EXHAUSTED value=1 
D 21:45:08.7010651 PowerTaskList.DebugPrintPower() -     TAG_CHANGE Entity=湫然#51704 tag=NUM_CARDS_DRAWN_THIS_TURN value=0 
D 21:45:08.7010651 PowerTaskList.DebugPrintPower() -     TAG_CHANGE Entity=GameEntity tag=NEXT_STEP value=MAIN_START_TRIGGERS 
D 21:45:08.7010651 PowerTaskList.DebugPrintPower() -     TAG_CHANGE Entity=Rose#55519 tag=464 value=0 
D 21:45:08.7010651 PowerTaskList.DebugPrintPower() -     TAG_CHANGE Entity=Rose#55519 tag=4453 value=0 
D 21:45:08.7010651 PowerTaskList.DebugPrintPower() -     TAG_CHANGE Entity=Rose#55519 tag=1575 value=0 
D 21:45:08.7010651 PowerTaskList.DebugPrintPower() -     TAG_CHANGE Entity=湫然#51704 tag=2786 value=0 
D 21:45:08.7010651 PowerTaskList.DebugPrintPower() -     TAG_CHANGE Entity=湫然#51704 tag=DAMAGE_DEALT_TO_HERO_LAST_TURN value=0 
D 21:45:08.7010651 PowerTaskList.DebugPrintPower() - BLOCK_END
D 21:45:08.7010651 PowerProcessor.PrepareHistoryForCurrentTaskList() - m_currentTaskList=195
D 21:45:08.7010651 PowerProcessor.EndCurrentTaskList() - m_currentTaskList=195
D 21:45:08.7010651 PowerTaskList.DebugDump() - ID=196 ParentID=0 PreviousID=0 TaskCount=1
D 21:45:08.7010651 PowerTaskList.DebugDump() - Block Start=(null)
D 21:45:08.7010651 PowerTaskList.DebugPrintPower() -     TAG_CHANGE Entity=GameEntity tag=STEP value=MAIN_START_TRIGGERS 
D 21:45:08.7010651 PowerTaskList.DebugDump() - Block End=(null)
D 21:45:08.7010651 PowerProcessor.PrepareHistoryForCurrentTaskList() - m_currentTaskList=196
D 21:45:08.7010651 PowerProcessor.EndCurrentTaskList() - m_currentTaskList=196
D 21:45:08.7010651 PowerTaskList.DebugDump() - ID=197 ParentID=0 PreviousID=0 TaskCount=1
D 21:45:08.7010651 PowerTaskList.DebugPrintPower() - BLOCK_START BlockType=TRIGGER Entity=Rose#55519 EffectCardId=System.Collections.Generic.List`1[System.String] EffectIndex=-1 Target=0 SubOption=-1 TriggerKeyword=TAG_NOT_SET
D 21:45:08.7010651 PowerTaskList.DebugPrintPower() -     TAG_CHANGE Entity=GameEntity tag=NEXT_STEP value=MAIN_START 
D 21:45:08.7010651 PowerTaskList.DebugPrintPower() - BLOCK_END
D 21:45:08.7010651 PowerProcessor.PrepareHistoryForCurrentTaskList() - m_currentTaskList=197
D 21:45:08.7010651 PowerProcessor.EndCurrentTaskList() - m_currentTaskList=197
D 21:45:08.7010651 PowerTaskList.DebugDump() - ID=198 ParentID=0 PreviousID=0 TaskCount=1
D 21:45:08.7010651 PowerTaskList.DebugDump() - Block Start=(null)
D 21:45:08.7010651 PowerTaskList.DebugPrintPower() -     TAG_CHANGE Entity=GameEntity tag=STEP value=MAIN_START 
D 21:45:08.7010651 PowerTaskList.DebugDump() - Block End=(null)
D 21:45:08.7010651 PowerProcessor.PrepareHistoryForCurrentTaskList() - m_currentTaskList=198
D 21:45:08.7010651 PowerProcessor.EndCurrentTaskList() - m_currentTaskList=198
D 21:45:08.7010651 PowerTaskList.DebugDump() - ID=199 ParentID=0 PreviousID=0 TaskCount=11
D 21:45:08.7010651 PowerTaskList.DebugPrintPower() - BLOCK_START BlockType=TRIGGER Entity=Rose#55519 EffectCardId=System.Collections.Generic.List`1[System.String] EffectIndex=-1 Target=0 SubOption=-1 TriggerKeyword=TAG_NOT_SET
D 21:45:08.7010651 PowerTaskList.DebugPrintPower() -     TAG_CHANGE Entity=Rose#55519 tag=2166 value=21 
D 21:45:08.7010651 PowerTaskList.DebugPrintPower() -     TAG_CHANGE Entity=Rose#55519 tag=467 value=1 
D 21:45:08.7010651 PowerTaskList.DebugPrintPower() -     TAG_CHANGE Entity=[entityName=UNKNOWN ENTITY [cardType=INVALID] id=21 zone=DECK zonePos=0 cardId= player=1] tag=ZONE value=HAND 
D 21:45:08.7010651 PowerTaskList.DebugPrintPower() -     TAG_CHANGE Entity=[entityName=UNKNOWN ENTITY [cardType=INVALID] id=21 zone=DECK zonePos=0 cardId= player=1] tag=ZONE_POSITION value=7 
D 21:45:08.7010651 PowerTaskList.DebugPrintPower() -     TAG_CHANGE Entity=[entityName=UNKNOWN ENTITY [cardType=INVALID] id=21 zone=DECK zonePos=0 cardId= player=1] tag=ZONE_POSITION value=0 
D 21:45:08.7010651 PowerTaskList.DebugPrintPower() -     TAG_CHANGE Entity=[entityName=UNKNOWN ENTITY [cardType=INVALID] id=21 zone=DECK zonePos=0 cardId= player=1] tag=ZONE_POSITION value=7 
D 21:45:08.7010651 PowerTaskList.DebugPrintPower() -     TAG_CHANGE Entity=Rose#55519 tag=3242 value=1 
D 21:45:08.7010651 PowerTaskList.DebugPrintPower() -     TAG_CHANGE Entity=Rose#55519 tag=NUM_CARDS_DRAWN_THIS_TURN value=1 
D 21:45:08.7010651 PowerTaskList.DebugPrintPower() -     TAG_CHANGE Entity=Rose#55519 tag=995 value=6 
D 21:45:08.7010651 PowerTaskList.DebugPrintPower() -     TAG_CHANGE Entity=Rose#55519 tag=467 value=0 
D 21:45:08.7010651 PowerTaskList.DebugPrintPower() -     TAG_CHANGE Entity=GameEntity tag=NEXT_STEP value=MAIN_ACTION 
D 21:45:08.7010651 PowerTaskList.DebugPrintPower() - BLOCK_END
D 21:45:08.7010651 PowerProcessor.PrepareHistoryForCurrentTaskList() - m_currentTaskList=199
D 21:45:10.2241814 PowerProcessor.EndCurrentTaskList() - m_currentTaskList=199
D 21:45:10.2307582 PowerTaskList.DebugDump() - ID=200 ParentID=0 PreviousID=0 TaskCount=1
D 21:45:10.2307582 PowerTaskList.DebugDump() - Block Start=(null)
D 21:45:10.2307582 PowerTaskList.DebugPrintPower() -     TAG_CHANGE Entity=GameEntity tag=STEP value=MAIN_ACTION 
D 21:45:10.2307582 PowerTaskList.DebugDump() - Block End=(null)
D 21:45:10.2307582 PowerProcessor.PrepareHistoryForCurrentTaskList() - m_currentTaskList=200
D 21:45:10.2307582 PowerProcessor.EndCurrentTaskList() - m_currentTaskList=200
D 21:45:10.2307582 PowerTaskList.DebugDump() - ID=201 ParentID=0 PreviousID=0 TaskCount=1
D 21:45:10.2307582 PowerTaskList.DebugPrintPower() - BLOCK_START BlockType=TRIGGER Entity=Rose#55519 EffectCardId=System.Collections.Generic.List`1[System.String] EffectIndex=-1 Target=0 SubOption=-1 TriggerKeyword=TAG_NOT_SET
D 21:45:10.2307582 PowerTaskList.DebugPrintPower() -     TAG_CHANGE Entity=GameEntity tag=NEXT_STEP value=MAIN_END 
D 21:45:10.2307582 PowerTaskList.DebugPrintPower() - BLOCK_END
D 21:45:10.2307582 PowerProcessor.PrepareHistoryForCurrentTaskList() - m_currentTaskList=201
D 21:45:10.2307582 PowerProcessor.EndCurrentTaskList() - m_currentTaskList=201
D 21:45:14.4672244 GameState.DebugPrintPowerList() - Count=21
D 21:45:14.4672244 GameState.DebugPrintPower() - BLOCK_START BlockType=PLAY Entity=[entityName=UNKNOWN ENTITY [cardType=INVALID] id=17 zone=HAND zonePos=4 cardId= player=1] EffectCardId=System.Collections.Generic.List`1[System.String] EffectIndex=0 Target=0 SubOption=-1 
D 21:45:14.4672244 GameState.DebugPrintPower() -     TAG_CHANGE Entity=Rose#55519 tag=2245 value=8 
D 21:45:14.4672244 GameState.DebugPrintPower() -     TAG_CHANGE Entity=Rose#55519 tag=RESOURCES_USED value=2 
D 21:45:14.4672244 GameState.DebugPrintPower() -     TAG_CHANGE Entity=Rose#55519 tag=NUM_RESOURCES_SPENT_THIS_GAME value=8 
D 21:45:14.4672244 GameState.DebugPrintPower() -     TAG_CHANGE Entity=Rose#55519 tag=NUM_CARDS_PLAYED_THIS_TURN value=1 
D 21:45:14.4672244 GameState.DebugPrintPower() -     TAG_CHANGE Entity=Rose#55519 tag=430 value=1 
D 21:45:14.4672244 GameState.DebugPrintPower() -     TAG_CHANGE Entity=[entityName=UNKNOWN ENTITY [cardType=INVALID] id=21 zone=HAND zonePos=7 cardId= player=1] tag=ZONE_POSITION value=6 
D 21:45:14.4672244 GameState.DebugPrintPower() -     TAG_CHANGE Entity=[entityName=UNKNOWN ENTITY [cardType=INVALID] id=75 zone=HAND zonePos=6 cardId= player=1] tag=ZONE_POSITION value=5 
D 21:45:14.4672244 GameState.DebugPrintPower() -     TAG_CHANGE Entity=[entityName=UNKNOWN ENTITY [cardType=INVALID] id=22 zone=HAND zonePos=5 cardId= player=1] tag=ZONE_POSITION value=4 
D 21:45:14.4672244 GameState.DebugPrintPower() -     TAG_CHANGE Entity=[entityName=UNKNOWN ENTITY [cardType=INVALID] id=17 zone=HAND zonePos=4 cardId= player=1] tag=ZONE_POSITION value=0 
D 21:45:14.4672244 GameState.DebugPrintPower() -     SHOW_ENTITY - Updating Entity=[entityName=UNKNOWN ENTITY [cardType=INVALID] id=17 zone=HAND zonePos=4 cardId= player=1] CardID=TTN_430
D 21:45:14.4672244 GameState.DebugPrintPower() -         tag=CONTROLLER value=1
D 21:45:14.4672244 GameState.DebugPrintPower() -         tag=CARDTYPE value=SPELL
D 21:45:14.4672244 GameState.DebugPrintPower() -         tag=TAG_LAST_KNOWN_COST_IN_HAND value=2
D 21:45:14.4672244 GameState.DebugPrintPower() -         tag=COST value=2
D 21:45:14.4672244 GameState.DebugPrintPower() -         tag=PREMIUM value=1
D 21:45:14.4672244 GameState.DebugPrintPower() -         tag=ZONE value=PLAY
D 21:45:14.4672244 GameState.DebugPrintPower() -         tag=ENTITY_ID value=17
D 21:45:14.4672244 GameState.DebugPrintPower() -         tag=CLASS value=PRIEST
D 21:45:14.4672244 GameState.DebugPrintPower() -         tag=RARITY value=RARE
D 21:45:14.4672244 GameState.DebugPrintPower() -         tag=JUST_PLAYED value=1
D 21:45:14.4672244 GameState.DebugPrintPower() -         tag=ZONE_POSITION value=0
D 21:45:14.4672244 GameState.DebugPrintPower() -         tag=NUM_TURNS_IN_HAND value=5
D 21:45:14.4672244 GameState.DebugPrintPower() -         tag=DISCOVER value=1
D 21:45:14.4672244 GameState.DebugPrintPower() -         tag=478 value=1
D 21:45:14.4672244 GameState.DebugPrintPower() -         tag=1037 value=0
D 21:45:14.4672244 GameState.DebugPrintPower() -         tag=1043 value=1
D 21:45:14.4672244 GameState.DebugPrintPower() -         tag=1068 value=0
D 21:45:14.4672244 GameState.DebugPrintPower() -         tag=USE_DISCOVER_VISUALS value=1
D 21:45:14.4672244 GameState.DebugPrintPower() -         tag=COLLECTION_RELATED_CARD_DATABASE_ID value=97264
D 21:45:14.4672244 GameState.DebugPrintPower() -         tag=SPAWN_TIME_COUNT value=1
D 21:45:14.4672244 GameState.DebugPrintPower() -         tag=1570 value=4
D 21:45:14.4672244 GameState.DebugPrintPower() -         tag=SPELL_SCHOOL value=5
D 21:45:14.4672244 GameState.DebugPrintPower() -         tag=DECK_ACTION_COST value=2
D 21:45:14.4672244 GameState.DebugPrintPower() -         tag=FORGE value=1
D 21:45:14.4672244 GameState.DebugPrintPower() -         tag=FORGES_INTO value=97264
D 21:45:14.4672244 GameState.DebugPrintPower() -         tag=3557 value=4
D 21:45:14.4672244 GameState.DebugPrintPower() -     META_DATA - Meta=SLUSH_TIME Data=3000 InfoCount=1
D 21:45:14.4672244 GameState.DebugPrintPower() -                 Info[0] = [entityName=UNKNOWN ENTITY [cardType=INVALID] id=17 zone=HAND zonePos=4 cardId= player=1]
D 21:45:14.4672244 GameState.DebugPrintPower() -     TAG_CHANGE Entity=Rose#55519 tag=NUM_SPELLS_PLAYED_THIS_GAME value=3 
D 21:45:14.4672244 GameState.DebugPrintPower() -     BLOCK_START BlockType=POWER Entity=[entityName=UNKNOWN ENTITY [cardType=INVALID] id=17 zone=HAND zonePos=4 cardId= player=1] EffectCardId=System.Collections.Generic.List`1[System.String] EffectIndex=0 Target=0 SubOption=-1 
D 21:45:14.4672244 GameState.DebugPrintPower() -         FULL_ENTITY - Creating ID=147 CardID=
D 21:45:14.4672244 GameState.DebugPrintPower() -             tag=ZONE value=SETASIDE
D 21:45:14.4672244 GameState.DebugPrintPower() -             tag=CONTROLLER value=1
D 21:45:14.4672244 GameState.DebugPrintPower() -             tag=ENTITY_ID value=147
D 21:45:14.4672244 GameState.DebugPrintPower() -         FULL_ENTITY - Creating ID=148 CardID=
D 21:45:14.4672244 GameState.DebugPrintPower() -             tag=ZONE value=SETASIDE
D 21:45:14.4672244 GameState.DebugPrintPower() -             tag=CONTROLLER value=1
D 21:45:14.4672244 GameState.DebugPrintPower() -             tag=ENTITY_ID value=148
D 21:45:14.4672244 GameState.DebugPrintPower() -         TAG_CHANGE Entity=148 tag=ZONE value=PLAY 
D 21:45:14.4672244 GameState.DebugPrintPower() -         FULL_ENTITY - Creating ID=149 CardID=
D 21:45:14.4672244 GameState.DebugPrintPower() -             tag=ZONE value=SETASIDE
D 21:45:14.4672244 GameState.DebugPrintPower() -             tag=CONTROLLER value=1
D 21:45:14.4672244 GameState.DebugPrintPower() -             tag=ENTITY_ID value=149
D 21:45:14.4672244 GameState.DebugPrintPower() -         FULL_ENTITY - Creating ID=150 CardID=
D 21:45:14.4672244 GameState.DebugPrintPower() -             tag=ZONE value=SETASIDE
D 21:45:14.4672244 GameState.DebugPrintPower() -             tag=CONTROLLER value=1
D 21:45:14.4672244 GameState.DebugPrintPower() -             tag=ENTITY_ID value=150
D 21:45:14.4672244 GameState.DebugPrintPower() -         FULL_ENTITY - Creating ID=151 CardID=
D 21:45:14.4672244 GameState.DebugPrintPower() -             tag=ZONE value=SETASIDE
D 21:45:14.4672244 GameState.DebugPrintPower() -             tag=CONTROLLER value=1
D 21:45:14.4672244 GameState.DebugPrintPower() -             tag=ENTITY_ID value=151
D 21:45:14.4672244 GameState.DebugPrintPower() -         TAG_CHANGE Entity=151 tag=ZONE value=PLAY 
D 21:45:14.4672244 PowerTaskList.DebugDump() - ID=202 ParentID=0 PreviousID=0 TaskCount=12
D 21:45:14.4672244 PowerTaskList.DebugPrintPower() - BLOCK_START BlockType=PLAY Entity=[entityName=UNKNOWN ENTITY [cardType=INVALID] id=17 zone=HAND zonePos=4 cardId= player=1] EffectCardId=System.Collections.Generic.List`1[System.String] EffectIndex=0 Target=0 SubOption=-1 
D 21:45:14.4672244 PowerTaskList.DebugPrintPower() -     TAG_CHANGE Entity=Rose#55519 tag=2245 value=8 
D 21:45:14.4672244 PowerTaskList.DebugPrintPower() -     TAG_CHANGE Entity=Rose#55519 tag=RESOURCES_USED value=2 
D 21:45:14.4672244 PowerTaskList.DebugPrintPower() -     TAG_CHANGE Entity=Rose#55519 tag=NUM_RESOURCES_SPENT_THIS_GAME value=8 
D 21:45:14.4672244 PowerTaskList.DebugPrintPower() -     TAG_CHANGE Entity=Rose#55519 tag=NUM_CARDS_PLAYED_THIS_TURN value=1 
D 21:45:14.4672244 PowerTaskList.DebugPrintPower() -     TAG_CHANGE Entity=Rose#55519 tag=430 value=1 
D 21:45:14.4672244 PowerTaskList.DebugPrintPower() -     TAG_CHANGE Entity=[entityName=UNKNOWN ENTITY [cardType=INVALID] id=21 zone=HAND zonePos=7 cardId= player=1] tag=ZONE_POSITION value=6 
D 21:45:14.4672244 PowerTaskList.DebugPrintPower() -     TAG_CHANGE Entity=[entityName=UNKNOWN ENTITY [cardType=INVALID] id=75 zone=HAND zonePos=6 cardId= player=1] tag=ZONE_POSITION value=5 
D 21:45:14.4672244 PowerTaskList.DebugPrintPower() -     TAG_CHANGE Entity=[entityName=UNKNOWN ENTITY [cardType=INVALID] id=22 zone=HAND zonePos=5 cardId= player=1] tag=ZONE_POSITION value=4 
D 21:45:14.4672244 PowerTaskList.DebugPrintPower() -     TAG_CHANGE Entity=[entityName=UNKNOWN ENTITY [cardType=INVALID] id=17 zone=HAND zonePos=4 cardId= player=1] tag=ZONE_POSITION value=0 
D 21:45:14.4672244 PowerTaskList.DebugPrintPower() -     SHOW_ENTITY - Updating Entity=[entityName=UNKNOWN ENTITY [cardType=INVALID] id=17 zone=HAND zonePos=4 cardId= player=1] CardID=TTN_430
D 21:45:14.4672244 PowerTaskList.DebugPrintPower() -         tag=CONTROLLER value=1
D 21:45:14.4672244 PowerTaskList.DebugPrintPower() -         tag=CARDTYPE value=SPELL
D 21:45:14.4672244 PowerTaskList.DebugPrintPower() -         tag=TAG_LAST_KNOWN_COST_IN_HAND value=2
D 21:45:14.4672244 PowerTaskList.DebugPrintPower() -         tag=COST value=2
D 21:45:14.4672244 PowerTaskList.DebugPrintPower() -         tag=PREMIUM value=1
D 21:45:14.4672244 PowerTaskList.DebugPrintPower() -         tag=ZONE value=PLAY
D 21:45:14.4672244 PowerTaskList.DebugPrintPower() -         tag=ENTITY_ID value=17
D 21:45:14.4672244 PowerTaskList.DebugPrintPower() -         tag=CLASS value=PRIEST
D 21:45:14.4672244 PowerTaskList.DebugPrintPower() -         tag=RARITY value=RARE
D 21:45:14.4672244 PowerTaskList.DebugPrintPower() -         tag=JUST_PLAYED value=1
D 21:45:14.4672244 PowerTaskList.DebugPrintPower() -         tag=ZONE_POSITION value=0
D 21:45:14.4672244 PowerTaskList.DebugPrintPower() -         tag=NUM_TURNS_IN_HAND value=5
D 21:45:14.4672244 PowerTaskList.DebugPrintPower() -         tag=DISCOVER value=1
D 21:45:14.4672244 PowerTaskList.DebugPrintPower() -         tag=478 value=1
D 21:45:14.4672244 PowerTaskList.DebugPrintPower() -         tag=1037 value=0
D 21:45:14.4672244 PowerTaskList.DebugPrintPower() -         tag=1043 value=1
D 21:45:14.4672244 PowerTaskList.DebugPrintPower() -         tag=1068 value=0
D 21:45:14.4672244 PowerTaskList.DebugPrintPower() -         tag=USE_DISCOVER_VISUALS value=1
D 21:45:14.4672244 PowerTaskList.DebugPrintPower() -         tag=COLLECTION_RELATED_CARD_DATABASE_ID value=97264
D 21:45:14.4672244 PowerTaskList.DebugPrintPower() -         tag=SPAWN_TIME_COUNT value=1
D 21:45:14.4672244 PowerTaskList.DebugPrintPower() -         tag=1570 value=4
D 21:45:14.4672244 PowerTaskList.DebugPrintPower() -         tag=SPELL_SCHOOL value=5
D 21:45:14.4672244 PowerTaskList.DebugPrintPower() -         tag=DECK_ACTION_COST value=2
D 21:45:14.4672244 PowerTaskList.DebugPrintPower() -         tag=FORGE value=1
D 21:45:14.4672244 PowerTaskList.DebugPrintPower() -         tag=FORGES_INTO value=97264
D 21:45:14.4672244 PowerTaskList.DebugPrintPower() -         tag=3557 value=4
D 21:45:14.4672244 PowerTaskList.DebugPrintPower() -     META_DATA - Meta=SLUSH_TIME Data=3000 InfoCount=1
D 21:45:14.4672244 PowerTaskList.DebugPrintPower() -                 Info[0] = [entityName=UNKNOWN ENTITY [cardType=INVALID] id=17 zone=HAND zonePos=4 cardId= player=1]
D 21:45:14.4672244 PowerTaskList.DebugPrintPower() -     TAG_CHANGE Entity=Rose#55519 tag=NUM_SPELLS_PLAYED_THIS_GAME value=3 
D 21:45:14.4672244 PowerTaskList.DebugDump() - Block End=(null)
D 21:45:14.4672244 PowerProcessor.PrepareHistoryForCurrentTaskList() - m_currentTaskList=202
D 21:45:14.4672244 PowerProcessor.DoTaskListForCard() - unhandled BlockType PLAY for sourceEntity [entityName=UNKNOWN ENTITY [cardType=INVALID] id=17 zone=HAND zonePos=4 cardId= player=1]
D 21:45:14.5636903 GameState.DebugPrintEntityChoices() - id=4 Player=Rose#55519 TaskList=203 ChoiceType=GENERAL CountMin=1 CountMax=1
D 21:45:14.5636903 GameState.DebugPrintEntityChoices() -   Source=[entityName=造物协议 id=17 zone=PLAY zonePos=0 cardId=TTN_430 player=1]
D 21:45:14.5636903 GameState.DebugPrintEntityChoices() -   Entities[0]=[entityName=UNKNOWN ENTITY [cardType=INVALID] id=149 zone=SETASIDE zonePos=0 cardId= player=1]
D 21:45:14.5636903 GameState.DebugPrintEntityChoices() -   Entities[1]=[entityName=UNKNOWN ENTITY [cardType=INVALID] id=147 zone=SETASIDE zonePos=0 cardId= player=1]
D 21:45:14.5636903 GameState.DebugPrintEntityChoices() -   Entities[2]=[entityName=UNKNOWN ENTITY [cardType=INVALID] id=150 zone=SETASIDE zonePos=0 cardId= player=1]
D 21:45:14.5636903 ChoiceCardMgr.WaitThenShowChoices() - id=4 WAIT for taskList 203
D 21:45:15.5822148 PowerProcessor.EndCurrentTaskList() - m_currentTaskList=202
D 21:45:15.5902705 PowerTaskList.DebugDump() - ID=203 ParentID=202 PreviousID=0 TaskCount=7
D 21:45:15.5902705 PowerTaskList.DebugPrintPower() - BLOCK_START BlockType=POWER Entity=[entityName=造物协议 id=17 zone=PLAY zonePos=0 cardId=TTN_430 player=1] EffectCardId=System.Collections.Generic.List`1[System.String] EffectIndex=0 Target=0 SubOption=-1 
D 21:45:15.5902705 PowerTaskList.DebugPrintPower() -     FULL_ENTITY - Updating [entityName=UNKNOWN ENTITY [cardType=INVALID] id=147 zone=SETASIDE zonePos=0 cardId= player=1] CardID=
D 21:45:15.5902705 PowerTaskList.DebugPrintPower() -         tag=ZONE value=SETASIDE
D 21:45:15.5902705 PowerTaskList.DebugPrintPower() -         tag=CONTROLLER value=1
D 21:45:15.5902705 PowerTaskList.DebugPrintPower() -         tag=ENTITY_ID value=147
D 21:45:15.5902705 PowerTaskList.DebugPrintPower() -     FULL_ENTITY - Updating [entityName=UNKNOWN ENTITY [cardType=INVALID] id=148 zone=SETASIDE zonePos=0 cardId= player=1] CardID=
D 21:45:15.5902705 PowerTaskList.DebugPrintPower() -         tag=ZONE value=SETASIDE
D 21:45:15.5902705 PowerTaskList.DebugPrintPower() -         tag=CONTROLLER value=1
D 21:45:15.5902705 PowerTaskList.DebugPrintPower() -         tag=ENTITY_ID value=148
D 21:45:15.5902705 PowerTaskList.DebugPrintPower() -     TAG_CHANGE Entity=[entityName=UNKNOWN ENTITY [cardType=INVALID] id=148 zone=SETASIDE zonePos=0 cardId= player=1] tag=ZONE value=PLAY 
D 21:45:15.5902705 PowerTaskList.DebugPrintPower() -     FULL_ENTITY - Updating [entityName=UNKNOWN ENTITY [cardType=INVALID] id=149 zone=SETASIDE zonePos=0 cardId= player=1] CardID=
D 21:45:15.5902705 PowerTaskList.DebugPrintPower() -         tag=ZONE value=SETASIDE
D 21:45:15.5902705 PowerTaskList.DebugPrintPower() -         tag=CONTROLLER value=1
D 21:45:15.5902705 PowerTaskList.DebugPrintPower() -         tag=ENTITY_ID value=149
D 21:45:15.5902705 PowerTaskList.DebugPrintPower() -     FULL_ENTITY - Updating [entityName=UNKNOWN ENTITY [cardType=INVALID] id=150 zone=SETASIDE zonePos=0 cardId= player=1] CardID=
D 21:45:15.5902705 PowerTaskList.DebugPrintPower() -         tag=ZONE value=SETASIDE
D 21:45:15.5902705 PowerTaskList.DebugPrintPower() -         tag=CONTROLLER value=1
D 21:45:15.5902705 PowerTaskList.DebugPrintPower() -         tag=ENTITY_ID value=150
D 21:45:15.5902705 PowerTaskList.DebugPrintPower() -     FULL_ENTITY - Updating [entityName=UNKNOWN ENTITY [cardType=INVALID] id=151 zone=SETASIDE zonePos=0 cardId= player=1] CardID=
D 21:45:15.5902705 PowerTaskList.DebugPrintPower() -         tag=ZONE value=SETASIDE
D 21:45:15.5902705 PowerTaskList.DebugPrintPower() -         tag=CONTROLLER value=1
D 21:45:15.5902705 PowerTaskList.DebugPrintPower() -         tag=ENTITY_ID value=151
D 21:45:15.5902705 PowerTaskList.DebugPrintPower() -     TAG_CHANGE Entity=[entityName=UNKNOWN ENTITY [cardType=INVALID] id=151 zone=SETASIDE zonePos=0 cardId= player=1] tag=ZONE value=PLAY 
D 21:45:15.5902705 PowerTaskList.DebugDump() - Block End=(null)
D 21:45:15.5902705 PowerProcessor.PrepareHistoryForCurrentTaskList() - m_currentTaskList=203
D 21:45:15.6169480 PowerProcessor.EndCurrentTaskList() - m_currentTaskList=203
D 21:45:15.6169480 ChoiceCardMgr.WaitThenShowChoices() - id=4 BEGIN
D 21:45:17.0299547 GameState.DebugPrintEntitiesChosen() - id=4 Player=Rose#55519 EntitiesCount=1
D 21:45:17.0299547 GameState.DebugPrintEntitiesChosen() -   Entities[0]=[entityName=UNKNOWN ENTITY [cardType=INVALID] id=150 zone=SETASIDE zonePos=0 cardId= player=1]
D 21:45:17.0299547 ChoiceCardMgr.DoesLocalChoiceMatchPacket(): Null list passed in! localChoices=, packetChoices=System.Collections.Generic.List`1[System.Int32].
D 21:45:17.0299547 ChoiceCardMgr.WaitThenHideChoicesFromPacket() - id=4 END WAIT
D 21:45:17.1206822 GameState.DebugPrintPowerList() - Count=30
D 21:45:17.1206822 GameState.DebugPrintPower() - TAG_CHANGE Entity=湫然#51704 tag=PLAYSTATE value=CONCEDED 
D 21:45:17.1206822 GameState.DebugPrintPower() - TAG_CHANGE Entity=湫然#51704 tag=3479 value=1 
D 21:45:17.1206822 GameState.DebugPrintPower() - TAG_CHANGE Entity=Rose#55519 tag=PLAYSTATE value=WON 
D 21:45:17.1206822 GameState.DebugPrintPower() - TAG_CHANGE Entity=湫然#51704 tag=PLAYSTATE value=LOST 
D 21:45:17.1206822 GameState.DebugPrintPower() - TAG_CHANGE Entity=[entityName=月光射线 id=38 zone=HAND zonePos=1 cardId=TID_001 player=2] tag=NUM_TURNS_IN_HAND value=9 
D 21:45:17.1206822 GameState.DebugPrintPower() - TAG_CHANGE Entity=[entityName=生命缚誓者的礼物 id=64 zone=HAND zonePos=2 cardId=TTN_955 player=2] tag=NUM_TURNS_IN_HAND value=9 
D 21:45:17.1206822 GameState.DebugPrintPower() - TAG_CHANGE Entity=[entityName=生物计划 id=62 zone=HAND zonePos=3 cardId=BOT_054 player=2] tag=NUM_TURNS_IN_HAND value=9 
D 21:45:17.1206822 GameState.DebugPrintPower() - TAG_CHANGE Entity=[entityName=建造水晶塔 id=57 zone=HAND zonePos=4 cardId=SC_755 player=2] tag=NUM_TURNS_IN_HAND value=9 
D 21:45:17.1206822 GameState.DebugPrintPower() - TAG_CHANGE Entity=[entityName=虚灵改装师 id=35 zone=HAND zonePos=5 cardId=BT_724 player=2] tag=NUM_TURNS_IN_HAND value=7 
D 21:45:17.1206822 GameState.DebugPrintPower() - TAG_CHANGE Entity=[entityName=月火术 id=50 zone=HAND zonePos=6 cardId=CS2_008 player=2] tag=NUM_TURNS_IN_HAND value=5 
D 21:45:17.1206822 GameState.DebugPrintPower() - TAG_CHANGE Entity=[entityName=顺水漂流 id=36 zone=HAND zonePos=7 cardId=VAC_428 player=2] tag=NUM_TURNS_IN_HAND value=3 
D 21:45:17.1206822 GameState.DebugPrintPower() - TAG_CHANGE Entity=GameEntity tag=NEXT_STEP value=FINAL_WRAPUP 
D 21:45:17.1206822 GameState.DebugPrintPower() - TAG_CHANGE Entity=GameEntity tag=STEP value=FINAL_WRAPUP 
D 21:45:17.1206822 GameState.DebugPrintPower() - BLOCK_START BlockType=TRIGGER Entity=GameEntity EffectCardId=System.Collections.Generic.List`1[System.String] EffectIndex=-1 Target=0 SubOption=-1 TriggerKeyword=TAG_NOT_SET
D 21:45:17.1206822 GameState.DebugPrintPower() -     TAG_CHANGE Entity=GameEntity tag=NEXT_STEP value=FINAL_GAMEOVER 
D 21:45:17.1206822 GameState.DebugPrintPower() - BLOCK_END
D 21:45:17.1206822 GameState.DebugPrintPower() - TAG_CHANGE Entity=GameEntity tag=STEP value=FINAL_GAMEOVER 
D 21:45:17.1206822 GameState.DebugPrintPower() - TAG_CHANGE Entity=GameEntity tag=STATE value=COMPLETE 
D 21:45:17.1206822 GameState.DebugPrintPower() - TAG_CHANGE Entity=[entityName=UNKNOWN ENTITY [cardType=INVALID] id=150 zone=SETASIDE zonePos=0 cardId= player=1] tag=ZONE value=HAND 
D 21:45:17.1206822 GameState.DebugPrintPower() - TAG_CHANGE Entity=[entityName=UNKNOWN ENTITY [cardType=INVALID] id=150 zone=SETASIDE zonePos=0 cardId= player=1] tag=ZONE_POSITION value=7 
D 21:45:17.1206822 GameState.DebugPrintPower() - TAG_CHANGE Entity=[entityName=UNKNOWN ENTITY [cardType=INVALID] id=150 zone=SETASIDE zonePos=0 cardId= player=1] tag=DISPLAYED_CREATOR value=17 
D 21:45:17.1206822 GameState.DebugPrintPower() - BLOCK_END
D 21:45:17.1206822 GameState.DebugPrintPower() - TAG_CHANGE Entity=[entityName=造物协议 id=17 zone=PLAY zonePos=0 cardId=TTN_430 player=1] tag=1068 value=4 
D 21:45:17.1206822 GameState.DebugPrintPower() - TAG_CHANGE Entity=[entityName=造物协议 id=17 zone=PLAY zonePos=0 cardId=TTN_430 player=1] tag=1068 value=0 
D 21:45:17.1206822 GameState.DebugPrintPower() - TAG_CHANGE Entity=[entityName=造物协议 id=17 zone=PLAY zonePos=0 cardId=TTN_430 player=1] tag=ZONE value=GRAVEYARD 
D 21:45:17.1206822 GameState.DebugPrintPower() - TAG_CHANGE Entity=Rose#55519 tag=COMBO_ACTIVE value=1 
D 21:45:17.1206822 GameState.DebugPrintPower() - TAG_CHANGE Entity=GameEntity tag=1323 value=12 
D 21:45:17.1206822 GameState.DebugPrintPower() - TAG_CHANGE Entity=Rose#55519 tag=NUM_OPTIONS_PLAYED_THIS_TURN value=1 
D 21:45:17.1206822 GameState.DebugPrintPower() - BLOCK_END
D 21:45:17.1206822 GameState.DebugPrintPower() - META_DATA - Meta=SLUSH_TIME Data=1000 InfoCount=1
D 21:45:17.1206822 GameState.DebugPrintPower() -             Info[0] = [entityName=造物协议 id=17 zone=PLAY zonePos=0 cardId=TTN_430 player=1]
D 21:45:17.1206822 PowerTaskList.DebugDump() - ID=204 ParentID=0 PreviousID=203 TaskCount=13
D 21:45:17.1206822 PowerTaskList.DebugDump() - Block Start=(null)
D 21:45:17.1206822 PowerTaskList.DebugPrintPower() -     TAG_CHANGE Entity=湫然#51704 tag=PLAYSTATE value=CONCEDED 
D 21:45:17.1206822 PowerTaskList.DebugPrintPower() -     TAG_CHANGE Entity=湫然#51704 tag=3479 value=1 
D 21:45:17.1206822 PowerTaskList.DebugPrintPower() -     TAG_CHANGE Entity=Rose#55519 tag=PLAYSTATE value=WON 
D 21:45:17.1206822 PowerTaskList.DebugPrintPower() -     TAG_CHANGE Entity=湫然#51704 tag=PLAYSTATE value=LOST 
D 21:45:17.1206822 PowerTaskList.DebugPrintPower() -     TAG_CHANGE Entity=[entityName=月光射线 id=38 zone=HAND zonePos=1 cardId=TID_001 player=2] tag=NUM_TURNS_IN_HAND value=9 
D 21:45:17.1206822 PowerTaskList.DebugPrintPower() -     TAG_CHANGE Entity=[entityName=生命缚誓者的礼物 id=64 zone=HAND zonePos=2 cardId=TTN_955 player=2] tag=NUM_TURNS_IN_HAND value=9 
D 21:45:17.1206822 PowerTaskList.DebugPrintPower() -     TAG_CHANGE Entity=[entityName=生物计划 id=62 zone=HAND zonePos=3 cardId=BOT_054 player=2] tag=NUM_TURNS_IN_HAND value=9 
D 21:45:17.1206822 PowerTaskList.DebugPrintPower() -     TAG_CHANGE Entity=[entityName=建造水晶塔 id=57 zone=HAND zonePos=4 cardId=SC_755 player=2] tag=NUM_TURNS_IN_HAND value=9 
D 21:45:17.1206822 PowerTaskList.DebugPrintPower() -     TAG_CHANGE Entity=[entityName=虚灵改装师 id=35 zone=HAND zonePos=5 cardId=BT_724 player=2] tag=NUM_TURNS_IN_HAND value=7 
D 21:45:17.1206822 PowerTaskList.DebugPrintPower() -     TAG_CHANGE Entity=[entityName=月火术 id=50 zone=HAND zonePos=6 cardId=CS2_008 player=2] tag=NUM_TURNS_IN_HAND value=5 
D 21:45:17.1206822 PowerTaskList.DebugPrintPower() -     TAG_CHANGE Entity=[entityName=顺水漂流 id=36 zone=HAND zonePos=7 cardId=VAC_428 player=2] tag=NUM_TURNS_IN_HAND value=3 
D 21:45:17.1206822 PowerTaskList.DebugPrintPower() -     TAG_CHANGE Entity=GameEntity tag=NEXT_STEP value=FINAL_WRAPUP 
D 21:45:17.1206822 PowerTaskList.DebugPrintPower() -     TAG_CHANGE Entity=GameEntity tag=STEP value=FINAL_WRAPUP 
D 21:45:17.1206822 PowerTaskList.DebugDump() - Block End=(null)
D 21:45:17.1206822 PowerTaskList.DebugDump() - ID=205 ParentID=203 PreviousID=0 TaskCount=1
D 21:45:17.1206822 PowerTaskList.DebugPrintPower() - BLOCK_START BlockType=TRIGGER Entity=GameEntity EffectCardId=System.Collections.Generic.List`1[System.String] EffectIndex=-1 Target=0 SubOption=-1 TriggerKeyword=TAG_NOT_SET
D 21:45:17.1206822 PowerTaskList.DebugPrintPower() -     TAG_CHANGE Entity=GameEntity tag=NEXT_STEP value=FINAL_GAMEOVER 
D 21:45:17.1206822 PowerTaskList.DebugPrintPower() - BLOCK_END
D 21:45:17.1206822 PowerTaskList.DebugDump() - ID=206 ParentID=0 PreviousID=204 TaskCount=5
D 21:45:17.1206822 PowerTaskList.DebugDump() - Block Start=(null)
D 21:45:17.1206822 PowerTaskList.DebugPrintPower() -     TAG_CHANGE Entity=GameEntity tag=STEP value=FINAL_GAMEOVER 
D 21:45:17.1206822 PowerTaskList.DebugPrintPower() -     TAG_CHANGE Entity=GameEntity tag=STATE value=COMPLETE 
D 21:45:17.1206822 PowerTaskList.DebugPrintPower() -     TAG_CHANGE Entity=[entityName=UNKNOWN ENTITY [cardType=INVALID] id=150 zone=SETASIDE zonePos=0 cardId= player=1] tag=ZONE value=HAND 
D 21:45:17.1206822 PowerTaskList.DebugPrintPower() -     TAG_CHANGE Entity=[entityName=UNKNOWN ENTITY [cardType=INVALID] id=150 zone=SETASIDE zonePos=0 cardId= player=1] tag=ZONE_POSITION value=7 
D 21:45:17.1206822 PowerTaskList.DebugPrintPower() -     TAG_CHANGE Entity=[entityName=UNKNOWN ENTITY [cardType=INVALID] id=150 zone=SETASIDE zonePos=0 cardId= player=1] tag=DISPLAYED_CREATOR value=17 
D 21:45:17.1206822 PowerTaskList.DebugPrintPower() - BLOCK_END
D 21:45:17.1206822 PowerTaskList.DebugDump() - ID=207 ParentID=0 PreviousID=202 TaskCount=6
D 21:45:17.1206822 PowerTaskList.DebugDump() - Block Start=(null)
D 21:45:17.1206822 PowerTaskList.DebugPrintPower() -     TAG_CHANGE Entity=[entityName=造物协议 id=17 zone=PLAY zonePos=0 cardId=TTN_430 player=1] tag=1068 value=4 
D 21:45:17.1206822 PowerTaskList.DebugPrintPower() -     TAG_CHANGE Entity=[entityName=造物协议 id=17 zone=PLAY zonePos=0 cardId=TTN_430 player=1] tag=1068 value=0 
D 21:45:17.1206822 PowerTaskList.DebugPrintPower() -     TAG_CHANGE Entity=[entityName=造物协议 id=17 zone=PLAY zonePos=0 cardId=TTN_430 player=1] tag=ZONE value=GRAVEYARD 
D 21:45:17.1206822 PowerTaskList.DebugPrintPower() -     TAG_CHANGE Entity=Rose#55519 tag=COMBO_ACTIVE value=1 
D 21:45:17.1206822 PowerTaskList.DebugPrintPower() -     TAG_CHANGE Entity=GameEntity tag=1323 value=12 
D 21:45:17.1206822 PowerTaskList.DebugPrintPower() -     TAG_CHANGE Entity=Rose#55519 tag=NUM_OPTIONS_PLAYED_THIS_TURN value=1 
D 21:45:17.1206822 PowerTaskList.DebugPrintPower() - BLOCK_END
D 21:45:17.1206822 PowerTaskList.DebugDump() - ID=208 ParentID=0 PreviousID=0 TaskCount=1
D 21:45:17.1206822 PowerTaskList.DebugDump() - Block Start=(null)
D 21:45:17.1206822 PowerTaskList.DebugPrintPower() -     META_DATA - Meta=SLUSH_TIME Data=1000 InfoCount=1
D 21:45:17.1206822 PowerTaskList.DebugPrintPower() -                 Info[0] = [entityName=造物协议 id=17 zone=PLAY zonePos=0 cardId=TTN_430 player=1]
D 21:45:17.1206822 PowerTaskList.DebugDump() - Block End=(null)
