D 12:49:11.8988545 GameState.DebugPrintPower() - CREATE_GAME
D 12:49:11.8988545 GameState.DebugPrintPower() -     GameEntity EntityID=1
D 12:49:11.8988545 GameState.DebugPrintPower() -         tag=CARDTYPE value=GAME
D 12:49:11.8988545 GameState.DebugPrintPower() -         tag=ZONE value=PLAY
D 12:49:11.8988545 GameState.DebugPrintPower() -         tag=ENTITY_ID value=1
D 12:49:11.8988545 GameState.DebugPrintPower() -         tag=937 value=2
D 12:49:11.8988545 GameState.DebugPrintPower() -         tag=SPAWN_TIME_COUNT value=1
D 12:49:11.8988545 GameState.DebugPrintPower() -         tag=GAME_SEED value=1565001435
D 12:49:11.8988545 GameState.DebugPrintPower() -     Player EntityID=2 PlayerID=1 GameAccountId=[hi=144115211015832391 lo=83449896]
D 12:49:11.8988545 GameState.DebugPrintPower() -         tag=CONTROLLER value=1
D 12:49:11.8988545 GameState.DebugPrintPower() -         tag=CARDTYPE value=PLAYER
D 12:49:11.8988545 GameState.DebugPrintPower() -         tag=PLAYER_ID value=1
D 12:49:11.8988545 GameState.DebugPrintPower() -         tag=HERO_ENTITY value=70
D 12:49:11.8988545 GameState.DebugPrintPower() -         tag=MAXHANDSIZE value=10
D 12:49:11.8988545 GameState.DebugPrintPower() -         tag=STARTHANDSIZE value=4
D 12:49:11.8988545 GameState.DebugPrintPower() -         tag=TEAM_ID value=1
D 12:49:11.8988545 GameState.DebugPrintPower() -         tag=ZONE value=PLAY
D 12:49:11.8988545 GameState.DebugPrintPower() -         tag=ENTITY_ID value=2
D 12:49:11.8988545 GameState.DebugPrintPower() -         tag=MAXRESOURCES value=10
D 12:49:11.8988545 GameState.DebugPrintPower() -         tag=SPAWN_TIME_COUNT value=1
D 12:49:11.8988545 GameState.DebugPrintPower() -         tag=MAX_EXCAVATE_TIER value=2
D 12:49:11.8988545 GameState.DebugPrintPower() -     Player EntityID=3 PlayerID=2 GameAccountId=[hi=144115211015832391 lo=69920134]
D 12:49:11.8988545 GameState.DebugPrintPower() -         tag=CONTROLLER value=2
D 12:49:11.8988545 GameState.DebugPrintPower() -         tag=CARDTYPE value=PLAYER
D 12:49:11.8988545 GameState.DebugPrintPower() -         tag=PLAYER_ID value=2
D 12:49:11.8988545 GameState.DebugPrintPower() -         tag=HERO_ENTITY value=72
D 12:49:11.8988545 GameState.DebugPrintPower() -         tag=MAXHANDSIZE value=10
D 12:49:11.8988545 GameState.DebugPrintPower() -         tag=STARTHANDSIZE value=4
D 12:49:11.8988545 GameState.DebugPrintPower() -         tag=TEAM_ID value=2
D 12:49:11.8988545 GameState.DebugPrintPower() -         tag=ZONE value=PLAY
D 12:49:11.8988545 GameState.DebugPrintPower() -         tag=ENTITY_ID value=3
D 12:49:11.8988545 GameState.DebugPrintPower() -         tag=MAXRESOURCES value=10
D 12:49:11.8988545 GameState.DebugPrintPower() -         tag=SPAWN_TIME_COUNT value=1
D 12:49:11.8988545 GameState.DebugPrintPower() -         tag=MAX_EXCAVATE_TIER value=2
D 12:49:11.8988545 GameState.DebugPrintPower() -         tag=PET_ENTITY value=74
D 12:49:11.8988545 GameState.DebugPrintPower() -         tag=PET_VARIANT_ID value=41
D 12:49:11.8988545 GameState.DebugPrintPower() -         tag=PET_ID value=12
D 12:49:11.8988545 GameState.DebugPrintPower() - FULL_ENTITY - Creating ID=4 CardID=
D 12:49:11.8988545 GameState.DebugPrintPower() -     tag=ZONE value=DECK
D 12:49:11.8988545 GameState.DebugPrintPower() -     tag=CONTROLLER value=1
D 12:49:11.8988545 GameState.DebugPrintPower() -     tag=ENTITY_ID value=4
D 12:49:11.8988545 GameState.DebugPrintPower() - FULL_ENTITY - Creating ID=5 CardID=
D 12:49:11.8988545 GameState.DebugPrintPower() -     tag=ZONE value=DECK
D 12:49:11.8988545 GameState.DebugPrintPower() -     tag=CONTROLLER value=1
D 12:49:11.8988545 GameState.DebugPrintPower() -     tag=ENTITY_ID value=5
D 12:49:11.8988545 GameState.DebugPrintPower() - FULL_ENTITY - Creating ID=6 CardID=
D 12:49:11.8988545 GameState.DebugPrintPower() -     tag=ZONE value=SETASIDE
D 12:49:11.8988545 GameState.DebugPrintPower() -     tag=CONTROLLER value=1
D 12:49:11.8988545 GameState.DebugPrintPower() -     tag=ENTITY_ID value=6
D 12:49:11.8988545 GameState.DebugPrintPower() - FULL_ENTITY - Creating ID=7 CardID=
D 12:49:11.8988545 GameState.DebugPrintPower() -     tag=ZONE value=SETASIDE
D 12:49:11.8988545 GameState.DebugPrintPower() -     tag=CONTROLLER value=1
D 12:49:11.8988545 GameState.DebugPrintPower() -     tag=ENTITY_ID value=7
D 12:49:11.8988545 GameState.DebugPrintPower() - FULL_ENTITY - Creating ID=8 CardID=
D 12:49:11.8988545 GameState.DebugPrintPower() -     tag=ZONE value=DECK
D 12:49:11.8988545 GameState.DebugPrintPower() -     tag=CONTROLLER value=1
D 12:49:11.8988545 GameState.DebugPrintPower() -     tag=ENTITY_ID value=8
D 12:49:11.8988545 GameState.DebugPrintPower() - FULL_ENTITY - Creating ID=9 CardID=
D 12:49:11.8988545 GameState.DebugPrintPower() -     tag=ZONE value=DECK
D 12:49:11.8988545 GameState.DebugPrintPower() -     tag=CONTROLLER value=1
D 12:49:11.8988545 GameState.DebugPrintPower() -     tag=ENTITY_ID value=9
D 12:49:11.8988545 GameState.DebugPrintPower() - FULL_ENTITY - Creating ID=10 CardID=
D 12:49:11.8988545 GameState.DebugPrintPower() -     tag=ZONE value=SETASIDE
D 12:49:11.8988545 GameState.DebugPrintPower() -     tag=CONTROLLER value=1
D 12:49:11.8988545 GameState.DebugPrintPower() -     tag=ENTITY_ID value=10
D 12:49:11.8988545 GameState.DebugPrintPower() - FULL_ENTITY - Creating ID=11 CardID=
D 12:49:11.8988545 GameState.DebugPrintPower() -     tag=ZONE value=SETASIDE
D 12:49:11.8988545 GameState.DebugPrintPower() -     tag=CONTROLLER value=1
D 12:49:11.8988545 GameState.DebugPrintPower() -     tag=ENTITY_ID value=11
D 12:49:11.8988545 GameState.DebugPrintPower() - FULL_ENTITY - Creating ID=12 CardID=
D 12:49:11.8988545 GameState.DebugPrintPower() -     tag=ZONE value=DECK
D 12:49:11.8988545 GameState.DebugPrintPower() -     tag=CONTROLLER value=1
D 12:49:11.8988545 GameState.DebugPrintPower() -     tag=ENTITY_ID value=12
D 12:49:11.8988545 GameState.DebugPrintPower() - FULL_ENTITY - Creating ID=13 CardID=
D 12:49:11.8988545 GameState.DebugPrintPower() -     tag=ZONE value=DECK
D 12:49:11.8988545 GameState.DebugPrintPower() -     tag=CONTROLLER value=1
D 12:49:11.8988545 GameState.DebugPrintPower() -     tag=ENTITY_ID value=13
D 12:49:11.8988545 GameState.DebugPrintPower() - FULL_ENTITY - Creating ID=14 CardID=
D 12:49:11.8988545 GameState.DebugPrintPower() -     tag=ZONE value=SETASIDE
D 12:49:11.8988545 GameState.DebugPrintPower() -     tag=CONTROLLER value=1
D 12:49:11.8988545 GameState.DebugPrintPower() -     tag=ENTITY_ID value=14
D 12:49:11.8988545 GameState.DebugPrintPower() - FULL_ENTITY - Creating ID=15 CardID=
D 12:49:11.8988545 GameState.DebugPrintPower() -     tag=ZONE value=SETASIDE
D 12:49:11.8988545 GameState.DebugPrintPower() -     tag=CONTROLLER value=1
D 12:49:11.8988545 GameState.DebugPrintPower() -     tag=ENTITY_ID value=15
D 12:49:11.8988545 GameState.DebugPrintPower() - FULL_ENTITY - Creating ID=16 CardID=
D 12:49:11.8988545 GameState.DebugPrintPower() -     tag=ZONE value=DECK
D 12:49:11.8988545 GameState.DebugPrintPower() -     tag=CONTROLLER value=1
D 12:49:11.8988545 GameState.DebugPrintPower() -     tag=ENTITY_ID value=16
D 12:49:11.8988545 GameState.DebugPrintPower() - FULL_ENTITY - Creating ID=17 CardID=
D 12:49:11.8988545 GameState.DebugPrintPower() -     tag=ZONE value=DECK
D 12:49:11.8988545 GameState.DebugPrintPower() -     tag=CONTROLLER value=1
D 12:49:11.8988545 GameState.DebugPrintPower() -     tag=ENTITY_ID value=17
D 12:49:11.8988545 GameState.DebugPrintPower() - FULL_ENTITY - Creating ID=18 CardID=
D 12:49:11.8988545 GameState.DebugPrintPower() -     tag=ZONE value=DECK
D 12:49:11.8988545 GameState.DebugPrintPower() -     tag=CONTROLLER value=1
D 12:49:11.8988545 GameState.DebugPrintPower() -     tag=ENTITY_ID value=18
D 12:49:11.8988545 GameState.DebugPrintPower() - FULL_ENTITY - Creating ID=19 CardID=
D 12:49:11.8988545 GameState.DebugPrintPower() -     tag=ZONE value=DECK
D 12:49:11.8988545 GameState.DebugPrintPower() -     tag=CONTROLLER value=1
D 12:49:11.8988545 GameState.DebugPrintPower() -     tag=ENTITY_ID value=19
D 12:49:11.8988545 GameState.DebugPrintPower() - FULL_ENTITY - Creating ID=20 CardID=
D 12:49:11.8988545 GameState.DebugPrintPower() -     tag=ZONE value=DECK
D 12:49:11.8988545 GameState.DebugPrintPower() -     tag=CONTROLLER value=1
D 12:49:11.8988545 GameState.DebugPrintPower() -     tag=ENTITY_ID value=20
D 12:49:11.8988545 GameState.DebugPrintPower() - FULL_ENTITY - Creating ID=21 CardID=
D 12:49:11.8988545 GameState.DebugPrintPower() -     tag=ZONE value=SETASIDE
D 12:49:11.8988545 GameState.DebugPrintPower() -     tag=CONTROLLER value=1
D 12:49:11.8988545 GameState.DebugPrintPower() -     tag=ENTITY_ID value=21
D 12:49:11.8988545 GameState.DebugPrintPower() - FULL_ENTITY - Creating ID=22 CardID=
D 12:49:11.8988545 GameState.DebugPrintPower() -     tag=ZONE value=SETASIDE
D 12:49:11.8988545 GameState.DebugPrintPower() -     tag=CONTROLLER value=1
D 12:49:11.8988545 GameState.DebugPrintPower() -     tag=ENTITY_ID value=22
D 12:49:11.8988545 GameState.DebugPrintPower() - FULL_ENTITY - Creating ID=23 CardID=
D 12:49:11.8988545 GameState.DebugPrintPower() -     tag=ZONE value=DECK
D 12:49:11.8988545 GameState.DebugPrintPower() -     tag=CONTROLLER value=1
D 12:49:11.8988545 GameState.DebugPrintPower() -     tag=ENTITY_ID value=23
D 12:49:11.8988545 GameState.DebugPrintPower() - FULL_ENTITY - Creating ID=24 CardID=
D 12:49:11.8988545 GameState.DebugPrintPower() -     tag=ZONE value=DECK
D 12:49:11.8988545 GameState.DebugPrintPower() -     tag=CONTROLLER value=1
D 12:49:11.8988545 GameState.DebugPrintPower() -     tag=ENTITY_ID value=24
D 12:49:11.8988545 GameState.DebugPrintPower() - FULL_ENTITY - Creating ID=25 CardID=
D 12:49:11.8988545 GameState.DebugPrintPower() -     tag=ZONE value=DECK
D 12:49:11.8988545 GameState.DebugPrintPower() -     tag=CONTROLLER value=1
D 12:49:11.8988545 GameState.DebugPrintPower() -     tag=ENTITY_ID value=25
D 12:49:11.8988545 GameState.DebugPrintPower() - FULL_ENTITY - Creating ID=26 CardID=
D 12:49:11.8988545 GameState.DebugPrintPower() -     tag=ZONE value=DECK
D 12:49:11.8988545 GameState.DebugPrintPower() -     tag=CONTROLLER value=1
D 12:49:11.8988545 GameState.DebugPrintPower() -     tag=ENTITY_ID value=26
D 12:49:11.8988545 GameState.DebugPrintPower() - FULL_ENTITY - Creating ID=27 CardID=
D 12:49:11.8988545 GameState.DebugPrintPower() -     tag=ZONE value=DECK
D 12:49:11.8988545 GameState.DebugPrintPower() -     tag=CONTROLLER value=1
D 12:49:11.8988545 GameState.DebugPrintPower() -     tag=ENTITY_ID value=27
D 12:49:11.8988545 GameState.DebugPrintPower() - FULL_ENTITY - Creating ID=28 CardID=
D 12:49:11.8988545 GameState.DebugPrintPower() -     tag=ZONE value=DECK
D 12:49:11.8988545 GameState.DebugPrintPower() -     tag=CONTROLLER value=1
D 12:49:11.8988545 GameState.DebugPrintPower() -     tag=ENTITY_ID value=28
D 12:49:11.8988545 GameState.DebugPrintPower() - FULL_ENTITY - Creating ID=29 CardID=
D 12:49:11.8988545 GameState.DebugPrintPower() -     tag=ZONE value=DECK
D 12:49:11.8988545 GameState.DebugPrintPower() -     tag=CONTROLLER value=1
D 12:49:11.8988545 GameState.DebugPrintPower() -     tag=ENTITY_ID value=29
D 12:49:11.8988545 GameState.DebugPrintPower() - FULL_ENTITY - Creating ID=30 CardID=
D 12:49:11.8988545 GameState.DebugPrintPower() -     tag=ZONE value=SETASIDE
D 12:49:11.8988545 GameState.DebugPrintPower() -     tag=CONTROLLER value=1
D 12:49:11.8988545 GameState.DebugPrintPower() -     tag=ENTITY_ID value=30
D 12:49:11.8988545 GameState.DebugPrintPower() - FULL_ENTITY - Creating ID=31 CardID=
D 12:49:11.8988545 GameState.DebugPrintPower() -     tag=ZONE value=SETASIDE
D 12:49:11.8988545 GameState.DebugPrintPower() -     tag=CONTROLLER value=1
D 12:49:11.8988545 GameState.DebugPrintPower() -     tag=ENTITY_ID value=31
D 12:49:11.8988545 GameState.DebugPrintPower() - FULL_ENTITY - Creating ID=32 CardID=
D 12:49:11.8988545 GameState.DebugPrintPower() -     tag=ZONE value=DECK
D 12:49:11.8988545 GameState.DebugPrintPower() -     tag=CONTROLLER value=1
D 12:49:11.8988545 GameState.DebugPrintPower() -     tag=ENTITY_ID value=32
D 12:49:11.8988545 GameState.DebugPrintPower() - FULL_ENTITY - Creating ID=33 CardID=
D 12:49:11.8988545 GameState.DebugPrintPower() -     tag=ZONE value=DECK
D 12:49:11.8988545 GameState.DebugPrintPower() -     tag=CONTROLLER value=1
D 12:49:11.8988545 GameState.DebugPrintPower() -     tag=ENTITY_ID value=33
D 12:49:11.8988545 GameState.DebugPrintPower() - FULL_ENTITY - Creating ID=34 CardID=
D 12:49:11.8988545 GameState.DebugPrintPower() -     tag=ZONE value=DECK
D 12:49:11.8988545 GameState.DebugPrintPower() -     tag=CONTROLLER value=1
D 12:49:11.8988545 GameState.DebugPrintPower() -     tag=ENTITY_ID value=34
D 12:49:11.8988545 GameState.DebugPrintPower() - FULL_ENTITY - Creating ID=35 CardID=
D 12:49:11.8988545 GameState.DebugPrintPower() -     tag=ZONE value=DECK
D 12:49:11.8988545 GameState.DebugPrintPower() -     tag=CONTROLLER value=1
D 12:49:11.8988545 GameState.DebugPrintPower() -     tag=ENTITY_ID value=35
D 12:49:11.8988545 GameState.DebugPrintPower() - FULL_ENTITY - Creating ID=36 CardID=
D 12:49:11.8988545 GameState.DebugPrintPower() -     tag=ZONE value=DECK
D 12:49:11.8988545 GameState.DebugPrintPower() -     tag=CONTROLLER value=1
D 12:49:11.8988545 GameState.DebugPrintPower() -     tag=ENTITY_ID value=36
D 12:49:11.8988545 GameState.DebugPrintPower() - FULL_ENTITY - Creating ID=37 CardID=
D 12:49:11.8988545 GameState.DebugPrintPower() -     tag=ZONE value=DECK
D 12:49:11.8988545 GameState.DebugPrintPower() -     tag=CONTROLLER value=1
D 12:49:11.8988545 GameState.DebugPrintPower() -     tag=ENTITY_ID value=37
D 12:49:11.8988545 GameState.DebugPrintPower() - FULL_ENTITY - Creating ID=38 CardID=
D 12:49:11.8988545 GameState.DebugPrintPower() -     tag=ZONE value=DECK
D 12:49:11.8988545 GameState.DebugPrintPower() -     tag=CONTROLLER value=1
D 12:49:11.8988545 GameState.DebugPrintPower() -     tag=ENTITY_ID value=38
D 12:49:11.8988545 GameState.DebugPrintPower() - FULL_ENTITY - Creating ID=39 CardID=
D 12:49:11.8988545 GameState.DebugPrintPower() -     tag=ZONE value=DECK
D 12:49:11.8988545 GameState.DebugPrintPower() -     tag=CONTROLLER value=1
D 12:49:11.8988545 GameState.DebugPrintPower() -     tag=ENTITY_ID value=39
D 12:49:11.8988545 GameState.DebugPrintPower() - FULL_ENTITY - Creating ID=40 CardID=
D 12:49:11.8988545 GameState.DebugPrintPower() -     tag=ZONE value=DECK
D 12:49:11.8988545 GameState.DebugPrintPower() -     tag=CONTROLLER value=1
D 12:49:11.8988545 GameState.DebugPrintPower() -     tag=ENTITY_ID value=40
D 12:49:11.8988545 GameState.DebugPrintPower() - FULL_ENTITY - Creating ID=41 CardID=
D 12:49:11.8988545 GameState.DebugPrintPower() -     tag=ZONE value=DECK
D 12:49:11.8988545 GameState.DebugPrintPower() -     tag=CONTROLLER value=1
D 12:49:11.8988545 GameState.DebugPrintPower() -     tag=ENTITY_ID value=41
D 12:49:11.8988545 GameState.DebugPrintPower() - FULL_ENTITY - Creating ID=42 CardID=
D 12:49:11.8988545 GameState.DebugPrintPower() -     tag=ZONE value=DECK
D 12:49:11.8988545 GameState.DebugPrintPower() -     tag=CONTROLLER value=1
D 12:49:11.8988545 GameState.DebugPrintPower() -     tag=ENTITY_ID value=42
D 12:49:11.8988545 GameState.DebugPrintPower() - FULL_ENTITY - Creating ID=43 CardID=
D 12:49:11.8988545 GameState.DebugPrintPower() -     tag=ZONE value=DECK
D 12:49:11.8988545 GameState.DebugPrintPower() -     tag=CONTROLLER value=1
D 12:49:11.8988545 GameState.DebugPrintPower() -     tag=ENTITY_ID value=43
D 12:49:11.8988545 GameState.DebugPrintPower() - FULL_ENTITY - Creating ID=44 CardID=
D 12:49:11.8988545 GameState.DebugPrintPower() -     tag=ZONE value=DECK
D 12:49:11.8988545 GameState.DebugPrintPower() -     tag=CONTROLLER value=2
D 12:49:11.8988545 GameState.DebugPrintPower() -     tag=ENTITY_ID value=44
D 12:49:11.8988545 GameState.DebugPrintPower() - FULL_ENTITY - Creating ID=45 CardID=
D 12:49:11.8988545 GameState.DebugPrintPower() -     tag=ZONE value=SETASIDE
D 12:49:11.8988545 GameState.DebugPrintPower() -     tag=CONTROLLER value=2
D 12:49:11.8988545 GameState.DebugPrintPower() -     tag=ENTITY_ID value=45
D 12:49:11.8988545 GameState.DebugPrintPower() - FULL_ENTITY - Creating ID=46 CardID=
D 12:49:11.8988545 GameState.DebugPrintPower() -     tag=ZONE value=SETASIDE
D 12:49:11.8988545 GameState.DebugPrintPower() -     tag=CONTROLLER value=2
D 12:49:11.8988545 GameState.DebugPrintPower() -     tag=ENTITY_ID value=46
D 12:49:11.8988545 GameState.DebugPrintPower() - FULL_ENTITY - Creating ID=47 CardID=
D 12:49:11.8988545 GameState.DebugPrintPower() -     tag=ZONE value=SETASIDE
D 12:49:11.8988545 GameState.DebugPrintPower() -     tag=CONTROLLER value=2
D 12:49:11.8988545 GameState.DebugPrintPower() -     tag=ENTITY_ID value=47
D 12:49:11.8988545 GameState.DebugPrintPower() - FULL_ENTITY - Creating ID=48 CardID=
D 12:49:11.8988545 GameState.DebugPrintPower() -     tag=ZONE value=DECK
D 12:49:11.8988545 GameState.DebugPrintPower() -     tag=CONTROLLER value=2
D 12:49:11.8988545 GameState.DebugPrintPower() -     tag=ENTITY_ID value=48
D 12:49:11.8988545 GameState.DebugPrintPower() - FULL_ENTITY - Creating ID=49 CardID=
D 12:49:11.8988545 GameState.DebugPrintPower() -     tag=ZONE value=DECK
D 12:49:11.8988545 GameState.DebugPrintPower() -     tag=CONTROLLER value=2
D 12:49:11.8988545 GameState.DebugPrintPower() -     tag=ENTITY_ID value=49
D 12:49:11.8988545 GameState.DebugPrintPower() - FULL_ENTITY - Creating ID=50 CardID=
D 12:49:11.8988545 GameState.DebugPrintPower() -     tag=ZONE value=DECK
D 12:49:11.8988545 GameState.DebugPrintPower() -     tag=CONTROLLER value=2
D 12:49:11.8988545 GameState.DebugPrintPower() -     tag=ENTITY_ID value=50
D 12:49:11.8988545 GameState.DebugPrintPower() - FULL_ENTITY - Creating ID=51 CardID=
D 12:49:11.8988545 GameState.DebugPrintPower() -     tag=ZONE value=DECK
D 12:49:11.8988545 GameState.DebugPrintPower() -     tag=CONTROLLER value=2
D 12:49:11.8988545 GameState.DebugPrintPower() -     tag=ENTITY_ID value=51
D 12:49:11.8988545 GameState.DebugPrintPower() - FULL_ENTITY - Creating ID=52 CardID=
D 12:49:11.8988545 GameState.DebugPrintPower() -     tag=ZONE value=DECK
D 12:49:11.8988545 GameState.DebugPrintPower() -     tag=CONTROLLER value=2
D 12:49:11.8988545 GameState.DebugPrintPower() -     tag=ENTITY_ID value=52
D 12:49:11.8988545 GameState.DebugPrintPower() - FULL_ENTITY - Creating ID=53 CardID=
D 12:49:11.8988545 GameState.DebugPrintPower() -     tag=ZONE value=DECK
D 12:49:11.8988545 GameState.DebugPrintPower() -     tag=CONTROLLER value=2
D 12:49:11.8988545 GameState.DebugPrintPower() -     tag=ENTITY_ID value=53
D 12:49:11.8988545 GameState.DebugPrintPower() - FULL_ENTITY - Creating ID=54 CardID=
D 12:49:11.8988545 GameState.DebugPrintPower() -     tag=ZONE value=DECK
D 12:49:11.8988545 GameState.DebugPrintPower() -     tag=CONTROLLER value=2
D 12:49:11.8988545 GameState.DebugPrintPower() -     tag=ENTITY_ID value=54
D 12:49:11.8988545 GameState.DebugPrintPower() - FULL_ENTITY - Creating ID=55 CardID=
D 12:49:11.8988545 GameState.DebugPrintPower() -     tag=ZONE value=DECK
D 12:49:11.8988545 GameState.DebugPrintPower() -     tag=CONTROLLER value=2
D 12:49:11.8988545 GameState.DebugPrintPower() -     tag=ENTITY_ID value=55
D 12:49:11.8988545 GameState.DebugPrintPower() - FULL_ENTITY - Creating ID=56 CardID=
D 12:49:11.8988545 GameState.DebugPrintPower() -     tag=ZONE value=DECK
D 12:49:11.8988545 GameState.DebugPrintPower() -     tag=CONTROLLER value=2
D 12:49:11.8988545 GameState.DebugPrintPower() -     tag=ENTITY_ID value=56
D 12:49:11.8988545 GameState.DebugPrintPower() - FULL_ENTITY - Creating ID=57 CardID=
D 12:49:11.8988545 GameState.DebugPrintPower() -     tag=ZONE value=DECK
D 12:49:11.8988545 GameState.DebugPrintPower() -     tag=CONTROLLER value=2
D 12:49:11.8988545 GameState.DebugPrintPower() -     tag=ENTITY_ID value=57
D 12:49:11.8988545 GameState.DebugPrintPower() - FULL_ENTITY - Creating ID=58 CardID=
D 12:49:11.8988545 GameState.DebugPrintPower() -     tag=ZONE value=DECK
D 12:49:11.8988545 GameState.DebugPrintPower() -     tag=CONTROLLER value=2
D 12:49:11.8988545 GameState.DebugPrintPower() -     tag=ENTITY_ID value=58
D 12:49:11.8988545 GameState.DebugPrintPower() - FULL_ENTITY - Creating ID=59 CardID=
D 12:49:11.8988545 GameState.DebugPrintPower() -     tag=ZONE value=DECK
D 12:49:11.8988545 GameState.DebugPrintPower() -     tag=CONTROLLER value=2
D 12:49:11.8988545 GameState.DebugPrintPower() -     tag=ENTITY_ID value=59
D 12:49:11.8988545 GameState.DebugPrintPower() - FULL_ENTITY - Creating ID=60 CardID=
D 12:49:11.8988545 GameState.DebugPrintPower() -     tag=ZONE value=DECK
D 12:49:11.8988545 GameState.DebugPrintPower() -     tag=CONTROLLER value=2
D 12:49:11.8988545 GameState.DebugPrintPower() -     tag=ENTITY_ID value=60
D 12:49:11.8988545 GameState.DebugPrintPower() - FULL_ENTITY - Creating ID=61 CardID=
D 12:49:11.8988545 GameState.DebugPrintPower() -     tag=ZONE value=DECK
D 12:49:11.8988545 GameState.DebugPrintPower() -     tag=CONTROLLER value=2
D 12:49:11.8988545 GameState.DebugPrintPower() -     tag=ENTITY_ID value=61
D 12:49:11.8988545 GameState.DebugPrintPower() - FULL_ENTITY - Creating ID=62 CardID=
D 12:49:11.8988545 GameState.DebugPrintPower() -     tag=ZONE value=DECK
D 12:49:11.8988545 GameState.DebugPrintPower() -     tag=CONTROLLER value=2
D 12:49:11.8988545 GameState.DebugPrintPower() -     tag=ENTITY_ID value=62
D 12:49:11.8988545 GameState.DebugPrintPower() - FULL_ENTITY - Creating ID=63 CardID=
D 12:49:11.8988545 GameState.DebugPrintPower() -     tag=ZONE value=DECK
D 12:49:11.8988545 GameState.DebugPrintPower() -     tag=CONTROLLER value=2
D 12:49:11.8988545 GameState.DebugPrintPower() -     tag=ENTITY_ID value=63
D 12:49:11.8988545 GameState.DebugPrintPower() - FULL_ENTITY - Creating ID=64 CardID=
D 12:49:11.8988545 GameState.DebugPrintPower() -     tag=ZONE value=DECK
D 12:49:11.8988545 GameState.DebugPrintPower() -     tag=CONTROLLER value=2
D 12:49:11.8988545 GameState.DebugPrintPower() -     tag=ENTITY_ID value=64
D 12:49:11.8988545 GameState.DebugPrintPower() - FULL_ENTITY - Creating ID=65 CardID=
D 12:49:11.8988545 GameState.DebugPrintPower() -     tag=ZONE value=DECK
D 12:49:11.8988545 GameState.DebugPrintPower() -     tag=CONTROLLER value=2
D 12:49:11.8988545 GameState.DebugPrintPower() -     tag=ENTITY_ID value=65
D 12:49:11.8988545 GameState.DebugPrintPower() - FULL_ENTITY - Creating ID=66 CardID=
D 12:49:11.8988545 GameState.DebugPrintPower() -     tag=ZONE value=DECK
D 12:49:11.8988545 GameState.DebugPrintPower() -     tag=CONTROLLER value=2
D 12:49:11.8988545 GameState.DebugPrintPower() -     tag=ENTITY_ID value=66
D 12:49:11.8988545 GameState.DebugPrintPower() - FULL_ENTITY - Creating ID=67 CardID=
D 12:49:11.8988545 GameState.DebugPrintPower() -     tag=ZONE value=SETASIDE
D 12:49:11.8988545 GameState.DebugPrintPower() -     tag=CONTROLLER value=2
D 12:49:11.8988545 GameState.DebugPrintPower() -     tag=ENTITY_ID value=67
D 12:49:11.8988545 GameState.DebugPrintPower() - FULL_ENTITY - Creating ID=68 CardID=
D 12:49:11.8988545 GameState.DebugPrintPower() -     tag=ZONE value=SETASIDE
D 12:49:11.8988545 GameState.DebugPrintPower() -     tag=CONTROLLER value=2
D 12:49:11.8988545 GameState.DebugPrintPower() -     tag=ENTITY_ID value=68
D 12:49:11.8988545 GameState.DebugPrintPower() - FULL_ENTITY - Creating ID=69 CardID=
D 12:49:11.8988545 GameState.DebugPrintPower() -     tag=ZONE value=SETASIDE
D 12:49:11.8988545 GameState.DebugPrintPower() -     tag=CONTROLLER value=2
D 12:49:11.8988545 GameState.DebugPrintPower() -     tag=ENTITY_ID value=69
D 12:49:11.8988545 GameState.DebugPrintPower() - FULL_ENTITY - Creating ID=70 CardID=HERO_06bi
D 12:49:11.8988545 GameState.DebugPrintPower() -     tag=CONTROLLER value=1
D 12:49:11.8988545 GameState.DebugPrintPower() -     tag=CARDTYPE value=HERO
D 12:49:11.8988545 GameState.DebugPrintPower() -     tag=HEALTH value=30
D 12:49:11.8988545 GameState.DebugPrintPower() -     tag=PREMIUM value=1
D 12:49:11.8988545 GameState.DebugPrintPower() -     tag=ZONE value=PLAY
D 12:49:11.8988545 GameState.DebugPrintPower() -     tag=ENTITY_ID value=70
D 12:49:11.8988545 GameState.DebugPrintPower() -     tag=CLASS value=DRUID
D 12:49:11.8988545 GameState.DebugPrintPower() -     tag=FACTION value=NEUTRAL
D 12:49:11.8988545 GameState.DebugPrintPower() -     tag=RARITY value=FREE
D 12:49:11.8988545 GameState.DebugPrintPower() -     tag=HERO_POWER value=66926
D 12:49:11.8988545 GameState.DebugPrintPower() -     tag=HIDE_WATERMARK value=1
D 12:49:11.8988545 GameState.DebugPrintPower() -     tag=SPAWN_TIME_COUNT value=1
D 12:49:11.8988545 GameState.DebugPrintPower() -     tag=EMOTECHARACTER value=20
D 12:49:11.8988545 GameState.DebugPrintPower() -     tag=HAS_ACTIVATE_POWER value=1
D 12:49:11.8988545 GameState.DebugPrintPower() -     tag=EMOTECLASS value=6
D 12:49:11.8988545 GameState.DebugPrintPower() -     tag=3085 value=30
D 12:49:11.8988545 GameState.DebugPrintPower() - FULL_ENTITY - Creating ID=71 CardID=HERO_06ebp
D 12:49:11.8988545 GameState.DebugPrintPower() -     tag=CONTROLLER value=1
D 12:49:11.8988545 GameState.DebugPrintPower() -     tag=CARDTYPE value=HERO_POWER
D 12:49:11.8988545 GameState.DebugPrintPower() -     tag=TAG_LAST_KNOWN_COST_IN_HAND value=2
D 12:49:11.8988545 GameState.DebugPrintPower() -     tag=COST value=2
D 12:49:11.8988545 GameState.DebugPrintPower() -     tag=PREMIUM value=1
D 12:49:11.8988545 GameState.DebugPrintPower() -     tag=ZONE value=PLAY
D 12:49:11.8988545 GameState.DebugPrintPower() -     tag=ENTITY_ID value=71
D 12:49:11.8988545 GameState.DebugPrintPower() -     tag=CLASS value=DRUID
D 12:49:11.8988545 GameState.DebugPrintPower() -     tag=FACTION value=NEUTRAL
D 12:49:11.8988545 GameState.DebugPrintPower() -     tag=RARITY value=FREE
D 12:49:11.8988545 GameState.DebugPrintPower() -     tag=CREATOR value=70
D 12:49:11.8988545 GameState.DebugPrintPower() -     tag=1037 value=1
D 12:49:11.8988545 GameState.DebugPrintPower() -     tag=1086 value=66928
D 12:49:11.8988545 GameState.DebugPrintPower() -     tag=CREATOR_DBID value=123761
D 12:49:11.8988545 GameState.DebugPrintPower() -     tag=SPAWN_TIME_COUNT value=1
D 12:49:11.8988545 GameState.DebugPrintPower() -     tag=HAS_ACTIVATE_POWER value=1
D 12:49:11.8988545 GameState.DebugPrintPower() - FULL_ENTITY - Creating ID=72 CardID=HERO_09av
D 12:49:11.8988545 GameState.DebugPrintPower() -     tag=CONTROLLER value=2
D 12:49:11.8988545 GameState.DebugPrintPower() -     tag=CARDTYPE value=HERO
D 12:49:11.8988545 GameState.DebugPrintPower() -     tag=HEALTH value=30
D 12:49:11.8988545 GameState.DebugPrintPower() -     tag=PREMIUM value=1
D 12:49:11.8988545 GameState.DebugPrintPower() -     tag=ZONE value=PLAY
D 12:49:11.8988545 GameState.DebugPrintPower() -     tag=ENTITY_ID value=72
D 12:49:11.8988545 GameState.DebugPrintPower() -     tag=CLASS value=PRIEST
D 12:49:11.8988545 GameState.DebugPrintPower() -     tag=FACTION value=NEUTRAL
D 12:49:11.8988545 GameState.DebugPrintPower() -     tag=RARITY value=FREE
D 12:49:11.8988545 GameState.DebugPrintPower() -     tag=HERO_POWER value=66929
D 12:49:11.8988545 GameState.DebugPrintPower() -     tag=HIDE_WATERMARK value=1
D 12:49:11.8988545 GameState.DebugPrintPower() -     tag=SPAWN_TIME_COUNT value=1
D 12:49:11.8988545 GameState.DebugPrintPower() -     tag=EMOTECHARACTER value=242
D 12:49:11.8988545 GameState.DebugPrintPower() -     tag=HAS_ACTIVATE_POWER value=1
D 12:49:11.8988545 GameState.DebugPrintPower() -     tag=EMOTECLASS value=9
D 12:49:11.8988545 GameState.DebugPrintPower() -     tag=3085 value=30
D 12:49:11.8988545 GameState.DebugPrintPower() - FULL_ENTITY - Creating ID=73 CardID=HERO_09dbp
D 12:49:11.8988545 GameState.DebugPrintPower() -     tag=CONTROLLER value=2
D 12:49:11.8988545 GameState.DebugPrintPower() -     tag=CARDTYPE value=HERO_POWER
D 12:49:11.8988545 GameState.DebugPrintPower() -     tag=TAG_LAST_KNOWN_COST_IN_HAND value=2
D 12:49:11.8988545 GameState.DebugPrintPower() -     tag=COST value=2
D 12:49:11.8988545 GameState.DebugPrintPower() -     tag=PREMIUM value=1
D 12:49:11.8988545 GameState.DebugPrintPower() -     tag=ZONE value=PLAY
D 12:49:11.8988545 GameState.DebugPrintPower() -     tag=ENTITY_ID value=73
D 12:49:11.8988545 GameState.DebugPrintPower() -     tag=CLASS value=PRIEST
D 12:49:11.8988545 GameState.DebugPrintPower() -     tag=FACTION value=NEUTRAL
D 12:49:11.8988545 GameState.DebugPrintPower() -     tag=RARITY value=FREE
D 12:49:11.8988545 GameState.DebugPrintPower() -     tag=CREATOR value=72
D 12:49:11.8988545 GameState.DebugPrintPower() -     tag=1037 value=2
D 12:49:11.8988545 GameState.DebugPrintPower() -     tag=1086 value=66930
D 12:49:11.8988545 GameState.DebugPrintPower() -     tag=CREATOR_DBID value=116077
D 12:49:11.8988545 GameState.DebugPrintPower() -     tag=SPAWN_TIME_COUNT value=1
D 12:49:11.8988545 GameState.DebugPrintPower() -     tag=HAS_ACTIVATE_POWER value=1
D 12:49:11.8988545 GameState.DebugPrintPower() - FULL_ENTITY - Creating ID=74 CardID=PET_12_4
D 12:49:11.8988545 GameState.DebugPrintPower() -     tag=CONTROLLER value=2
D 12:49:11.8988545 GameState.DebugPrintPower() -     tag=CARDTYPE value=PET
D 12:49:11.8988545 GameState.DebugPrintPower() -     tag=PLAYER_ID value=2
D 12:49:11.8988545 GameState.DebugPrintPower() -     tag=ZONE value=COSMETIC
D 12:49:11.8988545 GameState.DebugPrintPower() -     tag=ENTITY_ID value=74
D 12:49:11.8988545 GameState.DebugPrintPower() -     tag=CLASS value=NEUTRAL
D 12:49:11.8988545 GameState.DebugPrintPower() -     tag=SPAWN_TIME_COUNT value=1
D 12:49:11.8988545 GameState.DebugPrintPower() -     tag=4018 value=1
D 12:49:11.8988545 GameState.DebugPrintPower() -     tag=PET_VARIANT_ID value=41
D 12:49:11.8988545 GameState.DebugPrintPower() -     tag=PET_ID value=12
D 12:49:11.8988545 GameState.DebugPrintPower() -     tag=PET_TREATS_GENERATED value=1
D 12:49:11.8988545 GameState.DebugPrintPower() - TAG_CHANGE Entity=1 tag=STATE value=RUNNING 
D 12:49:11.8988545 GameState.DebugPrintPower() - TAG_CHANGE Entity=2 tag=PLAYSTATE value=PLAYING 
D 12:49:11.8988545 GameState.DebugPrintPower() - TAG_CHANGE Entity=3 tag=PLAYSTATE value=PLAYING 
D 12:49:11.8988545 GameState.DebugPrintPower() - BLOCK_START BlockType=TRIGGER Entity=50 EffectCardId=System.Collections.Generic.List`1[System.String] EffectIndex=0 Target=0 SubOption=-1 TriggerKeyword=TAG_NOT_SET
D 12:49:11.8988545 GameState.DebugPrintPower() -     SHOW_ENTITY - Updating Entity=50 CardID=JAIL_430
D 12:49:11.8988545 GameState.DebugPrintPower() -         tag=CONTROLLER value=2
D 12:49:11.8988545 GameState.DebugPrintPower() -         tag=CARDTYPE value=MINION
D 12:49:11.8988545 GameState.DebugPrintPower() -         tag=TAG_LAST_KNOWN_COST_IN_HAND value=7
D 12:49:11.8988545 GameState.DebugPrintPower() -         tag=479 value=7
D 12:49:11.8988545 GameState.DebugPrintPower() -         tag=COST value=7
D 12:49:11.8988545 GameState.DebugPrintPower() -         tag=ATK value=7
D 12:49:11.8988545 GameState.DebugPrintPower() -         tag=HEALTH value=7
D 12:49:11.8988545 GameState.DebugPrintPower() -         tag=PREMIUM value=1
D 12:49:11.8988545 GameState.DebugPrintPower() -         tag=ZONE value=DECK
D 12:49:11.8988545 GameState.DebugPrintPower() -         tag=ENTITY_ID value=50
D 12:49:11.8988545 GameState.DebugPrintPower() -         tag=ELITE value=1
D 12:49:11.8988545 GameState.DebugPrintPower() -         tag=CLASS value=PRIEST
D 12:49:11.8988545 GameState.DebugPrintPower() -         tag=CARDRACE value=UNDEAD
D 12:49:11.8988545 GameState.DebugPrintPower() -         tag=RARITY value=LEGENDARY
D 12:49:11.8988545 GameState.DebugPrintPower() -         tag=BATTLECRY value=1
D 12:49:11.8988545 GameState.DebugPrintPower() -         tag=REVEALED value=1
D 12:49:11.8988545 GameState.DebugPrintPower() -         tag=478 value=2
D 12:49:11.8988545 GameState.DebugPrintPower() -         tag=START_OF_GAME_KEYWORD value=1
D 12:49:11.8988545 GameState.DebugPrintPower() -         tag=DECK_RULE_MOD_DECK_SIZE value=20
D 12:49:11.8988545 GameState.DebugPrintPower() -         tag=1043 value=1
D 12:49:11.8988545 GameState.DebugPrintPower() -         tag=1068 value=0
D 12:49:11.8988545 GameState.DebugPrintPower() -         tag=SPAWN_TIME_COUNT value=1
D 12:49:11.8988545 GameState.DebugPrintPower() -         tag=HAS_SIGNATURE_QUALITY value=1
D 12:49:11.8988545 GameState.DebugPrintPower() -         tag=HAS_ACTIVATE_POWER value=1
D 12:49:11.8988545 GameState.DebugPrintPower() -         tag=2936 value=1
D 12:49:11.8988545 GameState.DebugPrintPower() -         tag=3085 value=7
D 12:49:11.8988545 GameState.DebugPrintPower() -         tag=4472 value=7
D 12:49:11.8988545 GameState.DebugPrintPower() -         tag=4818 value=1
D 12:49:11.8988545 GameState.DebugPrintPower() -     FULL_ENTITY - Creating ID=75 CardID=
D 12:49:11.8988545 GameState.DebugPrintPower() -         tag=ZONE value=DECK
D 12:49:11.8988545 GameState.DebugPrintPower() -         tag=CONTROLLER value=2
D 12:49:11.8988545 GameState.DebugPrintPower() -         tag=ENTITY_ID value=75
D 12:49:11.8988545 GameState.DebugPrintPower() -     TAG_CHANGE Entity=75 tag=DISPLAYED_CREATOR value=50 
D 12:49:11.8988545 GameState.DebugPrintPower() -     FULL_ENTITY - Creating ID=76 CardID=
D 12:49:11.8988545 GameState.DebugPrintPower() -         tag=ZONE value=DECK
D 12:49:11.8988545 GameState.DebugPrintPower() -         tag=CONTROLLER value=2
D 12:49:11.8988545 GameState.DebugPrintPower() -         tag=ENTITY_ID value=76
D 12:49:11.8988545 GameState.DebugPrintPower() -     TAG_CHANGE Entity=76 tag=DISPLAYED_CREATOR value=50 
D 12:49:11.8988545 GameState.DebugPrintPower() -     FULL_ENTITY - Creating ID=77 CardID=
D 12:49:11.8988545 GameState.DebugPrintPower() -         tag=ZONE value=DECK
D 12:49:11.8988545 GameState.DebugPrintPower() -         tag=CONTROLLER value=2
D 12:49:11.8988545 GameState.DebugPrintPower() -         tag=ENTITY_ID value=77
D 12:49:11.8988545 GameState.DebugPrintPower() -     TAG_CHANGE Entity=77 tag=DISPLAYED_CREATOR value=50 
D 12:49:11.8988545 GameState.DebugPrintPower() -     FULL_ENTITY - Creating ID=78 CardID=
D 12:49:11.8988545 GameState.DebugPrintPower() -         tag=ZONE value=DECK
D 12:49:11.8988545 GameState.DebugPrintPower() -         tag=CONTROLLER value=2
D 12:49:11.8988545 GameState.DebugPrintPower() -         tag=ENTITY_ID value=78
D 12:49:11.8988545 GameState.DebugPrintPower() -     TAG_CHANGE Entity=78 tag=DISPLAYED_CREATOR value=50 
D 12:49:11.8988545 GameState.DebugPrintPower() -     FULL_ENTITY - Creating ID=79 CardID=
D 12:49:11.8988545 GameState.DebugPrintPower() -         tag=ZONE value=DECK
D 12:49:11.8988545 GameState.DebugPrintPower() -         tag=CONTROLLER value=2
D 12:49:11.8988545 GameState.DebugPrintPower() -         tag=ENTITY_ID value=79
D 12:49:11.8988545 GameState.DebugPrintPower() -     TAG_CHANGE Entity=79 tag=DISPLAYED_CREATOR value=50 
D 12:49:11.8988545 GameState.DebugPrintPower() -     FULL_ENTITY - Creating ID=80 CardID=
D 12:49:11.8988545 GameState.DebugPrintPower() -         tag=ZONE value=DECK
D 12:49:11.8988545 GameState.DebugPrintPower() -         tag=CONTROLLER value=2
D 12:49:11.8988545 GameState.DebugPrintPower() -         tag=ENTITY_ID value=80
D 12:49:11.8988545 GameState.DebugPrintPower() -     TAG_CHANGE Entity=80 tag=DISPLAYED_CREATOR value=50 
D 12:49:11.8988545 GameState.DebugPrintPower() -     FULL_ENTITY - Creating ID=81 CardID=
D 12:49:11.8988545 GameState.DebugPrintPower() -         tag=ZONE value=DECK
D 12:49:11.8988545 GameState.DebugPrintPower() -         tag=CONTROLLER value=2
D 12:49:11.8988545 GameState.DebugPrintPower() -         tag=ENTITY_ID value=81
D 12:49:11.8988545 GameState.DebugPrintPower() -     FULL_ENTITY - Creating ID=82 CardID=
D 12:49:11.8988545 GameState.DebugPrintPower() -         tag=ZONE value=SETASIDE
D 12:49:11.8988545 GameState.DebugPrintPower() -         tag=CONTROLLER value=2
D 12:49:11.8988545 GameState.DebugPrintPower() -         tag=ENTITY_ID value=82
D 12:49:11.8988545 GameState.DebugPrintPower() -     FULL_ENTITY - Creating ID=83 CardID=
D 12:49:11.8988545 GameState.DebugPrintPower() -         tag=ZONE value=SETASIDE
D 12:49:11.8988545 GameState.DebugPrintPower() -         tag=CONTROLLER value=2
D 12:49:11.8988545 GameState.DebugPrintPower() -         tag=ENTITY_ID value=83
D 12:49:11.8988545 GameState.DebugPrintPower() -     TAG_CHANGE Entity=81 tag=DISPLAYED_CREATOR value=50 
D 12:49:11.8988545 GameState.DebugPrintPower() -     FULL_ENTITY - Creating ID=84 CardID=
D 12:49:11.8988545 GameState.DebugPrintPower() -         tag=ZONE value=DECK
D 12:49:11.8988545 GameState.DebugPrintPower() -         tag=CONTROLLER value=2
D 12:49:11.8988545 GameState.DebugPrintPower() -         tag=ENTITY_ID value=84
D 12:49:11.8988545 GameState.DebugPrintPower() -     TAG_CHANGE Entity=84 tag=DISPLAYED_CREATOR value=50 
D 12:49:11.8988545 GameState.DebugPrintPower() -     FULL_ENTITY - Creating ID=85 CardID=
D 12:49:11.8988545 GameState.DebugPrintPower() -         tag=ZONE value=DECK
D 12:49:11.8988545 GameState.DebugPrintPower() -         tag=CONTROLLER value=2
D 12:49:11.8988545 GameState.DebugPrintPower() -         tag=ENTITY_ID value=85
D 12:49:11.8988545 GameState.DebugPrintPower() -     TAG_CHANGE Entity=85 tag=DISPLAYED_CREATOR value=50 
D 12:49:11.8988545 GameState.DebugPrintPower() -     FULL_ENTITY - Creating ID=86 CardID=
D 12:49:11.8988545 GameState.DebugPrintPower() -         tag=ZONE value=DECK
D 12:49:11.8988545 GameState.DebugPrintPower() -         tag=CONTROLLER value=2
D 12:49:11.8988545 GameState.DebugPrintPower() -         tag=ENTITY_ID value=86
D 12:49:11.8988545 GameState.DebugPrintPower() -     TAG_CHANGE Entity=86 tag=DISPLAYED_CREATOR value=50 
D 12:49:11.8988545 GameState.DebugPrintPower() -     FULL_ENTITY - Creating ID=87 CardID=
D 12:49:11.8988545 GameState.DebugPrintPower() -         tag=ZONE value=DECK
D 12:49:11.8988545 GameState.DebugPrintPower() -         tag=CONTROLLER value=2
D 12:49:11.8988545 GameState.DebugPrintPower() -         tag=ENTITY_ID value=87
D 12:49:11.8988545 GameState.DebugPrintPower() -     TAG_CHANGE Entity=87 tag=DISPLAYED_CREATOR value=50 
D 12:49:11.8988545 GameState.DebugPrintPower() -     FULL_ENTITY - Creating ID=88 CardID=
D 12:49:11.8988545 GameState.DebugPrintPower() -         tag=ZONE value=DECK
D 12:49:11.8988545 GameState.DebugPrintPower() -         tag=CONTROLLER value=2
D 12:49:11.8988545 GameState.DebugPrintPower() -         tag=ENTITY_ID value=88
D 12:49:11.8988545 GameState.DebugPrintPower() -     TAG_CHANGE Entity=88 tag=DISPLAYED_CREATOR value=50 
D 12:49:11.8988545 GameState.DebugPrintPower() -     FULL_ENTITY - Creating ID=89 CardID=
D 12:49:11.8988545 GameState.DebugPrintPower() -         tag=ZONE value=DECK
D 12:49:11.8988545 GameState.DebugPrintPower() -         tag=CONTROLLER value=2
D 12:49:11.8988545 GameState.DebugPrintPower() -         tag=ENTITY_ID value=89
D 12:49:11.8988545 GameState.DebugPrintPower() -     TAG_CHANGE Entity=89 tag=DISPLAYED_CREATOR value=50 
D 12:49:11.8988545 GameState.DebugPrintPower() -     FULL_ENTITY - Creating ID=90 CardID=
D 12:49:11.8988545 GameState.DebugPrintPower() -         tag=ZONE value=DECK
D 12:49:11.8988545 GameState.DebugPrintPower() -         tag=CONTROLLER value=2
D 12:49:11.8988545 GameState.DebugPrintPower() -         tag=ENTITY_ID value=90
D 12:49:11.8988545 GameState.DebugPrintPower() -     TAG_CHANGE Entity=90 tag=DISPLAYED_CREATOR value=50 
D 12:49:11.8988545 GameState.DebugPrintPower() -     FULL_ENTITY - Creating ID=91 CardID=
D 12:49:11.8988545 GameState.DebugPrintPower() -         tag=ZONE value=DECK
D 12:49:11.8988545 GameState.DebugPrintPower() -         tag=CONTROLLER value=2
D 12:49:11.8988545 GameState.DebugPrintPower() -         tag=ENTITY_ID value=91
D 12:49:11.8988545 GameState.DebugPrintPower() -     TAG_CHANGE Entity=91 tag=DISPLAYED_CREATOR value=50 
D 12:49:11.8988545 GameState.DebugPrintPower() -     FULL_ENTITY - Creating ID=92 CardID=
D 12:49:11.8988545 GameState.DebugPrintPower() -         tag=ZONE value=DECK
D 12:49:11.8988545 GameState.DebugPrintPower() -         tag=CONTROLLER value=2
D 12:49:11.8988545 GameState.DebugPrintPower() -         tag=ENTITY_ID value=92
D 12:49:11.8988545 GameState.DebugPrintPower() -     TAG_CHANGE Entity=92 tag=DISPLAYED_CREATOR value=50 
D 12:49:11.8988545 GameState.DebugPrintPower() -     FULL_ENTITY - Creating ID=93 CardID=
D 12:49:11.8988545 GameState.DebugPrintPower() -         tag=ZONE value=DECK
D 12:49:11.8988545 GameState.DebugPrintPower() -         tag=CONTROLLER value=2
D 12:49:11.8988545 GameState.DebugPrintPower() -         tag=ENTITY_ID value=93
D 12:49:11.8988545 GameState.DebugPrintPower() -     TAG_CHANGE Entity=93 tag=DISPLAYED_CREATOR value=50 
D 12:49:11.8988545 GameState.DebugPrintPower() -     FULL_ENTITY - Creating ID=94 CardID=
D 12:49:11.8988545 GameState.DebugPrintPower() -         tag=ZONE value=DECK
D 12:49:11.8988545 GameState.DebugPrintPower() -         tag=CONTROLLER value=2
D 12:49:11.8988545 GameState.DebugPrintPower() -         tag=ENTITY_ID value=94
D 12:49:11.8988545 GameState.DebugPrintPower() -     FULL_ENTITY - Creating ID=95 CardID=
D 12:49:11.8988545 GameState.DebugPrintPower() -         tag=ZONE value=SETASIDE
D 12:49:11.8988545 GameState.DebugPrintPower() -         tag=CONTROLLER value=2
D 12:49:11.8988545 GameState.DebugPrintPower() -         tag=ENTITY_ID value=95
D 12:49:11.8988545 GameState.DebugPrintPower() -     FULL_ENTITY - Creating ID=96 CardID=
D 12:49:11.8988545 GameState.DebugPrintPower() -         tag=ZONE value=SETASIDE
D 12:49:11.8988545 GameState.DebugPrintPower() -         tag=CONTROLLER value=2
D 12:49:11.8988545 GameState.DebugPrintPower() -         tag=ENTITY_ID value=96
D 12:49:11.8988545 GameState.DebugPrintPower() -     TAG_CHANGE Entity=94 tag=DISPLAYED_CREATOR value=50 
D 12:49:11.8988545 GameState.DebugPrintPower() -     FULL_ENTITY - Creating ID=97 CardID=
D 12:49:11.8988545 GameState.DebugPrintPower() -         tag=ZONE value=DECK
D 12:49:11.8988545 GameState.DebugPrintPower() -         tag=CONTROLLER value=2
D 12:49:11.8988545 GameState.DebugPrintPower() -         tag=ENTITY_ID value=97
D 12:49:11.8988545 GameState.DebugPrintPower() -     TAG_CHANGE Entity=97 tag=DISPLAYED_CREATOR value=50 
D 12:49:11.8988545 GameState.DebugPrintPower() -     FULL_ENTITY - Creating ID=98 CardID=
D 12:49:11.8988545 GameState.DebugPrintPower() -         tag=ZONE value=DECK
D 12:49:11.8988545 GameState.DebugPrintPower() -         tag=CONTROLLER value=2
D 12:49:11.8988545 GameState.DebugPrintPower() -         tag=ENTITY_ID value=98
D 12:49:11.8988545 GameState.DebugPrintPower() -     TAG_CHANGE Entity=98 tag=DISPLAYED_CREATOR value=50 
D 12:49:11.8988545 GameState.DebugPrintPower() -     FULL_ENTITY - Creating ID=99 CardID=
D 12:49:11.8988545 GameState.DebugPrintPower() -         tag=ZONE value=SETASIDE
D 12:49:11.8988545 GameState.DebugPrintPower() -         tag=CONTROLLER value=2
D 12:49:11.8988545 GameState.DebugPrintPower() -         tag=ENTITY_ID value=99
D 12:49:11.8988545 GameState.DebugPrintPower() -     SHOW_ENTITY - Updating Entity=99 CardID=JAIL_430e1
D 12:49:11.8988545 GameState.DebugPrintPower() -         tag=CONTROLLER value=2
D 12:49:11.8988545 GameState.DebugPrintPower() -         tag=CARDTYPE value=ENCHANTMENT
D 12:49:11.8988545 GameState.DebugPrintPower() -         tag=PREMIUM value=1
D 12:49:11.8988545 GameState.DebugPrintPower() -         tag=ATTACHED value=3
D 12:49:11.8988545 GameState.DebugPrintPower() -         tag=ZONE value=SETASIDE
D 12:49:11.8988545 GameState.DebugPrintPower() -         tag=ENTITY_ID value=99
D 12:49:11.8988545 GameState.DebugPrintPower() -         tag=CLASS value=PRIEST
D 12:49:11.8988545 GameState.DebugPrintPower() -         tag=CREATOR value=50
D 12:49:11.8988545 GameState.DebugPrintPower() -         tag=1037 value=2
D 12:49:11.8988545 GameState.DebugPrintPower() -         tag=1068 value=0
D 12:49:11.8988545 GameState.DebugPrintPower() -         tag=CREATOR_DBID value=126055
D 12:49:11.8988545 GameState.DebugPrintPower() -         tag=SPAWN_TIME_COUNT value=1
D 12:49:11.8988545 GameState.DebugPrintPower() -         tag=4901 value=0
D 12:49:11.8988545 GameState.DebugPrintPower() -     TAG_CHANGE Entity=99 tag=1068 value=1 
D 12:49:11.8988545 GameState.DebugPrintPower() -     TAG_CHANGE Entity=99 tag=1068 value=0 
D 12:49:11.8988545 GameState.DebugPrintPower() -     TAG_CHANGE Entity=99 tag=ZONE value=PLAY 
D 12:49:11.8988545 GameState.DebugPrintPower() -     TAG_CHANGE Entity=3 tag=4741 value=1 
D 12:49:11.8988545 GameState.DebugPrintPower() -     TAG_CHANGE Entity=3 tag=LAST_AFFECTED_BY value=50 
D 12:49:11.8988545 GameState.DebugPrintPower() -     META_DATA - Meta=TARGET Data=0 InfoCount=1
D 12:49:11.8988545 GameState.DebugPrintPower() -                 Info[0] = 50
D 12:49:11.8988545 GameState.DebugPrintPower() -     HIDE_ENTITY - Entity=50 tag=ZONE value=DECK
D 12:49:11.8988545 GameState.DebugPrintPower() -     TAG_CHANGE Entity=50 tag=REVEALED value=0 
D 12:49:11.8988545 GameState.DebugPrintPower() -     META_DATA - Meta=OVERRIDE_HISTORY Data=0 InfoCount=1
D 12:49:11.8988545 GameState.DebugPrintPower() -                 Info[0] = 50
D 12:49:11.8988545 GameState.DebugPrintPower() - BLOCK_END
D 12:49:11.8988545 GameState.DebugPrintPower() - BLOCK_START BlockType=TRIGGER Entity=1 EffectCardId=System.Collections.Generic.List`1[System.String] EffectIndex=6 Target=0 SubOption=-1 TriggerKeyword=TAG_NOT_SET
D 12:49:11.8988545 GameState.DebugPrintPower() - BLOCK_END
D 12:49:11.8988545 GameState.DebugPrintPower() - BLOCK_START BlockType=TRIGGER Entity=1 EffectCardId=System.Collections.Generic.List`1[System.String] EffectIndex=-1 Target=0 SubOption=-1 TriggerKeyword=TAG_NOT_SET
D 12:49:11.8988545 GameState.DebugPrintPower() -     TAG_CHANGE Entity=3 tag=CURRENT_PLAYER value=1 
D 12:49:11.8988545 GameState.DebugPrintPower() -     TAG_CHANGE Entity=3 tag=FIRST_PLAYER value=1 
D 12:49:11.8988545 GameState.DebugPrintPower() -     TAG_CHANGE Entity=1 tag=TURN value=1 
D 12:49:11.8988545 GameState.DebugPrintPower() -     TAG_CHANGE Entity=2 tag=2166 value=35 
D 12:49:11.8988545 GameState.DebugPrintPower() -     TAG_CHANGE Entity=2 tag=467 value=4 
D 12:49:11.8988545 GameState.DebugPrintPower() -     SHOW_ENTITY - Updating Entity=35 CardID=JAIL_718
D 12:49:11.8988545 GameState.DebugPrintPower() -         tag=CONTROLLER value=1
D 12:49:11.8988545 GameState.DebugPrintPower() -         tag=CARDTYPE value=MINION
D 12:49:11.8988545 GameState.DebugPrintPower() -         tag=TAG_LAST_KNOWN_COST_IN_HAND value=9
D 12:49:11.8988545 GameState.DebugPrintPower() -         tag=479 value=4
D 12:49:11.8988545 GameState.DebugPrintPower() -         tag=COST value=9
D 12:49:11.8988545 GameState.DebugPrintPower() -         tag=ATK value=4
D 12:49:11.8988545 GameState.DebugPrintPower() -         tag=HEALTH value=4
D 12:49:11.8988545 GameState.DebugPrintPower() -         tag=TRIGGER_VISUAL value=1
D 12:49:11.8988545 GameState.DebugPrintPower() -         tag=ZONE value=HAND
D 12:49:11.8988545 GameState.DebugPrintPower() -         tag=ENTITY_ID value=35
D 12:49:11.8988545 GameState.DebugPrintPower() -         tag=CLASS value=NEUTRAL
D 12:49:11.8988545 GameState.DebugPrintPower() -         tag=RARITY value=EPIC
D 12:49:11.8988545 GameState.DebugPrintPower() -         tag=478 value=1
D 12:49:11.8988545 GameState.DebugPrintPower() -         tag=1043 value=1
D 12:49:11.8988545 GameState.DebugPrintPower() -         tag=1068 value=0
D 12:49:11.8988545 GameState.DebugPrintPower() -         tag=SPAWN_TIME_COUNT value=1
D 12:49:11.8988545 GameState.DebugPrintPower() -         tag=DECK_ACTION_COST value=1
D 12:49:11.8988545 GameState.DebugPrintPower() -         tag=HAS_SIGNATURE_QUALITY value=1
D 12:49:11.8988545 GameState.DebugPrintPower() -         tag=HAS_ACTIVATE_POWER value=1
D 12:49:11.8988545 GameState.DebugPrintPower() -         tag=3085 value=4
D 12:49:11.8988545 GameState.DebugPrintPower() -         tag=PREPARE value=1
D 12:49:11.8988545 GameState.DebugPrintPower() -         tag=4472 value=4
D 12:49:11.8988545 GameState.DebugPrintPower() -     TAG_CHANGE Entity=35 tag=NUM_TURNS_IN_HAND value=1 
D 12:49:11.8988545 GameState.DebugPrintPower() -     TAG_CHANGE Entity=35 tag=ZONE_POSITION value=1 
D 12:49:11.8988545 GameState.DebugPrintPower() -     TAG_CHANGE Entity=35 tag=ZONE_POSITION value=0 
D 12:49:11.8988545 GameState.DebugPrintPower() -     TAG_CHANGE Entity=35 tag=ZONE_POSITION value=1 
D 12:49:11.8988545 GameState.DebugPrintPower() -     TAG_CHANGE Entity=2 tag=2166 value=36 
D 12:49:11.8988545 GameState.DebugPrintPower() -     TAG_CHANGE Entity=2 tag=467 value=3 
D 12:49:11.8988545 GameState.DebugPrintPower() -     SHOW_ENTITY - Updating Entity=36 CardID=SC_753
D 12:49:11.8988545 GameState.DebugPrintPower() -         tag=CONTROLLER value=1
D 12:49:11.8988545 GameState.DebugPrintPower() -         tag=CARDTYPE value=SPELL
D 12:49:11.8988545 GameState.DebugPrintPower() -         tag=TAG_LAST_KNOWN_COST_IN_HAND value=2
D 12:49:11.8988545 GameState.DebugPrintPower() -         tag=COST value=2
D 12:49:11.8988545 GameState.DebugPrintPower() -         tag=PREMIUM value=1
D 12:49:11.8988545 GameState.DebugPrintPower() -         tag=ZONE value=HAND
D 12:49:11.8988545 GameState.DebugPrintPower() -         tag=ENTITY_ID value=36
D 12:49:11.8988545 GameState.DebugPrintPower() -         tag=RARITY value=COMMON
D 12:49:11.8988545 GameState.DebugPrintPower() -         tag=MULTIPLE_CLASSES value=106
D 12:49:11.8988545 GameState.DebugPrintPower() -         tag=478 value=1
D 12:49:11.8988545 GameState.DebugPrintPower() -         tag=1043 value=1
D 12:49:11.8988545 GameState.DebugPrintPower() -         tag=1068 value=0
D 12:49:11.8988545 GameState.DebugPrintPower() -         tag=SPAWN_TIME_COUNT value=1
D 12:49:11.8988545 GameState.DebugPrintPower() -         tag=1724 value=1
D 12:49:11.8988545 GameState.DebugPrintPower() -         tag=MINI_SET value=1
D 12:49:11.8988545 GameState.DebugPrintPower() -         tag=PROTOSS value=1
D 12:49:11.8988545 GameState.DebugPrintPower() -     TAG_CHANGE Entity=36 tag=NUM_TURNS_IN_HAND value=1 
D 12:49:11.8988545 GameState.DebugPrintPower() -     TAG_CHANGE Entity=36 tag=ZONE_POSITION value=2 
D 12:49:11.8988545 GameState.DebugPrintPower() -     TAG_CHANGE Entity=36 tag=ZONE_POSITION value=0 
D 12:49:11.8988545 GameState.DebugPrintPower() -     TAG_CHANGE Entity=36 tag=ZONE_POSITION value=2 
D 12:49:11.8988545 GameState.DebugPrintPower() -     TAG_CHANGE Entity=2 tag=2166 value=39 
D 12:49:11.8988545 GameState.DebugPrintPower() -     TAG_CHANGE Entity=2 tag=467 value=2 
D 12:49:11.8988545 GameState.DebugPrintPower() -     SHOW_ENTITY - Updating Entity=39 CardID=BT_724
D 12:49:11.8988545 GameState.DebugPrintPower() -         tag=CONTROLLER value=1
D 12:49:11.8988545 GameState.DebugPrintPower() -         tag=CARDTYPE value=MINION
D 12:49:11.8988545 GameState.DebugPrintPower() -         tag=TAG_LAST_KNOWN_COST_IN_HAND value=1
D 12:49:11.8988545 GameState.DebugPrintPower() -         tag=479 value=2
D 12:49:11.8988545 GameState.DebugPrintPower() -         tag=COST value=1
D 12:49:11.8988545 GameState.DebugPrintPower() -         tag=ATK value=2
D 12:49:11.8988545 GameState.DebugPrintPower() -         tag=HEALTH value=1
D 12:49:11.8988545 GameState.DebugPrintPower() -         tag=ZONE value=HAND
D 12:49:11.8988545 GameState.DebugPrintPower() -         tag=ENTITY_ID value=39
D 12:49:11.8988545 GameState.DebugPrintPower() -         tag=CLASS value=NEUTRAL
D 12:49:11.8988545 GameState.DebugPrintPower() -         tag=RARITY value=COMMON
D 12:49:11.8988545 GameState.DebugPrintPower() -         tag=BATTLECRY value=1
D 12:49:11.8988545 GameState.DebugPrintPower() -         tag=478 value=1
D 12:49:11.8988545 GameState.DebugPrintPower() -         tag=1043 value=1
D 12:49:11.8988545 GameState.DebugPrintPower() -         tag=1068 value=0
D 12:49:11.8988545 GameState.DebugPrintPower() -         tag=SPAWN_TIME_COUNT value=1
D 12:49:11.8988545 GameState.DebugPrintPower() -         tag=HAS_ACTIVATE_POWER value=1
D 12:49:11.8988545 GameState.DebugPrintPower() -         tag=3085 value=1
D 12:49:11.8988545 GameState.DebugPrintPower() -         tag=4472 value=2
D 12:49:11.8988545 GameState.DebugPrintPower() -     TAG_CHANGE Entity=39 tag=NUM_TURNS_IN_HAND value=1 
D 12:49:11.8988545 GameState.DebugPrintPower() -     TAG_CHANGE Entity=39 tag=ZONE_POSITION value=3 
D 12:49:11.8988545 GameState.DebugPrintPower() -     TAG_CHANGE Entity=39 tag=ZONE_POSITION value=0 
D 12:49:11.8988545 GameState.DebugPrintPower() -     TAG_CHANGE Entity=39 tag=ZONE_POSITION value=3 
D 12:49:11.8988545 GameState.DebugPrintPower() -     TAG_CHANGE Entity=2 tag=2166 value=34 
D 12:49:11.8988545 GameState.DebugPrintPower() -     TAG_CHANGE Entity=2 tag=467 value=1 
D 12:49:11.8988545 GameState.DebugPrintPower() -     SHOW_ENTITY - Updating Entity=34 CardID=BT_724
D 12:49:11.8988545 GameState.DebugPrintPower() -         tag=CONTROLLER value=1
D 12:49:11.8988545 GameState.DebugPrintPower() -         tag=CARDTYPE value=MINION
D 12:49:11.8988545 GameState.DebugPrintPower() -         tag=TAG_LAST_KNOWN_COST_IN_HAND value=1
D 12:49:11.8988545 GameState.DebugPrintPower() -         tag=479 value=2
D 12:49:11.8988545 GameState.DebugPrintPower() -         tag=COST value=1
D 12:49:11.8988545 GameState.DebugPrintPower() -         tag=ATK value=2
D 12:49:11.8988545 GameState.DebugPrintPower() -         tag=HEALTH value=1
D 12:49:11.8988545 GameState.DebugPrintPower() -         tag=ZONE value=HAND
D 12:49:11.8988545 GameState.DebugPrintPower() -         tag=ENTITY_ID value=34
D 12:49:11.8988545 GameState.DebugPrintPower() -         tag=CLASS value=NEUTRAL
D 12:49:11.8988545 GameState.DebugPrintPower() -         tag=RARITY value=COMMON
D 12:49:11.8988545 GameState.DebugPrintPower() -         tag=BATTLECRY value=1
D 12:49:11.8988545 GameState.DebugPrintPower() -         tag=478 value=1
D 12:49:11.8988545 GameState.DebugPrintPower() -         tag=1043 value=1
D 12:49:11.8988545 GameState.DebugPrintPower() -         tag=1068 value=0
D 12:49:11.8988545 GameState.DebugPrintPower() -         tag=SPAWN_TIME_COUNT value=1
D 12:49:11.8988545 GameState.DebugPrintPower() -         tag=HAS_ACTIVATE_POWER value=1
D 12:49:11.8988545 GameState.DebugPrintPower() -         tag=3085 value=1
D 12:49:11.8988545 GameState.DebugPrintPower() -         tag=4472 value=2
D 12:49:11.8988545 GameState.DebugPrintPower() -     TAG_CHANGE Entity=34 tag=NUM_TURNS_IN_HAND value=1 
D 12:49:11.8988545 GameState.DebugPrintPower() -     TAG_CHANGE Entity=34 tag=ZONE_POSITION value=4 
D 12:49:11.8988545 GameState.DebugPrintPower() -     TAG_CHANGE Entity=34 tag=ZONE_POSITION value=0 
D 12:49:11.8988545 GameState.DebugPrintPower() -     TAG_CHANGE Entity=34 tag=ZONE_POSITION value=4 
D 12:49:11.8988545 GameState.DebugPrintPower() -     TAG_CHANGE Entity=2 tag=467 value=0 
D 12:49:11.8988545 GameState.DebugPrintPower() -     TAG_CHANGE Entity=2 tag=NUM_TURNS_LEFT value=1 
D 12:49:11.8988545 GameState.DebugPrintPower() -     FULL_ENTITY - Creating ID=100 CardID=MUDAN_COIN1
D 12:49:11.8988545 GameState.DebugPrintPower() -         tag=CONTROLLER value=1
D 12:49:11.8988545 GameState.DebugPrintPower() -         tag=CARDTYPE value=SPELL
D 12:49:11.8988545 GameState.DebugPrintPower() -         tag=ZONE value=HAND
D 12:49:11.8988545 GameState.DebugPrintPower() -         tag=ENTITY_ID value=100
D 12:49:11.8988545 GameState.DebugPrintPower() -         tag=CLASS value=NEUTRAL
D 12:49:11.8988545 GameState.DebugPrintPower() -         tag=ZONE_POSITION value=5
D 12:49:11.8988545 GameState.DebugPrintPower() -         tag=NUM_TURNS_IN_HAND value=1
D 12:49:11.8988545 GameState.DebugPrintPower() -         tag=CREATOR value=1
D 12:49:11.8988545 GameState.DebugPrintPower() -         tag=SPAWN_TIME_COUNT value=1
D 12:49:11.8988545 GameState.DebugPrintPower() -         tag=COIN_CARD value=1
D 12:49:11.8988545 GameState.DebugPrintPower() -         tag=4901 value=1
D 12:49:11.8988545 GameState.DebugPrintPower() -     TAG_CHANGE Entity=100 tag=4901 value=0 
D 12:49:11.8988545 GameState.DebugPrintPower() -     TAG_CHANGE Entity=3 tag=2166 value=59 
D 12:49:11.8988545 GameState.DebugPrintPower() -     TAG_CHANGE Entity=3 tag=467 value=3 
D 12:49:11.8988545 GameState.DebugPrintPower() -     TAG_CHANGE Entity=59 tag=ZONE value=HAND 
D 12:49:11.8988545 GameState.DebugPrintPower() -     TAG_CHANGE Entity=59 tag=ZONE_POSITION value=1 
D 12:49:11.8988545 GameState.DebugPrintPower() -     TAG_CHANGE Entity=59 tag=ZONE_POSITION value=0 
D 12:49:11.8988545 GameState.DebugPrintPower() -     TAG_CHANGE Entity=59 tag=ZONE_POSITION value=1 
D 12:49:11.8988545 GameState.DebugPrintPower() -     TAG_CHANGE Entity=3 tag=2166 value=55 
D 12:49:11.8988545 GameState.DebugPrintPower() -     TAG_CHANGE Entity=3 tag=467 value=2 
D 12:49:11.8988545 GameState.DebugPrintPower() -     TAG_CHANGE Entity=55 tag=ZONE value=HAND 
D 12:49:11.8988545 GameState.DebugPrintPower() -     TAG_CHANGE Entity=55 tag=ZONE_POSITION value=2 
D 12:49:11.8988545 GameState.DebugPrintPower() -     TAG_CHANGE Entity=55 tag=ZONE_POSITION value=0 
D 12:49:11.8988545 GameState.DebugPrintPower() -     TAG_CHANGE Entity=55 tag=ZONE_POSITION value=2 
D 12:49:11.8988545 GameState.DebugPrintPower() -     TAG_CHANGE Entity=3 tag=2166 value=66 
D 12:49:11.8988545 GameState.DebugPrintPower() -     TAG_CHANGE Entity=3 tag=467 value=1 
D 12:49:11.8988545 GameState.DebugPrintPower() -     TAG_CHANGE Entity=66 tag=ZONE value=HAND 
D 12:49:11.8988545 GameState.DebugPrintPower() -     TAG_CHANGE Entity=66 tag=ZONE_POSITION value=3 
D 12:49:11.8988545 GameState.DebugPrintPower() -     TAG_CHANGE Entity=66 tag=ZONE_POSITION value=0 
D 12:49:11.8988545 GameState.DebugPrintPower() -     TAG_CHANGE Entity=66 tag=ZONE_POSITION value=3 
D 12:49:11.8988545 GameState.DebugPrintPower() -     TAG_CHANGE Entity=3 tag=467 value=0 
D 12:49:11.8988545 GameState.DebugPrintPower() -     TAG_CHANGE Entity=3 tag=NUM_TURNS_LEFT value=1 
D 12:49:11.8988545 GameState.DebugPrintPower() -     TAG_CHANGE Entity=2 tag=TIMEOUT value=45 
D 12:49:11.8988545 GameState.DebugPrintPower() -     TAG_CHANGE Entity=3 tag=TIMEOUT value=45 
D 12:49:11.8988545 GameState.DebugPrintPower() -     TAG_CHANGE Entity=1 tag=10 value=85 
D 12:49:11.8988545 GameState.DebugPrintPower() -     TAG_CHANGE Entity=1 tag=NEXT_STEP value=BEGIN_MULLIGAN 
D 12:49:11.8988545 GameState.DebugPrintPower() - BLOCK_END
D 12:49:11.8988545 GameState.DebugPrintPower() - BLOCK_START BlockType=TRIGGER Entity=36 EffectCardId=System.Collections.Generic.List`1[System.String] EffectIndex=1 Target=0 SubOption=-1 TriggerKeyword=1724
D 12:49:11.8988545 GameState.DebugPrintPower() - BLOCK_END
D 12:49:11.8988545 GameState.DebugPrintGame() - BuildNumber=250339
D 12:49:11.8988545 GameState.DebugPrintGame() - GameType=GT_RANKED
D 12:49:11.8988545 GameState.DebugPrintGame() - FormatType=FT_WILD
D 12:49:11.8988545 GameState.DebugPrintGame() - ScenarioID=2
D 12:49:11.8988545 GameState.DebugPrintGame() - PlayerID=1, PlayerName=湫然#51704
D 12:49:11.8988545 GameState.DebugPrintGame() - PlayerID=2, PlayerName=UNKNOWN HUMAN PLAYER
D 12:49:11.8988545 GameState.DebugPrintPowerList() - Count=3
D 12:49:11.8988545 GameState.DebugPrintPower() - TAG_CHANGE Entity=GameEntity tag=STEP value=BEGIN_MULLIGAN 
D 12:49:11.8988545 GameState.DebugPrintPower() - BLOCK_START BlockType=TRIGGER Entity=GameEntity EffectCardId=System.Collections.Generic.List`1[System.String] EffectIndex=-1 Target=0 SubOption=-1 TriggerKeyword=TAG_NOT_SET
D 12:49:11.8988545 GameState.DebugPrintPower() -     TAG_CHANGE Entity=湫然#51704 tag=MULLIGAN_STATE value=INPUT 
D 12:49:11.8988545 PowerTaskList.DebugDump() - ID=1 ParentID=0 PreviousID=0 TaskCount=75
D 12:49:11.8988545 PowerTaskList.DebugDump() - Block Start=(null)
D 12:49:11.8988545 PowerTaskList.DebugPrintPower() -     CREATE_GAME
D 12:49:11.8988545 PowerTaskList.DebugPrintPower() -         GameEntity EntityID=1
D 12:49:11.8988545 PowerTaskList.DebugPrintPower() -             tag=CARDTYPE value=GAME
D 12:49:11.8988545 PowerTaskList.DebugPrintPower() -             tag=ZONE value=PLAY
D 12:49:11.8988545 PowerTaskList.DebugPrintPower() -             tag=ENTITY_ID value=1
D 12:49:11.8988545 PowerTaskList.DebugPrintPower() -             tag=937 value=2
D 12:49:11.8988545 PowerTaskList.DebugPrintPower() -             tag=SPAWN_TIME_COUNT value=1
D 12:49:11.8988545 PowerTaskList.DebugPrintPower() -             tag=GAME_SEED value=1565001435
D 12:49:11.8988545 PowerTaskList.DebugPrintPower() -         Player EntityID=2 PlayerID=1 GameAccountId=[hi=144115211015832391 lo=83449896]
D 12:49:11.8988545 PowerTaskList.DebugPrintPower() -             tag=CONTROLLER value=1
D 12:49:11.8988545 PowerTaskList.DebugPrintPower() -             tag=CARDTYPE value=PLAYER
D 12:49:11.8988545 PowerTaskList.DebugPrintPower() -             tag=PLAYER_ID value=1
D 12:49:11.8988545 PowerTaskList.DebugPrintPower() -             tag=HERO_ENTITY value=70
D 12:49:11.8988545 PowerTaskList.DebugPrintPower() -             tag=MAXHANDSIZE value=10
D 12:49:11.8988545 PowerTaskList.DebugPrintPower() -             tag=STARTHANDSIZE value=4
D 12:49:11.8988545 PowerTaskList.DebugPrintPower() -             tag=TEAM_ID value=1
D 12:49:11.8988545 PowerTaskList.DebugPrintPower() -             tag=ZONE value=PLAY
D 12:49:11.8988545 PowerTaskList.DebugPrintPower() -             tag=ENTITY_ID value=2
D 12:49:11.8988545 PowerTaskList.DebugPrintPower() -             tag=MAXRESOURCES value=10
D 12:49:11.8988545 PowerTaskList.DebugPrintPower() -             tag=SPAWN_TIME_COUNT value=1
D 12:49:11.8988545 PowerTaskList.DebugPrintPower() -             tag=MAX_EXCAVATE_TIER value=2
D 12:49:11.8988545 PowerTaskList.DebugPrintPower() -         Player EntityID=3 PlayerID=2 GameAccountId=[hi=144115211015832391 lo=69920134]
D 12:49:11.8988545 PowerTaskList.DebugPrintPower() -             tag=CONTROLLER value=2
D 12:49:11.8988545 PowerTaskList.DebugPrintPower() -             tag=CARDTYPE value=PLAYER
D 12:49:11.8988545 PowerTaskList.DebugPrintPower() -             tag=PLAYER_ID value=2
D 12:49:11.8988545 PowerTaskList.DebugPrintPower() -             tag=HERO_ENTITY value=72
D 12:49:11.8988545 PowerTaskList.DebugPrintPower() -             tag=MAXHANDSIZE value=10
D 12:49:11.8988545 PowerTaskList.DebugPrintPower() -             tag=STARTHANDSIZE value=4
D 12:49:11.8988545 PowerTaskList.DebugPrintPower() -             tag=TEAM_ID value=2
D 12:49:11.8988545 PowerTaskList.DebugPrintPower() -             tag=ZONE value=PLAY
D 12:49:11.8988545 PowerTaskList.DebugPrintPower() -             tag=ENTITY_ID value=3
D 12:49:11.8988545 PowerTaskList.DebugPrintPower() -             tag=MAXRESOURCES value=10
D 12:49:11.8988545 PowerTaskList.DebugPrintPower() -             tag=SPAWN_TIME_COUNT value=1
D 12:49:11.8988545 PowerTaskList.DebugPrintPower() -             tag=MAX_EXCAVATE_TIER value=2
D 12:49:11.8988545 PowerTaskList.DebugPrintPower() -             tag=PET_ENTITY value=74
D 12:49:11.8988545 PowerTaskList.DebugPrintPower() -             tag=PET_VARIANT_ID value=41
D 12:49:11.8988545 PowerTaskList.DebugPrintPower() -             tag=PET_ID value=12
D 12:49:11.8988545 PowerTaskList.DebugPrintPower() -     FULL_ENTITY - Updating [entityName=UNKNOWN ENTITY [cardType=INVALID] id=4 zone=DECK zonePos=0 cardId= player=1] CardID=
D 12:49:11.8988545 PowerTaskList.DebugPrintPower() -         tag=ZONE value=DECK
D 12:49:11.8988545 PowerTaskList.DebugPrintPower() -         tag=CONTROLLER value=1
D 12:49:11.8988545 PowerTaskList.DebugPrintPower() -         tag=ENTITY_ID value=4
D 12:49:11.8988545 PowerTaskList.DebugPrintPower() -     FULL_ENTITY - Updating [entityName=UNKNOWN ENTITY [cardType=INVALID] id=5 zone=DECK zonePos=0 cardId= player=1] CardID=
D 12:49:11.8988545 PowerTaskList.DebugPrintPower() -         tag=ZONE value=DECK
D 12:49:11.8988545 PowerTaskList.DebugPrintPower() -         tag=CONTROLLER value=1
D 12:49:11.8988545 PowerTaskList.DebugPrintPower() -         tag=ENTITY_ID value=5
D 12:49:11.8988545 PowerTaskList.DebugPrintPower() -     FULL_ENTITY - Updating [entityName=UNKNOWN ENTITY [cardType=INVALID] id=6 zone=SETASIDE zonePos=0 cardId= player=1] CardID=
D 12:49:11.8988545 PowerTaskList.DebugPrintPower() -         tag=ZONE value=SETASIDE
D 12:49:11.8988545 PowerTaskList.DebugPrintPower() -         tag=CONTROLLER value=1
D 12:49:11.8988545 PowerTaskList.DebugPrintPower() -         tag=ENTITY_ID value=6
D 12:49:11.8988545 PowerTaskList.DebugPrintPower() -     FULL_ENTITY - Updating [entityName=UNKNOWN ENTITY [cardType=INVALID] id=7 zone=SETASIDE zonePos=0 cardId= player=1] CardID=
D 12:49:11.8988545 PowerTaskList.DebugPrintPower() -         tag=ZONE value=SETASIDE
D 12:49:11.8988545 PowerTaskList.DebugPrintPower() -         tag=CONTROLLER value=1
D 12:49:11.8988545 PowerTaskList.DebugPrintPower() -         tag=ENTITY_ID value=7
D 12:49:11.8988545 PowerTaskList.DebugPrintPower() -     FULL_ENTITY - Updating [entityName=UNKNOWN ENTITY [cardType=INVALID] id=8 zone=DECK zonePos=0 cardId= player=1] CardID=
D 12:49:11.8988545 PowerTaskList.DebugPrintPower() -         tag=ZONE value=DECK
D 12:49:11.8988545 PowerTaskList.DebugPrintPower() -         tag=CONTROLLER value=1
D 12:49:11.8988545 PowerTaskList.DebugPrintPower() -         tag=ENTITY_ID value=8
D 12:49:11.8988545 PowerTaskList.DebugPrintPower() -     FULL_ENTITY - Updating [entityName=UNKNOWN ENTITY [cardType=INVALID] id=9 zone=DECK zonePos=0 cardId= player=1] CardID=
D 12:49:11.8988545 PowerTaskList.DebugPrintPower() -         tag=ZONE value=DECK
D 12:49:11.8988545 PowerTaskList.DebugPrintPower() -         tag=CONTROLLER value=1
D 12:49:11.8988545 PowerTaskList.DebugPrintPower() -         tag=ENTITY_ID value=9
D 12:49:11.8988545 PowerTaskList.DebugPrintPower() -     FULL_ENTITY - Updating [entityName=UNKNOWN ENTITY [cardType=INVALID] id=10 zone=SETASIDE zonePos=0 cardId= player=1] CardID=
D 12:49:11.8988545 PowerTaskList.DebugPrintPower() -         tag=ZONE value=SETASIDE
D 12:49:11.8988545 PowerTaskList.DebugPrintPower() -         tag=CONTROLLER value=1
D 12:49:11.8988545 PowerTaskList.DebugPrintPower() -         tag=ENTITY_ID value=10
D 12:49:11.8988545 PowerTaskList.DebugPrintPower() -     FULL_ENTITY - Updating [entityName=UNKNOWN ENTITY [cardType=INVALID] id=11 zone=SETASIDE zonePos=0 cardId= player=1] CardID=
D 12:49:11.8988545 PowerTaskList.DebugPrintPower() -         tag=ZONE value=SETASIDE
D 12:49:11.8988545 PowerTaskList.DebugPrintPower() -         tag=CONTROLLER value=1
D 12:49:11.8988545 PowerTaskList.DebugPrintPower() -         tag=ENTITY_ID value=11
D 12:49:11.8988545 PowerTaskList.DebugPrintPower() -     FULL_ENTITY - Updating [entityName=UNKNOWN ENTITY [cardType=INVALID] id=12 zone=DECK zonePos=0 cardId= player=1] CardID=
D 12:49:11.8988545 PowerTaskList.DebugPrintPower() -         tag=ZONE value=DECK
D 12:49:11.8988545 PowerTaskList.DebugPrintPower() -         tag=CONTROLLER value=1
D 12:49:11.8988545 PowerTaskList.DebugPrintPower() -         tag=ENTITY_ID value=12
D 12:49:11.8988545 PowerTaskList.DebugPrintPower() -     FULL_ENTITY - Updating [entityName=UNKNOWN ENTITY [cardType=INVALID] id=13 zone=DECK zonePos=0 cardId= player=1] CardID=
D 12:49:11.8988545 PowerTaskList.DebugPrintPower() -         tag=ZONE value=DECK
D 12:49:11.8988545 PowerTaskList.DebugPrintPower() -         tag=CONTROLLER value=1
D 12:49:11.8988545 PowerTaskList.DebugPrintPower() -         tag=ENTITY_ID value=13
D 12:49:11.8988545 PowerTaskList.DebugPrintPower() -     FULL_ENTITY - Updating [entityName=UNKNOWN ENTITY [cardType=INVALID] id=14 zone=SETASIDE zonePos=0 cardId= player=1] CardID=
D 12:49:11.8988545 PowerTaskList.DebugPrintPower() -         tag=ZONE value=SETASIDE
D 12:49:11.8988545 PowerTaskList.DebugPrintPower() -         tag=CONTROLLER value=1
D 12:49:11.8988545 PowerTaskList.DebugPrintPower() -         tag=ENTITY_ID value=14
D 12:49:11.8988545 PowerTaskList.DebugPrintPower() -     FULL_ENTITY - Updating [entityName=UNKNOWN ENTITY [cardType=INVALID] id=15 zone=SETASIDE zonePos=0 cardId= player=1] CardID=
D 12:49:11.8988545 PowerTaskList.DebugPrintPower() -         tag=ZONE value=SETASIDE
D 12:49:11.8988545 PowerTaskList.DebugPrintPower() -         tag=CONTROLLER value=1
D 12:49:11.8988545 PowerTaskList.DebugPrintPower() -         tag=ENTITY_ID value=15
D 12:49:11.8988545 PowerTaskList.DebugPrintPower() -     FULL_ENTITY - Updating [entityName=UNKNOWN ENTITY [cardType=INVALID] id=16 zone=DECK zonePos=0 cardId= player=1] CardID=
D 12:49:11.8988545 PowerTaskList.DebugPrintPower() -         tag=ZONE value=DECK
D 12:49:11.8988545 PowerTaskList.DebugPrintPower() -         tag=CONTROLLER value=1
D 12:49:11.8988545 PowerTaskList.DebugPrintPower() -         tag=ENTITY_ID value=16
D 12:49:11.8988545 PowerTaskList.DebugPrintPower() -     FULL_ENTITY - Updating [entityName=UNKNOWN ENTITY [cardType=INVALID] id=17 zone=DECK zonePos=0 cardId= player=1] CardID=
D 12:49:11.8988545 PowerTaskList.DebugPrintPower() -         tag=ZONE value=DECK
D 12:49:11.8988545 PowerTaskList.DebugPrintPower() -         tag=CONTROLLER value=1
D 12:49:11.8988545 PowerTaskList.DebugPrintPower() -         tag=ENTITY_ID value=17
D 12:49:11.8988545 PowerTaskList.DebugPrintPower() -     FULL_ENTITY - Updating [entityName=UNKNOWN ENTITY [cardType=INVALID] id=18 zone=DECK zonePos=0 cardId= player=1] CardID=
D 12:49:11.8988545 PowerTaskList.DebugPrintPower() -         tag=ZONE value=DECK
D 12:49:11.8988545 PowerTaskList.DebugPrintPower() -         tag=CONTROLLER value=1
D 12:49:11.8988545 PowerTaskList.DebugPrintPower() -         tag=ENTITY_ID value=18
D 12:49:11.8988545 PowerTaskList.DebugPrintPower() -     FULL_ENTITY - Updating [entityName=UNKNOWN ENTITY [cardType=INVALID] id=19 zone=DECK zonePos=0 cardId= player=1] CardID=
D 12:49:11.8988545 PowerTaskList.DebugPrintPower() -         tag=ZONE value=DECK
D 12:49:11.8988545 PowerTaskList.DebugPrintPower() -         tag=CONTROLLER value=1
D 12:49:11.8988545 PowerTaskList.DebugPrintPower() -         tag=ENTITY_ID value=19
D 12:49:11.8988545 PowerTaskList.DebugPrintPower() -     FULL_ENTITY - Updating [entityName=UNKNOWN ENTITY [cardType=INVALID] id=20 zone=DECK zonePos=0 cardId= player=1] CardID=
D 12:49:11.8988545 PowerTaskList.DebugPrintPower() -         tag=ZONE value=DECK
D 12:49:11.8988545 PowerTaskList.DebugPrintPower() -         tag=CONTROLLER value=1
D 12:49:11.8988545 PowerTaskList.DebugPrintPower() -         tag=ENTITY_ID value=20
D 12:49:11.8988545 PowerTaskList.DebugPrintPower() -     FULL_ENTITY - Updating [entityName=UNKNOWN ENTITY [cardType=INVALID] id=21 zone=SETASIDE zonePos=0 cardId= player=1] CardID=
D 12:49:11.8988545 PowerTaskList.DebugPrintPower() -         tag=ZONE value=SETASIDE
D 12:49:11.8988545 PowerTaskList.DebugPrintPower() -         tag=CONTROLLER value=1
D 12:49:11.8988545 PowerTaskList.DebugPrintPower() -         tag=ENTITY_ID value=21
D 12:49:11.8988545 PowerTaskList.DebugPrintPower() -     FULL_ENTITY - Updating [entityName=UNKNOWN ENTITY [cardType=INVALID] id=22 zone=SETASIDE zonePos=0 cardId= player=1] CardID=
D 12:49:11.8988545 PowerTaskList.DebugPrintPower() -         tag=ZONE value=SETASIDE
D 12:49:11.8988545 PowerTaskList.DebugPrintPower() -         tag=CONTROLLER value=1
D 12:49:11.8988545 PowerTaskList.DebugPrintPower() -         tag=ENTITY_ID value=22
D 12:49:11.8988545 PowerTaskList.DebugPrintPower() -     FULL_ENTITY - Updating [entityName=UNKNOWN ENTITY [cardType=INVALID] id=23 zone=DECK zonePos=0 cardId= player=1] CardID=
D 12:49:11.8988545 PowerTaskList.DebugPrintPower() -         tag=ZONE value=DECK
D 12:49:11.8988545 PowerTaskList.DebugPrintPower() -         tag=CONTROLLER value=1
D 12:49:11.8988545 PowerTaskList.DebugPrintPower() -         tag=ENTITY_ID value=23
D 12:49:11.8988545 PowerTaskList.DebugPrintPower() -     FULL_ENTITY - Updating [entityName=UNKNOWN ENTITY [cardType=INVALID] id=24 zone=DECK zonePos=0 cardId= player=1] CardID=
D 12:49:11.8988545 PowerTaskList.DebugPrintPower() -         tag=ZONE value=DECK
D 12:49:11.8988545 PowerTaskList.DebugPrintPower() -         tag=CONTROLLER value=1
D 12:49:11.8988545 PowerTaskList.DebugPrintPower() -         tag=ENTITY_ID value=24
D 12:49:11.8988545 PowerTaskList.DebugPrintPower() -     FULL_ENTITY - Updating [entityName=UNKNOWN ENTITY [cardType=INVALID] id=25 zone=DECK zonePos=0 cardId= player=1] CardID=
D 12:49:11.8988545 PowerTaskList.DebugPrintPower() -         tag=ZONE value=DECK
D 12:49:11.8988545 PowerTaskList.DebugPrintPower() -         tag=CONTROLLER value=1
D 12:49:11.8988545 PowerTaskList.DebugPrintPower() -         tag=ENTITY_ID value=25
D 12:49:11.8988545 PowerTaskList.DebugPrintPower() -     FULL_ENTITY - Updating [entityName=UNKNOWN ENTITY [cardType=INVALID] id=26 zone=DECK zonePos=0 cardId= player=1] CardID=
D 12:49:11.8988545 PowerTaskList.DebugPrintPower() -         tag=ZONE value=DECK
D 12:49:11.8988545 PowerTaskList.DebugPrintPower() -         tag=CONTROLLER value=1
D 12:49:11.8988545 PowerTaskList.DebugPrintPower() -         tag=ENTITY_ID value=26
D 12:49:11.8988545 PowerTaskList.DebugPrintPower() -     FULL_ENTITY - Updating [entityName=UNKNOWN ENTITY [cardType=INVALID] id=27 zone=DECK zonePos=0 cardId= player=1] CardID=
D 12:49:11.8988545 PowerTaskList.DebugPrintPower() -         tag=ZONE value=DECK
D 12:49:11.8988545 PowerTaskList.DebugPrintPower() -         tag=CONTROLLER value=1
D 12:49:11.8988545 PowerTaskList.DebugPrintPower() -         tag=ENTITY_ID value=27
D 12:49:11.8988545 PowerTaskList.DebugPrintPower() -     FULL_ENTITY - Updating [entityName=UNKNOWN ENTITY [cardType=INVALID] id=28 zone=DECK zonePos=0 cardId= player=1] CardID=
D 12:49:11.8988545 PowerTaskList.DebugPrintPower() -         tag=ZONE value=DECK
D 12:49:11.8988545 PowerTaskList.DebugPrintPower() -         tag=CONTROLLER value=1
D 12:49:11.8988545 PowerTaskList.DebugPrintPower() -         tag=ENTITY_ID value=28
D 12:49:11.8988545 PowerTaskList.DebugPrintPower() -     FULL_ENTITY - Updating [entityName=UNKNOWN ENTITY [cardType=INVALID] id=29 zone=DECK zonePos=0 cardId= player=1] CardID=
D 12:49:11.8988545 PowerTaskList.DebugPrintPower() -         tag=ZONE value=DECK
D 12:49:11.8988545 PowerTaskList.DebugPrintPower() -         tag=CONTROLLER value=1
D 12:49:11.8988545 PowerTaskList.DebugPrintPower() -         tag=ENTITY_ID value=29
D 12:49:11.8988545 PowerTaskList.DebugPrintPower() -     FULL_ENTITY - Updating [entityName=UNKNOWN ENTITY [cardType=INVALID] id=30 zone=SETASIDE zonePos=0 cardId= player=1] CardID=
D 12:49:11.8988545 PowerTaskList.DebugPrintPower() -         tag=ZONE value=SETASIDE
D 12:49:11.8988545 PowerTaskList.DebugPrintPower() -         tag=CONTROLLER value=1
D 12:49:11.8988545 PowerTaskList.DebugPrintPower() -         tag=ENTITY_ID value=30
D 12:49:11.8988545 PowerTaskList.DebugPrintPower() -     FULL_ENTITY - Updating [entityName=UNKNOWN ENTITY [cardType=INVALID] id=31 zone=SETASIDE zonePos=0 cardId= player=1] CardID=
D 12:49:11.8988545 PowerTaskList.DebugPrintPower() -         tag=ZONE value=SETASIDE
D 12:49:11.8988545 PowerTaskList.DebugPrintPower() -         tag=CONTROLLER value=1
D 12:49:11.8988545 PowerTaskList.DebugPrintPower() -         tag=ENTITY_ID value=31
D 12:49:11.8988545 PowerTaskList.DebugPrintPower() -     FULL_ENTITY - Updating [entityName=UNKNOWN ENTITY [cardType=INVALID] id=32 zone=DECK zonePos=0 cardId= player=1] CardID=
D 12:49:11.8988545 PowerTaskList.DebugPrintPower() -         tag=ZONE value=DECK
D 12:49:11.8988545 PowerTaskList.DebugPrintPower() -         tag=CONTROLLER value=1
D 12:49:11.8988545 PowerTaskList.DebugPrintPower() -         tag=ENTITY_ID value=32
D 12:49:11.8988545 PowerTaskList.DebugPrintPower() -     FULL_ENTITY - Updating [entityName=UNKNOWN ENTITY [cardType=INVALID] id=33 zone=DECK zonePos=0 cardId= player=1] CardID=
D 12:49:11.8988545 PowerTaskList.DebugPrintPower() -         tag=ZONE value=DECK
D 12:49:11.8988545 PowerTaskList.DebugPrintPower() -         tag=CONTROLLER value=1
D 12:49:11.8988545 PowerTaskList.DebugPrintPower() -         tag=ENTITY_ID value=33
D 12:49:11.8988545 PowerTaskList.DebugPrintPower() -     FULL_ENTITY - Updating [entityName=UNKNOWN ENTITY [cardType=INVALID] id=34 zone=DECK zonePos=0 cardId= player=1] CardID=
D 12:49:11.8988545 PowerTaskList.DebugPrintPower() -         tag=ZONE value=DECK
D 12:49:11.8988545 PowerTaskList.DebugPrintPower() -         tag=CONTROLLER value=1
D 12:49:11.8988545 PowerTaskList.DebugPrintPower() -         tag=ENTITY_ID value=34
D 12:49:11.8988545 PowerTaskList.DebugPrintPower() -     FULL_ENTITY - Updating [entityName=UNKNOWN ENTITY [cardType=INVALID] id=35 zone=DECK zonePos=0 cardId= player=1] CardID=
D 12:49:11.8988545 PowerTaskList.DebugPrintPower() -         tag=ZONE value=DECK
D 12:49:11.8988545 PowerTaskList.DebugPrintPower() -         tag=CONTROLLER value=1
D 12:49:11.8988545 PowerTaskList.DebugPrintPower() -         tag=ENTITY_ID value=35
D 12:49:11.8988545 PowerTaskList.DebugPrintPower() -     FULL_ENTITY - Updating [entityName=UNKNOWN ENTITY [cardType=INVALID] id=36 zone=DECK zonePos=0 cardId= player=1] CardID=
D 12:49:11.8988545 PowerTaskList.DebugPrintPower() -         tag=ZONE value=DECK
D 12:49:11.8988545 PowerTaskList.DebugPrintPower() -         tag=CONTROLLER value=1
D 12:49:11.8988545 PowerTaskList.DebugPrintPower() -         tag=ENTITY_ID value=36
D 12:49:11.8988545 PowerTaskList.DebugPrintPower() -     FULL_ENTITY - Updating [entityName=UNKNOWN ENTITY [cardType=INVALID] id=37 zone=DECK zonePos=0 cardId= player=1] CardID=
D 12:49:11.8988545 PowerTaskList.DebugPrintPower() -         tag=ZONE value=DECK
D 12:49:11.8988545 PowerTaskList.DebugPrintPower() -         tag=CONTROLLER value=1
D 12:49:11.8988545 PowerTaskList.DebugPrintPower() -         tag=ENTITY_ID value=37
D 12:49:11.8988545 PowerTaskList.DebugPrintPower() -     FULL_ENTITY - Updating [entityName=UNKNOWN ENTITY [cardType=INVALID] id=38 zone=DECK zonePos=0 cardId= player=1] CardID=
D 12:49:11.8988545 PowerTaskList.DebugPrintPower() -         tag=ZONE value=DECK
D 12:49:11.8988545 PowerTaskList.DebugPrintPower() -         tag=CONTROLLER value=1
D 12:49:11.8988545 PowerTaskList.DebugPrintPower() -         tag=ENTITY_ID value=38
D 12:49:11.8988545 PowerTaskList.DebugPrintPower() -     FULL_ENTITY - Updating [entityName=UNKNOWN ENTITY [cardType=INVALID] id=39 zone=DECK zonePos=0 cardId= player=1] CardID=
D 12:49:11.8988545 PowerTaskList.DebugPrintPower() -         tag=ZONE value=DECK
D 12:49:11.8988545 PowerTaskList.DebugPrintPower() -         tag=CONTROLLER value=1
D 12:49:11.8988545 PowerTaskList.DebugPrintPower() -         tag=ENTITY_ID value=39
D 12:49:11.8988545 PowerTaskList.DebugPrintPower() -     FULL_ENTITY - Updating [entityName=UNKNOWN ENTITY [cardType=INVALID] id=40 zone=DECK zonePos=0 cardId= player=1] CardID=
D 12:49:11.8988545 PowerTaskList.DebugPrintPower() -         tag=ZONE value=DECK
D 12:49:11.8988545 PowerTaskList.DebugPrintPower() -         tag=CONTROLLER value=1
D 12:49:11.8988545 PowerTaskList.DebugPrintPower() -         tag=ENTITY_ID value=40
D 12:49:11.8988545 PowerTaskList.DebugPrintPower() -     FULL_ENTITY - Updating [entityName=UNKNOWN ENTITY [cardType=INVALID] id=41 zone=DECK zonePos=0 cardId= player=1] CardID=
D 12:49:11.8988545 PowerTaskList.DebugPrintPower() -         tag=ZONE value=DECK
D 12:49:11.8988545 PowerTaskList.DebugPrintPower() -         tag=CONTROLLER value=1
D 12:49:11.8988545 PowerTaskList.DebugPrintPower() -         tag=ENTITY_ID value=41
D 12:49:11.8988545 PowerTaskList.DebugPrintPower() -     FULL_ENTITY - Updating [entityName=UNKNOWN ENTITY [cardType=INVALID] id=42 zone=DECK zonePos=0 cardId= player=1] CardID=
D 12:49:11.8988545 PowerTaskList.DebugPrintPower() -         tag=ZONE value=DECK
D 12:49:11.8988545 PowerTaskList.DebugPrintPower() -         tag=CONTROLLER value=1
D 12:49:11.8988545 PowerTaskList.DebugPrintPower() -         tag=ENTITY_ID value=42
D 12:49:11.8988545 PowerTaskList.DebugPrintPower() -     FULL_ENTITY - Updating [entityName=UNKNOWN ENTITY [cardType=INVALID] id=43 zone=DECK zonePos=0 cardId= player=1] CardID=
D 12:49:11.8988545 PowerTaskList.DebugPrintPower() -         tag=ZONE value=DECK
D 12:49:11.8988545 PowerTaskList.DebugPrintPower() -         tag=CONTROLLER value=1
D 12:49:11.8988545 PowerTaskList.DebugPrintPower() -         tag=ENTITY_ID value=43
D 12:49:11.8988545 PowerTaskList.DebugPrintPower() -     FULL_ENTITY - Updating [entityName=UNKNOWN ENTITY [cardType=INVALID] id=44 zone=DECK zonePos=0 cardId= player=2] CardID=
D 12:49:11.8988545 PowerTaskList.DebugPrintPower() -         tag=ZONE value=DECK
D 12:49:11.8988545 PowerTaskList.DebugPrintPower() -         tag=CONTROLLER value=2
D 12:49:11.8988545 PowerTaskList.DebugPrintPower() -         tag=ENTITY_ID value=44
D 12:49:11.8988545 PowerTaskList.DebugPrintPower() -     FULL_ENTITY - Updating [entityName=UNKNOWN ENTITY [cardType=INVALID] id=45 zone=SETASIDE zonePos=0 cardId= player=2] CardID=
D 12:49:11.8988545 PowerTaskList.DebugPrintPower() -         tag=ZONE value=SETASIDE
D 12:49:11.8988545 PowerTaskList.DebugPrintPower() -         tag=CONTROLLER value=2
D 12:49:11.8988545 PowerTaskList.DebugPrintPower() -         tag=ENTITY_ID value=45
D 12:49:11.8988545 PowerTaskList.DebugPrintPower() -     FULL_ENTITY - Updating [entityName=UNKNOWN ENTITY [cardType=INVALID] id=46 zone=SETASIDE zonePos=0 cardId= player=2] CardID=
D 12:49:11.8988545 PowerTaskList.DebugPrintPower() -         tag=ZONE value=SETASIDE
D 12:49:11.8988545 PowerTaskList.DebugPrintPower() -         tag=CONTROLLER value=2
D 12:49:11.8988545 PowerTaskList.DebugPrintPower() -         tag=ENTITY_ID value=46
D 12:49:11.8988545 PowerTaskList.DebugPrintPower() -     FULL_ENTITY - Updating [entityName=UNKNOWN ENTITY [cardType=INVALID] id=47 zone=SETASIDE zonePos=0 cardId= player=2] CardID=
D 12:49:11.8988545 PowerTaskList.DebugPrintPower() -         tag=ZONE value=SETASIDE
D 12:49:11.8988545 PowerTaskList.DebugPrintPower() -         tag=CONTROLLER value=2
D 12:49:11.8988545 PowerTaskList.DebugPrintPower() -         tag=ENTITY_ID value=47
D 12:49:11.8988545 PowerTaskList.DebugPrintPower() -     FULL_ENTITY - Updating [entityName=UNKNOWN ENTITY [cardType=INVALID] id=48 zone=DECK zonePos=0 cardId= player=2] CardID=
D 12:49:11.8988545 PowerTaskList.DebugPrintPower() -         tag=ZONE value=DECK
D 12:49:11.8988545 PowerTaskList.DebugPrintPower() -         tag=CONTROLLER value=2
D 12:49:11.8988545 PowerTaskList.DebugPrintPower() -         tag=ENTITY_ID value=48
D 12:49:11.8988545 PowerTaskList.DebugPrintPower() -     FULL_ENTITY - Updating [entityName=UNKNOWN ENTITY [cardType=INVALID] id=49 zone=DECK zonePos=0 cardId= player=2] CardID=
D 12:49:11.8988545 PowerTaskList.DebugPrintPower() -         tag=ZONE value=DECK
D 12:49:11.8988545 PowerTaskList.DebugPrintPower() -         tag=CONTROLLER value=2
D 12:49:11.8988545 PowerTaskList.DebugPrintPower() -         tag=ENTITY_ID value=49
D 12:49:11.8988545 PowerTaskList.DebugPrintPower() -     FULL_ENTITY - Updating [entityName=UNKNOWN ENTITY [cardType=INVALID] id=50 zone=DECK zonePos=0 cardId= player=2] CardID=
D 12:49:11.8988545 PowerTaskList.DebugPrintPower() -         tag=ZONE value=DECK
D 12:49:11.8988545 PowerTaskList.DebugPrintPower() -         tag=CONTROLLER value=2
D 12:49:11.8988545 PowerTaskList.DebugPrintPower() -         tag=ENTITY_ID value=50
D 12:49:11.8988545 PowerTaskList.DebugPrintPower() -     FULL_ENTITY - Updating [entityName=UNKNOWN ENTITY [cardType=INVALID] id=51 zone=DECK zonePos=0 cardId= player=2] CardID=
D 12:49:11.8988545 PowerTaskList.DebugPrintPower() -         tag=ZONE value=DECK
D 12:49:11.8988545 PowerTaskList.DebugPrintPower() -         tag=CONTROLLER value=2
D 12:49:11.8988545 PowerTaskList.DebugPrintPower() -         tag=ENTITY_ID value=51
D 12:49:11.8988545 PowerTaskList.DebugPrintPower() -     FULL_ENTITY - Updating [entityName=UNKNOWN ENTITY [cardType=INVALID] id=52 zone=DECK zonePos=0 cardId= player=2] CardID=
D 12:49:11.8988545 PowerTaskList.DebugPrintPower() -         tag=ZONE value=DECK
D 12:49:11.8988545 PowerTaskList.DebugPrintPower() -         tag=CONTROLLER value=2
D 12:49:11.8988545 PowerTaskList.DebugPrintPower() -         tag=ENTITY_ID value=52
D 12:49:11.8988545 PowerTaskList.DebugPrintPower() -     FULL_ENTITY - Updating [entityName=UNKNOWN ENTITY [cardType=INVALID] id=53 zone=DECK zonePos=0 cardId= player=2] CardID=
D 12:49:11.8988545 PowerTaskList.DebugPrintPower() -         tag=ZONE value=DECK
D 12:49:11.8988545 PowerTaskList.DebugPrintPower() -         tag=CONTROLLER value=2
D 12:49:11.8988545 PowerTaskList.DebugPrintPower() -         tag=ENTITY_ID value=53
D 12:49:11.8988545 PowerTaskList.DebugPrintPower() -     FULL_ENTITY - Updating [entityName=UNKNOWN ENTITY [cardType=INVALID] id=54 zone=DECK zonePos=0 cardId= player=2] CardID=
D 12:49:11.8988545 PowerTaskList.DebugPrintPower() -         tag=ZONE value=DECK
D 12:49:11.8988545 PowerTaskList.DebugPrintPower() -         tag=CONTROLLER value=2
D 12:49:11.8988545 PowerTaskList.DebugPrintPower() -         tag=ENTITY_ID value=54
D 12:49:11.8988545 PowerTaskList.DebugPrintPower() -     FULL_ENTITY - Updating [entityName=UNKNOWN ENTITY [cardType=INVALID] id=55 zone=DECK zonePos=0 cardId= player=2] CardID=
D 12:49:11.8988545 PowerTaskList.DebugPrintPower() -         tag=ZONE value=DECK
D 12:49:11.8988545 PowerTaskList.DebugPrintPower() -         tag=CONTROLLER value=2
D 12:49:11.8988545 PowerTaskList.DebugPrintPower() -         tag=ENTITY_ID value=55
D 12:49:11.8988545 PowerTaskList.DebugPrintPower() -     FULL_ENTITY - Updating [entityName=UNKNOWN ENTITY [cardType=INVALID] id=56 zone=DECK zonePos=0 cardId= player=2] CardID=
D 12:49:11.8988545 PowerTaskList.DebugPrintPower() -         tag=ZONE value=DECK
D 12:49:11.8988545 PowerTaskList.DebugPrintPower() -         tag=CONTROLLER value=2
D 12:49:11.8988545 PowerTaskList.DebugPrintPower() -         tag=ENTITY_ID value=56
D 12:49:11.8988545 PowerTaskList.DebugPrintPower() -     FULL_ENTITY - Updating [entityName=UNKNOWN ENTITY [cardType=INVALID] id=57 zone=DECK zonePos=0 cardId= player=2] CardID=
D 12:49:11.8988545 PowerTaskList.DebugPrintPower() -         tag=ZONE value=DECK
D 12:49:11.8988545 PowerTaskList.DebugPrintPower() -         tag=CONTROLLER value=2
D 12:49:11.8988545 PowerTaskList.DebugPrintPower() -         tag=ENTITY_ID value=57
D 12:49:11.8988545 PowerTaskList.DebugPrintPower() -     FULL_ENTITY - Updating [entityName=UNKNOWN ENTITY [cardType=INVALID] id=58 zone=DECK zonePos=0 cardId= player=2] CardID=
D 12:49:11.8988545 PowerTaskList.DebugPrintPower() -         tag=ZONE value=DECK
D 12:49:11.8988545 PowerTaskList.DebugPrintPower() -         tag=CONTROLLER value=2
D 12:49:11.8988545 PowerTaskList.DebugPrintPower() -         tag=ENTITY_ID value=58
D 12:49:11.8988545 PowerTaskList.DebugPrintPower() -     FULL_ENTITY - Updating [entityName=UNKNOWN ENTITY [cardType=INVALID] id=59 zone=DECK zonePos=0 cardId= player=2] CardID=
D 12:49:11.8988545 PowerTaskList.DebugPrintPower() -         tag=ZONE value=DECK
D 12:49:11.8988545 PowerTaskList.DebugPrintPower() -         tag=CONTROLLER value=2
D 12:49:11.8988545 PowerTaskList.DebugPrintPower() -         tag=ENTITY_ID value=59
D 12:49:11.8988545 PowerTaskList.DebugPrintPower() -     FULL_ENTITY - Updating [entityName=UNKNOWN ENTITY [cardType=INVALID] id=60 zone=DECK zonePos=0 cardId= player=2] CardID=
D 12:49:11.8988545 PowerTaskList.DebugPrintPower() -         tag=ZONE value=DECK
D 12:49:11.8988545 PowerTaskList.DebugPrintPower() -         tag=CONTROLLER value=2
D 12:49:11.8988545 PowerTaskList.DebugPrintPower() -         tag=ENTITY_ID value=60
D 12:49:11.8988545 PowerTaskList.DebugPrintPower() -     FULL_ENTITY - Updating [entityName=UNKNOWN ENTITY [cardType=INVALID] id=61 zone=DECK zonePos=0 cardId= player=2] CardID=
D 12:49:11.8988545 PowerTaskList.DebugPrintPower() -         tag=ZONE value=DECK
D 12:49:11.8988545 PowerTaskList.DebugPrintPower() -         tag=CONTROLLER value=2
D 12:49:11.8988545 PowerTaskList.DebugPrintPower() -         tag=ENTITY_ID value=61
D 12:49:11.8988545 PowerTaskList.DebugPrintPower() -     FULL_ENTITY - Updating [entityName=UNKNOWN ENTITY [cardType=INVALID] id=62 zone=DECK zonePos=0 cardId= player=2] CardID=
D 12:49:11.8988545 PowerTaskList.DebugPrintPower() -         tag=ZONE value=DECK
D 12:49:11.8988545 PowerTaskList.DebugPrintPower() -         tag=CONTROLLER value=2
D 12:49:11.8988545 PowerTaskList.DebugPrintPower() -         tag=ENTITY_ID value=62
D 12:49:11.8988545 PowerTaskList.DebugPrintPower() -     FULL_ENTITY - Updating [entityName=UNKNOWN ENTITY [cardType=INVALID] id=63 zone=DECK zonePos=0 cardId= player=2] CardID=
D 12:49:11.8988545 PowerTaskList.DebugPrintPower() -         tag=ZONE value=DECK
D 12:49:11.8988545 PowerTaskList.DebugPrintPower() -         tag=CONTROLLER value=2
D 12:49:11.8988545 PowerTaskList.DebugPrintPower() -         tag=ENTITY_ID value=63
D 12:49:11.8988545 PowerTaskList.DebugPrintPower() -     FULL_ENTITY - Updating [entityName=UNKNOWN ENTITY [cardType=INVALID] id=64 zone=DECK zonePos=0 cardId= player=2] CardID=
D 12:49:11.8988545 PowerTaskList.DebugPrintPower() -         tag=ZONE value=DECK
D 12:49:11.8988545 PowerTaskList.DebugPrintPower() -         tag=CONTROLLER value=2
D 12:49:11.8988545 PowerTaskList.DebugPrintPower() -         tag=ENTITY_ID value=64
D 12:49:11.8988545 PowerTaskList.DebugPrintPower() -     FULL_ENTITY - Updating [entityName=UNKNOWN ENTITY [cardType=INVALID] id=65 zone=DECK zonePos=0 cardId= player=2] CardID=
D 12:49:11.8988545 PowerTaskList.DebugPrintPower() -         tag=ZONE value=DECK
D 12:49:11.8988545 PowerTaskList.DebugPrintPower() -         tag=CONTROLLER value=2
D 12:49:11.8988545 PowerTaskList.DebugPrintPower() -         tag=ENTITY_ID value=65
D 12:49:11.8988545 PowerTaskList.DebugPrintPower() -     FULL_ENTITY - Updating [entityName=UNKNOWN ENTITY [cardType=INVALID] id=66 zone=DECK zonePos=0 cardId= player=2] CardID=
D 12:49:11.8988545 PowerTaskList.DebugPrintPower() -         tag=ZONE value=DECK
D 12:49:11.8988545 PowerTaskList.DebugPrintPower() -         tag=CONTROLLER value=2
D 12:49:11.8988545 PowerTaskList.DebugPrintPower() -         tag=ENTITY_ID value=66
D 12:49:11.8988545 PowerTaskList.DebugPrintPower() -     FULL_ENTITY - Updating [entityName=UNKNOWN ENTITY [cardType=INVALID] id=67 zone=SETASIDE zonePos=0 cardId= player=2] CardID=
D 12:49:11.8988545 PowerTaskList.DebugPrintPower() -         tag=ZONE value=SETASIDE
D 12:49:11.8988545 PowerTaskList.DebugPrintPower() -         tag=CONTROLLER value=2
D 12:49:11.8988545 PowerTaskList.DebugPrintPower() -         tag=ENTITY_ID value=67
D 12:49:11.8988545 PowerTaskList.DebugPrintPower() -     FULL_ENTITY - Updating [entityName=UNKNOWN ENTITY [cardType=INVALID] id=68 zone=SETASIDE zonePos=0 cardId= player=2] CardID=
D 12:49:11.8988545 PowerTaskList.DebugPrintPower() -         tag=ZONE value=SETASIDE
D 12:49:11.8988545 PowerTaskList.DebugPrintPower() -         tag=CONTROLLER value=2
D 12:49:11.8988545 PowerTaskList.DebugPrintPower() -         tag=ENTITY_ID value=68
D 12:49:11.8988545 PowerTaskList.DebugPrintPower() -     FULL_ENTITY - Updating [entityName=UNKNOWN ENTITY [cardType=INVALID] id=69 zone=SETASIDE zonePos=0 cardId= player=2] CardID=
D 12:49:11.8988545 PowerTaskList.DebugPrintPower() -         tag=ZONE value=SETASIDE
D 12:49:11.8988545 PowerTaskList.DebugPrintPower() -         tag=CONTROLLER value=2
D 12:49:11.8988545 PowerTaskList.DebugPrintPower() -         tag=ENTITY_ID value=69
D 12:49:11.8988545 PowerTaskList.DebugPrintPower() -     FULL_ENTITY - Updating [entityName=嘲风望月露娜拉 id=70 zone=PLAY zonePos=0 cardId=HERO_06bi player=1] CardID=HERO_06bi
D 12:49:11.8988545 PowerTaskList.DebugPrintPower() -         tag=CONTROLLER value=1
D 12:49:11.8988545 PowerTaskList.DebugPrintPower() -         tag=CARDTYPE value=HERO
D 12:49:11.8988545 PowerTaskList.DebugPrintPower() -         tag=HEALTH value=30
D 12:49:11.8988545 PowerTaskList.DebugPrintPower() -         tag=PREMIUM value=1
D 12:49:11.8988545 PowerTaskList.DebugPrintPower() -         tag=ZONE value=PLAY
D 12:49:11.8988545 PowerTaskList.DebugPrintPower() -         tag=ENTITY_ID value=70
D 12:49:11.8988545 PowerTaskList.DebugPrintPower() -         tag=CLASS value=DRUID
D 12:49:11.8988545 PowerTaskList.DebugPrintPower() -         tag=FACTION value=NEUTRAL
D 12:49:11.8988545 PowerTaskList.DebugPrintPower() -         tag=RARITY value=FREE
D 12:49:11.8988545 PowerTaskList.DebugPrintPower() -         tag=HERO_POWER value=66926
D 12:49:11.8988545 PowerTaskList.DebugPrintPower() -         tag=HIDE_WATERMARK value=1
D 12:49:11.8988545 PowerTaskList.DebugPrintPower() -         tag=SPAWN_TIME_COUNT value=1
D 12:49:11.8988545 PowerTaskList.DebugPrintPower() -         tag=EMOTECHARACTER value=20
D 12:49:11.8988545 PowerTaskList.DebugPrintPower() -         tag=HAS_ACTIVATE_POWER value=1
D 12:49:11.8988545 PowerTaskList.DebugPrintPower() -         tag=EMOTECLASS value=6
D 12:49:11.8988545 PowerTaskList.DebugPrintPower() -         tag=3085 value=30
D 12:49:11.8988545 PowerTaskList.DebugPrintPower() -     FULL_ENTITY - Updating [entityName=变形 id=71 zone=PLAY zonePos=0 cardId=HERO_06ebp player=1] CardID=HERO_06ebp
D 12:49:11.8988545 PowerTaskList.DebugPrintPower() -         tag=CONTROLLER value=1
D 12:49:11.8988545 PowerTaskList.DebugPrintPower() -         tag=CARDTYPE value=HERO_POWER
D 12:49:11.8988545 PowerTaskList.DebugPrintPower() -         tag=TAG_LAST_KNOWN_COST_IN_HAND value=2
D 12:49:11.8988545 PowerTaskList.DebugPrintPower() -         tag=COST value=2
D 12:49:11.8988545 PowerTaskList.DebugPrintPower() -         tag=PREMIUM value=1
D 12:49:11.8988545 PowerTaskList.DebugPrintPower() -         tag=ZONE value=PLAY
D 12:49:11.8988545 PowerTaskList.DebugPrintPower() -         tag=ENTITY_ID value=71
D 12:49:11.8988545 PowerTaskList.DebugPrintPower() -         tag=CLASS value=DRUID
D 12:49:11.8988545 PowerTaskList.DebugPrintPower() -         tag=FACTION value=NEUTRAL
D 12:49:11.8988545 PowerTaskList.DebugPrintPower() -         tag=RARITY value=FREE
D 12:49:11.8988545 PowerTaskList.DebugPrintPower() -         tag=CREATOR value=70
D 12:49:11.8988545 PowerTaskList.DebugPrintPower() -         tag=1037 value=1
D 12:49:11.8988545 PowerTaskList.DebugPrintPower() -         tag=1086 value=66928
D 12:49:11.8988545 PowerTaskList.DebugPrintPower() -         tag=CREATOR_DBID value=123761
D 12:49:11.8988545 PowerTaskList.DebugPrintPower() -         tag=SPAWN_TIME_COUNT value=1
D 12:49:11.8988545 PowerTaskList.DebugPrintPower() -         tag=HAS_ACTIVATE_POWER value=1
D 12:49:11.8988545 PowerTaskList.DebugPrintPower() -     FULL_ENTITY - Updating [entityName=医疗兵伊莉斯 id=72 zone=PLAY zonePos=0 cardId=HERO_09av player=2] CardID=HERO_09av
D 12:49:11.8988545 PowerTaskList.DebugPrintPower() -         tag=CONTROLLER value=2
D 12:49:11.8988545 PowerTaskList.DebugPrintPower() -         tag=CARDTYPE value=HERO
D 12:49:11.8988545 PowerTaskList.DebugPrintPower() -         tag=HEALTH value=30
D 12:49:11.8988545 PowerTaskList.DebugPrintPower() -         tag=PREMIUM value=1
D 12:49:11.8988545 PowerTaskList.DebugPrintPower() -         tag=ZONE value=PLAY
D 12:49:11.8988545 PowerTaskList.DebugPrintPower() -         tag=ENTITY_ID value=72
D 12:49:11.8988545 PowerTaskList.DebugPrintPower() -         tag=CLASS value=PRIEST
D 12:49:11.8988545 PowerTaskList.DebugPrintPower() -         tag=FACTION value=NEUTRAL
D 12:49:11.8988545 PowerTaskList.DebugPrintPower() -         tag=RARITY value=FREE
D 12:49:11.8988545 PowerTaskList.DebugPrintPower() -         tag=HERO_POWER value=66929
D 12:49:11.8988545 PowerTaskList.DebugPrintPower() -         tag=HIDE_WATERMARK value=1
D 12:49:11.8988545 PowerTaskList.DebugPrintPower() -         tag=SPAWN_TIME_COUNT value=1
D 12:49:11.8988545 PowerTaskList.DebugPrintPower() -         tag=EMOTECHARACTER value=242
D 12:49:11.8988545 PowerTaskList.DebugPrintPower() -         tag=HAS_ACTIVATE_POWER value=1
D 12:49:11.8988545 PowerTaskList.DebugPrintPower() -         tag=EMOTECLASS value=9
D 12:49:11.8988545 PowerTaskList.DebugPrintPower() -         tag=3085 value=30
D 12:49:11.8988545 PowerTaskList.DebugPrintPower() -     FULL_ENTITY - Updating [entityName=次级治疗术 id=73 zone=PLAY zonePos=0 cardId=HERO_09dbp player=2] CardID=HERO_09dbp
D 12:49:11.8988545 PowerTaskList.DebugPrintPower() -         tag=CONTROLLER value=2
D 12:49:11.8988545 PowerTaskList.DebugPrintPower() -         tag=CARDTYPE value=HERO_POWER
D 12:49:11.8988545 PowerTaskList.DebugPrintPower() -         tag=TAG_LAST_KNOWN_COST_IN_HAND value=2
D 12:49:11.8988545 PowerTaskList.DebugPrintPower() -         tag=COST value=2
D 12:49:11.8988545 PowerTaskList.DebugPrintPower() -         tag=PREMIUM value=1
D 12:49:11.8988545 PowerTaskList.DebugPrintPower() -         tag=ZONE value=PLAY
D 12:49:11.8988545 PowerTaskList.DebugPrintPower() -         tag=ENTITY_ID value=73
D 12:49:11.8988545 PowerTaskList.DebugPrintPower() -         tag=CLASS value=PRIEST
D 12:49:11.8988545 PowerTaskList.DebugPrintPower() -         tag=FACTION value=NEUTRAL
D 12:49:11.8988545 PowerTaskList.DebugPrintPower() -         tag=RARITY value=FREE
D 12:49:11.8988545 PowerTaskList.DebugPrintPower() -         tag=CREATOR value=72
D 12:49:11.8988545 PowerTaskList.DebugPrintPower() -         tag=1037 value=2
D 12:49:11.8988545 PowerTaskList.DebugPrintPower() -         tag=1086 value=66930
D 12:49:11.8988545 PowerTaskList.DebugPrintPower() -         tag=CREATOR_DBID value=116077
D 12:49:11.8988545 PowerTaskList.DebugPrintPower() -         tag=SPAWN_TIME_COUNT value=1
D 12:49:11.8988545 PowerTaskList.DebugPrintPower() -         tag=HAS_ACTIVATE_POWER value=1
D 12:49:11.8988545 PowerTaskList.DebugPrintPower() -     FULL_ENTITY - Updating [entityName=守望者亢祖 id=74 zone=COSMETIC zonePos=0 cardId=PET_12_4 player=2] CardID=PET_12_4
D 12:49:11.8988545 PowerTaskList.DebugPrintPower() -         tag=CONTROLLER value=2
D 12:49:11.8988545 PowerTaskList.DebugPrintPower() -         tag=CARDTYPE value=PET
D 12:49:11.8988545 PowerTaskList.DebugPrintPower() -         tag=PLAYER_ID value=2
D 12:49:11.8988545 PowerTaskList.DebugPrintPower() -         tag=ZONE value=COSMETIC
D 12:49:11.8988545 PowerTaskList.DebugPrintPower() -         tag=ENTITY_ID value=74
D 12:49:11.8988545 PowerTaskList.DebugPrintPower() -         tag=CLASS value=NEUTRAL
D 12:49:11.8988545 PowerTaskList.DebugPrintPower() -         tag=SPAWN_TIME_COUNT value=1
D 12:49:11.8988545 PowerTaskList.DebugPrintPower() -         tag=4018 value=1
D 12:49:11.8988545 PowerTaskList.DebugPrintPower() -         tag=PET_VARIANT_ID value=41
D 12:49:11.8988545 PowerTaskList.DebugPrintPower() -         tag=PET_ID value=12
D 12:49:11.8988545 PowerTaskList.DebugPrintPower() -         tag=PET_TREATS_GENERATED value=1
D 12:49:11.8988545 PowerTaskList.DebugPrintPower() -     TAG_CHANGE Entity=GameEntity tag=STATE value=RUNNING 
D 12:49:11.8988545 PowerTaskList.DebugPrintPower() -     TAG_CHANGE Entity=湫然#51704 tag=PLAYSTATE value=PLAYING 
D 12:49:11.8988545 PowerTaskList.DebugPrintPower() -     TAG_CHANGE Entity=光鲜亮丽我要进肺#5528 tag=PLAYSTATE value=PLAYING 
D 12:49:11.8988545 PowerTaskList.DebugDump() - Block End=(null)
D 12:49:11.8988545 PowerProcessor.PrepareHistoryForCurrentTaskList() - m_currentTaskList=1
D 12:49:12.0172278 GameState.DebugPrintEntityChoices() - id=1 Player=湫然#51704 TaskList=7 ChoiceType=MULLIGAN CountMin=0 CountMax=5
D 12:49:12.0172278 GameState.DebugPrintEntityChoices() -   Source=GameEntity
D 12:49:12.0172278 GameState.DebugPrintEntityChoices() -   Entities[0]=[entityName=UNKNOWN ENTITY [cardType=INVALID] id=35 zone=DECK zonePos=0 cardId= player=1]
D 12:49:12.0172278 GameState.DebugPrintEntityChoices() -   Entities[1]=[entityName=UNKNOWN ENTITY [cardType=INVALID] id=36 zone=DECK zonePos=0 cardId= player=1]
D 12:49:12.0172278 GameState.DebugPrintEntityChoices() -   Entities[2]=[entityName=UNKNOWN ENTITY [cardType=INVALID] id=39 zone=DECK zonePos=0 cardId= player=1]
D 12:49:12.0172278 GameState.DebugPrintEntityChoices() -   Entities[3]=[entityName=UNKNOWN ENTITY [cardType=INVALID] id=34 zone=DECK zonePos=0 cardId= player=1]
D 12:49:12.0172278 GameState.DebugPrintEntityChoices() -   Entities[4]=[entityName=幸运币 id=100 zone=HAND zonePos=5 cardId=MUDAN_COIN1 player=1]
D 12:49:12.0227221 GameState.DebugPrintPowerList() - Count=1
D 12:49:12.0227221 GameState.DebugPrintPower() - TAG_CHANGE Entity=光鲜亮丽我要进肺#5528 tag=MULLIGAN_STATE value=INPUT 
D 12:49:12.0297805 GameState.DebugPrintEntityChoices() - id=2 Player=光鲜亮丽我要进肺#5528 TaskList=8 ChoiceType=MULLIGAN CountMin=0 CountMax=3
D 12:49:12.0297805 GameState.DebugPrintEntityChoices() -   Source=GameEntity
D 12:49:12.0297805 GameState.DebugPrintEntityChoices() -   Entities[0]=[entityName=UNKNOWN ENTITY [cardType=INVALID] id=59 zone=DECK zonePos=0 cardId= player=2]
D 12:49:12.0297805 GameState.DebugPrintEntityChoices() -   Entities[1]=[entityName=UNKNOWN ENTITY [cardType=INVALID] id=55 zone=DECK zonePos=0 cardId= player=2]
D 12:49:12.0297805 GameState.DebugPrintEntityChoices() -   Entities[2]=[entityName=UNKNOWN ENTITY [cardType=INVALID] id=66 zone=DECK zonePos=0 cardId= player=2]
D 12:49:13.9228097 PowerProcessor.EndCurrentTaskList() - m_currentTaskList=1
D 12:49:13.9303630 PowerTaskList.DebugDump() - ID=2 ParentID=1 PreviousID=0 TaskCount=56
D 12:49:13.9303630 PowerTaskList.DebugPrintPower() - BLOCK_START BlockType=TRIGGER Entity=[entityName=UNKNOWN ENTITY [cardType=INVALID] id=50 zone=DECK zonePos=0 cardId= player=2] EffectCardId=System.Collections.Generic.List`1[System.String] EffectIndex=0 Target=0 SubOption=-1 TriggerKeyword=TAG_NOT_SET
D 12:49:13.9303630 PowerTaskList.DebugPrintPower() -     SHOW_ENTITY - Updating Entity=[entityName=UNKNOWN ENTITY [cardType=INVALID] id=50 zone=DECK zonePos=0 cardId= player=2] CardID=JAIL_430
D 12:49:13.9303630 PowerTaskList.DebugPrintPower() -         tag=CONTROLLER value=2
D 12:49:13.9303630 PowerTaskList.DebugPrintPower() -         tag=CARDTYPE value=MINION
D 12:49:13.9303630 PowerTaskList.DebugPrintPower() -         tag=TAG_LAST_KNOWN_COST_IN_HAND value=7
D 12:49:13.9303630 PowerTaskList.DebugPrintPower() -         tag=479 value=7
D 12:49:13.9303630 PowerTaskList.DebugPrintPower() -         tag=COST value=7
D 12:49:13.9303630 PowerTaskList.DebugPrintPower() -         tag=ATK value=7
D 12:49:13.9303630 PowerTaskList.DebugPrintPower() -         tag=HEALTH value=7
D 12:49:13.9303630 PowerTaskList.DebugPrintPower() -         tag=PREMIUM value=1
D 12:49:13.9303630 PowerTaskList.DebugPrintPower() -         tag=ZONE value=DECK
D 12:49:13.9303630 PowerTaskList.DebugPrintPower() -         tag=ENTITY_ID value=50
D 12:49:13.9303630 PowerTaskList.DebugPrintPower() -         tag=ELITE value=1
D 12:49:13.9303630 PowerTaskList.DebugPrintPower() -         tag=CLASS value=PRIEST
D 12:49:13.9303630 PowerTaskList.DebugPrintPower() -         tag=CARDRACE value=UNDEAD
D 12:49:13.9303630 PowerTaskList.DebugPrintPower() -         tag=RARITY value=LEGENDARY
D 12:49:13.9303630 PowerTaskList.DebugPrintPower() -         tag=BATTLECRY value=1
D 12:49:13.9303630 PowerTaskList.DebugPrintPower() -         tag=REVEALED value=1
D 12:49:13.9303630 PowerTaskList.DebugPrintPower() -         tag=478 value=2
D 12:49:13.9303630 PowerTaskList.DebugPrintPower() -         tag=START_OF_GAME_KEYWORD value=1
D 12:49:13.9303630 PowerTaskList.DebugPrintPower() -         tag=DECK_RULE_MOD_DECK_SIZE value=20
D 12:49:13.9303630 PowerTaskList.DebugPrintPower() -         tag=1043 value=1
D 12:49:13.9303630 PowerTaskList.DebugPrintPower() -         tag=1068 value=0
D 12:49:13.9303630 PowerTaskList.DebugPrintPower() -         tag=SPAWN_TIME_COUNT value=1
D 12:49:13.9303630 PowerTaskList.DebugPrintPower() -         tag=HAS_SIGNATURE_QUALITY value=1
D 12:49:13.9303630 PowerTaskList.DebugPrintPower() -         tag=HAS_ACTIVATE_POWER value=1
D 12:49:13.9303630 PowerTaskList.DebugPrintPower() -         tag=2936 value=1
D 12:49:13.9303630 PowerTaskList.DebugPrintPower() -         tag=3085 value=7
D 12:49:13.9303630 PowerTaskList.DebugPrintPower() -         tag=4472 value=7
D 12:49:13.9303630 PowerTaskList.DebugPrintPower() -         tag=4818 value=1
D 12:49:13.9303630 PowerTaskList.DebugPrintPower() -     FULL_ENTITY - Updating [entityName=UNKNOWN ENTITY [cardType=INVALID] id=75 zone=DECK zonePos=0 cardId= player=2] CardID=
D 12:49:13.9303630 PowerTaskList.DebugPrintPower() -         tag=ZONE value=DECK
D 12:49:13.9303630 PowerTaskList.DebugPrintPower() -         tag=CONTROLLER value=2
D 12:49:13.9303630 PowerTaskList.DebugPrintPower() -         tag=ENTITY_ID value=75
D 12:49:13.9303630 PowerTaskList.DebugPrintPower() -     TAG_CHANGE Entity=[entityName=UNKNOWN ENTITY [cardType=INVALID] id=75 zone=DECK zonePos=0 cardId= player=2] tag=DISPLAYED_CREATOR value=50 
D 12:49:13.9303630 PowerTaskList.DebugPrintPower() -     FULL_ENTITY - Updating [entityName=UNKNOWN ENTITY [cardType=INVALID] id=76 zone=DECK zonePos=0 cardId= player=2] CardID=
D 12:49:13.9303630 PowerTaskList.DebugPrintPower() -         tag=ZONE value=DECK
D 12:49:13.9303630 PowerTaskList.DebugPrintPower() -         tag=CONTROLLER value=2
D 12:49:13.9303630 PowerTaskList.DebugPrintPower() -         tag=ENTITY_ID value=76
D 12:49:13.9303630 PowerTaskList.DebugPrintPower() -     TAG_CHANGE Entity=[entityName=UNKNOWN ENTITY [cardType=INVALID] id=76 zone=DECK zonePos=0 cardId= player=2] tag=DISPLAYED_CREATOR value=50 
D 12:49:13.9303630 PowerTaskList.DebugPrintPower() -     FULL_ENTITY - Updating [entityName=UNKNOWN ENTITY [cardType=INVALID] id=77 zone=DECK zonePos=0 cardId= player=2] CardID=
D 12:49:13.9303630 PowerTaskList.DebugPrintPower() -         tag=ZONE value=DECK
D 12:49:13.9303630 PowerTaskList.DebugPrintPower() -         tag=CONTROLLER value=2
D 12:49:13.9303630 PowerTaskList.DebugPrintPower() -         tag=ENTITY_ID value=77
D 12:49:13.9303630 PowerTaskList.DebugPrintPower() -     TAG_CHANGE Entity=[entityName=UNKNOWN ENTITY [cardType=INVALID] id=77 zone=DECK zonePos=0 cardId= player=2] tag=DISPLAYED_CREATOR value=50 
D 12:49:13.9303630 PowerTaskList.DebugPrintPower() -     FULL_ENTITY - Updating [entityName=UNKNOWN ENTITY [cardType=INVALID] id=78 zone=DECK zonePos=0 cardId= player=2] CardID=
D 12:49:13.9303630 PowerTaskList.DebugPrintPower() -         tag=ZONE value=DECK
D 12:49:13.9303630 PowerTaskList.DebugPrintPower() -         tag=CONTROLLER value=2
D 12:49:13.9303630 PowerTaskList.DebugPrintPower() -         tag=ENTITY_ID value=78
D 12:49:13.9303630 PowerTaskList.DebugPrintPower() -     TAG_CHANGE Entity=[entityName=UNKNOWN ENTITY [cardType=INVALID] id=78 zone=DECK zonePos=0 cardId= player=2] tag=DISPLAYED_CREATOR value=50 
D 12:49:13.9303630 PowerTaskList.DebugPrintPower() -     FULL_ENTITY - Updating [entityName=UNKNOWN ENTITY [cardType=INVALID] id=79 zone=DECK zonePos=0 cardId= player=2] CardID=
D 12:49:13.9303630 PowerTaskList.DebugPrintPower() -         tag=ZONE value=DECK
D 12:49:13.9303630 PowerTaskList.DebugPrintPower() -         tag=CONTROLLER value=2
D 12:49:13.9303630 PowerTaskList.DebugPrintPower() -         tag=ENTITY_ID value=79
D 12:49:13.9303630 PowerTaskList.DebugPrintPower() -     TAG_CHANGE Entity=[entityName=UNKNOWN ENTITY [cardType=INVALID] id=79 zone=DECK zonePos=0 cardId= player=2] tag=DISPLAYED_CREATOR value=50 
D 12:49:13.9303630 PowerTaskList.DebugPrintPower() -     FULL_ENTITY - Updating [entityName=UNKNOWN ENTITY [cardType=INVALID] id=80 zone=DECK zonePos=0 cardId= player=2] CardID=
D 12:49:13.9303630 PowerTaskList.DebugPrintPower() -         tag=ZONE value=DECK
D 12:49:13.9303630 PowerTaskList.DebugPrintPower() -         tag=CONTROLLER value=2
D 12:49:13.9303630 PowerTaskList.DebugPrintPower() -         tag=ENTITY_ID value=80
D 12:49:13.9303630 PowerTaskList.DebugPrintPower() -     TAG_CHANGE Entity=[entityName=UNKNOWN ENTITY [cardType=INVALID] id=80 zone=DECK zonePos=0 cardId= player=2] tag=DISPLAYED_CREATOR value=50 
D 12:49:13.9303630 PowerTaskList.DebugPrintPower() -     FULL_ENTITY - Updating [entityName=UNKNOWN ENTITY [cardType=INVALID] id=81 zone=DECK zonePos=0 cardId= player=2] CardID=
D 12:49:13.9303630 PowerTaskList.DebugPrintPower() -         tag=ZONE value=DECK
D 12:49:13.9303630 PowerTaskList.DebugPrintPower() -         tag=CONTROLLER value=2
D 12:49:13.9303630 PowerTaskList.DebugPrintPower() -         tag=ENTITY_ID value=81
D 12:49:13.9303630 PowerTaskList.DebugPrintPower() -     FULL_ENTITY - Updating [entityName=UNKNOWN ENTITY [cardType=INVALID] id=82 zone=SETASIDE zonePos=0 cardId= player=2] CardID=
D 12:49:13.9303630 PowerTaskList.DebugPrintPower() -         tag=ZONE value=SETASIDE
D 12:49:13.9303630 PowerTaskList.DebugPrintPower() -         tag=CONTROLLER value=2
D 12:49:13.9303630 PowerTaskList.DebugPrintPower() -         tag=ENTITY_ID value=82
D 12:49:13.9303630 PowerTaskList.DebugPrintPower() -     FULL_ENTITY - Updating [entityName=UNKNOWN ENTITY [cardType=INVALID] id=83 zone=SETASIDE zonePos=0 cardId= player=2] CardID=
D 12:49:13.9303630 PowerTaskList.DebugPrintPower() -         tag=ZONE value=SETASIDE
D 12:49:13.9303630 PowerTaskList.DebugPrintPower() -         tag=CONTROLLER value=2
D 12:49:13.9303630 PowerTaskList.DebugPrintPower() -         tag=ENTITY_ID value=83
D 12:49:13.9303630 PowerTaskList.DebugPrintPower() -     TAG_CHANGE Entity=[entityName=UNKNOWN ENTITY [cardType=INVALID] id=81 zone=DECK zonePos=0 cardId= player=2] tag=DISPLAYED_CREATOR value=50 
D 12:49:13.9303630 PowerTaskList.DebugPrintPower() -     FULL_ENTITY - Updating [entityName=UNKNOWN ENTITY [cardType=INVALID] id=84 zone=DECK zonePos=0 cardId= player=2] CardID=
D 12:49:13.9303630 PowerTaskList.DebugPrintPower() -         tag=ZONE value=DECK
D 12:49:13.9303630 PowerTaskList.DebugPrintPower() -         tag=CONTROLLER value=2
D 12:49:13.9303630 PowerTaskList.DebugPrintPower() -         tag=ENTITY_ID value=84
D 12:49:13.9303630 PowerTaskList.DebugPrintPower() -     TAG_CHANGE Entity=[entityName=UNKNOWN ENTITY [cardType=INVALID] id=84 zone=DECK zonePos=0 cardId= player=2] tag=DISPLAYED_CREATOR value=50 
D 12:49:13.9303630 PowerTaskList.DebugPrintPower() -     FULL_ENTITY - Updating [entityName=UNKNOWN ENTITY [cardType=INVALID] id=85 zone=DECK zonePos=0 cardId= player=2] CardID=
D 12:49:13.9303630 PowerTaskList.DebugPrintPower() -         tag=ZONE value=DECK
D 12:49:13.9303630 PowerTaskList.DebugPrintPower() -         tag=CONTROLLER value=2
D 12:49:13.9303630 PowerTaskList.DebugPrintPower() -         tag=ENTITY_ID value=85
D 12:49:13.9303630 PowerTaskList.DebugPrintPower() -     TAG_CHANGE Entity=[entityName=UNKNOWN ENTITY [cardType=INVALID] id=85 zone=DECK zonePos=0 cardId= player=2] tag=DISPLAYED_CREATOR value=50 
D 12:49:13.9303630 PowerTaskList.DebugPrintPower() -     FULL_ENTITY - Updating [entityName=UNKNOWN ENTITY [cardType=INVALID] id=86 zone=DECK zonePos=0 cardId= player=2] CardID=
D 12:49:13.9303630 PowerTaskList.DebugPrintPower() -         tag=ZONE value=DECK
D 12:49:13.9303630 PowerTaskList.DebugPrintPower() -         tag=CONTROLLER value=2
D 12:49:13.9303630 PowerTaskList.DebugPrintPower() -         tag=ENTITY_ID value=86
D 12:49:13.9303630 PowerTaskList.DebugPrintPower() -     TAG_CHANGE Entity=[entityName=UNKNOWN ENTITY [cardType=INVALID] id=86 zone=DECK zonePos=0 cardId= player=2] tag=DISPLAYED_CREATOR value=50 
D 12:49:13.9303630 PowerTaskList.DebugPrintPower() -     FULL_ENTITY - Updating [entityName=UNKNOWN ENTITY [cardType=INVALID] id=87 zone=DECK zonePos=0 cardId= player=2] CardID=
D 12:49:13.9303630 PowerTaskList.DebugPrintPower() -         tag=ZONE value=DECK
D 12:49:13.9303630 PowerTaskList.DebugPrintPower() -         tag=CONTROLLER value=2
D 12:49:13.9303630 PowerTaskList.DebugPrintPower() -         tag=ENTITY_ID value=87
D 12:49:13.9303630 PowerTaskList.DebugPrintPower() -     TAG_CHANGE Entity=[entityName=UNKNOWN ENTITY [cardType=INVALID] id=87 zone=DECK zonePos=0 cardId= player=2] tag=DISPLAYED_CREATOR value=50 
D 12:49:13.9303630 PowerTaskList.DebugPrintPower() -     FULL_ENTITY - Updating [entityName=UNKNOWN ENTITY [cardType=INVALID] id=88 zone=DECK zonePos=0 cardId= player=2] CardID=
D 12:49:13.9303630 PowerTaskList.DebugPrintPower() -         tag=ZONE value=DECK
D 12:49:13.9303630 PowerTaskList.DebugPrintPower() -         tag=CONTROLLER value=2
D 12:49:13.9303630 PowerTaskList.DebugPrintPower() -         tag=ENTITY_ID value=88
D 12:49:13.9303630 PowerTaskList.DebugPrintPower() -     TAG_CHANGE Entity=[entityName=UNKNOWN ENTITY [cardType=INVALID] id=88 zone=DECK zonePos=0 cardId= player=2] tag=DISPLAYED_CREATOR value=50 
D 12:49:13.9303630 PowerTaskList.DebugPrintPower() -     FULL_ENTITY - Updating [entityName=UNKNOWN ENTITY [cardType=INVALID] id=89 zone=DECK zonePos=0 cardId= player=2] CardID=
D 12:49:13.9303630 PowerTaskList.DebugPrintPower() -         tag=ZONE value=DECK
D 12:49:13.9303630 PowerTaskList.DebugPrintPower() -         tag=CONTROLLER value=2
D 12:49:13.9303630 PowerTaskList.DebugPrintPower() -         tag=ENTITY_ID value=89
D 12:49:13.9303630 PowerTaskList.DebugPrintPower() -     TAG_CHANGE Entity=[entityName=UNKNOWN ENTITY [cardType=INVALID] id=89 zone=DECK zonePos=0 cardId= player=2] tag=DISPLAYED_CREATOR value=50 
D 12:49:13.9303630 PowerTaskList.DebugPrintPower() -     FULL_ENTITY - Updating [entityName=UNKNOWN ENTITY [cardType=INVALID] id=90 zone=DECK zonePos=0 cardId= player=2] CardID=
D 12:49:13.9303630 PowerTaskList.DebugPrintPower() -         tag=ZONE value=DECK
D 12:49:13.9303630 PowerTaskList.DebugPrintPower() -         tag=CONTROLLER value=2
D 12:49:13.9303630 PowerTaskList.DebugPrintPower() -         tag=ENTITY_ID value=90
D 12:49:13.9303630 PowerTaskList.DebugPrintPower() -     TAG_CHANGE Entity=[entityName=UNKNOWN ENTITY [cardType=INVALID] id=90 zone=DECK zonePos=0 cardId= player=2] tag=DISPLAYED_CREATOR value=50 
D 12:49:13.9303630 PowerTaskList.DebugPrintPower() -     FULL_ENTITY - Updating [entityName=UNKNOWN ENTITY [cardType=INVALID] id=91 zone=DECK zonePos=0 cardId= player=2] CardID=
D 12:49:13.9303630 PowerTaskList.DebugPrintPower() -         tag=ZONE value=DECK
D 12:49:13.9303630 PowerTaskList.DebugPrintPower() -         tag=CONTROLLER value=2
D 12:49:13.9303630 PowerTaskList.DebugPrintPower() -         tag=ENTITY_ID value=91
D 12:49:13.9303630 PowerTaskList.DebugPrintPower() -     TAG_CHANGE Entity=[entityName=UNKNOWN ENTITY [cardType=INVALID] id=91 zone=DECK zonePos=0 cardId= player=2] tag=DISPLAYED_CREATOR value=50 
D 12:49:13.9303630 PowerTaskList.DebugPrintPower() -     FULL_ENTITY - Updating [entityName=UNKNOWN ENTITY [cardType=INVALID] id=92 zone=DECK zonePos=0 cardId= player=2] CardID=
D 12:49:13.9303630 PowerTaskList.DebugPrintPower() -         tag=ZONE value=DECK
D 12:49:13.9303630 PowerTaskList.DebugPrintPower() -         tag=CONTROLLER value=2
D 12:49:13.9303630 PowerTaskList.DebugPrintPower() -         tag=ENTITY_ID value=92
D 12:49:13.9303630 PowerTaskList.DebugPrintPower() -     TAG_CHANGE Entity=[entityName=UNKNOWN ENTITY [cardType=INVALID] id=92 zone=DECK zonePos=0 cardId= player=2] tag=DISPLAYED_CREATOR value=50 
D 12:49:13.9303630 PowerTaskList.DebugPrintPower() -     FULL_ENTITY - Updating [entityName=UNKNOWN ENTITY [cardType=INVALID] id=93 zone=DECK zonePos=0 cardId= player=2] CardID=
D 12:49:13.9303630 PowerTaskList.DebugPrintPower() -         tag=ZONE value=DECK
D 12:49:13.9303630 PowerTaskList.DebugPrintPower() -         tag=CONTROLLER value=2
D 12:49:13.9303630 PowerTaskList.DebugPrintPower() -         tag=ENTITY_ID value=93
D 12:49:13.9303630 PowerTaskList.DebugPrintPower() -     TAG_CHANGE Entity=[entityName=UNKNOWN ENTITY [cardType=INVALID] id=93 zone=DECK zonePos=0 cardId= player=2] tag=DISPLAYED_CREATOR value=50 
D 12:49:13.9303630 PowerTaskList.DebugPrintPower() -     FULL_ENTITY - Updating [entityName=UNKNOWN ENTITY [cardType=INVALID] id=94 zone=DECK zonePos=0 cardId= player=2] CardID=
D 12:49:13.9303630 PowerTaskList.DebugPrintPower() -         tag=ZONE value=DECK
D 12:49:13.9303630 PowerTaskList.DebugPrintPower() -         tag=CONTROLLER value=2
D 12:49:13.9303630 PowerTaskList.DebugPrintPower() -         tag=ENTITY_ID value=94
D 12:49:13.9303630 PowerTaskList.DebugPrintPower() -     FULL_ENTITY - Updating [entityName=UNKNOWN ENTITY [cardType=INVALID] id=95 zone=SETASIDE zonePos=0 cardId= player=2] CardID=
D 12:49:13.9303630 PowerTaskList.DebugPrintPower() -         tag=ZONE value=SETASIDE
D 12:49:13.9303630 PowerTaskList.DebugPrintPower() -         tag=CONTROLLER value=2
D 12:49:13.9303630 PowerTaskList.DebugPrintPower() -         tag=ENTITY_ID value=95
D 12:49:13.9303630 PowerTaskList.DebugPrintPower() -     FULL_ENTITY - Updating [entityName=UNKNOWN ENTITY [cardType=INVALID] id=96 zone=SETASIDE zonePos=0 cardId= player=2] CardID=
D 12:49:13.9303630 PowerTaskList.DebugPrintPower() -         tag=ZONE value=SETASIDE
D 12:49:13.9303630 PowerTaskList.DebugPrintPower() -         tag=CONTROLLER value=2
D 12:49:13.9303630 PowerTaskList.DebugPrintPower() -         tag=ENTITY_ID value=96
D 12:49:13.9303630 PowerTaskList.DebugPrintPower() -     TAG_CHANGE Entity=[entityName=UNKNOWN ENTITY [cardType=INVALID] id=94 zone=DECK zonePos=0 cardId= player=2] tag=DISPLAYED_CREATOR value=50 
D 12:49:13.9303630 PowerTaskList.DebugPrintPower() -     FULL_ENTITY - Updating [entityName=UNKNOWN ENTITY [cardType=INVALID] id=97 zone=DECK zonePos=0 cardId= player=2] CardID=
D 12:49:13.9303630 PowerTaskList.DebugPrintPower() -         tag=ZONE value=DECK
D 12:49:13.9303630 PowerTaskList.DebugPrintPower() -         tag=CONTROLLER value=2
D 12:49:13.9303630 PowerTaskList.DebugPrintPower() -         tag=ENTITY_ID value=97
D 12:49:13.9303630 PowerTaskList.DebugPrintPower() -     TAG_CHANGE Entity=[entityName=UNKNOWN ENTITY [cardType=INVALID] id=97 zone=DECK zonePos=0 cardId= player=2] tag=DISPLAYED_CREATOR value=50 
D 12:49:13.9303630 PowerTaskList.DebugPrintPower() -     FULL_ENTITY - Updating [entityName=UNKNOWN ENTITY [cardType=INVALID] id=98 zone=DECK zonePos=0 cardId= player=2] CardID=
D 12:49:13.9303630 PowerTaskList.DebugPrintPower() -         tag=ZONE value=DECK
D 12:49:13.9303630 PowerTaskList.DebugPrintPower() -         tag=CONTROLLER value=2
D 12:49:13.9303630 PowerTaskList.DebugPrintPower() -         tag=ENTITY_ID value=98
D 12:49:13.9303630 PowerTaskList.DebugPrintPower() -     TAG_CHANGE Entity=[entityName=UNKNOWN ENTITY [cardType=INVALID] id=98 zone=DECK zonePos=0 cardId= player=2] tag=DISPLAYED_CREATOR value=50 
D 12:49:13.9303630 PowerTaskList.DebugPrintPower() -     FULL_ENTITY - Updating [entityName=UNKNOWN ENTITY [cardType=INVALID] id=99 zone=SETASIDE zonePos=0 cardId= player=2] CardID=
D 12:49:13.9303630 PowerTaskList.DebugPrintPower() -         tag=ZONE value=SETASIDE
D 12:49:13.9303630 PowerTaskList.DebugPrintPower() -         tag=CONTROLLER value=2
D 12:49:13.9303630 PowerTaskList.DebugPrintPower() -         tag=ENTITY_ID value=99
D 12:49:13.9303630 PowerTaskList.DebugPrintPower() -     SHOW_ENTITY - Updating Entity=[entityName=UNKNOWN ENTITY [cardType=INVALID] id=99 zone=SETASIDE zonePos=0 cardId= player=2] CardID=JAIL_430e1
D 12:49:13.9303630 PowerTaskList.DebugPrintPower() -         tag=CONTROLLER value=2
D 12:49:13.9303630 PowerTaskList.DebugPrintPower() -         tag=CARDTYPE value=ENCHANTMENT
D 12:49:13.9303630 PowerTaskList.DebugPrintPower() -         tag=PREMIUM value=1
D 12:49:13.9303630 PowerTaskList.DebugPrintPower() -         tag=ATTACHED value=3
D 12:49:13.9303630 PowerTaskList.DebugPrintPower() -         tag=ZONE value=SETASIDE
D 12:49:13.9303630 PowerTaskList.DebugPrintPower() -         tag=ENTITY_ID value=99
D 12:49:13.9303630 PowerTaskList.DebugPrintPower() -         tag=CLASS value=PRIEST
D 12:49:13.9303630 PowerTaskList.DebugPrintPower() -         tag=CREATOR value=50
D 12:49:13.9303630 PowerTaskList.DebugPrintPower() -         tag=1037 value=2
D 12:49:13.9303630 PowerTaskList.DebugPrintPower() -         tag=1068 value=0
D 12:49:13.9303630 PowerTaskList.DebugPrintPower() -         tag=CREATOR_DBID value=126055
D 12:49:13.9303630 PowerTaskList.DebugPrintPower() -         tag=SPAWN_TIME_COUNT value=1
D 12:49:13.9303630 PowerTaskList.DebugPrintPower() -         tag=4901 value=0
D 12:49:13.9303630 PowerTaskList.DebugPrintPower() -     TAG_CHANGE Entity=[entityName=UNKNOWN ENTITY [cardType=INVALID] id=99 zone=SETASIDE zonePos=0 cardId= player=2] tag=1068 value=1 
D 12:49:13.9303630 PowerTaskList.DebugPrintPower() -     TAG_CHANGE Entity=[entityName=UNKNOWN ENTITY [cardType=INVALID] id=99 zone=SETASIDE zonePos=0 cardId= player=2] tag=1068 value=0 
D 12:49:13.9303630 PowerTaskList.DebugPrintPower() -     TAG_CHANGE Entity=[entityName=UNKNOWN ENTITY [cardType=INVALID] id=99 zone=SETASIDE zonePos=0 cardId= player=2] tag=ZONE value=PLAY 
D 12:49:13.9303630 PowerTaskList.DebugPrintPower() -     TAG_CHANGE Entity=光鲜亮丽我要进肺#5528 tag=4741 value=1 
D 12:49:13.9303630 PowerTaskList.DebugPrintPower() -     TAG_CHANGE Entity=光鲜亮丽我要进肺#5528 tag=LAST_AFFECTED_BY value=50 
D 12:49:13.9303630 PowerTaskList.DebugPrintPower() -     META_DATA - Meta=TARGET Data=0 InfoCount=1
D 12:49:13.9303630 PowerTaskList.DebugPrintPower() -                 Info[0] = [entityName=UNKNOWN ENTITY [cardType=INVALID] id=50 zone=DECK zonePos=0 cardId= player=2]
D 12:49:13.9303630 PowerTaskList.DebugPrintPower() -     HIDE_ENTITY - Entity=[entityName=UNKNOWN ENTITY [cardType=INVALID] id=50 zone=DECK zonePos=0 cardId= player=2] tag=ZONE value=DECK
D 12:49:13.9303630 PowerTaskList.DebugPrintPower() -     TAG_CHANGE Entity=[entityName=UNKNOWN ENTITY [cardType=INVALID] id=50 zone=DECK zonePos=0 cardId= player=2] tag=REVEALED value=0 
D 12:49:13.9303630 PowerTaskList.DebugPrintPower() -     META_DATA - Meta=OVERRIDE_HISTORY Data=0 InfoCount=1
D 12:49:13.9303630 PowerTaskList.DebugPrintPower() -                 Info[0] = [entityName=UNKNOWN ENTITY [cardType=INVALID] id=50 zone=DECK zonePos=0 cardId= player=2]
D 12:49:13.9303630 PowerTaskList.DebugPrintPower() - BLOCK_END
D 12:49:13.9303630 PowerProcessor.PrepareHistoryForCurrentTaskList() - m_currentTaskList=2
D 12:49:14.5180434 PowerProcessor.EndCurrentTaskList() - m_currentTaskList=2
D 12:49:14.5210463 PowerTaskList.DebugDump() - ID=3 ParentID=0 PreviousID=0 TaskCount=0
D 12:49:14.5210463 PowerTaskList.DebugPrintPower() - BLOCK_START BlockType=TRIGGER Entity=GameEntity EffectCardId=System.Collections.Generic.List`1[System.String] EffectIndex=6 Target=0 SubOption=-1 TriggerKeyword=TAG_NOT_SET
D 12:49:14.5210463 PowerTaskList.DebugPrintPower() - BLOCK_END
D 12:49:14.5210463 PowerProcessor.PrepareHistoryForCurrentTaskList() - m_currentTaskList=3
D 12:49:14.5210463 PowerProcessor.EndCurrentTaskList() - m_currentTaskList=3
D 12:49:14.5210463 PowerTaskList.DebugDump() - ID=4 ParentID=0 PreviousID=0 TaskCount=59
D 12:49:14.5210463 PowerTaskList.DebugPrintPower() - BLOCK_START BlockType=TRIGGER Entity=GameEntity EffectCardId=System.Collections.Generic.List`1[System.String] EffectIndex=-1 Target=0 SubOption=-1 TriggerKeyword=TAG_NOT_SET
D 12:49:14.5210463 PowerTaskList.DebugPrintPower() -     TAG_CHANGE Entity=光鲜亮丽我要进肺#5528 tag=CURRENT_PLAYER value=1 
D 12:49:14.5210463 PowerTaskList.DebugPrintPower() -     TAG_CHANGE Entity=光鲜亮丽我要进肺#5528 tag=FIRST_PLAYER value=1 
D 12:49:14.5210463 PowerTaskList.DebugPrintPower() -     TAG_CHANGE Entity=GameEntity tag=TURN value=1 
D 12:49:14.5210463 PowerTaskList.DebugPrintPower() -     TAG_CHANGE Entity=湫然#51704 tag=2166 value=35 
D 12:49:14.5210463 PowerTaskList.DebugPrintPower() -     TAG_CHANGE Entity=湫然#51704 tag=467 value=4 
D 12:49:14.5210463 PowerTaskList.DebugPrintPower() -     SHOW_ENTITY - Updating Entity=[entityName=UNKNOWN ENTITY [cardType=INVALID] id=35 zone=DECK zonePos=0 cardId= player=1] CardID=JAIL_718
D 12:49:14.5210463 PowerTaskList.DebugPrintPower() -         tag=CONTROLLER value=1
D 12:49:14.5210463 PowerTaskList.DebugPrintPower() -         tag=CARDTYPE value=MINION
D 12:49:14.5210463 PowerTaskList.DebugPrintPower() -         tag=TAG_LAST_KNOWN_COST_IN_HAND value=9
D 12:49:14.5210463 PowerTaskList.DebugPrintPower() -         tag=479 value=4
D 12:49:14.5210463 PowerTaskList.DebugPrintPower() -         tag=COST value=9
D 12:49:14.5210463 PowerTaskList.DebugPrintPower() -         tag=ATK value=4
D 12:49:14.5210463 PowerTaskList.DebugPrintPower() -         tag=HEALTH value=4
D 12:49:14.5210463 PowerTaskList.DebugPrintPower() -         tag=TRIGGER_VISUAL value=1
D 12:49:14.5210463 PowerTaskList.DebugPrintPower() -         tag=ZONE value=HAND
D 12:49:14.5210463 PowerTaskList.DebugPrintPower() -         tag=ENTITY_ID value=35
D 12:49:14.5210463 PowerTaskList.DebugPrintPower() -         tag=CLASS value=NEUTRAL
D 12:49:14.5210463 PowerTaskList.DebugPrintPower() -         tag=RARITY value=EPIC
D 12:49:14.5210463 PowerTaskList.DebugPrintPower() -         tag=478 value=1
D 12:49:14.5210463 PowerTaskList.DebugPrintPower() -         tag=1043 value=1
D 12:49:14.5210463 PowerTaskList.DebugPrintPower() -         tag=1068 value=0
D 12:49:14.5210463 PowerTaskList.DebugPrintPower() -         tag=SPAWN_TIME_COUNT value=1
D 12:49:14.5210463 PowerTaskList.DebugPrintPower() -         tag=DECK_ACTION_COST value=1
D 12:49:14.5210463 PowerTaskList.DebugPrintPower() -         tag=HAS_SIGNATURE_QUALITY value=1
D 12:49:14.5210463 PowerTaskList.DebugPrintPower() -         tag=HAS_ACTIVATE_POWER value=1
D 12:49:14.5210463 PowerTaskList.DebugPrintPower() -         tag=3085 value=4
D 12:49:14.5210463 PowerTaskList.DebugPrintPower() -         tag=PREPARE value=1
D 12:49:14.5210463 PowerTaskList.DebugPrintPower() -         tag=4472 value=4
D 12:49:14.5210463 PowerTaskList.DebugPrintPower() -     TAG_CHANGE Entity=[entityName=UNKNOWN ENTITY [cardType=INVALID] id=35 zone=DECK zonePos=0 cardId= player=1] tag=NUM_TURNS_IN_HAND value=1 
D 12:49:14.5210463 PowerTaskList.DebugPrintPower() -     TAG_CHANGE Entity=[entityName=UNKNOWN ENTITY [cardType=INVALID] id=35 zone=DECK zonePos=0 cardId= player=1] tag=ZONE_POSITION value=1 
D 12:49:14.5210463 PowerTaskList.DebugPrintPower() -     TAG_CHANGE Entity=[entityName=UNKNOWN ENTITY [cardType=INVALID] id=35 zone=DECK zonePos=0 cardId= player=1] tag=ZONE_POSITION value=0 
D 12:49:14.5210463 PowerTaskList.DebugPrintPower() -     TAG_CHANGE Entity=[entityName=UNKNOWN ENTITY [cardType=INVALID] id=35 zone=DECK zonePos=0 cardId= player=1] tag=ZONE_POSITION value=1 
D 12:49:14.5210463 PowerTaskList.DebugPrintPower() -     TAG_CHANGE Entity=湫然#51704 tag=2166 value=36 
D 12:49:14.5210463 PowerTaskList.DebugPrintPower() -     TAG_CHANGE Entity=湫然#51704 tag=467 value=3 
D 12:49:14.5210463 PowerTaskList.DebugPrintPower() -     SHOW_ENTITY - Updating Entity=[entityName=UNKNOWN ENTITY [cardType=INVALID] id=36 zone=DECK zonePos=0 cardId= player=1] CardID=SC_753
D 12:49:14.5210463 PowerTaskList.DebugPrintPower() -         tag=CONTROLLER value=1
D 12:49:14.5210463 PowerTaskList.DebugPrintPower() -         tag=CARDTYPE value=SPELL
D 12:49:14.5210463 PowerTaskList.DebugPrintPower() -         tag=TAG_LAST_KNOWN_COST_IN_HAND value=2
D 12:49:14.5210463 PowerTaskList.DebugPrintPower() -         tag=COST value=2
D 12:49:14.5210463 PowerTaskList.DebugPrintPower() -         tag=PREMIUM value=1
D 12:49:14.5210463 PowerTaskList.DebugPrintPower() -         tag=ZONE value=HAND
D 12:49:14.5210463 PowerTaskList.DebugPrintPower() -         tag=ENTITY_ID value=36
D 12:49:14.5210463 PowerTaskList.DebugPrintPower() -         tag=RARITY value=COMMON
D 12:49:14.5210463 PowerTaskList.DebugPrintPower() -         tag=MULTIPLE_CLASSES value=106
D 12:49:14.5210463 PowerTaskList.DebugPrintPower() -         tag=478 value=1
D 12:49:14.5210463 PowerTaskList.DebugPrintPower() -         tag=1043 value=1
D 12:49:14.5210463 PowerTaskList.DebugPrintPower() -         tag=1068 value=0
D 12:49:14.5210463 PowerTaskList.DebugPrintPower() -         tag=SPAWN_TIME_COUNT value=1
D 12:49:14.5210463 PowerTaskList.DebugPrintPower() -         tag=1724 value=1
D 12:49:14.5210463 PowerTaskList.DebugPrintPower() -         tag=MINI_SET value=1
D 12:49:14.5210463 PowerTaskList.DebugPrintPower() -         tag=PROTOSS value=1
D 12:49:14.5210463 PowerTaskList.DebugPrintPower() -     TAG_CHANGE Entity=[entityName=UNKNOWN ENTITY [cardType=INVALID] id=36 zone=DECK zonePos=0 cardId= player=1] tag=NUM_TURNS_IN_HAND value=1 
D 12:49:14.5210463 PowerTaskList.DebugPrintPower() -     TAG_CHANGE Entity=[entityName=UNKNOWN ENTITY [cardType=INVALID] id=36 zone=DECK zonePos=0 cardId= player=1] tag=ZONE_POSITION value=2 
D 12:49:14.5210463 PowerTaskList.DebugPrintPower() -     TAG_CHANGE Entity=[entityName=UNKNOWN ENTITY [cardType=INVALID] id=36 zone=DECK zonePos=0 cardId= player=1] tag=ZONE_POSITION value=0 
D 12:49:14.5210463 PowerTaskList.DebugPrintPower() -     TAG_CHANGE Entity=[entityName=UNKNOWN ENTITY [cardType=INVALID] id=36 zone=DECK zonePos=0 cardId= player=1] tag=ZONE_POSITION value=2 
D 12:49:14.5210463 PowerTaskList.DebugPrintPower() -     TAG_CHANGE Entity=湫然#51704 tag=2166 value=39 
D 12:49:14.5210463 PowerTaskList.DebugPrintPower() -     TAG_CHANGE Entity=湫然#51704 tag=467 value=2 
D 12:49:14.5210463 PowerTaskList.DebugPrintPower() -     SHOW_ENTITY - Updating Entity=[entityName=UNKNOWN ENTITY [cardType=INVALID] id=39 zone=DECK zonePos=0 cardId= player=1] CardID=BT_724
D 12:49:14.5210463 PowerTaskList.DebugPrintPower() -         tag=CONTROLLER value=1
D 12:49:14.5210463 PowerTaskList.DebugPrintPower() -         tag=CARDTYPE value=MINION
D 12:49:14.5210463 PowerTaskList.DebugPrintPower() -         tag=TAG_LAST_KNOWN_COST_IN_HAND value=1
D 12:49:14.5210463 PowerTaskList.DebugPrintPower() -         tag=479 value=2
D 12:49:14.5210463 PowerTaskList.DebugPrintPower() -         tag=COST value=1
D 12:49:14.5210463 PowerTaskList.DebugPrintPower() -         tag=ATK value=2
D 12:49:14.5210463 PowerTaskList.DebugPrintPower() -         tag=HEALTH value=1
D 12:49:14.5210463 PowerTaskList.DebugPrintPower() -         tag=ZONE value=HAND
D 12:49:14.5210463 PowerTaskList.DebugPrintPower() -         tag=ENTITY_ID value=39
D 12:49:14.5210463 PowerTaskList.DebugPrintPower() -         tag=CLASS value=NEUTRAL
D 12:49:14.5210463 PowerTaskList.DebugPrintPower() -         tag=RARITY value=COMMON
D 12:49:14.5210463 PowerTaskList.DebugPrintPower() -         tag=BATTLECRY value=1
D 12:49:14.5210463 PowerTaskList.DebugPrintPower() -         tag=478 value=1
D 12:49:14.5210463 PowerTaskList.DebugPrintPower() -         tag=1043 value=1
D 12:49:14.5210463 PowerTaskList.DebugPrintPower() -         tag=1068 value=0
D 12:49:14.5210463 PowerTaskList.DebugPrintPower() -         tag=SPAWN_TIME_COUNT value=1
D 12:49:14.5210463 PowerTaskList.DebugPrintPower() -         tag=HAS_ACTIVATE_POWER value=1
D 12:49:14.5210463 PowerTaskList.DebugPrintPower() -         tag=3085 value=1
D 12:49:14.5210463 PowerTaskList.DebugPrintPower() -         tag=4472 value=2
D 12:49:14.5210463 PowerTaskList.DebugPrintPower() -     TAG_CHANGE Entity=[entityName=UNKNOWN ENTITY [cardType=INVALID] id=39 zone=DECK zonePos=0 cardId= player=1] tag=NUM_TURNS_IN_HAND value=1 
D 12:49:14.5210463 PowerTaskList.DebugPrintPower() -     TAG_CHANGE Entity=[entityName=UNKNOWN ENTITY [cardType=INVALID] id=39 zone=DECK zonePos=0 cardId= player=1] tag=ZONE_POSITION value=3 
D 12:49:14.5210463 PowerTaskList.DebugPrintPower() -     TAG_CHANGE Entity=[entityName=UNKNOWN ENTITY [cardType=INVALID] id=39 zone=DECK zonePos=0 cardId= player=1] tag=ZONE_POSITION value=0 
D 12:49:14.5210463 PowerTaskList.DebugPrintPower() -     TAG_CHANGE Entity=[entityName=UNKNOWN ENTITY [cardType=INVALID] id=39 zone=DECK zonePos=0 cardId= player=1] tag=ZONE_POSITION value=3 
D 12:49:14.5210463 PowerTaskList.DebugPrintPower() -     TAG_CHANGE Entity=湫然#51704 tag=2166 value=34 
D 12:49:14.5210463 PowerTaskList.DebugPrintPower() -     TAG_CHANGE Entity=湫然#51704 tag=467 value=1 
D 12:49:14.5210463 PowerTaskList.DebugPrintPower() -     SHOW_ENTITY - Updating Entity=[entityName=UNKNOWN ENTITY [cardType=INVALID] id=34 zone=DECK zonePos=0 cardId= player=1] CardID=BT_724
D 12:49:14.5210463 PowerTaskList.DebugPrintPower() -         tag=CONTROLLER value=1
D 12:49:14.5210463 PowerTaskList.DebugPrintPower() -         tag=CARDTYPE value=MINION
D 12:49:14.5210463 PowerTaskList.DebugPrintPower() -         tag=TAG_LAST_KNOWN_COST_IN_HAND value=1
D 12:49:14.5210463 PowerTaskList.DebugPrintPower() -         tag=479 value=2
D 12:49:14.5210463 PowerTaskList.DebugPrintPower() -         tag=COST value=1
D 12:49:14.5210463 PowerTaskList.DebugPrintPower() -         tag=ATK value=2
D 12:49:14.5210463 PowerTaskList.DebugPrintPower() -         tag=HEALTH value=1
D 12:49:14.5210463 PowerTaskList.DebugPrintPower() -         tag=ZONE value=HAND
D 12:49:14.5210463 PowerTaskList.DebugPrintPower() -         tag=ENTITY_ID value=34
D 12:49:14.5210463 PowerTaskList.DebugPrintPower() -         tag=CLASS value=NEUTRAL
D 12:49:14.5210463 PowerTaskList.DebugPrintPower() -         tag=RARITY value=COMMON
D 12:49:14.5210463 PowerTaskList.DebugPrintPower() -         tag=BATTLECRY value=1
D 12:49:14.5210463 PowerTaskList.DebugPrintPower() -         tag=478 value=1
D 12:49:14.5210463 PowerTaskList.DebugPrintPower() -         tag=1043 value=1
D 12:49:14.5210463 PowerTaskList.DebugPrintPower() -         tag=1068 value=0
D 12:49:14.5210463 PowerTaskList.DebugPrintPower() -         tag=SPAWN_TIME_COUNT value=1
D 12:49:14.5210463 PowerTaskList.DebugPrintPower() -         tag=HAS_ACTIVATE_POWER value=1
D 12:49:14.5210463 PowerTaskList.DebugPrintPower() -         tag=3085 value=1
D 12:49:14.5210463 PowerTaskList.DebugPrintPower() -         tag=4472 value=2
D 12:49:14.5210463 PowerTaskList.DebugPrintPower() -     TAG_CHANGE Entity=[entityName=UNKNOWN ENTITY [cardType=INVALID] id=34 zone=DECK zonePos=0 cardId= player=1] tag=NUM_TURNS_IN_HAND value=1 
D 12:49:14.5210463 PowerTaskList.DebugPrintPower() -     TAG_CHANGE Entity=[entityName=UNKNOWN ENTITY [cardType=INVALID] id=34 zone=DECK zonePos=0 cardId= player=1] tag=ZONE_POSITION value=4 
D 12:49:14.5210463 PowerTaskList.DebugPrintPower() -     TAG_CHANGE Entity=[entityName=UNKNOWN ENTITY [cardType=INVALID] id=34 zone=DECK zonePos=0 cardId= player=1] tag=ZONE_POSITION value=0 
D 12:49:14.5210463 PowerTaskList.DebugPrintPower() -     TAG_CHANGE Entity=[entityName=UNKNOWN ENTITY [cardType=INVALID] id=34 zone=DECK zonePos=0 cardId= player=1] tag=ZONE_POSITION value=4 
D 12:49:14.5210463 PowerTaskList.DebugPrintPower() -     TAG_CHANGE Entity=湫然#51704 tag=467 value=0 
D 12:49:14.5210463 PowerTaskList.DebugPrintPower() -     TAG_CHANGE Entity=湫然#51704 tag=NUM_TURNS_LEFT value=1 
D 12:49:14.5210463 PowerTaskList.DebugPrintPower() -     FULL_ENTITY - Updating [entityName=幸运币 id=100 zone=HAND zonePos=5 cardId=MUDAN_COIN1 player=1] CardID=MUDAN_COIN1
D 12:49:14.5210463 PowerTaskList.DebugPrintPower() -         tag=CONTROLLER value=1
D 12:49:14.5210463 PowerTaskList.DebugPrintPower() -         tag=CARDTYPE value=SPELL
D 12:49:14.5210463 PowerTaskList.DebugPrintPower() -         tag=ZONE value=HAND
D 12:49:14.5210463 PowerTaskList.DebugPrintPower() -         tag=ENTITY_ID value=100
D 12:49:14.5210463 PowerTaskList.DebugPrintPower() -         tag=CLASS value=NEUTRAL
D 12:49:14.5210463 PowerTaskList.DebugPrintPower() -         tag=ZONE_POSITION value=5
D 12:49:14.5210463 PowerTaskList.DebugPrintPower() -         tag=NUM_TURNS_IN_HAND value=1
D 12:49:14.5210463 PowerTaskList.DebugPrintPower() -         tag=CREATOR value=1
D 12:49:14.5210463 PowerTaskList.DebugPrintPower() -         tag=SPAWN_TIME_COUNT value=1
D 12:49:14.5210463 PowerTaskList.DebugPrintPower() -         tag=COIN_CARD value=1
D 12:49:14.5210463 PowerTaskList.DebugPrintPower() -         tag=4901 value=1
D 12:49:14.5210463 PowerTaskList.DebugPrintPower() -     TAG_CHANGE Entity=[entityName=幸运币 id=100 zone=HAND zonePos=5 cardId=MUDAN_COIN1 player=1] tag=4901 value=0 
D 12:49:14.5210463 PowerTaskList.DebugPrintPower() -     TAG_CHANGE Entity=光鲜亮丽我要进肺#5528 tag=2166 value=59 
D 12:49:14.5210463 PowerTaskList.DebugPrintPower() -     TAG_CHANGE Entity=光鲜亮丽我要进肺#5528 tag=467 value=3 
D 12:49:14.5210463 PowerTaskList.DebugPrintPower() -     TAG_CHANGE Entity=[entityName=UNKNOWN ENTITY [cardType=INVALID] id=59 zone=DECK zonePos=0 cardId= player=2] tag=ZONE value=HAND 
D 12:49:14.5210463 PowerTaskList.DebugPrintPower() -     TAG_CHANGE Entity=[entityName=UNKNOWN ENTITY [cardType=INVALID] id=59 zone=DECK zonePos=0 cardId= player=2] tag=ZONE_POSITION value=1 
D 12:49:14.5210463 PowerTaskList.DebugPrintPower() -     TAG_CHANGE Entity=[entityName=UNKNOWN ENTITY [cardType=INVALID] id=59 zone=DECK zonePos=0 cardId= player=2] tag=ZONE_POSITION value=0 
D 12:49:14.5210463 PowerTaskList.DebugPrintPower() -     TAG_CHANGE Entity=[entityName=UNKNOWN ENTITY [cardType=INVALID] id=59 zone=DECK zonePos=0 cardId= player=2] tag=ZONE_POSITION value=1 
D 12:49:14.5210463 PowerTaskList.DebugPrintPower() -     TAG_CHANGE Entity=光鲜亮丽我要进肺#5528 tag=2166 value=55 
D 12:49:14.5210463 PowerTaskList.DebugPrintPower() -     TAG_CHANGE Entity=光鲜亮丽我要进肺#5528 tag=467 value=2 
D 12:49:14.5210463 PowerTaskList.DebugPrintPower() -     TAG_CHANGE Entity=[entityName=UNKNOWN ENTITY [cardType=INVALID] id=55 zone=DECK zonePos=0 cardId= player=2] tag=ZONE value=HAND 
D 12:49:14.5210463 PowerTaskList.DebugPrintPower() -     TAG_CHANGE Entity=[entityName=UNKNOWN ENTITY [cardType=INVALID] id=55 zone=DECK zonePos=0 cardId= player=2] tag=ZONE_POSITION value=2 
D 12:49:14.5210463 PowerTaskList.DebugPrintPower() -     TAG_CHANGE Entity=[entityName=UNKNOWN ENTITY [cardType=INVALID] id=55 zone=DECK zonePos=0 cardId= player=2] tag=ZONE_POSITION value=0 
D 12:49:14.5210463 PowerTaskList.DebugPrintPower() -     TAG_CHANGE Entity=[entityName=UNKNOWN ENTITY [cardType=INVALID] id=55 zone=DECK zonePos=0 cardId= player=2] tag=ZONE_POSITION value=2 
D 12:49:14.5210463 PowerTaskList.DebugPrintPower() -     TAG_CHANGE Entity=光鲜亮丽我要进肺#5528 tag=2166 value=66 
D 12:49:14.5210463 PowerTaskList.DebugPrintPower() -     TAG_CHANGE Entity=光鲜亮丽我要进肺#5528 tag=467 value=1 
D 12:49:14.5210463 PowerTaskList.DebugPrintPower() -     TAG_CHANGE Entity=[entityName=UNKNOWN ENTITY [cardType=INVALID] id=66 zone=DECK zonePos=0 cardId= player=2] tag=ZONE value=HAND 
D 12:49:14.5210463 PowerTaskList.DebugPrintPower() -     TAG_CHANGE Entity=[entityName=UNKNOWN ENTITY [cardType=INVALID] id=66 zone=DECK zonePos=0 cardId= player=2] tag=ZONE_POSITION value=3 
D 12:49:14.5210463 PowerTaskList.DebugPrintPower() -     TAG_CHANGE Entity=[entityName=UNKNOWN ENTITY [cardType=INVALID] id=66 zone=DECK zonePos=0 cardId= player=2] tag=ZONE_POSITION value=0 
D 12:49:14.5210463 PowerTaskList.DebugPrintPower() -     TAG_CHANGE Entity=[entityName=UNKNOWN ENTITY [cardType=INVALID] id=66 zone=DECK zonePos=0 cardId= player=2] tag=ZONE_POSITION value=3 
D 12:49:14.5210463 PowerTaskList.DebugPrintPower() -     TAG_CHANGE Entity=光鲜亮丽我要进肺#5528 tag=467 value=0 
D 12:49:14.5210463 PowerTaskList.DebugPrintPower() -     TAG_CHANGE Entity=光鲜亮丽我要进肺#5528 tag=NUM_TURNS_LEFT value=1 
D 12:49:14.5210463 PowerTaskList.DebugPrintPower() -     TAG_CHANGE Entity=湫然#51704 tag=TIMEOUT value=45 
D 12:49:14.5210463 PowerTaskList.DebugPrintPower() -     TAG_CHANGE Entity=光鲜亮丽我要进肺#5528 tag=TIMEOUT value=45 
D 12:49:14.5210463 PowerTaskList.DebugPrintPower() -     TAG_CHANGE Entity=GameEntity tag=10 value=85 
D 12:49:14.5210463 PowerTaskList.DebugPrintPower() -     TAG_CHANGE Entity=GameEntity tag=NEXT_STEP value=BEGIN_MULLIGAN 
D 12:49:14.5210463 PowerTaskList.DebugPrintPower() - BLOCK_END
D 12:49:14.5210463 PowerProcessor.PrepareHistoryForCurrentTaskList() - m_currentTaskList=4
D 12:49:14.5852501 GameState.DebugPrintPowerList() - Count=2
D 12:49:14.5852501 GameState.DebugPrintPower() - BLOCK_END
D 12:49:14.5852501 GameState.DebugPrintPower() - TAG_CHANGE Entity=[entityName=守望者亢祖 id=74 zone=COSMETIC zonePos=0 cardId=PET_12_4 player=2] tag=PET_TREATS_GENERATED value=2 
D 12:49:14.7392852 PowerProcessor.EndCurrentTaskList() - m_currentTaskList=4
D 12:49:14.7452985 PowerTaskList.DebugDump() - ID=5 ParentID=0 PreviousID=0 TaskCount=0
D 12:49:14.7452985 PowerTaskList.DebugPrintPower() - BLOCK_START BlockType=TRIGGER Entity=[entityName=光子炮台 id=36 zone=HAND zonePos=2 cardId=SC_753 player=1] EffectCardId=System.Collections.Generic.List`1[System.String] EffectIndex=1 Target=0 SubOption=-1 TriggerKeyword=1724
D 12:49:14.7452985 PowerTaskList.DebugPrintPower() - BLOCK_END
D 12:49:14.7452985 PowerProcessor.PrepareHistoryForCurrentTaskList() - m_currentTaskList=5
D 12:49:14.7452985 PowerProcessor.EndCurrentTaskList() - m_currentTaskList=5
D 12:49:14.7452985 PowerTaskList.DebugDump() - ID=6 ParentID=0 PreviousID=0 TaskCount=1
D 12:49:14.7452985 PowerTaskList.DebugDump() - Block Start=(null)
D 12:49:14.7452985 PowerTaskList.DebugPrintPower() -     TAG_CHANGE Entity=GameEntity tag=STEP value=BEGIN_MULLIGAN 
D 12:49:14.7452985 PowerTaskList.DebugDump() - Block End=(null)
D 12:49:14.7452985 PowerProcessor.PrepareHistoryForCurrentTaskList() - m_currentTaskList=6
D 12:49:14.7452985 PowerProcessor.EndCurrentTaskList() - m_currentTaskList=6
D 12:49:14.7452985 PowerTaskList.DebugDump() - ID=7 ParentID=6 PreviousID=0 TaskCount=1
D 12:49:14.7452985 PowerTaskList.DebugPrintPower() - BLOCK_START BlockType=TRIGGER Entity=GameEntity EffectCardId=System.Collections.Generic.List`1[System.String] EffectIndex=-1 Target=0 SubOption=-1 TriggerKeyword=TAG_NOT_SET
D 12:49:14.7452985 PowerTaskList.DebugPrintPower() -     TAG_CHANGE Entity=湫然#51704 tag=MULLIGAN_STATE value=INPUT 
D 12:49:14.7452985 PowerTaskList.DebugDump() - Block End=(null)
D 12:49:14.7452985 PowerProcessor.PrepareHistoryForCurrentTaskList() - m_currentTaskList=7
D 12:49:14.7452985 PowerProcessor.EndCurrentTaskList() - m_currentTaskList=7
D 12:49:14.7452985 PowerTaskList.DebugDump() - ID=8 ParentID=0 PreviousID=7 TaskCount=1
D 12:49:14.7452985 PowerTaskList.DebugDump() - Block Start=(null)
D 12:49:14.7452985 PowerTaskList.DebugPrintPower() -     TAG_CHANGE Entity=光鲜亮丽我要进肺#5528 tag=MULLIGAN_STATE value=INPUT 
D 12:49:14.7452985 PowerTaskList.DebugDump() - Block End=(null)
D 12:49:14.7452985 PowerProcessor.PrepareHistoryForCurrentTaskList() - m_currentTaskList=8
D 12:49:14.7452985 PowerProcessor.EndCurrentTaskList() - m_currentTaskList=8
D 12:49:14.7452985 PowerTaskList.DebugDump() - ID=9 ParentID=0 PreviousID=8 TaskCount=0
D 12:49:14.7452985 PowerTaskList.DebugDump() - Block Start=(null)
D 12:49:14.7452985 PowerTaskList.DebugPrintPower() - BLOCK_END
D 12:49:14.7452985 PowerProcessor.PrepareHistoryForCurrentTaskList() - m_currentTaskList=9
D 12:49:14.7452985 PowerProcessor.EndCurrentTaskList() - m_currentTaskList=9
D 12:49:14.7452985 PowerTaskList.DebugDump() - ID=10 ParentID=0 PreviousID=0 TaskCount=1
D 12:49:14.7452985 PowerTaskList.DebugDump() - Block Start=(null)
D 12:49:14.7452985 PowerTaskList.DebugPrintPower() -     TAG_CHANGE Entity=[entityName=守望者亢祖 id=74 zone=COSMETIC zonePos=0 cardId=PET_12_4 player=2] tag=PET_TREATS_GENERATED value=2 
D 12:49:14.7452985 PowerTaskList.DebugDump() - Block End=(null)
D 12:49:14.7452985 PowerProcessor.PrepareHistoryForCurrentTaskList() - m_currentTaskList=10
D 12:49:14.7452985 PowerProcessor.EndCurrentTaskList() - m_currentTaskList=10
D 12:49:32.9467244 GameState.SendChoices() - id=1 ChoiceType=MULLIGAN
D 12:49:32.9467244 GameState.SendChoices() -   m_chosenEntities[0]=[entityName=黑市拍卖师 id=35 zone=HAND zonePos=1 cardId=JAIL_718 player=1]
D 12:49:33.2187195 GameState.DebugPrintEntitiesChosen() - id=1 Player=湫然#51704 EntitiesCount=1
D 12:49:33.2187195 GameState.DebugPrintEntitiesChosen() -   Entities[0]=[entityName=黑市拍卖师 id=35 zone=HAND zonePos=1 cardId=JAIL_718 player=1]
D 12:49:33.3082900 GameState.DebugPrintPowerList() - Count=40
D 12:49:33.3082900 GameState.DebugPrintPower() - TAG_CHANGE Entity=[entityName=守望者亢祖 id=74 zone=COSMETIC zonePos=0 cardId=PET_12_4 player=2] tag=PET_LEVELOVERRIDE value=4 
D 12:49:33.3082900 GameState.DebugPrintPower() - TAG_CHANGE Entity=湫然#51704 tag=MULLIGAN_STATE value=DEALING 
D 12:49:33.3082900 GameState.DebugPrintPower() - BLOCK_START BlockType=TRIGGER Entity=湫然#51704 EffectCardId=System.Collections.Generic.List`1[System.String] EffectIndex=-1 Target=0 SubOption=-1 TriggerKeyword=TAG_NOT_SET
D 12:49:33.3082900 GameState.DebugPrintPower() -     SHOW_ENTITY - Updating Entity=[entityName=UNKNOWN ENTITY [cardType=INVALID] id=4 zone=DECK zonePos=0 cardId= player=1] CardID=TIME_701
D 12:49:33.3082900 GameState.DebugPrintPower() -         tag=CONTROLLER value=1
D 12:49:33.3082900 GameState.DebugPrintPower() -         tag=CARDTYPE value=SPELL
D 12:49:33.3082900 GameState.DebugPrintPower() -         tag=TAG_LAST_KNOWN_COST_IN_HAND value=1
D 12:49:33.3082900 GameState.DebugPrintPower() -         tag=COST value=1
D 12:49:33.3082900 GameState.DebugPrintPower() -         tag=ZONE value=HAND
D 12:49:33.3082900 GameState.DebugPrintPower() -         tag=ENTITY_ID value=4
D 12:49:33.3082900 GameState.DebugPrintPower() -         tag=CLASS value=DRUID
D 12:49:33.3082900 GameState.DebugPrintPower() -         tag=RARITY value=RARE
D 12:49:33.3082900 GameState.DebugPrintPower() -         tag=DISCOVER value=1
D 12:49:33.3082900 GameState.DebugPrintPower() -         tag=478 value=1
D 12:49:33.3082900 GameState.DebugPrintPower() -         tag=1037 value=1
D 12:49:33.3082900 GameState.DebugPrintPower() -         tag=1043 value=1
D 12:49:33.3082900 GameState.DebugPrintPower() -         tag=1068 value=0
D 12:49:33.3082900 GameState.DebugPrintPower() -         tag=USE_DISCOVER_VISUALS value=1
D 12:49:33.3082900 GameState.DebugPrintPower() -         tag=SPAWN_TIME_COUNT value=1
D 12:49:33.3082900 GameState.DebugPrintPower() -         tag=SPELL_SCHOOL value=4
D 12:49:33.3082900 GameState.DebugPrintPower() -     TAG_CHANGE Entity=[entityName=UNKNOWN ENTITY [cardType=INVALID] id=4 zone=DECK zonePos=0 cardId= player=1] tag=NUM_TURNS_IN_HAND value=1 
D 12:49:33.3082900 GameState.DebugPrintPower() -     TAG_CHANGE Entity=[entityName=UNKNOWN ENTITY [cardType=INVALID] id=4 zone=DECK zonePos=0 cardId= player=1] tag=ZONE_POSITION value=2 
D 12:49:33.3082900 GameState.DebugPrintPower() -     TAG_CHANGE Entity=[entityName=光子炮台 id=36 zone=HAND zonePos=2 cardId=SC_753 player=1] tag=1068 value=2 
D 12:49:33.3082900 GameState.DebugPrintPower() -     TAG_CHANGE Entity=[entityName=光子炮台 id=36 zone=HAND zonePos=2 cardId=SC_753 player=1] tag=1068 value=0 
D 12:49:33.3082900 GameState.DebugPrintPower() -     TAG_CHANGE Entity=[entityName=光子炮台 id=36 zone=HAND zonePos=2 cardId=SC_753 player=1] tag=1037 value=1 
D 12:49:33.3082900 GameState.DebugPrintPower() -     TAG_CHANGE Entity=[entityName=光子炮台 id=36 zone=HAND zonePos=2 cardId=SC_753 player=1] tag=ZONE_POSITION value=0 
D 12:49:33.3082900 GameState.DebugPrintPower() -     TAG_CHANGE Entity=[entityName=光子炮台 id=36 zone=HAND zonePos=2 cardId=SC_753 player=1] tag=1043 value=0 
D 12:49:33.3082900 GameState.DebugPrintPower() -     HIDE_ENTITY - Entity=[entityName=光子炮台 id=36 zone=HAND zonePos=2 cardId=SC_753 player=1] tag=ZONE value=DECK
D 12:49:33.3082900 GameState.DebugPrintPower() -     TAG_CHANGE Entity=[entityName=光子炮台 id=36 zone=HAND zonePos=2 cardId=SC_753 player=1] tag=ZONE value=DECK 
D 12:49:33.3082900 GameState.DebugPrintPower() -     SHOW_ENTITY - Updating Entity=[entityName=UNKNOWN ENTITY [cardType=INVALID] id=20 zone=DECK zonePos=0 cardId= player=1] CardID=CORE_AT_037
D 12:49:33.3082900 GameState.DebugPrintPower() -         tag=CONTROLLER value=1
D 12:49:33.3082900 GameState.DebugPrintPower() -         tag=CARDTYPE value=SPELL
D 12:49:33.3082900 GameState.DebugPrintPower() -         tag=TAG_LAST_KNOWN_COST_IN_HAND value=1
D 12:49:33.3082900 GameState.DebugPrintPower() -         tag=COST value=1
D 12:49:33.3082900 GameState.DebugPrintPower() -         tag=PREMIUM value=1
D 12:49:33.3082900 GameState.DebugPrintPower() -         tag=ZONE value=HAND
D 12:49:33.3082900 GameState.DebugPrintPower() -         tag=ENTITY_ID value=20
D 12:49:33.3082900 GameState.DebugPrintPower() -         tag=CLASS value=DRUID
D 12:49:33.3082900 GameState.DebugPrintPower() -         tag=RARITY value=COMMON
D 12:49:33.3082900 GameState.DebugPrintPower() -         tag=CHOOSE_ONE value=1
D 12:49:33.3082900 GameState.DebugPrintPower() -         tag=478 value=1
D 12:49:33.3082900 GameState.DebugPrintPower() -         tag=858 value=2792
D 12:49:33.3082900 GameState.DebugPrintPower() -         tag=1037 value=1
D 12:49:33.3082900 GameState.DebugPrintPower() -         tag=1043 value=1
D 12:49:33.3082900 GameState.DebugPrintPower() -         tag=1068 value=0
D 12:49:33.3082900 GameState.DebugPrintPower() -         tag=SPAWN_TIME_COUNT value=1
D 12:49:33.3082900 GameState.DebugPrintPower() -         tag=SPELL_SCHOOL value=4
D 12:49:33.3082900 GameState.DebugPrintPower() -     SHOW_ENTITY - Updating Entity=[entityName=UNKNOWN ENTITY [cardType=INVALID] id=21 zone=SETASIDE zonePos=0 cardId= player=1] CardID=AT_037a
D 12:49:33.3082900 GameState.DebugPrintPower() -         tag=CONTROLLER value=1
D 12:49:33.3082900 GameState.DebugPrintPower() -         tag=CARDTYPE value=SPELL
D 12:49:33.3082900 GameState.DebugPrintPower() -         tag=TAG_LAST_KNOWN_COST_IN_HAND value=1
D 12:49:33.3082900 GameState.DebugPrintPower() -         tag=COST value=1
D 12:49:33.3082900 GameState.DebugPrintPower() -         tag=PREMIUM value=1
D 12:49:33.3082900 GameState.DebugPrintPower() -         tag=ZONE value=SETASIDE
D 12:49:33.3082900 GameState.DebugPrintPower() -         tag=ENTITY_ID value=21
D 12:49:33.3082900 GameState.DebugPrintPower() -         tag=CLASS value=DRUID
D 12:49:33.3082900 GameState.DebugPrintPower() -         tag=CREATOR value=20
D 12:49:33.3082900 GameState.DebugPrintPower() -         tag=PARENT_CARD value=20
D 12:49:33.3082900 GameState.DebugPrintPower() -         tag=1068 value=0
D 12:49:33.3082900 GameState.DebugPrintPower() -         tag=CREATOR_DBID value=76289
D 12:49:33.3082900 GameState.DebugPrintPower() -         tag=SPAWN_TIME_COUNT value=1
D 12:49:33.3082900 GameState.DebugPrintPower() -         tag=SPELL_SCHOOL value=4
D 12:49:33.3082900 GameState.DebugPrintPower() -         tag=4901 value=0
D 12:49:33.3082900 GameState.DebugPrintPower() -     SHOW_ENTITY - Updating Entity=[entityName=UNKNOWN ENTITY [cardType=INVALID] id=22 zone=SETASIDE zonePos=0 cardId= player=1] CardID=AT_037b
D 12:49:33.3082900 GameState.DebugPrintPower() -         tag=CONTROLLER value=1
D 12:49:33.3082900 GameState.DebugPrintPower() -         tag=CARDTYPE value=SPELL
D 12:49:33.3082900 GameState.DebugPrintPower() -         tag=TAG_LAST_KNOWN_COST_IN_HAND value=1
D 12:49:33.3082900 GameState.DebugPrintPower() -         tag=COST value=1
D 12:49:33.3082900 GameState.DebugPrintPower() -         tag=PREMIUM value=1
D 12:49:33.3082900 GameState.DebugPrintPower() -         tag=ZONE value=SETASIDE
D 12:49:33.3082900 GameState.DebugPrintPower() -         tag=ENTITY_ID value=22
D 12:49:33.3082900 GameState.DebugPrintPower() -         tag=CLASS value=DRUID
D 12:49:33.3082900 GameState.DebugPrintPower() -         tag=CREATOR value=20
D 12:49:33.3082900 GameState.DebugPrintPower() -         tag=PARENT_CARD value=20
D 12:49:33.3082900 GameState.DebugPrintPower() -         tag=1068 value=0
D 12:49:33.3082900 GameState.DebugPrintPower() -         tag=CREATOR_DBID value=76289
D 12:49:33.3082900 GameState.DebugPrintPower() -         tag=SPAWN_TIME_COUNT value=1
D 12:49:33.3082900 GameState.DebugPrintPower() -         tag=SPELL_SCHOOL value=4
D 12:49:33.3082900 GameState.DebugPrintPower() -         tag=4901 value=0
D 12:49:33.3082900 GameState.DebugPrintPower() -     TAG_CHANGE Entity=[entityName=UNKNOWN ENTITY [cardType=INVALID] id=20 zone=DECK zonePos=0 cardId= player=1] tag=NUM_TURNS_IN_HAND value=1 
D 12:49:33.3082900 GameState.DebugPrintPower() -     TAG_CHANGE Entity=[entityName=UNKNOWN ENTITY [cardType=INVALID] id=20 zone=DECK zonePos=0 cardId= player=1] tag=ZONE_POSITION value=3 
D 12:49:33.3082900 GameState.DebugPrintPower() -     TAG_CHANGE Entity=[entityName=虚灵改装师 id=39 zone=HAND zonePos=3 cardId=BT_724 player=1] tag=1068 value=2 
D 12:49:33.3082900 GameState.DebugPrintPower() -     TAG_CHANGE Entity=[entityName=虚灵改装师 id=39 zone=HAND zonePos=3 cardId=BT_724 player=1] tag=1068 value=0 
D 12:49:33.3082900 GameState.DebugPrintPower() -     TAG_CHANGE Entity=[entityName=虚灵改装师 id=39 zone=HAND zonePos=3 cardId=BT_724 player=1] tag=1037 value=1 
D 12:49:33.3082900 GameState.DebugPrintPower() -     TAG_CHANGE Entity=[entityName=虚灵改装师 id=39 zone=HAND zonePos=3 cardId=BT_724 player=1] tag=ZONE_POSITION value=0 
D 12:49:33.3082900 GameState.DebugPrintPower() -     TAG_CHANGE Entity=[entityName=虚灵改装师 id=39 zone=HAND zonePos=3 cardId=BT_724 player=1] tag=1043 value=0 
D 12:49:33.3082900 GameState.DebugPrintPower() -     HIDE_ENTITY - Entity=[entityName=虚灵改装师 id=39 zone=HAND zonePos=3 cardId=BT_724 player=1] tag=ZONE value=DECK
D 12:49:33.3082900 GameState.DebugPrintPower() -     TAG_CHANGE Entity=[entityName=虚灵改装师 id=39 zone=HAND zonePos=3 cardId=BT_724 player=1] tag=ZONE value=DECK 
D 12:49:33.3082900 GameState.DebugPrintPower() -     SHOW_ENTITY - Updating Entity=[entityName=UNKNOWN ENTITY [cardType=INVALID] id=32 zone=DECK zonePos=0 cardId= player=1] CardID=VAC_519
D 12:49:33.3082900 GameState.DebugPrintPower() -         tag=CONTROLLER value=1
D 12:49:33.3082900 GameState.DebugPrintPower() -         tag=CARDTYPE value=MINION
D 12:49:33.3082900 GameState.DebugPrintPower() -         tag=TAG_LAST_KNOWN_COST_IN_HAND value=5
D 12:49:33.3082900 GameState.DebugPrintPower() -         tag=479 value=5
D 12:49:33.3082900 GameState.DebugPrintPower() -         tag=COST value=5
D 12:49:33.3082900 GameState.DebugPrintPower() -         tag=ATK value=5
D 12:49:33.3082900 GameState.DebugPrintPower() -         tag=HEALTH value=5
D 12:49:33.3082900 GameState.DebugPrintPower() -         tag=ZONE value=HAND
D 12:49:33.3082900 GameState.DebugPrintPower() -         tag=ENTITY_ID value=32
D 12:49:33.3082900 GameState.DebugPrintPower() -         tag=ELITE value=1
D 12:49:33.3082900 GameState.DebugPrintPower() -         tag=CLASS value=DRUID
D 12:49:33.3082900 GameState.DebugPrintPower() -         tag=RARITY value=LEGENDARY
D 12:49:33.3082900 GameState.DebugPrintPower() -         tag=BATTLECRY value=1
D 12:49:33.3082900 GameState.DebugPrintPower() -         tag=478 value=1
D 12:49:33.3082900 GameState.DebugPrintPower() -         tag=1037 value=1
D 12:49:33.3082900 GameState.DebugPrintPower() -         tag=1043 value=1
D 12:49:33.3082900 GameState.DebugPrintPower() -         tag=1068 value=0
D 12:49:33.3082900 GameState.DebugPrintPower() -         tag=SPAWN_TIME_COUNT value=1
D 12:49:33.3082900 GameState.DebugPrintPower() -         tag=1724 value=1
D 12:49:33.3082900 GameState.DebugPrintPower() -         tag=HAS_SIGNATURE_QUALITY value=1
D 12:49:33.3082900 GameState.DebugPrintPower() -         tag=HAS_ACTIVATE_POWER value=1
D 12:49:33.3082900 GameState.DebugPrintPower() -         tag=2936 value=1
D 12:49:33.3082900 GameState.DebugPrintPower() -         tag=3085 value=5
D 12:49:33.3082900 GameState.DebugPrintPower() -         tag=TOURIST value=4
D 12:49:33.3082900 GameState.DebugPrintPower() -         tag=MAGE_TOURIST value=1
D 12:49:33.3082900 GameState.DebugPrintPower() -         tag=4472 value=5
D 12:49:33.3082900 GameState.DebugPrintPower() -     TAG_CHANGE Entity=[entityName=UNKNOWN ENTITY [cardType=INVALID] id=32 zone=DECK zonePos=0 cardId= player=1] tag=NUM_TURNS_IN_HAND value=1 
D 12:49:33.3082900 GameState.DebugPrintPower() -     TAG_CHANGE Entity=[entityName=UNKNOWN ENTITY [cardType=INVALID] id=32 zone=DECK zonePos=0 cardId= player=1] tag=ZONE_POSITION value=4 
D 12:49:33.3082900 GameState.DebugPrintPower() -     TAG_CHANGE Entity=[entityName=虚灵改装师 id=34 zone=HAND zonePos=4 cardId=BT_724 player=1] tag=1068 value=2 
D 12:49:33.3082900 GameState.DebugPrintPower() -     TAG_CHANGE Entity=[entityName=虚灵改装师 id=34 zone=HAND zonePos=4 cardId=BT_724 player=1] tag=1068 value=0 
D 12:49:33.3082900 GameState.DebugPrintPower() -     TAG_CHANGE Entity=[entityName=虚灵改装师 id=34 zone=HAND zonePos=4 cardId=BT_724 player=1] tag=1037 value=1 
D 12:49:33.3082900 GameState.DebugPrintPower() -     TAG_CHANGE Entity=[entityName=虚灵改装师 id=34 zone=HAND zonePos=4 cardId=BT_724 player=1] tag=ZONE_POSITION value=0 
D 12:49:33.3082900 GameState.DebugPrintPower() -     TAG_CHANGE Entity=[entityName=虚灵改装师 id=34 zone=HAND zonePos=4 cardId=BT_724 player=1] tag=1043 value=0 
D 12:49:33.3082900 GameState.DebugPrintPower() -     HIDE_ENTITY - Entity=[entityName=虚灵改装师 id=34 zone=HAND zonePos=4 cardId=BT_724 player=1] tag=ZONE value=DECK
D 12:49:33.3082900 GameState.DebugPrintPower() -     TAG_CHANGE Entity=[entityName=虚灵改装师 id=34 zone=HAND zonePos=4 cardId=BT_724 player=1] tag=ZONE value=DECK 
D 12:49:33.3082900 GameState.DebugPrintPower() -     TAG_CHANGE Entity=湫然#51704 tag=MULLIGAN_STATE value=WAITING 
D 12:49:33.3082900 GameState.DebugPrintPower() - BLOCK_END
D 12:49:33.3082900 GameState.DebugPrintPower() - BLOCK_START BlockType=TRIGGER Entity=湫然#51704 EffectCardId=System.Collections.Generic.List`1[System.String] EffectIndex=-1 Target=0 SubOption=-1 TriggerKeyword=TAG_NOT_SET
D 12:49:33.3082900 GameState.DebugPrintPower() -     TAG_CHANGE Entity=湫然#51704 tag=MULLIGAN_STATE value=DONE 
D 12:49:33.3082900 GameState.DebugPrintPower() - BLOCK_END
D 12:49:33.3082900 PowerTaskList.DebugDump() - ID=11 ParentID=0 PreviousID=0 TaskCount=2
D 12:49:33.3082900 PowerTaskList.DebugDump() - Block Start=(null)
D 12:49:33.3082900 PowerTaskList.DebugPrintPower() -     TAG_CHANGE Entity=[entityName=守望者亢祖 id=74 zone=COSMETIC zonePos=0 cardId=PET_12_4 player=2] tag=PET_LEVELOVERRIDE value=4 
D 12:49:33.3082900 PowerTaskList.DebugPrintPower() -     TAG_CHANGE Entity=湫然#51704 tag=MULLIGAN_STATE value=DEALING 
D 12:49:33.3082900 PowerTaskList.DebugDump() - Block End=(null)
D 12:49:33.3082900 PowerProcessor.PrepareHistoryForCurrentTaskList() - m_currentTaskList=11
D 12:49:33.3082900 PowerProcessor.EndCurrentTaskList() - m_currentTaskList=11
D 12:49:33.3082900 PowerTaskList.DebugDump() - ID=12 ParentID=11 PreviousID=0 TaskCount=33
D 12:49:33.3082900 PowerTaskList.DebugPrintPower() - BLOCK_START BlockType=TRIGGER Entity=湫然#51704 EffectCardId=System.Collections.Generic.List`1[System.String] EffectIndex=-1 Target=0 SubOption=-1 TriggerKeyword=TAG_NOT_SET
D 12:49:33.3082900 PowerTaskList.DebugPrintPower() -     SHOW_ENTITY - Updating Entity=[entityName=UNKNOWN ENTITY [cardType=INVALID] id=4 zone=DECK zonePos=0 cardId= player=1] CardID=TIME_701
D 12:49:33.3082900 PowerTaskList.DebugPrintPower() -         tag=CONTROLLER value=1
D 12:49:33.3082900 PowerTaskList.DebugPrintPower() -         tag=CARDTYPE value=SPELL
D 12:49:33.3082900 PowerTaskList.DebugPrintPower() -         tag=TAG_LAST_KNOWN_COST_IN_HAND value=1
D 12:49:33.3082900 PowerTaskList.DebugPrintPower() -         tag=COST value=1
D 12:49:33.3082900 PowerTaskList.DebugPrintPower() -         tag=ZONE value=HAND
D 12:49:33.3082900 PowerTaskList.DebugPrintPower() -         tag=ENTITY_ID value=4
D 12:49:33.3082900 PowerTaskList.DebugPrintPower() -         tag=CLASS value=DRUID
D 12:49:33.3082900 PowerTaskList.DebugPrintPower() -         tag=RARITY value=RARE
D 12:49:33.3082900 PowerTaskList.DebugPrintPower() -         tag=DISCOVER value=1
D 12:49:33.3082900 PowerTaskList.DebugPrintPower() -         tag=478 value=1
D 12:49:33.3082900 PowerTaskList.DebugPrintPower() -         tag=1037 value=1
D 12:49:33.3082900 PowerTaskList.DebugPrintPower() -         tag=1043 value=1
D 12:49:33.3082900 PowerTaskList.DebugPrintPower() -         tag=1068 value=0
D 12:49:33.3082900 PowerTaskList.DebugPrintPower() -         tag=USE_DISCOVER_VISUALS value=1
D 12:49:33.3082900 PowerTaskList.DebugPrintPower() -         tag=SPAWN_TIME_COUNT value=1
D 12:49:33.3082900 PowerTaskList.DebugPrintPower() -         tag=SPELL_SCHOOL value=4
D 12:49:33.3082900 PowerTaskList.DebugPrintPower() -     TAG_CHANGE Entity=[entityName=UNKNOWN ENTITY [cardType=INVALID] id=4 zone=DECK zonePos=0 cardId= player=1] tag=NUM_TURNS_IN_HAND value=1 
D 12:49:33.3082900 PowerTaskList.DebugPrintPower() -     TAG_CHANGE Entity=[entityName=UNKNOWN ENTITY [cardType=INVALID] id=4 zone=DECK zonePos=0 cardId= player=1] tag=ZONE_POSITION value=2 
D 12:49:33.3082900 PowerTaskList.DebugPrintPower() -     TAG_CHANGE Entity=[entityName=光子炮台 id=36 zone=HAND zonePos=2 cardId=SC_753 player=1] tag=1068 value=2 
D 12:49:33.3082900 PowerTaskList.DebugPrintPower() -     TAG_CHANGE Entity=[entityName=光子炮台 id=36 zone=HAND zonePos=2 cardId=SC_753 player=1] tag=1068 value=0 
D 12:49:33.3082900 PowerTaskList.DebugPrintPower() -     TAG_CHANGE Entity=[entityName=光子炮台 id=36 zone=HAND zonePos=2 cardId=SC_753 player=1] tag=1037 value=1 
D 12:49:33.3082900 PowerTaskList.DebugPrintPower() -     TAG_CHANGE Entity=[entityName=光子炮台 id=36 zone=HAND zonePos=2 cardId=SC_753 player=1] tag=ZONE_POSITION value=0 
D 12:49:33.3082900 PowerTaskList.DebugPrintPower() -     TAG_CHANGE Entity=[entityName=光子炮台 id=36 zone=HAND zonePos=2 cardId=SC_753 player=1] tag=1043 value=0 
D 12:49:33.3082900 PowerTaskList.DebugPrintPower() -     HIDE_ENTITY - Entity=[entityName=光子炮台 id=36 zone=HAND zonePos=2 cardId=SC_753 player=1] tag=ZONE value=DECK
D 12:49:33.3082900 PowerTaskList.DebugPrintPower() -     TAG_CHANGE Entity=[entityName=光子炮台 id=36 zone=HAND zonePos=2 cardId=SC_753 player=1] tag=ZONE value=DECK 
D 12:49:33.3082900 PowerTaskList.DebugPrintPower() -     SHOW_ENTITY - Updating Entity=[entityName=UNKNOWN ENTITY [cardType=INVALID] id=20 zone=DECK zonePos=0 cardId= player=1] CardID=CORE_AT_037
D 12:49:33.3082900 PowerTaskList.DebugPrintPower() -         tag=CONTROLLER value=1
D 12:49:33.3082900 PowerTaskList.DebugPrintPower() -         tag=CARDTYPE value=SPELL
D 12:49:33.3082900 PowerTaskList.DebugPrintPower() -         tag=TAG_LAST_KNOWN_COST_IN_HAND value=1
D 12:49:33.3082900 PowerTaskList.DebugPrintPower() -         tag=COST value=1
D 12:49:33.3082900 PowerTaskList.DebugPrintPower() -         tag=PREMIUM value=1
D 12:49:33.3082900 PowerTaskList.DebugPrintPower() -         tag=ZONE value=HAND
D 12:49:33.3082900 PowerTaskList.DebugPrintPower() -         tag=ENTITY_ID value=20
D 12:49:33.3082900 PowerTaskList.DebugPrintPower() -         tag=CLASS value=DRUID
D 12:49:33.3082900 PowerTaskList.DebugPrintPower() -         tag=RARITY value=COMMON
D 12:49:33.3082900 PowerTaskList.DebugPrintPower() -         tag=CHOOSE_ONE value=1
D 12:49:33.3082900 PowerTaskList.DebugPrintPower() -         tag=478 value=1
D 12:49:33.3082900 PowerTaskList.DebugPrintPower() -         tag=858 value=2792
D 12:49:33.3082900 PowerTaskList.DebugPrintPower() -         tag=1037 value=1
D 12:49:33.3082900 PowerTaskList.DebugPrintPower() -         tag=1043 value=1
D 12:49:33.3082900 PowerTaskList.DebugPrintPower() -         tag=1068 value=0
D 12:49:33.3082900 PowerTaskList.DebugPrintPower() -         tag=SPAWN_TIME_COUNT value=1
D 12:49:33.3082900 PowerTaskList.DebugPrintPower() -         tag=SPELL_SCHOOL value=4
D 12:49:33.3082900 PowerTaskList.DebugPrintPower() -     SHOW_ENTITY - Updating Entity=[entityName=UNKNOWN ENTITY [cardType=INVALID] id=21 zone=SETASIDE zonePos=0 cardId= player=1] CardID=AT_037a
D 12:49:33.3082900 PowerTaskList.DebugPrintPower() -         tag=CONTROLLER value=1
D 12:49:33.3082900 PowerTaskList.DebugPrintPower() -         tag=CARDTYPE value=SPELL
D 12:49:33.3082900 PowerTaskList.DebugPrintPower() -         tag=TAG_LAST_KNOWN_COST_IN_HAND value=1
D 12:49:33.3082900 PowerTaskList.DebugPrintPower() -         tag=COST value=1
D 12:49:33.3082900 PowerTaskList.DebugPrintPower() -         tag=PREMIUM value=1
D 12:49:33.3082900 PowerTaskList.DebugPrintPower() -         tag=ZONE value=SETASIDE
D 12:49:33.3082900 PowerTaskList.DebugPrintPower() -         tag=ENTITY_ID value=21
D 12:49:33.3082900 PowerTaskList.DebugPrintPower() -         tag=CLASS value=DRUID
D 12:49:33.3082900 PowerTaskList.DebugPrintPower() -         tag=CREATOR value=20
D 12:49:33.3082900 PowerTaskList.DebugPrintPower() -         tag=PARENT_CARD value=20
D 12:49:33.3082900 PowerTaskList.DebugPrintPower() -         tag=1068 value=0
D 12:49:33.3082900 PowerTaskList.DebugPrintPower() -         tag=CREATOR_DBID value=76289
D 12:49:33.3082900 PowerTaskList.DebugPrintPower() -         tag=SPAWN_TIME_COUNT value=1
D 12:49:33.3082900 PowerTaskList.DebugPrintPower() -         tag=SPELL_SCHOOL value=4
D 12:49:33.3082900 PowerTaskList.DebugPrintPower() -         tag=4901 value=0
D 12:49:33.3082900 PowerTaskList.DebugPrintPower() -     SHOW_ENTITY - Updating Entity=[entityName=UNKNOWN ENTITY [cardType=INVALID] id=22 zone=SETASIDE zonePos=0 cardId= player=1] CardID=AT_037b
D 12:49:33.3082900 PowerTaskList.DebugPrintPower() -         tag=CONTROLLER value=1
D 12:49:33.3082900 PowerTaskList.DebugPrintPower() -         tag=CARDTYPE value=SPELL
D 12:49:33.3082900 PowerTaskList.DebugPrintPower() -         tag=TAG_LAST_KNOWN_COST_IN_HAND value=1
D 12:49:33.3082900 PowerTaskList.DebugPrintPower() -         tag=COST value=1
D 12:49:33.3082900 PowerTaskList.DebugPrintPower() -         tag=PREMIUM value=1
D 12:49:33.3082900 PowerTaskList.DebugPrintPower() -         tag=ZONE value=SETASIDE
D 12:49:33.3082900 PowerTaskList.DebugPrintPower() -         tag=ENTITY_ID value=22
D 12:49:33.3082900 PowerTaskList.DebugPrintPower() -         tag=CLASS value=DRUID
D 12:49:33.3082900 PowerTaskList.DebugPrintPower() -         tag=CREATOR value=20
D 12:49:33.3082900 PowerTaskList.DebugPrintPower() -         tag=PARENT_CARD value=20
D 12:49:33.3082900 PowerTaskList.DebugPrintPower() -         tag=1068 value=0
D 12:49:33.3082900 PowerTaskList.DebugPrintPower() -         tag=CREATOR_DBID value=76289
D 12:49:33.3082900 PowerTaskList.DebugPrintPower() -         tag=SPAWN_TIME_COUNT value=1
D 12:49:33.3082900 PowerTaskList.DebugPrintPower() -         tag=SPELL_SCHOOL value=4
D 12:49:33.3082900 PowerTaskList.DebugPrintPower() -         tag=4901 value=0
D 12:49:33.3082900 PowerTaskList.DebugPrintPower() -     TAG_CHANGE Entity=[entityName=UNKNOWN ENTITY [cardType=INVALID] id=20 zone=DECK zonePos=0 cardId= player=1] tag=NUM_TURNS_IN_HAND value=1 
D 12:49:33.3082900 PowerTaskList.DebugPrintPower() -     TAG_CHANGE Entity=[entityName=UNKNOWN ENTITY [cardType=INVALID] id=20 zone=DECK zonePos=0 cardId= player=1] tag=ZONE_POSITION value=3 
D 12:49:33.3082900 PowerTaskList.DebugPrintPower() -     TAG_CHANGE Entity=[entityName=虚灵改装师 id=39 zone=HAND zonePos=3 cardId=BT_724 player=1] tag=1068 value=2 
D 12:49:33.3082900 PowerTaskList.DebugPrintPower() -     TAG_CHANGE Entity=[entityName=虚灵改装师 id=39 zone=HAND zonePos=3 cardId=BT_724 player=1] tag=1068 value=0 
D 12:49:33.3082900 PowerTaskList.DebugPrintPower() -     TAG_CHANGE Entity=[entityName=虚灵改装师 id=39 zone=HAND zonePos=3 cardId=BT_724 player=1] tag=1037 value=1 
D 12:49:33.3082900 PowerTaskList.DebugPrintPower() -     TAG_CHANGE Entity=[entityName=虚灵改装师 id=39 zone=HAND zonePos=3 cardId=BT_724 player=1] tag=ZONE_POSITION value=0 
D 12:49:33.3082900 PowerTaskList.DebugPrintPower() -     TAG_CHANGE Entity=[entityName=虚灵改装师 id=39 zone=HAND zonePos=3 cardId=BT_724 player=1] tag=1043 value=0 
D 12:49:33.3082900 PowerTaskList.DebugPrintPower() -     HIDE_ENTITY - Entity=[entityName=虚灵改装师 id=39 zone=HAND zonePos=3 cardId=BT_724 player=1] tag=ZONE value=DECK
D 12:49:33.3082900 PowerTaskList.DebugPrintPower() -     TAG_CHANGE Entity=[entityName=虚灵改装师 id=39 zone=HAND zonePos=3 cardId=BT_724 player=1] tag=ZONE value=DECK 
D 12:49:33.3082900 PowerTaskList.DebugPrintPower() -     SHOW_ENTITY - Updating Entity=[entityName=UNKNOWN ENTITY [cardType=INVALID] id=32 zone=DECK zonePos=0 cardId= player=1] CardID=VAC_519
D 12:49:33.3082900 PowerTaskList.DebugPrintPower() -         tag=CONTROLLER value=1
D 12:49:33.3082900 PowerTaskList.DebugPrintPower() -         tag=CARDTYPE value=MINION
D 12:49:33.3082900 PowerTaskList.DebugPrintPower() -         tag=TAG_LAST_KNOWN_COST_IN_HAND value=5
D 12:49:33.3082900 PowerTaskList.DebugPrintPower() -         tag=479 value=5
D 12:49:33.3082900 PowerTaskList.DebugPrintPower() -         tag=COST value=5
D 12:49:33.3082900 PowerTaskList.DebugPrintPower() -         tag=ATK value=5
D 12:49:33.3082900 PowerTaskList.DebugPrintPower() -         tag=HEALTH value=5
D 12:49:33.3082900 PowerTaskList.DebugPrintPower() -         tag=ZONE value=HAND
D 12:49:33.3082900 PowerTaskList.DebugPrintPower() -         tag=ENTITY_ID value=32
D 12:49:33.3082900 PowerTaskList.DebugPrintPower() -         tag=ELITE value=1
D 12:49:33.3082900 PowerTaskList.DebugPrintPower() -         tag=CLASS value=DRUID
D 12:49:33.3082900 PowerTaskList.DebugPrintPower() -         tag=RARITY value=LEGENDARY
D 12:49:33.3082900 PowerTaskList.DebugPrintPower() -         tag=BATTLECRY value=1
D 12:49:33.3082900 PowerTaskList.DebugPrintPower() -         tag=478 value=1
D 12:49:33.3082900 PowerTaskList.DebugPrintPower() -         tag=1037 value=1
D 12:49:33.3082900 PowerTaskList.DebugPrintPower() -         tag=1043 value=1
D 12:49:33.3082900 PowerTaskList.DebugPrintPower() -         tag=1068 value=0
D 12:49:33.3082900 PowerTaskList.DebugPrintPower() -         tag=SPAWN_TIME_COUNT value=1
D 12:49:33.3082900 PowerTaskList.DebugPrintPower() -         tag=1724 value=1
D 12:49:33.3082900 PowerTaskList.DebugPrintPower() -         tag=HAS_SIGNATURE_QUALITY value=1
D 12:49:33.3082900 PowerTaskList.DebugPrintPower() -         tag=HAS_ACTIVATE_POWER value=1
D 12:49:33.3082900 PowerTaskList.DebugPrintPower() -         tag=2936 value=1
D 12:49:33.3082900 PowerTaskList.DebugPrintPower() -         tag=3085 value=5
D 12:49:33.3082900 PowerTaskList.DebugPrintPower() -         tag=TOURIST value=4
D 12:49:33.3082900 PowerTaskList.DebugPrintPower() -         tag=MAGE_TOURIST value=1
D 12:49:33.3082900 PowerTaskList.DebugPrintPower() -         tag=4472 value=5
D 12:49:33.3082900 PowerTaskList.DebugPrintPower() -     TAG_CHANGE Entity=[entityName=UNKNOWN ENTITY [cardType=INVALID] id=32 zone=DECK zonePos=0 cardId= player=1] tag=NUM_TURNS_IN_HAND value=1 
D 12:49:33.3082900 PowerTaskList.DebugPrintPower() -     TAG_CHANGE Entity=[entityName=UNKNOWN ENTITY [cardType=INVALID] id=32 zone=DECK zonePos=0 cardId= player=1] tag=ZONE_POSITION value=4 
D 12:49:33.3082900 PowerTaskList.DebugPrintPower() -     TAG_CHANGE Entity=[entityName=虚灵改装师 id=34 zone=HAND zonePos=4 cardId=BT_724 player=1] tag=1068 value=2 
D 12:49:33.3082900 PowerTaskList.DebugPrintPower() -     TAG_CHANGE Entity=[entityName=虚灵改装师 id=34 zone=HAND zonePos=4 cardId=BT_724 player=1] tag=1068 value=0 
D 12:49:33.3082900 PowerTaskList.DebugPrintPower() -     TAG_CHANGE Entity=[entityName=虚灵改装师 id=34 zone=HAND zonePos=4 cardId=BT_724 player=1] tag=1037 value=1 
D 12:49:33.3082900 PowerTaskList.DebugPrintPower() -     TAG_CHANGE Entity=[entityName=虚灵改装师 id=34 zone=HAND zonePos=4 cardId=BT_724 player=1] tag=ZONE_POSITION value=0 
D 12:49:33.3082900 PowerTaskList.DebugPrintPower() -     TAG_CHANGE Entity=[entityName=虚灵改装师 id=34 zone=HAND zonePos=4 cardId=BT_724 player=1] tag=1043 value=0 
D 12:49:33.3082900 PowerTaskList.DebugPrintPower() -     HIDE_ENTITY - Entity=[entityName=虚灵改装师 id=34 zone=HAND zonePos=4 cardId=BT_724 player=1] tag=ZONE value=DECK
D 12:49:33.3082900 PowerTaskList.DebugPrintPower() -     TAG_CHANGE Entity=[entityName=虚灵改装师 id=34 zone=HAND zonePos=4 cardId=BT_724 player=1] tag=ZONE value=DECK 
D 12:49:33.3082900 PowerTaskList.DebugPrintPower() -     TAG_CHANGE Entity=湫然#51704 tag=MULLIGAN_STATE value=WAITING 
D 12:49:33.3082900 PowerTaskList.DebugPrintPower() - BLOCK_END
D 12:49:33.3082900 PowerProcessor.PrepareHistoryForCurrentTaskList() - m_currentTaskList=12
D 12:49:33.4064191 PowerProcessor.EndCurrentTaskList() - m_currentTaskList=12
D 12:49:33.4124315 PowerTaskList.DebugDump() - ID=13 ParentID=0 PreviousID=0 TaskCount=1
D 12:49:33.4124315 PowerTaskList.DebugPrintPower() - BLOCK_START BlockType=TRIGGER Entity=湫然#51704 EffectCardId=System.Collections.Generic.List`1[System.String] EffectIndex=-1 Target=0 SubOption=-1 TriggerKeyword=TAG_NOT_SET
D 12:49:33.4124315 PowerTaskList.DebugPrintPower() -     TAG_CHANGE Entity=湫然#51704 tag=MULLIGAN_STATE value=DONE 
D 12:49:33.4124315 PowerTaskList.DebugPrintPower() - BLOCK_END
D 12:49:33.4124315 PowerProcessor.PrepareHistoryForCurrentTaskList() - m_currentTaskList=13
D 12:49:33.4124315 PowerProcessor.EndCurrentTaskList() - m_currentTaskList=13
D 12:49:36.3501201 GameState.DebugPrintEntitiesChosen() - id=2 Player=光鲜亮丽我要进肺#5528 EntitiesCount=1
D 12:49:36.3501201 GameState.DebugPrintEntitiesChosen() -   Entities[0]=[entityName=UNKNOWN ENTITY [cardType=INVALID] id=59 zone=HAND zonePos=1 cardId= player=2]
D 12:49:36.7469565 GameState.DebugPrintPowerList() - Count=113
D 12:49:36.7469565 GameState.DebugPrintPower() - TAG_CHANGE Entity=光鲜亮丽我要进肺#5528 tag=MULLIGAN_STATE value=DEALING 
D 12:49:36.7469565 GameState.DebugPrintPower() - BLOCK_START BlockType=TRIGGER Entity=光鲜亮丽我要进肺#5528 EffectCardId=System.Collections.Generic.List`1[System.String] EffectIndex=-1 Target=0 SubOption=-1 TriggerKeyword=TAG_NOT_SET
D 12:49:36.7469565 GameState.DebugPrintPower() -     TAG_CHANGE Entity=[entityName=UNKNOWN ENTITY [cardType=INVALID] id=94 zone=DECK zonePos=0 cardId= player=2] tag=ZONE value=HAND 
D 12:49:36.7469565 GameState.DebugPrintPower() -     TAG_CHANGE Entity=[entityName=UNKNOWN ENTITY [cardType=INVALID] id=94 zone=DECK zonePos=0 cardId= player=2] tag=ZONE_POSITION value=2 
D 12:49:36.7469565 GameState.DebugPrintPower() -     TAG_CHANGE Entity=[entityName=UNKNOWN ENTITY [cardType=INVALID] id=55 zone=HAND zonePos=2 cardId= player=2] tag=ZONE_POSITION value=0 
D 12:49:36.7469565 GameState.DebugPrintPower() -     TAG_CHANGE Entity=[entityName=UNKNOWN ENTITY [cardType=INVALID] id=55 zone=HAND zonePos=2 cardId= player=2] tag=ZONE value=DECK 
D 12:49:36.7469565 GameState.DebugPrintPower() -     TAG_CHANGE Entity=[entityName=UNKNOWN ENTITY [cardType=INVALID] id=85 zone=DECK zonePos=0 cardId= player=2] tag=ZONE value=HAND 
D 12:49:36.7469565 GameState.DebugPrintPower() -     TAG_CHANGE Entity=[entityName=UNKNOWN ENTITY [cardType=INVALID] id=85 zone=DECK zonePos=0 cardId= player=2] tag=ZONE_POSITION value=3 
D 12:49:36.7469565 GameState.DebugPrintPower() -     TAG_CHANGE Entity=[entityName=UNKNOWN ENTITY [cardType=INVALID] id=66 zone=HAND zonePos=3 cardId= player=2] tag=ZONE_POSITION value=0 
D 12:49:36.7469565 GameState.DebugPrintPower() -     TAG_CHANGE Entity=[entityName=UNKNOWN ENTITY [cardType=INVALID] id=66 zone=HAND zonePos=3 cardId= player=2] tag=ZONE value=DECK 
D 12:49:36.7469565 GameState.DebugPrintPower() -     TAG_CHANGE Entity=光鲜亮丽我要进肺#5528 tag=MULLIGAN_STATE value=WAITING 
D 12:49:36.7469565 GameState.DebugPrintPower() - BLOCK_END
D 12:49:36.7469565 GameState.DebugPrintPower() - BLOCK_START BlockType=TRIGGER Entity=光鲜亮丽我要进肺#5528 EffectCardId=System.Collections.Generic.List`1[System.String] EffectIndex=-1 Target=0 SubOption=-1 TriggerKeyword=TAG_NOT_SET
D 12:49:36.7469565 GameState.DebugPrintPower() -     TAG_CHANGE Entity=光鲜亮丽我要进肺#5528 tag=MULLIGAN_STATE value=DONE 
D 12:49:36.7469565 GameState.DebugPrintPower() -     SHUFFLE_DECK PlayerID=1
D 12:49:36.7469565 GameState.DebugPrintPower() -     SHUFFLE_DECK PlayerID=2
D 12:49:36.7469565 GameState.DebugPrintPower() -     TAG_CHANGE Entity=光鲜亮丽我要进肺#5528 tag=TURN value=1 
D 12:49:36.7469565 GameState.DebugPrintPower() -     TAG_CHANGE Entity=GameEntity tag=NEXT_STEP value=MAIN_READY 
D 12:49:36.7469565 GameState.DebugPrintPower() - BLOCK_END
D 12:49:36.7469565 GameState.DebugPrintPower() - BLOCK_START BlockType=TRIGGER Entity=[entityName=裂魂者阿扎莉娜 id=50 zone=DECK zonePos=0 cardId= player=2] EffectCardId=System.Collections.Generic.List`1[System.String] EffectIndex=2 Target=0 SubOption=-1 TriggerKeyword=START_OF_GAME_KEYWORD
D 12:49:36.7469565 GameState.DebugPrintPower() -     SHOW_ENTITY - Updating Entity=[entityName=裂魂者阿扎莉娜 id=50 zone=DECK zonePos=0 cardId= player=2] CardID=JAIL_430
D 12:49:36.7469565 GameState.DebugPrintPower() -         tag=CONTROLLER value=2
D 12:49:36.7469565 GameState.DebugPrintPower() -         tag=CARDTYPE value=MINION
D 12:49:36.7469565 GameState.DebugPrintPower() -         tag=TAG_LAST_KNOWN_COST_IN_HAND value=7
D 12:49:36.7469565 GameState.DebugPrintPower() -         tag=479 value=7
D 12:49:36.7469565 GameState.DebugPrintPower() -         tag=COST value=7
D 12:49:36.7469565 GameState.DebugPrintPower() -         tag=ATK value=7
D 12:49:36.7469565 GameState.DebugPrintPower() -         tag=HEALTH value=7
D 12:49:36.7469565 GameState.DebugPrintPower() -         tag=PREMIUM value=1
D 12:49:36.7469565 GameState.DebugPrintPower() -         tag=ZONE value=DECK
D 12:49:36.7469565 GameState.DebugPrintPower() -         tag=ENTITY_ID value=50
D 12:49:36.7469565 GameState.DebugPrintPower() -         tag=ELITE value=1
D 12:49:36.7469565 GameState.DebugPrintPower() -         tag=CLASS value=PRIEST
D 12:49:36.7469565 GameState.DebugPrintPower() -         tag=CARDRACE value=UNDEAD
D 12:49:36.7469565 GameState.DebugPrintPower() -         tag=RARITY value=LEGENDARY
D 12:49:36.7469565 GameState.DebugPrintPower() -         tag=BATTLECRY value=1
D 12:49:36.7469565 GameState.DebugPrintPower() -         tag=REVEALED value=1
D 12:49:36.7469565 GameState.DebugPrintPower() -         tag=478 value=2
D 12:49:36.7469565 GameState.DebugPrintPower() -         tag=START_OF_GAME_KEYWORD value=1
D 12:49:36.7469565 GameState.DebugPrintPower() -         tag=DECK_RULE_MOD_DECK_SIZE value=20
D 12:49:36.7469565 GameState.DebugPrintPower() -         tag=1043 value=1
D 12:49:36.7469565 GameState.DebugPrintPower() -         tag=1068 value=0
D 12:49:36.7469565 GameState.DebugPrintPower() -         tag=SPAWN_TIME_COUNT value=1
D 12:49:36.7469565 GameState.DebugPrintPower() -         tag=HAS_SIGNATURE_QUALITY value=1
D 12:49:36.7469565 GameState.DebugPrintPower() -         tag=HAS_ACTIVATE_POWER value=1
D 12:49:36.7469565 GameState.DebugPrintPower() -         tag=2936 value=1
D 12:49:36.7469565 GameState.DebugPrintPower() -         tag=3085 value=7
D 12:49:36.7469565 GameState.DebugPrintPower() -         tag=4472 value=7
D 12:49:36.7469565 GameState.DebugPrintPower() -         tag=4818 value=1
D 12:49:36.7469565 GameState.DebugPrintPower() -     SUB_SPELL_START - SpellPrefabGUID=JAIL_430_AzalinaSoulsever_FAB_StartOfGame_FX:347a09cdabd38b04c832ab44d9edc111 Source=0 TargetCount=0
D 12:49:36.7469565 GameState.DebugPrintPower() -         META_DATA - Meta=TARGET Data=0 InfoCount=1
D 12:49:36.7469565 GameState.DebugPrintPower() -                     Info[0] = [entityName=裂魂者阿扎莉娜 id=50 zone=DECK zonePos=0 cardId= player=2]
D 12:49:36.7469565 GameState.DebugPrintPower() -         META_DATA - Meta=OVERRIDE_HISTORY Data=0 InfoCount=1
D 12:49:36.7469565 GameState.DebugPrintPower() -                     Info[0] = [entityName=裂魂者阿扎莉娜 id=50 zone=DECK zonePos=0 cardId= player=2]
D 12:49:36.7469565 GameState.DebugPrintPower() -         HIDE_ENTITY - Entity=[entityName=裂魂者阿扎莉娜 id=50 zone=DECK zonePos=0 cardId= player=2] tag=ZONE value=DECK
D 12:49:36.7469565 GameState.DebugPrintPower() -         TAG_CHANGE Entity=[entityName=裂魂者阿扎莉娜 id=50 zone=DECK zonePos=0 cardId= player=2] tag=REVEALED value=0 
D 12:49:36.7469565 GameState.DebugPrintPower() -     SUB_SPELL_END
D 12:49:36.7469565 GameState.DebugPrintPower() -     SUB_SPELL_START - SpellPrefabGUID=ReuseFX_Shadow_BuffImpact_Super:9267a3b2b8b76654e85107553d70a58d Source=0 TargetCount=1
D 12:49:36.7469565 GameState.DebugPrintPower() -                       Targets[0] = [entityName=医疗兵伊莉斯 id=72 zone=PLAY zonePos=0 cardId=HERO_09av player=2]
D 12:49:36.7469565 GameState.DebugPrintPower() -         META_DATA - Meta=TARGET Data=0 InfoCount=1
D 12:49:36.7469565 GameState.DebugPrintPower() -                     Info[0] = [entityName=医疗兵伊莉斯 id=72 zone=PLAY zonePos=0 cardId=HERO_09av player=2]
D 12:49:36.7469565 GameState.DebugPrintPower() -         TAG_CHANGE Entity=光鲜亮丽我要进肺#5528 tag=1575 value=1 
D 12:49:36.7469565 GameState.DebugPrintPower() -         TAG_CHANGE Entity=光鲜亮丽我要进肺#5528 tag=1573 value=1 
D 12:49:36.7469565 GameState.DebugPrintPower() -         FULL_ENTITY - Creating ID=101 CardID=
D 12:49:36.7469565 GameState.DebugPrintPower() -             tag=ZONE value=SETASIDE
D 12:49:36.7469565 GameState.DebugPrintPower() -             tag=CONTROLLER value=2
D 12:49:36.7469565 GameState.DebugPrintPower() -             tag=ENTITY_ID value=101
D 12:49:36.7469565 GameState.DebugPrintPower() -         SHOW_ENTITY - Updating Entity=101 CardID=TLC_835e
D 12:49:36.7469565 GameState.DebugPrintPower() -             tag=CONTROLLER value=2
D 12:49:36.7469565 GameState.DebugPrintPower() -             tag=CARDTYPE value=ENCHANTMENT
D 12:49:36.7469565 GameState.DebugPrintPower() -             tag=TAG_SCRIPT_DATA_NUM_1 value=40
D 12:49:36.7469565 GameState.DebugPrintPower() -             tag=PREMIUM value=1
D 12:49:36.7469565 GameState.DebugPrintPower() -             tag=ATTACHED value=72
D 12:49:36.7469565 GameState.DebugPrintPower() -             tag=ZONE value=SETASIDE
D 12:49:36.7469565 GameState.DebugPrintPower() -             tag=ENTITY_ID value=101
D 12:49:36.7469565 GameState.DebugPrintPower() -             tag=CLASS value=PRIEST
D 12:49:36.7469565 GameState.DebugPrintPower() -             tag=CREATOR value=50
D 12:49:36.7469565 GameState.DebugPrintPower() -             tag=1037 value=2
D 12:49:36.7469565 GameState.DebugPrintPower() -             tag=1068 value=0
D 12:49:36.7469565 GameState.DebugPrintPower() -             tag=CREATOR_DBID value=126055
D 12:49:36.7469565 GameState.DebugPrintPower() -             tag=SPAWN_TIME_COUNT value=1
D 12:49:36.7469565 GameState.DebugPrintPower() -             tag=4901 value=0
D 12:49:36.7469565 GameState.DebugPrintPower() -         TAG_CHANGE Entity=101 tag=1068 value=1 
D 12:49:36.7469565 GameState.DebugPrintPower() -         TAG_CHANGE Entity=101 tag=1068 value=0 
D 12:49:36.7469565 GameState.DebugPrintPower() -         TAG_CHANGE Entity=101 tag=ZONE value=PLAY 
D 12:49:36.7469565 GameState.DebugPrintPower() -         TAG_CHANGE Entity=[entityName=医疗兵伊莉斯 id=72 zone=PLAY zonePos=0 cardId=HERO_09av player=2] tag=3085 value=40 
D 12:49:36.7469565 GameState.DebugPrintPower() -         TAG_CHANGE Entity=[entityName=医疗兵伊莉斯 id=72 zone=PLAY zonePos=0 cardId=HERO_09av player=2] tag=HEALTH value=40 
D 12:49:36.7469565 GameState.DebugPrintPower() -         TAG_CHANGE Entity=[entityName=医疗兵伊莉斯 id=72 zone=PLAY zonePos=0 cardId=HERO_09av player=2] tag=4741 value=1 
D 12:49:36.7469565 GameState.DebugPrintPower() -         TAG_CHANGE Entity=[entityName=医疗兵伊莉斯 id=72 zone=PLAY zonePos=0 cardId=HERO_09av player=2] tag=LAST_AFFECTED_BY value=50 
D 12:49:36.7469565 GameState.DebugPrintPower() -     SUB_SPELL_END
D 12:49:36.7469565 GameState.DebugPrintPower() - BLOCK_END
D 12:49:36.7469565 GameState.DebugPrintPower() - BLOCK_START BlockType=TRIGGER Entity=[entityName=米斯塔·维斯塔 id=32 zone=HAND zonePos=4 cardId=VAC_519 player=1] EffectCardId=System.Collections.Generic.List`1[System.String] EffectIndex=1 Target=0 SubOption=-1 TriggerKeyword=1724
D 12:49:36.7469565 GameState.DebugPrintPower() -     FULL_ENTITY - Creating ID=102 CardID=
D 12:49:36.7469565 GameState.DebugPrintPower() -         tag=ZONE value=SETASIDE
D 12:49:36.7469565 GameState.DebugPrintPower() -         tag=CONTROLLER value=1
D 12:49:36.7469565 GameState.DebugPrintPower() -         tag=ENTITY_ID value=102
D 12:49:36.7469565 GameState.DebugPrintPower() -     SHOW_ENTITY - Updating Entity=102 CardID=VAC_422e
D 12:49:36.7469565 GameState.DebugPrintPower() -         tag=CONTROLLER value=1
D 12:49:36.7469565 GameState.DebugPrintPower() -         tag=CARDTYPE value=ENCHANTMENT
D 12:49:36.7469565 GameState.DebugPrintPower() -         tag=ATTACHED value=2
D 12:49:36.7469565 GameState.DebugPrintPower() -         tag=ZONE value=SETASIDE
D 12:49:36.7469565 GameState.DebugPrintPower() -         tag=ENTITY_ID value=102
D 12:49:36.7469565 GameState.DebugPrintPower() -         tag=CLASS value=NEUTRAL
D 12:49:36.7469565 GameState.DebugPrintPower() -         tag=CREATOR value=32
D 12:49:36.7469565 GameState.DebugPrintPower() -         tag=1037 value=1
D 12:49:36.7469565 GameState.DebugPrintPower() -         tag=1068 value=0
D 12:49:36.7469565 GameState.DebugPrintPower() -         tag=CREATOR_DBID value=105893
D 12:49:36.7469565 GameState.DebugPrintPower() -         tag=SPAWN_TIME_COUNT value=1
D 12:49:36.7469565 GameState.DebugPrintPower() -         tag=4901 value=0
D 12:49:36.7469565 GameState.DebugPrintPower() -     TAG_CHANGE Entity=102 tag=1068 value=1 
D 12:49:36.7469565 GameState.DebugPrintPower() -     TAG_CHANGE Entity=102 tag=1068 value=0 
D 12:49:36.7469565 GameState.DebugPrintPower() -     TAG_CHANGE Entity=102 tag=ZONE value=PLAY 
D 12:49:36.7469565 GameState.DebugPrintPower() -     TAG_CHANGE Entity=湫然#51704 tag=4741 value=1 
D 12:49:36.7469565 GameState.DebugPrintPower() -     TAG_CHANGE Entity=湫然#51704 tag=LAST_AFFECTED_BY value=32 
D 12:49:36.7469565 GameState.DebugPrintPower() -     TAG_CHANGE Entity=102 tag=TAG_SCRIPT_DATA_NUM_1 value=105893 
D 12:49:36.7469565 GameState.DebugPrintPower() -     TAG_CHANGE Entity=102 tag=TAG_SCRIPT_DATA_NUM_2 value=4 
D 12:49:36.7469565 GameState.DebugPrintPower() - BLOCK_END
D 12:49:36.7469565 GameState.DebugPrintPower() - BLOCK_START BlockType=TRIGGER Entity=[entityName=UNKNOWN ENTITY [cardType=INVALID] id=85 zone=DECK zonePos=0 cardId= player=2] EffectCardId=System.Collections.Generic.List`1[System.String] EffectIndex=1 Target=0 SubOption=-1 TriggerKeyword=1724
D 12:49:36.7469565 GameState.DebugPrintPower() -     FULL_ENTITY - Creating ID=103 CardID=
D 12:49:36.7469565 GameState.DebugPrintPower() -         tag=ZONE value=SETASIDE
D 12:49:36.7469565 GameState.DebugPrintPower() -         tag=CONTROLLER value=2
D 12:49:36.7469565 GameState.DebugPrintPower() -         tag=ENTITY_ID value=103
D 12:49:36.7469565 GameState.DebugPrintPower() -     SHOW_ENTITY - Updating Entity=103 CardID=VAC_422e
D 12:49:36.7469565 GameState.DebugPrintPower() -         tag=CONTROLLER value=2
D 12:49:36.7469565 GameState.DebugPrintPower() -         tag=CARDTYPE value=ENCHANTMENT
D 12:49:36.7469565 GameState.DebugPrintPower() -         tag=PREMIUM value=1
D 12:49:36.7469565 GameState.DebugPrintPower() -         tag=ATTACHED value=3
D 12:49:36.7469565 GameState.DebugPrintPower() -         tag=ZONE value=SETASIDE
D 12:49:36.7469565 GameState.DebugPrintPower() -         tag=ENTITY_ID value=103
D 12:49:36.7469565 GameState.DebugPrintPower() -         tag=CLASS value=NEUTRAL
D 12:49:36.7469565 GameState.DebugPrintPower() -         tag=CREATOR value=85
D 12:49:36.7469565 GameState.DebugPrintPower() -         tag=1037 value=2
D 12:49:36.7469565 GameState.DebugPrintPower() -         tag=1068 value=0
D 12:49:36.7469565 GameState.DebugPrintPower() -         tag=CREATOR_DBID value=105893
D 12:49:36.7469565 GameState.DebugPrintPower() -         tag=SPAWN_TIME_COUNT value=1
D 12:49:36.7469565 GameState.DebugPrintPower() -         tag=4901 value=0
D 12:49:36.7469565 GameState.DebugPrintPower() -     TAG_CHANGE Entity=103 tag=1068 value=1 
D 12:49:36.7469565 GameState.DebugPrintPower() -     TAG_CHANGE Entity=103 tag=1068 value=0 
D 12:49:36.7469565 GameState.DebugPrintPower() -     TAG_CHANGE Entity=103 tag=ZONE value=PLAY 
D 12:49:36.7469565 GameState.DebugPrintPower() -     TAG_CHANGE Entity=光鲜亮丽我要进肺#5528 tag=4741 value=2 
D 12:49:36.7469565 GameState.DebugPrintPower() -     TAG_CHANGE Entity=光鲜亮丽我要进肺#5528 tag=LAST_AFFECTED_BY value=85 
D 12:49:36.7469565 GameState.DebugPrintPower() -     TAG_CHANGE Entity=103 tag=TAG_SCRIPT_DATA_NUM_1 value=105893 
D 12:49:36.7469565 GameState.DebugPrintPower() -     TAG_CHANGE Entity=103 tag=TAG_SCRIPT_DATA_NUM_2 value=4 
D 12:49:36.7469565 GameState.DebugPrintPower() -     TAG_CHANGE Entity=103 tag=TAG_SCRIPT_DATA_NUM_3 value=1 
D 12:49:36.7469565 GameState.DebugPrintPower() - BLOCK_END
D 12:49:36.7469565 GameState.DebugPrintPower() - BLOCK_START BlockType=TRIGGER Entity=[entityName=UNKNOWN ENTITY [cardType=INVALID] id=64 zone=DECK zonePos=0 cardId= player=2] EffectCardId=System.Collections.Generic.List`1[System.String] EffectIndex=1 Target=0 SubOption=-1 TriggerKeyword=1724
D 12:49:36.7469565 GameState.DebugPrintPower() -     TAG_CHANGE Entity=103 tag=TAG_SCRIPT_DATA_NUM_1 value=108887 
D 12:49:36.7469565 GameState.DebugPrintPower() -     TAG_CHANGE Entity=103 tag=TAG_SCRIPT_DATA_NUM_2 value=3 
D 12:49:36.7469565 GameState.DebugPrintPower() -     TAG_CHANGE Entity=103 tag=TAG_SCRIPT_DATA_NUM_3 value=3 
D 12:49:36.7469565 GameState.DebugPrintPower() - BLOCK_END
D 12:49:36.7469565 GameState.DebugPrintPower() - BLOCK_START BlockType=TRIGGER Entity=GameEntity EffectCardId=System.Collections.Generic.List`1[System.String] EffectIndex=4 Target=0 SubOption=-1 TriggerKeyword=TAG_NOT_SET
D 12:49:36.7469565 GameState.DebugPrintPower() - BLOCK_END
D 12:49:36.7469565 GameState.DebugPrintPower() - TAG_CHANGE Entity=GameEntity tag=STEP value=MAIN_READY 
D 12:49:36.7469565 GameState.DebugPrintPower() - BLOCK_START BlockType=TRIGGER Entity=光鲜亮丽我要进肺#5528 EffectCardId=System.Collections.Generic.List`1[System.String] EffectIndex=-1 Target=0 SubOption=-1 TriggerKeyword=TAG_NOT_SET
D 12:49:36.7469565 GameState.DebugPrintPower() -     TAG_CHANGE Entity=GameEntity tag=NUM_TURNS_IN_PLAY value=1 
D 12:49:36.7469565 GameState.DebugPrintPower() -     TAG_CHANGE Entity=湫然#51704 tag=NUM_TURNS_IN_PLAY value=1 
D 12:49:36.7469565 GameState.DebugPrintPower() -     TAG_CHANGE Entity=光鲜亮丽我要进肺#5528 tag=NUM_TURNS_IN_PLAY value=1 
D 12:49:36.7469565 GameState.DebugPrintPower() -     TAG_CHANGE Entity=[entityName=嘲风望月露娜拉 id=70 zone=PLAY zonePos=0 cardId=HERO_06bi player=1] tag=NUM_TURNS_IN_PLAY value=1 
D 12:49:36.7469565 GameState.DebugPrintPower() -     TAG_CHANGE Entity=[entityName=变形 id=71 zone=PLAY zonePos=0 cardId=HERO_06ebp player=1] tag=NUM_TURNS_IN_PLAY value=1 
D 12:49:36.7469565 GameState.DebugPrintPower() -     TAG_CHANGE Entity=[entityName=医疗兵伊莉斯 id=72 zone=PLAY zonePos=0 cardId=HERO_09av player=2] tag=NUM_TURNS_IN_PLAY value=1 
D 12:49:36.7469565 GameState.DebugPrintPower() -     TAG_CHANGE Entity=[entityName=次级治疗术 id=73 zone=PLAY zonePos=0 cardId=HERO_09dbp player=2] tag=NUM_TURNS_IN_PLAY value=1 
D 12:49:36.7469565 GameState.DebugPrintPower() -     TAG_CHANGE Entity=光鲜亮丽我要进肺#5528 tag=RESOURCES value=1 
D 12:49:36.7469565 GameState.DebugPrintPower() -     TAG_CHANGE Entity=GameEntity tag=NEXT_STEP value=MAIN_START_TRIGGERS 
D 12:49:36.7469565 GameState.DebugPrintPower() -     TAG_CHANGE Entity=光鲜亮丽我要进肺#5528 tag=1575 value=0 
D 12:49:36.7469565 GameState.DebugPrintPower() - BLOCK_END
D 12:49:36.7469565 GameState.DebugPrintPower() - TAG_CHANGE Entity=GameEntity tag=STEP value=MAIN_START_TRIGGERS 
D 12:49:36.7469565 GameState.DebugPrintPower() - BLOCK_START BlockType=TRIGGER Entity=[entityName=守望者亢祖 id=74 zone=COSMETIC zonePos=0 cardId=PET_12_4 player=2] EffectCardId=System.Collections.Generic.List`1[System.String] EffectIndex=35 Target=0 SubOption=-1 TriggerKeyword=TAG_NOT_SET
D 12:49:36.7469565 GameState.DebugPrintPower() - BLOCK_END
D 12:49:36.7469565 GameState.DebugPrintPower() - BLOCK_START BlockType=TRIGGER Entity=[entityName=守望者亢祖 id=74 zone=COSMETIC zonePos=0 cardId=PET_12_4 player=2] EffectCardId=System.Collections.Generic.List`1[System.String] EffectIndex=5 Target=0 SubOption=-1 TriggerKeyword=TAG_NOT_SET
D 12:49:36.7469565 GameState.DebugPrintPower() -     TAG_CHANGE Entity=[entityName=守望者亢祖 id=74 zone=COSMETIC zonePos=0 cardId=PET_12_4 player=2] tag=PET_EVENT_ID value=12 
D 12:49:36.7469565 GameState.DebugPrintPower() - BLOCK_END
D 12:49:36.7469565 GameState.DebugPrintPower() - BLOCK_START BlockType=TRIGGER Entity=光鲜亮丽我要进肺#5528 EffectCardId=System.Collections.Generic.List`1[System.String] EffectIndex=-1 Target=0 SubOption=-1 TriggerKeyword=TAG_NOT_SET
D 12:49:36.7469565 GameState.DebugPrintPower() -     TAG_CHANGE Entity=GameEntity tag=NEXT_STEP value=MAIN_START 
D 12:49:36.7469565 GameState.DebugPrintPower() - BLOCK_END
D 12:49:36.7469565 GameState.DebugPrintPower() - TAG_CHANGE Entity=GameEntity tag=STEP value=MAIN_START 
D 12:49:36.7469565 GameState.DebugPrintPower() - BLOCK_START BlockType=TRIGGER Entity=光鲜亮丽我要进肺#5528 EffectCardId=System.Collections.Generic.List`1[System.String] EffectIndex=-1 Target=0 SubOption=-1 TriggerKeyword=TAG_NOT_SET
D 12:49:36.7469565 GameState.DebugPrintPower() -     TAG_CHANGE Entity=光鲜亮丽我要进肺#5528 tag=467 value=1 
D 12:49:36.7469565 GameState.DebugPrintPower() -     TAG_CHANGE Entity=[entityName=UNKNOWN ENTITY [cardType=INVALID] id=66 zone=HAND zonePos=3 cardId= player=2] tag=ZONE value=HAND 
D 12:49:36.7469565 GameState.DebugPrintPower() -     TAG_CHANGE Entity=[entityName=UNKNOWN ENTITY [cardType=INVALID] id=66 zone=HAND zonePos=3 cardId= player=2] tag=ZONE_POSITION value=4 
D 12:49:36.7469565 GameState.DebugPrintPower() -     TAG_CHANGE Entity=[entityName=UNKNOWN ENTITY [cardType=INVALID] id=66 zone=HAND zonePos=3 cardId= player=2] tag=ZONE_POSITION value=0 
D 12:49:36.7469565 GameState.DebugPrintPower() -     TAG_CHANGE Entity=[entityName=UNKNOWN ENTITY [cardType=INVALID] id=66 zone=HAND zonePos=3 cardId= player=2] tag=ZONE_POSITION value=4 
D 12:49:36.7469565 GameState.DebugPrintPower() -     TAG_CHANGE Entity=光鲜亮丽我要进肺#5528 tag=NUM_CARDS_DRAWN_THIS_TURN value=1 
D 12:49:36.7469565 GameState.DebugPrintPower() -     TAG_CHANGE Entity=光鲜亮丽我要进肺#5528 tag=995 value=1 
D 12:49:36.7469565 GameState.DebugPrintPower() -     BLOCK_START BlockType=TRIGGER Entity=[entityName=守望者亢祖 id=74 zone=COSMETIC zonePos=0 cardId=PET_12_4 player=2] EffectCardId=System.Collections.Generic.List`1[System.String] EffectIndex=28 Target=0 SubOption=-1 TriggerKeyword=TAG_NOT_SET
D 12:49:36.7469565 GameState.DebugPrintPower() -         TAG_CHANGE Entity=[entityName=守望者亢祖 id=74 zone=COSMETIC zonePos=0 cardId=PET_12_4 player=2] tag=PET_EVENT_ID value=0 
D 12:49:36.7469565 GameState.DebugPrintPower() -     BLOCK_END
D 12:49:36.7469565 GameState.DebugPrintPower() -     TAG_CHANGE Entity=光鲜亮丽我要进肺#5528 tag=467 value=0 
D 12:49:36.7469565 GameState.DebugPrintPower() -     TAG_CHANGE Entity=GameEntity tag=NEXT_STEP value=MAIN_ACTION 
D 12:49:36.7469565 GameState.DebugPrintPower() - BLOCK_END
D 12:49:36.7469565 GameState.DebugPrintPower() - TAG_CHANGE Entity=GameEntity tag=STEP value=MAIN_ACTION 
D 12:49:36.7469565 GameState.DebugPrintPower() - BLOCK_START BlockType=TRIGGER Entity=光鲜亮丽我要进肺#5528 EffectCardId=System.Collections.Generic.List`1[System.String] EffectIndex=-1 Target=0 SubOption=-1 TriggerKeyword=TAG_NOT_SET
D 12:49:36.7469565 GameState.DebugPrintPower() -     TAG_CHANGE Entity=GameEntity tag=NEXT_STEP value=MAIN_END 
D 12:49:36.7469565 GameState.DebugPrintPower() - BLOCK_END
D 12:49:36.7469565 PowerTaskList.DebugDump() - ID=14 ParentID=0 PreviousID=0 TaskCount=1
D 12:49:36.7469565 PowerTaskList.DebugDump() - Block Start=(null)
D 12:49:36.7469565 PowerTaskList.DebugPrintPower() -     TAG_CHANGE Entity=光鲜亮丽我要进肺#5528 tag=MULLIGAN_STATE value=DEALING 
D 12:49:36.7469565 PowerTaskList.DebugDump() - Block End=(null)
D 12:49:36.7469565 PowerProcessor.PrepareHistoryForCurrentTaskList() - m_currentTaskList=14
D 12:49:36.7469565 PowerProcessor.EndCurrentTaskList() - m_currentTaskList=14
D 12:49:36.7469565 PowerTaskList.DebugDump() - ID=15 ParentID=14 PreviousID=0 TaskCount=9
D 12:49:36.7469565 PowerTaskList.DebugPrintPower() - BLOCK_START BlockType=TRIGGER Entity=光鲜亮丽我要进肺#5528 EffectCardId=System.Collections.Generic.List`1[System.String] EffectIndex=-1 Target=0 SubOption=-1 TriggerKeyword=TAG_NOT_SET
D 12:49:36.7469565 PowerTaskList.DebugPrintPower() -     TAG_CHANGE Entity=[entityName=UNKNOWN ENTITY [cardType=INVALID] id=94 zone=DECK zonePos=0 cardId= player=2] tag=ZONE value=HAND 
D 12:49:36.7469565 PowerTaskList.DebugPrintPower() -     TAG_CHANGE Entity=[entityName=UNKNOWN ENTITY [cardType=INVALID] id=94 zone=DECK zonePos=0 cardId= player=2] tag=ZONE_POSITION value=2 
D 12:49:36.7469565 PowerTaskList.DebugPrintPower() -     TAG_CHANGE Entity=[entityName=UNKNOWN ENTITY [cardType=INVALID] id=55 zone=HAND zonePos=2 cardId= player=2] tag=ZONE_POSITION value=0 
D 12:49:36.7469565 PowerTaskList.DebugPrintPower() -     TAG_CHANGE Entity=[entityName=UNKNOWN ENTITY [cardType=INVALID] id=55 zone=HAND zonePos=2 cardId= player=2] tag=ZONE value=DECK 
D 12:49:36.7469565 PowerTaskList.DebugPrintPower() -     TAG_CHANGE Entity=[entityName=UNKNOWN ENTITY [cardType=INVALID] id=85 zone=DECK zonePos=0 cardId= player=2] tag=ZONE value=HAND 
D 12:49:36.7469565 PowerTaskList.DebugPrintPower() -     TAG_CHANGE Entity=[entityName=UNKNOWN ENTITY [cardType=INVALID] id=85 zone=DECK zonePos=0 cardId= player=2] tag=ZONE_POSITION value=3 
D 12:49:36.7469565 PowerTaskList.DebugPrintPower() -     TAG_CHANGE Entity=[entityName=UNKNOWN ENTITY [cardType=INVALID] id=66 zone=HAND zonePos=3 cardId= player=2] tag=ZONE_POSITION value=0 
D 12:49:36.7469565 PowerTaskList.DebugPrintPower() -     TAG_CHANGE Entity=[entityName=UNKNOWN ENTITY [cardType=INVALID] id=66 zone=HAND zonePos=3 cardId= player=2] tag=ZONE value=DECK 
D 12:49:36.7469565 PowerTaskList.DebugPrintPower() -     TAG_CHANGE Entity=光鲜亮丽我要进肺#5528 tag=MULLIGAN_STATE value=WAITING 
D 12:49:36.7469565 PowerTaskList.DebugPrintPower() - BLOCK_END
D 12:49:36.7469565 PowerProcessor.PrepareHistoryForCurrentTaskList() - m_currentTaskList=15
D 12:49:38.3015202 PowerProcessor.EndCurrentTaskList() - m_currentTaskList=15
D 12:49:38.3080489 PowerTaskList.DebugDump() - ID=16 ParentID=0 PreviousID=0 TaskCount=5
D 12:49:38.3080489 PowerTaskList.DebugPrintPower() - BLOCK_START BlockType=TRIGGER Entity=光鲜亮丽我要进肺#5528 EffectCardId=System.Collections.Generic.List`1[System.String] EffectIndex=-1 Target=0 SubOption=-1 TriggerKeyword=TAG_NOT_SET
D 12:49:38.3080489 PowerTaskList.DebugPrintPower() -     TAG_CHANGE Entity=光鲜亮丽我要进肺#5528 tag=MULLIGAN_STATE value=DONE 
D 12:49:38.3080489 PowerTaskList.DebugPrintPower() -     SHUFFLE_DECK PlayerID=1
D 12:49:38.3080489 PowerTaskList.DebugPrintPower() -     SHUFFLE_DECK PlayerID=2
D 12:49:38.3080489 PowerTaskList.DebugPrintPower() -     TAG_CHANGE Entity=光鲜亮丽我要进肺#5528 tag=TURN value=1 
D 12:49:38.3080489 PowerTaskList.DebugPrintPower() -     TAG_CHANGE Entity=GameEntity tag=NEXT_STEP value=MAIN_READY 
D 12:49:38.3080489 PowerTaskList.DebugPrintPower() - BLOCK_END
D 12:49:38.3080489 PowerProcessor.PrepareHistoryForCurrentTaskList() - m_currentTaskList=16
D 12:49:41.4242047 PowerProcessor.EndCurrentTaskList() - m_currentTaskList=16
D 12:49:41.4242047 PowerTaskList.DebugDump() - ID=17 ParentID=0 PreviousID=0 TaskCount=1
D 12:49:41.4242047 PowerTaskList.DebugPrintPower() - BLOCK_START BlockType=TRIGGER Entity=[entityName=裂魂者阿扎莉娜 id=50 zone=DECK zonePos=0 cardId= player=2] EffectCardId=System.Collections.Generic.List`1[System.String] EffectIndex=2 Target=0 SubOption=-1 TriggerKeyword=START_OF_GAME_KEYWORD
D 12:49:41.4242047 PowerTaskList.DebugPrintPower() -     SHOW_ENTITY - Updating Entity=[entityName=裂魂者阿扎莉娜 id=50 zone=DECK zonePos=0 cardId= player=2] CardID=JAIL_430
D 12:49:41.4242047 PowerTaskList.DebugPrintPower() -         tag=CONTROLLER value=2
D 12:49:41.4242047 PowerTaskList.DebugPrintPower() -         tag=CARDTYPE value=MINION
D 12:49:41.4242047 PowerTaskList.DebugPrintPower() -         tag=TAG_LAST_KNOWN_COST_IN_HAND value=7
D 12:49:41.4242047 PowerTaskList.DebugPrintPower() -         tag=479 value=7
D 12:49:41.4242047 PowerTaskList.DebugPrintPower() -         tag=COST value=7
D 12:49:41.4242047 PowerTaskList.DebugPrintPower() -         tag=ATK value=7
D 12:49:41.4242047 PowerTaskList.DebugPrintPower() -         tag=HEALTH value=7
D 12:49:41.4242047 PowerTaskList.DebugPrintPower() -         tag=PREMIUM value=1
D 12:49:41.4242047 PowerTaskList.DebugPrintPower() -         tag=ZONE value=DECK
D 12:49:41.4242047 PowerTaskList.DebugPrintPower() -         tag=ENTITY_ID value=50
D 12:49:41.4242047 PowerTaskList.DebugPrintPower() -         tag=ELITE value=1
D 12:49:41.4242047 PowerTaskList.DebugPrintPower() -         tag=CLASS value=PRIEST
D 12:49:41.4242047 PowerTaskList.DebugPrintPower() -         tag=CARDRACE value=UNDEAD
D 12:49:41.4242047 PowerTaskList.DebugPrintPower() -         tag=RARITY value=LEGENDARY
D 12:49:41.4242047 PowerTaskList.DebugPrintPower() -         tag=BATTLECRY value=1
D 12:49:41.4242047 PowerTaskList.DebugPrintPower() -         tag=REVEALED value=1
D 12:49:41.4242047 PowerTaskList.DebugPrintPower() -         tag=478 value=2
D 12:49:41.4242047 PowerTaskList.DebugPrintPower() -         tag=START_OF_GAME_KEYWORD value=1
D 12:49:41.4242047 PowerTaskList.DebugPrintPower() -         tag=DECK_RULE_MOD_DECK_SIZE value=20
D 12:49:41.4242047 PowerTaskList.DebugPrintPower() -         tag=1043 value=1
D 12:49:41.4242047 PowerTaskList.DebugPrintPower() -         tag=1068 value=0
D 12:49:41.4242047 PowerTaskList.DebugPrintPower() -         tag=SPAWN_TIME_COUNT value=1
D 12:49:41.4242047 PowerTaskList.DebugPrintPower() -         tag=HAS_SIGNATURE_QUALITY value=1
D 12:49:41.4242047 PowerTaskList.DebugPrintPower() -         tag=HAS_ACTIVATE_POWER value=1
D 12:49:41.4242047 PowerTaskList.DebugPrintPower() -         tag=2936 value=1
D 12:49:41.4242047 PowerTaskList.DebugPrintPower() -         tag=3085 value=7
D 12:49:41.4242047 PowerTaskList.DebugPrintPower() -         tag=4472 value=7
D 12:49:41.4242047 PowerTaskList.DebugPrintPower() -         tag=4818 value=1
D 12:49:41.4242047 PowerTaskList.DebugDump() - Block End=(null)
D 12:49:41.4242047 PowerProcessor.PrepareHistoryForCurrentTaskList() - m_currentTaskList=17
D 12:49:41.4307549 PowerProcessor.EndCurrentTaskList() - m_currentTaskList=17
D 12:49:41.4383539 PowerTaskList.DebugDump() - ID=18 ParentID=0 PreviousID=17 TaskCount=6
D 12:49:41.4383539 PowerTaskList.DebugDump() - Block Start=(null)
D 12:49:41.4383539 PowerTaskList.DebugPrintPower() -     SUB_SPELL_START - SpellPrefabGUID=JAIL_430_AzalinaSoulsever_FAB_StartOfGame_FX:347a09cdabd38b04c832ab44d9edc111 Source=0 TargetCount=0
D 12:49:41.4383539 PowerTaskList.DebugPrintPower() -         META_DATA - Meta=TARGET Data=0 InfoCount=1
D 12:49:41.4383539 PowerTaskList.DebugPrintPower() -                     Info[0] = [entityName=裂魂者阿扎莉娜 id=50 zone=DECK zonePos=0 cardId=JAIL_430 player=2]
D 12:49:41.4383539 PowerTaskList.DebugPrintPower() -         META_DATA - Meta=OVERRIDE_HISTORY Data=0 InfoCount=1
D 12:49:41.4383539 PowerTaskList.DebugPrintPower() -                     Info[0] = [entityName=裂魂者阿扎莉娜 id=50 zone=DECK zonePos=0 cardId=JAIL_430 player=2]
D 12:49:41.4383539 PowerTaskList.DebugPrintPower() -         HIDE_ENTITY - Entity=[entityName=裂魂者阿扎莉娜 id=50 zone=DECK zonePos=0 cardId=JAIL_430 player=2] tag=ZONE value=DECK
D 12:49:41.4383539 PowerTaskList.DebugPrintPower() -         TAG_CHANGE Entity=[entityName=裂魂者阿扎莉娜 id=50 zone=DECK zonePos=0 cardId=JAIL_430 player=2] tag=REVEALED value=0 
D 12:49:41.4383539 PowerTaskList.DebugPrintPower() -     SUB_SPELL_END
D 12:49:41.4383539 PowerTaskList.DebugDump() - Block End=(null)
D 12:49:41.4383539 PowerProcessor.PrepareHistoryForCurrentTaskList() - m_currentTaskList=18
D 12:49:44.0547935 PowerProcessor.EndCurrentTaskList() - m_currentTaskList=18
D 12:49:44.0628624 PowerTaskList.DebugDump() - ID=19 ParentID=0 PreviousID=18 TaskCount=1
D 12:49:44.0628624 PowerTaskList.DebugDump() - Block Start=(null)
D 12:49:44.0628624 PowerTaskList.DebugPrintPower() -     META_DATA - Meta=ARTIFICIAL_HISTORY_INTERRUPT Data=0 InfoCount=0
D 12:49:44.0628624 PowerTaskList.DebugDump() - Block End=(null)
D 12:49:44.0628624 PowerProcessor.PrepareHistoryForCurrentTaskList() - m_currentTaskList=19
D 12:49:44.0628624 PowerProcessor.EndCurrentTaskList() - m_currentTaskList=19
D 12:49:44.0628624 PowerTaskList.DebugDump() - ID=20 ParentID=0 PreviousID=19 TaskCount=14
D 12:49:44.0628624 PowerTaskList.DebugDump() - Block Start=(null)
D 12:49:44.0628624 PowerTaskList.DebugPrintPower() -     SUB_SPELL_START - SpellPrefabGUID=ReuseFX_Shadow_BuffImpact_Super:9267a3b2b8b76654e85107553d70a58d Source=0 TargetCount=1
D 12:49:44.0628624 PowerTaskList.DebugPrintPower() -                       Targets[0] = [entityName=医疗兵伊莉斯 id=72 zone=PLAY zonePos=0 cardId=HERO_09av player=2]
D 12:49:44.0628624 PowerTaskList.DebugPrintPower() -         META_DATA - Meta=TARGET Data=0 InfoCount=1
D 12:49:44.0628624 PowerTaskList.DebugPrintPower() -                     Info[0] = [entityName=医疗兵伊莉斯 id=72 zone=PLAY zonePos=0 cardId=HERO_09av player=2]
D 12:49:44.0628624 PowerTaskList.DebugPrintPower() -         TAG_CHANGE Entity=光鲜亮丽我要进肺#5528 tag=1575 value=1 
D 12:49:44.0628624 PowerTaskList.DebugPrintPower() -         TAG_CHANGE Entity=光鲜亮丽我要进肺#5528 tag=1573 value=1 
D 12:49:44.0628624 PowerTaskList.DebugPrintPower() -         FULL_ENTITY - Updating [entityName=UNKNOWN ENTITY [cardType=INVALID] id=101 zone=SETASIDE zonePos=0 cardId= player=2] CardID=
D 12:49:44.0628624 PowerTaskList.DebugPrintPower() -             tag=ZONE value=SETASIDE
D 12:49:44.0628624 PowerTaskList.DebugPrintPower() -             tag=CONTROLLER value=2
D 12:49:44.0628624 PowerTaskList.DebugPrintPower() -             tag=ENTITY_ID value=101
D 12:49:44.0628624 PowerTaskList.DebugPrintPower() -         SHOW_ENTITY - Updating Entity=[entityName=UNKNOWN ENTITY [cardType=INVALID] id=101 zone=SETASIDE zonePos=0 cardId= player=2] CardID=TLC_835e
D 12:49:44.0628624 PowerTaskList.DebugPrintPower() -             tag=CONTROLLER value=2
D 12:49:44.0628624 PowerTaskList.DebugPrintPower() -             tag=CARDTYPE value=ENCHANTMENT
D 12:49:44.0628624 PowerTaskList.DebugPrintPower() -             tag=TAG_SCRIPT_DATA_NUM_1 value=40
D 12:49:44.0628624 PowerTaskList.DebugPrintPower() -             tag=PREMIUM value=1
D 12:49:44.0628624 PowerTaskList.DebugPrintPower() -             tag=ATTACHED value=72
D 12:49:44.0628624 PowerTaskList.DebugPrintPower() -             tag=ZONE value=SETASIDE
D 12:49:44.0628624 PowerTaskList.DebugPrintPower() -             tag=ENTITY_ID value=101
D 12:49:44.0628624 PowerTaskList.DebugPrintPower() -             tag=CLASS value=PRIEST
D 12:49:44.0628624 PowerTaskList.DebugPrintPower() -             tag=CREATOR value=50
D 12:49:44.0628624 PowerTaskList.DebugPrintPower() -             tag=1037 value=2
D 12:49:44.0628624 PowerTaskList.DebugPrintPower() -             tag=1068 value=0
D 12:49:44.0628624 PowerTaskList.DebugPrintPower() -             tag=CREATOR_DBID value=126055
D 12:49:44.0628624 PowerTaskList.DebugPrintPower() -             tag=SPAWN_TIME_COUNT value=1
D 12:49:44.0628624 PowerTaskList.DebugPrintPower() -             tag=4901 value=0
D 12:49:44.0628624 PowerTaskList.DebugPrintPower() -         TAG_CHANGE Entity=[entityName=UNKNOWN ENTITY [cardType=INVALID] id=101 zone=SETASIDE zonePos=0 cardId= player=2] tag=1068 value=1 
D 12:49:44.0628624 PowerTaskList.DebugPrintPower() -         TAG_CHANGE Entity=[entityName=UNKNOWN ENTITY [cardType=INVALID] id=101 zone=SETASIDE zonePos=0 cardId= player=2] tag=1068 value=0 
D 12:49:44.0628624 PowerTaskList.DebugPrintPower() -         TAG_CHANGE Entity=[entityName=UNKNOWN ENTITY [cardType=INVALID] id=101 zone=SETASIDE zonePos=0 cardId= player=2] tag=ZONE value=PLAY 
D 12:49:44.0628624 PowerTaskList.DebugPrintPower() -         TAG_CHANGE Entity=[entityName=医疗兵伊莉斯 id=72 zone=PLAY zonePos=0 cardId=HERO_09av player=2] tag=3085 value=40 
D 12:49:44.0628624 PowerTaskList.DebugPrintPower() -         TAG_CHANGE Entity=[entityName=医疗兵伊莉斯 id=72 zone=PLAY zonePos=0 cardId=HERO_09av player=2] tag=HEALTH value=40 
D 12:49:44.0628624 PowerTaskList.DebugPrintPower() -         TAG_CHANGE Entity=[entityName=医疗兵伊莉斯 id=72 zone=PLAY zonePos=0 cardId=HERO_09av player=2] tag=4741 value=1 
D 12:49:44.0628624 PowerTaskList.DebugPrintPower() -         TAG_CHANGE Entity=[entityName=医疗兵伊莉斯 id=72 zone=PLAY zonePos=0 cardId=HERO_09av player=2] tag=LAST_AFFECTED_BY value=50 
D 12:49:44.0628624 PowerTaskList.DebugPrintPower() -     SUB_SPELL_END
D 12:49:44.0628624 PowerTaskList.DebugDump() - Block End=(null)
D 12:49:44.0628624 PowerProcessor.PrepareHistoryForCurrentTaskList() - m_currentTaskList=20
D 12:49:44.6441582 PowerProcessor.EndCurrentTaskList() - m_currentTaskList=20
D 12:49:44.6501857 PowerTaskList.DebugDump() - ID=21 ParentID=0 PreviousID=20 TaskCount=0
D 12:49:44.6501857 PowerTaskList.DebugDump() - Block Start=(null)
D 12:49:44.6501857 PowerTaskList.DebugPrintPower() - BLOCK_END
D 12:49:44.6501857 PowerProcessor.PrepareHistoryForCurrentTaskList() - m_currentTaskList=21
D 12:49:44.6501857 PowerProcessor.EndCurrentTaskList() - m_currentTaskList=21
D 12:49:44.6501857 PowerTaskList.DebugDump() - ID=22 ParentID=0 PreviousID=0 TaskCount=9
D 12:49:44.6501857 PowerTaskList.DebugPrintPower() - BLOCK_START BlockType=TRIGGER Entity=[entityName=米斯塔·维斯塔 id=32 zone=HAND zonePos=4 cardId=VAC_519 player=1] EffectCardId=System.Collections.Generic.List`1[System.String] EffectIndex=1 Target=0 SubOption=-1 TriggerKeyword=1724
D 12:49:44.6501857 PowerTaskList.DebugPrintPower() -     FULL_ENTITY - Updating [entityName=UNKNOWN ENTITY [cardType=INVALID] id=102 zone=SETASIDE zonePos=0 cardId= player=1] CardID=
D 12:49:44.6501857 PowerTaskList.DebugPrintPower() -         tag=ZONE value=SETASIDE
D 12:49:44.6501857 PowerTaskList.DebugPrintPower() -         tag=CONTROLLER value=1
D 12:49:44.6501857 PowerTaskList.DebugPrintPower() -         tag=ENTITY_ID value=102
D 12:49:44.6501857 PowerTaskList.DebugPrintPower() -     SHOW_ENTITY - Updating Entity=[entityName=UNKNOWN ENTITY [cardType=INVALID] id=102 zone=SETASIDE zonePos=0 cardId= player=1] CardID=VAC_422e
D 12:49:44.6501857 PowerTaskList.DebugPrintPower() -         tag=CONTROLLER value=1
D 12:49:44.6501857 PowerTaskList.DebugPrintPower() -         tag=CARDTYPE value=ENCHANTMENT
D 12:49:44.6501857 PowerTaskList.DebugPrintPower() -         tag=ATTACHED value=2
D 12:49:44.6501857 PowerTaskList.DebugPrintPower() -         tag=ZONE value=SETASIDE
D 12:49:44.6501857 PowerTaskList.DebugPrintPower() -         tag=ENTITY_ID value=102
D 12:49:44.6501857 PowerTaskList.DebugPrintPower() -         tag=CLASS value=NEUTRAL
D 12:49:44.6501857 PowerTaskList.DebugPrintPower() -         tag=CREATOR value=32
D 12:49:44.6501857 PowerTaskList.DebugPrintPower() -         tag=1037 value=1
D 12:49:44.6501857 PowerTaskList.DebugPrintPower() -         tag=1068 value=0
D 12:49:44.6501857 PowerTaskList.DebugPrintPower() -         tag=CREATOR_DBID value=105893
D 12:49:44.6501857 PowerTaskList.DebugPrintPower() -         tag=SPAWN_TIME_COUNT value=1
D 12:49:44.6501857 PowerTaskList.DebugPrintPower() -         tag=4901 value=0
D 12:49:44.6501857 PowerTaskList.DebugPrintPower() -     TAG_CHANGE Entity=[entityName=UNKNOWN ENTITY [cardType=INVALID] id=102 zone=SETASIDE zonePos=0 cardId= player=1] tag=1068 value=1 
D 12:49:44.6501857 PowerTaskList.DebugPrintPower() -     TAG_CHANGE Entity=[entityName=UNKNOWN ENTITY [cardType=INVALID] id=102 zone=SETASIDE zonePos=0 cardId= player=1] tag=1068 value=0 
D 12:49:44.6501857 PowerTaskList.DebugPrintPower() -     TAG_CHANGE Entity=[entityName=UNKNOWN ENTITY [cardType=INVALID] id=102 zone=SETASIDE zonePos=0 cardId= player=1] tag=ZONE value=PLAY 
D 12:49:44.6501857 PowerTaskList.DebugPrintPower() -     TAG_CHANGE Entity=湫然#51704 tag=4741 value=1 
D 12:49:44.6501857 PowerTaskList.DebugPrintPower() -     TAG_CHANGE Entity=湫然#51704 tag=LAST_AFFECTED_BY value=32 
D 12:49:44.6501857 PowerTaskList.DebugPrintPower() -     TAG_CHANGE Entity=[entityName=UNKNOWN ENTITY [cardType=INVALID] id=102 zone=SETASIDE zonePos=0 cardId= player=1] tag=TAG_SCRIPT_DATA_NUM_1 value=105893 
D 12:49:44.6501857 PowerTaskList.DebugPrintPower() -     TAG_CHANGE Entity=[entityName=UNKNOWN ENTITY [cardType=INVALID] id=102 zone=SETASIDE zonePos=0 cardId= player=1] tag=TAG_SCRIPT_DATA_NUM_2 value=4 
D 12:49:44.6501857 PowerTaskList.DebugPrintPower() - BLOCK_END
D 12:49:44.6501857 PowerProcessor.PrepareHistoryForCurrentTaskList() - m_currentTaskList=22
D 12:49:44.6678458 PowerProcessor.EndCurrentTaskList() - m_currentTaskList=22
D 12:49:44.6734658 PowerTaskList.DebugDump() - ID=23 ParentID=0 PreviousID=0 TaskCount=10
D 12:49:44.6734658 PowerTaskList.DebugPrintPower() - BLOCK_START BlockType=TRIGGER Entity=[entityName=UNKNOWN ENTITY [cardType=INVALID] id=85 zone=HAND zonePos=3 cardId= player=2] EffectCardId=System.Collections.Generic.List`1[System.String] EffectIndex=1 Target=0 SubOption=-1 TriggerKeyword=1724
D 12:49:44.6734658 PowerTaskList.DebugPrintPower() -     FULL_ENTITY - Updating [entityName=UNKNOWN ENTITY [cardType=INVALID] id=103 zone=SETASIDE zonePos=0 cardId= player=2] CardID=
D 12:49:44.6734658 PowerTaskList.DebugPrintPower() -         tag=ZONE value=SETASIDE
D 12:49:44.6734658 PowerTaskList.DebugPrintPower() -         tag=CONTROLLER value=2
D 12:49:44.6734658 PowerTaskList.DebugPrintPower() -         tag=ENTITY_ID value=103
D 12:49:44.6734658 PowerTaskList.DebugPrintPower() -     SHOW_ENTITY - Updating Entity=[entityName=UNKNOWN ENTITY [cardType=INVALID] id=103 zone=SETASIDE zonePos=0 cardId= player=2] CardID=VAC_422e
D 12:49:44.6734658 PowerTaskList.DebugPrintPower() -         tag=CONTROLLER value=2
D 12:49:44.6734658 PowerTaskList.DebugPrintPower() -         tag=CARDTYPE value=ENCHANTMENT
D 12:49:44.6734658 PowerTaskList.DebugPrintPower() -         tag=PREMIUM value=1
D 12:49:44.6734658 PowerTaskList.DebugPrintPower() -         tag=ATTACHED value=3
D 12:49:44.6734658 PowerTaskList.DebugPrintPower() -         tag=ZONE value=SETASIDE
D 12:49:44.6734658 PowerTaskList.DebugPrintPower() -         tag=ENTITY_ID value=103
D 12:49:44.6734658 PowerTaskList.DebugPrintPower() -         tag=CLASS value=NEUTRAL
D 12:49:44.6734658 PowerTaskList.DebugPrintPower() -         tag=CREATOR value=85
D 12:49:44.6734658 PowerTaskList.DebugPrintPower() -         tag=1037 value=2
D 12:49:44.6734658 PowerTaskList.DebugPrintPower() -         tag=1068 value=0
D 12:49:44.6734658 PowerTaskList.DebugPrintPower() -         tag=CREATOR_DBID value=105893
D 12:49:44.6734658 PowerTaskList.DebugPrintPower() -         tag=SPAWN_TIME_COUNT value=1
D 12:49:44.6734658 PowerTaskList.DebugPrintPower() -         tag=4901 value=0
D 12:49:44.6734658 PowerTaskList.DebugPrintPower() -     TAG_CHANGE Entity=[entityName=UNKNOWN ENTITY [cardType=INVALID] id=103 zone=SETASIDE zonePos=0 cardId= player=2] tag=1068 value=1 
D 12:49:44.6734658 PowerTaskList.DebugPrintPower() -     TAG_CHANGE Entity=[entityName=UNKNOWN ENTITY [cardType=INVALID] id=103 zone=SETASIDE zonePos=0 cardId= player=2] tag=1068 value=0 
D 12:49:44.6734658 PowerTaskList.DebugPrintPower() -     TAG_CHANGE Entity=[entityName=UNKNOWN ENTITY [cardType=INVALID] id=103 zone=SETASIDE zonePos=0 cardId= player=2] tag=ZONE value=PLAY 
D 12:49:44.6734658 PowerTaskList.DebugPrintPower() -     TAG_CHANGE Entity=光鲜亮丽我要进肺#5528 tag=4741 value=2 
D 12:49:44.6734658 PowerTaskList.DebugPrintPower() -     TAG_CHANGE Entity=光鲜亮丽我要进肺#5528 tag=LAST_AFFECTED_BY value=85 
D 12:49:44.6734658 PowerTaskList.DebugPrintPower() -     TAG_CHANGE Entity=[entityName=UNKNOWN ENTITY [cardType=INVALID] id=103 zone=SETASIDE zonePos=0 cardId= player=2] tag=TAG_SCRIPT_DATA_NUM_1 value=105893 
D 12:49:44.6734658 PowerTaskList.DebugPrintPower() -     TAG_CHANGE Entity=[entityName=UNKNOWN ENTITY [cardType=INVALID] id=103 zone=SETASIDE zonePos=0 cardId= player=2] tag=TAG_SCRIPT_DATA_NUM_2 value=4 
D 12:49:44.6734658 PowerTaskList.DebugPrintPower() -     TAG_CHANGE Entity=[entityName=UNKNOWN ENTITY [cardType=INVALID] id=103 zone=SETASIDE zonePos=0 cardId= player=2] tag=TAG_SCRIPT_DATA_NUM_3 value=1 
D 12:49:44.6734658 PowerTaskList.DebugPrintPower() - BLOCK_END
D 12:49:44.6734658 PowerProcessor.PrepareHistoryForCurrentTaskList() - m_currentTaskList=23
D 12:49:44.6895712 PowerProcessor.EndCurrentTaskList() - m_currentTaskList=23
D 12:49:44.6955982 PowerTaskList.DebugDump() - ID=24 ParentID=0 PreviousID=0 TaskCount=3
D 12:49:44.6955982 PowerTaskList.DebugPrintPower() - BLOCK_START BlockType=TRIGGER Entity=[entityName=UNKNOWN ENTITY [cardType=INVALID] id=64 zone=DECK zonePos=0 cardId= player=2] EffectCardId=System.Collections.Generic.List`1[System.String] EffectIndex=1 Target=0 SubOption=-1 TriggerKeyword=1724
D 12:49:44.6955982 PowerTaskList.DebugPrintPower() -     TAG_CHANGE Entity=[entityName=游客额外效果 id=103 zone=PLAY zonePos=0 cardId=VAC_422e player=2] tag=TAG_SCRIPT_DATA_NUM_1 value=108887 
D 12:49:44.6955982 PowerTaskList.DebugPrintPower() -     TAG_CHANGE Entity=[entityName=游客额外效果 id=103 zone=PLAY zonePos=0 cardId=VAC_422e player=2] tag=TAG_SCRIPT_DATA_NUM_2 value=3 
D 12:49:44.6955982 PowerTaskList.DebugPrintPower() -     TAG_CHANGE Entity=[entityName=游客额外效果 id=103 zone=PLAY zonePos=0 cardId=VAC_422e player=2] tag=TAG_SCRIPT_DATA_NUM_3 value=3 
D 12:49:44.6955982 PowerTaskList.DebugPrintPower() - BLOCK_END
D 12:49:44.6955982 PowerProcessor.PrepareHistoryForCurrentTaskList() - m_currentTaskList=24
D 12:49:44.6955982 PowerProcessor.EndCurrentTaskList() - m_currentTaskList=24
D 12:49:44.6955982 PowerTaskList.DebugDump() - ID=25 ParentID=0 PreviousID=0 TaskCount=0
D 12:49:44.6955982 PowerTaskList.DebugPrintPower() - BLOCK_START BlockType=TRIGGER Entity=GameEntity EffectCardId=System.Collections.Generic.List`1[System.String] EffectIndex=4 Target=0 SubOption=-1 TriggerKeyword=TAG_NOT_SET
D 12:49:44.6955982 PowerTaskList.DebugPrintPower() - BLOCK_END
D 12:49:44.6955982 PowerProcessor.PrepareHistoryForCurrentTaskList() - m_currentTaskList=25
D 12:49:44.6955982 PowerProcessor.EndCurrentTaskList() - m_currentTaskList=25
D 12:49:44.6955982 PowerTaskList.DebugDump() - ID=26 ParentID=0 PreviousID=0 TaskCount=1
D 12:49:44.6955982 PowerTaskList.DebugDump() - Block Start=(null)
D 12:49:44.6955982 PowerTaskList.DebugPrintPower() -     TAG_CHANGE Entity=GameEntity tag=STEP value=MAIN_READY 
D 12:49:44.6955982 PowerTaskList.DebugDump() - Block End=(null)
D 12:49:44.6955982 PowerProcessor.PrepareHistoryForCurrentTaskList() - m_currentTaskList=26
D 12:49:44.6955982 PowerProcessor.EndCurrentTaskList() - m_currentTaskList=26
D 12:49:44.6955982 PowerTaskList.DebugDump() - ID=27 ParentID=0 PreviousID=0 TaskCount=10
D 12:49:44.6955982 PowerTaskList.DebugPrintPower() - BLOCK_START BlockType=TRIGGER Entity=光鲜亮丽我要进肺#5528 EffectCardId=System.Collections.Generic.List`1[System.String] EffectIndex=-1 Target=0 SubOption=-1 TriggerKeyword=TAG_NOT_SET
D 12:49:44.6955982 PowerTaskList.DebugPrintPower() -     TAG_CHANGE Entity=GameEntity tag=NUM_TURNS_IN_PLAY value=1 
D 12:49:44.6955982 PowerTaskList.DebugPrintPower() -     TAG_CHANGE Entity=湫然#51704 tag=NUM_TURNS_IN_PLAY value=1 
D 12:49:44.6955982 PowerTaskList.DebugPrintPower() -     TAG_CHANGE Entity=光鲜亮丽我要进肺#5528 tag=NUM_TURNS_IN_PLAY value=1 
D 12:49:44.6955982 PowerTaskList.DebugPrintPower() -     TAG_CHANGE Entity=[entityName=嘲风望月露娜拉 id=70 zone=PLAY zonePos=0 cardId=HERO_06bi player=1] tag=NUM_TURNS_IN_PLAY value=1 
D 12:49:44.6955982 PowerTaskList.DebugPrintPower() -     TAG_CHANGE Entity=[entityName=变形 id=71 zone=PLAY zonePos=0 cardId=HERO_06ebp player=1] tag=NUM_TURNS_IN_PLAY value=1 
D 12:49:44.6955982 PowerTaskList.DebugPrintPower() -     TAG_CHANGE Entity=[entityName=医疗兵伊莉斯 id=72 zone=PLAY zonePos=0 cardId=HERO_09av player=2] tag=NUM_TURNS_IN_PLAY value=1 
D 12:49:44.6955982 PowerTaskList.DebugPrintPower() -     TAG_CHANGE Entity=[entityName=次级治疗术 id=73 zone=PLAY zonePos=0 cardId=HERO_09dbp player=2] tag=NUM_TURNS_IN_PLAY value=1 
D 12:49:44.6955982 PowerTaskList.DebugPrintPower() -     TAG_CHANGE Entity=光鲜亮丽我要进肺#5528 tag=RESOURCES value=1 
D 12:49:44.6955982 PowerTaskList.DebugPrintPower() -     TAG_CHANGE Entity=GameEntity tag=NEXT_STEP value=MAIN_START_TRIGGERS 
D 12:49:44.6955982 PowerTaskList.DebugPrintPower() -     TAG_CHANGE Entity=光鲜亮丽我要进肺#5528 tag=1575 value=0 
D 12:49:44.6955982 PowerTaskList.DebugPrintPower() - BLOCK_END
D 12:49:44.6955982 PowerProcessor.PrepareHistoryForCurrentTaskList() - m_currentTaskList=27
D 12:49:44.6955982 PowerProcessor.EndCurrentTaskList() - m_currentTaskList=27
D 12:49:44.6955982 PowerTaskList.DebugDump() - ID=28 ParentID=0 PreviousID=0 TaskCount=1
D 12:49:44.6955982 PowerTaskList.DebugDump() - Block Start=(null)
D 12:49:44.6955982 PowerTaskList.DebugPrintPower() -     TAG_CHANGE Entity=GameEntity tag=STEP value=MAIN_START_TRIGGERS 
D 12:49:44.6955982 PowerTaskList.DebugDump() - Block End=(null)
D 12:49:44.6955982 PowerProcessor.PrepareHistoryForCurrentTaskList() - m_currentTaskList=28
D 12:49:44.6955982 PowerProcessor.EndCurrentTaskList() - m_currentTaskList=28
D 12:49:44.6955982 PowerTaskList.DebugDump() - ID=29 ParentID=0 PreviousID=0 TaskCount=0
D 12:49:44.6955982 PowerTaskList.DebugPrintPower() - BLOCK_START BlockType=TRIGGER Entity=[entityName=守望者亢祖 id=74 zone=COSMETIC zonePos=0 cardId=PET_12_4 player=2] EffectCardId=System.Collections.Generic.List`1[System.String] EffectIndex=35 Target=0 SubOption=-1 TriggerKeyword=TAG_NOT_SET
D 12:49:44.6955982 PowerTaskList.DebugPrintPower() - BLOCK_END
D 12:49:44.6955982 PowerProcessor.PrepareHistoryForCurrentTaskList() - m_currentTaskList=29
D 12:49:44.6955982 PowerProcessor.EndCurrentTaskList() - m_currentTaskList=29
D 12:49:44.6955982 PowerTaskList.DebugDump() - ID=30 ParentID=0 PreviousID=0 TaskCount=1
D 12:49:44.6955982 PowerTaskList.DebugPrintPower() - BLOCK_START BlockType=TRIGGER Entity=[entityName=守望者亢祖 id=74 zone=COSMETIC zonePos=0 cardId=PET_12_4 player=2] EffectCardId=System.Collections.Generic.List`1[System.String] EffectIndex=5 Target=0 SubOption=-1 TriggerKeyword=TAG_NOT_SET
D 12:49:44.6955982 PowerTaskList.DebugPrintPower() -     TAG_CHANGE Entity=[entityName=守望者亢祖 id=74 zone=COSMETIC zonePos=0 cardId=PET_12_4 player=2] tag=PET_EVENT_ID value=12 
D 12:49:44.6955982 PowerTaskList.DebugPrintPower() - BLOCK_END
D 12:49:44.6955982 PowerProcessor.PrepareHistoryForCurrentTaskList() - m_currentTaskList=30
D 12:49:44.6955982 PowerProcessor.EndCurrentTaskList() - m_currentTaskList=30
D 12:49:44.6955982 PowerTaskList.DebugDump() - ID=31 ParentID=0 PreviousID=0 TaskCount=1
D 12:49:44.6955982 PowerTaskList.DebugPrintPower() - BLOCK_START BlockType=TRIGGER Entity=光鲜亮丽我要进肺#5528 EffectCardId=System.Collections.Generic.List`1[System.String] EffectIndex=-1 Target=0 SubOption=-1 TriggerKeyword=TAG_NOT_SET
D 12:49:44.6955982 PowerTaskList.DebugPrintPower() -     TAG_CHANGE Entity=GameEntity tag=NEXT_STEP value=MAIN_START 
D 12:49:44.6955982 PowerTaskList.DebugPrintPower() - BLOCK_END
D 12:49:44.6955982 PowerProcessor.PrepareHistoryForCurrentTaskList() - m_currentTaskList=31
D 12:49:44.6955982 PowerProcessor.EndCurrentTaskList() - m_currentTaskList=31
D 12:49:44.6955982 PowerTaskList.DebugDump() - ID=32 ParentID=0 PreviousID=0 TaskCount=1
D 12:49:44.6955982 PowerTaskList.DebugDump() - Block Start=(null)
D 12:49:44.6955982 PowerTaskList.DebugPrintPower() -     TAG_CHANGE Entity=GameEntity tag=STEP value=MAIN_START 
D 12:49:44.6955982 PowerTaskList.DebugDump() - Block End=(null)
D 12:49:44.6955982 PowerProcessor.PrepareHistoryForCurrentTaskList() - m_currentTaskList=32
D 12:49:44.6955982 PowerProcessor.EndCurrentTaskList() - m_currentTaskList=32
D 12:49:44.6955982 PowerTaskList.DebugDump() - ID=33 ParentID=0 PreviousID=0 TaskCount=9
D 12:49:44.6955982 PowerTaskList.DebugPrintPower() - BLOCK_START BlockType=TRIGGER Entity=光鲜亮丽我要进肺#5528 EffectCardId=System.Collections.Generic.List`1[System.String] EffectIndex=-1 Target=0 SubOption=-1 TriggerKeyword=TAG_NOT_SET
D 12:49:44.6955982 PowerTaskList.DebugPrintPower() -     TAG_CHANGE Entity=光鲜亮丽我要进肺#5528 tag=467 value=1 
D 12:49:44.6955982 PowerTaskList.DebugPrintPower() -     TAG_CHANGE Entity=[entityName=UNKNOWN ENTITY [cardType=INVALID] id=66 zone=DECK zonePos=0 cardId= player=2] tag=ZONE value=HAND 
D 12:49:44.6955982 PowerTaskList.DebugPrintPower() -     TAG_CHANGE Entity=[entityName=UNKNOWN ENTITY [cardType=INVALID] id=66 zone=DECK zonePos=0 cardId= player=2] tag=ZONE_POSITION value=4 
D 12:49:44.6955982 PowerTaskList.DebugPrintPower() -     TAG_CHANGE Entity=[entityName=UNKNOWN ENTITY [cardType=INVALID] id=66 zone=DECK zonePos=0 cardId= player=2] tag=ZONE_POSITION value=0 
D 12:49:44.6955982 PowerTaskList.DebugPrintPower() -     TAG_CHANGE Entity=[entityName=UNKNOWN ENTITY [cardType=INVALID] id=66 zone=DECK zonePos=0 cardId= player=2] tag=ZONE_POSITION value=4 
D 12:49:44.6955982 PowerTaskList.DebugPrintPower() -     TAG_CHANGE Entity=光鲜亮丽我要进肺#5528 tag=NUM_CARDS_DRAWN_THIS_TURN value=1 
D 12:49:44.6955982 PowerTaskList.DebugPrintPower() -     TAG_CHANGE Entity=光鲜亮丽我要进肺#5528 tag=995 value=1 
D 12:49:44.6955982 PowerTaskList.DebugPrintPower() -     TAG_CHANGE Entity=光鲜亮丽我要进肺#5528 tag=467 value=0 
D 12:49:44.6955982 PowerTaskList.DebugPrintPower() -     TAG_CHANGE Entity=GameEntity tag=NEXT_STEP value=MAIN_ACTION 
D 12:49:44.6955982 PowerTaskList.DebugPrintPower() - BLOCK_END
D 12:49:44.6955982 PowerProcessor.PrepareHistoryForCurrentTaskList() - m_currentTaskList=33
D 12:49:46.2567280 PowerProcessor.EndCurrentTaskList() - m_currentTaskList=33
D 12:49:46.2638135 PowerTaskList.DebugDump() - ID=35 ParentID=33 PreviousID=0 TaskCount=1
D 12:49:46.2638135 PowerTaskList.DebugPrintPower() - BLOCK_START BlockType=TRIGGER Entity=[entityName=守望者亢祖 id=74 zone=COSMETIC zonePos=0 cardId=PET_12_4 player=2] EffectCardId=System.Collections.Generic.List`1[System.String] EffectIndex=28 Target=0 SubOption=-1 TriggerKeyword=TAG_NOT_SET
D 12:49:46.2638135 PowerTaskList.DebugPrintPower() -     TAG_CHANGE Entity=[entityName=守望者亢祖 id=74 zone=COSMETIC zonePos=0 cardId=PET_12_4 player=2] tag=PET_EVENT_ID value=0 
D 12:49:46.2638135 PowerTaskList.DebugPrintPower() - BLOCK_END
D 12:49:46.2638135 PowerProcessor.PrepareHistoryForCurrentTaskList() - m_currentTaskList=35
D 12:49:46.2638135 PowerProcessor.EndCurrentTaskList() - m_currentTaskList=35
D 12:49:46.2638135 PowerTaskList.DebugDump() - ID=36 ParentID=0 PreviousID=0 TaskCount=1
D 12:49:46.2638135 PowerTaskList.DebugDump() - Block Start=(null)
D 12:49:46.2638135 PowerTaskList.DebugPrintPower() -     TAG_CHANGE Entity=GameEntity tag=STEP value=MAIN_ACTION 
D 12:49:46.2638135 PowerTaskList.DebugDump() - Block End=(null)
D 12:49:46.2638135 PowerProcessor.PrepareHistoryForCurrentTaskList() - m_currentTaskList=36
D 12:49:46.2638135 PowerProcessor.EndCurrentTaskList() - m_currentTaskList=36
D 12:49:46.2638135 PowerTaskList.DebugDump() - ID=37 ParentID=0 PreviousID=0 TaskCount=1
D 12:49:46.2638135 PowerTaskList.DebugPrintPower() - BLOCK_START BlockType=TRIGGER Entity=光鲜亮丽我要进肺#5528 EffectCardId=System.Collections.Generic.List`1[System.String] EffectIndex=-1 Target=0 SubOption=-1 TriggerKeyword=TAG_NOT_SET
D 12:49:46.2638135 PowerTaskList.DebugPrintPower() -     TAG_CHANGE Entity=GameEntity tag=NEXT_STEP value=MAIN_END 
D 12:49:46.2638135 PowerTaskList.DebugPrintPower() - BLOCK_END
D 12:49:46.2638135 PowerProcessor.PrepareHistoryForCurrentTaskList() - m_currentTaskList=37
D 12:49:46.2638135 PowerProcessor.EndCurrentTaskList() - m_currentTaskList=37
D 12:49:51.2994210 GameState.DebugPrintPowerList() - Count=29
D 12:49:51.2994210 GameState.DebugPrintPower() - BLOCK_START BlockType=PLAY Entity=[entityName=UNKNOWN ENTITY [cardType=INVALID] id=59 zone=HAND zonePos=1 cardId= player=2] EffectCardId=System.Collections.Generic.List`1[System.String] EffectIndex=0 Target=0 SubOption=-1 
D 12:49:51.2994210 GameState.DebugPrintPower() -     TAG_CHANGE Entity=光鲜亮丽我要进肺#5528 tag=2245 value=1 
D 12:49:51.2994210 GameState.DebugPrintPower() -     TAG_CHANGE Entity=光鲜亮丽我要进肺#5528 tag=RESOURCES_USED value=1 
D 12:49:51.2994210 GameState.DebugPrintPower() -     TAG_CHANGE Entity=光鲜亮丽我要进肺#5528 tag=NUM_RESOURCES_SPENT_THIS_GAME value=1 
D 12:49:51.2994210 GameState.DebugPrintPower() -     TAG_CHANGE Entity=光鲜亮丽我要进肺#5528 tag=NUM_CARDS_PLAYED_THIS_TURN value=1 
D 12:49:51.2994210 GameState.DebugPrintPower() -     TAG_CHANGE Entity=光鲜亮丽我要进肺#5528 tag=430 value=1 
D 12:49:51.2994210 GameState.DebugPrintPower() -     TAG_CHANGE Entity=[entityName=UNKNOWN ENTITY [cardType=INVALID] id=66 zone=HAND zonePos=4 cardId= player=2] tag=ZONE_POSITION value=3 
D 12:49:51.2994210 GameState.DebugPrintPower() -     TAG_CHANGE Entity=[entityName=UNKNOWN ENTITY [cardType=INVALID] id=85 zone=HAND zonePos=3 cardId= player=2] tag=ZONE_POSITION value=2 
D 12:49:51.2994210 GameState.DebugPrintPower() -     TAG_CHANGE Entity=[entityName=UNKNOWN ENTITY [cardType=INVALID] id=94 zone=HAND zonePos=2 cardId= player=2] tag=ZONE_POSITION value=1 
D 12:49:51.2994210 GameState.DebugPrintPower() -     TAG_CHANGE Entity=[entityName=UNKNOWN ENTITY [cardType=INVALID] id=59 zone=HAND zonePos=1 cardId= player=2] tag=ZONE_POSITION value=0 
D 12:49:51.2994210 GameState.DebugPrintPower() -     TAG_CHANGE Entity=[entityName=UNKNOWN ENTITY [cardType=INVALID] id=59 zone=HAND zonePos=1 cardId= player=2] tag=EXHAUSTED value=0 
D 12:49:51.2994210 GameState.DebugPrintPower() -     TAG_CHANGE Entity=[entityName=UNKNOWN ENTITY [cardType=INVALID] id=59 zone=HAND zonePos=1 cardId= player=2] tag=SECRET value=0 
D 12:49:51.2994210 GameState.DebugPrintPower() -     TAG_CHANGE Entity=[entityName=UNKNOWN ENTITY [cardType=INVALID] id=59 zone=HAND zonePos=1 cardId= player=2] tag=CLASS value=PRIEST 
D 12:49:51.2994210 GameState.DebugPrintPower() -     TAG_CHANGE Entity=[entityName=UNKNOWN ENTITY [cardType=INVALID] id=59 zone=HAND zonePos=1 cardId= player=2] tag=MULTIPLE_CLASSES value=0 
D 12:49:51.2994210 GameState.DebugPrintPower() -     TAG_CHANGE Entity=[entityName=UNKNOWN ENTITY [cardType=INVALID] id=59 zone=HAND zonePos=1 cardId= player=2] tag=COST value=1 
D 12:49:51.2994210 GameState.DebugPrintPower() -     TAG_CHANGE Entity=[entityName=UNKNOWN ENTITY [cardType=INVALID] id=59 zone=HAND zonePos=1 cardId= player=2] tag=TAG_LAST_KNOWN_COST_IN_HAND value=1 
D 12:49:51.2994210 GameState.DebugPrintPower() -     TAG_CHANGE Entity=[entityName=UNKNOWN ENTITY [cardType=INVALID] id=59 zone=HAND zonePos=1 cardId= player=2] tag=SECRET_LOCKED value=0 
D 12:49:51.2994210 GameState.DebugPrintPower() -     SHOW_ENTITY - Updating Entity=[entityName=UNKNOWN ENTITY [cardType=INVALID] id=59 zone=HAND zonePos=1 cardId= player=2] CardID=SW_433
D 12:49:51.2994210 GameState.DebugPrintPower() -         tag=CONTROLLER value=2
D 12:49:51.2994210 GameState.DebugPrintPower() -         tag=CARDTYPE value=SPELL
D 12:49:51.2994210 GameState.DebugPrintPower() -         tag=TAG_LAST_KNOWN_COST_IN_HAND value=1
D 12:49:51.2994210 GameState.DebugPrintPower() -         tag=COST value=1
D 12:49:51.2994210 GameState.DebugPrintPower() -         tag=ZONE value=SECRET
D 12:49:51.2994210 GameState.DebugPrintPower() -         tag=ENTITY_ID value=59
D 12:49:51.2994210 GameState.DebugPrintPower() -         tag=ELITE value=1
D 12:49:51.2994210 GameState.DebugPrintPower() -         tag=CLASS value=PRIEST
D 12:49:51.2994210 GameState.DebugPrintPower() -         tag=RARITY value=LEGENDARY
D 12:49:51.2994210 GameState.DebugPrintPower() -         tag=JUST_PLAYED value=1
D 12:49:51.2994210 GameState.DebugPrintPower() -         tag=ZONE_POSITION value=0
D 12:49:51.2994210 GameState.DebugPrintPower() -         tag=NUM_TURNS_IN_HAND value=1
D 12:49:51.2994210 GameState.DebugPrintPower() -         tag=478 value=2
D 12:49:51.2994210 GameState.DebugPrintPower() -         tag=QUEST_PROGRESS_TOTAL value=3
D 12:49:51.2994210 GameState.DebugPrintPower() -         tag=DONT_PICK_FROM_SUBSETS value=1
D 12:49:51.2994210 GameState.DebugPrintPower() -         tag=839 value=1
D 12:49:51.2994210 GameState.DebugPrintPower() -         tag=1043 value=1
D 12:49:51.2994210 GameState.DebugPrintPower() -         tag=1068 value=0
D 12:49:51.2994210 GameState.DebugPrintPower() -         tag=QUEST_REWARD_DATABASE_ID value=64350
D 12:49:51.2994210 GameState.DebugPrintPower() -         tag=USE_DISCOVER_VISUALS value=1
D 12:49:51.2994210 GameState.DebugPrintPower() -         tag=SPAWN_TIME_COUNT value=1
D 12:49:51.2994210 GameState.DebugPrintPower() -         tag=QUESTLINE value=1
D 12:49:51.2994210 GameState.DebugPrintPower() -         tag=QUESTLINE_FINAL_REWARD_DATABASE_ID value=65723
D 12:49:51.2994210 GameState.DebugPrintPower() -         tag=QUESTLINE_PART value=1
D 12:49:51.2994210 GameState.DebugPrintPower() -         tag=3557 value=1
D 12:49:51.2994210 GameState.DebugPrintPower() -     TAG_CHANGE Entity=[entityName=UNKNOWN ENTITY [cardType=INVALID] id=59 zone=HAND zonePos=1 cardId= player=2] tag=3736 value=1 
D 12:49:51.2994210 GameState.DebugPrintPower() -     META_DATA - Meta=SLUSH_TIME Data=3000 InfoCount=1
D 12:49:51.2994210 GameState.DebugPrintPower() -                 Info[0] = [entityName=UNKNOWN ENTITY [cardType=INVALID] id=59 zone=HAND zonePos=1 cardId= player=2]
D 12:49:51.2994210 GameState.DebugPrintPower() -     TAG_CHANGE Entity=光鲜亮丽我要进肺#5528 tag=NUM_SPELLS_PLAYED_THIS_GAME value=1 
D 12:49:51.2994210 GameState.DebugPrintPower() -     BLOCK_START BlockType=TRIGGER Entity=[entityName=守望者亢祖 id=74 zone=COSMETIC zonePos=0 cardId=PET_12_4 player=2] EffectCardId=System.Collections.Generic.List`1[System.String] EffectIndex=8 Target=0 SubOption=-1 TriggerKeyword=TAG_NOT_SET
D 12:49:51.2994210 GameState.DebugPrintPower() -         TAG_CHANGE Entity=[entityName=守望者亢祖 id=74 zone=COSMETIC zonePos=0 cardId=PET_12_4 player=2] tag=PET_EVENT_ID value=15 
D 12:49:51.2994210 GameState.DebugPrintPower() -     BLOCK_END
D 12:49:51.2994210 GameState.DebugPrintPower() -     TAG_CHANGE Entity=光鲜亮丽我要进肺#5528 tag=COMBO_ACTIVE value=1 
D 12:49:51.2994210 GameState.DebugPrintPower() -     TAG_CHANGE Entity=GameEntity tag=1323 value=1 
D 12:49:51.2994210 GameState.DebugPrintPower() -     TAG_CHANGE Entity=光鲜亮丽我要进肺#5528 tag=NUM_OPTIONS_PLAYED_THIS_TURN value=1 
D 12:49:51.2994210 GameState.DebugPrintPower() - BLOCK_END
D 12:49:51.2994210 GameState.DebugPrintPower() - META_DATA - Meta=SLUSH_TIME Data=1000 InfoCount=1
D 12:49:51.2994210 GameState.DebugPrintPower() -             Info[0] = [entityName=UNKNOWN ENTITY [cardType=INVALID] id=59 zone=HAND zonePos=1 cardId= player=2]
D 12:49:51.2994210 PowerTaskList.DebugDump() - ID=38 ParentID=0 PreviousID=0 TaskCount=23
D 12:49:51.2994210 PowerTaskList.DebugPrintPower() - BLOCK_START BlockType=PLAY Entity=[entityName=UNKNOWN ENTITY [cardType=INVALID] id=59 zone=HAND zonePos=1 cardId= player=2] EffectCardId=System.Collections.Generic.List`1[System.String] EffectIndex=0 Target=0 SubOption=-1 
D 12:49:51.2994210 PowerTaskList.DebugPrintPower() -     TAG_CHANGE Entity=光鲜亮丽我要进肺#5528 tag=2245 value=1 
D 12:49:51.2994210 PowerTaskList.DebugPrintPower() -     TAG_CHANGE Entity=光鲜亮丽我要进肺#5528 tag=RESOURCES_USED value=1 
D 12:49:51.2994210 PowerTaskList.DebugPrintPower() -     TAG_CHANGE Entity=光鲜亮丽我要进肺#5528 tag=NUM_RESOURCES_SPENT_THIS_GAME value=1 
D 12:49:51.2994210 PowerTaskList.DebugPrintPower() -     TAG_CHANGE Entity=光鲜亮丽我要进肺#5528 tag=NUM_CARDS_PLAYED_THIS_TURN value=1 
D 12:49:51.2994210 PowerTaskList.DebugPrintPower() -     TAG_CHANGE Entity=光鲜亮丽我要进肺#5528 tag=430 value=1 
D 12:49:51.2994210 PowerTaskList.DebugPrintPower() -     TAG_CHANGE Entity=[entityName=UNKNOWN ENTITY [cardType=INVALID] id=66 zone=HAND zonePos=4 cardId= player=2] tag=ZONE_POSITION value=3 
D 12:49:51.2994210 PowerTaskList.DebugPrintPower() -     TAG_CHANGE Entity=[entityName=UNKNOWN ENTITY [cardType=INVALID] id=85 zone=HAND zonePos=3 cardId= player=2] tag=ZONE_POSITION value=2 
D 12:49:51.2994210 PowerTaskList.DebugPrintPower() -     TAG_CHANGE Entity=[entityName=UNKNOWN ENTITY [cardType=INVALID] id=94 zone=HAND zonePos=2 cardId= player=2] tag=ZONE_POSITION value=1 
D 12:49:51.2994210 PowerTaskList.DebugPrintPower() -     TAG_CHANGE Entity=[entityName=UNKNOWN ENTITY [cardType=INVALID] id=59 zone=HAND zonePos=1 cardId= player=2] tag=ZONE_POSITION value=0 
D 12:49:51.2994210 PowerTaskList.DebugPrintPower() -     TAG_CHANGE Entity=[entityName=UNKNOWN ENTITY [cardType=INVALID] id=59 zone=HAND zonePos=1 cardId= player=2] tag=EXHAUSTED value=0 
D 12:49:51.2994210 PowerTaskList.DebugPrintPower() -     TAG_CHANGE Entity=[entityName=UNKNOWN ENTITY [cardType=INVALID] id=59 zone=HAND zonePos=1 cardId= player=2] tag=SECRET value=0 
D 12:49:51.2994210 PowerTaskList.DebugPrintPower() -     TAG_CHANGE Entity=[entityName=UNKNOWN ENTITY [cardType=INVALID] id=59 zone=HAND zonePos=1 cardId= player=2] tag=CLASS value=PRIEST 
D 12:49:51.2994210 PowerTaskList.DebugPrintPower() -     TAG_CHANGE Entity=[entityName=UNKNOWN ENTITY [cardType=INVALID] id=59 zone=HAND zonePos=1 cardId= player=2] tag=MULTIPLE_CLASSES value=0 
D 12:49:51.2994210 PowerTaskList.DebugPrintPower() -     TAG_CHANGE Entity=[entityName=UNKNOWN ENTITY [cardType=INVALID] id=59 zone=HAND zonePos=1 cardId= player=2] tag=COST value=1 
D 12:49:51.2994210 PowerTaskList.DebugPrintPower() -     TAG_CHANGE Entity=[entityName=UNKNOWN ENTITY [cardType=INVALID] id=59 zone=HAND zonePos=1 cardId= player=2] tag=TAG_LAST_KNOWN_COST_IN_HAND value=1 
D 12:49:51.2994210 PowerTaskList.DebugPrintPower() -     TAG_CHANGE Entity=[entityName=UNKNOWN ENTITY [cardType=INVALID] id=59 zone=HAND zonePos=1 cardId= player=2] tag=SECRET_LOCKED value=0 
D 12:49:51.2994210 PowerTaskList.DebugPrintPower() -     SHOW_ENTITY - Updating Entity=[entityName=UNKNOWN ENTITY [cardType=INVALID] id=59 zone=HAND zonePos=1 cardId= player=2] CardID=SW_433
D 12:49:51.2994210 PowerTaskList.DebugPrintPower() -         tag=CONTROLLER value=2
D 12:49:51.2994210 PowerTaskList.DebugPrintPower() -         tag=CARDTYPE value=SPELL
D 12:49:51.2994210 PowerTaskList.DebugPrintPower() -         tag=TAG_LAST_KNOWN_COST_IN_HAND value=1
D 12:49:51.2994210 PowerTaskList.DebugPrintPower() -         tag=COST value=1
D 12:49:51.2994210 PowerTaskList.DebugPrintPower() -         tag=ZONE value=SECRET
D 12:49:51.2994210 PowerTaskList.DebugPrintPower() -         tag=ENTITY_ID value=59
D 12:49:51.2994210 PowerTaskList.DebugPrintPower() -         tag=ELITE value=1
D 12:49:51.2994210 PowerTaskList.DebugPrintPower() -         tag=CLASS value=PRIEST
D 12:49:51.2994210 PowerTaskList.DebugPrintPower() -         tag=RARITY value=LEGENDARY
D 12:49:51.2994210 PowerTaskList.DebugPrintPower() -         tag=JUST_PLAYED value=1
D 12:49:51.2994210 PowerTaskList.DebugPrintPower() -         tag=ZONE_POSITION value=0
D 12:49:51.2994210 PowerTaskList.DebugPrintPower() -         tag=NUM_TURNS_IN_HAND value=1
D 12:49:51.2994210 PowerTaskList.DebugPrintPower() -         tag=478 value=2
D 12:49:51.2994210 PowerTaskList.DebugPrintPower() -         tag=QUEST_PROGRESS_TOTAL value=3
D 12:49:51.2994210 PowerTaskList.DebugPrintPower() -         tag=DONT_PICK_FROM_SUBSETS value=1
D 12:49:51.2994210 PowerTaskList.DebugPrintPower() -         tag=839 value=1
D 12:49:51.2994210 PowerTaskList.DebugPrintPower() -         tag=1043 value=1
D 12:49:51.2994210 PowerTaskList.DebugPrintPower() -         tag=1068 value=0
D 12:49:51.2994210 PowerTaskList.DebugPrintPower() -         tag=QUEST_REWARD_DATABASE_ID value=64350
D 12:49:51.2994210 PowerTaskList.DebugPrintPower() -         tag=USE_DISCOVER_VISUALS value=1
D 12:49:51.2994210 PowerTaskList.DebugPrintPower() -         tag=SPAWN_TIME_COUNT value=1
D 12:49:51.2994210 PowerTaskList.DebugPrintPower() -         tag=QUESTLINE value=1
D 12:49:51.2994210 PowerTaskList.DebugPrintPower() -         tag=QUESTLINE_FINAL_REWARD_DATABASE_ID value=65723
D 12:49:51.2994210 PowerTaskList.DebugPrintPower() -         tag=QUESTLINE_PART value=1
D 12:49:51.2994210 PowerTaskList.DebugPrintPower() -         tag=3557 value=1
D 12:49:51.2994210 PowerTaskList.DebugPrintPower() -     TAG_CHANGE Entity=[entityName=UNKNOWN ENTITY [cardType=INVALID] id=59 zone=HAND zonePos=1 cardId= player=2] tag=3736 value=1 
D 12:49:51.2994210 PowerTaskList.DebugPrintPower() -     META_DATA - Meta=SLUSH_TIME Data=3000 InfoCount=1
D 12:49:51.2994210 PowerTaskList.DebugPrintPower() -                 Info[0] = [entityName=UNKNOWN ENTITY [cardType=INVALID] id=59 zone=HAND zonePos=1 cardId= player=2]
D 12:49:51.2994210 PowerTaskList.DebugPrintPower() -     TAG_CHANGE Entity=光鲜亮丽我要进肺#5528 tag=NUM_SPELLS_PLAYED_THIS_GAME value=1 
D 12:49:51.2994210 PowerTaskList.DebugPrintPower() -     TAG_CHANGE Entity=光鲜亮丽我要进肺#5528 tag=COMBO_ACTIVE value=1 
D 12:49:51.2994210 PowerTaskList.DebugPrintPower() -     TAG_CHANGE Entity=GameEntity tag=1323 value=1 
D 12:49:51.2994210 PowerTaskList.DebugPrintPower() -     TAG_CHANGE Entity=光鲜亮丽我要进肺#5528 tag=NUM_OPTIONS_PLAYED_THIS_TURN value=1 
D 12:49:51.2994210 PowerTaskList.DebugPrintPower() - BLOCK_END
D 12:49:51.2994210 PowerProcessor.PrepareHistoryForCurrentTaskList() - m_currentTaskList=38
D 12:49:51.2994210 PowerProcessor.DoTaskListForCard() - unhandled BlockType PLAY for sourceEntity [entityName=UNKNOWN ENTITY [cardType=INVALID] id=59 zone=HAND zonePos=1 cardId= player=2]
D 12:49:52.3518984 PowerProcessor.EndCurrentTaskList() - m_currentTaskList=38
D 12:49:52.9935518 GameState.DebugPrintPowerList() - Count=77
D 12:49:52.9935518 GameState.DebugPrintPower() - TAG_CHANGE Entity=GameEntity tag=STEP value=MAIN_END 
D 12:49:52.9935518 GameState.DebugPrintPower() - BLOCK_START BlockType=TRIGGER Entity=湫然#51704 EffectCardId=System.Collections.Generic.List`1[System.String] EffectIndex=-1 Target=0 SubOption=-1 TriggerKeyword=TAG_NOT_SET
D 12:49:52.9935518 GameState.DebugPrintPower() - BLOCK_END
D 12:49:52.9935518 GameState.DebugPrintPower() - BLOCK_START BlockType=TRIGGER Entity=光鲜亮丽我要进肺#5528 EffectCardId=System.Collections.Generic.List`1[System.String] EffectIndex=-1 Target=0 SubOption=-1 TriggerKeyword=TAG_NOT_SET
D 12:49:52.9935518 GameState.DebugPrintPower() -     TAG_CHANGE Entity=GameEntity tag=NEXT_STEP value=MAIN_CLEANUP 
D 12:49:52.9935518 GameState.DebugPrintPower() - BLOCK_END
D 12:49:52.9935518 GameState.DebugPrintPower() - BLOCK_START BlockType=TRIGGER Entity=光鲜亮丽我要进肺#5528 EffectCardId=System.Collections.Generic.List`1[System.String] EffectIndex=-1 Target=0 SubOption=-1 TriggerKeyword=TAG_NOT_SET
D 12:49:52.9935518 GameState.DebugPrintPower() - BLOCK_END
D 12:49:52.9935518 GameState.DebugPrintPower() - BLOCK_START BlockType=TRIGGER Entity=[entityName=守望者亢祖 id=74 zone=COSMETIC zonePos=0 cardId=PET_12_4 player=2] EffectCardId=System.Collections.Generic.List`1[System.String] EffectIndex=0 Target=0 SubOption=-1 TriggerKeyword=TAG_NOT_SET
D 12:49:52.9935518 GameState.DebugPrintPower() -     TAG_CHANGE Entity=[entityName=守望者亢祖 id=74 zone=COSMETIC zonePos=0 cardId=PET_12_4 player=2] tag=PET_EVENT_ID value=0 
D 12:49:52.9935518 GameState.DebugPrintPower() - BLOCK_END
D 12:49:52.9935518 GameState.DebugPrintPower() - TAG_CHANGE Entity=GameEntity tag=STEP value=MAIN_CLEANUP 
D 12:49:52.9935518 GameState.DebugPrintPower() - BLOCK_START BlockType=TRIGGER Entity=湫然#51704 EffectCardId=System.Collections.Generic.List`1[System.String] EffectIndex=-1 Target=0 SubOption=-1 TriggerKeyword=TAG_NOT_SET
D 12:49:52.9935518 GameState.DebugPrintPower() - BLOCK_END
D 12:49:52.9935518 GameState.DebugPrintPower() - BLOCK_START BlockType=TRIGGER Entity=光鲜亮丽我要进肺#5528 EffectCardId=System.Collections.Generic.List`1[System.String] EffectIndex=-1 Target=0 SubOption=-1 TriggerKeyword=TAG_NOT_SET
D 12:49:52.9935518 GameState.DebugPrintPower() -     TAG_CHANGE Entity=光鲜亮丽我要进肺#5528 tag=COMBO_ACTIVE value=0 
D 12:49:52.9935518 GameState.DebugPrintPower() -     TAG_CHANGE Entity=GameEntity tag=NEXT_STEP value=MAIN_NEXT 
D 12:49:52.9935518 GameState.DebugPrintPower() - BLOCK_END
D 12:49:52.9935518 GameState.DebugPrintPower() - TAG_CHANGE Entity=GameEntity tag=STEP value=MAIN_NEXT 
D 12:49:52.9935518 GameState.DebugPrintPower() - BLOCK_START BlockType=TRIGGER Entity=GameEntity EffectCardId=System.Collections.Generic.List`1[System.String] EffectIndex=-1 Target=0 SubOption=-1 TriggerKeyword=TAG_NOT_SET
D 12:49:52.9935518 GameState.DebugPrintPower() -     TAG_CHANGE Entity=光鲜亮丽我要进肺#5528 tag=1292 value=1 
D 12:49:52.9935518 GameState.DebugPrintPower() -     TAG_CHANGE Entity=光鲜亮丽我要进肺#5528 tag=1292 value=0 
D 12:49:52.9935518 GameState.DebugPrintPower() -     TAG_CHANGE Entity=湫然#51704 tag=1292 value=1 
D 12:49:52.9935518 GameState.DebugPrintPower() -     TAG_CHANGE Entity=光鲜亮丽我要进肺#5528 tag=TIMEOUT value=55 
D 12:49:52.9935518 GameState.DebugPrintPower() -     TAG_CHANGE Entity=[entityName=黑市拍卖师 id=35 zone=HAND zonePos=1 cardId=JAIL_718 player=1] tag=NUM_TURNS_IN_HAND value=2 
D 12:49:52.9935518 GameState.DebugPrintPower() -     TAG_CHANGE Entity=[entityName=幸运币 id=100 zone=HAND zonePos=5 cardId=MUDAN_COIN1 player=1] tag=NUM_TURNS_IN_HAND value=2 
D 12:49:52.9935518 GameState.DebugPrintPower() -     TAG_CHANGE Entity=[entityName=波涛形塑 id=4 zone=HAND zonePos=2 cardId=TIME_701 player=1] tag=NUM_TURNS_IN_HAND value=2 
D 12:49:52.9935518 GameState.DebugPrintPower() -     TAG_CHANGE Entity=[entityName=活体根须 id=20 zone=HAND zonePos=3 cardId=CORE_AT_037 player=1] tag=NUM_TURNS_IN_HAND value=2 
D 12:49:52.9935518 GameState.DebugPrintPower() -     TAG_CHANGE Entity=[entityName=米斯塔·维斯塔 id=32 zone=HAND zonePos=4 cardId=VAC_519 player=1] tag=NUM_TURNS_IN_HAND value=2 
D 12:49:52.9935518 GameState.DebugPrintPower() -     TAG_CHANGE Entity=光鲜亮丽我要进肺#5528 tag=CURRENT_PLAYER value=0 
D 12:49:52.9935518 GameState.DebugPrintPower() -     TAG_CHANGE Entity=湫然#51704 tag=CURRENT_PLAYER value=1 
D 12:49:52.9935518 GameState.DebugPrintPower() -     TAG_CHANGE Entity=GameEntity tag=TURN value=2 
D 12:49:52.9935518 GameState.DebugPrintPower() -     TAG_CHANGE Entity=GameEntity tag=1882 value=1 
D 12:49:52.9935518 GameState.DebugPrintPower() -     TAG_CHANGE Entity=湫然#51704 tag=TURN value=1 
D 12:49:52.9935518 GameState.DebugPrintPower() -     TAG_CHANGE Entity=GameEntity tag=NEXT_STEP value=MAIN_READY 
D 12:49:52.9935518 GameState.DebugPrintPower() - BLOCK_END
D 12:49:52.9935518 GameState.DebugPrintPower() - TAG_CHANGE Entity=GameEntity tag=STEP value=MAIN_READY 
D 12:49:52.9935518 GameState.DebugPrintPower() - BLOCK_START BlockType=TRIGGER Entity=湫然#51704 EffectCardId=System.Collections.Generic.List`1[System.String] EffectIndex=-1 Target=0 SubOption=-1 TriggerKeyword=TAG_NOT_SET
D 12:49:52.9935518 GameState.DebugPrintPower() -     TAG_CHANGE Entity=GameEntity tag=NUM_TURNS_IN_PLAY value=2 
D 12:49:52.9935518 GameState.DebugPrintPower() -     TAG_CHANGE Entity=湫然#51704 tag=NUM_TURNS_IN_PLAY value=2 
D 12:49:52.9935518 GameState.DebugPrintPower() -     TAG_CHANGE Entity=光鲜亮丽我要进肺#5528 tag=NUM_TURNS_IN_PLAY value=2 
D 12:49:52.9935518 GameState.DebugPrintPower() -     TAG_CHANGE Entity=[entityName=嘲风望月露娜拉 id=70 zone=PLAY zonePos=0 cardId=HERO_06bi player=1] tag=NUM_TURNS_IN_PLAY value=2 
D 12:49:52.9935518 GameState.DebugPrintPower() -     TAG_CHANGE Entity=[entityName=变形 id=71 zone=PLAY zonePos=0 cardId=HERO_06ebp player=1] tag=NUM_TURNS_IN_PLAY value=2 
D 12:49:52.9935518 GameState.DebugPrintPower() -     TAG_CHANGE Entity=[entityName=医疗兵伊莉斯 id=72 zone=PLAY zonePos=0 cardId=HERO_09av player=2] tag=NUM_TURNS_IN_PLAY value=2 
D 12:49:52.9935518 GameState.DebugPrintPower() -     TAG_CHANGE Entity=[entityName=次级治疗术 id=73 zone=PLAY zonePos=0 cardId=HERO_09dbp player=2] tag=NUM_TURNS_IN_PLAY value=2 
D 12:49:52.9935518 GameState.DebugPrintPower() -     TAG_CHANGE Entity=[entityName=寻求指引 id=59 zone=SECRET zonePos=0 cardId=SW_433 player=2] tag=NUM_TURNS_IN_PLAY value=1 
D 12:49:52.9935518 GameState.DebugPrintPower() -     TAG_CHANGE Entity=湫然#51704 tag=RESOURCES value=1 
D 12:49:52.9935518 GameState.DebugPrintPower() -     TAG_CHANGE Entity=光鲜亮丽我要进肺#5528 tag=NUM_CARDS_DRAWN_THIS_TURN value=0 
D 12:49:52.9935518 GameState.DebugPrintPower() -     TAG_CHANGE Entity=GameEntity tag=NEXT_STEP value=MAIN_START_TRIGGERS 
D 12:49:52.9935518 GameState.DebugPrintPower() - BLOCK_END
D 12:49:52.9935518 GameState.DebugPrintPower() - TAG_CHANGE Entity=GameEntity tag=STEP value=MAIN_START_TRIGGERS 
D 12:49:52.9935518 GameState.DebugPrintPower() - BLOCK_START BlockType=TRIGGER Entity=[entityName=守望者亢祖 id=74 zone=COSMETIC zonePos=0 cardId=PET_12_4 player=2] EffectCardId=System.Collections.Generic.List`1[System.String] EffectIndex=5 Target=0 SubOption=-1 TriggerKeyword=TAG_NOT_SET
D 12:49:52.9935518 GameState.DebugPrintPower() -     TAG_CHANGE Entity=[entityName=守望者亢祖 id=74 zone=COSMETIC zonePos=0 cardId=PET_12_4 player=2] tag=PET_EVENT_ID value=11 
D 12:49:52.9935518 GameState.DebugPrintPower() - BLOCK_END
D 12:49:52.9935518 GameState.DebugPrintPower() - BLOCK_START BlockType=TRIGGER Entity=湫然#51704 EffectCardId=System.Collections.Generic.List`1[System.String] EffectIndex=-1 Target=0 SubOption=-1 TriggerKeyword=TAG_NOT_SET
D 12:49:52.9935518 GameState.DebugPrintPower() -     TAG_CHANGE Entity=GameEntity tag=NEXT_STEP value=MAIN_START 
D 12:49:52.9935518 GameState.DebugPrintPower() - BLOCK_END
D 12:49:52.9935518 GameState.DebugPrintPower() - TAG_CHANGE Entity=GameEntity tag=STEP value=MAIN_START 
D 12:49:52.9935518 GameState.DebugPrintPower() - BLOCK_START BlockType=TRIGGER Entity=湫然#51704 EffectCardId=System.Collections.Generic.List`1[System.String] EffectIndex=-1 Target=0 SubOption=-1 TriggerKeyword=TAG_NOT_SET
D 12:49:52.9935518 GameState.DebugPrintPower() -     TAG_CHANGE Entity=湫然#51704 tag=2166 value=19 
D 12:49:52.9935518 GameState.DebugPrintPower() -     TAG_CHANGE Entity=湫然#51704 tag=467 value=1 
D 12:49:52.9935518 GameState.DebugPrintPower() -     SHOW_ENTITY - Updating Entity=[entityName=UNKNOWN ENTITY [cardType=INVALID] id=19 zone=DECK zonePos=0 cardId= player=1] CardID=TID_001
D 12:49:52.9935518 GameState.DebugPrintPower() -         tag=CONTROLLER value=1
D 12:49:52.9935518 GameState.DebugPrintPower() -         tag=CARDTYPE value=SPELL
D 12:49:52.9935518 GameState.DebugPrintPower() -         tag=TAG_LAST_KNOWN_COST_IN_HAND value=1
D 12:49:52.9935518 GameState.DebugPrintPower() -         tag=COST value=1
D 12:49:52.9935518 GameState.DebugPrintPower() -         tag=ZONE value=HAND
D 12:49:52.9935518 GameState.DebugPrintPower() -         tag=ENTITY_ID value=19
D 12:49:52.9935518 GameState.DebugPrintPower() -         tag=CLASS value=DRUID
D 12:49:52.9935518 GameState.DebugPrintPower() -         tag=FACTION value=NEUTRAL
D 12:49:52.9935518 GameState.DebugPrintPower() -         tag=RARITY value=COMMON
D 12:49:52.9935518 GameState.DebugPrintPower() -         tag=478 value=1
D 12:49:52.9935518 GameState.DebugPrintPower() -         tag=1037 value=1
D 12:49:52.9935518 GameState.DebugPrintPower() -         tag=1043 value=1
D 12:49:52.9935518 GameState.DebugPrintPower() -         tag=1068 value=0
D 12:49:52.9935518 GameState.DebugPrintPower() -         tag=SPAWN_TIME_COUNT value=1
D 12:49:52.9935518 GameState.DebugPrintPower() -         tag=SPELL_SCHOOL value=1
D 12:49:52.9935518 GameState.DebugPrintPower() -         tag=MINI_SET value=1
D 12:49:52.9935518 GameState.DebugPrintPower() -     TAG_CHANGE Entity=[entityName=UNKNOWN ENTITY [cardType=INVALID] id=19 zone=DECK zonePos=0 cardId= player=1] tag=NUM_TURNS_IN_HAND value=1 
D 12:49:52.9935518 GameState.DebugPrintPower() -     TAG_CHANGE Entity=[entityName=UNKNOWN ENTITY [cardType=INVALID] id=19 zone=DECK zonePos=0 cardId= player=1] tag=ZONE_POSITION value=6 
D 12:49:52.9935518 GameState.DebugPrintPower() -     TAG_CHANGE Entity=[entityName=UNKNOWN ENTITY [cardType=INVALID] id=19 zone=DECK zonePos=0 cardId= player=1] tag=ZONE_POSITION value=0 
D 12:49:52.9935518 GameState.DebugPrintPower() -     TAG_CHANGE Entity=[entityName=UNKNOWN ENTITY [cardType=INVALID] id=19 zone=DECK zonePos=0 cardId= player=1] tag=ZONE_POSITION value=6 
D 12:49:52.9935518 GameState.DebugPrintPower() -     TAG_CHANGE Entity=湫然#51704 tag=3242 value=1 
D 12:49:52.9935518 GameState.DebugPrintPower() -     TAG_CHANGE Entity=湫然#51704 tag=NUM_CARDS_DRAWN_THIS_TURN value=1 
D 12:49:52.9935518 GameState.DebugPrintPower() -     TAG_CHANGE Entity=湫然#51704 tag=995 value=1 
D 12:49:52.9935518 GameState.DebugPrintPower() -     TAG_CHANGE Entity=[entityName=UNKNOWN ENTITY [cardType=INVALID] id=19 zone=DECK zonePos=0 cardId= player=1] tag=1570 value=2 
D 12:49:52.9935518 GameState.DebugPrintPower() -     TAG_CHANGE Entity=湫然#51704 tag=467 value=0 
D 12:49:52.9935518 GameState.DebugPrintPower() -     TAG_CHANGE Entity=GameEntity tag=NEXT_STEP value=MAIN_ACTION 
D 12:49:52.9935518 GameState.DebugPrintPower() - BLOCK_END
D 12:49:52.9935518 GameState.DebugPrintPower() - TAG_CHANGE Entity=GameEntity tag=STEP value=MAIN_ACTION 
D 12:49:52.9935518 GameState.DebugPrintPower() - BLOCK_START BlockType=TRIGGER Entity=湫然#51704 EffectCardId=System.Collections.Generic.List`1[System.String] EffectIndex=-1 Target=0 SubOption=-1 TriggerKeyword=TAG_NOT_SET
D 12:49:52.9935518 GameState.DebugPrintPower() -     TAG_CHANGE Entity=GameEntity tag=NEXT_STEP value=MAIN_END 
D 12:49:52.9935518 GameState.DebugPrintPower() - BLOCK_END
D 12:49:53.0767710 GameState.DebugPrintOptions() - id=3
D 12:49:53.0767710 GameState.DebugPrintOptions() -   option 0 type=END_TURN mainEntity= error=INVALID errorParam=
D 12:49:53.0767710 GameState.DebugPrintOptions() -   option 1 type=POWER mainEntity=[entityName=黑市拍卖师 id=35 zone=HAND zonePos=1 cardId=JAIL_718 player=1] error=NONE errorParam=
D 12:49:53.0767710 GameState.DebugPrintOptions() -   option 2 type=POWER mainEntity=[entityName=幸运币 id=100 zone=HAND zonePos=5 cardId=MUDAN_COIN1 player=1] error=NONE errorParam=
D 12:49:53.0767710 GameState.DebugPrintOptions() -   option 3 type=POWER mainEntity=[entityName=波涛形塑 id=4 zone=HAND zonePos=2 cardId=TIME_701 player=1] error=NONE errorParam=
D 12:49:53.0767710 GameState.DebugPrintOptions() -   option 4 type=POWER mainEntity=[entityName=活体根须 id=20 zone=HAND zonePos=3 cardId=CORE_AT_037 player=1] error=NONE errorParam=
D 12:49:53.0767710 GameState.DebugPrintOptions() -     subOption 0 entity=[entityName=缠人根须 id=21 zone=SETASIDE zonePos=0 cardId=AT_037a player=1] error=NONE errorParam=
D 12:49:53.0767710 GameState.DebugPrintOptions() -       target 0 entity=[entityName=嘲风望月露娜拉 id=70 zone=PLAY zonePos=0 cardId=HERO_06bi player=1] error=NONE errorParam=
D 12:49:53.0767710 GameState.DebugPrintOptions() -       target 1 entity=[entityName=医疗兵伊莉斯 id=72 zone=PLAY zonePos=0 cardId=HERO_09av player=2] error=NONE errorParam=
D 12:49:53.0767710 GameState.DebugPrintOptions() -     subOption 1 entity=[entityName=并蒂树苗 id=22 zone=SETASIDE zonePos=0 cardId=AT_037b player=1] error=NONE errorParam=
D 12:49:53.0767710 GameState.DebugPrintOptions() -   option 5 type=POWER mainEntity=[entityName=UNKNOWN ENTITY [cardType=INVALID] id=19 zone=DECK zonePos=0 cardId= player=1] error=NONE errorParam=
D 12:49:53.0767710 GameState.DebugPrintOptions() -     target 0 entity=[entityName=医疗兵伊莉斯 id=72 zone=PLAY zonePos=0 cardId=HERO_09av player=2] error=NONE errorParam=
D 12:49:53.0767710 GameState.DebugPrintOptions() -     target 1 entity=[entityName=嘲风望月露娜拉 id=70 zone=PLAY zonePos=0 cardId=HERO_06bi player=1] error=REQ_ENEMY_TARGET errorParam=
D 12:49:53.0767710 GameState.DebugPrintOptions() -   option 6 type=POWER mainEntity=[entityName=黑市拍卖师 id=35 zone=HAND zonePos=1 cardId=JAIL_718 player=1] error=REQ_ENOUGH_MANA errorParam=
D 12:49:53.0767710 GameState.DebugPrintOptions() -   option 7 type=POWER mainEntity=[entityName=米斯塔·维斯塔 id=32 zone=HAND zonePos=4 cardId=VAC_519 player=1] error=REQ_ENOUGH_MANA errorParam=
D 12:49:53.0767710 GameState.DebugPrintOptions() -   option 8 type=POWER mainEntity=[entityName=嘲风望月露娜拉 id=70 zone=PLAY zonePos=0 cardId=HERO_06bi player=1] error=REQ_ATTACK_GREATER_THAN_0 errorParam=
D 12:49:53.0767710 GameState.DebugPrintOptions() -   option 9 type=POWER mainEntity=[entityName=变形 id=71 zone=PLAY zonePos=0 cardId=HERO_06ebp player=1] error=REQ_ENOUGH_MANA errorParam=
D 12:49:53.0767710 GameState.DebugPrintOptions() -   option 10 type=POWER mainEntity=[entityName=医疗兵伊莉斯 id=72 zone=PLAY zonePos=0 cardId=HERO_09av player=2] error=REQ_YOUR_TURN errorParam=
D 12:49:53.0767710 GameState.DebugPrintOptions() -   option 11 type=POWER mainEntity=[entityName=次级治疗术 id=73 zone=PLAY zonePos=0 cardId=HERO_09dbp player=2] error=REQ_YOUR_TURN errorParam=
D 12:49:55.3474431 PowerTaskList.DebugDump() - ID=40 ParentID=38 PreviousID=0 TaskCount=1
D 12:49:55.3474431 PowerTaskList.DebugPrintPower() - BLOCK_START BlockType=TRIGGER Entity=[entityName=守望者亢祖 id=74 zone=COSMETIC zonePos=0 cardId=PET_12_4 player=2] EffectCardId=System.Collections.Generic.List`1[System.String] EffectIndex=8 Target=0 SubOption=-1 TriggerKeyword=TAG_NOT_SET
D 12:49:55.3474431 PowerTaskList.DebugPrintPower() -     TAG_CHANGE Entity=[entityName=守望者亢祖 id=74 zone=COSMETIC zonePos=0 cardId=PET_12_4 player=2] tag=PET_EVENT_ID value=15 
D 12:49:55.3474431 PowerTaskList.DebugPrintPower() - BLOCK_END
D 12:49:55.3474431 PowerProcessor.PrepareHistoryForCurrentTaskList() - m_currentTaskList=40
D 12:49:55.3474431 PowerProcessor.EndCurrentTaskList() - m_currentTaskList=40
D 12:49:55.3474431 PowerTaskList.DebugDump() - ID=41 ParentID=0 PreviousID=0 TaskCount=1
D 12:49:55.3474431 PowerTaskList.DebugDump() - Block Start=(null)
D 12:49:55.3474431 PowerTaskList.DebugPrintPower() -     META_DATA - Meta=SLUSH_TIME Data=1000 InfoCount=1
D 12:49:55.3474431 PowerTaskList.DebugPrintPower() -                 Info[0] = [entityName=寻求指引 id=59 zone=SECRET zonePos=0 cardId=SW_433 player=2]
D 12:49:55.3474431 PowerTaskList.DebugDump() - Block End=(null)
D 12:49:55.3474431 PowerProcessor.PrepareHistoryForCurrentTaskList() - m_currentTaskList=41
D 12:49:55.3474431 PowerProcessor.EndCurrentTaskList() - m_currentTaskList=41
D 12:49:55.3474431 PowerTaskList.DebugDump() - ID=42 ParentID=0 PreviousID=0 TaskCount=1
D 12:49:55.3474431 PowerTaskList.DebugDump() - Block Start=(null)
D 12:49:55.3474431 PowerTaskList.DebugPrintPower() -     TAG_CHANGE Entity=GameEntity tag=STEP value=MAIN_END 
D 12:49:55.3474431 PowerTaskList.DebugDump() - Block End=(null)
D 12:49:55.3474431 PowerProcessor.PrepareHistoryForCurrentTaskList() - m_currentTaskList=42
D 12:49:55.3474431 PowerProcessor.EndCurrentTaskList() - m_currentTaskList=42
D 12:49:55.3474431 PowerTaskList.DebugDump() - ID=43 ParentID=42 PreviousID=0 TaskCount=0
D 12:49:55.3474431 PowerTaskList.DebugPrintPower() - BLOCK_START BlockType=TRIGGER Entity=湫然#51704 EffectCardId=System.Collections.Generic.List`1[System.String] EffectIndex=-1 Target=0 SubOption=-1 TriggerKeyword=TAG_NOT_SET
D 12:49:55.3474431 PowerTaskList.DebugPrintPower() - BLOCK_END
D 12:49:55.3474431 PowerProcessor.PrepareHistoryForCurrentTaskList() - m_currentTaskList=43
D 12:49:55.3474431 PowerProcessor.EndCurrentTaskList() - m_currentTaskList=43
D 12:49:55.3474431 PowerTaskList.DebugDump() - ID=44 ParentID=0 PreviousID=0 TaskCount=1
D 12:49:55.3474431 PowerTaskList.DebugPrintPower() - BLOCK_START BlockType=TRIGGER Entity=光鲜亮丽我要进肺#5528 EffectCardId=System.Collections.Generic.List`1[System.String] EffectIndex=-1 Target=0 SubOption=-1 TriggerKeyword=TAG_NOT_SET
D 12:49:55.3474431 PowerTaskList.DebugPrintPower() -     TAG_CHANGE Entity=GameEntity tag=NEXT_STEP value=MAIN_CLEANUP 
D 12:49:55.3474431 PowerTaskList.DebugPrintPower() - BLOCK_END
D 12:49:55.3474431 PowerProcessor.PrepareHistoryForCurrentTaskList() - m_currentTaskList=44
D 12:49:55.3474431 PowerProcessor.EndCurrentTaskList() - m_currentTaskList=44
D 12:49:55.3474431 PowerTaskList.DebugDump() - ID=45 ParentID=0 PreviousID=0 TaskCount=0
D 12:49:55.3474431 PowerTaskList.DebugPrintPower() - BLOCK_START BlockType=TRIGGER Entity=光鲜亮丽我要进肺#5528 EffectCardId=System.Collections.Generic.List`1[System.String] EffectIndex=-1 Target=0 SubOption=-1 TriggerKeyword=TAG_NOT_SET
D 12:49:55.3474431 PowerTaskList.DebugPrintPower() - BLOCK_END
D 12:49:55.3474431 PowerProcessor.PrepareHistoryForCurrentTaskList() - m_currentTaskList=45
D 12:49:55.3474431 PowerProcessor.EndCurrentTaskList() - m_currentTaskList=45
D 12:49:55.3474431 PowerTaskList.DebugDump() - ID=46 ParentID=0 PreviousID=0 TaskCount=1
D 12:49:55.3474431 PowerTaskList.DebugPrintPower() - BLOCK_START BlockType=TRIGGER Entity=[entityName=守望者亢祖 id=74 zone=COSMETIC zonePos=0 cardId=PET_12_4 player=2] EffectCardId=System.Collections.Generic.List`1[System.String] EffectIndex=0 Target=0 SubOption=-1 TriggerKeyword=TAG_NOT_SET
D 12:49:55.3474431 PowerTaskList.DebugPrintPower() -     TAG_CHANGE Entity=[entityName=守望者亢祖 id=74 zone=COSMETIC zonePos=0 cardId=PET_12_4 player=2] tag=PET_EVENT_ID value=0 
D 12:49:55.3474431 PowerTaskList.DebugPrintPower() - BLOCK_END
D 12:49:55.3474431 PowerProcessor.PrepareHistoryForCurrentTaskList() - m_currentTaskList=46
D 12:49:55.3474431 PowerProcessor.EndCurrentTaskList() - m_currentTaskList=46
D 12:49:55.3474431 PowerTaskList.DebugDump() - ID=47 ParentID=0 PreviousID=0 TaskCount=1
D 12:49:55.3474431 PowerTaskList.DebugDump() - Block Start=(null)
D 12:49:55.3474431 PowerTaskList.DebugPrintPower() -     TAG_CHANGE Entity=GameEntity tag=STEP value=MAIN_CLEANUP 
D 12:49:55.3474431 PowerTaskList.DebugDump() - Block End=(null)
D 12:49:55.3474431 PowerProcessor.PrepareHistoryForCurrentTaskList() - m_currentTaskList=47
D 12:49:55.3474431 PowerProcessor.EndCurrentTaskList() - m_currentTaskList=47
D 12:49:55.3474431 PowerTaskList.DebugDump() - ID=48 ParentID=0 PreviousID=0 TaskCount=0
D 12:49:55.3474431 PowerTaskList.DebugPrintPower() - BLOCK_START BlockType=TRIGGER Entity=湫然#51704 EffectCardId=System.Collections.Generic.List`1[System.String] EffectIndex=-1 Target=0 SubOption=-1 TriggerKeyword=TAG_NOT_SET
D 12:49:55.3474431 PowerTaskList.DebugPrintPower() - BLOCK_END
D 12:49:55.3474431 PowerProcessor.PrepareHistoryForCurrentTaskList() - m_currentTaskList=48
D 12:49:55.3474431 PowerProcessor.EndCurrentTaskList() - m_currentTaskList=48
D 12:49:55.3474431 PowerTaskList.DebugDump() - ID=49 ParentID=0 PreviousID=0 TaskCount=2
D 12:49:55.3474431 PowerTaskList.DebugPrintPower() - BLOCK_START BlockType=TRIGGER Entity=光鲜亮丽我要进肺#5528 EffectCardId=System.Collections.Generic.List`1[System.String] EffectIndex=-1 Target=0 SubOption=-1 TriggerKeyword=TAG_NOT_SET
D 12:49:55.3474431 PowerTaskList.DebugPrintPower() -     TAG_CHANGE Entity=光鲜亮丽我要进肺#5528 tag=COMBO_ACTIVE value=0 
D 12:49:55.3474431 PowerTaskList.DebugPrintPower() -     TAG_CHANGE Entity=GameEntity tag=NEXT_STEP value=MAIN_NEXT 
D 12:49:55.3474431 PowerTaskList.DebugPrintPower() - BLOCK_END
D 12:49:55.3474431 PowerProcessor.PrepareHistoryForCurrentTaskList() - m_currentTaskList=49
D 12:49:55.3474431 PowerProcessor.EndCurrentTaskList() - m_currentTaskList=49
D 12:49:55.3474431 PowerTaskList.DebugDump() - ID=50 ParentID=0 PreviousID=0 TaskCount=1
D 12:49:55.3474431 PowerTaskList.DebugDump() - Block Start=(null)
D 12:49:55.3474431 PowerTaskList.DebugPrintPower() -     TAG_CHANGE Entity=GameEntity tag=STEP value=MAIN_NEXT 
D 12:49:55.3474431 PowerTaskList.DebugDump() - Block End=(null)
D 12:49:55.3474431 PowerProcessor.PrepareHistoryForCurrentTaskList() - m_currentTaskList=50
D 12:49:55.3474431 PowerProcessor.EndCurrentTaskList() - m_currentTaskList=50
D 12:49:55.3474431 PowerTaskList.DebugDump() - ID=51 ParentID=0 PreviousID=0 TaskCount=15
D 12:49:55.3474431 PowerTaskList.DebugPrintPower() - BLOCK_START BlockType=TRIGGER Entity=GameEntity EffectCardId=System.Collections.Generic.List`1[System.String] EffectIndex=-1 Target=0 SubOption=-1 TriggerKeyword=TAG_NOT_SET
D 12:49:55.3474431 PowerTaskList.DebugPrintPower() -     TAG_CHANGE Entity=光鲜亮丽我要进肺#5528 tag=1292 value=1 
D 12:49:55.3474431 PowerTaskList.DebugPrintPower() -     TAG_CHANGE Entity=光鲜亮丽我要进肺#5528 tag=1292 value=0 
D 12:49:55.3474431 PowerTaskList.DebugPrintPower() -     TAG_CHANGE Entity=湫然#51704 tag=1292 value=1 
D 12:49:55.3474431 PowerTaskList.DebugPrintPower() -     TAG_CHANGE Entity=光鲜亮丽我要进肺#5528 tag=TIMEOUT value=55 
D 12:49:55.3474431 PowerTaskList.DebugPrintPower() -     TAG_CHANGE Entity=[entityName=黑市拍卖师 id=35 zone=HAND zonePos=1 cardId=JAIL_718 player=1] tag=NUM_TURNS_IN_HAND value=2 
D 12:49:55.3474431 PowerTaskList.DebugPrintPower() -     TAG_CHANGE Entity=[entityName=幸运币 id=100 zone=HAND zonePos=5 cardId=MUDAN_COIN1 player=1] tag=NUM_TURNS_IN_HAND value=2 
D 12:49:55.3474431 PowerTaskList.DebugPrintPower() -     TAG_CHANGE Entity=[entityName=波涛形塑 id=4 zone=HAND zonePos=2 cardId=TIME_701 player=1] tag=NUM_TURNS_IN_HAND value=2 
D 12:49:55.3474431 PowerTaskList.DebugPrintPower() -     TAG_CHANGE Entity=[entityName=活体根须 id=20 zone=HAND zonePos=3 cardId=CORE_AT_037 player=1] tag=NUM_TURNS_IN_HAND value=2 
D 12:49:55.3474431 PowerTaskList.DebugPrintPower() -     TAG_CHANGE Entity=[entityName=米斯塔·维斯塔 id=32 zone=HAND zonePos=4 cardId=VAC_519 player=1] tag=NUM_TURNS_IN_HAND value=2 
D 12:49:55.3474431 PowerTaskList.DebugPrintPower() -     TAG_CHANGE Entity=光鲜亮丽我要进肺#5528 tag=CURRENT_PLAYER value=0 
D 12:49:55.3474431 PowerTaskList.DebugPrintPower() -     TAG_CHANGE Entity=湫然#51704 tag=CURRENT_PLAYER value=1 
D 12:49:55.3474431 PowerTaskList.DebugPrintPower() -     TAG_CHANGE Entity=GameEntity tag=TURN value=2 
D 12:49:55.3474431 PowerTaskList.DebugPrintPower() -     TAG_CHANGE Entity=GameEntity tag=1882 value=1 
D 12:49:55.3474431 PowerTaskList.DebugPrintPower() -     TAG_CHANGE Entity=湫然#51704 tag=TURN value=1 
D 12:49:55.3474431 PowerTaskList.DebugPrintPower() -     TAG_CHANGE Entity=GameEntity tag=NEXT_STEP value=MAIN_READY 
D 12:49:55.3474431 PowerTaskList.DebugPrintPower() - BLOCK_END
D 12:49:55.3474431 PowerProcessor.PrepareHistoryForCurrentTaskList() - m_currentTaskList=51
D 12:49:55.3474431 PowerProcessor.EndCurrentTaskList() - m_currentTaskList=51
D 12:49:55.3474431 PowerTaskList.DebugDump() - ID=52 ParentID=0 PreviousID=0 TaskCount=1
D 12:49:55.3474431 PowerTaskList.DebugDump() - Block Start=(null)
D 12:49:55.3474431 PowerTaskList.DebugPrintPower() -     TAG_CHANGE Entity=GameEntity tag=STEP value=MAIN_READY 
D 12:49:55.3474431 PowerTaskList.DebugDump() - Block End=(null)
D 12:49:55.3474431 PowerProcessor.PrepareHistoryForCurrentTaskList() - m_currentTaskList=52
D 12:49:55.3474431 PowerProcessor.EndCurrentTaskList() - m_currentTaskList=52
D 12:49:55.3474431 PowerTaskList.DebugDump() - ID=53 ParentID=0 PreviousID=0 TaskCount=11
D 12:49:55.3474431 PowerTaskList.DebugPrintPower() - BLOCK_START BlockType=TRIGGER Entity=湫然#51704 EffectCardId=System.Collections.Generic.List`1[System.String] EffectIndex=-1 Target=0 SubOption=-1 TriggerKeyword=TAG_NOT_SET
D 12:49:55.3474431 PowerTaskList.DebugPrintPower() -     TAG_CHANGE Entity=GameEntity tag=NUM_TURNS_IN_PLAY value=2 
D 12:49:55.3474431 PowerTaskList.DebugPrintPower() -     TAG_CHANGE Entity=湫然#51704 tag=NUM_TURNS_IN_PLAY value=2 
D 12:49:55.3474431 PowerTaskList.DebugPrintPower() -     TAG_CHANGE Entity=光鲜亮丽我要进肺#5528 tag=NUM_TURNS_IN_PLAY value=2 
D 12:49:55.3474431 PowerTaskList.DebugPrintPower() -     TAG_CHANGE Entity=[entityName=嘲风望月露娜拉 id=70 zone=PLAY zonePos=0 cardId=HERO_06bi player=1] tag=NUM_TURNS_IN_PLAY value=2 
D 12:49:55.3474431 PowerTaskList.DebugPrintPower() -     TAG_CHANGE Entity=[entityName=变形 id=71 zone=PLAY zonePos=0 cardId=HERO_06ebp player=1] tag=NUM_TURNS_IN_PLAY value=2 
D 12:49:55.3474431 PowerTaskList.DebugPrintPower() -     TAG_CHANGE Entity=[entityName=医疗兵伊莉斯 id=72 zone=PLAY zonePos=0 cardId=HERO_09av player=2] tag=NUM_TURNS_IN_PLAY value=2 
D 12:49:55.3474431 PowerTaskList.DebugPrintPower() -     TAG_CHANGE Entity=[entityName=次级治疗术 id=73 zone=PLAY zonePos=0 cardId=HERO_09dbp player=2] tag=NUM_TURNS_IN_PLAY value=2 
D 12:49:55.3474431 PowerTaskList.DebugPrintPower() -     TAG_CHANGE Entity=[entityName=寻求指引 id=59 zone=SECRET zonePos=0 cardId=SW_433 player=2] tag=NUM_TURNS_IN_PLAY value=1 
D 12:49:55.3474431 PowerTaskList.DebugPrintPower() -     TAG_CHANGE Entity=湫然#51704 tag=RESOURCES value=1 
D 12:49:55.3474431 PowerTaskList.DebugPrintPower() -     TAG_CHANGE Entity=光鲜亮丽我要进肺#5528 tag=NUM_CARDS_DRAWN_THIS_TURN value=0 
D 12:49:55.3474431 PowerTaskList.DebugPrintPower() -     TAG_CHANGE Entity=GameEntity tag=NEXT_STEP value=MAIN_START_TRIGGERS 
D 12:49:55.3474431 PowerTaskList.DebugPrintPower() - BLOCK_END
D 12:49:55.3474431 PowerProcessor.PrepareHistoryForCurrentTaskList() - m_currentTaskList=53
D 12:49:55.3474431 PowerProcessor.EndCurrentTaskList() - m_currentTaskList=53
D 12:49:55.3474431 PowerTaskList.DebugDump() - ID=54 ParentID=0 PreviousID=0 TaskCount=1
D 12:49:55.3474431 PowerTaskList.DebugDump() - Block Start=(null)
D 12:49:55.3474431 PowerTaskList.DebugPrintPower() -     TAG_CHANGE Entity=GameEntity tag=STEP value=MAIN_START_TRIGGERS 
D 12:49:55.3474431 PowerTaskList.DebugDump() - Block End=(null)
D 12:49:55.3474431 PowerProcessor.PrepareHistoryForCurrentTaskList() - m_currentTaskList=54
D 12:49:55.3474431 PowerProcessor.EndCurrentTaskList() - m_currentTaskList=54
D 12:49:55.3474431 PowerTaskList.DebugDump() - ID=55 ParentID=0 PreviousID=0 TaskCount=1
D 12:49:55.3474431 PowerTaskList.DebugPrintPower() - BLOCK_START BlockType=TRIGGER Entity=[entityName=守望者亢祖 id=74 zone=COSMETIC zonePos=0 cardId=PET_12_4 player=2] EffectCardId=System.Collections.Generic.List`1[System.String] EffectIndex=5 Target=0 SubOption=-1 TriggerKeyword=TAG_NOT_SET
D 12:49:55.3474431 PowerTaskList.DebugPrintPower() -     TAG_CHANGE Entity=[entityName=守望者亢祖 id=74 zone=COSMETIC zonePos=0 cardId=PET_12_4 player=2] tag=PET_EVENT_ID value=11 
D 12:49:55.3474431 PowerTaskList.DebugPrintPower() - BLOCK_END
D 12:49:55.3474431 PowerProcessor.PrepareHistoryForCurrentTaskList() - m_currentTaskList=55
D 12:49:57.1107715 PowerProcessor.EndCurrentTaskList() - m_currentTaskList=55
D 12:49:57.1158429 PowerTaskList.DebugDump() - ID=56 ParentID=0 PreviousID=0 TaskCount=1
D 12:49:57.1158429 PowerTaskList.DebugPrintPower() - BLOCK_START BlockType=TRIGGER Entity=湫然#51704 EffectCardId=System.Collections.Generic.List`1[System.String] EffectIndex=-1 Target=0 SubOption=-1 TriggerKeyword=TAG_NOT_SET
D 12:49:57.1158429 PowerTaskList.DebugPrintPower() -     TAG_CHANGE Entity=GameEntity tag=NEXT_STEP value=MAIN_START 
D 12:49:57.1158429 PowerTaskList.DebugPrintPower() - BLOCK_END
D 12:49:57.1158429 PowerProcessor.PrepareHistoryForCurrentTaskList() - m_currentTaskList=56
D 12:49:57.1158429 PowerProcessor.EndCurrentTaskList() - m_currentTaskList=56
D 12:49:57.1158429 PowerTaskList.DebugDump() - ID=57 ParentID=0 PreviousID=0 TaskCount=1
D 12:49:57.1158429 PowerTaskList.DebugDump() - Block Start=(null)
D 12:49:57.1158429 PowerTaskList.DebugPrintPower() -     TAG_CHANGE Entity=GameEntity tag=STEP value=MAIN_START 
D 12:49:57.1158429 PowerTaskList.DebugDump() - Block End=(null)
D 12:49:57.1158429 PowerProcessor.PrepareHistoryForCurrentTaskList() - m_currentTaskList=57
D 12:49:57.1158429 PowerProcessor.EndCurrentTaskList() - m_currentTaskList=57
D 12:49:57.1158429 PowerTaskList.DebugDump() - ID=58 ParentID=0 PreviousID=0 TaskCount=13
D 12:49:57.1158429 PowerTaskList.DebugPrintPower() - BLOCK_START BlockType=TRIGGER Entity=湫然#51704 EffectCardId=System.Collections.Generic.List`1[System.String] EffectIndex=-1 Target=0 SubOption=-1 TriggerKeyword=TAG_NOT_SET
D 12:49:57.1158429 PowerTaskList.DebugPrintPower() -     TAG_CHANGE Entity=湫然#51704 tag=2166 value=19 
D 12:49:57.1158429 PowerTaskList.DebugPrintPower() -     TAG_CHANGE Entity=湫然#51704 tag=467 value=1 
D 12:49:57.1158429 PowerTaskList.DebugPrintPower() -     SHOW_ENTITY - Updating Entity=[entityName=UNKNOWN ENTITY [cardType=INVALID] id=19 zone=DECK zonePos=0 cardId= player=1] CardID=TID_001
D 12:49:57.1158429 PowerTaskList.DebugPrintPower() -         tag=CONTROLLER value=1
D 12:49:57.1158429 PowerTaskList.DebugPrintPower() -         tag=CARDTYPE value=SPELL
D 12:49:57.1158429 PowerTaskList.DebugPrintPower() -         tag=TAG_LAST_KNOWN_COST_IN_HAND value=1
D 12:49:57.1158429 PowerTaskList.DebugPrintPower() -         tag=COST value=1
D 12:49:57.1158429 PowerTaskList.DebugPrintPower() -         tag=ZONE value=HAND
D 12:49:57.1158429 PowerTaskList.DebugPrintPower() -         tag=ENTITY_ID value=19
D 12:49:57.1158429 PowerTaskList.DebugPrintPower() -         tag=CLASS value=DRUID
D 12:49:57.1158429 PowerTaskList.DebugPrintPower() -         tag=FACTION value=NEUTRAL
D 12:49:57.1158429 PowerTaskList.DebugPrintPower() -         tag=RARITY value=COMMON
D 12:49:57.1158429 PowerTaskList.DebugPrintPower() -         tag=478 value=1
D 12:49:57.1158429 PowerTaskList.DebugPrintPower() -         tag=1037 value=1
D 12:49:57.1158429 PowerTaskList.DebugPrintPower() -         tag=1043 value=1
D 12:49:57.1158429 PowerTaskList.DebugPrintPower() -         tag=1068 value=0
D 12:49:57.1158429 PowerTaskList.DebugPrintPower() -         tag=SPAWN_TIME_COUNT value=1
D 12:49:57.1158429 PowerTaskList.DebugPrintPower() -         tag=SPELL_SCHOOL value=1
D 12:49:57.1158429 PowerTaskList.DebugPrintPower() -         tag=MINI_SET value=1
D 12:49:57.1158429 PowerTaskList.DebugPrintPower() -     TAG_CHANGE Entity=[entityName=UNKNOWN ENTITY [cardType=INVALID] id=19 zone=DECK zonePos=0 cardId= player=1] tag=NUM_TURNS_IN_HAND value=1 
D 12:49:57.1158429 PowerTaskList.DebugPrintPower() -     TAG_CHANGE Entity=[entityName=UNKNOWN ENTITY [cardType=INVALID] id=19 zone=DECK zonePos=0 cardId= player=1] tag=ZONE_POSITION value=6 
D 12:49:57.1158429 PowerTaskList.DebugPrintPower() -     TAG_CHANGE Entity=[entityName=UNKNOWN ENTITY [cardType=INVALID] id=19 zone=DECK zonePos=0 cardId= player=1] tag=ZONE_POSITION value=0 
D 12:49:57.1158429 PowerTaskList.DebugPrintPower() -     TAG_CHANGE Entity=[entityName=UNKNOWN ENTITY [cardType=INVALID] id=19 zone=DECK zonePos=0 cardId= player=1] tag=ZONE_POSITION value=6 
D 12:49:57.1158429 PowerTaskList.DebugPrintPower() -     TAG_CHANGE Entity=湫然#51704 tag=3242 value=1 
D 12:49:57.1158429 PowerTaskList.DebugPrintPower() -     TAG_CHANGE Entity=湫然#51704 tag=NUM_CARDS_DRAWN_THIS_TURN value=1 
D 12:49:57.1158429 PowerTaskList.DebugPrintPower() -     TAG_CHANGE Entity=湫然#51704 tag=995 value=1 
D 12:49:57.1158429 PowerTaskList.DebugPrintPower() -     TAG_CHANGE Entity=[entityName=UNKNOWN ENTITY [cardType=INVALID] id=19 zone=DECK zonePos=0 cardId= player=1] tag=1570 value=2 
D 12:49:57.1158429 PowerTaskList.DebugPrintPower() -     TAG_CHANGE Entity=湫然#51704 tag=467 value=0 
D 12:49:57.1158429 PowerTaskList.DebugPrintPower() -     TAG_CHANGE Entity=GameEntity tag=NEXT_STEP value=MAIN_ACTION 
D 12:49:57.1158429 PowerTaskList.DebugPrintPower() - BLOCK_END
D 12:49:57.1158429 PowerProcessor.PrepareHistoryForCurrentTaskList() - m_currentTaskList=58
D 12:49:57.6401900 PowerProcessor.EndCurrentTaskList() - m_currentTaskList=58
D 12:49:57.6470569 PowerTaskList.DebugDump() - ID=59 ParentID=0 PreviousID=0 TaskCount=1
D 12:49:57.6470569 PowerTaskList.DebugDump() - Block Start=(null)
D 12:49:57.6470569 PowerTaskList.DebugPrintPower() -     TAG_CHANGE Entity=GameEntity tag=STEP value=MAIN_ACTION 
D 12:49:57.6470569 PowerTaskList.DebugDump() - Block End=(null)
D 12:49:57.6470569 PowerProcessor.PrepareHistoryForCurrentTaskList() - m_currentTaskList=59
D 12:49:57.6470569 PowerProcessor.EndCurrentTaskList() - m_currentTaskList=59
D 12:49:57.6470569 PowerTaskList.DebugDump() - ID=60 ParentID=0 PreviousID=0 TaskCount=1
D 12:49:57.6470569 PowerTaskList.DebugPrintPower() - BLOCK_START BlockType=TRIGGER Entity=湫然#51704 EffectCardId=System.Collections.Generic.List`1[System.String] EffectIndex=-1 Target=0 SubOption=-1 TriggerKeyword=TAG_NOT_SET
D 12:49:57.6470569 PowerTaskList.DebugPrintPower() -     TAG_CHANGE Entity=GameEntity tag=NEXT_STEP value=MAIN_END 
D 12:49:57.6470569 PowerTaskList.DebugPrintPower() - BLOCK_END
D 12:49:57.6470569 PowerProcessor.PrepareHistoryForCurrentTaskList() - m_currentTaskList=60
D 12:49:57.6470569 PowerProcessor.EndCurrentTaskList() - m_currentTaskList=60
D 12:50:00.9476964 GameState.SendOption() - selectedOption=3 selectedSubOption=-1 selectedTarget=0 selectedPosition=0
D 12:50:01.2992465 GameState.DebugPrintPowerList() - Count=45
D 12:50:01.2992465 GameState.DebugPrintPower() - BLOCK_START BlockType=PLAY Entity=[entityName=波涛形塑 id=4 zone=HAND zonePos=2 cardId=TIME_701 player=1] EffectCardId=System.Collections.Generic.List`1[System.String] EffectIndex=0 Target=0 SubOption=-1 
D 12:50:01.2992465 GameState.DebugPrintPower() -     TAG_CHANGE Entity=湫然#51704 tag=2245 value=1 
D 12:50:01.2992465 GameState.DebugPrintPower() -     TAG_CHANGE Entity=湫然#51704 tag=RESOURCES_USED value=1 
D 12:50:01.2992465 GameState.DebugPrintPower() -     TAG_CHANGE Entity=湫然#51704 tag=NUM_RESOURCES_SPENT_THIS_GAME value=1 
D 12:50:01.2992465 GameState.DebugPrintPower() -     TAG_CHANGE Entity=湫然#51704 tag=NUM_CARDS_PLAYED_THIS_TURN value=1 
D 12:50:01.2992465 GameState.DebugPrintPower() -     TAG_CHANGE Entity=湫然#51704 tag=430 value=1 
D 12:50:01.2992465 GameState.DebugPrintPower() -     TAG_CHANGE Entity=[entityName=波涛形塑 id=4 zone=HAND zonePos=2 cardId=TIME_701 player=1] tag=JUST_PLAYED value=1 
D 12:50:01.2992465 GameState.DebugPrintPower() -     TAG_CHANGE Entity=[entityName=波涛形塑 id=4 zone=HAND zonePos=2 cardId=TIME_701 player=1] tag=3557 value=2 
D 12:50:01.2992465 GameState.DebugPrintPower() -     TAG_CHANGE Entity=[entityName=波涛形塑 id=4 zone=HAND zonePos=2 cardId=TIME_701 player=1] tag=1068 value=1 
D 12:50:01.2992465 GameState.DebugPrintPower() -     TAG_CHANGE Entity=[entityName=波涛形塑 id=4 zone=HAND zonePos=2 cardId=TIME_701 player=1] tag=1068 value=0 
D 12:50:01.2992465 GameState.DebugPrintPower() -     TAG_CHANGE Entity=[entityName=月光射线 id=19 zone=HAND zonePos=6 cardId=TID_001 player=1] tag=ZONE_POSITION value=5 
D 12:50:01.2992465 GameState.DebugPrintPower() -     TAG_CHANGE Entity=[entityName=米斯塔·维斯塔 id=32 zone=HAND zonePos=4 cardId=VAC_519 player=1] tag=ZONE_POSITION value=3 
D 12:50:01.2992465 GameState.DebugPrintPower() -     TAG_CHANGE Entity=[entityName=活体根须 id=20 zone=HAND zonePos=3 cardId=CORE_AT_037 player=1] tag=ZONE_POSITION value=2 
D 12:50:01.2992465 GameState.DebugPrintPower() -     TAG_CHANGE Entity=[entityName=幸运币 id=100 zone=HAND zonePos=5 cardId=MUDAN_COIN1 player=1] tag=ZONE_POSITION value=4 
D 12:50:01.2992465 GameState.DebugPrintPower() -     TAG_CHANGE Entity=[entityName=波涛形塑 id=4 zone=HAND zonePos=2 cardId=TIME_701 player=1] tag=1037 value=0 
D 12:50:01.2992465 GameState.DebugPrintPower() -     TAG_CHANGE Entity=[entityName=波涛形塑 id=4 zone=HAND zonePos=2 cardId=TIME_701 player=1] tag=ZONE_POSITION value=0 
D 12:50:01.2992465 GameState.DebugPrintPower() -     TAG_CHANGE Entity=[entityName=波涛形塑 id=4 zone=HAND zonePos=2 cardId=TIME_701 player=1] tag=SPAWN_TIME_COUNT value=0 
D 12:50:01.2992465 GameState.DebugPrintPower() -     TAG_CHANGE Entity=[entityName=波涛形塑 id=4 zone=HAND zonePos=2 cardId=TIME_701 player=1] tag=SPAWN_TIME_COUNT value=1 
D 12:50:01.2992465 GameState.DebugPrintPower() -     TAG_CHANGE Entity=[entityName=波涛形塑 id=4 zone=HAND zonePos=2 cardId=TIME_701 player=1] tag=ZONE value=PLAY 
D 12:50:01.2992465 GameState.DebugPrintPower() -     META_DATA - Meta=SLUSH_TIME Data=3000 InfoCount=1
D 12:50:01.2992465 GameState.DebugPrintPower() -                 Info[0] = [entityName=波涛形塑 id=4 zone=HAND zonePos=2 cardId=TIME_701 player=1]
D 12:50:01.2992465 GameState.DebugPrintPower() -     TAG_CHANGE Entity=湫然#51704 tag=NUM_SPELLS_PLAYED_THIS_GAME value=1 
D 12:50:01.2992465 GameState.DebugPrintPower() -     BLOCK_START BlockType=POWER Entity=[entityName=波涛形塑 id=4 zone=HAND zonePos=2 cardId=TIME_701 player=1] EffectCardId=System.Collections.Generic.List`1[System.String] EffectIndex=0 Target=0 SubOption=-1 
D 12:50:01.2992465 GameState.DebugPrintPower() -         META_DATA - Meta=EFFECT_TIMING Data=0 InfoCount=1
D 12:50:01.2992465 GameState.DebugPrintPower() -                     Info[0] = [entityName=波涛形塑 id=4 zone=HAND zonePos=2 cardId=TIME_701 player=1]
D 12:50:01.2992465 GameState.DebugPrintPower() -         META_DATA - Meta=SLUSH_TIME Data=7000 InfoCount=1
D 12:50:01.2992465 GameState.DebugPrintPower() -                     Info[0] = [entityName=波涛形塑 id=4 zone=HAND zonePos=2 cardId=TIME_701 player=1]
D 12:50:01.2992465 GameState.DebugPrintPower() -         META_DATA - Meta=OVERRIDE_HISTORY Data=0 InfoCount=1
D 12:50:01.2992465 GameState.DebugPrintPower() -                     Info[0] = [entityName=波涛形塑 id=4 zone=HAND zonePos=2 cardId=TIME_701 player=1]
D 12:50:01.2992465 GameState.DebugPrintPower() -         FULL_ENTITY - Creating ID=118 CardID=BOT_054
D 12:50:01.2992465 GameState.DebugPrintPower() -             tag=CONTROLLER value=1
D 12:50:01.2992465 GameState.DebugPrintPower() -             tag=CARDTYPE value=SPELL
D 12:50:01.2992465 GameState.DebugPrintPower() -             tag=TAG_LAST_KNOWN_COST_IN_HAND value=1
D 12:50:01.2992465 GameState.DebugPrintPower() -             tag=COST value=1
D 12:50:01.2992465 GameState.DebugPrintPower() -             tag=ZONE value=SETASIDE
D 12:50:01.2992465 GameState.DebugPrintPower() -             tag=ENTITY_ID value=118
D 12:50:01.2992465 GameState.DebugPrintPower() -             tag=CLASS value=DRUID
D 12:50:01.2992465 GameState.DebugPrintPower() -             tag=RARITY value=COMMON
D 12:50:01.2992465 GameState.DebugPrintPower() -             tag=CREATOR value=4
D 12:50:01.2992465 GameState.DebugPrintPower() -             tag=1037 value=1
D 12:50:01.2992465 GameState.DebugPrintPower() -             tag=CREATOR_DBID value=120746
D 12:50:01.2992465 GameState.DebugPrintPower() -             tag=SPAWN_TIME_COUNT value=1
D 12:50:01.2992465 GameState.DebugPrintPower() -             tag=SPELL_SCHOOL value=4
D 12:50:01.2992465 GameState.DebugPrintPower() -             tag=4901 value=1
D 12:50:01.2992465 GameState.DebugPrintPower() -         TAG_CHANGE Entity=118 tag=4901 value=0 
D 12:50:01.2992465 GameState.DebugPrintPower() -         TAG_CHANGE Entity=118 tag=4741 value=1 
D 12:50:01.2992465 GameState.DebugPrintPower() -         TAG_CHANGE Entity=118 tag=COPIED_FROM_ENTITY_ID value=33 
D 12:50:01.2992465 GameState.DebugPrintPower() -         TAG_CHANGE Entity=118 tag=3669 value=1 
D 12:50:01.2992465 GameState.DebugPrintPower() -         TAG_CHANGE Entity=118 tag=LINKED_ENTITY value=33 
D 12:50:01.2992465 GameState.DebugPrintPower() -         FULL_ENTITY - Creating ID=119 CardID=SCH_427
D 12:50:01.2992465 GameState.DebugPrintPower() -             tag=CONTROLLER value=1
D 12:50:01.2992465 GameState.DebugPrintPower() -             tag=CARDTYPE value=SPELL
D 12:50:01.2992465 GameState.DebugPrintPower() -             tag=ZONE value=SETASIDE
D 12:50:01.2992465 GameState.DebugPrintPower() -             tag=ENTITY_ID value=119
D 12:50:01.2992465 GameState.DebugPrintPower() -             tag=CLASS value=DRUID
D 12:50:01.2992465 GameState.DebugPrintPower() -             tag=RARITY value=COMMON
D 12:50:01.2992465 GameState.DebugPrintPower() -             tag=OVERLOAD value=1
D 12:50:01.2992465 GameState.DebugPrintPower() -             tag=CREATOR value=4
D 12:50:01.2992465 GameState.DebugPrintPower() -             tag=MULTIPLE_CLASSES value=130
D 12:50:01.2992465 GameState.DebugPrintPower() -             tag=1037 value=1
D 12:50:01.2992465 GameState.DebugPrintPower() -             tag=CREATOR_DBID value=120746
D 12:50:01.2992465 GameState.DebugPrintPower() -             tag=SPAWN_TIME_COUNT value=1
D 12:50:01.2992465 GameState.DebugPrintPower() -             tag=SPELL_SCHOOL value=4
D 12:50:01.2992465 GameState.DebugPrintPower() -             tag=4901 value=1
D 12:50:01.2992465 GameState.DebugPrintPower() -         TAG_CHANGE Entity=119 tag=4901 value=0 
D 12:50:01.2992465 GameState.DebugPrintPower() -         TAG_CHANGE Entity=119 tag=4741 value=1 
D 12:50:01.2992465 GameState.DebugPrintPower() -         TAG_CHANGE Entity=119 tag=COPIED_FROM_ENTITY_ID value=17 
D 12:50:01.2992465 GameState.DebugPrintPower() -         TAG_CHANGE Entity=119 tag=3669 value=1 
D 12:50:01.2992465 GameState.DebugPrintPower() -         TAG_CHANGE Entity=119 tag=LINKED_ENTITY value=17 
D 12:50:01.2992465 GameState.DebugPrintPower() -         FULL_ENTITY - Creating ID=120 CardID=BT_724
D 12:50:01.2992465 GameState.DebugPrintPower() -             tag=CONTROLLER value=1
D 12:50:01.2992465 GameState.DebugPrintPower() -             tag=CARDTYPE value=MINION
D 12:50:01.2992465 GameState.DebugPrintPower() -             tag=TAG_LAST_KNOWN_COST_IN_HAND value=1
D 12:50:01.2992465 GameState.DebugPrintPower() -             tag=479 value=2
D 12:50:01.2992465 GameState.DebugPrintPower() -             tag=COST value=1
D 12:50:01.2992465 GameState.DebugPrintPower() -             tag=ATK value=2
D 12:50:01.2992465 GameState.DebugPrintPower() -             tag=HEALTH value=1
D 12:50:01.2992465 GameState.DebugPrintPower() -             tag=ZONE value=SETASIDE
D 12:50:01.2992465 GameState.DebugPrintPower() -             tag=ENTITY_ID value=120
D 12:50:01.2992465 GameState.DebugPrintPower() -             tag=CLASS value=NEUTRAL
D 12:50:01.2992465 GameState.DebugPrintPower() -             tag=RARITY value=COMMON
D 12:50:01.2992465 GameState.DebugPrintPower() -             tag=BATTLECRY value=1
D 12:50:01.2992465 GameState.DebugPrintPower() -             tag=CREATOR value=4
D 12:50:01.2992465 GameState.DebugPrintPower() -             tag=1037 value=1
D 12:50:01.2992465 GameState.DebugPrintPower() -             tag=CREATOR_DBID value=120746
D 12:50:01.2992465 GameState.DebugPrintPower() -             tag=SPAWN_TIME_COUNT value=1
D 12:50:01.2992465 GameState.DebugPrintPower() -             tag=HAS_ACTIVATE_POWER value=1
D 12:50:01.2992465 GameState.DebugPrintPower() -             tag=3085 value=1
D 12:50:01.2992465 GameState.DebugPrintPower() -             tag=4901 value=1
D 12:50:01.2992465 GameState.DebugPrintPower() -         TAG_CHANGE Entity=120 tag=4901 value=0 
D 12:50:01.2992465 GameState.DebugPrintPower() -         TAG_CHANGE Entity=120 tag=4741 value=1 
D 12:50:01.2992465 GameState.DebugPrintPower() -         TAG_CHANGE Entity=120 tag=COPIED_FROM_ENTITY_ID value=39 
D 12:50:01.2992465 GameState.DebugPrintPower() -         TAG_CHANGE Entity=120 tag=3669 value=1 
D 12:50:01.2992465 GameState.DebugPrintPower() -         TAG_CHANGE Entity=120 tag=LINKED_ENTITY value=39 
D 12:50:01.2992465 GameState.DebugPrintPower() -         SUB_SPELL_START - SpellPrefabGUID=ReuseFX_Water_BuffImpact_Heal_Super:80e4fa2f87fa73a4c9702a5f6a666f59 Source=70 TargetCount=1
D 12:50:01.2992465 GameState.DebugPrintPower() -                           Source = [entityName=嘲风望月露娜拉 id=70 zone=PLAY zonePos=0 cardId=HERO_06bi player=1]
D 12:50:01.2992465 GameState.DebugPrintPower() -                           Targets[0] = [entityName=嘲风望月露娜拉 id=70 zone=PLAY zonePos=0 cardId=HERO_06bi player=1]
D 12:50:01.2992465 GameState.DebugPrintPower() -         SUB_SPELL_END
D 12:50:01.2992465 PowerTaskList.DebugDump() - ID=61 ParentID=0 PreviousID=0 TaskCount=20
D 12:50:01.2992465 PowerTaskList.DebugPrintPower() - BLOCK_START BlockType=PLAY Entity=[entityName=波涛形塑 id=4 zone=HAND zonePos=2 cardId=TIME_701 player=1] EffectCardId=System.Collections.Generic.List`1[System.String] EffectIndex=0 Target=0 SubOption=-1 
D 12:50:01.2992465 PowerTaskList.DebugPrintPower() -     TAG_CHANGE Entity=湫然#51704 tag=2245 value=1 
D 12:50:01.2992465 PowerTaskList.DebugPrintPower() -     TAG_CHANGE Entity=湫然#51704 tag=RESOURCES_USED value=1 
D 12:50:01.2992465 PowerTaskList.DebugPrintPower() -     TAG_CHANGE Entity=湫然#51704 tag=NUM_RESOURCES_SPENT_THIS_GAME value=1 
D 12:50:01.2992465 PowerTaskList.DebugPrintPower() -     TAG_CHANGE Entity=湫然#51704 tag=NUM_CARDS_PLAYED_THIS_TURN value=1 
D 12:50:01.2992465 PowerTaskList.DebugPrintPower() -     TAG_CHANGE Entity=湫然#51704 tag=430 value=1 
D 12:50:01.2992465 PowerTaskList.DebugPrintPower() -     TAG_CHANGE Entity=[entityName=波涛形塑 id=4 zone=HAND zonePos=2 cardId=TIME_701 player=1] tag=JUST_PLAYED value=1 
D 12:50:01.2992465 PowerTaskList.DebugPrintPower() -     TAG_CHANGE Entity=[entityName=波涛形塑 id=4 zone=HAND zonePos=2 cardId=TIME_701 player=1] tag=3557 value=2 
D 12:50:01.2992465 PowerTaskList.DebugPrintPower() -     TAG_CHANGE Entity=[entityName=波涛形塑 id=4 zone=HAND zonePos=2 cardId=TIME_701 player=1] tag=1068 value=1 
D 12:50:01.2992465 PowerTaskList.DebugPrintPower() -     TAG_CHANGE Entity=[entityName=波涛形塑 id=4 zone=HAND zonePos=2 cardId=TIME_701 player=1] tag=1068 value=0 
D 12:50:01.2992465 PowerTaskList.DebugPrintPower() -     TAG_CHANGE Entity=[entityName=月光射线 id=19 zone=HAND zonePos=6 cardId=TID_001 player=1] tag=ZONE_POSITION value=5 
D 12:50:01.2992465 PowerTaskList.DebugPrintPower() -     TAG_CHANGE Entity=[entityName=米斯塔·维斯塔 id=32 zone=HAND zonePos=4 cardId=VAC_519 player=1] tag=ZONE_POSITION value=3 
D 12:50:01.2992465 PowerTaskList.DebugPrintPower() -     TAG_CHANGE Entity=[entityName=活体根须 id=20 zone=HAND zonePos=3 cardId=CORE_AT_037 player=1] tag=ZONE_POSITION value=2 
D 12:50:01.2992465 PowerTaskList.DebugPrintPower() -     TAG_CHANGE Entity=[entityName=幸运币 id=100 zone=HAND zonePos=5 cardId=MUDAN_COIN1 player=1] tag=ZONE_POSITION value=4 
D 12:50:01.2992465 PowerTaskList.DebugPrintPower() -     TAG_CHANGE Entity=[entityName=波涛形塑 id=4 zone=HAND zonePos=2 cardId=TIME_701 player=1] tag=1037 value=0 
D 12:50:01.2992465 PowerTaskList.DebugPrintPower() -     TAG_CHANGE Entity=[entityName=波涛形塑 id=4 zone=HAND zonePos=2 cardId=TIME_701 player=1] tag=ZONE_POSITION value=0 
D 12:50:01.2992465 PowerTaskList.DebugPrintPower() -     TAG_CHANGE Entity=[entityName=波涛形塑 id=4 zone=HAND zonePos=2 cardId=TIME_701 player=1] tag=SPAWN_TIME_COUNT value=0 
D 12:50:01.2992465 PowerTaskList.DebugPrintPower() -     TAG_CHANGE Entity=[entityName=波涛形塑 id=4 zone=HAND zonePos=2 cardId=TIME_701 player=1] tag=SPAWN_TIME_COUNT value=1 
D 12:50:01.2992465 PowerTaskList.DebugPrintPower() -     TAG_CHANGE Entity=[entityName=波涛形塑 id=4 zone=HAND zonePos=2 cardId=TIME_701 player=1] tag=ZONE value=PLAY 
D 12:50:01.2992465 PowerTaskList.DebugPrintPower() -     META_DATA - Meta=SLUSH_TIME Data=3000 InfoCount=1
D 12:50:01.2992465 PowerTaskList.DebugPrintPower() -                 Info[0] = [entityName=波涛形塑 id=4 zone=HAND zonePos=2 cardId=TIME_701 player=1]
D 12:50:01.2992465 PowerTaskList.DebugPrintPower() -     TAG_CHANGE Entity=湫然#51704 tag=NUM_SPELLS_PLAYED_THIS_GAME value=1 
D 12:50:01.2992465 PowerTaskList.DebugDump() - Block End=(null)
D 12:50:01.2992465 PowerProcessor.PrepareHistoryForCurrentTaskList() - m_currentTaskList=61
D 12:50:01.2992465 PowerProcessor.DoTaskListForCard() - unhandled BlockType PLAY for sourceEntity [entityName=波涛形塑 id=4 zone=HAND zonePos=2 cardId=TIME_701 player=1]
D 12:50:01.3059266 GameState.DebugPrintEntityChoices() - id=3 Player=湫然#51704 TaskList=64 ChoiceType=GENERAL CountMin=1 CountMax=1
D 12:50:01.3059266 GameState.DebugPrintEntityChoices() -   Source=[entityName=波涛形塑 id=4 zone=PLAY zonePos=0 cardId=TIME_701 player=1]
D 12:50:01.3059266 GameState.DebugPrintEntityChoices() -   Entities[0]=[entityName=虚灵改装师 id=120 zone=SETASIDE zonePos=0 cardId=BT_724 player=1]
D 12:50:01.3059266 GameState.DebugPrintEntityChoices() -   Entities[1]=[entityName=雷霆绽放 id=119 zone=SETASIDE zonePos=0 cardId=SCH_427 player=1]
D 12:50:01.3059266 GameState.DebugPrintEntityChoices() -   Entities[2]=[entityName=生物计划 id=118 zone=SETASIDE zonePos=0 cardId=BOT_054 player=1]
D 12:50:01.3059266 ChoiceCardMgr.WaitThenShowChoices() - id=3 WAIT for taskList 64
D 12:50:01.3059266 PowerProcessor.EndCurrentTaskList() - m_currentTaskList=61
D 12:50:01.3129702 PowerTaskList.DebugDump() - ID=62 ParentID=61 PreviousID=0 TaskCount=21
D 12:50:01.3129702 PowerTaskList.DebugPrintPower() - BLOCK_START BlockType=POWER Entity=[entityName=波涛形塑 id=4 zone=PLAY zonePos=0 cardId=TIME_701 player=1] EffectCardId=System.Collections.Generic.List`1[System.String] EffectIndex=0 Target=0 SubOption=-1 
D 12:50:01.3129702 PowerTaskList.DebugPrintPower() -     META_DATA - Meta=EFFECT_TIMING Data=0 InfoCount=1
D 12:50:01.3129702 PowerTaskList.DebugPrintPower() -                 Info[0] = [entityName=波涛形塑 id=4 zone=PLAY zonePos=0 cardId=TIME_701 player=1]
D 12:50:01.3129702 PowerTaskList.DebugPrintPower() -     META_DATA - Meta=SLUSH_TIME Data=7000 InfoCount=1
D 12:50:01.3129702 PowerTaskList.DebugPrintPower() -                 Info[0] = [entityName=波涛形塑 id=4 zone=PLAY zonePos=0 cardId=TIME_701 player=1]
D 12:50:01.3129702 PowerTaskList.DebugPrintPower() -     META_DATA - Meta=OVERRIDE_HISTORY Data=0 InfoCount=1
D 12:50:01.3129702 PowerTaskList.DebugPrintPower() -                 Info[0] = [entityName=波涛形塑 id=4 zone=PLAY zonePos=0 cardId=TIME_701 player=1]
D 12:50:01.3129702 PowerTaskList.DebugPrintPower() -     FULL_ENTITY - Updating [entityName=生物计划 id=118 zone=SETASIDE zonePos=0 cardId=BOT_054 player=1] CardID=BOT_054
D 12:50:01.3129702 PowerTaskList.DebugPrintPower() -         tag=CONTROLLER value=1
D 12:50:01.3129702 PowerTaskList.DebugPrintPower() -         tag=CARDTYPE value=SPELL
D 12:50:01.3129702 PowerTaskList.DebugPrintPower() -         tag=TAG_LAST_KNOWN_COST_IN_HAND value=1
D 12:50:01.3129702 PowerTaskList.DebugPrintPower() -         tag=COST value=1
D 12:50:01.3129702 PowerTaskList.DebugPrintPower() -         tag=ZONE value=SETASIDE
D 12:50:01.3129702 PowerTaskList.DebugPrintPower() -         tag=ENTITY_ID value=118
D 12:50:01.3129702 PowerTaskList.DebugPrintPower() -         tag=CLASS value=DRUID
D 12:50:01.3129702 PowerTaskList.DebugPrintPower() -         tag=RARITY value=COMMON
D 12:50:01.3129702 PowerTaskList.DebugPrintPower() -         tag=CREATOR value=4
D 12:50:01.3129702 PowerTaskList.DebugPrintPower() -         tag=1037 value=1
D 12:50:01.3129702 PowerTaskList.DebugPrintPower() -         tag=CREATOR_DBID value=120746
D 12:50:01.3129702 PowerTaskList.DebugPrintPower() -         tag=SPAWN_TIME_COUNT value=1
D 12:50:01.3129702 PowerTaskList.DebugPrintPower() -         tag=SPELL_SCHOOL value=4
D 12:50:01.3129702 PowerTaskList.DebugPrintPower() -         tag=4901 value=1
D 12:50:01.3129702 PowerTaskList.DebugPrintPower() -     TAG_CHANGE Entity=[entityName=生物计划 id=118 zone=SETASIDE zonePos=0 cardId=BOT_054 player=1] tag=4901 value=0 
D 12:50:01.3129702 PowerTaskList.DebugPrintPower() -     TAG_CHANGE Entity=[entityName=生物计划 id=118 zone=SETASIDE zonePos=0 cardId=BOT_054 player=1] tag=4741 value=1 
D 12:50:01.3129702 PowerTaskList.DebugPrintPower() -     TAG_CHANGE Entity=[entityName=生物计划 id=118 zone=SETASIDE zonePos=0 cardId=BOT_054 player=1] tag=COPIED_FROM_ENTITY_ID value=33 
D 12:50:01.3129702 PowerTaskList.DebugPrintPower() -     TAG_CHANGE Entity=[entityName=生物计划 id=118 zone=SETASIDE zonePos=0 cardId=BOT_054 player=1] tag=3669 value=1 
D 12:50:01.3129702 PowerTaskList.DebugPrintPower() -     TAG_CHANGE Entity=[entityName=生物计划 id=118 zone=SETASIDE zonePos=0 cardId=BOT_054 player=1] tag=LINKED_ENTITY value=33 
D 12:50:01.3129702 PowerTaskList.DebugPrintPower() -     FULL_ENTITY - Updating [entityName=雷霆绽放 id=119 zone=SETASIDE zonePos=0 cardId=SCH_427 player=1] CardID=SCH_427
D 12:50:01.3129702 PowerTaskList.DebugPrintPower() -         tag=CONTROLLER value=1
D 12:50:01.3129702 PowerTaskList.DebugPrintPower() -         tag=CARDTYPE value=SPELL
D 12:50:01.3129702 PowerTaskList.DebugPrintPower() -         tag=ZONE value=SETASIDE
D 12:50:01.3129702 PowerTaskList.DebugPrintPower() -         tag=ENTITY_ID value=119
D 12:50:01.3129702 PowerTaskList.DebugPrintPower() -         tag=CLASS value=DRUID
D 12:50:01.3129702 PowerTaskList.DebugPrintPower() -         tag=RARITY value=COMMON
D 12:50:01.3129702 PowerTaskList.DebugPrintPower() -         tag=OVERLOAD value=1
D 12:50:01.3129702 PowerTaskList.DebugPrintPower() -         tag=CREATOR value=4
D 12:50:01.3129702 PowerTaskList.DebugPrintPower() -         tag=MULTIPLE_CLASSES value=130
D 12:50:01.3129702 PowerTaskList.DebugPrintPower() -         tag=1037 value=1
D 12:50:01.3129702 PowerTaskList.DebugPrintPower() -         tag=CREATOR_DBID value=120746
D 12:50:01.3129702 PowerTaskList.DebugPrintPower() -         tag=SPAWN_TIME_COUNT value=1
D 12:50:01.3129702 PowerTaskList.DebugPrintPower() -         tag=SPELL_SCHOOL value=4
D 12:50:01.3129702 PowerTaskList.DebugPrintPower() -         tag=4901 value=1
D 12:50:01.3129702 PowerTaskList.DebugPrintPower() -     TAG_CHANGE Entity=[entityName=雷霆绽放 id=119 zone=SETASIDE zonePos=0 cardId=SCH_427 player=1] tag=4901 value=0 
D 12:50:01.3129702 PowerTaskList.DebugPrintPower() -     TAG_CHANGE Entity=[entityName=雷霆绽放 id=119 zone=SETASIDE zonePos=0 cardId=SCH_427 player=1] tag=4741 value=1 
D 12:50:01.3129702 PowerTaskList.DebugPrintPower() -     TAG_CHANGE Entity=[entityName=雷霆绽放 id=119 zone=SETASIDE zonePos=0 cardId=SCH_427 player=1] tag=COPIED_FROM_ENTITY_ID value=17 
D 12:50:01.3129702 PowerTaskList.DebugPrintPower() -     TAG_CHANGE Entity=[entityName=雷霆绽放 id=119 zone=SETASIDE zonePos=0 cardId=SCH_427 player=1] tag=3669 value=1 
D 12:50:01.3129702 PowerTaskList.DebugPrintPower() -     TAG_CHANGE Entity=[entityName=雷霆绽放 id=119 zone=SETASIDE zonePos=0 cardId=SCH_427 player=1] tag=LINKED_ENTITY value=17 
D 12:50:01.3129702 PowerTaskList.DebugPrintPower() -     FULL_ENTITY - Updating [entityName=虚灵改装师 id=120 zone=SETASIDE zonePos=0 cardId=BT_724 player=1] CardID=BT_724
D 12:50:01.3129702 PowerTaskList.DebugPrintPower() -         tag=CONTROLLER value=1
D 12:50:01.3129702 PowerTaskList.DebugPrintPower() -         tag=CARDTYPE value=MINION
D 12:50:01.3129702 PowerTaskList.DebugPrintPower() -         tag=TAG_LAST_KNOWN_COST_IN_HAND value=1
D 12:50:01.3129702 PowerTaskList.DebugPrintPower() -         tag=479 value=2
D 12:50:01.3129702 PowerTaskList.DebugPrintPower() -         tag=COST value=1
D 12:50:01.3129702 PowerTaskList.DebugPrintPower() -         tag=ATK value=2
D 12:50:01.3129702 PowerTaskList.DebugPrintPower() -         tag=HEALTH value=1
D 12:50:01.3129702 PowerTaskList.DebugPrintPower() -         tag=ZONE value=SETASIDE
D 12:50:01.3129702 PowerTaskList.DebugPrintPower() -         tag=ENTITY_ID value=120
D 12:50:01.3129702 PowerTaskList.DebugPrintPower() -         tag=CLASS value=NEUTRAL
D 12:50:01.3129702 PowerTaskList.DebugPrintPower() -         tag=RARITY value=COMMON
D 12:50:01.3129702 PowerTaskList.DebugPrintPower() -         tag=BATTLECRY value=1
D 12:50:01.3129702 PowerTaskList.DebugPrintPower() -         tag=CREATOR value=4
D 12:50:01.3129702 PowerTaskList.DebugPrintPower() -         tag=1037 value=1
D 12:50:01.3129702 PowerTaskList.DebugPrintPower() -         tag=CREATOR_DBID value=120746
D 12:50:01.3129702 PowerTaskList.DebugPrintPower() -         tag=SPAWN_TIME_COUNT value=1
D 12:50:01.3129702 PowerTaskList.DebugPrintPower() -         tag=HAS_ACTIVATE_POWER value=1
D 12:50:01.3129702 PowerTaskList.DebugPrintPower() -         tag=3085 value=1
D 12:50:01.3129702 PowerTaskList.DebugPrintPower() -         tag=4901 value=1
D 12:50:01.3129702 PowerTaskList.DebugPrintPower() -     TAG_CHANGE Entity=[entityName=虚灵改装师 id=120 zone=SETASIDE zonePos=0 cardId=BT_724 player=1] tag=4901 value=0 
D 12:50:01.3129702 PowerTaskList.DebugPrintPower() -     TAG_CHANGE Entity=[entityName=虚灵改装师 id=120 zone=SETASIDE zonePos=0 cardId=BT_724 player=1] tag=4741 value=1 
D 12:50:01.3129702 PowerTaskList.DebugPrintPower() -     TAG_CHANGE Entity=[entityName=虚灵改装师 id=120 zone=SETASIDE zonePos=0 cardId=BT_724 player=1] tag=COPIED_FROM_ENTITY_ID value=39 
D 12:50:01.3129702 PowerTaskList.DebugPrintPower() -     TAG_CHANGE Entity=[entityName=虚灵改装师 id=120 zone=SETASIDE zonePos=0 cardId=BT_724 player=1] tag=3669 value=1 
D 12:50:01.3129702 PowerTaskList.DebugPrintPower() -     TAG_CHANGE Entity=[entityName=虚灵改装师 id=120 zone=SETASIDE zonePos=0 cardId=BT_724 player=1] tag=LINKED_ENTITY value=39 
D 12:50:01.3129702 PowerTaskList.DebugDump() - Block End=(null)
D 12:50:01.3129702 PowerProcessor.PrepareHistoryForCurrentTaskList() - m_currentTaskList=62
D 12:50:01.3673968 PowerProcessor.EndCurrentTaskList() - m_currentTaskList=62
D 12:50:01.3754822 PowerTaskList.DebugDump() - ID=64 ParentID=61 PreviousID=62 TaskCount=3
D 12:50:01.3754822 PowerTaskList.DebugDump() - Block Start=(null)
D 12:50:01.3754822 PowerTaskList.DebugPrintPower() -     SUB_SPELL_START - SpellPrefabGUID=ReuseFX_Water_BuffImpact_Heal_Super:80e4fa2f87fa73a4c9702a5f6a666f59 Source=70 TargetCount=1
D 12:50:01.3754822 PowerTaskList.DebugPrintPower() -                       Source = [entityName=嘲风望月露娜拉 id=70 zone=PLAY zonePos=0 cardId=HERO_06bi player=1]
D 12:50:01.3754822 PowerTaskList.DebugPrintPower() -                       Targets[0] = [entityName=嘲风望月露娜拉 id=70 zone=PLAY zonePos=0 cardId=HERO_06bi player=1]
D 12:50:01.3754822 PowerTaskList.DebugPrintPower() -     SUB_SPELL_END
D 12:50:01.3754822 PowerTaskList.DebugPrintPower() - SUB_SPELL_END
D 12:50:01.3754822 PowerTaskList.DebugDump() - Block End=(null)
D 12:50:01.3754822 PowerProcessor.PrepareHistoryForCurrentTaskList() - m_currentTaskList=64
D 12:50:01.4292309 PowerProcessor.EndCurrentTaskList() - m_currentTaskList=64
D 12:50:01.4292309 PowerTaskList.DebugDump() - ID=64 ParentID=61 PreviousID=62 TaskCount=3
D 12:50:01.4292309 PowerTaskList.DebugDump() - Block Start=(null)
D 12:50:01.4292309 PowerTaskList.DebugPrintPower() -     SUB_SPELL_START - SpellPrefabGUID=ReuseFX_Water_BuffImpact_Heal_Super:80e4fa2f87fa73a4c9702a5f6a666f59 Source=70 TargetCount=1
D 12:50:01.4292309 PowerTaskList.DebugPrintPower() -                       Source = [entityName=嘲风望月露娜拉 id=70 zone=PLAY zonePos=0 cardId=HERO_06bi player=1]
D 12:50:01.4292309 PowerTaskList.DebugPrintPower() -                       Targets[0] = [entityName=嘲风望月露娜拉 id=70 zone=PLAY zonePos=0 cardId=HERO_06bi player=1]
D 12:50:01.4292309 PowerTaskList.DebugPrintPower() -     SUB_SPELL_END
D 12:50:01.4292309 PowerTaskList.DebugPrintPower() - SUB_SPELL_END
D 12:50:01.4292309 PowerTaskList.DebugDump() - Block End=(null)
D 12:50:01.4292309 PowerProcessor.PrepareHistoryForCurrentTaskList() - m_currentTaskList=64
D 12:50:01.4702236 PowerProcessor.EndCurrentTaskList() - m_currentTaskList=64
D 12:50:01.4702236 ChoiceCardMgr.WaitThenShowChoices() - id=3 BEGIN
D 12:50:06.7694379 GameState.SendChoices() - id=3 ChoiceType=GENERAL
D 12:50:06.7694379 GameState.SendChoices() -   m_chosenEntities[0]=[entityName=雷霆绽放 id=119 zone=SETASIDE zonePos=0 cardId=SCH_427 player=1]
D 12:50:06.9418111 GameState.DebugPrintEntitiesChosen() - id=3 Player=湫然#51704 EntitiesCount=1
D 12:50:06.9418111 GameState.DebugPrintEntitiesChosen() -   Entities[0]=[entityName=雷霆绽放 id=119 zone=SETASIDE zonePos=0 cardId=SCH_427 player=1]
D 12:50:06.9418111 ChoiceCardMgr.WaitThenHideChoicesFromPacket() - id=3 END WAIT
D 12:50:07.0554420 GameState.DebugPrintPowerList() - Count=38
D 12:50:07.0554420 GameState.DebugPrintPower() - TAG_CHANGE Entity=[entityName=雷霆绽放 id=119 zone=SETASIDE zonePos=0 cardId=SCH_427 player=1] tag=4741 value=2 
D 12:50:07.0554420 GameState.DebugPrintPower() - TAG_CHANGE Entity=[entityName=雷霆绽放 id=119 zone=SETASIDE zonePos=0 cardId=SCH_427 player=1] tag=LAST_AFFECTED_BY value=4 
D 12:50:07.0554420 GameState.DebugPrintPower() - TAG_CHANGE Entity=[entityName=雷霆绽放 id=119 zone=SETASIDE zonePos=0 cardId=SCH_427 player=1] tag=1068 value=4 
D 12:50:07.0554420 GameState.DebugPrintPower() - TAG_CHANGE Entity=[entityName=雷霆绽放 id=119 zone=SETASIDE zonePos=0 cardId=SCH_427 player=1] tag=1068 value=0 
D 12:50:07.0554420 GameState.DebugPrintPower() - TAG_CHANGE Entity=[entityName=雷霆绽放 id=119 zone=SETASIDE zonePos=0 cardId=SCH_427 player=1] tag=ZONE value=GRAVEYARD 
D 12:50:07.0554420 GameState.DebugPrintPower() - TAG_CHANGE Entity=湫然#51704 tag=2166 value=17 
D 12:50:07.0554420 GameState.DebugPrintPower() - TAG_CHANGE Entity=湫然#51704 tag=467 value=1 
D 12:50:07.0554420 GameState.DebugPrintPower() - SHOW_ENTITY - Updating Entity=[entityName=UNKNOWN ENTITY [cardType=INVALID] id=17 zone=DECK zonePos=0 cardId= player=1] CardID=SCH_427
D 12:50:07.0554420 GameState.DebugPrintPower() -     tag=CONTROLLER value=1
D 12:50:07.0554420 GameState.DebugPrintPower() -     tag=CARDTYPE value=SPELL
D 12:50:07.0554420 GameState.DebugPrintPower() -     tag=ZONE value=HAND
D 12:50:07.0554420 GameState.DebugPrintPower() -     tag=ENTITY_ID value=17
D 12:50:07.0554420 GameState.DebugPrintPower() -     tag=CLASS value=DRUID
D 12:50:07.0554420 GameState.DebugPrintPower() -     tag=RARITY value=COMMON
D 12:50:07.0554420 GameState.DebugPrintPower() -     tag=OVERLOAD value=1
D 12:50:07.0554420 GameState.DebugPrintPower() -     tag=MULTIPLE_CLASSES value=130
D 12:50:07.0554420 GameState.DebugPrintPower() -     tag=478 value=1
D 12:50:07.0554420 GameState.DebugPrintPower() -     tag=1037 value=1
D 12:50:07.0554420 GameState.DebugPrintPower() -     tag=1043 value=1
D 12:50:07.0554420 GameState.DebugPrintPower() -     tag=1068 value=0
D 12:50:07.0554420 GameState.DebugPrintPower() -     tag=SPAWN_TIME_COUNT value=1
D 12:50:07.0554420 GameState.DebugPrintPower() -     tag=SPELL_SCHOOL value=4
D 12:50:07.0554420 GameState.DebugPrintPower() -     tag=3908 value=1
D 12:50:07.0554420 GameState.DebugPrintPower() - TAG_CHANGE Entity=[entityName=UNKNOWN ENTITY [cardType=INVALID] id=17 zone=DECK zonePos=0 cardId= player=1] tag=NUM_TURNS_IN_HAND value=1 
D 12:50:07.0554420 GameState.DebugPrintPower() - TAG_CHANGE Entity=[entityName=UNKNOWN ENTITY [cardType=INVALID] id=17 zone=DECK zonePos=0 cardId= player=1] tag=ZONE_POSITION value=6 
D 12:50:07.0554420 GameState.DebugPrintPower() - TAG_CHANGE Entity=[entityName=UNKNOWN ENTITY [cardType=INVALID] id=17 zone=DECK zonePos=0 cardId= player=1] tag=ZONE_POSITION value=0 
D 12:50:07.0554420 GameState.DebugPrintPower() - TAG_CHANGE Entity=[entityName=UNKNOWN ENTITY [cardType=INVALID] id=17 zone=DECK zonePos=0 cardId= player=1] tag=ZONE_POSITION value=6 
D 12:50:07.0554420 GameState.DebugPrintPower() - TAG_CHANGE Entity=湫然#51704 tag=3242 value=2 
D 12:50:07.0554420 GameState.DebugPrintPower() - TAG_CHANGE Entity=湫然#51704 tag=NUM_CARDS_DRAWN_THIS_TURN value=2 
D 12:50:07.0554420 GameState.DebugPrintPower() - TAG_CHANGE Entity=湫然#51704 tag=995 value=2 
D 12:50:07.0554420 GameState.DebugPrintPower() - TAG_CHANGE Entity=[entityName=UNKNOWN ENTITY [cardType=INVALID] id=17 zone=DECK zonePos=0 cardId= player=1] tag=1570 value=2 
D 12:50:07.0554420 GameState.DebugPrintPower() - TAG_CHANGE Entity=湫然#51704 tag=467 value=0 
D 12:50:07.0554420 GameState.DebugPrintPower() - META_DATA - Meta=HISTORY_TARGET Data=0 InfoCount=1
D 12:50:07.0554420 GameState.DebugPrintPower() -             Info[0] = [entityName=UNKNOWN ENTITY [cardType=INVALID] id=17 zone=DECK zonePos=0 cardId= player=1]
D 12:50:07.0554420 GameState.DebugPrintPower() - BLOCK_START BlockType=TRIGGER Entity=[entityName=守望者亢祖 id=74 zone=COSMETIC zonePos=0 cardId=PET_12_4 player=2] EffectCardId=System.Collections.Generic.List`1[System.String] EffectIndex=23 Target=0 SubOption=-1 TriggerKeyword=TAG_NOT_SET
D 12:50:07.0554420 GameState.DebugPrintPower() -     TAG_CHANGE Entity=[entityName=守望者亢祖 id=74 zone=COSMETIC zonePos=0 cardId=PET_12_4 player=2] tag=PET_EVENT_ID value=0 
D 12:50:07.0554420 GameState.DebugPrintPower() -     TAG_CHANGE Entity=[entityName=守望者亢祖 id=74 zone=COSMETIC zonePos=0 cardId=PET_12_4 player=2] tag=PET_EVENT_ID value=35 
D 12:50:07.0554420 GameState.DebugPrintPower() - BLOCK_END
D 12:50:07.0554420 GameState.DebugPrintPower() - BLOCK_END
D 12:50:07.0554420 GameState.DebugPrintPower() - TAG_CHANGE Entity=[entityName=波涛形塑 id=4 zone=PLAY zonePos=0 cardId=TIME_701 player=1] tag=1068 value=4 
D 12:50:07.0554420 GameState.DebugPrintPower() - TAG_CHANGE Entity=[entityName=波涛形塑 id=4 zone=PLAY zonePos=0 cardId=TIME_701 player=1] tag=1068 value=0 
D 12:50:07.0554420 GameState.DebugPrintPower() - TAG_CHANGE Entity=[entityName=波涛形塑 id=4 zone=PLAY zonePos=0 cardId=TIME_701 player=1] tag=ZONE value=GRAVEYARD 
D 12:50:07.0554420 GameState.DebugPrintPower() - TAG_CHANGE Entity=[entityName=生物计划 id=118 zone=SETASIDE zonePos=0 cardId=BOT_054 player=1] tag=3669 value=0 
D 12:50:07.0554420 GameState.DebugPrintPower() - TAG_CHANGE Entity=[entityName=雷霆绽放 id=119 zone=SETASIDE zonePos=0 cardId=SCH_427 player=1] tag=3669 value=0 
D 12:50:07.0554420 GameState.DebugPrintPower() - TAG_CHANGE Entity=[entityName=虚灵改装师 id=120 zone=SETASIDE zonePos=0 cardId=BT_724 player=1] tag=3669 value=0 
D 12:50:07.0554420 GameState.DebugPrintPower() - BLOCK_START BlockType=TRIGGER Entity=[entityName=守望者亢祖 id=74 zone=COSMETIC zonePos=0 cardId=PET_12_4 player=2] EffectCardId=System.Collections.Generic.List`1[System.String] EffectIndex=6 Target=0 SubOption=-1 TriggerKeyword=TAG_NOT_SET
D 12:50:07.0554420 GameState.DebugPrintPower() -     TAG_CHANGE Entity=[entityName=守望者亢祖 id=74 zone=COSMETIC zonePos=0 cardId=PET_12_4 player=2] tag=PET_EVENT_ID value=0 
D 12:50:07.0554420 GameState.DebugPrintPower() -     TAG_CHANGE Entity=[entityName=守望者亢祖 id=74 zone=COSMETIC zonePos=0 cardId=PET_12_4 player=2] tag=PET_EVENT_ID value=13 
D 12:50:07.0554420 GameState.DebugPrintPower() - BLOCK_END
D 12:50:07.0554420 GameState.DebugPrintPower() - TAG_CHANGE Entity=湫然#51704 tag=COMBO_ACTIVE value=1 
D 12:50:07.0554420 GameState.DebugPrintPower() - TAG_CHANGE Entity=GameEntity tag=1323 value=2 
D 12:50:07.0554420 GameState.DebugPrintPower() - TAG_CHANGE Entity=湫然#51704 tag=NUM_OPTIONS_PLAYED_THIS_TURN value=1 
D 12:50:07.0554420 GameState.DebugPrintPower() - BLOCK_END
D 12:50:07.0554420 GameState.DebugPrintPower() - META_DATA - Meta=SLUSH_TIME Data=1000 InfoCount=1
D 12:50:07.0554420 GameState.DebugPrintPower() -             Info[0] = [entityName=波涛形塑 id=4 zone=PLAY zonePos=0 cardId=TIME_701 player=1]
D 12:50:07.0554420 PowerTaskList.DebugDump() - ID=65 ParentID=0 PreviousID=64 TaskCount=18
D 12:50:07.0554420 PowerTaskList.DebugDump() - Block Start=(null)
D 12:50:07.0554420 PowerTaskList.DebugPrintPower() -     TAG_CHANGE Entity=[entityName=雷霆绽放 id=119 zone=SETASIDE zonePos=0 cardId=SCH_427 player=1] tag=4741 value=2 
D 12:50:07.0554420 PowerTaskList.DebugPrintPower() -     TAG_CHANGE Entity=[entityName=雷霆绽放 id=119 zone=SETASIDE zonePos=0 cardId=SCH_427 player=1] tag=LAST_AFFECTED_BY value=4 
D 12:50:07.0554420 PowerTaskList.DebugPrintPower() -     TAG_CHANGE Entity=[entityName=雷霆绽放 id=119 zone=SETASIDE zonePos=0 cardId=SCH_427 player=1] tag=1068 value=4 
D 12:50:07.0554420 PowerTaskList.DebugPrintPower() -     TAG_CHANGE Entity=[entityName=雷霆绽放 id=119 zone=SETASIDE zonePos=0 cardId=SCH_427 player=1] tag=1068 value=0 
D 12:50:07.0554420 PowerTaskList.DebugPrintPower() -     TAG_CHANGE Entity=[entityName=雷霆绽放 id=119 zone=SETASIDE zonePos=0 cardId=SCH_427 player=1] tag=ZONE value=GRAVEYARD 
D 12:50:07.0554420 PowerTaskList.DebugPrintPower() -     TAG_CHANGE Entity=湫然#51704 tag=2166 value=17 
D 12:50:07.0554420 PowerTaskList.DebugPrintPower() -     TAG_CHANGE Entity=湫然#51704 tag=467 value=1 
D 12:50:07.0554420 PowerTaskList.DebugPrintPower() -     SHOW_ENTITY - Updating Entity=[entityName=UNKNOWN ENTITY [cardType=INVALID] id=17 zone=DECK zonePos=0 cardId= player=1] CardID=SCH_427
D 12:50:07.0554420 PowerTaskList.DebugPrintPower() -         tag=CONTROLLER value=1
D 12:50:07.0554420 PowerTaskList.DebugPrintPower() -         tag=CARDTYPE value=SPELL
D 12:50:07.0554420 PowerTaskList.DebugPrintPower() -         tag=ZONE value=HAND
D 12:50:07.0554420 PowerTaskList.DebugPrintPower() -         tag=ENTITY_ID value=17
D 12:50:07.0554420 PowerTaskList.DebugPrintPower() -         tag=CLASS value=DRUID
D 12:50:07.0554420 PowerTaskList.DebugPrintPower() -         tag=RARITY value=COMMON
D 12:50:07.0554420 PowerTaskList.DebugPrintPower() -         tag=OVERLOAD value=1
D 12:50:07.0554420 PowerTaskList.DebugPrintPower() -         tag=MULTIPLE_CLASSES value=130
D 12:50:07.0554420 PowerTaskList.DebugPrintPower() -         tag=478 value=1
D 12:50:07.0554420 PowerTaskList.DebugPrintPower() -         tag=1037 value=1
D 12:50:07.0554420 PowerTaskList.DebugPrintPower() -         tag=1043 value=1
D 12:50:07.0554420 PowerTaskList.DebugPrintPower() -         tag=1068 value=0
D 12:50:07.0554420 PowerTaskList.DebugPrintPower() -         tag=SPAWN_TIME_COUNT value=1
D 12:50:07.0554420 PowerTaskList.DebugPrintPower() -         tag=SPELL_SCHOOL value=4
D 12:50:07.0554420 PowerTaskList.DebugPrintPower() -         tag=3908 value=1
D 12:50:07.0554420 PowerTaskList.DebugPrintPower() -     TAG_CHANGE Entity=[entityName=UNKNOWN ENTITY [cardType=INVALID] id=17 zone=DECK zonePos=0 cardId= player=1] tag=NUM_TURNS_IN_HAND value=1 
D 12:50:07.0554420 PowerTaskList.DebugPrintPower() -     TAG_CHANGE Entity=[entityName=UNKNOWN ENTITY [cardType=INVALID] id=17 zone=DECK zonePos=0 cardId= player=1] tag=ZONE_POSITION value=6 
D 12:50:07.0554420 PowerTaskList.DebugPrintPower() -     TAG_CHANGE Entity=[entityName=UNKNOWN ENTITY [cardType=INVALID] id=17 zone=DECK zonePos=0 cardId= player=1] tag=ZONE_POSITION value=0 
D 12:50:07.0554420 PowerTaskList.DebugPrintPower() -     TAG_CHANGE Entity=[entityName=UNKNOWN ENTITY [cardType=INVALID] id=17 zone=DECK zonePos=0 cardId= player=1] tag=ZONE_POSITION value=6 
D 12:50:07.0554420 PowerTaskList.DebugPrintPower() -     TAG_CHANGE Entity=湫然#51704 tag=3242 value=2 
D 12:50:07.0554420 PowerTaskList.DebugPrintPower() -     TAG_CHANGE Entity=湫然#51704 tag=NUM_CARDS_DRAWN_THIS_TURN value=2 
D 12:50:07.0554420 PowerTaskList.DebugPrintPower() -     TAG_CHANGE Entity=湫然#51704 tag=995 value=2 
D 12:50:07.0554420 PowerTaskList.DebugPrintPower() -     TAG_CHANGE Entity=[entityName=UNKNOWN ENTITY [cardType=INVALID] id=17 zone=DECK zonePos=0 cardId= player=1] tag=1570 value=2 
D 12:50:07.0554420 PowerTaskList.DebugPrintPower() -     TAG_CHANGE Entity=湫然#51704 tag=467 value=0 
D 12:50:07.0554420 PowerTaskList.DebugPrintPower() -     META_DATA - Meta=HISTORY_TARGET Data=0 InfoCount=1
D 12:50:07.0554420 PowerTaskList.DebugPrintPower() -                 Info[0] = [entityName=UNKNOWN ENTITY [cardType=INVALID] id=17 zone=DECK zonePos=0 cardId= player=1]
D 12:50:07.0554420 PowerTaskList.DebugPrintPower() - BLOCK_END
D 12:50:07.0554420 PowerProcessor.PrepareHistoryForCurrentTaskList() - m_currentTaskList=65
D 12:50:07.0639780 GameState.DebugPrintOptions() - id=4
D 12:50:07.0639780 GameState.DebugPrintOptions() -   option 0 type=END_TURN mainEntity= error=INVALID errorParam=
D 12:50:07.0639780 GameState.DebugPrintOptions() -   option 1 type=POWER mainEntity=[entityName=幸运币 id=100 zone=HAND zonePos=4 cardId=MUDAN_COIN1 player=1] error=NONE errorParam=
D 12:50:07.0639780 GameState.DebugPrintOptions() -   option 2 type=POWER mainEntity=[entityName=雷霆绽放 id=17 zone=HAND zonePos=0 cardId=SCH_427 player=1] error=NONE errorParam=
D 12:50:07.0639780 GameState.DebugPrintOptions() -   option 3 type=POWER mainEntity=[entityName=黑市拍卖师 id=35 zone=HAND zonePos=1 cardId=JAIL_718 player=1] error=REQ_ENOUGH_MANA errorParam=
D 12:50:07.0639780 GameState.DebugPrintOptions() -   option 4 type=POWER mainEntity=[entityName=黑市拍卖师 id=35 zone=HAND zonePos=1 cardId=JAIL_718 player=1] error=REQ_ENOUGH_MANA errorParam=
D 12:50:07.0639780 GameState.DebugPrintOptions() -   option 5 type=POWER mainEntity=[entityName=活体根须 id=20 zone=HAND zonePos=2 cardId=CORE_AT_037 player=1] error=REQ_ENOUGH_MANA errorParam=
D 12:50:07.0639780 GameState.DebugPrintOptions() -   option 6 type=POWER mainEntity=[entityName=米斯塔·维斯塔 id=32 zone=HAND zonePos=3 cardId=VAC_519 player=1] error=REQ_ENOUGH_MANA errorParam=
D 12:50:07.0639780 GameState.DebugPrintOptions() -   option 7 type=POWER mainEntity=[entityName=月光射线 id=19 zone=HAND zonePos=5 cardId=TID_001 player=1] error=REQ_ENOUGH_MANA errorParam=
D 12:50:07.0639780 GameState.DebugPrintOptions() -   option 8 type=POWER mainEntity=[entityName=嘲风望月露娜拉 id=70 zone=PLAY zonePos=0 cardId=HERO_06bi player=1] error=REQ_ATTACK_GREATER_THAN_0 errorParam=
D 12:50:07.0639780 GameState.DebugPrintOptions() -   option 9 type=POWER mainEntity=[entityName=变形 id=71 zone=PLAY zonePos=0 cardId=HERO_06ebp player=1] error=REQ_ENOUGH_MANA errorParam=
D 12:50:07.0639780 GameState.DebugPrintOptions() -   option 10 type=POWER mainEntity=[entityName=医疗兵伊莉斯 id=72 zone=PLAY zonePos=0 cardId=HERO_09av player=2] error=REQ_YOUR_TURN errorParam=
D 12:50:07.0639780 GameState.DebugPrintOptions() -   option 11 type=POWER mainEntity=[entityName=次级治疗术 id=73 zone=PLAY zonePos=0 cardId=HERO_09dbp player=2] error=REQ_YOUR_TURN errorParam=
D 12:50:07.0772851 PowerProcessor.EndCurrentTaskList() - m_currentTaskList=65
D 12:50:07.0833438 PowerTaskList.DebugDump() - ID=67 ParentID=62 PreviousID=0 TaskCount=2
D 12:50:07.0833438 PowerTaskList.DebugPrintPower() - BLOCK_START BlockType=TRIGGER Entity=[entityName=守望者亢祖 id=74 zone=COSMETIC zonePos=0 cardId=PET_12_4 player=2] EffectCardId=System.Collections.Generic.List`1[System.String] EffectIndex=23 Target=0 SubOption=-1 TriggerKeyword=TAG_NOT_SET
D 12:50:07.0833438 PowerTaskList.DebugPrintPower() -     TAG_CHANGE Entity=[entityName=守望者亢祖 id=74 zone=COSMETIC zonePos=0 cardId=PET_12_4 player=2] tag=PET_EVENT_ID value=0 
D 12:50:07.0833438 PowerTaskList.DebugPrintPower() -     TAG_CHANGE Entity=[entityName=守望者亢祖 id=74 zone=COSMETIC zonePos=0 cardId=PET_12_4 player=2] tag=PET_EVENT_ID value=35 
D 12:50:07.0833438 PowerTaskList.DebugPrintPower() - BLOCK_END
D 12:50:07.0833438 PowerProcessor.PrepareHistoryForCurrentTaskList() - m_currentTaskList=67
D 12:50:07.0833438 PowerProcessor.EndCurrentTaskList() - m_currentTaskList=67
D 12:50:07.0833438 PowerTaskList.DebugDump() - ID=68 ParentID=0 PreviousID=61 TaskCount=9
D 12:50:07.0833438 PowerTaskList.DebugDump() - Block Start=(null)
D 12:50:07.0833438 PowerTaskList.DebugPrintPower() -     TAG_CHANGE Entity=[entityName=波涛形塑 id=4 zone=PLAY zonePos=0 cardId=TIME_701 player=1] tag=1068 value=4 
D 12:50:07.0833438 PowerTaskList.DebugPrintPower() -     TAG_CHANGE Entity=[entityName=波涛形塑 id=4 zone=PLAY zonePos=0 cardId=TIME_701 player=1] tag=1068 value=0 
D 12:50:07.0833438 PowerTaskList.DebugPrintPower() -     TAG_CHANGE Entity=[entityName=波涛形塑 id=4 zone=PLAY zonePos=0 cardId=TIME_701 player=1] tag=ZONE value=GRAVEYARD 
D 12:50:07.0833438 PowerTaskList.DebugPrintPower() -     TAG_CHANGE Entity=[entityName=生物计划 id=118 zone=SETASIDE zonePos=0 cardId=BOT_054 player=1] tag=3669 value=0 
D 12:50:07.0833438 PowerTaskList.DebugPrintPower() -     TAG_CHANGE Entity=[entityName=雷霆绽放 id=119 zone=GRAVEYARD zonePos=0 cardId=SCH_427 player=1] tag=3669 value=0 
D 12:50:07.0833438 PowerTaskList.DebugPrintPower() -     TAG_CHANGE Entity=[entityName=虚灵改装师 id=120 zone=SETASIDE zonePos=0 cardId=BT_724 player=1] tag=3669 value=0 
D 12:50:07.0833438 PowerTaskList.DebugPrintPower() -     TAG_CHANGE Entity=湫然#51704 tag=COMBO_ACTIVE value=1 
D 12:50:07.0833438 PowerTaskList.DebugPrintPower() -     TAG_CHANGE Entity=GameEntity tag=1323 value=2 
D 12:50:07.0833438 PowerTaskList.DebugPrintPower() -     TAG_CHANGE Entity=湫然#51704 tag=NUM_OPTIONS_PLAYED_THIS_TURN value=1 
D 12:50:07.0833438 PowerTaskList.DebugPrintPower() - BLOCK_END
D 12:50:07.0833438 PowerProcessor.PrepareHistoryForCurrentTaskList() - m_currentTaskList=68
D 12:50:07.0833438 PowerProcessor.DoTaskListForCard() - unhandled BlockType PLAY for sourceEntity [entityName=波涛形塑 id=4 zone=PLAY zonePos=0 cardId=TIME_701 player=1]
D 12:50:07.0908601 PowerProcessor.EndCurrentTaskList() - m_currentTaskList=68
D 12:50:07.0976492 PowerTaskList.DebugDump() - ID=70 ParentID=61 PreviousID=0 TaskCount=2
D 12:50:07.0976492 PowerTaskList.DebugPrintPower() - BLOCK_START BlockType=TRIGGER Entity=[entityName=守望者亢祖 id=74 zone=COSMETIC zonePos=0 cardId=PET_12_4 player=2] EffectCardId=System.Collections.Generic.List`1[System.String] EffectIndex=6 Target=0 SubOption=-1 TriggerKeyword=TAG_NOT_SET
D 12:50:07.0976492 PowerTaskList.DebugPrintPower() -     TAG_CHANGE Entity=[entityName=守望者亢祖 id=74 zone=COSMETIC zonePos=0 cardId=PET_12_4 player=2] tag=PET_EVENT_ID value=0 
D 12:50:07.0976492 PowerTaskList.DebugPrintPower() -     TAG_CHANGE Entity=[entityName=守望者亢祖 id=74 zone=COSMETIC zonePos=0 cardId=PET_12_4 player=2] tag=PET_EVENT_ID value=13 
D 12:50:07.0976492 PowerTaskList.DebugPrintPower() - BLOCK_END
D 12:50:07.0976492 PowerProcessor.PrepareHistoryForCurrentTaskList() - m_currentTaskList=70
D 12:50:07.0976492 PowerProcessor.EndCurrentTaskList() - m_currentTaskList=70
D 12:50:07.0976492 PowerTaskList.DebugDump() - ID=71 ParentID=0 PreviousID=0 TaskCount=1
D 12:50:07.0976492 PowerTaskList.DebugDump() - Block Start=(null)
D 12:50:07.0976492 PowerTaskList.DebugPrintPower() -     META_DATA - Meta=SLUSH_TIME Data=1000 InfoCount=1
D 12:50:07.0976492 PowerTaskList.DebugPrintPower() -                 Info[0] = [entityName=波涛形塑 id=4 zone=GRAVEYARD zonePos=0 cardId=TIME_701 player=1]
D 12:50:07.0976492 PowerTaskList.DebugDump() - Block End=(null)
D 12:50:07.0976492 PowerProcessor.PrepareHistoryForCurrentTaskList() - m_currentTaskList=71
D 12:50:07.0976492 PowerProcessor.EndCurrentTaskList() - m_currentTaskList=71
D 12:50:07.4766193 GameState.SendOption() - selectedOption=0 selectedSubOption=-1 selectedTarget=0 selectedPosition=0
D 12:50:08.2333413 GameState.DebugPrintPowerList() - Count=84
D 12:50:08.2333413 GameState.DebugPrintPower() - TAG_CHANGE Entity=GameEntity tag=STEP value=MAIN_END 
D 12:50:08.2333413 GameState.DebugPrintPower() - BLOCK_START BlockType=TRIGGER Entity=湫然#51704 EffectCardId=System.Collections.Generic.List`1[System.String] EffectIndex=-1 Target=0 SubOption=-1 TriggerKeyword=TAG_NOT_SET
D 12:50:08.2333413 GameState.DebugPrintPower() -     TAG_CHANGE Entity=GameEntity tag=NEXT_STEP value=MAIN_CLEANUP 
D 12:50:08.2333413 GameState.DebugPrintPower() - BLOCK_END
D 12:50:08.2333413 GameState.DebugPrintPower() - BLOCK_START BlockType=TRIGGER Entity=湫然#51704 EffectCardId=System.Collections.Generic.List`1[System.String] EffectIndex=-1 Target=0 SubOption=-1 TriggerKeyword=TAG_NOT_SET
D 12:50:08.2333413 GameState.DebugPrintPower() - BLOCK_END
D 12:50:08.2333413 GameState.DebugPrintPower() - BLOCK_START BlockType=TRIGGER Entity=光鲜亮丽我要进肺#5528 EffectCardId=System.Collections.Generic.List`1[System.String] EffectIndex=-1 Target=0 SubOption=-1 TriggerKeyword=TAG_NOT_SET
D 12:50:08.2333413 GameState.DebugPrintPower() - BLOCK_END
D 12:50:08.2333413 GameState.DebugPrintPower() - BLOCK_START BlockType=TRIGGER Entity=[entityName=守望者亢祖 id=74 zone=COSMETIC zonePos=0 cardId=PET_12_4 player=2] EffectCardId=System.Collections.Generic.List`1[System.String] EffectIndex=0 Target=0 SubOption=-1 TriggerKeyword=TAG_NOT_SET
D 12:50:08.2333413 GameState.DebugPrintPower() -     TAG_CHANGE Entity=[entityName=守望者亢祖 id=74 zone=COSMETIC zonePos=0 cardId=PET_12_4 player=2] tag=PET_EVENT_ID value=0 
D 12:50:08.2333413 GameState.DebugPrintPower() - BLOCK_END
D 12:50:08.2333413 GameState.DebugPrintPower() - TAG_CHANGE Entity=GameEntity tag=STEP value=MAIN_CLEANUP 
D 12:50:08.2333413 GameState.DebugPrintPower() - BLOCK_START BlockType=TRIGGER Entity=湫然#51704 EffectCardId=System.Collections.Generic.List`1[System.String] EffectIndex=-1 Target=0 SubOption=-1 TriggerKeyword=TAG_NOT_SET
D 12:50:08.2333413 GameState.DebugPrintPower() -     TAG_CHANGE Entity=湫然#51704 tag=COMBO_ACTIVE value=0 
D 12:50:08.2333413 GameState.DebugPrintPower() -     TAG_CHANGE Entity=GameEntity tag=NEXT_STEP value=MAIN_NEXT 
D 12:50:08.2333413 GameState.DebugPrintPower() - BLOCK_END
D 12:50:08.2333413 GameState.DebugPrintPower() - BLOCK_START BlockType=TRIGGER Entity=光鲜亮丽我要进肺#5528 EffectCardId=System.Collections.Generic.List`1[System.String] EffectIndex=-1 Target=0 SubOption=-1 TriggerKeyword=TAG_NOT_SET
D 12:50:08.2333413 GameState.DebugPrintPower() - BLOCK_END
D 12:50:08.2333413 GameState.DebugPrintPower() - TAG_CHANGE Entity=GameEntity tag=STEP value=MAIN_NEXT 
D 12:50:08.2333413 GameState.DebugPrintPower() - BLOCK_START BlockType=TRIGGER Entity=GameEntity EffectCardId=System.Collections.Generic.List`1[System.String] EffectIndex=-1 Target=0 SubOption=-1 TriggerKeyword=TAG_NOT_SET
D 12:50:08.2333413 GameState.DebugPrintPower() -     TAG_CHANGE Entity=湫然#51704 tag=1292 value=0 
D 12:50:08.2333413 GameState.DebugPrintPower() -     TAG_CHANGE Entity=光鲜亮丽我要进肺#5528 tag=1292 value=1 
D 12:50:08.2333413 GameState.DebugPrintPower() -     TAG_CHANGE Entity=湫然#51704 tag=TIMEOUT value=55 
D 12:50:08.2333413 GameState.DebugPrintPower() -     TAG_CHANGE Entity=[entityName=黑市拍卖师 id=35 zone=HAND zonePos=1 cardId=JAIL_718 player=1] tag=NUM_TURNS_IN_HAND value=3 
D 12:50:08.2333413 GameState.DebugPrintPower() -     TAG_CHANGE Entity=[entityName=幸运币 id=100 zone=HAND zonePos=4 cardId=MUDAN_COIN1 player=1] tag=NUM_TURNS_IN_HAND value=3 
D 12:50:08.2333413 GameState.DebugPrintPower() -     TAG_CHANGE Entity=[entityName=活体根须 id=20 zone=HAND zonePos=2 cardId=CORE_AT_037 player=1] tag=NUM_TURNS_IN_HAND value=3 
D 12:50:08.2333413 GameState.DebugPrintPower() -     TAG_CHANGE Entity=[entityName=米斯塔·维斯塔 id=32 zone=HAND zonePos=3 cardId=VAC_519 player=1] tag=NUM_TURNS_IN_HAND value=3 
D 12:50:08.2333413 GameState.DebugPrintPower() -     TAG_CHANGE Entity=[entityName=月光射线 id=19 zone=HAND zonePos=5 cardId=TID_001 player=1] tag=NUM_TURNS_IN_HAND value=2 
D 12:50:08.2333413 GameState.DebugPrintPower() -     TAG_CHANGE Entity=[entityName=雷霆绽放 id=17 zone=HAND zonePos=6 cardId=SCH_427 player=1] tag=NUM_TURNS_IN_HAND value=2 
D 12:50:08.2333413 GameState.DebugPrintPower() -     TAG_CHANGE Entity=湫然#51704 tag=CURRENT_PLAYER value=0 
D 12:50:08.2333413 GameState.DebugPrintPower() -     TAG_CHANGE Entity=光鲜亮丽我要进肺#5528 tag=CURRENT_PLAYER value=1 
D 12:50:08.2333413 GameState.DebugPrintPower() -     TAG_CHANGE Entity=GameEntity tag=TURN value=3 
D 12:50:08.2333413 GameState.DebugPrintPower() -     TAG_CHANGE Entity=GameEntity tag=1882 value=2 
D 12:50:08.2333413 GameState.DebugPrintPower() -     TAG_CHANGE Entity=光鲜亮丽我要进肺#5528 tag=TURN value=2 
D 12:50:08.2333413 GameState.DebugPrintPower() -     TAG_CHANGE Entity=GameEntity tag=NEXT_STEP value=MAIN_READY 
D 12:50:08.2333413 GameState.DebugPrintPower() - BLOCK_END
D 12:50:08.2333413 GameState.DebugPrintPower() - TAG_CHANGE Entity=GameEntity tag=STEP value=MAIN_READY 
D 12:50:08.2333413 GameState.DebugPrintPower() - BLOCK_START BlockType=TRIGGER Entity=光鲜亮丽我要进肺#5528 EffectCardId=System.Collections.Generic.List`1[System.String] EffectIndex=-1 Target=0 SubOption=-1 TriggerKeyword=TAG_NOT_SET
D 12:50:08.2333413 GameState.DebugPrintPower() -     TAG_CHANGE Entity=GameEntity tag=NUM_TURNS_IN_PLAY value=3 
D 12:50:08.2333413 GameState.DebugPrintPower() -     TAG_CHANGE Entity=湫然#51704 tag=NUM_TURNS_IN_PLAY value=3 
D 12:50:08.2333413 GameState.DebugPrintPower() -     TAG_CHANGE Entity=光鲜亮丽我要进肺#5528 tag=NUM_TURNS_IN_PLAY value=3 
D 12:50:08.2333413 GameState.DebugPrintPower() -     TAG_CHANGE Entity=[entityName=嘲风望月露娜拉 id=70 zone=PLAY zonePos=0 cardId=HERO_06bi player=1] tag=NUM_TURNS_IN_PLAY value=3 
D 12:50:08.2333413 GameState.DebugPrintPower() -     TAG_CHANGE Entity=[entityName=变形 id=71 zone=PLAY zonePos=0 cardId=HERO_06ebp player=1] tag=NUM_TURNS_IN_PLAY value=3 
D 12:50:08.2333413 GameState.DebugPrintPower() -     TAG_CHANGE Entity=[entityName=医疗兵伊莉斯 id=72 zone=PLAY zonePos=0 cardId=HERO_09av player=2] tag=NUM_TURNS_IN_PLAY value=3 
D 12:50:08.2333413 GameState.DebugPrintPower() -     TAG_CHANGE Entity=[entityName=次级治疗术 id=73 zone=PLAY zonePos=0 cardId=HERO_09dbp player=2] tag=NUM_TURNS_IN_PLAY value=3 
D 12:50:08.2333413 GameState.DebugPrintPower() -     TAG_CHANGE Entity=[entityName=寻求指引 id=59 zone=SECRET zonePos=0 cardId=SW_433 player=2] tag=NUM_TURNS_IN_PLAY value=2 
D 12:50:08.2333413 GameState.DebugPrintPower() -     TAG_CHANGE Entity=光鲜亮丽我要进肺#5528 tag=RESOURCES value=2 
D 12:50:08.2333413 GameState.DebugPrintPower() -     TAG_CHANGE Entity=光鲜亮丽我要进肺#5528 tag=RESOURCES_USED value=0 
D 12:50:08.2333413 GameState.DebugPrintPower() -     TAG_CHANGE Entity=光鲜亮丽我要进肺#5528 tag=NUM_CARDS_PLAYED_THIS_TURN value=0 
D 12:50:08.2333413 GameState.DebugPrintPower() -     TAG_CHANGE Entity=光鲜亮丽我要进肺#5528 tag=NUM_OPTIONS_PLAYED_THIS_TURN value=0 
D 12:50:08.2333413 GameState.DebugPrintPower() -     TAG_CHANGE Entity=光鲜亮丽我要进肺#5528 tag=430 value=0 
D 12:50:08.2333413 GameState.DebugPrintPower() -     TAG_CHANGE Entity=[entityName=寻求指引 id=59 zone=SECRET zonePos=0 cardId=SW_433 player=2] tag=EXHAUSTED value=1 
D 12:50:08.2333413 GameState.DebugPrintPower() -     TAG_CHANGE Entity=湫然#51704 tag=NUM_CARDS_DRAWN_THIS_TURN value=0 
D 12:50:08.2333413 GameState.DebugPrintPower() -     TAG_CHANGE Entity=GameEntity tag=NEXT_STEP value=MAIN_START_TRIGGERS 
D 12:50:08.2333413 GameState.DebugPrintPower() - BLOCK_END
D 12:50:08.2333413 GameState.DebugPrintPower() - TAG_CHANGE Entity=GameEntity tag=STEP value=MAIN_START_TRIGGERS 
D 12:50:08.2333413 GameState.DebugPrintPower() - BLOCK_START BlockType=TRIGGER Entity=[entityName=守望者亢祖 id=74 zone=COSMETIC zonePos=0 cardId=PET_12_4 player=2] EffectCardId=System.Collections.Generic.List`1[System.String] EffectIndex=35 Target=0 SubOption=-1 TriggerKeyword=TAG_NOT_SET
D 12:50:08.2333413 GameState.DebugPrintPower() - BLOCK_END
D 12:50:08.2333413 GameState.DebugPrintPower() - BLOCK_START BlockType=TRIGGER Entity=[entityName=守望者亢祖 id=74 zone=COSMETIC zonePos=0 cardId=PET_12_4 player=2] EffectCardId=System.Collections.Generic.List`1[System.String] EffectIndex=5 Target=0 SubOption=-1 TriggerKeyword=TAG_NOT_SET
D 12:50:08.2333413 GameState.DebugPrintPower() -     TAG_CHANGE Entity=[entityName=守望者亢祖 id=74 zone=COSMETIC zonePos=0 cardId=PET_12_4 player=2] tag=PET_EVENT_ID value=12 
D 12:50:08.2333413 GameState.DebugPrintPower() - BLOCK_END
D 12:50:08.2333413 GameState.DebugPrintPower() - BLOCK_START BlockType=TRIGGER Entity=光鲜亮丽我要进肺#5528 EffectCardId=System.Collections.Generic.List`1[System.String] EffectIndex=-1 Target=0 SubOption=-1 TriggerKeyword=TAG_NOT_SET
D 12:50:08.2333413 GameState.DebugPrintPower() -     TAG_CHANGE Entity=GameEntity tag=NEXT_STEP value=MAIN_START 
D 12:50:08.2333413 GameState.DebugPrintPower() - BLOCK_END
D 12:50:08.2333413 GameState.DebugPrintPower() - TAG_CHANGE Entity=GameEntity tag=STEP value=MAIN_START 
D 12:50:08.2333413 GameState.DebugPrintPower() - BLOCK_START BlockType=TRIGGER Entity=光鲜亮丽我要进肺#5528 EffectCardId=System.Collections.Generic.List`1[System.String] EffectIndex=-1 Target=0 SubOption=-1 TriggerKeyword=TAG_NOT_SET
D 12:50:08.2333413 GameState.DebugPrintPower() -     TAG_CHANGE Entity=光鲜亮丽我要进肺#5528 tag=2166 value=50 
D 12:50:08.2333413 GameState.DebugPrintPower() -     TAG_CHANGE Entity=光鲜亮丽我要进肺#5528 tag=467 value=1 
D 12:50:08.2333413 GameState.DebugPrintPower() -     TAG_CHANGE Entity=[entityName=裂魂者阿扎莉娜 id=50 zone=DECK zonePos=0 cardId= player=2] tag=ZONE value=HAND 
D 12:50:08.2333413 GameState.DebugPrintPower() -     TAG_CHANGE Entity=[entityName=裂魂者阿扎莉娜 id=50 zone=DECK zonePos=0 cardId= player=2] tag=ZONE_POSITION value=4 
D 12:50:08.2333413 GameState.DebugPrintPower() -     TAG_CHANGE Entity=[entityName=裂魂者阿扎莉娜 id=50 zone=DECK zonePos=0 cardId= player=2] tag=ZONE_POSITION value=0 
D 12:50:08.2333413 GameState.DebugPrintPower() -     TAG_CHANGE Entity=[entityName=裂魂者阿扎莉娜 id=50 zone=DECK zonePos=0 cardId= player=2] tag=ZONE_POSITION value=4 
D 12:50:08.2333413 GameState.DebugPrintPower() -     TAG_CHANGE Entity=光鲜亮丽我要进肺#5528 tag=NUM_CARDS_DRAWN_THIS_TURN value=1 
D 12:50:08.2333413 GameState.DebugPrintPower() -     TAG_CHANGE Entity=光鲜亮丽我要进肺#5528 tag=995 value=2 
D 12:50:08.2333413 GameState.DebugPrintPower() -     BLOCK_START BlockType=TRIGGER Entity=[entityName=守望者亢祖 id=74 zone=COSMETIC zonePos=0 cardId=PET_12_4 player=2] EffectCardId=System.Collections.Generic.List`1[System.String] EffectIndex=28 Target=0 SubOption=-1 TriggerKeyword=TAG_NOT_SET
D 12:50:08.2333413 GameState.DebugPrintPower() -         TAG_CHANGE Entity=[entityName=守望者亢祖 id=74 zone=COSMETIC zonePos=0 cardId=PET_12_4 player=2] tag=PET_EVENT_ID value=0 
D 12:50:08.2333413 GameState.DebugPrintPower() -     BLOCK_END
D 12:50:08.2333413 GameState.DebugPrintPower() -     TAG_CHANGE Entity=光鲜亮丽我要进肺#5528 tag=467 value=0 
D 12:50:08.2333413 GameState.DebugPrintPower() -     TAG_CHANGE Entity=GameEntity tag=NEXT_STEP value=MAIN_ACTION 
D 12:50:08.2333413 GameState.DebugPrintPower() - BLOCK_END
D 12:50:08.2333413 GameState.DebugPrintPower() - TAG_CHANGE Entity=GameEntity tag=STEP value=MAIN_ACTION 
D 12:50:08.2333413 GameState.DebugPrintPower() - BLOCK_START BlockType=TRIGGER Entity=光鲜亮丽我要进肺#5528 EffectCardId=System.Collections.Generic.List`1[System.String] EffectIndex=-1 Target=0 SubOption=-1 TriggerKeyword=TAG_NOT_SET
D 12:50:08.2333413 GameState.DebugPrintPower() -     TAG_CHANGE Entity=GameEntity tag=NEXT_STEP value=MAIN_END 
D 12:50:08.2333413 GameState.DebugPrintPower() - BLOCK_END
D 12:50:08.2333413 PowerTaskList.DebugDump() - ID=72 ParentID=0 PreviousID=0 TaskCount=1
D 12:50:08.2333413 PowerTaskList.DebugDump() - Block Start=(null)
D 12:50:08.2333413 PowerTaskList.DebugPrintPower() -     TAG_CHANGE Entity=GameEntity tag=STEP value=MAIN_END 
D 12:50:08.2333413 PowerTaskList.DebugDump() - Block End=(null)
D 12:50:08.2333413 PowerProcessor.PrepareHistoryForCurrentTaskList() - m_currentTaskList=72
D 12:50:08.2333413 PowerProcessor.EndCurrentTaskList() - m_currentTaskList=72
D 12:50:08.2333413 PowerTaskList.DebugDump() - ID=73 ParentID=72 PreviousID=0 TaskCount=1
D 12:50:08.2333413 PowerTaskList.DebugPrintPower() - BLOCK_START BlockType=TRIGGER Entity=湫然#51704 EffectCardId=System.Collections.Generic.List`1[System.String] EffectIndex=-1 Target=0 SubOption=-1 TriggerKeyword=TAG_NOT_SET
D 12:50:08.2333413 PowerTaskList.DebugPrintPower() -     TAG_CHANGE Entity=GameEntity tag=NEXT_STEP value=MAIN_CLEANUP 
D 12:50:08.2333413 PowerTaskList.DebugPrintPower() - BLOCK_END
D 12:50:08.2333413 PowerProcessor.PrepareHistoryForCurrentTaskList() - m_currentTaskList=73
D 12:50:08.2333413 PowerProcessor.EndCurrentTaskList() - m_currentTaskList=73
D 12:50:08.2333413 PowerTaskList.DebugDump() - ID=74 ParentID=0 PreviousID=0 TaskCount=0
D 12:50:08.2333413 PowerTaskList.DebugPrintPower() - BLOCK_START BlockType=TRIGGER Entity=湫然#51704 EffectCardId=System.Collections.Generic.List`1[System.String] EffectIndex=-1 Target=0 SubOption=-1 TriggerKeyword=TAG_NOT_SET
D 12:50:08.2333413 PowerTaskList.DebugPrintPower() - BLOCK_END
D 12:50:08.2333413 PowerProcessor.PrepareHistoryForCurrentTaskList() - m_currentTaskList=74
D 12:50:08.2333413 PowerProcessor.EndCurrentTaskList() - m_currentTaskList=74
D 12:50:08.2333413 PowerTaskList.DebugDump() - ID=75 ParentID=0 PreviousID=0 TaskCount=0
D 12:50:08.2333413 PowerTaskList.DebugPrintPower() - BLOCK_START BlockType=TRIGGER Entity=光鲜亮丽我要进肺#5528 EffectCardId=System.Collections.Generic.List`1[System.String] EffectIndex=-1 Target=0 SubOption=-1 TriggerKeyword=TAG_NOT_SET
D 12:50:08.2333413 PowerTaskList.DebugPrintPower() - BLOCK_END
D 12:50:08.2333413 PowerProcessor.PrepareHistoryForCurrentTaskList() - m_currentTaskList=75
D 12:50:08.2333413 PowerProcessor.EndCurrentTaskList() - m_currentTaskList=75
D 12:50:08.2333413 PowerTaskList.DebugDump() - ID=76 ParentID=0 PreviousID=0 TaskCount=1
D 12:50:08.2333413 PowerTaskList.DebugPrintPower() - BLOCK_START BlockType=TRIGGER Entity=[entityName=守望者亢祖 id=74 zone=COSMETIC zonePos=0 cardId=PET_12_4 player=2] EffectCardId=System.Collections.Generic.List`1[System.String] EffectIndex=0 Target=0 SubOption=-1 TriggerKeyword=TAG_NOT_SET
D 12:50:08.2333413 PowerTaskList.DebugPrintPower() -     TAG_CHANGE Entity=[entityName=守望者亢祖 id=74 zone=COSMETIC zonePos=0 cardId=PET_12_4 player=2] tag=PET_EVENT_ID value=0 
D 12:50:08.2333413 PowerTaskList.DebugPrintPower() - BLOCK_END
D 12:50:08.2333413 PowerProcessor.PrepareHistoryForCurrentTaskList() - m_currentTaskList=76
D 12:50:08.2333413 PowerProcessor.EndCurrentTaskList() - m_currentTaskList=76
D 12:50:08.2333413 PowerTaskList.DebugDump() - ID=77 ParentID=0 PreviousID=0 TaskCount=1
D 12:50:08.2333413 PowerTaskList.DebugDump() - Block Start=(null)
D 12:50:08.2333413 PowerTaskList.DebugPrintPower() -     TAG_CHANGE Entity=GameEntity tag=STEP value=MAIN_CLEANUP 
D 12:50:08.2333413 PowerTaskList.DebugDump() - Block End=(null)
D 12:50:08.2333413 PowerProcessor.PrepareHistoryForCurrentTaskList() - m_currentTaskList=77
D 12:50:08.2333413 PowerProcessor.EndCurrentTaskList() - m_currentTaskList=77
D 12:50:08.2333413 PowerTaskList.DebugDump() - ID=78 ParentID=0 PreviousID=0 TaskCount=2
D 12:50:08.2333413 PowerTaskList.DebugPrintPower() - BLOCK_START BlockType=TRIGGER Entity=湫然#51704 EffectCardId=System.Collections.Generic.List`1[System.String] EffectIndex=-1 Target=0 SubOption=-1 TriggerKeyword=TAG_NOT_SET
D 12:50:08.2333413 PowerTaskList.DebugPrintPower() -     TAG_CHANGE Entity=湫然#51704 tag=COMBO_ACTIVE value=0 
D 12:50:08.2333413 PowerTaskList.DebugPrintPower() -     TAG_CHANGE Entity=GameEntity tag=NEXT_STEP value=MAIN_NEXT 
D 12:50:08.2333413 PowerTaskList.DebugPrintPower() - BLOCK_END
D 12:50:08.2333413 PowerProcessor.PrepareHistoryForCurrentTaskList() - m_currentTaskList=78
D 12:50:08.2333413 PowerProcessor.EndCurrentTaskList() - m_currentTaskList=78
D 12:50:08.2333413 PowerTaskList.DebugDump() - ID=79 ParentID=0 PreviousID=0 TaskCount=0
D 12:50:08.2333413 PowerTaskList.DebugPrintPower() - BLOCK_START BlockType=TRIGGER Entity=光鲜亮丽我要进肺#5528 EffectCardId=System.Collections.Generic.List`1[System.String] EffectIndex=-1 Target=0 SubOption=-1 TriggerKeyword=TAG_NOT_SET
D 12:50:08.2333413 PowerTaskList.DebugPrintPower() - BLOCK_END
D 12:50:08.2333413 PowerProcessor.PrepareHistoryForCurrentTaskList() - m_currentTaskList=79
D 12:50:08.2333413 PowerProcessor.EndCurrentTaskList() - m_currentTaskList=79
D 12:50:08.2333413 PowerTaskList.DebugDump() - ID=80 ParentID=0 PreviousID=0 TaskCount=1
D 12:50:08.2333413 PowerTaskList.DebugDump() - Block Start=(null)
D 12:50:08.2333413 PowerTaskList.DebugPrintPower() -     TAG_CHANGE Entity=GameEntity tag=STEP value=MAIN_NEXT 
D 12:50:08.2333413 PowerTaskList.DebugDump() - Block End=(null)
D 12:50:08.2333413 PowerProcessor.PrepareHistoryForCurrentTaskList() - m_currentTaskList=80
D 12:50:08.2333413 PowerProcessor.EndCurrentTaskList() - m_currentTaskList=80
D 12:50:08.2333413 PowerTaskList.DebugDump() - ID=81 ParentID=0 PreviousID=0 TaskCount=15
D 12:50:08.2333413 PowerTaskList.DebugPrintPower() - BLOCK_START BlockType=TRIGGER Entity=GameEntity EffectCardId=System.Collections.Generic.List`1[System.String] EffectIndex=-1 Target=0 SubOption=-1 TriggerKeyword=TAG_NOT_SET
D 12:50:08.2333413 PowerTaskList.DebugPrintPower() -     TAG_CHANGE Entity=湫然#51704 tag=1292 value=0 
D 12:50:08.2333413 PowerTaskList.DebugPrintPower() -     TAG_CHANGE Entity=光鲜亮丽我要进肺#5528 tag=1292 value=1 
D 12:50:08.2333413 PowerTaskList.DebugPrintPower() -     TAG_CHANGE Entity=湫然#51704 tag=TIMEOUT value=55 
D 12:50:08.2333413 PowerTaskList.DebugPrintPower() -     TAG_CHANGE Entity=[entityName=黑市拍卖师 id=35 zone=HAND zonePos=1 cardId=JAIL_718 player=1] tag=NUM_TURNS_IN_HAND value=3 
D 12:50:08.2333413 PowerTaskList.DebugPrintPower() -     TAG_CHANGE Entity=[entityName=幸运币 id=100 zone=HAND zonePos=4 cardId=MUDAN_COIN1 player=1] tag=NUM_TURNS_IN_HAND value=3 
D 12:50:08.2333413 PowerTaskList.DebugPrintPower() -     TAG_CHANGE Entity=[entityName=活体根须 id=20 zone=HAND zonePos=2 cardId=CORE_AT_037 player=1] tag=NUM_TURNS_IN_HAND value=3 
D 12:50:08.2333413 PowerTaskList.DebugPrintPower() -     TAG_CHANGE Entity=[entityName=米斯塔·维斯塔 id=32 zone=HAND zonePos=3 cardId=VAC_519 player=1] tag=NUM_TURNS_IN_HAND value=3 
D 12:50:08.2333413 PowerTaskList.DebugPrintPower() -     TAG_CHANGE Entity=[entityName=月光射线 id=19 zone=HAND zonePos=5 cardId=TID_001 player=1] tag=NUM_TURNS_IN_HAND value=2 
D 12:50:08.2333413 PowerTaskList.DebugPrintPower() -     TAG_CHANGE Entity=[entityName=雷霆绽放 id=17 zone=HAND zonePos=6 cardId=SCH_427 player=1] tag=NUM_TURNS_IN_HAND value=2 
D 12:50:08.2333413 PowerTaskList.DebugPrintPower() -     TAG_CHANGE Entity=湫然#51704 tag=CURRENT_PLAYER value=0 
D 12:50:08.2333413 PowerTaskList.DebugPrintPower() -     TAG_CHANGE Entity=光鲜亮丽我要进肺#5528 tag=CURRENT_PLAYER value=1 
D 12:50:08.2333413 PowerTaskList.DebugPrintPower() -     TAG_CHANGE Entity=GameEntity tag=TURN value=3 
D 12:50:08.2333413 PowerTaskList.DebugPrintPower() -     TAG_CHANGE Entity=GameEntity tag=1882 value=2 
D 12:50:08.2333413 PowerTaskList.DebugPrintPower() -     TAG_CHANGE Entity=光鲜亮丽我要进肺#5528 tag=TURN value=2 
D 12:50:08.2333413 PowerTaskList.DebugPrintPower() -     TAG_CHANGE Entity=GameEntity tag=NEXT_STEP value=MAIN_READY 
D 12:50:08.2333413 PowerTaskList.DebugPrintPower() - BLOCK_END
D 12:50:08.2333413 PowerProcessor.PrepareHistoryForCurrentTaskList() - m_currentTaskList=81
D 12:50:08.2333413 PowerProcessor.EndCurrentTaskList() - m_currentTaskList=81
D 12:50:08.2333413 PowerTaskList.DebugDump() - ID=82 ParentID=0 PreviousID=0 TaskCount=1
D 12:50:08.2333413 PowerTaskList.DebugDump() - Block Start=(null)
D 12:50:08.2333413 PowerTaskList.DebugPrintPower() -     TAG_CHANGE Entity=GameEntity tag=STEP value=MAIN_READY 
D 12:50:08.2333413 PowerTaskList.DebugDump() - Block End=(null)
D 12:50:08.2333413 PowerProcessor.PrepareHistoryForCurrentTaskList() - m_currentTaskList=82
D 12:50:08.2333413 PowerProcessor.EndCurrentTaskList() - m_currentTaskList=82
D 12:50:08.2333413 PowerTaskList.DebugDump() - ID=83 ParentID=0 PreviousID=0 TaskCount=16
D 12:50:08.2333413 PowerTaskList.DebugPrintPower() - BLOCK_START BlockType=TRIGGER Entity=光鲜亮丽我要进肺#5528 EffectCardId=System.Collections.Generic.List`1[System.String] EffectIndex=-1 Target=0 SubOption=-1 TriggerKeyword=TAG_NOT_SET
D 12:50:08.2333413 PowerTaskList.DebugPrintPower() -     TAG_CHANGE Entity=GameEntity tag=NUM_TURNS_IN_PLAY value=3 
D 12:50:08.2333413 PowerTaskList.DebugPrintPower() -     TAG_CHANGE Entity=湫然#51704 tag=NUM_TURNS_IN_PLAY value=3 
D 12:50:08.2333413 PowerTaskList.DebugPrintPower() -     TAG_CHANGE Entity=光鲜亮丽我要进肺#5528 tag=NUM_TURNS_IN_PLAY value=3 
D 12:50:08.2333413 PowerTaskList.DebugPrintPower() -     TAG_CHANGE Entity=[entityName=嘲风望月露娜拉 id=70 zone=PLAY zonePos=0 cardId=HERO_06bi player=1] tag=NUM_TURNS_IN_PLAY value=3 
D 12:50:08.2333413 PowerTaskList.DebugPrintPower() -     TAG_CHANGE Entity=[entityName=变形 id=71 zone=PLAY zonePos=0 cardId=HERO_06ebp player=1] tag=NUM_TURNS_IN_PLAY value=3 
D 12:50:08.2333413 PowerTaskList.DebugPrintPower() -     TAG_CHANGE Entity=[entityName=医疗兵伊莉斯 id=72 zone=PLAY zonePos=0 cardId=HERO_09av player=2] tag=NUM_TURNS_IN_PLAY value=3 
D 12:50:08.2333413 PowerTaskList.DebugPrintPower() -     TAG_CHANGE Entity=[entityName=次级治疗术 id=73 zone=PLAY zonePos=0 cardId=HERO_09dbp player=2] tag=NUM_TURNS_IN_PLAY value=3 
D 12:50:08.2333413 PowerTaskList.DebugPrintPower() -     TAG_CHANGE Entity=[entityName=寻求指引 id=59 zone=SECRET zonePos=0 cardId=SW_433 player=2] tag=NUM_TURNS_IN_PLAY value=2 
D 12:50:08.2333413 PowerTaskList.DebugPrintPower() -     TAG_CHANGE Entity=光鲜亮丽我要进肺#5528 tag=RESOURCES value=2 
D 12:50:08.2333413 PowerTaskList.DebugPrintPower() -     TAG_CHANGE Entity=光鲜亮丽我要进肺#5528 tag=RESOURCES_USED value=0 
D 12:50:08.2333413 PowerTaskList.DebugPrintPower() -     TAG_CHANGE Entity=光鲜亮丽我要进肺#5528 tag=NUM_CARDS_PLAYED_THIS_TURN value=0 
D 12:50:08.2333413 PowerTaskList.DebugPrintPower() -     TAG_CHANGE Entity=光鲜亮丽我要进肺#5528 tag=NUM_OPTIONS_PLAYED_THIS_TURN value=0 
D 12:50:08.2333413 PowerTaskList.DebugPrintPower() -     TAG_CHANGE Entity=光鲜亮丽我要进肺#5528 tag=430 value=0 
D 12:50:08.2333413 PowerTaskList.DebugPrintPower() -     TAG_CHANGE Entity=[entityName=寻求指引 id=59 zone=SECRET zonePos=0 cardId=SW_433 player=2] tag=EXHAUSTED value=1 
D 12:50:08.2333413 PowerTaskList.DebugPrintPower() -     TAG_CHANGE Entity=湫然#51704 tag=NUM_CARDS_DRAWN_THIS_TURN value=0 
D 12:50:08.2333413 PowerTaskList.DebugPrintPower() -     TAG_CHANGE Entity=GameEntity tag=NEXT_STEP value=MAIN_START_TRIGGERS 
D 12:50:08.2333413 PowerTaskList.DebugPrintPower() - BLOCK_END
D 12:50:08.2333413 PowerProcessor.PrepareHistoryForCurrentTaskList() - m_currentTaskList=83
D 12:50:08.2333413 PowerProcessor.EndCurrentTaskList() - m_currentTaskList=83
D 12:50:08.2333413 PowerTaskList.DebugDump() - ID=84 ParentID=0 PreviousID=0 TaskCount=1
D 12:50:08.2333413 PowerTaskList.DebugDump() - Block Start=(null)
D 12:50:08.2333413 PowerTaskList.DebugPrintPower() -     TAG_CHANGE Entity=GameEntity tag=STEP value=MAIN_START_TRIGGERS 
D 12:50:08.2333413 PowerTaskList.DebugDump() - Block End=(null)
D 12:50:08.2333413 PowerProcessor.PrepareHistoryForCurrentTaskList() - m_currentTaskList=84
D 12:50:08.2333413 PowerProcessor.EndCurrentTaskList() - m_currentTaskList=84
D 12:50:08.2333413 PowerTaskList.DebugDump() - ID=85 ParentID=0 PreviousID=0 TaskCount=0
D 12:50:08.2333413 PowerTaskList.DebugPrintPower() - BLOCK_START BlockType=TRIGGER Entity=[entityName=守望者亢祖 id=74 zone=COSMETIC zonePos=0 cardId=PET_12_4 player=2] EffectCardId=System.Collections.Generic.List`1[System.String] EffectIndex=35 Target=0 SubOption=-1 TriggerKeyword=TAG_NOT_SET
D 12:50:08.2333413 PowerTaskList.DebugPrintPower() - BLOCK_END
D 12:50:08.2333413 PowerProcessor.PrepareHistoryForCurrentTaskList() - m_currentTaskList=85
D 12:50:08.2333413 PowerProcessor.EndCurrentTaskList() - m_currentTaskList=85
D 12:50:08.2333413 PowerTaskList.DebugDump() - ID=86 ParentID=0 PreviousID=0 TaskCount=1
D 12:50:08.2333413 PowerTaskList.DebugPrintPower() - BLOCK_START BlockType=TRIGGER Entity=[entityName=守望者亢祖 id=74 zone=COSMETIC zonePos=0 cardId=PET_12_4 player=2] EffectCardId=System.Collections.Generic.List`1[System.String] EffectIndex=5 Target=0 SubOption=-1 TriggerKeyword=TAG_NOT_SET
D 12:50:08.2333413 PowerTaskList.DebugPrintPower() -     TAG_CHANGE Entity=[entityName=守望者亢祖 id=74 zone=COSMETIC zonePos=0 cardId=PET_12_4 player=2] tag=PET_EVENT_ID value=12 
D 12:50:08.2333413 PowerTaskList.DebugPrintPower() - BLOCK_END
D 12:50:08.2333413 PowerProcessor.PrepareHistoryForCurrentTaskList() - m_currentTaskList=86
D 12:50:08.2333413 PowerProcessor.EndCurrentTaskList() - m_currentTaskList=86
D 12:50:08.2333413 PowerTaskList.DebugDump() - ID=87 ParentID=0 PreviousID=0 TaskCount=1
D 12:50:08.2333413 PowerTaskList.DebugPrintPower() - BLOCK_START BlockType=TRIGGER Entity=光鲜亮丽我要进肺#5528 EffectCardId=System.Collections.Generic.List`1[System.String] EffectIndex=-1 Target=0 SubOption=-1 TriggerKeyword=TAG_NOT_SET
D 12:50:08.2333413 PowerTaskList.DebugPrintPower() -     TAG_CHANGE Entity=GameEntity tag=NEXT_STEP value=MAIN_START 
D 12:50:08.2333413 PowerTaskList.DebugPrintPower() - BLOCK_END
D 12:50:08.2333413 PowerProcessor.PrepareHistoryForCurrentTaskList() - m_currentTaskList=87
D 12:50:08.2333413 PowerProcessor.EndCurrentTaskList() - m_currentTaskList=87
D 12:50:08.2333413 PowerTaskList.DebugDump() - ID=88 ParentID=0 PreviousID=0 TaskCount=1
D 12:50:08.2333413 PowerTaskList.DebugDump() - Block Start=(null)
D 12:50:08.2333413 PowerTaskList.DebugPrintPower() -     TAG_CHANGE Entity=GameEntity tag=STEP value=MAIN_START 
D 12:50:08.2333413 PowerTaskList.DebugDump() - Block End=(null)
D 12:50:08.2333413 PowerProcessor.PrepareHistoryForCurrentTaskList() - m_currentTaskList=88
D 12:50:08.2333413 PowerProcessor.EndCurrentTaskList() - m_currentTaskList=88
D 12:50:08.2333413 PowerTaskList.DebugDump() - ID=89 ParentID=0 PreviousID=0 TaskCount=10
D 12:50:08.2333413 PowerTaskList.DebugPrintPower() - BLOCK_START BlockType=TRIGGER Entity=光鲜亮丽我要进肺#5528 EffectCardId=System.Collections.Generic.List`1[System.String] EffectIndex=-1 Target=0 SubOption=-1 TriggerKeyword=TAG_NOT_SET
D 12:50:08.2333413 PowerTaskList.DebugPrintPower() -     TAG_CHANGE Entity=光鲜亮丽我要进肺#5528 tag=2166 value=50 
D 12:50:08.2333413 PowerTaskList.DebugPrintPower() -     TAG_CHANGE Entity=光鲜亮丽我要进肺#5528 tag=467 value=1 
D 12:50:08.2333413 PowerTaskList.DebugPrintPower() -     TAG_CHANGE Entity=[entityName=裂魂者阿扎莉娜 id=50 zone=DECK zonePos=0 cardId= player=2] tag=ZONE value=HAND 
D 12:50:08.2333413 PowerTaskList.DebugPrintPower() -     TAG_CHANGE Entity=[entityName=裂魂者阿扎莉娜 id=50 zone=DECK zonePos=0 cardId= player=2] tag=ZONE_POSITION value=4 
D 12:50:08.2333413 PowerTaskList.DebugPrintPower() -     TAG_CHANGE Entity=[entityName=裂魂者阿扎莉娜 id=50 zone=DECK zonePos=0 cardId= player=2] tag=ZONE_POSITION value=0 
D 12:50:08.2333413 PowerTaskList.DebugPrintPower() -     TAG_CHANGE Entity=[entityName=裂魂者阿扎莉娜 id=50 zone=DECK zonePos=0 cardId= player=2] tag=ZONE_POSITION value=4 
D 12:50:08.2333413 PowerTaskList.DebugPrintPower() -     TAG_CHANGE Entity=光鲜亮丽我要进肺#5528 tag=NUM_CARDS_DRAWN_THIS_TURN value=1 
D 12:50:08.2333413 PowerTaskList.DebugPrintPower() -     TAG_CHANGE Entity=光鲜亮丽我要进肺#5528 tag=995 value=2 
D 12:50:08.2333413 PowerTaskList.DebugPrintPower() -     TAG_CHANGE Entity=光鲜亮丽我要进肺#5528 tag=467 value=0 
D 12:50:08.2333413 PowerTaskList.DebugPrintPower() -     TAG_CHANGE Entity=GameEntity tag=NEXT_STEP value=MAIN_ACTION 
D 12:50:08.2333413 PowerTaskList.DebugPrintPower() - BLOCK_END
D 12:50:08.2333413 PowerProcessor.PrepareHistoryForCurrentTaskList() - m_currentTaskList=89
D 12:50:09.7605868 PowerProcessor.EndCurrentTaskList() - m_currentTaskList=89
D 12:50:09.7669142 PowerTaskList.DebugDump() - ID=91 ParentID=89 PreviousID=0 TaskCount=1
D 12:50:09.7669142 PowerTaskList.DebugPrintPower() - BLOCK_START BlockType=TRIGGER Entity=[entityName=守望者亢祖 id=74 zone=COSMETIC zonePos=0 cardId=PET_12_4 player=2] EffectCardId=System.Collections.Generic.List`1[System.String] EffectIndex=28 Target=0 SubOption=-1 TriggerKeyword=TAG_NOT_SET
D 12:50:09.7669142 PowerTaskList.DebugPrintPower() -     TAG_CHANGE Entity=[entityName=守望者亢祖 id=74 zone=COSMETIC zonePos=0 cardId=PET_12_4 player=2] tag=PET_EVENT_ID value=0 
D 12:50:09.7669142 PowerTaskList.DebugPrintPower() - BLOCK_END
D 12:50:09.7669142 PowerProcessor.PrepareHistoryForCurrentTaskList() - m_currentTaskList=91
D 12:50:09.7669142 PowerProcessor.EndCurrentTaskList() - m_currentTaskList=91
D 12:50:09.7669142 PowerTaskList.DebugDump() - ID=92 ParentID=0 PreviousID=0 TaskCount=1
D 12:50:09.7669142 PowerTaskList.DebugDump() - Block Start=(null)
D 12:50:09.7669142 PowerTaskList.DebugPrintPower() -     TAG_CHANGE Entity=GameEntity tag=STEP value=MAIN_ACTION 
D 12:50:09.7669142 PowerTaskList.DebugDump() - Block End=(null)
D 12:50:09.7669142 PowerProcessor.PrepareHistoryForCurrentTaskList() - m_currentTaskList=92
D 12:50:09.7669142 PowerProcessor.EndCurrentTaskList() - m_currentTaskList=92
D 12:50:09.7669142 PowerTaskList.DebugDump() - ID=93 ParentID=0 PreviousID=0 TaskCount=1
D 12:50:09.7669142 PowerTaskList.DebugPrintPower() - BLOCK_START BlockType=TRIGGER Entity=光鲜亮丽我要进肺#5528 EffectCardId=System.Collections.Generic.List`1[System.String] EffectIndex=-1 Target=0 SubOption=-1 TriggerKeyword=TAG_NOT_SET
D 12:50:09.7669142 PowerTaskList.DebugPrintPower() -     TAG_CHANGE Entity=GameEntity tag=NEXT_STEP value=MAIN_END 
D 12:50:09.7669142 PowerTaskList.DebugPrintPower() - BLOCK_END
D 12:50:09.7669142 PowerProcessor.PrepareHistoryForCurrentTaskList() - m_currentTaskList=93
D 12:50:09.7669142 PowerProcessor.EndCurrentTaskList() - m_currentTaskList=93
D 12:50:13.9172959 GameState.DebugPrintPowerList() - Count=47
D 12:50:13.9172959 GameState.DebugPrintPower() - BLOCK_START BlockType=PLAY Entity=[entityName=UNKNOWN ENTITY [cardType=INVALID] id=94 zone=HAND zonePos=1 cardId= player=2] EffectCardId=System.Collections.Generic.List`1[System.String] EffectIndex=0 Target=0 SubOption=0 
D 12:50:13.9172959 GameState.DebugPrintPower() -     TAG_CHANGE Entity=光鲜亮丽我要进肺#5528 tag=2245 value=3 
D 12:50:13.9172959 GameState.DebugPrintPower() -     TAG_CHANGE Entity=光鲜亮丽我要进肺#5528 tag=RESOURCES_USED value=2 
D 12:50:13.9172959 GameState.DebugPrintPower() -     TAG_CHANGE Entity=光鲜亮丽我要进肺#5528 tag=NUM_RESOURCES_SPENT_THIS_GAME value=3 
D 12:50:13.9172959 GameState.DebugPrintPower() -     TAG_CHANGE Entity=光鲜亮丽我要进肺#5528 tag=NUM_CARDS_PLAYED_THIS_TURN value=1 
D 12:50:13.9172959 GameState.DebugPrintPower() -     TAG_CHANGE Entity=光鲜亮丽我要进肺#5528 tag=430 value=1 
D 12:50:13.9172959 GameState.DebugPrintPower() -     TAG_CHANGE Entity=[entityName=裂魂者阿扎莉娜 id=50 zone=HAND zonePos=4 cardId= player=2] tag=ZONE_POSITION value=3 
D 12:50:13.9172959 GameState.DebugPrintPower() -     TAG_CHANGE Entity=[entityName=UNKNOWN ENTITY [cardType=INVALID] id=66 zone=HAND zonePos=3 cardId= player=2] tag=ZONE_POSITION value=2 
D 12:50:13.9172959 GameState.DebugPrintPower() -     TAG_CHANGE Entity=[entityName=UNKNOWN ENTITY [cardType=INVALID] id=85 zone=HAND zonePos=2 cardId= player=2] tag=ZONE_POSITION value=1 
D 12:50:13.9172959 GameState.DebugPrintPower() -     TAG_CHANGE Entity=[entityName=UNKNOWN ENTITY [cardType=INVALID] id=94 zone=HAND zonePos=1 cardId= player=2] tag=ZONE_POSITION value=0 
D 12:50:13.9172959 GameState.DebugPrintPower() -     SHOW_ENTITY - Updating Entity=[entityName=UNKNOWN ENTITY [cardType=INVALID] id=94 zone=HAND zonePos=1 cardId= player=2] CardID=AV_295
D 12:50:13.9172959 GameState.DebugPrintPower() -         tag=CONTROLLER value=2
D 12:50:13.9172959 GameState.DebugPrintPower() -         tag=CARDTYPE value=SPELL
D 12:50:13.9172959 GameState.DebugPrintPower() -         tag=TAG_LAST_KNOWN_COST_IN_HAND value=2
D 12:50:13.9172959 GameState.DebugPrintPower() -         tag=COST value=2
D 12:50:13.9172959 GameState.DebugPrintPower() -         tag=TAG_SCRIPT_DATA_NUM_1 value=0
D 12:50:13.9172959 GameState.DebugPrintPower() -         tag=TAG_SCRIPT_DATA_NUM_2 value=0
D 12:50:13.9172959 GameState.DebugPrintPower() -         tag=TAG_SCRIPT_DATA_ENT_1 value=0
D 12:50:13.9172959 GameState.DebugPrintPower() -         tag=TAG_SCRIPT_DATA_ENT_2 value=0
D 12:50:13.9172959 GameState.DebugPrintPower() -         tag=PREMIUM value=1
D 12:50:13.9172959 GameState.DebugPrintPower() -         tag=LAST_AFFECTED_BY value=0
D 12:50:13.9172959 GameState.DebugPrintPower() -         tag=EXHAUSTED value=0
D 12:50:13.9172959 GameState.DebugPrintPower() -         tag=ZONE value=PLAY
D 12:50:13.9172959 GameState.DebugPrintPower() -         tag=ENTITY_ID value=94
D 12:50:13.9172959 GameState.DebugPrintPower() -         tag=STEALTH value=0
D 12:50:13.9172959 GameState.DebugPrintPower() -         tag=DIVINE_SHIELD value=0
D 12:50:13.9172959 GameState.DebugPrintPower() -         tag=CLASS value=DRUID
D 12:50:13.9172959 GameState.DebugPrintPower() -         tag=RARITY value=EPIC
D 12:50:13.9172959 GameState.DebugPrintPower() -         tag=FROZEN value=0
D 12:50:13.9172959 GameState.DebugPrintPower() -         tag=JUST_PLAYED value=1
D 12:50:13.9172959 GameState.DebugPrintPower() -         tag=LINKED_ENTITY value=0
D 12:50:13.9172959 GameState.DebugPrintPower() -         tag=ZONE_POSITION value=0
D 12:50:13.9172959 GameState.DebugPrintPower() -         tag=NUM_TURNS_IN_HAND value=3
D 12:50:13.9172959 GameState.DebugPrintPower() -         tag=CREATOR value=50
D 12:50:13.9172959 GameState.DebugPrintPower() -         tag=CUSTOM_KEYWORD_EFFECT value=0
D 12:50:13.9172959 GameState.DebugPrintPower() -         tag=DEATHRATTLE_RETURN_ZONE value=0
D 12:50:13.9172959 GameState.DebugPrintPower() -         tag=DISPLAYED_CREATOR value=50
D 12:50:13.9172959 GameState.DebugPrintPower() -         tag=CHOOSE_ONE value=1
D 12:50:13.9172959 GameState.DebugPrintPower() -         tag=ONE_SIDED_GHOSTLY value=0
D 12:50:13.9172959 GameState.DebugPrintPower() -         tag=ATTACKABLE_BY_RUSH value=0
D 12:50:13.9172959 GameState.DebugPrintPower() -         tag=1037 value=0
D 12:50:13.9172959 GameState.DebugPrintPower() -         tag=1043 value=0
D 12:50:13.9172959 GameState.DebugPrintPower() -         tag=1068 value=0
D 12:50:13.9172959 GameState.DebugPrintPower() -         tag=REBORN value=0
D 12:50:13.9172959 GameState.DebugPrintPower() -         tag=CUSTOMTEXT1 value=0
D 12:50:13.9172959 GameState.DebugPrintPower() -         tag=CUSTOMTEXT2 value=0
D 12:50:13.9172959 GameState.DebugPrintPower() -         tag=CUSTOMTEXT3 value=0
D 12:50:13.9172959 GameState.DebugPrintPower() -         tag=1271 value=0
D 12:50:13.9172959 GameState.DebugPrintPower() -         tag=CREATOR_DBID value=126055
D 12:50:13.9172959 GameState.DebugPrintPower() -         tag=COPIED_BY_KHADGAR value=0
D 12:50:13.9172959 GameState.DebugPrintPower() -         tag=1380 value=0
D 12:50:13.9172959 GameState.DebugPrintPower() -         tag=1449 value=0
D 12:50:13.9172959 GameState.DebugPrintPower() -         tag=SPAWN_TIME_COUNT value=1
D 12:50:13.9172959 GameState.DebugPrintPower() -         tag=COPIED_FROM_ENTITY_ID value=9
D 12:50:13.9172959 GameState.DebugPrintPower() -         tag=1570 value=0
D 12:50:13.9172959 GameState.DebugPrintPower() -         tag=OPPONENT_SIDE_GHOSTLY value=0
D 12:50:13.9172959 GameState.DebugPrintPower() -         tag=1627 value=0
D 12:50:13.9172959 GameState.DebugPrintPower() -         tag=FRENZY value=0
D 12:50:13.9172959 GameState.DebugPrintPower() -         tag=2485 value=0
D 12:50:13.9172959 GameState.DebugPrintPower() -         tag=COPIED_HINT value=1
D 12:50:13.9172959 GameState.DebugPrintPower() -         tag=TAG_SCRIPT_DATA_NUM_3 value=0
D 12:50:13.9172959 GameState.DebugPrintPower() -         tag=TAG_SCRIPT_DATA_NUM_4 value=0
D 12:50:13.9172959 GameState.DebugPrintPower() -         tag=TAG_SCRIPT_DATA_NUM_5 value=0
D 12:50:13.9172959 GameState.DebugPrintPower() -         tag=TAG_SCRIPT_DATA_NUM_6 value=0
D 12:50:13.9172959 GameState.DebugPrintPower() -         tag=3085 value=0
D 12:50:13.9172959 GameState.DebugPrintPower() -         tag=TITAN_ABILITY_USED_1 value=0
D 12:50:13.9172959 GameState.DebugPrintPower() -         tag=TITAN_ABILITY_USED_2 value=0
D 12:50:13.9172959 GameState.DebugPrintPower() -         tag=TITAN_ABILITY_USED_3 value=0
D 12:50:13.9172959 GameState.DebugPrintPower() -         tag=3557 value=1
D 12:50:13.9172959 GameState.DebugPrintPower() -         tag=3669 value=0
D 12:50:13.9172959 GameState.DebugPrintPower() -         tag=DIVINE_SHIELD_DAMAGE value=0
D 12:50:13.9172959 GameState.DebugPrintPower() -         tag=3908 value=0
D 12:50:13.9172959 GameState.DebugPrintPower() -         tag=4163 value=0
D 12:50:13.9172959 GameState.DebugPrintPower() -         tag=PREPARE value=0
D 12:50:13.9172959 GameState.DebugPrintPower() -         tag=4472 value=0
D 12:50:13.9172959 GameState.DebugPrintPower() -         tag=4741 value=1
D 12:50:13.9172959 GameState.DebugPrintPower() -         tag=4901 value=0
D 12:50:13.9172959 GameState.DebugPrintPower() -         tag=4904 value=0
D 12:50:13.9172959 GameState.DebugPrintPower() -     SHOW_ENTITY - Updating Entity=[entityName=UNKNOWN ENTITY [cardType=INVALID] id=95 zone=SETASIDE zonePos=0 cardId= player=2] CardID=AV_295a
D 12:50:13.9172959 GameState.DebugPrintPower() -         tag=CONTROLLER value=2
D 12:50:13.9172959 GameState.DebugPrintPower() -         tag=CARDTYPE value=SPELL
D 12:50:13.9172959 GameState.DebugPrintPower() -         tag=TAG_LAST_KNOWN_COST_IN_HAND value=2
D 12:50:13.9172959 GameState.DebugPrintPower() -         tag=COST value=2
D 12:50:13.9172959 GameState.DebugPrintPower() -         tag=PREMIUM value=1
D 12:50:13.9172959 GameState.DebugPrintPower() -         tag=ZONE value=SETASIDE
D 12:50:13.9172959 GameState.DebugPrintPower() -         tag=ENTITY_ID value=95
D 12:50:13.9172959 GameState.DebugPrintPower() -         tag=CLASS value=DRUID
D 12:50:13.9172959 GameState.DebugPrintPower() -         tag=CREATOR value=94
D 12:50:13.9172959 GameState.DebugPrintPower() -         tag=PARENT_CARD value=94
D 12:50:13.9172959 GameState.DebugPrintPower() -         tag=1037 value=2
D 12:50:13.9172959 GameState.DebugPrintPower() -         tag=1068 value=0
D 12:50:13.9172959 GameState.DebugPrintPower() -         tag=CREATOR_DBID value=70320
D 12:50:13.9172959 GameState.DebugPrintPower() -         tag=SPAWN_TIME_COUNT value=1
D 12:50:13.9172959 GameState.DebugPrintPower() -         tag=4901 value=0
D 12:50:13.9172959 GameState.DebugPrintPower() -     SHOW_ENTITY - Updating Entity=[entityName=UNKNOWN ENTITY [cardType=INVALID] id=96 zone=SETASIDE zonePos=0 cardId= player=2] CardID=AV_295b
D 12:50:13.9172959 GameState.DebugPrintPower() -         tag=CONTROLLER value=2
D 12:50:13.9172959 GameState.DebugPrintPower() -         tag=CARDTYPE value=SPELL
D 12:50:13.9172959 GameState.DebugPrintPower() -         tag=TAG_LAST_KNOWN_COST_IN_HAND value=2
D 12:50:13.9172959 GameState.DebugPrintPower() -         tag=COST value=2
D 12:50:13.9172959 GameState.DebugPrintPower() -         tag=PREMIUM value=1
D 12:50:13.9172959 GameState.DebugPrintPower() -         tag=ZONE value=SETASIDE
D 12:50:13.9172959 GameState.DebugPrintPower() -         tag=ENTITY_ID value=96
D 12:50:13.9172959 GameState.DebugPrintPower() -         tag=CLASS value=DRUID
D 12:50:13.9172959 GameState.DebugPrintPower() -         tag=CREATOR value=94
D 12:50:13.9172959 GameState.DebugPrintPower() -         tag=PARENT_CARD value=94
D 12:50:13.9172959 GameState.DebugPrintPower() -         tag=1037 value=2
D 12:50:13.9172959 GameState.DebugPrintPower() -         tag=1068 value=0
D 12:50:13.9172959 GameState.DebugPrintPower() -         tag=CREATOR_DBID value=70320
D 12:50:13.9172959 GameState.DebugPrintPower() -         tag=SPAWN_TIME_COUNT value=1
D 12:50:13.9172959 GameState.DebugPrintPower() -         tag=4901 value=0
D 12:50:13.9172959 GameState.DebugPrintPower() -     META_DATA - Meta=SLUSH_TIME Data=3000 InfoCount=1
D 12:50:13.9172959 GameState.DebugPrintPower() -                 Info[0] = [entityName=UNKNOWN ENTITY [cardType=INVALID] id=94 zone=HAND zonePos=1 cardId= player=2]
D 12:50:13.9172959 GameState.DebugPrintPower() -     TAG_CHANGE Entity=光鲜亮丽我要进肺#5528 tag=NUM_SPELLS_PLAYED_THIS_GAME value=2 
D 12:50:13.9172959 GameState.DebugPrintPower() -     TAG_CHANGE Entity=[entityName=UNKNOWN ENTITY [cardType=INVALID] id=94 zone=HAND zonePos=1 cardId= player=2] tag=COPIED_HINT value=0 
D 12:50:13.9172959 GameState.DebugPrintPower() -     BLOCK_START BlockType=POWER Entity=[entityName=UNKNOWN ENTITY [cardType=INVALID] id=94 zone=HAND zonePos=1 cardId= player=2] EffectCardId=System.Collections.Generic.List`1[System.String] EffectIndex=0 Target=0 SubOption=0 
D 12:50:13.9172959 GameState.DebugPrintPower() -         SUB_SPELL_START - SpellPrefabGUID=ReuseFX_Nature_Untargeted_WildGrowth:457ccffdfa378e64e83f3a81e789300e Source=72 TargetCount=1
D 12:50:13.9172959 GameState.DebugPrintPower() -                           Source = [entityName=医疗兵伊莉斯 id=72 zone=PLAY zonePos=0 cardId=HERO_09av player=2]
D 12:50:13.9172959 GameState.DebugPrintPower() -                           Targets[0] = [entityName=医疗兵伊莉斯 id=72 zone=PLAY zonePos=0 cardId=HERO_09av player=2]
D 12:50:13.9172959 GameState.DebugPrintPower() -             TAG_CHANGE Entity=光鲜亮丽我要进肺#5528 tag=2166 value=75 
D 12:50:13.9172959 GameState.DebugPrintPower() -             TAG_CHANGE Entity=光鲜亮丽我要进肺#5528 tag=467 value=1 
D 12:50:13.9172959 GameState.DebugPrintPower() -             TAG_CHANGE Entity=[entityName=UNKNOWN ENTITY [cardType=INVALID] id=75 zone=DECK zonePos=0 cardId= player=2] tag=ZONE value=HAND 
D 12:50:13.9172959 GameState.DebugPrintPower() -             TAG_CHANGE Entity=[entityName=UNKNOWN ENTITY [cardType=INVALID] id=75 zone=DECK zonePos=0 cardId= player=2] tag=ZONE_POSITION value=4 
D 12:50:13.9172959 GameState.DebugPrintPower() -             TAG_CHANGE Entity=[entityName=UNKNOWN ENTITY [cardType=INVALID] id=75 zone=DECK zonePos=0 cardId= player=2] tag=ZONE_POSITION value=0 
D 12:50:13.9172959 GameState.DebugPrintPower() -             TAG_CHANGE Entity=[entityName=UNKNOWN ENTITY [cardType=INVALID] id=75 zone=DECK zonePos=0 cardId= player=2] tag=ZONE_POSITION value=4 
D 12:50:13.9172959 GameState.DebugPrintPower() -             TAG_CHANGE Entity=光鲜亮丽我要进肺#5528 tag=3242 value=1 
D 12:50:13.9172959 GameState.DebugPrintPower() -             TAG_CHANGE Entity=光鲜亮丽我要进肺#5528 tag=NUM_CARDS_DRAWN_THIS_TURN value=2 
D 12:50:13.9172959 GameState.DebugPrintPower() -             TAG_CHANGE Entity=光鲜亮丽我要进肺#5528 tag=995 value=3 
D 12:50:13.9172959 GameState.DebugPrintPower() -             BLOCK_START BlockType=TRIGGER Entity=[entityName=守望者亢祖 id=74 zone=COSMETIC zonePos=0 cardId=PET_12_4 player=2] EffectCardId=System.Collections.Generic.List`1[System.String] EffectIndex=28 Target=0 SubOption=-1 TriggerKeyword=TAG_NOT_SET
D 12:50:13.9172959 GameState.DebugPrintPower() -             BLOCK_END
D 12:50:13.9172959 GameState.DebugPrintPower() -             TAG_CHANGE Entity=光鲜亮丽我要进肺#5528 tag=467 value=0 
D 12:50:13.9172959 GameState.DebugPrintPower() -         SUB_SPELL_END
D 12:50:13.9172959 GameState.DebugPrintPower() -     BLOCK_END
D 12:50:13.9172959 GameState.DebugPrintPower() -     TAG_CHANGE Entity=[entityName=UNKNOWN ENTITY [cardType=INVALID] id=94 zone=HAND zonePos=1 cardId= player=2] tag=1068 value=4 
D 12:50:13.9172959 GameState.DebugPrintPower() -     TAG_CHANGE Entity=[entityName=UNKNOWN ENTITY [cardType=INVALID] id=94 zone=HAND zonePos=1 cardId= player=2] tag=1068 value=0 
D 12:50:13.9172959 GameState.DebugPrintPower() -     TAG_CHANGE Entity=[entityName=UNKNOWN ENTITY [cardType=INVALID] id=94 zone=HAND zonePos=1 cardId= player=2] tag=ZONE value=GRAVEYARD 
D 12:50:13.9172959 GameState.DebugPrintPower() -     BLOCK_START BlockType=TRIGGER Entity=[entityName=守望者亢祖 id=74 zone=COSMETIC zonePos=0 cardId=PET_12_4 player=2] EffectCardId=System.Collections.Generic.List`1[System.String] EffectIndex=8 Target=0 SubOption=-1 TriggerKeyword=TAG_NOT_SET
D 12:50:13.9172959 GameState.DebugPrintPower() -         TAG_CHANGE Entity=[entityName=守望者亢祖 id=74 zone=COSMETIC zonePos=0 cardId=PET_12_4 player=2] tag=PET_EVENT_ID value=15 
D 12:50:13.9172959 GameState.DebugPrintPower() -     BLOCK_END
D 12:50:13.9172959 GameState.DebugPrintPower() -     BLOCK_START BlockType=TRIGGER Entity=[entityName=寻求指引 id=59 zone=SECRET zonePos=0 cardId=SW_433 player=2] EffectCardId=System.Collections.Generic.List`1[System.String] EffectIndex=1 Target=0 SubOption=-1 TriggerKeyword=TAG_NOT_SET
D 12:50:13.9172959 GameState.DebugPrintPower() -         TAG_CHANGE Entity=[entityName=寻求指引 id=59 zone=SECRET zonePos=0 cardId=SW_433 player=2] tag=QUEST_PROGRESS value=1 
D 12:50:13.9172959 GameState.DebugPrintPower() -         TAG_CHANGE Entity=[entityName=寻求指引 id=59 zone=SECRET zonePos=0 cardId=SW_433 player=2] tag=QUESTLINE_REQUIREMENT_MET_1 value=1 
D 12:50:13.9172959 GameState.DebugPrintPower() -     BLOCK_END
D 12:50:13.9172959 GameState.DebugPrintPower() -     TAG_CHANGE Entity=光鲜亮丽我要进肺#5528 tag=COMBO_ACTIVE value=1 
D 12:50:13.9172959 GameState.DebugPrintPower() -     TAG_CHANGE Entity=GameEntity tag=1323 value=3 
D 12:50:13.9172959 GameState.DebugPrintPower() -     TAG_CHANGE Entity=光鲜亮丽我要进肺#5528 tag=NUM_OPTIONS_PLAYED_THIS_TURN value=1 
D 12:50:13.9172959 GameState.DebugPrintPower() - BLOCK_END
D 12:50:13.9172959 GameState.DebugPrintPower() - META_DATA - Meta=SLUSH_TIME Data=1000 InfoCount=1
D 12:50:13.9172959 GameState.DebugPrintPower() -             Info[0] = [entityName=UNKNOWN ENTITY [cardType=INVALID] id=94 zone=HAND zonePos=1 cardId= player=2]
D 12:50:13.9172959 PowerTaskList.DebugDump() - ID=94 ParentID=0 PreviousID=0 TaskCount=15
D 12:50:13.9172959 PowerTaskList.DebugPrintPower() - BLOCK_START BlockType=PLAY Entity=[entityName=UNKNOWN ENTITY [cardType=INVALID] id=94 zone=HAND zonePos=1 cardId= player=2] EffectCardId=System.Collections.Generic.List`1[System.String] EffectIndex=0 Target=0 SubOption=0 
D 12:50:13.9172959 PowerTaskList.DebugPrintPower() -     TAG_CHANGE Entity=光鲜亮丽我要进肺#5528 tag=2245 value=3 
D 12:50:13.9172959 PowerTaskList.DebugPrintPower() -     TAG_CHANGE Entity=光鲜亮丽我要进肺#5528 tag=RESOURCES_USED value=2 
D 12:50:13.9172959 PowerTaskList.DebugPrintPower() -     TAG_CHANGE Entity=光鲜亮丽我要进肺#5528 tag=NUM_RESOURCES_SPENT_THIS_GAME value=3 
D 12:50:13.9172959 PowerTaskList.DebugPrintPower() -     TAG_CHANGE Entity=光鲜亮丽我要进肺#5528 tag=NUM_CARDS_PLAYED_THIS_TURN value=1 
D 12:50:13.9172959 PowerTaskList.DebugPrintPower() -     TAG_CHANGE Entity=光鲜亮丽我要进肺#5528 tag=430 value=1 
D 12:50:13.9172959 PowerTaskList.DebugPrintPower() -     TAG_CHANGE Entity=[entityName=裂魂者阿扎莉娜 id=50 zone=HAND zonePos=4 cardId= player=2] tag=ZONE_POSITION value=3 
D 12:50:13.9172959 PowerTaskList.DebugPrintPower() -     TAG_CHANGE Entity=[entityName=UNKNOWN ENTITY [cardType=INVALID] id=66 zone=HAND zonePos=3 cardId= player=2] tag=ZONE_POSITION value=2 
D 12:50:13.9172959 PowerTaskList.DebugPrintPower() -     TAG_CHANGE Entity=[entityName=UNKNOWN ENTITY [cardType=INVALID] id=85 zone=HAND zonePos=2 cardId= player=2] tag=ZONE_POSITION value=1 
D 12:50:13.9172959 PowerTaskList.DebugPrintPower() -     TAG_CHANGE Entity=[entityName=UNKNOWN ENTITY [cardType=INVALID] id=94 zone=HAND zonePos=1 cardId= player=2] tag=ZONE_POSITION value=0 
D 12:50:13.9172959 PowerTaskList.DebugPrintPower() -     SHOW_ENTITY - Updating Entity=[entityName=UNKNOWN ENTITY [cardType=INVALID] id=94 zone=HAND zonePos=1 cardId= player=2] CardID=AV_295
D 12:50:13.9172959 PowerTaskList.DebugPrintPower() -         tag=CONTROLLER value=2
D 12:50:13.9172959 PowerTaskList.DebugPrintPower() -         tag=CARDTYPE value=SPELL
D 12:50:13.9172959 PowerTaskList.DebugPrintPower() -         tag=TAG_LAST_KNOWN_COST_IN_HAND value=2
D 12:50:13.9172959 PowerTaskList.DebugPrintPower() -         tag=COST value=2
D 12:50:13.9172959 PowerTaskList.DebugPrintPower() -         tag=TAG_SCRIPT_DATA_NUM_1 value=0
D 12:50:13.9172959 PowerTaskList.DebugPrintPower() -         tag=TAG_SCRIPT_DATA_NUM_2 value=0
D 12:50:13.9172959 PowerTaskList.DebugPrintPower() -         tag=TAG_SCRIPT_DATA_ENT_1 value=0
D 12:50:13.9172959 PowerTaskList.DebugPrintPower() -         tag=TAG_SCRIPT_DATA_ENT_2 value=0
D 12:50:13.9172959 PowerTaskList.DebugPrintPower() -         tag=PREMIUM value=1
D 12:50:13.9172959 PowerTaskList.DebugPrintPower() -         tag=LAST_AFFECTED_BY value=0
D 12:50:13.9172959 PowerTaskList.DebugPrintPower() -         tag=EXHAUSTED value=0
D 12:50:13.9172959 PowerTaskList.DebugPrintPower() -         tag=ZONE value=PLAY
D 12:50:13.9172959 PowerTaskList.DebugPrintPower() -         tag=ENTITY_ID value=94
D 12:50:13.9172959 PowerTaskList.DebugPrintPower() -         tag=STEALTH value=0
D 12:50:13.9172959 PowerTaskList.DebugPrintPower() -         tag=DIVINE_SHIELD value=0
D 12:50:13.9172959 PowerTaskList.DebugPrintPower() -         tag=CLASS value=DRUID
D 12:50:13.9172959 PowerTaskList.DebugPrintPower() -         tag=RARITY value=EPIC
D 12:50:13.9172959 PowerTaskList.DebugPrintPower() -         tag=FROZEN value=0
D 12:50:13.9172959 PowerTaskList.DebugPrintPower() -         tag=JUST_PLAYED value=1
D 12:50:13.9172959 PowerTaskList.DebugPrintPower() -         tag=LINKED_ENTITY value=0
D 12:50:13.9172959 PowerTaskList.DebugPrintPower() -         tag=ZONE_POSITION value=0
D 12:50:13.9172959 PowerTaskList.DebugPrintPower() -         tag=NUM_TURNS_IN_HAND value=3
D 12:50:13.9172959 PowerTaskList.DebugPrintPower() -         tag=CREATOR value=50
D 12:50:13.9172959 PowerTaskList.DebugPrintPower() -         tag=CUSTOM_KEYWORD_EFFECT value=0
D 12:50:13.9172959 PowerTaskList.DebugPrintPower() -         tag=DEATHRATTLE_RETURN_ZONE value=0
D 12:50:13.9172959 PowerTaskList.DebugPrintPower() -         tag=DISPLAYED_CREATOR value=50
D 12:50:13.9172959 PowerTaskList.DebugPrintPower() -         tag=CHOOSE_ONE value=1
D 12:50:13.9172959 PowerTaskList.DebugPrintPower() -         tag=ONE_SIDED_GHOSTLY value=0
D 12:50:13.9172959 PowerTaskList.DebugPrintPower() -         tag=ATTACKABLE_BY_RUSH value=0
D 12:50:13.9172959 PowerTaskList.DebugPrintPower() -         tag=1037 value=0
