D 15:28:10.7085358 GameState.DebugPrintPower() - CREATE_GAME
D 15:28:10.7085358 GameState.DebugPrintPower() -     GameEntity EntityID=1
D 15:28:10.7085358 GameState.DebugPrintPower() -         tag=CARDTYPE value=GAME
D 15:28:10.7085358 GameState.DebugPrintPower() -         tag=ZONE value=PLAY
D 15:28:10.7085358 GameState.DebugPrintPower() -         tag=ENTITY_ID value=1
D 15:28:10.7085358 GameState.DebugPrintPower() -         tag=937 value=5480
D 15:28:10.7085358 GameState.DebugPrintPower() -         tag=SPAWN_TIME_COUNT value=1
D 15:28:10.7085358 GameState.DebugPrintPower() -         tag=GAME_SEED value=314006687
D 15:28:10.7085358 GameState.DebugPrintPower() -     Player EntityID=2 PlayerID=1 GameAccountId=[hi=144115211015832391 lo=42311148]
D 15:28:10.7085358 GameState.DebugPrintPower() -         tag=CONTROLLER value=1
D 15:28:10.7085358 GameState.DebugPrintPower() -         tag=CARDTYPE value=PLAYER
D 15:28:10.7085358 GameState.DebugPrintPower() -         tag=PLAYER_ID value=1
D 15:28:10.7085358 GameState.DebugPrintPower() -         tag=HERO_ENTITY value=4
D 15:28:10.7085358 GameState.DebugPrintPower() -         tag=MAXHANDSIZE value=10
D 15:28:10.7085358 GameState.DebugPrintPower() -         tag=STARTHANDSIZE value=4
D 15:28:10.7085358 GameState.DebugPrintPower() -         tag=TEAM_ID value=1
D 15:28:10.7085358 GameState.DebugPrintPower() -         tag=ZONE value=PLAY
D 15:28:10.7085358 GameState.DebugPrintPower() -         tag=ENTITY_ID value=2
D 15:28:10.7085358 GameState.DebugPrintPower() -         tag=MAXRESOURCES value=10
D 15:28:10.7085358 GameState.DebugPrintPower() -         tag=SPAWN_TIME_COUNT value=1
D 15:28:10.7085358 GameState.DebugPrintPower() -         tag=MAX_EXCAVATE_TIER value=3
D 15:28:10.7085358 GameState.DebugPrintPower() -     Player EntityID=3 PlayerID=2 GameAccountId=[hi=144115211015832391 lo=83449896]
D 15:28:10.7085358 GameState.DebugPrintPower() -         tag=CONTROLLER value=2
D 15:28:10.7085358 GameState.DebugPrintPower() -         tag=CARDTYPE value=PLAYER
D 15:28:10.7085358 GameState.DebugPrintPower() -         tag=PLAYER_ID value=2
D 15:28:10.7085358 GameState.DebugPrintPower() -         tag=HERO_ENTITY value=6
D 15:28:10.7085358 GameState.DebugPrintPower() -         tag=MAXHANDSIZE value=10
D 15:28:10.7085358 GameState.DebugPrintPower() -         tag=STARTHANDSIZE value=4
D 15:28:10.7085358 GameState.DebugPrintPower() -         tag=TEAM_ID value=2
D 15:28:10.7085358 GameState.DebugPrintPower() -         tag=ZONE value=PLAY
D 15:28:10.7085358 GameState.DebugPrintPower() -         tag=ENTITY_ID value=3
D 15:28:10.7085358 GameState.DebugPrintPower() -         tag=MAXRESOURCES value=10
D 15:28:10.7085358 GameState.DebugPrintPower() -         tag=SPAWN_TIME_COUNT value=1
D 15:28:10.7085358 GameState.DebugPrintPower() -         tag=MAX_EXCAVATE_TIER value=3
D 15:28:10.7085358 GameState.DebugPrintPower() - FULL_ENTITY - Creating ID=4 CardID=HERO_07
D 15:28:10.7085358 GameState.DebugPrintPower() -     tag=CONTROLLER value=1
D 15:28:10.7085358 GameState.DebugPrintPower() -     tag=CARDTYPE value=HERO
D 15:28:10.7085358 GameState.DebugPrintPower() -     tag=HEALTH value=30
D 15:28:10.7085358 GameState.DebugPrintPower() -     tag=PREMIUM value=1
D 15:28:10.7085358 GameState.DebugPrintPower() -     tag=ZONE value=PLAY
D 15:28:10.7085358 GameState.DebugPrintPower() -     tag=ENTITY_ID value=4
D 15:28:10.7085358 GameState.DebugPrintPower() -     tag=CLASS value=WARLOCK
D 15:28:10.7085358 GameState.DebugPrintPower() -     tag=FACTION value=NEUTRAL
D 15:28:10.7085358 GameState.DebugPrintPower() -     tag=RARITY value=FREE
D 15:28:10.7085358 GameState.DebugPrintPower() -     tag=HERO_POWER value=300
D 15:28:10.7085358 GameState.DebugPrintPower() -     tag=SPAWN_TIME_COUNT value=1
D 15:28:10.7085358 GameState.DebugPrintPower() -     tag=EMOTECHARACTER value=22
D 15:28:10.7085358 GameState.DebugPrintPower() -     tag=HAS_ACTIVATE_POWER value=1
D 15:28:10.7085358 GameState.DebugPrintPower() -     tag=EMOTECLASS value=7
D 15:28:10.7085358 GameState.DebugPrintPower() -     tag=3085 value=30
D 15:28:10.7085358 GameState.DebugPrintPower() - FULL_ENTITY - Creating ID=5 CardID=
D 15:28:10.7085358 GameState.DebugPrintPower() -     tag=ZONE value=SETASIDE
D 15:28:10.7085358 GameState.DebugPrintPower() -     tag=CONTROLLER value=1
D 15:28:10.7085358 GameState.DebugPrintPower() -     tag=ENTITY_ID value=5
D 15:28:10.7085358 GameState.DebugPrintPower() - FULL_ENTITY - Creating ID=6 CardID=HERO_07
D 15:28:10.7085358 GameState.DebugPrintPower() -     tag=CONTROLLER value=2
D 15:28:10.7085358 GameState.DebugPrintPower() -     tag=CARDTYPE value=HERO
D 15:28:10.7085358 GameState.DebugPrintPower() -     tag=HEALTH value=30
D 15:28:10.7085358 GameState.DebugPrintPower() -     tag=PREMIUM value=1
D 15:28:10.7085358 GameState.DebugPrintPower() -     tag=ZONE value=PLAY
D 15:28:10.7085358 GameState.DebugPrintPower() -     tag=ENTITY_ID value=6
D 15:28:10.7085358 GameState.DebugPrintPower() -     tag=CLASS value=WARLOCK
D 15:28:10.7085358 GameState.DebugPrintPower() -     tag=FACTION value=NEUTRAL
D 15:28:10.7085358 GameState.DebugPrintPower() -     tag=RARITY value=FREE
D 15:28:10.7085358 GameState.DebugPrintPower() -     tag=HERO_POWER value=300
D 15:28:10.7085358 GameState.DebugPrintPower() -     tag=SPAWN_TIME_COUNT value=1
D 15:28:10.7085358 GameState.DebugPrintPower() -     tag=EMOTECHARACTER value=22
D 15:28:10.7085358 GameState.DebugPrintPower() -     tag=HAS_ACTIVATE_POWER value=1
D 15:28:10.7085358 GameState.DebugPrintPower() -     tag=EMOTECLASS value=7
D 15:28:10.7085358 GameState.DebugPrintPower() -     tag=3085 value=30
D 15:28:10.7085358 GameState.DebugPrintPower() - FULL_ENTITY - Creating ID=7 CardID=HERO_07bp
D 15:28:10.7085358 GameState.DebugPrintPower() -     tag=CONTROLLER value=2
D 15:28:10.7085358 GameState.DebugPrintPower() -     tag=CARDTYPE value=HERO_POWER
D 15:28:10.7085358 GameState.DebugPrintPower() -     tag=TAG_LAST_KNOWN_COST_IN_HAND value=2
D 15:28:10.7085358 GameState.DebugPrintPower() -     tag=COST value=2
D 15:28:10.7085358 GameState.DebugPrintPower() -     tag=PREMIUM value=1
D 15:28:10.7085358 GameState.DebugPrintPower() -     tag=ZONE value=SETASIDE
D 15:28:10.7085358 GameState.DebugPrintPower() -     tag=ENTITY_ID value=7
D 15:28:10.7085358 GameState.DebugPrintPower() -     tag=CLASS value=WARLOCK
D 15:28:10.7085358 GameState.DebugPrintPower() -     tag=FACTION value=NEUTRAL
D 15:28:10.7085358 GameState.DebugPrintPower() -     tag=RARITY value=FREE
D 15:28:10.7085358 GameState.DebugPrintPower() -     tag=CREATOR value=6
D 15:28:10.7085358 GameState.DebugPrintPower() -     tag=1086 value=2744
D 15:28:10.7085358 GameState.DebugPrintPower() -     tag=CREATOR_DBID value=893
D 15:28:10.7085358 GameState.DebugPrintPower() -     tag=SPAWN_TIME_COUNT value=1
D 15:28:10.7085358 GameState.DebugPrintPower() -     tag=HAS_ACTIVATE_POWER value=1
D 15:28:10.7085358 GameState.DebugPrintPower() - FULL_ENTITY - Creating ID=8 CardID=HERO_07bp
D 15:28:10.7085358 GameState.DebugPrintPower() -     tag=CONTROLLER value=1
D 15:28:10.7085358 GameState.DebugPrintPower() -     tag=CARDTYPE value=HERO_POWER
D 15:28:10.7085358 GameState.DebugPrintPower() -     tag=TAG_LAST_KNOWN_COST_IN_HAND value=2
D 15:28:10.7085358 GameState.DebugPrintPower() -     tag=COST value=2
D 15:28:10.7085358 GameState.DebugPrintPower() -     tag=ZONE value=PLAY
D 15:28:10.7085358 GameState.DebugPrintPower() -     tag=ENTITY_ID value=8
D 15:28:10.7085358 GameState.DebugPrintPower() -     tag=CLASS value=WARLOCK
D 15:28:10.7085358 GameState.DebugPrintPower() -     tag=FACTION value=NEUTRAL
D 15:28:10.7085358 GameState.DebugPrintPower() -     tag=RARITY value=FREE
D 15:28:10.7085358 GameState.DebugPrintPower() -     tag=LINKED_ENTITY value=5
D 15:28:10.7085358 GameState.DebugPrintPower() -     tag=CREATOR value=1
D 15:28:10.7085358 GameState.DebugPrintPower() -     tag=1086 value=2744
D 15:28:10.7085358 GameState.DebugPrintPower() -     tag=SPAWN_TIME_COUNT value=1
D 15:28:10.7085358 GameState.DebugPrintPower() -     tag=HAS_ACTIVATE_POWER value=1
D 15:28:10.7085358 GameState.DebugPrintPower() - FULL_ENTITY - Creating ID=9 CardID=
D 15:28:10.7085358 GameState.DebugPrintPower() -     tag=ZONE value=DECK
D 15:28:10.7085358 GameState.DebugPrintPower() -     tag=CONTROLLER value=1
D 15:28:10.7085358 GameState.DebugPrintPower() -     tag=ENTITY_ID value=9
D 15:28:10.7085358 GameState.DebugPrintPower() - FULL_ENTITY - Creating ID=10 CardID=
D 15:28:10.7085358 GameState.DebugPrintPower() -     tag=ZONE value=DECK
D 15:28:10.7085358 GameState.DebugPrintPower() -     tag=CONTROLLER value=1
D 15:28:10.7085358 GameState.DebugPrintPower() -     tag=ENTITY_ID value=10
D 15:28:10.7085358 GameState.DebugPrintPower() - FULL_ENTITY - Creating ID=11 CardID=
D 15:28:10.7085358 GameState.DebugPrintPower() -     tag=ZONE value=DECK
D 15:28:10.7085358 GameState.DebugPrintPower() -     tag=CONTROLLER value=1
D 15:28:10.7085358 GameState.DebugPrintPower() -     tag=ENTITY_ID value=11
D 15:28:10.7085358 GameState.DebugPrintPower() - FULL_ENTITY - Creating ID=12 CardID=
D 15:28:10.7085358 GameState.DebugPrintPower() -     tag=ZONE value=DECK
D 15:28:10.7085358 GameState.DebugPrintPower() -     tag=CONTROLLER value=1
D 15:28:10.7085358 GameState.DebugPrintPower() -     tag=ENTITY_ID value=12
D 15:28:10.7085358 GameState.DebugPrintPower() - FULL_ENTITY - Creating ID=13 CardID=
D 15:28:10.7085358 GameState.DebugPrintPower() -     tag=ZONE value=DECK
D 15:28:10.7085358 GameState.DebugPrintPower() -     tag=CONTROLLER value=1
D 15:28:10.7085358 GameState.DebugPrintPower() -     tag=ENTITY_ID value=13
D 15:28:10.7085358 GameState.DebugPrintPower() - FULL_ENTITY - Creating ID=14 CardID=
D 15:28:10.7085358 GameState.DebugPrintPower() -     tag=ZONE value=DECK
D 15:28:10.7085358 GameState.DebugPrintPower() -     tag=CONTROLLER value=1
D 15:28:10.7085358 GameState.DebugPrintPower() -     tag=ENTITY_ID value=14
D 15:28:10.7085358 GameState.DebugPrintPower() - FULL_ENTITY - Creating ID=15 CardID=
D 15:28:10.7085358 GameState.DebugPrintPower() -     tag=ZONE value=DECK
D 15:28:10.7085358 GameState.DebugPrintPower() -     tag=CONTROLLER value=1
D 15:28:10.7085358 GameState.DebugPrintPower() -     tag=ENTITY_ID value=15
D 15:28:10.7085358 GameState.DebugPrintPower() - FULL_ENTITY - Creating ID=16 CardID=
D 15:28:10.7085358 GameState.DebugPrintPower() -     tag=ZONE value=DECK
D 15:28:10.7085358 GameState.DebugPrintPower() -     tag=CONTROLLER value=1
D 15:28:10.7085358 GameState.DebugPrintPower() -     tag=ENTITY_ID value=16
D 15:28:10.7085358 GameState.DebugPrintPower() - FULL_ENTITY - Creating ID=17 CardID=
D 15:28:10.7085358 GameState.DebugPrintPower() -     tag=ZONE value=DECK
D 15:28:10.7085358 GameState.DebugPrintPower() -     tag=CONTROLLER value=1
D 15:28:10.7085358 GameState.DebugPrintPower() -     tag=ENTITY_ID value=17
D 15:28:10.7085358 GameState.DebugPrintPower() - FULL_ENTITY - Creating ID=18 CardID=
D 15:28:10.7085358 GameState.DebugPrintPower() -     tag=ZONE value=DECK
D 15:28:10.7085358 GameState.DebugPrintPower() -     tag=CONTROLLER value=1
D 15:28:10.7085358 GameState.DebugPrintPower() -     tag=ENTITY_ID value=18
D 15:28:10.7085358 GameState.DebugPrintPower() - FULL_ENTITY - Creating ID=19 CardID=
D 15:28:10.7085358 GameState.DebugPrintPower() -     tag=ZONE value=DECK
D 15:28:10.7085358 GameState.DebugPrintPower() -     tag=CONTROLLER value=1
D 15:28:10.7085358 GameState.DebugPrintPower() -     tag=ENTITY_ID value=19
D 15:28:10.7085358 GameState.DebugPrintPower() - FULL_ENTITY - Creating ID=20 CardID=
D 15:28:10.7085358 GameState.DebugPrintPower() -     tag=ZONE value=DECK
D 15:28:10.7085358 GameState.DebugPrintPower() -     tag=CONTROLLER value=1
D 15:28:10.7085358 GameState.DebugPrintPower() -     tag=ENTITY_ID value=20
D 15:28:10.7085358 GameState.DebugPrintPower() - FULL_ENTITY - Creating ID=21 CardID=
D 15:28:10.7085358 GameState.DebugPrintPower() -     tag=ZONE value=DECK
D 15:28:10.7085358 GameState.DebugPrintPower() -     tag=CONTROLLER value=1
D 15:28:10.7085358 GameState.DebugPrintPower() -     tag=ENTITY_ID value=21
D 15:28:10.7085358 GameState.DebugPrintPower() - FULL_ENTITY - Creating ID=22 CardID=
D 15:28:10.7085358 GameState.DebugPrintPower() -     tag=ZONE value=DECK
D 15:28:10.7085358 GameState.DebugPrintPower() -     tag=CONTROLLER value=1
D 15:28:10.7085358 GameState.DebugPrintPower() -     tag=ENTITY_ID value=22
D 15:28:10.7085358 GameState.DebugPrintPower() - FULL_ENTITY - Creating ID=23 CardID=
D 15:28:10.7085358 GameState.DebugPrintPower() -     tag=ZONE value=DECK
D 15:28:10.7085358 GameState.DebugPrintPower() -     tag=CONTROLLER value=1
D 15:28:10.7085358 GameState.DebugPrintPower() -     tag=ENTITY_ID value=23
D 15:28:10.7085358 GameState.DebugPrintPower() - FULL_ENTITY - Creating ID=24 CardID=
D 15:28:10.7085358 GameState.DebugPrintPower() -     tag=ZONE value=DECK
D 15:28:10.7085358 GameState.DebugPrintPower() -     tag=CONTROLLER value=1
D 15:28:10.7085358 GameState.DebugPrintPower() -     tag=ENTITY_ID value=24
D 15:28:10.7085358 GameState.DebugPrintPower() - FULL_ENTITY - Creating ID=25 CardID=
D 15:28:10.7085358 GameState.DebugPrintPower() -     tag=ZONE value=DECK
D 15:28:10.7085358 GameState.DebugPrintPower() -     tag=CONTROLLER value=1
D 15:28:10.7085358 GameState.DebugPrintPower() -     tag=ENTITY_ID value=25
D 15:28:10.7085358 GameState.DebugPrintPower() - FULL_ENTITY - Creating ID=26 CardID=
D 15:28:10.7085358 GameState.DebugPrintPower() -     tag=ZONE value=DECK
D 15:28:10.7085358 GameState.DebugPrintPower() -     tag=CONTROLLER value=1
D 15:28:10.7085358 GameState.DebugPrintPower() -     tag=ENTITY_ID value=26
D 15:28:10.7085358 GameState.DebugPrintPower() - FULL_ENTITY - Creating ID=27 CardID=
D 15:28:10.7085358 GameState.DebugPrintPower() -     tag=ZONE value=DECK
D 15:28:10.7085358 GameState.DebugPrintPower() -     tag=CONTROLLER value=1
D 15:28:10.7085358 GameState.DebugPrintPower() -     tag=ENTITY_ID value=27
D 15:28:10.7085358 GameState.DebugPrintPower() - FULL_ENTITY - Creating ID=28 CardID=
D 15:28:10.7085358 GameState.DebugPrintPower() -     tag=ZONE value=DECK
D 15:28:10.7085358 GameState.DebugPrintPower() -     tag=CONTROLLER value=1
D 15:28:10.7085358 GameState.DebugPrintPower() -     tag=ENTITY_ID value=28
D 15:28:10.7085358 GameState.DebugPrintPower() - FULL_ENTITY - Creating ID=29 CardID=
D 15:28:10.7085358 GameState.DebugPrintPower() -     tag=ZONE value=DECK
D 15:28:10.7085358 GameState.DebugPrintPower() -     tag=CONTROLLER value=1
D 15:28:10.7085358 GameState.DebugPrintPower() -     tag=ENTITY_ID value=29
D 15:28:10.7085358 GameState.DebugPrintPower() - FULL_ENTITY - Creating ID=30 CardID=
D 15:28:10.7085358 GameState.DebugPrintPower() -     tag=ZONE value=DECK
D 15:28:10.7085358 GameState.DebugPrintPower() -     tag=CONTROLLER value=1
D 15:28:10.7085358 GameState.DebugPrintPower() -     tag=ENTITY_ID value=30
D 15:28:10.7085358 GameState.DebugPrintPower() - FULL_ENTITY - Creating ID=31 CardID=
D 15:28:10.7085358 GameState.DebugPrintPower() -     tag=ZONE value=DECK
D 15:28:10.7085358 GameState.DebugPrintPower() -     tag=CONTROLLER value=1
D 15:28:10.7085358 GameState.DebugPrintPower() -     tag=ENTITY_ID value=31
D 15:28:10.7085358 GameState.DebugPrintPower() - FULL_ENTITY - Creating ID=32 CardID=
D 15:28:10.7085358 GameState.DebugPrintPower() -     tag=ZONE value=DECK
D 15:28:10.7085358 GameState.DebugPrintPower() -     tag=CONTROLLER value=1
D 15:28:10.7085358 GameState.DebugPrintPower() -     tag=ENTITY_ID value=32
D 15:28:10.7085358 GameState.DebugPrintPower() - FULL_ENTITY - Creating ID=33 CardID=
D 15:28:10.7085358 GameState.DebugPrintPower() -     tag=ZONE value=DECK
D 15:28:10.7085358 GameState.DebugPrintPower() -     tag=CONTROLLER value=1
D 15:28:10.7085358 GameState.DebugPrintPower() -     tag=ENTITY_ID value=33
D 15:28:10.7085358 GameState.DebugPrintPower() - FULL_ENTITY - Creating ID=34 CardID=
D 15:28:10.7085358 GameState.DebugPrintPower() -     tag=ZONE value=DECK
D 15:28:10.7085358 GameState.DebugPrintPower() -     tag=CONTROLLER value=1
D 15:28:10.7085358 GameState.DebugPrintPower() -     tag=ENTITY_ID value=34
D 15:28:10.7085358 GameState.DebugPrintPower() - FULL_ENTITY - Creating ID=35 CardID=
D 15:28:10.7085358 GameState.DebugPrintPower() -     tag=ZONE value=SETASIDE
D 15:28:10.7085358 GameState.DebugPrintPower() -     tag=CONTROLLER value=1
D 15:28:10.7085358 GameState.DebugPrintPower() -     tag=ENTITY_ID value=35
D 15:28:10.7085358 GameState.DebugPrintPower() - FULL_ENTITY - Creating ID=36 CardID=
D 15:28:10.7085358 GameState.DebugPrintPower() -     tag=ZONE value=SETASIDE
D 15:28:10.7085358 GameState.DebugPrintPower() -     tag=CONTROLLER value=1
D 15:28:10.7085358 GameState.DebugPrintPower() -     tag=ENTITY_ID value=36
D 15:28:10.7085358 GameState.DebugPrintPower() - FULL_ENTITY - Creating ID=37 CardID=
D 15:28:10.7085358 GameState.DebugPrintPower() -     tag=ZONE value=SETASIDE
D 15:28:10.7085358 GameState.DebugPrintPower() -     tag=CONTROLLER value=1
D 15:28:10.7085358 GameState.DebugPrintPower() -     tag=ENTITY_ID value=37
D 15:28:10.7085358 GameState.DebugPrintPower() - FULL_ENTITY - Creating ID=38 CardID=
D 15:28:10.7085358 GameState.DebugPrintPower() -     tag=ZONE value=DECK
D 15:28:10.7085358 GameState.DebugPrintPower() -     tag=CONTROLLER value=1
D 15:28:10.7085358 GameState.DebugPrintPower() -     tag=ENTITY_ID value=38
D 15:28:10.7085358 GameState.DebugPrintPower() - FULL_ENTITY - Creating ID=39 CardID=
D 15:28:10.7085358 GameState.DebugPrintPower() -     tag=ZONE value=DECK
D 15:28:10.7085358 GameState.DebugPrintPower() -     tag=CONTROLLER value=1
D 15:28:10.7085358 GameState.DebugPrintPower() -     tag=ENTITY_ID value=39
D 15:28:10.7085358 GameState.DebugPrintPower() - FULL_ENTITY - Creating ID=40 CardID=
D 15:28:10.7085358 GameState.DebugPrintPower() -     tag=ZONE value=SETASIDE
D 15:28:10.7085358 GameState.DebugPrintPower() -     tag=CONTROLLER value=1
D 15:28:10.7085358 GameState.DebugPrintPower() -     tag=ENTITY_ID value=40
D 15:28:10.7085358 GameState.DebugPrintPower() - FULL_ENTITY - Creating ID=41 CardID=
D 15:28:10.7085358 GameState.DebugPrintPower() -     tag=ZONE value=SETASIDE
D 15:28:10.7085358 GameState.DebugPrintPower() -     tag=CONTROLLER value=1
D 15:28:10.7085358 GameState.DebugPrintPower() -     tag=ENTITY_ID value=41
D 15:28:10.7085358 GameState.DebugPrintPower() - FULL_ENTITY - Creating ID=42 CardID=
D 15:28:10.7085358 GameState.DebugPrintPower() -     tag=ZONE value=SETASIDE
D 15:28:10.7085358 GameState.DebugPrintPower() -     tag=CONTROLLER value=1
D 15:28:10.7085358 GameState.DebugPrintPower() -     tag=ENTITY_ID value=42
D 15:28:10.7085358 GameState.DebugPrintPower() - FULL_ENTITY - Creating ID=43 CardID=
D 15:28:10.7085358 GameState.DebugPrintPower() -     tag=ZONE value=DECK
D 15:28:10.7085358 GameState.DebugPrintPower() -     tag=CONTROLLER value=1
D 15:28:10.7085358 GameState.DebugPrintPower() -     tag=ENTITY_ID value=43
D 15:28:10.7085358 GameState.DebugPrintPower() - FULL_ENTITY - Creating ID=44 CardID=
D 15:28:10.7085358 GameState.DebugPrintPower() -     tag=ZONE value=DECK
D 15:28:10.7085358 GameState.DebugPrintPower() -     tag=CONTROLLER value=1
D 15:28:10.7085358 GameState.DebugPrintPower() -     tag=ENTITY_ID value=44
D 15:28:10.7085358 GameState.DebugPrintPower() - FULL_ENTITY - Creating ID=45 CardID=HERO_07bp
D 15:28:10.7085358 GameState.DebugPrintPower() -     tag=CONTROLLER value=2
D 15:28:10.7085358 GameState.DebugPrintPower() -     tag=CARDTYPE value=HERO_POWER
D 15:28:10.7085358 GameState.DebugPrintPower() -     tag=TAG_LAST_KNOWN_COST_IN_HAND value=2
D 15:28:10.7085358 GameState.DebugPrintPower() -     tag=COST value=2
D 15:28:10.7085358 GameState.DebugPrintPower() -     tag=ZONE value=PLAY
D 15:28:10.7085358 GameState.DebugPrintPower() -     tag=ENTITY_ID value=45
D 15:28:10.7085358 GameState.DebugPrintPower() -     tag=CLASS value=WARLOCK
D 15:28:10.7085358 GameState.DebugPrintPower() -     tag=FACTION value=NEUTRAL
D 15:28:10.7085358 GameState.DebugPrintPower() -     tag=RARITY value=FREE
D 15:28:10.7085358 GameState.DebugPrintPower() -     tag=LINKED_ENTITY value=7
D 15:28:10.7085358 GameState.DebugPrintPower() -     tag=CREATOR value=1
D 15:28:10.7085358 GameState.DebugPrintPower() -     tag=1086 value=2744
D 15:28:10.7085358 GameState.DebugPrintPower() -     tag=SPAWN_TIME_COUNT value=1
D 15:28:10.7085358 GameState.DebugPrintPower() -     tag=HAS_ACTIVATE_POWER value=1
D 15:28:10.7085358 GameState.DebugPrintPower() - FULL_ENTITY - Creating ID=46 CardID=
D 15:28:10.7085358 GameState.DebugPrintPower() -     tag=ZONE value=DECK
D 15:28:10.7085358 GameState.DebugPrintPower() -     tag=CONTROLLER value=2
D 15:28:10.7085358 GameState.DebugPrintPower() -     tag=ENTITY_ID value=46
D 15:28:10.7085358 GameState.DebugPrintPower() - FULL_ENTITY - Creating ID=47 CardID=
D 15:28:10.7085358 GameState.DebugPrintPower() -     tag=ZONE value=DECK
D 15:28:10.7085358 GameState.DebugPrintPower() -     tag=CONTROLLER value=2
D 15:28:10.7085358 GameState.DebugPrintPower() -     tag=ENTITY_ID value=47
D 15:28:10.7085358 GameState.DebugPrintPower() - FULL_ENTITY - Creating ID=48 CardID=
D 15:28:10.7085358 GameState.DebugPrintPower() -     tag=ZONE value=DECK
D 15:28:10.7085358 GameState.DebugPrintPower() -     tag=CONTROLLER value=2
D 15:28:10.7085358 GameState.DebugPrintPower() -     tag=ENTITY_ID value=48
D 15:28:10.7085358 GameState.DebugPrintPower() - FULL_ENTITY - Creating ID=49 CardID=
D 15:28:10.7085358 GameState.DebugPrintPower() -     tag=ZONE value=DECK
D 15:28:10.7085358 GameState.DebugPrintPower() -     tag=CONTROLLER value=2
D 15:28:10.7085358 GameState.DebugPrintPower() -     tag=ENTITY_ID value=49
D 15:28:10.7085358 GameState.DebugPrintPower() - FULL_ENTITY - Creating ID=50 CardID=
D 15:28:10.7085358 GameState.DebugPrintPower() -     tag=ZONE value=DECK
D 15:28:10.7085358 GameState.DebugPrintPower() -     tag=CONTROLLER value=2
D 15:28:10.7085358 GameState.DebugPrintPower() -     tag=ENTITY_ID value=50
D 15:28:10.7085358 GameState.DebugPrintPower() - FULL_ENTITY - Creating ID=51 CardID=
D 15:28:10.7085358 GameState.DebugPrintPower() -     tag=ZONE value=DECK
D 15:28:10.7085358 GameState.DebugPrintPower() -     tag=CONTROLLER value=2
D 15:28:10.7085358 GameState.DebugPrintPower() -     tag=ENTITY_ID value=51
D 15:28:10.7085358 GameState.DebugPrintPower() - FULL_ENTITY - Creating ID=52 CardID=
D 15:28:10.7085358 GameState.DebugPrintPower() -     tag=ZONE value=DECK
D 15:28:10.7085358 GameState.DebugPrintPower() -     tag=CONTROLLER value=2
D 15:28:10.7085358 GameState.DebugPrintPower() -     tag=ENTITY_ID value=52
D 15:28:10.7085358 GameState.DebugPrintPower() - FULL_ENTITY - Creating ID=53 CardID=
D 15:28:10.7085358 GameState.DebugPrintPower() -     tag=ZONE value=DECK
D 15:28:10.7085358 GameState.DebugPrintPower() -     tag=CONTROLLER value=2
D 15:28:10.7085358 GameState.DebugPrintPower() -     tag=ENTITY_ID value=53
D 15:28:10.7085358 GameState.DebugPrintPower() - FULL_ENTITY - Creating ID=54 CardID=
D 15:28:10.7085358 GameState.DebugPrintPower() -     tag=ZONE value=DECK
D 15:28:10.7085358 GameState.DebugPrintPower() -     tag=CONTROLLER value=2
D 15:28:10.7085358 GameState.DebugPrintPower() -     tag=ENTITY_ID value=54
D 15:28:10.7085358 GameState.DebugPrintPower() - FULL_ENTITY - Creating ID=55 CardID=
D 15:28:10.7085358 GameState.DebugPrintPower() -     tag=ZONE value=DECK
D 15:28:10.7085358 GameState.DebugPrintPower() -     tag=CONTROLLER value=2
D 15:28:10.7085358 GameState.DebugPrintPower() -     tag=ENTITY_ID value=55
D 15:28:10.7085358 GameState.DebugPrintPower() - FULL_ENTITY - Creating ID=56 CardID=
D 15:28:10.7085358 GameState.DebugPrintPower() -     tag=ZONE value=DECK
D 15:28:10.7085358 GameState.DebugPrintPower() -     tag=CONTROLLER value=2
D 15:28:10.7085358 GameState.DebugPrintPower() -     tag=ENTITY_ID value=56
D 15:28:10.7085358 GameState.DebugPrintPower() - FULL_ENTITY - Creating ID=57 CardID=
D 15:28:10.7085358 GameState.DebugPrintPower() -     tag=ZONE value=DECK
D 15:28:10.7085358 GameState.DebugPrintPower() -     tag=CONTROLLER value=2
D 15:28:10.7085358 GameState.DebugPrintPower() -     tag=ENTITY_ID value=57
D 15:28:10.7085358 GameState.DebugPrintPower() - FULL_ENTITY - Creating ID=58 CardID=
D 15:28:10.7085358 GameState.DebugPrintPower() -     tag=ZONE value=DECK
D 15:28:10.7085358 GameState.DebugPrintPower() -     tag=CONTROLLER value=2
D 15:28:10.7085358 GameState.DebugPrintPower() -     tag=ENTITY_ID value=58
D 15:28:10.7085358 GameState.DebugPrintPower() - FULL_ENTITY - Creating ID=59 CardID=
D 15:28:10.7085358 GameState.DebugPrintPower() -     tag=ZONE value=DECK
D 15:28:10.7085358 GameState.DebugPrintPower() -     tag=CONTROLLER value=2
D 15:28:10.7085358 GameState.DebugPrintPower() -     tag=ENTITY_ID value=59
D 15:28:10.7085358 GameState.DebugPrintPower() - FULL_ENTITY - Creating ID=60 CardID=
D 15:28:10.7085358 GameState.DebugPrintPower() -     tag=ZONE value=DECK
D 15:28:10.7085358 GameState.DebugPrintPower() -     tag=CONTROLLER value=2
D 15:28:10.7085358 GameState.DebugPrintPower() -     tag=ENTITY_ID value=60
D 15:28:10.7085358 GameState.DebugPrintPower() - FULL_ENTITY - Creating ID=61 CardID=
D 15:28:10.7085358 GameState.DebugPrintPower() -     tag=ZONE value=DECK
D 15:28:10.7085358 GameState.DebugPrintPower() -     tag=CONTROLLER value=2
D 15:28:10.7085358 GameState.DebugPrintPower() -     tag=ENTITY_ID value=61
D 15:28:10.7085358 GameState.DebugPrintPower() - FULL_ENTITY - Creating ID=62 CardID=
D 15:28:10.7085358 GameState.DebugPrintPower() -     tag=ZONE value=DECK
D 15:28:10.7085358 GameState.DebugPrintPower() -     tag=CONTROLLER value=2
D 15:28:10.7085358 GameState.DebugPrintPower() -     tag=ENTITY_ID value=62
D 15:28:10.7085358 GameState.DebugPrintPower() - FULL_ENTITY - Creating ID=63 CardID=
D 15:28:10.7085358 GameState.DebugPrintPower() -     tag=ZONE value=DECK
D 15:28:10.7085358 GameState.DebugPrintPower() -     tag=CONTROLLER value=2
D 15:28:10.7085358 GameState.DebugPrintPower() -     tag=ENTITY_ID value=63
D 15:28:10.7085358 GameState.DebugPrintPower() - FULL_ENTITY - Creating ID=64 CardID=
D 15:28:10.7085358 GameState.DebugPrintPower() -     tag=ZONE value=DECK
D 15:28:10.7085358 GameState.DebugPrintPower() -     tag=CONTROLLER value=2
D 15:28:10.7085358 GameState.DebugPrintPower() -     tag=ENTITY_ID value=64
D 15:28:10.7085358 GameState.DebugPrintPower() - FULL_ENTITY - Creating ID=65 CardID=
D 15:28:10.7085358 GameState.DebugPrintPower() -     tag=ZONE value=DECK
D 15:28:10.7085358 GameState.DebugPrintPower() -     tag=CONTROLLER value=2
D 15:28:10.7085358 GameState.DebugPrintPower() -     tag=ENTITY_ID value=65
D 15:28:10.7085358 GameState.DebugPrintPower() - FULL_ENTITY - Creating ID=66 CardID=
D 15:28:10.7085358 GameState.DebugPrintPower() -     tag=ZONE value=DECK
D 15:28:10.7085358 GameState.DebugPrintPower() -     tag=CONTROLLER value=2
D 15:28:10.7085358 GameState.DebugPrintPower() -     tag=ENTITY_ID value=66
D 15:28:10.7085358 GameState.DebugPrintPower() - FULL_ENTITY - Creating ID=67 CardID=
D 15:28:10.7085358 GameState.DebugPrintPower() -     tag=ZONE value=DECK
D 15:28:10.7085358 GameState.DebugPrintPower() -     tag=CONTROLLER value=2
D 15:28:10.7085358 GameState.DebugPrintPower() -     tag=ENTITY_ID value=67
D 15:28:10.7085358 GameState.DebugPrintPower() - FULL_ENTITY - Creating ID=68 CardID=
D 15:28:10.7085358 GameState.DebugPrintPower() -     tag=ZONE value=DECK
D 15:28:10.7085358 GameState.DebugPrintPower() -     tag=CONTROLLER value=2
D 15:28:10.7085358 GameState.DebugPrintPower() -     tag=ENTITY_ID value=68
D 15:28:10.7085358 GameState.DebugPrintPower() - FULL_ENTITY - Creating ID=69 CardID=
D 15:28:10.7085358 GameState.DebugPrintPower() -     tag=ZONE value=DECK
D 15:28:10.7085358 GameState.DebugPrintPower() -     tag=CONTROLLER value=2
D 15:28:10.7085358 GameState.DebugPrintPower() -     tag=ENTITY_ID value=69
D 15:28:10.7085358 GameState.DebugPrintPower() - FULL_ENTITY - Creating ID=70 CardID=
D 15:28:10.7085358 GameState.DebugPrintPower() -     tag=ZONE value=DECK
D 15:28:10.7085358 GameState.DebugPrintPower() -     tag=CONTROLLER value=2
D 15:28:10.7085358 GameState.DebugPrintPower() -     tag=ENTITY_ID value=70
D 15:28:10.7085358 GameState.DebugPrintPower() - FULL_ENTITY - Creating ID=71 CardID=
D 15:28:10.7085358 GameState.DebugPrintPower() -     tag=ZONE value=DECK
D 15:28:10.7085358 GameState.DebugPrintPower() -     tag=CONTROLLER value=2
D 15:28:10.7085358 GameState.DebugPrintPower() -     tag=ENTITY_ID value=71
D 15:28:10.7085358 GameState.DebugPrintPower() - FULL_ENTITY - Creating ID=72 CardID=
D 15:28:10.7085358 GameState.DebugPrintPower() -     tag=ZONE value=SETASIDE
D 15:28:10.7085358 GameState.DebugPrintPower() -     tag=CONTROLLER value=2
D 15:28:10.7085358 GameState.DebugPrintPower() -     tag=ENTITY_ID value=72
D 15:28:10.7085358 GameState.DebugPrintPower() - FULL_ENTITY - Creating ID=73 CardID=
D 15:28:10.7085358 GameState.DebugPrintPower() -     tag=ZONE value=SETASIDE
D 15:28:10.7085358 GameState.DebugPrintPower() -     tag=CONTROLLER value=2
D 15:28:10.7085358 GameState.DebugPrintPower() -     tag=ENTITY_ID value=73
D 15:28:10.7085358 GameState.DebugPrintPower() - FULL_ENTITY - Creating ID=74 CardID=
D 15:28:10.7085358 GameState.DebugPrintPower() -     tag=ZONE value=SETASIDE
D 15:28:10.7085358 GameState.DebugPrintPower() -     tag=CONTROLLER value=2
D 15:28:10.7085358 GameState.DebugPrintPower() -     tag=ENTITY_ID value=74
D 15:28:10.7085358 GameState.DebugPrintPower() - FULL_ENTITY - Creating ID=75 CardID=
D 15:28:10.7085358 GameState.DebugPrintPower() -     tag=ZONE value=DECK
D 15:28:10.7085358 GameState.DebugPrintPower() -     tag=CONTROLLER value=2
D 15:28:10.7085358 GameState.DebugPrintPower() -     tag=ENTITY_ID value=75
D 15:28:10.7085358 GameState.DebugPrintPower() - FULL_ENTITY - Creating ID=76 CardID=
D 15:28:10.7085358 GameState.DebugPrintPower() -     tag=ZONE value=DECK
D 15:28:10.7085358 GameState.DebugPrintPower() -     tag=CONTROLLER value=2
D 15:28:10.7085358 GameState.DebugPrintPower() -     tag=ENTITY_ID value=76
D 15:28:10.7085358 GameState.DebugPrintPower() - FULL_ENTITY - Creating ID=77 CardID=ETC_113
D 15:28:10.7085358 GameState.DebugPrintPower() -     tag=CONTROLLER value=2
D 15:28:10.7085358 GameState.DebugPrintPower() -     tag=CARDTYPE value=MINION
D 15:28:10.7085358 GameState.DebugPrintPower() -     tag=TAG_LAST_KNOWN_COST_IN_HAND value=3
D 15:28:10.7085358 GameState.DebugPrintPower() -     tag=479 value=3
D 15:28:10.7085358 GameState.DebugPrintPower() -     tag=COST value=3
D 15:28:10.7085358 GameState.DebugPrintPower() -     tag=ATK value=3
D 15:28:10.7085358 GameState.DebugPrintPower() -     tag=HEALTH value=3
D 15:28:10.7085358 GameState.DebugPrintPower() -     tag=ZONE value=SETASIDE
D 15:28:10.7085358 GameState.DebugPrintPower() -     tag=ENTITY_ID value=77
D 15:28:10.7085358 GameState.DebugPrintPower() -     tag=ELITE value=1
D 15:28:10.7085358 GameState.DebugPrintPower() -     tag=CLASS value=NEUTRAL
D 15:28:10.7085358 GameState.DebugPrintPower() -     tag=RARITY value=LEGENDARY
D 15:28:10.7085358 GameState.DebugPrintPower() -     tag=BATTLECRY value=1
D 15:28:10.7085358 GameState.DebugPrintPower() -     tag=COLLECTION_RELATED_CARD_DATABASE_ID value=92333
D 15:28:10.7085358 GameState.DebugPrintPower() -     tag=SPAWN_TIME_COUNT value=1
D 15:28:10.7085358 GameState.DebugPrintPower() -     tag=HAS_ACTIVATE_POWER value=1
D 15:28:10.7085358 GameState.DebugPrintPower() -     tag=3085 value=3
D 15:28:10.7085358 GameState.DebugPrintPower() - FULL_ENTITY - Creating ID=78 CardID=MIS_027
D 15:28:10.7085358 GameState.DebugPrintPower() -     tag=CONTROLLER value=2
D 15:28:10.7085358 GameState.DebugPrintPower() -     tag=CARDTYPE value=SPELL
D 15:28:10.7085358 GameState.DebugPrintPower() -     tag=TAG_LAST_KNOWN_COST_IN_HAND value=3
D 15:28:10.7085358 GameState.DebugPrintPower() -     tag=COST value=3
D 15:28:10.7085358 GameState.DebugPrintPower() -     tag=ZONE value=SETASIDE
D 15:28:10.7085358 GameState.DebugPrintPower() -     tag=ENTITY_ID value=78
D 15:28:10.7085358 GameState.DebugPrintPower() -     tag=CLASS value=WARLOCK
D 15:28:10.7085358 GameState.DebugPrintPower() -     tag=RARITY value=RARE
D 15:28:10.7085358 GameState.DebugPrintPower() -     tag=349 value=1
D 15:28:10.7085358 GameState.DebugPrintPower() -     tag=SPAWN_TIME_COUNT value=1
D 15:28:10.7085358 GameState.DebugPrintPower() -     tag=MINI_SET value=1
D 15:28:10.7085358 GameState.DebugPrintPower() - FULL_ENTITY - Creating ID=79 CardID=TOY_529
D 15:28:10.7085358 GameState.DebugPrintPower() -     tag=CONTROLLER value=2
D 15:28:10.7085358 GameState.DebugPrintPower() -     tag=CARDTYPE value=SPELL
D 15:28:10.7085358 GameState.DebugPrintPower() -     tag=TAG_LAST_KNOWN_COST_IN_HAND value=8
D 15:28:10.7085358 GameState.DebugPrintPower() -     tag=COST value=8
D 15:28:10.7085358 GameState.DebugPrintPower() -     tag=ZONE value=SETASIDE
D 15:28:10.7085358 GameState.DebugPrintPower() -     tag=ENTITY_ID value=79
D 15:28:10.7085358 GameState.DebugPrintPower() -     tag=ELITE value=1
D 15:28:10.7085358 GameState.DebugPrintPower() -     tag=CLASS value=WARLOCK
D 15:28:10.7085358 GameState.DebugPrintPower() -     tag=RARITY value=LEGENDARY
D 15:28:10.7085358 GameState.DebugPrintPower() -     tag=SPAWN_TIME_COUNT value=1
D 15:28:10.7085358 GameState.DebugPrintPower() -     tag=SPELL_SCHOOL value=6
D 15:28:10.7085358 GameState.DebugPrintPower() - FULL_ENTITY - Creating ID=80 CardID=
D 15:28:10.7085358 GameState.DebugPrintPower() -     tag=ZONE value=DECK
D 15:28:10.7085358 GameState.DebugPrintPower() -     tag=CONTROLLER value=2
D 15:28:10.7085358 GameState.DebugPrintPower() -     tag=ENTITY_ID value=80
D 15:28:10.7085358 GameState.DebugPrintPower() - FULL_ENTITY - Creating ID=81 CardID=
D 15:28:10.7085358 GameState.DebugPrintPower() -     tag=ZONE value=DECK
D 15:28:10.7085358 GameState.DebugPrintPower() -     tag=CONTROLLER value=2
D 15:28:10.7085358 GameState.DebugPrintPower() -     tag=ENTITY_ID value=81
D 15:28:10.7085358 GameState.DebugPrintPower() - TAG_CHANGE Entity=1 tag=STATE value=RUNNING 
D 15:28:10.7085358 GameState.DebugPrintPower() - TAG_CHANGE Entity=2 tag=PLAYSTATE value=PLAYING 
D 15:28:10.7085358 GameState.DebugPrintPower() - TAG_CHANGE Entity=3 tag=PLAYSTATE value=PLAYING 
D 15:28:10.7085358 GameState.DebugPrintPower() - BLOCK_START BlockType=TRIGGER Entity=1 EffectCardId=System.Collections.Generic.List`1[System.String] EffectIndex=-1 Target=0 SubOption=-1 TriggerKeyword=TAG_NOT_SET
D 15:28:10.7085358 GameState.DebugPrintPower() -     TAG_CHANGE Entity=3 tag=CURRENT_PLAYER value=1 
D 15:28:10.7085358 GameState.DebugPrintPower() -     TAG_CHANGE Entity=3 tag=FIRST_PLAYER value=1 
D 15:28:10.7085358 GameState.DebugPrintPower() -     TAG_CHANGE Entity=1 tag=TURN value=1 
D 15:28:10.7085358 GameState.DebugPrintPower() -     TAG_CHANGE Entity=2 tag=2166 value=9 
D 15:28:10.7085358 GameState.DebugPrintPower() -     TAG_CHANGE Entity=2 tag=467 value=4 
D 15:28:10.7085358 GameState.DebugPrintPower() -     TAG_CHANGE Entity=9 tag=ZONE value=HAND 
D 15:28:10.7085358 GameState.DebugPrintPower() -     TAG_CHANGE Entity=9 tag=ZONE_POSITION value=1 
D 15:28:10.7085358 GameState.DebugPrintPower() -     TAG_CHANGE Entity=9 tag=ZONE_POSITION value=0 
D 15:28:10.7085358 GameState.DebugPrintPower() -     TAG_CHANGE Entity=9 tag=ZONE_POSITION value=1 
D 15:28:10.7085358 GameState.DebugPrintPower() -     TAG_CHANGE Entity=2 tag=2166 value=34 
D 15:28:10.7085358 GameState.DebugPrintPower() -     TAG_CHANGE Entity=2 tag=467 value=3 
D 15:28:10.7085358 GameState.DebugPrintPower() -     TAG_CHANGE Entity=34 tag=ZONE value=HAND 
D 15:28:10.7085358 GameState.DebugPrintPower() -     TAG_CHANGE Entity=34 tag=ZONE_POSITION value=2 
D 15:28:10.7085358 GameState.DebugPrintPower() -     TAG_CHANGE Entity=34 tag=ZONE_POSITION value=0 
D 15:28:10.7085358 GameState.DebugPrintPower() -     TAG_CHANGE Entity=34 tag=ZONE_POSITION value=2 
D 15:28:10.7085358 GameState.DebugPrintPower() -     TAG_CHANGE Entity=2 tag=2166 value=31 
D 15:28:10.7085358 GameState.DebugPrintPower() -     TAG_CHANGE Entity=2 tag=467 value=2 
D 15:28:10.7085358 GameState.DebugPrintPower() -     TAG_CHANGE Entity=31 tag=ZONE value=HAND 
D 15:28:10.7085358 GameState.DebugPrintPower() -     TAG_CHANGE Entity=31 tag=ZONE_POSITION value=3 
D 15:28:10.7085358 GameState.DebugPrintPower() -     TAG_CHANGE Entity=31 tag=ZONE_POSITION value=0 
D 15:28:10.7085358 GameState.DebugPrintPower() -     TAG_CHANGE Entity=31 tag=ZONE_POSITION value=3 
D 15:28:10.7085358 GameState.DebugPrintPower() -     TAG_CHANGE Entity=2 tag=2166 value=23 
D 15:28:10.7085358 GameState.DebugPrintPower() -     TAG_CHANGE Entity=2 tag=467 value=1 
D 15:28:10.7085358 GameState.DebugPrintPower() -     TAG_CHANGE Entity=23 tag=ZONE value=HAND 
D 15:28:10.7085358 GameState.DebugPrintPower() -     TAG_CHANGE Entity=23 tag=ZONE_POSITION value=4 
D 15:28:10.7085358 GameState.DebugPrintPower() -     TAG_CHANGE Entity=23 tag=ZONE_POSITION value=0 
D 15:28:10.7085358 GameState.DebugPrintPower() -     TAG_CHANGE Entity=23 tag=ZONE_POSITION value=4 
D 15:28:10.7085358 GameState.DebugPrintPower() -     TAG_CHANGE Entity=2 tag=467 value=0 
D 15:28:10.7085358 GameState.DebugPrintPower() -     TAG_CHANGE Entity=2 tag=NUM_TURNS_LEFT value=1 
D 15:28:10.7085358 GameState.DebugPrintPower() -     FULL_ENTITY - Creating ID=82 CardID=
D 15:28:10.7085358 GameState.DebugPrintPower() -         tag=ZONE value=HAND
D 15:28:10.7085358 GameState.DebugPrintPower() -         tag=CONTROLLER value=1
D 15:28:10.7085358 GameState.DebugPrintPower() -         tag=ENTITY_ID value=82
D 15:28:10.7085358 GameState.DebugPrintPower() -         tag=ZONE_POSITION value=5
D 15:28:10.7085358 GameState.DebugPrintPower() -     TAG_CHANGE Entity=3 tag=2166 value=54 
D 15:28:10.7085358 GameState.DebugPrintPower() -     TAG_CHANGE Entity=3 tag=467 value=3 
D 15:28:10.7085358 GameState.DebugPrintPower() -     SHOW_ENTITY - Updating Entity=54 CardID=VAC_513
D 15:28:10.7085358 GameState.DebugPrintPower() -         tag=CONTROLLER value=2
D 15:28:10.7085358 GameState.DebugPrintPower() -         tag=CARDTYPE value=SPELL
D 15:28:10.7085358 GameState.DebugPrintPower() -         tag=TAG_LAST_KNOWN_COST_IN_HAND value=2
D 15:28:10.7085358 GameState.DebugPrintPower() -         tag=COST value=2
D 15:28:10.7085358 GameState.DebugPrintPower() -         tag=ZONE value=HAND
D 15:28:10.7085358 GameState.DebugPrintPower() -         tag=ENTITY_ID value=54
D 15:28:10.7085358 GameState.DebugPrintPower() -         tag=CLASS value=DEATHKNIGHT
D 15:28:10.7085358 GameState.DebugPrintPower() -         tag=RARITY value=EPIC
D 15:28:10.7085358 GameState.DebugPrintPower() -         tag=CREATOR value=0
D 15:28:10.7085358 GameState.DebugPrintPower() -         tag=478 value=2
D 15:28:10.7085358 GameState.DebugPrintPower() -         tag=1043 value=1
D 15:28:10.7085358 GameState.DebugPrintPower() -         tag=1068 value=0
D 15:28:10.7085358 GameState.DebugPrintPower() -         tag=SPAWN_TIME_COUNT value=1
D 15:28:10.7085358 GameState.DebugPrintPower() -         tag=SPELL_SCHOOL value=3
D 15:28:10.7085358 GameState.DebugPrintPower() -         tag=COST_FROST value=2
D 15:28:10.7085358 GameState.DebugPrintPower() -         tag=4901 value=0
D 15:28:10.7085358 GameState.DebugPrintPower() -     TAG_CHANGE Entity=54 tag=NUM_TURNS_IN_HAND value=1 
D 15:28:10.7085358 GameState.DebugPrintPower() -     TAG_CHANGE Entity=54 tag=ZONE_POSITION value=1 
D 15:28:10.7085358 GameState.DebugPrintPower() -     TAG_CHANGE Entity=54 tag=ZONE_POSITION value=0 
D 15:28:10.7085358 GameState.DebugPrintPower() -     TAG_CHANGE Entity=54 tag=ZONE_POSITION value=1 
D 15:28:10.7085358 GameState.DebugPrintPower() -     TAG_CHANGE Entity=3 tag=2166 value=63 
D 15:28:10.7085358 GameState.DebugPrintPower() -     TAG_CHANGE Entity=3 tag=467 value=2 
D 15:28:10.7085358 GameState.DebugPrintPower() -     SHOW_ENTITY - Updating Entity=63 CardID=JAM_031
D 15:28:10.7085358 GameState.DebugPrintPower() -         tag=CONTROLLER value=2
D 15:28:10.7085358 GameState.DebugPrintPower() -         tag=CARDTYPE value=SPELL
D 15:28:10.7085358 GameState.DebugPrintPower() -         tag=TAG_LAST_KNOWN_COST_IN_HAND value=3
D 15:28:10.7085358 GameState.DebugPrintPower() -         tag=COST value=3
D 15:28:10.7085358 GameState.DebugPrintPower() -         tag=ZONE value=HAND
D 15:28:10.7085358 GameState.DebugPrintPower() -         tag=ENTITY_ID value=63
D 15:28:10.7085358 GameState.DebugPrintPower() -         tag=CLASS value=WARLOCK
D 15:28:10.7085358 GameState.DebugPrintPower() -         tag=RARITY value=RARE
D 15:28:10.7085358 GameState.DebugPrintPower() -         tag=CREATOR value=0
D 15:28:10.7085358 GameState.DebugPrintPower() -         tag=MULTIPLE_CLASSES value=264
D 15:28:10.7085358 GameState.DebugPrintPower() -         tag=478 value=2
D 15:28:10.7085358 GameState.DebugPrintPower() -         tag=1043 value=1
D 15:28:10.7085358 GameState.DebugPrintPower() -         tag=1068 value=0
D 15:28:10.7085358 GameState.DebugPrintPower() -         tag=SPAWN_TIME_COUNT value=1
D 15:28:10.7085358 GameState.DebugPrintPower() -         tag=SPELL_SCHOOL value=6
D 15:28:10.7085358 GameState.DebugPrintPower() -         tag=MINI_SET value=1
D 15:28:10.7085358 GameState.DebugPrintPower() -         tag=4901 value=0
D 15:28:10.7085358 GameState.DebugPrintPower() -     TAG_CHANGE Entity=63 tag=NUM_TURNS_IN_HAND value=1 
D 15:28:10.7085358 GameState.DebugPrintPower() -     TAG_CHANGE Entity=63 tag=ZONE_POSITION value=2 
D 15:28:10.7085358 GameState.DebugPrintPower() -     TAG_CHANGE Entity=63 tag=ZONE_POSITION value=0 
D 15:28:10.7085358 GameState.DebugPrintPower() -     TAG_CHANGE Entity=63 tag=ZONE_POSITION value=2 
D 15:28:10.7085358 GameState.DebugPrintPower() -     TAG_CHANGE Entity=3 tag=2166 value=70 
D 15:28:10.7085358 GameState.DebugPrintPower() -     TAG_CHANGE Entity=3 tag=467 value=1 
D 15:28:10.7085358 GameState.DebugPrintPower() -     SHOW_ENTITY - Updating Entity=70 CardID=TTN_754
D 15:28:10.7085358 GameState.DebugPrintPower() -         tag=CONTROLLER value=2
D 15:28:10.7085358 GameState.DebugPrintPower() -         tag=CARDTYPE value=MINION
D 15:28:10.7085358 GameState.DebugPrintPower() -         tag=TAG_LAST_KNOWN_COST_IN_HAND value=3
D 15:28:10.7085358 GameState.DebugPrintPower() -         tag=479 value=2
D 15:28:10.7085358 GameState.DebugPrintPower() -         tag=COST value=3
D 15:28:10.7085358 GameState.DebugPrintPower() -         tag=ATK value=2
D 15:28:10.7085358 GameState.DebugPrintPower() -         tag=HEALTH value=5
D 15:28:10.7085358 GameState.DebugPrintPower() -         tag=ZONE value=HAND
D 15:28:10.7085358 GameState.DebugPrintPower() -         tag=ENTITY_ID value=70
D 15:28:10.7085358 GameState.DebugPrintPower() -         tag=CLASS value=NEUTRAL
D 15:28:10.7085358 GameState.DebugPrintPower() -         tag=CARDRACE value=BEAST
D 15:28:10.7085358 GameState.DebugPrintPower() -         tag=RARITY value=COMMON
D 15:28:10.7085358 GameState.DebugPrintPower() -         tag=DEATHRATTLE value=1
D 15:28:10.7085358 GameState.DebugPrintPower() -         tag=BATTLECRY value=1
D 15:28:10.7085358 GameState.DebugPrintPower() -         tag=CREATOR value=0
D 15:28:10.7085358 GameState.DebugPrintPower() -         tag=478 value=2
D 15:28:10.7085358 GameState.DebugPrintPower() -         tag=1043 value=1
D 15:28:10.7085358 GameState.DebugPrintPower() -         tag=1068 value=0
D 15:28:10.7085358 GameState.DebugPrintPower() -         tag=SPAWN_TIME_COUNT value=1
D 15:28:10.7085358 GameState.DebugPrintPower() -         tag=HAS_SIGNATURE_QUALITY value=1
D 15:28:10.7085358 GameState.DebugPrintPower() -         tag=HAS_ACTIVATE_POWER value=1
D 15:28:10.7085358 GameState.DebugPrintPower() -         tag=3085 value=5
D 15:28:10.7085358 GameState.DebugPrintPower() -         tag=4472 value=2
D 15:28:10.7085358 GameState.DebugPrintPower() -         tag=4901 value=0
D 15:28:10.7085358 GameState.DebugPrintPower() -     TAG_CHANGE Entity=70 tag=NUM_TURNS_IN_HAND value=1 
D 15:28:10.7085358 GameState.DebugPrintPower() -     TAG_CHANGE Entity=70 tag=ZONE_POSITION value=3 
D 15:28:10.7085358 GameState.DebugPrintPower() -     TAG_CHANGE Entity=70 tag=ZONE_POSITION value=0 
D 15:28:10.7085358 GameState.DebugPrintPower() -     TAG_CHANGE Entity=70 tag=ZONE_POSITION value=3 
D 15:28:10.7085358 GameState.DebugPrintPower() -     TAG_CHANGE Entity=3 tag=467 value=0 
D 15:28:10.7085358 GameState.DebugPrintPower() -     TAG_CHANGE Entity=3 tag=NUM_TURNS_LEFT value=1 
D 15:28:10.7085358 GameState.DebugPrintPower() -     TAG_CHANGE Entity=2 tag=TIMEOUT value=45 
D 15:28:10.7085358 GameState.DebugPrintPower() -     TAG_CHANGE Entity=3 tag=TIMEOUT value=45 
D 15:28:10.7085358 GameState.DebugPrintPower() -     TAG_CHANGE Entity=1 tag=10 value=85 
D 15:28:10.7085358 GameState.DebugPrintPower() -     TAG_CHANGE Entity=1 tag=NEXT_STEP value=BEGIN_MULLIGAN 
D 15:28:10.7085358 GameState.DebugPrintPower() - BLOCK_END
D 15:28:10.7085358 GameState.DebugPrintGame() - BuildNumber=250339
D 15:28:10.7085358 GameState.DebugPrintGame() - GameType=GT_TAVERNBRAWL
D 15:28:10.7085358 GameState.DebugPrintGame() - FormatType=FT_WILD
D 15:28:10.7085358 GameState.DebugPrintGame() - ScenarioID=5480
D 15:28:10.7085358 GameState.DebugPrintGame() - PlayerID=1, PlayerName=UNKNOWN HUMAN PLAYER
D 15:28:10.7085358 GameState.DebugPrintGame() - PlayerID=2, PlayerName=湫然#51704
D 15:28:10.7085358 GameState.DebugPrintPowerList() - Count=3
D 15:28:10.7085358 GameState.DebugPrintPower() - TAG_CHANGE Entity=GameEntity tag=STEP value=BEGIN_MULLIGAN 
D 15:28:10.7085358 GameState.DebugPrintPower() - BLOCK_START BlockType=TRIGGER Entity=GameEntity EffectCardId=System.Collections.Generic.List`1[System.String] EffectIndex=-1 Target=0 SubOption=-1 TriggerKeyword=TAG_NOT_SET
D 15:28:10.7085358 GameState.DebugPrintPower() -     TAG_CHANGE Entity=UNKNOWN HUMAN PLAYER tag=MULLIGAN_STATE value=INPUT 
D 15:28:10.7085358 PowerTaskList.DebugDump() - ID=1 ParentID=0 PreviousID=0 TaskCount=82
D 15:28:10.7085358 PowerTaskList.DebugDump() - Block Start=(null)
D 15:28:10.7085358 PowerTaskList.DebugPrintPower() -     CREATE_GAME
D 15:28:10.7085358 PowerTaskList.DebugPrintPower() -         GameEntity EntityID=1
D 15:28:10.7085358 PowerTaskList.DebugPrintPower() -             tag=CARDTYPE value=GAME
D 15:28:10.7085358 PowerTaskList.DebugPrintPower() -             tag=ZONE value=PLAY
D 15:28:10.7085358 PowerTaskList.DebugPrintPower() -             tag=ENTITY_ID value=1
D 15:28:10.7085358 PowerTaskList.DebugPrintPower() -             tag=937 value=5480
D 15:28:10.7085358 PowerTaskList.DebugPrintPower() -             tag=SPAWN_TIME_COUNT value=1
D 15:28:10.7085358 PowerTaskList.DebugPrintPower() -             tag=GAME_SEED value=314006687
D 15:28:10.7085358 PowerTaskList.DebugPrintPower() -         Player EntityID=2 PlayerID=1 GameAccountId=[hi=144115211015832391 lo=42311148]
D 15:28:10.7085358 PowerTaskList.DebugPrintPower() -             tag=CONTROLLER value=1
D 15:28:10.7085358 PowerTaskList.DebugPrintPower() -             tag=CARDTYPE value=PLAYER
D 15:28:10.7085358 PowerTaskList.DebugPrintPower() -             tag=PLAYER_ID value=1
D 15:28:10.7085358 PowerTaskList.DebugPrintPower() -             tag=HERO_ENTITY value=4
D 15:28:10.7085358 PowerTaskList.DebugPrintPower() -             tag=MAXHANDSIZE value=10
D 15:28:10.7085358 PowerTaskList.DebugPrintPower() -             tag=STARTHANDSIZE value=4
D 15:28:10.7085358 PowerTaskList.DebugPrintPower() -             tag=TEAM_ID value=1
D 15:28:10.7085358 PowerTaskList.DebugPrintPower() -             tag=ZONE value=PLAY
D 15:28:10.7085358 PowerTaskList.DebugPrintPower() -             tag=ENTITY_ID value=2
D 15:28:10.7085358 PowerTaskList.DebugPrintPower() -             tag=MAXRESOURCES value=10
D 15:28:10.7085358 PowerTaskList.DebugPrintPower() -             tag=SPAWN_TIME_COUNT value=1
D 15:28:10.7085358 PowerTaskList.DebugPrintPower() -             tag=MAX_EXCAVATE_TIER value=3
D 15:28:10.7085358 PowerTaskList.DebugPrintPower() -         Player EntityID=3 PlayerID=2 GameAccountId=[hi=144115211015832391 lo=83449896]
D 15:28:10.7085358 PowerTaskList.DebugPrintPower() -             tag=CONTROLLER value=2
D 15:28:10.7085358 PowerTaskList.DebugPrintPower() -             tag=CARDTYPE value=PLAYER
D 15:28:10.7085358 PowerTaskList.DebugPrintPower() -             tag=PLAYER_ID value=2
D 15:28:10.7085358 PowerTaskList.DebugPrintPower() -             tag=HERO_ENTITY value=6
D 15:28:10.7085358 PowerTaskList.DebugPrintPower() -             tag=MAXHANDSIZE value=10
D 15:28:10.7085358 PowerTaskList.DebugPrintPower() -             tag=STARTHANDSIZE value=4
D 15:28:10.7085358 PowerTaskList.DebugPrintPower() -             tag=TEAM_ID value=2
D 15:28:10.7085358 PowerTaskList.DebugPrintPower() -             tag=ZONE value=PLAY
D 15:28:10.7085358 PowerTaskList.DebugPrintPower() -             tag=ENTITY_ID value=3
D 15:28:10.7085358 PowerTaskList.DebugPrintPower() -             tag=MAXRESOURCES value=10
D 15:28:10.7085358 PowerTaskList.DebugPrintPower() -             tag=SPAWN_TIME_COUNT value=1
D 15:28:10.7085358 PowerTaskList.DebugPrintPower() -             tag=MAX_EXCAVATE_TIER value=3
D 15:28:10.7085358 PowerTaskList.DebugPrintPower() -     FULL_ENTITY - Updating [entityName=古尔丹 id=4 zone=PLAY zonePos=0 cardId=HERO_07 player=1] CardID=HERO_07
D 15:28:10.7085358 PowerTaskList.DebugPrintPower() -         tag=CONTROLLER value=1
D 15:28:10.7085358 PowerTaskList.DebugPrintPower() -         tag=CARDTYPE value=HERO
D 15:28:10.7085358 PowerTaskList.DebugPrintPower() -         tag=HEALTH value=30
D 15:28:10.7085358 PowerTaskList.DebugPrintPower() -         tag=PREMIUM value=1
D 15:28:10.7085358 PowerTaskList.DebugPrintPower() -         tag=ZONE value=PLAY
D 15:28:10.7085358 PowerTaskList.DebugPrintPower() -         tag=ENTITY_ID value=4
D 15:28:10.7085358 PowerTaskList.DebugPrintPower() -         tag=CLASS value=WARLOCK
D 15:28:10.7085358 PowerTaskList.DebugPrintPower() -         tag=FACTION value=NEUTRAL
D 15:28:10.7085358 PowerTaskList.DebugPrintPower() -         tag=RARITY value=FREE
D 15:28:10.7085358 PowerTaskList.DebugPrintPower() -         tag=HERO_POWER value=300
D 15:28:10.7085358 PowerTaskList.DebugPrintPower() -         tag=SPAWN_TIME_COUNT value=1
D 15:28:10.7085358 PowerTaskList.DebugPrintPower() -         tag=EMOTECHARACTER value=22
D 15:28:10.7085358 PowerTaskList.DebugPrintPower() -         tag=HAS_ACTIVATE_POWER value=1
D 15:28:10.7085358 PowerTaskList.DebugPrintPower() -         tag=EMOTECLASS value=7
D 15:28:10.7085358 PowerTaskList.DebugPrintPower() -         tag=3085 value=30
D 15:28:10.7085358 PowerTaskList.DebugPrintPower() -     FULL_ENTITY - Updating [entityName=UNKNOWN ENTITY [cardType=INVALID] id=5 zone=SETASIDE zonePos=0 cardId= player=1] CardID=
D 15:28:10.7085358 PowerTaskList.DebugPrintPower() -         tag=ZONE value=SETASIDE
D 15:28:10.7085358 PowerTaskList.DebugPrintPower() -         tag=CONTROLLER value=1
D 15:28:10.7085358 PowerTaskList.DebugPrintPower() -         tag=ENTITY_ID value=5
D 15:28:10.7085358 PowerTaskList.DebugPrintPower() -     FULL_ENTITY - Updating [entityName=古尔丹 id=6 zone=PLAY zonePos=0 cardId=HERO_07 player=2] CardID=HERO_07
D 15:28:10.7085358 PowerTaskList.DebugPrintPower() -         tag=CONTROLLER value=2
D 15:28:10.7085358 PowerTaskList.DebugPrintPower() -         tag=CARDTYPE value=HERO
D 15:28:10.7085358 PowerTaskList.DebugPrintPower() -         tag=HEALTH value=30
D 15:28:10.7085358 PowerTaskList.DebugPrintPower() -         tag=PREMIUM value=1
D 15:28:10.7085358 PowerTaskList.DebugPrintPower() -         tag=ZONE value=PLAY
D 15:28:10.7085358 PowerTaskList.DebugPrintPower() -         tag=ENTITY_ID value=6
D 15:28:10.7085358 PowerTaskList.DebugPrintPower() -         tag=CLASS value=WARLOCK
D 15:28:10.7085358 PowerTaskList.DebugPrintPower() -         tag=FACTION value=NEUTRAL
D 15:28:10.7085358 PowerTaskList.DebugPrintPower() -         tag=RARITY value=FREE
D 15:28:10.7085358 PowerTaskList.DebugPrintPower() -         tag=HERO_POWER value=300
D 15:28:10.7085358 PowerTaskList.DebugPrintPower() -         tag=SPAWN_TIME_COUNT value=1
D 15:28:10.7085358 PowerTaskList.DebugPrintPower() -         tag=EMOTECHARACTER value=22
D 15:28:10.7085358 PowerTaskList.DebugPrintPower() -         tag=HAS_ACTIVATE_POWER value=1
D 15:28:10.7085358 PowerTaskList.DebugPrintPower() -         tag=EMOTECLASS value=7
D 15:28:10.7085358 PowerTaskList.DebugPrintPower() -         tag=3085 value=30
D 15:28:10.7085358 PowerTaskList.DebugPrintPower() -     FULL_ENTITY - Updating [entityName=生命分流 id=7 zone=SETASIDE zonePos=0 cardId=HERO_07bp player=2] CardID=HERO_07bp
D 15:28:10.7085358 PowerTaskList.DebugPrintPower() -         tag=CONTROLLER value=2
D 15:28:10.7085358 PowerTaskList.DebugPrintPower() -         tag=CARDTYPE value=HERO_POWER
D 15:28:10.7085358 PowerTaskList.DebugPrintPower() -         tag=TAG_LAST_KNOWN_COST_IN_HAND value=2
D 15:28:10.7085358 PowerTaskList.DebugPrintPower() -         tag=COST value=2
D 15:28:10.7085358 PowerTaskList.DebugPrintPower() -         tag=PREMIUM value=1
D 15:28:10.7085358 PowerTaskList.DebugPrintPower() -         tag=ZONE value=SETASIDE
D 15:28:10.7085358 PowerTaskList.DebugPrintPower() -         tag=ENTITY_ID value=7
D 15:28:10.7085358 PowerTaskList.DebugPrintPower() -         tag=CLASS value=WARLOCK
D 15:28:10.7085358 PowerTaskList.DebugPrintPower() -         tag=FACTION value=NEUTRAL
D 15:28:10.7085358 PowerTaskList.DebugPrintPower() -         tag=RARITY value=FREE
D 15:28:10.7085358 PowerTaskList.DebugPrintPower() -         tag=CREATOR value=6
D 15:28:10.7085358 PowerTaskList.DebugPrintPower() -         tag=1086 value=2744
D 15:28:10.7085358 PowerTaskList.DebugPrintPower() -         tag=CREATOR_DBID value=893
D 15:28:10.7085358 PowerTaskList.DebugPrintPower() -         tag=SPAWN_TIME_COUNT value=1
D 15:28:10.7085358 PowerTaskList.DebugPrintPower() -         tag=HAS_ACTIVATE_POWER value=1
D 15:28:10.7085358 PowerTaskList.DebugPrintPower() -     FULL_ENTITY - Updating [entityName=生命分流 id=8 zone=PLAY zonePos=0 cardId=HERO_07bp player=1] CardID=HERO_07bp
D 15:28:10.7085358 PowerTaskList.DebugPrintPower() -         tag=CONTROLLER value=1
D 15:28:10.7085358 PowerTaskList.DebugPrintPower() -         tag=CARDTYPE value=HERO_POWER
D 15:28:10.7085358 PowerTaskList.DebugPrintPower() -         tag=TAG_LAST_KNOWN_COST_IN_HAND value=2
D 15:28:10.7085358 PowerTaskList.DebugPrintPower() -         tag=COST value=2
D 15:28:10.7085358 PowerTaskList.DebugPrintPower() -         tag=ZONE value=PLAY
D 15:28:10.7085358 PowerTaskList.DebugPrintPower() -         tag=ENTITY_ID value=8
D 15:28:10.7085358 PowerTaskList.DebugPrintPower() -         tag=CLASS value=WARLOCK
D 15:28:10.7085358 PowerTaskList.DebugPrintPower() -         tag=FACTION value=NEUTRAL
D 15:28:10.7085358 PowerTaskList.DebugPrintPower() -         tag=RARITY value=FREE
D 15:28:10.7085358 PowerTaskList.DebugPrintPower() -         tag=LINKED_ENTITY value=5
D 15:28:10.7085358 PowerTaskList.DebugPrintPower() -         tag=CREATOR value=1
D 15:28:10.7085358 PowerTaskList.DebugPrintPower() -         tag=1086 value=2744
D 15:28:10.7085358 PowerTaskList.DebugPrintPower() -         tag=SPAWN_TIME_COUNT value=1
D 15:28:10.7085358 PowerTaskList.DebugPrintPower() -         tag=HAS_ACTIVATE_POWER value=1
D 15:28:10.7085358 PowerTaskList.DebugPrintPower() -     FULL_ENTITY - Updating [entityName=UNKNOWN ENTITY [cardType=INVALID] id=9 zone=DECK zonePos=0 cardId= player=1] CardID=
D 15:28:10.7085358 PowerTaskList.DebugPrintPower() -         tag=ZONE value=DECK
D 15:28:10.7085358 PowerTaskList.DebugPrintPower() -         tag=CONTROLLER value=1
D 15:28:10.7085358 PowerTaskList.DebugPrintPower() -         tag=ENTITY_ID value=9
D 15:28:10.7085358 PowerTaskList.DebugPrintPower() -     FULL_ENTITY - Updating [entityName=UNKNOWN ENTITY [cardType=INVALID] id=10 zone=DECK zonePos=0 cardId= player=1] CardID=
D 15:28:10.7085358 PowerTaskList.DebugPrintPower() -         tag=ZONE value=DECK
D 15:28:10.7085358 PowerTaskList.DebugPrintPower() -         tag=CONTROLLER value=1
D 15:28:10.7085358 PowerTaskList.DebugPrintPower() -         tag=ENTITY_ID value=10
D 15:28:10.7085358 PowerTaskList.DebugPrintPower() -     FULL_ENTITY - Updating [entityName=UNKNOWN ENTITY [cardType=INVALID] id=11 zone=DECK zonePos=0 cardId= player=1] CardID=
D 15:28:10.7085358 PowerTaskList.DebugPrintPower() -         tag=ZONE value=DECK
D 15:28:10.7085358 PowerTaskList.DebugPrintPower() -         tag=CONTROLLER value=1
D 15:28:10.7085358 PowerTaskList.DebugPrintPower() -         tag=ENTITY_ID value=11
D 15:28:10.7085358 PowerTaskList.DebugPrintPower() -     FULL_ENTITY - Updating [entityName=UNKNOWN ENTITY [cardType=INVALID] id=12 zone=DECK zonePos=0 cardId= player=1] CardID=
D 15:28:10.7085358 PowerTaskList.DebugPrintPower() -         tag=ZONE value=DECK
D 15:28:10.7085358 PowerTaskList.DebugPrintPower() -         tag=CONTROLLER value=1
D 15:28:10.7085358 PowerTaskList.DebugPrintPower() -         tag=ENTITY_ID value=12
D 15:28:10.7085358 PowerTaskList.DebugPrintPower() -     FULL_ENTITY - Updating [entityName=UNKNOWN ENTITY [cardType=INVALID] id=13 zone=DECK zonePos=0 cardId= player=1] CardID=
D 15:28:10.7085358 PowerTaskList.DebugPrintPower() -         tag=ZONE value=DECK
D 15:28:10.7085358 PowerTaskList.DebugPrintPower() -         tag=CONTROLLER value=1
D 15:28:10.7085358 PowerTaskList.DebugPrintPower() -         tag=ENTITY_ID value=13
D 15:28:10.7085358 PowerTaskList.DebugPrintPower() -     FULL_ENTITY - Updating [entityName=UNKNOWN ENTITY [cardType=INVALID] id=14 zone=DECK zonePos=0 cardId= player=1] CardID=
D 15:28:10.7085358 PowerTaskList.DebugPrintPower() -         tag=ZONE value=DECK
D 15:28:10.7085358 PowerTaskList.DebugPrintPower() -         tag=CONTROLLER value=1
D 15:28:10.7085358 PowerTaskList.DebugPrintPower() -         tag=ENTITY_ID value=14
D 15:28:10.7085358 PowerTaskList.DebugPrintPower() -     FULL_ENTITY - Updating [entityName=UNKNOWN ENTITY [cardType=INVALID] id=15 zone=DECK zonePos=0 cardId= player=1] CardID=
D 15:28:10.7085358 PowerTaskList.DebugPrintPower() -         tag=ZONE value=DECK
D 15:28:10.7085358 PowerTaskList.DebugPrintPower() -         tag=CONTROLLER value=1
D 15:28:10.7085358 PowerTaskList.DebugPrintPower() -         tag=ENTITY_ID value=15
D 15:28:10.7085358 PowerTaskList.DebugPrintPower() -     FULL_ENTITY - Updating [entityName=UNKNOWN ENTITY [cardType=INVALID] id=16 zone=DECK zonePos=0 cardId= player=1] CardID=
D 15:28:10.7085358 PowerTaskList.DebugPrintPower() -         tag=ZONE value=DECK
D 15:28:10.7085358 PowerTaskList.DebugPrintPower() -         tag=CONTROLLER value=1
D 15:28:10.7085358 PowerTaskList.DebugPrintPower() -         tag=ENTITY_ID value=16
D 15:28:10.7085358 PowerTaskList.DebugPrintPower() -     FULL_ENTITY - Updating [entityName=UNKNOWN ENTITY [cardType=INVALID] id=17 zone=DECK zonePos=0 cardId= player=1] CardID=
D 15:28:10.7085358 PowerTaskList.DebugPrintPower() -         tag=ZONE value=DECK
D 15:28:10.7085358 PowerTaskList.DebugPrintPower() -         tag=CONTROLLER value=1
D 15:28:10.7085358 PowerTaskList.DebugPrintPower() -         tag=ENTITY_ID value=17
D 15:28:10.7085358 PowerTaskList.DebugPrintPower() -     FULL_ENTITY - Updating [entityName=UNKNOWN ENTITY [cardType=INVALID] id=18 zone=DECK zonePos=0 cardId= player=1] CardID=
D 15:28:10.7085358 PowerTaskList.DebugPrintPower() -         tag=ZONE value=DECK
D 15:28:10.7085358 PowerTaskList.DebugPrintPower() -         tag=CONTROLLER value=1
D 15:28:10.7085358 PowerTaskList.DebugPrintPower() -         tag=ENTITY_ID value=18
D 15:28:10.7085358 PowerTaskList.DebugPrintPower() -     FULL_ENTITY - Updating [entityName=UNKNOWN ENTITY [cardType=INVALID] id=19 zone=DECK zonePos=0 cardId= player=1] CardID=
D 15:28:10.7085358 PowerTaskList.DebugPrintPower() -         tag=ZONE value=DECK
D 15:28:10.7085358 PowerTaskList.DebugPrintPower() -         tag=CONTROLLER value=1
D 15:28:10.7085358 PowerTaskList.DebugPrintPower() -         tag=ENTITY_ID value=19
D 15:28:10.7085358 PowerTaskList.DebugPrintPower() -     FULL_ENTITY - Updating [entityName=UNKNOWN ENTITY [cardType=INVALID] id=20 zone=DECK zonePos=0 cardId= player=1] CardID=
D 15:28:10.7085358 PowerTaskList.DebugPrintPower() -         tag=ZONE value=DECK
D 15:28:10.7085358 PowerTaskList.DebugPrintPower() -         tag=CONTROLLER value=1
D 15:28:10.7085358 PowerTaskList.DebugPrintPower() -         tag=ENTITY_ID value=20
D 15:28:10.7085358 PowerTaskList.DebugPrintPower() -     FULL_ENTITY - Updating [entityName=UNKNOWN ENTITY [cardType=INVALID] id=21 zone=DECK zonePos=0 cardId= player=1] CardID=
D 15:28:10.7085358 PowerTaskList.DebugPrintPower() -         tag=ZONE value=DECK
D 15:28:10.7085358 PowerTaskList.DebugPrintPower() -         tag=CONTROLLER value=1
D 15:28:10.7085358 PowerTaskList.DebugPrintPower() -         tag=ENTITY_ID value=21
D 15:28:10.7085358 PowerTaskList.DebugPrintPower() -     FULL_ENTITY - Updating [entityName=UNKNOWN ENTITY [cardType=INVALID] id=22 zone=DECK zonePos=0 cardId= player=1] CardID=
D 15:28:10.7085358 PowerTaskList.DebugPrintPower() -         tag=ZONE value=DECK
D 15:28:10.7085358 PowerTaskList.DebugPrintPower() -         tag=CONTROLLER value=1
D 15:28:10.7085358 PowerTaskList.DebugPrintPower() -         tag=ENTITY_ID value=22
D 15:28:10.7085358 PowerTaskList.DebugPrintPower() -     FULL_ENTITY - Updating [entityName=UNKNOWN ENTITY [cardType=INVALID] id=23 zone=DECK zonePos=0 cardId= player=1] CardID=
D 15:28:10.7085358 PowerTaskList.DebugPrintPower() -         tag=ZONE value=DECK
D 15:28:10.7085358 PowerTaskList.DebugPrintPower() -         tag=CONTROLLER value=1
D 15:28:10.7085358 PowerTaskList.DebugPrintPower() -         tag=ENTITY_ID value=23
D 15:28:10.7085358 PowerTaskList.DebugPrintPower() -     FULL_ENTITY - Updating [entityName=UNKNOWN ENTITY [cardType=INVALID] id=24 zone=DECK zonePos=0 cardId= player=1] CardID=
D 15:28:10.7085358 PowerTaskList.DebugPrintPower() -         tag=ZONE value=DECK
D 15:28:10.7085358 PowerTaskList.DebugPrintPower() -         tag=CONTROLLER value=1
D 15:28:10.7085358 PowerTaskList.DebugPrintPower() -         tag=ENTITY_ID value=24
D 15:28:10.7085358 PowerTaskList.DebugPrintPower() -     FULL_ENTITY - Updating [entityName=UNKNOWN ENTITY [cardType=INVALID] id=25 zone=DECK zonePos=0 cardId= player=1] CardID=
D 15:28:10.7085358 PowerTaskList.DebugPrintPower() -         tag=ZONE value=DECK
D 15:28:10.7085358 PowerTaskList.DebugPrintPower() -         tag=CONTROLLER value=1
D 15:28:10.7085358 PowerTaskList.DebugPrintPower() -         tag=ENTITY_ID value=25
D 15:28:10.7085358 PowerTaskList.DebugPrintPower() -     FULL_ENTITY - Updating [entityName=UNKNOWN ENTITY [cardType=INVALID] id=26 zone=DECK zonePos=0 cardId= player=1] CardID=
D 15:28:10.7085358 PowerTaskList.DebugPrintPower() -         tag=ZONE value=DECK
D 15:28:10.7085358 PowerTaskList.DebugPrintPower() -         tag=CONTROLLER value=1
D 15:28:10.7085358 PowerTaskList.DebugPrintPower() -         tag=ENTITY_ID value=26
D 15:28:10.7085358 PowerTaskList.DebugPrintPower() -     FULL_ENTITY - Updating [entityName=UNKNOWN ENTITY [cardType=INVALID] id=27 zone=DECK zonePos=0 cardId= player=1] CardID=
D 15:28:10.7085358 PowerTaskList.DebugPrintPower() -         tag=ZONE value=DECK
D 15:28:10.7085358 PowerTaskList.DebugPrintPower() -         tag=CONTROLLER value=1
D 15:28:10.7085358 PowerTaskList.DebugPrintPower() -         tag=ENTITY_ID value=27
D 15:28:10.7085358 PowerTaskList.DebugPrintPower() -     FULL_ENTITY - Updating [entityName=UNKNOWN ENTITY [cardType=INVALID] id=28 zone=DECK zonePos=0 cardId= player=1] CardID=
D 15:28:10.7085358 PowerTaskList.DebugPrintPower() -         tag=ZONE value=DECK
D 15:28:10.7085358 PowerTaskList.DebugPrintPower() -         tag=CONTROLLER value=1
D 15:28:10.7085358 PowerTaskList.DebugPrintPower() -         tag=ENTITY_ID value=28
D 15:28:10.7085358 PowerTaskList.DebugPrintPower() -     FULL_ENTITY - Updating [entityName=UNKNOWN ENTITY [cardType=INVALID] id=29 zone=DECK zonePos=0 cardId= player=1] CardID=
D 15:28:10.7085358 PowerTaskList.DebugPrintPower() -         tag=ZONE value=DECK
D 15:28:10.7085358 PowerTaskList.DebugPrintPower() -         tag=CONTROLLER value=1
D 15:28:10.7085358 PowerTaskList.DebugPrintPower() -         tag=ENTITY_ID value=29
D 15:28:10.7085358 PowerTaskList.DebugPrintPower() -     FULL_ENTITY - Updating [entityName=UNKNOWN ENTITY [cardType=INVALID] id=30 zone=DECK zonePos=0 cardId= player=1] CardID=
D 15:28:10.7085358 PowerTaskList.DebugPrintPower() -         tag=ZONE value=DECK
D 15:28:10.7085358 PowerTaskList.DebugPrintPower() -         tag=CONTROLLER value=1
D 15:28:10.7085358 PowerTaskList.DebugPrintPower() -         tag=ENTITY_ID value=30
D 15:28:10.7085358 PowerTaskList.DebugPrintPower() -     FULL_ENTITY - Updating [entityName=UNKNOWN ENTITY [cardType=INVALID] id=31 zone=DECK zonePos=0 cardId= player=1] CardID=
D 15:28:10.7085358 PowerTaskList.DebugPrintPower() -         tag=ZONE value=DECK
D 15:28:10.7085358 PowerTaskList.DebugPrintPower() -         tag=CONTROLLER value=1
D 15:28:10.7085358 PowerTaskList.DebugPrintPower() -         tag=ENTITY_ID value=31
D 15:28:10.7085358 PowerTaskList.DebugPrintPower() -     FULL_ENTITY - Updating [entityName=UNKNOWN ENTITY [cardType=INVALID] id=32 zone=DECK zonePos=0 cardId= player=1] CardID=
D 15:28:10.7085358 PowerTaskList.DebugPrintPower() -         tag=ZONE value=DECK
D 15:28:10.7085358 PowerTaskList.DebugPrintPower() -         tag=CONTROLLER value=1
D 15:28:10.7085358 PowerTaskList.DebugPrintPower() -         tag=ENTITY_ID value=32
D 15:28:10.7085358 PowerTaskList.DebugPrintPower() -     FULL_ENTITY - Updating [entityName=UNKNOWN ENTITY [cardType=INVALID] id=33 zone=DECK zonePos=0 cardId= player=1] CardID=
D 15:28:10.7085358 PowerTaskList.DebugPrintPower() -         tag=ZONE value=DECK
D 15:28:10.7085358 PowerTaskList.DebugPrintPower() -         tag=CONTROLLER value=1
D 15:28:10.7085358 PowerTaskList.DebugPrintPower() -         tag=ENTITY_ID value=33
D 15:28:10.7085358 PowerTaskList.DebugPrintPower() -     FULL_ENTITY - Updating [entityName=UNKNOWN ENTITY [cardType=INVALID] id=34 zone=DECK zonePos=0 cardId= player=1] CardID=
D 15:28:10.7085358 PowerTaskList.DebugPrintPower() -         tag=ZONE value=DECK
D 15:28:10.7085358 PowerTaskList.DebugPrintPower() -         tag=CONTROLLER value=1
D 15:28:10.7085358 PowerTaskList.DebugPrintPower() -         tag=ENTITY_ID value=34
D 15:28:10.7085358 PowerTaskList.DebugPrintPower() -     FULL_ENTITY - Updating [entityName=UNKNOWN ENTITY [cardType=INVALID] id=35 zone=SETASIDE zonePos=0 cardId= player=1] CardID=
D 15:28:10.7085358 PowerTaskList.DebugPrintPower() -         tag=ZONE value=SETASIDE
D 15:28:10.7085358 PowerTaskList.DebugPrintPower() -         tag=CONTROLLER value=1
D 15:28:10.7085358 PowerTaskList.DebugPrintPower() -         tag=ENTITY_ID value=35
D 15:28:10.7085358 PowerTaskList.DebugPrintPower() -     FULL_ENTITY - Updating [entityName=UNKNOWN ENTITY [cardType=INVALID] id=36 zone=SETASIDE zonePos=0 cardId= player=1] CardID=
D 15:28:10.7085358 PowerTaskList.DebugPrintPower() -         tag=ZONE value=SETASIDE
D 15:28:10.7085358 PowerTaskList.DebugPrintPower() -         tag=CONTROLLER value=1
D 15:28:10.7085358 PowerTaskList.DebugPrintPower() -         tag=ENTITY_ID value=36
D 15:28:10.7085358 PowerTaskList.DebugPrintPower() -     FULL_ENTITY - Updating [entityName=UNKNOWN ENTITY [cardType=INVALID] id=37 zone=SETASIDE zonePos=0 cardId= player=1] CardID=
D 15:28:10.7085358 PowerTaskList.DebugPrintPower() -         tag=ZONE value=SETASIDE
D 15:28:10.7085358 PowerTaskList.DebugPrintPower() -         tag=CONTROLLER value=1
D 15:28:10.7085358 PowerTaskList.DebugPrintPower() -         tag=ENTITY_ID value=37
D 15:28:10.7085358 PowerTaskList.DebugPrintPower() -     FULL_ENTITY - Updating [entityName=UNKNOWN ENTITY [cardType=INVALID] id=38 zone=DECK zonePos=0 cardId= player=1] CardID=
D 15:28:10.7085358 PowerTaskList.DebugPrintPower() -         tag=ZONE value=DECK
D 15:28:10.7085358 PowerTaskList.DebugPrintPower() -         tag=CONTROLLER value=1
D 15:28:10.7085358 PowerTaskList.DebugPrintPower() -         tag=ENTITY_ID value=38
D 15:28:10.7085358 PowerTaskList.DebugPrintPower() -     FULL_ENTITY - Updating [entityName=UNKNOWN ENTITY [cardType=INVALID] id=39 zone=DECK zonePos=0 cardId= player=1] CardID=
D 15:28:10.7085358 PowerTaskList.DebugPrintPower() -         tag=ZONE value=DECK
D 15:28:10.7085358 PowerTaskList.DebugPrintPower() -         tag=CONTROLLER value=1
D 15:28:10.7085358 PowerTaskList.DebugPrintPower() -         tag=ENTITY_ID value=39
D 15:28:10.7085358 PowerTaskList.DebugPrintPower() -     FULL_ENTITY - Updating [entityName=UNKNOWN ENTITY [cardType=INVALID] id=40 zone=SETASIDE zonePos=0 cardId= player=1] CardID=
D 15:28:10.7085358 PowerTaskList.DebugPrintPower() -         tag=ZONE value=SETASIDE
D 15:28:10.7085358 PowerTaskList.DebugPrintPower() -         tag=CONTROLLER value=1
D 15:28:10.7085358 PowerTaskList.DebugPrintPower() -         tag=ENTITY_ID value=40
D 15:28:10.7085358 PowerTaskList.DebugPrintPower() -     FULL_ENTITY - Updating [entityName=UNKNOWN ENTITY [cardType=INVALID] id=41 zone=SETASIDE zonePos=0 cardId= player=1] CardID=
D 15:28:10.7085358 PowerTaskList.DebugPrintPower() -         tag=ZONE value=SETASIDE
D 15:28:10.7085358 PowerTaskList.DebugPrintPower() -         tag=CONTROLLER value=1
D 15:28:10.7085358 PowerTaskList.DebugPrintPower() -         tag=ENTITY_ID value=41
D 15:28:10.7085358 PowerTaskList.DebugPrintPower() -     FULL_ENTITY - Updating [entityName=UNKNOWN ENTITY [cardType=INVALID] id=42 zone=SETASIDE zonePos=0 cardId= player=1] CardID=
D 15:28:10.7085358 PowerTaskList.DebugPrintPower() -         tag=ZONE value=SETASIDE
D 15:28:10.7085358 PowerTaskList.DebugPrintPower() -         tag=CONTROLLER value=1
D 15:28:10.7085358 PowerTaskList.DebugPrintPower() -         tag=ENTITY_ID value=42
D 15:28:10.7085358 PowerTaskList.DebugPrintPower() -     FULL_ENTITY - Updating [entityName=UNKNOWN ENTITY [cardType=INVALID] id=43 zone=DECK zonePos=0 cardId= player=1] CardID=
D 15:28:10.7085358 PowerTaskList.DebugPrintPower() -         tag=ZONE value=DECK
D 15:28:10.7085358 PowerTaskList.DebugPrintPower() -         tag=CONTROLLER value=1
D 15:28:10.7085358 PowerTaskList.DebugPrintPower() -         tag=ENTITY_ID value=43
D 15:28:10.7085358 PowerTaskList.DebugPrintPower() -     FULL_ENTITY - Updating [entityName=UNKNOWN ENTITY [cardType=INVALID] id=44 zone=DECK zonePos=0 cardId= player=1] CardID=
D 15:28:10.7085358 PowerTaskList.DebugPrintPower() -         tag=ZONE value=DECK
D 15:28:10.7085358 PowerTaskList.DebugPrintPower() -         tag=CONTROLLER value=1
D 15:28:10.7085358 PowerTaskList.DebugPrintPower() -         tag=ENTITY_ID value=44
D 15:28:10.7085358 PowerTaskList.DebugPrintPower() -     FULL_ENTITY - Updating [entityName=生命分流 id=45 zone=PLAY zonePos=0 cardId=HERO_07bp player=2] CardID=HERO_07bp
D 15:28:10.7085358 PowerTaskList.DebugPrintPower() -         tag=CONTROLLER value=2
D 15:28:10.7085358 PowerTaskList.DebugPrintPower() -         tag=CARDTYPE value=HERO_POWER
D 15:28:10.7085358 PowerTaskList.DebugPrintPower() -         tag=TAG_LAST_KNOWN_COST_IN_HAND value=2
D 15:28:10.7085358 PowerTaskList.DebugPrintPower() -         tag=COST value=2
D 15:28:10.7085358 PowerTaskList.DebugPrintPower() -         tag=ZONE value=PLAY
D 15:28:10.7085358 PowerTaskList.DebugPrintPower() -         tag=ENTITY_ID value=45
D 15:28:10.7085358 PowerTaskList.DebugPrintPower() -         tag=CLASS value=WARLOCK
D 15:28:10.7085358 PowerTaskList.DebugPrintPower() -         tag=FACTION value=NEUTRAL
D 15:28:10.7085358 PowerTaskList.DebugPrintPower() -         tag=RARITY value=FREE
D 15:28:10.7085358 PowerTaskList.DebugPrintPower() -         tag=LINKED_ENTITY value=7
D 15:28:10.7085358 PowerTaskList.DebugPrintPower() -         tag=CREATOR value=1
D 15:28:10.7085358 PowerTaskList.DebugPrintPower() -         tag=1086 value=2744
D 15:28:10.7085358 PowerTaskList.DebugPrintPower() -         tag=SPAWN_TIME_COUNT value=1
D 15:28:10.7085358 PowerTaskList.DebugPrintPower() -         tag=HAS_ACTIVATE_POWER value=1
D 15:28:10.7085358 PowerTaskList.DebugPrintPower() -     FULL_ENTITY - Updating [entityName=UNKNOWN ENTITY [cardType=INVALID] id=46 zone=DECK zonePos=0 cardId= player=2] CardID=
D 15:28:10.7085358 PowerTaskList.DebugPrintPower() -         tag=ZONE value=DECK
D 15:28:10.7085358 PowerTaskList.DebugPrintPower() -         tag=CONTROLLER value=2
D 15:28:10.7085358 PowerTaskList.DebugPrintPower() -         tag=ENTITY_ID value=46
D 15:28:10.7085358 PowerTaskList.DebugPrintPower() -     FULL_ENTITY - Updating [entityName=UNKNOWN ENTITY [cardType=INVALID] id=47 zone=DECK zonePos=0 cardId= player=2] CardID=
D 15:28:10.7085358 PowerTaskList.DebugPrintPower() -         tag=ZONE value=DECK
D 15:28:10.7085358 PowerTaskList.DebugPrintPower() -         tag=CONTROLLER value=2
D 15:28:10.7085358 PowerTaskList.DebugPrintPower() -         tag=ENTITY_ID value=47
D 15:28:10.7085358 PowerTaskList.DebugPrintPower() -     FULL_ENTITY - Updating [entityName=UNKNOWN ENTITY [cardType=INVALID] id=48 zone=DECK zonePos=0 cardId= player=2] CardID=
D 15:28:10.7085358 PowerTaskList.DebugPrintPower() -         tag=ZONE value=DECK
D 15:28:10.7085358 PowerTaskList.DebugPrintPower() -         tag=CONTROLLER value=2
D 15:28:10.7085358 PowerTaskList.DebugPrintPower() -         tag=ENTITY_ID value=48
D 15:28:10.7085358 PowerTaskList.DebugPrintPower() -     FULL_ENTITY - Updating [entityName=UNKNOWN ENTITY [cardType=INVALID] id=49 zone=DECK zonePos=0 cardId= player=2] CardID=
D 15:28:10.7085358 PowerTaskList.DebugPrintPower() -         tag=ZONE value=DECK
D 15:28:10.7085358 PowerTaskList.DebugPrintPower() -         tag=CONTROLLER value=2
D 15:28:10.7085358 PowerTaskList.DebugPrintPower() -         tag=ENTITY_ID value=49
D 15:28:10.7085358 PowerTaskList.DebugPrintPower() -     FULL_ENTITY - Updating [entityName=UNKNOWN ENTITY [cardType=INVALID] id=50 zone=DECK zonePos=0 cardId= player=2] CardID=
D 15:28:10.7085358 PowerTaskList.DebugPrintPower() -         tag=ZONE value=DECK
D 15:28:10.7085358 PowerTaskList.DebugPrintPower() -         tag=CONTROLLER value=2
D 15:28:10.7085358 PowerTaskList.DebugPrintPower() -         tag=ENTITY_ID value=50
D 15:28:10.7085358 PowerTaskList.DebugPrintPower() -     FULL_ENTITY - Updating [entityName=UNKNOWN ENTITY [cardType=INVALID] id=51 zone=DECK zonePos=0 cardId= player=2] CardID=
D 15:28:10.7085358 PowerTaskList.DebugPrintPower() -         tag=ZONE value=DECK
D 15:28:10.7085358 PowerTaskList.DebugPrintPower() -         tag=CONTROLLER value=2
D 15:28:10.7085358 PowerTaskList.DebugPrintPower() -         tag=ENTITY_ID value=51
D 15:28:10.7085358 PowerTaskList.DebugPrintPower() -     FULL_ENTITY - Updating [entityName=UNKNOWN ENTITY [cardType=INVALID] id=52 zone=DECK zonePos=0 cardId= player=2] CardID=
D 15:28:10.7085358 PowerTaskList.DebugPrintPower() -         tag=ZONE value=DECK
D 15:28:10.7085358 PowerTaskList.DebugPrintPower() -         tag=CONTROLLER value=2
D 15:28:10.7085358 PowerTaskList.DebugPrintPower() -         tag=ENTITY_ID value=52
D 15:28:10.7085358 PowerTaskList.DebugPrintPower() -     FULL_ENTITY - Updating [entityName=UNKNOWN ENTITY [cardType=INVALID] id=53 zone=DECK zonePos=0 cardId= player=2] CardID=
D 15:28:10.7085358 PowerTaskList.DebugPrintPower() -         tag=ZONE value=DECK
D 15:28:10.7085358 PowerTaskList.DebugPrintPower() -         tag=CONTROLLER value=2
D 15:28:10.7085358 PowerTaskList.DebugPrintPower() -         tag=ENTITY_ID value=53
D 15:28:10.7085358 PowerTaskList.DebugPrintPower() -     FULL_ENTITY - Updating [entityName=UNKNOWN ENTITY [cardType=INVALID] id=54 zone=DECK zonePos=0 cardId= player=2] CardID=
D 15:28:10.7085358 PowerTaskList.DebugPrintPower() -         tag=ZONE value=DECK
D 15:28:10.7085358 PowerTaskList.DebugPrintPower() -         tag=CONTROLLER value=2
D 15:28:10.7085358 PowerTaskList.DebugPrintPower() -         tag=ENTITY_ID value=54
D 15:28:10.7085358 PowerTaskList.DebugPrintPower() -     FULL_ENTITY - Updating [entityName=UNKNOWN ENTITY [cardType=INVALID] id=55 zone=DECK zonePos=0 cardId= player=2] CardID=
D 15:28:10.7085358 PowerTaskList.DebugPrintPower() -         tag=ZONE value=DECK
D 15:28:10.7085358 PowerTaskList.DebugPrintPower() -         tag=CONTROLLER value=2
D 15:28:10.7085358 PowerTaskList.DebugPrintPower() -         tag=ENTITY_ID value=55
D 15:28:10.7085358 PowerTaskList.DebugPrintPower() -     FULL_ENTITY - Updating [entityName=UNKNOWN ENTITY [cardType=INVALID] id=56 zone=DECK zonePos=0 cardId= player=2] CardID=
D 15:28:10.7085358 PowerTaskList.DebugPrintPower() -         tag=ZONE value=DECK
D 15:28:10.7085358 PowerTaskList.DebugPrintPower() -         tag=CONTROLLER value=2
D 15:28:10.7085358 PowerTaskList.DebugPrintPower() -         tag=ENTITY_ID value=56
D 15:28:10.7085358 PowerTaskList.DebugPrintPower() -     FULL_ENTITY - Updating [entityName=UNKNOWN ENTITY [cardType=INVALID] id=57 zone=DECK zonePos=0 cardId= player=2] CardID=
D 15:28:10.7085358 PowerTaskList.DebugPrintPower() -         tag=ZONE value=DECK
D 15:28:10.7085358 PowerTaskList.DebugPrintPower() -         tag=CONTROLLER value=2
D 15:28:10.7085358 PowerTaskList.DebugPrintPower() -         tag=ENTITY_ID value=57
D 15:28:10.7085358 PowerTaskList.DebugPrintPower() -     FULL_ENTITY - Updating [entityName=UNKNOWN ENTITY [cardType=INVALID] id=58 zone=DECK zonePos=0 cardId= player=2] CardID=
D 15:28:10.7085358 PowerTaskList.DebugPrintPower() -         tag=ZONE value=DECK
D 15:28:10.7085358 PowerTaskList.DebugPrintPower() -         tag=CONTROLLER value=2
D 15:28:10.7085358 PowerTaskList.DebugPrintPower() -         tag=ENTITY_ID value=58
D 15:28:10.7085358 PowerTaskList.DebugPrintPower() -     FULL_ENTITY - Updating [entityName=UNKNOWN ENTITY [cardType=INVALID] id=59 zone=DECK zonePos=0 cardId= player=2] CardID=
D 15:28:10.7085358 PowerTaskList.DebugPrintPower() -         tag=ZONE value=DECK
D 15:28:10.7085358 PowerTaskList.DebugPrintPower() -         tag=CONTROLLER value=2
D 15:28:10.7085358 PowerTaskList.DebugPrintPower() -         tag=ENTITY_ID value=59
D 15:28:10.7085358 PowerTaskList.DebugPrintPower() -     FULL_ENTITY - Updating [entityName=UNKNOWN ENTITY [cardType=INVALID] id=60 zone=DECK zonePos=0 cardId= player=2] CardID=
D 15:28:10.7085358 PowerTaskList.DebugPrintPower() -         tag=ZONE value=DECK
D 15:28:10.7085358 PowerTaskList.DebugPrintPower() -         tag=CONTROLLER value=2
D 15:28:10.7085358 PowerTaskList.DebugPrintPower() -         tag=ENTITY_ID value=60
D 15:28:10.7085358 PowerTaskList.DebugPrintPower() -     FULL_ENTITY - Updating [entityName=UNKNOWN ENTITY [cardType=INVALID] id=61 zone=DECK zonePos=0 cardId= player=2] CardID=
D 15:28:10.7085358 PowerTaskList.DebugPrintPower() -         tag=ZONE value=DECK
D 15:28:10.7085358 PowerTaskList.DebugPrintPower() -         tag=CONTROLLER value=2
D 15:28:10.7085358 PowerTaskList.DebugPrintPower() -         tag=ENTITY_ID value=61
D 15:28:10.7085358 PowerTaskList.DebugPrintPower() -     FULL_ENTITY - Updating [entityName=UNKNOWN ENTITY [cardType=INVALID] id=62 zone=DECK zonePos=0 cardId= player=2] CardID=
D 15:28:10.7085358 PowerTaskList.DebugPrintPower() -         tag=ZONE value=DECK
D 15:28:10.7085358 PowerTaskList.DebugPrintPower() -         tag=CONTROLLER value=2
D 15:28:10.7085358 PowerTaskList.DebugPrintPower() -         tag=ENTITY_ID value=62
D 15:28:10.7085358 PowerTaskList.DebugPrintPower() -     FULL_ENTITY - Updating [entityName=UNKNOWN ENTITY [cardType=INVALID] id=63 zone=DECK zonePos=0 cardId= player=2] CardID=
D 15:28:10.7085358 PowerTaskList.DebugPrintPower() -         tag=ZONE value=DECK
D 15:28:10.7085358 PowerTaskList.DebugPrintPower() -         tag=CONTROLLER value=2
D 15:28:10.7085358 PowerTaskList.DebugPrintPower() -         tag=ENTITY_ID value=63
D 15:28:10.7085358 PowerTaskList.DebugPrintPower() -     FULL_ENTITY - Updating [entityName=UNKNOWN ENTITY [cardType=INVALID] id=64 zone=DECK zonePos=0 cardId= player=2] CardID=
D 15:28:10.7085358 PowerTaskList.DebugPrintPower() -         tag=ZONE value=DECK
D 15:28:10.7085358 PowerTaskList.DebugPrintPower() -         tag=CONTROLLER value=2
D 15:28:10.7085358 PowerTaskList.DebugPrintPower() -         tag=ENTITY_ID value=64
D 15:28:10.7085358 PowerTaskList.DebugPrintPower() -     FULL_ENTITY - Updating [entityName=UNKNOWN ENTITY [cardType=INVALID] id=65 zone=DECK zonePos=0 cardId= player=2] CardID=
D 15:28:10.7085358 PowerTaskList.DebugPrintPower() -         tag=ZONE value=DECK
D 15:28:10.7085358 PowerTaskList.DebugPrintPower() -         tag=CONTROLLER value=2
D 15:28:10.7085358 PowerTaskList.DebugPrintPower() -         tag=ENTITY_ID value=65
D 15:28:10.7085358 PowerTaskList.DebugPrintPower() -     FULL_ENTITY - Updating [entityName=UNKNOWN ENTITY [cardType=INVALID] id=66 zone=DECK zonePos=0 cardId= player=2] CardID=
D 15:28:10.7085358 PowerTaskList.DebugPrintPower() -         tag=ZONE value=DECK
D 15:28:10.7085358 PowerTaskList.DebugPrintPower() -         tag=CONTROLLER value=2
D 15:28:10.7085358 PowerTaskList.DebugPrintPower() -         tag=ENTITY_ID value=66
D 15:28:10.7085358 PowerTaskList.DebugPrintPower() -     FULL_ENTITY - Updating [entityName=UNKNOWN ENTITY [cardType=INVALID] id=67 zone=DECK zonePos=0 cardId= player=2] CardID=
D 15:28:10.7085358 PowerTaskList.DebugPrintPower() -         tag=ZONE value=DECK
D 15:28:10.7085358 PowerTaskList.DebugPrintPower() -         tag=CONTROLLER value=2
D 15:28:10.7085358 PowerTaskList.DebugPrintPower() -         tag=ENTITY_ID value=67
D 15:28:10.7085358 PowerTaskList.DebugPrintPower() -     FULL_ENTITY - Updating [entityName=UNKNOWN ENTITY [cardType=INVALID] id=68 zone=DECK zonePos=0 cardId= player=2] CardID=
D 15:28:10.7085358 PowerTaskList.DebugPrintPower() -         tag=ZONE value=DECK
D 15:28:10.7085358 PowerTaskList.DebugPrintPower() -         tag=CONTROLLER value=2
D 15:28:10.7085358 PowerTaskList.DebugPrintPower() -         tag=ENTITY_ID value=68
D 15:28:10.7085358 PowerTaskList.DebugPrintPower() -     FULL_ENTITY - Updating [entityName=UNKNOWN ENTITY [cardType=INVALID] id=69 zone=DECK zonePos=0 cardId= player=2] CardID=
D 15:28:10.7085358 PowerTaskList.DebugPrintPower() -         tag=ZONE value=DECK
D 15:28:10.7085358 PowerTaskList.DebugPrintPower() -         tag=CONTROLLER value=2
D 15:28:10.7085358 PowerTaskList.DebugPrintPower() -         tag=ENTITY_ID value=69
D 15:28:10.7085358 PowerTaskList.DebugPrintPower() -     FULL_ENTITY - Updating [entityName=UNKNOWN ENTITY [cardType=INVALID] id=70 zone=DECK zonePos=0 cardId= player=2] CardID=
D 15:28:10.7085358 PowerTaskList.DebugPrintPower() -         tag=ZONE value=DECK
D 15:28:10.7085358 PowerTaskList.DebugPrintPower() -         tag=CONTROLLER value=2
D 15:28:10.7085358 PowerTaskList.DebugPrintPower() -         tag=ENTITY_ID value=70
D 15:28:10.7085358 PowerTaskList.DebugPrintPower() -     FULL_ENTITY - Updating [entityName=UNKNOWN ENTITY [cardType=INVALID] id=71 zone=DECK zonePos=0 cardId= player=2] CardID=
D 15:28:10.7085358 PowerTaskList.DebugPrintPower() -         tag=ZONE value=DECK
D 15:28:10.7085358 PowerTaskList.DebugPrintPower() -         tag=CONTROLLER value=2
D 15:28:10.7085358 PowerTaskList.DebugPrintPower() -         tag=ENTITY_ID value=71
D 15:28:10.7085358 PowerTaskList.DebugPrintPower() -     FULL_ENTITY - Updating [entityName=UNKNOWN ENTITY [cardType=INVALID] id=72 zone=SETASIDE zonePos=0 cardId= player=2] CardID=
D 15:28:10.7085358 PowerTaskList.DebugPrintPower() -         tag=ZONE value=SETASIDE
D 15:28:10.7085358 PowerTaskList.DebugPrintPower() -         tag=CONTROLLER value=2
D 15:28:10.7085358 PowerTaskList.DebugPrintPower() -         tag=ENTITY_ID value=72
D 15:28:10.7085358 PowerTaskList.DebugPrintPower() -     FULL_ENTITY - Updating [entityName=UNKNOWN ENTITY [cardType=INVALID] id=73 zone=SETASIDE zonePos=0 cardId= player=2] CardID=
D 15:28:10.7085358 PowerTaskList.DebugPrintPower() -         tag=ZONE value=SETASIDE
D 15:28:10.7085358 PowerTaskList.DebugPrintPower() -         tag=CONTROLLER value=2
D 15:28:10.7085358 PowerTaskList.DebugPrintPower() -         tag=ENTITY_ID value=73
D 15:28:10.7085358 PowerTaskList.DebugPrintPower() -     FULL_ENTITY - Updating [entityName=UNKNOWN ENTITY [cardType=INVALID] id=74 zone=SETASIDE zonePos=0 cardId= player=2] CardID=
D 15:28:10.7085358 PowerTaskList.DebugPrintPower() -         tag=ZONE value=SETASIDE
D 15:28:10.7085358 PowerTaskList.DebugPrintPower() -         tag=CONTROLLER value=2
D 15:28:10.7085358 PowerTaskList.DebugPrintPower() -         tag=ENTITY_ID value=74
D 15:28:10.7085358 PowerTaskList.DebugPrintPower() -     FULL_ENTITY - Updating [entityName=UNKNOWN ENTITY [cardType=INVALID] id=75 zone=DECK zonePos=0 cardId= player=2] CardID=
D 15:28:10.7085358 PowerTaskList.DebugPrintPower() -         tag=ZONE value=DECK
D 15:28:10.7085358 PowerTaskList.DebugPrintPower() -         tag=CONTROLLER value=2
D 15:28:10.7085358 PowerTaskList.DebugPrintPower() -         tag=ENTITY_ID value=75
D 15:28:10.7085358 PowerTaskList.DebugPrintPower() -     FULL_ENTITY - Updating [entityName=UNKNOWN ENTITY [cardType=INVALID] id=76 zone=DECK zonePos=0 cardId= player=2] CardID=
D 15:28:10.7085358 PowerTaskList.DebugPrintPower() -         tag=ZONE value=DECK
D 15:28:10.7085358 PowerTaskList.DebugPrintPower() -         tag=CONTROLLER value=2
D 15:28:10.7085358 PowerTaskList.DebugPrintPower() -         tag=ENTITY_ID value=76
D 15:28:10.7085358 PowerTaskList.DebugPrintPower() -     FULL_ENTITY - Updating [entityName=摄影师菲兹尔 id=77 zone=SETASIDE zonePos=0 cardId=ETC_113 player=2] CardID=ETC_113
D 15:28:10.7085358 PowerTaskList.DebugPrintPower() -         tag=CONTROLLER value=2
D 15:28:10.7085358 PowerTaskList.DebugPrintPower() -         tag=CARDTYPE value=MINION
D 15:28:10.7085358 PowerTaskList.DebugPrintPower() -         tag=TAG_LAST_KNOWN_COST_IN_HAND value=3
D 15:28:10.7085358 PowerTaskList.DebugPrintPower() -         tag=479 value=3
D 15:28:10.7085358 PowerTaskList.DebugPrintPower() -         tag=COST value=3
D 15:28:10.7085358 PowerTaskList.DebugPrintPower() -         tag=ATK value=3
D 15:28:10.7085358 PowerTaskList.DebugPrintPower() -         tag=HEALTH value=3
D 15:28:10.7085358 PowerTaskList.DebugPrintPower() -         tag=ZONE value=SETASIDE
D 15:28:10.7085358 PowerTaskList.DebugPrintPower() -         tag=ENTITY_ID value=77
D 15:28:10.7085358 PowerTaskList.DebugPrintPower() -         tag=ELITE value=1
D 15:28:10.7085358 PowerTaskList.DebugPrintPower() -         tag=CLASS value=NEUTRAL
D 15:28:10.7085358 PowerTaskList.DebugPrintPower() -         tag=RARITY value=LEGENDARY
D 15:28:10.7085358 PowerTaskList.DebugPrintPower() -         tag=BATTLECRY value=1
D 15:28:10.7085358 PowerTaskList.DebugPrintPower() -         tag=COLLECTION_RELATED_CARD_DATABASE_ID value=92333
D 15:28:10.7085358 PowerTaskList.DebugPrintPower() -         tag=SPAWN_TIME_COUNT value=1
D 15:28:10.7085358 PowerTaskList.DebugPrintPower() -         tag=HAS_ACTIVATE_POWER value=1
D 15:28:10.7085358 PowerTaskList.DebugPrintPower() -         tag=3085 value=3
D 15:28:10.7085358 PowerTaskList.DebugPrintPower() -     FULL_ENTITY - Updating [entityName=多米诺效应 id=78 zone=SETASIDE zonePos=0 cardId=MIS_027 player=2] CardID=MIS_027
D 15:28:10.7085358 PowerTaskList.DebugPrintPower() -         tag=CONTROLLER value=2
D 15:28:10.7085358 PowerTaskList.DebugPrintPower() -         tag=CARDTYPE value=SPELL
D 15:28:10.7085358 PowerTaskList.DebugPrintPower() -         tag=TAG_LAST_KNOWN_COST_IN_HAND value=3
D 15:28:10.7085358 PowerTaskList.DebugPrintPower() -         tag=COST value=3
D 15:28:10.7085358 PowerTaskList.DebugPrintPower() -         tag=ZONE value=SETASIDE
D 15:28:10.7085358 PowerTaskList.DebugPrintPower() -         tag=ENTITY_ID value=78
D 15:28:10.7085358 PowerTaskList.DebugPrintPower() -         tag=CLASS value=WARLOCK
D 15:28:10.7085358 PowerTaskList.DebugPrintPower() -         tag=RARITY value=RARE
D 15:28:10.7085358 PowerTaskList.DebugPrintPower() -         tag=349 value=1
D 15:28:10.7085358 PowerTaskList.DebugPrintPower() -         tag=SPAWN_TIME_COUNT value=1
D 15:28:10.7085358 PowerTaskList.DebugPrintPower() -         tag=MINI_SET value=1
D 15:28:10.7085358 PowerTaskList.DebugPrintPower() -     FULL_ENTITY - Updating [entityName=死亡轮盘 id=79 zone=SETASIDE zonePos=0 cardId=TOY_529 player=2] CardID=TOY_529
D 15:28:10.7085358 PowerTaskList.DebugPrintPower() -         tag=CONTROLLER value=2
D 15:28:10.7085358 PowerTaskList.DebugPrintPower() -         tag=CARDTYPE value=SPELL
D 15:28:10.7085358 PowerTaskList.DebugPrintPower() -         tag=TAG_LAST_KNOWN_COST_IN_HAND value=8
D 15:28:10.7085358 PowerTaskList.DebugPrintPower() -         tag=COST value=8
D 15:28:10.7085358 PowerTaskList.DebugPrintPower() -         tag=ZONE value=SETASIDE
D 15:28:10.7085358 PowerTaskList.DebugPrintPower() -         tag=ENTITY_ID value=79
D 15:28:10.7085358 PowerTaskList.DebugPrintPower() -         tag=ELITE value=1
D 15:28:10.7085358 PowerTaskList.DebugPrintPower() -         tag=CLASS value=WARLOCK
D 15:28:10.7085358 PowerTaskList.DebugPrintPower() -         tag=RARITY value=LEGENDARY
D 15:28:10.7085358 PowerTaskList.DebugPrintPower() -         tag=SPAWN_TIME_COUNT value=1
D 15:28:10.7085358 PowerTaskList.DebugPrintPower() -         tag=SPELL_SCHOOL value=6
D 15:28:10.7085358 PowerTaskList.DebugPrintPower() -     FULL_ENTITY - Updating [entityName=UNKNOWN ENTITY [cardType=INVALID] id=80 zone=DECK zonePos=0 cardId= player=2] CardID=
D 15:28:10.7085358 PowerTaskList.DebugPrintPower() -         tag=ZONE value=DECK
D 15:28:10.7085358 PowerTaskList.DebugPrintPower() -         tag=CONTROLLER value=2
D 15:28:10.7085358 PowerTaskList.DebugPrintPower() -         tag=ENTITY_ID value=80
D 15:28:10.7085358 PowerTaskList.DebugPrintPower() -     FULL_ENTITY - Updating [entityName=UNKNOWN ENTITY [cardType=INVALID] id=81 zone=DECK zonePos=0 cardId= player=2] CardID=
D 15:28:10.7085358 PowerTaskList.DebugPrintPower() -         tag=ZONE value=DECK
D 15:28:10.7085358 PowerTaskList.DebugPrintPower() -         tag=CONTROLLER value=2
D 15:28:10.7085358 PowerTaskList.DebugPrintPower() -         tag=ENTITY_ID value=81
D 15:28:10.7085358 PowerTaskList.DebugPrintPower() -     TAG_CHANGE Entity=GameEntity tag=STATE value=RUNNING 
D 15:28:10.7085358 PowerTaskList.DebugPrintPower() -     TAG_CHANGE Entity=UNKNOWN HUMAN PLAYER tag=PLAYSTATE value=PLAYING 
D 15:28:10.7085358 PowerTaskList.DebugPrintPower() -     TAG_CHANGE Entity=湫然#51704 tag=PLAYSTATE value=PLAYING 
D 15:28:10.7085358 PowerTaskList.DebugDump() - Block End=(null)
D 15:28:10.7085358 PowerProcessor.PrepareHistoryForCurrentTaskList() - m_currentTaskList=1
D 15:28:10.7414745 GameState.DebugPrintEntityChoices() - id=1 Player=UNKNOWN HUMAN PLAYER TaskList=4 ChoiceType=MULLIGAN CountMin=0 CountMax=5
D 15:28:10.7414745 GameState.DebugPrintEntityChoices() -   Source=GameEntity
D 15:28:10.7414745 GameState.DebugPrintEntityChoices() -   Entities[0]=[entityName=UNKNOWN ENTITY [cardType=INVALID] id=9 zone=DECK zonePos=0 cardId= player=1]
D 15:28:10.7414745 GameState.DebugPrintEntityChoices() -   Entities[1]=[entityName=UNKNOWN ENTITY [cardType=INVALID] id=34 zone=DECK zonePos=0 cardId= player=1]
D 15:28:10.7414745 GameState.DebugPrintEntityChoices() -   Entities[2]=[entityName=UNKNOWN ENTITY [cardType=INVALID] id=31 zone=DECK zonePos=0 cardId= player=1]
D 15:28:10.7414745 GameState.DebugPrintEntityChoices() -   Entities[3]=[entityName=UNKNOWN ENTITY [cardType=INVALID] id=23 zone=DECK zonePos=0 cardId= player=1]
D 15:28:10.7414745 GameState.DebugPrintEntityChoices() -   Entities[4]=[entityName=UNKNOWN ENTITY [cardType=INVALID] id=82 zone=HAND zonePos=5 cardId= player=1]
D 15:28:10.7469808 GameState.DebugPrintPowerList() - Count=1
D 15:28:10.7469808 GameState.DebugPrintPower() - TAG_CHANGE Entity=湫然#51704 tag=MULLIGAN_STATE value=INPUT 
D 15:28:10.7540127 GameState.DebugPrintEntityChoices() - id=2 Player=湫然#51704 TaskList=5 ChoiceType=MULLIGAN CountMin=0 CountMax=3
D 15:28:10.7540127 GameState.DebugPrintEntityChoices() -   Source=GameEntity
D 15:28:10.7540127 GameState.DebugPrintEntityChoices() -   Entities[0]=[entityName=UNKNOWN ENTITY [cardType=INVALID] id=54 zone=DECK zonePos=0 cardId= player=2]
D 15:28:10.7540127 GameState.DebugPrintEntityChoices() -   Entities[1]=[entityName=UNKNOWN ENTITY [cardType=INVALID] id=63 zone=DECK zonePos=0 cardId= player=2]
D 15:28:10.7540127 GameState.DebugPrintEntityChoices() -   Entities[2]=[entityName=UNKNOWN ENTITY [cardType=INVALID] id=70 zone=DECK zonePos=0 cardId= player=2]
D 15:28:12.7000676 PowerProcessor.EndCurrentTaskList() - m_currentTaskList=1
D 15:28:12.7066349 PowerTaskList.DebugDump() - ID=2 ParentID=1 PreviousID=0 TaskCount=57
D 15:28:12.7066349 PowerTaskList.DebugPrintPower() - BLOCK_START BlockType=TRIGGER Entity=GameEntity EffectCardId=System.Collections.Generic.List`1[System.String] EffectIndex=-1 Target=0 SubOption=-1 TriggerKeyword=TAG_NOT_SET
D 15:28:12.7066349 PowerTaskList.DebugPrintPower() -     TAG_CHANGE Entity=湫然#51704 tag=CURRENT_PLAYER value=1 
D 15:28:12.7066349 PowerTaskList.DebugPrintPower() -     TAG_CHANGE Entity=湫然#51704 tag=FIRST_PLAYER value=1 
D 15:28:12.7066349 PowerTaskList.DebugPrintPower() -     TAG_CHANGE Entity=GameEntity tag=TURN value=1 
D 15:28:12.7066349 PowerTaskList.DebugPrintPower() -     TAG_CHANGE Entity=祥瑞御免雪亲王#51915 tag=2166 value=9 
D 15:28:12.7066349 PowerTaskList.DebugPrintPower() -     TAG_CHANGE Entity=祥瑞御免雪亲王#51915 tag=467 value=4 
D 15:28:12.7066349 PowerTaskList.DebugPrintPower() -     TAG_CHANGE Entity=[entityName=UNKNOWN ENTITY [cardType=INVALID] id=9 zone=DECK zonePos=0 cardId= player=1] tag=ZONE value=HAND 
D 15:28:12.7066349 PowerTaskList.DebugPrintPower() -     TAG_CHANGE Entity=[entityName=UNKNOWN ENTITY [cardType=INVALID] id=9 zone=DECK zonePos=0 cardId= player=1] tag=ZONE_POSITION value=1 
D 15:28:12.7066349 PowerTaskList.DebugPrintPower() -     TAG_CHANGE Entity=[entityName=UNKNOWN ENTITY [cardType=INVALID] id=9 zone=DECK zonePos=0 cardId= player=1] tag=ZONE_POSITION value=0 
D 15:28:12.7066349 PowerTaskList.DebugPrintPower() -     TAG_CHANGE Entity=[entityName=UNKNOWN ENTITY [cardType=INVALID] id=9 zone=DECK zonePos=0 cardId= player=1] tag=ZONE_POSITION value=1 
D 15:28:12.7066349 PowerTaskList.DebugPrintPower() -     TAG_CHANGE Entity=祥瑞御免雪亲王#51915 tag=2166 value=34 
D 15:28:12.7066349 PowerTaskList.DebugPrintPower() -     TAG_CHANGE Entity=祥瑞御免雪亲王#51915 tag=467 value=3 
D 15:28:12.7066349 PowerTaskList.DebugPrintPower() -     TAG_CHANGE Entity=[entityName=UNKNOWN ENTITY [cardType=INVALID] id=34 zone=DECK zonePos=0 cardId= player=1] tag=ZONE value=HAND 
D 15:28:12.7066349 PowerTaskList.DebugPrintPower() -     TAG_CHANGE Entity=[entityName=UNKNOWN ENTITY [cardType=INVALID] id=34 zone=DECK zonePos=0 cardId= player=1] tag=ZONE_POSITION value=2 
D 15:28:12.7066349 PowerTaskList.DebugPrintPower() -     TAG_CHANGE Entity=[entityName=UNKNOWN ENTITY [cardType=INVALID] id=34 zone=DECK zonePos=0 cardId= player=1] tag=ZONE_POSITION value=0 
D 15:28:12.7066349 PowerTaskList.DebugPrintPower() -     TAG_CHANGE Entity=[entityName=UNKNOWN ENTITY [cardType=INVALID] id=34 zone=DECK zonePos=0 cardId= player=1] tag=ZONE_POSITION value=2 
D 15:28:12.7066349 PowerTaskList.DebugPrintPower() -     TAG_CHANGE Entity=祥瑞御免雪亲王#51915 tag=2166 value=31 
D 15:28:12.7066349 PowerTaskList.DebugPrintPower() -     TAG_CHANGE Entity=祥瑞御免雪亲王#51915 tag=467 value=2 
D 15:28:12.7066349 PowerTaskList.DebugPrintPower() -     TAG_CHANGE Entity=[entityName=UNKNOWN ENTITY [cardType=INVALID] id=31 zone=DECK zonePos=0 cardId= player=1] tag=ZONE value=HAND 
D 15:28:12.7066349 PowerTaskList.DebugPrintPower() -     TAG_CHANGE Entity=[entityName=UNKNOWN ENTITY [cardType=INVALID] id=31 zone=DECK zonePos=0 cardId= player=1] tag=ZONE_POSITION value=3 
D 15:28:12.7066349 PowerTaskList.DebugPrintPower() -     TAG_CHANGE Entity=[entityName=UNKNOWN ENTITY [cardType=INVALID] id=31 zone=DECK zonePos=0 cardId= player=1] tag=ZONE_POSITION value=0 
D 15:28:12.7066349 PowerTaskList.DebugPrintPower() -     TAG_CHANGE Entity=[entityName=UNKNOWN ENTITY [cardType=INVALID] id=31 zone=DECK zonePos=0 cardId= player=1] tag=ZONE_POSITION value=3 
D 15:28:12.7066349 PowerTaskList.DebugPrintPower() -     TAG_CHANGE Entity=祥瑞御免雪亲王#51915 tag=2166 value=23 
D 15:28:12.7066349 PowerTaskList.DebugPrintPower() -     TAG_CHANGE Entity=祥瑞御免雪亲王#51915 tag=467 value=1 
D 15:28:12.7066349 PowerTaskList.DebugPrintPower() -     TAG_CHANGE Entity=[entityName=UNKNOWN ENTITY [cardType=INVALID] id=23 zone=DECK zonePos=0 cardId= player=1] tag=ZONE value=HAND 
D 15:28:12.7066349 PowerTaskList.DebugPrintPower() -     TAG_CHANGE Entity=[entityName=UNKNOWN ENTITY [cardType=INVALID] id=23 zone=DECK zonePos=0 cardId= player=1] tag=ZONE_POSITION value=4 
D 15:28:12.7066349 PowerTaskList.DebugPrintPower() -     TAG_CHANGE Entity=[entityName=UNKNOWN ENTITY [cardType=INVALID] id=23 zone=DECK zonePos=0 cardId= player=1] tag=ZONE_POSITION value=0 
D 15:28:12.7066349 PowerTaskList.DebugPrintPower() -     TAG_CHANGE Entity=[entityName=UNKNOWN ENTITY [cardType=INVALID] id=23 zone=DECK zonePos=0 cardId= player=1] tag=ZONE_POSITION value=4 
D 15:28:12.7066349 PowerTaskList.DebugPrintPower() -     TAG_CHANGE Entity=祥瑞御免雪亲王#51915 tag=467 value=0 
D 15:28:12.7066349 PowerTaskList.DebugPrintPower() -     TAG_CHANGE Entity=祥瑞御免雪亲王#51915 tag=NUM_TURNS_LEFT value=1 
D 15:28:12.7066349 PowerTaskList.DebugPrintPower() -     FULL_ENTITY - Updating [entityName=UNKNOWN ENTITY [cardType=INVALID] id=82 zone=HAND zonePos=5 cardId= player=1] CardID=
D 15:28:12.7066349 PowerTaskList.DebugPrintPower() -         tag=ZONE value=HAND
D 15:28:12.7066349 PowerTaskList.DebugPrintPower() -         tag=CONTROLLER value=1
D 15:28:12.7066349 PowerTaskList.DebugPrintPower() -         tag=ENTITY_ID value=82
D 15:28:12.7066349 PowerTaskList.DebugPrintPower() -         tag=ZONE_POSITION value=5
D 15:28:12.7066349 PowerTaskList.DebugPrintPower() -     TAG_CHANGE Entity=湫然#51704 tag=2166 value=54 
D 15:28:12.7066349 PowerTaskList.DebugPrintPower() -     TAG_CHANGE Entity=湫然#51704 tag=467 value=3 
D 15:28:12.7066349 PowerTaskList.DebugPrintPower() -     SHOW_ENTITY - Updating Entity=[entityName=UNKNOWN ENTITY [cardType=INVALID] id=54 zone=DECK zonePos=0 cardId= player=2] CardID=VAC_513
D 15:28:12.7066349 PowerTaskList.DebugPrintPower() -         tag=CONTROLLER value=2
D 15:28:12.7066349 PowerTaskList.DebugPrintPower() -         tag=CARDTYPE value=SPELL
D 15:28:12.7066349 PowerTaskList.DebugPrintPower() -         tag=TAG_LAST_KNOWN_COST_IN_HAND value=2
D 15:28:12.7066349 PowerTaskList.DebugPrintPower() -         tag=COST value=2
D 15:28:12.7066349 PowerTaskList.DebugPrintPower() -         tag=ZONE value=HAND
D 15:28:12.7066349 PowerTaskList.DebugPrintPower() -         tag=ENTITY_ID value=54
D 15:28:12.7066349 PowerTaskList.DebugPrintPower() -         tag=CLASS value=DEATHKNIGHT
D 15:28:12.7066349 PowerTaskList.DebugPrintPower() -         tag=RARITY value=EPIC
D 15:28:12.7066349 PowerTaskList.DebugPrintPower() -         tag=CREATOR value=0
D 15:28:12.7066349 PowerTaskList.DebugPrintPower() -         tag=478 value=2
D 15:28:12.7066349 PowerTaskList.DebugPrintPower() -         tag=1043 value=1
D 15:28:12.7066349 PowerTaskList.DebugPrintPower() -         tag=1068 value=0
D 15:28:12.7066349 PowerTaskList.DebugPrintPower() -         tag=SPAWN_TIME_COUNT value=1
D 15:28:12.7066349 PowerTaskList.DebugPrintPower() -         tag=SPELL_SCHOOL value=3
D 15:28:12.7066349 PowerTaskList.DebugPrintPower() -         tag=COST_FROST value=2
D 15:28:12.7066349 PowerTaskList.DebugPrintPower() -         tag=4901 value=0
D 15:28:12.7066349 PowerTaskList.DebugPrintPower() -     TAG_CHANGE Entity=[entityName=UNKNOWN ENTITY [cardType=INVALID] id=54 zone=DECK zonePos=0 cardId= player=2] tag=NUM_TURNS_IN_HAND value=1 
D 15:28:12.7066349 PowerTaskList.DebugPrintPower() -     TAG_CHANGE Entity=[entityName=UNKNOWN ENTITY [cardType=INVALID] id=54 zone=DECK zonePos=0 cardId= player=2] tag=ZONE_POSITION value=1 
D 15:28:12.7066349 PowerTaskList.DebugPrintPower() -     TAG_CHANGE Entity=[entityName=UNKNOWN ENTITY [cardType=INVALID] id=54 zone=DECK zonePos=0 cardId= player=2] tag=ZONE_POSITION value=0 
D 15:28:12.7066349 PowerTaskList.DebugPrintPower() -     TAG_CHANGE Entity=[entityName=UNKNOWN ENTITY [cardType=INVALID] id=54 zone=DECK zonePos=0 cardId= player=2] tag=ZONE_POSITION value=1 
D 15:28:12.7066349 PowerTaskList.DebugPrintPower() -     TAG_CHANGE Entity=湫然#51704 tag=2166 value=63 
D 15:28:12.7066349 PowerTaskList.DebugPrintPower() -     TAG_CHANGE Entity=湫然#51704 tag=467 value=2 
D 15:28:12.7066349 PowerTaskList.DebugPrintPower() -     SHOW_ENTITY - Updating Entity=[entityName=UNKNOWN ENTITY [cardType=INVALID] id=63 zone=DECK zonePos=0 cardId= player=2] CardID=JAM_031
D 15:28:12.7066349 PowerTaskList.DebugPrintPower() -         tag=CONTROLLER value=2
D 15:28:12.7066349 PowerTaskList.DebugPrintPower() -         tag=CARDTYPE value=SPELL
D 15:28:12.7066349 PowerTaskList.DebugPrintPower() -         tag=TAG_LAST_KNOWN_COST_IN_HAND value=3
D 15:28:12.7066349 PowerTaskList.DebugPrintPower() -         tag=COST value=3
D 15:28:12.7066349 PowerTaskList.DebugPrintPower() -         tag=ZONE value=HAND
D 15:28:12.7066349 PowerTaskList.DebugPrintPower() -         tag=ENTITY_ID value=63
D 15:28:12.7066349 PowerTaskList.DebugPrintPower() -         tag=CLASS value=WARLOCK
D 15:28:12.7066349 PowerTaskList.DebugPrintPower() -         tag=RARITY value=RARE
D 15:28:12.7066349 PowerTaskList.DebugPrintPower() -         tag=CREATOR value=0
D 15:28:12.7066349 PowerTaskList.DebugPrintPower() -         tag=MULTIPLE_CLASSES value=264
D 15:28:12.7066349 PowerTaskList.DebugPrintPower() -         tag=478 value=2
D 15:28:12.7066349 PowerTaskList.DebugPrintPower() -         tag=1043 value=1
D 15:28:12.7066349 PowerTaskList.DebugPrintPower() -         tag=1068 value=0
D 15:28:12.7066349 PowerTaskList.DebugPrintPower() -         tag=SPAWN_TIME_COUNT value=1
D 15:28:12.7066349 PowerTaskList.DebugPrintPower() -         tag=SPELL_SCHOOL value=6
D 15:28:12.7066349 PowerTaskList.DebugPrintPower() -         tag=MINI_SET value=1
D 15:28:12.7066349 PowerTaskList.DebugPrintPower() -         tag=4901 value=0
D 15:28:12.7066349 PowerTaskList.DebugPrintPower() -     TAG_CHANGE Entity=[entityName=UNKNOWN ENTITY [cardType=INVALID] id=63 zone=DECK zonePos=0 cardId= player=2] tag=NUM_TURNS_IN_HAND value=1 
D 15:28:12.7066349 PowerTaskList.DebugPrintPower() -     TAG_CHANGE Entity=[entityName=UNKNOWN ENTITY [cardType=INVALID] id=63 zone=DECK zonePos=0 cardId= player=2] tag=ZONE_POSITION value=2 
D 15:28:12.7066349 PowerTaskList.DebugPrintPower() -     TAG_CHANGE Entity=[entityName=UNKNOWN ENTITY [cardType=INVALID] id=63 zone=DECK zonePos=0 cardId= player=2] tag=ZONE_POSITION value=0 
D 15:28:12.7066349 PowerTaskList.DebugPrintPower() -     TAG_CHANGE Entity=[entityName=UNKNOWN ENTITY [cardType=INVALID] id=63 zone=DECK zonePos=0 cardId= player=2] tag=ZONE_POSITION value=2 
D 15:28:12.7066349 PowerTaskList.DebugPrintPower() -     TAG_CHANGE Entity=湫然#51704 tag=2166 value=70 
D 15:28:12.7066349 PowerTaskList.DebugPrintPower() -     TAG_CHANGE Entity=湫然#51704 tag=467 value=1 
D 15:28:12.7066349 PowerTaskList.DebugPrintPower() -     SHOW_ENTITY - Updating Entity=[entityName=UNKNOWN ENTITY [cardType=INVALID] id=70 zone=DECK zonePos=0 cardId= player=2] CardID=TTN_754
D 15:28:12.7066349 PowerTaskList.DebugPrintPower() -         tag=CONTROLLER value=2
D 15:28:12.7066349 PowerTaskList.DebugPrintPower() -         tag=CARDTYPE value=MINION
D 15:28:12.7066349 PowerTaskList.DebugPrintPower() -         tag=TAG_LAST_KNOWN_COST_IN_HAND value=3
D 15:28:12.7066349 PowerTaskList.DebugPrintPower() -         tag=479 value=2
D 15:28:12.7066349 PowerTaskList.DebugPrintPower() -         tag=COST value=3
D 15:28:12.7066349 PowerTaskList.DebugPrintPower() -         tag=ATK value=2
D 15:28:12.7066349 PowerTaskList.DebugPrintPower() -         tag=HEALTH value=5
D 15:28:12.7066349 PowerTaskList.DebugPrintPower() -         tag=ZONE value=HAND
D 15:28:12.7066349 PowerTaskList.DebugPrintPower() -         tag=ENTITY_ID value=70
D 15:28:12.7066349 PowerTaskList.DebugPrintPower() -         tag=CLASS value=NEUTRAL
D 15:28:12.7066349 PowerTaskList.DebugPrintPower() -         tag=CARDRACE value=BEAST
D 15:28:12.7066349 PowerTaskList.DebugPrintPower() -         tag=RARITY value=COMMON
D 15:28:12.7066349 PowerTaskList.DebugPrintPower() -         tag=DEATHRATTLE value=1
D 15:28:12.7066349 PowerTaskList.DebugPrintPower() -         tag=BATTLECRY value=1
D 15:28:12.7066349 PowerTaskList.DebugPrintPower() -         tag=CREATOR value=0
D 15:28:12.7066349 PowerTaskList.DebugPrintPower() -         tag=478 value=2
D 15:28:12.7066349 PowerTaskList.DebugPrintPower() -         tag=1043 value=1
D 15:28:12.7066349 PowerTaskList.DebugPrintPower() -         tag=1068 value=0
D 15:28:12.7066349 PowerTaskList.DebugPrintPower() -         tag=SPAWN_TIME_COUNT value=1
D 15:28:12.7066349 PowerTaskList.DebugPrintPower() -         tag=HAS_SIGNATURE_QUALITY value=1
D 15:28:12.7066349 PowerTaskList.DebugPrintPower() -         tag=HAS_ACTIVATE_POWER value=1
D 15:28:12.7066349 PowerTaskList.DebugPrintPower() -         tag=3085 value=5
D 15:28:12.7066349 PowerTaskList.DebugPrintPower() -         tag=4472 value=2
D 15:28:12.7066349 PowerTaskList.DebugPrintPower() -         tag=4901 value=0
D 15:28:12.7066349 PowerTaskList.DebugPrintPower() -     TAG_CHANGE Entity=[entityName=UNKNOWN ENTITY [cardType=INVALID] id=70 zone=DECK zonePos=0 cardId= player=2] tag=NUM_TURNS_IN_HAND value=1 
D 15:28:12.7066349 PowerTaskList.DebugPrintPower() -     TAG_CHANGE Entity=[entityName=UNKNOWN ENTITY [cardType=INVALID] id=70 zone=DECK zonePos=0 cardId= player=2] tag=ZONE_POSITION value=3 
D 15:28:12.7066349 PowerTaskList.DebugPrintPower() -     TAG_CHANGE Entity=[entityName=UNKNOWN ENTITY [cardType=INVALID] id=70 zone=DECK zonePos=0 cardId= player=2] tag=ZONE_POSITION value=0 
D 15:28:12.7066349 PowerTaskList.DebugPrintPower() -     TAG_CHANGE Entity=[entityName=UNKNOWN ENTITY [cardType=INVALID] id=70 zone=DECK zonePos=0 cardId= player=2] tag=ZONE_POSITION value=3 
D 15:28:12.7066349 PowerTaskList.DebugPrintPower() -     TAG_CHANGE Entity=湫然#51704 tag=467 value=0 
D 15:28:12.7066349 PowerTaskList.DebugPrintPower() -     TAG_CHANGE Entity=湫然#51704 tag=NUM_TURNS_LEFT value=1 
D 15:28:12.7066349 PowerTaskList.DebugPrintPower() -     TAG_CHANGE Entity=祥瑞御免雪亲王#51915 tag=TIMEOUT value=45 
D 15:28:12.7066349 PowerTaskList.DebugPrintPower() -     TAG_CHANGE Entity=湫然#51704 tag=TIMEOUT value=45 
D 15:28:12.7066349 PowerTaskList.DebugPrintPower() -     TAG_CHANGE Entity=GameEntity tag=10 value=85 
D 15:28:12.7066349 PowerTaskList.DebugPrintPower() -     TAG_CHANGE Entity=GameEntity tag=NEXT_STEP value=BEGIN_MULLIGAN 
D 15:28:12.7066349 PowerTaskList.DebugPrintPower() - BLOCK_END
D 15:28:12.7066349 PowerProcessor.PrepareHistoryForCurrentTaskList() - m_currentTaskList=2
D 15:28:12.9025031 PowerProcessor.EndCurrentTaskList() - m_currentTaskList=2
D 15:28:12.9067848 PowerTaskList.DebugDump() - ID=3 ParentID=0 PreviousID=0 TaskCount=1
D 15:28:12.9067848 PowerTaskList.DebugDump() - Block Start=(null)
D 15:28:12.9067848 PowerTaskList.DebugPrintPower() -     TAG_CHANGE Entity=GameEntity tag=STEP value=BEGIN_MULLIGAN 
D 15:28:12.9067848 PowerTaskList.DebugDump() - Block End=(null)
D 15:28:12.9067848 PowerProcessor.PrepareHistoryForCurrentTaskList() - m_currentTaskList=3
D 15:28:12.9067848 PowerProcessor.EndCurrentTaskList() - m_currentTaskList=3
D 15:28:12.9067848 PowerTaskList.DebugDump() - ID=4 ParentID=3 PreviousID=0 TaskCount=1
D 15:28:12.9067848 PowerTaskList.DebugPrintPower() - BLOCK_START BlockType=TRIGGER Entity=GameEntity EffectCardId=System.Collections.Generic.List`1[System.String] EffectIndex=-1 Target=0 SubOption=-1 TriggerKeyword=TAG_NOT_SET
D 15:28:12.9067848 PowerTaskList.DebugPrintPower() -     TAG_CHANGE Entity=祥瑞御免雪亲王#51915 tag=MULLIGAN_STATE value=INPUT 
D 15:28:12.9067848 PowerTaskList.DebugDump() - Block End=(null)
D 15:28:12.9067848 PowerProcessor.PrepareHistoryForCurrentTaskList() - m_currentTaskList=4
D 15:28:12.9067848 PowerProcessor.EndCurrentTaskList() - m_currentTaskList=4
D 15:28:12.9067848 PowerTaskList.DebugDump() - ID=5 ParentID=0 PreviousID=4 TaskCount=1
D 15:28:12.9067848 PowerTaskList.DebugDump() - Block Start=(null)
D 15:28:12.9067848 PowerTaskList.DebugPrintPower() -     TAG_CHANGE Entity=湫然#51704 tag=MULLIGAN_STATE value=INPUT 
D 15:28:12.9067848 PowerTaskList.DebugDump() - Block End=(null)
D 15:28:12.9067848 PowerProcessor.PrepareHistoryForCurrentTaskList() - m_currentTaskList=5
D 15:28:12.9067848 PowerProcessor.EndCurrentTaskList() - m_currentTaskList=5
D 15:28:31.6031785 GameState.SendChoices() - id=2 ChoiceType=MULLIGAN
D 15:28:31.8727287 GameState.DebugPrintEntitiesChosen() - id=2 Player=湫然#51704 EntitiesCount=0
D 15:28:31.9566637 GameState.DebugPrintPowerList() - Count=40
D 15:28:31.9566637 GameState.DebugPrintPower() - BLOCK_END
D 15:28:31.9566637 GameState.DebugPrintPower() - TAG_CHANGE Entity=湫然#51704 tag=MULLIGAN_STATE value=DEALING 
D 15:28:31.9566637 GameState.DebugPrintPower() - BLOCK_START BlockType=TRIGGER Entity=湫然#51704 EffectCardId=System.Collections.Generic.List`1[System.String] EffectIndex=-1 Target=0 SubOption=-1 TriggerKeyword=TAG_NOT_SET
D 15:28:31.9566637 GameState.DebugPrintPower() -     SHOW_ENTITY - Updating Entity=[entityName=UNKNOWN ENTITY [cardType=INVALID] id=58 zone=DECK zonePos=0 cardId= player=2] CardID=TOY_883
D 15:28:31.9566637 GameState.DebugPrintPower() -         tag=CONTROLLER value=2
D 15:28:31.9566637 GameState.DebugPrintPower() -         tag=CARDTYPE value=SPELL
D 15:28:31.9566637 GameState.DebugPrintPower() -         tag=TAG_LAST_KNOWN_COST_IN_HAND value=10
D 15:28:31.9566637 GameState.DebugPrintPower() -         tag=COST value=10
D 15:28:31.9566637 GameState.DebugPrintPower() -         tag=ZONE value=HAND
D 15:28:31.9566637 GameState.DebugPrintPower() -         tag=ENTITY_ID value=58
D 15:28:31.9566637 GameState.DebugPrintPower() -         tag=CLASS value=WARLOCK
D 15:28:31.9566637 GameState.DebugPrintPower() -         tag=RARITY value=COMMON
D 15:28:31.9566637 GameState.DebugPrintPower() -         tag=CREATOR value=0
D 15:28:31.9566637 GameState.DebugPrintPower() -         tag=478 value=2
D 15:28:31.9566637 GameState.DebugPrintPower() -         tag=1037 value=2
D 15:28:31.9566637 GameState.DebugPrintPower() -         tag=1043 value=1
D 15:28:31.9566637 GameState.DebugPrintPower() -         tag=1068 value=0
D 15:28:31.9566637 GameState.DebugPrintPower() -         tag=SPAWN_TIME_COUNT value=1
D 15:28:31.9566637 GameState.DebugPrintPower() -         tag=SPELL_SCHOOL value=6
D 15:28:31.9566637 GameState.DebugPrintPower() -         tag=4901 value=0
D 15:28:31.9566637 GameState.DebugPrintPower() -     TAG_CHANGE Entity=[entityName=UNKNOWN ENTITY [cardType=INVALID] id=58 zone=DECK zonePos=0 cardId= player=2] tag=NUM_TURNS_IN_HAND value=1 
D 15:28:31.9566637 GameState.DebugPrintPower() -     TAG_CHANGE Entity=[entityName=UNKNOWN ENTITY [cardType=INVALID] id=58 zone=DECK zonePos=0 cardId= player=2] tag=ZONE_POSITION value=1 
D 15:28:31.9566637 GameState.DebugPrintPower() -     TAG_CHANGE Entity=[entityName=滑坡 id=54 zone=HAND zonePos=1 cardId=VAC_513 player=2] tag=1068 value=2 
D 15:28:31.9566637 GameState.DebugPrintPower() -     TAG_CHANGE Entity=[entityName=滑坡 id=54 zone=HAND zonePos=1 cardId=VAC_513 player=2] tag=1068 value=0 
D 15:28:31.9566637 GameState.DebugPrintPower() -     TAG_CHANGE Entity=[entityName=滑坡 id=54 zone=HAND zonePos=1 cardId=VAC_513 player=2] tag=1037 value=2 
D 15:28:31.9566637 GameState.DebugPrintPower() -     TAG_CHANGE Entity=[entityName=滑坡 id=54 zone=HAND zonePos=1 cardId=VAC_513 player=2] tag=ZONE_POSITION value=0 
D 15:28:31.9566637 GameState.DebugPrintPower() -     TAG_CHANGE Entity=[entityName=滑坡 id=54 zone=HAND zonePos=1 cardId=VAC_513 player=2] tag=1043 value=0 
D 15:28:31.9566637 GameState.DebugPrintPower() -     HIDE_ENTITY - Entity=[entityName=滑坡 id=54 zone=HAND zonePos=1 cardId=VAC_513 player=2] tag=ZONE value=DECK
D 15:28:31.9566637 GameState.DebugPrintPower() -     TAG_CHANGE Entity=[entityName=滑坡 id=54 zone=HAND zonePos=1 cardId=VAC_513 player=2] tag=ZONE value=DECK 
D 15:28:31.9566637 GameState.DebugPrintPower() -     SHOW_ENTITY - Updating Entity=[entityName=UNKNOWN ENTITY [cardType=INVALID] id=75 zone=DECK zonePos=0 cardId= player=2] CardID=TTN_463
D 15:28:31.9566637 GameState.DebugPrintPower() -         tag=CONTROLLER value=2
D 15:28:31.9566637 GameState.DebugPrintPower() -         tag=CARDTYPE value=SPELL
D 15:28:31.9566637 GameState.DebugPrintPower() -         tag=TAG_LAST_KNOWN_COST_IN_HAND value=4
D 15:28:31.9566637 GameState.DebugPrintPower() -         tag=COST value=4
D 15:28:31.9566637 GameState.DebugPrintPower() -         tag=ZONE value=HAND
D 15:28:31.9566637 GameState.DebugPrintPower() -         tag=ENTITY_ID value=75
D 15:28:31.9566637 GameState.DebugPrintPower() -         tag=CLASS value=WARLOCK
D 15:28:31.9566637 GameState.DebugPrintPower() -         tag=RARITY value=COMMON
D 15:28:31.9566637 GameState.DebugPrintPower() -         tag=CREATOR value=0
D 15:28:31.9566637 GameState.DebugPrintPower() -         tag=AFFECTED_BY_SPELL_POWER value=1
D 15:28:31.9566637 GameState.DebugPrintPower() -         tag=478 value=2
D 15:28:31.9566637 GameState.DebugPrintPower() -         tag=1037 value=2
D 15:28:31.9566637 GameState.DebugPrintPower() -         tag=1043 value=1
D 15:28:31.9566637 GameState.DebugPrintPower() -         tag=1068 value=0
D 15:28:31.9566637 GameState.DebugPrintPower() -         tag=SPAWN_TIME_COUNT value=1
D 15:28:31.9566637 GameState.DebugPrintPower() -         tag=4901 value=0
D 15:28:31.9566637 GameState.DebugPrintPower() -     TAG_CHANGE Entity=[entityName=UNKNOWN ENTITY [cardType=INVALID] id=75 zone=DECK zonePos=0 cardId= player=2] tag=NUM_TURNS_IN_HAND value=1 
D 15:28:31.9566637 GameState.DebugPrintPower() -     TAG_CHANGE Entity=[entityName=UNKNOWN ENTITY [cardType=INVALID] id=75 zone=DECK zonePos=0 cardId= player=2] tag=ZONE_POSITION value=2 
D 15:28:31.9566637 GameState.DebugPrintPower() -     TAG_CHANGE Entity=[entityName=回荡混响 id=63 zone=HAND zonePos=2 cardId=JAM_031 player=2] tag=1068 value=2 
D 15:28:31.9566637 GameState.DebugPrintPower() -     TAG_CHANGE Entity=[entityName=回荡混响 id=63 zone=HAND zonePos=2 cardId=JAM_031 player=2] tag=1068 value=0 
D 15:28:31.9566637 GameState.DebugPrintPower() -     TAG_CHANGE Entity=[entityName=回荡混响 id=63 zone=HAND zonePos=2 cardId=JAM_031 player=2] tag=1037 value=2 
D 15:28:31.9566637 GameState.DebugPrintPower() -     TAG_CHANGE Entity=[entityName=回荡混响 id=63 zone=HAND zonePos=2 cardId=JAM_031 player=2] tag=ZONE_POSITION value=0 
D 15:28:31.9566637 GameState.DebugPrintPower() -     TAG_CHANGE Entity=[entityName=回荡混响 id=63 zone=HAND zonePos=2 cardId=JAM_031 player=2] tag=1043 value=0 
D 15:28:31.9566637 GameState.DebugPrintPower() -     HIDE_ENTITY - Entity=[entityName=回荡混响 id=63 zone=HAND zonePos=2 cardId=JAM_031 player=2] tag=ZONE value=DECK
D 15:28:31.9566637 GameState.DebugPrintPower() -     TAG_CHANGE Entity=[entityName=回荡混响 id=63 zone=HAND zonePos=2 cardId=JAM_031 player=2] tag=ZONE value=DECK 
D 15:28:31.9566637 GameState.DebugPrintPower() -     SHOW_ENTITY - Updating Entity=[entityName=UNKNOWN ENTITY [cardType=INVALID] id=60 zone=DECK zonePos=0 cardId= player=2] CardID=DEEP_032
D 15:28:31.9566637 GameState.DebugPrintPower() -         tag=CONTROLLER value=2
D 15:28:31.9566637 GameState.DebugPrintPower() -         tag=CARDTYPE value=SPELL
D 15:28:31.9566637 GameState.DebugPrintPower() -         tag=TAG_LAST_KNOWN_COST_IN_HAND value=1
D 15:28:31.9566637 GameState.DebugPrintPower() -         tag=COST value=1
D 15:28:31.9566637 GameState.DebugPrintPower() -         tag=ZONE value=HAND
D 15:28:31.9566637 GameState.DebugPrintPower() -         tag=ENTITY_ID value=60
D 15:28:31.9566637 GameState.DebugPrintPower() -         tag=CLASS value=WARLOCK
D 15:28:31.9566637 GameState.DebugPrintPower() -         tag=RARITY value=RARE
D 15:28:31.9566637 GameState.DebugPrintPower() -         tag=FREEZE value=1
D 15:28:31.9566637 GameState.DebugPrintPower() -         tag=CREATOR value=0
D 15:28:31.9566637 GameState.DebugPrintPower() -         tag=MULTIPLE_CLASSES value=264
D 15:28:31.9566637 GameState.DebugPrintPower() -         tag=478 value=2
D 15:28:31.9566637 GameState.DebugPrintPower() -         tag=1037 value=2
D 15:28:31.9566637 GameState.DebugPrintPower() -         tag=1043 value=1
D 15:28:31.9566637 GameState.DebugPrintPower() -         tag=1068 value=0
D 15:28:31.9566637 GameState.DebugPrintPower() -         tag=SPAWN_TIME_COUNT value=1
D 15:28:31.9566637 GameState.DebugPrintPower() -         tag=SPELL_SCHOOL value=3
D 15:28:31.9566637 GameState.DebugPrintPower() -         tag=MINI_SET value=1
D 15:28:31.9566637 GameState.DebugPrintPower() -         tag=4901 value=0
D 15:28:31.9566637 GameState.DebugPrintPower() -     TAG_CHANGE Entity=[entityName=UNKNOWN ENTITY [cardType=INVALID] id=60 zone=DECK zonePos=0 cardId= player=2] tag=NUM_TURNS_IN_HAND value=1 
D 15:28:31.9566637 GameState.DebugPrintPower() -     TAG_CHANGE Entity=[entityName=UNKNOWN ENTITY [cardType=INVALID] id=60 zone=DECK zonePos=0 cardId= player=2] tag=ZONE_POSITION value=3 
D 15:28:31.9566637 GameState.DebugPrintPower() -     TAG_CHANGE Entity=[entityName=饥饿的海怪 id=70 zone=HAND zonePos=3 cardId=TTN_754 player=2] tag=1068 value=2 
D 15:28:31.9566637 GameState.DebugPrintPower() -     TAG_CHANGE Entity=[entityName=饥饿的海怪 id=70 zone=HAND zonePos=3 cardId=TTN_754 player=2] tag=1068 value=0 
D 15:28:31.9566637 GameState.DebugPrintPower() -     TAG_CHANGE Entity=[entityName=饥饿的海怪 id=70 zone=HAND zonePos=3 cardId=TTN_754 player=2] tag=1037 value=2 
D 15:28:31.9566637 GameState.DebugPrintPower() -     TAG_CHANGE Entity=[entityName=饥饿的海怪 id=70 zone=HAND zonePos=3 cardId=TTN_754 player=2] tag=ZONE_POSITION value=0 
D 15:28:31.9566637 GameState.DebugPrintPower() -     TAG_CHANGE Entity=[entityName=饥饿的海怪 id=70 zone=HAND zonePos=3 cardId=TTN_754 player=2] tag=1043 value=0 
D 15:28:31.9566637 GameState.DebugPrintPower() -     HIDE_ENTITY - Entity=[entityName=饥饿的海怪 id=70 zone=HAND zonePos=3 cardId=TTN_754 player=2] tag=ZONE value=DECK
D 15:28:31.9566637 GameState.DebugPrintPower() -     TAG_CHANGE Entity=[entityName=饥饿的海怪 id=70 zone=HAND zonePos=3 cardId=TTN_754 player=2] tag=ZONE value=DECK 
D 15:28:31.9566637 GameState.DebugPrintPower() -     TAG_CHANGE Entity=湫然#51704 tag=MULLIGAN_STATE value=WAITING 
D 15:28:31.9566637 GameState.DebugPrintPower() - BLOCK_END
D 15:28:31.9566637 GameState.DebugPrintPower() - TAG_CHANGE Entity=[entityName=UNKNOWN ENTITY [cardType=INVALID] id=58 zone=DECK zonePos=0 cardId= player=2] tag=TAG_LAST_KNOWN_COST_IN_HAND value=8 
D 15:28:31.9566637 GameState.DebugPrintPower() - TAG_CHANGE Entity=[entityName=UNKNOWN ENTITY [cardType=INVALID] id=58 zone=DECK zonePos=0 cardId= player=2] tag=COST value=8 
D 15:28:31.9566637 GameState.DebugPrintPower() - BLOCK_START BlockType=TRIGGER Entity=湫然#51704 EffectCardId=System.Collections.Generic.List`1[System.String] EffectIndex=-1 Target=0 SubOption=-1 TriggerKeyword=TAG_NOT_SET
D 15:28:31.9566637 GameState.DebugPrintPower() -     TAG_CHANGE Entity=湫然#51704 tag=MULLIGAN_STATE value=DONE 
D 15:28:31.9566637 GameState.DebugPrintPower() - BLOCK_END
D 15:28:31.9566637 PowerTaskList.DebugDump() - ID=6 ParentID=0 PreviousID=5 TaskCount=0
D 15:28:31.9566637 PowerTaskList.DebugDump() - Block Start=(null)
D 15:28:31.9566637 PowerTaskList.DebugPrintPower() - BLOCK_END
D 15:28:31.9566637 PowerProcessor.PrepareHistoryForCurrentTaskList() - m_currentTaskList=6
D 15:28:31.9566637 PowerProcessor.EndCurrentTaskList() - m_currentTaskList=6
D 15:28:31.9566637 PowerTaskList.DebugDump() - ID=7 ParentID=0 PreviousID=0 TaskCount=1
D 15:28:31.9566637 PowerTaskList.DebugDump() - Block Start=(null)
D 15:28:31.9566637 PowerTaskList.DebugPrintPower() -     TAG_CHANGE Entity=湫然#51704 tag=MULLIGAN_STATE value=DEALING 
D 15:28:31.9566637 PowerTaskList.DebugDump() - Block End=(null)
D 15:28:31.9566637 PowerProcessor.PrepareHistoryForCurrentTaskList() - m_currentTaskList=7
D 15:28:31.9566637 PowerProcessor.EndCurrentTaskList() - m_currentTaskList=7
D 15:28:31.9566637 PowerTaskList.DebugDump() - ID=8 ParentID=0 PreviousID=0 TaskCount=31
D 15:28:31.9566637 PowerTaskList.DebugPrintPower() - BLOCK_START BlockType=TRIGGER Entity=湫然#51704 EffectCardId=System.Collections.Generic.List`1[System.String] EffectIndex=-1 Target=0 SubOption=-1 TriggerKeyword=TAG_NOT_SET
D 15:28:31.9566637 PowerTaskList.DebugPrintPower() -     SHOW_ENTITY - Updating Entity=[entityName=UNKNOWN ENTITY [cardType=INVALID] id=58 zone=DECK zonePos=0 cardId= player=2] CardID=TOY_883
D 15:28:31.9566637 PowerTaskList.DebugPrintPower() -         tag=CONTROLLER value=2
D 15:28:31.9566637 PowerTaskList.DebugPrintPower() -         tag=CARDTYPE value=SPELL
D 15:28:31.9566637 PowerTaskList.DebugPrintPower() -         tag=TAG_LAST_KNOWN_COST_IN_HAND value=10
D 15:28:31.9566637 PowerTaskList.DebugPrintPower() -         tag=COST value=10
D 15:28:31.9566637 PowerTaskList.DebugPrintPower() -         tag=ZONE value=HAND
D 15:28:31.9566637 PowerTaskList.DebugPrintPower() -         tag=ENTITY_ID value=58
D 15:28:31.9566637 PowerTaskList.DebugPrintPower() -         tag=CLASS value=WARLOCK
D 15:28:31.9566637 PowerTaskList.DebugPrintPower() -         tag=RARITY value=COMMON
D 15:28:31.9566637 PowerTaskList.DebugPrintPower() -         tag=CREATOR value=0
D 15:28:31.9566637 PowerTaskList.DebugPrintPower() -         tag=478 value=2
D 15:28:31.9566637 PowerTaskList.DebugPrintPower() -         tag=1037 value=2
D 15:28:31.9566637 PowerTaskList.DebugPrintPower() -         tag=1043 value=1
D 15:28:31.9566637 PowerTaskList.DebugPrintPower() -         tag=1068 value=0
D 15:28:31.9566637 PowerTaskList.DebugPrintPower() -         tag=SPAWN_TIME_COUNT value=1
D 15:28:31.9566637 PowerTaskList.DebugPrintPower() -         tag=SPELL_SCHOOL value=6
D 15:28:31.9566637 PowerTaskList.DebugPrintPower() -         tag=4901 value=0
D 15:28:31.9566637 PowerTaskList.DebugPrintPower() -     TAG_CHANGE Entity=[entityName=UNKNOWN ENTITY [cardType=INVALID] id=58 zone=DECK zonePos=0 cardId= player=2] tag=NUM_TURNS_IN_HAND value=1 
D 15:28:31.9566637 PowerTaskList.DebugPrintPower() -     TAG_CHANGE Entity=[entityName=UNKNOWN ENTITY [cardType=INVALID] id=58 zone=DECK zonePos=0 cardId= player=2] tag=ZONE_POSITION value=1 
D 15:28:31.9566637 PowerTaskList.DebugPrintPower() -     TAG_CHANGE Entity=[entityName=滑坡 id=54 zone=HAND zonePos=1 cardId=VAC_513 player=2] tag=1068 value=2 
D 15:28:31.9566637 PowerTaskList.DebugPrintPower() -     TAG_CHANGE Entity=[entityName=滑坡 id=54 zone=HAND zonePos=1 cardId=VAC_513 player=2] tag=1068 value=0 
D 15:28:31.9566637 PowerTaskList.DebugPrintPower() -     TAG_CHANGE Entity=[entityName=滑坡 id=54 zone=HAND zonePos=1 cardId=VAC_513 player=2] tag=1037 value=2 
D 15:28:31.9566637 PowerTaskList.DebugPrintPower() -     TAG_CHANGE Entity=[entityName=滑坡 id=54 zone=HAND zonePos=1 cardId=VAC_513 player=2] tag=ZONE_POSITION value=0 
D 15:28:31.9566637 PowerTaskList.DebugPrintPower() -     TAG_CHANGE Entity=[entityName=滑坡 id=54 zone=HAND zonePos=1 cardId=VAC_513 player=2] tag=1043 value=0 
D 15:28:31.9566637 PowerTaskList.DebugPrintPower() -     HIDE_ENTITY - Entity=[entityName=滑坡 id=54 zone=HAND zonePos=1 cardId=VAC_513 player=2] tag=ZONE value=DECK
D 15:28:31.9566637 PowerTaskList.DebugPrintPower() -     TAG_CHANGE Entity=[entityName=滑坡 id=54 zone=HAND zonePos=1 cardId=VAC_513 player=2] tag=ZONE value=DECK 
D 15:28:31.9566637 PowerTaskList.DebugPrintPower() -     SHOW_ENTITY - Updating Entity=[entityName=UNKNOWN ENTITY [cardType=INVALID] id=75 zone=DECK zonePos=0 cardId= player=2] CardID=TTN_463
D 15:28:31.9566637 PowerTaskList.DebugPrintPower() -         tag=CONTROLLER value=2
D 15:28:31.9566637 PowerTaskList.DebugPrintPower() -         tag=CARDTYPE value=SPELL
D 15:28:31.9566637 PowerTaskList.DebugPrintPower() -         tag=TAG_LAST_KNOWN_COST_IN_HAND value=4
D 15:28:31.9566637 PowerTaskList.DebugPrintPower() -         tag=COST value=4
D 15:28:31.9566637 PowerTaskList.DebugPrintPower() -         tag=ZONE value=HAND
D 15:28:31.9566637 PowerTaskList.DebugPrintPower() -         tag=ENTITY_ID value=75
D 15:28:31.9566637 PowerTaskList.DebugPrintPower() -         tag=CLASS value=WARLOCK
D 15:28:31.9566637 PowerTaskList.DebugPrintPower() -         tag=RARITY value=COMMON
D 15:28:31.9566637 PowerTaskList.DebugPrintPower() -         tag=CREATOR value=0
D 15:28:31.9566637 PowerTaskList.DebugPrintPower() -         tag=AFFECTED_BY_SPELL_POWER value=1
D 15:28:31.9566637 PowerTaskList.DebugPrintPower() -         tag=478 value=2
D 15:28:31.9566637 PowerTaskList.DebugPrintPower() -         tag=1037 value=2
D 15:28:31.9566637 PowerTaskList.DebugPrintPower() -         tag=1043 value=1
D 15:28:31.9566637 PowerTaskList.DebugPrintPower() -         tag=1068 value=0
D 15:28:31.9566637 PowerTaskList.DebugPrintPower() -         tag=SPAWN_TIME_COUNT value=1
D 15:28:31.9566637 PowerTaskList.DebugPrintPower() -         tag=4901 value=0
D 15:28:31.9566637 PowerTaskList.DebugPrintPower() -     TAG_CHANGE Entity=[entityName=UNKNOWN ENTITY [cardType=INVALID] id=75 zone=DECK zonePos=0 cardId= player=2] tag=NUM_TURNS_IN_HAND value=1 
D 15:28:31.9566637 PowerTaskList.DebugPrintPower() -     TAG_CHANGE Entity=[entityName=UNKNOWN ENTITY [cardType=INVALID] id=75 zone=DECK zonePos=0 cardId= player=2] tag=ZONE_POSITION value=2 
D 15:28:31.9566637 PowerTaskList.DebugPrintPower() -     TAG_CHANGE Entity=[entityName=回荡混响 id=63 zone=HAND zonePos=2 cardId=JAM_031 player=2] tag=1068 value=2 
D 15:28:31.9566637 PowerTaskList.DebugPrintPower() -     TAG_CHANGE Entity=[entityName=回荡混响 id=63 zone=HAND zonePos=2 cardId=JAM_031 player=2] tag=1068 value=0 
D 15:28:31.9566637 PowerTaskList.DebugPrintPower() -     TAG_CHANGE Entity=[entityName=回荡混响 id=63 zone=HAND zonePos=2 cardId=JAM_031 player=2] tag=1037 value=2 
D 15:28:31.9566637 PowerTaskList.DebugPrintPower() -     TAG_CHANGE Entity=[entityName=回荡混响 id=63 zone=HAND zonePos=2 cardId=JAM_031 player=2] tag=ZONE_POSITION value=0 
D 15:28:31.9566637 PowerTaskList.DebugPrintPower() -     TAG_CHANGE Entity=[entityName=回荡混响 id=63 zone=HAND zonePos=2 cardId=JAM_031 player=2] tag=1043 value=0 
D 15:28:31.9566637 PowerTaskList.DebugPrintPower() -     HIDE_ENTITY - Entity=[entityName=回荡混响 id=63 zone=HAND zonePos=2 cardId=JAM_031 player=2] tag=ZONE value=DECK
D 15:28:31.9566637 PowerTaskList.DebugPrintPower() -     TAG_CHANGE Entity=[entityName=回荡混响 id=63 zone=HAND zonePos=2 cardId=JAM_031 player=2] tag=ZONE value=DECK 
D 15:28:31.9566637 PowerTaskList.DebugPrintPower() -     SHOW_ENTITY - Updating Entity=[entityName=UNKNOWN ENTITY [cardType=INVALID] id=60 zone=DECK zonePos=0 cardId= player=2] CardID=DEEP_032
D 15:28:31.9566637 PowerTaskList.DebugPrintPower() -         tag=CONTROLLER value=2
D 15:28:31.9566637 PowerTaskList.DebugPrintPower() -         tag=CARDTYPE value=SPELL
D 15:28:31.9566637 PowerTaskList.DebugPrintPower() -         tag=TAG_LAST_KNOWN_COST_IN_HAND value=1
D 15:28:31.9566637 PowerTaskList.DebugPrintPower() -         tag=COST value=1
D 15:28:31.9566637 PowerTaskList.DebugPrintPower() -         tag=ZONE value=HAND
D 15:28:31.9566637 PowerTaskList.DebugPrintPower() -         tag=ENTITY_ID value=60
D 15:28:31.9566637 PowerTaskList.DebugPrintPower() -         tag=CLASS value=WARLOCK
D 15:28:31.9566637 PowerTaskList.DebugPrintPower() -         tag=RARITY value=RARE
D 15:28:31.9566637 PowerTaskList.DebugPrintPower() -         tag=FREEZE value=1
D 15:28:31.9566637 PowerTaskList.DebugPrintPower() -         tag=CREATOR value=0
D 15:28:31.9566637 PowerTaskList.DebugPrintPower() -         tag=MULTIPLE_CLASSES value=264
D 15:28:31.9566637 PowerTaskList.DebugPrintPower() -         tag=478 value=2
D 15:28:31.9566637 PowerTaskList.DebugPrintPower() -         tag=1037 value=2
D 15:28:31.9566637 PowerTaskList.DebugPrintPower() -         tag=1043 value=1
D 15:28:31.9566637 PowerTaskList.DebugPrintPower() -         tag=1068 value=0
D 15:28:31.9566637 PowerTaskList.DebugPrintPower() -         tag=SPAWN_TIME_COUNT value=1
D 15:28:31.9566637 PowerTaskList.DebugPrintPower() -         tag=SPELL_SCHOOL value=3
D 15:28:31.9566637 PowerTaskList.DebugPrintPower() -         tag=MINI_SET value=1
D 15:28:31.9566637 PowerTaskList.DebugPrintPower() -         tag=4901 value=0
D 15:28:31.9566637 PowerTaskList.DebugPrintPower() -     TAG_CHANGE Entity=[entityName=UNKNOWN ENTITY [cardType=INVALID] id=60 zone=DECK zonePos=0 cardId= player=2] tag=NUM_TURNS_IN_HAND value=1 
D 15:28:31.9566637 PowerTaskList.DebugPrintPower() -     TAG_CHANGE Entity=[entityName=UNKNOWN ENTITY [cardType=INVALID] id=60 zone=DECK zonePos=0 cardId= player=2] tag=ZONE_POSITION value=3 
D 15:28:31.9566637 PowerTaskList.DebugPrintPower() -     TAG_CHANGE Entity=[entityName=饥饿的海怪 id=70 zone=HAND zonePos=3 cardId=TTN_754 player=2] tag=1068 value=2 
D 15:28:31.9566637 PowerTaskList.DebugPrintPower() -     TAG_CHANGE Entity=[entityName=饥饿的海怪 id=70 zone=HAND zonePos=3 cardId=TTN_754 player=2] tag=1068 value=0 
D 15:28:31.9566637 PowerTaskList.DebugPrintPower() -     TAG_CHANGE Entity=[entityName=饥饿的海怪 id=70 zone=HAND zonePos=3 cardId=TTN_754 player=2] tag=1037 value=2 
D 15:28:31.9566637 PowerTaskList.DebugPrintPower() -     TAG_CHANGE Entity=[entityName=饥饿的海怪 id=70 zone=HAND zonePos=3 cardId=TTN_754 player=2] tag=ZONE_POSITION value=0 
D 15:28:31.9566637 PowerTaskList.DebugPrintPower() -     TAG_CHANGE Entity=[entityName=饥饿的海怪 id=70 zone=HAND zonePos=3 cardId=TTN_754 player=2] tag=1043 value=0 
D 15:28:31.9566637 PowerTaskList.DebugPrintPower() -     HIDE_ENTITY - Entity=[entityName=饥饿的海怪 id=70 zone=HAND zonePos=3 cardId=TTN_754 player=2] tag=ZONE value=DECK
D 15:28:31.9566637 PowerTaskList.DebugPrintPower() -     TAG_CHANGE Entity=[entityName=饥饿的海怪 id=70 zone=HAND zonePos=3 cardId=TTN_754 player=2] tag=ZONE value=DECK 
D 15:28:31.9566637 PowerTaskList.DebugPrintPower() -     TAG_CHANGE Entity=湫然#51704 tag=MULLIGAN_STATE value=WAITING 
D 15:28:31.9566637 PowerTaskList.DebugPrintPower() - BLOCK_END
D 15:28:31.9566637 PowerProcessor.PrepareHistoryForCurrentTaskList() - m_currentTaskList=8
D 15:28:32.0574253 PowerProcessor.EndCurrentTaskList() - m_currentTaskList=8
D 15:28:32.0661162 PowerTaskList.DebugDump() - ID=9 ParentID=0 PreviousID=0 TaskCount=2
D 15:28:32.0661162 PowerTaskList.DebugDump() - Block Start=(null)
D 15:28:32.0661162 PowerTaskList.DebugPrintPower() -     TAG_CHANGE Entity=[entityName=掀桌子 id=58 zone=HAND zonePos=1 cardId=TOY_883 player=2] tag=TAG_LAST_KNOWN_COST_IN_HAND value=8 
D 15:28:32.0661162 PowerTaskList.DebugPrintPower() -     TAG_CHANGE Entity=[entityName=掀桌子 id=58 zone=HAND zonePos=1 cardId=TOY_883 player=2] tag=COST value=8 
D 15:28:32.0661162 PowerTaskList.DebugDump() - Block End=(null)
D 15:28:32.0661162 PowerProcessor.PrepareHistoryForCurrentTaskList() - m_currentTaskList=9
D 15:28:32.0661162 PowerProcessor.EndCurrentTaskList() - m_currentTaskList=9
D 15:28:32.0661162 PowerTaskList.DebugDump() - ID=10 ParentID=0 PreviousID=0 TaskCount=1
D 15:28:32.0661162 PowerTaskList.DebugPrintPower() - BLOCK_START BlockType=TRIGGER Entity=湫然#51704 EffectCardId=System.Collections.Generic.List`1[System.String] EffectIndex=-1 Target=0 SubOption=-1 TriggerKeyword=TAG_NOT_SET
D 15:28:32.0661162 PowerTaskList.DebugPrintPower() -     TAG_CHANGE Entity=湫然#51704 tag=MULLIGAN_STATE value=DONE 
D 15:28:32.0661162 PowerTaskList.DebugPrintPower() - BLOCK_END
D 15:28:32.0661162 PowerProcessor.PrepareHistoryForCurrentTaskList() - m_currentTaskList=10
D 15:28:32.0661162 PowerProcessor.EndCurrentTaskList() - m_currentTaskList=10
D 15:28:33.1757041 GameState.DebugPrintEntitiesChosen() - id=1 Player=祥瑞御免雪亲王#51915 EntitiesCount=0
D 15:28:33.5677556 GameState.DebugPrintPowerList() - Count=86
D 15:28:33.5677556 GameState.DebugPrintPower() - TAG_CHANGE Entity=祥瑞御免雪亲王#51915 tag=MULLIGAN_STATE value=DEALING 
D 15:28:33.5677556 GameState.DebugPrintPower() - BLOCK_START BlockType=TRIGGER Entity=祥瑞御免雪亲王#51915 EffectCardId=System.Collections.Generic.List`1[System.String] EffectIndex=-1 Target=0 SubOption=-1 TriggerKeyword=TAG_NOT_SET
D 15:28:33.5677556 GameState.DebugPrintPower() -     TAG_CHANGE Entity=[entityName=UNKNOWN ENTITY [cardType=INVALID] id=17 zone=DECK zonePos=0 cardId= player=1] tag=ZONE value=HAND 
D 15:28:33.5677556 GameState.DebugPrintPower() -     TAG_CHANGE Entity=[entityName=UNKNOWN ENTITY [cardType=INVALID] id=17 zone=DECK zonePos=0 cardId= player=1] tag=ZONE_POSITION value=1 
D 15:28:33.5677556 GameState.DebugPrintPower() -     TAG_CHANGE Entity=[entityName=UNKNOWN ENTITY [cardType=INVALID] id=9 zone=HAND zonePos=1 cardId= player=1] tag=ZONE_POSITION value=0 
D 15:28:33.5677556 GameState.DebugPrintPower() -     TAG_CHANGE Entity=[entityName=UNKNOWN ENTITY [cardType=INVALID] id=9 zone=HAND zonePos=1 cardId= player=1] tag=ZONE value=DECK 
D 15:28:33.5677556 GameState.DebugPrintPower() -     TAG_CHANGE Entity=[entityName=UNKNOWN ENTITY [cardType=INVALID] id=11 zone=DECK zonePos=0 cardId= player=1] tag=ZONE value=HAND 
D 15:28:33.5677556 GameState.DebugPrintPower() -     TAG_CHANGE Entity=[entityName=UNKNOWN ENTITY [cardType=INVALID] id=11 zone=DECK zonePos=0 cardId= player=1] tag=ZONE_POSITION value=2 
D 15:28:33.5677556 GameState.DebugPrintPower() -     TAG_CHANGE Entity=[entityName=UNKNOWN ENTITY [cardType=INVALID] id=34 zone=HAND zonePos=2 cardId= player=1] tag=ZONE_POSITION value=0 
D 15:28:33.5677556 GameState.DebugPrintPower() -     TAG_CHANGE Entity=[entityName=UNKNOWN ENTITY [cardType=INVALID] id=34 zone=HAND zonePos=2 cardId= player=1] tag=ZONE value=DECK 
D 15:28:33.5677556 GameState.DebugPrintPower() -     TAG_CHANGE Entity=[entityName=UNKNOWN ENTITY [cardType=INVALID] id=28 zone=DECK zonePos=0 cardId= player=1] tag=ZONE value=HAND 
D 15:28:33.5677556 GameState.DebugPrintPower() -     TAG_CHANGE Entity=[entityName=UNKNOWN ENTITY [cardType=INVALID] id=28 zone=DECK zonePos=0 cardId= player=1] tag=ZONE_POSITION value=3 
D 15:28:33.5677556 GameState.DebugPrintPower() -     TAG_CHANGE Entity=[entityName=UNKNOWN ENTITY [cardType=INVALID] id=31 zone=HAND zonePos=3 cardId= player=1] tag=ZONE_POSITION value=0 
D 15:28:33.5677556 GameState.DebugPrintPower() -     TAG_CHANGE Entity=[entityName=UNKNOWN ENTITY [cardType=INVALID] id=31 zone=HAND zonePos=3 cardId= player=1] tag=ZONE value=DECK 
D 15:28:33.5677556 GameState.DebugPrintPower() -     TAG_CHANGE Entity=[entityName=UNKNOWN ENTITY [cardType=INVALID] id=44 zone=DECK zonePos=0 cardId= player=1] tag=ZONE value=HAND 
D 15:28:33.5677556 GameState.DebugPrintPower() -     TAG_CHANGE Entity=[entityName=UNKNOWN ENTITY [cardType=INVALID] id=44 zone=DECK zonePos=0 cardId= player=1] tag=ZONE_POSITION value=4 
D 15:28:33.5677556 GameState.DebugPrintPower() -     TAG_CHANGE Entity=[entityName=UNKNOWN ENTITY [cardType=INVALID] id=23 zone=HAND zonePos=4 cardId= player=1] tag=ZONE_POSITION value=0 
D 15:28:33.5677556 GameState.DebugPrintPower() -     TAG_CHANGE Entity=[entityName=UNKNOWN ENTITY [cardType=INVALID] id=23 zone=HAND zonePos=4 cardId= player=1] tag=ZONE value=DECK 
D 15:28:33.5677556 GameState.DebugPrintPower() -     TAG_CHANGE Entity=祥瑞御免雪亲王#51915 tag=MULLIGAN_STATE value=WAITING 
D 15:28:33.5677556 GameState.DebugPrintPower() - BLOCK_END
D 15:28:33.5677556 GameState.DebugPrintPower() - BLOCK_START BlockType=TRIGGER Entity=祥瑞御免雪亲王#51915 EffectCardId=System.Collections.Generic.List`1[System.String] EffectIndex=-1 Target=0 SubOption=-1 TriggerKeyword=TAG_NOT_SET
D 15:28:33.5677556 GameState.DebugPrintPower() -     TAG_CHANGE Entity=祥瑞御免雪亲王#51915 tag=MULLIGAN_STATE value=DONE 
D 15:28:33.5677556 GameState.DebugPrintPower() -     SHUFFLE_DECK PlayerID=1
D 15:28:33.5677556 GameState.DebugPrintPower() -     SHUFFLE_DECK PlayerID=2
D 15:28:33.5677556 GameState.DebugPrintPower() -     TAG_CHANGE Entity=湫然#51704 tag=TURN value=1 
D 15:28:33.5677556 GameState.DebugPrintPower() -     TAG_CHANGE Entity=GameEntity tag=NEXT_STEP value=MAIN_READY 
D 15:28:33.5677556 GameState.DebugPrintPower() - BLOCK_END
D 15:28:33.5677556 GameState.DebugPrintPower() - BLOCK_START BlockType=TRIGGER Entity=[entityName=UNKNOWN ENTITY [cardType=INVALID] id=32 zone=DECK zonePos=0 cardId= player=1] EffectCardId=System.Collections.Generic.List`1[System.String] EffectIndex=1 Target=0 SubOption=-1 TriggerKeyword=1724
D 15:28:33.5677556 GameState.DebugPrintPower() -     FULL_ENTITY - Creating ID=83 CardID=
D 15:28:33.5677556 GameState.DebugPrintPower() -         tag=ZONE value=SETASIDE
D 15:28:33.5677556 GameState.DebugPrintPower() -         tag=CONTROLLER value=1
D 15:28:33.5677556 GameState.DebugPrintPower() -         tag=ENTITY_ID value=83
D 15:28:33.5677556 GameState.DebugPrintPower() -     SHOW_ENTITY - Updating Entity=83 CardID=VAC_422e
D 15:28:33.5677556 GameState.DebugPrintPower() -         tag=CONTROLLER value=1
D 15:28:33.5677556 GameState.DebugPrintPower() -         tag=CARDTYPE value=ENCHANTMENT
D 15:28:33.5677556 GameState.DebugPrintPower() -         tag=ATTACHED value=2
D 15:28:33.5677556 GameState.DebugPrintPower() -         tag=ZONE value=SETASIDE
D 15:28:33.5677556 GameState.DebugPrintPower() -         tag=ENTITY_ID value=83
D 15:28:33.5677556 GameState.DebugPrintPower() -         tag=CLASS value=NEUTRAL
D 15:28:33.5677556 GameState.DebugPrintPower() -         tag=CREATOR value=32
D 15:28:33.5677556 GameState.DebugPrintPower() -         tag=1037 value=1
D 15:28:33.5677556 GameState.DebugPrintPower() -         tag=1068 value=0
D 15:28:33.5677556 GameState.DebugPrintPower() -         tag=CREATOR_DBID value=105543
D 15:28:33.5677556 GameState.DebugPrintPower() -         tag=SPAWN_TIME_COUNT value=1
D 15:28:33.5677556 GameState.DebugPrintPower() -         tag=4901 value=0
D 15:28:33.5677556 GameState.DebugPrintPower() -     TAG_CHANGE Entity=83 tag=1068 value=1 
D 15:28:33.5677556 GameState.DebugPrintPower() -     TAG_CHANGE Entity=83 tag=1068 value=0 
D 15:28:33.5677556 GameState.DebugPrintPower() -     TAG_CHANGE Entity=83 tag=ZONE value=PLAY 
D 15:28:33.5677556 GameState.DebugPrintPower() -     TAG_CHANGE Entity=祥瑞御免雪亲王#51915 tag=4741 value=1 
D 15:28:33.5677556 GameState.DebugPrintPower() -     TAG_CHANGE Entity=祥瑞御免雪亲王#51915 tag=LAST_AFFECTED_BY value=32 
D 15:28:33.5677556 GameState.DebugPrintPower() -     TAG_CHANGE Entity=83 tag=TAG_SCRIPT_DATA_NUM_1 value=105543 
D 15:28:33.5677556 GameState.DebugPrintPower() -     TAG_CHANGE Entity=83 tag=TAG_SCRIPT_DATA_NUM_2 value=1 
D 15:28:33.5677556 GameState.DebugPrintPower() - BLOCK_END
D 15:28:33.5677556 GameState.DebugPrintPower() - BLOCK_START BlockType=TRIGGER Entity=[entityName=UNKNOWN ENTITY [cardType=INVALID] id=69 zone=DECK zonePos=0 cardId= player=2] EffectCardId=System.Collections.Generic.List`1[System.String] EffectIndex=1 Target=0 SubOption=-1 TriggerKeyword=1724
D 15:28:33.5677556 GameState.DebugPrintPower() -     FULL_ENTITY - Creating ID=84 CardID=
D 15:28:33.5677556 GameState.DebugPrintPower() -         tag=ZONE value=SETASIDE
D 15:28:33.5677556 GameState.DebugPrintPower() -         tag=CONTROLLER value=2
D 15:28:33.5677556 GameState.DebugPrintPower() -         tag=ENTITY_ID value=84
D 15:28:33.5677556 GameState.DebugPrintPower() -     SHOW_ENTITY - Updating Entity=84 CardID=VAC_422e
D 15:28:33.5677556 GameState.DebugPrintPower() -         tag=CONTROLLER value=2
D 15:28:33.5677556 GameState.DebugPrintPower() -         tag=CARDTYPE value=ENCHANTMENT
D 15:28:33.5677556 GameState.DebugPrintPower() -         tag=ATTACHED value=3
D 15:28:33.5677556 GameState.DebugPrintPower() -         tag=ZONE value=SETASIDE
D 15:28:33.5677556 GameState.DebugPrintPower() -         tag=ENTITY_ID value=84
D 15:28:33.5677556 GameState.DebugPrintPower() -         tag=CLASS value=NEUTRAL
D 15:28:33.5677556 GameState.DebugPrintPower() -         tag=CREATOR value=69
D 15:28:33.5677556 GameState.DebugPrintPower() -         tag=1037 value=2
D 15:28:33.5677556 GameState.DebugPrintPower() -         tag=1068 value=0
D 15:28:33.5677556 GameState.DebugPrintPower() -         tag=CREATOR_DBID value=105543
D 15:28:33.5677556 GameState.DebugPrintPower() -         tag=SPAWN_TIME_COUNT value=1
D 15:28:33.5677556 GameState.DebugPrintPower() -         tag=4901 value=0
D 15:28:33.5677556 GameState.DebugPrintPower() -     TAG_CHANGE Entity=84 tag=1068 value=1 
D 15:28:33.5677556 GameState.DebugPrintPower() -     TAG_CHANGE Entity=84 tag=1068 value=0 
D 15:28:33.5677556 GameState.DebugPrintPower() -     TAG_CHANGE Entity=84 tag=ZONE value=PLAY 
D 15:28:33.5677556 GameState.DebugPrintPower() -     TAG_CHANGE Entity=湫然#51704 tag=4741 value=1 
D 15:28:33.5677556 GameState.DebugPrintPower() -     TAG_CHANGE Entity=湫然#51704 tag=LAST_AFFECTED_BY value=69 
D 15:28:33.5677556 GameState.DebugPrintPower() -     TAG_CHANGE Entity=84 tag=TAG_SCRIPT_DATA_NUM_1 value=105543 
D 15:28:33.5677556 GameState.DebugPrintPower() -     TAG_CHANGE Entity=84 tag=TAG_SCRIPT_DATA_NUM_2 value=1 
D 15:28:33.5677556 GameState.DebugPrintPower() - BLOCK_END
D 15:28:33.5677556 GameState.DebugPrintPower() - TAG_CHANGE Entity=GameEntity tag=STEP value=MAIN_READY 
D 15:28:33.5677556 GameState.DebugPrintPower() - BLOCK_START BlockType=TRIGGER Entity=湫然#51704 EffectCardId=System.Collections.Generic.List`1[System.String] EffectIndex=-1 Target=0 SubOption=-1 TriggerKeyword=TAG_NOT_SET
D 15:28:33.5677556 GameState.DebugPrintPower() -     TAG_CHANGE Entity=GameEntity tag=NUM_TURNS_IN_PLAY value=1 
D 15:28:33.5677556 GameState.DebugPrintPower() -     TAG_CHANGE Entity=祥瑞御免雪亲王#51915 tag=NUM_TURNS_IN_PLAY value=1 
D 15:28:33.5677556 GameState.DebugPrintPower() -     TAG_CHANGE Entity=湫然#51704 tag=NUM_TURNS_IN_PLAY value=1 
D 15:28:33.5677556 GameState.DebugPrintPower() -     TAG_CHANGE Entity=[entityName=古尔丹 id=4 zone=PLAY zonePos=0 cardId=HERO_07 player=1] tag=NUM_TURNS_IN_PLAY value=1 
D 15:28:33.5677556 GameState.DebugPrintPower() -     TAG_CHANGE Entity=[entityName=古尔丹 id=6 zone=PLAY zonePos=0 cardId=HERO_07 player=2] tag=NUM_TURNS_IN_PLAY value=1 
D 15:28:33.5677556 GameState.DebugPrintPower() -     TAG_CHANGE Entity=[entityName=生命分流 id=8 zone=PLAY zonePos=0 cardId=HERO_07bp player=1] tag=NUM_TURNS_IN_PLAY value=1 
D 15:28:33.5677556 GameState.DebugPrintPower() -     TAG_CHANGE Entity=[entityName=生命分流 id=45 zone=PLAY zonePos=0 cardId=HERO_07bp player=2] tag=NUM_TURNS_IN_PLAY value=1 
D 15:28:33.5677556 GameState.DebugPrintPower() -     TAG_CHANGE Entity=湫然#51704 tag=RESOURCES value=1 
D 15:28:33.5677556 GameState.DebugPrintPower() -     TAG_CHANGE Entity=GameEntity tag=NEXT_STEP value=MAIN_START_TRIGGERS 
D 15:28:33.5677556 GameState.DebugPrintPower() - BLOCK_END
D 15:28:33.5677556 GameState.DebugPrintPower() - TAG_CHANGE Entity=GameEntity tag=STEP value=MAIN_START_TRIGGERS 
D 15:28:33.5677556 GameState.DebugPrintPower() - BLOCK_START BlockType=TRIGGER Entity=湫然#51704 EffectCardId=System.Collections.Generic.List`1[System.String] EffectIndex=-1 Target=0 SubOption=-1 TriggerKeyword=TAG_NOT_SET
D 15:28:33.5677556 GameState.DebugPrintPower() -     TAG_CHANGE Entity=GameEntity tag=NEXT_STEP value=MAIN_START 
D 15:28:33.5677556 GameState.DebugPrintPower() - BLOCK_END
D 15:28:33.5677556 GameState.DebugPrintPower() - TAG_CHANGE Entity=GameEntity tag=STEP value=MAIN_START 
D 15:28:33.5677556 GameState.DebugPrintPower() - BLOCK_START BlockType=TRIGGER Entity=湫然#51704 EffectCardId=System.Collections.Generic.List`1[System.String] EffectIndex=-1 Target=0 SubOption=-1 TriggerKeyword=TAG_NOT_SET
D 15:28:33.5677556 GameState.DebugPrintPower() -     TAG_CHANGE Entity=湫然#51704 tag=2166 value=67 
D 15:28:33.5677556 GameState.DebugPrintPower() -     TAG_CHANGE Entity=湫然#51704 tag=467 value=1 
D 15:28:33.5677556 GameState.DebugPrintPower() -     SHOW_ENTITY - Updating Entity=[entityName=UNKNOWN ENTITY [cardType=INVALID] id=67 zone=DECK zonePos=0 cardId= player=2] CardID=GDB_145
D 15:28:33.5677556 GameState.DebugPrintPower() -         tag=CONTROLLER value=2
D 15:28:33.5677556 GameState.DebugPrintPower() -         tag=CARDTYPE value=MINION
D 15:28:33.5677556 GameState.DebugPrintPower() -         tag=TAG_LAST_KNOWN_COST_IN_HAND value=7
D 15:28:33.5677556 GameState.DebugPrintPower() -         tag=479 value=7
D 15:28:33.5677556 GameState.DebugPrintPower() -         tag=COST value=7
D 15:28:33.5677556 GameState.DebugPrintPower() -         tag=ATK value=7
D 15:28:33.5677556 GameState.DebugPrintPower() -         tag=HEALTH value=7
D 15:28:33.5677556 GameState.DebugPrintPower() -         tag=ZONE value=HAND
D 15:28:33.5677556 GameState.DebugPrintPower() -         tag=ENTITY_ID value=67
D 15:28:33.5677556 GameState.DebugPrintPower() -         tag=ELITE value=1
D 15:28:33.5677556 GameState.DebugPrintPower() -         tag=CLASS value=NEUTRAL
D 15:28:33.5677556 GameState.DebugPrintPower() -         tag=CARDRACE value=DEMON
D 15:28:33.5677556 GameState.DebugPrintPower() -         tag=RARITY value=LEGENDARY
D 15:28:33.5677556 GameState.DebugPrintPower() -         tag=BATTLECRY value=1
D 15:28:33.5677556 GameState.DebugPrintPower() -         tag=CREATOR value=0
D 15:28:33.5677556 GameState.DebugPrintPower() -         tag=478 value=2
D 15:28:33.5677556 GameState.DebugPrintPower() -         tag=1037 value=2
D 15:28:33.5677556 GameState.DebugPrintPower() -         tag=1043 value=1
D 15:28:33.5677556 GameState.DebugPrintPower() -         tag=1068 value=0
D 15:28:33.5677556 GameState.DebugPrintPower() -         tag=SPAWN_TIME_COUNT value=1
D 15:28:33.5677556 GameState.DebugPrintPower() -         tag=HAS_DIAMOND_QUALITY value=1
D 15:28:33.5677556 GameState.DebugPrintPower() -         tag=HAS_ACTIVATE_POWER value=1
D 15:28:33.5677556 GameState.DebugPrintPower() -         tag=3085 value=7
D 15:28:33.5677556 GameState.DebugPrintPower() -         tag=4128 value=1
D 15:28:33.5677556 GameState.DebugPrintPower() -         tag=4472 value=7
D 15:28:33.5677556 GameState.DebugPrintPower() -         tag=4901 value=0
D 15:28:33.5677556 GameState.DebugPrintPower() -     TAG_CHANGE Entity=[entityName=UNKNOWN ENTITY [cardType=INVALID] id=67 zone=DECK zonePos=0 cardId= player=2] tag=NUM_TURNS_IN_HAND value=1 
D 15:28:33.5677556 GameState.DebugPrintPower() -     TAG_CHANGE Entity=[entityName=UNKNOWN ENTITY [cardType=INVALID] id=67 zone=DECK zonePos=0 cardId= player=2] tag=ZONE_POSITION value=4 
D 15:28:33.5677556 GameState.DebugPrintPower() -     TAG_CHANGE Entity=[entityName=UNKNOWN ENTITY [cardType=INVALID] id=67 zone=DECK zonePos=0 cardId= player=2] tag=ZONE_POSITION value=0 
D 15:28:33.5677556 GameState.DebugPrintPower() -     TAG_CHANGE Entity=[entityName=UNKNOWN ENTITY [cardType=INVALID] id=67 zone=DECK zonePos=0 cardId= player=2] tag=ZONE_POSITION value=4 
D 15:28:33.5677556 GameState.DebugPrintPower() -     TAG_CHANGE Entity=湫然#51704 tag=NUM_CARDS_DRAWN_THIS_TURN value=1 
D 15:28:33.5677556 GameState.DebugPrintPower() -     TAG_CHANGE Entity=湫然#51704 tag=995 value=1 
D 15:28:33.5677556 GameState.DebugPrintPower() -     TAG_CHANGE Entity=[entityName=UNKNOWN ENTITY [cardType=INVALID] id=67 zone=DECK zonePos=0 cardId= player=2] tag=1570 value=1 
D 15:28:33.5677556 GameState.DebugPrintPower() -     TAG_CHANGE Entity=湫然#51704 tag=467 value=0 
D 15:28:33.5677556 GameState.DebugPrintPower() -     TAG_CHANGE Entity=GameEntity tag=NEXT_STEP value=MAIN_ACTION 
D 15:28:33.5677556 GameState.DebugPrintPower() - BLOCK_END
D 15:28:33.5677556 GameState.DebugPrintPower() - TAG_CHANGE Entity=[entityName=掀桌子 id=58 zone=HAND zonePos=1 cardId=TOY_883 player=2] tag=TAG_LAST_KNOWN_COST_IN_HAND value=7 
D 15:28:33.5677556 GameState.DebugPrintPower() - TAG_CHANGE Entity=[entityName=掀桌子 id=58 zone=HAND zonePos=1 cardId=TOY_883 player=2] tag=COST value=7 
D 15:28:33.5677556 GameState.DebugPrintPower() - TAG_CHANGE Entity=GameEntity tag=STEP value=MAIN_ACTION 
D 15:28:33.5677556 GameState.DebugPrintPower() - BLOCK_START BlockType=TRIGGER Entity=湫然#51704 EffectCardId=System.Collections.Generic.List`1[System.String] EffectIndex=-1 Target=0 SubOption=-1 TriggerKeyword=TAG_NOT_SET
D 15:28:33.5677556 GameState.DebugPrintPower() -     TAG_CHANGE Entity=GameEntity tag=NEXT_STEP value=MAIN_END 
D 15:28:33.5677556 GameState.DebugPrintPower() - BLOCK_END
D 15:28:33.5677556 PowerTaskList.DebugDump() - ID=11 ParentID=0 PreviousID=0 TaskCount=1
D 15:28:33.5677556 PowerTaskList.DebugDump() - Block Start=(null)
D 15:28:33.5677556 PowerTaskList.DebugPrintPower() -     TAG_CHANGE Entity=祥瑞御免雪亲王#51915 tag=MULLIGAN_STATE value=DEALING 
D 15:28:33.5677556 PowerTaskList.DebugDump() - Block End=(null)
D 15:28:33.5677556 PowerProcessor.PrepareHistoryForCurrentTaskList() - m_currentTaskList=11
D 15:28:33.5677556 PowerProcessor.EndCurrentTaskList() - m_currentTaskList=11
D 15:28:33.5677556 PowerTaskList.DebugDump() - ID=12 ParentID=11 PreviousID=0 TaskCount=17
D 15:28:33.5677556 PowerTaskList.DebugPrintPower() - BLOCK_START BlockType=TRIGGER Entity=祥瑞御免雪亲王#51915 EffectCardId=System.Collections.Generic.List`1[System.String] EffectIndex=-1 Target=0 SubOption=-1 TriggerKeyword=TAG_NOT_SET
D 15:28:33.5677556 PowerTaskList.DebugPrintPower() -     TAG_CHANGE Entity=[entityName=UNKNOWN ENTITY [cardType=INVALID] id=17 zone=DECK zonePos=0 cardId= player=1] tag=ZONE value=HAND 
D 15:28:33.5677556 PowerTaskList.DebugPrintPower() -     TAG_CHANGE Entity=[entityName=UNKNOWN ENTITY [cardType=INVALID] id=17 zone=DECK zonePos=0 cardId= player=1] tag=ZONE_POSITION value=1 
D 15:28:33.5677556 PowerTaskList.DebugPrintPower() -     TAG_CHANGE Entity=[entityName=UNKNOWN ENTITY [cardType=INVALID] id=9 zone=HAND zonePos=1 cardId= player=1] tag=ZONE_POSITION value=0 
D 15:28:33.5677556 PowerTaskList.DebugPrintPower() -     TAG_CHANGE Entity=[entityName=UNKNOWN ENTITY [cardType=INVALID] id=9 zone=HAND zonePos=1 cardId= player=1] tag=ZONE value=DECK 
D 15:28:33.5677556 PowerTaskList.DebugPrintPower() -     TAG_CHANGE Entity=[entityName=UNKNOWN ENTITY [cardType=INVALID] id=11 zone=DECK zonePos=0 cardId= player=1] tag=ZONE value=HAND 
D 15:28:33.5677556 PowerTaskList.DebugPrintPower() -     TAG_CHANGE Entity=[entityName=UNKNOWN ENTITY [cardType=INVALID] id=11 zone=DECK zonePos=0 cardId= player=1] tag=ZONE_POSITION value=2 
D 15:28:33.5677556 PowerTaskList.DebugPrintPower() -     TAG_CHANGE Entity=[entityName=UNKNOWN ENTITY [cardType=INVALID] id=34 zone=HAND zonePos=2 cardId= player=1] tag=ZONE_POSITION value=0 
D 15:28:33.5677556 PowerTaskList.DebugPrintPower() -     TAG_CHANGE Entity=[entityName=UNKNOWN ENTITY [cardType=INVALID] id=34 zone=HAND zonePos=2 cardId= player=1] tag=ZONE value=DECK 
D 15:28:33.5677556 PowerTaskList.DebugPrintPower() -     TAG_CHANGE Entity=[entityName=UNKNOWN ENTITY [cardType=INVALID] id=28 zone=DECK zonePos=0 cardId= player=1] tag=ZONE value=HAND 
D 15:28:33.5677556 PowerTaskList.DebugPrintPower() -     TAG_CHANGE Entity=[entityName=UNKNOWN ENTITY [cardType=INVALID] id=28 zone=DECK zonePos=0 cardId= player=1] tag=ZONE_POSITION value=3 
D 15:28:33.5677556 PowerTaskList.DebugPrintPower() -     TAG_CHANGE Entity=[entityName=UNKNOWN ENTITY [cardType=INVALID] id=31 zone=HAND zonePos=3 cardId= player=1] tag=ZONE_POSITION value=0 
D 15:28:33.5677556 PowerTaskList.DebugPrintPower() -     TAG_CHANGE Entity=[entityName=UNKNOWN ENTITY [cardType=INVALID] id=31 zone=HAND zonePos=3 cardId= player=1] tag=ZONE value=DECK 
D 15:28:33.5677556 PowerTaskList.DebugPrintPower() -     TAG_CHANGE Entity=[entityName=UNKNOWN ENTITY [cardType=INVALID] id=44 zone=DECK zonePos=0 cardId= player=1] tag=ZONE value=HAND 
D 15:28:33.5677556 PowerTaskList.DebugPrintPower() -     TAG_CHANGE Entity=[entityName=UNKNOWN ENTITY [cardType=INVALID] id=44 zone=DECK zonePos=0 cardId= player=1] tag=ZONE_POSITION value=4 
D 15:28:33.5677556 PowerTaskList.DebugPrintPower() -     TAG_CHANGE Entity=[entityName=UNKNOWN ENTITY [cardType=INVALID] id=23 zone=HAND zonePos=4 cardId= player=1] tag=ZONE_POSITION value=0 
D 15:28:33.5677556 PowerTaskList.DebugPrintPower() -     TAG_CHANGE Entity=[entityName=UNKNOWN ENTITY [cardType=INVALID] id=23 zone=HAND zonePos=4 cardId= player=1] tag=ZONE value=DECK 
D 15:28:33.5677556 PowerTaskList.DebugPrintPower() -     TAG_CHANGE Entity=祥瑞御免雪亲王#51915 tag=MULLIGAN_STATE value=WAITING 
D 15:28:33.5677556 PowerTaskList.DebugPrintPower() - BLOCK_END
D 15:28:33.5677556 PowerProcessor.PrepareHistoryForCurrentTaskList() - m_currentTaskList=12
D 15:28:33.6010110 GameState.DebugPrintOptions() - id=1
D 15:28:33.6010110 GameState.DebugPrintOptions() -   option 0 type=END_TURN mainEntity= error=INVALID errorParam=
D 15:28:33.6010110 GameState.DebugPrintOptions() -   option 1 type=POWER mainEntity=[entityName=掀桌子 id=58 zone=HAND zonePos=1 cardId=TOY_883 player=2] error=REQ_ENOUGH_MANA errorParam=
D 15:28:33.6010110 GameState.DebugPrintOptions() -   option 2 type=POWER mainEntity=[entityName=飞翼焊装 id=75 zone=HAND zonePos=2 cardId=TTN_463 player=2] error=REQ_ENOUGH_MANA errorParam=
D 15:28:33.6010110 GameState.DebugPrintOptions() -   option 3 type=POWER mainEntity=[entityName=灵魂冻结 id=60 zone=HAND zonePos=3 cardId=DEEP_032 player=2] error=REQ_TARGET_TO_PLAY errorParam=
D 15:28:33.6010110 GameState.DebugPrintOptions() -   option 4 type=POWER mainEntity=[entityName=UNKNOWN ENTITY [cardType=INVALID] id=67 zone=DECK zonePos=0 cardId= player=2] error=REQ_ENOUGH_MANA errorParam=
D 15:28:33.6010110 GameState.DebugPrintOptions() -   option 5 type=POWER mainEntity=[entityName=古尔丹 id=4 zone=PLAY zonePos=0 cardId=HERO_07 player=1] error=REQ_YOUR_TURN errorParam=
D 15:28:33.6010110 GameState.DebugPrintOptions() -   option 6 type=POWER mainEntity=[entityName=古尔丹 id=6 zone=PLAY zonePos=0 cardId=HERO_07 player=2] error=REQ_ATTACK_GREATER_THAN_0 errorParam=
D 15:28:33.6010110 GameState.DebugPrintOptions() -   option 7 type=POWER mainEntity=[entityName=生命分流 id=8 zone=PLAY zonePos=0 cardId=HERO_07bp player=1] error=REQ_YOUR_TURN errorParam=
D 15:28:33.6010110 GameState.DebugPrintOptions() -   option 8 type=POWER mainEntity=[entityName=生命分流 id=45 zone=PLAY zonePos=0 cardId=HERO_07bp player=2] error=REQ_ENOUGH_MANA errorParam=
D 15:28:35.1499466 PowerProcessor.EndCurrentTaskList() - m_currentTaskList=12
D 15:28:35.1573088 PowerTaskList.DebugDump() - ID=13 ParentID=0 PreviousID=0 TaskCount=5
D 15:28:35.1573088 PowerTaskList.DebugPrintPower() - BLOCK_START BlockType=TRIGGER Entity=祥瑞御免雪亲王#51915 EffectCardId=System.Collections.Generic.List`1[System.String] EffectIndex=-1 Target=0 SubOption=-1 TriggerKeyword=TAG_NOT_SET
D 15:28:35.1573088 PowerTaskList.DebugPrintPower() -     TAG_CHANGE Entity=祥瑞御免雪亲王#51915 tag=MULLIGAN_STATE value=DONE 
D 15:28:35.1573088 PowerTaskList.DebugPrintPower() -     SHUFFLE_DECK PlayerID=1
D 15:28:35.1573088 PowerTaskList.DebugPrintPower() -     SHUFFLE_DECK PlayerID=2
D 15:28:35.1573088 PowerTaskList.DebugPrintPower() -     TAG_CHANGE Entity=湫然#51704 tag=TURN value=1 
D 15:28:35.1573088 PowerTaskList.DebugPrintPower() -     TAG_CHANGE Entity=GameEntity tag=NEXT_STEP value=MAIN_READY 
D 15:28:35.1573088 PowerTaskList.DebugPrintPower() - BLOCK_END
D 15:28:35.1573088 PowerProcessor.PrepareHistoryForCurrentTaskList() - m_currentTaskList=13
D 15:28:37.5938124 PowerProcessor.EndCurrentTaskList() - m_currentTaskList=13
D 15:28:37.5938124 PowerTaskList.DebugDump() - ID=14 ParentID=0 PreviousID=0 TaskCount=9
D 15:28:37.5938124 PowerTaskList.DebugPrintPower() - BLOCK_START BlockType=TRIGGER Entity=[entityName=UNKNOWN ENTITY [cardType=INVALID] id=32 zone=DECK zonePos=0 cardId= player=1] EffectCardId=System.Collections.Generic.List`1[System.String] EffectIndex=1 Target=0 SubOption=-1 TriggerKeyword=1724
D 15:28:37.5938124 PowerTaskList.DebugPrintPower() -     FULL_ENTITY - Updating [entityName=UNKNOWN ENTITY [cardType=INVALID] id=83 zone=SETASIDE zonePos=0 cardId= player=1] CardID=
D 15:28:37.5938124 PowerTaskList.DebugPrintPower() -         tag=ZONE value=SETASIDE
D 15:28:37.5938124 PowerTaskList.DebugPrintPower() -         tag=CONTROLLER value=1
D 15:28:37.5938124 PowerTaskList.DebugPrintPower() -         tag=ENTITY_ID value=83
D 15:28:37.5938124 PowerTaskList.DebugPrintPower() -     SHOW_ENTITY - Updating Entity=[entityName=UNKNOWN ENTITY [cardType=INVALID] id=83 zone=SETASIDE zonePos=0 cardId= player=1] CardID=VAC_422e
D 15:28:37.5938124 PowerTaskList.DebugPrintPower() -         tag=CONTROLLER value=1
D 15:28:37.5938124 PowerTaskList.DebugPrintPower() -         tag=CARDTYPE value=ENCHANTMENT
D 15:28:37.5938124 PowerTaskList.DebugPrintPower() -         tag=ATTACHED value=2
D 15:28:37.5938124 PowerTaskList.DebugPrintPower() -         tag=ZONE value=SETASIDE
D 15:28:37.5938124 PowerTaskList.DebugPrintPower() -         tag=ENTITY_ID value=83
D 15:28:37.5938124 PowerTaskList.DebugPrintPower() -         tag=CLASS value=NEUTRAL
D 15:28:37.5938124 PowerTaskList.DebugPrintPower() -         tag=CREATOR value=32
D 15:28:37.5938124 PowerTaskList.DebugPrintPower() -         tag=1037 value=1
D 15:28:37.5938124 PowerTaskList.DebugPrintPower() -         tag=1068 value=0
D 15:28:37.5938124 PowerTaskList.DebugPrintPower() -         tag=CREATOR_DBID value=105543
D 15:28:37.5938124 PowerTaskList.DebugPrintPower() -         tag=SPAWN_TIME_COUNT value=1
D 15:28:37.5938124 PowerTaskList.DebugPrintPower() -         tag=4901 value=0
D 15:28:37.5938124 PowerTaskList.DebugPrintPower() -     TAG_CHANGE Entity=[entityName=UNKNOWN ENTITY [cardType=INVALID] id=83 zone=SETASIDE zonePos=0 cardId= player=1] tag=1068 value=1 
D 15:28:37.5938124 PowerTaskList.DebugPrintPower() -     TAG_CHANGE Entity=[entityName=UNKNOWN ENTITY [cardType=INVALID] id=83 zone=SETASIDE zonePos=0 cardId= player=1] tag=1068 value=0 
D 15:28:37.5938124 PowerTaskList.DebugPrintPower() -     TAG_CHANGE Entity=[entityName=UNKNOWN ENTITY [cardType=INVALID] id=83 zone=SETASIDE zonePos=0 cardId= player=1] tag=ZONE value=PLAY 
D 15:28:37.5938124 PowerTaskList.DebugPrintPower() -     TAG_CHANGE Entity=祥瑞御免雪亲王#51915 tag=4741 value=1 
D 15:28:37.5938124 PowerTaskList.DebugPrintPower() -     TAG_CHANGE Entity=祥瑞御免雪亲王#51915 tag=LAST_AFFECTED_BY value=32 
D 15:28:37.5938124 PowerTaskList.DebugPrintPower() -     TAG_CHANGE Entity=[entityName=UNKNOWN ENTITY [cardType=INVALID] id=83 zone=SETASIDE zonePos=0 cardId= player=1] tag=TAG_SCRIPT_DATA_NUM_1 value=105543 
D 15:28:37.5938124 PowerTaskList.DebugPrintPower() -     TAG_CHANGE Entity=[entityName=UNKNOWN ENTITY [cardType=INVALID] id=83 zone=SETASIDE zonePos=0 cardId= player=1] tag=TAG_SCRIPT_DATA_NUM_2 value=1 
D 15:28:37.5938124 PowerTaskList.DebugPrintPower() - BLOCK_END
D 15:28:37.5938124 PowerProcessor.PrepareHistoryForCurrentTaskList() - m_currentTaskList=14
D 15:28:37.6093987 PowerProcessor.EndCurrentTaskList() - m_currentTaskList=14
D 15:28:37.6150198 PowerTaskList.DebugDump() - ID=15 ParentID=0 PreviousID=0 TaskCount=9
D 15:28:37.6150198 PowerTaskList.DebugPrintPower() - BLOCK_START BlockType=TRIGGER Entity=[entityName=UNKNOWN ENTITY [cardType=INVALID] id=69 zone=DECK zonePos=0 cardId= player=2] EffectCardId=System.Collections.Generic.List`1[System.String] EffectIndex=1 Target=0 SubOption=-1 TriggerKeyword=1724
D 15:28:37.6150198 PowerTaskList.DebugPrintPower() -     FULL_ENTITY - Updating [entityName=UNKNOWN ENTITY [cardType=INVALID] id=84 zone=SETASIDE zonePos=0 cardId= player=2] CardID=
D 15:28:37.6150198 PowerTaskList.DebugPrintPower() -         tag=ZONE value=SETASIDE
D 15:28:37.6150198 PowerTaskList.DebugPrintPower() -         tag=CONTROLLER value=2
D 15:28:37.6150198 PowerTaskList.DebugPrintPower() -         tag=ENTITY_ID value=84
D 15:28:37.6150198 PowerTaskList.DebugPrintPower() -     SHOW_ENTITY - Updating Entity=[entityName=UNKNOWN ENTITY [cardType=INVALID] id=84 zone=SETASIDE zonePos=0 cardId= player=2] CardID=VAC_422e
D 15:28:37.6150198 PowerTaskList.DebugPrintPower() -         tag=CONTROLLER value=2
D 15:28:37.6150198 PowerTaskList.DebugPrintPower() -         tag=CARDTYPE value=ENCHANTMENT
D 15:28:37.6150198 PowerTaskList.DebugPrintPower() -         tag=ATTACHED value=3
D 15:28:37.6150198 PowerTaskList.DebugPrintPower() -         tag=ZONE value=SETASIDE
D 15:28:37.6150198 PowerTaskList.DebugPrintPower() -         tag=ENTITY_ID value=84
D 15:28:37.6150198 PowerTaskList.DebugPrintPower() -         tag=CLASS value=NEUTRAL
D 15:28:37.6150198 PowerTaskList.DebugPrintPower() -         tag=CREATOR value=69
D 15:28:37.6150198 PowerTaskList.DebugPrintPower() -         tag=1037 value=2
D 15:28:37.6150198 PowerTaskList.DebugPrintPower() -         tag=1068 value=0
D 15:28:37.6150198 PowerTaskList.DebugPrintPower() -         tag=CREATOR_DBID value=105543
D 15:28:37.6150198 PowerTaskList.DebugPrintPower() -         tag=SPAWN_TIME_COUNT value=1
D 15:28:37.6150198 PowerTaskList.DebugPrintPower() -         tag=4901 value=0
D 15:28:37.6150198 PowerTaskList.DebugPrintPower() -     TAG_CHANGE Entity=[entityName=UNKNOWN ENTITY [cardType=INVALID] id=84 zone=SETASIDE zonePos=0 cardId= player=2] tag=1068 value=1 
D 15:28:37.6150198 PowerTaskList.DebugPrintPower() -     TAG_CHANGE Entity=[entityName=UNKNOWN ENTITY [cardType=INVALID] id=84 zone=SETASIDE zonePos=0 cardId= player=2] tag=1068 value=0 
D 15:28:37.6150198 PowerTaskList.DebugPrintPower() -     TAG_CHANGE Entity=[entityName=UNKNOWN ENTITY [cardType=INVALID] id=84 zone=SETASIDE zonePos=0 cardId= player=2] tag=ZONE value=PLAY 
D 15:28:37.6150198 PowerTaskList.DebugPrintPower() -     TAG_CHANGE Entity=湫然#51704 tag=4741 value=1 
D 15:28:37.6150198 PowerTaskList.DebugPrintPower() -     TAG_CHANGE Entity=湫然#51704 tag=LAST_AFFECTED_BY value=69 
D 15:28:37.6150198 PowerTaskList.DebugPrintPower() -     TAG_CHANGE Entity=[entityName=UNKNOWN ENTITY [cardType=INVALID] id=84 zone=SETASIDE zonePos=0 cardId= player=2] tag=TAG_SCRIPT_DATA_NUM_1 value=105543 
D 15:28:37.6150198 PowerTaskList.DebugPrintPower() -     TAG_CHANGE Entity=[entityName=UNKNOWN ENTITY [cardType=INVALID] id=84 zone=SETASIDE zonePos=0 cardId= player=2] tag=TAG_SCRIPT_DATA_NUM_2 value=1 
D 15:28:37.6150198 PowerTaskList.DebugPrintPower() - BLOCK_END
D 15:28:37.6150198 PowerProcessor.PrepareHistoryForCurrentTaskList() - m_currentTaskList=15
D 15:28:37.6282823 PowerProcessor.EndCurrentTaskList() - m_currentTaskList=15
D 15:28:37.6351607 PowerTaskList.DebugDump() - ID=16 ParentID=0 PreviousID=0 TaskCount=1
D 15:28:37.6351607 PowerTaskList.DebugDump() - Block Start=(null)
D 15:28:37.6351607 PowerTaskList.DebugPrintPower() -     TAG_CHANGE Entity=GameEntity tag=STEP value=MAIN_READY 
D 15:28:37.6351607 PowerTaskList.DebugDump() - Block End=(null)
D 15:28:37.6351607 PowerProcessor.PrepareHistoryForCurrentTaskList() - m_currentTaskList=16
D 15:28:37.6351607 PowerProcessor.EndCurrentTaskList() - m_currentTaskList=16
D 15:28:37.6351607 PowerTaskList.DebugDump() - ID=17 ParentID=0 PreviousID=0 TaskCount=9
D 15:28:37.6351607 PowerTaskList.DebugPrintPower() - BLOCK_START BlockType=TRIGGER Entity=湫然#51704 EffectCardId=System.Collections.Generic.List`1[System.String] EffectIndex=-1 Target=0 SubOption=-1 TriggerKeyword=TAG_NOT_SET
D 15:28:37.6351607 PowerTaskList.DebugPrintPower() -     TAG_CHANGE Entity=GameEntity tag=NUM_TURNS_IN_PLAY value=1 
D 15:28:37.6351607 PowerTaskList.DebugPrintPower() -     TAG_CHANGE Entity=祥瑞御免雪亲王#51915 tag=NUM_TURNS_IN_PLAY value=1 
D 15:28:37.6351607 PowerTaskList.DebugPrintPower() -     TAG_CHANGE Entity=湫然#51704 tag=NUM_TURNS_IN_PLAY value=1 
D 15:28:37.6351607 PowerTaskList.DebugPrintPower() -     TAG_CHANGE Entity=[entityName=古尔丹 id=4 zone=PLAY zonePos=0 cardId=HERO_07 player=1] tag=NUM_TURNS_IN_PLAY value=1 
D 15:28:37.6351607 PowerTaskList.DebugPrintPower() -     TAG_CHANGE Entity=[entityName=古尔丹 id=6 zone=PLAY zonePos=0 cardId=HERO_07 player=2] tag=NUM_TURNS_IN_PLAY value=1 
D 15:28:37.6351607 PowerTaskList.DebugPrintPower() -     TAG_CHANGE Entity=[entityName=生命分流 id=8 zone=PLAY zonePos=0 cardId=HERO_07bp player=1] tag=NUM_TURNS_IN_PLAY value=1 
D 15:28:37.6351607 PowerTaskList.DebugPrintPower() -     TAG_CHANGE Entity=[entityName=生命分流 id=45 zone=PLAY zonePos=0 cardId=HERO_07bp player=2] tag=NUM_TURNS_IN_PLAY value=1 
D 15:28:37.6351607 PowerTaskList.DebugPrintPower() -     TAG_CHANGE Entity=湫然#51704 tag=RESOURCES value=1 
D 15:28:37.6351607 PowerTaskList.DebugPrintPower() -     TAG_CHANGE Entity=GameEntity tag=NEXT_STEP value=MAIN_START_TRIGGERS 
D 15:28:37.6351607 PowerTaskList.DebugPrintPower() - BLOCK_END
D 15:28:37.6351607 PowerProcessor.PrepareHistoryForCurrentTaskList() - m_currentTaskList=17
D 15:28:37.6351607 PowerProcessor.EndCurrentTaskList() - m_currentTaskList=17
D 15:28:37.6351607 PowerTaskList.DebugDump() - ID=18 ParentID=0 PreviousID=0 TaskCount=1
D 15:28:37.6351607 PowerTaskList.DebugDump() - Block Start=(null)
D 15:28:37.6351607 PowerTaskList.DebugPrintPower() -     TAG_CHANGE Entity=GameEntity tag=STEP value=MAIN_START_TRIGGERS 
D 15:28:37.6351607 PowerTaskList.DebugDump() - Block End=(null)
D 15:28:37.6351607 PowerProcessor.PrepareHistoryForCurrentTaskList() - m_currentTaskList=18
D 15:28:37.6351607 PowerProcessor.EndCurrentTaskList() - m_currentTaskList=18
D 15:28:37.6351607 PowerTaskList.DebugDump() - ID=19 ParentID=0 PreviousID=0 TaskCount=1
D 15:28:37.6351607 PowerTaskList.DebugPrintPower() - BLOCK_START BlockType=TRIGGER Entity=湫然#51704 EffectCardId=System.Collections.Generic.List`1[System.String] EffectIndex=-1 Target=0 SubOption=-1 TriggerKeyword=TAG_NOT_SET
D 15:28:37.6351607 PowerTaskList.DebugPrintPower() -     TAG_CHANGE Entity=GameEntity tag=NEXT_STEP value=MAIN_START 
D 15:28:37.6351607 PowerTaskList.DebugPrintPower() - BLOCK_END
D 15:28:37.6351607 PowerProcessor.PrepareHistoryForCurrentTaskList() - m_currentTaskList=19
D 15:28:37.6351607 PowerProcessor.EndCurrentTaskList() - m_currentTaskList=19
D 15:28:37.6351607 PowerTaskList.DebugDump() - ID=20 ParentID=0 PreviousID=0 TaskCount=1
D 15:28:37.6351607 PowerTaskList.DebugDump() - Block Start=(null)
D 15:28:37.6351607 PowerTaskList.DebugPrintPower() -     TAG_CHANGE Entity=GameEntity tag=STEP value=MAIN_START 
D 15:28:37.6351607 PowerTaskList.DebugDump() - Block End=(null)
D 15:28:37.6351607 PowerProcessor.PrepareHistoryForCurrentTaskList() - m_currentTaskList=20
D 15:28:37.6351607 PowerProcessor.EndCurrentTaskList() - m_currentTaskList=20
D 15:28:37.6351607 PowerTaskList.DebugDump() - ID=21 ParentID=0 PreviousID=0 TaskCount=12
D 15:28:37.6351607 PowerTaskList.DebugPrintPower() - BLOCK_START BlockType=TRIGGER Entity=湫然#51704 EffectCardId=System.Collections.Generic.List`1[System.String] EffectIndex=-1 Target=0 SubOption=-1 TriggerKeyword=TAG_NOT_SET
D 15:28:37.6351607 PowerTaskList.DebugPrintPower() -     TAG_CHANGE Entity=湫然#51704 tag=2166 value=67 
D 15:28:37.6351607 PowerTaskList.DebugPrintPower() -     TAG_CHANGE Entity=湫然#51704 tag=467 value=1 
D 15:28:37.6351607 PowerTaskList.DebugPrintPower() -     SHOW_ENTITY - Updating Entity=[entityName=UNKNOWN ENTITY [cardType=INVALID] id=67 zone=DECK zonePos=0 cardId= player=2] CardID=GDB_145
D 15:28:37.6351607 PowerTaskList.DebugPrintPower() -         tag=CONTROLLER value=2
D 15:28:37.6351607 PowerTaskList.DebugPrintPower() -         tag=CARDTYPE value=MINION
D 15:28:37.6351607 PowerTaskList.DebugPrintPower() -         tag=TAG_LAST_KNOWN_COST_IN_HAND value=7
D 15:28:37.6351607 PowerTaskList.DebugPrintPower() -         tag=479 value=7
D 15:28:37.6351607 PowerTaskList.DebugPrintPower() -         tag=COST value=7
D 15:28:37.6351607 PowerTaskList.DebugPrintPower() -         tag=ATK value=7
D 15:28:37.6351607 PowerTaskList.DebugPrintPower() -         tag=HEALTH value=7
D 15:28:37.6351607 PowerTaskList.DebugPrintPower() -         tag=ZONE value=HAND
D 15:28:37.6351607 PowerTaskList.DebugPrintPower() -         tag=ENTITY_ID value=67
D 15:28:37.6351607 PowerTaskList.DebugPrintPower() -         tag=ELITE value=1
D 15:28:37.6351607 PowerTaskList.DebugPrintPower() -         tag=CLASS value=NEUTRAL
D 15:28:37.6351607 PowerTaskList.DebugPrintPower() -         tag=CARDRACE value=DEMON
D 15:28:37.6351607 PowerTaskList.DebugPrintPower() -         tag=RARITY value=LEGENDARY
D 15:28:37.6351607 PowerTaskList.DebugPrintPower() -         tag=BATTLECRY value=1
D 15:28:37.6351607 PowerTaskList.DebugPrintPower() -         tag=CREATOR value=0
D 15:28:37.6351607 PowerTaskList.DebugPrintPower() -         tag=478 value=2
D 15:28:37.6351607 PowerTaskList.DebugPrintPower() -         tag=1037 value=2
D 15:28:37.6351607 PowerTaskList.DebugPrintPower() -         tag=1043 value=1
D 15:28:37.6351607 PowerTaskList.DebugPrintPower() -         tag=1068 value=0
D 15:28:37.6351607 PowerTaskList.DebugPrintPower() -         tag=SPAWN_TIME_COUNT value=1
D 15:28:37.6351607 PowerTaskList.DebugPrintPower() -         tag=HAS_DIAMOND_QUALITY value=1
D 15:28:37.6351607 PowerTaskList.DebugPrintPower() -         tag=HAS_ACTIVATE_POWER value=1
D 15:28:37.6351607 PowerTaskList.DebugPrintPower() -         tag=3085 value=7
D 15:28:37.6351607 PowerTaskList.DebugPrintPower() -         tag=4128 value=1
D 15:28:37.6351607 PowerTaskList.DebugPrintPower() -         tag=4472 value=7
D 15:28:37.6351607 PowerTaskList.DebugPrintPower() -         tag=4901 value=0
D 15:28:37.6351607 PowerTaskList.DebugPrintPower() -     TAG_CHANGE Entity=[entityName=UNKNOWN ENTITY [cardType=INVALID] id=67 zone=DECK zonePos=0 cardId= player=2] tag=NUM_TURNS_IN_HAND value=1 
D 15:28:37.6351607 PowerTaskList.DebugPrintPower() -     TAG_CHANGE Entity=[entityName=UNKNOWN ENTITY [cardType=INVALID] id=67 zone=DECK zonePos=0 cardId= player=2] tag=ZONE_POSITION value=4 
D 15:28:37.6351607 PowerTaskList.DebugPrintPower() -     TAG_CHANGE Entity=[entityName=UNKNOWN ENTITY [cardType=INVALID] id=67 zone=DECK zonePos=0 cardId= player=2] tag=ZONE_POSITION value=0 
D 15:28:37.6351607 PowerTaskList.DebugPrintPower() -     TAG_CHANGE Entity=[entityName=UNKNOWN ENTITY [cardType=INVALID] id=67 zone=DECK zonePos=0 cardId= player=2] tag=ZONE_POSITION value=4 
D 15:28:37.6351607 PowerTaskList.DebugPrintPower() -     TAG_CHANGE Entity=湫然#51704 tag=NUM_CARDS_DRAWN_THIS_TURN value=1 
D 15:28:37.6351607 PowerTaskList.DebugPrintPower() -     TAG_CHANGE Entity=湫然#51704 tag=995 value=1 
D 15:28:37.6351607 PowerTaskList.DebugPrintPower() -     TAG_CHANGE Entity=[entityName=UNKNOWN ENTITY [cardType=INVALID] id=67 zone=DECK zonePos=0 cardId= player=2] tag=1570 value=1 
D 15:28:37.6351607 PowerTaskList.DebugPrintPower() -     TAG_CHANGE Entity=湫然#51704 tag=467 value=0 
D 15:28:37.6351607 PowerTaskList.DebugPrintPower() -     TAG_CHANGE Entity=GameEntity tag=NEXT_STEP value=MAIN_ACTION 
D 15:28:37.6351607 PowerTaskList.DebugPrintPower() - BLOCK_END
D 15:28:37.6351607 PowerProcessor.PrepareHistoryForCurrentTaskList() - m_currentTaskList=21
D 15:28:38.2056556 PowerProcessor.EndCurrentTaskList() - m_currentTaskList=21
D 15:28:38.2115794 PowerTaskList.DebugDump() - ID=22 ParentID=0 PreviousID=0 TaskCount=3
D 15:28:38.2115794 PowerTaskList.DebugDump() - Block Start=(null)
D 15:28:38.2115794 PowerTaskList.DebugPrintPower() -     TAG_CHANGE Entity=[entityName=掀桌子 id=58 zone=HAND zonePos=1 cardId=TOY_883 player=2] tag=TAG_LAST_KNOWN_COST_IN_HAND value=7 
D 15:28:38.2115794 PowerTaskList.DebugPrintPower() -     TAG_CHANGE Entity=[entityName=掀桌子 id=58 zone=HAND zonePos=1 cardId=TOY_883 player=2] tag=COST value=7 
D 15:28:38.2115794 PowerTaskList.DebugPrintPower() -     TAG_CHANGE Entity=GameEntity tag=STEP value=MAIN_ACTION 
D 15:28:38.2115794 PowerTaskList.DebugDump() - Block End=(null)
D 15:28:38.2115794 PowerProcessor.PrepareHistoryForCurrentTaskList() - m_currentTaskList=22
D 15:28:38.2115794 PowerProcessor.EndCurrentTaskList() - m_currentTaskList=22
D 15:28:38.2115794 PowerTaskList.DebugDump() - ID=23 ParentID=0 PreviousID=0 TaskCount=1
D 15:28:38.2115794 PowerTaskList.DebugPrintPower() - BLOCK_START BlockType=TRIGGER Entity=湫然#51704 EffectCardId=System.Collections.Generic.List`1[System.String] EffectIndex=-1 Target=0 SubOption=-1 TriggerKeyword=TAG_NOT_SET
D 15:28:38.2115794 PowerTaskList.DebugPrintPower() -     TAG_CHANGE Entity=GameEntity tag=NEXT_STEP value=MAIN_END 
D 15:28:38.2115794 PowerTaskList.DebugPrintPower() - BLOCK_END
D 15:28:38.2115794 PowerProcessor.PrepareHistoryForCurrentTaskList() - m_currentTaskList=23
D 15:28:38.2115794 PowerProcessor.EndCurrentTaskList() - m_currentTaskList=23
D 15:28:40.4359789 GameState.SendOption() - selectedOption=0 selectedSubOption=-1 selectedTarget=0 selectedPosition=0
D 15:28:41.2352911 GameState.DebugPrintPowerList() - Count=66
D 15:28:41.2352911 GameState.DebugPrintPower() - TAG_CHANGE Entity=GameEntity tag=STEP value=MAIN_END 
D 15:28:41.2352911 GameState.DebugPrintPower() - BLOCK_START BlockType=TRIGGER Entity=祥瑞御免雪亲王#51915 EffectCardId=System.Collections.Generic.List`1[System.String] EffectIndex=-1 Target=0 SubOption=-1 TriggerKeyword=TAG_NOT_SET
D 15:28:41.2352911 GameState.DebugPrintPower() - BLOCK_END
D 15:28:41.2352911 GameState.DebugPrintPower() - BLOCK_START BlockType=TRIGGER Entity=湫然#51704 EffectCardId=System.Collections.Generic.List`1[System.String] EffectIndex=-1 Target=0 SubOption=-1 TriggerKeyword=TAG_NOT_SET
D 15:28:41.2352911 GameState.DebugPrintPower() -     TAG_CHANGE Entity=GameEntity tag=NEXT_STEP value=MAIN_CLEANUP 
D 15:28:41.2352911 GameState.DebugPrintPower() - BLOCK_END
D 15:28:41.2352911 GameState.DebugPrintPower() - BLOCK_START BlockType=TRIGGER Entity=湫然#51704 EffectCardId=System.Collections.Generic.List`1[System.String] EffectIndex=-1 Target=0 SubOption=-1 TriggerKeyword=TAG_NOT_SET
D 15:28:41.2352911 GameState.DebugPrintPower() - BLOCK_END
D 15:28:41.2352911 GameState.DebugPrintPower() - TAG_CHANGE Entity=GameEntity tag=STEP value=MAIN_CLEANUP 
D 15:28:41.2352911 GameState.DebugPrintPower() - BLOCK_START BlockType=TRIGGER Entity=祥瑞御免雪亲王#51915 EffectCardId=System.Collections.Generic.List`1[System.String] EffectIndex=-1 Target=0 SubOption=-1 TriggerKeyword=TAG_NOT_SET
D 15:28:41.2352911 GameState.DebugPrintPower() - BLOCK_END
D 15:28:41.2352911 GameState.DebugPrintPower() - BLOCK_START BlockType=TRIGGER Entity=湫然#51704 EffectCardId=System.Collections.Generic.List`1[System.String] EffectIndex=-1 Target=0 SubOption=-1 TriggerKeyword=TAG_NOT_SET
D 15:28:41.2352911 GameState.DebugPrintPower() -     TAG_CHANGE Entity=湫然#51704 tag=1854 value=1 
D 15:28:41.2352911 GameState.DebugPrintPower() -     TAG_CHANGE Entity=GameEntity tag=NEXT_STEP value=MAIN_NEXT 
D 15:28:41.2352911 GameState.DebugPrintPower() - BLOCK_END
D 15:28:41.2352911 GameState.DebugPrintPower() - TAG_CHANGE Entity=GameEntity tag=STEP value=MAIN_NEXT 
D 15:28:41.2352911 GameState.DebugPrintPower() - BLOCK_START BlockType=TRIGGER Entity=GameEntity EffectCardId=System.Collections.Generic.List`1[System.String] EffectIndex=-1 Target=0 SubOption=-1 TriggerKeyword=TAG_NOT_SET
D 15:28:41.2352911 GameState.DebugPrintPower() -     TAG_CHANGE Entity=湫然#51704 tag=1292 value=1 
D 15:28:41.2352911 GameState.DebugPrintPower() -     TAG_CHANGE Entity=湫然#51704 tag=1292 value=0 
D 15:28:41.2352911 GameState.DebugPrintPower() -     TAG_CHANGE Entity=祥瑞御免雪亲王#51915 tag=1292 value=1 
D 15:28:41.2352911 GameState.DebugPrintPower() -     TAG_CHANGE Entity=湫然#51704 tag=TIMEOUT value=55 
D 15:28:41.2352911 GameState.DebugPrintPower() -     TAG_CHANGE Entity=[entityName=掀桌子 id=58 zone=HAND zonePos=1 cardId=TOY_883 player=2] tag=NUM_TURNS_IN_HAND value=2 
D 15:28:41.2352911 GameState.DebugPrintPower() -     TAG_CHANGE Entity=[entityName=飞翼焊装 id=75 zone=HAND zonePos=2 cardId=TTN_463 player=2] tag=NUM_TURNS_IN_HAND value=2 
D 15:28:41.2352911 GameState.DebugPrintPower() -     TAG_CHANGE Entity=[entityName=灵魂冻结 id=60 zone=HAND zonePos=3 cardId=DEEP_032 player=2] tag=NUM_TURNS_IN_HAND value=2 
D 15:28:41.2352911 GameState.DebugPrintPower() -     TAG_CHANGE Entity=[entityName=基尔加丹 id=67 zone=HAND zonePos=4 cardId=GDB_145 player=2] tag=NUM_TURNS_IN_HAND value=2 
D 15:28:41.2352911 GameState.DebugPrintPower() -     TAG_CHANGE Entity=湫然#51704 tag=CURRENT_PLAYER value=0 
D 15:28:41.2352911 GameState.DebugPrintPower() -     TAG_CHANGE Entity=祥瑞御免雪亲王#51915 tag=CURRENT_PLAYER value=1 
D 15:28:41.2352911 GameState.DebugPrintPower() -     TAG_CHANGE Entity=GameEntity tag=TURN value=2 
D 15:28:41.2352911 GameState.DebugPrintPower() -     TAG_CHANGE Entity=GameEntity tag=1882 value=1 
D 15:28:41.2352911 GameState.DebugPrintPower() -     TAG_CHANGE Entity=祥瑞御免雪亲王#51915 tag=TURN value=1 
D 15:28:41.2352911 GameState.DebugPrintPower() -     TAG_CHANGE Entity=GameEntity tag=NEXT_STEP value=MAIN_READY 
D 15:28:41.2352911 GameState.DebugPrintPower() - BLOCK_END
D 15:28:41.2352911 GameState.DebugPrintPower() - TAG_CHANGE Entity=GameEntity tag=STEP value=MAIN_READY 
D 15:28:41.2352911 GameState.DebugPrintPower() - BLOCK_START BlockType=TRIGGER Entity=祥瑞御免雪亲王#51915 EffectCardId=System.Collections.Generic.List`1[System.String] EffectIndex=-1 Target=0 SubOption=-1 TriggerKeyword=TAG_NOT_SET
D 15:28:41.2352911 GameState.DebugPrintPower() -     TAG_CHANGE Entity=GameEntity tag=NUM_TURNS_IN_PLAY value=2 
D 15:28:41.2352911 GameState.DebugPrintPower() -     TAG_CHANGE Entity=祥瑞御免雪亲王#51915 tag=NUM_TURNS_IN_PLAY value=2 
D 15:28:41.2352911 GameState.DebugPrintPower() -     TAG_CHANGE Entity=湫然#51704 tag=NUM_TURNS_IN_PLAY value=2 
D 15:28:41.2352911 GameState.DebugPrintPower() -     TAG_CHANGE Entity=[entityName=古尔丹 id=4 zone=PLAY zonePos=0 cardId=HERO_07 player=1] tag=NUM_TURNS_IN_PLAY value=2 
D 15:28:41.2352911 GameState.DebugPrintPower() -     TAG_CHANGE Entity=[entityName=古尔丹 id=6 zone=PLAY zonePos=0 cardId=HERO_07 player=2] tag=NUM_TURNS_IN_PLAY value=2 
D 15:28:41.2352911 GameState.DebugPrintPower() -     TAG_CHANGE Entity=[entityName=生命分流 id=8 zone=PLAY zonePos=0 cardId=HERO_07bp player=1] tag=NUM_TURNS_IN_PLAY value=2 
D 15:28:41.2352911 GameState.DebugPrintPower() -     TAG_CHANGE Entity=[entityName=生命分流 id=45 zone=PLAY zonePos=0 cardId=HERO_07bp player=2] tag=NUM_TURNS_IN_PLAY value=2 
D 15:28:41.2352911 GameState.DebugPrintPower() -     TAG_CHANGE Entity=祥瑞御免雪亲王#51915 tag=RESOURCES value=1 
D 15:28:41.2352911 GameState.DebugPrintPower() -     TAG_CHANGE Entity=湫然#51704 tag=NUM_CARDS_DRAWN_THIS_TURN value=0 
D 15:28:41.2352911 GameState.DebugPrintPower() -     TAG_CHANGE Entity=GameEntity tag=NEXT_STEP value=MAIN_START_TRIGGERS 
D 15:28:41.2352911 GameState.DebugPrintPower() - BLOCK_END
D 15:28:41.2352911 GameState.DebugPrintPower() - TAG_CHANGE Entity=GameEntity tag=STEP value=MAIN_START_TRIGGERS 
D 15:28:41.2352911 GameState.DebugPrintPower() - BLOCK_START BlockType=TRIGGER Entity=祥瑞御免雪亲王#51915 EffectCardId=System.Collections.Generic.List`1[System.String] EffectIndex=-1 Target=0 SubOption=-1 TriggerKeyword=TAG_NOT_SET
D 15:28:41.2352911 GameState.DebugPrintPower() -     TAG_CHANGE Entity=GameEntity tag=NEXT_STEP value=MAIN_START 
D 15:28:41.2352911 GameState.DebugPrintPower() - BLOCK_END
D 15:28:41.2352911 GameState.DebugPrintPower() - TAG_CHANGE Entity=GameEntity tag=STEP value=MAIN_START 
D 15:28:41.2352911 GameState.DebugPrintPower() - BLOCK_START BlockType=TRIGGER Entity=祥瑞御免雪亲王#51915 EffectCardId=System.Collections.Generic.List`1[System.String] EffectIndex=-1 Target=0 SubOption=-1 TriggerKeyword=TAG_NOT_SET
D 15:28:41.2352911 GameState.DebugPrintPower() -     TAG_CHANGE Entity=祥瑞御免雪亲王#51915 tag=2166 value=43 
D 15:28:41.2352911 GameState.DebugPrintPower() -     TAG_CHANGE Entity=祥瑞御免雪亲王#51915 tag=467 value=1 
D 15:28:41.2352911 GameState.DebugPrintPower() -     TAG_CHANGE Entity=[entityName=UNKNOWN ENTITY [cardType=INVALID] id=43 zone=DECK zonePos=0 cardId= player=1] tag=ZONE value=HAND 
D 15:28:41.2352911 GameState.DebugPrintPower() -     TAG_CHANGE Entity=[entityName=UNKNOWN ENTITY [cardType=INVALID] id=43 zone=DECK zonePos=0 cardId= player=1] tag=ZONE_POSITION value=6 
D 15:28:41.2352911 GameState.DebugPrintPower() -     TAG_CHANGE Entity=[entityName=UNKNOWN ENTITY [cardType=INVALID] id=43 zone=DECK zonePos=0 cardId= player=1] tag=ZONE_POSITION value=0 
D 15:28:41.2352911 GameState.DebugPrintPower() -     TAG_CHANGE Entity=[entityName=UNKNOWN ENTITY [cardType=INVALID] id=43 zone=DECK zonePos=0 cardId= player=1] tag=ZONE_POSITION value=6 
D 15:28:41.2352911 GameState.DebugPrintPower() -     TAG_CHANGE Entity=祥瑞御免雪亲王#51915 tag=NUM_CARDS_DRAWN_THIS_TURN value=1 
D 15:28:41.2352911 GameState.DebugPrintPower() -     TAG_CHANGE Entity=祥瑞御免雪亲王#51915 tag=995 value=1 
D 15:28:41.2352911 GameState.DebugPrintPower() -     TAG_CHANGE Entity=祥瑞御免雪亲王#51915 tag=467 value=0 
D 15:28:41.2352911 GameState.DebugPrintPower() -     TAG_CHANGE Entity=GameEntity tag=NEXT_STEP value=MAIN_ACTION 
D 15:28:41.2352911 GameState.DebugPrintPower() - BLOCK_END
D 15:28:41.2352911 GameState.DebugPrintPower() - TAG_CHANGE Entity=GameEntity tag=STEP value=MAIN_ACTION 
D 15:28:41.2352911 GameState.DebugPrintPower() - BLOCK_START BlockType=TRIGGER Entity=祥瑞御免雪亲王#51915 EffectCardId=System.Collections.Generic.List`1[System.String] EffectIndex=-1 Target=0 SubOption=-1 TriggerKeyword=TAG_NOT_SET
D 15:28:41.2352911 GameState.DebugPrintPower() -     TAG_CHANGE Entity=GameEntity tag=NEXT_STEP value=MAIN_END 
D 15:28:41.2352911 GameState.DebugPrintPower() - BLOCK_END
D 15:28:41.2352911 PowerTaskList.DebugDump() - ID=24 ParentID=0 PreviousID=0 TaskCount=1
D 15:28:41.2352911 PowerTaskList.DebugDump() - Block Start=(null)
D 15:28:41.2352911 PowerTaskList.DebugPrintPower() -     TAG_CHANGE Entity=GameEntity tag=STEP value=MAIN_END 
D 15:28:41.2352911 PowerTaskList.DebugDump() - Block End=(null)
D 15:28:41.2352911 PowerProcessor.PrepareHistoryForCurrentTaskList() - m_currentTaskList=24
D 15:28:41.2352911 PowerProcessor.EndCurrentTaskList() - m_currentTaskList=24
D 15:28:41.2352911 PowerTaskList.DebugDump() - ID=25 ParentID=24 PreviousID=0 TaskCount=0
D 15:28:41.2352911 PowerTaskList.DebugPrintPower() - BLOCK_START BlockType=TRIGGER Entity=祥瑞御免雪亲王#51915 EffectCardId=System.Collections.Generic.List`1[System.String] EffectIndex=-1 Target=0 SubOption=-1 TriggerKeyword=TAG_NOT_SET
D 15:28:41.2352911 PowerTaskList.DebugPrintPower() - BLOCK_END
D 15:28:41.2352911 PowerProcessor.PrepareHistoryForCurrentTaskList() - m_currentTaskList=25
D 15:28:41.2352911 PowerProcessor.EndCurrentTaskList() - m_currentTaskList=25
D 15:28:41.2352911 PowerTaskList.DebugDump() - ID=26 ParentID=0 PreviousID=0 TaskCount=1
D 15:28:41.2352911 PowerTaskList.DebugPrintPower() - BLOCK_START BlockType=TRIGGER Entity=湫然#51704 EffectCardId=System.Collections.Generic.List`1[System.String] EffectIndex=-1 Target=0 SubOption=-1 TriggerKeyword=TAG_NOT_SET
D 15:28:41.2352911 PowerTaskList.DebugPrintPower() -     TAG_CHANGE Entity=GameEntity tag=NEXT_STEP value=MAIN_CLEANUP 
D 15:28:41.2352911 PowerTaskList.DebugPrintPower() - BLOCK_END
D 15:28:41.2352911 PowerProcessor.PrepareHistoryForCurrentTaskList() - m_currentTaskList=26
D 15:28:41.2352911 PowerProcessor.EndCurrentTaskList() - m_currentTaskList=26
D 15:28:41.2352911 PowerTaskList.DebugDump() - ID=27 ParentID=0 PreviousID=0 TaskCount=0
D 15:28:41.2352911 PowerTaskList.DebugPrintPower() - BLOCK_START BlockType=TRIGGER Entity=湫然#51704 EffectCardId=System.Collections.Generic.List`1[System.String] EffectIndex=-1 Target=0 SubOption=-1 TriggerKeyword=TAG_NOT_SET
D 15:28:41.2352911 PowerTaskList.DebugPrintPower() - BLOCK_END
D 15:28:41.2352911 PowerProcessor.PrepareHistoryForCurrentTaskList() - m_currentTaskList=27
D 15:28:41.2352911 PowerProcessor.EndCurrentTaskList() - m_currentTaskList=27
D 15:28:41.2352911 PowerTaskList.DebugDump() - ID=28 ParentID=0 PreviousID=0 TaskCount=1
D 15:28:41.2352911 PowerTaskList.DebugDump() - Block Start=(null)
D 15:28:41.2352911 PowerTaskList.DebugPrintPower() -     TAG_CHANGE Entity=GameEntity tag=STEP value=MAIN_CLEANUP 
D 15:28:41.2352911 PowerTaskList.DebugDump() - Block End=(null)
D 15:28:41.2352911 PowerProcessor.PrepareHistoryForCurrentTaskList() - m_currentTaskList=28
D 15:28:41.2352911 PowerProcessor.EndCurrentTaskList() - m_currentTaskList=28
D 15:28:41.2352911 PowerTaskList.DebugDump() - ID=29 ParentID=0 PreviousID=0 TaskCount=0
D 15:28:41.2352911 PowerTaskList.DebugPrintPower() - BLOCK_START BlockType=TRIGGER Entity=祥瑞御免雪亲王#51915 EffectCardId=System.Collections.Generic.List`1[System.String] EffectIndex=-1 Target=0 SubOption=-1 TriggerKeyword=TAG_NOT_SET
D 15:28:41.2352911 PowerTaskList.DebugPrintPower() - BLOCK_END
D 15:28:41.2352911 PowerProcessor.PrepareHistoryForCurrentTaskList() - m_currentTaskList=29
D 15:28:41.2352911 PowerProcessor.EndCurrentTaskList() - m_currentTaskList=29
D 15:28:41.2352911 PowerTaskList.DebugDump() - ID=30 ParentID=0 PreviousID=0 TaskCount=2
D 15:28:41.2352911 PowerTaskList.DebugPrintPower() - BLOCK_START BlockType=TRIGGER Entity=湫然#51704 EffectCardId=System.Collections.Generic.List`1[System.String] EffectIndex=-1 Target=0 SubOption=-1 TriggerKeyword=TAG_NOT_SET
D 15:28:41.2352911 PowerTaskList.DebugPrintPower() -     TAG_CHANGE Entity=湫然#51704 tag=1854 value=1 
D 15:28:41.2352911 PowerTaskList.DebugPrintPower() -     TAG_CHANGE Entity=GameEntity tag=NEXT_STEP value=MAIN_NEXT 
D 15:28:41.2352911 PowerTaskList.DebugPrintPower() - BLOCK_END
D 15:28:41.2352911 PowerProcessor.PrepareHistoryForCurrentTaskList() - m_currentTaskList=30
D 15:28:41.2352911 PowerProcessor.EndCurrentTaskList() - m_currentTaskList=30
D 15:28:41.2352911 PowerTaskList.DebugDump() - ID=31 ParentID=0 PreviousID=0 TaskCount=1
D 15:28:41.2352911 PowerTaskList.DebugDump() - Block Start=(null)
D 15:28:41.2352911 PowerTaskList.DebugPrintPower() -     TAG_CHANGE Entity=GameEntity tag=STEP value=MAIN_NEXT 
D 15:28:41.2352911 PowerTaskList.DebugDump() - Block End=(null)
D 15:28:41.2352911 PowerProcessor.PrepareHistoryForCurrentTaskList() - m_currentTaskList=31
D 15:28:41.2352911 PowerProcessor.EndCurrentTaskList() - m_currentTaskList=31
D 15:28:41.2352911 PowerTaskList.DebugDump() - ID=32 ParentID=0 PreviousID=0 TaskCount=14
D 15:28:41.2352911 PowerTaskList.DebugPrintPower() - BLOCK_START BlockType=TRIGGER Entity=GameEntity EffectCardId=System.Collections.Generic.List`1[System.String] EffectIndex=-1 Target=0 SubOption=-1 TriggerKeyword=TAG_NOT_SET
D 15:28:41.2352911 PowerTaskList.DebugPrintPower() -     TAG_CHANGE Entity=湫然#51704 tag=1292 value=1 
D 15:28:41.2352911 PowerTaskList.DebugPrintPower() -     TAG_CHANGE Entity=湫然#51704 tag=1292 value=0 
D 15:28:41.2352911 PowerTaskList.DebugPrintPower() -     TAG_CHANGE Entity=祥瑞御免雪亲王#51915 tag=1292 value=1 
D 15:28:41.2352911 PowerTaskList.DebugPrintPower() -     TAG_CHANGE Entity=湫然#51704 tag=TIMEOUT value=55 
D 15:28:41.2352911 PowerTaskList.DebugPrintPower() -     TAG_CHANGE Entity=[entityName=掀桌子 id=58 zone=HAND zonePos=1 cardId=TOY_883 player=2] tag=NUM_TURNS_IN_HAND value=2 
D 15:28:41.2352911 PowerTaskList.DebugPrintPower() -     TAG_CHANGE Entity=[entityName=飞翼焊装 id=75 zone=HAND zonePos=2 cardId=TTN_463 player=2] tag=NUM_TURNS_IN_HAND value=2 
D 15:28:41.2352911 PowerTaskList.DebugPrintPower() -     TAG_CHANGE Entity=[entityName=灵魂冻结 id=60 zone=HAND zonePos=3 cardId=DEEP_032 player=2] tag=NUM_TURNS_IN_HAND value=2 
D 15:28:41.2352911 PowerTaskList.DebugPrintPower() -     TAG_CHANGE Entity=[entityName=基尔加丹 id=67 zone=HAND zonePos=4 cardId=GDB_145 player=2] tag=NUM_TURNS_IN_HAND value=2 
D 15:28:41.2352911 PowerTaskList.DebugPrintPower() -     TAG_CHANGE Entity=湫然#51704 tag=CURRENT_PLAYER value=0 
D 15:28:41.2352911 PowerTaskList.DebugPrintPower() -     TAG_CHANGE Entity=祥瑞御免雪亲王#51915 tag=CURRENT_PLAYER value=1 
D 15:28:41.2352911 PowerTaskList.DebugPrintPower() -     TAG_CHANGE Entity=GameEntity tag=TURN value=2 
D 15:28:41.2352911 PowerTaskList.DebugPrintPower() -     TAG_CHANGE Entity=GameEntity tag=1882 value=1 
D 15:28:41.2352911 PowerTaskList.DebugPrintPower() -     TAG_CHANGE Entity=祥瑞御免雪亲王#51915 tag=TURN value=1 
D 15:28:41.2352911 PowerTaskList.DebugPrintPower() -     TAG_CHANGE Entity=GameEntity tag=NEXT_STEP value=MAIN_READY 
D 15:28:41.2352911 PowerTaskList.DebugPrintPower() - BLOCK_END
D 15:28:41.2352911 PowerProcessor.PrepareHistoryForCurrentTaskList() - m_currentTaskList=32
D 15:28:41.2352911 PowerProcessor.EndCurrentTaskList() - m_currentTaskList=32
D 15:28:41.2352911 PowerTaskList.DebugDump() - ID=33 ParentID=0 PreviousID=0 TaskCount=1
D 15:28:41.2352911 PowerTaskList.DebugDump() - Block Start=(null)
D 15:28:41.2352911 PowerTaskList.DebugPrintPower() -     TAG_CHANGE Entity=GameEntity tag=STEP value=MAIN_READY 
D 15:28:41.2352911 PowerTaskList.DebugDump() - Block End=(null)
D 15:28:41.2352911 PowerProcessor.PrepareHistoryForCurrentTaskList() - m_currentTaskList=33
D 15:28:41.2352911 PowerProcessor.EndCurrentTaskList() - m_currentTaskList=33
D 15:28:41.2352911 PowerTaskList.DebugDump() - ID=34 ParentID=0 PreviousID=0 TaskCount=10
D 15:28:41.2352911 PowerTaskList.DebugPrintPower() - BLOCK_START BlockType=TRIGGER Entity=祥瑞御免雪亲王#51915 EffectCardId=System.Collections.Generic.List`1[System.String] EffectIndex=-1 Target=0 SubOption=-1 TriggerKeyword=TAG_NOT_SET
D 15:28:41.2352911 PowerTaskList.DebugPrintPower() -     TAG_CHANGE Entity=GameEntity tag=NUM_TURNS_IN_PLAY value=2 
D 15:28:41.2352911 PowerTaskList.DebugPrintPower() -     TAG_CHANGE Entity=祥瑞御免雪亲王#51915 tag=NUM_TURNS_IN_PLAY value=2 
D 15:28:41.2352911 PowerTaskList.DebugPrintPower() -     TAG_CHANGE Entity=湫然#51704 tag=NUM_TURNS_IN_PLAY value=2 
D 15:28:41.2352911 PowerTaskList.DebugPrintPower() -     TAG_CHANGE Entity=[entityName=古尔丹 id=4 zone=PLAY zonePos=0 cardId=HERO_07 player=1] tag=NUM_TURNS_IN_PLAY value=2 
D 15:28:41.2352911 PowerTaskList.DebugPrintPower() -     TAG_CHANGE Entity=[entityName=古尔丹 id=6 zone=PLAY zonePos=0 cardId=HERO_07 player=2] tag=NUM_TURNS_IN_PLAY value=2 
D 15:28:41.2352911 PowerTaskList.DebugPrintPower() -     TAG_CHANGE Entity=[entityName=生命分流 id=8 zone=PLAY zonePos=0 cardId=HERO_07bp player=1] tag=NUM_TURNS_IN_PLAY value=2 
D 15:28:41.2352911 PowerTaskList.DebugPrintPower() -     TAG_CHANGE Entity=[entityName=生命分流 id=45 zone=PLAY zonePos=0 cardId=HERO_07bp player=2] tag=NUM_TURNS_IN_PLAY value=2 
D 15:28:41.2352911 PowerTaskList.DebugPrintPower() -     TAG_CHANGE Entity=祥瑞御免雪亲王#51915 tag=RESOURCES value=1 
D 15:28:41.2352911 PowerTaskList.DebugPrintPower() -     TAG_CHANGE Entity=湫然#51704 tag=NUM_CARDS_DRAWN_THIS_TURN value=0 
D 15:28:41.2352911 PowerTaskList.DebugPrintPower() -     TAG_CHANGE Entity=GameEntity tag=NEXT_STEP value=MAIN_START_TRIGGERS 
D 15:28:41.2352911 PowerTaskList.DebugPrintPower() - BLOCK_END
D 15:28:41.2352911 PowerProcessor.PrepareHistoryForCurrentTaskList() - m_currentTaskList=34
D 15:28:41.2352911 PowerProcessor.EndCurrentTaskList() - m_currentTaskList=34
D 15:28:41.2352911 PowerTaskList.DebugDump() - ID=35 ParentID=0 PreviousID=0 TaskCount=1
D 15:28:41.2352911 PowerTaskList.DebugDump() - Block Start=(null)
D 15:28:41.2352911 PowerTaskList.DebugPrintPower() -     TAG_CHANGE Entity=GameEntity tag=STEP value=MAIN_START_TRIGGERS 
D 15:28:41.2352911 PowerTaskList.DebugDump() - Block End=(null)
D 15:28:41.2352911 PowerProcessor.PrepareHistoryForCurrentTaskList() - m_currentTaskList=35
D 15:28:41.2352911 PowerProcessor.EndCurrentTaskList() - m_currentTaskList=35
D 15:28:41.2352911 PowerTaskList.DebugDump() - ID=36 ParentID=0 PreviousID=0 TaskCount=1
D 15:28:41.2352911 PowerTaskList.DebugPrintPower() - BLOCK_START BlockType=TRIGGER Entity=祥瑞御免雪亲王#51915 EffectCardId=System.Collections.Generic.List`1[System.String] EffectIndex=-1 Target=0 SubOption=-1 TriggerKeyword=TAG_NOT_SET
D 15:28:41.2352911 PowerTaskList.DebugPrintPower() -     TAG_CHANGE Entity=GameEntity tag=NEXT_STEP value=MAIN_START 
D 15:28:41.2352911 PowerTaskList.DebugPrintPower() - BLOCK_END
D 15:28:41.2352911 PowerProcessor.PrepareHistoryForCurrentTaskList() - m_currentTaskList=36
D 15:28:41.2352911 PowerProcessor.EndCurrentTaskList() - m_currentTaskList=36
D 15:28:41.2352911 PowerTaskList.DebugDump() - ID=37 ParentID=0 PreviousID=0 TaskCount=1
D 15:28:41.2352911 PowerTaskList.DebugDump() - Block Start=(null)
D 15:28:41.2352911 PowerTaskList.DebugPrintPower() -     TAG_CHANGE Entity=GameEntity tag=STEP value=MAIN_START 
D 15:28:41.2352911 PowerTaskList.DebugDump() - Block End=(null)
D 15:28:41.2352911 PowerProcessor.PrepareHistoryForCurrentTaskList() - m_currentTaskList=37
D 15:28:41.2352911 PowerProcessor.EndCurrentTaskList() - m_currentTaskList=37
D 15:28:41.2352911 PowerTaskList.DebugDump() - ID=38 ParentID=0 PreviousID=0 TaskCount=10
D 15:28:41.2352911 PowerTaskList.DebugPrintPower() - BLOCK_START BlockType=TRIGGER Entity=祥瑞御免雪亲王#51915 EffectCardId=System.Collections.Generic.List`1[System.String] EffectIndex=-1 Target=0 SubOption=-1 TriggerKeyword=TAG_NOT_SET
D 15:28:41.2352911 PowerTaskList.DebugPrintPower() -     TAG_CHANGE Entity=祥瑞御免雪亲王#51915 tag=2166 value=43 
D 15:28:41.2352911 PowerTaskList.DebugPrintPower() -     TAG_CHANGE Entity=祥瑞御免雪亲王#51915 tag=467 value=1 
D 15:28:41.2352911 PowerTaskList.DebugPrintPower() -     TAG_CHANGE Entity=[entityName=UNKNOWN ENTITY [cardType=INVALID] id=43 zone=DECK zonePos=0 cardId= player=1] tag=ZONE value=HAND 
D 15:28:41.2352911 PowerTaskList.DebugPrintPower() -     TAG_CHANGE Entity=[entityName=UNKNOWN ENTITY [cardType=INVALID] id=43 zone=DECK zonePos=0 cardId= player=1] tag=ZONE_POSITION value=6 
D 15:28:41.2352911 PowerTaskList.DebugPrintPower() -     TAG_CHANGE Entity=[entityName=UNKNOWN ENTITY [cardType=INVALID] id=43 zone=DECK zonePos=0 cardId= player=1] tag=ZONE_POSITION value=0 
D 15:28:41.2352911 PowerTaskList.DebugPrintPower() -     TAG_CHANGE Entity=[entityName=UNKNOWN ENTITY [cardType=INVALID] id=43 zone=DECK zonePos=0 cardId= player=1] tag=ZONE_POSITION value=6 
D 15:28:41.2352911 PowerTaskList.DebugPrintPower() -     TAG_CHANGE Entity=祥瑞御免雪亲王#51915 tag=NUM_CARDS_DRAWN_THIS_TURN value=1 
D 15:28:41.2352911 PowerTaskList.DebugPrintPower() -     TAG_CHANGE Entity=祥瑞御免雪亲王#51915 tag=995 value=1 
D 15:28:41.2352911 PowerTaskList.DebugPrintPower() -     TAG_CHANGE Entity=祥瑞御免雪亲王#51915 tag=467 value=0 
D 15:28:41.2352911 PowerTaskList.DebugPrintPower() -     TAG_CHANGE Entity=GameEntity tag=NEXT_STEP value=MAIN_ACTION 
D 15:28:41.2352911 PowerTaskList.DebugPrintPower() - BLOCK_END
D 15:28:41.2352911 PowerProcessor.PrepareHistoryForCurrentTaskList() - m_currentTaskList=38
D 15:28:42.7557712 PowerProcessor.EndCurrentTaskList() - m_currentTaskList=38
D 15:28:42.7624427 PowerTaskList.DebugDump() - ID=39 ParentID=0 PreviousID=0 TaskCount=1
D 15:28:42.7624427 PowerTaskList.DebugDump() - Block Start=(null)
D 15:28:42.7624427 PowerTaskList.DebugPrintPower() -     TAG_CHANGE Entity=GameEntity tag=STEP value=MAIN_ACTION 
D 15:28:42.7624427 PowerTaskList.DebugDump() - Block End=(null)
D 15:28:42.7624427 PowerProcessor.PrepareHistoryForCurrentTaskList() - m_currentTaskList=39
D 15:28:42.7624427 PowerProcessor.EndCurrentTaskList() - m_currentTaskList=39
D 15:28:42.7624427 PowerTaskList.DebugDump() - ID=40 ParentID=0 PreviousID=0 TaskCount=1
D 15:28:42.7624427 PowerTaskList.DebugPrintPower() - BLOCK_START BlockType=TRIGGER Entity=祥瑞御免雪亲王#51915 EffectCardId=System.Collections.Generic.List`1[System.String] EffectIndex=-1 Target=0 SubOption=-1 TriggerKeyword=TAG_NOT_SET
D 15:28:42.7624427 PowerTaskList.DebugPrintPower() -     TAG_CHANGE Entity=GameEntity tag=NEXT_STEP value=MAIN_END 
D 15:28:42.7624427 PowerTaskList.DebugPrintPower() - BLOCK_END
D 15:28:42.7624427 PowerProcessor.PrepareHistoryForCurrentTaskList() - m_currentTaskList=40
D 15:28:42.7624427 PowerProcessor.EndCurrentTaskList() - m_currentTaskList=40
D 15:28:48.5036293 GameState.DebugPrintPowerList() - Count=70
D 15:28:48.5036293 GameState.DebugPrintPower() - TAG_CHANGE Entity=GameEntity tag=STEP value=MAIN_END 
D 15:28:48.5036293 GameState.DebugPrintPower() - BLOCK_START BlockType=TRIGGER Entity=祥瑞御免雪亲王#51915 EffectCardId=System.Collections.Generic.List`1[System.String] EffectIndex=-1 Target=0 SubOption=-1 TriggerKeyword=TAG_NOT_SET
D 15:28:48.5036293 GameState.DebugPrintPower() -     TAG_CHANGE Entity=GameEntity tag=NEXT_STEP value=MAIN_CLEANUP 
D 15:28:48.5036293 GameState.DebugPrintPower() - BLOCK_END
D 15:28:48.5036293 GameState.DebugPrintPower() - BLOCK_START BlockType=TRIGGER Entity=祥瑞御免雪亲王#51915 EffectCardId=System.Collections.Generic.List`1[System.String] EffectIndex=-1 Target=0 SubOption=-1 TriggerKeyword=TAG_NOT_SET
D 15:28:48.5036293 GameState.DebugPrintPower() - BLOCK_END
D 15:28:48.5036293 GameState.DebugPrintPower() - BLOCK_START BlockType=TRIGGER Entity=湫然#51704 EffectCardId=System.Collections.Generic.List`1[System.String] EffectIndex=-1 Target=0 SubOption=-1 TriggerKeyword=TAG_NOT_SET
D 15:28:48.5036293 GameState.DebugPrintPower() - BLOCK_END
D 15:28:48.5036293 GameState.DebugPrintPower() - TAG_CHANGE Entity=GameEntity tag=STEP value=MAIN_CLEANUP 
D 15:28:48.5036293 GameState.DebugPrintPower() - BLOCK_START BlockType=TRIGGER Entity=祥瑞御免雪亲王#51915 EffectCardId=System.Collections.Generic.List`1[System.String] EffectIndex=-1 Target=0 SubOption=-1 TriggerKeyword=TAG_NOT_SET
D 15:28:48.5036293 GameState.DebugPrintPower() -     TAG_CHANGE Entity=祥瑞御免雪亲王#51915 tag=1854 value=1 
D 15:28:48.5036293 GameState.DebugPrintPower() -     TAG_CHANGE Entity=GameEntity tag=NEXT_STEP value=MAIN_NEXT 
D 15:28:48.5036293 GameState.DebugPrintPower() - BLOCK_END
D 15:28:48.5036293 GameState.DebugPrintPower() - BLOCK_START BlockType=TRIGGER Entity=湫然#51704 EffectCardId=System.Collections.Generic.List`1[System.String] EffectIndex=-1 Target=0 SubOption=-1 TriggerKeyword=TAG_NOT_SET
D 15:28:48.5036293 GameState.DebugPrintPower() - BLOCK_END
D 15:28:48.5036293 GameState.DebugPrintPower() - TAG_CHANGE Entity=GameEntity tag=STEP value=MAIN_NEXT 
D 15:28:48.5036293 GameState.DebugPrintPower() - BLOCK_START BlockType=TRIGGER Entity=GameEntity EffectCardId=System.Collections.Generic.List`1[System.String] EffectIndex=-1 Target=0 SubOption=-1 TriggerKeyword=TAG_NOT_SET
D 15:28:48.5036293 GameState.DebugPrintPower() -     TAG_CHANGE Entity=祥瑞御免雪亲王#51915 tag=1292 value=0 
D 15:28:48.5036293 GameState.DebugPrintPower() -     TAG_CHANGE Entity=湫然#51704 tag=1292 value=1 
D 15:28:48.5036293 GameState.DebugPrintPower() -     TAG_CHANGE Entity=祥瑞御免雪亲王#51915 tag=TIMEOUT value=55 
D 15:28:48.5036293 GameState.DebugPrintPower() -     TAG_CHANGE Entity=[entityName=掀桌子 id=58 zone=HAND zonePos=1 cardId=TOY_883 player=2] tag=NUM_TURNS_IN_HAND value=3 
D 15:28:48.5036293 GameState.DebugPrintPower() -     TAG_CHANGE Entity=[entityName=飞翼焊装 id=75 zone=HAND zonePos=2 cardId=TTN_463 player=2] tag=NUM_TURNS_IN_HAND value=3 
D 15:28:48.5036293 GameState.DebugPrintPower() -     TAG_CHANGE Entity=[entityName=灵魂冻结 id=60 zone=HAND zonePos=3 cardId=DEEP_032 player=2] tag=NUM_TURNS_IN_HAND value=3 
D 15:28:48.5036293 GameState.DebugPrintPower() -     TAG_CHANGE Entity=[entityName=基尔加丹 id=67 zone=HAND zonePos=4 cardId=GDB_145 player=2] tag=NUM_TURNS_IN_HAND value=3 
D 15:28:48.5036293 GameState.DebugPrintPower() -     TAG_CHANGE Entity=祥瑞御免雪亲王#51915 tag=CURRENT_PLAYER value=0 
D 15:28:48.5036293 GameState.DebugPrintPower() -     TAG_CHANGE Entity=湫然#51704 tag=CURRENT_PLAYER value=1 
D 15:28:48.5036293 GameState.DebugPrintPower() -     TAG_CHANGE Entity=GameEntity tag=TURN value=3 
D 15:28:48.5036293 GameState.DebugPrintPower() -     TAG_CHANGE Entity=GameEntity tag=1882 value=2 
D 15:28:48.5036293 GameState.DebugPrintPower() -     TAG_CHANGE Entity=湫然#51704 tag=TURN value=2 
D 15:28:48.5036293 GameState.DebugPrintPower() -     TAG_CHANGE Entity=GameEntity tag=NEXT_STEP value=MAIN_READY 
D 15:28:48.5036293 GameState.DebugPrintPower() - BLOCK_END
D 15:28:48.5036293 GameState.DebugPrintPower() - TAG_CHANGE Entity=GameEntity tag=STEP value=MAIN_READY 
D 15:28:48.5036293 GameState.DebugPrintPower() - BLOCK_START BlockType=TRIGGER Entity=湫然#51704 EffectCardId=System.Collections.Generic.List`1[System.String] EffectIndex=-1 Target=0 SubOption=-1 TriggerKeyword=TAG_NOT_SET
D 15:28:48.5036293 GameState.DebugPrintPower() -     TAG_CHANGE Entity=GameEntity tag=NUM_TURNS_IN_PLAY value=3 
D 15:28:48.5036293 GameState.DebugPrintPower() -     TAG_CHANGE Entity=祥瑞御免雪亲王#51915 tag=NUM_TURNS_IN_PLAY value=3 
D 15:28:48.5036293 GameState.DebugPrintPower() -     TAG_CHANGE Entity=湫然#51704 tag=NUM_TURNS_IN_PLAY value=3 
D 15:28:48.5036293 GameState.DebugPrintPower() -     TAG_CHANGE Entity=[entityName=古尔丹 id=4 zone=PLAY zonePos=0 cardId=HERO_07 player=1] tag=NUM_TURNS_IN_PLAY value=3 
D 15:28:48.5036293 GameState.DebugPrintPower() -     TAG_CHANGE Entity=[entityName=古尔丹 id=6 zone=PLAY zonePos=0 cardId=HERO_07 player=2] tag=NUM_TURNS_IN_PLAY value=3 
D 15:28:48.5036293 GameState.DebugPrintPower() -     TAG_CHANGE Entity=[entityName=生命分流 id=8 zone=PLAY zonePos=0 cardId=HERO_07bp player=1] tag=NUM_TURNS_IN_PLAY value=3 
D 15:28:48.5036293 GameState.DebugPrintPower() -     TAG_CHANGE Entity=[entityName=生命分流 id=45 zone=PLAY zonePos=0 cardId=HERO_07bp player=2] tag=NUM_TURNS_IN_PLAY value=3 
D 15:28:48.5036293 GameState.DebugPrintPower() -     TAG_CHANGE Entity=湫然#51704 tag=RESOURCES value=2 
D 15:28:48.5036293 GameState.DebugPrintPower() -     TAG_CHANGE Entity=祥瑞御免雪亲王#51915 tag=NUM_CARDS_DRAWN_THIS_TURN value=0 
D 15:28:48.5036293 GameState.DebugPrintPower() -     TAG_CHANGE Entity=GameEntity tag=NEXT_STEP value=MAIN_START_TRIGGERS 
D 15:28:48.5036293 GameState.DebugPrintPower() - BLOCK_END
D 15:28:48.5036293 GameState.DebugPrintPower() - TAG_CHANGE Entity=GameEntity tag=STEP value=MAIN_START_TRIGGERS 
D 15:28:48.5036293 GameState.DebugPrintPower() - BLOCK_START BlockType=TRIGGER Entity=湫然#51704 EffectCardId=System.Collections.Generic.List`1[System.String] EffectIndex=-1 Target=0 SubOption=-1 TriggerKeyword=TAG_NOT_SET
D 15:28:48.5036293 GameState.DebugPrintPower() -     TAG_CHANGE Entity=GameEntity tag=NEXT_STEP value=MAIN_START 
D 15:28:48.5036293 GameState.DebugPrintPower() - BLOCK_END
D 15:28:48.5036293 GameState.DebugPrintPower() - TAG_CHANGE Entity=GameEntity tag=STEP value=MAIN_START 
D 15:28:48.5036293 GameState.DebugPrintPower() - BLOCK_START BlockType=TRIGGER Entity=湫然#51704 EffectCardId=System.Collections.Generic.List`1[System.String] EffectIndex=-1 Target=0 SubOption=-1 TriggerKeyword=TAG_NOT_SET
D 15:28:48.5036293 GameState.DebugPrintPower() -     TAG_CHANGE Entity=湫然#51704 tag=2166 value=49 
D 15:28:48.5036293 GameState.DebugPrintPower() -     TAG_CHANGE Entity=湫然#51704 tag=467 value=1 
D 15:28:48.5036293 GameState.DebugPrintPower() -     SHOW_ENTITY - Updating Entity=[entityName=UNKNOWN ENTITY [cardType=INVALID] id=49 zone=DECK zonePos=0 cardId= player=2] CardID=VAC_939
D 15:28:48.5036293 GameState.DebugPrintPower() -         tag=CONTROLLER value=2
D 15:28:48.5036293 GameState.DebugPrintPower() -         tag=CARDTYPE value=SPELL
D 15:28:48.5036293 GameState.DebugPrintPower() -         tag=TAG_LAST_KNOWN_COST_IN_HAND value=2
D 15:28:48.5036293 GameState.DebugPrintPower() -         tag=COST value=2
D 15:28:48.5036293 GameState.DebugPrintPower() -         tag=ZONE value=HAND
D 15:28:48.5036293 GameState.DebugPrintPower() -         tag=ENTITY_ID value=49
D 15:28:48.5036293 GameState.DebugPrintPower() -         tag=CLASS value=WARLOCK
D 15:28:48.5036293 GameState.DebugPrintPower() -         tag=RARITY value=COMMON
D 15:28:48.5036293 GameState.DebugPrintPower() -         tag=CREATOR value=0
D 15:28:48.5036293 GameState.DebugPrintPower() -         tag=478 value=2
D 15:28:48.5036293 GameState.DebugPrintPower() -         tag=1037 value=2
D 15:28:48.5036293 GameState.DebugPrintPower() -         tag=1043 value=1
D 15:28:48.5036293 GameState.DebugPrintPower() -         tag=1068 value=0
D 15:28:48.5036293 GameState.DebugPrintPower() -         tag=SPAWN_TIME_COUNT value=1
D 15:28:48.5036293 GameState.DebugPrintPower() -         tag=SPELL_SCHOOL value=2
D 15:28:48.5036293 GameState.DebugPrintPower() -         tag=4901 value=0
D 15:28:48.5036293 GameState.DebugPrintPower() -     TAG_CHANGE Entity=[entityName=UNKNOWN ENTITY [cardType=INVALID] id=49 zone=DECK zonePos=0 cardId= player=2] tag=NUM_TURNS_IN_HAND value=1 
D 15:28:48.5036293 GameState.DebugPrintPower() -     TAG_CHANGE Entity=[entityName=UNKNOWN ENTITY [cardType=INVALID] id=49 zone=DECK zonePos=0 cardId= player=2] tag=ZONE_POSITION value=5 
D 15:28:48.5036293 GameState.DebugPrintPower() -     TAG_CHANGE Entity=[entityName=UNKNOWN ENTITY [cardType=INVALID] id=49 zone=DECK zonePos=0 cardId= player=2] tag=ZONE_POSITION value=0 
D 15:28:48.5036293 GameState.DebugPrintPower() -     TAG_CHANGE Entity=[entityName=UNKNOWN ENTITY [cardType=INVALID] id=49 zone=DECK zonePos=0 cardId= player=2] tag=ZONE_POSITION value=5 
D 15:28:48.5036293 GameState.DebugPrintPower() -     TAG_CHANGE Entity=湫然#51704 tag=3242 value=1 
D 15:28:48.5036293 GameState.DebugPrintPower() -     TAG_CHANGE Entity=湫然#51704 tag=NUM_CARDS_DRAWN_THIS_TURN value=1 
D 15:28:48.5036293 GameState.DebugPrintPower() -     TAG_CHANGE Entity=湫然#51704 tag=995 value=2 
D 15:28:48.5036293 GameState.DebugPrintPower() -     TAG_CHANGE Entity=[entityName=UNKNOWN ENTITY [cardType=INVALID] id=49 zone=DECK zonePos=0 cardId= player=2] tag=1570 value=3 
D 15:28:48.5036293 GameState.DebugPrintPower() -     TAG_CHANGE Entity=湫然#51704 tag=467 value=0 
D 15:28:48.5036293 GameState.DebugPrintPower() -     TAG_CHANGE Entity=GameEntity tag=NEXT_STEP value=MAIN_ACTION 
D 15:28:48.5036293 GameState.DebugPrintPower() - BLOCK_END
D 15:28:48.5036293 GameState.DebugPrintPower() - TAG_CHANGE Entity=[entityName=掀桌子 id=58 zone=HAND zonePos=1 cardId=TOY_883 player=2] tag=TAG_LAST_KNOWN_COST_IN_HAND value=6 
D 15:28:48.5036293 GameState.DebugPrintPower() - TAG_CHANGE Entity=[entityName=掀桌子 id=58 zone=HAND zonePos=1 cardId=TOY_883 player=2] tag=COST value=6 
D 15:28:48.5036293 GameState.DebugPrintPower() - TAG_CHANGE Entity=GameEntity tag=STEP value=MAIN_ACTION 
D 15:28:48.5036293 GameState.DebugPrintPower() - BLOCK_START BlockType=TRIGGER Entity=湫然#51704 EffectCardId=System.Collections.Generic.List`1[System.String] EffectIndex=-1 Target=0 SubOption=-1 TriggerKeyword=TAG_NOT_SET
D 15:28:48.5036293 GameState.DebugPrintPower() -     TAG_CHANGE Entity=GameEntity tag=NEXT_STEP value=MAIN_END 
D 15:28:48.5036293 GameState.DebugPrintPower() - BLOCK_END
D 15:28:48.5036293 PowerTaskList.DebugDump() - ID=41 ParentID=0 PreviousID=0 TaskCount=1
D 15:28:48.5036293 PowerTaskList.DebugDump() - Block Start=(null)
D 15:28:48.5036293 PowerTaskList.DebugPrintPower() -     TAG_CHANGE Entity=GameEntity tag=STEP value=MAIN_END 
D 15:28:48.5036293 PowerTaskList.DebugDump() - Block End=(null)
D 15:28:48.5036293 PowerProcessor.PrepareHistoryForCurrentTaskList() - m_currentTaskList=41
D 15:28:48.5036293 PowerProcessor.EndCurrentTaskList() - m_currentTaskList=41
D 15:28:48.5036293 PowerTaskList.DebugDump() - ID=42 ParentID=41 PreviousID=0 TaskCount=1
D 15:28:48.5036293 PowerTaskList.DebugPrintPower() - BLOCK_START BlockType=TRIGGER Entity=祥瑞御免雪亲王#51915 EffectCardId=System.Collections.Generic.List`1[System.String] EffectIndex=-1 Target=0 SubOption=-1 TriggerKeyword=TAG_NOT_SET
D 15:28:48.5036293 PowerTaskList.DebugPrintPower() -     TAG_CHANGE Entity=GameEntity tag=NEXT_STEP value=MAIN_CLEANUP 
D 15:28:48.5036293 PowerTaskList.DebugPrintPower() - BLOCK_END
D 15:28:48.5036293 PowerProcessor.PrepareHistoryForCurrentTaskList() - m_currentTaskList=42
D 15:28:48.5036293 PowerProcessor.EndCurrentTaskList() - m_currentTaskList=42
D 15:28:48.5036293 PowerTaskList.DebugDump() - ID=43 ParentID=0 PreviousID=0 TaskCount=0
D 15:28:48.5036293 PowerTaskList.DebugPrintPower() - BLOCK_START BlockType=TRIGGER Entity=祥瑞御免雪亲王#51915 EffectCardId=System.Collections.Generic.List`1[System.String] EffectIndex=-1 Target=0 SubOption=-1 TriggerKeyword=TAG_NOT_SET
D 15:28:48.5036293 PowerTaskList.DebugPrintPower() - BLOCK_END
D 15:28:48.5036293 PowerProcessor.PrepareHistoryForCurrentTaskList() - m_currentTaskList=43
D 15:28:48.5036293 PowerProcessor.EndCurrentTaskList() - m_currentTaskList=43
D 15:28:48.5036293 PowerTaskList.DebugDump() - ID=44 ParentID=0 PreviousID=0 TaskCount=0
D 15:28:48.5036293 PowerTaskList.DebugPrintPower() - BLOCK_START BlockType=TRIGGER Entity=湫然#51704 EffectCardId=System.Collections.Generic.List`1[System.String] EffectIndex=-1 Target=0 SubOption=-1 TriggerKeyword=TAG_NOT_SET
D 15:28:48.5036293 PowerTaskList.DebugPrintPower() - BLOCK_END
D 15:28:48.5036293 PowerProcessor.PrepareHistoryForCurrentTaskList() - m_currentTaskList=44
D 15:28:48.5036293 PowerProcessor.EndCurrentTaskList() - m_currentTaskList=44
D 15:28:48.5036293 PowerTaskList.DebugDump() - ID=45 ParentID=0 PreviousID=0 TaskCount=1
D 15:28:48.5036293 PowerTaskList.DebugDump() - Block Start=(null)
D 15:28:48.5036293 PowerTaskList.DebugPrintPower() -     TAG_CHANGE Entity=GameEntity tag=STEP value=MAIN_CLEANUP 
D 15:28:48.5036293 PowerTaskList.DebugDump() - Block End=(null)
D 15:28:48.5036293 PowerProcessor.PrepareHistoryForCurrentTaskList() - m_currentTaskList=45
D 15:28:48.5036293 PowerProcessor.EndCurrentTaskList() - m_currentTaskList=45
D 15:28:48.5036293 PowerTaskList.DebugDump() - ID=46 ParentID=0 PreviousID=0 TaskCount=2
D 15:28:48.5036293 PowerTaskList.DebugPrintPower() - BLOCK_START BlockType=TRIGGER Entity=祥瑞御免雪亲王#51915 EffectCardId=System.Collections.Generic.List`1[System.String] EffectIndex=-1 Target=0 SubOption=-1 TriggerKeyword=TAG_NOT_SET
D 15:28:48.5036293 PowerTaskList.DebugPrintPower() -     TAG_CHANGE Entity=祥瑞御免雪亲王#51915 tag=1854 value=1 
D 15:28:48.5036293 PowerTaskList.DebugPrintPower() -     TAG_CHANGE Entity=GameEntity tag=NEXT_STEP value=MAIN_NEXT 
D 15:28:48.5036293 PowerTaskList.DebugPrintPower() - BLOCK_END
D 15:28:48.5036293 PowerProcessor.PrepareHistoryForCurrentTaskList() - m_currentTaskList=46
D 15:28:48.5036293 PowerProcessor.EndCurrentTaskList() - m_currentTaskList=46
D 15:28:48.5036293 PowerTaskList.DebugDump() - ID=47 ParentID=0 PreviousID=0 TaskCount=0
D 15:28:48.5036293 PowerTaskList.DebugPrintPower() - BLOCK_START BlockType=TRIGGER Entity=湫然#51704 EffectCardId=System.Collections.Generic.List`1[System.String] EffectIndex=-1 Target=0 SubOption=-1 TriggerKeyword=TAG_NOT_SET
D 15:28:48.5036293 PowerTaskList.DebugPrintPower() - BLOCK_END
D 15:28:48.5036293 PowerProcessor.PrepareHistoryForCurrentTaskList() - m_currentTaskList=47
D 15:28:48.5036293 PowerProcessor.EndCurrentTaskList() - m_currentTaskList=47
D 15:28:48.5036293 PowerTaskList.DebugDump() - ID=48 ParentID=0 PreviousID=0 TaskCount=1
D 15:28:48.5036293 PowerTaskList.DebugDump() - Block Start=(null)
D 15:28:48.5036293 PowerTaskList.DebugPrintPower() -     TAG_CHANGE Entity=GameEntity tag=STEP value=MAIN_NEXT 
D 15:28:48.5036293 PowerTaskList.DebugDump() - Block End=(null)
D 15:28:48.5036293 PowerProcessor.PrepareHistoryForCurrentTaskList() - m_currentTaskList=48
D 15:28:48.5036293 PowerProcessor.EndCurrentTaskList() - m_currentTaskList=48
D 15:28:48.5036293 PowerTaskList.DebugDump() - ID=49 ParentID=0 PreviousID=0 TaskCount=13
D 15:28:48.5036293 PowerTaskList.DebugPrintPower() - BLOCK_START BlockType=TRIGGER Entity=GameEntity EffectCardId=System.Collections.Generic.List`1[System.String] EffectIndex=-1 Target=0 SubOption=-1 TriggerKeyword=TAG_NOT_SET
D 15:28:48.5036293 PowerTaskList.DebugPrintPower() -     TAG_CHANGE Entity=祥瑞御免雪亲王#51915 tag=1292 value=0 
D 15:28:48.5036293 PowerTaskList.DebugPrintPower() -     TAG_CHANGE Entity=湫然#51704 tag=1292 value=1 
D 15:28:48.5036293 PowerTaskList.DebugPrintPower() -     TAG_CHANGE Entity=祥瑞御免雪亲王#51915 tag=TIMEOUT value=55 
D 15:28:48.5036293 PowerTaskList.DebugPrintPower() -     TAG_CHANGE Entity=[entityName=掀桌子 id=58 zone=HAND zonePos=1 cardId=TOY_883 player=2] tag=NUM_TURNS_IN_HAND value=3 
D 15:28:48.5036293 PowerTaskList.DebugPrintPower() -     TAG_CHANGE Entity=[entityName=飞翼焊装 id=75 zone=HAND zonePos=2 cardId=TTN_463 player=2] tag=NUM_TURNS_IN_HAND value=3 
D 15:28:48.5036293 PowerTaskList.DebugPrintPower() -     TAG_CHANGE Entity=[entityName=灵魂冻结 id=60 zone=HAND zonePos=3 cardId=DEEP_032 player=2] tag=NUM_TURNS_IN_HAND value=3 
D 15:28:48.5036293 PowerTaskList.DebugPrintPower() -     TAG_CHANGE Entity=[entityName=基尔加丹 id=67 zone=HAND zonePos=4 cardId=GDB_145 player=2] tag=NUM_TURNS_IN_HAND value=3 
D 15:28:48.5036293 PowerTaskList.DebugPrintPower() -     TAG_CHANGE Entity=祥瑞御免雪亲王#51915 tag=CURRENT_PLAYER value=0 
D 15:28:48.5036293 PowerTaskList.DebugPrintPower() -     TAG_CHANGE Entity=湫然#51704 tag=CURRENT_PLAYER value=1 
D 15:28:48.5036293 PowerTaskList.DebugPrintPower() -     TAG_CHANGE Entity=GameEntity tag=TURN value=3 
D 15:28:48.5036293 PowerTaskList.DebugPrintPower() -     TAG_CHANGE Entity=GameEntity tag=1882 value=2 
D 15:28:48.5036293 PowerTaskList.DebugPrintPower() -     TAG_CHANGE Entity=湫然#51704 tag=TURN value=2 
D 15:28:48.5036293 PowerTaskList.DebugPrintPower() -     TAG_CHANGE Entity=GameEntity tag=NEXT_STEP value=MAIN_READY 
D 15:28:48.5036293 PowerTaskList.DebugPrintPower() - BLOCK_END
D 15:28:48.5036293 PowerProcessor.PrepareHistoryForCurrentTaskList() - m_currentTaskList=49
D 15:28:48.5036293 PowerProcessor.EndCurrentTaskList() - m_currentTaskList=49
D 15:28:48.5036293 PowerTaskList.DebugDump() - ID=50 ParentID=0 PreviousID=0 TaskCount=1
D 15:28:48.5036293 PowerTaskList.DebugDump() - Block Start=(null)
D 15:28:48.5036293 PowerTaskList.DebugPrintPower() -     TAG_CHANGE Entity=GameEntity tag=STEP value=MAIN_READY 
D 15:28:48.5036293 PowerTaskList.DebugDump() - Block End=(null)
D 15:28:48.5036293 PowerProcessor.PrepareHistoryForCurrentTaskList() - m_currentTaskList=50
D 15:28:48.5036293 PowerProcessor.EndCurrentTaskList() - m_currentTaskList=50
D 15:28:48.5036293 PowerTaskList.DebugDump() - ID=51 ParentID=0 PreviousID=0 TaskCount=10
D 15:28:48.5036293 PowerTaskList.DebugPrintPower() - BLOCK_START BlockType=TRIGGER Entity=湫然#51704 EffectCardId=System.Collections.Generic.List`1[System.String] EffectIndex=-1 Target=0 SubOption=-1 TriggerKeyword=TAG_NOT_SET
D 15:28:48.5036293 PowerTaskList.DebugPrintPower() -     TAG_CHANGE Entity=GameEntity tag=NUM_TURNS_IN_PLAY value=3 
D 15:28:48.5036293 PowerTaskList.DebugPrintPower() -     TAG_CHANGE Entity=祥瑞御免雪亲王#51915 tag=NUM_TURNS_IN_PLAY value=3 
D 15:28:48.5036293 PowerTaskList.DebugPrintPower() -     TAG_CHANGE Entity=湫然#51704 tag=NUM_TURNS_IN_PLAY value=3 
D 15:28:48.5036293 PowerTaskList.DebugPrintPower() -     TAG_CHANGE Entity=[entityName=古尔丹 id=4 zone=PLAY zonePos=0 cardId=HERO_07 player=1] tag=NUM_TURNS_IN_PLAY value=3 
D 15:28:48.5036293 PowerTaskList.DebugPrintPower() -     TAG_CHANGE Entity=[entityName=古尔丹 id=6 zone=PLAY zonePos=0 cardId=HERO_07 player=2] tag=NUM_TURNS_IN_PLAY value=3 
D 15:28:48.5036293 PowerTaskList.DebugPrintPower() -     TAG_CHANGE Entity=[entityName=生命分流 id=8 zone=PLAY zonePos=0 cardId=HERO_07bp player=1] tag=NUM_TURNS_IN_PLAY value=3 
D 15:28:48.5036293 PowerTaskList.DebugPrintPower() -     TAG_CHANGE Entity=[entityName=生命分流 id=45 zone=PLAY zonePos=0 cardId=HERO_07bp player=2] tag=NUM_TURNS_IN_PLAY value=3 
D 15:28:48.5036293 PowerTaskList.DebugPrintPower() -     TAG_CHANGE Entity=湫然#51704 tag=RESOURCES value=2 
D 15:28:48.5036293 PowerTaskList.DebugPrintPower() -     TAG_CHANGE Entity=祥瑞御免雪亲王#51915 tag=NUM_CARDS_DRAWN_THIS_TURN value=0 
D 15:28:48.5036293 PowerTaskList.DebugPrintPower() -     TAG_CHANGE Entity=GameEntity tag=NEXT_STEP value=MAIN_START_TRIGGERS 
D 15:28:48.5036293 PowerTaskList.DebugPrintPower() - BLOCK_END
D 15:28:48.5036293 PowerProcessor.PrepareHistoryForCurrentTaskList() - m_currentTaskList=51
D 15:28:48.5036293 PowerProcessor.EndCurrentTaskList() - m_currentTaskList=51
D 15:28:48.5036293 PowerTaskList.DebugDump() - ID=52 ParentID=0 PreviousID=0 TaskCount=1
D 15:28:48.5036293 PowerTaskList.DebugDump() - Block Start=(null)
D 15:28:48.5036293 PowerTaskList.DebugPrintPower() -     TAG_CHANGE Entity=GameEntity tag=STEP value=MAIN_START_TRIGGERS 
D 15:28:48.5036293 PowerTaskList.DebugDump() - Block End=(null)
D 15:28:48.5036293 PowerProcessor.PrepareHistoryForCurrentTaskList() - m_currentTaskList=52
D 15:28:48.5036293 PowerProcessor.EndCurrentTaskList() - m_currentTaskList=52
D 15:28:48.5036293 PowerTaskList.DebugDump() - ID=53 ParentID=0 PreviousID=0 TaskCount=1
D 15:28:48.5036293 PowerTaskList.DebugPrintPower() - BLOCK_START BlockType=TRIGGER Entity=湫然#51704 EffectCardId=System.Collections.Generic.List`1[System.String] EffectIndex=-1 Target=0 SubOption=-1 TriggerKeyword=TAG_NOT_SET
D 15:28:48.5036293 PowerTaskList.DebugPrintPower() -     TAG_CHANGE Entity=GameEntity tag=NEXT_STEP value=MAIN_START 
D 15:28:48.5036293 PowerTaskList.DebugPrintPower() - BLOCK_END
D 15:28:48.5036293 PowerProcessor.PrepareHistoryForCurrentTaskList() - m_currentTaskList=53
D 15:28:48.5036293 PowerProcessor.EndCurrentTaskList() - m_currentTaskList=53
D 15:28:48.5036293 PowerTaskList.DebugDump() - ID=54 ParentID=0 PreviousID=0 TaskCount=1
D 15:28:48.5036293 PowerTaskList.DebugDump() - Block Start=(null)
D 15:28:48.5036293 PowerTaskList.DebugPrintPower() -     TAG_CHANGE Entity=GameEntity tag=STEP value=MAIN_START 
D 15:28:48.5036293 PowerTaskList.DebugDump() - Block End=(null)
D 15:28:48.5036293 PowerProcessor.PrepareHistoryForCurrentTaskList() - m_currentTaskList=54
D 15:28:48.5036293 PowerProcessor.EndCurrentTaskList() - m_currentTaskList=54
D 15:28:48.5036293 PowerTaskList.DebugDump() - ID=55 ParentID=0 PreviousID=0 TaskCount=13
D 15:28:48.5036293 PowerTaskList.DebugPrintPower() - BLOCK_START BlockType=TRIGGER Entity=湫然#51704 EffectCardId=System.Collections.Generic.List`1[System.String] EffectIndex=-1 Target=0 SubOption=-1 TriggerKeyword=TAG_NOT_SET
D 15:28:48.5036293 PowerTaskList.DebugPrintPower() -     TAG_CHANGE Entity=湫然#51704 tag=2166 value=49 
D 15:28:48.5036293 PowerTaskList.DebugPrintPower() -     TAG_CHANGE Entity=湫然#51704 tag=467 value=1 
D 15:28:48.5036293 PowerTaskList.DebugPrintPower() -     SHOW_ENTITY - Updating Entity=[entityName=UNKNOWN ENTITY [cardType=INVALID] id=49 zone=DECK zonePos=0 cardId= player=2] CardID=VAC_939
D 15:28:48.5036293 PowerTaskList.DebugPrintPower() -         tag=CONTROLLER value=2
D 15:28:48.5036293 PowerTaskList.DebugPrintPower() -         tag=CARDTYPE value=SPELL
D 15:28:48.5036293 PowerTaskList.DebugPrintPower() -         tag=TAG_LAST_KNOWN_COST_IN_HAND value=2
D 15:28:48.5036293 PowerTaskList.DebugPrintPower() -         tag=COST value=2
D 15:28:48.5036293 PowerTaskList.DebugPrintPower() -         tag=ZONE value=HAND
D 15:28:48.5036293 PowerTaskList.DebugPrintPower() -         tag=ENTITY_ID value=49
D 15:28:48.5036293 PowerTaskList.DebugPrintPower() -         tag=CLASS value=WARLOCK
D 15:28:48.5036293 PowerTaskList.DebugPrintPower() -         tag=RARITY value=COMMON
D 15:28:48.5036293 PowerTaskList.DebugPrintPower() -         tag=CREATOR value=0
D 15:28:48.5036293 PowerTaskList.DebugPrintPower() -         tag=478 value=2
D 15:28:48.5036293 PowerTaskList.DebugPrintPower() -         tag=1037 value=2
D 15:28:48.5036293 PowerTaskList.DebugPrintPower() -         tag=1043 value=1
D 15:28:48.5036293 PowerTaskList.DebugPrintPower() -         tag=1068 value=0
D 15:28:48.5036293 PowerTaskList.DebugPrintPower() -         tag=SPAWN_TIME_COUNT value=1
D 15:28:48.5036293 PowerTaskList.DebugPrintPower() -         tag=SPELL_SCHOOL value=2
D 15:28:48.5036293 PowerTaskList.DebugPrintPower() -         tag=4901 value=0
D 15:28:48.5036293 PowerTaskList.DebugPrintPower() -     TAG_CHANGE Entity=[entityName=UNKNOWN ENTITY [cardType=INVALID] id=49 zone=DECK zonePos=0 cardId= player=2] tag=NUM_TURNS_IN_HAND value=1 
D 15:28:48.5036293 PowerTaskList.DebugPrintPower() -     TAG_CHANGE Entity=[entityName=UNKNOWN ENTITY [cardType=INVALID] id=49 zone=DECK zonePos=0 cardId= player=2] tag=ZONE_POSITION value=5 
D 15:28:48.5036293 PowerTaskList.DebugPrintPower() -     TAG_CHANGE Entity=[entityName=UNKNOWN ENTITY [cardType=INVALID] id=49 zone=DECK zonePos=0 cardId= player=2] tag=ZONE_POSITION value=0 
D 15:28:48.5036293 PowerTaskList.DebugPrintPower() -     TAG_CHANGE Entity=[entityName=UNKNOWN ENTITY [cardType=INVALID] id=49 zone=DECK zonePos=0 cardId= player=2] tag=ZONE_POSITION value=5 
D 15:28:48.5036293 PowerTaskList.DebugPrintPower() -     TAG_CHANGE Entity=湫然#51704 tag=3242 value=1 
D 15:28:48.5036293 PowerTaskList.DebugPrintPower() -     TAG_CHANGE Entity=湫然#51704 tag=NUM_CARDS_DRAWN_THIS_TURN value=1 
D 15:28:48.5036293 PowerTaskList.DebugPrintPower() -     TAG_CHANGE Entity=湫然#51704 tag=995 value=2 
D 15:28:48.5036293 PowerTaskList.DebugPrintPower() -     TAG_CHANGE Entity=[entityName=UNKNOWN ENTITY [cardType=INVALID] id=49 zone=DECK zonePos=0 cardId= player=2] tag=1570 value=3 
D 15:28:48.5036293 PowerTaskList.DebugPrintPower() -     TAG_CHANGE Entity=湫然#51704 tag=467 value=0 
D 15:28:48.5036293 PowerTaskList.DebugPrintPower() -     TAG_CHANGE Entity=GameEntity tag=NEXT_STEP value=MAIN_ACTION 
D 15:28:48.5036293 PowerTaskList.DebugPrintPower() - BLOCK_END
D 15:28:48.5036293 PowerProcessor.PrepareHistoryForCurrentTaskList() - m_currentTaskList=55
D 15:28:48.5817291 GameState.DebugPrintOptions() - id=3
D 15:28:48.5817291 GameState.DebugPrintOptions() -   option 0 type=END_TURN mainEntity= error=INVALID errorParam=
D 15:28:48.5817291 GameState.DebugPrintOptions() -   option 1 type=POWER mainEntity=[entityName=生命分流 id=45 zone=PLAY zonePos=0 cardId=HERO_07bp player=2] error=NONE errorParam=
D 15:28:48.5817291 GameState.DebugPrintOptions() -   option 2 type=POWER mainEntity=[entityName=掀桌子 id=58 zone=HAND zonePos=1 cardId=TOY_883 player=2] error=REQ_ENOUGH_MANA errorParam=
D 15:28:48.5817291 GameState.DebugPrintOptions() -   option 3 type=POWER mainEntity=[entityName=飞翼焊装 id=75 zone=HAND zonePos=2 cardId=TTN_463 player=2] error=REQ_ENOUGH_MANA errorParam=
D 15:28:48.5817291 GameState.DebugPrintOptions() -   option 4 type=POWER mainEntity=[entityName=灵魂冻结 id=60 zone=HAND zonePos=3 cardId=DEEP_032 player=2] error=REQ_TARGET_TO_PLAY errorParam=
D 15:28:48.5817291 GameState.DebugPrintOptions() -   option 5 type=POWER mainEntity=[entityName=基尔加丹 id=67 zone=HAND zonePos=4 cardId=GDB_145 player=2] error=REQ_ENOUGH_MANA errorParam=
D 15:28:48.5817291 GameState.DebugPrintOptions() -   option 6 type=POWER mainEntity=[entityName=吃掉小鬼！ id=49 zone=HAND zonePos=5 cardId=VAC_939 player=2] error=REQ_TARGET_TO_PLAY errorParam=
D 15:28:48.5817291 GameState.DebugPrintOptions() -   option 7 type=POWER mainEntity=[entityName=古尔丹 id=4 zone=PLAY zonePos=0 cardId=HERO_07 player=1] error=REQ_YOUR_TURN errorParam=
D 15:28:48.5817291 GameState.DebugPrintOptions() -   option 8 type=POWER mainEntity=[entityName=古尔丹 id=6 zone=PLAY zonePos=0 cardId=HERO_07 player=2] error=REQ_ATTACK_GREATER_THAN_0 errorParam=
D 15:28:48.5817291 GameState.DebugPrintOptions() -   option 9 type=POWER mainEntity=[entityName=生命分流 id=8 zone=PLAY zonePos=0 cardId=HERO_07bp player=1] error=REQ_YOUR_TURN errorParam=
D 15:28:49.0255613 PowerProcessor.EndCurrentTaskList() - m_currentTaskList=55
D 15:28:49.0320914 PowerTaskList.DebugDump() - ID=56 ParentID=0 PreviousID=0 TaskCount=3
D 15:28:49.0320914 PowerTaskList.DebugDump() - Block Start=(null)
D 15:28:49.0320914 PowerTaskList.DebugPrintPower() -     TAG_CHANGE Entity=[entityName=掀桌子 id=58 zone=HAND zonePos=1 cardId=TOY_883 player=2] tag=TAG_LAST_KNOWN_COST_IN_HAND value=6 
D 15:28:49.0320914 PowerTaskList.DebugPrintPower() -     TAG_CHANGE Entity=[entityName=掀桌子 id=58 zone=HAND zonePos=1 cardId=TOY_883 player=2] tag=COST value=6 
D 15:28:49.0320914 PowerTaskList.DebugPrintPower() -     TAG_CHANGE Entity=GameEntity tag=STEP value=MAIN_ACTION 
D 15:28:49.0320914 PowerTaskList.DebugDump() - Block End=(null)
D 15:28:49.0320914 PowerProcessor.PrepareHistoryForCurrentTaskList() - m_currentTaskList=56
D 15:28:49.0320914 PowerProcessor.EndCurrentTaskList() - m_currentTaskList=56
D 15:28:49.0320914 PowerTaskList.DebugDump() - ID=57 ParentID=0 PreviousID=0 TaskCount=1
D 15:28:49.0320914 PowerTaskList.DebugPrintPower() - BLOCK_START BlockType=TRIGGER Entity=湫然#51704 EffectCardId=System.Collections.Generic.List`1[System.String] EffectIndex=-1 Target=0 SubOption=-1 TriggerKeyword=TAG_NOT_SET
D 15:28:49.0320914 PowerTaskList.DebugPrintPower() -     TAG_CHANGE Entity=GameEntity tag=NEXT_STEP value=MAIN_END 
D 15:28:49.0320914 PowerTaskList.DebugPrintPower() - BLOCK_END
D 15:28:49.0320914 PowerProcessor.PrepareHistoryForCurrentTaskList() - m_currentTaskList=57
D 15:28:49.0320914 PowerProcessor.EndCurrentTaskList() - m_currentTaskList=57
D 15:28:51.3477278 GameState.SendOption() - selectedOption=1 selectedSubOption=-1 selectedTarget=0 selectedPosition=0
D 15:28:51.5919764 GameState.DebugPrintPowerList() - Count=51
D 15:28:51.5919764 GameState.DebugPrintPower() - BLOCK_START BlockType=PLAY Entity=[entityName=生命分流 id=45 zone=PLAY zonePos=0 cardId=HERO_07bp player=2] EffectCardId=System.Collections.Generic.List`1[System.String] EffectIndex=0 Target=0 SubOption=-1 
D 15:28:51.5919764 GameState.DebugPrintPower() -     TAG_CHANGE Entity=湫然#51704 tag=2245 value=2 
D 15:28:51.5919764 GameState.DebugPrintPower() -     TAG_CHANGE Entity=湫然#51704 tag=RESOURCES_USED value=2 
D 15:28:51.5919764 GameState.DebugPrintPower() -     TAG_CHANGE Entity=湫然#51704 tag=NUM_RESOURCES_SPENT_THIS_GAME value=2 
D 15:28:51.5919764 GameState.DebugPrintPower() -     META_DATA - Meta=SLUSH_TIME Data=2000 InfoCount=1
D 15:28:51.5919764 GameState.DebugPrintPower() -                 Info[0] = [entityName=生命分流 id=45 zone=PLAY zonePos=0 cardId=HERO_07bp player=2]
D 15:28:51.5919764 GameState.DebugPrintPower() -     BLOCK_START BlockType=POWER Entity=[entityName=生命分流 id=45 zone=PLAY zonePos=0 cardId=HERO_07bp player=2] EffectCardId=System.Collections.Generic.List`1[System.String] EffectIndex=0 Target=0 SubOption=-1 
D 15:28:51.5919764 GameState.DebugPrintPower() -         META_DATA - Meta=TARGET Data=0 InfoCount=1
D 15:28:51.5919764 GameState.DebugPrintPower() -                     Info[0] = [entityName=古尔丹 id=6 zone=PLAY zonePos=0 cardId=HERO_07 player=2]
D 15:28:51.5919764 GameState.DebugPrintPower() -         TAG_CHANGE Entity=[entityName=古尔丹 id=6 zone=PLAY zonePos=0 cardId=HERO_07 player=2] tag=2187 value=45 
D 15:28:51.5919764 GameState.DebugPrintPower() -         TAG_CHANGE Entity=[entityName=古尔丹 id=6 zone=PLAY zonePos=0 cardId=HERO_07 player=2] tag=PREDAMAGE value=2 
D 15:28:51.5919764 GameState.DebugPrintPower() -         TAG_CHANGE Entity=[entityName=古尔丹 id=6 zone=PLAY zonePos=0 cardId=HERO_07 player=2] tag=1173 value=6 
D 15:28:51.5919764 GameState.DebugPrintPower() -         TAG_CHANGE Entity=[entityName=古尔丹 id=6 zone=PLAY zonePos=0 cardId=HERO_07 player=2] tag=2187 value=0 
D 15:28:51.5919764 GameState.DebugPrintPower() -         TAG_CHANGE Entity=[entityName=古尔丹 id=6 zone=PLAY zonePos=0 cardId=HERO_07 player=2] tag=PREDAMAGE value=0 
D 15:28:51.5919764 GameState.DebugPrintPower() -         TAG_CHANGE Entity=[entityName=古尔丹 id=6 zone=PLAY zonePos=0 cardId=HERO_07 player=2] tag=1173 value=0 
D 15:28:51.5919764 GameState.DebugPrintPower() -         TAG_CHANGE Entity=[entityName=古尔丹 id=6 zone=PLAY zonePos=0 cardId=HERO_07 player=2] tag=PREDAMAGE value=2 
D 15:28:51.5919764 GameState.DebugPrintPower() -         TAG_CHANGE Entity=[entityName=古尔丹 id=6 zone=PLAY zonePos=0 cardId=HERO_07 player=2] tag=PREDAMAGE value=0 
D 15:28:51.5919764 GameState.DebugPrintPower() -         META_DATA - Meta=DAMAGE Data=2 InfoCount=1
D 15:28:51.5919764 GameState.DebugPrintPower() -                     Info[0] = [entityName=古尔丹 id=6 zone=PLAY zonePos=0 cardId=HERO_07 player=2]
D 15:28:51.5919764 GameState.DebugPrintPower() -         TAG_CHANGE Entity=[entityName=古尔丹 id=6 zone=PLAY zonePos=0 cardId=HERO_07 player=2] tag=4741 value=1 
D 15:28:51.5919764 GameState.DebugPrintPower() -         TAG_CHANGE Entity=[entityName=古尔丹 id=6 zone=PLAY zonePos=0 cardId=HERO_07 player=2] tag=LAST_AFFECTED_BY value=45 
D 15:28:51.5919764 GameState.DebugPrintPower() -         TAG_CHANGE Entity=[entityName=古尔丹 id=6 zone=PLAY zonePos=0 cardId=HERO_07 player=2] tag=DAMAGE value=2 
D 15:28:51.5919764 GameState.DebugPrintPower() -         TAG_CHANGE Entity=湫然#51704 tag=NUM_HERO_POWER_DAMAGE_THIS_GAME value=2 
D 15:28:51.5919764 GameState.DebugPrintPower() -         TAG_CHANGE Entity=湫然#51704 tag=464 value=2 
D 15:28:51.5919764 GameState.DebugPrintPower() -         TAG_CHANGE Entity=湫然#51704 tag=1853 value=2 
D 15:28:51.5919764 GameState.DebugPrintPower() -         TAG_CHANGE Entity=湫然#51704 tag=4453 value=1 
D 15:28:51.5919764 GameState.DebugPrintPower() -         TAG_CHANGE Entity=湫然#51704 tag=3110 value=2 
D 15:28:51.5919764 GameState.DebugPrintPower() -         TAG_CHANGE Entity=湫然#51704 tag=3687 value=1 
D 15:28:51.5919764 GameState.DebugPrintPower() -         TAG_CHANGE Entity=湫然#51704 tag=1575 value=1 
D 15:28:51.5919764 GameState.DebugPrintPower() -         TAG_CHANGE Entity=湫然#51704 tag=1573 value=1 
D 15:28:51.5919764 GameState.DebugPrintPower() -         TAG_CHANGE Entity=湫然#51704 tag=2166 value=55 
D 15:28:51.5919764 GameState.DebugPrintPower() -         TAG_CHANGE Entity=湫然#51704 tag=467 value=1 
D 15:28:51.5919764 GameState.DebugPrintPower() -         SHOW_ENTITY - Updating Entity=[entityName=UNKNOWN ENTITY [cardType=INVALID] id=55 zone=DECK zonePos=0 cardId= player=2] CardID=VAC_513
D 15:28:51.5919764 GameState.DebugPrintPower() -             tag=CONTROLLER value=2
D 15:28:51.5919764 GameState.DebugPrintPower() -             tag=CARDTYPE value=SPELL
D 15:28:51.5919764 GameState.DebugPrintPower() -             tag=TAG_LAST_KNOWN_COST_IN_HAND value=2
D 15:28:51.5919764 GameState.DebugPrintPower() -             tag=COST value=2
D 15:28:51.5919764 GameState.DebugPrintPower() -             tag=ZONE value=HAND
D 15:28:51.5919764 GameState.DebugPrintPower() -             tag=ENTITY_ID value=55
D 15:28:51.5919764 GameState.DebugPrintPower() -             tag=CLASS value=DEATHKNIGHT
D 15:28:51.5919764 GameState.DebugPrintPower() -             tag=RARITY value=EPIC
D 15:28:51.5919764 GameState.DebugPrintPower() -             tag=CREATOR value=0
D 15:28:51.5919764 GameState.DebugPrintPower() -             tag=478 value=2
D 15:28:51.5919764 GameState.DebugPrintPower() -             tag=1037 value=2
D 15:28:51.5919764 GameState.DebugPrintPower() -             tag=1043 value=1
D 15:28:51.5919764 GameState.DebugPrintPower() -             tag=1068 value=0
D 15:28:51.5919764 GameState.DebugPrintPower() -             tag=SPAWN_TIME_COUNT value=1
D 15:28:51.5919764 GameState.DebugPrintPower() -             tag=SPELL_SCHOOL value=3
D 15:28:51.5919764 GameState.DebugPrintPower() -             tag=COST_FROST value=2
D 15:28:51.5919764 GameState.DebugPrintPower() -             tag=4901 value=0
D 15:28:51.5919764 GameState.DebugPrintPower() -         TAG_CHANGE Entity=[entityName=UNKNOWN ENTITY [cardType=INVALID] id=55 zone=DECK zonePos=0 cardId= player=2] tag=NUM_TURNS_IN_HAND value=1 
D 15:28:51.5919764 GameState.DebugPrintPower() -         TAG_CHANGE Entity=[entityName=UNKNOWN ENTITY [cardType=INVALID] id=55 zone=DECK zonePos=0 cardId= player=2] tag=ZONE_POSITION value=6 
D 15:28:51.5919764 GameState.DebugPrintPower() -         TAG_CHANGE Entity=[entityName=UNKNOWN ENTITY [cardType=INVALID] id=55 zone=DECK zonePos=0 cardId= player=2] tag=ZONE_POSITION value=0 
D 15:28:51.5919764 GameState.DebugPrintPower() -         TAG_CHANGE Entity=[entityName=UNKNOWN ENTITY [cardType=INVALID] id=55 zone=DECK zonePos=0 cardId= player=2] tag=ZONE_POSITION value=6 
D 15:28:51.5919764 GameState.DebugPrintPower() -         TAG_CHANGE Entity=湫然#51704 tag=3242 value=2 
D 15:28:51.5919764 GameState.DebugPrintPower() -         TAG_CHANGE Entity=湫然#51704 tag=NUM_CARDS_DRAWN_THIS_TURN value=2 
D 15:28:51.5919764 GameState.DebugPrintPower() -         TAG_CHANGE Entity=湫然#51704 tag=995 value=3 
D 15:28:51.5919764 GameState.DebugPrintPower() -         TAG_CHANGE Entity=[entityName=UNKNOWN ENTITY [cardType=INVALID] id=55 zone=DECK zonePos=0 cardId= player=2] tag=1570 value=3 
D 15:28:51.5919764 GameState.DebugPrintPower() -         TAG_CHANGE Entity=湫然#51704 tag=467 value=0 
D 15:28:51.5919764 GameState.DebugPrintPower() -     BLOCK_END
D 15:28:51.5919764 GameState.DebugPrintPower() -     TAG_CHANGE Entity=湫然#51704 tag=HEROPOWER_ACTIVATIONS_THIS_TURN value=1 
D 15:28:51.5919764 GameState.DebugPrintPower() -     TAG_CHANGE Entity=湫然#51704 tag=1739 value=1 
D 15:28:51.5919764 GameState.DebugPrintPower() -     TAG_CHANGE Entity=湫然#51704 tag=NUM_TIMES_HERO_POWER_USED_THIS_GAME value=1 
D 15:28:51.5919764 GameState.DebugPrintPower() -     TAG_CHANGE Entity=[entityName=生命分流 id=45 zone=PLAY zonePos=0 cardId=HERO_07bp player=2] tag=HEROPOWER_ACTIVATIONS_THIS_TURN value=1 
D 15:28:51.5919764 GameState.DebugPrintPower() -     TAG_CHANGE Entity=[entityName=生命分流 id=45 zone=PLAY zonePos=0 cardId=HERO_07bp player=2] tag=EXHAUSTED value=1 
D 15:28:51.5919764 GameState.DebugPrintPower() -     TAG_CHANGE Entity=[entityName=掀桌子 id=58 zone=HAND zonePos=1 cardId=TOY_883 player=2] tag=TAG_LAST_KNOWN_COST_IN_HAND value=5 
D 15:28:51.5919764 GameState.DebugPrintPower() -     TAG_CHANGE Entity=[entityName=掀桌子 id=58 zone=HAND zonePos=1 cardId=TOY_883 player=2] tag=COST value=5 
D 15:28:51.5919764 GameState.DebugPrintPower() -     TAG_CHANGE Entity=GameEntity tag=1323 value=1 
D 15:28:51.5919764 GameState.DebugPrintPower() -     TAG_CHANGE Entity=湫然#51704 tag=NUM_OPTIONS_PLAYED_THIS_TURN value=1 
D 15:28:51.5919764 GameState.DebugPrintPower() - BLOCK_END
D 15:28:51.5919764 GameState.DebugPrintPower() - META_DATA - Meta=SLUSH_TIME Data=1000 InfoCount=1
D 15:28:51.5919764 GameState.DebugPrintPower() -             Info[0] = [entityName=生命分流 id=45 zone=PLAY zonePos=0 cardId=HERO_07bp player=2]
D 15:28:51.5919764 PowerTaskList.DebugDump() - ID=58 ParentID=0 PreviousID=0 TaskCount=4
D 15:28:51.5919764 PowerTaskList.DebugPrintPower() - BLOCK_START BlockType=PLAY Entity=[entityName=生命分流 id=45 zone=PLAY zonePos=0 cardId=HERO_07bp player=2] EffectCardId=System.Collections.Generic.List`1[System.String] EffectIndex=0 Target=0 SubOption=-1 
D 15:28:51.5919764 PowerTaskList.DebugPrintPower() -     TAG_CHANGE Entity=湫然#51704 tag=2245 value=2 
D 15:28:51.5919764 PowerTaskList.DebugPrintPower() -     TAG_CHANGE Entity=湫然#51704 tag=RESOURCES_USED value=2 
D 15:28:51.5919764 PowerTaskList.DebugPrintPower() -     TAG_CHANGE Entity=湫然#51704 tag=NUM_RESOURCES_SPENT_THIS_GAME value=2 
D 15:28:51.5919764 PowerTaskList.DebugPrintPower() -     META_DATA - Meta=SLUSH_TIME Data=2000 InfoCount=1
D 15:28:51.5919764 PowerTaskList.DebugPrintPower() -                 Info[0] = [entityName=生命分流 id=45 zone=PLAY zonePos=0 cardId=HERO_07bp player=2]
D 15:28:51.5919764 PowerTaskList.DebugDump() - Block End=(null)
D 15:28:51.5919764 PowerProcessor.PrepareHistoryForCurrentTaskList() - m_currentTaskList=58
D 15:28:51.5919764 PowerProcessor.DoTaskListForCard() - unhandled BlockType PLAY for sourceEntity [entityName=生命分流 id=45 zone=PLAY zonePos=0 cardId=HERO_07bp player=2]
D 15:28:51.5919764 PowerProcessor.EndCurrentTaskList() - m_currentTaskList=58
D 15:28:51.5919764 PowerTaskList.DebugDump() - ID=59 ParentID=58 PreviousID=0 TaskCount=33
D 15:28:51.5919764 PowerTaskList.DebugPrintPower() - BLOCK_START BlockType=POWER Entity=[entityName=生命分流 id=45 zone=PLAY zonePos=0 cardId=HERO_07bp player=2] EffectCardId=System.Collections.Generic.List`1[System.String] EffectIndex=0 Target=0 SubOption=-1 
D 15:28:51.5919764 PowerTaskList.DebugPrintPower() -     META_DATA - Meta=TARGET Data=0 InfoCount=1
D 15:28:51.5919764 PowerTaskList.DebugPrintPower() -                 Info[0] = [entityName=古尔丹 id=6 zone=PLAY zonePos=0 cardId=HERO_07 player=2]
D 15:28:51.5919764 PowerTaskList.DebugPrintPower() -     TAG_CHANGE Entity=[entityName=古尔丹 id=6 zone=PLAY zonePos=0 cardId=HERO_07 player=2] tag=2187 value=45 
D 15:28:51.5919764 PowerTaskList.DebugPrintPower() -     TAG_CHANGE Entity=[entityName=古尔丹 id=6 zone=PLAY zonePos=0 cardId=HERO_07 player=2] tag=PREDAMAGE value=2 
D 15:28:51.5919764 PowerTaskList.DebugPrintPower() -     TAG_CHANGE Entity=[entityName=古尔丹 id=6 zone=PLAY zonePos=0 cardId=HERO_07 player=2] tag=1173 value=6 
D 15:28:51.5919764 PowerTaskList.DebugPrintPower() -     TAG_CHANGE Entity=[entityName=古尔丹 id=6 zone=PLAY zonePos=0 cardId=HERO_07 player=2] tag=2187 value=0 
D 15:28:51.5919764 PowerTaskList.DebugPrintPower() -     TAG_CHANGE Entity=[entityName=古尔丹 id=6 zone=PLAY zonePos=0 cardId=HERO_07 player=2] tag=PREDAMAGE value=0 
D 15:28:51.5919764 PowerTaskList.DebugPrintPower() -     TAG_CHANGE Entity=[entityName=古尔丹 id=6 zone=PLAY zonePos=0 cardId=HERO_07 player=2] tag=1173 value=0 
D 15:28:51.5919764 PowerTaskList.DebugPrintPower() -     TAG_CHANGE Entity=[entityName=古尔丹 id=6 zone=PLAY zonePos=0 cardId=HERO_07 player=2] tag=PREDAMAGE value=2 
D 15:28:51.5919764 PowerTaskList.DebugPrintPower() -     TAG_CHANGE Entity=[entityName=古尔丹 id=6 zone=PLAY zonePos=0 cardId=HERO_07 player=2] tag=PREDAMAGE value=0 
D 15:28:51.5919764 PowerTaskList.DebugPrintPower() -     META_DATA - Meta=DAMAGE Data=2 InfoCount=1
D 15:28:51.5919764 PowerTaskList.DebugPrintPower() -                 Info[0] = [entityName=古尔丹 id=6 zone=PLAY zonePos=0 cardId=HERO_07 player=2]
D 15:28:51.5919764 PowerTaskList.DebugPrintPower() -     TAG_CHANGE Entity=[entityName=古尔丹 id=6 zone=PLAY zonePos=0 cardId=HERO_07 player=2] tag=4741 value=1 
D 15:28:51.5919764 PowerTaskList.DebugPrintPower() -     TAG_CHANGE Entity=[entityName=古尔丹 id=6 zone=PLAY zonePos=0 cardId=HERO_07 player=2] tag=LAST_AFFECTED_BY value=45 
D 15:28:51.5919764 PowerTaskList.DebugPrintPower() -     TAG_CHANGE Entity=[entityName=古尔丹 id=6 zone=PLAY zonePos=0 cardId=HERO_07 player=2] tag=DAMAGE value=2 
D 15:28:51.5919764 PowerTaskList.DebugPrintPower() -     TAG_CHANGE Entity=湫然#51704 tag=NUM_HERO_POWER_DAMAGE_THIS_GAME value=2 
D 15:28:51.5919764 PowerTaskList.DebugPrintPower() -     TAG_CHANGE Entity=湫然#51704 tag=464 value=2 
D 15:28:51.5919764 PowerTaskList.DebugPrintPower() -     TAG_CHANGE Entity=湫然#51704 tag=1853 value=2 
D 15:28:51.5919764 PowerTaskList.DebugPrintPower() -     TAG_CHANGE Entity=湫然#51704 tag=4453 value=1 
D 15:28:51.5919764 PowerTaskList.DebugPrintPower() -     TAG_CHANGE Entity=湫然#51704 tag=3110 value=2 
D 15:28:51.5919764 PowerTaskList.DebugPrintPower() -     TAG_CHANGE Entity=湫然#51704 tag=3687 value=1 
D 15:28:51.5919764 PowerTaskList.DebugPrintPower() -     TAG_CHANGE Entity=湫然#51704 tag=1575 value=1 
D 15:28:51.5919764 PowerTaskList.DebugPrintPower() -     TAG_CHANGE Entity=湫然#51704 tag=1573 value=1 
D 15:28:51.5919764 PowerTaskList.DebugPrintPower() -     TAG_CHANGE Entity=湫然#51704 tag=2166 value=55 
D 15:28:51.5919764 PowerTaskList.DebugPrintPower() -     TAG_CHANGE Entity=湫然#51704 tag=467 value=1 
D 15:28:51.5919764 PowerTaskList.DebugPrintPower() -     SHOW_ENTITY - Updating Entity=[entityName=UNKNOWN ENTITY [cardType=INVALID] id=55 zone=DECK zonePos=0 cardId= player=2] CardID=VAC_513
D 15:28:51.5919764 PowerTaskList.DebugPrintPower() -         tag=CONTROLLER value=2
D 15:28:51.5919764 PowerTaskList.DebugPrintPower() -         tag=CARDTYPE value=SPELL
D 15:28:51.5919764 PowerTaskList.DebugPrintPower() -         tag=TAG_LAST_KNOWN_COST_IN_HAND value=2
D 15:28:51.5919764 PowerTaskList.DebugPrintPower() -         tag=COST value=2
D 15:28:51.5919764 PowerTaskList.DebugPrintPower() -         tag=ZONE value=HAND
D 15:28:51.5919764 PowerTaskList.DebugPrintPower() -         tag=ENTITY_ID value=55
D 15:28:51.5919764 PowerTaskList.DebugPrintPower() -         tag=CLASS value=DEATHKNIGHT
D 15:28:51.5919764 PowerTaskList.DebugPrintPower() -         tag=RARITY value=EPIC
D 15:28:51.5919764 PowerTaskList.DebugPrintPower() -         tag=CREATOR value=0
D 15:28:51.5919764 PowerTaskList.DebugPrintPower() -         tag=478 value=2
D 15:28:51.5919764 PowerTaskList.DebugPrintPower() -         tag=1037 value=2
D 15:28:51.5919764 PowerTaskList.DebugPrintPower() -         tag=1043 value=1
D 15:28:51.5919764 PowerTaskList.DebugPrintPower() -         tag=1068 value=0
D 15:28:51.5919764 PowerTaskList.DebugPrintPower() -         tag=SPAWN_TIME_COUNT value=1
D 15:28:51.5919764 PowerTaskList.DebugPrintPower() -         tag=SPELL_SCHOOL value=3
D 15:28:51.5919764 PowerTaskList.DebugPrintPower() -         tag=COST_FROST value=2
D 15:28:51.5919764 PowerTaskList.DebugPrintPower() -         tag=4901 value=0
D 15:28:51.5919764 PowerTaskList.DebugPrintPower() -     TAG_CHANGE Entity=[entityName=UNKNOWN ENTITY [cardType=INVALID] id=55 zone=DECK zonePos=0 cardId= player=2] tag=NUM_TURNS_IN_HAND value=1 
D 15:28:51.5919764 PowerTaskList.DebugPrintPower() -     TAG_CHANGE Entity=[entityName=UNKNOWN ENTITY [cardType=INVALID] id=55 zone=DECK zonePos=0 cardId= player=2] tag=ZONE_POSITION value=6 
D 15:28:51.5919764 PowerTaskList.DebugPrintPower() -     TAG_CHANGE Entity=[entityName=UNKNOWN ENTITY [cardType=INVALID] id=55 zone=DECK zonePos=0 cardId= player=2] tag=ZONE_POSITION value=0 
D 15:28:51.5919764 PowerTaskList.DebugPrintPower() -     TAG_CHANGE Entity=[entityName=UNKNOWN ENTITY [cardType=INVALID] id=55 zone=DECK zonePos=0 cardId= player=2] tag=ZONE_POSITION value=6 
D 15:28:51.5919764 PowerTaskList.DebugPrintPower() -     TAG_CHANGE Entity=湫然#51704 tag=3242 value=2 
D 15:28:51.5919764 PowerTaskList.DebugPrintPower() -     TAG_CHANGE Entity=湫然#51704 tag=NUM_CARDS_DRAWN_THIS_TURN value=2 
D 15:28:51.5919764 PowerTaskList.DebugPrintPower() -     TAG_CHANGE Entity=湫然#51704 tag=995 value=3 
D 15:28:51.5919764 PowerTaskList.DebugPrintPower() -     TAG_CHANGE Entity=[entityName=UNKNOWN ENTITY [cardType=INVALID] id=55 zone=DECK zonePos=0 cardId= player=2] tag=1570 value=3 
D 15:28:51.5919764 PowerTaskList.DebugPrintPower() -     TAG_CHANGE Entity=湫然#51704 tag=467 value=0 
D 15:28:51.5919764 PowerTaskList.DebugPrintPower() - BLOCK_END
D 15:28:51.5919764 PowerProcessor.PrepareHistoryForCurrentTaskList() - m_currentTaskList=59
D 15:28:51.6420394 GameState.DebugPrintOptions() - id=4
D 15:28:51.6420394 GameState.DebugPrintOptions() -   option 0 type=END_TURN mainEntity= error=INVALID errorParam=
D 15:28:51.6420394 GameState.DebugPrintOptions() -   option 1 type=POWER mainEntity=[entityName=掀桌子 id=58 zone=HAND zonePos=1 cardId=TOY_883 player=2] error=REQ_ENOUGH_MANA errorParam=
D 15:28:51.6420394 GameState.DebugPrintOptions() -   option 2 type=POWER mainEntity=[entityName=飞翼焊装 id=75 zone=HAND zonePos=2 cardId=TTN_463 player=2] error=REQ_ENOUGH_MANA errorParam=
D 15:28:51.6420394 GameState.DebugPrintOptions() -   option 3 type=POWER mainEntity=[entityName=灵魂冻结 id=60 zone=HAND zonePos=3 cardId=DEEP_032 player=2] error=REQ_ENOUGH_MANA errorParam=
D 15:28:51.6420394 GameState.DebugPrintOptions() -   option 4 type=POWER mainEntity=[entityName=基尔加丹 id=67 zone=HAND zonePos=4 cardId=GDB_145 player=2] error=REQ_ENOUGH_MANA errorParam=
D 15:28:51.6420394 GameState.DebugPrintOptions() -   option 5 type=POWER mainEntity=[entityName=吃掉小鬼！ id=49 zone=HAND zonePos=5 cardId=VAC_939 player=2] error=REQ_ENOUGH_MANA errorParam=
D 15:28:51.6420394 GameState.DebugPrintOptions() -   option 6 type=POWER mainEntity=[entityName=UNKNOWN ENTITY [cardType=INVALID] id=55 zone=DECK zonePos=0 cardId= player=2] error=REQ_ENOUGH_MANA errorParam=
D 15:28:51.6420394 GameState.DebugPrintOptions() -   option 7 type=POWER mainEntity=[entityName=古尔丹 id=4 zone=PLAY zonePos=0 cardId=HERO_07 player=1] error=REQ_YOUR_TURN errorParam=
D 15:28:51.6420394 GameState.DebugPrintOptions() -   option 8 type=POWER mainEntity=[entityName=古尔丹 id=6 zone=PLAY zonePos=0 cardId=HERO_07 player=2] error=REQ_ATTACK_GREATER_THAN_0 errorParam=
D 15:28:51.6420394 GameState.DebugPrintOptions() -   option 9 type=POWER mainEntity=[entityName=生命分流 id=8 zone=PLAY zonePos=0 cardId=HERO_07bp player=1] error=REQ_YOUR_TURN errorParam=
D 15:28:51.6420394 GameState.DebugPrintOptions() -   option 10 type=POWER mainEntity=[entityName=生命分流 id=45 zone=PLAY zonePos=0 cardId=HERO_07bp player=2] error=REQ_NOT_EXHAUSTED_HERO_POWER errorParam=
D 15:28:51.8918605 GameState.SendOption() - selectedOption=0 selectedSubOption=-1 selectedTarget=0 selectedPosition=0
D 15:28:52.6310612 PowerProcessor.EndCurrentTaskList() - m_currentTaskList=59
D 15:28:52.6373602 PowerTaskList.DebugDump() - ID=60 ParentID=0 PreviousID=58 TaskCount=9
D 15:28:52.6373602 PowerTaskList.DebugDump() - Block Start=(null)
D 15:28:52.6373602 PowerTaskList.DebugPrintPower() -     TAG_CHANGE Entity=湫然#51704 tag=HEROPOWER_ACTIVATIONS_THIS_TURN value=1 
D 15:28:52.6373602 PowerTaskList.DebugPrintPower() -     TAG_CHANGE Entity=湫然#51704 tag=1739 value=1 
D 15:28:52.6373602 PowerTaskList.DebugPrintPower() -     TAG_CHANGE Entity=湫然#51704 tag=NUM_TIMES_HERO_POWER_USED_THIS_GAME value=1 
D 15:28:52.6373602 PowerTaskList.DebugPrintPower() -     TAG_CHANGE Entity=[entityName=生命分流 id=45 zone=PLAY zonePos=0 cardId=HERO_07bp player=2] tag=HEROPOWER_ACTIVATIONS_THIS_TURN value=1 
D 15:28:52.6373602 PowerTaskList.DebugPrintPower() -     TAG_CHANGE Entity=[entityName=生命分流 id=45 zone=PLAY zonePos=0 cardId=HERO_07bp player=2] tag=EXHAUSTED value=1 
D 15:28:52.6373602 PowerTaskList.DebugPrintPower() -     TAG_CHANGE Entity=[entityName=掀桌子 id=58 zone=HAND zonePos=1 cardId=TOY_883 player=2] tag=TAG_LAST_KNOWN_COST_IN_HAND value=5 
D 15:28:52.6373602 PowerTaskList.DebugPrintPower() -     TAG_CHANGE Entity=[entityName=掀桌子 id=58 zone=HAND zonePos=1 cardId=TOY_883 player=2] tag=COST value=5 
D 15:28:52.6373602 PowerTaskList.DebugPrintPower() -     TAG_CHANGE Entity=GameEntity tag=1323 value=1 
D 15:28:52.6373602 PowerTaskList.DebugPrintPower() -     TAG_CHANGE Entity=湫然#51704 tag=NUM_OPTIONS_PLAYED_THIS_TURN value=1 
D 15:28:52.6373602 PowerTaskList.DebugPrintPower() - BLOCK_END
D 15:28:52.6373602 PowerProcessor.PrepareHistoryForCurrentTaskList() - m_currentTaskList=60
D 15:28:52.6373602 PowerProcessor.DoTaskListForCard() - unhandled BlockType PLAY for sourceEntity [entityName=生命分流 id=45 zone=PLAY zonePos=0 cardId=HERO_07bp player=2]
D 15:28:52.6373602 PowerProcessor.EndCurrentTaskList() - m_currentTaskList=60
D 15:28:52.6373602 PowerTaskList.DebugDump() - ID=61 ParentID=0 PreviousID=0 TaskCount=1
D 15:28:52.6373602 PowerTaskList.DebugDump() - Block Start=(null)
D 15:28:52.6373602 PowerTaskList.DebugPrintPower() -     META_DATA - Meta=SLUSH_TIME Data=1000 InfoCount=1
D 15:28:52.6373602 PowerTaskList.DebugPrintPower() -                 Info[0] = [entityName=生命分流 id=45 zone=PLAY zonePos=0 cardId=HERO_07bp player=2]
D 15:28:52.6373602 PowerTaskList.DebugDump() - Block End=(null)
D 15:28:52.6373602 PowerProcessor.PrepareHistoryForCurrentTaskList() - m_currentTaskList=61
D 15:28:52.6373602 PowerProcessor.EndCurrentTaskList() - m_currentTaskList=61
D 15:28:52.6871991 GameState.DebugPrintPowerList() - Count=70
D 15:28:52.6871991 GameState.DebugPrintPower() - TAG_CHANGE Entity=GameEntity tag=STEP value=MAIN_END 
D 15:28:52.6871991 GameState.DebugPrintPower() - BLOCK_START BlockType=TRIGGER Entity=祥瑞御免雪亲王#51915 EffectCardId=System.Collections.Generic.List`1[System.String] EffectIndex=-1 Target=0 SubOption=-1 TriggerKeyword=TAG_NOT_SET
D 15:28:52.6871991 GameState.DebugPrintPower() - BLOCK_END
D 15:28:52.6871991 GameState.DebugPrintPower() - BLOCK_START BlockType=TRIGGER Entity=湫然#51704 EffectCardId=System.Collections.Generic.List`1[System.String] EffectIndex=-1 Target=0 SubOption=-1 TriggerKeyword=TAG_NOT_SET
D 15:28:52.6871991 GameState.DebugPrintPower() -     TAG_CHANGE Entity=GameEntity tag=NEXT_STEP value=MAIN_CLEANUP 
D 15:28:52.6871991 GameState.DebugPrintPower() - BLOCK_END
D 15:28:52.6871991 GameState.DebugPrintPower() - BLOCK_START BlockType=TRIGGER Entity=湫然#51704 EffectCardId=System.Collections.Generic.List`1[System.String] EffectIndex=-1 Target=0 SubOption=-1 TriggerKeyword=TAG_NOT_SET
D 15:28:52.6871991 GameState.DebugPrintPower() - BLOCK_END
D 15:28:52.6871991 GameState.DebugPrintPower() - TAG_CHANGE Entity=GameEntity tag=STEP value=MAIN_CLEANUP 
D 15:28:52.6871991 GameState.DebugPrintPower() - BLOCK_START BlockType=TRIGGER Entity=祥瑞御免雪亲王#51915 EffectCardId=System.Collections.Generic.List`1[System.String] EffectIndex=-1 Target=0 SubOption=-1 TriggerKeyword=TAG_NOT_SET
D 15:28:52.6871991 GameState.DebugPrintPower() - BLOCK_END
D 15:28:52.6871991 GameState.DebugPrintPower() - BLOCK_START BlockType=TRIGGER Entity=湫然#51704 EffectCardId=System.Collections.Generic.List`1[System.String] EffectIndex=-1 Target=0 SubOption=-1 TriggerKeyword=TAG_NOT_SET
D 15:28:52.6871991 GameState.DebugPrintPower() -     TAG_CHANGE Entity=GameEntity tag=NEXT_STEP value=MAIN_NEXT 
D 15:28:52.6871991 GameState.DebugPrintPower() - BLOCK_END
D 15:28:52.6871991 GameState.DebugPrintPower() - TAG_CHANGE Entity=GameEntity tag=STEP value=MAIN_NEXT 
D 15:28:52.6871991 GameState.DebugPrintPower() - BLOCK_START BlockType=TRIGGER Entity=GameEntity EffectCardId=System.Collections.Generic.List`1[System.String] EffectIndex=-1 Target=0 SubOption=-1 TriggerKeyword=TAG_NOT_SET
D 15:28:52.6871991 GameState.DebugPrintPower() -     TAG_CHANGE Entity=湫然#51704 tag=1292 value=0 
D 15:28:52.6871991 GameState.DebugPrintPower() -     TAG_CHANGE Entity=祥瑞御免雪亲王#51915 tag=1292 value=1 
D 15:28:52.6871991 GameState.DebugPrintPower() -     TAG_CHANGE Entity=湫然#51704 tag=TIMEOUT value=75 
D 15:28:52.6871991 GameState.DebugPrintPower() -     TAG_CHANGE Entity=[entityName=掀桌子 id=58 zone=HAND zonePos=1 cardId=TOY_883 player=2] tag=NUM_TURNS_IN_HAND value=4 
D 15:28:52.6871991 GameState.DebugPrintPower() -     TAG_CHANGE Entity=[entityName=飞翼焊装 id=75 zone=HAND zonePos=2 cardId=TTN_463 player=2] tag=NUM_TURNS_IN_HAND value=4 
D 15:28:52.6871991 GameState.DebugPrintPower() -     TAG_CHANGE Entity=[entityName=灵魂冻结 id=60 zone=HAND zonePos=3 cardId=DEEP_032 player=2] tag=NUM_TURNS_IN_HAND value=4 
D 15:28:52.6871991 GameState.DebugPrintPower() -     TAG_CHANGE Entity=[entityName=基尔加丹 id=67 zone=HAND zonePos=4 cardId=GDB_145 player=2] tag=NUM_TURNS_IN_HAND value=4 
D 15:28:52.6871991 GameState.DebugPrintPower() -     TAG_CHANGE Entity=[entityName=吃掉小鬼！ id=49 zone=HAND zonePos=5 cardId=VAC_939 player=2] tag=NUM_TURNS_IN_HAND value=2 
D 15:28:52.6871991 GameState.DebugPrintPower() -     TAG_CHANGE Entity=[entityName=滑坡 id=55 zone=HAND zonePos=6 cardId=VAC_513 player=2] tag=NUM_TURNS_IN_HAND value=2 
D 15:28:52.6871991 GameState.DebugPrintPower() -     TAG_CHANGE Entity=湫然#51704 tag=CURRENT_PLAYER value=0 
D 15:28:52.6871991 GameState.DebugPrintPower() -     TAG_CHANGE Entity=祥瑞御免雪亲王#51915 tag=CURRENT_PLAYER value=1 
D 15:28:52.6871991 GameState.DebugPrintPower() -     TAG_CHANGE Entity=GameEntity tag=TURN value=4 
D 15:28:52.6871991 GameState.DebugPrintPower() -     TAG_CHANGE Entity=GameEntity tag=1882 value=3 
D 15:28:52.6871991 GameState.DebugPrintPower() -     TAG_CHANGE Entity=祥瑞御免雪亲王#51915 tag=TURN value=2 
D 15:28:52.6871991 GameState.DebugPrintPower() -     TAG_CHANGE Entity=GameEntity tag=NEXT_STEP value=MAIN_READY 
D 15:28:52.6871991 GameState.DebugPrintPower() - BLOCK_END
D 15:28:52.6871991 GameState.DebugPrintPower() - TAG_CHANGE Entity=GameEntity tag=STEP value=MAIN_READY 
D 15:28:52.6871991 GameState.DebugPrintPower() - BLOCK_START BlockType=TRIGGER Entity=祥瑞御免雪亲王#51915 EffectCardId=System.Collections.Generic.List`1[System.String] EffectIndex=-1 Target=0 SubOption=-1 TriggerKeyword=TAG_NOT_SET
D 15:28:52.6871991 GameState.DebugPrintPower() -     TAG_CHANGE Entity=GameEntity tag=NUM_TURNS_IN_PLAY value=4 
D 15:28:52.6871991 GameState.DebugPrintPower() -     TAG_CHANGE Entity=祥瑞御免雪亲王#51915 tag=NUM_TURNS_IN_PLAY value=4 
D 15:28:52.6871991 GameState.DebugPrintPower() -     TAG_CHANGE Entity=湫然#51704 tag=NUM_TURNS_IN_PLAY value=4 
D 15:28:52.6871991 GameState.DebugPrintPower() -     TAG_CHANGE Entity=[entityName=古尔丹 id=4 zone=PLAY zonePos=0 cardId=HERO_07 player=1] tag=NUM_TURNS_IN_PLAY value=4 
D 15:28:52.6871991 GameState.DebugPrintPower() -     TAG_CHANGE Entity=[entityName=古尔丹 id=6 zone=PLAY zonePos=0 cardId=HERO_07 player=2] tag=NUM_TURNS_IN_PLAY value=4 
D 15:28:52.6871991 GameState.DebugPrintPower() -     TAG_CHANGE Entity=[entityName=生命分流 id=8 zone=PLAY zonePos=0 cardId=HERO_07bp player=1] tag=NUM_TURNS_IN_PLAY value=4 
D 15:28:52.6871991 GameState.DebugPrintPower() -     TAG_CHANGE Entity=[entityName=生命分流 id=45 zone=PLAY zonePos=0 cardId=HERO_07bp player=2] tag=NUM_TURNS_IN_PLAY value=4 
D 15:28:52.6871991 GameState.DebugPrintPower() -     TAG_CHANGE Entity=祥瑞御免雪亲王#51915 tag=RESOURCES value=2 
D 15:28:52.6871991 GameState.DebugPrintPower() -     TAG_CHANGE Entity=湫然#51704 tag=NUM_CARDS_DRAWN_THIS_TURN value=0 
D 15:28:52.6871991 GameState.DebugPrintPower() -     TAG_CHANGE Entity=GameEntity tag=NEXT_STEP value=MAIN_START_TRIGGERS 
D 15:28:52.6871991 GameState.DebugPrintPower() -     TAG_CHANGE Entity=湫然#51704 tag=464 value=0 
D 15:28:52.6871991 GameState.DebugPrintPower() -     TAG_CHANGE Entity=湫然#51704 tag=4453 value=0 
D 15:28:52.6871991 GameState.DebugPrintPower() -     TAG_CHANGE Entity=湫然#51704 tag=1575 value=0 
D 15:28:52.6871991 GameState.DebugPrintPower() - BLOCK_END
D 15:28:52.6871991 GameState.DebugPrintPower() - TAG_CHANGE Entity=GameEntity tag=STEP value=MAIN_START_TRIGGERS 
D 15:28:52.6871991 GameState.DebugPrintPower() - BLOCK_START BlockType=TRIGGER Entity=祥瑞御免雪亲王#51915 EffectCardId=System.Collections.Generic.List`1[System.String] EffectIndex=-1 Target=0 SubOption=-1 TriggerKeyword=TAG_NOT_SET
D 15:28:52.6871991 GameState.DebugPrintPower() -     TAG_CHANGE Entity=GameEntity tag=NEXT_STEP value=MAIN_START 
D 15:28:52.6871991 GameState.DebugPrintPower() - BLOCK_END
D 15:28:52.6871991 GameState.DebugPrintPower() - TAG_CHANGE Entity=GameEntity tag=STEP value=MAIN_START 
D 15:28:52.6871991 GameState.DebugPrintPower() - BLOCK_START BlockType=TRIGGER Entity=祥瑞御免雪亲王#51915 EffectCardId=System.Collections.Generic.List`1[System.String] EffectIndex=-1 Target=0 SubOption=-1 TriggerKeyword=TAG_NOT_SET
D 15:28:52.6871991 GameState.DebugPrintPower() -     TAG_CHANGE Entity=祥瑞御免雪亲王#51915 tag=2166 value=9 
D 15:28:52.6871991 GameState.DebugPrintPower() -     TAG_CHANGE Entity=祥瑞御免雪亲王#51915 tag=467 value=1 
D 15:28:52.6871991 GameState.DebugPrintPower() -     TAG_CHANGE Entity=[entityName=UNKNOWN ENTITY [cardType=INVALID] id=9 zone=DECK zonePos=0 cardId= player=1] tag=ZONE value=HAND 
D 15:28:52.6871991 GameState.DebugPrintPower() -     TAG_CHANGE Entity=[entityName=UNKNOWN ENTITY [cardType=INVALID] id=9 zone=DECK zonePos=0 cardId= player=1] tag=ZONE_POSITION value=7 
D 15:28:52.6871991 GameState.DebugPrintPower() -     TAG_CHANGE Entity=[entityName=UNKNOWN ENTITY [cardType=INVALID] id=9 zone=DECK zonePos=0 cardId= player=1] tag=ZONE_POSITION value=0 
D 15:28:52.6871991 GameState.DebugPrintPower() -     TAG_CHANGE Entity=[entityName=UNKNOWN ENTITY [cardType=INVALID] id=9 zone=DECK zonePos=0 cardId= player=1] tag=ZONE_POSITION value=7 
D 15:28:52.6871991 GameState.DebugPrintPower() -     TAG_CHANGE Entity=祥瑞御免雪亲王#51915 tag=3242 value=1 
D 15:28:52.6871991 GameState.DebugPrintPower() -     TAG_CHANGE Entity=祥瑞御免雪亲王#51915 tag=NUM_CARDS_DRAWN_THIS_TURN value=1 
D 15:28:52.6871991 GameState.DebugPrintPower() -     TAG_CHANGE Entity=祥瑞御免雪亲王#51915 tag=995 value=2 
D 15:28:52.6871991 GameState.DebugPrintPower() -     TAG_CHANGE Entity=祥瑞御免雪亲王#51915 tag=467 value=0 
D 15:28:52.6871991 GameState.DebugPrintPower() -     TAG_CHANGE Entity=GameEntity tag=NEXT_STEP value=MAIN_ACTION 
D 15:28:52.6871991 GameState.DebugPrintPower() - BLOCK_END
D 15:28:52.6871991 GameState.DebugPrintPower() - TAG_CHANGE Entity=GameEntity tag=STEP value=MAIN_ACTION 
D 15:28:52.6871991 GameState.DebugPrintPower() - BLOCK_START BlockType=TRIGGER Entity=祥瑞御免雪亲王#51915 EffectCardId=System.Collections.Generic.List`1[System.String] EffectIndex=-1 Target=0 SubOption=-1 TriggerKeyword=TAG_NOT_SET
D 15:28:52.6871991 GameState.DebugPrintPower() -     TAG_CHANGE Entity=GameEntity tag=NEXT_STEP value=MAIN_END 
D 15:28:52.6871991 GameState.DebugPrintPower() - BLOCK_END
D 15:28:52.6871991 PowerTaskList.DebugDump() - ID=62 ParentID=0 PreviousID=0 TaskCount=1
D 15:28:52.6871991 PowerTaskList.DebugDump() - Block Start=(null)
D 15:28:52.6871991 PowerTaskList.DebugPrintPower() -     TAG_CHANGE Entity=GameEntity tag=STEP value=MAIN_END 
D 15:28:52.6871991 PowerTaskList.DebugDump() - Block End=(null)
D 15:28:52.6871991 PowerProcessor.PrepareHistoryForCurrentTaskList() - m_currentTaskList=62
D 15:28:52.6871991 PowerProcessor.EndCurrentTaskList() - m_currentTaskList=62
D 15:28:52.6871991 PowerTaskList.DebugDump() - ID=63 ParentID=62 PreviousID=0 TaskCount=0
D 15:28:52.6871991 PowerTaskList.DebugPrintPower() - BLOCK_START BlockType=TRIGGER Entity=祥瑞御免雪亲王#51915 EffectCardId=System.Collections.Generic.List`1[System.String] EffectIndex=-1 Target=0 SubOption=-1 TriggerKeyword=TAG_NOT_SET
D 15:28:52.6871991 PowerTaskList.DebugPrintPower() - BLOCK_END
D 15:28:52.6871991 PowerProcessor.PrepareHistoryForCurrentTaskList() - m_currentTaskList=63
D 15:28:52.6871991 PowerProcessor.EndCurrentTaskList() - m_currentTaskList=63
D 15:28:52.6871991 PowerTaskList.DebugDump() - ID=64 ParentID=0 PreviousID=0 TaskCount=1
D 15:28:52.6871991 PowerTaskList.DebugPrintPower() - BLOCK_START BlockType=TRIGGER Entity=湫然#51704 EffectCardId=System.Collections.Generic.List`1[System.String] EffectIndex=-1 Target=0 SubOption=-1 TriggerKeyword=TAG_NOT_SET
D 15:28:52.6871991 PowerTaskList.DebugPrintPower() -     TAG_CHANGE Entity=GameEntity tag=NEXT_STEP value=MAIN_CLEANUP 
D 15:28:52.6871991 PowerTaskList.DebugPrintPower() - BLOCK_END
D 15:28:52.6871991 PowerProcessor.PrepareHistoryForCurrentTaskList() - m_currentTaskList=64
D 15:28:52.6871991 PowerProcessor.EndCurrentTaskList() - m_currentTaskList=64
D 15:28:52.6871991 PowerTaskList.DebugDump() - ID=65 ParentID=0 PreviousID=0 TaskCount=0
D 15:28:52.6871991 PowerTaskList.DebugPrintPower() - BLOCK_START BlockType=TRIGGER Entity=湫然#51704 EffectCardId=System.Collections.Generic.List`1[System.String] EffectIndex=-1 Target=0 SubOption=-1 TriggerKeyword=TAG_NOT_SET
D 15:28:52.6871991 PowerTaskList.DebugPrintPower() - BLOCK_END
D 15:28:52.6871991 PowerProcessor.PrepareHistoryForCurrentTaskList() - m_currentTaskList=65
D 15:28:52.6871991 PowerProcessor.EndCurrentTaskList() - m_currentTaskList=65
D 15:28:52.6871991 PowerTaskList.DebugDump() - ID=66 ParentID=0 PreviousID=0 TaskCount=1
D 15:28:52.6871991 PowerTaskList.DebugDump() - Block Start=(null)
D 15:28:52.6871991 PowerTaskList.DebugPrintPower() -     TAG_CHANGE Entity=GameEntity tag=STEP value=MAIN_CLEANUP 
D 15:28:52.6871991 PowerTaskList.DebugDump() - Block End=(null)
D 15:28:52.6871991 PowerProcessor.PrepareHistoryForCurrentTaskList() - m_currentTaskList=66
D 15:28:52.6871991 PowerProcessor.EndCurrentTaskList() - m_currentTaskList=66
D 15:28:52.6871991 PowerTaskList.DebugDump() - ID=67 ParentID=0 PreviousID=0 TaskCount=0
D 15:28:52.6871991 PowerTaskList.DebugPrintPower() - BLOCK_START BlockType=TRIGGER Entity=祥瑞御免雪亲王#51915 EffectCardId=System.Collections.Generic.List`1[System.String] EffectIndex=-1 Target=0 SubOption=-1 TriggerKeyword=TAG_NOT_SET
D 15:28:52.6871991 PowerTaskList.DebugPrintPower() - BLOCK_END
D 15:28:52.6871991 PowerProcessor.PrepareHistoryForCurrentTaskList() - m_currentTaskList=67
D 15:28:52.6871991 PowerProcessor.EndCurrentTaskList() - m_currentTaskList=67
D 15:28:52.6871991 PowerTaskList.DebugDump() - ID=68 ParentID=0 PreviousID=0 TaskCount=1
D 15:28:52.6871991 PowerTaskList.DebugPrintPower() - BLOCK_START BlockType=TRIGGER Entity=湫然#51704 EffectCardId=System.Collections.Generic.List`1[System.String] EffectIndex=-1 Target=0 SubOption=-1 TriggerKeyword=TAG_NOT_SET
D 15:28:52.6871991 PowerTaskList.DebugPrintPower() -     TAG_CHANGE Entity=GameEntity tag=NEXT_STEP value=MAIN_NEXT 
D 15:28:52.6871991 PowerTaskList.DebugPrintPower() - BLOCK_END
D 15:28:52.6871991 PowerProcessor.PrepareHistoryForCurrentTaskList() - m_currentTaskList=68
D 15:28:52.6871991 PowerProcessor.EndCurrentTaskList() - m_currentTaskList=68
D 15:28:52.6871991 PowerTaskList.DebugDump() - ID=69 ParentID=0 PreviousID=0 TaskCount=1
D 15:28:52.6871991 PowerTaskList.DebugDump() - Block Start=(null)
D 15:28:52.6871991 PowerTaskList.DebugPrintPower() -     TAG_CHANGE Entity=GameEntity tag=STEP value=MAIN_NEXT 
D 15:28:52.6871991 PowerTaskList.DebugDump() - Block End=(null)
D 15:28:52.6871991 PowerProcessor.PrepareHistoryForCurrentTaskList() - m_currentTaskList=69
D 15:28:52.6871991 PowerProcessor.EndCurrentTaskList() - m_currentTaskList=69
D 15:28:52.6871991 PowerTaskList.DebugDump() - ID=70 ParentID=0 PreviousID=0 TaskCount=15
D 15:28:52.6871991 PowerTaskList.DebugPrintPower() - BLOCK_START BlockType=TRIGGER Entity=GameEntity EffectCardId=System.Collections.Generic.List`1[System.String] EffectIndex=-1 Target=0 SubOption=-1 TriggerKeyword=TAG_NOT_SET
D 15:28:52.6871991 PowerTaskList.DebugPrintPower() -     TAG_CHANGE Entity=湫然#51704 tag=1292 value=0 
D 15:28:52.6871991 PowerTaskList.DebugPrintPower() -     TAG_CHANGE Entity=祥瑞御免雪亲王#51915 tag=1292 value=1 
D 15:28:52.6871991 PowerTaskList.DebugPrintPower() -     TAG_CHANGE Entity=湫然#51704 tag=TIMEOUT value=75 
D 15:28:52.6871991 PowerTaskList.DebugPrintPower() -     TAG_CHANGE Entity=[entityName=掀桌子 id=58 zone=HAND zonePos=1 cardId=TOY_883 player=2] tag=NUM_TURNS_IN_HAND value=4 
D 15:28:52.6871991 PowerTaskList.DebugPrintPower() -     TAG_CHANGE Entity=[entityName=飞翼焊装 id=75 zone=HAND zonePos=2 cardId=TTN_463 player=2] tag=NUM_TURNS_IN_HAND value=4 
D 15:28:52.6871991 PowerTaskList.DebugPrintPower() -     TAG_CHANGE Entity=[entityName=灵魂冻结 id=60 zone=HAND zonePos=3 cardId=DEEP_032 player=2] tag=NUM_TURNS_IN_HAND value=4 
D 15:28:52.6871991 PowerTaskList.DebugPrintPower() -     TAG_CHANGE Entity=[entityName=基尔加丹 id=67 zone=HAND zonePos=4 cardId=GDB_145 player=2] tag=NUM_TURNS_IN_HAND value=4 
D 15:28:52.6871991 PowerTaskList.DebugPrintPower() -     TAG_CHANGE Entity=[entityName=吃掉小鬼！ id=49 zone=HAND zonePos=5 cardId=VAC_939 player=2] tag=NUM_TURNS_IN_HAND value=2 
D 15:28:52.6871991 PowerTaskList.DebugPrintPower() -     TAG_CHANGE Entity=[entityName=滑坡 id=55 zone=HAND zonePos=6 cardId=VAC_513 player=2] tag=NUM_TURNS_IN_HAND value=2 
D 15:28:52.6871991 PowerTaskList.DebugPrintPower() -     TAG_CHANGE Entity=湫然#51704 tag=CURRENT_PLAYER value=0 
D 15:28:52.6871991 PowerTaskList.DebugPrintPower() -     TAG_CHANGE Entity=祥瑞御免雪亲王#51915 tag=CURRENT_PLAYER value=1 
D 15:28:52.6871991 PowerTaskList.DebugPrintPower() -     TAG_CHANGE Entity=GameEntity tag=TURN value=4 
D 15:28:52.6871991 PowerTaskList.DebugPrintPower() -     TAG_CHANGE Entity=GameEntity tag=1882 value=3 
D 15:28:52.6871991 PowerTaskList.DebugPrintPower() -     TAG_CHANGE Entity=祥瑞御免雪亲王#51915 tag=TURN value=2 
D 15:28:52.6871991 PowerTaskList.DebugPrintPower() -     TAG_CHANGE Entity=GameEntity tag=NEXT_STEP value=MAIN_READY 
D 15:28:52.6871991 PowerTaskList.DebugPrintPower() - BLOCK_END
D 15:28:52.6871991 PowerProcessor.PrepareHistoryForCurrentTaskList() - m_currentTaskList=70
D 15:28:52.6871991 PowerProcessor.EndCurrentTaskList() - m_currentTaskList=70
D 15:28:52.6871991 PowerTaskList.DebugDump() - ID=71 ParentID=0 PreviousID=0 TaskCount=1
D 15:28:52.6871991 PowerTaskList.DebugDump() - Block Start=(null)
D 15:28:52.6871991 PowerTaskList.DebugPrintPower() -     TAG_CHANGE Entity=GameEntity tag=STEP value=MAIN_READY 
D 15:28:52.6871991 PowerTaskList.DebugDump() - Block End=(null)
D 15:28:52.6871991 PowerProcessor.PrepareHistoryForCurrentTaskList() - m_currentTaskList=71
D 15:28:52.6871991 PowerProcessor.EndCurrentTaskList() - m_currentTaskList=71
D 15:28:52.6871991 PowerTaskList.DebugDump() - ID=72 ParentID=0 PreviousID=0 TaskCount=13
D 15:28:52.6871991 PowerTaskList.DebugPrintPower() - BLOCK_START BlockType=TRIGGER Entity=祥瑞御免雪亲王#51915 EffectCardId=System.Collections.Generic.List`1[System.String] EffectIndex=-1 Target=0 SubOption=-1 TriggerKeyword=TAG_NOT_SET
D 15:28:52.6871991 PowerTaskList.DebugPrintPower() -     TAG_CHANGE Entity=GameEntity tag=NUM_TURNS_IN_PLAY value=4 
D 15:28:52.6871991 PowerTaskList.DebugPrintPower() -     TAG_CHANGE Entity=祥瑞御免雪亲王#51915 tag=NUM_TURNS_IN_PLAY value=4 
D 15:28:52.6871991 PowerTaskList.DebugPrintPower() -     TAG_CHANGE Entity=湫然#51704 tag=NUM_TURNS_IN_PLAY value=4 
D 15:28:52.6871991 PowerTaskList.DebugPrintPower() -     TAG_CHANGE Entity=[entityName=古尔丹 id=4 zone=PLAY zonePos=0 cardId=HERO_07 player=1] tag=NUM_TURNS_IN_PLAY value=4 
D 15:28:52.6871991 PowerTaskList.DebugPrintPower() -     TAG_CHANGE Entity=[entityName=古尔丹 id=6 zone=PLAY zonePos=0 cardId=HERO_07 player=2] tag=NUM_TURNS_IN_PLAY value=4 
D 15:28:52.6871991 PowerTaskList.DebugPrintPower() -     TAG_CHANGE Entity=[entityName=生命分流 id=8 zone=PLAY zonePos=0 cardId=HERO_07bp player=1] tag=NUM_TURNS_IN_PLAY value=4 
D 15:28:52.6871991 PowerTaskList.DebugPrintPower() -     TAG_CHANGE Entity=[entityName=生命分流 id=45 zone=PLAY zonePos=0 cardId=HERO_07bp player=2] tag=NUM_TURNS_IN_PLAY value=4 
D 15:28:52.6871991 PowerTaskList.DebugPrintPower() -     TAG_CHANGE Entity=祥瑞御免雪亲王#51915 tag=RESOURCES value=2 
D 15:28:52.6871991 PowerTaskList.DebugPrintPower() -     TAG_CHANGE Entity=湫然#51704 tag=NUM_CARDS_DRAWN_THIS_TURN value=0 
D 15:28:52.6871991 PowerTaskList.DebugPrintPower() -     TAG_CHANGE Entity=GameEntity tag=NEXT_STEP value=MAIN_START_TRIGGERS 
D 15:28:52.6871991 PowerTaskList.DebugPrintPower() -     TAG_CHANGE Entity=湫然#51704 tag=464 value=0 
D 15:28:52.6871991 PowerTaskList.DebugPrintPower() -     TAG_CHANGE Entity=湫然#51704 tag=4453 value=0 
D 15:28:52.6871991 PowerTaskList.DebugPrintPower() -     TAG_CHANGE Entity=湫然#51704 tag=1575 value=0 
D 15:28:52.6871991 PowerTaskList.DebugPrintPower() - BLOCK_END
D 15:28:52.6871991 PowerProcessor.PrepareHistoryForCurrentTaskList() - m_currentTaskList=72
D 15:28:52.6871991 PowerProcessor.EndCurrentTaskList() - m_currentTaskList=72
D 15:28:52.6871991 PowerTaskList.DebugDump() - ID=73 ParentID=0 PreviousID=0 TaskCount=1
D 15:28:52.6871991 PowerTaskList.DebugDump() - Block Start=(null)
D 15:28:52.6871991 PowerTaskList.DebugPrintPower() -     TAG_CHANGE Entity=GameEntity tag=STEP value=MAIN_START_TRIGGERS 
D 15:28:52.6871991 PowerTaskList.DebugDump() - Block End=(null)
D 15:28:52.6871991 PowerProcessor.PrepareHistoryForCurrentTaskList() - m_currentTaskList=73
D 15:28:52.6871991 PowerProcessor.EndCurrentTaskList() - m_currentTaskList=73
D 15:28:52.6871991 PowerTaskList.DebugDump() - ID=74 ParentID=0 PreviousID=0 TaskCount=1
D 15:28:52.6871991 PowerTaskList.DebugPrintPower() - BLOCK_START BlockType=TRIGGER Entity=祥瑞御免雪亲王#51915 EffectCardId=System.Collections.Generic.List`1[System.String] EffectIndex=-1 Target=0 SubOption=-1 TriggerKeyword=TAG_NOT_SET
D 15:28:52.6871991 PowerTaskList.DebugPrintPower() -     TAG_CHANGE Entity=GameEntity tag=NEXT_STEP value=MAIN_START 
D 15:28:52.6871991 PowerTaskList.DebugPrintPower() - BLOCK_END
D 15:28:52.6871991 PowerProcessor.PrepareHistoryForCurrentTaskList() - m_currentTaskList=74
D 15:28:52.6871991 PowerProcessor.EndCurrentTaskList() - m_currentTaskList=74
D 15:28:52.6871991 PowerTaskList.DebugDump() - ID=75 ParentID=0 PreviousID=0 TaskCount=1
D 15:28:52.6871991 PowerTaskList.DebugDump() - Block Start=(null)
D 15:28:52.6871991 PowerTaskList.DebugPrintPower() -     TAG_CHANGE Entity=GameEntity tag=STEP value=MAIN_START 
D 15:28:52.6871991 PowerTaskList.DebugDump() - Block End=(null)
D 15:28:52.6871991 PowerProcessor.PrepareHistoryForCurrentTaskList() - m_currentTaskList=75
D 15:28:52.6871991 PowerProcessor.EndCurrentTaskList() - m_currentTaskList=75
D 15:28:52.6871991 PowerTaskList.DebugDump() - ID=76 ParentID=0 PreviousID=0 TaskCount=11
D 15:28:52.6871991 PowerTaskList.DebugPrintPower() - BLOCK_START BlockType=TRIGGER Entity=祥瑞御免雪亲王#51915 EffectCardId=System.Collections.Generic.List`1[System.String] EffectIndex=-1 Target=0 SubOption=-1 TriggerKeyword=TAG_NOT_SET
D 15:28:52.6871991 PowerTaskList.DebugPrintPower() -     TAG_CHANGE Entity=祥瑞御免雪亲王#51915 tag=2166 value=9 
D 15:28:52.6871991 PowerTaskList.DebugPrintPower() -     TAG_CHANGE Entity=祥瑞御免雪亲王#51915 tag=467 value=1 
D 15:28:52.6871991 PowerTaskList.DebugPrintPower() -     TAG_CHANGE Entity=[entityName=UNKNOWN ENTITY [cardType=INVALID] id=9 zone=DECK zonePos=0 cardId= player=1] tag=ZONE value=HAND 
D 15:28:52.6871991 PowerTaskList.DebugPrintPower() -     TAG_CHANGE Entity=[entityName=UNKNOWN ENTITY [cardType=INVALID] id=9 zone=DECK zonePos=0 cardId= player=1] tag=ZONE_POSITION value=7 
D 15:28:52.6871991 PowerTaskList.DebugPrintPower() -     TAG_CHANGE Entity=[entityName=UNKNOWN ENTITY [cardType=INVALID] id=9 zone=DECK zonePos=0 cardId= player=1] tag=ZONE_POSITION value=0 
D 15:28:52.6871991 PowerTaskList.DebugPrintPower() -     TAG_CHANGE Entity=[entityName=UNKNOWN ENTITY [cardType=INVALID] id=9 zone=DECK zonePos=0 cardId= player=1] tag=ZONE_POSITION value=7 
D 15:28:52.6871991 PowerTaskList.DebugPrintPower() -     TAG_CHANGE Entity=祥瑞御免雪亲王#51915 tag=3242 value=1 
D 15:28:52.6871991 PowerTaskList.DebugPrintPower() -     TAG_CHANGE Entity=祥瑞御免雪亲王#51915 tag=NUM_CARDS_DRAWN_THIS_TURN value=1 
D 15:28:52.6871991 PowerTaskList.DebugPrintPower() -     TAG_CHANGE Entity=祥瑞御免雪亲王#51915 tag=995 value=2 
D 15:28:52.6871991 PowerTaskList.DebugPrintPower() -     TAG_CHANGE Entity=祥瑞御免雪亲王#51915 tag=467 value=0 
D 15:28:52.6871991 PowerTaskList.DebugPrintPower() -     TAG_CHANGE Entity=GameEntity tag=NEXT_STEP value=MAIN_ACTION 
D 15:28:52.6871991 PowerTaskList.DebugPrintPower() - BLOCK_END
D 15:28:52.6871991 PowerProcessor.PrepareHistoryForCurrentTaskList() - m_currentTaskList=76
D 15:28:54.2108258 PowerProcessor.EndCurrentTaskList() - m_currentTaskList=76
D 15:28:54.2173448 PowerTaskList.DebugDump() - ID=77 ParentID=0 PreviousID=0 TaskCount=1
D 15:28:54.2173448 PowerTaskList.DebugDump() - Block Start=(null)
D 15:28:54.2173448 PowerTaskList.DebugPrintPower() -     TAG_CHANGE Entity=GameEntity tag=STEP value=MAIN_ACTION 
D 15:28:54.2173448 PowerTaskList.DebugDump() - Block End=(null)
D 15:28:54.2173448 PowerProcessor.PrepareHistoryForCurrentTaskList() - m_currentTaskList=77
D 15:28:54.2173448 PowerProcessor.EndCurrentTaskList() - m_currentTaskList=77
D 15:28:54.2173448 PowerTaskList.DebugDump() - ID=78 ParentID=0 PreviousID=0 TaskCount=1
D 15:28:54.2173448 PowerTaskList.DebugPrintPower() - BLOCK_START BlockType=TRIGGER Entity=祥瑞御免雪亲王#51915 EffectCardId=System.Collections.Generic.List`1[System.String] EffectIndex=-1 Target=0 SubOption=-1 TriggerKeyword=TAG_NOT_SET
D 15:28:54.2173448 PowerTaskList.DebugPrintPower() -     TAG_CHANGE Entity=GameEntity tag=NEXT_STEP value=MAIN_END 
D 15:28:54.2173448 PowerTaskList.DebugPrintPower() - BLOCK_END
D 15:28:54.2173448 PowerProcessor.PrepareHistoryForCurrentTaskList() - m_currentTaskList=78
D 15:28:54.2173448 PowerProcessor.EndCurrentTaskList() - m_currentTaskList=78
D 15:28:58.7608199 GameState.DebugPrintPowerList() - Count=47
D 15:28:58.7608199 GameState.DebugPrintPower() - BLOCK_START BlockType=PLAY Entity=[entityName=生命分流 id=8 zone=PLAY zonePos=0 cardId=HERO_07bp player=1] EffectCardId=System.Collections.Generic.List`1[System.String] EffectIndex=0 Target=0 SubOption=-1 
D 15:28:58.7608199 GameState.DebugPrintPower() -     TAG_CHANGE Entity=祥瑞御免雪亲王#51915 tag=2245 value=2 
D 15:28:58.7608199 GameState.DebugPrintPower() -     TAG_CHANGE Entity=祥瑞御免雪亲王#51915 tag=RESOURCES_USED value=2 
D 15:28:58.7608199 GameState.DebugPrintPower() -     TAG_CHANGE Entity=祥瑞御免雪亲王#51915 tag=NUM_RESOURCES_SPENT_THIS_GAME value=2 
D 15:28:58.7608199 GameState.DebugPrintPower() -     META_DATA - Meta=SLUSH_TIME Data=2000 InfoCount=1
D 15:28:58.7608199 GameState.DebugPrintPower() -                 Info[0] = [entityName=生命分流 id=8 zone=PLAY zonePos=0 cardId=HERO_07bp player=1]
D 15:28:58.7608199 GameState.DebugPrintPower() -     BLOCK_START BlockType=POWER Entity=[entityName=生命分流 id=8 zone=PLAY zonePos=0 cardId=HERO_07bp player=1] EffectCardId=System.Collections.Generic.List`1[System.String] EffectIndex=0 Target=0 SubOption=-1 
D 15:28:58.7608199 GameState.DebugPrintPower() -         META_DATA - Meta=TARGET Data=0 InfoCount=1
D 15:28:58.7608199 GameState.DebugPrintPower() -                     Info[0] = [entityName=古尔丹 id=4 zone=PLAY zonePos=0 cardId=HERO_07 player=1]
D 15:28:58.7608199 GameState.DebugPrintPower() -         TAG_CHANGE Entity=[entityName=古尔丹 id=4 zone=PLAY zonePos=0 cardId=HERO_07 player=1] tag=2187 value=8 
D 15:28:58.7608199 GameState.DebugPrintPower() -         TAG_CHANGE Entity=[entityName=古尔丹 id=4 zone=PLAY zonePos=0 cardId=HERO_07 player=1] tag=PREDAMAGE value=2 
D 15:28:58.7608199 GameState.DebugPrintPower() -         TAG_CHANGE Entity=[entityName=古尔丹 id=4 zone=PLAY zonePos=0 cardId=HERO_07 player=1] tag=1173 value=4 
D 15:28:58.7608199 GameState.DebugPrintPower() -         TAG_CHANGE Entity=[entityName=古尔丹 id=4 zone=PLAY zonePos=0 cardId=HERO_07 player=1] tag=2187 value=0 
D 15:28:58.7608199 GameState.DebugPrintPower() -         TAG_CHANGE Entity=[entityName=古尔丹 id=4 zone=PLAY zonePos=0 cardId=HERO_07 player=1] tag=PREDAMAGE value=0 
D 15:28:58.7608199 GameState.DebugPrintPower() -         TAG_CHANGE Entity=[entityName=古尔丹 id=4 zone=PLAY zonePos=0 cardId=HERO_07 player=1] tag=1173 value=0 
D 15:28:58.7608199 GameState.DebugPrintPower() -         TAG_CHANGE Entity=[entityName=古尔丹 id=4 zone=PLAY zonePos=0 cardId=HERO_07 player=1] tag=PREDAMAGE value=2 
D 15:28:58.7608199 GameState.DebugPrintPower() -         TAG_CHANGE Entity=[entityName=古尔丹 id=4 zone=PLAY zonePos=0 cardId=HERO_07 player=1] tag=PREDAMAGE value=0 
D 15:28:58.7608199 GameState.DebugPrintPower() -         META_DATA - Meta=DAMAGE Data=2 InfoCount=1
D 15:28:58.7608199 GameState.DebugPrintPower() -                     Info[0] = [entityName=古尔丹 id=4 zone=PLAY zonePos=0 cardId=HERO_07 player=1]
D 15:28:58.7608199 GameState.DebugPrintPower() -         TAG_CHANGE Entity=[entityName=古尔丹 id=4 zone=PLAY zonePos=0 cardId=HERO_07 player=1] tag=4741 value=1 
D 15:28:58.7608199 GameState.DebugPrintPower() -         TAG_CHANGE Entity=[entityName=古尔丹 id=4 zone=PLAY zonePos=0 cardId=HERO_07 player=1] tag=LAST_AFFECTED_BY value=8 
D 15:28:58.7608199 GameState.DebugPrintPower() -         TAG_CHANGE Entity=[entityName=古尔丹 id=4 zone=PLAY zonePos=0 cardId=HERO_07 player=1] tag=DAMAGE value=2 
D 15:28:58.7608199 GameState.DebugPrintPower() -         TAG_CHANGE Entity=祥瑞御免雪亲王#51915 tag=NUM_HERO_POWER_DAMAGE_THIS_GAME value=2 
D 15:28:58.7608199 GameState.DebugPrintPower() -         TAG_CHANGE Entity=祥瑞御免雪亲王#51915 tag=464 value=2 
D 15:28:58.7608199 GameState.DebugPrintPower() -         TAG_CHANGE Entity=祥瑞御免雪亲王#51915 tag=1853 value=2 
D 15:28:58.7608199 GameState.DebugPrintPower() -         TAG_CHANGE Entity=祥瑞御免雪亲王#51915 tag=4453 value=1 
D 15:28:58.7608199 GameState.DebugPrintPower() -         TAG_CHANGE Entity=祥瑞御免雪亲王#51915 tag=3110 value=2 
D 15:28:58.7608199 GameState.DebugPrintPower() -         TAG_CHANGE Entity=祥瑞御免雪亲王#51915 tag=3687 value=1 
D 15:28:58.7608199 GameState.DebugPrintPower() -         TAG_CHANGE Entity=祥瑞御免雪亲王#51915 tag=1575 value=1 
D 15:28:58.7608199 GameState.DebugPrintPower() -         TAG_CHANGE Entity=祥瑞御免雪亲王#51915 tag=1573 value=1 
D 15:28:58.7608199 GameState.DebugPrintPower() -         TAG_CHANGE Entity=祥瑞御免雪亲王#51915 tag=2166 value=27 
D 15:28:58.7608199 GameState.DebugPrintPower() -         TAG_CHANGE Entity=祥瑞御免雪亲王#51915 tag=467 value=1 
D 15:28:58.7608199 GameState.DebugPrintPower() -         TAG_CHANGE Entity=[entityName=UNKNOWN ENTITY [cardType=INVALID] id=27 zone=DECK zonePos=0 cardId= player=1] tag=ZONE value=HAND 
D 15:28:58.7608199 GameState.DebugPrintPower() -         TAG_CHANGE Entity=[entityName=UNKNOWN ENTITY [cardType=INVALID] id=27 zone=DECK zonePos=0 cardId= player=1] tag=ZONE_POSITION value=8 
D 15:28:58.7608199 GameState.DebugPrintPower() -         TAG_CHANGE Entity=[entityName=UNKNOWN ENTITY [cardType=INVALID] id=27 zone=DECK zonePos=0 cardId= player=1] tag=ZONE_POSITION value=0 
D 15:28:58.7608199 GameState.DebugPrintPower() -         TAG_CHANGE Entity=[entityName=UNKNOWN ENTITY [cardType=INVALID] id=27 zone=DECK zonePos=0 cardId= player=1] tag=ZONE_POSITION value=8 
D 15:28:58.7608199 GameState.DebugPrintPower() -         TAG_CHANGE Entity=祥瑞御免雪亲王#51915 tag=3242 value=2 
D 15:28:58.7608199 GameState.DebugPrintPower() -         TAG_CHANGE Entity=祥瑞御免雪亲王#51915 tag=NUM_CARDS_DRAWN_THIS_TURN value=2 
D 15:28:58.7608199 GameState.DebugPrintPower() -         TAG_CHANGE Entity=祥瑞御免雪亲王#51915 tag=995 value=3 
D 15:28:58.7608199 GameState.DebugPrintPower() -         TAG_CHANGE Entity=祥瑞御免雪亲王#51915 tag=467 value=0 
D 15:28:58.7608199 GameState.DebugPrintPower() -     BLOCK_END
D 15:28:58.7608199 GameState.DebugPrintPower() -     TAG_CHANGE Entity=祥瑞御免雪亲王#51915 tag=HEROPOWER_ACTIVATIONS_THIS_TURN value=1 
D 15:28:58.7608199 GameState.DebugPrintPower() -     TAG_CHANGE Entity=祥瑞御免雪亲王#51915 tag=1739 value=1 
D 15:28:58.7608199 GameState.DebugPrintPower() -     TAG_CHANGE Entity=祥瑞御免雪亲王#51915 tag=NUM_TIMES_HERO_POWER_USED_THIS_GAME value=1 
D 15:28:58.7608199 GameState.DebugPrintPower() -     TAG_CHANGE Entity=[entityName=生命分流 id=8 zone=PLAY zonePos=0 cardId=HERO_07bp player=1] tag=HEROPOWER_ACTIVATIONS_THIS_TURN value=1 
D 15:28:58.7608199 GameState.DebugPrintPower() -     TAG_CHANGE Entity=[entityName=生命分流 id=8 zone=PLAY zonePos=0 cardId=HERO_07bp player=1] tag=EXHAUSTED value=1 
D 15:28:58.7608199 GameState.DebugPrintPower() -     TAG_CHANGE Entity=GameEntity tag=1323 value=2 
D 15:28:58.7608199 GameState.DebugPrintPower() -     TAG_CHANGE Entity=祥瑞御免雪亲王#51915 tag=NUM_OPTIONS_PLAYED_THIS_TURN value=1 
D 15:28:58.7608199 GameState.DebugPrintPower() - BLOCK_END
D 15:28:58.7608199 GameState.DebugPrintPower() - META_DATA - Meta=SLUSH_TIME Data=1000 InfoCount=1
D 15:28:58.7608199 GameState.DebugPrintPower() -             Info[0] = [entityName=生命分流 id=8 zone=PLAY zonePos=0 cardId=HERO_07bp player=1]
D 15:28:58.7608199 PowerTaskList.DebugDump() - ID=79 ParentID=0 PreviousID=0 TaskCount=4
D 15:28:58.7608199 PowerTaskList.DebugPrintPower() - BLOCK_START BlockType=PLAY Entity=[entityName=生命分流 id=8 zone=PLAY zonePos=0 cardId=HERO_07bp player=1] EffectCardId=System.Collections.Generic.List`1[System.String] EffectIndex=0 Target=0 SubOption=-1 
D 15:28:58.7608199 PowerTaskList.DebugPrintPower() -     TAG_CHANGE Entity=祥瑞御免雪亲王#51915 tag=2245 value=2 
D 15:28:58.7608199 PowerTaskList.DebugPrintPower() -     TAG_CHANGE Entity=祥瑞御免雪亲王#51915 tag=RESOURCES_USED value=2 
D 15:28:58.7608199 PowerTaskList.DebugPrintPower() -     TAG_CHANGE Entity=祥瑞御免雪亲王#51915 tag=NUM_RESOURCES_SPENT_THIS_GAME value=2 
D 15:28:58.7608199 PowerTaskList.DebugPrintPower() -     META_DATA - Meta=SLUSH_TIME Data=2000 InfoCount=1
D 15:28:58.7608199 PowerTaskList.DebugPrintPower() -                 Info[0] = [entityName=生命分流 id=8 zone=PLAY zonePos=0 cardId=HERO_07bp player=1]
D 15:28:58.7608199 PowerTaskList.DebugDump() - Block End=(null)
D 15:28:58.7608199 PowerProcessor.PrepareHistoryForCurrentTaskList() - m_currentTaskList=79
D 15:28:58.7608199 PowerProcessor.DoTaskListForCard() - unhandled BlockType PLAY for sourceEntity [entityName=生命分流 id=8 zone=PLAY zonePos=0 cardId=HERO_07bp player=1]
D 15:28:58.7608199 PowerProcessor.EndCurrentTaskList() - m_currentTaskList=79
D 15:28:59.7772717 PowerTaskList.DebugDump() - ID=80 ParentID=79 PreviousID=0 TaskCount=31
D 15:28:59.7772717 PowerTaskList.DebugPrintPower() - BLOCK_START BlockType=POWER Entity=[entityName=生命分流 id=8 zone=PLAY zonePos=0 cardId=HERO_07bp player=1] EffectCardId=System.Collections.Generic.List`1[System.String] EffectIndex=0 Target=0 SubOption=-1 
D 15:28:59.7772717 PowerTaskList.DebugPrintPower() -     META_DATA - Meta=TARGET Data=0 InfoCount=1
D 15:28:59.7772717 PowerTaskList.DebugPrintPower() -                 Info[0] = [entityName=古尔丹 id=4 zone=PLAY zonePos=0 cardId=HERO_07 player=1]
D 15:28:59.7772717 PowerTaskList.DebugPrintPower() -     TAG_CHANGE Entity=[entityName=古尔丹 id=4 zone=PLAY zonePos=0 cardId=HERO_07 player=1] tag=2187 value=8 
D 15:28:59.7772717 PowerTaskList.DebugPrintPower() -     TAG_CHANGE Entity=[entityName=古尔丹 id=4 zone=PLAY zonePos=0 cardId=HERO_07 player=1] tag=PREDAMAGE value=2 
D 15:28:59.7772717 PowerTaskList.DebugPrintPower() -     TAG_CHANGE Entity=[entityName=古尔丹 id=4 zone=PLAY zonePos=0 cardId=HERO_07 player=1] tag=1173 value=4 
D 15:28:59.7772717 PowerTaskList.DebugPrintPower() -     TAG_CHANGE Entity=[entityName=古尔丹 id=4 zone=PLAY zonePos=0 cardId=HERO_07 player=1] tag=2187 value=0 
D 15:28:59.7772717 PowerTaskList.DebugPrintPower() -     TAG_CHANGE Entity=[entityName=古尔丹 id=4 zone=PLAY zonePos=0 cardId=HERO_07 player=1] tag=PREDAMAGE value=0 
D 15:28:59.7772717 PowerTaskList.DebugPrintPower() -     TAG_CHANGE Entity=[entityName=古尔丹 id=4 zone=PLAY zonePos=0 cardId=HERO_07 player=1] tag=1173 value=0 
D 15:28:59.7772717 PowerTaskList.DebugPrintPower() -     TAG_CHANGE Entity=[entityName=古尔丹 id=4 zone=PLAY zonePos=0 cardId=HERO_07 player=1] tag=PREDAMAGE value=2 
D 15:28:59.7772717 PowerTaskList.DebugPrintPower() -     TAG_CHANGE Entity=[entityName=古尔丹 id=4 zone=PLAY zonePos=0 cardId=HERO_07 player=1] tag=PREDAMAGE value=0 
D 15:28:59.7772717 PowerTaskList.DebugPrintPower() -     META_DATA - Meta=DAMAGE Data=2 InfoCount=1
D 15:28:59.7772717 PowerTaskList.DebugPrintPower() -                 Info[0] = [entityName=古尔丹 id=4 zone=PLAY zonePos=0 cardId=HERO_07 player=1]
D 15:28:59.7772717 PowerTaskList.DebugPrintPower() -     TAG_CHANGE Entity=[entityName=古尔丹 id=4 zone=PLAY zonePos=0 cardId=HERO_07 player=1] tag=4741 value=1 
D 15:28:59.7772717 PowerTaskList.DebugPrintPower() -     TAG_CHANGE Entity=[entityName=古尔丹 id=4 zone=PLAY zonePos=0 cardId=HERO_07 player=1] tag=LAST_AFFECTED_BY value=8 
D 15:28:59.7772717 PowerTaskList.DebugPrintPower() -     TAG_CHANGE Entity=[entityName=古尔丹 id=4 zone=PLAY zonePos=0 cardId=HERO_07 player=1] tag=DAMAGE value=2 
D 15:28:59.7772717 PowerTaskList.DebugPrintPower() -     TAG_CHANGE Entity=祥瑞御免雪亲王#51915 tag=NUM_HERO_POWER_DAMAGE_THIS_GAME value=2 
D 15:28:59.7772717 PowerTaskList.DebugPrintPower() -     TAG_CHANGE Entity=祥瑞御免雪亲王#51915 tag=464 value=2 
D 15:28:59.7772717 PowerTaskList.DebugPrintPower() -     TAG_CHANGE Entity=祥瑞御免雪亲王#51915 tag=1853 value=2 
D 15:28:59.7772717 PowerTaskList.DebugPrintPower() -     TAG_CHANGE Entity=祥瑞御免雪亲王#51915 tag=4453 value=1 
D 15:28:59.7772717 PowerTaskList.DebugPrintPower() -     TAG_CHANGE Entity=祥瑞御免雪亲王#51915 tag=3110 value=2 
D 15:28:59.7772717 PowerTaskList.DebugPrintPower() -     TAG_CHANGE Entity=祥瑞御免雪亲王#51915 tag=3687 value=1 
D 15:28:59.7772717 PowerTaskList.DebugPrintPower() -     TAG_CHANGE Entity=祥瑞御免雪亲王#51915 tag=1575 value=1 
D 15:28:59.7772717 PowerTaskList.DebugPrintPower() -     TAG_CHANGE Entity=祥瑞御免雪亲王#51915 tag=1573 value=1 
D 15:28:59.7772717 PowerTaskList.DebugPrintPower() -     TAG_CHANGE Entity=祥瑞御免雪亲王#51915 tag=2166 value=27 
D 15:28:59.7772717 PowerTaskList.DebugPrintPower() -     TAG_CHANGE Entity=祥瑞御免雪亲王#51915 tag=467 value=1 
D 15:28:59.7772717 PowerTaskList.DebugPrintPower() -     TAG_CHANGE Entity=[entityName=UNKNOWN ENTITY [cardType=INVALID] id=27 zone=DECK zonePos=0 cardId= player=1] tag=ZONE value=HAND 
D 15:28:59.7772717 PowerTaskList.DebugPrintPower() -     TAG_CHANGE Entity=[entityName=UNKNOWN ENTITY [cardType=INVALID] id=27 zone=DECK zonePos=0 cardId= player=1] tag=ZONE_POSITION value=8 
D 15:28:59.7772717 PowerTaskList.DebugPrintPower() -     TAG_CHANGE Entity=[entityName=UNKNOWN ENTITY [cardType=INVALID] id=27 zone=DECK zonePos=0 cardId= player=1] tag=ZONE_POSITION value=0 
D 15:28:59.7772717 PowerTaskList.DebugPrintPower() -     TAG_CHANGE Entity=[entityName=UNKNOWN ENTITY [cardType=INVALID] id=27 zone=DECK zonePos=0 cardId= player=1] tag=ZONE_POSITION value=8 
D 15:28:59.7772717 PowerTaskList.DebugPrintPower() -     TAG_CHANGE Entity=祥瑞御免雪亲王#51915 tag=3242 value=2 
D 15:28:59.7772717 PowerTaskList.DebugPrintPower() -     TAG_CHANGE Entity=祥瑞御免雪亲王#51915 tag=NUM_CARDS_DRAWN_THIS_TURN value=2 
D 15:28:59.7772717 PowerTaskList.DebugPrintPower() -     TAG_CHANGE Entity=祥瑞御免雪亲王#51915 tag=995 value=3 
D 15:28:59.7772717 PowerTaskList.DebugPrintPower() -     TAG_CHANGE Entity=祥瑞御免雪亲王#51915 tag=467 value=0 
D 15:28:59.7772717 PowerTaskList.DebugPrintPower() - BLOCK_END
D 15:28:59.7772717 PowerProcessor.PrepareHistoryForCurrentTaskList() - m_currentTaskList=80
D 15:29:01.5525057 GameState.DebugPrintPowerList() - Count=79
D 15:29:01.5525057 GameState.DebugPrintPower() - TAG_CHANGE Entity=GameEntity tag=STEP value=MAIN_END 
D 15:29:01.5525057 GameState.DebugPrintPower() - BLOCK_START BlockType=TRIGGER Entity=祥瑞御免雪亲王#51915 EffectCardId=System.Collections.Generic.List`1[System.String] EffectIndex=-1 Target=0 SubOption=-1 TriggerKeyword=TAG_NOT_SET
D 15:29:01.5525057 GameState.DebugPrintPower() -     TAG_CHANGE Entity=GameEntity tag=NEXT_STEP value=MAIN_CLEANUP 
D 15:29:01.5525057 GameState.DebugPrintPower() - BLOCK_END
D 15:29:01.5525057 GameState.DebugPrintPower() - BLOCK_START BlockType=TRIGGER Entity=祥瑞御免雪亲王#51915 EffectCardId=System.Collections.Generic.List`1[System.String] EffectIndex=-1 Target=0 SubOption=-1 TriggerKeyword=TAG_NOT_SET
D 15:29:01.5525057 GameState.DebugPrintPower() - BLOCK_END
D 15:29:01.5525057 GameState.DebugPrintPower() - BLOCK_START BlockType=TRIGGER Entity=湫然#51704 EffectCardId=System.Collections.Generic.List`1[System.String] EffectIndex=-1 Target=0 SubOption=-1 TriggerKeyword=TAG_NOT_SET
D 15:29:01.5525057 GameState.DebugPrintPower() - BLOCK_END
D 15:29:01.5525057 GameState.DebugPrintPower() - TAG_CHANGE Entity=GameEntity tag=STEP value=MAIN_CLEANUP 
D 15:29:01.5525057 GameState.DebugPrintPower() - BLOCK_START BlockType=TRIGGER Entity=祥瑞御免雪亲王#51915 EffectCardId=System.Collections.Generic.List`1[System.String] EffectIndex=-1 Target=0 SubOption=-1 TriggerKeyword=TAG_NOT_SET
D 15:29:01.5525057 GameState.DebugPrintPower() -     TAG_CHANGE Entity=GameEntity tag=NEXT_STEP value=MAIN_NEXT 
D 15:29:01.5525057 GameState.DebugPrintPower() - BLOCK_END
D 15:29:01.5525057 GameState.DebugPrintPower() - BLOCK_START BlockType=TRIGGER Entity=湫然#51704 EffectCardId=System.Collections.Generic.List`1[System.String] EffectIndex=-1 Target=0 SubOption=-1 TriggerKeyword=TAG_NOT_SET
D 15:29:01.5525057 GameState.DebugPrintPower() - BLOCK_END
D 15:29:01.5525057 GameState.DebugPrintPower() - TAG_CHANGE Entity=GameEntity tag=STEP value=MAIN_NEXT 
D 15:29:01.5525057 GameState.DebugPrintPower() - BLOCK_START BlockType=TRIGGER Entity=GameEntity EffectCardId=System.Collections.Generic.List`1[System.String] EffectIndex=-1 Target=0 SubOption=-1 TriggerKeyword=TAG_NOT_SET
D 15:29:01.5525057 GameState.DebugPrintPower() -     TAG_CHANGE Entity=祥瑞御免雪亲王#51915 tag=1292 value=0 
D 15:29:01.5525057 GameState.DebugPrintPower() -     TAG_CHANGE Entity=湫然#51704 tag=1292 value=1 
D 15:29:01.5525057 GameState.DebugPrintPower() -     TAG_CHANGE Entity=祥瑞御免雪亲王#51915 tag=TIMEOUT value=75 
D 15:29:01.5525057 GameState.DebugPrintPower() -     TAG_CHANGE Entity=[entityName=掀桌子 id=58 zone=HAND zonePos=1 cardId=TOY_883 player=2] tag=NUM_TURNS_IN_HAND value=5 
D 15:29:01.5525057 GameState.DebugPrintPower() -     TAG_CHANGE Entity=[entityName=飞翼焊装 id=75 zone=HAND zonePos=2 cardId=TTN_463 player=2] tag=NUM_TURNS_IN_HAND value=5 
D 15:29:01.5525057 GameState.DebugPrintPower() -     TAG_CHANGE Entity=[entityName=灵魂冻结 id=60 zone=HAND zonePos=3 cardId=DEEP_032 player=2] tag=NUM_TURNS_IN_HAND value=5 
D 15:29:01.5525057 GameState.DebugPrintPower() -     TAG_CHANGE Entity=[entityName=基尔加丹 id=67 zone=HAND zonePos=4 cardId=GDB_145 player=2] tag=NUM_TURNS_IN_HAND value=5 
D 15:29:01.5525057 GameState.DebugPrintPower() -     TAG_CHANGE Entity=[entityName=吃掉小鬼！ id=49 zone=HAND zonePos=5 cardId=VAC_939 player=2] tag=NUM_TURNS_IN_HAND value=3 
D 15:29:01.5525057 GameState.DebugPrintPower() -     TAG_CHANGE Entity=[entityName=滑坡 id=55 zone=HAND zonePos=6 cardId=VAC_513 player=2] tag=NUM_TURNS_IN_HAND value=3 
D 15:29:01.5525057 GameState.DebugPrintPower() -     TAG_CHANGE Entity=祥瑞御免雪亲王#51915 tag=CURRENT_PLAYER value=0 
D 15:29:01.5525057 GameState.DebugPrintPower() -     TAG_CHANGE Entity=湫然#51704 tag=CURRENT_PLAYER value=1 
D 15:29:01.5525057 GameState.DebugPrintPower() -     TAG_CHANGE Entity=GameEntity tag=TURN value=5 
D 15:29:01.5525057 GameState.DebugPrintPower() -     TAG_CHANGE Entity=GameEntity tag=1882 value=4 
D 15:29:01.5525057 GameState.DebugPrintPower() -     TAG_CHANGE Entity=湫然#51704 tag=TURN value=3 
D 15:29:01.5525057 GameState.DebugPrintPower() -     TAG_CHANGE Entity=GameEntity tag=NEXT_STEP value=MAIN_READY 
D 15:29:01.5525057 GameState.DebugPrintPower() - BLOCK_END
D 15:29:01.5525057 GameState.DebugPrintPower() - TAG_CHANGE Entity=GameEntity tag=STEP value=MAIN_READY 
D 15:29:01.5525057 GameState.DebugPrintPower() - BLOCK_START BlockType=TRIGGER Entity=湫然#51704 EffectCardId=System.Collections.Generic.List`1[System.String] EffectIndex=-1 Target=0 SubOption=-1 TriggerKeyword=TAG_NOT_SET
D 15:29:01.5525057 GameState.DebugPrintPower() -     TAG_CHANGE Entity=GameEntity tag=NUM_TURNS_IN_PLAY value=5 
D 15:29:01.5525057 GameState.DebugPrintPower() -     TAG_CHANGE Entity=祥瑞御免雪亲王#51915 tag=NUM_TURNS_IN_PLAY value=5 
D 15:29:01.5525057 GameState.DebugPrintPower() -     TAG_CHANGE Entity=湫然#51704 tag=NUM_TURNS_IN_PLAY value=5 
D 15:29:01.5525057 GameState.DebugPrintPower() -     TAG_CHANGE Entity=[entityName=古尔丹 id=4 zone=PLAY zonePos=0 cardId=HERO_07 player=1] tag=NUM_TURNS_IN_PLAY value=5 
D 15:29:01.5525057 GameState.DebugPrintPower() -     TAG_CHANGE Entity=[entityName=古尔丹 id=6 zone=PLAY zonePos=0 cardId=HERO_07 player=2] tag=NUM_TURNS_IN_PLAY value=5 
D 15:29:01.5525057 GameState.DebugPrintPower() -     TAG_CHANGE Entity=[entityName=生命分流 id=8 zone=PLAY zonePos=0 cardId=HERO_07bp player=1] tag=NUM_TURNS_IN_PLAY value=5 
D 15:29:01.5525057 GameState.DebugPrintPower() -     TAG_CHANGE Entity=[entityName=生命分流 id=45 zone=PLAY zonePos=0 cardId=HERO_07bp player=2] tag=NUM_TURNS_IN_PLAY value=5 
D 15:29:01.5525057 GameState.DebugPrintPower() -     TAG_CHANGE Entity=湫然#51704 tag=RESOURCES value=3 
D 15:29:01.5525057 GameState.DebugPrintPower() -     TAG_CHANGE Entity=湫然#51704 tag=RESOURCES_USED value=0 
D 15:29:01.5525057 GameState.DebugPrintPower() -     TAG_CHANGE Entity=湫然#51704 tag=NUM_OPTIONS_PLAYED_THIS_TURN value=0 
D 15:29:01.5525057 GameState.DebugPrintPower() -     TAG_CHANGE Entity=湫然#51704 tag=3242 value=0 
D 15:29:01.5525057 GameState.DebugPrintPower() -     TAG_CHANGE Entity=[entityName=生命分流 id=45 zone=PLAY zonePos=0 cardId=HERO_07bp player=2] tag=EXHAUSTED value=0 
D 15:29:01.5525057 GameState.DebugPrintPower() -     TAG_CHANGE Entity=祥瑞御免雪亲王#51915 tag=NUM_CARDS_DRAWN_THIS_TURN value=0 
D 15:29:01.5525057 GameState.DebugPrintPower() -     TAG_CHANGE Entity=GameEntity tag=NEXT_STEP value=MAIN_START_TRIGGERS 
D 15:29:01.5525057 GameState.DebugPrintPower() -     TAG_CHANGE Entity=祥瑞御免雪亲王#51915 tag=464 value=0 
D 15:29:01.5525057 GameState.DebugPrintPower() -     TAG_CHANGE Entity=祥瑞御免雪亲王#51915 tag=4453 value=0 
D 15:29:01.5525057 GameState.DebugPrintPower() -     TAG_CHANGE Entity=祥瑞御免雪亲王#51915 tag=1575 value=0 
D 15:29:01.5525057 GameState.DebugPrintPower() -     TAG_CHANGE Entity=湫然#51704 tag=HEROPOWER_ACTIVATIONS_THIS_TURN value=0 
D 15:29:01.5525057 GameState.DebugPrintPower() -     TAG_CHANGE Entity=[entityName=生命分流 id=45 zone=PLAY zonePos=0 cardId=HERO_07bp player=2] tag=HEROPOWER_ACTIVATIONS_THIS_TURN value=0 
D 15:29:01.5525057 GameState.DebugPrintPower() -     TAG_CHANGE Entity=湫然#51704 tag=1739 value=0 
D 15:29:01.5525057 GameState.DebugPrintPower() - BLOCK_END
D 15:29:01.5525057 GameState.DebugPrintPower() - TAG_CHANGE Entity=GameEntity tag=STEP value=MAIN_START_TRIGGERS 
D 15:29:01.5525057 GameState.DebugPrintPower() - BLOCK_START BlockType=TRIGGER Entity=湫然#51704 EffectCardId=System.Collections.Generic.List`1[System.String] EffectIndex=-1 Target=0 SubOption=-1 TriggerKeyword=TAG_NOT_SET
D 15:29:01.5525057 GameState.DebugPrintPower() -     TAG_CHANGE Entity=GameEntity tag=NEXT_STEP value=MAIN_START 
D 15:29:01.5525057 GameState.DebugPrintPower() - BLOCK_END
D 15:29:01.5525057 GameState.DebugPrintPower() - TAG_CHANGE Entity=GameEntity tag=STEP value=MAIN_START 
D 15:29:01.5525057 GameState.DebugPrintPower() - BLOCK_START BlockType=TRIGGER Entity=湫然#51704 EffectCardId=System.Collections.Generic.List`1[System.String] EffectIndex=-1 Target=0 SubOption=-1 TriggerKeyword=TAG_NOT_SET
D 15:29:01.5525057 GameState.DebugPrintPower() -     TAG_CHANGE Entity=湫然#51704 tag=2166 value=70 
D 15:29:01.5525057 GameState.DebugPrintPower() -     TAG_CHANGE Entity=湫然#51704 tag=467 value=1 
D 15:29:01.5525057 GameState.DebugPrintPower() -     SHOW_ENTITY - Updating Entity=[entityName=饥饿的海怪 id=70 zone=DECK zonePos=0 cardId= player=2] CardID=TTN_754
D 15:29:01.5525057 GameState.DebugPrintPower() -         tag=CONTROLLER value=2
D 15:29:01.5525057 GameState.DebugPrintPower() -         tag=CARDTYPE value=MINION
D 15:29:01.5525057 GameState.DebugPrintPower() -         tag=TAG_LAST_KNOWN_COST_IN_HAND value=3
D 15:29:01.5525057 GameState.DebugPrintPower() -         tag=479 value=2
D 15:29:01.5525057 GameState.DebugPrintPower() -         tag=COST value=3
D 15:29:01.5525057 GameState.DebugPrintPower() -         tag=ATK value=2
D 15:29:01.5525057 GameState.DebugPrintPower() -         tag=HEALTH value=5
D 15:29:01.5525057 GameState.DebugPrintPower() -         tag=ZONE value=HAND
D 15:29:01.5525057 GameState.DebugPrintPower() -         tag=ENTITY_ID value=70
D 15:29:01.5525057 GameState.DebugPrintPower() -         tag=CLASS value=NEUTRAL
D 15:29:01.5525057 GameState.DebugPrintPower() -         tag=CARDRACE value=BEAST
D 15:29:01.5525057 GameState.DebugPrintPower() -         tag=RARITY value=COMMON
D 15:29:01.5525057 GameState.DebugPrintPower() -         tag=DEATHRATTLE value=1
D 15:29:01.5525057 GameState.DebugPrintPower() -         tag=BATTLECRY value=1
D 15:29:01.5525057 GameState.DebugPrintPower() -         tag=ZONE_POSITION value=0
D 15:29:01.5525057 GameState.DebugPrintPower() -         tag=NUM_TURNS_IN_HAND value=1
D 15:29:01.5525057 GameState.DebugPrintPower() -         tag=CREATOR value=0
D 15:29:01.5525057 GameState.DebugPrintPower() -         tag=478 value=2
D 15:29:01.5525057 GameState.DebugPrintPower() -         tag=1037 value=2
D 15:29:01.5525057 GameState.DebugPrintPower() -         tag=1043 value=1
D 15:29:01.5525057 GameState.DebugPrintPower() -         tag=1068 value=0
D 15:29:01.5525057 GameState.DebugPrintPower() -         tag=1380 value=1
D 15:29:01.5525057 GameState.DebugPrintPower() -         tag=SPAWN_TIME_COUNT value=1
D 15:29:01.5525057 GameState.DebugPrintPower() -         tag=HAS_SIGNATURE_QUALITY value=1
D 15:29:01.5525057 GameState.DebugPrintPower() -         tag=HAS_ACTIVATE_POWER value=1
D 15:29:01.5525057 GameState.DebugPrintPower() -         tag=3085 value=5
D 15:29:01.5525057 GameState.DebugPrintPower() -         tag=4472 value=2
D 15:29:01.5525057 GameState.DebugPrintPower() -         tag=4901 value=0
D 15:29:01.5525057 GameState.DebugPrintPower() -     TAG_CHANGE Entity=[entityName=饥饿的海怪 id=70 zone=DECK zonePos=0 cardId= player=2] tag=ZONE_POSITION value=7 
D 15:29:01.5525057 GameState.DebugPrintPower() -     TAG_CHANGE Entity=[entityName=饥饿的海怪 id=70 zone=DECK zonePos=0 cardId= player=2] tag=ZONE_POSITION value=0 
D 15:29:01.5525057 GameState.DebugPrintPower() -     TAG_CHANGE Entity=[entityName=饥饿的海怪 id=70 zone=DECK zonePos=0 cardId= player=2] tag=ZONE_POSITION value=7 
D 15:29:01.5525057 GameState.DebugPrintPower() -     TAG_CHANGE Entity=湫然#51704 tag=NUM_CARDS_DRAWN_THIS_TURN value=1 
D 15:29:01.5525057 GameState.DebugPrintPower() -     TAG_CHANGE Entity=湫然#51704 tag=995 value=4 
D 15:29:01.5525057 GameState.DebugPrintPower() -     TAG_CHANGE Entity=[entityName=饥饿的海怪 id=70 zone=DECK zonePos=0 cardId= player=2] tag=1570 value=5 
D 15:29:01.5525057 GameState.DebugPrintPower() -     TAG_CHANGE Entity=湫然#51704 tag=467 value=0 
D 15:29:01.5525057 GameState.DebugPrintPower() -     TAG_CHANGE Entity=GameEntity tag=NEXT_STEP value=MAIN_ACTION 
D 15:29:01.5525057 GameState.DebugPrintPower() - BLOCK_END
D 15:29:01.5525057 GameState.DebugPrintPower() - TAG_CHANGE Entity=[entityName=掀桌子 id=58 zone=HAND zonePos=1 cardId=TOY_883 player=2] tag=TAG_LAST_KNOWN_COST_IN_HAND value=4 
D 15:29:01.5525057 GameState.DebugPrintPower() - TAG_CHANGE Entity=[entityName=掀桌子 id=58 zone=HAND zonePos=1 cardId=TOY_883 player=2] tag=COST value=4 
D 15:29:01.5525057 GameState.DebugPrintPower() - TAG_CHANGE Entity=GameEntity tag=STEP value=MAIN_ACTION 
D 15:29:01.5525057 GameState.DebugPrintPower() - BLOCK_START BlockType=TRIGGER Entity=湫然#51704 EffectCardId=System.Collections.Generic.List`1[System.String] EffectIndex=-1 Target=0 SubOption=-1 TriggerKeyword=TAG_NOT_SET
D 15:29:01.5525057 GameState.DebugPrintPower() -     TAG_CHANGE Entity=GameEntity tag=NEXT_STEP value=MAIN_END 
D 15:29:01.5525057 GameState.DebugPrintPower() - BLOCK_END
D 15:29:01.6291912 GameState.DebugPrintOptions() - id=7
D 15:29:01.6291912 GameState.DebugPrintOptions() -   option 0 type=END_TURN mainEntity= error=INVALID errorParam=
D 15:29:01.6291912 GameState.DebugPrintOptions() -   option 1 type=POWER mainEntity=[entityName=滑坡 id=55 zone=HAND zonePos=6 cardId=VAC_513 player=2] error=NONE errorParam=
D 15:29:01.6291912 GameState.DebugPrintOptions() -     target 0 entity=[entityName=古尔丹 id=4 zone=PLAY zonePos=0 cardId=HERO_07 player=1] error=NONE errorParam=
D 15:29:01.6291912 GameState.DebugPrintOptions() -     target 1 entity=[entityName=古尔丹 id=6 zone=PLAY zonePos=0 cardId=HERO_07 player=2] error=NONE errorParam=
D 15:29:01.6291912 GameState.DebugPrintOptions() -   option 2 type=POWER mainEntity=[entityName=饥饿的海怪 id=70 zone=DECK zonePos=0 cardId= player=2] error=NONE errorParam=
D 15:29:01.6291912 GameState.DebugPrintOptions() -   option 3 type=POWER mainEntity=[entityName=生命分流 id=45 zone=PLAY zonePos=0 cardId=HERO_07bp player=2] error=NONE errorParam=
D 15:29:01.6291912 GameState.DebugPrintOptions() -   option 4 type=POWER mainEntity=[entityName=掀桌子 id=58 zone=HAND zonePos=1 cardId=TOY_883 player=2] error=REQ_ENOUGH_MANA errorParam=
D 15:29:01.6291912 GameState.DebugPrintOptions() -   option 5 type=POWER mainEntity=[entityName=飞翼焊装 id=75 zone=HAND zonePos=2 cardId=TTN_463 player=2] error=REQ_ENOUGH_MANA errorParam=
D 15:29:01.6291912 GameState.DebugPrintOptions() -   option 6 type=POWER mainEntity=[entityName=灵魂冻结 id=60 zone=HAND zonePos=3 cardId=DEEP_032 player=2] error=REQ_TARGET_TO_PLAY errorParam=
D 15:29:01.6291912 GameState.DebugPrintOptions() -   option 7 type=POWER mainEntity=[entityName=基尔加丹 id=67 zone=HAND zonePos=4 cardId=GDB_145 player=2] error=REQ_ENOUGH_MANA errorParam=
D 15:29:01.6291912 GameState.DebugPrintOptions() -   option 8 type=POWER mainEntity=[entityName=吃掉小鬼！ id=49 zone=HAND zonePos=5 cardId=VAC_939 player=2] error=REQ_TARGET_TO_PLAY errorParam=
D 15:29:01.6291912 GameState.DebugPrintOptions() -   option 9 type=POWER mainEntity=[entityName=古尔丹 id=4 zone=PLAY zonePos=0 cardId=HERO_07 player=1] error=REQ_YOUR_TURN errorParam=
D 15:29:01.6291912 GameState.DebugPrintOptions() -   option 10 type=POWER mainEntity=[entityName=古尔丹 id=6 zone=PLAY zonePos=0 cardId=HERO_07 player=2] error=REQ_ATTACK_GREATER_THAN_0 errorParam=
D 15:29:01.6291912 GameState.DebugPrintOptions() -   option 11 type=POWER mainEntity=[entityName=生命分流 id=8 zone=PLAY zonePos=0 cardId=HERO_07bp player=1] error=REQ_YOUR_TURN errorParam=
D 15:29:01.8182023 PowerProcessor.EndCurrentTaskList() - m_currentTaskList=80
D 15:29:01.8252257 PowerTaskList.DebugDump() - ID=81 ParentID=0 PreviousID=79 TaskCount=7
D 15:29:01.8252257 PowerTaskList.DebugDump() - Block Start=(null)
D 15:29:01.8252257 PowerTaskList.DebugPrintPower() -     TAG_CHANGE Entity=祥瑞御免雪亲王#51915 tag=HEROPOWER_ACTIVATIONS_THIS_TURN value=1 
D 15:29:01.8252257 PowerTaskList.DebugPrintPower() -     TAG_CHANGE Entity=祥瑞御免雪亲王#51915 tag=1739 value=1 
D 15:29:01.8252257 PowerTaskList.DebugPrintPower() -     TAG_CHANGE Entity=祥瑞御免雪亲王#51915 tag=NUM_TIMES_HERO_POWER_USED_THIS_GAME value=1 
D 15:29:01.8252257 PowerTaskList.DebugPrintPower() -     TAG_CHANGE Entity=[entityName=生命分流 id=8 zone=PLAY zonePos=0 cardId=HERO_07bp player=1] tag=HEROPOWER_ACTIVATIONS_THIS_TURN value=1 
D 15:29:01.8252257 PowerTaskList.DebugPrintPower() -     TAG_CHANGE Entity=[entityName=生命分流 id=8 zone=PLAY zonePos=0 cardId=HERO_07bp player=1] tag=EXHAUSTED value=1 
D 15:29:01.8252257 PowerTaskList.DebugPrintPower() -     TAG_CHANGE Entity=GameEntity tag=1323 value=2 
D 15:29:01.8252257 PowerTaskList.DebugPrintPower() -     TAG_CHANGE Entity=祥瑞御免雪亲王#51915 tag=NUM_OPTIONS_PLAYED_THIS_TURN value=1 
D 15:29:01.8252257 PowerTaskList.DebugPrintPower() - BLOCK_END
D 15:29:01.8252257 PowerProcessor.PrepareHistoryForCurrentTaskList() - m_currentTaskList=81
D 15:29:01.8252257 PowerProcessor.DoTaskListForCard() - unhandled BlockType PLAY for sourceEntity [entityName=生命分流 id=8 zone=PLAY zonePos=0 cardId=HERO_07bp player=1]
D 15:29:01.8252257 PowerProcessor.EndCurrentTaskList() - m_currentTaskList=81
D 15:29:02.7758910 PowerTaskList.DebugDump() - ID=82 ParentID=0 PreviousID=0 TaskCount=1
D 15:29:02.7758910 PowerTaskList.DebugDump() - Block Start=(null)
D 15:29:02.7758910 PowerTaskList.DebugPrintPower() -     META_DATA - Meta=SLUSH_TIME Data=1000 InfoCount=1
D 15:29:02.7758910 PowerTaskList.DebugPrintPower() -                 Info[0] = [entityName=生命分流 id=8 zone=PLAY zonePos=0 cardId=HERO_07bp player=1]
D 15:29:02.7758910 PowerTaskList.DebugDump() - Block End=(null)
D 15:29:02.7758910 PowerProcessor.PrepareHistoryForCurrentTaskList() - m_currentTaskList=82
D 15:29:02.7758910 PowerProcessor.EndCurrentTaskList() - m_currentTaskList=82
D 15:29:02.7758910 PowerTaskList.DebugDump() - ID=83 ParentID=0 PreviousID=0 TaskCount=1
D 15:29:02.7758910 PowerTaskList.DebugDump() - Block Start=(null)
D 15:29:02.7758910 PowerTaskList.DebugPrintPower() -     TAG_CHANGE Entity=GameEntity tag=STEP value=MAIN_END 
D 15:29:02.7758910 PowerTaskList.DebugDump() - Block End=(null)
D 15:29:02.7758910 PowerProcessor.PrepareHistoryForCurrentTaskList() - m_currentTaskList=83
D 15:29:02.7758910 PowerProcessor.EndCurrentTaskList() - m_currentTaskList=83
D 15:29:02.7758910 PowerTaskList.DebugDump() - ID=84 ParentID=83 PreviousID=0 TaskCount=1
D 15:29:02.7758910 PowerTaskList.DebugPrintPower() - BLOCK_START BlockType=TRIGGER Entity=祥瑞御免雪亲王#51915 EffectCardId=System.Collections.Generic.List`1[System.String] EffectIndex=-1 Target=0 SubOption=-1 TriggerKeyword=TAG_NOT_SET
D 15:29:02.7758910 PowerTaskList.DebugPrintPower() -     TAG_CHANGE Entity=GameEntity tag=NEXT_STEP value=MAIN_CLEANUP 
D 15:29:02.7758910 PowerTaskList.DebugPrintPower() - BLOCK_END
D 15:29:02.7758910 PowerProcessor.PrepareHistoryForCurrentTaskList() - m_currentTaskList=84
D 15:29:02.7758910 PowerProcessor.EndCurrentTaskList() - m_currentTaskList=84
D 15:29:02.7758910 PowerTaskList.DebugDump() - ID=85 ParentID=0 PreviousID=0 TaskCount=0
D 15:29:02.7758910 PowerTaskList.DebugPrintPower() - BLOCK_START BlockType=TRIGGER Entity=祥瑞御免雪亲王#51915 EffectCardId=System.Collections.Generic.List`1[System.String] EffectIndex=-1 Target=0 SubOption=-1 TriggerKeyword=TAG_NOT_SET
D 15:29:02.7758910 PowerTaskList.DebugPrintPower() - BLOCK_END
D 15:29:02.7758910 PowerProcessor.PrepareHistoryForCurrentTaskList() - m_currentTaskList=85
D 15:29:02.7758910 PowerProcessor.EndCurrentTaskList() - m_currentTaskList=85
D 15:29:02.7758910 PowerTaskList.DebugDump() - ID=86 ParentID=0 PreviousID=0 TaskCount=0
D 15:29:02.7758910 PowerTaskList.DebugPrintPower() - BLOCK_START BlockType=TRIGGER Entity=湫然#51704 EffectCardId=System.Collections.Generic.List`1[System.String] EffectIndex=-1 Target=0 SubOption=-1 TriggerKeyword=TAG_NOT_SET
D 15:29:02.7758910 PowerTaskList.DebugPrintPower() - BLOCK_END
D 15:29:02.7758910 PowerProcessor.PrepareHistoryForCurrentTaskList() - m_currentTaskList=86
D 15:29:02.7758910 PowerProcessor.EndCurrentTaskList() - m_currentTaskList=86
D 15:29:02.7758910 PowerTaskList.DebugDump() - ID=87 ParentID=0 PreviousID=0 TaskCount=1
D 15:29:02.7758910 PowerTaskList.DebugDump() - Block Start=(null)
D 15:29:02.7758910 PowerTaskList.DebugPrintPower() -     TAG_CHANGE Entity=GameEntity tag=STEP value=MAIN_CLEANUP 
D 15:29:02.7758910 PowerTaskList.DebugDump() - Block End=(null)
D 15:29:02.7758910 PowerProcessor.PrepareHistoryForCurrentTaskList() - m_currentTaskList=87
D 15:29:02.7758910 PowerProcessor.EndCurrentTaskList() - m_currentTaskList=87
D 15:29:02.7758910 PowerTaskList.DebugDump() - ID=88 ParentID=0 PreviousID=0 TaskCount=1
D 15:29:02.7758910 PowerTaskList.DebugPrintPower() - BLOCK_START BlockType=TRIGGER Entity=祥瑞御免雪亲王#51915 EffectCardId=System.Collections.Generic.List`1[System.String] EffectIndex=-1 Target=0 SubOption=-1 TriggerKeyword=TAG_NOT_SET
D 15:29:02.7758910 PowerTaskList.DebugPrintPower() -     TAG_CHANGE Entity=GameEntity tag=NEXT_STEP value=MAIN_NEXT 
D 15:29:02.7758910 PowerTaskList.DebugPrintPower() - BLOCK_END
D 15:29:02.7758910 PowerProcessor.PrepareHistoryForCurrentTaskList() - m_currentTaskList=88
D 15:29:02.7758910 PowerProcessor.EndCurrentTaskList() - m_currentTaskList=88
D 15:29:02.7758910 PowerTaskList.DebugDump() - ID=89 ParentID=0 PreviousID=0 TaskCount=0
D 15:29:02.7758910 PowerTaskList.DebugPrintPower() - BLOCK_START BlockType=TRIGGER Entity=湫然#51704 EffectCardId=System.Collections.Generic.List`1[System.String] EffectIndex=-1 Target=0 SubOption=-1 TriggerKeyword=TAG_NOT_SET
D 15:29:02.7758910 PowerTaskList.DebugPrintPower() - BLOCK_END
D 15:29:02.7758910 PowerProcessor.PrepareHistoryForCurrentTaskList() - m_currentTaskList=89
D 15:29:02.7758910 PowerProcessor.EndCurrentTaskList() - m_currentTaskList=89
D 15:29:02.7758910 PowerTaskList.DebugDump() - ID=90 ParentID=0 PreviousID=0 TaskCount=1
D 15:29:02.7758910 PowerTaskList.DebugDump() - Block Start=(null)
D 15:29:02.7758910 PowerTaskList.DebugPrintPower() -     TAG_CHANGE Entity=GameEntity tag=STEP value=MAIN_NEXT 
D 15:29:02.7758910 PowerTaskList.DebugDump() - Block End=(null)
D 15:29:02.7758910 PowerProcessor.PrepareHistoryForCurrentTaskList() - m_currentTaskList=90
D 15:29:02.7758910 PowerProcessor.EndCurrentTaskList() - m_currentTaskList=90
D 15:29:02.7758910 PowerTaskList.DebugDump() - ID=91 ParentID=0 PreviousID=0 TaskCount=15
D 15:29:02.7758910 PowerTaskList.DebugPrintPower() - BLOCK_START BlockType=TRIGGER Entity=GameEntity EffectCardId=System.Collections.Generic.List`1[System.String] EffectIndex=-1 Target=0 SubOption=-1 TriggerKeyword=TAG_NOT_SET
D 15:29:02.7758910 PowerTaskList.DebugPrintPower() -     TAG_CHANGE Entity=祥瑞御免雪亲王#51915 tag=1292 value=0 
D 15:29:02.7758910 PowerTaskList.DebugPrintPower() -     TAG_CHANGE Entity=湫然#51704 tag=1292 value=1 
D 15:29:02.7758910 PowerTaskList.DebugPrintPower() -     TAG_CHANGE Entity=祥瑞御免雪亲王#51915 tag=TIMEOUT value=75 
D 15:29:02.7758910 PowerTaskList.DebugPrintPower() -     TAG_CHANGE Entity=[entityName=掀桌子 id=58 zone=HAND zonePos=1 cardId=TOY_883 player=2] tag=NUM_TURNS_IN_HAND value=5 
D 15:29:02.7758910 PowerTaskList.DebugPrintPower() -     TAG_CHANGE Entity=[entityName=飞翼焊装 id=75 zone=HAND zonePos=2 cardId=TTN_463 player=2] tag=NUM_TURNS_IN_HAND value=5 
D 15:29:02.7758910 PowerTaskList.DebugPrintPower() -     TAG_CHANGE Entity=[entityName=灵魂冻结 id=60 zone=HAND zonePos=3 cardId=DEEP_032 player=2] tag=NUM_TURNS_IN_HAND value=5 
D 15:29:02.7758910 PowerTaskList.DebugPrintPower() -     TAG_CHANGE Entity=[entityName=基尔加丹 id=67 zone=HAND zonePos=4 cardId=GDB_145 player=2] tag=NUM_TURNS_IN_HAND value=5 
D 15:29:02.7758910 PowerTaskList.DebugPrintPower() -     TAG_CHANGE Entity=[entityName=吃掉小鬼！ id=49 zone=HAND zonePos=5 cardId=VAC_939 player=2] tag=NUM_TURNS_IN_HAND value=3 
D 15:29:02.7758910 PowerTaskList.DebugPrintPower() -     TAG_CHANGE Entity=[entityName=滑坡 id=55 zone=HAND zonePos=6 cardId=VAC_513 player=2] tag=NUM_TURNS_IN_HAND value=3 
D 15:29:02.7758910 PowerTaskList.DebugPrintPower() -     TAG_CHANGE Entity=祥瑞御免雪亲王#51915 tag=CURRENT_PLAYER value=0 
D 15:29:02.7758910 PowerTaskList.DebugPrintPower() -     TAG_CHANGE Entity=湫然#51704 tag=CURRENT_PLAYER value=1 
D 15:29:02.7758910 PowerTaskList.DebugPrintPower() -     TAG_CHANGE Entity=GameEntity tag=TURN value=5 
D 15:29:02.7758910 PowerTaskList.DebugPrintPower() -     TAG_CHANGE Entity=GameEntity tag=1882 value=4 
D 15:29:02.7758910 PowerTaskList.DebugPrintPower() -     TAG_CHANGE Entity=湫然#51704 tag=TURN value=3 
D 15:29:02.7758910 PowerTaskList.DebugPrintPower() -     TAG_CHANGE Entity=GameEntity tag=NEXT_STEP value=MAIN_READY 
D 15:29:02.7758910 PowerTaskList.DebugPrintPower() - BLOCK_END
D 15:29:02.7758910 PowerProcessor.PrepareHistoryForCurrentTaskList() - m_currentTaskList=91
D 15:29:02.7758910 PowerProcessor.EndCurrentTaskList() - m_currentTaskList=91
D 15:29:02.7758910 PowerTaskList.DebugDump() - ID=92 ParentID=0 PreviousID=0 TaskCount=1
D 15:29:02.7758910 PowerTaskList.DebugDump() - Block Start=(null)
D 15:29:02.7758910 PowerTaskList.DebugPrintPower() -     TAG_CHANGE Entity=GameEntity tag=STEP value=MAIN_READY 
D 15:29:02.7758910 PowerTaskList.DebugDump() - Block End=(null)
D 15:29:02.7758910 PowerProcessor.PrepareHistoryForCurrentTaskList() - m_currentTaskList=92
D 15:29:02.7758910 PowerProcessor.EndCurrentTaskList() - m_currentTaskList=92
D 15:29:02.7758910 PowerTaskList.DebugDump() - ID=93 ParentID=0 PreviousID=0 TaskCount=20
D 15:29:02.7758910 PowerTaskList.DebugPrintPower() - BLOCK_START BlockType=TRIGGER Entity=湫然#51704 EffectCardId=System.Collections.Generic.List`1[System.String] EffectIndex=-1 Target=0 SubOption=-1 TriggerKeyword=TAG_NOT_SET
D 15:29:02.7758910 PowerTaskList.DebugPrintPower() -     TAG_CHANGE Entity=GameEntity tag=NUM_TURNS_IN_PLAY value=5 
D 15:29:02.7758910 PowerTaskList.DebugPrintPower() -     TAG_CHANGE Entity=祥瑞御免雪亲王#51915 tag=NUM_TURNS_IN_PLAY value=5 
D 15:29:02.7758910 PowerTaskList.DebugPrintPower() -     TAG_CHANGE Entity=湫然#51704 tag=NUM_TURNS_IN_PLAY value=5 
D 15:29:02.7758910 PowerTaskList.DebugPrintPower() -     TAG_CHANGE Entity=[entityName=古尔丹 id=4 zone=PLAY zonePos=0 cardId=HERO_07 player=1] tag=NUM_TURNS_IN_PLAY value=5 
D 15:29:02.7758910 PowerTaskList.DebugPrintPower() -     TAG_CHANGE Entity=[entityName=古尔丹 id=6 zone=PLAY zonePos=0 cardId=HERO_07 player=2] tag=NUM_TURNS_IN_PLAY value=5 
D 15:29:02.7758910 PowerTaskList.DebugPrintPower() -     TAG_CHANGE Entity=[entityName=生命分流 id=8 zone=PLAY zonePos=0 cardId=HERO_07bp player=1] tag=NUM_TURNS_IN_PLAY value=5 
D 15:29:02.7758910 PowerTaskList.DebugPrintPower() -     TAG_CHANGE Entity=[entityName=生命分流 id=45 zone=PLAY zonePos=0 cardId=HERO_07bp player=2] tag=NUM_TURNS_IN_PLAY value=5 
D 15:29:02.7758910 PowerTaskList.DebugPrintPower() -     TAG_CHANGE Entity=湫然#51704 tag=RESOURCES value=3 
D 15:29:02.7758910 PowerTaskList.DebugPrintPower() -     TAG_CHANGE Entity=湫然#51704 tag=RESOURCES_USED value=0 
D 15:29:02.7758910 PowerTaskList.DebugPrintPower() -     TAG_CHANGE Entity=湫然#51704 tag=NUM_OPTIONS_PLAYED_THIS_TURN value=0 
D 15:29:02.7758910 PowerTaskList.DebugPrintPower() -     TAG_CHANGE Entity=湫然#51704 tag=3242 value=0 
D 15:29:02.7758910 PowerTaskList.DebugPrintPower() -     TAG_CHANGE Entity=[entityName=生命分流 id=45 zone=PLAY zonePos=0 cardId=HERO_07bp player=2] tag=EXHAUSTED value=0 
D 15:29:02.7758910 PowerTaskList.DebugPrintPower() -     TAG_CHANGE Entity=祥瑞御免雪亲王#51915 tag=NUM_CARDS_DRAWN_THIS_TURN value=0 
D 15:29:02.7758910 PowerTaskList.DebugPrintPower() -     TAG_CHANGE Entity=GameEntity tag=NEXT_STEP value=MAIN_START_TRIGGERS 
D 15:29:02.7758910 PowerTaskList.DebugPrintPower() -     TAG_CHANGE Entity=祥瑞御免雪亲王#51915 tag=464 value=0 
D 15:29:02.7758910 PowerTaskList.DebugPrintPower() -     TAG_CHANGE Entity=祥瑞御免雪亲王#51915 tag=4453 value=0 
D 15:29:02.7758910 PowerTaskList.DebugPrintPower() -     TAG_CHANGE Entity=祥瑞御免雪亲王#51915 tag=1575 value=0 
D 15:29:02.7758910 PowerTaskList.DebugPrintPower() -     TAG_CHANGE Entity=湫然#51704 tag=HEROPOWER_ACTIVATIONS_THIS_TURN value=0 
D 15:29:02.7758910 PowerTaskList.DebugPrintPower() -     TAG_CHANGE Entity=[entityName=生命分流 id=45 zone=PLAY zonePos=0 cardId=HERO_07bp player=2] tag=HEROPOWER_ACTIVATIONS_THIS_TURN value=0 
D 15:29:02.7758910 PowerTaskList.DebugPrintPower() -     TAG_CHANGE Entity=湫然#51704 tag=1739 value=0 
D 15:29:02.7758910 PowerTaskList.DebugPrintPower() - BLOCK_END
D 15:29:02.7758910 PowerProcessor.PrepareHistoryForCurrentTaskList() - m_currentTaskList=93
D 15:29:02.7758910 PowerProcessor.EndCurrentTaskList() - m_currentTaskList=93
D 15:29:02.7758910 PowerTaskList.DebugDump() - ID=94 ParentID=0 PreviousID=0 TaskCount=1
D 15:29:02.7758910 PowerTaskList.DebugDump() - Block Start=(null)
D 15:29:02.7758910 PowerTaskList.DebugPrintPower() -     TAG_CHANGE Entity=GameEntity tag=STEP value=MAIN_START_TRIGGERS 
D 15:29:02.7758910 PowerTaskList.DebugDump() - Block End=(null)
D 15:29:02.7758910 PowerProcessor.PrepareHistoryForCurrentTaskList() - m_currentTaskList=94
D 15:29:02.7758910 PowerProcessor.EndCurrentTaskList() - m_currentTaskList=94
D 15:29:02.7758910 PowerTaskList.DebugDump() - ID=95 ParentID=0 PreviousID=0 TaskCount=1
D 15:29:02.7758910 PowerTaskList.DebugPrintPower() - BLOCK_START BlockType=TRIGGER Entity=湫然#51704 EffectCardId=System.Collections.Generic.List`1[System.String] EffectIndex=-1 Target=0 SubOption=-1 TriggerKeyword=TAG_NOT_SET
D 15:29:02.7758910 PowerTaskList.DebugPrintPower() -     TAG_CHANGE Entity=GameEntity tag=NEXT_STEP value=MAIN_START 
D 15:29:02.7758910 PowerTaskList.DebugPrintPower() - BLOCK_END
D 15:29:02.7758910 PowerProcessor.PrepareHistoryForCurrentTaskList() - m_currentTaskList=95
D 15:29:02.7758910 PowerProcessor.EndCurrentTaskList() - m_currentTaskList=95
D 15:29:02.7758910 PowerTaskList.DebugDump() - ID=96 ParentID=0 PreviousID=0 TaskCount=1
D 15:29:02.7758910 PowerTaskList.DebugDump() - Block Start=(null)
D 15:29:02.7758910 PowerTaskList.DebugPrintPower() -     TAG_CHANGE Entity=GameEntity tag=STEP value=MAIN_START 
D 15:29:02.7758910 PowerTaskList.DebugDump() - Block End=(null)
D 15:29:02.7758910 PowerProcessor.PrepareHistoryForCurrentTaskList() - m_currentTaskList=96
D 15:29:02.7758910 PowerProcessor.EndCurrentTaskList() - m_currentTaskList=96
D 15:29:02.7758910 PowerTaskList.DebugDump() - ID=97 ParentID=0 PreviousID=0 TaskCount=11
D 15:29:02.7758910 PowerTaskList.DebugPrintPower() - BLOCK_START BlockType=TRIGGER Entity=湫然#51704 EffectCardId=System.Collections.Generic.List`1[System.String] EffectIndex=-1 Target=0 SubOption=-1 TriggerKeyword=TAG_NOT_SET
D 15:29:02.7758910 PowerTaskList.DebugPrintPower() -     TAG_CHANGE Entity=湫然#51704 tag=2166 value=70 
D 15:29:02.7758910 PowerTaskList.DebugPrintPower() -     TAG_CHANGE Entity=湫然#51704 tag=467 value=1 
D 15:29:02.7758910 PowerTaskList.DebugPrintPower() -     SHOW_ENTITY - Updating Entity=[entityName=饥饿的海怪 id=70 zone=DECK zonePos=0 cardId= player=2] CardID=TTN_754
D 15:29:02.7758910 PowerTaskList.DebugPrintPower() -         tag=CONTROLLER value=2
D 15:29:02.7758910 PowerTaskList.DebugPrintPower() -         tag=CARDTYPE value=MINION
D 15:29:02.7758910 PowerTaskList.DebugPrintPower() -         tag=TAG_LAST_KNOWN_COST_IN_HAND value=3
D 15:29:02.7758910 PowerTaskList.DebugPrintPower() -         tag=479 value=2
D 15:29:02.7758910 PowerTaskList.DebugPrintPower() -         tag=COST value=3
D 15:29:02.7758910 PowerTaskList.DebugPrintPower() -         tag=ATK value=2
D 15:29:02.7758910 PowerTaskList.DebugPrintPower() -         tag=HEALTH value=5
D 15:29:02.7758910 PowerTaskList.DebugPrintPower() -         tag=ZONE value=HAND
D 15:29:02.7758910 PowerTaskList.DebugPrintPower() -         tag=ENTITY_ID value=70
D 15:29:02.7758910 PowerTaskList.DebugPrintPower() -         tag=CLASS value=NEUTRAL
D 15:29:02.7758910 PowerTaskList.DebugPrintPower() -         tag=CARDRACE value=BEAST
D 15:29:02.7758910 PowerTaskList.DebugPrintPower() -         tag=RARITY value=COMMON
D 15:29:02.7758910 PowerTaskList.DebugPrintPower() -         tag=DEATHRATTLE value=1
D 15:29:02.7758910 PowerTaskList.DebugPrintPower() -         tag=BATTLECRY value=1
D 15:29:02.7758910 PowerTaskList.DebugPrintPower() -         tag=ZONE_POSITION value=0
D 15:29:02.7758910 PowerTaskList.DebugPrintPower() -         tag=NUM_TURNS_IN_HAND value=1
D 15:29:02.7758910 PowerTaskList.DebugPrintPower() -         tag=CREATOR value=0
D 15:29:02.7758910 PowerTaskList.DebugPrintPower() -         tag=478 value=2
D 15:29:02.7758910 PowerTaskList.DebugPrintPower() -         tag=1037 value=2
D 15:29:02.7758910 PowerTaskList.DebugPrintPower() -         tag=1043 value=1
D 15:29:02.7758910 PowerTaskList.DebugPrintPower() -         tag=1068 value=0
D 15:29:02.7758910 PowerTaskList.DebugPrintPower() -         tag=1380 value=1
D 15:29:02.7758910 PowerTaskList.DebugPrintPower() -         tag=SPAWN_TIME_COUNT value=1
D 15:29:02.7758910 PowerTaskList.DebugPrintPower() -         tag=HAS_SIGNATURE_QUALITY value=1
D 15:29:02.7758910 PowerTaskList.DebugPrintPower() -         tag=HAS_ACTIVATE_POWER value=1
D 15:29:02.7758910 PowerTaskList.DebugPrintPower() -         tag=3085 value=5
D 15:29:02.7758910 PowerTaskList.DebugPrintPower() -         tag=4472 value=2
D 15:29:02.7758910 PowerTaskList.DebugPrintPower() -         tag=4901 value=0
D 15:29:02.7758910 PowerTaskList.DebugPrintPower() -     TAG_CHANGE Entity=[entityName=饥饿的海怪 id=70 zone=DECK zonePos=0 cardId= player=2] tag=ZONE_POSITION value=7 
D 15:29:02.7758910 PowerTaskList.DebugPrintPower() -     TAG_CHANGE Entity=[entityName=饥饿的海怪 id=70 zone=DECK zonePos=0 cardId= player=2] tag=ZONE_POSITION value=0 
D 15:29:02.7758910 PowerTaskList.DebugPrintPower() -     TAG_CHANGE Entity=[entityName=饥饿的海怪 id=70 zone=DECK zonePos=0 cardId= player=2] tag=ZONE_POSITION value=7 
D 15:29:02.7758910 PowerTaskList.DebugPrintPower() -     TAG_CHANGE Entity=湫然#51704 tag=NUM_CARDS_DRAWN_THIS_TURN value=1 
D 15:29:02.7758910 PowerTaskList.DebugPrintPower() -     TAG_CHANGE Entity=湫然#51704 tag=995 value=4 
D 15:29:02.7758910 PowerTaskList.DebugPrintPower() -     TAG_CHANGE Entity=[entityName=饥饿的海怪 id=70 zone=DECK zonePos=0 cardId= player=2] tag=1570 value=5 
D 15:29:02.7758910 PowerTaskList.DebugPrintPower() -     TAG_CHANGE Entity=湫然#51704 tag=467 value=0 
D 15:29:02.7758910 PowerTaskList.DebugPrintPower() -     TAG_CHANGE Entity=GameEntity tag=NEXT_STEP value=MAIN_ACTION 
D 15:29:02.7758910 PowerTaskList.DebugPrintPower() - BLOCK_END
D 15:29:02.7758910 PowerProcessor.PrepareHistoryForCurrentTaskList() - m_currentTaskList=97
D 15:29:03.2968315 PowerProcessor.EndCurrentTaskList() - m_currentTaskList=97
D 15:29:03.3036740 PowerTaskList.DebugDump() - ID=98 ParentID=0 PreviousID=0 TaskCount=3
D 15:29:03.3036740 PowerTaskList.DebugDump() - Block Start=(null)
D 15:29:03.3036740 PowerTaskList.DebugPrintPower() -     TAG_CHANGE Entity=[entityName=掀桌子 id=58 zone=HAND zonePos=1 cardId=TOY_883 player=2] tag=TAG_LAST_KNOWN_COST_IN_HAND value=4 
D 15:29:03.3036740 PowerTaskList.DebugPrintPower() -     TAG_CHANGE Entity=[entityName=掀桌子 id=58 zone=HAND zonePos=1 cardId=TOY_883 player=2] tag=COST value=4 
D 15:29:03.3036740 PowerTaskList.DebugPrintPower() -     TAG_CHANGE Entity=GameEntity tag=STEP value=MAIN_ACTION 
D 15:29:03.3036740 PowerTaskList.DebugDump() - Block End=(null)
D 15:29:03.3036740 PowerProcessor.PrepareHistoryForCurrentTaskList() - m_currentTaskList=98
D 15:29:03.3036740 PowerProcessor.EndCurrentTaskList() - m_currentTaskList=98
D 15:29:03.3036740 PowerTaskList.DebugDump() - ID=99 ParentID=0 PreviousID=0 TaskCount=1
D 15:29:03.3036740 PowerTaskList.DebugPrintPower() - BLOCK_START BlockType=TRIGGER Entity=湫然#51704 EffectCardId=System.Collections.Generic.List`1[System.String] EffectIndex=-1 Target=0 SubOption=-1 TriggerKeyword=TAG_NOT_SET
D 15:29:03.3036740 PowerTaskList.DebugPrintPower() -     TAG_CHANGE Entity=GameEntity tag=NEXT_STEP value=MAIN_END 
D 15:29:03.3036740 PowerTaskList.DebugPrintPower() - BLOCK_END
D 15:29:03.3036740 PowerProcessor.PrepareHistoryForCurrentTaskList() - m_currentTaskList=99
D 15:29:03.3036740 PowerProcessor.EndCurrentTaskList() - m_currentTaskList=99
D 15:29:05.5101859 GameState.SendOption() - selectedOption=3 selectedSubOption=-1 selectedTarget=0 selectedPosition=0
D 15:29:05.7374357 GameState.DebugPrintPowerList() - Count=49
D 15:29:05.7374357 GameState.DebugPrintPower() - BLOCK_START BlockType=PLAY Entity=[entityName=生命分流 id=45 zone=PLAY zonePos=0 cardId=HERO_07bp player=2] EffectCardId=System.Collections.Generic.List`1[System.String] EffectIndex=0 Target=0 SubOption=-1 
D 15:29:05.7374357 GameState.DebugPrintPower() -     TAG_CHANGE Entity=湫然#51704 tag=2245 value=4 
D 15:29:05.7374357 GameState.DebugPrintPower() -     TAG_CHANGE Entity=湫然#51704 tag=RESOURCES_USED value=2 
D 15:29:05.7374357 GameState.DebugPrintPower() -     TAG_CHANGE Entity=湫然#51704 tag=NUM_RESOURCES_SPENT_THIS_GAME value=4 
D 15:29:05.7374357 GameState.DebugPrintPower() -     META_DATA - Meta=SLUSH_TIME Data=2000 InfoCount=1
D 15:29:05.7374357 GameState.DebugPrintPower() -                 Info[0] = [entityName=生命分流 id=45 zone=PLAY zonePos=0 cardId=HERO_07bp player=2]
D 15:29:05.7374357 GameState.DebugPrintPower() -     BLOCK_START BlockType=POWER Entity=[entityName=生命分流 id=45 zone=PLAY zonePos=0 cardId=HERO_07bp player=2] EffectCardId=System.Collections.Generic.List`1[System.String] EffectIndex=0 Target=0 SubOption=-1 
D 15:29:05.7374357 GameState.DebugPrintPower() -         META_DATA - Meta=TARGET Data=0 InfoCount=1
D 15:29:05.7374357 GameState.DebugPrintPower() -                     Info[0] = [entityName=古尔丹 id=6 zone=PLAY zonePos=0 cardId=HERO_07 player=2]
D 15:29:05.7374357 GameState.DebugPrintPower() -         TAG_CHANGE Entity=[entityName=古尔丹 id=6 zone=PLAY zonePos=0 cardId=HERO_07 player=2] tag=2187 value=45 
D 15:29:05.7374357 GameState.DebugPrintPower() -         TAG_CHANGE Entity=[entityName=古尔丹 id=6 zone=PLAY zonePos=0 cardId=HERO_07 player=2] tag=PREDAMAGE value=2 
D 15:29:05.7374357 GameState.DebugPrintPower() -         TAG_CHANGE Entity=[entityName=古尔丹 id=6 zone=PLAY zonePos=0 cardId=HERO_07 player=2] tag=1173 value=6 
D 15:29:05.7374357 GameState.DebugPrintPower() -         TAG_CHANGE Entity=[entityName=古尔丹 id=6 zone=PLAY zonePos=0 cardId=HERO_07 player=2] tag=2187 value=0 
D 15:29:05.7374357 GameState.DebugPrintPower() -         TAG_CHANGE Entity=[entityName=古尔丹 id=6 zone=PLAY zonePos=0 cardId=HERO_07 player=2] tag=PREDAMAGE value=0 
D 15:29:05.7374357 GameState.DebugPrintPower() -         TAG_CHANGE Entity=[entityName=古尔丹 id=6 zone=PLAY zonePos=0 cardId=HERO_07 player=2] tag=1173 value=0 
D 15:29:05.7374357 GameState.DebugPrintPower() -         TAG_CHANGE Entity=[entityName=古尔丹 id=6 zone=PLAY zonePos=0 cardId=HERO_07 player=2] tag=PREDAMAGE value=2 
D 15:29:05.7374357 GameState.DebugPrintPower() -         TAG_CHANGE Entity=[entityName=古尔丹 id=6 zone=PLAY zonePos=0 cardId=HERO_07 player=2] tag=PREDAMAGE value=0 
D 15:29:05.7374357 GameState.DebugPrintPower() -         META_DATA - Meta=DAMAGE Data=2 InfoCount=1
D 15:29:05.7374357 GameState.DebugPrintPower() -                     Info[0] = [entityName=古尔丹 id=6 zone=PLAY zonePos=0 cardId=HERO_07 player=2]
D 15:29:05.7374357 GameState.DebugPrintPower() -         TAG_CHANGE Entity=[entityName=古尔丹 id=6 zone=PLAY zonePos=0 cardId=HERO_07 player=2] tag=4741 value=2 
D 15:29:05.7374357 GameState.DebugPrintPower() -         TAG_CHANGE Entity=[entityName=古尔丹 id=6 zone=PLAY zonePos=0 cardId=HERO_07 player=2] tag=DAMAGE value=4 
D 15:29:05.7374357 GameState.DebugPrintPower() -         TAG_CHANGE Entity=湫然#51704 tag=NUM_HERO_POWER_DAMAGE_THIS_GAME value=4 
D 15:29:05.7374357 GameState.DebugPrintPower() -         TAG_CHANGE Entity=湫然#51704 tag=464 value=2 
D 15:29:05.7374357 GameState.DebugPrintPower() -         TAG_CHANGE Entity=湫然#51704 tag=1853 value=4 
D 15:29:05.7374357 GameState.DebugPrintPower() -         TAG_CHANGE Entity=湫然#51704 tag=4453 value=1 
D 15:29:05.7374357 GameState.DebugPrintPower() -         TAG_CHANGE Entity=湫然#51704 tag=3110 value=4 
D 15:29:05.7374357 GameState.DebugPrintPower() -         TAG_CHANGE Entity=湫然#51704 tag=3687 value=2 
D 15:29:05.7374357 GameState.DebugPrintPower() -         TAG_CHANGE Entity=湫然#51704 tag=1575 value=1 
D 15:29:05.7374357 GameState.DebugPrintPower() -         TAG_CHANGE Entity=湫然#51704 tag=1573 value=2 
D 15:29:05.7374357 GameState.DebugPrintPower() -         TAG_CHANGE Entity=湫然#51704 tag=2166 value=57 
D 15:29:05.7374357 GameState.DebugPrintPower() -         TAG_CHANGE Entity=湫然#51704 tag=467 value=1 
D 15:29:05.7374357 GameState.DebugPrintPower() -         SHOW_ENTITY - Updating Entity=[entityName=UNKNOWN ENTITY [cardType=INVALID] id=57 zone=DECK zonePos=0 cardId= player=2] CardID=TB_World011
D 15:29:05.7374357 GameState.DebugPrintPower() -             tag=CONTROLLER value=2
D 15:29:05.7374357 GameState.DebugPrintPower() -             tag=CARDTYPE value=MINION
D 15:29:05.7374357 GameState.DebugPrintPower() -             tag=TAG_LAST_KNOWN_COST_IN_HAND value=4
D 15:29:05.7374357 GameState.DebugPrintPower() -             tag=479 value=3
D 15:29:05.7374357 GameState.DebugPrintPower() -             tag=COST value=4
D 15:29:05.7374357 GameState.DebugPrintPower() -             tag=ATK value=3
D 15:29:05.7374357 GameState.DebugPrintPower() -             tag=HEALTH value=4
D 15:29:05.7374357 GameState.DebugPrintPower() -             tag=ZONE value=HAND
D 15:29:05.7374357 GameState.DebugPrintPower() -             tag=ENTITY_ID value=57
D 15:29:05.7374357 GameState.DebugPrintPower() -             tag=TAUNT value=1
D 15:29:05.7374357 GameState.DebugPrintPower() -             tag=CLASS value=NEUTRAL
D 15:29:05.7374357 GameState.DebugPrintPower() -             tag=RARITY value=RARE
D 15:29:05.7374357 GameState.DebugPrintPower() -             tag=DEATHRATTLE value=1
D 15:29:05.7374357 GameState.DebugPrintPower() -             tag=CREATOR value=0
D 15:29:05.7374357 GameState.DebugPrintPower() -             tag=478 value=2
D 15:29:05.7374357 GameState.DebugPrintPower() -             tag=1037 value=2
D 15:29:05.7374357 GameState.DebugPrintPower() -             tag=1043 value=1
D 15:29:05.7374357 GameState.DebugPrintPower() -             tag=1068 value=0
D 15:29:05.7374357 GameState.DebugPrintPower() -             tag=SPAWN_TIME_COUNT value=1
D 15:29:05.7374357 GameState.DebugPrintPower() -             tag=HAS_SIGNATURE_QUALITY value=1
D 15:29:05.7374357 GameState.DebugPrintPower() -             tag=HAS_ACTIVATE_POWER value=1
D 15:29:05.7374357 GameState.DebugPrintPower() -             tag=3085 value=4
D 15:29:05.7374357 GameState.DebugPrintPower() -             tag=STARSHIP_PIECE value=1
D 15:29:05.7374357 GameState.DebugPrintPower() -             tag=3684 value=1
D 15:29:05.7374357 GameState.DebugPrintPower() -             tag=4472 value=3
D 15:29:05.7374357 GameState.DebugPrintPower() -             tag=4901 value=0
D 15:29:05.7374357 GameState.DebugPrintPower() -         TAG_CHANGE Entity=[entityName=UNKNOWN ENTITY [cardType=INVALID] id=57 zone=DECK zonePos=0 cardId= player=2] tag=NUM_TURNS_IN_HAND value=1 
D 15:29:05.7374357 GameState.DebugPrintPower() -         TAG_CHANGE Entity=[entityName=UNKNOWN ENTITY [cardType=INVALID] id=57 zone=DECK zonePos=0 cardId= player=2] tag=ZONE_POSITION value=8 
D 15:29:05.7374357 GameState.DebugPrintPower() -         TAG_CHANGE Entity=[entityName=UNKNOWN ENTITY [cardType=INVALID] id=57 zone=DECK zonePos=0 cardId= player=2] tag=ZONE_POSITION value=0 
D 15:29:05.7374357 GameState.DebugPrintPower() -         TAG_CHANGE Entity=[entityName=UNKNOWN ENTITY [cardType=INVALID] id=57 zone=DECK zonePos=0 cardId= player=2] tag=ZONE_POSITION value=8 
D 15:29:05.7374357 GameState.DebugPrintPower() -         TAG_CHANGE Entity=湫然#51704 tag=NUM_CARDS_DRAWN_THIS_TURN value=2 
D 15:29:05.7374357 GameState.DebugPrintPower() -         TAG_CHANGE Entity=湫然#51704 tag=995 value=5 
D 15:29:05.7374357 GameState.DebugPrintPower() -         TAG_CHANGE Entity=[entityName=UNKNOWN ENTITY [cardType=INVALID] id=57 zone=DECK zonePos=0 cardId= player=2] tag=1570 value=5 
D 15:29:05.7374357 GameState.DebugPrintPower() -         TAG_CHANGE Entity=湫然#51704 tag=467 value=0 
D 15:29:05.7374357 GameState.DebugPrintPower() -     BLOCK_END
D 15:29:05.7374357 GameState.DebugPrintPower() -     TAG_CHANGE Entity=湫然#51704 tag=HEROPOWER_ACTIVATIONS_THIS_TURN value=1 
D 15:29:05.7374357 GameState.DebugPrintPower() -     TAG_CHANGE Entity=湫然#51704 tag=1739 value=1 
D 15:29:05.7374357 GameState.DebugPrintPower() -     TAG_CHANGE Entity=湫然#51704 tag=NUM_TIMES_HERO_POWER_USED_THIS_GAME value=2 
D 15:29:05.7374357 GameState.DebugPrintPower() -     TAG_CHANGE Entity=[entityName=生命分流 id=45 zone=PLAY zonePos=0 cardId=HERO_07bp player=2] tag=HEROPOWER_ACTIVATIONS_THIS_TURN value=1 
D 15:29:05.7374357 GameState.DebugPrintPower() -     TAG_CHANGE Entity=[entityName=生命分流 id=45 zone=PLAY zonePos=0 cardId=HERO_07bp player=2] tag=EXHAUSTED value=1 
D 15:29:05.7374357 GameState.DebugPrintPower() -     TAG_CHANGE Entity=[entityName=掀桌子 id=58 zone=HAND zonePos=1 cardId=TOY_883 player=2] tag=TAG_LAST_KNOWN_COST_IN_HAND value=3 
D 15:29:05.7374357 GameState.DebugPrintPower() -     TAG_CHANGE Entity=[entityName=掀桌子 id=58 zone=HAND zonePos=1 cardId=TOY_883 player=2] tag=COST value=3 
D 15:29:05.7374357 GameState.DebugPrintPower() -     TAG_CHANGE Entity=GameEntity tag=1323 value=3 
D 15:29:05.7374357 GameState.DebugPrintPower() -     TAG_CHANGE Entity=湫然#51704 tag=NUM_OPTIONS_PLAYED_THIS_TURN value=1 
D 15:29:05.7374357 GameState.DebugPrintPower() - BLOCK_END
D 15:29:05.7374357 GameState.DebugPrintPower() - META_DATA - Meta=SLUSH_TIME Data=1000 InfoCount=1
D 15:29:05.7374357 GameState.DebugPrintPower() -             Info[0] = [entityName=生命分流 id=45 zone=PLAY zonePos=0 cardId=HERO_07bp player=2]
D 15:29:05.7374357 PowerTaskList.DebugDump() - ID=100 ParentID=0 PreviousID=0 TaskCount=4
D 15:29:05.7374357 PowerTaskList.DebugPrintPower() - BLOCK_START BlockType=PLAY Entity=[entityName=生命分流 id=45 zone=PLAY zonePos=0 cardId=HERO_07bp player=2] EffectCardId=System.Collections.Generic.List`1[System.String] EffectIndex=0 Target=0 SubOption=-1 
D 15:29:05.7374357 PowerTaskList.DebugPrintPower() -     TAG_CHANGE Entity=湫然#51704 tag=2245 value=4 
D 15:29:05.7374357 PowerTaskList.DebugPrintPower() -     TAG_CHANGE Entity=湫然#51704 tag=RESOURCES_USED value=2 
D 15:29:05.7374357 PowerTaskList.DebugPrintPower() -     TAG_CHANGE Entity=湫然#51704 tag=NUM_RESOURCES_SPENT_THIS_GAME value=4 
D 15:29:05.7374357 PowerTaskList.DebugPrintPower() -     META_DATA - Meta=SLUSH_TIME Data=2000 InfoCount=1
D 15:29:05.7374357 PowerTaskList.DebugPrintPower() -                 Info[0] = [entityName=生命分流 id=45 zone=PLAY zonePos=0 cardId=HERO_07bp player=2]
D 15:29:05.7374357 PowerTaskList.DebugDump() - Block End=(null)
D 15:29:05.7374357 PowerProcessor.PrepareHistoryForCurrentTaskList() - m_currentTaskList=100
D 15:29:05.7374357 PowerProcessor.DoTaskListForCard() - unhandled BlockType PLAY for sourceEntity [entityName=生命分流 id=45 zone=PLAY zonePos=0 cardId=HERO_07bp player=2]
D 15:29:05.7374357 PowerProcessor.EndCurrentTaskList() - m_currentTaskList=100
D 15:29:05.7374357 PowerTaskList.DebugDump() - ID=101 ParentID=100 PreviousID=0 TaskCount=31
D 15:29:05.7374357 PowerTaskList.DebugPrintPower() - BLOCK_START BlockType=POWER Entity=[entityName=生命分流 id=45 zone=PLAY zonePos=0 cardId=HERO_07bp player=2] EffectCardId=System.Collections.Generic.List`1[System.String] EffectIndex=0 Target=0 SubOption=-1 
D 15:29:05.7374357 PowerTaskList.DebugPrintPower() -     META_DATA - Meta=TARGET Data=0 InfoCount=1
D 15:29:05.7374357 PowerTaskList.DebugPrintPower() -                 Info[0] = [entityName=古尔丹 id=6 zone=PLAY zonePos=0 cardId=HERO_07 player=2]
D 15:29:05.7374357 PowerTaskList.DebugPrintPower() -     TAG_CHANGE Entity=[entityName=古尔丹 id=6 zone=PLAY zonePos=0 cardId=HERO_07 player=2] tag=2187 value=45 
D 15:29:05.7374357 PowerTaskList.DebugPrintPower() -     TAG_CHANGE Entity=[entityName=古尔丹 id=6 zone=PLAY zonePos=0 cardId=HERO_07 player=2] tag=PREDAMAGE value=2 
D 15:29:05.7374357 PowerTaskList.DebugPrintPower() -     TAG_CHANGE Entity=[entityName=古尔丹 id=6 zone=PLAY zonePos=0 cardId=HERO_07 player=2] tag=1173 value=6 
D 15:29:05.7374357 PowerTaskList.DebugPrintPower() -     TAG_CHANGE Entity=[entityName=古尔丹 id=6 zone=PLAY zonePos=0 cardId=HERO_07 player=2] tag=2187 value=0 
D 15:29:05.7374357 PowerTaskList.DebugPrintPower() -     TAG_CHANGE Entity=[entityName=古尔丹 id=6 zone=PLAY zonePos=0 cardId=HERO_07 player=2] tag=PREDAMAGE value=0 
D 15:29:05.7374357 PowerTaskList.DebugPrintPower() -     TAG_CHANGE Entity=[entityName=古尔丹 id=6 zone=PLAY zonePos=0 cardId=HERO_07 player=2] tag=1173 value=0 
D 15:29:05.7374357 PowerTaskList.DebugPrintPower() -     TAG_CHANGE Entity=[entityName=古尔丹 id=6 zone=PLAY zonePos=0 cardId=HERO_07 player=2] tag=PREDAMAGE value=2 
D 15:29:05.7374357 PowerTaskList.DebugPrintPower() -     TAG_CHANGE Entity=[entityName=古尔丹 id=6 zone=PLAY zonePos=0 cardId=HERO_07 player=2] tag=PREDAMAGE value=0 
D 15:29:05.7374357 PowerTaskList.DebugPrintPower() -     META_DATA - Meta=DAMAGE Data=2 InfoCount=1
D 15:29:05.7374357 PowerTaskList.DebugPrintPower() -                 Info[0] = [entityName=古尔丹 id=6 zone=PLAY zonePos=0 cardId=HERO_07 player=2]
D 15:29:05.7374357 PowerTaskList.DebugPrintPower() -     TAG_CHANGE Entity=[entityName=古尔丹 id=6 zone=PLAY zonePos=0 cardId=HERO_07 player=2] tag=4741 value=2 
D 15:29:05.7374357 PowerTaskList.DebugPrintPower() -     TAG_CHANGE Entity=[entityName=古尔丹 id=6 zone=PLAY zonePos=0 cardId=HERO_07 player=2] tag=DAMAGE value=4 
D 15:29:05.7374357 PowerTaskList.DebugPrintPower() -     TAG_CHANGE Entity=湫然#51704 tag=NUM_HERO_POWER_DAMAGE_THIS_GAME value=4 
D 15:29:05.7374357 PowerTaskList.DebugPrintPower() -     TAG_CHANGE Entity=湫然#51704 tag=464 value=2 
D 15:29:05.7374357 PowerTaskList.DebugPrintPower() -     TAG_CHANGE Entity=湫然#51704 tag=1853 value=4 
D 15:29:05.7374357 PowerTaskList.DebugPrintPower() -     TAG_CHANGE Entity=湫然#51704 tag=4453 value=1 
D 15:29:05.7374357 PowerTaskList.DebugPrintPower() -     TAG_CHANGE Entity=湫然#51704 tag=3110 value=4 
D 15:29:05.7374357 PowerTaskList.DebugPrintPower() -     TAG_CHANGE Entity=湫然#51704 tag=3687 value=2 
D 15:29:05.7374357 PowerTaskList.DebugPrintPower() -     TAG_CHANGE Entity=湫然#51704 tag=1575 value=1 
D 15:29:05.7374357 PowerTaskList.DebugPrintPower() -     TAG_CHANGE Entity=湫然#51704 tag=1573 value=2 
D 15:29:05.7374357 PowerTaskList.DebugPrintPower() -     TAG_CHANGE Entity=湫然#51704 tag=2166 value=57 
D 15:29:05.7374357 PowerTaskList.DebugPrintPower() -     TAG_CHANGE Entity=湫然#51704 tag=467 value=1 
D 15:29:05.7374357 PowerTaskList.DebugPrintPower() -     SHOW_ENTITY - Updating Entity=[entityName=UNKNOWN ENTITY [cardType=INVALID] id=57 zone=DECK zonePos=0 cardId= player=2] CardID=TB_World011
D 15:29:05.7374357 PowerTaskList.DebugPrintPower() -         tag=CONTROLLER value=2
D 15:29:05.7374357 PowerTaskList.DebugPrintPower() -         tag=CARDTYPE value=MINION
D 15:29:05.7374357 PowerTaskList.DebugPrintPower() -         tag=TAG_LAST_KNOWN_COST_IN_HAND value=4
D 15:29:05.7374357 PowerTaskList.DebugPrintPower() -         tag=479 value=3
D 15:29:05.7374357 PowerTaskList.DebugPrintPower() -         tag=COST value=4
D 15:29:05.7374357 PowerTaskList.DebugPrintPower() -         tag=ATK value=3
D 15:29:05.7374357 PowerTaskList.DebugPrintPower() -         tag=HEALTH value=4
D 15:29:05.7374357 PowerTaskList.DebugPrintPower() -         tag=ZONE value=HAND
D 15:29:05.7374357 PowerTaskList.DebugPrintPower() -         tag=ENTITY_ID value=57
D 15:29:05.7374357 PowerTaskList.DebugPrintPower() -         tag=TAUNT value=1
D 15:29:05.7374357 PowerTaskList.DebugPrintPower() -         tag=CLASS value=NEUTRAL
D 15:29:05.7374357 PowerTaskList.DebugPrintPower() -         tag=RARITY value=RARE
D 15:29:05.7374357 PowerTaskList.DebugPrintPower() -         tag=DEATHRATTLE value=1
D 15:29:05.7374357 PowerTaskList.DebugPrintPower() -         tag=CREATOR value=0
D 15:29:05.7374357 PowerTaskList.DebugPrintPower() -         tag=478 value=2
D 15:29:05.7374357 PowerTaskList.DebugPrintPower() -         tag=1037 value=2
D 15:29:05.7374357 PowerTaskList.DebugPrintPower() -         tag=1043 value=1
D 15:29:05.7374357 PowerTaskList.DebugPrintPower() -         tag=1068 value=0
D 15:29:05.7374357 PowerTaskList.DebugPrintPower() -         tag=SPAWN_TIME_COUNT value=1
D 15:29:05.7374357 PowerTaskList.DebugPrintPower() -         tag=HAS_SIGNATURE_QUALITY value=1
D 15:29:05.7374357 PowerTaskList.DebugPrintPower() -         tag=HAS_ACTIVATE_POWER value=1
D 15:29:05.7374357 PowerTaskList.DebugPrintPower() -         tag=3085 value=4
D 15:29:05.7374357 PowerTaskList.DebugPrintPower() -         tag=STARSHIP_PIECE value=1
D 15:29:05.7374357 PowerTaskList.DebugPrintPower() -         tag=3684 value=1
D 15:29:05.7374357 PowerTaskList.DebugPrintPower() -         tag=4472 value=3
D 15:29:05.7374357 PowerTaskList.DebugPrintPower() -         tag=4901 value=0
D 15:29:05.7374357 PowerTaskList.DebugPrintPower() -     TAG_CHANGE Entity=[entityName=UNKNOWN ENTITY [cardType=INVALID] id=57 zone=DECK zonePos=0 cardId= player=2] tag=NUM_TURNS_IN_HAND value=1 
D 15:29:05.7374357 PowerTaskList.DebugPrintPower() -     TAG_CHANGE Entity=[entityName=UNKNOWN ENTITY [cardType=INVALID] id=57 zone=DECK zonePos=0 cardId= player=2] tag=ZONE_POSITION value=8 
D 15:29:05.7374357 PowerTaskList.DebugPrintPower() -     TAG_CHANGE Entity=[entityName=UNKNOWN ENTITY [cardType=INVALID] id=57 zone=DECK zonePos=0 cardId= player=2] tag=ZONE_POSITION value=0 
D 15:29:05.7374357 PowerTaskList.DebugPrintPower() -     TAG_CHANGE Entity=[entityName=UNKNOWN ENTITY [cardType=INVALID] id=57 zone=DECK zonePos=0 cardId= player=2] tag=ZONE_POSITION value=8 
D 15:29:05.7374357 PowerTaskList.DebugPrintPower() -     TAG_CHANGE Entity=湫然#51704 tag=NUM_CARDS_DRAWN_THIS_TURN value=2 
D 15:29:05.7374357 PowerTaskList.DebugPrintPower() -     TAG_CHANGE Entity=湫然#51704 tag=995 value=5 
D 15:29:05.7374357 PowerTaskList.DebugPrintPower() -     TAG_CHANGE Entity=[entityName=UNKNOWN ENTITY [cardType=INVALID] id=57 zone=DECK zonePos=0 cardId= player=2] tag=1570 value=5 
D 15:29:05.7374357 PowerTaskList.DebugPrintPower() -     TAG_CHANGE Entity=湫然#51704 tag=467 value=0 
D 15:29:05.7374357 PowerTaskList.DebugPrintPower() - BLOCK_END
D 15:29:05.7374357 PowerProcessor.PrepareHistoryForCurrentTaskList() - m_currentTaskList=101
D 15:29:05.8220365 GameState.DebugPrintOptions() - id=8
D 15:29:05.8220365 GameState.DebugPrintOptions() -   option 0 type=END_TURN mainEntity= error=INVALID errorParam=
D 15:29:05.8220365 GameState.DebugPrintOptions() -   option 1 type=POWER mainEntity=[entityName=掀桌子 id=58 zone=HAND zonePos=1 cardId=TOY_883 player=2] error=REQ_ENOUGH_MANA errorParam=
D 15:29:05.8220365 GameState.DebugPrintOptions() -   option 2 type=POWER mainEntity=[entityName=飞翼焊装 id=75 zone=HAND zonePos=2 cardId=TTN_463 player=2] error=REQ_ENOUGH_MANA errorParam=
D 15:29:05.8220365 GameState.DebugPrintOptions() -   option 3 type=POWER mainEntity=[entityName=灵魂冻结 id=60 zone=HAND zonePos=3 cardId=DEEP_032 player=2] error=REQ_TARGET_TO_PLAY errorParam=
D 15:29:05.8220365 GameState.DebugPrintOptions() -   option 4 type=POWER mainEntity=[entityName=基尔加丹 id=67 zone=HAND zonePos=4 cardId=GDB_145 player=2] error=REQ_ENOUGH_MANA errorParam=
D 15:29:05.8220365 GameState.DebugPrintOptions() -   option 5 type=POWER mainEntity=[entityName=吃掉小鬼！ id=49 zone=HAND zonePos=5 cardId=VAC_939 player=2] error=REQ_ENOUGH_MANA errorParam=
D 15:29:05.8220365 GameState.DebugPrintOptions() -   option 6 type=POWER mainEntity=[entityName=滑坡 id=55 zone=HAND zonePos=6 cardId=VAC_513 player=2] error=REQ_ENOUGH_MANA errorParam=
D 15:29:05.8220365 GameState.DebugPrintOptions() -   option 7 type=POWER mainEntity=[entityName=饥饿的海怪 id=70 zone=HAND zonePos=7 cardId=TTN_754 player=2] error=REQ_ENOUGH_MANA errorParam=
D 15:29:05.8220365 GameState.DebugPrintOptions() -   option 8 type=POWER mainEntity=[entityName=UNKNOWN ENTITY [cardType=INVALID] id=57 zone=DECK zonePos=0 cardId= player=2] error=REQ_ENOUGH_MANA errorParam=
D 15:29:05.8220365 GameState.DebugPrintOptions() -   option 9 type=POWER mainEntity=[entityName=古尔丹 id=4 zone=PLAY zonePos=0 cardId=HERO_07 player=1] error=REQ_YOUR_TURN errorParam=
D 15:29:05.8220365 GameState.DebugPrintOptions() -   option 10 type=POWER mainEntity=[entityName=古尔丹 id=6 zone=PLAY zonePos=0 cardId=HERO_07 player=2] error=REQ_ATTACK_GREATER_THAN_0 errorParam=
D 15:29:05.8220365 GameState.DebugPrintOptions() -   option 11 type=POWER mainEntity=[entityName=生命分流 id=8 zone=PLAY zonePos=0 cardId=HERO_07bp player=1] error=REQ_YOUR_TURN errorParam=
D 15:29:05.8220365 GameState.DebugPrintOptions() -   option 12 type=POWER mainEntity=[entityName=生命分流 id=45 zone=PLAY zonePos=0 cardId=HERO_07bp player=2] error=REQ_NOT_EXHAUSTED_HERO_POWER errorParam=
D 15:29:06.7916023 PowerProcessor.EndCurrentTaskList() - m_currentTaskList=101
D 15:29:06.7984805 PowerTaskList.DebugDump() - ID=102 ParentID=0 PreviousID=100 TaskCount=9
D 15:29:06.7984805 PowerTaskList.DebugDump() - Block Start=(null)
D 15:29:06.7984805 PowerTaskList.DebugPrintPower() -     TAG_CHANGE Entity=湫然#51704 tag=HEROPOWER_ACTIVATIONS_THIS_TURN value=1 
D 15:29:06.7984805 PowerTaskList.DebugPrintPower() -     TAG_CHANGE Entity=湫然#51704 tag=1739 value=1 
D 15:29:06.7984805 PowerTaskList.DebugPrintPower() -     TAG_CHANGE Entity=湫然#51704 tag=NUM_TIMES_HERO_POWER_USED_THIS_GAME value=2 
D 15:29:06.7984805 PowerTaskList.DebugPrintPower() -     TAG_CHANGE Entity=[entityName=生命分流 id=45 zone=PLAY zonePos=0 cardId=HERO_07bp player=2] tag=HEROPOWER_ACTIVATIONS_THIS_TURN value=1 
D 15:29:06.7984805 PowerTaskList.DebugPrintPower() -     TAG_CHANGE Entity=[entityName=生命分流 id=45 zone=PLAY zonePos=0 cardId=HERO_07bp player=2] tag=EXHAUSTED value=1 
D 15:29:06.7984805 PowerTaskList.DebugPrintPower() -     TAG_CHANGE Entity=[entityName=掀桌子 id=58 zone=HAND zonePos=1 cardId=TOY_883 player=2] tag=TAG_LAST_KNOWN_COST_IN_HAND value=3 
D 15:29:06.7984805 PowerTaskList.DebugPrintPower() -     TAG_CHANGE Entity=[entityName=掀桌子 id=58 zone=HAND zonePos=1 cardId=TOY_883 player=2] tag=COST value=3 
D 15:29:06.7984805 PowerTaskList.DebugPrintPower() -     TAG_CHANGE Entity=GameEntity tag=1323 value=3 
D 15:29:06.7984805 PowerTaskList.DebugPrintPower() -     TAG_CHANGE Entity=湫然#51704 tag=NUM_OPTIONS_PLAYED_THIS_TURN value=1 
D 15:29:06.7984805 PowerTaskList.DebugPrintPower() - BLOCK_END
D 15:29:06.7984805 PowerProcessor.PrepareHistoryForCurrentTaskList() - m_currentTaskList=102
D 15:29:06.7984805 PowerProcessor.DoTaskListForCard() - unhandled BlockType PLAY for sourceEntity [entityName=生命分流 id=45 zone=PLAY zonePos=0 cardId=HERO_07bp player=2]
D 15:29:06.7984805 PowerProcessor.EndCurrentTaskList() - m_currentTaskList=102
D 15:29:06.7984805 PowerTaskList.DebugDump() - ID=103 ParentID=0 PreviousID=0 TaskCount=1
D 15:29:06.7984805 PowerTaskList.DebugDump() - Block Start=(null)
D 15:29:06.7984805 PowerTaskList.DebugPrintPower() -     META_DATA - Meta=SLUSH_TIME Data=1000 InfoCount=1
D 15:29:06.7984805 PowerTaskList.DebugPrintPower() -                 Info[0] = [entityName=生命分流 id=45 zone=PLAY zonePos=0 cardId=HERO_07bp player=2]
D 15:29:06.7984805 PowerTaskList.DebugDump() - Block End=(null)
D 15:29:06.7984805 PowerProcessor.PrepareHistoryForCurrentTaskList() - m_currentTaskList=103
D 15:29:06.7984805 PowerProcessor.EndCurrentTaskList() - m_currentTaskList=103
D 15:29:07.3570657 GameState.SendOption() - selectedOption=0 selectedSubOption=-1 selectedTarget=0 selectedPosition=0
D 15:29:08.2304075 GameState.DebugPrintPowerList() - Count=78
D 15:29:08.2304075 GameState.DebugPrintPower() - TAG_CHANGE Entity=GameEntity tag=STEP value=MAIN_END 
D 15:29:08.2304075 GameState.DebugPrintPower() - BLOCK_START BlockType=TRIGGER Entity=祥瑞御免雪亲王#51915 EffectCardId=System.Collections.Generic.List`1[System.String] EffectIndex=-1 Target=0 SubOption=-1 TriggerKeyword=TAG_NOT_SET
D 15:29:08.2304075 GameState.DebugPrintPower() - BLOCK_END
D 15:29:08.2304075 GameState.DebugPrintPower() - BLOCK_START BlockType=TRIGGER Entity=湫然#51704 EffectCardId=System.Collections.Generic.List`1[System.String] EffectIndex=-1 Target=0 SubOption=-1 TriggerKeyword=TAG_NOT_SET
D 15:29:08.2304075 GameState.DebugPrintPower() -     TAG_CHANGE Entity=GameEntity tag=NEXT_STEP value=MAIN_CLEANUP 
D 15:29:08.2304075 GameState.DebugPrintPower() - BLOCK_END
D 15:29:08.2304075 GameState.DebugPrintPower() - BLOCK_START BlockType=TRIGGER Entity=湫然#51704 EffectCardId=System.Collections.Generic.List`1[System.String] EffectIndex=-1 Target=0 SubOption=-1 TriggerKeyword=TAG_NOT_SET
D 15:29:08.2304075 GameState.DebugPrintPower() - BLOCK_END
D 15:29:08.2304075 GameState.DebugPrintPower() - TAG_CHANGE Entity=GameEntity tag=STEP value=MAIN_CLEANUP 
D 15:29:08.2304075 GameState.DebugPrintPower() - BLOCK_START BlockType=TRIGGER Entity=祥瑞御免雪亲王#51915 EffectCardId=System.Collections.Generic.List`1[System.String] EffectIndex=-1 Target=0 SubOption=-1 TriggerKeyword=TAG_NOT_SET
D 15:29:08.2304075 GameState.DebugPrintPower() - BLOCK_END
D 15:29:08.2304075 GameState.DebugPrintPower() - BLOCK_START BlockType=TRIGGER Entity=湫然#51704 EffectCardId=System.Collections.Generic.List`1[System.String] EffectIndex=-1 Target=0 SubOption=-1 TriggerKeyword=TAG_NOT_SET
D 15:29:08.2304075 GameState.DebugPrintPower() -     TAG_CHANGE Entity=湫然#51704 tag=1854 value=2 
D 15:29:08.2304075 GameState.DebugPrintPower() -     TAG_CHANGE Entity=GameEntity tag=NEXT_STEP value=MAIN_NEXT 
D 15:29:08.2304075 GameState.DebugPrintPower() - BLOCK_END
D 15:29:08.2304075 GameState.DebugPrintPower() - TAG_CHANGE Entity=GameEntity tag=STEP value=MAIN_NEXT 
D 15:29:08.2304075 GameState.DebugPrintPower() - BLOCK_START BlockType=TRIGGER Entity=GameEntity EffectCardId=System.Collections.Generic.List`1[System.String] EffectIndex=-1 Target=0 SubOption=-1 TriggerKeyword=TAG_NOT_SET
D 15:29:08.2304075 GameState.DebugPrintPower() -     TAG_CHANGE Entity=湫然#51704 tag=1292 value=0 
D 15:29:08.2304075 GameState.DebugPrintPower() -     TAG_CHANGE Entity=祥瑞御免雪亲王#51915 tag=1292 value=1 
D 15:29:08.2304075 GameState.DebugPrintPower() -     TAG_CHANGE Entity=[entityName=掀桌子 id=58 zone=HAND zonePos=1 cardId=TOY_883 player=2] tag=NUM_TURNS_IN_HAND value=6 
D 15:29:08.2304075 GameState.DebugPrintPower() -     TAG_CHANGE Entity=[entityName=飞翼焊装 id=75 zone=HAND zonePos=2 cardId=TTN_463 player=2] tag=NUM_TURNS_IN_HAND value=6 
D 15:29:08.2304075 GameState.DebugPrintPower() -     TAG_CHANGE Entity=[entityName=灵魂冻结 id=60 zone=HAND zonePos=3 cardId=DEEP_032 player=2] tag=NUM_TURNS_IN_HAND value=6 
D 15:29:08.2304075 GameState.DebugPrintPower() -     TAG_CHANGE Entity=[entityName=基尔加丹 id=67 zone=HAND zonePos=4 cardId=GDB_145 player=2] tag=NUM_TURNS_IN_HAND value=6 
D 15:29:08.2304075 GameState.DebugPrintPower() -     TAG_CHANGE Entity=[entityName=吃掉小鬼！ id=49 zone=HAND zonePos=5 cardId=VAC_939 player=2] tag=NUM_TURNS_IN_HAND value=4 
D 15:29:08.2304075 GameState.DebugPrintPower() -     TAG_CHANGE Entity=[entityName=滑坡 id=55 zone=HAND zonePos=6 cardId=VAC_513 player=2] tag=NUM_TURNS_IN_HAND value=4 
D 15:29:08.2304075 GameState.DebugPrintPower() -     TAG_CHANGE Entity=[entityName=饥饿的海怪 id=70 zone=HAND zonePos=7 cardId=TTN_754 player=2] tag=NUM_TURNS_IN_HAND value=2 
D 15:29:08.2304075 GameState.DebugPrintPower() -     TAG_CHANGE Entity=[entityName=阿肯尼特防护水晶 id=57 zone=HAND zonePos=8 cardId=TB_World011 player=2] tag=NUM_TURNS_IN_HAND value=2 
D 15:29:08.2304075 GameState.DebugPrintPower() -     TAG_CHANGE Entity=湫然#51704 tag=CURRENT_PLAYER value=0 
D 15:29:08.2304075 GameState.DebugPrintPower() -     TAG_CHANGE Entity=祥瑞御免雪亲王#51915 tag=CURRENT_PLAYER value=1 
D 15:29:08.2304075 GameState.DebugPrintPower() -     TAG_CHANGE Entity=GameEntity tag=TURN value=6 
D 15:29:08.2304075 GameState.DebugPrintPower() -     TAG_CHANGE Entity=GameEntity tag=1882 value=5 
D 15:29:08.2304075 GameState.DebugPrintPower() -     TAG_CHANGE Entity=祥瑞御免雪亲王#51915 tag=TURN value=3 
D 15:29:08.2304075 GameState.DebugPrintPower() -     TAG_CHANGE Entity=GameEntity tag=NEXT_STEP value=MAIN_READY 
D 15:29:08.2304075 GameState.DebugPrintPower() - BLOCK_END
D 15:29:08.2304075 GameState.DebugPrintPower() - TAG_CHANGE Entity=GameEntity tag=STEP value=MAIN_READY 
D 15:29:08.2304075 GameState.DebugPrintPower() - BLOCK_START BlockType=TRIGGER Entity=祥瑞御免雪亲王#51915 EffectCardId=System.Collections.Generic.List`1[System.String] EffectIndex=-1 Target=0 SubOption=-1 TriggerKeyword=TAG_NOT_SET
D 15:29:08.2304075 GameState.DebugPrintPower() -     TAG_CHANGE Entity=GameEntity tag=NUM_TURNS_IN_PLAY value=6 
D 15:29:08.2304075 GameState.DebugPrintPower() -     TAG_CHANGE Entity=祥瑞御免雪亲王#51915 tag=NUM_TURNS_IN_PLAY value=6 
D 15:29:08.2304075 GameState.DebugPrintPower() -     TAG_CHANGE Entity=湫然#51704 tag=NUM_TURNS_IN_PLAY value=6 
D 15:29:08.2304075 GameState.DebugPrintPower() -     TAG_CHANGE Entity=[entityName=古尔丹 id=4 zone=PLAY zonePos=0 cardId=HERO_07 player=1] tag=NUM_TURNS_IN_PLAY value=6 
D 15:29:08.2304075 GameState.DebugPrintPower() -     TAG_CHANGE Entity=[entityName=古尔丹 id=6 zone=PLAY zonePos=0 cardId=HERO_07 player=2] tag=NUM_TURNS_IN_PLAY value=6 
D 15:29:08.2304075 GameState.DebugPrintPower() -     TAG_CHANGE Entity=[entityName=生命分流 id=8 zone=PLAY zonePos=0 cardId=HERO_07bp player=1] tag=NUM_TURNS_IN_PLAY value=6 
D 15:29:08.2304075 GameState.DebugPrintPower() -     TAG_CHANGE Entity=[entityName=生命分流 id=45 zone=PLAY zonePos=0 cardId=HERO_07bp player=2] tag=NUM_TURNS_IN_PLAY value=6 
D 15:29:08.2304075 GameState.DebugPrintPower() -     TAG_CHANGE Entity=祥瑞御免雪亲王#51915 tag=RESOURCES value=3 
D 15:29:08.2304075 GameState.DebugPrintPower() -     TAG_CHANGE Entity=祥瑞御免雪亲王#51915 tag=RESOURCES_USED value=0 
D 15:29:08.2304075 GameState.DebugPrintPower() -     TAG_CHANGE Entity=祥瑞御免雪亲王#51915 tag=NUM_OPTIONS_PLAYED_THIS_TURN value=0 
D 15:29:08.2304075 GameState.DebugPrintPower() -     TAG_CHANGE Entity=祥瑞御免雪亲王#51915 tag=3242 value=0 
D 15:29:08.2304075 GameState.DebugPrintPower() -     TAG_CHANGE Entity=[entityName=生命分流 id=8 zone=PLAY zonePos=0 cardId=HERO_07bp player=1] tag=EXHAUSTED value=0 
D 15:29:08.2304075 GameState.DebugPrintPower() -     TAG_CHANGE Entity=湫然#51704 tag=NUM_CARDS_DRAWN_THIS_TURN value=0 
D 15:29:08.2304075 GameState.DebugPrintPower() -     TAG_CHANGE Entity=GameEntity tag=NEXT_STEP value=MAIN_START_TRIGGERS 
D 15:29:08.2304075 GameState.DebugPrintPower() -     TAG_CHANGE Entity=湫然#51704 tag=464 value=0 
D 15:29:08.2304075 GameState.DebugPrintPower() -     TAG_CHANGE Entity=湫然#51704 tag=4453 value=0 
D 15:29:08.2304075 GameState.DebugPrintPower() -     TAG_CHANGE Entity=湫然#51704 tag=1575 value=0 
D 15:29:08.2304075 GameState.DebugPrintPower() -     TAG_CHANGE Entity=祥瑞御免雪亲王#51915 tag=HEROPOWER_ACTIVATIONS_THIS_TURN value=0 
D 15:29:08.2304075 GameState.DebugPrintPower() -     TAG_CHANGE Entity=[entityName=生命分流 id=8 zone=PLAY zonePos=0 cardId=HERO_07bp player=1] tag=HEROPOWER_ACTIVATIONS_THIS_TURN value=0 
D 15:29:08.2304075 GameState.DebugPrintPower() -     TAG_CHANGE Entity=祥瑞御免雪亲王#51915 tag=1739 value=0 
D 15:29:08.2304075 GameState.DebugPrintPower() - BLOCK_END
D 15:29:08.2304075 GameState.DebugPrintPower() - TAG_CHANGE Entity=GameEntity tag=STEP value=MAIN_START_TRIGGERS 
D 15:29:08.2304075 GameState.DebugPrintPower() - BLOCK_START BlockType=TRIGGER Entity=祥瑞御免雪亲王#51915 EffectCardId=System.Collections.Generic.List`1[System.String] EffectIndex=-1 Target=0 SubOption=-1 TriggerKeyword=TAG_NOT_SET
D 15:29:08.2304075 GameState.DebugPrintPower() -     TAG_CHANGE Entity=GameEntity tag=NEXT_STEP value=MAIN_START 
D 15:29:08.2304075 GameState.DebugPrintPower() - BLOCK_END
D 15:29:08.2304075 GameState.DebugPrintPower() - TAG_CHANGE Entity=GameEntity tag=STEP value=MAIN_START 
D 15:29:08.2304075 GameState.DebugPrintPower() - BLOCK_START BlockType=TRIGGER Entity=祥瑞御免雪亲王#51915 EffectCardId=System.Collections.Generic.List`1[System.String] EffectIndex=-1 Target=0 SubOption=-1 TriggerKeyword=TAG_NOT_SET
D 15:29:08.2304075 GameState.DebugPrintPower() -     TAG_CHANGE Entity=祥瑞御免雪亲王#51915 tag=2166 value=33 
D 15:29:08.2304075 GameState.DebugPrintPower() -     TAG_CHANGE Entity=祥瑞御免雪亲王#51915 tag=467 value=1 
D 15:29:08.2304075 GameState.DebugPrintPower() -     TAG_CHANGE Entity=[entityName=UNKNOWN ENTITY [cardType=INVALID] id=33 zone=DECK zonePos=0 cardId= player=1] tag=ZONE value=HAND 
D 15:29:08.2304075 GameState.DebugPrintPower() -     TAG_CHANGE Entity=[entityName=UNKNOWN ENTITY [cardType=INVALID] id=33 zone=DECK zonePos=0 cardId= player=1] tag=ZONE_POSITION value=9 
D 15:29:08.2304075 GameState.DebugPrintPower() -     TAG_CHANGE Entity=[entityName=UNKNOWN ENTITY [cardType=INVALID] id=33 zone=DECK zonePos=0 cardId= player=1] tag=ZONE_POSITION value=0 
D 15:29:08.2304075 GameState.DebugPrintPower() -     TAG_CHANGE Entity=[entityName=UNKNOWN ENTITY [cardType=INVALID] id=33 zone=DECK zonePos=0 cardId= player=1] tag=ZONE_POSITION value=9 
D 15:29:08.2304075 GameState.DebugPrintPower() -     TAG_CHANGE Entity=祥瑞御免雪亲王#51915 tag=NUM_CARDS_DRAWN_THIS_TURN value=1 
D 15:29:08.2304075 GameState.DebugPrintPower() -     TAG_CHANGE Entity=祥瑞御免雪亲王#51915 tag=995 value=4 
D 15:29:08.2304075 GameState.DebugPrintPower() -     TAG_CHANGE Entity=祥瑞御免雪亲王#51915 tag=467 value=0 
D 15:29:08.2304075 GameState.DebugPrintPower() -     TAG_CHANGE Entity=GameEntity tag=NEXT_STEP value=MAIN_ACTION 
D 15:29:08.2304075 GameState.DebugPrintPower() - BLOCK_END
D 15:29:08.2304075 GameState.DebugPrintPower() - TAG_CHANGE Entity=GameEntity tag=STEP value=MAIN_ACTION 
D 15:29:08.2304075 GameState.DebugPrintPower() - BLOCK_START BlockType=TRIGGER Entity=祥瑞御免雪亲王#51915 EffectCardId=System.Collections.Generic.List`1[System.String] EffectIndex=-1 Target=0 SubOption=-1 TriggerKeyword=TAG_NOT_SET
D 15:29:08.2304075 GameState.DebugPrintPower() -     TAG_CHANGE Entity=GameEntity tag=NEXT_STEP value=MAIN_END 
D 15:29:08.2304075 GameState.DebugPrintPower() - BLOCK_END
D 15:29:08.2304075 PowerTaskList.DebugDump() - ID=104 ParentID=0 PreviousID=0 TaskCount=1
D 15:29:08.2304075 PowerTaskList.DebugDump() - Block Start=(null)
D 15:29:08.2304075 PowerTaskList.DebugPrintPower() -     TAG_CHANGE Entity=GameEntity tag=STEP value=MAIN_END 
D 15:29:08.2304075 PowerTaskList.DebugDump() - Block End=(null)
D 15:29:08.2304075 PowerProcessor.PrepareHistoryForCurrentTaskList() - m_currentTaskList=104
D 15:29:08.2304075 PowerProcessor.EndCurrentTaskList() - m_currentTaskList=104
D 15:29:08.2304075 PowerTaskList.DebugDump() - ID=105 ParentID=104 PreviousID=0 TaskCount=0
D 15:29:08.2304075 PowerTaskList.DebugPrintPower() - BLOCK_START BlockType=TRIGGER Entity=祥瑞御免雪亲王#51915 EffectCardId=System.Collections.Generic.List`1[System.String] EffectIndex=-1 Target=0 SubOption=-1 TriggerKeyword=TAG_NOT_SET
D 15:29:08.2304075 PowerTaskList.DebugPrintPower() - BLOCK_END
D 15:29:08.2304075 PowerProcessor.PrepareHistoryForCurrentTaskList() - m_currentTaskList=105
D 15:29:08.2304075 PowerProcessor.EndCurrentTaskList() - m_currentTaskList=105
D 15:29:08.2304075 PowerTaskList.DebugDump() - ID=106 ParentID=0 PreviousID=0 TaskCount=1
D 15:29:08.2304075 PowerTaskList.DebugPrintPower() - BLOCK_START BlockType=TRIGGER Entity=湫然#51704 EffectCardId=System.Collections.Generic.List`1[System.String] EffectIndex=-1 Target=0 SubOption=-1 TriggerKeyword=TAG_NOT_SET
D 15:29:08.2304075 PowerTaskList.DebugPrintPower() -     TAG_CHANGE Entity=GameEntity tag=NEXT_STEP value=MAIN_CLEANUP 
D 15:29:08.2304075 PowerTaskList.DebugPrintPower() - BLOCK_END
D 15:29:08.2304075 PowerProcessor.PrepareHistoryForCurrentTaskList() - m_currentTaskList=106
D 15:29:08.2304075 PowerProcessor.EndCurrentTaskList() - m_currentTaskList=106
D 15:29:08.2304075 PowerTaskList.DebugDump() - ID=107 ParentID=0 PreviousID=0 TaskCount=0
D 15:29:08.2304075 PowerTaskList.DebugPrintPower() - BLOCK_START BlockType=TRIGGER Entity=湫然#51704 EffectCardId=System.Collections.Generic.List`1[System.String] EffectIndex=-1 Target=0 SubOption=-1 TriggerKeyword=TAG_NOT_SET
D 15:29:08.2304075 PowerTaskList.DebugPrintPower() - BLOCK_END
D 15:29:08.2304075 PowerProcessor.PrepareHistoryForCurrentTaskList() - m_currentTaskList=107
D 15:29:08.2304075 PowerProcessor.EndCurrentTaskList() - m_currentTaskList=107
D 15:29:08.2304075 PowerTaskList.DebugDump() - ID=108 ParentID=0 PreviousID=0 TaskCount=1
D 15:29:08.2304075 PowerTaskList.DebugDump() - Block Start=(null)
D 15:29:08.2304075 PowerTaskList.DebugPrintPower() -     TAG_CHANGE Entity=GameEntity tag=STEP value=MAIN_CLEANUP 
D 15:29:08.2304075 PowerTaskList.DebugDump() - Block End=(null)
D 15:29:08.2304075 PowerProcessor.PrepareHistoryForCurrentTaskList() - m_currentTaskList=108
D 15:29:08.2304075 PowerProcessor.EndCurrentTaskList() - m_currentTaskList=108
D 15:29:08.2304075 PowerTaskList.DebugDump() - ID=109 ParentID=0 PreviousID=0 TaskCount=0
D 15:29:08.2304075 PowerTaskList.DebugPrintPower() - BLOCK_START BlockType=TRIGGER Entity=祥瑞御免雪亲王#51915 EffectCardId=System.Collections.Generic.List`1[System.String] EffectIndex=-1 Target=0 SubOption=-1 TriggerKeyword=TAG_NOT_SET
D 15:29:08.2304075 PowerTaskList.DebugPrintPower() - BLOCK_END
D 15:29:08.2304075 PowerProcessor.PrepareHistoryForCurrentTaskList() - m_currentTaskList=109
D 15:29:08.2304075 PowerProcessor.EndCurrentTaskList() - m_currentTaskList=109
D 15:29:08.2304075 PowerTaskList.DebugDump() - ID=110 ParentID=0 PreviousID=0 TaskCount=2
D 15:29:08.2304075 PowerTaskList.DebugPrintPower() - BLOCK_START BlockType=TRIGGER Entity=湫然#51704 EffectCardId=System.Collections.Generic.List`1[System.String] EffectIndex=-1 Target=0 SubOption=-1 TriggerKeyword=TAG_NOT_SET
D 15:29:08.2304075 PowerTaskList.DebugPrintPower() -     TAG_CHANGE Entity=湫然#51704 tag=1854 value=2 
D 15:29:08.2304075 PowerTaskList.DebugPrintPower() -     TAG_CHANGE Entity=GameEntity tag=NEXT_STEP value=MAIN_NEXT 
D 15:29:08.2304075 PowerTaskList.DebugPrintPower() - BLOCK_END
D 15:29:08.2304075 PowerProcessor.PrepareHistoryForCurrentTaskList() - m_currentTaskList=110
D 15:29:08.2304075 PowerProcessor.EndCurrentTaskList() - m_currentTaskList=110
D 15:29:08.2304075 PowerTaskList.DebugDump() - ID=111 ParentID=0 PreviousID=0 TaskCount=1
D 15:29:08.2304075 PowerTaskList.DebugDump() - Block Start=(null)
D 15:29:08.2304075 PowerTaskList.DebugPrintPower() -     TAG_CHANGE Entity=GameEntity tag=STEP value=MAIN_NEXT 
D 15:29:08.2304075 PowerTaskList.DebugDump() - Block End=(null)
D 15:29:08.2304075 PowerProcessor.PrepareHistoryForCurrentTaskList() - m_currentTaskList=111
D 15:29:08.2304075 PowerProcessor.EndCurrentTaskList() - m_currentTaskList=111
D 15:29:08.2304075 PowerTaskList.DebugDump() - ID=112 ParentID=0 PreviousID=0 TaskCount=16
D 15:29:08.2304075 PowerTaskList.DebugPrintPower() - BLOCK_START BlockType=TRIGGER Entity=GameEntity EffectCardId=System.Collections.Generic.List`1[System.String] EffectIndex=-1 Target=0 SubOption=-1 TriggerKeyword=TAG_NOT_SET
D 15:29:08.2304075 PowerTaskList.DebugPrintPower() -     TAG_CHANGE Entity=湫然#51704 tag=1292 value=0 
D 15:29:08.2304075 PowerTaskList.DebugPrintPower() -     TAG_CHANGE Entity=祥瑞御免雪亲王#51915 tag=1292 value=1 
D 15:29:08.2304075 PowerTaskList.DebugPrintPower() -     TAG_CHANGE Entity=[entityName=掀桌子 id=58 zone=HAND zonePos=1 cardId=TOY_883 player=2] tag=NUM_TURNS_IN_HAND value=6 
D 15:29:08.2304075 PowerTaskList.DebugPrintPower() -     TAG_CHANGE Entity=[entityName=飞翼焊装 id=75 zone=HAND zonePos=2 cardId=TTN_463 player=2] tag=NUM_TURNS_IN_HAND value=6 
D 15:29:08.2304075 PowerTaskList.DebugPrintPower() -     TAG_CHANGE Entity=[entityName=灵魂冻结 id=60 zone=HAND zonePos=3 cardId=DEEP_032 player=2] tag=NUM_TURNS_IN_HAND value=6 
D 15:29:08.2304075 PowerTaskList.DebugPrintPower() -     TAG_CHANGE Entity=[entityName=基尔加丹 id=67 zone=HAND zonePos=4 cardId=GDB_145 player=2] tag=NUM_TURNS_IN_HAND value=6 
D 15:29:08.2304075 PowerTaskList.DebugPrintPower() -     TAG_CHANGE Entity=[entityName=吃掉小鬼！ id=49 zone=HAND zonePos=5 cardId=VAC_939 player=2] tag=NUM_TURNS_IN_HAND value=4 
D 15:29:08.2304075 PowerTaskList.DebugPrintPower() -     TAG_CHANGE Entity=[entityName=滑坡 id=55 zone=HAND zonePos=6 cardId=VAC_513 player=2] tag=NUM_TURNS_IN_HAND value=4 
D 15:29:08.2304075 PowerTaskList.DebugPrintPower() -     TAG_CHANGE Entity=[entityName=饥饿的海怪 id=70 zone=HAND zonePos=7 cardId=TTN_754 player=2] tag=NUM_TURNS_IN_HAND value=2 
D 15:29:08.2304075 PowerTaskList.DebugPrintPower() -     TAG_CHANGE Entity=[entityName=阿肯尼特防护水晶 id=57 zone=HAND zonePos=8 cardId=TB_World011 player=2] tag=NUM_TURNS_IN_HAND value=2 
D 15:29:08.2304075 PowerTaskList.DebugPrintPower() -     TAG_CHANGE Entity=湫然#51704 tag=CURRENT_PLAYER value=0 
D 15:29:08.2304075 PowerTaskList.DebugPrintPower() -     TAG_CHANGE Entity=祥瑞御免雪亲王#51915 tag=CURRENT_PLAYER value=1 
D 15:29:08.2304075 PowerTaskList.DebugPrintPower() -     TAG_CHANGE Entity=GameEntity tag=TURN value=6 
D 15:29:08.2304075 PowerTaskList.DebugPrintPower() -     TAG_CHANGE Entity=GameEntity tag=1882 value=5 
D 15:29:08.2304075 PowerTaskList.DebugPrintPower() -     TAG_CHANGE Entity=祥瑞御免雪亲王#51915 tag=TURN value=3 
D 15:29:08.2304075 PowerTaskList.DebugPrintPower() -     TAG_CHANGE Entity=GameEntity tag=NEXT_STEP value=MAIN_READY 
D 15:29:08.2304075 PowerTaskList.DebugPrintPower() - BLOCK_END
D 15:29:08.2304075 PowerProcessor.PrepareHistoryForCurrentTaskList() - m_currentTaskList=112
D 15:29:08.2304075 PowerProcessor.EndCurrentTaskList() - m_currentTaskList=112
D 15:29:08.2304075 PowerTaskList.DebugDump() - ID=113 ParentID=0 PreviousID=0 TaskCount=1
D 15:29:08.2304075 PowerTaskList.DebugDump() - Block Start=(null)
D 15:29:08.2304075 PowerTaskList.DebugPrintPower() -     TAG_CHANGE Entity=GameEntity tag=STEP value=MAIN_READY 
D 15:29:08.2304075 PowerTaskList.DebugDump() - Block End=(null)
D 15:29:08.2304075 PowerProcessor.PrepareHistoryForCurrentTaskList() - m_currentTaskList=113
D 15:29:08.2304075 PowerProcessor.EndCurrentTaskList() - m_currentTaskList=113
D 15:29:08.2304075 PowerTaskList.DebugDump() - ID=114 ParentID=0 PreviousID=0 TaskCount=20
D 15:29:08.2304075 PowerTaskList.DebugPrintPower() - BLOCK_START BlockType=TRIGGER Entity=祥瑞御免雪亲王#51915 EffectCardId=System.Collections.Generic.List`1[System.String] EffectIndex=-1 Target=0 SubOption=-1 TriggerKeyword=TAG_NOT_SET
D 15:29:08.2304075 PowerTaskList.DebugPrintPower() -     TAG_CHANGE Entity=GameEntity tag=NUM_TURNS_IN_PLAY value=6 
D 15:29:08.2304075 PowerTaskList.DebugPrintPower() -     TAG_CHANGE Entity=祥瑞御免雪亲王#51915 tag=NUM_TURNS_IN_PLAY value=6 
D 15:29:08.2304075 PowerTaskList.DebugPrintPower() -     TAG_CHANGE Entity=湫然#51704 tag=NUM_TURNS_IN_PLAY value=6 
D 15:29:08.2304075 PowerTaskList.DebugPrintPower() -     TAG_CHANGE Entity=[entityName=古尔丹 id=4 zone=PLAY zonePos=0 cardId=HERO_07 player=1] tag=NUM_TURNS_IN_PLAY value=6 
D 15:29:08.2304075 PowerTaskList.DebugPrintPower() -     TAG_CHANGE Entity=[entityName=古尔丹 id=6 zone=PLAY zonePos=0 cardId=HERO_07 player=2] tag=NUM_TURNS_IN_PLAY value=6 
D 15:29:08.2304075 PowerTaskList.DebugPrintPower() -     TAG_CHANGE Entity=[entityName=生命分流 id=8 zone=PLAY zonePos=0 cardId=HERO_07bp player=1] tag=NUM_TURNS_IN_PLAY value=6 
D 15:29:08.2304075 PowerTaskList.DebugPrintPower() -     TAG_CHANGE Entity=[entityName=生命分流 id=45 zone=PLAY zonePos=0 cardId=HERO_07bp player=2] tag=NUM_TURNS_IN_PLAY value=6 
D 15:29:08.2304075 PowerTaskList.DebugPrintPower() -     TAG_CHANGE Entity=祥瑞御免雪亲王#51915 tag=RESOURCES value=3 
D 15:29:08.2304075 PowerTaskList.DebugPrintPower() -     TAG_CHANGE Entity=祥瑞御免雪亲王#51915 tag=RESOURCES_USED value=0 
D 15:29:08.2304075 PowerTaskList.DebugPrintPower() -     TAG_CHANGE Entity=祥瑞御免雪亲王#51915 tag=NUM_OPTIONS_PLAYED_THIS_TURN value=0 
D 15:29:08.2304075 PowerTaskList.DebugPrintPower() -     TAG_CHANGE Entity=祥瑞御免雪亲王#51915 tag=3242 value=0 
D 15:29:08.2304075 PowerTaskList.DebugPrintPower() -     TAG_CHANGE Entity=[entityName=生命分流 id=8 zone=PLAY zonePos=0 cardId=HERO_07bp player=1] tag=EXHAUSTED value=0 
D 15:29:08.2304075 PowerTaskList.DebugPrintPower() -     TAG_CHANGE Entity=湫然#51704 tag=NUM_CARDS_DRAWN_THIS_TURN value=0 
D 15:29:08.2304075 PowerTaskList.DebugPrintPower() -     TAG_CHANGE Entity=GameEntity tag=NEXT_STEP value=MAIN_START_TRIGGERS 
D 15:29:08.2304075 PowerTaskList.DebugPrintPower() -     TAG_CHANGE Entity=湫然#51704 tag=464 value=0 
D 15:29:08.2304075 PowerTaskList.DebugPrintPower() -     TAG_CHANGE Entity=湫然#51704 tag=4453 value=0 
D 15:29:08.2304075 PowerTaskList.DebugPrintPower() -     TAG_CHANGE Entity=湫然#51704 tag=1575 value=0 
D 15:29:08.2304075 PowerTaskList.DebugPrintPower() -     TAG_CHANGE Entity=祥瑞御免雪亲王#51915 tag=HEROPOWER_ACTIVATIONS_THIS_TURN value=0 
D 15:29:08.2304075 PowerTaskList.DebugPrintPower() -     TAG_CHANGE Entity=[entityName=生命分流 id=8 zone=PLAY zonePos=0 cardId=HERO_07bp player=1] tag=HEROPOWER_ACTIVATIONS_THIS_TURN value=0 
D 15:29:08.2304075 PowerTaskList.DebugPrintPower() -     TAG_CHANGE Entity=祥瑞御免雪亲王#51915 tag=1739 value=0 
D 15:29:08.2304075 PowerTaskList.DebugPrintPower() - BLOCK_END
D 15:29:08.2304075 PowerProcessor.PrepareHistoryForCurrentTaskList() - m_currentTaskList=114
D 15:29:08.2304075 PowerProcessor.EndCurrentTaskList() - m_currentTaskList=114
D 15:29:08.2304075 PowerTaskList.DebugDump() - ID=115 ParentID=0 PreviousID=0 TaskCount=1
D 15:29:08.2304075 PowerTaskList.DebugDump() - Block Start=(null)
D 15:29:08.2304075 PowerTaskList.DebugPrintPower() -     TAG_CHANGE Entity=GameEntity tag=STEP value=MAIN_START_TRIGGERS 
D 15:29:08.2304075 PowerTaskList.DebugDump() - Block End=(null)
D 15:29:08.2304075 PowerProcessor.PrepareHistoryForCurrentTaskList() - m_currentTaskList=115
D 15:29:08.2304075 PowerProcessor.EndCurrentTaskList() - m_currentTaskList=115
D 15:29:08.2304075 PowerTaskList.DebugDump() - ID=116 ParentID=0 PreviousID=0 TaskCount=1
D 15:29:08.2304075 PowerTaskList.DebugPrintPower() - BLOCK_START BlockType=TRIGGER Entity=祥瑞御免雪亲王#51915 EffectCardId=System.Collections.Generic.List`1[System.String] EffectIndex=-1 Target=0 SubOption=-1 TriggerKeyword=TAG_NOT_SET
D 15:29:08.2304075 PowerTaskList.DebugPrintPower() -     TAG_CHANGE Entity=GameEntity tag=NEXT_STEP value=MAIN_START 
D 15:29:08.2304075 PowerTaskList.DebugPrintPower() - BLOCK_END
D 15:29:08.2304075 PowerProcessor.PrepareHistoryForCurrentTaskList() - m_currentTaskList=116
D 15:29:08.2304075 PowerProcessor.EndCurrentTaskList() - m_currentTaskList=116
D 15:29:08.2304075 PowerTaskList.DebugDump() - ID=117 ParentID=0 PreviousID=0 TaskCount=1
D 15:29:08.2304075 PowerTaskList.DebugDump() - Block Start=(null)
D 15:29:08.2304075 PowerTaskList.DebugPrintPower() -     TAG_CHANGE Entity=GameEntity tag=STEP value=MAIN_START 
D 15:29:08.2304075 PowerTaskList.DebugDump() - Block End=(null)
D 15:29:08.2304075 PowerProcessor.PrepareHistoryForCurrentTaskList() - m_currentTaskList=117
D 15:29:08.2304075 PowerProcessor.EndCurrentTaskList() - m_currentTaskList=117
D 15:29:08.2304075 PowerTaskList.DebugDump() - ID=118 ParentID=0 PreviousID=0 TaskCount=10
D 15:29:08.2304075 PowerTaskList.DebugPrintPower() - BLOCK_START BlockType=TRIGGER Entity=祥瑞御免雪亲王#51915 EffectCardId=System.Collections.Generic.List`1[System.String] EffectIndex=-1 Target=0 SubOption=-1 TriggerKeyword=TAG_NOT_SET
D 15:29:08.2304075 PowerTaskList.DebugPrintPower() -     TAG_CHANGE Entity=祥瑞御免雪亲王#51915 tag=2166 value=33 
D 15:29:08.2304075 PowerTaskList.DebugPrintPower() -     TAG_CHANGE Entity=祥瑞御免雪亲王#51915 tag=467 value=1 
D 15:29:08.2304075 PowerTaskList.DebugPrintPower() -     TAG_CHANGE Entity=[entityName=UNKNOWN ENTITY [cardType=INVALID] id=33 zone=DECK zonePos=0 cardId= player=1] tag=ZONE value=HAND 
D 15:29:08.2304075 PowerTaskList.DebugPrintPower() -     TAG_CHANGE Entity=[entityName=UNKNOWN ENTITY [cardType=INVALID] id=33 zone=DECK zonePos=0 cardId= player=1] tag=ZONE_POSITION value=9 
D 15:29:08.2304075 PowerTaskList.DebugPrintPower() -     TAG_CHANGE Entity=[entityName=UNKNOWN ENTITY [cardType=INVALID] id=33 zone=DECK zonePos=0 cardId= player=1] tag=ZONE_POSITION value=0 
D 15:29:08.2304075 PowerTaskList.DebugPrintPower() -     TAG_CHANGE Entity=[entityName=UNKNOWN ENTITY [cardType=INVALID] id=33 zone=DECK zonePos=0 cardId= player=1] tag=ZONE_POSITION value=9 
D 15:29:08.2304075 PowerTaskList.DebugPrintPower() -     TAG_CHANGE Entity=祥瑞御免雪亲王#51915 tag=NUM_CARDS_DRAWN_THIS_TURN value=1 
D 15:29:08.2304075 PowerTaskList.DebugPrintPower() -     TAG_CHANGE Entity=祥瑞御免雪亲王#51915 tag=995 value=4 
D 15:29:08.2304075 PowerTaskList.DebugPrintPower() -     TAG_CHANGE Entity=祥瑞御免雪亲王#51915 tag=467 value=0 
D 15:29:08.2304075 PowerTaskList.DebugPrintPower() -     TAG_CHANGE Entity=GameEntity tag=NEXT_STEP value=MAIN_ACTION 
D 15:29:08.2304075 PowerTaskList.DebugPrintPower() - BLOCK_END
D 15:29:08.2304075 PowerProcessor.PrepareHistoryForCurrentTaskList() - m_currentTaskList=118
D 15:29:09.7559465 PowerProcessor.EndCurrentTaskList() - m_currentTaskList=118
D 15:29:09.7633882 PowerTaskList.DebugDump() - ID=119 ParentID=0 PreviousID=0 TaskCount=1
D 15:29:09.7633882 PowerTaskList.DebugDump() - Block Start=(null)
D 15:29:09.7633882 PowerTaskList.DebugPrintPower() -     TAG_CHANGE Entity=GameEntity tag=STEP value=MAIN_ACTION 
D 15:29:09.7633882 PowerTaskList.DebugDump() - Block End=(null)
D 15:29:09.7633882 PowerProcessor.PrepareHistoryForCurrentTaskList() - m_currentTaskList=119
D 15:29:09.7633882 PowerProcessor.EndCurrentTaskList() - m_currentTaskList=119
D 15:29:09.7633882 PowerTaskList.DebugDump() - ID=120 ParentID=0 PreviousID=0 TaskCount=1
D 15:29:09.7633882 PowerTaskList.DebugPrintPower() - BLOCK_START BlockType=TRIGGER Entity=祥瑞御免雪亲王#51915 EffectCardId=System.Collections.Generic.List`1[System.String] EffectIndex=-1 Target=0 SubOption=-1 TriggerKeyword=TAG_NOT_SET
D 15:29:09.7633882 PowerTaskList.DebugPrintPower() -     TAG_CHANGE Entity=GameEntity tag=NEXT_STEP value=MAIN_END 
D 15:29:09.7633882 PowerTaskList.DebugPrintPower() - BLOCK_END
D 15:29:09.7633882 PowerProcessor.PrepareHistoryForCurrentTaskList() - m_currentTaskList=120
D 15:29:09.7633882 PowerProcessor.EndCurrentTaskList() - m_currentTaskList=120
D 15:29:17.4912357 GameState.DebugPrintPowerList() - Count=45
D 15:29:17.4912357 GameState.DebugPrintPower() - BLOCK_START BlockType=PLAY Entity=[entityName=生命分流 id=8 zone=PLAY zonePos=0 cardId=HERO_07bp player=1] EffectCardId=System.Collections.Generic.List`1[System.String] EffectIndex=0 Target=0 SubOption=-1 
D 15:29:17.4912357 GameState.DebugPrintPower() -     TAG_CHANGE Entity=祥瑞御免雪亲王#51915 tag=2245 value=4 
D 15:29:17.4912357 GameState.DebugPrintPower() -     TAG_CHANGE Entity=祥瑞御免雪亲王#51915 tag=RESOURCES_USED value=2 
D 15:29:17.4912357 GameState.DebugPrintPower() -     TAG_CHANGE Entity=祥瑞御免雪亲王#51915 tag=NUM_RESOURCES_SPENT_THIS_GAME value=4 
D 15:29:17.4912357 GameState.DebugPrintPower() -     META_DATA - Meta=SLUSH_TIME Data=2000 InfoCount=1
D 15:29:17.4912357 GameState.DebugPrintPower() -                 Info[0] = [entityName=生命分流 id=8 zone=PLAY zonePos=0 cardId=HERO_07bp player=1]
D 15:29:17.4912357 GameState.DebugPrintPower() -     BLOCK_START BlockType=POWER Entity=[entityName=生命分流 id=8 zone=PLAY zonePos=0 cardId=HERO_07bp player=1] EffectCardId=System.Collections.Generic.List`1[System.String] EffectIndex=0 Target=0 SubOption=-1 
D 15:29:17.4912357 GameState.DebugPrintPower() -         META_DATA - Meta=TARGET Data=0 InfoCount=1
D 15:29:17.4912357 GameState.DebugPrintPower() -                     Info[0] = [entityName=古尔丹 id=4 zone=PLAY zonePos=0 cardId=HERO_07 player=1]
D 15:29:17.4912357 GameState.DebugPrintPower() -         TAG_CHANGE Entity=[entityName=古尔丹 id=4 zone=PLAY zonePos=0 cardId=HERO_07 player=1] tag=2187 value=8 
D 15:29:17.4912357 GameState.DebugPrintPower() -         TAG_CHANGE Entity=[entityName=古尔丹 id=4 zone=PLAY zonePos=0 cardId=HERO_07 player=1] tag=PREDAMAGE value=2 
D 15:29:17.4912357 GameState.DebugPrintPower() -         TAG_CHANGE Entity=[entityName=古尔丹 id=4 zone=PLAY zonePos=0 cardId=HERO_07 player=1] tag=1173 value=4 
D 15:29:17.4912357 GameState.DebugPrintPower() -         TAG_CHANGE Entity=[entityName=古尔丹 id=4 zone=PLAY zonePos=0 cardId=HERO_07 player=1] tag=2187 value=0 
D 15:29:17.4912357 GameState.DebugPrintPower() -         TAG_CHANGE Entity=[entityName=古尔丹 id=4 zone=PLAY zonePos=0 cardId=HERO_07 player=1] tag=PREDAMAGE value=0 
D 15:29:17.4912357 GameState.DebugPrintPower() -         TAG_CHANGE Entity=[entityName=古尔丹 id=4 zone=PLAY zonePos=0 cardId=HERO_07 player=1] tag=1173 value=0 
D 15:29:17.4912357 GameState.DebugPrintPower() -         TAG_CHANGE Entity=[entityName=古尔丹 id=4 zone=PLAY zonePos=0 cardId=HERO_07 player=1] tag=PREDAMAGE value=2 
D 15:29:17.4912357 GameState.DebugPrintPower() -         TAG_CHANGE Entity=[entityName=古尔丹 id=4 zone=PLAY zonePos=0 cardId=HERO_07 player=1] tag=PREDAMAGE value=0 
D 15:29:17.4912357 GameState.DebugPrintPower() -         META_DATA - Meta=DAMAGE Data=2 InfoCount=1
D 15:29:17.4912357 GameState.DebugPrintPower() -                     Info[0] = [entityName=古尔丹 id=4 zone=PLAY zonePos=0 cardId=HERO_07 player=1]
D 15:29:17.4912357 GameState.DebugPrintPower() -         TAG_CHANGE Entity=[entityName=古尔丹 id=4 zone=PLAY zonePos=0 cardId=HERO_07 player=1] tag=4741 value=2 
D 15:29:17.4912357 GameState.DebugPrintPower() -         TAG_CHANGE Entity=[entityName=古尔丹 id=4 zone=PLAY zonePos=0 cardId=HERO_07 player=1] tag=DAMAGE value=4 
D 15:29:17.4912357 GameState.DebugPrintPower() -         TAG_CHANGE Entity=祥瑞御免雪亲王#51915 tag=NUM_HERO_POWER_DAMAGE_THIS_GAME value=4 
D 15:29:17.4912357 GameState.DebugPrintPower() -         TAG_CHANGE Entity=祥瑞御免雪亲王#51915 tag=464 value=2 
D 15:29:17.4912357 GameState.DebugPrintPower() -         TAG_CHANGE Entity=祥瑞御免雪亲王#51915 tag=1853 value=4 
D 15:29:17.4912357 GameState.DebugPrintPower() -         TAG_CHANGE Entity=祥瑞御免雪亲王#51915 tag=4453 value=1 
D 15:29:17.4912357 GameState.DebugPrintPower() -         TAG_CHANGE Entity=祥瑞御免雪亲王#51915 tag=3110 value=4 
D 15:29:17.4912357 GameState.DebugPrintPower() -         TAG_CHANGE Entity=祥瑞御免雪亲王#51915 tag=3687 value=2 
D 15:29:17.4912357 GameState.DebugPrintPower() -         TAG_CHANGE Entity=祥瑞御免雪亲王#51915 tag=1575 value=1 
D 15:29:17.4912357 GameState.DebugPrintPower() -         TAG_CHANGE Entity=祥瑞御免雪亲王#51915 tag=1573 value=2 
D 15:29:17.4912357 GameState.DebugPrintPower() -         TAG_CHANGE Entity=祥瑞御免雪亲王#51915 tag=2166 value=30 
D 15:29:17.4912357 GameState.DebugPrintPower() -         TAG_CHANGE Entity=祥瑞御免雪亲王#51915 tag=467 value=1 
D 15:29:17.4912357 GameState.DebugPrintPower() -         TAG_CHANGE Entity=[entityName=UNKNOWN ENTITY [cardType=INVALID] id=30 zone=DECK zonePos=0 cardId= player=1] tag=ZONE value=HAND 
D 15:29:17.4912357 GameState.DebugPrintPower() -         TAG_CHANGE Entity=[entityName=UNKNOWN ENTITY [cardType=INVALID] id=30 zone=DECK zonePos=0 cardId= player=1] tag=ZONE_POSITION value=10 
D 15:29:17.4912357 GameState.DebugPrintPower() -         TAG_CHANGE Entity=[entityName=UNKNOWN ENTITY [cardType=INVALID] id=30 zone=DECK zonePos=0 cardId= player=1] tag=ZONE_POSITION value=0 
D 15:29:17.4912357 GameState.DebugPrintPower() -         TAG_CHANGE Entity=[entityName=UNKNOWN ENTITY [cardType=INVALID] id=30 zone=DECK zonePos=0 cardId= player=1] tag=ZONE_POSITION value=10 
D 15:29:17.4912357 GameState.DebugPrintPower() -         TAG_CHANGE Entity=祥瑞御免雪亲王#51915 tag=NUM_CARDS_DRAWN_THIS_TURN value=2 
D 15:29:17.4912357 GameState.DebugPrintPower() -         TAG_CHANGE Entity=祥瑞御免雪亲王#51915 tag=995 value=5 
D 15:29:17.4912357 GameState.DebugPrintPower() -         TAG_CHANGE Entity=祥瑞御免雪亲王#51915 tag=467 value=0 
D 15:29:17.4912357 GameState.DebugPrintPower() -     BLOCK_END
D 15:29:17.4912357 GameState.DebugPrintPower() -     TAG_CHANGE Entity=祥瑞御免雪亲王#51915 tag=HEROPOWER_ACTIVATIONS_THIS_TURN value=1 
D 15:29:17.4912357 GameState.DebugPrintPower() -     TAG_CHANGE Entity=祥瑞御免雪亲王#51915 tag=1739 value=1 
D 15:29:17.4912357 GameState.DebugPrintPower() -     TAG_CHANGE Entity=祥瑞御免雪亲王#51915 tag=NUM_TIMES_HERO_POWER_USED_THIS_GAME value=2 
D 15:29:17.4912357 GameState.DebugPrintPower() -     TAG_CHANGE Entity=[entityName=生命分流 id=8 zone=PLAY zonePos=0 cardId=HERO_07bp player=1] tag=HEROPOWER_ACTIVATIONS_THIS_TURN value=1 
D 15:29:17.4912357 GameState.DebugPrintPower() -     TAG_CHANGE Entity=[entityName=生命分流 id=8 zone=PLAY zonePos=0 cardId=HERO_07bp player=1] tag=EXHAUSTED value=1 
D 15:29:17.4912357 GameState.DebugPrintPower() -     TAG_CHANGE Entity=GameEntity tag=1323 value=4 
D 15:29:17.4912357 GameState.DebugPrintPower() -     TAG_CHANGE Entity=祥瑞御免雪亲王#51915 tag=NUM_OPTIONS_PLAYED_THIS_TURN value=1 
D 15:29:17.4912357 GameState.DebugPrintPower() - BLOCK_END
D 15:29:17.4912357 GameState.DebugPrintPower() - META_DATA - Meta=SLUSH_TIME Data=1000 InfoCount=1
D 15:29:17.4912357 GameState.DebugPrintPower() -             Info[0] = [entityName=生命分流 id=8 zone=PLAY zonePos=0 cardId=HERO_07bp player=1]
D 15:29:17.4912357 PowerTaskList.DebugDump() - ID=121 ParentID=0 PreviousID=0 TaskCount=4
D 15:29:17.4912357 PowerTaskList.DebugPrintPower() - BLOCK_START BlockType=PLAY Entity=[entityName=生命分流 id=8 zone=PLAY zonePos=0 cardId=HERO_07bp player=1] EffectCardId=System.Collections.Generic.List`1[System.String] EffectIndex=0 Target=0 SubOption=-1 
D 15:29:17.4912357 PowerTaskList.DebugPrintPower() -     TAG_CHANGE Entity=祥瑞御免雪亲王#51915 tag=2245 value=4 
D 15:29:17.4912357 PowerTaskList.DebugPrintPower() -     TAG_CHANGE Entity=祥瑞御免雪亲王#51915 tag=RESOURCES_USED value=2 
D 15:29:17.4912357 PowerTaskList.DebugPrintPower() -     TAG_CHANGE Entity=祥瑞御免雪亲王#51915 tag=NUM_RESOURCES_SPENT_THIS_GAME value=4 
D 15:29:17.4912357 PowerTaskList.DebugPrintPower() -     META_DATA - Meta=SLUSH_TIME Data=2000 InfoCount=1
D 15:29:17.4912357 PowerTaskList.DebugPrintPower() -                 Info[0] = [entityName=生命分流 id=8 zone=PLAY zonePos=0 cardId=HERO_07bp player=1]
D 15:29:17.4912357 PowerTaskList.DebugDump() - Block End=(null)
D 15:29:17.4912357 PowerProcessor.PrepareHistoryForCurrentTaskList() - m_currentTaskList=121
D 15:29:17.4912357 PowerProcessor.DoTaskListForCard() - unhandled BlockType PLAY for sourceEntity [entityName=生命分流 id=8 zone=PLAY zonePos=0 cardId=HERO_07bp player=1]
D 15:29:17.4912357 PowerProcessor.EndCurrentTaskList() - m_currentTaskList=121
D 15:29:18.3258363 PowerTaskList.DebugDump() - ID=122 ParentID=121 PreviousID=0 TaskCount=29
D 15:29:18.3258363 PowerTaskList.DebugPrintPower() - BLOCK_START BlockType=POWER Entity=[entityName=生命分流 id=8 zone=PLAY zonePos=0 cardId=HERO_07bp player=1] EffectCardId=System.Collections.Generic.List`1[System.String] EffectIndex=0 Target=0 SubOption=-1 
D 15:29:18.3258363 PowerTaskList.DebugPrintPower() -     META_DATA - Meta=TARGET Data=0 InfoCount=1
D 15:29:18.3258363 PowerTaskList.DebugPrintPower() -                 Info[0] = [entityName=古尔丹 id=4 zone=PLAY zonePos=0 cardId=HERO_07 player=1]
D 15:29:18.3258363 PowerTaskList.DebugPrintPower() -     TAG_CHANGE Entity=[entityName=古尔丹 id=4 zone=PLAY zonePos=0 cardId=HERO_07 player=1] tag=2187 value=8 
D 15:29:18.3258363 PowerTaskList.DebugPrintPower() -     TAG_CHANGE Entity=[entityName=古尔丹 id=4 zone=PLAY zonePos=0 cardId=HERO_07 player=1] tag=PREDAMAGE value=2 
D 15:29:18.3258363 PowerTaskList.DebugPrintPower() -     TAG_CHANGE Entity=[entityName=古尔丹 id=4 zone=PLAY zonePos=0 cardId=HERO_07 player=1] tag=1173 value=4 
D 15:29:18.3258363 PowerTaskList.DebugPrintPower() -     TAG_CHANGE Entity=[entityName=古尔丹 id=4 zone=PLAY zonePos=0 cardId=HERO_07 player=1] tag=2187 value=0 
D 15:29:18.3258363 PowerTaskList.DebugPrintPower() -     TAG_CHANGE Entity=[entityName=古尔丹 id=4 zone=PLAY zonePos=0 cardId=HERO_07 player=1] tag=PREDAMAGE value=0 
D 15:29:18.3258363 PowerTaskList.DebugPrintPower() -     TAG_CHANGE Entity=[entityName=古尔丹 id=4 zone=PLAY zonePos=0 cardId=HERO_07 player=1] tag=1173 value=0 
D 15:29:18.3258363 PowerTaskList.DebugPrintPower() -     TAG_CHANGE Entity=[entityName=古尔丹 id=4 zone=PLAY zonePos=0 cardId=HERO_07 player=1] tag=PREDAMAGE value=2 
D 15:29:18.3258363 PowerTaskList.DebugPrintPower() -     TAG_CHANGE Entity=[entityName=古尔丹 id=4 zone=PLAY zonePos=0 cardId=HERO_07 player=1] tag=PREDAMAGE value=0 
D 15:29:18.3258363 PowerTaskList.DebugPrintPower() -     META_DATA - Meta=DAMAGE Data=2 InfoCount=1
D 15:29:18.3258363 PowerTaskList.DebugPrintPower() -                 Info[0] = [entityName=古尔丹 id=4 zone=PLAY zonePos=0 cardId=HERO_07 player=1]
D 15:29:18.3258363 PowerTaskList.DebugPrintPower() -     TAG_CHANGE Entity=[entityName=古尔丹 id=4 zone=PLAY zonePos=0 cardId=HERO_07 player=1] tag=4741 value=2 
D 15:29:18.3258363 PowerTaskList.DebugPrintPower() -     TAG_CHANGE Entity=[entityName=古尔丹 id=4 zone=PLAY zonePos=0 cardId=HERO_07 player=1] tag=DAMAGE value=4 
D 15:29:18.3258363 PowerTaskList.DebugPrintPower() -     TAG_CHANGE Entity=祥瑞御免雪亲王#51915 tag=NUM_HERO_POWER_DAMAGE_THIS_GAME value=4 
D 15:29:18.3258363 PowerTaskList.DebugPrintPower() -     TAG_CHANGE Entity=祥瑞御免雪亲王#51915 tag=464 value=2 
D 15:29:18.3258363 PowerTaskList.DebugPrintPower() -     TAG_CHANGE Entity=祥瑞御免雪亲王#51915 tag=1853 value=4 
D 15:29:18.3258363 PowerTaskList.DebugPrintPower() -     TAG_CHANGE Entity=祥瑞御免雪亲王#51915 tag=4453 value=1 
D 15:29:18.3258363 PowerTaskList.DebugPrintPower() -     TAG_CHANGE Entity=祥瑞御免雪亲王#51915 tag=3110 value=4 
D 15:29:18.3258363 PowerTaskList.DebugPrintPower() -     TAG_CHANGE Entity=祥瑞御免雪亲王#51915 tag=3687 value=2 
D 15:29:18.3258363 PowerTaskList.DebugPrintPower() -     TAG_CHANGE Entity=祥瑞御免雪亲王#51915 tag=1575 value=1 
D 15:29:18.3258363 PowerTaskList.DebugPrintPower() -     TAG_CHANGE Entity=祥瑞御免雪亲王#51915 tag=1573 value=2 
D 15:29:18.3258363 PowerTaskList.DebugPrintPower() -     TAG_CHANGE Entity=祥瑞御免雪亲王#51915 tag=2166 value=30 
D 15:29:18.3258363 PowerTaskList.DebugPrintPower() -     TAG_CHANGE Entity=祥瑞御免雪亲王#51915 tag=467 value=1 
D 15:29:18.3258363 PowerTaskList.DebugPrintPower() -     TAG_CHANGE Entity=[entityName=UNKNOWN ENTITY [cardType=INVALID] id=30 zone=DECK zonePos=0 cardId= player=1] tag=ZONE value=HAND 
D 15:29:18.3258363 PowerTaskList.DebugPrintPower() -     TAG_CHANGE Entity=[entityName=UNKNOWN ENTITY [cardType=INVALID] id=30 zone=DECK zonePos=0 cardId= player=1] tag=ZONE_POSITION value=10 
D 15:29:18.3258363 PowerTaskList.DebugPrintPower() -     TAG_CHANGE Entity=[entityName=UNKNOWN ENTITY [cardType=INVALID] id=30 zone=DECK zonePos=0 cardId= player=1] tag=ZONE_POSITION value=0 
D 15:29:18.3258363 PowerTaskList.DebugPrintPower() -     TAG_CHANGE Entity=[entityName=UNKNOWN ENTITY [cardType=INVALID] id=30 zone=DECK zonePos=0 cardId= player=1] tag=ZONE_POSITION value=10 
D 15:29:18.3258363 PowerTaskList.DebugPrintPower() -     TAG_CHANGE Entity=祥瑞御免雪亲王#51915 tag=NUM_CARDS_DRAWN_THIS_TURN value=2 
D 15:29:18.3258363 PowerTaskList.DebugPrintPower() -     TAG_CHANGE Entity=祥瑞御免雪亲王#51915 tag=995 value=5 
D 15:29:18.3258363 PowerTaskList.DebugPrintPower() -     TAG_CHANGE Entity=祥瑞御免雪亲王#51915 tag=467 value=0 
D 15:29:18.3258363 PowerTaskList.DebugPrintPower() - BLOCK_END
D 15:29:18.3258363 PowerProcessor.PrepareHistoryForCurrentTaskList() - m_currentTaskList=122
D 15:29:19.0829859 GameState.DebugPrintPowerList() - Count=23
D 15:29:19.0829859 GameState.DebugPrintPower() - BLOCK_START BlockType=PLAY Entity=[entityName=UNKNOWN ENTITY [cardType=INVALID] id=28 zone=HAND zonePos=3 cardId= player=1] EffectCardId=System.Collections.Generic.List`1[System.String] EffectIndex=0 Target=0 SubOption=-1 
D 15:29:19.0829859 GameState.DebugPrintPower() -     TAG_CHANGE Entity=祥瑞御免雪亲王#51915 tag=2245 value=5 
D 15:29:19.0829859 GameState.DebugPrintPower() -     TAG_CHANGE Entity=祥瑞御免雪亲王#51915 tag=RESOURCES_USED value=3 
D 15:29:19.0829859 GameState.DebugPrintPower() -     TAG_CHANGE Entity=祥瑞御免雪亲王#51915 tag=NUM_RESOURCES_SPENT_THIS_GAME value=5 
D 15:29:19.0829859 GameState.DebugPrintPower() -     TAG_CHANGE Entity=祥瑞御免雪亲王#51915 tag=NUM_CARDS_PLAYED_THIS_TURN value=1 
D 15:29:19.0829859 GameState.DebugPrintPower() -     TAG_CHANGE Entity=[entityName=UNKNOWN ENTITY [cardType=INVALID] id=30 zone=HAND zonePos=10 cardId= player=1] tag=ZONE_POSITION value=9 
D 15:29:19.0829859 GameState.DebugPrintPower() -     TAG_CHANGE Entity=[entityName=UNKNOWN ENTITY [cardType=INVALID] id=33 zone=HAND zonePos=9 cardId= player=1] tag=ZONE_POSITION value=8 
D 15:29:19.0829859 GameState.DebugPrintPower() -     TAG_CHANGE Entity=[entityName=UNKNOWN ENTITY [cardType=INVALID] id=27 zone=HAND zonePos=8 cardId= player=1] tag=ZONE_POSITION value=7 
D 15:29:19.0829859 GameState.DebugPrintPower() -     TAG_CHANGE Entity=[entityName=UNKNOWN ENTITY [cardType=INVALID] id=9 zone=HAND zonePos=7 cardId= player=1] tag=ZONE_POSITION value=6 
D 15:29:19.0829859 GameState.DebugPrintPower() -     TAG_CHANGE Entity=[entityName=UNKNOWN ENTITY [cardType=INVALID] id=43 zone=HAND zonePos=6 cardId= player=1] tag=ZONE_POSITION value=5 
D 15:29:19.0829859 GameState.DebugPrintPower() -     TAG_CHANGE Entity=[entityName=UNKNOWN ENTITY [cardType=INVALID] id=44 zone=HAND zonePos=4 cardId= player=1] tag=ZONE_POSITION value=3 
D 15:29:19.0829859 GameState.DebugPrintPower() -     TAG_CHANGE Entity=[entityName=UNKNOWN ENTITY [cardType=INVALID] id=82 zone=HAND zonePos=5 cardId= player=1] tag=ZONE_POSITION value=4 
D 15:29:19.0829859 GameState.DebugPrintPower() -     TAG_CHANGE Entity=[entityName=UNKNOWN ENTITY [cardType=INVALID] id=28 zone=HAND zonePos=3 cardId= player=1] tag=ZONE_POSITION value=0 
D 15:29:19.0829859 GameState.DebugPrintPower() -     SHOW_ENTITY - Updating Entity=[entityName=UNKNOWN ENTITY [cardType=INVALID] id=28 zone=HAND zonePos=3 cardId= player=1] CardID=ETC_084
D 15:29:19.0829859 GameState.DebugPrintPower() -         tag=CONTROLLER value=1
D 15:29:19.0829859 GameState.DebugPrintPower() -         tag=CARDTYPE value=WEAPON
D 15:29:19.0829859 GameState.DebugPrintPower() -         tag=TAG_LAST_KNOWN_COST_IN_HAND value=1
D 15:29:19.0829859 GameState.DebugPrintPower() -         tag=COST value=1
D 15:29:19.0829859 GameState.DebugPrintPower() -         tag=HEALTH value=3
D 15:29:19.0829859 GameState.DebugPrintPower() -         tag=TRIGGER_VISUAL value=1
D 15:29:19.0829859 GameState.DebugPrintPower() -         tag=ZONE value=PLAY
D 15:29:19.0829859 GameState.DebugPrintPower() -         tag=ENTITY_ID value=28
D 15:29:19.0829859 GameState.DebugPrintPower() -         tag=CLASS value=WARLOCK
D 15:29:19.0829859 GameState.DebugPrintPower() -         tag=RARITY value=EPIC
D 15:29:19.0829859 GameState.DebugPrintPower() -         tag=JUST_PLAYED value=1
D 15:29:19.0829859 GameState.DebugPrintPower() -         tag=ZONE_POSITION value=0
D 15:29:19.0829859 GameState.DebugPrintPower() -         tag=NUM_TURNS_IN_HAND value=6
D 15:29:19.0829859 GameState.DebugPrintPower() -         tag=CREATOR value=0
D 15:29:19.0829859 GameState.DebugPrintPower() -         tag=478 value=1
D 15:29:19.0829859 GameState.DebugPrintPower() -         tag=1037 value=0
D 15:29:19.0829859 GameState.DebugPrintPower() -         tag=1043 value=1
D 15:29:19.0829859 GameState.DebugPrintPower() -         tag=1068 value=0
D 15:29:19.0829859 GameState.DebugPrintPower() -         tag=SPAWN_TIME_COUNT value=1
D 15:29:19.0829859 GameState.DebugPrintPower() -         tag=3085 value=3
D 15:29:19.0829859 GameState.DebugPrintPower() -         tag=3557 value=3
D 15:29:19.0829859 GameState.DebugPrintPower() -         tag=4901 value=0
D 15:29:19.0829859 GameState.DebugPrintPower() -     META_DATA - Meta=SLUSH_TIME Data=3000 InfoCount=1
D 15:29:19.0829859 GameState.DebugPrintPower() -                 Info[0] = [entityName=UNKNOWN ENTITY [cardType=INVALID] id=28 zone=HAND zonePos=3 cardId= player=1]
D 15:29:19.0829859 GameState.DebugPrintPower() -     BLOCK_START BlockType=POWER Entity=[entityName=UNKNOWN ENTITY [cardType=INVALID] id=28 zone=HAND zonePos=3 cardId= player=1] EffectCardId=System.Collections.Generic.List`1[System.String] EffectIndex=0 Target=0 SubOption=-1 
D 15:29:19.0829859 GameState.DebugPrintPower() -     BLOCK_END
D 15:29:19.0829859 GameState.DebugPrintPower() -     TAG_CHANGE Entity=祥瑞御免雪亲王#51915 tag=MAIN_HAND_WEAPON_ENTITY value=28 
D 15:29:19.0829859 GameState.DebugPrintPower() -     TAG_CHANGE Entity=祥瑞御免雪亲王#51915 tag=COMBO_ACTIVE value=1 
D 15:29:19.0829859 GameState.DebugPrintPower() -     TAG_CHANGE Entity=GameEntity tag=1323 value=5 
D 15:29:19.0829859 GameState.DebugPrintPower() -     TAG_CHANGE Entity=祥瑞御免雪亲王#51915 tag=NUM_OPTIONS_PLAYED_THIS_TURN value=2 
D 15:29:19.0829859 GameState.DebugPrintPower() - BLOCK_END
D 15:29:19.0829859 GameState.DebugPrintPower() - META_DATA - Meta=SLUSH_TIME Data=1000 InfoCount=1
D 15:29:19.0829859 GameState.DebugPrintPower() -             Info[0] = [entityName=UNKNOWN ENTITY [cardType=INVALID] id=28 zone=HAND zonePos=3 cardId= player=1]
D 15:29:19.8953192 PowerProcessor.EndCurrentTaskList() - m_currentTaskList=122
D 15:29:19.9030312 PowerTaskList.DebugDump() - ID=123 ParentID=0 PreviousID=121 TaskCount=7
D 15:29:19.9030312 PowerTaskList.DebugDump() - Block Start=(null)
D 15:29:19.9030312 PowerTaskList.DebugPrintPower() -     TAG_CHANGE Entity=祥瑞御免雪亲王#51915 tag=HEROPOWER_ACTIVATIONS_THIS_TURN value=1 
D 15:29:19.9030312 PowerTaskList.DebugPrintPower() -     TAG_CHANGE Entity=祥瑞御免雪亲王#51915 tag=1739 value=1 
D 15:29:19.9030312 PowerTaskList.DebugPrintPower() -     TAG_CHANGE Entity=祥瑞御免雪亲王#51915 tag=NUM_TIMES_HERO_POWER_USED_THIS_GAME value=2 
D 15:29:19.9030312 PowerTaskList.DebugPrintPower() -     TAG_CHANGE Entity=[entityName=生命分流 id=8 zone=PLAY zonePos=0 cardId=HERO_07bp player=1] tag=HEROPOWER_ACTIVATIONS_THIS_TURN value=1 
D 15:29:19.9030312 PowerTaskList.DebugPrintPower() -     TAG_CHANGE Entity=[entityName=生命分流 id=8 zone=PLAY zonePos=0 cardId=HERO_07bp player=1] tag=EXHAUSTED value=1 
D 15:29:19.9030312 PowerTaskList.DebugPrintPower() -     TAG_CHANGE Entity=GameEntity tag=1323 value=4 
D 15:29:19.9030312 PowerTaskList.DebugPrintPower() -     TAG_CHANGE Entity=祥瑞御免雪亲王#51915 tag=NUM_OPTIONS_PLAYED_THIS_TURN value=1 
D 15:29:19.9030312 PowerTaskList.DebugPrintPower() - BLOCK_END
D 15:29:19.9030312 PowerProcessor.PrepareHistoryForCurrentTaskList() - m_currentTaskList=123
D 15:29:19.9030312 PowerProcessor.DoTaskListForCard() - unhandled BlockType PLAY for sourceEntity [entityName=生命分流 id=8 zone=PLAY zonePos=0 cardId=HERO_07bp player=1]
D 15:29:19.9030312 PowerProcessor.EndCurrentTaskList() - m_currentTaskList=123
D 15:29:19.9030312 PowerTaskList.DebugDump() - ID=124 ParentID=0 PreviousID=0 TaskCount=1
D 15:29:19.9030312 PowerTaskList.DebugDump() - Block Start=(null)
D 15:29:19.9030312 PowerTaskList.DebugPrintPower() -     META_DATA - Meta=SLUSH_TIME Data=1000 InfoCount=1
D 15:29:19.9030312 PowerTaskList.DebugPrintPower() -                 Info[0] = [entityName=生命分流 id=8 zone=PLAY zonePos=0 cardId=HERO_07bp player=1]
D 15:29:19.9030312 PowerTaskList.DebugDump() - Block End=(null)
D 15:29:19.9030312 PowerProcessor.PrepareHistoryForCurrentTaskList() - m_currentTaskList=124
D 15:29:19.9030312 PowerProcessor.EndCurrentTaskList() - m_currentTaskList=124
D 15:29:19.9030312 PowerTaskList.DebugDump() - ID=125 ParentID=0 PreviousID=0 TaskCount=14
D 15:29:19.9030312 PowerTaskList.DebugPrintPower() - BLOCK_START BlockType=PLAY Entity=[entityName=UNKNOWN ENTITY [cardType=INVALID] id=28 zone=HAND zonePos=3 cardId= player=1] EffectCardId=System.Collections.Generic.List`1[System.String] EffectIndex=0 Target=0 SubOption=-1 
D 15:29:19.9030312 PowerTaskList.DebugPrintPower() -     TAG_CHANGE Entity=祥瑞御免雪亲王#51915 tag=2245 value=5 
D 15:29:19.9030312 PowerTaskList.DebugPrintPower() -     TAG_CHANGE Entity=祥瑞御免雪亲王#51915 tag=RESOURCES_USED value=3 
D 15:29:19.9030312 PowerTaskList.DebugPrintPower() -     TAG_CHANGE Entity=祥瑞御免雪亲王#51915 tag=NUM_RESOURCES_SPENT_THIS_GAME value=5 
D 15:29:19.9030312 PowerTaskList.DebugPrintPower() -     TAG_CHANGE Entity=祥瑞御免雪亲王#51915 tag=NUM_CARDS_PLAYED_THIS_TURN value=1 
D 15:29:19.9030312 PowerTaskList.DebugPrintPower() -     TAG_CHANGE Entity=[entityName=UNKNOWN ENTITY [cardType=INVALID] id=30 zone=HAND zonePos=10 cardId= player=1] tag=ZONE_POSITION value=9 
D 15:29:19.9030312 PowerTaskList.DebugPrintPower() -     TAG_CHANGE Entity=[entityName=UNKNOWN ENTITY [cardType=INVALID] id=33 zone=HAND zonePos=9 cardId= player=1] tag=ZONE_POSITION value=8 
D 15:29:19.9030312 PowerTaskList.DebugPrintPower() -     TAG_CHANGE Entity=[entityName=UNKNOWN ENTITY [cardType=INVALID] id=27 zone=HAND zonePos=8 cardId= player=1] tag=ZONE_POSITION value=7 
D 15:29:19.9030312 PowerTaskList.DebugPrintPower() -     TAG_CHANGE Entity=[entityName=UNKNOWN ENTITY [cardType=INVALID] id=9 zone=HAND zonePos=7 cardId= player=1] tag=ZONE_POSITION value=6 
D 15:29:19.9030312 PowerTaskList.DebugPrintPower() -     TAG_CHANGE Entity=[entityName=UNKNOWN ENTITY [cardType=INVALID] id=43 zone=HAND zonePos=6 cardId= player=1] tag=ZONE_POSITION value=5 
D 15:29:19.9030312 PowerTaskList.DebugPrintPower() -     TAG_CHANGE Entity=[entityName=UNKNOWN ENTITY [cardType=INVALID] id=44 zone=HAND zonePos=4 cardId= player=1] tag=ZONE_POSITION value=3 
D 15:29:19.9030312 PowerTaskList.DebugPrintPower() -     TAG_CHANGE Entity=[entityName=UNKNOWN ENTITY [cardType=INVALID] id=82 zone=HAND zonePos=5 cardId= player=1] tag=ZONE_POSITION value=4 
D 15:29:19.9030312 PowerTaskList.DebugPrintPower() -     TAG_CHANGE Entity=[entityName=UNKNOWN ENTITY [cardType=INVALID] id=28 zone=HAND zonePos=3 cardId= player=1] tag=ZONE_POSITION value=0 
D 15:29:19.9030312 PowerTaskList.DebugPrintPower() -     SHOW_ENTITY - Updating Entity=[entityName=UNKNOWN ENTITY [cardType=INVALID] id=28 zone=HAND zonePos=3 cardId= player=1] CardID=ETC_084
D 15:29:19.9030312 PowerTaskList.DebugPrintPower() -         tag=CONTROLLER value=1
D 15:29:19.9030312 PowerTaskList.DebugPrintPower() -         tag=CARDTYPE value=WEAPON
D 15:29:19.9030312 PowerTaskList.DebugPrintPower() -         tag=TAG_LAST_KNOWN_COST_IN_HAND value=1
D 15:29:19.9030312 PowerTaskList.DebugPrintPower() -         tag=COST value=1
D 15:29:19.9030312 PowerTaskList.DebugPrintPower() -         tag=HEALTH value=3
D 15:29:19.9030312 PowerTaskList.DebugPrintPower() -         tag=TRIGGER_VISUAL value=1
D 15:29:19.9030312 PowerTaskList.DebugPrintPower() -         tag=ZONE value=PLAY
D 15:29:19.9030312 PowerTaskList.DebugPrintPower() -         tag=ENTITY_ID value=28
D 15:29:19.9030312 PowerTaskList.DebugPrintPower() -         tag=CLASS value=WARLOCK
D 15:29:19.9030312 PowerTaskList.DebugPrintPower() -         tag=RARITY value=EPIC
D 15:29:19.9030312 PowerTaskList.DebugPrintPower() -         tag=JUST_PLAYED value=1
D 15:29:19.9030312 PowerTaskList.DebugPrintPower() -         tag=ZONE_POSITION value=0
D 15:29:19.9030312 PowerTaskList.DebugPrintPower() -         tag=NUM_TURNS_IN_HAND value=6
D 15:29:19.9030312 PowerTaskList.DebugPrintPower() -         tag=CREATOR value=0
D 15:29:19.9030312 PowerTaskList.DebugPrintPower() -         tag=478 value=1
D 15:29:19.9030312 PowerTaskList.DebugPrintPower() -         tag=1037 value=0
D 15:29:19.9030312 PowerTaskList.DebugPrintPower() -         tag=1043 value=1
D 15:29:19.9030312 PowerTaskList.DebugPrintPower() -         tag=1068 value=0
D 15:29:19.9030312 PowerTaskList.DebugPrintPower() -         tag=SPAWN_TIME_COUNT value=1
D 15:29:19.9030312 PowerTaskList.DebugPrintPower() -         tag=3085 value=3
D 15:29:19.9030312 PowerTaskList.DebugPrintPower() -         tag=3557 value=3
D 15:29:19.9030312 PowerTaskList.DebugPrintPower() -         tag=4901 value=0
D 15:29:19.9030312 PowerTaskList.DebugPrintPower() -     META_DATA - Meta=SLUSH_TIME Data=3000 InfoCount=1
D 15:29:19.9030312 PowerTaskList.DebugPrintPower() -                 Info[0] = [entityName=UNKNOWN ENTITY [cardType=INVALID] id=28 zone=HAND zonePos=3 cardId= player=1]
D 15:29:19.9030312 PowerTaskList.DebugDump() - Block End=(null)
D 15:29:19.9030312 PowerProcessor.PrepareHistoryForCurrentTaskList() - m_currentTaskList=125
D 15:29:19.9030312 PowerProcessor.DoTaskListForCard() - unhandled BlockType PLAY for sourceEntity [entityName=UNKNOWN ENTITY [cardType=INVALID] id=28 zone=HAND zonePos=3 cardId= player=1]
D 15:29:20.8792428 GameState.DebugPrintPowerList() - Count=85
D 15:29:20.8792428 GameState.DebugPrintPower() - TAG_CHANGE Entity=GameEntity tag=STEP value=MAIN_END 
D 15:29:20.8792428 GameState.DebugPrintPower() - BLOCK_START BlockType=TRIGGER Entity=祥瑞御免雪亲王#51915 EffectCardId=System.Collections.Generic.List`1[System.String] EffectIndex=-1 Target=0 SubOption=-1 TriggerKeyword=TAG_NOT_SET
D 15:29:20.8792428 GameState.DebugPrintPower() -     TAG_CHANGE Entity=GameEntity tag=NEXT_STEP value=MAIN_CLEANUP 
D 15:29:20.8792428 GameState.DebugPrintPower() - BLOCK_END
D 15:29:20.8792428 GameState.DebugPrintPower() - BLOCK_START BlockType=TRIGGER Entity=祥瑞御免雪亲王#51915 EffectCardId=System.Collections.Generic.List`1[System.String] EffectIndex=-1 Target=0 SubOption=-1 TriggerKeyword=TAG_NOT_SET
D 15:29:20.8792428 GameState.DebugPrintPower() - BLOCK_END
D 15:29:20.8792428 GameState.DebugPrintPower() - BLOCK_START BlockType=TRIGGER Entity=湫然#51704 EffectCardId=System.Collections.Generic.List`1[System.String] EffectIndex=-1 Target=0 SubOption=-1 TriggerKeyword=TAG_NOT_SET
D 15:29:20.8792428 GameState.DebugPrintPower() - BLOCK_END
D 15:29:20.8792428 GameState.DebugPrintPower() - TAG_CHANGE Entity=GameEntity tag=STEP value=MAIN_CLEANUP 
D 15:29:20.8792428 GameState.DebugPrintPower() - BLOCK_START BlockType=TRIGGER Entity=祥瑞御免雪亲王#51915 EffectCardId=System.Collections.Generic.List`1[System.String] EffectIndex=-1 Target=0 SubOption=-1 TriggerKeyword=TAG_NOT_SET
D 15:29:20.8792428 GameState.DebugPrintPower() -     TAG_CHANGE Entity=[entityName=邪弦竖琴 id=28 zone=PLAY zonePos=0 cardId=ETC_084 player=1] tag=JUST_PLAYED value=0 
D 15:29:20.8792428 GameState.DebugPrintPower() -     TAG_CHANGE Entity=祥瑞御免雪亲王#51915 tag=COMBO_ACTIVE value=0 
D 15:29:20.8792428 GameState.DebugPrintPower() -     TAG_CHANGE Entity=GameEntity tag=NEXT_STEP value=MAIN_NEXT 
D 15:29:20.8792428 GameState.DebugPrintPower() -     TAG_CHANGE Entity=[entityName=邪弦竖琴 id=28 zone=PLAY zonePos=0 cardId=ETC_084 player=1] tag=EXHAUSTED value=1 
D 15:29:20.8792428 GameState.DebugPrintPower() - BLOCK_END
D 15:29:20.8792428 GameState.DebugPrintPower() - BLOCK_START BlockType=TRIGGER Entity=湫然#51704 EffectCardId=System.Collections.Generic.List`1[System.String] EffectIndex=-1 Target=0 SubOption=-1 TriggerKeyword=TAG_NOT_SET
D 15:29:20.8792428 GameState.DebugPrintPower() - BLOCK_END
D 15:29:20.8792428 GameState.DebugPrintPower() - TAG_CHANGE Entity=GameEntity tag=STEP value=MAIN_NEXT 
D 15:29:20.8792428 GameState.DebugPrintPower() - BLOCK_START BlockType=TRIGGER Entity=GameEntity EffectCardId=System.Collections.Generic.List`1[System.String] EffectIndex=-1 Target=0 SubOption=-1 TriggerKeyword=TAG_NOT_SET
D 15:29:20.8792428 GameState.DebugPrintPower() -     TAG_CHANGE Entity=祥瑞御免雪亲王#51915 tag=1292 value=0 
D 15:29:20.8792428 GameState.DebugPrintPower() -     TAG_CHANGE Entity=湫然#51704 tag=1292 value=1 
D 15:29:20.8792428 GameState.DebugPrintPower() -     TAG_CHANGE Entity=[entityName=掀桌子 id=58 zone=HAND zonePos=1 cardId=TOY_883 player=2] tag=NUM_TURNS_IN_HAND value=7 
D 15:29:20.8792428 GameState.DebugPrintPower() -     TAG_CHANGE Entity=[entityName=飞翼焊装 id=75 zone=HAND zonePos=2 cardId=TTN_463 player=2] tag=NUM_TURNS_IN_HAND value=7 
D 15:29:20.8792428 GameState.DebugPrintPower() -     TAG_CHANGE Entity=[entityName=灵魂冻结 id=60 zone=HAND zonePos=3 cardId=DEEP_032 player=2] tag=NUM_TURNS_IN_HAND value=7 
D 15:29:20.8792428 GameState.DebugPrintPower() -     TAG_CHANGE Entity=[entityName=基尔加丹 id=67 zone=HAND zonePos=4 cardId=GDB_145 player=2] tag=NUM_TURNS_IN_HAND value=7 
D 15:29:20.8792428 GameState.DebugPrintPower() -     TAG_CHANGE Entity=[entityName=吃掉小鬼！ id=49 zone=HAND zonePos=5 cardId=VAC_939 player=2] tag=NUM_TURNS_IN_HAND value=5 
D 15:29:20.8792428 GameState.DebugPrintPower() -     TAG_CHANGE Entity=[entityName=滑坡 id=55 zone=HAND zonePos=6 cardId=VAC_513 player=2] tag=NUM_TURNS_IN_HAND value=5 
D 15:29:20.8792428 GameState.DebugPrintPower() -     TAG_CHANGE Entity=[entityName=饥饿的海怪 id=70 zone=HAND zonePos=7 cardId=TTN_754 player=2] tag=NUM_TURNS_IN_HAND value=3 
D 15:29:20.8792428 GameState.DebugPrintPower() -     TAG_CHANGE Entity=[entityName=阿肯尼特防护水晶 id=57 zone=HAND zonePos=8 cardId=TB_World011 player=2] tag=NUM_TURNS_IN_HAND value=3 
D 15:29:20.8792428 GameState.DebugPrintPower() -     TAG_CHANGE Entity=祥瑞御免雪亲王#51915 tag=CURRENT_PLAYER value=0 
D 15:29:20.8792428 GameState.DebugPrintPower() -     TAG_CHANGE Entity=湫然#51704 tag=CURRENT_PLAYER value=1 
D 15:29:20.8792428 GameState.DebugPrintPower() -     TAG_CHANGE Entity=GameEntity tag=TURN value=7 
D 15:29:20.8792428 GameState.DebugPrintPower() -     TAG_CHANGE Entity=GameEntity tag=1882 value=6 
D 15:29:20.8792428 GameState.DebugPrintPower() -     TAG_CHANGE Entity=湫然#51704 tag=TURN value=4 
D 15:29:20.8792428 GameState.DebugPrintPower() -     TAG_CHANGE Entity=GameEntity tag=NEXT_STEP value=MAIN_READY 
D 15:29:20.8792428 GameState.DebugPrintPower() - BLOCK_END
D 15:29:20.8792428 GameState.DebugPrintPower() - TAG_CHANGE Entity=GameEntity tag=STEP value=MAIN_READY 
D 15:29:20.8792428 GameState.DebugPrintPower() - BLOCK_START BlockType=TRIGGER Entity=湫然#51704 EffectCardId=System.Collections.Generic.List`1[System.String] EffectIndex=-1 Target=0 SubOption=-1 TriggerKeyword=TAG_NOT_SET
D 15:29:20.8792428 GameState.DebugPrintPower() -     TAG_CHANGE Entity=GameEntity tag=NUM_TURNS_IN_PLAY value=7 
D 15:29:20.8792428 GameState.DebugPrintPower() -     TAG_CHANGE Entity=祥瑞御免雪亲王#51915 tag=NUM_TURNS_IN_PLAY value=7 
D 15:29:20.8792428 GameState.DebugPrintPower() -     TAG_CHANGE Entity=湫然#51704 tag=NUM_TURNS_IN_PLAY value=7 
D 15:29:20.8792428 GameState.DebugPrintPower() -     TAG_CHANGE Entity=[entityName=古尔丹 id=4 zone=PLAY zonePos=0 cardId=HERO_07 player=1] tag=NUM_TURNS_IN_PLAY value=7 
D 15:29:20.8792428 GameState.DebugPrintPower() -     TAG_CHANGE Entity=[entityName=古尔丹 id=6 zone=PLAY zonePos=0 cardId=HERO_07 player=2] tag=NUM_TURNS_IN_PLAY value=7 
D 15:29:20.8792428 GameState.DebugPrintPower() -     TAG_CHANGE Entity=[entityName=生命分流 id=8 zone=PLAY zonePos=0 cardId=HERO_07bp player=1] tag=NUM_TURNS_IN_PLAY value=7 
D 15:29:20.8792428 GameState.DebugPrintPower() -     TAG_CHANGE Entity=[entityName=生命分流 id=45 zone=PLAY zonePos=0 cardId=HERO_07bp player=2] tag=NUM_TURNS_IN_PLAY value=7 
D 15:29:20.8792428 GameState.DebugPrintPower() -     TAG_CHANGE Entity=[entityName=邪弦竖琴 id=28 zone=PLAY zonePos=0 cardId=ETC_084 player=1] tag=NUM_TURNS_IN_PLAY value=1 
D 15:29:20.8792428 GameState.DebugPrintPower() -     TAG_CHANGE Entity=湫然#51704 tag=RESOURCES value=4 
D 15:29:20.8792428 GameState.DebugPrintPower() -     TAG_CHANGE Entity=湫然#51704 tag=RESOURCES_USED value=0 
D 15:29:20.8792428 GameState.DebugPrintPower() -     TAG_CHANGE Entity=湫然#51704 tag=NUM_OPTIONS_PLAYED_THIS_TURN value=0 
D 15:29:20.8792428 GameState.DebugPrintPower() -     TAG_CHANGE Entity=[entityName=生命分流 id=45 zone=PLAY zonePos=0 cardId=HERO_07bp player=2] tag=EXHAUSTED value=0 
D 15:29:20.8792428 GameState.DebugPrintPower() -     TAG_CHANGE Entity=祥瑞御免雪亲王#51915 tag=NUM_CARDS_DRAWN_THIS_TURN value=0 
D 15:29:20.8792428 GameState.DebugPrintPower() -     TAG_CHANGE Entity=GameEntity tag=NEXT_STEP value=MAIN_START_TRIGGERS 
D 15:29:20.8792428 GameState.DebugPrintPower() -     TAG_CHANGE Entity=祥瑞御免雪亲王#51915 tag=464 value=0 
D 15:29:20.8792428 GameState.DebugPrintPower() -     TAG_CHANGE Entity=祥瑞御免雪亲王#51915 tag=4453 value=0 
D 15:29:20.8792428 GameState.DebugPrintPower() -     TAG_CHANGE Entity=祥瑞御免雪亲王#51915 tag=1575 value=0 
D 15:29:20.8792428 GameState.DebugPrintPower() -     TAG_CHANGE Entity=湫然#51704 tag=HEROPOWER_ACTIVATIONS_THIS_TURN value=0 
D 15:29:20.8792428 GameState.DebugPrintPower() -     TAG_CHANGE Entity=[entityName=生命分流 id=45 zone=PLAY zonePos=0 cardId=HERO_07bp player=2] tag=HEROPOWER_ACTIVATIONS_THIS_TURN value=0 
D 15:29:20.8792428 GameState.DebugPrintPower() -     TAG_CHANGE Entity=湫然#51704 tag=1739 value=0 
D 15:29:20.8792428 GameState.DebugPrintPower() - BLOCK_END
D 15:29:20.8792428 GameState.DebugPrintPower() - TAG_CHANGE Entity=GameEntity tag=STEP value=MAIN_START_TRIGGERS 
D 15:29:20.8792428 GameState.DebugPrintPower() - BLOCK_START BlockType=TRIGGER Entity=湫然#51704 EffectCardId=System.Collections.Generic.List`1[System.String] EffectIndex=-1 Target=0 SubOption=-1 TriggerKeyword=TAG_NOT_SET
D 15:29:20.8792428 GameState.DebugPrintPower() -     TAG_CHANGE Entity=GameEntity tag=NEXT_STEP value=MAIN_START 
D 15:29:20.8792428 GameState.DebugPrintPower() - BLOCK_END
D 15:29:20.8792428 GameState.DebugPrintPower() - TAG_CHANGE Entity=GameEntity tag=STEP value=MAIN_START 
D 15:29:20.8792428 GameState.DebugPrintPower() - BLOCK_START BlockType=TRIGGER Entity=湫然#51704 EffectCardId=System.Collections.Generic.List`1[System.String] EffectIndex=-1 Target=0 SubOption=-1 TriggerKeyword=TAG_NOT_SET
D 15:29:20.8792428 GameState.DebugPrintPower() -     TAG_CHANGE Entity=湫然#51704 tag=2166 value=47 
D 15:29:20.8792428 GameState.DebugPrintPower() -     TAG_CHANGE Entity=湫然#51704 tag=467 value=1 
D 15:29:20.8792428 GameState.DebugPrintPower() -     SHOW_ENTITY - Updating Entity=[entityName=UNKNOWN ENTITY [cardType=INVALID] id=47 zone=DECK zonePos=0 cardId= player=2] CardID=VAC_952
D 15:29:20.8792428 GameState.DebugPrintPower() -         tag=CONTROLLER value=2
D 15:29:20.8792428 GameState.DebugPrintPower() -         tag=CARDTYPE value=SPELL
D 15:29:20.8792428 GameState.DebugPrintPower() -         tag=TAG_LAST_KNOWN_COST_IN_HAND value=4
D 15:29:20.8792428 GameState.DebugPrintPower() -         tag=COST value=4
D 15:29:20.8792428 GameState.DebugPrintPower() -         tag=ZONE value=HAND
D 15:29:20.8792428 GameState.DebugPrintPower() -         tag=ENTITY_ID value=47
D 15:29:20.8792428 GameState.DebugPrintPower() -         tag=CLASS value=WARLOCK
D 15:29:20.8792428 GameState.DebugPrintPower() -         tag=RARITY value=RARE
D 15:29:20.8792428 GameState.DebugPrintPower() -         tag=CREATOR value=0
D 15:29:20.8792428 GameState.DebugPrintPower() -         tag=478 value=2
D 15:29:20.8792428 GameState.DebugPrintPower() -         tag=1037 value=2
D 15:29:20.8792428 GameState.DebugPrintPower() -         tag=1043 value=1
D 15:29:20.8792428 GameState.DebugPrintPower() -         tag=1068 value=0
D 15:29:20.8792428 GameState.DebugPrintPower() -         tag=SPAWN_TIME_COUNT value=1
D 15:29:20.8792428 GameState.DebugPrintPower() -         tag=SPELL_SCHOOL value=7
D 15:29:20.8792428 GameState.DebugPrintPower() -         tag=4901 value=0
D 15:29:20.8792428 GameState.DebugPrintPower() -     TAG_CHANGE Entity=[entityName=UNKNOWN ENTITY [cardType=INVALID] id=47 zone=DECK zonePos=0 cardId= player=2] tag=NUM_TURNS_IN_HAND value=1 
D 15:29:20.8792428 GameState.DebugPrintPower() -     TAG_CHANGE Entity=[entityName=UNKNOWN ENTITY [cardType=INVALID] id=47 zone=DECK zonePos=0 cardId= player=2] tag=ZONE_POSITION value=9 
D 15:29:20.8792428 GameState.DebugPrintPower() -     TAG_CHANGE Entity=[entityName=UNKNOWN ENTITY [cardType=INVALID] id=47 zone=DECK zonePos=0 cardId= player=2] tag=ZONE_POSITION value=0 
D 15:29:20.8792428 GameState.DebugPrintPower() -     TAG_CHANGE Entity=[entityName=UNKNOWN ENTITY [cardType=INVALID] id=47 zone=DECK zonePos=0 cardId= player=2] tag=ZONE_POSITION value=9 
D 15:29:20.8792428 GameState.DebugPrintPower() -     TAG_CHANGE Entity=湫然#51704 tag=3242 value=1 
D 15:29:20.8792428 GameState.DebugPrintPower() -     TAG_CHANGE Entity=湫然#51704 tag=NUM_CARDS_DRAWN_THIS_TURN value=1 
D 15:29:20.8792428 GameState.DebugPrintPower() -     TAG_CHANGE Entity=湫然#51704 tag=995 value=6 
D 15:29:20.8792428 GameState.DebugPrintPower() -     TAG_CHANGE Entity=[entityName=UNKNOWN ENTITY [cardType=INVALID] id=47 zone=DECK zonePos=0 cardId= player=2] tag=1570 value=7 
D 15:29:20.8792428 GameState.DebugPrintPower() -     TAG_CHANGE Entity=湫然#51704 tag=467 value=0 
D 15:29:20.8792428 GameState.DebugPrintPower() -     TAG_CHANGE Entity=GameEntity tag=NEXT_STEP value=MAIN_ACTION 
D 15:29:20.8792428 GameState.DebugPrintPower() - BLOCK_END
D 15:29:20.8792428 GameState.DebugPrintPower() - TAG_CHANGE Entity=[entityName=掀桌子 id=58 zone=HAND zonePos=1 cardId=TOY_883 player=2] tag=TAG_LAST_KNOWN_COST_IN_HAND value=2 
D 15:29:20.8792428 GameState.DebugPrintPower() - TAG_CHANGE Entity=[entityName=掀桌子 id=58 zone=HAND zonePos=1 cardId=TOY_883 player=2] tag=COST value=2 
D 15:29:20.8792428 GameState.DebugPrintPower() - TAG_CHANGE Entity=GameEntity tag=STEP value=MAIN_ACTION 
D 15:29:20.8792428 GameState.DebugPrintPower() - BLOCK_START BlockType=TRIGGER Entity=湫然#51704 EffectCardId=System.Collections.Generic.List`1[System.String] EffectIndex=-1 Target=0 SubOption=-1 TriggerKeyword=TAG_NOT_SET
D 15:29:20.8792428 GameState.DebugPrintPower() -     TAG_CHANGE Entity=GameEntity tag=NEXT_STEP value=MAIN_END 
D 15:29:20.8792428 GameState.DebugPrintPower() - BLOCK_END
D 15:29:20.9635098 GameState.DebugPrintOptions() - id=12
D 15:29:20.9635098 GameState.DebugPrintOptions() -   option 0 type=END_TURN mainEntity= error=INVALID errorParam=
D 15:29:20.9635098 GameState.DebugPrintOptions() -   option 1 type=POWER mainEntity=[entityName=掀桌子 id=58 zone=HAND zonePos=1 cardId=TOY_883 player=2] error=NONE errorParam=
D 15:29:20.9635098 GameState.DebugPrintOptions() -   option 2 type=POWER mainEntity=[entityName=飞翼焊装 id=75 zone=HAND zonePos=2 cardId=TTN_463 player=2] error=NONE errorParam=
D 15:29:20.9635098 GameState.DebugPrintOptions() -   option 3 type=POWER mainEntity=[entityName=滑坡 id=55 zone=HAND zonePos=6 cardId=VAC_513 player=2] error=NONE errorParam=
D 15:29:20.9635098 GameState.DebugPrintOptions() -     target 0 entity=[entityName=古尔丹 id=4 zone=PLAY zonePos=0 cardId=HERO_07 player=1] error=NONE errorParam=
D 15:29:20.9635098 GameState.DebugPrintOptions() -     target 1 entity=[entityName=古尔丹 id=6 zone=PLAY zonePos=0 cardId=HERO_07 player=2] error=NONE errorParam=
D 15:29:20.9635098 GameState.DebugPrintOptions() -   option 4 type=POWER mainEntity=[entityName=饥饿的海怪 id=70 zone=HAND zonePos=7 cardId=TTN_754 player=2] error=NONE errorParam=
D 15:29:20.9635098 GameState.DebugPrintOptions() -   option 5 type=POWER mainEntity=[entityName=阿肯尼特防护水晶 id=57 zone=HAND zonePos=8 cardId=TB_World011 player=2] error=NONE errorParam=
D 15:29:20.9635098 GameState.DebugPrintOptions() -   option 6 type=POWER mainEntity=[entityName=生命分流 id=45 zone=PLAY zonePos=0 cardId=HERO_07bp player=2] error=NONE errorParam=
D 15:29:20.9635098 GameState.DebugPrintOptions() -   option 7 type=POWER mainEntity=[entityName=灵魂冻结 id=60 zone=HAND zonePos=3 cardId=DEEP_032 player=2] error=REQ_TARGET_TO_PLAY errorParam=
D 15:29:20.9635098 GameState.DebugPrintOptions() -   option 8 type=POWER mainEntity=[entityName=基尔加丹 id=67 zone=HAND zonePos=4 cardId=GDB_145 player=2] error=REQ_ENOUGH_MANA errorParam=
D 15:29:20.9635098 GameState.DebugPrintOptions() -   option 9 type=POWER mainEntity=[entityName=吃掉小鬼！ id=49 zone=HAND zonePos=5 cardId=VAC_939 player=2] error=REQ_TARGET_TO_PLAY errorParam=
D 15:29:20.9635098 GameState.DebugPrintOptions() -   option 10 type=POWER mainEntity=[entityName=UNKNOWN ENTITY [cardType=INVALID] id=47 zone=DECK zonePos=0 cardId= player=2] error=REQ_TARGET_TO_PLAY errorParam=
D 15:29:20.9635098 GameState.DebugPrintOptions() -   option 11 type=POWER mainEntity=[entityName=古尔丹 id=4 zone=PLAY zonePos=0 cardId=HERO_07 player=1] error=REQ_YOUR_TURN errorParam=
D 15:29:20.9635098 GameState.DebugPrintOptions() -   option 12 type=POWER mainEntity=[entityName=古尔丹 id=6 zone=PLAY zonePos=0 cardId=HERO_07 player=2] error=REQ_ATTACK_GREATER_THAN_0 errorParam=
D 15:29:20.9635098 GameState.DebugPrintOptions() -   option 13 type=POWER mainEntity=[entityName=生命分流 id=8 zone=PLAY zonePos=0 cardId=HERO_07bp player=1] error=REQ_YOUR_TURN errorParam=
D 15:29:20.9635098 GameState.DebugPrintOptions() -   option 14 type=POWER mainEntity=[entityName=邪弦竖琴 id=28 zone=PLAY zonePos=0 cardId=ETC_084 player=1] error=REQ_YOUR_TURN errorParam=
D 15:29:21.0052938 PowerProcessor.EndCurrentTaskList() - m_currentTaskList=125
D 15:29:21.0118186 PowerTaskList.DebugDump() - ID=126 ParentID=125 PreviousID=0 TaskCount=0
D 15:29:21.0118186 PowerTaskList.DebugPrintPower() - BLOCK_START BlockType=POWER Entity=[entityName=邪弦竖琴 id=28 zone=PLAY zonePos=0 cardId=ETC_084 player=1] EffectCardId=System.Collections.Generic.List`1[System.String] EffectIndex=0 Target=0 SubOption=-1 
D 15:29:21.0118186 PowerTaskList.DebugPrintPower() - BLOCK_END
D 15:29:21.0118186 PowerProcessor.PrepareHistoryForCurrentTaskList() - m_currentTaskList=126
D 15:29:21.0118186 PowerProcessor.EndCurrentTaskList() - m_currentTaskList=126
D 15:29:21.0118186 PowerTaskList.DebugDump() - ID=127 ParentID=0 PreviousID=125 TaskCount=4
D 15:29:21.0118186 PowerTaskList.DebugDump() - Block Start=(null)
D 15:29:21.0118186 PowerTaskList.DebugPrintPower() -     TAG_CHANGE Entity=祥瑞御免雪亲王#51915 tag=MAIN_HAND_WEAPON_ENTITY value=28 
D 15:29:21.0118186 PowerTaskList.DebugPrintPower() -     TAG_CHANGE Entity=祥瑞御免雪亲王#51915 tag=COMBO_ACTIVE value=1 
D 15:29:21.0118186 PowerTaskList.DebugPrintPower() -     TAG_CHANGE Entity=GameEntity tag=1323 value=5 
D 15:29:21.0118186 PowerTaskList.DebugPrintPower() -     TAG_CHANGE Entity=祥瑞御免雪亲王#51915 tag=NUM_OPTIONS_PLAYED_THIS_TURN value=2 
D 15:29:21.0118186 PowerTaskList.DebugPrintPower() - BLOCK_END
D 15:29:21.0118186 PowerProcessor.PrepareHistoryForCurrentTaskList() - m_currentTaskList=127
D 15:29:21.0118186 PowerProcessor.DoTaskListForCard() - unhandled BlockType PLAY for sourceEntity [entityName=邪弦竖琴 id=28 zone=PLAY zonePos=0 cardId=ETC_084 player=1]
D 15:29:21.0118186 PowerProcessor.EndCurrentTaskList() - m_currentTaskList=127
D 15:29:21.0328724 PowerTaskList.DebugDump() - ID=128 ParentID=0 PreviousID=0 TaskCount=1
D 15:29:21.0328724 PowerTaskList.DebugDump() - Block Start=(null)
D 15:29:21.0328724 PowerTaskList.DebugPrintPower() -     META_DATA - Meta=SLUSH_TIME Data=1000 InfoCount=1
D 15:29:21.0328724 PowerTaskList.DebugPrintPower() -                 Info[0] = [entityName=邪弦竖琴 id=28 zone=PLAY zonePos=0 cardId=ETC_084 player=1]
D 15:29:21.0328724 PowerTaskList.DebugDump() - Block End=(null)
D 15:29:21.0328724 PowerProcessor.PrepareHistoryForCurrentTaskList() - m_currentTaskList=128
D 15:29:21.0328724 PowerProcessor.EndCurrentTaskList() - m_currentTaskList=128
D 15:29:21.0328724 PowerTaskList.DebugDump() - ID=129 ParentID=0 PreviousID=0 TaskCount=1
D 15:29:21.0328724 PowerTaskList.DebugDump() - Block Start=(null)
D 15:29:21.0328724 PowerTaskList.DebugPrintPower() -     TAG_CHANGE Entity=GameEntity tag=STEP value=MAIN_END 
D 15:29:21.0328724 PowerTaskList.DebugDump() - Block End=(null)
D 15:29:21.0328724 PowerProcessor.PrepareHistoryForCurrentTaskList() - m_currentTaskList=129
D 15:29:21.0328724 PowerProcessor.EndCurrentTaskList() - m_currentTaskList=129
D 15:29:21.0328724 PowerTaskList.DebugDump() - ID=130 ParentID=129 PreviousID=0 TaskCount=1
D 15:29:21.0328724 PowerTaskList.DebugPrintPower() - BLOCK_START BlockType=TRIGGER Entity=祥瑞御免雪亲王#51915 EffectCardId=System.Collections.Generic.List`1[System.String] EffectIndex=-1 Target=0 SubOption=-1 TriggerKeyword=TAG_NOT_SET
D 15:29:21.0328724 PowerTaskList.DebugPrintPower() -     TAG_CHANGE Entity=GameEntity tag=NEXT_STEP value=MAIN_CLEANUP 
D 15:29:21.0328724 PowerTaskList.DebugPrintPower() - BLOCK_END
D 15:29:21.0328724 PowerProcessor.PrepareHistoryForCurrentTaskList() - m_currentTaskList=130
D 15:29:21.0328724 PowerProcessor.EndCurrentTaskList() - m_currentTaskList=130
D 15:29:21.0328724 PowerTaskList.DebugDump() - ID=131 ParentID=0 PreviousID=0 TaskCount=0
D 15:29:21.0328724 PowerTaskList.DebugPrintPower() - BLOCK_START BlockType=TRIGGER Entity=祥瑞御免雪亲王#51915 EffectCardId=System.Collections.Generic.List`1[System.String] EffectIndex=-1 Target=0 SubOption=-1 TriggerKeyword=TAG_NOT_SET
D 15:29:21.0328724 PowerTaskList.DebugPrintPower() - BLOCK_END
D 15:29:21.0328724 PowerProcessor.PrepareHistoryForCurrentTaskList() - m_currentTaskList=131
D 15:29:21.0328724 PowerProcessor.EndCurrentTaskList() - m_currentTaskList=131
D 15:29:21.0328724 PowerTaskList.DebugDump() - ID=132 ParentID=0 PreviousID=0 TaskCount=0
D 15:29:21.0328724 PowerTaskList.DebugPrintPower() - BLOCK_START BlockType=TRIGGER Entity=湫然#51704 EffectCardId=System.Collections.Generic.List`1[System.String] EffectIndex=-1 Target=0 SubOption=-1 TriggerKeyword=TAG_NOT_SET
D 15:29:21.0328724 PowerTaskList.DebugPrintPower() - BLOCK_END
D 15:29:21.0328724 PowerProcessor.PrepareHistoryForCurrentTaskList() - m_currentTaskList=132
D 15:29:21.0328724 PowerProcessor.EndCurrentTaskList() - m_currentTaskList=132
D 15:29:21.0328724 PowerTaskList.DebugDump() - ID=133 ParentID=0 PreviousID=0 TaskCount=1
D 15:29:21.0328724 PowerTaskList.DebugDump() - Block Start=(null)
D 15:29:21.0328724 PowerTaskList.DebugPrintPower() -     TAG_CHANGE Entity=GameEntity tag=STEP value=MAIN_CLEANUP 
D 15:29:21.0328724 PowerTaskList.DebugDump() - Block End=(null)
D 15:29:21.0328724 PowerProcessor.PrepareHistoryForCurrentTaskList() - m_currentTaskList=133
D 15:29:21.0328724 PowerProcessor.EndCurrentTaskList() - m_currentTaskList=133
D 15:29:21.0328724 PowerTaskList.DebugDump() - ID=134 ParentID=0 PreviousID=0 TaskCount=4
D 15:29:21.0328724 PowerTaskList.DebugPrintPower() - BLOCK_START BlockType=TRIGGER Entity=祥瑞御免雪亲王#51915 EffectCardId=System.Collections.Generic.List`1[System.String] EffectIndex=-1 Target=0 SubOption=-1 TriggerKeyword=TAG_NOT_SET
D 15:29:21.0328724 PowerTaskList.DebugPrintPower() -     TAG_CHANGE Entity=[entityName=邪弦竖琴 id=28 zone=PLAY zonePos=0 cardId=ETC_084 player=1] tag=JUST_PLAYED value=0 
D 15:29:21.0328724 PowerTaskList.DebugPrintPower() -     TAG_CHANGE Entity=祥瑞御免雪亲王#51915 tag=COMBO_ACTIVE value=0 
D 15:29:21.0328724 PowerTaskList.DebugPrintPower() -     TAG_CHANGE Entity=GameEntity tag=NEXT_STEP value=MAIN_NEXT 
D 15:29:21.0328724 PowerTaskList.DebugPrintPower() -     TAG_CHANGE Entity=[entityName=邪弦竖琴 id=28 zone=PLAY zonePos=0 cardId=ETC_084 player=1] tag=EXHAUSTED value=1 
D 15:29:21.0328724 PowerTaskList.DebugPrintPower() - BLOCK_END
D 15:29:21.0328724 PowerProcessor.PrepareHistoryForCurrentTaskList() - m_currentTaskList=134
D 15:29:21.0328724 PowerProcessor.EndCurrentTaskList() - m_currentTaskList=134
D 15:29:21.0328724 PowerTaskList.DebugDump() - ID=135 ParentID=0 PreviousID=0 TaskCount=0
D 15:29:21.0328724 PowerTaskList.DebugPrintPower() - BLOCK_START BlockType=TRIGGER Entity=湫然#51704 EffectCardId=System.Collections.Generic.List`1[System.String] EffectIndex=-1 Target=0 SubOption=-1 TriggerKeyword=TAG_NOT_SET
D 15:29:21.0328724 PowerTaskList.DebugPrintPower() - BLOCK_END
D 15:29:21.0328724 PowerProcessor.PrepareHistoryForCurrentTaskList() - m_currentTaskList=135
D 15:29:21.0328724 PowerProcessor.EndCurrentTaskList() - m_currentTaskList=135
D 15:29:21.0328724 PowerTaskList.DebugDump() - ID=136 ParentID=0 PreviousID=0 TaskCount=1
D 15:29:21.0328724 PowerTaskList.DebugDump() - Block Start=(null)
D 15:29:21.0328724 PowerTaskList.DebugPrintPower() -     TAG_CHANGE Entity=GameEntity tag=STEP value=MAIN_NEXT 
D 15:29:21.0328724 PowerTaskList.DebugDump() - Block End=(null)
D 15:29:21.0328724 PowerProcessor.PrepareHistoryForCurrentTaskList() - m_currentTaskList=136
D 15:29:21.0328724 PowerProcessor.EndCurrentTaskList() - m_currentTaskList=136
D 15:29:21.0328724 PowerTaskList.DebugDump() - ID=137 ParentID=0 PreviousID=0 TaskCount=16
D 15:29:21.0328724 PowerTaskList.DebugPrintPower() - BLOCK_START BlockType=TRIGGER Entity=GameEntity EffectCardId=System.Collections.Generic.List`1[System.String] EffectIndex=-1 Target=0 SubOption=-1 TriggerKeyword=TAG_NOT_SET
D 15:29:21.0328724 PowerTaskList.DebugPrintPower() -     TAG_CHANGE Entity=祥瑞御免雪亲王#51915 tag=1292 value=0 
D 15:29:21.0328724 PowerTaskList.DebugPrintPower() -     TAG_CHANGE Entity=湫然#51704 tag=1292 value=1 
D 15:29:21.0328724 PowerTaskList.DebugPrintPower() -     TAG_CHANGE Entity=[entityName=掀桌子 id=58 zone=HAND zonePos=1 cardId=TOY_883 player=2] tag=NUM_TURNS_IN_HAND value=7 
D 15:29:21.0328724 PowerTaskList.DebugPrintPower() -     TAG_CHANGE Entity=[entityName=飞翼焊装 id=75 zone=HAND zonePos=2 cardId=TTN_463 player=2] tag=NUM_TURNS_IN_HAND value=7 
D 15:29:21.0328724 PowerTaskList.DebugPrintPower() -     TAG_CHANGE Entity=[entityName=灵魂冻结 id=60 zone=HAND zonePos=3 cardId=DEEP_032 player=2] tag=NUM_TURNS_IN_HAND value=7 
D 15:29:21.0328724 PowerTaskList.DebugPrintPower() -     TAG_CHANGE Entity=[entityName=基尔加丹 id=67 zone=HAND zonePos=4 cardId=GDB_145 player=2] tag=NUM_TURNS_IN_HAND value=7 
D 15:29:21.0328724 PowerTaskList.DebugPrintPower() -     TAG_CHANGE Entity=[entityName=吃掉小鬼！ id=49 zone=HAND zonePos=5 cardId=VAC_939 player=2] tag=NUM_TURNS_IN_HAND value=5 
D 15:29:21.0328724 PowerTaskList.DebugPrintPower() -     TAG_CHANGE Entity=[entityName=滑坡 id=55 zone=HAND zonePos=6 cardId=VAC_513 player=2] tag=NUM_TURNS_IN_HAND value=5 
D 15:29:21.0328724 PowerTaskList.DebugPrintPower() -     TAG_CHANGE Entity=[entityName=饥饿的海怪 id=70 zone=HAND zonePos=7 cardId=TTN_754 player=2] tag=NUM_TURNS_IN_HAND value=3 
D 15:29:21.0328724 PowerTaskList.DebugPrintPower() -     TAG_CHANGE Entity=[entityName=阿肯尼特防护水晶 id=57 zone=HAND zonePos=8 cardId=TB_World011 player=2] tag=NUM_TURNS_IN_HAND value=3 
D 15:29:21.0328724 PowerTaskList.DebugPrintPower() -     TAG_CHANGE Entity=祥瑞御免雪亲王#51915 tag=CURRENT_PLAYER value=0 
D 15:29:21.0328724 PowerTaskList.DebugPrintPower() -     TAG_CHANGE Entity=湫然#51704 tag=CURRENT_PLAYER value=1 
D 15:29:21.0328724 PowerTaskList.DebugPrintPower() -     TAG_CHANGE Entity=GameEntity tag=TURN value=7 
D 15:29:21.0328724 PowerTaskList.DebugPrintPower() -     TAG_CHANGE Entity=GameEntity tag=1882 value=6 
D 15:29:21.0328724 PowerTaskList.DebugPrintPower() -     TAG_CHANGE Entity=湫然#51704 tag=TURN value=4 
D 15:29:21.0328724 PowerTaskList.DebugPrintPower() -     TAG_CHANGE Entity=GameEntity tag=NEXT_STEP value=MAIN_READY 
D 15:29:21.0328724 PowerTaskList.DebugPrintPower() - BLOCK_END
D 15:29:21.0328724 PowerProcessor.PrepareHistoryForCurrentTaskList() - m_currentTaskList=137
D 15:29:21.0328724 PowerProcessor.EndCurrentTaskList() - m_currentTaskList=137
D 15:29:21.0328724 PowerTaskList.DebugDump() - ID=138 ParentID=0 PreviousID=0 TaskCount=1
D 15:29:21.0328724 PowerTaskList.DebugDump() - Block Start=(null)
D 15:29:21.0328724 PowerTaskList.DebugPrintPower() -     TAG_CHANGE Entity=GameEntity tag=STEP value=MAIN_READY 
D 15:29:21.0328724 PowerTaskList.DebugDump() - Block End=(null)
D 15:29:21.0328724 PowerProcessor.PrepareHistoryForCurrentTaskList() - m_currentTaskList=138
D 15:29:21.0328724 PowerProcessor.EndCurrentTaskList() - m_currentTaskList=138
D 15:29:21.0328724 PowerTaskList.DebugDump() - ID=139 ParentID=0 PreviousID=0 TaskCount=20
D 15:29:21.0328724 PowerTaskList.DebugPrintPower() - BLOCK_START BlockType=TRIGGER Entity=湫然#51704 EffectCardId=System.Collections.Generic.List`1[System.String] EffectIndex=-1 Target=0 SubOption=-1 TriggerKeyword=TAG_NOT_SET
D 15:29:21.0328724 PowerTaskList.DebugPrintPower() -     TAG_CHANGE Entity=GameEntity tag=NUM_TURNS_IN_PLAY value=7 
D 15:29:21.0328724 PowerTaskList.DebugPrintPower() -     TAG_CHANGE Entity=祥瑞御免雪亲王#51915 tag=NUM_TURNS_IN_PLAY value=7 
D 15:29:21.0328724 PowerTaskList.DebugPrintPower() -     TAG_CHANGE Entity=湫然#51704 tag=NUM_TURNS_IN_PLAY value=7 
D 15:29:21.0328724 PowerTaskList.DebugPrintPower() -     TAG_CHANGE Entity=[entityName=古尔丹 id=4 zone=PLAY zonePos=0 cardId=HERO_07 player=1] tag=NUM_TURNS_IN_PLAY value=7 
D 15:29:21.0328724 PowerTaskList.DebugPrintPower() -     TAG_CHANGE Entity=[entityName=古尔丹 id=6 zone=PLAY zonePos=0 cardId=HERO_07 player=2] tag=NUM_TURNS_IN_PLAY value=7 
D 15:29:21.0328724 PowerTaskList.DebugPrintPower() -     TAG_CHANGE Entity=[entityName=生命分流 id=8 zone=PLAY zonePos=0 cardId=HERO_07bp player=1] tag=NUM_TURNS_IN_PLAY value=7 
D 15:29:21.0328724 PowerTaskList.DebugPrintPower() -     TAG_CHANGE Entity=[entityName=生命分流 id=45 zone=PLAY zonePos=0 cardId=HERO_07bp player=2] tag=NUM_TURNS_IN_PLAY value=7 
D 15:29:21.0328724 PowerTaskList.DebugPrintPower() -     TAG_CHANGE Entity=[entityName=邪弦竖琴 id=28 zone=PLAY zonePos=0 cardId=ETC_084 player=1] tag=NUM_TURNS_IN_PLAY value=1 
D 15:29:21.0328724 PowerTaskList.DebugPrintPower() -     TAG_CHANGE Entity=湫然#51704 tag=RESOURCES value=4 
D 15:29:21.0328724 PowerTaskList.DebugPrintPower() -     TAG_CHANGE Entity=湫然#51704 tag=RESOURCES_USED value=0 
D 15:29:21.0328724 PowerTaskList.DebugPrintPower() -     TAG_CHANGE Entity=湫然#51704 tag=NUM_OPTIONS_PLAYED_THIS_TURN value=0 
D 15:29:21.0328724 PowerTaskList.DebugPrintPower() -     TAG_CHANGE Entity=[entityName=生命分流 id=45 zone=PLAY zonePos=0 cardId=HERO_07bp player=2] tag=EXHAUSTED value=0 
D 15:29:21.0328724 PowerTaskList.DebugPrintPower() -     TAG_CHANGE Entity=祥瑞御免雪亲王#51915 tag=NUM_CARDS_DRAWN_THIS_TURN value=0 
D 15:29:21.0328724 PowerTaskList.DebugPrintPower() -     TAG_CHANGE Entity=GameEntity tag=NEXT_STEP value=MAIN_START_TRIGGERS 
D 15:29:21.0328724 PowerTaskList.DebugPrintPower() -     TAG_CHANGE Entity=祥瑞御免雪亲王#51915 tag=464 value=0 
D 15:29:21.0328724 PowerTaskList.DebugPrintPower() -     TAG_CHANGE Entity=祥瑞御免雪亲王#51915 tag=4453 value=0 
D 15:29:21.0328724 PowerTaskList.DebugPrintPower() -     TAG_CHANGE Entity=祥瑞御免雪亲王#51915 tag=1575 value=0 
D 15:29:21.0328724 PowerTaskList.DebugPrintPower() -     TAG_CHANGE Entity=湫然#51704 tag=HEROPOWER_ACTIVATIONS_THIS_TURN value=0 
D 15:29:21.0328724 PowerTaskList.DebugPrintPower() -     TAG_CHANGE Entity=[entityName=生命分流 id=45 zone=PLAY zonePos=0 cardId=HERO_07bp player=2] tag=HEROPOWER_ACTIVATIONS_THIS_TURN value=0 
D 15:29:21.0328724 PowerTaskList.DebugPrintPower() -     TAG_CHANGE Entity=湫然#51704 tag=1739 value=0 
D 15:29:21.0328724 PowerTaskList.DebugPrintPower() - BLOCK_END
D 15:29:21.0328724 PowerProcessor.PrepareHistoryForCurrentTaskList() - m_currentTaskList=139
D 15:29:21.0328724 PowerProcessor.EndCurrentTaskList() - m_currentTaskList=139
D 15:29:21.0328724 PowerTaskList.DebugDump() - ID=140 ParentID=0 PreviousID=0 TaskCount=1
D 15:29:21.0328724 PowerTaskList.DebugDump() - Block Start=(null)
D 15:29:21.0328724 PowerTaskList.DebugPrintPower() -     TAG_CHANGE Entity=GameEntity tag=STEP value=MAIN_START_TRIGGERS 
D 15:29:21.0328724 PowerTaskList.DebugDump() - Block End=(null)
D 15:29:21.0328724 PowerProcessor.PrepareHistoryForCurrentTaskList() - m_currentTaskList=140
D 15:29:21.0328724 PowerProcessor.EndCurrentTaskList() - m_currentTaskList=140
D 15:29:21.0328724 PowerTaskList.DebugDump() - ID=141 ParentID=0 PreviousID=0 TaskCount=1
D 15:29:21.0328724 PowerTaskList.DebugPrintPower() - BLOCK_START BlockType=TRIGGER Entity=湫然#51704 EffectCardId=System.Collections.Generic.List`1[System.String] EffectIndex=-1 Target=0 SubOption=-1 TriggerKeyword=TAG_NOT_SET
D 15:29:21.0328724 PowerTaskList.DebugPrintPower() -     TAG_CHANGE Entity=GameEntity tag=NEXT_STEP value=MAIN_START 
D 15:29:21.0328724 PowerTaskList.DebugPrintPower() - BLOCK_END
D 15:29:21.0328724 PowerProcessor.PrepareHistoryForCurrentTaskList() - m_currentTaskList=141
D 15:29:21.0328724 PowerProcessor.EndCurrentTaskList() - m_currentTaskList=141
D 15:29:21.0328724 PowerTaskList.DebugDump() - ID=142 ParentID=0 PreviousID=0 TaskCount=1
D 15:29:21.0328724 PowerTaskList.DebugDump() - Block Start=(null)
D 15:29:21.0328724 PowerTaskList.DebugPrintPower() -     TAG_CHANGE Entity=GameEntity tag=STEP value=MAIN_START 
D 15:29:21.0328724 PowerTaskList.DebugDump() - Block End=(null)
D 15:29:21.0328724 PowerProcessor.PrepareHistoryForCurrentTaskList() - m_currentTaskList=142
D 15:29:21.0328724 PowerProcessor.EndCurrentTaskList() - m_currentTaskList=142
D 15:29:21.0328724 PowerTaskList.DebugDump() - ID=143 ParentID=0 PreviousID=0 TaskCount=13
D 15:29:21.0328724 PowerTaskList.DebugPrintPower() - BLOCK_START BlockType=TRIGGER Entity=湫然#51704 EffectCardId=System.Collections.Generic.List`1[System.String] EffectIndex=-1 Target=0 SubOption=-1 TriggerKeyword=TAG_NOT_SET
D 15:29:21.0328724 PowerTaskList.DebugPrintPower() -     TAG_CHANGE Entity=湫然#51704 tag=2166 value=47 
D 15:29:21.0328724 PowerTaskList.DebugPrintPower() -     TAG_CHANGE Entity=湫然#51704 tag=467 value=1 
D 15:29:21.0328724 PowerTaskList.DebugPrintPower() -     SHOW_ENTITY - Updating Entity=[entityName=UNKNOWN ENTITY [cardType=INVALID] id=47 zone=DECK zonePos=0 cardId= player=2] CardID=VAC_952
D 15:29:21.0328724 PowerTaskList.DebugPrintPower() -         tag=CONTROLLER value=2
D 15:29:21.0328724 PowerTaskList.DebugPrintPower() -         tag=CARDTYPE value=SPELL
D 15:29:21.0328724 PowerTaskList.DebugPrintPower() -         tag=TAG_LAST_KNOWN_COST_IN_HAND value=4
D 15:29:21.0328724 PowerTaskList.DebugPrintPower() -         tag=COST value=4
D 15:29:21.0328724 PowerTaskList.DebugPrintPower() -         tag=ZONE value=HAND
D 15:29:21.0328724 PowerTaskList.DebugPrintPower() -         tag=ENTITY_ID value=47
D 15:29:21.0328724 PowerTaskList.DebugPrintPower() -         tag=CLASS value=WARLOCK
D 15:29:21.0328724 PowerTaskList.DebugPrintPower() -         tag=RARITY value=RARE
D 15:29:21.0328724 PowerTaskList.DebugPrintPower() -         tag=CREATOR value=0
D 15:29:21.0328724 PowerTaskList.DebugPrintPower() -         tag=478 value=2
D 15:29:21.0328724 PowerTaskList.DebugPrintPower() -         tag=1037 value=2
D 15:29:21.0328724 PowerTaskList.DebugPrintPower() -         tag=1043 value=1
D 15:29:21.0328724 PowerTaskList.DebugPrintPower() -         tag=1068 value=0
D 15:29:21.0328724 PowerTaskList.DebugPrintPower() -         tag=SPAWN_TIME_COUNT value=1
D 15:29:21.0328724 PowerTaskList.DebugPrintPower() -         tag=SPELL_SCHOOL value=7
D 15:29:21.0328724 PowerTaskList.DebugPrintPower() -         tag=4901 value=0
D 15:29:21.0328724 PowerTaskList.DebugPrintPower() -     TAG_CHANGE Entity=[entityName=UNKNOWN ENTITY [cardType=INVALID] id=47 zone=DECK zonePos=0 cardId= player=2] tag=NUM_TURNS_IN_HAND value=1 
D 15:29:21.0328724 PowerTaskList.DebugPrintPower() -     TAG_CHANGE Entity=[entityName=UNKNOWN ENTITY [cardType=INVALID] id=47 zone=DECK zonePos=0 cardId= player=2] tag=ZONE_POSITION value=9 
D 15:29:21.0328724 PowerTaskList.DebugPrintPower() -     TAG_CHANGE Entity=[entityName=UNKNOWN ENTITY [cardType=INVALID] id=47 zone=DECK zonePos=0 cardId= player=2] tag=ZONE_POSITION value=0 
D 15:29:21.0328724 PowerTaskList.DebugPrintPower() -     TAG_CHANGE Entity=[entityName=UNKNOWN ENTITY [cardType=INVALID] id=47 zone=DECK zonePos=0 cardId= player=2] tag=ZONE_POSITION value=9 
D 15:29:21.0328724 PowerTaskList.DebugPrintPower() -     TAG_CHANGE Entity=湫然#51704 tag=3242 value=1 
D 15:29:21.0328724 PowerTaskList.DebugPrintPower() -     TAG_CHANGE Entity=湫然#51704 tag=NUM_CARDS_DRAWN_THIS_TURN value=1 
D 15:29:21.0328724 PowerTaskList.DebugPrintPower() -     TAG_CHANGE Entity=湫然#51704 tag=995 value=6 
D 15:29:21.0328724 PowerTaskList.DebugPrintPower() -     TAG_CHANGE Entity=[entityName=UNKNOWN ENTITY [cardType=INVALID] id=47 zone=DECK zonePos=0 cardId= player=2] tag=1570 value=7 
D 15:29:21.0328724 PowerTaskList.DebugPrintPower() -     TAG_CHANGE Entity=湫然#51704 tag=467 value=0 
D 15:29:21.0328724 PowerTaskList.DebugPrintPower() -     TAG_CHANGE Entity=GameEntity tag=NEXT_STEP value=MAIN_ACTION 
D 15:29:21.0328724 PowerTaskList.DebugPrintPower() - BLOCK_END
D 15:29:21.0328724 PowerProcessor.PrepareHistoryForCurrentTaskList() - m_currentTaskList=143
D 15:29:21.4138523 PowerProcessor.EndCurrentTaskList() - m_currentTaskList=143
D 15:29:21.4214160 PowerTaskList.DebugDump() - ID=144 ParentID=0 PreviousID=0 TaskCount=3
D 15:29:21.4214160 PowerTaskList.DebugDump() - Block Start=(null)
D 15:29:21.4214160 PowerTaskList.DebugPrintPower() -     TAG_CHANGE Entity=[entityName=掀桌子 id=58 zone=HAND zonePos=1 cardId=TOY_883 player=2] tag=TAG_LAST_KNOWN_COST_IN_HAND value=2 
D 15:29:21.4214160 PowerTaskList.DebugPrintPower() -     TAG_CHANGE Entity=[entityName=掀桌子 id=58 zone=HAND zonePos=1 cardId=TOY_883 player=2] tag=COST value=2 
D 15:29:21.4214160 PowerTaskList.DebugPrintPower() -     TAG_CHANGE Entity=GameEntity tag=STEP value=MAIN_ACTION 
D 15:29:21.4214160 PowerTaskList.DebugDump() - Block End=(null)
D 15:29:21.4214160 PowerProcessor.PrepareHistoryForCurrentTaskList() - m_currentTaskList=144
D 15:29:21.4214160 PowerProcessor.EndCurrentTaskList() - m_currentTaskList=144
D 15:29:21.4214160 PowerTaskList.DebugDump() - ID=145 ParentID=0 PreviousID=0 TaskCount=1
D 15:29:21.4214160 PowerTaskList.DebugPrintPower() - BLOCK_START BlockType=TRIGGER Entity=湫然#51704 EffectCardId=System.Collections.Generic.List`1[System.String] EffectIndex=-1 Target=0 SubOption=-1 TriggerKeyword=TAG_NOT_SET
D 15:29:21.4214160 PowerTaskList.DebugPrintPower() -     TAG_CHANGE Entity=GameEntity tag=NEXT_STEP value=MAIN_END 
D 15:29:21.4214160 PowerTaskList.DebugPrintPower() - BLOCK_END
D 15:29:21.4214160 PowerProcessor.PrepareHistoryForCurrentTaskList() - m_currentTaskList=145
D 15:29:21.4214160 PowerProcessor.EndCurrentTaskList() - m_currentTaskList=145
D 15:29:23.7242666 GameState.SendOption() - selectedOption=5 selectedSubOption=-1 selectedTarget=0 selectedPosition=1
D 15:29:23.9638697 GameState.DebugPrintPowerList() - Count=30
D 15:29:23.9638697 GameState.DebugPrintPower() - BLOCK_START BlockType=PLAY Entity=[entityName=阿肯尼特防护水晶 id=57 zone=HAND zonePos=8 cardId=TB_World011 player=2] EffectCardId=System.Collections.Generic.List`1[System.String] EffectIndex=0 Target=0 SubOption=-1 
D 15:29:23.9638697 GameState.DebugPrintPower() -     TAG_CHANGE Entity=湫然#51704 tag=2245 value=8 
D 15:29:23.9638697 GameState.DebugPrintPower() -     TAG_CHANGE Entity=湫然#51704 tag=RESOURCES_USED value=4 
D 15:29:23.9638697 GameState.DebugPrintPower() -     TAG_CHANGE Entity=湫然#51704 tag=NUM_RESOURCES_SPENT_THIS_GAME value=8 
D 15:29:23.9638697 GameState.DebugPrintPower() -     TAG_CHANGE Entity=湫然#51704 tag=NUM_CARDS_PLAYED_THIS_TURN value=1 
D 15:29:23.9638697 GameState.DebugPrintPower() -     TAG_CHANGE Entity=湫然#51704 tag=NUM_MINIONS_PLAYED_THIS_TURN value=1 
D 15:29:23.9638697 GameState.DebugPrintPower() -     TAG_CHANGE Entity=[entityName=阿肯尼特防护水晶 id=57 zone=HAND zonePos=8 cardId=TB_World011 player=2] tag=JUST_PLAYED value=1 
D 15:29:23.9638697 GameState.DebugPrintPower() -     TAG_CHANGE Entity=[entityName=阿肯尼特防护水晶 id=57 zone=HAND zonePos=8 cardId=TB_World011 player=2] tag=3557 value=8 
D 15:29:23.9638697 GameState.DebugPrintPower() -     TAG_CHANGE Entity=[entityName=阿肯尼特防护水晶 id=57 zone=HAND zonePos=8 cardId=TB_World011 player=2] tag=1068 value=1 
D 15:29:23.9638697 GameState.DebugPrintPower() -     TAG_CHANGE Entity=[entityName=阿肯尼特防护水晶 id=57 zone=HAND zonePos=8 cardId=TB_World011 player=2] tag=1068 value=0 
D 15:29:23.9638697 GameState.DebugPrintPower() -     TAG_CHANGE Entity=[entityName=邪能篝火 id=47 zone=HAND zonePos=9 cardId=VAC_952 player=2] tag=ZONE_POSITION value=8 
D 15:29:23.9638697 GameState.DebugPrintPower() -     TAG_CHANGE Entity=[entityName=阿肯尼特防护水晶 id=57 zone=HAND zonePos=8 cardId=TB_World011 player=2] tag=1037 value=0 
D 15:29:23.9638697 GameState.DebugPrintPower() -     TAG_CHANGE Entity=[entityName=阿肯尼特防护水晶 id=57 zone=HAND zonePos=8 cardId=TB_World011 player=2] tag=ZONE_POSITION value=0 
D 15:29:23.9638697 GameState.DebugPrintPower() -     TAG_CHANGE Entity=[entityName=阿肯尼特防护水晶 id=57 zone=HAND zonePos=8 cardId=TB_World011 player=2] tag=SPAWN_TIME_COUNT value=0 
D 15:29:23.9638697 GameState.DebugPrintPower() -     TAG_CHANGE Entity=[entityName=阿肯尼特防护水晶 id=57 zone=HAND zonePos=8 cardId=TB_World011 player=2] tag=SPAWN_TIME_COUNT value=1 
D 15:29:23.9638697 GameState.DebugPrintPower() -     TAG_CHANGE Entity=[entityName=阿肯尼特防护水晶 id=57 zone=HAND zonePos=8 cardId=TB_World011 player=2] tag=ZONE value=PLAY 
D 15:29:23.9638697 GameState.DebugPrintPower() -     TAG_CHANGE Entity=[entityName=阿肯尼特防护水晶 id=57 zone=HAND zonePos=8 cardId=TB_World011 player=2] tag=ZONE_POSITION value=1 
D 15:29:23.9638697 GameState.DebugPrintPower() -     TAG_CHANGE Entity=[entityName=阿肯尼特防护水晶 id=57 zone=HAND zonePos=8 cardId=TB_World011 player=2] tag=1196 value=1 
D 15:29:23.9638697 GameState.DebugPrintPower() -     TAG_CHANGE Entity=[entityName=阿肯尼特防护水晶 id=57 zone=HAND zonePos=8 cardId=TB_World011 player=2] tag=EXHAUSTED value=1 
D 15:29:23.9638697 GameState.DebugPrintPower() -     META_DATA - Meta=SLUSH_TIME Data=3000 InfoCount=1
D 15:29:23.9638697 GameState.DebugPrintPower() -                 Info[0] = [entityName=阿肯尼特防护水晶 id=57 zone=HAND zonePos=8 cardId=TB_World011 player=2]
D 15:29:23.9638697 GameState.DebugPrintPower() -     TAG_CHANGE Entity=[entityName=掀桌子 id=58 zone=HAND zonePos=1 cardId=TOY_883 player=2] tag=TAG_LAST_KNOWN_COST_IN_HAND value=3 
D 15:29:23.9638697 GameState.DebugPrintPower() -     TAG_CHANGE Entity=[entityName=阿肯尼特防护水晶 id=57 zone=HAND zonePos=8 cardId=TB_World011 player=2] tag=3614 value=1 
D 15:29:23.9638697 GameState.DebugPrintPower() -     TAG_CHANGE Entity=[entityName=掀桌子 id=58 zone=HAND zonePos=1 cardId=TOY_883 player=2] tag=COST value=3 
D 15:29:23.9638697 GameState.DebugPrintPower() -     BLOCK_START BlockType=POWER Entity=[entityName=阿肯尼特防护水晶 id=57 zone=HAND zonePos=8 cardId=TB_World011 player=2] EffectCardId=System.Collections.Generic.List`1[System.String] EffectIndex=0 Target=0 SubOption=-1 
D 15:29:23.9638697 GameState.DebugPrintPower() -     BLOCK_END
D 15:29:23.9638697 GameState.DebugPrintPower() -     TAG_CHANGE Entity=湫然#51704 tag=COMBO_ACTIVE value=1 
D 15:29:23.9638697 GameState.DebugPrintPower() -     TAG_CHANGE Entity=GameEntity tag=1323 value=6 
D 15:29:23.9638697 GameState.DebugPrintPower() -     TAG_CHANGE Entity=湫然#51704 tag=NUM_OPTIONS_PLAYED_THIS_TURN value=1 
D 15:29:23.9638697 GameState.DebugPrintPower() - BLOCK_END
D 15:29:23.9638697 GameState.DebugPrintPower() - META_DATA - Meta=SLUSH_TIME Data=1000 InfoCount=1
D 15:29:23.9638697 GameState.DebugPrintPower() -             Info[0] = [entityName=阿肯尼特防护水晶 id=57 zone=HAND zonePos=8 cardId=TB_World011 player=2]
D 15:29:23.9638697 PowerTaskList.DebugDump() - ID=146 ParentID=0 PreviousID=0 TaskCount=22
D 15:29:23.9638697 PowerTaskList.DebugPrintPower() - BLOCK_START BlockType=PLAY Entity=[entityName=阿肯尼特防护水晶 id=57 zone=HAND zonePos=8 cardId=TB_World011 player=2] EffectCardId=System.Collections.Generic.List`1[System.String] EffectIndex=0 Target=0 SubOption=-1 
D 15:29:23.9638697 PowerTaskList.DebugPrintPower() -     TAG_CHANGE Entity=湫然#51704 tag=2245 value=8 
D 15:29:23.9638697 PowerTaskList.DebugPrintPower() -     TAG_CHANGE Entity=湫然#51704 tag=RESOURCES_USED value=4 
D 15:29:23.9638697 PowerTaskList.DebugPrintPower() -     TAG_CHANGE Entity=湫然#51704 tag=NUM_RESOURCES_SPENT_THIS_GAME value=8 
D 15:29:23.9638697 PowerTaskList.DebugPrintPower() -     TAG_CHANGE Entity=湫然#51704 tag=NUM_CARDS_PLAYED_THIS_TURN value=1 
D 15:29:23.9638697 PowerTaskList.DebugPrintPower() -     TAG_CHANGE Entity=湫然#51704 tag=NUM_MINIONS_PLAYED_THIS_TURN value=1 
D 15:29:23.9638697 PowerTaskList.DebugPrintPower() -     TAG_CHANGE Entity=[entityName=阿肯尼特防护水晶 id=57 zone=HAND zonePos=8 cardId=TB_World011 player=2] tag=JUST_PLAYED value=1 
D 15:29:23.9638697 PowerTaskList.DebugPrintPower() -     TAG_CHANGE Entity=[entityName=阿肯尼特防护水晶 id=57 zone=HAND zonePos=8 cardId=TB_World011 player=2] tag=3557 value=8 
D 15:29:23.9638697 PowerTaskList.DebugPrintPower() -     TAG_CHANGE Entity=[entityName=阿肯尼特防护水晶 id=57 zone=HAND zonePos=8 cardId=TB_World011 player=2] tag=1068 value=1 
D 15:29:23.9638697 PowerTaskList.DebugPrintPower() -     TAG_CHANGE Entity=[entityName=阿肯尼特防护水晶 id=57 zone=HAND zonePos=8 cardId=TB_World011 player=2] tag=1068 value=0 
D 15:29:23.9638697 PowerTaskList.DebugPrintPower() -     TAG_CHANGE Entity=[entityName=邪能篝火 id=47 zone=HAND zonePos=9 cardId=VAC_952 player=2] tag=ZONE_POSITION value=8 
D 15:29:23.9638697 PowerTaskList.DebugPrintPower() -     TAG_CHANGE Entity=[entityName=阿肯尼特防护水晶 id=57 zone=HAND zonePos=8 cardId=TB_World011 player=2] tag=1037 value=0 
D 15:29:23.9638697 PowerTaskList.DebugPrintPower() -     TAG_CHANGE Entity=[entityName=阿肯尼特防护水晶 id=57 zone=HAND zonePos=8 cardId=TB_World011 player=2] tag=ZONE_POSITION value=0 
D 15:29:23.9638697 PowerTaskList.DebugPrintPower() -     TAG_CHANGE Entity=[entityName=阿肯尼特防护水晶 id=57 zone=HAND zonePos=8 cardId=TB_World011 player=2] tag=SPAWN_TIME_COUNT value=0 
D 15:29:23.9638697 PowerTaskList.DebugPrintPower() -     TAG_CHANGE Entity=[entityName=阿肯尼特防护水晶 id=57 zone=HAND zonePos=8 cardId=TB_World011 player=2] tag=SPAWN_TIME_COUNT value=1 
D 15:29:23.9638697 PowerTaskList.DebugPrintPower() -     TAG_CHANGE Entity=[entityName=阿肯尼特防护水晶 id=57 zone=HAND zonePos=8 cardId=TB_World011 player=2] tag=ZONE value=PLAY 
D 15:29:23.9638697 PowerTaskList.DebugPrintPower() -     TAG_CHANGE Entity=[entityName=阿肯尼特防护水晶 id=57 zone=HAND zonePos=8 cardId=TB_World011 player=2] tag=ZONE_POSITION value=1 
D 15:29:23.9638697 PowerTaskList.DebugPrintPower() -     TAG_CHANGE Entity=[entityName=阿肯尼特防护水晶 id=57 zone=HAND zonePos=8 cardId=TB_World011 player=2] tag=1196 value=1 
D 15:29:23.9638697 PowerTaskList.DebugPrintPower() -     TAG_CHANGE Entity=[entityName=阿肯尼特防护水晶 id=57 zone=HAND zonePos=8 cardId=TB_World011 player=2] tag=EXHAUSTED value=1 
D 15:29:23.9638697 PowerTaskList.DebugPrintPower() -     META_DATA - Meta=SLUSH_TIME Data=3000 InfoCount=1
D 15:29:23.9638697 PowerTaskList.DebugPrintPower() -                 Info[0] = [entityName=阿肯尼特防护水晶 id=57 zone=HAND zonePos=8 cardId=TB_World011 player=2]
D 15:29:23.9638697 PowerTaskList.DebugPrintPower() -     TAG_CHANGE Entity=[entityName=掀桌子 id=58 zone=HAND zonePos=1 cardId=TOY_883 player=2] tag=TAG_LAST_KNOWN_COST_IN_HAND value=3 
D 15:29:23.9638697 PowerTaskList.DebugPrintPower() -     TAG_CHANGE Entity=[entityName=阿肯尼特防护水晶 id=57 zone=HAND zonePos=8 cardId=TB_World011 player=2] tag=3614 value=1 
D 15:29:23.9638697 PowerTaskList.DebugPrintPower() -     TAG_CHANGE Entity=[entityName=掀桌子 id=58 zone=HAND zonePos=1 cardId=TOY_883 player=2] tag=COST value=3 
D 15:29:23.9638697 PowerTaskList.DebugDump() - Block End=(null)
D 15:29:23.9638697 PowerProcessor.PrepareHistoryForCurrentTaskList() - m_currentTaskList=146
D 15:29:23.9638697 PowerProcessor.DoTaskListForCard() - unhandled BlockType PLAY for sourceEntity [entityName=阿肯尼特防护水晶 id=57 zone=HAND zonePos=8 cardId=TB_World011 player=2]
D 15:29:23.9700931 PowerProcessor.EndCurrentTaskList() - m_currentTaskList=146
D 15:29:23.9766104 PowerTaskList.DebugDump() - ID=147 ParentID=146 PreviousID=0 TaskCount=0
D 15:29:23.9766104 PowerTaskList.DebugPrintPower() - BLOCK_START BlockType=POWER Entity=[entityName=阿肯尼特防护水晶 id=57 zone=PLAY zonePos=1 cardId=TB_World011 player=2] EffectCardId=System.Collections.Generic.List`1[System.String] EffectIndex=0 Target=0 SubOption=-1 
D 15:29:23.9766104 PowerTaskList.DebugPrintPower() - BLOCK_END
D 15:29:23.9766104 PowerProcessor.PrepareHistoryForCurrentTaskList() - m_currentTaskList=147
D 15:29:24.0557314 GameState.DebugPrintOptions() - id=13
D 15:29:24.0557314 GameState.DebugPrintOptions() -   option 0 type=END_TURN mainEntity= error=INVALID errorParam=
D 15:29:24.0557314 GameState.DebugPrintOptions() -   option 1 type=POWER mainEntity=[entityName=掀桌子 id=58 zone=HAND zonePos=1 cardId=TOY_883 player=2] error=REQ_ENOUGH_MANA errorParam=
D 15:29:24.0557314 GameState.DebugPrintOptions() -   option 2 type=POWER mainEntity=[entityName=飞翼焊装 id=75 zone=HAND zonePos=2 cardId=TTN_463 player=2] error=REQ_ENOUGH_MANA errorParam=
D 15:29:24.0557314 GameState.DebugPrintOptions() -   option 3 type=POWER mainEntity=[entityName=灵魂冻结 id=60 zone=HAND zonePos=3 cardId=DEEP_032 player=2] error=REQ_ENOUGH_MANA errorParam=
D 15:29:24.0557314 GameState.DebugPrintOptions() -   option 4 type=POWER mainEntity=[entityName=基尔加丹 id=67 zone=HAND zonePos=4 cardId=GDB_145 player=2] error=REQ_ENOUGH_MANA errorParam=
D 15:29:24.0557314 GameState.DebugPrintOptions() -   option 5 type=POWER mainEntity=[entityName=吃掉小鬼！ id=49 zone=HAND zonePos=5 cardId=VAC_939 player=2] error=REQ_ENOUGH_MANA errorParam=
D 15:29:24.0557314 GameState.DebugPrintOptions() -   option 6 type=POWER mainEntity=[entityName=滑坡 id=55 zone=HAND zonePos=6 cardId=VAC_513 player=2] error=REQ_ENOUGH_MANA errorParam=
D 15:29:24.0557314 GameState.DebugPrintOptions() -   option 7 type=POWER mainEntity=[entityName=饥饿的海怪 id=70 zone=HAND zonePos=7 cardId=TTN_754 player=2] error=REQ_ENOUGH_MANA errorParam=
D 15:29:24.0557314 GameState.DebugPrintOptions() -   option 8 type=POWER mainEntity=[entityName=邪能篝火 id=47 zone=HAND zonePos=8 cardId=VAC_952 player=2] error=REQ_ENOUGH_MANA errorParam=
D 15:29:24.0557314 GameState.DebugPrintOptions() -   option 9 type=POWER mainEntity=[entityName=古尔丹 id=4 zone=PLAY zonePos=0 cardId=HERO_07 player=1] error=REQ_YOUR_TURN errorParam=
D 15:29:24.0557314 GameState.DebugPrintOptions() -   option 10 type=POWER mainEntity=[entityName=古尔丹 id=6 zone=PLAY zonePos=0 cardId=HERO_07 player=2] error=REQ_ATTACK_GREATER_THAN_0 errorParam=
D 15:29:24.0557314 GameState.DebugPrintOptions() -   option 11 type=POWER mainEntity=[entityName=生命分流 id=8 zone=PLAY zonePos=0 cardId=HERO_07bp player=1] error=REQ_YOUR_TURN errorParam=
D 15:29:24.0557314 GameState.DebugPrintOptions() -   option 12 type=POWER mainEntity=[entityName=生命分流 id=45 zone=PLAY zonePos=0 cardId=HERO_07bp player=2] error=REQ_ENOUGH_MANA errorParam=
D 15:29:24.0557314 GameState.DebugPrintOptions() -   option 13 type=POWER mainEntity=[entityName=邪弦竖琴 id=28 zone=PLAY zonePos=0 cardId=ETC_084 player=1] error=REQ_YOUR_TURN errorParam=
D 15:29:24.0557314 GameState.DebugPrintOptions() -   option 14 type=POWER mainEntity=[entityName=阿肯尼特防护水晶 id=57 zone=PLAY zonePos=1 cardId=TB_World011 player=2] error=REQ_NOT_MINION_JUST_PLAYED errorParam=
D 15:29:24.3200547 GameState.SendOption() - selectedOption=0 selectedSubOption=-1 selectedTarget=0 selectedPosition=0
D 15:29:25.1958939 PowerProcessor.EndCurrentTaskList() - m_currentTaskList=147
D 15:29:25.2005249 PowerTaskList.DebugDump() - ID=148 ParentID=0 PreviousID=146 TaskCount=3
D 15:29:25.2005249 PowerTaskList.DebugDump() - Block Start=(null)
D 15:29:25.2005249 PowerTaskList.DebugPrintPower() -     TAG_CHANGE Entity=湫然#51704 tag=COMBO_ACTIVE value=1 
D 15:29:25.2005249 PowerTaskList.DebugPrintPower() -     TAG_CHANGE Entity=GameEntity tag=1323 value=6 
D 15:29:25.2005249 PowerTaskList.DebugPrintPower() -     TAG_CHANGE Entity=湫然#51704 tag=NUM_OPTIONS_PLAYED_THIS_TURN value=1 
D 15:29:25.2005249 PowerTaskList.DebugPrintPower() - BLOCK_END
D 15:29:25.2005249 PowerProcessor.PrepareHistoryForCurrentTaskList() - m_currentTaskList=148
D 15:29:25.2005249 PowerProcessor.DoTaskListForCard() - unhandled BlockType PLAY for sourceEntity [entityName=阿肯尼特防护水晶 id=57 zone=PLAY zonePos=1 cardId=TB_World011 player=2]
D 15:29:25.2005249 PowerProcessor.EndCurrentTaskList() - m_currentTaskList=148
D 15:29:25.2005249 PowerTaskList.DebugDump() - ID=149 ParentID=0 PreviousID=0 TaskCount=1
D 15:29:25.2005249 PowerTaskList.DebugDump() - Block Start=(null)
D 15:29:25.2005249 PowerTaskList.DebugPrintPower() -     META_DATA - Meta=SLUSH_TIME Data=1000 InfoCount=1
D 15:29:25.2005249 PowerTaskList.DebugPrintPower() -                 Info[0] = [entityName=阿肯尼特防护水晶 id=57 zone=PLAY zonePos=1 cardId=TB_World011 player=2]
D 15:29:25.2005249 PowerTaskList.DebugDump() - Block End=(null)
D 15:29:25.2005249 PowerProcessor.PrepareHistoryForCurrentTaskList() - m_currentTaskList=149
D 15:29:25.2005249 PowerProcessor.EndCurrentTaskList() - m_currentTaskList=149
D 15:29:25.2701581 GameState.DebugPrintPowerList() - Count=81
D 15:29:25.2701581 GameState.DebugPrintPower() - TAG_CHANGE Entity=[entityName=阿肯尼特防护水晶 id=57 zone=PLAY zonePos=1 cardId=TB_World011 player=2] tag=1196 value=0 
D 15:29:25.2701581 GameState.DebugPrintPower() - TAG_CHANGE Entity=GameEntity tag=STEP value=MAIN_END 
D 15:29:25.2701581 GameState.DebugPrintPower() - BLOCK_START BlockType=TRIGGER Entity=祥瑞御免雪亲王#51915 EffectCardId=System.Collections.Generic.List`1[System.String] EffectIndex=-1 Target=0 SubOption=-1 TriggerKeyword=TAG_NOT_SET
D 15:29:25.2701581 GameState.DebugPrintPower() - BLOCK_END
D 15:29:25.2701581 GameState.DebugPrintPower() - BLOCK_START BlockType=TRIGGER Entity=湫然#51704 EffectCardId=System.Collections.Generic.List`1[System.String] EffectIndex=-1 Target=0 SubOption=-1 TriggerKeyword=TAG_NOT_SET
D 15:29:25.2701581 GameState.DebugPrintPower() -     TAG_CHANGE Entity=GameEntity tag=NEXT_STEP value=MAIN_CLEANUP 
D 15:29:25.2701581 GameState.DebugPrintPower() - BLOCK_END
D 15:29:25.2701581 GameState.DebugPrintPower() - BLOCK_START BlockType=TRIGGER Entity=湫然#51704 EffectCardId=System.Collections.Generic.List`1[System.String] EffectIndex=-1 Target=0 SubOption=-1 TriggerKeyword=TAG_NOT_SET
D 15:29:25.2701581 GameState.DebugPrintPower() - BLOCK_END
D 15:29:25.2701581 GameState.DebugPrintPower() - TAG_CHANGE Entity=GameEntity tag=STEP value=MAIN_CLEANUP 
D 15:29:25.2701581 GameState.DebugPrintPower() - BLOCK_START BlockType=TRIGGER Entity=祥瑞御免雪亲王#51915 EffectCardId=System.Collections.Generic.List`1[System.String] EffectIndex=-1 Target=0 SubOption=-1 TriggerKeyword=TAG_NOT_SET
D 15:29:25.2701581 GameState.DebugPrintPower() - BLOCK_END
D 15:29:25.2701581 GameState.DebugPrintPower() - BLOCK_START BlockType=TRIGGER Entity=湫然#51704 EffectCardId=System.Collections.Generic.List`1[System.String] EffectIndex=-1 Target=0 SubOption=-1 TriggerKeyword=TAG_NOT_SET
D 15:29:25.2701581 GameState.DebugPrintPower() -     TAG_CHANGE Entity=[entityName=阿肯尼特防护水晶 id=57 zone=PLAY zonePos=1 cardId=TB_World011 player=2] tag=JUST_PLAYED value=0 
D 15:29:25.2701581 GameState.DebugPrintPower() -     TAG_CHANGE Entity=湫然#51704 tag=COMBO_ACTIVE value=0 
D 15:29:25.2701581 GameState.DebugPrintPower() -     TAG_CHANGE Entity=GameEntity tag=NEXT_STEP value=MAIN_NEXT 
D 15:29:25.2701581 GameState.DebugPrintPower() - BLOCK_END
D 15:29:25.2701581 GameState.DebugPrintPower() - TAG_CHANGE Entity=GameEntity tag=STEP value=MAIN_NEXT 
D 15:29:25.2701581 GameState.DebugPrintPower() - BLOCK_START BlockType=TRIGGER Entity=GameEntity EffectCardId=System.Collections.Generic.List`1[System.String] EffectIndex=-1 Target=0 SubOption=-1 TriggerKeyword=TAG_NOT_SET
D 15:29:25.2701581 GameState.DebugPrintPower() -     TAG_CHANGE Entity=湫然#51704 tag=1292 value=0 
D 15:29:25.2701581 GameState.DebugPrintPower() -     TAG_CHANGE Entity=祥瑞御免雪亲王#51915 tag=1292 value=1 
D 15:29:25.2701581 GameState.DebugPrintPower() -     TAG_CHANGE Entity=[entityName=掀桌子 id=58 zone=HAND zonePos=1 cardId=TOY_883 player=2] tag=NUM_TURNS_IN_HAND value=8 
D 15:29:25.2701581 GameState.DebugPrintPower() -     TAG_CHANGE Entity=[entityName=飞翼焊装 id=75 zone=HAND zonePos=2 cardId=TTN_463 player=2] tag=NUM_TURNS_IN_HAND value=8 
D 15:29:25.2701581 GameState.DebugPrintPower() -     TAG_CHANGE Entity=[entityName=灵魂冻结 id=60 zone=HAND zonePos=3 cardId=DEEP_032 player=2] tag=NUM_TURNS_IN_HAND value=8 
D 15:29:25.2701581 GameState.DebugPrintPower() -     TAG_CHANGE Entity=[entityName=基尔加丹 id=67 zone=HAND zonePos=4 cardId=GDB_145 player=2] tag=NUM_TURNS_IN_HAND value=8 
D 15:29:25.2701581 GameState.DebugPrintPower() -     TAG_CHANGE Entity=[entityName=吃掉小鬼！ id=49 zone=HAND zonePos=5 cardId=VAC_939 player=2] tag=NUM_TURNS_IN_HAND value=6 
D 15:29:25.2701581 GameState.DebugPrintPower() -     TAG_CHANGE Entity=[entityName=滑坡 id=55 zone=HAND zonePos=6 cardId=VAC_513 player=2] tag=NUM_TURNS_IN_HAND value=6 
D 15:29:25.2701581 GameState.DebugPrintPower() -     TAG_CHANGE Entity=[entityName=饥饿的海怪 id=70 zone=HAND zonePos=7 cardId=TTN_754 player=2] tag=NUM_TURNS_IN_HAND value=4 
D 15:29:25.2701581 GameState.DebugPrintPower() -     TAG_CHANGE Entity=[entityName=邪能篝火 id=47 zone=HAND zonePos=8 cardId=VAC_952 player=2] tag=NUM_TURNS_IN_HAND value=2 
D 15:29:25.2701581 GameState.DebugPrintPower() -     TAG_CHANGE Entity=湫然#51704 tag=CURRENT_PLAYER value=0 
D 15:29:25.2701581 GameState.DebugPrintPower() -     TAG_CHANGE Entity=祥瑞御免雪亲王#51915 tag=CURRENT_PLAYER value=1 
D 15:29:25.2701581 GameState.DebugPrintPower() -     TAG_CHANGE Entity=GameEntity tag=TURN value=8 
D 15:29:25.2701581 GameState.DebugPrintPower() -     TAG_CHANGE Entity=GameEntity tag=1882 value=7 
D 15:29:25.2701581 GameState.DebugPrintPower() -     TAG_CHANGE Entity=祥瑞御免雪亲王#51915 tag=TURN value=4 
D 15:29:25.2701581 GameState.DebugPrintPower() -     TAG_CHANGE Entity=GameEntity tag=NEXT_STEP value=MAIN_READY 
D 15:29:25.2701581 GameState.DebugPrintPower() - BLOCK_END
D 15:29:25.2701581 GameState.DebugPrintPower() - TAG_CHANGE Entity=GameEntity tag=STEP value=MAIN_READY 
D 15:29:25.2701581 GameState.DebugPrintPower() - BLOCK_START BlockType=TRIGGER Entity=祥瑞御免雪亲王#51915 EffectCardId=System.Collections.Generic.List`1[System.String] EffectIndex=-1 Target=0 SubOption=-1 TriggerKeyword=TAG_NOT_SET
D 15:29:25.2701581 GameState.DebugPrintPower() -     TAG_CHANGE Entity=GameEntity tag=NUM_TURNS_IN_PLAY value=8 
D 15:29:25.2701581 GameState.DebugPrintPower() -     TAG_CHANGE Entity=祥瑞御免雪亲王#51915 tag=NUM_TURNS_IN_PLAY value=8 
D 15:29:25.2701581 GameState.DebugPrintPower() -     TAG_CHANGE Entity=湫然#51704 tag=NUM_TURNS_IN_PLAY value=8 
D 15:29:25.2701581 GameState.DebugPrintPower() -     TAG_CHANGE Entity=[entityName=古尔丹 id=4 zone=PLAY zonePos=0 cardId=HERO_07 player=1] tag=NUM_TURNS_IN_PLAY value=8 
D 15:29:25.2701581 GameState.DebugPrintPower() -     TAG_CHANGE Entity=[entityName=古尔丹 id=6 zone=PLAY zonePos=0 cardId=HERO_07 player=2] tag=NUM_TURNS_IN_PLAY value=8 
D 15:29:25.2701581 GameState.DebugPrintPower() -     TAG_CHANGE Entity=[entityName=生命分流 id=8 zone=PLAY zonePos=0 cardId=HERO_07bp player=1] tag=NUM_TURNS_IN_PLAY value=8 
D 15:29:25.2701581 GameState.DebugPrintPower() -     TAG_CHANGE Entity=[entityName=生命分流 id=45 zone=PLAY zonePos=0 cardId=HERO_07bp player=2] tag=NUM_TURNS_IN_PLAY value=8 
D 15:29:25.2701581 GameState.DebugPrintPower() -     TAG_CHANGE Entity=[entityName=邪弦竖琴 id=28 zone=PLAY zonePos=0 cardId=ETC_084 player=1] tag=NUM_TURNS_IN_PLAY value=2 
D 15:29:25.2701581 GameState.DebugPrintPower() -     TAG_CHANGE Entity=[entityName=阿肯尼特防护水晶 id=57 zone=PLAY zonePos=1 cardId=TB_World011 player=2] tag=NUM_TURNS_IN_PLAY value=1 
D 15:29:25.2701581 GameState.DebugPrintPower() -     TAG_CHANGE Entity=祥瑞御免雪亲王#51915 tag=RESOURCES value=4 
D 15:29:25.2701581 GameState.DebugPrintPower() -     TAG_CHANGE Entity=祥瑞御免雪亲王#51915 tag=RESOURCES_USED value=0 
D 15:29:25.2701581 GameState.DebugPrintPower() -     TAG_CHANGE Entity=祥瑞御免雪亲王#51915 tag=NUM_CARDS_PLAYED_THIS_TURN value=0 
D 15:29:25.2701581 GameState.DebugPrintPower() -     TAG_CHANGE Entity=祥瑞御免雪亲王#51915 tag=NUM_OPTIONS_PLAYED_THIS_TURN value=0 
D 15:29:25.2701581 GameState.DebugPrintPower() -     TAG_CHANGE Entity=[entityName=生命分流 id=8 zone=PLAY zonePos=0 cardId=HERO_07bp player=1] tag=EXHAUSTED value=0 
D 15:29:25.2701581 GameState.DebugPrintPower() -     TAG_CHANGE Entity=[entityName=邪弦竖琴 id=28 zone=PLAY zonePos=0 cardId=ETC_084 player=1] tag=EXHAUSTED value=0 
D 15:29:25.2701581 GameState.DebugPrintPower() -     TAG_CHANGE Entity=湫然#51704 tag=NUM_CARDS_DRAWN_THIS_TURN value=0 
D 15:29:25.2701581 GameState.DebugPrintPower() -     TAG_CHANGE Entity=GameEntity tag=NEXT_STEP value=MAIN_START_TRIGGERS 
D 15:29:25.2701581 GameState.DebugPrintPower() -     TAG_CHANGE Entity=祥瑞御免雪亲王#51915 tag=HEROPOWER_ACTIVATIONS_THIS_TURN value=0 
D 15:29:25.2701581 GameState.DebugPrintPower() -     TAG_CHANGE Entity=[entityName=生命分流 id=8 zone=PLAY zonePos=0 cardId=HERO_07bp player=1] tag=HEROPOWER_ACTIVATIONS_THIS_TURN value=0 
D 15:29:25.2701581 GameState.DebugPrintPower() -     TAG_CHANGE Entity=祥瑞御免雪亲王#51915 tag=1739 value=0 
D 15:29:25.2701581 GameState.DebugPrintPower() - BLOCK_END
D 15:29:25.2701581 GameState.DebugPrintPower() - TAG_CHANGE Entity=GameEntity tag=STEP value=MAIN_START_TRIGGERS 
D 15:29:25.2701581 GameState.DebugPrintPower() - BLOCK_START BlockType=TRIGGER Entity=祥瑞御免雪亲王#51915 EffectCardId=System.Collections.Generic.List`1[System.String] EffectIndex=-1 Target=0 SubOption=-1 TriggerKeyword=TAG_NOT_SET
D 15:29:25.2701581 GameState.DebugPrintPower() -     TAG_CHANGE Entity=GameEntity tag=NEXT_STEP value=MAIN_START 
D 15:29:25.2701581 GameState.DebugPrintPower() - BLOCK_END
D 15:29:25.2701581 GameState.DebugPrintPower() - TAG_CHANGE Entity=GameEntity tag=STEP value=MAIN_START 
D 15:29:25.2701581 GameState.DebugPrintPower() - BLOCK_START BlockType=TRIGGER Entity=祥瑞御免雪亲王#51915 EffectCardId=System.Collections.Generic.List`1[System.String] EffectIndex=-1 Target=0 SubOption=-1 TriggerKeyword=TAG_NOT_SET
D 15:29:25.2701581 GameState.DebugPrintPower() -     TAG_CHANGE Entity=祥瑞御免雪亲王#51915 tag=2166 value=26 
D 15:29:25.2701581 GameState.DebugPrintPower() -     TAG_CHANGE Entity=祥瑞御免雪亲王#51915 tag=467 value=1 
D 15:29:25.2701581 GameState.DebugPrintPower() -     TAG_CHANGE Entity=[entityName=UNKNOWN ENTITY [cardType=INVALID] id=26 zone=DECK zonePos=0 cardId= player=1] tag=ZONE value=HAND 
D 15:29:25.2701581 GameState.DebugPrintPower() -     TAG_CHANGE Entity=[entityName=UNKNOWN ENTITY [cardType=INVALID] id=26 zone=DECK zonePos=0 cardId= player=1] tag=ZONE_POSITION value=10 
D 15:29:25.2701581 GameState.DebugPrintPower() -     TAG_CHANGE Entity=[entityName=UNKNOWN ENTITY [cardType=INVALID] id=26 zone=DECK zonePos=0 cardId= player=1] tag=ZONE_POSITION value=0 
D 15:29:25.2701581 GameState.DebugPrintPower() -     TAG_CHANGE Entity=[entityName=UNKNOWN ENTITY [cardType=INVALID] id=26 zone=DECK zonePos=0 cardId= player=1] tag=ZONE_POSITION value=10 
D 15:29:25.2701581 GameState.DebugPrintPower() -     TAG_CHANGE Entity=祥瑞御免雪亲王#51915 tag=3242 value=1 
D 15:29:25.2701581 GameState.DebugPrintPower() -     TAG_CHANGE Entity=祥瑞御免雪亲王#51915 tag=NUM_CARDS_DRAWN_THIS_TURN value=1 
D 15:29:25.2701581 GameState.DebugPrintPower() -     TAG_CHANGE Entity=祥瑞御免雪亲王#51915 tag=995 value=6 
D 15:29:25.2701581 GameState.DebugPrintPower() -     TAG_CHANGE Entity=祥瑞御免雪亲王#51915 tag=467 value=0 
D 15:29:25.2701581 GameState.DebugPrintPower() -     TAG_CHANGE Entity=GameEntity tag=NEXT_STEP value=MAIN_ACTION 
D 15:29:25.2701581 GameState.DebugPrintPower() - BLOCK_END
D 15:29:25.2701581 GameState.DebugPrintPower() - TAG_CHANGE Entity=GameEntity tag=STEP value=MAIN_ACTION 
D 15:29:25.2701581 GameState.DebugPrintPower() - BLOCK_START BlockType=TRIGGER Entity=祥瑞御免雪亲王#51915 EffectCardId=System.Collections.Generic.List`1[System.String] EffectIndex=-1 Target=0 SubOption=-1 TriggerKeyword=TAG_NOT_SET
D 15:29:25.2701581 GameState.DebugPrintPower() -     TAG_CHANGE Entity=GameEntity tag=NEXT_STEP value=MAIN_END 
D 15:29:25.2701581 GameState.DebugPrintPower() - BLOCK_END
D 15:29:25.2701581 PowerTaskList.DebugDump() - ID=150 ParentID=0 PreviousID=0 TaskCount=2
D 15:29:25.2701581 PowerTaskList.DebugDump() - Block Start=(null)
D 15:29:25.2701581 PowerTaskList.DebugPrintPower() -     TAG_CHANGE Entity=[entityName=阿肯尼特防护水晶 id=57 zone=PLAY zonePos=1 cardId=TB_World011 player=2] tag=1196 value=0 
D 15:29:25.2701581 PowerTaskList.DebugPrintPower() -     TAG_CHANGE Entity=GameEntity tag=STEP value=MAIN_END 
D 15:29:25.2701581 PowerTaskList.DebugDump() - Block End=(null)
D 15:29:25.2701581 PowerProcessor.PrepareHistoryForCurrentTaskList() - m_currentTaskList=150
D 15:29:25.2701581 PowerProcessor.EndCurrentTaskList() - m_currentTaskList=150
D 15:29:25.2701581 PowerTaskList.DebugDump() - ID=151 ParentID=150 PreviousID=0 TaskCount=0
D 15:29:25.2701581 PowerTaskList.DebugPrintPower() - BLOCK_START BlockType=TRIGGER Entity=祥瑞御免雪亲王#51915 EffectCardId=System.Collections.Generic.List`1[System.String] EffectIndex=-1 Target=0 SubOption=-1 TriggerKeyword=TAG_NOT_SET
D 15:29:25.2701581 PowerTaskList.DebugPrintPower() - BLOCK_END
D 15:29:25.2701581 PowerProcessor.PrepareHistoryForCurrentTaskList() - m_currentTaskList=151
D 15:29:25.2701581 PowerProcessor.EndCurrentTaskList() - m_currentTaskList=151
D 15:29:25.2701581 PowerTaskList.DebugDump() - ID=152 ParentID=0 PreviousID=0 TaskCount=1
D 15:29:25.2701581 PowerTaskList.DebugPrintPower() - BLOCK_START BlockType=TRIGGER Entity=湫然#51704 EffectCardId=System.Collections.Generic.List`1[System.String] EffectIndex=-1 Target=0 SubOption=-1 TriggerKeyword=TAG_NOT_SET
D 15:29:25.2701581 PowerTaskList.DebugPrintPower() -     TAG_CHANGE Entity=GameEntity tag=NEXT_STEP value=MAIN_CLEANUP 
D 15:29:25.2701581 PowerTaskList.DebugPrintPower() - BLOCK_END
D 15:29:25.2701581 PowerProcessor.PrepareHistoryForCurrentTaskList() - m_currentTaskList=152
D 15:29:25.2701581 PowerProcessor.EndCurrentTaskList() - m_currentTaskList=152
D 15:29:25.2701581 PowerTaskList.DebugDump() - ID=153 ParentID=0 PreviousID=0 TaskCount=0
D 15:29:25.2701581 PowerTaskList.DebugPrintPower() - BLOCK_START BlockType=TRIGGER Entity=湫然#51704 EffectCardId=System.Collections.Generic.List`1[System.String] EffectIndex=-1 Target=0 SubOption=-1 TriggerKeyword=TAG_NOT_SET
D 15:29:25.2701581 PowerTaskList.DebugPrintPower() - BLOCK_END
D 15:29:25.2701581 PowerProcessor.PrepareHistoryForCurrentTaskList() - m_currentTaskList=153
D 15:29:25.2701581 PowerProcessor.EndCurrentTaskList() - m_currentTaskList=153
D 15:29:25.2701581 PowerTaskList.DebugDump() - ID=154 ParentID=0 PreviousID=0 TaskCount=1
D 15:29:25.2701581 PowerTaskList.DebugDump() - Block Start=(null)
D 15:29:25.2701581 PowerTaskList.DebugPrintPower() -     TAG_CHANGE Entity=GameEntity tag=STEP value=MAIN_CLEANUP 
D 15:29:25.2701581 PowerTaskList.DebugDump() - Block End=(null)
D 15:29:25.2701581 PowerProcessor.PrepareHistoryForCurrentTaskList() - m_currentTaskList=154
D 15:29:25.2701581 PowerProcessor.EndCurrentTaskList() - m_currentTaskList=154
D 15:29:25.2701581 PowerTaskList.DebugDump() - ID=155 ParentID=0 PreviousID=0 TaskCount=0
D 15:29:25.2701581 PowerTaskList.DebugPrintPower() - BLOCK_START BlockType=TRIGGER Entity=祥瑞御免雪亲王#51915 EffectCardId=System.Collections.Generic.List`1[System.String] EffectIndex=-1 Target=0 SubOption=-1 TriggerKeyword=TAG_NOT_SET
D 15:29:25.2701581 PowerTaskList.DebugPrintPower() - BLOCK_END
D 15:29:25.2701581 PowerProcessor.PrepareHistoryForCurrentTaskList() - m_currentTaskList=155
D 15:29:25.2701581 PowerProcessor.EndCurrentTaskList() - m_currentTaskList=155
D 15:29:25.2701581 PowerTaskList.DebugDump() - ID=156 ParentID=0 PreviousID=0 TaskCount=3
D 15:29:25.2701581 PowerTaskList.DebugPrintPower() - BLOCK_START BlockType=TRIGGER Entity=湫然#51704 EffectCardId=System.Collections.Generic.List`1[System.String] EffectIndex=-1 Target=0 SubOption=-1 TriggerKeyword=TAG_NOT_SET
D 15:29:25.2701581 PowerTaskList.DebugPrintPower() -     TAG_CHANGE Entity=[entityName=阿肯尼特防护水晶 id=57 zone=PLAY zonePos=1 cardId=TB_World011 player=2] tag=JUST_PLAYED value=0 
D 15:29:25.2701581 PowerTaskList.DebugPrintPower() -     TAG_CHANGE Entity=湫然#51704 tag=COMBO_ACTIVE value=0 
D 15:29:25.2701581 PowerTaskList.DebugPrintPower() -     TAG_CHANGE Entity=GameEntity tag=NEXT_STEP value=MAIN_NEXT 
D 15:29:25.2701581 PowerTaskList.DebugPrintPower() - BLOCK_END
D 15:29:25.2701581 PowerProcessor.PrepareHistoryForCurrentTaskList() - m_currentTaskList=156
D 15:29:25.2701581 PowerProcessor.EndCurrentTaskList() - m_currentTaskList=156
D 15:29:25.2701581 PowerTaskList.DebugDump() - ID=157 ParentID=0 PreviousID=0 TaskCount=1
D 15:29:25.2701581 PowerTaskList.DebugDump() - Block Start=(null)
D 15:29:25.2701581 PowerTaskList.DebugPrintPower() -     TAG_CHANGE Entity=GameEntity tag=STEP value=MAIN_NEXT 
D 15:29:25.2701581 PowerTaskList.DebugDump() - Block End=(null)
D 15:29:25.2701581 PowerProcessor.PrepareHistoryForCurrentTaskList() - m_currentTaskList=157
D 15:29:25.2701581 PowerProcessor.EndCurrentTaskList() - m_currentTaskList=157
D 15:29:25.2701581 PowerTaskList.DebugDump() - ID=158 ParentID=0 PreviousID=0 TaskCount=16
D 15:29:25.2701581 PowerTaskList.DebugPrintPower() - BLOCK_START BlockType=TRIGGER Entity=GameEntity EffectCardId=System.Collections.Generic.List`1[System.String] EffectIndex=-1 Target=0 SubOption=-1 TriggerKeyword=TAG_NOT_SET
D 15:29:25.2701581 PowerTaskList.DebugPrintPower() -     TAG_CHANGE Entity=湫然#51704 tag=1292 value=0 
D 15:29:25.2701581 PowerTaskList.DebugPrintPower() -     TAG_CHANGE Entity=祥瑞御免雪亲王#51915 tag=1292 value=1 
D 15:29:25.2701581 PowerTaskList.DebugPrintPower() -     TAG_CHANGE Entity=[entityName=掀桌子 id=58 zone=HAND zonePos=1 cardId=TOY_883 player=2] tag=NUM_TURNS_IN_HAND value=8 
D 15:29:25.2701581 PowerTaskList.DebugPrintPower() -     TAG_CHANGE Entity=[entityName=飞翼焊装 id=75 zone=HAND zonePos=2 cardId=TTN_463 player=2] tag=NUM_TURNS_IN_HAND value=8 
D 15:29:25.2701581 PowerTaskList.DebugPrintPower() -     TAG_CHANGE Entity=[entityName=灵魂冻结 id=60 zone=HAND zonePos=3 cardId=DEEP_032 player=2] tag=NUM_TURNS_IN_HAND value=8 
D 15:29:25.2701581 PowerTaskList.DebugPrintPower() -     TAG_CHANGE Entity=[entityName=基尔加丹 id=67 zone=HAND zonePos=4 cardId=GDB_145 player=2] tag=NUM_TURNS_IN_HAND value=8 
D 15:29:25.2701581 PowerTaskList.DebugPrintPower() -     TAG_CHANGE Entity=[entityName=吃掉小鬼！ id=49 zone=HAND zonePos=5 cardId=VAC_939 player=2] tag=NUM_TURNS_IN_HAND value=6 
D 15:29:25.2701581 PowerTaskList.DebugPrintPower() -     TAG_CHANGE Entity=[entityName=滑坡 id=55 zone=HAND zonePos=6 cardId=VAC_513 player=2] tag=NUM_TURNS_IN_HAND value=6 
D 15:29:25.2701581 PowerTaskList.DebugPrintPower() -     TAG_CHANGE Entity=[entityName=饥饿的海怪 id=70 zone=HAND zonePos=7 cardId=TTN_754 player=2] tag=NUM_TURNS_IN_HAND value=4 
D 15:29:25.2701581 PowerTaskList.DebugPrintPower() -     TAG_CHANGE Entity=[entityName=邪能篝火 id=47 zone=HAND zonePos=8 cardId=VAC_952 player=2] tag=NUM_TURNS_IN_HAND value=2 
D 15:29:25.2701581 PowerTaskList.DebugPrintPower() -     TAG_CHANGE Entity=湫然#51704 tag=CURRENT_PLAYER value=0 
D 15:29:25.2701581 PowerTaskList.DebugPrintPower() -     TAG_CHANGE Entity=祥瑞御免雪亲王#51915 tag=CURRENT_PLAYER value=1 
D 15:29:25.2701581 PowerTaskList.DebugPrintPower() -     TAG_CHANGE Entity=GameEntity tag=TURN value=8 
D 15:29:25.2701581 PowerTaskList.DebugPrintPower() -     TAG_CHANGE Entity=GameEntity tag=1882 value=7 
D 15:29:25.2701581 PowerTaskList.DebugPrintPower() -     TAG_CHANGE Entity=祥瑞御免雪亲王#51915 tag=TURN value=4 
D 15:29:25.2701581 PowerTaskList.DebugPrintPower() -     TAG_CHANGE Entity=GameEntity tag=NEXT_STEP value=MAIN_READY 
D 15:29:25.2701581 PowerTaskList.DebugPrintPower() - BLOCK_END
D 15:29:25.2701581 PowerProcessor.PrepareHistoryForCurrentTaskList() - m_currentTaskList=158
D 15:29:25.2701581 PowerProcessor.EndCurrentTaskList() - m_currentTaskList=158
D 15:29:25.2701581 PowerTaskList.DebugDump() - ID=159 ParentID=0 PreviousID=0 TaskCount=1
D 15:29:25.2701581 PowerTaskList.DebugDump() - Block Start=(null)
D 15:29:25.2701581 PowerTaskList.DebugPrintPower() -     TAG_CHANGE Entity=GameEntity tag=STEP value=MAIN_READY 
D 15:29:25.2701581 PowerTaskList.DebugDump() - Block End=(null)
D 15:29:25.2701581 PowerProcessor.PrepareHistoryForCurrentTaskList() - m_currentTaskList=159
D 15:29:25.2701581 PowerProcessor.EndCurrentTaskList() - m_currentTaskList=159
D 15:29:25.2701581 PowerTaskList.DebugDump() - ID=160 ParentID=0 PreviousID=0 TaskCount=20
D 15:29:25.2701581 PowerTaskList.DebugPrintPower() - BLOCK_START BlockType=TRIGGER Entity=祥瑞御免雪亲王#51915 EffectCardId=System.Collections.Generic.List`1[System.String] EffectIndex=-1 Target=0 SubOption=-1 TriggerKeyword=TAG_NOT_SET
D 15:29:25.2701581 PowerTaskList.DebugPrintPower() -     TAG_CHANGE Entity=GameEntity tag=NUM_TURNS_IN_PLAY value=8 
D 15:29:25.2701581 PowerTaskList.DebugPrintPower() -     TAG_CHANGE Entity=祥瑞御免雪亲王#51915 tag=NUM_TURNS_IN_PLAY value=8 
D 15:29:25.2701581 PowerTaskList.DebugPrintPower() -     TAG_CHANGE Entity=湫然#51704 tag=NUM_TURNS_IN_PLAY value=8 
D 15:29:25.2701581 PowerTaskList.DebugPrintPower() -     TAG_CHANGE Entity=[entityName=古尔丹 id=4 zone=PLAY zonePos=0 cardId=HERO_07 player=1] tag=NUM_TURNS_IN_PLAY value=8 
D 15:29:25.2701581 PowerTaskList.DebugPrintPower() -     TAG_CHANGE Entity=[entityName=古尔丹 id=6 zone=PLAY zonePos=0 cardId=HERO_07 player=2] tag=NUM_TURNS_IN_PLAY value=8 
D 15:29:25.2701581 PowerTaskList.DebugPrintPower() -     TAG_CHANGE Entity=[entityName=生命分流 id=8 zone=PLAY zonePos=0 cardId=HERO_07bp player=1] tag=NUM_TURNS_IN_PLAY value=8 
D 15:29:25.2701581 PowerTaskList.DebugPrintPower() -     TAG_CHANGE Entity=[entityName=生命分流 id=45 zone=PLAY zonePos=0 cardId=HERO_07bp player=2] tag=NUM_TURNS_IN_PLAY value=8 
D 15:29:25.2701581 PowerTaskList.DebugPrintPower() -     TAG_CHANGE Entity=[entityName=邪弦竖琴 id=28 zone=PLAY zonePos=0 cardId=ETC_084 player=1] tag=NUM_TURNS_IN_PLAY value=2 
D 15:29:25.2701581 PowerTaskList.DebugPrintPower() -     TAG_CHANGE Entity=[entityName=阿肯尼特防护水晶 id=57 zone=PLAY zonePos=1 cardId=TB_World011 player=2] tag=NUM_TURNS_IN_PLAY value=1 
D 15:29:25.2701581 PowerTaskList.DebugPrintPower() -     TAG_CHANGE Entity=祥瑞御免雪亲王#51915 tag=RESOURCES value=4 
D 15:29:25.2701581 PowerTaskList.DebugPrintPower() -     TAG_CHANGE Entity=祥瑞御免雪亲王#51915 tag=RESOURCES_USED value=0 
D 15:29:25.2701581 PowerTaskList.DebugPrintPower() -     TAG_CHANGE Entity=祥瑞御免雪亲王#51915 tag=NUM_CARDS_PLAYED_THIS_TURN value=0 
D 15:29:25.2701581 PowerTaskList.DebugPrintPower() -     TAG_CHANGE Entity=祥瑞御免雪亲王#51915 tag=NUM_OPTIONS_PLAYED_THIS_TURN value=0 
D 15:29:25.2701581 PowerTaskList.DebugPrintPower() -     TAG_CHANGE Entity=[entityName=生命分流 id=8 zone=PLAY zonePos=0 cardId=HERO_07bp player=1] tag=EXHAUSTED value=0 
D 15:29:25.2701581 PowerTaskList.DebugPrintPower() -     TAG_CHANGE Entity=[entityName=邪弦竖琴 id=28 zone=PLAY zonePos=0 cardId=ETC_084 player=1] tag=EXHAUSTED value=0 
D 15:29:25.2701581 PowerTaskList.DebugPrintPower() -     TAG_CHANGE Entity=湫然#51704 tag=NUM_CARDS_DRAWN_THIS_TURN value=0 
D 15:29:25.2701581 PowerTaskList.DebugPrintPower() -     TAG_CHANGE Entity=GameEntity tag=NEXT_STEP value=MAIN_START_TRIGGERS 
D 15:29:25.2701581 PowerTaskList.DebugPrintPower() -     TAG_CHANGE Entity=祥瑞御免雪亲王#51915 tag=HEROPOWER_ACTIVATIONS_THIS_TURN value=0 
D 15:29:25.2701581 PowerTaskList.DebugPrintPower() -     TAG_CHANGE Entity=[entityName=生命分流 id=8 zone=PLAY zonePos=0 cardId=HERO_07bp player=1] tag=HEROPOWER_ACTIVATIONS_THIS_TURN value=0 
D 15:29:25.2701581 PowerTaskList.DebugPrintPower() -     TAG_CHANGE Entity=祥瑞御免雪亲王#51915 tag=1739 value=0 
D 15:29:25.2701581 PowerTaskList.DebugPrintPower() - BLOCK_END
D 15:29:25.2701581 PowerProcessor.PrepareHistoryForCurrentTaskList() - m_currentTaskList=160
D 15:29:25.2701581 PowerProcessor.EndCurrentTaskList() - m_currentTaskList=160
D 15:29:25.2701581 PowerTaskList.DebugDump() - ID=161 ParentID=0 PreviousID=0 TaskCount=1
D 15:29:25.2701581 PowerTaskList.DebugDump() - Block Start=(null)
D 15:29:25.2701581 PowerTaskList.DebugPrintPower() -     TAG_CHANGE Entity=GameEntity tag=STEP value=MAIN_START_TRIGGERS 
D 15:29:25.2701581 PowerTaskList.DebugDump() - Block End=(null)
D 15:29:25.2701581 PowerProcessor.PrepareHistoryForCurrentTaskList() - m_currentTaskList=161
D 15:29:25.2701581 PowerProcessor.EndCurrentTaskList() - m_currentTaskList=161
D 15:29:25.2701581 PowerTaskList.DebugDump() - ID=162 ParentID=0 PreviousID=0 TaskCount=1
D 15:29:25.2701581 PowerTaskList.DebugPrintPower() - BLOCK_START BlockType=TRIGGER Entity=祥瑞御免雪亲王#51915 EffectCardId=System.Collections.Generic.List`1[System.String] EffectIndex=-1 Target=0 SubOption=-1 TriggerKeyword=TAG_NOT_SET
D 15:29:25.2701581 PowerTaskList.DebugPrintPower() -     TAG_CHANGE Entity=GameEntity tag=NEXT_STEP value=MAIN_START 
D 15:29:25.2701581 PowerTaskList.DebugPrintPower() - BLOCK_END
D 15:29:25.2701581 PowerProcessor.PrepareHistoryForCurrentTaskList() - m_currentTaskList=162
D 15:29:25.2701581 PowerProcessor.EndCurrentTaskList() - m_currentTaskList=162
D 15:29:25.2701581 PowerTaskList.DebugDump() - ID=163 ParentID=0 PreviousID=0 TaskCount=1
D 15:29:25.2701581 PowerTaskList.DebugDump() - Block Start=(null)
D 15:29:25.2701581 PowerTaskList.DebugPrintPower() -     TAG_CHANGE Entity=GameEntity tag=STEP value=MAIN_START 
D 15:29:25.2701581 PowerTaskList.DebugDump() - Block End=(null)
D 15:29:25.2701581 PowerProcessor.PrepareHistoryForCurrentTaskList() - m_currentTaskList=163
D 15:29:25.2701581 PowerProcessor.EndCurrentTaskList() - m_currentTaskList=163
